MAX FORCE = 195.0,3.945
MIN FORCE = -0.2,0.025
AVERAGE FORCE = 47.72,
UNIT = gf,mm
DATA COUNT = 47751,
RECORDING RATE = 0.0005,
FILE DATE = 5/8/2026 11:43:16 PM,
COMMENT = ,
MARK POINT ON = ---,---
MARK POINT OFF = ---,---
THRESHOLD = ---,
1ST PEAK FORCE = ---,---
2ND PEAK FORCE = ---,---
0.0,0.000
0.0,0.000
-0.1,0.000
-0.1,0.000
-0.1,0.000
-0.1,0.000
0.0,0.000
0.0,0.000
0.1,0.000
0.1,0.000
0.1,0.000
0.1,0.000
0.1,0.000
0.0,0.000
0.0,0.000
0.0,0.000
0.0,0.000
0.0,0.000
0.0,0.000
-0.1,0.000
-0.1,0.000
-0.1,0.000
-0.1,0.000
-0.1,0.000
-0.1,0.000
-0.1,0.000
0.0,0.000
0.0,0.000
0.0,0.000
0.0,0.000
0.0,0.000
0.0,0.000
0.0,0.000
0.0,0.000
0.1,0.000
0.1,0.000
0.1,0.000
0.1,0.000
-0.1,0.000
-0.1,0.000
-0.1,0.000
-0.1,0.000
-0.1,0.000
-0.1,0.000
-0.1,0.000
-0.1,0.000
0.0,0.000
0.0,0.000
0.0,0.000
0.0,0.000
0.0,0.000
0.0,0.000
0.0,0.000
0.0,0.000
0.0,0.000
0.0,0.000
0.0,0.000
0.0,0.000
0.0,0.000
0.0,0.000
0.0,0.000
0.0,0.000
0.0,0.000
0.0,0.000
0.0,0.000
0.0,0.000
0.0,0.000
0.0,0.000
0.0,0.000
0.0,0.000
0.0,0.000
0.0,0.000
0.0,0.000
0.0,0.000
0.0,0.000
0.0,0.000
-0.1,0.000
-0.1,0.000
-0.1,0.000
-0.1,0.000
-0.1,0.000
-0.1,0.000
-0.1,0.000
0.0,0.000
0.0,0.000
0.0,0.000
0.1,0.000
0.0,0.000
0.0,0.000
0.0,0.000
0.0,0.000
0.0,0.000
0.0,0.000
-0.1,0.000
-0.1,0.000
-0.1,0.000
-0.1,0.000
-0.1,0.000
-0.1,0.000
0.0,0.000
-0.1,0.000
0.0,0.000
0.0,0.000
0.0,0.000
0.0,0.000
0.0,0.000
0.0,0.000
0.0,0.000
0.0,0.000
0.0,0.000
0.0,0.000
0.0,0.000
0.0,0.000
0.0,0.000
0.0,0.000
0.0,0.000
0.0,0.000
0.0,0.000
0.0,0.000
0.0,0.000
0.0,0.000
0.0,0.000
0.0,0.000
0.0,0.000
0.0,0.000
0.0,0.000
0.0,0.000
0.1,0.000
0.1,0.000
0.1,0.000
0.1,0.000
0.1,0.000
0.1,0.000
0.0,0.000
0.0,0.000
0.0,0.000
0.0,0.000
0.0,0.000
0.0,0.000
0.0,0.000
-0.1,0.000
-0.1,0.000
-0.1,0.000
0.0,0.000
0.0,0.000
0.0,0.000
0.0,0.000
0.0,0.000
0.0,0.000
0.0,0.000
0.0,0.000
0.0,0.000
0.0,0.000
-0.1,0.000
0.0,0.000
-0.1,0.000
0.0,0.000
0.0,0.000
-0.1,0.000
-0.1,0.000
-0.1,0.000
-0.1,0.000
0.0,0.000
0.0,0.000
0.0,0.000
0.0,0.000
0.0,0.000
0.0,0.000
0.0,0.000
0.0,0.000
0.0,0.000
0.0,0.000
0.0,0.000
0.0,0.000
0.0,0.000
0.0,0.000
0.0,0.000
0.0,0.000
0.0,0.000
0.0,0.000
0.0,0.000
0.0,0.000
0.0,0.000
0.0,0.000
0.0,0.000
0.0,0.000
0.0,0.000
0.0,0.000
0.0,0.000
0.1,0.000
0.1,0.000
0.1,0.000
0.1,0.000
0.1,0.000
0.1,0.000
0.1,0.000
0.0,0.000
0.0,0.000
0.0,0.000
0.0,0.000
0.0,0.000
0.0,0.000
0.0,0.000
0.0,0.000
0.0,0.000
0.0,0.000
0.0,0.000
0.0,0.000
0.0,0.000
0.0,0.000
0.0,0.000
0.0,0.000
0.0,0.000
0.0,0.000
0.0,0.000
0.0,0.000
0.0,0.000
0.0,0.000
0.0,0.000
0.0,0.000
0.0,0.000
0.0,0.000
0.0,0.000
0.0,0.000
0.0,0.000
0.0,0.000
0.0,0.000
0.0,0.000
0.0,0.000
0.0,0.000
0.0,0.000
0.0,0.000
0.0,0.000
0.0,0.000
0.0,0.000
0.0,0.000
0.0,0.000
0.0,0.000
0.0,0.000
0.0,0.000
0.0,0.000
0.0,0.000
0.0,0.000
0.0,0.000
0.0,0.000
0.0,0.000
0.0,0.000
0.0,0.000
0.0,0.000
0.0,0.000
0.0,0.000
0.0,0.000
0.0,0.000
0.0,0.000
0.0,0.000
0.0,0.000
0.0,0.000
0.0,0.000
0.0,0.000
0.0,0.000
0.0,0.000
0.0,0.000
0.0,0.000
0.0,0.000
0.0,0.000
0.0,0.000
0.0,0.000
0.0,0.000
0.0,0.000
0.0,0.000
0.0,0.000
0.0,0.000
0.0,0.000
0.0,0.000
0.0,0.000
0.0,0.000
0.0,0.000
0.0,0.000
0.0,0.000
0.0,0.000
0.0,0.000
0.0,0.000
0.0,0.000
0.0,0.000
0.0,0.000
0.0,0.000
0.0,0.000
0.0,0.000
0.0,0.000
0.0,0.000
0.0,0.000
0.0,0.000
0.0,0.000
0.0,0.000
0.0,0.000
0.0,0.000
0.0,0.000
0.0,0.000
0.0,0.000
0.0,0.000
0.0,0.000
0.0,0.000
0.0,0.000
0.0,0.000
0.0,0.000
0.0,0.000
0.0,0.000
0.0,0.000
0.0,0.000
0.0,0.000
0.0,0.000
0.0,0.000
0.0,0.000
0.0,0.000
0.0,0.000
0.0,0.000
0.0,0.000
0.0,0.000
0.0,0.000
0.0,0.000
0.0,0.000
0.0,0.000
0.0,0.000
0.0,0.000
0.0,0.000
0.0,0.000
0.0,0.000
0.0,0.000
0.0,0.000
0.0,0.000
0.0,0.000
0.0,0.000
0.0,0.000
0.0,0.000
0.0,0.000
0.0,0.000
0.0,0.000
0.0,0.000
0.0,0.000
0.0,0.000
0.0,0.000
0.0,0.000
0.0,0.000
0.0,0.000
0.0,0.000
0.0,0.000
0.0,0.000
0.0,0.000
0.0,0.000
0.0,0.000
0.0,0.000
0.0,0.000
0.0,0.000
0.0,0.000
0.0,0.000
0.0,0.000
0.0,0.000
0.0,0.000
0.0,0.000
0.0,0.000
0.0,0.000
0.0,0.000
0.0,0.000
0.0,0.000
0.0,0.000
0.0,0.000
0.0,0.000
0.0,0.000
0.0,0.000
0.0,0.000
0.0,0.000
0.0,0.000
0.0,0.000
0.0,0.000
0.0,0.000
0.0,0.000
0.0,0.000
0.0,0.000
0.0,0.000
0.0,0.000
0.0,0.000
0.0,0.000
0.0,0.000
0.0,0.000
0.0,0.000
0.0,0.000
0.0,0.000
0.0,0.000
0.0,0.000
0.0,0.000
0.0,0.000
0.0,0.000
0.0,0.000
0.0,0.000
0.0,0.000
0.0,0.000
0.0,0.000
0.0,0.000
0.0,0.000
0.0,0.000
0.0,0.000
0.0,0.000
0.0,0.000
0.0,0.000
0.0,0.000
0.0,0.000
0.0,0.000
0.0,0.000
0.0,0.000
0.0,0.000
0.0,0.000
0.0,0.000
0.0,0.000
0.0,0.000
0.0,0.000
0.0,0.000
0.0,0.000
0.0,0.000
0.0,0.000
0.0,0.000
0.0,0.000
0.0,0.000
0.0,0.000
0.0,0.000
0.0,0.000
0.0,0.000
0.0,0.000
0.0,0.000
0.0,0.000
0.0,0.000
0.0,0.000
0.0,0.000
0.0,0.000
0.0,0.000
0.0,0.000
0.0,0.000
0.0,0.000
0.0,0.000
0.0,0.000
0.0,0.000
0.0,0.000
0.0,0.000
0.0,0.000
0.0,0.000
0.0,0.000
0.0,0.000
0.0,0.000
0.0,0.000
0.0,0.000
0.0,0.000
0.0,0.000
0.0,0.000
0.0,0.000
0.0,0.000
0.0,0.000
0.0,0.000
0.0,0.000
0.0,0.000
0.0,0.000
0.0,0.000
0.0,0.000
0.0,0.000
0.0,0.000
0.0,0.000
0.0,0.000
0.0,0.000
0.0,0.000
0.0,0.000
0.0,0.000
0.0,0.000
0.0,0.000
0.0,0.000
0.0,0.000
0.0,0.000
0.0,0.000
0.0,0.000
0.0,0.000
0.0,0.000
0.0,0.000
0.0,0.000
0.0,0.000
0.0,0.000
0.0,0.000
0.0,0.000
0.0,0.000
0.0,0.000
0.0,0.000
0.0,0.000
0.0,0.000
0.0,0.000
0.0,0.000
0.0,0.000
0.0,0.000
0.0,0.000
0.0,0.000
0.0,0.000
0.0,0.000
0.0,0.000
0.0,0.000
0.0,0.000
0.0,0.000
0.0,0.000
0.0,0.000
0.0,0.000
0.0,0.000
0.0,0.000
0.0,0.000
0.0,0.000
0.0,0.000
0.0,0.000
0.0,0.000
0.0,0.000
0.0,0.000
0.0,0.000
0.0,0.000
0.0,0.000
0.0,0.000
0.0,0.000
0.0,0.000
0.0,0.000
0.0,0.000
0.0,0.000
0.0,0.000
0.0,0.000
0.0,0.000
0.0,0.000
0.0,0.000
0.0,0.000
0.0,0.000
0.0,0.000
0.0,0.000
0.0,0.000
0.0,0.000
0.0,0.000
0.0,0.000
0.0,0.000
0.0,0.000
0.0,0.000
0.0,0.000
0.0,0.000
0.0,0.000
0.0,0.000
0.0,0.000
0.0,0.000
0.0,0.000
0.0,0.000
0.0,0.000
0.0,0.000
0.0,0.000
0.0,0.000
0.0,0.000
0.0,0.000
0.0,0.000
0.0,0.000
0.0,0.000
0.0,0.000
0.0,0.000
0.0,0.000
-0.1,0.000
-0.1,0.000
-0.1,0.000
-0.1,0.000
-0.1,0.000
-0.1,0.000
-0.1,0.000
-0.1,0.000
-0.1,0.000
0.0,0.000
0.1,0.000
0.1,0.000
0.1,0.000
0.1,0.000
0.1,0.000
0.1,0.000
0.1,0.000
0.1,0.000
0.1,0.000
0.0,0.000
0.0,0.000
0.0,0.000
0.0,0.000
-0.1,0.000
-0.1,0.000
-0.1,0.000
-0.1,0.000
-0.1,0.000
-0.1,0.000
0.0,0.000
0.0,0.000
0.0,0.000
0.0,0.000
0.1,0.000
0.1,0.000
0.1,0.000
0.1,0.000
0.1,0.000
0.1,0.000
0.1,0.000
0.0,0.000
-0.1,0.000
-0.1,0.000
-0.1,0.000
-0.1,0.000
-0.1,0.000
-0.1,0.000
-0.1,0.000
-0.1,0.000
-0.1,0.000
-0.1,0.000
0.0,0.000
0.0,0.000
0.1,0.000
0.1,0.000
0.2,0.000
0.2,0.000
0.1,0.000
0.1,0.000
0.1,0.000
0.0,0.000
0.0,0.000
0.0,0.000
-0.1,0.000
-0.1,0.000
-0.1,0.000
-0.1,0.000
-0.1,0.000
0.0,0.000
0.0,0.000
0.0,0.000
0.0,0.000
0.1,0.000
0.1,0.000
0.1,0.000
0.1,0.000
0.1,0.000
0.1,0.000
0.1,0.000
0.1,0.000
0.0,0.000
0.0,0.000
-0.1,0.000
-0.1,0.000
-0.1,0.000
-0.1,0.000
-0.1,0.000
-0.1,0.000
-0.1,0.000
0.0,0.000
0.0,0.000
0.1,0.000
0.1,0.000
0.1,0.000
0.1,0.000
0.1,0.000
0.1,0.000
0.1,0.000
0.1,0.000
0.1,0.000
0.0,0.000
0.0,0.000
-0.1,0.000
0.0,0.000
0.0,0.000
0.0,0.000
0.0,0.000
0.0,0.000
0.0,0.000
0.0,0.000
0.1,0.000
0.0,0.000
0.0,0.000
0.0,0.000
0.1,0.000
0.1,0.000
0.1,0.000
0.1,0.000
0.1,0.000
0.1,0.000
0.1,0.000
0.1,0.000
0.1,0.000
0.1,0.000
0.1,0.000
0.0,0.000
0.0,0.000
0.0,0.000
0.0,0.000
0.0,0.000
0.0,0.000
0.0,0.000
0.0,0.000
0.0,0.000
0.0,0.000
0.0,0.000
0.0,0.000
0.0,0.000
0.0,0.000
0.0,0.000
0.0,0.000
0.0,0.000
0.0,0.000
0.0,0.000
0.0,0.000
0.0,0.000
0.0,0.000
0.0,0.000
0.0,0.000
0.0,0.000
0.0,0.000
0.0,0.000
0.0,0.000
0.0,0.000
0.0,0.000
0.0,0.000
0.0,0.000
0.0,0.000
0.0,0.000
0.0,0.000
0.0,0.000
0.0,0.000
0.0,0.000
0.0,0.000
0.0,0.000
0.0,0.000
0.0,0.000
0.0,0.000
0.0,0.000
0.0,0.000
0.0,0.000
0.0,0.000
0.0,0.000
0.0,0.000
0.0,0.000
0.0,0.000
0.0,0.000
0.0,0.000
0.0,0.000
0.0,0.000
-0.1,0.000
-0.1,0.000
-0.1,0.000
-0.1,0.000
-0.1,0.000
-0.1,0.000
-0.1,0.000
-0.1,0.000
-0.1,0.000
0.1,0.000
0.0,0.000
0.0,0.000
0.0,0.000
0.0,0.000
0.1,0.000
0.1,0.000
0.1,0.000
0.1,0.000
0.1,0.000
0.1,0.000
0.1,0.000
0.0,0.000
-0.1,0.000
0.0,0.000
0.0,0.000
0.0,0.000
0.0,0.000
0.0,0.000
0.0,0.000
0.0,0.000
0.1,0.000
0.1,0.000
0.1,0.000
0.1,0.000
0.1,0.000
0.1,0.000
0.1,0.000
0.1,0.000
0.1,0.000
0.1,0.000
0.0,0.000
0.0,0.000
-0.1,0.000
-0.1,0.000
-0.1,0.000
-0.1,0.000
-0.1,0.000
-0.1,0.000
-0.1,0.000
0.0,0.000
0.0,0.000
0.0,0.000
0.0,0.000
0.0,0.000
0.0,0.000
0.0,0.000
0.0,0.000
0.0,0.000
0.0,0.000
0.0,0.000
0.0,0.000
0.0,0.000
0.0,0.000
-0.1,0.000
-0.1,0.000
-0.1,0.000
-0.1,0.000
0.0,0.000
0.0,0.000
0.0,0.000
0.0,0.000
0.0,0.000
0.0,0.000
0.0,0.000
0.0,0.000
0.0,0.000
0.0,0.000
0.0,0.000
0.0,0.000
0.0,0.000
0.0,0.000
0.0,0.000
0.0,0.000
0.0,0.000
0.0,0.000
0.0,0.000
0.0,0.000
0.0,0.000
0.0,0.000
0.0,0.000
0.0,0.000
0.0,0.000
0.0,0.000
0.0,0.000
0.0,0.000
0.0,0.000
0.0,0.000
0.0,0.000
0.0,0.000
0.0,0.000
0.0,0.000
0.0,0.000
0.0,0.000
0.0,0.000
0.0,0.000
0.0,0.000
0.0,0.000
0.0,0.000
0.0,0.000
0.0,0.000
0.0,0.000
0.0,0.000
0.0,0.000
0.0,0.000
0.0,0.000
0.0,0.000
0.0,0.000
0.0,0.000
0.0,0.000
0.0,0.000
0.0,0.000
0.0,0.000
0.0,0.000
0.0,0.000
0.0,0.000
0.0,0.000
0.0,0.000
0.0,0.000
0.0,0.000
0.0,0.000
0.0,0.000
0.0,0.000
0.0,0.000
0.0,0.000
0.0,0.000
0.0,0.000
0.0,0.000
0.0,0.000
0.0,0.000
0.0,0.000
0.0,0.000
0.0,0.000
0.0,0.000
0.0,0.000
0.0,0.000
0.0,0.000
0.0,0.000
0.0,0.000
0.0,0.000
0.0,0.000
0.0,0.000
0.0,0.000
0.0,0.000
0.0,0.000
0.0,0.000
0.0,0.000
0.0,0.000
0.0,0.000
0.0,0.000
0.0,0.000
0.0,0.000
0.0,0.000
0.0,0.000
0.0,0.000
0.0,0.000
0.0,0.000
0.0,0.000
0.0,0.000
0.0,0.000
0.0,0.000
0.0,0.000
0.0,0.000
0.0,0.000
-0.1,0.000
0.0,0.000
-0.1,0.000
0.0,0.000
0.0,0.000
0.0,0.000
0.0,0.000
0.0,0.000
0.0,0.000
0.0,0.000
0.1,0.000
0.1,0.000
0.1,0.000
0.1,0.000
0.1,0.000
0.1,0.000
0.1,0.000
0.1,0.000
0.0,0.000
0.0,0.000
0.0,0.000
-0.1,0.000
-0.1,0.000
-0.1,0.000
-0.1,0.000
-0.1,0.000
-0.1,0.000
-0.1,0.000
-0.1,0.000
-0.1,0.000
-0.1,0.000
-0.1,0.000
-0.1,0.000
0.0,0.000
0.0,0.000
0.0,0.000
0.0,0.000
0.0,0.000
0.0,0.000
0.0,0.000
0.0,0.000
0.0,0.000
0.0,0.000
0.0,0.000
0.0,0.000
0.0,0.000
0.0,0.000
0.0,0.000
0.0,0.000
0.0,0.000
0.0,0.000
0.0,0.000
0.0,0.000
0.0,0.000
0.0,0.000
0.0,0.000
0.0,0.000
0.0,0.000
0.0,0.000
0.0,0.000
0.0,0.000
0.0,0.000
0.0,0.000
0.0,0.000
0.0,0.000
-0.1,0.000
-0.1,0.000
-0.1,0.000
-0.1,0.000
-0.1,0.000
-0.1,0.000
-0.1,0.000
0.0,0.000
0.0,0.000
0.0,0.000
0.0,0.000
0.0,0.000
0.0,0.000
0.0,0.000
0.0,0.000
0.0,0.000
0.0,0.000
0.0,0.000
0.0,0.000
0.0,0.000
0.0,0.000
0.0,0.000
0.0,0.000
0.0,0.000
0.0,0.000
0.0,0.000
0.0,0.000
0.0,0.000
0.0,0.000
0.0,0.000
0.0,0.000
0.0,0.000
0.0,0.000
0.0,0.000
0.0,0.000
0.0,0.000
0.0,0.000
0.0,0.000
0.0,0.000
0.0,0.000
0.0,0.000
0.0,0.000
0.0,0.000
0.0,0.000
0.0,0.000
0.0,0.000
0.0,0.000
0.0,0.000
0.0,0.000
0.0,0.000
0.0,0.000
0.0,0.000
0.0,0.000
0.0,0.000
0.0,0.000
0.0,0.000
0.0,0.000
0.0,0.000
0.0,0.000
0.0,0.000
0.0,0.000
0.0,0.000
0.0,0.000
0.0,0.000
0.0,0.000
0.0,0.000
0.0,0.000
0.0,0.000
0.0,0.000
0.0,0.000
0.0,0.000
0.0,0.000
0.0,0.000
0.0,0.000
0.0,0.000
0.0,0.000
0.0,0.000
0.0,0.000
0.0,0.000
0.0,0.000
0.0,0.000
0.0,0.000
0.0,0.000
0.0,0.000
0.0,0.000
0.0,0.000
0.0,0.000
0.0,0.000
0.0,0.000
0.0,0.000
0.1,0.000
0.1,0.000
0.1,0.000
0.1,0.000
0.1,0.000
0.1,0.000
0.1,0.000
0.0,0.000
0.0,0.000
0.0,0.000
0.0,0.000
0.0,0.000
0.0,0.000
0.0,0.000
0.0,0.000
0.0,0.000
0.0,0.000
0.0,0.000
0.0,0.000
0.0,0.000
0.0,0.000
0.0,0.000
0.0,0.000
0.0,0.000
0.0,0.000
0.0,0.000
0.0,0.000
0.0,0.000
0.0,0.000
0.0,0.000
0.0,0.000
0.0,0.000
0.0,0.000
0.0,0.000
0.0,0.000
0.0,0.000
0.0,0.000
0.0,0.000
0.0,0.000
0.0,0.000
0.0,0.000
0.0,0.000
0.0,0.000
0.0,0.000
0.0,0.000
0.0,0.000
0.0,0.000
0.0,0.000
0.0,0.000
0.0,0.000
0.0,0.000
-0.1,0.000
-0.1,0.000
-0.1,0.000
-0.1,0.000
-0.1,0.000
-0.1,0.000
-0.1,0.000
0.0,0.000
0.0,0.000
0.0,0.000
0.0,0.000
0.0,0.000
0.0,0.000
0.0,0.000
0.0,0.000
0.0,0.000
0.0,0.000
0.0,0.000
0.0,0.000
0.0,0.000
0.0,0.000
0.0,0.000
0.0,0.000
0.0,0.000
0.0,0.000
0.0,0.000
0.0,0.000
0.0,0.000
0.0,0.000
0.0,0.000
0.0,0.000
0.0,0.000
0.0,0.000
0.0,0.000
0.0,0.000
0.0,0.000
0.0,0.000
0.0,0.000
0.0,0.000
0.0,0.000
0.0,0.000
0.0,0.000
0.0,0.000
0.0,0.000
0.0,0.000
0.0,0.000
0.0,0.000
0.0,0.000
0.0,0.000
0.0,0.000
0.0,0.000
0.0,0.000
0.0,0.000
0.0,0.000
0.0,0.000
0.0,0.000
0.0,0.000
0.0,0.000
0.0,0.000
0.0,0.000
0.0,0.000
0.0,0.000
0.0,0.000
0.0,0.000
0.0,0.000
0.0,0.000
0.0,0.000
0.0,0.000
0.0,0.000
0.0,0.000
0.0,0.000
0.0,0.000
0.0,0.000
0.0,0.000
0.0,0.000
0.0,0.000
0.0,0.000
0.0,0.000
0.0,0.000
0.0,0.000
0.0,0.000
0.0,0.000
0.0,0.000
-0.1,0.000
-0.1,0.000
-0.1,0.000
-0.1,0.000
-0.1,0.000
-0.1,0.000
-0.1,0.000
-0.1,0.000
0.0,0.000
0.0,0.000
0.0,0.000
0.0,0.000
0.0,0.000
0.0,0.000
0.0,0.000
0.0,0.000
0.0,0.000
0.0,0.000
0.0,0.000
0.0,0.000
0.0,0.000
0.0,0.000
0.0,0.000
0.0,0.000
0.0,0.000
0.0,0.000
0.0,0.000
0.0,0.000
0.0,0.000
0.0,0.000
0.0,0.000
0.0,0.000
0.0,0.000
0.0,0.000
0.0,0.000
0.0,0.000
0.0,0.000
0.0,0.000
0.0,0.000
0.0,0.000
0.0,0.000
0.0,0.000
0.0,0.000
0.0,0.000
0.0,0.000
0.0,0.000
0.0,0.000
0.0,0.000
0.0,0.000
0.0,0.000
0.0,0.000
0.0,0.000
0.0,0.000
0.0,0.000
0.0,0.000
0.0,0.000
0.0,0.000
0.0,0.000
0.0,0.000
0.0,0.000
0.0,0.000
0.0,0.000
0.0,0.000
0.0,0.000
0.0,0.000
0.0,0.000
0.0,0.000
0.0,0.000
0.0,0.000
0.0,0.000
0.0,0.000
0.0,0.000
0.0,0.000
0.0,0.000
0.0,0.000
0.0,0.000
0.0,0.000
0.0,0.000
0.0,0.000
0.0,0.000
0.0,0.000
0.0,0.000
0.0,0.000
0.0,0.000
-0.1,0.000
-0.1,0.000
-0.1,0.000
-0.1,0.000
-0.1,0.000
-0.1,0.000
-0.1,0.000
-0.1,0.000
0.0,0.000
0.0,0.000
0.0,0.000
0.0,0.000
0.0,0.000
0.0,0.000
0.0,0.000
0.0,0.000
0.0,0.000
0.0,0.000
0.0,0.000
0.0,0.000
0.0,0.000
0.0,0.000
0.0,0.000
0.0,0.000
0.0,0.000
0.0,0.000
0.0,0.000
0.0,0.000
0.0,0.000
0.0,0.000
0.0,0.000
0.0,0.000
0.0,0.000
0.0,0.000
0.0,0.000
0.0,0.000
0.0,0.000
0.0,0.000
0.0,0.000
0.0,0.000
0.0,0.000
0.0,0.000
0.0,0.000
0.0,0.000
0.0,0.000
0.0,0.000
0.0,0.000
0.0,0.000
0.0,0.000
0.0,0.000
0.0,0.000
0.0,0.000
0.0,0.000
0.0,0.000
0.0,0.000
0.0,0.000
0.0,0.000
0.0,0.000
0.0,0.000
0.0,0.000
0.0,0.000
0.0,0.000
0.0,0.000
0.0,0.000
0.0,0.000
0.0,0.000
0.0,0.000
0.0,0.000
0.0,0.000
0.0,0.000
0.0,0.000
0.0,0.000
0.0,0.000
0.0,0.000
0.0,0.000
0.0,0.000
0.0,0.000
0.0,0.000
0.0,0.000
0.0,0.000
0.0,0.000
0.0,0.000
0.0,0.000
0.0,0.000
0.0,0.000
0.0,0.000
0.0,0.000
0.0,0.000
0.1,0.000
0.1,0.000
0.1,0.000
0.1,0.000
0.1,0.000
0.1,0.000
0.1,0.000
0.1,0.000
0.1,0.000
0.0,0.000
0.0,0.000
0.0,0.000
0.0,0.000
0.0,0.000
0.0,0.000
0.0,0.000
0.0,0.005
0.0,0.005
0.0,0.005
0.0,0.005
0.0,0.005
0.0,0.005
0.0,0.005
0.0,0.005
0.0,0.005
0.0,0.005
0.0,0.005
0.0,0.005
0.0,0.005
0.0,0.005
0.0,0.005
0.0,0.005
0.0,0.005
0.0,0.005
0.0,0.005
0.0,0.005
0.0,0.005
0.0,0.005
0.0,0.005
0.0,0.005
0.0,0.005
0.0,0.005
0.0,0.005
0.0,0.005
0.0,0.005
0.0,0.005
0.0,0.005
0.0,0.005
0.0,0.005
0.0,0.005
0.0,0.005
0.0,0.005
0.0,0.005
0.0,0.005
0.0,0.005
0.0,0.005
0.0,0.005
0.0,0.005
0.0,0.005
0.0,0.005
0.0,0.005
0.0,0.005
0.0,0.005
0.0,0.005
0.0,0.005
0.0,0.005
0.0,0.005
0.0,0.005
0.0,0.005
0.0,0.005
0.0,0.005
0.0,0.005
0.0,0.005
0.0,0.005
0.0,0.005
0.0,0.005
0.0,0.005
0.0,0.005
0.0,0.005
0.0,0.005
0.0,0.005
0.0,0.005
0.0,0.005
0.0,0.005
0.0,0.005
0.0,0.005
0.0,0.005
0.0,0.005
0.0,0.005
0.0,0.005
0.0,0.005
0.0,0.005
0.0,0.005
0.0,0.005
0.0,0.005
0.0,0.005
0.0,0.005
0.0,0.005
0.0,0.005
0.0,0.005
0.0,0.005
0.0,0.005
0.0,0.005
0.0,0.005
0.0,0.005
0.0,0.005
0.0,0.005
0.0,0.005
0.0,0.005
0.0,0.005
0.0,0.005
0.0,0.005
0.0,0.005
0.0,0.005
0.0,0.005
0.0,0.005
0.0,0.005
0.0,0.005
0.0,0.005
0.0,0.005
0.0,0.005
0.0,0.005
0.0,0.005
0.0,0.005
0.0,0.005
0.0,0.005
0.0,0.005
0.0,0.005
0.0,0.005
0.0,0.005
0.0,0.005
0.0,0.005
0.0,0.005
0.0,0.005
0.0,0.005
0.0,0.005
0.0,0.005
0.0,0.005
0.0,0.005
0.0,0.005
0.0,0.005
0.0,0.005
0.0,0.005
0.0,0.005
0.0,0.005
0.0,0.005
0.0,0.005
0.0,0.005
0.0,0.005
0.0,0.005
0.0,0.005
0.0,0.005
0.0,0.005
0.0,0.005
0.0,0.005
0.0,0.005
0.0,0.005
0.0,0.005
0.0,0.005
0.0,0.005
0.0,0.005
0.0,0.005
0.0,0.005
0.0,0.005
0.0,0.005
0.0,0.005
0.0,0.005
0.0,0.005
0.0,0.005
0.0,0.005
0.0,0.005
0.0,0.005
0.0,0.005
0.0,0.005
0.0,0.005
0.0,0.005
0.0,0.005
0.0,0.005
0.0,0.005
0.0,0.005
0.0,0.005
0.0,0.005
0.0,0.005
0.0,0.005
0.0,0.005
0.0,0.005
0.0,0.005
0.0,0.005
0.0,0.005
0.0,0.005
0.0,0.005
0.0,0.005
0.0,0.005
0.0,0.005
0.0,0.005
0.0,0.005
0.0,0.005
0.0,0.005
0.0,0.005
0.0,0.005
0.0,0.005
0.0,0.005
0.0,0.005
0.0,0.005
0.0,0.005
0.0,0.005
0.0,0.005
0.0,0.005
0.0,0.005
0.0,0.005
0.0,0.005
0.0,0.005
0.0,0.005
0.0,0.005
0.0,0.005
0.0,0.005
0.0,0.005
0.0,0.005
0.0,0.005
0.0,0.005
0.0,0.005
0.0,0.005
0.0,0.005
0.0,0.005
0.0,0.005
0.0,0.005
0.0,0.005
0.0,0.005
0.0,0.005
0.0,0.005
0.0,0.005
0.0,0.005
0.0,0.005
0.0,0.005
0.0,0.005
0.0,0.005
0.0,0.005
0.0,0.005
0.0,0.005
0.0,0.005
0.0,0.005
0.0,0.005
0.0,0.005
0.0,0.005
0.0,0.005
0.0,0.005
0.0,0.005
0.0,0.005
0.0,0.005
0.0,0.005
0.0,0.005
0.0,0.005
0.0,0.005
0.0,0.005
0.0,0.005
0.0,0.005
0.0,0.005
0.0,0.005
0.0,0.005
0.0,0.005
-0.1,0.005
-0.1,0.005
0.0,0.005
0.0,0.005
0.0,0.005
0.0,0.005
0.0,0.005
0.0,0.005
0.0,0.005
0.0,0.005
0.0,0.005
0.0,0.005
0.0,0.005
0.0,0.005
0.0,0.005
0.0,0.005
0.0,0.005
0.0,0.005
0.0,0.005
0.0,0.005
0.0,0.005
0.0,0.005
0.0,0.005
0.0,0.005
0.0,0.005
0.0,0.005
0.0,0.005
0.0,0.005
0.0,0.005
0.0,0.005
0.0,0.005
0.0,0.005
0.0,0.005
0.0,0.005
0.0,0.005
0.0,0.005
0.0,0.005
0.0,0.005
0.0,0.005
0.0,0.005
0.0,0.005
0.0,0.005
0.0,0.005
0.0,0.005
0.0,0.005
0.0,0.005
0.0,0.005
0.0,0.005
0.0,0.005
0.0,0.005
0.0,0.005
0.0,0.005
0.0,0.005
0.0,0.005
0.0,0.005
0.0,0.005
0.0,0.005
0.0,0.005
0.0,0.005
0.0,0.005
0.0,0.005
0.0,0.005
0.0,0.005
0.0,0.005
0.0,0.005
0.0,0.005
0.0,0.005
0.0,0.005
0.0,0.005
0.0,0.005
0.0,0.005
0.0,0.005
0.0,0.005
0.0,0.005
0.0,0.005
0.0,0.005
0.0,0.005
0.0,0.005
0.0,0.005
0.0,0.005
0.0,0.005
0.0,0.005
0.0,0.005
0.0,0.005
0.0,0.005
0.0,0.005
0.0,0.005
0.0,0.005
0.0,0.005
0.0,0.005
0.0,0.005
0.0,0.005
0.0,0.005
0.0,0.005
0.0,0.005
0.0,0.005
0.0,0.005
0.0,0.005
0.0,0.005
0.0,0.005
0.0,0.005
0.0,0.005
0.0,0.005
0.0,0.005
0.0,0.005
0.0,0.005
0.0,0.005
0.0,0.005
0.0,0.005
0.0,0.005
0.0,0.005
0.0,0.005
0.0,0.005
0.0,0.005
0.0,0.005
0.0,0.005
0.0,0.005
0.0,0.005
0.0,0.005
0.0,0.005
0.0,0.005
0.0,0.005
0.0,0.005
0.0,0.005
0.0,0.005
0.0,0.005
0.0,0.005
0.0,0.005
0.0,0.005
0.0,0.005
0.0,0.005
0.0,0.005
0.0,0.005
0.0,0.005
0.0,0.005
0.0,0.005
0.0,0.005
0.0,0.005
0.0,0.005
0.0,0.005
0.0,0.005
0.0,0.005
0.0,0.005
0.0,0.005
0.0,0.005
0.0,0.005
0.0,0.005
0.0,0.005
0.0,0.005
0.0,0.005
0.0,0.005
0.0,0.005
0.0,0.005
0.0,0.005
0.0,0.005
0.0,0.005
0.0,0.005
0.0,0.005
0.0,0.005
0.0,0.005
0.0,0.005
0.0,0.005
0.0,0.005
0.0,0.005
0.0,0.005
0.0,0.005
0.0,0.005
0.0,0.010
0.0,0.010
0.0,0.010
0.0,0.010
0.0,0.010
0.0,0.010
0.0,0.010
0.0,0.010
0.0,0.010
0.0,0.010
0.0,0.010
0.0,0.010
0.0,0.010
0.0,0.010
0.0,0.010
0.0,0.010
0.0,0.010
0.0,0.010
0.0,0.010
0.0,0.010
0.0,0.010
0.0,0.010
0.0,0.010
0.0,0.010
0.0,0.010
0.0,0.010
0.0,0.010
0.0,0.010
0.0,0.010
0.0,0.010
0.0,0.010
0.0,0.010
0.0,0.010
0.0,0.010
0.0,0.010
0.0,0.010
0.0,0.010
0.0,0.010
0.0,0.010
0.0,0.010
0.0,0.010
0.0,0.010
0.0,0.010
0.0,0.010
0.0,0.010
0.0,0.010
0.0,0.010
0.0,0.010
0.0,0.010
0.0,0.010
0.0,0.010
0.0,0.010
0.0,0.010
0.0,0.010
0.0,0.010
-0.1,0.010
-0.1,0.010
-0.1,0.010
-0.1,0.010
-0.1,0.010
-0.1,0.010
0.0,0.010
0.0,0.010
0.0,0.010
0.0,0.010
0.0,0.010
0.0,0.010
0.0,0.010
0.0,0.010
0.0,0.010
0.0,0.010
0.0,0.010
0.0,0.010
0.0,0.010
0.0,0.010
0.0,0.010
0.0,0.010
0.0,0.010
0.0,0.010
0.0,0.010
0.0,0.010
0.0,0.010
0.0,0.010
0.0,0.010
0.0,0.010
0.0,0.010
0.0,0.010
0.0,0.010
0.0,0.010
0.0,0.010
0.0,0.010
0.0,0.010
0.0,0.010
0.0,0.010
0.0,0.010
0.0,0.010
0.0,0.010
0.0,0.010
0.0,0.010
0.0,0.010
0.0,0.010
0.0,0.010
0.0,0.010
0.0,0.010
0.0,0.010
0.0,0.010
0.0,0.010
0.0,0.010
0.0,0.010
0.0,0.010
0.0,0.010
0.0,0.010
0.0,0.010
0.0,0.010
0.0,0.010
0.0,0.010
0.0,0.010
0.0,0.010
0.0,0.010
0.0,0.010
0.0,0.010
0.0,0.010
0.0,0.010
0.0,0.010
0.0,0.010
0.0,0.010
0.0,0.010
0.0,0.010
0.0,0.010
0.0,0.010
0.0,0.010
0.0,0.010
0.0,0.010
0.0,0.010
0.0,0.010
0.0,0.010
0.0,0.010
0.0,0.010
0.0,0.010
0.0,0.010
0.0,0.010
0.0,0.010
0.0,0.010
0.0,0.010
0.0,0.010
0.0,0.010
0.0,0.010
0.0,0.010
0.0,0.010
0.0,0.010
0.0,0.010
0.0,0.010
0.0,0.010
0.0,0.010
0.0,0.010
0.0,0.010
0.0,0.010
0.0,0.010
0.0,0.010
0.0,0.010
0.0,0.010
0.0,0.010
0.0,0.010
0.0,0.010
0.0,0.010
0.0,0.010
0.0,0.010
0.0,0.010
0.0,0.010
0.0,0.010
0.0,0.010
0.0,0.010
0.0,0.010
0.0,0.010
0.0,0.010
0.0,0.010
0.0,0.010
0.0,0.010
0.0,0.010
0.0,0.010
0.0,0.010
0.0,0.010
0.0,0.010
0.0,0.010
0.0,0.010
0.0,0.010
0.0,0.010
0.0,0.010
0.0,0.010
0.0,0.010
0.0,0.010
0.0,0.010
0.0,0.010
0.0,0.010
0.0,0.010
0.0,0.010
0.0,0.010
0.0,0.010
0.0,0.010
0.0,0.010
0.0,0.010
0.0,0.010
0.0,0.010
0.0,0.010
0.0,0.010
0.0,0.010
0.0,0.010
0.0,0.010
0.0,0.010
0.0,0.010
0.0,0.010
0.0,0.015
0.0,0.015
0.0,0.015
0.0,0.015
0.0,0.015
0.0,0.015
0.0,0.015
0.0,0.015
0.0,0.015
0.0,0.015
0.0,0.015
0.0,0.015
0.0,0.015
0.0,0.015
0.0,0.015
0.0,0.015
0.0,0.015
0.0,0.015
0.0,0.015
0.0,0.015
0.0,0.015
0.0,0.015
0.0,0.015
0.0,0.015
0.0,0.015
0.0,0.015
0.0,0.015
0.0,0.015
0.0,0.015
0.0,0.015
0.0,0.015
0.0,0.015
0.0,0.015
0.0,0.015
0.0,0.015
0.0,0.015
0.0,0.015
0.0,0.015
0.0,0.015
0.0,0.015
0.0,0.015
0.0,0.015
0.0,0.015
0.0,0.015
0.0,0.015
0.0,0.015
0.0,0.015
0.0,0.015
0.0,0.015
0.0,0.015
0.0,0.015
0.0,0.015
0.0,0.015
0.0,0.015
0.0,0.015
0.0,0.015
0.0,0.015
0.0,0.015
0.0,0.015
0.0,0.015
0.0,0.015
0.0,0.015
0.0,0.015
0.0,0.015
0.0,0.015
0.0,0.015
0.0,0.015
0.0,0.015
0.0,0.015
0.0,0.015
0.0,0.015
0.0,0.015
0.0,0.015
0.0,0.015
0.0,0.015
0.0,0.015
0.0,0.015
0.0,0.015
0.0,0.015
0.0,0.015
0.0,0.015
0.0,0.015
0.0,0.015
0.0,0.015
0.0,0.015
0.0,0.015
0.0,0.015
0.0,0.015
0.0,0.015
0.0,0.015
0.0,0.015
0.0,0.015
0.0,0.015
0.0,0.015
0.0,0.015
0.0,0.015
0.0,0.015
0.0,0.015
0.0,0.015
0.0,0.015
0.0,0.015
0.0,0.015
0.0,0.015
0.0,0.015
0.0,0.015
0.0,0.015
0.0,0.015
0.0,0.015
0.0,0.015
0.0,0.015
0.0,0.015
0.0,0.015
0.0,0.015
0.0,0.015
0.0,0.015
0.0,0.015
0.0,0.015
0.0,0.015
0.0,0.015
0.0,0.015
0.0,0.015
0.0,0.015
0.0,0.015
0.0,0.015
0.0,0.015
0.0,0.015
0.0,0.015
0.0,0.015
0.0,0.015
0.0,0.015
0.0,0.015
0.0,0.015
0.0,0.015
0.0,0.015
0.0,0.015
0.0,0.015
0.0,0.015
0.0,0.015
0.0,0.015
0.0,0.015
0.0,0.015
0.0,0.015
0.0,0.015
0.0,0.015
0.0,0.015
0.0,0.015
0.0,0.015
0.0,0.015
0.0,0.015
0.0,0.015
0.0,0.015
0.0,0.015
0.0,0.015
0.0,0.015
0.0,0.015
0.0,0.015
0.0,0.015
0.0,0.015
0.0,0.015
0.0,0.015
0.0,0.015
0.0,0.015
0.0,0.015
0.0,0.015
0.0,0.015
0.0,0.015
0.0,0.015
0.0,0.015
0.0,0.015
0.0,0.015
0.0,0.015
0.0,0.015
0.0,0.015
0.0,0.015
0.0,0.015
0.0,0.015
0.0,0.015
0.0,0.015
0.0,0.015
0.0,0.015
0.0,0.015
0.0,0.015
0.0,0.015
0.0,0.015
0.0,0.015
0.0,0.015
0.0,0.015
0.0,0.015
0.0,0.020
0.0,0.020
0.0,0.020
0.0,0.020
0.0,0.020
0.0,0.020
0.0,0.020
0.0,0.020
0.0,0.020
0.0,0.020
0.0,0.020
0.0,0.020
0.0,0.020
0.0,0.020
0.0,0.020
0.0,0.020
0.0,0.020
0.0,0.020
0.0,0.020
0.0,0.020
0.0,0.020
0.0,0.020
0.0,0.020
0.0,0.020
0.0,0.020
0.0,0.020
0.0,0.020
0.0,0.020
0.0,0.020
0.0,0.020
0.0,0.020
0.0,0.020
0.0,0.020
0.0,0.020
0.0,0.020
0.0,0.020
0.0,0.020
0.0,0.020
0.0,0.020
0.0,0.020
0.0,0.020
0.0,0.020
0.0,0.020
0.0,0.020
0.0,0.020
0.0,0.020
0.0,0.020
0.0,0.020
0.0,0.020
0.0,0.020
0.0,0.020
0.0,0.020
0.0,0.020
0.0,0.020
0.0,0.020
0.0,0.020
0.0,0.020
0.0,0.020
0.0,0.020
0.0,0.020
0.0,0.020
0.0,0.020
0.0,0.020
0.1,0.020
0.1,0.020
0.1,0.020
0.1,0.020
0.1,0.020
0.1,0.020
0.1,0.020
0.1,0.020
0.1,0.020
0.0,0.020
0.0,0.020
0.0,0.020
0.0,0.020
0.0,0.020
0.0,0.020
0.0,0.020
0.0,0.020
0.0,0.020
0.0,0.020
0.0,0.020
0.0,0.020
0.0,0.020
0.0,0.020
0.0,0.020
0.0,0.020
0.0,0.020
0.0,0.020
0.0,0.020
0.0,0.020
0.0,0.020
0.0,0.020
0.0,0.020
0.0,0.020
0.0,0.020
0.0,0.020
0.0,0.020
0.0,0.020
0.0,0.020
0.0,0.020
0.0,0.020
0.0,0.020
0.0,0.020
0.0,0.020
0.0,0.020
0.0,0.020
0.0,0.020
0.0,0.020
0.0,0.020
0.0,0.020
0.0,0.020
0.0,0.020
0.0,0.020
0.0,0.020
0.0,0.020
0.0,0.020
0.0,0.020
0.0,0.020
0.0,0.020
0.0,0.020
0.0,0.020
0.0,0.020
0.0,0.020
0.0,0.020
0.0,0.020
0.0,0.020
0.0,0.020
0.0,0.020
0.0,0.020
0.0,0.020
0.0,0.020
0.0,0.020
0.0,0.020
0.0,0.020
0.0,0.020
0.0,0.020
0.0,0.020
0.0,0.020
0.0,0.020
0.0,0.020
0.0,0.020
0.0,0.020
0.0,0.020
0.0,0.020
0.0,0.020
0.0,0.025
0.0,0.025
0.0,0.025
0.0,0.025
0.0,0.025
0.0,0.025
0.0,0.025
0.0,0.025
0.0,0.025
0.0,0.025
0.0,0.025
0.0,0.025
0.0,0.025
0.0,0.025
0.0,0.025
0.0,0.025
0.0,0.025
0.0,0.025
0.0,0.025
0.0,0.025
0.0,0.025
0.0,0.025
0.0,0.025
0.0,0.025
0.0,0.025
0.0,0.025
0.0,0.025
0.0,0.025
0.0,0.025
0.0,0.025
-0.1,0.025
-0.1,0.025
-0.1,0.025
-0.1,0.025
-0.1,0.025
-0.1,0.025
-0.1,0.025
-0.1,0.025
-0.1,0.025
-0.1,0.025
0.0,0.025
0.0,0.025
0.1,0.025
0.1,0.025
0.1,0.025
0.1,0.025
0.1,0.025
0.1,0.025
0.1,0.025
0.1,0.025
-0.1,0.025
-0.1,0.025
-0.1,0.025
-0.1,0.025
-0.1,0.025
-0.1,0.025
-0.1,0.025
-0.1,0.025
0.0,0.025
0.0,0.025
0.0,0.025
0.1,0.025
0.1,0.025
0.1,0.025
0.1,0.025
0.1,0.025
0.1,0.025
0.1,0.025
0.0,0.025
-0.1,0.025
-0.1,0.025
-0.1,0.025
-0.1,0.025
-0.1,0.025
-0.1,0.025
-0.1,0.025
0.0,0.025
0.0,0.025
0.1,0.025
0.1,0.025
0.1,0.025
0.1,0.025
0.1,0.025
0.1,0.025
0.1,0.025
0.1,0.025
0.0,0.025
0.0,0.025
0.0,0.025
-0.1,0.025
-0.1,0.025
-0.1,0.025
-0.1,0.025
-0.1,0.025
-0.1,0.025
-0.1,0.025
-0.1,0.025
-0.1,0.025
0.0,0.025
0.0,0.025
0.1,0.025
0.1,0.025
0.1,0.025
0.1,0.025
0.1,0.025
0.1,0.025
0.1,0.025
0.1,0.025
0.0,0.025
0.0,0.025
0.0,0.025
-0.1,0.025
-0.1,0.025
-0.1,0.025
-0.1,0.025
-0.1,0.025
-0.1,0.025
-0.1,0.025
0.1,0.025
0.1,0.025
0.1,0.025
0.1,0.025
0.1,0.025
0.1,0.025
0.1,0.025
0.0,0.025
0.0,0.025
-0.1,0.025
-0.1,0.025
-0.1,0.025
-0.2,0.025
-0.1,0.025
-0.1,0.025
-0.1,0.025
-0.1,0.025
0.0,0.025
0.0,0.025
0.1,0.025
0.1,0.025
0.1,0.025
0.1,0.025
0.1,0.025
0.1,0.025
0.1,0.025
0.1,0.025
0.1,0.025
0.0,0.025
0.0,0.025
-0.1,0.025
-0.1,0.025
-0.1,0.025
-0.1,0.025
-0.1,0.025
-0.1,0.025
-0.1,0.025
0.0,0.025
0.0,0.025
0.1,0.030
0.1,0.030
0.1,0.030
0.1,0.030
0.1,0.030
0.1,0.030
0.0,0.030
0.1,0.030
0.0,0.030
0.0,0.030
-0.1,0.030
-0.1,0.030
-0.2,0.030
-0.2,0.030
-0.1,0.030
-0.1,0.030
-0.1,0.030
-0.1,0.030
0.0,0.030
0.0,0.030
0.0,0.030
0.1,0.030
0.1,0.030
0.1,0.030
0.1,0.030
0.1,0.030
0.1,0.030
0.1,0.030
0.0,0.030
-0.1,0.030
-0.1,0.030
-0.1,0.030
-0.1,0.030
-0.2,0.030
-0.1,0.030
-0.1,0.030
-0.1,0.030
0.0,0.030
0.0,0.030
0.1,0.030
0.1,0.030
0.1,0.030
0.1,0.030
0.1,0.030
0.1,0.030
0.1,0.030
0.1,0.030
0.1,0.030
0.0,0.030
0.0,0.030
0.0,0.030
-0.1,0.030
-0.1,0.030
-0.1,0.030
-0.1,0.030
-0.1,0.030
-0.1,0.030
-0.1,0.030
-0.1,0.030
-0.1,0.030
-0.1,0.030
-0.1,0.030
0.0,0.030
0.0,0.030
0.0,0.030
0.0,0.030
0.0,0.030
0.0,0.030
0.0,0.030
0.0,0.030
0.0,0.030
0.0,0.030
0.0,0.030
0.0,0.030
0.0,0.030
0.0,0.030
0.0,0.030
0.0,0.030
0.0,0.030
0.0,0.030
0.0,0.030
0.0,0.030
0.0,0.030
0.0,0.030
0.0,0.030
0.0,0.030
0.0,0.030
0.0,0.030
0.0,0.030
0.0,0.030
0.0,0.030
0.0,0.030
0.0,0.030
0.0,0.030
0.0,0.030
0.0,0.030
0.0,0.030
0.0,0.030
0.0,0.030
0.0,0.030
0.0,0.030
0.0,0.030
0.0,0.030
0.0,0.030
0.0,0.030
0.0,0.030
0.0,0.030
0.0,0.030
0.0,0.030
0.0,0.030
0.0,0.030
0.0,0.030
0.0,0.030
0.0,0.030
0.0,0.030
0.0,0.030
0.0,0.030
0.0,0.030
0.0,0.030
0.0,0.030
0.0,0.030
0.0,0.030
0.0,0.030
0.0,0.030
0.0,0.030
0.0,0.030
0.0,0.030
0.0,0.030
0.0,0.030
0.0,0.030
0.0,0.030
0.0,0.030
0.0,0.030
0.0,0.030
0.0,0.030
0.0,0.030
0.0,0.030
0.0,0.030
0.0,0.030
0.0,0.030
0.0,0.030
0.0,0.030
0.0,0.030
0.0,0.030
0.0,0.030
0.0,0.030
0.0,0.035
0.0,0.035
0.0,0.035
0.0,0.035
0.0,0.035
0.0,0.035
0.0,0.035
0.0,0.035
0.0,0.035
0.0,0.035
0.0,0.035
0.0,0.035
0.0,0.035
0.0,0.035
0.0,0.035
0.0,0.035
0.0,0.035
0.0,0.035
0.0,0.035
0.0,0.035
0.0,0.035
0.0,0.035
0.0,0.035
0.0,0.035
0.0,0.035
0.0,0.035
0.0,0.035
0.0,0.035
0.0,0.035
0.0,0.035
0.0,0.035
0.0,0.035
0.0,0.035
0.0,0.035
0.0,0.035
0.0,0.035
0.0,0.035
0.0,0.035
0.0,0.035
0.0,0.035
0.0,0.035
0.0,0.035
0.0,0.035
0.0,0.035
0.0,0.035
0.0,0.035
0.0,0.035
0.0,0.035
0.0,0.035
0.0,0.035
0.0,0.035
0.0,0.035
0.1,0.035
0.1,0.035
0.1,0.035
0.1,0.035
0.1,0.035
0.1,0.035
0.1,0.035
0.0,0.035
0.0,0.035
0.0,0.035
-0.1,0.035
-0.1,0.035
-0.1,0.035
-0.1,0.035
-0.1,0.035
-0.1,0.035
-0.1,0.035
-0.1,0.035
-0.1,0.035
0.0,0.035
0.0,0.035
0.0,0.035
0.0,0.035
0.0,0.035
0.0,0.035
0.0,0.035
0.0,0.035
0.0,0.035
0.0,0.035
0.0,0.035
0.0,0.035
0.0,0.035
-0.1,0.035
-0.1,0.035
-0.1,0.035
0.0,0.035
0.1,0.035
0.1,0.035
0.1,0.035
0.1,0.035
0.1,0.035
0.1,0.035
0.1,0.035
0.1,0.035
0.1,0.035
0.0,0.035
0.0,0.035
0.0,0.035
0.0,0.035
0.0,0.035
0.0,0.035
0.0,0.035
0.0,0.035
0.0,0.035
-0.1,0.035
0.0,0.035
-0.1,0.035
0.0,0.035
0.0,0.035
0.0,0.035
0.0,0.035
0.0,0.035
0.0,0.035
0.0,0.035
0.0,0.035
0.0,0.035
0.0,0.035
0.0,0.035
0.0,0.035
-0.1,0.035
0.0,0.035
0.0,0.035
0.0,0.035
0.0,0.035
0.0,0.035
0.0,0.035
0.0,0.035
0.0,0.035
0.1,0.035
0.1,0.035
0.1,0.035
0.1,0.035
0.1,0.035
0.1,0.035
0.1,0.035
0.0,0.035
0.0,0.035
0.0,0.035
0.0,0.035
0.0,0.035
0.0,0.035
0.0,0.035
0.0,0.035
0.0,0.035
0.0,0.035
0.0,0.035
0.0,0.035
0.0,0.035
0.0,0.040
0.0,0.040
0.0,0.040
0.0,0.040
0.0,0.040
0.0,0.040
0.0,0.040
-0.1,0.040
-0.1,0.040
-0.1,0.040
-0.1,0.040
-0.1,0.040
-0.1,0.040
-0.1,0.040
0.0,0.040
0.0,0.040
0.0,0.040
0.0,0.040
0.1,0.040
0.1,0.040
0.1,0.040
0.1,0.040
0.1,0.040
0.1,0.040
0.1,0.040
0.0,0.040
0.1,0.040
0.0,0.040
0.0,0.040
0.0,0.040
0.0,0.040
0.0,0.040
0.0,0.040
0.0,0.040
0.0,0.040
0.0,0.040
0.0,0.040
0.0,0.040
0.0,0.040
0.0,0.040
0.0,0.040
0.0,0.040
0.0,0.040
0.0,0.040
0.0,0.040
0.0,0.040
0.0,0.040
0.0,0.040
0.0,0.040
0.0,0.040
0.0,0.040
0.0,0.040
0.0,0.040
0.0,0.040
0.0,0.040
0.0,0.040
0.0,0.040
0.0,0.040
0.0,0.040
0.0,0.040
0.0,0.040
0.0,0.040
0.0,0.040
0.0,0.040
0.0,0.040
0.0,0.040
0.0,0.040
0.0,0.040
-0.1,0.040
-0.1,0.040
-0.1,0.040
-0.1,0.040
-0.1,0.040
-0.1,0.040
-0.1,0.040
0.0,0.040
0.0,0.040
0.0,0.040
0.0,0.040
0.1,0.040
0.1,0.040
0.0,0.040
0.0,0.040
0.0,0.040
0.1,0.040
0.1,0.040
0.1,0.040
0.1,0.040
0.1,0.040
0.0,0.040
0.0,0.040
0.0,0.040
0.0,0.040
0.0,0.040
0.0,0.040
0.0,0.040
0.0,0.040
0.0,0.040
0.0,0.040
0.0,0.040
0.0,0.040
0.1,0.040
0.0,0.040
0.0,0.040
0.0,0.040
0.0,0.040
0.0,0.040
0.0,0.040
0.0,0.040
-0.1,0.040
0.0,0.040
0.0,0.040
0.0,0.040
0.0,0.040
-0.1,0.040
-0.1,0.040
-0.1,0.040
-0.1,0.040
-0.1,0.040
-0.1,0.040
-0.1,0.040
-0.1,0.040
-0.1,0.040
0.0,0.040
0.0,0.040
0.0,0.040
0.0,0.040
0.0,0.040
0.0,0.040
0.0,0.040
0.0,0.040
0.0,0.040
0.0,0.040
0.0,0.040
0.0,0.040
0.0,0.040
0.0,0.040
0.0,0.040
0.0,0.040
0.0,0.040
0.0,0.040
0.0,0.040
0.0,0.040
0.0,0.040
0.0,0.040
0.0,0.045
0.0,0.045
0.0,0.045
0.0,0.045
0.0,0.045
0.0,0.045
0.0,0.045
0.0,0.045
0.0,0.045
0.0,0.045
0.0,0.045
0.0,0.045
0.0,0.045
0.0,0.045
0.0,0.045
0.0,0.045
0.0,0.045
0.0,0.045
0.0,0.045
0.0,0.045
0.0,0.045
0.0,0.045
0.0,0.045
0.0,0.045
0.0,0.045
0.0,0.045
0.0,0.045
0.0,0.045
0.0,0.045
0.0,0.045
0.0,0.045
0.0,0.045
0.0,0.045
0.0,0.045
0.0,0.045
0.0,0.045
0.0,0.045
0.0,0.045
0.0,0.045
0.0,0.045
0.0,0.045
0.0,0.045
0.0,0.045
0.0,0.045
0.0,0.045
0.0,0.045
0.0,0.045
0.0,0.045
0.0,0.045
0.0,0.045
0.0,0.045
0.0,0.045
0.0,0.045
0.0,0.045
0.0,0.045
0.0,0.045
0.0,0.045
0.0,0.045
0.0,0.045
0.0,0.045
0.0,0.045
0.0,0.045
0.0,0.045
0.0,0.045
0.0,0.045
0.0,0.045
0.0,0.045
0.0,0.045
0.0,0.045
0.0,0.045
0.0,0.045
0.0,0.045
0.0,0.045
0.0,0.045
0.0,0.045
0.0,0.045
0.0,0.045
0.0,0.045
0.0,0.045
0.0,0.045
0.0,0.045
0.0,0.045
0.0,0.045
0.0,0.045
0.0,0.045
0.0,0.045
0.0,0.045
0.0,0.045
0.0,0.045
0.0,0.045
0.0,0.045
0.0,0.045
0.0,0.045
0.0,0.045
0.0,0.045
0.0,0.045
0.0,0.045
0.0,0.045
0.0,0.045
0.0,0.045
0.0,0.045
0.0,0.045
0.0,0.045
0.0,0.045
0.0,0.045
0.0,0.045
0.0,0.045
0.0,0.045
0.0,0.045
0.0,0.045
0.0,0.045
0.0,0.045
0.0,0.045
0.0,0.045
0.0,0.045
0.0,0.045
0.0,0.045
0.1,0.045
0.0,0.045
0.0,0.045
0.0,0.045
0.0,0.045
0.0,0.045
0.0,0.045
0.0,0.045
0.0,0.045
0.0,0.045
0.0,0.045
0.0,0.045
0.0,0.045
0.0,0.045
0.0,0.045
0.0,0.045
0.0,0.045
0.0,0.045
0.0,0.045
0.0,0.045
0.0,0.045
0.0,0.045
0.0,0.045
0.0,0.045
0.0,0.045
0.0,0.045
0.0,0.045
0.0,0.045
0.0,0.045
0.0,0.045
0.0,0.045
0.0,0.045
0.0,0.045
0.0,0.045
0.0,0.045
0.0,0.045
0.0,0.045
0.0,0.045
0.0,0.045
0.0,0.045
0.0,0.045
0.0,0.045
0.0,0.045
0.0,0.045
0.0,0.045
0.0,0.045
0.0,0.045
0.0,0.050
0.0,0.050
0.0,0.050
0.0,0.050
0.0,0.050
0.0,0.050
0.0,0.050
0.0,0.050
0.0,0.050
0.0,0.050
0.0,0.050
0.0,0.050
0.0,0.050
0.0,0.050
0.0,0.050
0.0,0.050
0.0,0.050
0.0,0.050
0.0,0.050
0.0,0.050
0.0,0.050
0.0,0.050
0.0,0.050
0.0,0.050
0.0,0.050
0.0,0.050
0.0,0.050
0.0,0.050
0.0,0.050
0.0,0.050
0.0,0.050
0.0,0.050
0.0,0.050
0.0,0.050
0.0,0.050
0.0,0.050
0.0,0.050
0.0,0.050
0.0,0.050
0.0,0.050
0.0,0.050
0.0,0.050
0.0,0.050
0.0,0.050
0.0,0.050
0.0,0.050
0.0,0.050
0.0,0.050
0.0,0.050
0.0,0.050
0.0,0.050
0.0,0.050
0.0,0.050
0.0,0.050
0.0,0.050
0.0,0.050
0.0,0.050
0.0,0.050
0.0,0.050
0.0,0.050
0.0,0.050
0.0,0.050
0.0,0.050
0.0,0.050
0.0,0.050
0.0,0.050
0.0,0.050
0.0,0.050
0.0,0.050
0.0,0.050
0.0,0.050
0.0,0.050
0.0,0.050
0.0,0.050
0.0,0.050
0.0,0.050
0.0,0.050
0.0,0.050
0.0,0.050
0.0,0.050
0.0,0.050
0.0,0.050
0.0,0.050
0.0,0.050
0.0,0.050
0.0,0.050
0.0,0.050
0.0,0.050
0.0,0.050
0.0,0.050
0.0,0.050
0.0,0.050
0.0,0.050
0.0,0.050
0.0,0.050
0.0,0.050
0.0,0.050
0.0,0.050
0.0,0.050
0.0,0.050
0.0,0.050
0.0,0.050
0.0,0.050
0.0,0.050
0.0,0.050
0.0,0.050
0.0,0.050
0.0,0.050
0.0,0.050
0.0,0.050
0.0,0.050
0.0,0.050
0.0,0.050
0.0,0.050
0.0,0.050
0.0,0.050
0.0,0.050
0.0,0.050
0.0,0.050
0.0,0.050
0.0,0.050
0.0,0.050
0.0,0.050
0.0,0.050
0.0,0.050
0.0,0.050
0.0,0.050
0.0,0.050
0.0,0.050
0.0,0.050
0.0,0.050
0.0,0.050
0.0,0.050
0.0,0.050
0.0,0.050
0.0,0.050
0.0,0.050
0.0,0.050
0.0,0.050
0.0,0.050
0.0,0.050
0.0,0.050
0.0,0.050
0.0,0.050
0.0,0.050
0.0,0.050
0.0,0.050
0.0,0.050
0.0,0.050
0.0,0.050
0.0,0.050
0.0,0.050
0.0,0.050
0.0,0.050
0.0,0.050
0.0,0.050
0.0,0.050
0.0,0.050
0.0,0.050
0.0,0.050
0.0,0.050
0.0,0.050
0.0,0.050
0.0,0.050
0.0,0.050
0.0,0.050
0.0,0.050
0.0,0.050
0.0,0.050
0.0,0.050
0.0,0.050
0.0,0.055
0.0,0.055
0.0,0.055
0.0,0.055
0.0,0.055
0.0,0.055
0.0,0.055
0.0,0.055
0.0,0.055
0.0,0.055
0.0,0.055
0.0,0.055
0.0,0.055
0.0,0.055
0.0,0.055
0.0,0.055
0.0,0.055
0.0,0.055
0.0,0.055
0.0,0.055
0.0,0.055
0.0,0.055
0.0,0.055
0.0,0.055
0.0,0.055
0.0,0.055
0.0,0.055
0.0,0.055
0.0,0.055
0.0,0.055
0.0,0.055
0.0,0.055
0.0,0.055
0.0,0.055
0.0,0.055
0.0,0.055
0.0,0.055
0.0,0.055
0.0,0.055
0.0,0.055
0.0,0.055
0.0,0.055
0.0,0.055
0.0,0.055
0.0,0.055
0.0,0.055
0.0,0.055
0.0,0.055
0.0,0.055
0.0,0.055
0.0,0.055
0.0,0.055
0.0,0.055
0.0,0.055
0.0,0.055
0.0,0.055
0.0,0.055
0.0,0.055
0.0,0.055
0.0,0.055
0.0,0.055
0.0,0.055
0.0,0.055
0.0,0.055
0.0,0.055
0.0,0.055
0.0,0.055
0.0,0.055
0.0,0.055
0.0,0.055
0.0,0.055
0.0,0.055
0.0,0.055
0.0,0.055
0.0,0.055
0.0,0.055
0.0,0.055
0.0,0.055
0.0,0.055
0.0,0.055
0.0,0.055
0.0,0.055
0.0,0.055
0.0,0.055
0.0,0.055
0.0,0.055
0.0,0.055
0.0,0.055
0.0,0.055
0.0,0.055
0.0,0.055
0.0,0.055
0.0,0.055
0.0,0.055
0.0,0.055
0.0,0.055
0.0,0.055
0.0,0.055
0.0,0.055
0.0,0.055
0.0,0.055
0.0,0.055
0.0,0.055
0.0,0.055
0.0,0.055
0.0,0.055
0.0,0.055
0.0,0.055
0.0,0.055
0.0,0.055
0.0,0.055
0.0,0.055
0.0,0.055
0.0,0.055
0.0,0.055
0.0,0.055
0.0,0.055
0.0,0.055
0.0,0.055
0.0,0.055
0.0,0.055
0.0,0.055
0.0,0.055
0.0,0.055
0.0,0.055
0.0,0.055
0.0,0.055
0.0,0.055
0.0,0.055
0.0,0.055
0.0,0.055
0.0,0.055
0.0,0.055
0.0,0.055
0.0,0.055
0.0,0.055
0.0,0.055
0.0,0.055
0.0,0.055
0.0,0.055
0.0,0.055
0.0,0.055
0.0,0.055
0.0,0.055
0.0,0.055
0.0,0.055
0.0,0.055
0.0,0.055
0.0,0.055
0.0,0.055
0.0,0.055
0.0,0.060
0.0,0.060
0.0,0.060
0.0,0.060
0.0,0.060
0.0,0.060
0.0,0.060
0.0,0.060
0.0,0.060
0.0,0.060
0.0,0.060
0.0,0.060
0.0,0.060
0.0,0.060
0.0,0.060
0.0,0.060
0.0,0.060
0.0,0.060
0.0,0.060
0.0,0.060
0.0,0.060
0.0,0.060
0.0,0.060
0.0,0.060
0.0,0.060
0.0,0.060
0.0,0.060
0.0,0.060
0.0,0.060
0.0,0.060
0.0,0.060
0.0,0.060
0.0,0.060
0.0,0.060
0.0,0.060
0.0,0.060
0.0,0.060
0.0,0.060
0.0,0.060
0.0,0.060
0.0,0.060
0.0,0.060
0.0,0.060
0.0,0.060
0.0,0.060
0.0,0.060
0.0,0.060
0.0,0.060
0.0,0.060
0.0,0.060
0.0,0.060
0.0,0.060
0.0,0.060
0.0,0.060
0.0,0.060
0.0,0.060
0.0,0.060
0.0,0.060
0.0,0.060
0.0,0.060
0.0,0.060
-0.1,0.060
-0.1,0.060
-0.1,0.060
0.0,0.060
0.0,0.060
0.1,0.060
0.1,0.060
0.1,0.060
0.1,0.060
0.1,0.060
0.1,0.060
0.1,0.060
0.1,0.060
0.0,0.060
0.0,0.060
0.0,0.060
-0.1,0.060
-0.1,0.060
-0.1,0.060
-0.1,0.060
-0.1,0.060
-0.1,0.060
-0.1,0.060
-0.1,0.060
-0.1,0.060
-0.1,0.060
-0.1,0.060
-0.1,0.060
-0.1,0.060
-0.1,0.060
0.0,0.060
0.0,0.060
0.0,0.060
0.0,0.060
0.0,0.060
0.0,0.060
0.0,0.060
0.0,0.060
0.0,0.060
0.0,0.060
0.0,0.060
0.0,0.060
0.0,0.060
0.0,0.060
0.0,0.060
0.0,0.060
0.0,0.060
0.0,0.060
0.0,0.060
0.0,0.060
0.0,0.060
0.0,0.060
0.0,0.060
0.0,0.060
0.0,0.060
0.0,0.060
0.0,0.060
-0.1,0.060
-0.1,0.060
-0.1,0.060
-0.1,0.060
-0.1,0.060
-0.1,0.060
0.0,0.060
0.0,0.060
0.1,0.060
0.0,0.060
0.0,0.060
0.0,0.060
0.0,0.060
0.0,0.060
0.0,0.060
0.0,0.060
0.0,0.060
-0.1,0.060
-0.1,0.060
-0.1,0.060
-0.1,0.060
-0.1,0.060
-0.1,0.060
-0.1,0.060
-0.1,0.060
-0.1,0.060
-0.1,0.060
0.0,0.065
0.0,0.065
0.0,0.065
0.0,0.065
0.0,0.065
0.0,0.065
0.0,0.065
0.0,0.065
0.0,0.065
0.0,0.065
0.0,0.065
0.0,0.065
0.0,0.065
0.0,0.065
0.0,0.065
0.0,0.065
0.0,0.065
0.0,0.065
0.0,0.065
0.0,0.065
0.1,0.065
0.0,0.065
0.0,0.065
0.0,0.065
0.1,0.065
0.1,0.065
0.1,0.065
0.1,0.065
0.1,0.065
0.0,0.065
0.0,0.065
-0.1,0.065
-0.1,0.065
-0.1,0.065
-0.1,0.065
-0.1,0.065
-0.1,0.065
-0.1,0.065
-0.1,0.065
0.0,0.065
0.0,0.065
0.0,0.065
0.1,0.065
0.1,0.065
0.1,0.065
0.1,0.065
0.1,0.065
0.1,0.065
0.1,0.065
0.1,0.065
-0.1,0.065
-0.1,0.065
-0.1,0.065
-0.1,0.065
-0.1,0.065
-0.1,0.065
-0.1,0.065
-0.1,0.065
-0.1,0.065
-0.1,0.065
-0.1,0.065
-0.1,0.065
0.0,0.065
0.0,0.065
0.0,0.065
0.0,0.065
0.0,0.065
0.0,0.065
0.0,0.065
0.0,0.065
0.0,0.065
0.0,0.065
0.0,0.065
0.0,0.065
-0.1,0.065
-0.1,0.065
0.0,0.065
0.0,0.065
-0.1,0.065
-0.1,0.065
-0.1,0.065
-0.1,0.065
-0.1,0.065
-0.1,0.065
0.0,0.065
0.0,0.065
0.0,0.065
0.0,0.065
0.0,0.065
0.0,0.065
0.0,0.065
0.0,0.065
0.0,0.065
0.0,0.065
0.0,0.065
0.0,0.065
0.0,0.065
0.0,0.065
0.0,0.065
0.0,0.065
0.0,0.065
0.0,0.065
0.0,0.065
0.1,0.065
0.0,0.065
0.0,0.065
0.0,0.065
0.0,0.065
0.1,0.065
0.1,0.065
0.1,0.065
0.1,0.065
0.1,0.065
0.0,0.065
0.0,0.065
0.0,0.065
0.0,0.065
0.0,0.065
0.0,0.065
0.0,0.065
0.0,0.065
0.0,0.065
0.0,0.065
0.0,0.065
0.0,0.065
0.0,0.065
0.0,0.065
0.0,0.065
0.0,0.065
0.0,0.065
0.0,0.065
0.0,0.065
0.0,0.065
0.0,0.065
0.0,0.065
0.0,0.065
0.0,0.065
0.0,0.065
0.0,0.065
0.0,0.065
0.0,0.065
0.0,0.070
0.0,0.070
0.0,0.070
0.0,0.070
0.0,0.070
0.0,0.070
0.0,0.070
0.0,0.070
0.0,0.070
0.0,0.070
0.0,0.070
0.0,0.070
0.0,0.070
0.0,0.070
0.0,0.070
0.0,0.070
0.0,0.070
0.0,0.070
0.0,0.070
0.0,0.070
0.0,0.070
0.0,0.070
0.0,0.070
0.0,0.070
0.0,0.070
0.0,0.070
0.0,0.070
0.0,0.070
0.0,0.070
0.0,0.070
0.0,0.070
0.0,0.070
0.0,0.070
0.0,0.070
0.0,0.070
0.0,0.070
0.0,0.070
0.0,0.070
0.0,0.070
0.0,0.070
0.0,0.070
0.0,0.070
0.0,0.070
0.0,0.070
0.0,0.070
0.0,0.070
0.0,0.070
0.0,0.070
0.0,0.070
0.0,0.070
0.0,0.070
0.0,0.070
0.0,0.070
0.0,0.070
0.0,0.070
0.0,0.070
0.0,0.070
0.0,0.070
0.0,0.070
0.0,0.070
0.0,0.070
0.0,0.070
0.0,0.070
0.0,0.070
0.0,0.070
0.0,0.070
0.0,0.070
0.0,0.070
0.0,0.070
0.0,0.070
0.0,0.070
0.0,0.070
0.0,0.070
0.0,0.070
0.0,0.070
0.0,0.070
0.0,0.070
0.0,0.070
0.0,0.070
0.0,0.070
0.0,0.070
0.0,0.070
0.0,0.070
0.0,0.070
0.0,0.070
0.0,0.070
0.0,0.070
0.0,0.070
0.0,0.070
0.0,0.070
0.0,0.070
0.0,0.070
0.0,0.070
0.0,0.070
0.0,0.070
0.0,0.070
0.0,0.070
0.0,0.070
0.0,0.070
0.0,0.070
0.0,0.070
0.0,0.070
0.0,0.070
0.0,0.070
0.0,0.070
0.0,0.070
0.0,0.070
0.0,0.070
0.0,0.070
0.0,0.070
0.0,0.070
0.0,0.070
0.0,0.070
0.0,0.070
0.0,0.070
0.0,0.070
0.0,0.070
0.0,0.070
0.0,0.070
0.0,0.070
0.0,0.070
0.0,0.070
0.0,0.070
0.0,0.070
0.0,0.070
0.0,0.070
0.0,0.070
0.0,0.070
0.0,0.070
0.0,0.070
0.0,0.070
0.0,0.070
0.0,0.070
0.0,0.070
0.0,0.070
0.0,0.075
0.0,0.075
0.0,0.075
0.0,0.075
0.0,0.075
0.0,0.075
0.0,0.075
0.0,0.075
0.0,0.075
0.0,0.075
0.0,0.075
0.0,0.075
0.0,0.075
0.0,0.075
0.0,0.075
0.0,0.075
0.0,0.075
0.0,0.075
0.0,0.075
0.0,0.075
0.0,0.075
0.0,0.075
0.0,0.075
0.0,0.075
0.0,0.075
0.0,0.075
0.0,0.075
0.0,0.075
0.0,0.075
0.0,0.075
0.0,0.075
0.0,0.075
0.0,0.075
0.0,0.075
0.0,0.075
0.0,0.075
0.0,0.075
0.0,0.075
0.0,0.075
0.0,0.075
0.0,0.075
0.0,0.075
0.0,0.075
0.0,0.075
0.0,0.075
0.0,0.075
0.0,0.075
0.0,0.075
0.0,0.075
0.0,0.075
0.0,0.075
0.0,0.075
0.0,0.075
0.0,0.075
0.0,0.075
0.0,0.075
0.0,0.075
0.0,0.075
0.0,0.075
0.0,0.075
0.0,0.075
0.0,0.075
0.0,0.075
0.0,0.075
0.0,0.075
0.0,0.075
0.0,0.075
0.0,0.075
0.0,0.075
-0.1,0.075
-0.1,0.075
-0.1,0.075
-0.1,0.075
-0.1,0.075
-0.1,0.075
-0.1,0.075
-0.1,0.075
-0.1,0.075
-0.1,0.075
-0.1,0.075
-0.1,0.075
-0.1,0.075
-0.1,0.075
0.0,0.075
0.0,0.075
0.0,0.075
0.0,0.075
0.0,0.075
0.0,0.075
0.0,0.075
0.0,0.075
0.0,0.075
0.0,0.075
0.0,0.075
0.0,0.075
0.0,0.075
0.0,0.075
0.0,0.075
0.0,0.075
0.0,0.075
0.0,0.075
0.0,0.075
0.0,0.075
0.0,0.075
0.0,0.075
0.0,0.075
0.0,0.075
0.0,0.075
0.0,0.075
0.0,0.075
0.0,0.075
0.0,0.075
0.0,0.075
0.0,0.075
0.0,0.075
0.0,0.075
0.0,0.075
0.0,0.075
0.0,0.075
0.0,0.075
0.0,0.075
0.0,0.075
0.0,0.080
0.0,0.080
0.0,0.080
0.0,0.080
0.0,0.080
0.0,0.080
0.0,0.080
0.0,0.080
0.0,0.080
0.0,0.080
0.0,0.080
0.0,0.080
0.0,0.080
0.0,0.080
0.0,0.080
0.0,0.080
0.0,0.080
0.0,0.080
0.0,0.080
0.0,0.080
0.0,0.080
0.0,0.080
0.0,0.080
0.0,0.080
0.0,0.080
0.0,0.080
0.0,0.080
0.0,0.080
0.0,0.080
0.0,0.080
0.0,0.080
0.0,0.080
0.0,0.080
0.0,0.080
0.0,0.080
0.0,0.080
0.0,0.080
0.0,0.080
0.0,0.080
0.0,0.080
0.0,0.080
0.0,0.080
0.0,0.080
0.0,0.080
0.0,0.080
0.0,0.080
0.0,0.080
0.0,0.080
0.0,0.080
0.0,0.080
0.0,0.080
0.0,0.080
0.0,0.080
0.0,0.080
0.0,0.080
0.0,0.080
0.0,0.080
0.0,0.080
0.0,0.080
0.0,0.080
0.0,0.080
0.0,0.080
0.0,0.080
0.0,0.080
0.0,0.080
0.0,0.080
0.0,0.080
0.0,0.080
0.0,0.080
0.0,0.080
0.0,0.080
-0.1,0.080
0.0,0.080
0.0,0.080
0.0,0.080
0.0,0.080
0.0,0.080
0.0,0.080
0.0,0.080
0.0,0.080
0.0,0.080
0.0,0.080
0.0,0.080
0.0,0.080
0.0,0.080
0.0,0.080
0.0,0.080
0.0,0.080
0.0,0.080
0.0,0.080
0.0,0.080
0.0,0.080
0.0,0.080
0.0,0.080
0.0,0.080
0.0,0.080
0.0,0.080
0.0,0.080
0.0,0.080
0.0,0.080
0.0,0.080
0.0,0.080
0.0,0.080
0.0,0.080
0.0,0.080
0.0,0.080
0.0,0.080
0.0,0.080
0.0,0.080
0.0,0.080
0.0,0.080
0.0,0.080
0.0,0.080
0.0,0.080
0.0,0.080
0.0,0.080
0.0,0.080
0.0,0.080
0.0,0.080
0.0,0.080
0.0,0.080
0.0,0.080
0.0,0.080
0.0,0.080
0.0,0.080
0.0,0.080
0.0,0.080
0.2,0.080
0.2,0.080
0.2,0.080
0.2,0.080
0.2,0.080
0.3,0.080
0.3,0.080
0.3,0.080
0.3,0.080
0.4,0.085
0.4,0.085
0.4,0.085
0.5,0.085
0.5,0.085
0.5,0.085
0.5,0.085
0.5,0.085
0.5,0.085
0.5,0.085
0.5,0.085
0.6,0.085
0.6,0.085
0.7,0.085
0.7,0.085
0.7,0.085
0.7,0.085
0.8,0.085
0.8,0.085
0.8,0.085
0.8,0.085
0.9,0.085
1.0,0.085
1.0,0.085
1.0,0.085
1.0,0.085
1.1,0.085
1.1,0.085
1.1,0.085
1.2,0.085
1.2,0.085
1.2,0.085
1.2,0.085
1.3,0.085
1.3,0.085
1.4,0.085
1.4,0.085
1.4,0.085
1.4,0.085
1.5,0.085
1.5,0.085
1.5,0.085
1.5,0.085
1.5,0.085
1.6,0.085
1.6,0.085
1.7,0.085
1.7,0.085
1.7,0.085
1.7,0.085
1.8,0.085
1.8,0.085
1.8,0.085
1.8,0.085
1.9,0.085
1.9,0.085
1.9,0.085
1.9,0.085
2.0,0.085
2.0,0.085
2.0,0.085
2.1,0.085
2.1,0.085
2.1,0.085
2.2,0.085
2.2,0.085
2.2,0.085
2.3,0.085
2.3,0.085
2.3,0.085
2.3,0.085
2.4,0.085
2.4,0.085
2.4,0.085
2.4,0.085
2.5,0.085
2.5,0.085
2.6,0.085
2.6,0.085
2.6,0.085
2.6,0.085
2.6,0.085
2.7,0.085
2.7,0.085
2.8,0.085
2.8,0.085
2.9,0.085
2.9,0.085
2.9,0.085
2.9,0.085
2.9,0.085
3.0,0.085
3.0,0.085
3.0,0.085
3.1,0.085
3.1,0.085
3.2,0.085
3.2,0.085
3.2,0.085
3.2,0.085
3.2,0.085
3.2,0.085
3.3,0.085
3.3,0.085
3.4,0.085
3.4,0.085
3.4,0.085
3.5,0.085
3.5,0.085
3.6,0.085
3.6,0.085
3.6,0.085
3.7,0.085
3.7,0.085
3.8,0.085
3.8,0.085
3.8,0.085
3.9,0.085
3.9,0.085
3.9,0.085
3.9,0.085
3.9,0.085
4.0,0.085
4.0,0.085
4.1,0.085
4.1,0.085
4.2,0.085
4.2,0.085
4.2,0.085
4.2,0.085
4.3,0.085
4.3,0.085
4.3,0.085
4.4,0.085
4.4,0.085
4.4,0.085
4.5,0.085
4.5,0.085
4.5,0.085
4.6,0.085
4.6,0.085
4.6,0.085
4.7,0.085
4.7,0.090
4.8,0.090
4.8,0.090
4.8,0.090
4.8,0.090
4.9,0.090
4.9,0.090
4.9,0.090
5.0,0.090
5.0,0.090
5.0,0.090
5.1,0.090
5.1,0.090
5.2,0.090
5.2,0.090
5.2,0.090
5.2,0.090
5.3,0.090
5.3,0.090
5.4,0.090
5.4,0.090
5.4,0.090
5.4,0.090
5.5,0.090
5.5,0.090
5.6,0.090
5.6,0.090
5.6,0.090
5.7,0.090
5.7,0.090
5.7,0.090
5.8,0.090
5.8,0.090
5.8,0.090
5.8,0.090
5.9,0.090
6.0,0.090
6.0,0.090
6.0,0.090
6.1,0.090
6.1,0.090
6.2,0.090
6.2,0.090
6.2,0.090
6.2,0.090
6.3,0.090
6.3,0.090
6.4,0.090
6.4,0.090
6.4,0.090
6.5,0.090
6.5,0.090
6.5,0.090
6.6,0.090
6.6,0.090
6.7,0.090
6.7,0.090
6.7,0.090
6.8,0.090
6.8,0.090
6.8,0.090
6.9,0.090
6.9,0.090
7.0,0.090
7.0,0.090
7.0,0.090
7.1,0.090
7.2,0.090
7.2,0.090
7.2,0.090
7.2,0.090
7.3,0.090
7.3,0.090
7.3,0.090
7.4,0.090
7.5,0.090
7.5,0.090
7.5,0.090
7.6,0.090
7.6,0.090
7.6,0.090
7.6,0.090
7.7,0.090
7.7,0.090
7.7,0.090
7.7,0.090
7.8,0.090
7.8,0.090
7.9,0.090
7.9,0.090
7.9,0.090
8.0,0.090
8.0,0.090
8.0,0.090
8.1,0.090
8.1,0.090
8.1,0.090
8.2,0.090
8.2,0.090
8.3,0.090
8.3,0.090
8.4,0.090
8.4,0.090
8.4,0.090
8.4,0.090
8.5,0.090
8.5,0.090
8.6,0.090
8.6,0.090
8.6,0.090
8.7,0.090
8.7,0.090
8.8,0.090
8.8,0.090
8.8,0.090
8.9,0.090
8.9,0.090
8.9,0.090
8.9,0.090
9.0,0.090
9.0,0.090
9.1,0.090
9.1,0.090
9.2,0.090
9.2,0.090
9.2,0.090
9.3,0.090
9.3,0.090
9.4,0.090
9.4,0.090
9.5,0.090
9.5,0.090
9.5,0.090
9.6,0.095
9.6,0.095
9.6,0.095
9.6,0.095
9.7,0.095
9.7,0.095
9.8,0.095
9.8,0.095
9.8,0.095
9.8,0.095
9.9,0.095
9.9,0.095
10.0,0.095
10.0,0.095
10.0,0.095
10.0,0.095
10.1,0.095
10.1,0.095
10.1,0.095
10.2,0.095
10.2,0.095
10.2,0.095
10.2,0.095
10.3,0.095
10.4,0.095
10.4,0.095
10.4,0.095
10.5,0.095
10.5,0.095
10.5,0.095
10.6,0.095
10.6,0.095
10.6,0.095
10.6,0.095
10.7,0.095
10.7,0.095
10.8,0.095
10.8,0.095
10.8,0.095
10.9,0.095
10.9,0.095
11.0,0.095
11.0,0.095
11.0,0.095
11.0,0.095
11.1,0.095
11.1,0.095
11.2,0.095
11.2,0.095
11.3,0.095
11.3,0.095
11.4,0.095
11.4,0.095
11.4,0.095
11.4,0.095
11.4,0.095
11.5,0.095
11.5,0.095
11.6,0.095
11.6,0.095
11.6,0.095
11.7,0.095
11.7,0.095
11.7,0.095
11.7,0.095
11.8,0.095
11.8,0.095
11.9,0.095
11.9,0.095
12.0,0.095
12.0,0.095
12.1,0.095
12.1,0.095
12.1,0.095
12.1,0.095
12.2,0.095
12.2,0.095
12.3,0.095
12.3,0.095
12.3,0.095
12.4,0.095
12.4,0.095
12.5,0.095
12.5,0.095
12.6,0.095
12.6,0.095
12.6,0.095
12.6,0.095
12.7,0.095
12.7,0.095
12.8,0.095
12.8,0.095
12.8,0.095
12.9,0.095
12.9,0.095
13.0,0.095
13.0,0.095
13.1,0.095
13.1,0.095
13.2,0.095
13.2,0.095
13.2,0.095
13.3,0.095
13.3,0.095
13.3,0.095
13.4,0.095
13.4,0.095
13.4,0.095
13.4,0.095
13.4,0.095
13.5,0.095
13.5,0.095
13.6,0.095
13.6,0.095
13.7,0.095
13.7,0.095
13.7,0.095
13.8,0.095
13.9,0.095
13.9,0.095
13.9,0.095
13.9,0.095
14.0,0.095
14.1,0.095
14.1,0.095
14.1,0.095
14.1,0.100
14.2,0.100
14.2,0.100
14.3,0.100
14.3,0.100
14.4,0.100
14.4,0.100
14.4,0.100
14.4,0.100
14.5,0.100
14.5,0.100
14.6,0.100
14.6,0.100
14.6,0.100
14.7,0.100
14.7,0.100
14.7,0.100
14.8,0.100
14.8,0.100
14.8,0.100
14.8,0.100
14.9,0.100
15.0,0.100
15.0,0.100
15.1,0.100
15.1,0.100
15.2,0.100
15.2,0.100
15.3,0.100
15.3,0.100
15.3,0.100
15.4,0.100
15.4,0.100
15.4,0.100
15.5,0.100
15.5,0.100
15.6,0.100
15.6,0.100
15.6,0.100
15.7,0.100
15.7,0.100
15.7,0.100
15.7,0.100
15.8,0.100
15.8,0.100
15.9,0.100
15.9,0.100
16.0,0.100
16.0,0.100
16.0,0.100
16.1,0.100
16.1,0.100
16.2,0.100
16.2,0.100
16.2,0.100
16.2,0.100
16.3,0.100
16.4,0.100
16.4,0.100
16.4,0.100
16.5,0.100
16.5,0.100
16.5,0.100
16.6,0.100
16.6,0.100
16.7,0.100
16.7,0.100
16.8,0.100
16.8,0.100
16.8,0.100
16.9,0.100
16.9,0.100
16.9,0.100
17.0,0.100
17.0,0.100
17.0,0.100
17.1,0.100
17.2,0.100
17.2,0.100
17.2,0.100
17.3,0.100
17.3,0.100
17.3,0.100
17.4,0.100
17.4,0.100
17.5,0.100
17.5,0.100
17.5,0.100
17.5,0.100
17.6,0.100
17.7,0.100
17.7,0.100
17.7,0.100
17.8,0.100
17.8,0.100
17.9,0.100
17.9,0.100
17.9,0.100
18.0,0.100
18.0,0.100
18.0,0.100
18.1,0.100
18.1,0.100
18.1,0.100
18.2,0.100
18.3,0.100
18.3,0.100
18.4,0.100
18.4,0.100
18.4,0.100
18.4,0.100
18.5,0.100
18.5,0.100
18.6,0.100
18.6,0.105
18.6,0.105
18.7,0.105
18.7,0.105
18.8,0.105
18.8,0.105
18.8,0.105
18.9,0.105
18.9,0.105
19.0,0.105
19.0,0.105
19.1,0.105
19.1,0.105
19.1,0.105
19.1,0.105
19.2,0.105
19.2,0.105
19.3,0.105
19.3,0.105
19.4,0.105
19.4,0.105
19.4,0.105
19.5,0.105
19.5,0.105
19.6,0.105
19.6,0.105
19.6,0.105
19.7,0.105
19.8,0.105
19.8,0.105
19.8,0.105
19.8,0.105
19.9,0.105
19.9,0.105
19.9,0.105
19.9,0.105
20.0,0.105
20.0,0.105
20.1,0.105
20.1,0.105
20.1,0.105
20.2,0.105
20.3,0.105
20.3,0.105
20.3,0.105
20.3,0.105
20.4,0.105
20.5,0.105
20.5,0.105
20.6,0.105
20.6,0.105
20.6,0.105
20.7,0.105
20.7,0.105
20.8,0.105
20.8,0.105
20.8,0.105
20.8,0.105
20.9,0.105
21.0,0.105
21.0,0.105
21.0,0.105
21.1,0.105
21.1,0.105
21.2,0.105
21.2,0.105
21.2,0.105
21.2,0.105
21.2,0.105
21.3,0.105
21.3,0.105
21.4,0.105
21.4,0.105
21.5,0.105
21.5,0.105
21.5,0.105
21.6,0.105
21.6,0.105
21.7,0.105
21.7,0.105
21.7,0.105
21.8,0.105
21.8,0.105
21.9,0.105
21.9,0.105
21.9,0.105
22.0,0.105
22.0,0.105
22.0,0.105
22.1,0.105
22.1,0.105
22.2,0.105
22.2,0.105
22.2,0.105
22.3,0.105
22.4,0.105
22.4,0.105
22.4,0.105
22.5,0.105
22.5,0.105
22.6,0.105
22.6,0.105
22.7,0.105
22.7,0.105
22.7,0.105
22.8,0.105
22.8,0.105
22.9,0.105
22.9,0.105
22.9,0.105
22.9,0.105
23.0,0.105
23.0,0.105
23.1,0.105
23.1,0.105
23.2,0.105
23.2,0.110
23.2,0.110
23.3,0.110
23.3,0.110
23.3,0.110
23.4,0.110
23.4,0.110
23.4,0.110
23.5,0.110
23.6,0.110
23.6,0.110
23.6,0.110
23.7,0.110
23.7,0.110
23.7,0.110
23.7,0.110
23.8,0.110
23.8,0.110
23.8,0.110
23.9,0.110
24.0,0.110
24.0,0.110
24.0,0.110
24.1,0.110
24.1,0.110
24.2,0.110
24.2,0.110
24.2,0.110
24.3,0.110
24.3,0.110
24.4,0.110
24.4,0.110
24.5,0.110
24.5,0.110
24.5,0.110
24.6,0.110
24.6,0.110
24.7,0.110
24.7,0.110
24.7,0.110
24.8,0.110
24.8,0.110
24.8,0.110
24.9,0.110
24.9,0.110
25.0,0.110
25.0,0.110
25.0,0.110
25.0,0.110
25.1,0.110
25.1,0.110
25.2,0.110
25.2,0.110
25.3,0.110
25.3,0.110
25.4,0.110
25.4,0.110
25.4,0.110
25.5,0.110
25.5,0.110
25.6,0.110
25.6,0.110
25.6,0.110
25.7,0.110
25.7,0.110
25.8,0.110
25.8,0.110
25.8,0.110
25.9,0.110
25.9,0.110
26.0,0.110
26.0,0.110
26.0,0.110
26.0,0.110
26.1,0.110
26.1,0.110
26.1,0.110
26.2,0.110
26.2,0.110
26.3,0.110
26.3,0.110
26.3,0.110
26.4,0.110
26.4,0.110
26.4,0.110
26.5,0.110
26.5,0.110
26.6,0.110
26.6,0.110
26.6,0.110
26.6,0.110
26.7,0.110
26.7,0.110
26.7,0.110
26.8,0.110
26.8,0.110
26.9,0.110
26.9,0.110
26.9,0.110
27.0,0.110
27.0,0.110
27.0,0.110
27.1,0.110
27.1,0.110
27.1,0.110
27.2,0.110
27.2,0.110
27.2,0.110
27.2,0.110
27.3,0.110
27.3,0.110
27.3,0.110
27.3,0.110
27.4,0.110
27.4,0.110
27.5,0.110
27.5,0.115
27.5,0.115
27.5,0.115
27.6,0.115
27.7,0.115
27.7,0.115
27.8,0.115
27.8,0.115
27.8,0.115
27.8,0.115
27.9,0.115
27.9,0.115
27.9,0.115
27.9,0.115
28.0,0.115
28.0,0.115
28.1,0.115
28.1,0.115
28.1,0.115
28.2,0.115
28.2,0.115
28.2,0.115
28.2,0.115
28.2,0.115
28.3,0.115
28.3,0.115
28.3,0.115
28.4,0.115
28.4,0.115
28.5,0.115
28.5,0.115
28.5,0.115
28.6,0.115
28.6,0.115
28.6,0.115
28.7,0.115
28.7,0.115
28.7,0.115
28.7,0.115
28.8,0.115
28.8,0.115
28.8,0.115
28.9,0.115
28.9,0.115
28.9,0.115
28.9,0.115
29.0,0.115
29.0,0.115
29.1,0.115
29.1,0.115
29.1,0.115
29.1,0.115
29.1,0.115
29.2,0.115
29.2,0.115
29.2,0.115
29.2,0.115
29.2,0.115
29.2,0.115
29.2,0.115
29.2,0.115
29.2,0.115
29.2,0.115
29.3,0.115
29.3,0.115
29.3,0.115
29.3,0.115
29.3,0.115
29.3,0.115
29.3,0.115
29.3,0.115
29.3,0.115
29.3,0.115
29.3,0.115
29.3,0.115
29.3,0.115
29.3,0.115
29.3,0.115
29.3,0.115
29.3,0.115
29.3,0.115
29.3,0.115
29.3,0.115
29.3,0.115
29.3,0.115
29.3,0.115
29.3,0.115
29.3,0.115
29.3,0.115
29.3,0.115
29.3,0.115
29.3,0.115
29.3,0.115
29.2,0.115
29.2,0.115
29.2,0.115
29.1,0.115
29.1,0.115
29.1,0.115
29.1,0.115
29.0,0.115
29.0,0.115
29.0,0.115
29.0,0.115
28.9,0.115
28.9,0.115
28.8,0.115
28.7,0.115
28.7,0.115
28.6,0.115
28.6,0.115
28.5,0.115
28.5,0.120
28.4,0.120
28.3,0.120
28.3,0.120
28.2,0.120
28.2,0.120
28.1,0.120
28.0,0.120
28.0,0.120
27.9,0.120
27.9,0.120
27.8,0.120
27.7,0.120
27.6,0.120
27.5,0.120
27.4,0.120
27.3,0.120
27.2,0.120
27.1,0.120
27.1,0.120
27.0,0.120
26.9,0.120
26.8,0.120
26.7,0.120
26.6,0.120
26.5,0.120
26.4,0.120
26.4,0.120
26.3,0.120
26.2,0.120
26.1,0.120
26.0,0.120
25.9,0.120
25.9,0.120
25.8,0.120
25.7,0.120
25.7,0.120
25.6,0.120
25.6,0.120
25.5,0.120
25.5,0.120
25.4,0.120
25.4,0.120
25.4,0.120
25.3,0.120
25.3,0.120
25.3,0.120
25.3,0.120
25.2,0.120
25.2,0.120
25.2,0.120
25.2,0.120
25.2,0.120
25.2,0.120
25.2,0.120
25.2,0.120
25.2,0.120
25.2,0.120
25.2,0.120
25.2,0.120
25.2,0.120
25.2,0.120
25.2,0.120
25.2,0.120
25.2,0.120
25.2,0.120
25.2,0.120
25.2,0.120
25.2,0.120
25.2,0.120
25.2,0.120
25.2,0.120
25.2,0.120
25.3,0.120
25.3,0.120
25.3,0.120
25.3,0.120
25.3,0.120
25.3,0.120
25.3,0.120
25.3,0.120
25.3,0.120
25.4,0.120
25.4,0.120
25.5,0.120
25.5,0.120
25.5,0.120
25.6,0.120
25.6,0.120
25.5,0.120
25.5,0.120
25.5,0.120
25.5,0.120
25.6,0.120
25.6,0.120
25.6,0.120
25.7,0.120
25.7,0.125
25.7,0.125
25.8,0.125
25.8,0.125
25.8,0.125
25.9,0.125
25.9,0.125
25.9,0.125
25.9,0.125
25.9,0.125
26.0,0.125
26.0,0.125
26.1,0.125
26.1,0.125
26.1,0.125
26.1,0.125
26.2,0.125
26.2,0.125
26.2,0.125
26.2,0.125
26.3,0.125
26.3,0.125
26.4,0.125
26.4,0.125
26.4,0.125
26.5,0.125
26.5,0.125
26.5,0.125
26.5,0.125
26.6,0.125
26.6,0.125
26.6,0.125
26.6,0.125
26.7,0.125
26.7,0.125
26.7,0.125
26.8,0.125
26.8,0.125
26.8,0.125
26.8,0.125
26.8,0.125
26.9,0.125
26.9,0.125
26.9,0.125
27.0,0.125
27.0,0.125
27.0,0.125
27.0,0.125
27.0,0.125
27.1,0.125
27.1,0.125
27.2,0.125
27.2,0.125
27.2,0.125
27.2,0.125
27.3,0.125
27.3,0.125
27.3,0.125
27.4,0.125
27.4,0.125
27.4,0.125
27.4,0.125
27.4,0.125
27.5,0.125
27.5,0.125
27.5,0.125
27.5,0.125
27.6,0.125
27.6,0.125
27.6,0.125
27.7,0.125
27.7,0.125
27.7,0.125
27.7,0.125
27.7,0.125
27.8,0.125
27.8,0.125
27.8,0.125
27.9,0.125
27.9,0.125
27.9,0.125
27.9,0.125
27.9,0.125
27.9,0.125
27.9,0.125
27.9,0.125
28.0,0.125
28.0,0.125
28.0,0.125
28.0,0.125
28.0,0.125
28.1,0.125
28.1,0.130
28.1,0.130
28.1,0.130
28.1,0.130
28.1,0.130
28.1,0.130
28.2,0.130
28.2,0.130
28.2,0.130
28.2,0.130
28.3,0.130
28.3,0.130
28.4,0.130
28.4,0.130
28.4,0.130
28.4,0.130
28.4,0.130
28.4,0.130
28.5,0.130
28.4,0.130
28.4,0.130
28.4,0.130
28.5,0.130
28.5,0.130
28.5,0.130
28.5,0.130
28.5,0.130
28.5,0.130
28.5,0.130
28.6,0.130
28.6,0.130
28.6,0.130
28.6,0.130
28.6,0.130
28.6,0.130
28.6,0.130
28.7,0.130
28.7,0.130
28.8,0.130
28.8,0.130
28.8,0.130
28.8,0.130
28.8,0.130
28.8,0.130
28.8,0.130
28.8,0.130
28.8,0.130
28.8,0.130
28.8,0.130
28.8,0.130
28.8,0.130
28.8,0.130
28.9,0.130
28.9,0.130
28.9,0.130
28.9,0.130
28.9,0.130
28.9,0.130
28.9,0.130
28.9,0.130
28.9,0.130
28.9,0.130
28.9,0.130
28.9,0.130
28.9,0.130
28.9,0.130
28.9,0.130
28.9,0.130
29.0,0.130
29.0,0.130
29.0,0.130
29.0,0.130
29.0,0.130
29.0,0.130
29.0,0.130
29.0,0.130
29.1,0.130
29.1,0.130
29.1,0.130
29.1,0.130
29.1,0.130
29.1,0.130
29.1,0.130
29.1,0.130
29.1,0.130
29.1,0.130
29.1,0.130
29.1,0.130
29.1,0.130
29.1,0.130
29.1,0.130
29.2,0.130
29.2,0.130
29.2,0.135
29.2,0.135
29.2,0.135
29.2,0.135
29.2,0.135
29.2,0.135
29.2,0.135
29.2,0.135
29.3,0.135
29.3,0.135
29.3,0.135
29.3,0.135
29.3,0.135
29.3,0.135
29.3,0.135
29.3,0.135
29.3,0.135
29.3,0.135
29.3,0.135
29.3,0.135
29.3,0.135
29.3,0.135
29.3,0.135
29.3,0.135
29.3,0.135
29.4,0.135
29.4,0.135
29.4,0.135
29.4,0.135
29.4,0.135
29.4,0.135
29.4,0.135
29.4,0.135
29.4,0.135
29.4,0.135
29.4,0.135
29.4,0.135
29.4,0.135
29.5,0.135
29.4,0.135
29.4,0.135
29.5,0.135
29.5,0.135
29.5,0.135
29.5,0.135
29.5,0.135
29.5,0.135
29.5,0.135
29.5,0.135
29.5,0.135
29.5,0.135
29.5,0.135
29.6,0.135
29.6,0.135
29.6,0.135
29.6,0.135
29.6,0.135
29.6,0.135
29.6,0.135
29.6,0.135
29.6,0.135
29.6,0.135
29.6,0.135
29.6,0.135
29.6,0.135
29.6,0.135
29.6,0.135
29.6,0.135
29.6,0.135
29.6,0.135
29.6,0.135
29.6,0.135
29.7,0.135
29.7,0.135
29.7,0.135
29.7,0.135
29.7,0.135
29.7,0.135
29.7,0.135
29.7,0.135
29.7,0.135
29.7,0.135
29.7,0.135
29.7,0.135
29.7,0.135
29.7,0.135
29.7,0.135
29.7,0.135
29.7,0.135
29.7,0.135
29.7,0.135
29.7,0.135
29.8,0.135
29.8,0.140
29.8,0.140
29.8,0.140
29.8,0.140
29.8,0.140
29.8,0.140
29.8,0.140
29.8,0.140
29.8,0.140
29.8,0.140
29.8,0.140
29.8,0.140
29.8,0.140
29.8,0.140
29.8,0.140
29.8,0.140
29.8,0.140
29.8,0.140
29.8,0.140
29.8,0.140
29.8,0.140
29.8,0.140
29.8,0.140
29.8,0.140
29.8,0.140
29.8,0.140
29.8,0.140
29.9,0.140
29.9,0.140
29.9,0.140
29.9,0.140
29.9,0.140
29.9,0.140
29.9,0.140
29.9,0.140
29.9,0.140
29.9,0.140
29.9,0.140
29.9,0.140
29.9,0.140
29.9,0.140
29.9,0.140
29.9,0.140
29.9,0.140
29.9,0.140
29.9,0.140
29.9,0.140
29.9,0.140
29.9,0.140
29.9,0.140
30.0,0.140
30.0,0.140
30.0,0.140
30.0,0.140
30.0,0.140
30.0,0.140
30.0,0.140
30.0,0.140
30.0,0.140
30.0,0.140
30.0,0.140
30.0,0.140
30.0,0.140
30.0,0.140
30.1,0.140
30.1,0.140
30.1,0.140
30.1,0.140
30.1,0.140
30.1,0.140
30.1,0.140
30.1,0.140
30.1,0.140
30.1,0.140
30.1,0.140
30.1,0.140
30.1,0.140
30.1,0.140
30.1,0.140
30.1,0.140
30.1,0.140
30.1,0.140
30.2,0.140
30.2,0.140
30.2,0.140
30.2,0.140
30.2,0.140
30.2,0.140
30.2,0.140
30.2,0.140
30.2,0.140
30.2,0.140
30.2,0.140
30.2,0.140
30.2,0.140
30.2,0.140
30.2,0.140
30.2,0.145
30.2,0.145
30.3,0.145
30.3,0.145
30.3,0.145
30.3,0.145
30.3,0.145
30.3,0.145
30.3,0.145
30.3,0.145
30.3,0.145
30.3,0.145
30.3,0.145
30.3,0.145
30.3,0.145
30.3,0.145
30.3,0.145
30.3,0.145
30.3,0.145
30.3,0.145
30.4,0.145
30.4,0.145
30.4,0.145
30.4,0.145
30.4,0.145
30.4,0.145
30.4,0.145
30.4,0.145
30.4,0.145
30.4,0.145
30.4,0.145
30.4,0.145
30.4,0.145
30.4,0.145
30.4,0.145
30.4,0.145
30.4,0.145
30.4,0.145
30.4,0.145
30.4,0.145
30.4,0.145
30.4,0.145
30.4,0.145
30.4,0.145
30.4,0.145
30.5,0.145
30.5,0.145
30.5,0.145
30.5,0.145
30.5,0.145
30.5,0.145
30.6,0.145
30.6,0.145
30.6,0.145
30.6,0.145
30.6,0.145
30.6,0.145
30.6,0.145
30.6,0.145
30.6,0.145
30.6,0.145
30.6,0.145
30.6,0.145
30.6,0.145
30.6,0.145
30.6,0.145
30.6,0.145
30.6,0.145
30.6,0.145
30.6,0.145
30.7,0.145
30.7,0.145
30.7,0.145
30.7,0.145
30.7,0.145
30.7,0.145
30.7,0.145
30.7,0.145
30.7,0.145
30.7,0.145
30.7,0.145
30.7,0.145
30.7,0.145
30.7,0.145
30.7,0.145
30.7,0.145
30.7,0.145
30.7,0.145
30.8,0.145
30.8,0.145
30.8,0.145
30.8,0.145
30.8,0.145
30.8,0.145
30.8,0.145
30.8,0.145
30.8,0.145
30.8,0.145
30.9,0.145
30.9,0.150
30.9,0.150
30.9,0.150
30.9,0.150
30.9,0.150
30.9,0.150
30.9,0.150
30.9,0.150
30.9,0.150
30.9,0.150
30.9,0.150
30.9,0.150
30.9,0.150
30.9,0.150
30.9,0.150
30.9,0.150
30.9,0.150
30.9,0.150
30.9,0.150
30.9,0.150
30.9,0.150
30.9,0.150
30.9,0.150
30.9,0.150
30.9,0.150
30.9,0.150
30.9,0.150
30.9,0.150
30.9,0.150
30.9,0.150
30.9,0.150
30.9,0.150
30.9,0.150
30.9,0.150
31.0,0.150
31.0,0.150
31.0,0.150
31.0,0.150
31.0,0.150
31.0,0.150
31.0,0.150
31.0,0.150
31.0,0.150
31.0,0.150
31.0,0.150
31.0,0.150
31.0,0.150
31.0,0.150
31.0,0.150
31.0,0.150
31.0,0.150
31.0,0.150
31.0,0.150
31.0,0.150
31.0,0.150
31.0,0.150
31.0,0.150
31.0,0.150
31.0,0.150
31.0,0.150
31.0,0.150
31.0,0.150
31.0,0.150
31.0,0.150
31.0,0.150
31.0,0.150
31.0,0.150
31.0,0.150
31.0,0.150
31.0,0.150
31.0,0.150
31.0,0.150
31.0,0.150
31.0,0.150
31.0,0.150
31.0,0.150
31.0,0.150
31.0,0.150
31.0,0.150
31.0,0.150
31.0,0.150
31.1,0.150
31.1,0.150
31.1,0.150
31.1,0.150
31.1,0.150
31.1,0.150
31.1,0.150
31.1,0.150
31.1,0.150
31.1,0.150
31.1,0.150
31.1,0.150
31.1,0.150
31.1,0.150
31.1,0.150
31.1,0.150
31.1,0.150
31.1,0.150
31.1,0.150
31.1,0.150
31.1,0.150
31.1,0.150
31.1,0.150
31.1,0.150
31.1,0.150
31.1,0.150
31.1,0.150
31.1,0.155
31.1,0.155
31.1,0.155
31.1,0.155
31.1,0.155
31.1,0.155
31.1,0.155
31.1,0.155
31.1,0.155
31.1,0.155
31.1,0.155
31.1,0.155
31.1,0.155
31.1,0.155
31.1,0.155
31.1,0.155
31.1,0.155
31.1,0.155
31.1,0.155
31.1,0.155
31.1,0.155
31.1,0.155
31.1,0.155
31.1,0.155
31.1,0.155
31.1,0.155
31.2,0.155
31.2,0.155
31.2,0.155
31.2,0.155
31.2,0.155
31.2,0.155
31.2,0.155
31.2,0.155
31.2,0.155
31.2,0.155
31.2,0.155
31.2,0.155
31.2,0.155
31.2,0.155
31.2,0.155
31.2,0.155
31.2,0.155
31.2,0.155
31.2,0.155
31.2,0.155
31.2,0.155
31.2,0.155
31.2,0.155
31.2,0.155
31.2,0.155
31.2,0.155
31.3,0.155
31.3,0.155
31.3,0.155
31.3,0.155
31.3,0.155
31.3,0.155
31.3,0.155
31.3,0.155
31.3,0.155
31.3,0.155
31.3,0.155
31.3,0.155
31.3,0.155
31.3,0.155
31.3,0.155
31.3,0.155
31.3,0.155
31.3,0.155
31.3,0.155
31.3,0.155
31.3,0.155
31.3,0.155
31.3,0.155
31.3,0.155
31.3,0.155
31.3,0.155
31.3,0.155
31.4,0.155
31.4,0.155
31.4,0.155
31.4,0.155
31.4,0.155
31.4,0.155
31.4,0.155
31.4,0.155
31.4,0.155
31.4,0.155
31.4,0.155
31.4,0.155
31.4,0.155
31.4,0.155
31.4,0.155
31.4,0.155
31.4,0.155
31.4,0.155
31.4,0.155
31.4,0.155
31.4,0.160
31.4,0.160
31.4,0.160
31.4,0.160
31.4,0.160
31.4,0.160
31.4,0.160
31.4,0.160
31.4,0.160
31.4,0.160
31.4,0.160
31.4,0.160
31.4,0.160
31.4,0.160
31.5,0.160
31.5,0.160
31.5,0.160
31.5,0.160
31.5,0.160
31.5,0.160
31.5,0.160
31.5,0.160
31.5,0.160
31.5,0.160
31.5,0.160
31.5,0.160
31.5,0.160
31.5,0.160
31.5,0.160
31.5,0.160
31.5,0.160
31.5,0.160
31.6,0.160
31.6,0.160
31.6,0.160
31.6,0.160
31.6,0.160
31.6,0.160
31.6,0.160
31.6,0.160
31.6,0.160
31.6,0.160
31.6,0.160
31.6,0.160
31.6,0.160
31.6,0.160
31.6,0.160
31.6,0.160
31.6,0.160
31.6,0.160
31.6,0.160
31.6,0.160
31.6,0.160
31.6,0.160
31.6,0.160
31.6,0.160
31.6,0.160
31.6,0.160
31.6,0.160
31.6,0.160
31.6,0.160
31.6,0.160
31.6,0.160
31.6,0.160
31.6,0.160
31.6,0.160
31.6,0.160
31.6,0.160
31.6,0.160
31.6,0.160
31.6,0.160
31.7,0.160
31.7,0.160
31.7,0.160
31.7,0.160
31.7,0.160
31.7,0.160
31.7,0.160
31.7,0.160
31.7,0.160
31.7,0.160
31.7,0.160
31.7,0.160
31.7,0.160
31.7,0.160
31.7,0.160
31.7,0.160
31.7,0.160
31.7,0.160
31.7,0.160
31.7,0.160
31.7,0.160
31.7,0.160
31.7,0.160
31.7,0.160
31.7,0.160
31.7,0.160
31.7,0.160
31.7,0.160
31.7,0.160
31.7,0.160
31.7,0.160
31.7,0.160
31.7,0.165
31.7,0.165
31.7,0.165
31.7,0.165
31.7,0.165
31.7,0.165
31.7,0.165
31.7,0.165
31.7,0.165
31.7,0.165
31.7,0.165
31.8,0.165
31.8,0.165
31.8,0.165
31.8,0.165
31.8,0.165
31.8,0.165
31.8,0.165
31.8,0.165
31.8,0.165
31.8,0.165
31.8,0.165
31.8,0.165
31.8,0.165
31.8,0.165
31.8,0.165
31.8,0.165
31.8,0.165
31.8,0.165
31.8,0.165
31.8,0.165
31.8,0.165
31.8,0.165
31.8,0.165
31.8,0.165
31.9,0.165
31.9,0.165
31.9,0.165
31.9,0.165
31.9,0.165
31.9,0.165
31.9,0.165
31.9,0.165
31.9,0.165
31.9,0.165
31.9,0.165
31.9,0.165
31.9,0.165
31.9,0.165
31.9,0.165
31.9,0.165
31.9,0.165
31.9,0.165
31.9,0.165
31.9,0.165
31.9,0.165
31.9,0.165
31.9,0.165
31.9,0.165
31.9,0.165
31.9,0.165
31.9,0.165
31.9,0.165
31.9,0.165
31.9,0.165
31.9,0.165
31.9,0.165
31.9,0.165
31.9,0.165
31.9,0.165
31.9,0.165
31.9,0.165
31.9,0.165
31.9,0.165
31.9,0.165
31.9,0.165
31.9,0.165
31.9,0.165
31.9,0.165
31.9,0.165
31.9,0.165
31.9,0.165
31.9,0.165
31.9,0.165
31.9,0.165
31.9,0.165
31.9,0.165
31.9,0.165
31.9,0.165
31.9,0.165
31.9,0.165
31.9,0.165
31.9,0.165
31.9,0.170
31.9,0.170
31.9,0.170
31.9,0.170
31.9,0.170
31.9,0.170
31.9,0.170
31.9,0.170
31.9,0.170
31.9,0.170
31.9,0.170
31.9,0.170
31.9,0.170
31.9,0.170
31.9,0.170
31.9,0.170
31.9,0.170
31.9,0.170
31.9,0.170
31.9,0.170
31.9,0.170
31.9,0.170
31.9,0.170
31.9,0.170
31.9,0.170
31.9,0.170
31.9,0.170
31.9,0.170
31.9,0.170
31.9,0.170
31.9,0.170
32.0,0.170
32.0,0.170
32.0,0.170
32.0,0.170
32.0,0.170
32.0,0.170
32.0,0.170
32.0,0.170
32.0,0.170
32.0,0.170
32.0,0.170
32.0,0.170
32.0,0.170
32.0,0.170
32.0,0.170
32.0,0.170
32.0,0.170
32.0,0.170
32.0,0.170
32.0,0.170
32.0,0.170
32.0,0.170
32.0,0.170
32.0,0.170
32.0,0.170
32.0,0.170
32.0,0.170
32.0,0.170
32.0,0.170
32.0,0.170
32.0,0.170
31.9,0.170
31.9,0.170
31.9,0.170
31.9,0.170
31.9,0.170
31.9,0.170
31.9,0.170
31.9,0.170
31.9,0.170
31.9,0.170
31.9,0.170
31.9,0.170
31.9,0.170
31.9,0.170
31.9,0.170
31.9,0.170
31.9,0.170
31.9,0.170
31.9,0.170
31.9,0.170
31.9,0.170
31.9,0.170
32.0,0.170
32.0,0.170
32.0,0.170
32.0,0.170
32.0,0.175
32.0,0.175
32.0,0.175
32.0,0.175
32.0,0.175
32.0,0.175
32.0,0.175
32.0,0.175
32.0,0.175
32.0,0.175
32.0,0.175
32.0,0.175
32.0,0.175
32.0,0.175
32.0,0.175
32.0,0.175
32.0,0.175
32.0,0.175
32.0,0.175
32.0,0.175
32.0,0.175
32.0,0.175
32.0,0.175
32.0,0.175
32.0,0.175
32.0,0.175
32.0,0.175
32.0,0.175
32.0,0.175
32.0,0.175
32.0,0.175
32.0,0.175
32.0,0.175
32.0,0.175
32.0,0.175
32.0,0.175
32.0,0.175
32.0,0.175
32.0,0.175
32.0,0.175
32.1,0.175
32.1,0.175
32.1,0.175
32.1,0.175
32.1,0.175
32.1,0.175
32.1,0.175
32.1,0.175
32.1,0.175
32.1,0.175
32.1,0.175
32.1,0.175
32.1,0.175
32.1,0.175
32.1,0.175
32.1,0.175
32.1,0.175
32.1,0.175
32.1,0.175
32.1,0.175
32.1,0.175
32.1,0.175
32.1,0.175
32.1,0.175
32.1,0.175
32.1,0.175
32.1,0.175
32.1,0.175
32.1,0.175
32.1,0.175
32.1,0.175
32.1,0.175
32.1,0.180
32.1,0.180
32.1,0.180
32.1,0.180
32.1,0.180
32.1,0.180
32.1,0.180
32.1,0.180
32.1,0.180
32.1,0.180
32.1,0.180
32.1,0.180
32.1,0.180
32.1,0.180
32.1,0.180
32.1,0.180
32.1,0.180
32.1,0.180
32.1,0.180
32.1,0.180
32.0,0.180
32.0,0.180
32.0,0.180
32.0,0.180
32.0,0.180
32.0,0.180
32.0,0.180
32.0,0.180
32.0,0.180
32.0,0.180
32.0,0.180
32.0,0.180
32.0,0.180
32.0,0.180
32.1,0.180
32.1,0.180
32.1,0.180
32.1,0.180
32.1,0.180
32.1,0.180
32.1,0.180
32.1,0.180
32.1,0.180
32.1,0.180
32.1,0.180
32.1,0.180
32.1,0.180
32.1,0.180
32.1,0.180
32.1,0.180
32.1,0.180
32.1,0.180
32.1,0.180
32.1,0.180
32.1,0.180
32.1,0.180
32.1,0.180
32.1,0.180
32.1,0.180
32.1,0.180
32.1,0.180
32.1,0.180
32.1,0.180
32.1,0.180
32.1,0.180
32.1,0.180
32.0,0.180
32.0,0.185
32.0,0.185
32.0,0.185
32.0,0.185
32.0,0.185
32.0,0.185
32.0,0.185
32.0,0.185
32.0,0.185
32.0,0.185
32.0,0.185
32.0,0.185
32.0,0.185
32.0,0.185
32.0,0.185
32.0,0.185
32.0,0.185
32.0,0.185
32.0,0.185
32.0,0.185
32.0,0.185
32.0,0.185
32.0,0.185
32.0,0.185
32.0,0.185
32.0,0.185
32.0,0.185
32.0,0.185
32.0,0.185
32.0,0.185
32.1,0.185
32.1,0.185
32.1,0.185
32.1,0.185
32.1,0.185
32.1,0.185
32.1,0.185
32.1,0.185
32.1,0.185
32.1,0.185
32.1,0.185
32.1,0.185
32.1,0.185
32.1,0.185
32.1,0.185
32.1,0.185
32.1,0.185
32.1,0.185
32.1,0.185
32.1,0.185
32.1,0.185
32.1,0.185
32.1,0.185
32.1,0.185
32.1,0.185
32.1,0.185
32.1,0.185
32.1,0.185
32.1,0.185
32.1,0.185
32.1,0.185
32.1,0.185
32.2,0.185
32.2,0.185
32.2,0.185
32.2,0.185
32.2,0.185
32.2,0.185
32.2,0.185
32.2,0.190
32.2,0.190
32.2,0.190
32.2,0.190
32.2,0.190
32.2,0.190
32.2,0.190
32.2,0.190
32.2,0.190
32.2,0.190
32.2,0.190
32.2,0.190
32.2,0.190
32.2,0.190
32.2,0.190
32.2,0.190
32.2,0.190
32.2,0.190
32.2,0.190
32.2,0.190
32.2,0.190
32.2,0.190
32.2,0.190
32.2,0.190
32.2,0.190
32.2,0.190
32.2,0.190
32.2,0.190
32.2,0.190
32.2,0.190
32.2,0.190
32.2,0.190
32.2,0.190
32.2,0.190
32.2,0.190
32.2,0.190
32.2,0.190
32.2,0.190
32.2,0.190
32.2,0.190
32.2,0.190
32.2,0.190
32.2,0.190
32.2,0.190
32.2,0.190
32.2,0.190
32.2,0.190
32.2,0.190
32.2,0.190
32.3,0.190
32.3,0.190
32.3,0.190
32.3,0.190
32.3,0.190
32.3,0.190
32.3,0.190
32.3,0.190
32.3,0.190
32.3,0.190
32.3,0.195
32.3,0.195
32.3,0.195
32.3,0.195
32.3,0.195
32.3,0.195
32.3,0.195
32.3,0.195
32.3,0.195
32.3,0.195
32.3,0.195
32.3,0.195
32.3,0.195
32.3,0.195
32.3,0.195
32.3,0.195
32.3,0.195
32.3,0.195
32.3,0.195
32.3,0.195
32.3,0.195
32.3,0.195
32.3,0.195
32.3,0.195
32.3,0.195
32.3,0.195
32.3,0.195
32.3,0.195
32.3,0.195
32.3,0.195
32.3,0.195
32.3,0.195
32.3,0.195
32.3,0.195
32.3,0.195
32.3,0.195
32.3,0.195
32.3,0.195
32.3,0.195
32.3,0.195
32.3,0.195
32.3,0.195
32.3,0.195
32.3,0.195
32.3,0.195
32.3,0.195
32.3,0.195
32.3,0.195
32.3,0.195
32.3,0.195
32.4,0.195
32.4,0.195
32.4,0.195
32.4,0.195
32.4,0.195
32.4,0.195
32.4,0.200
32.4,0.200
32.4,0.200
32.4,0.200
32.4,0.200
32.4,0.200
32.4,0.200
32.4,0.200
32.4,0.200
32.4,0.200
32.4,0.200
32.4,0.200
32.4,0.200
32.4,0.200
32.5,0.200
32.5,0.200
32.6,0.200
32.5,0.200
32.5,0.200
32.5,0.200
32.6,0.200
32.6,0.200
32.6,0.200
32.6,0.200
32.6,0.200
32.6,0.200
32.6,0.200
32.7,0.200
32.7,0.200
32.7,0.200
32.7,0.200
32.7,0.200
32.7,0.200
32.7,0.200
32.7,0.200
32.7,0.200
32.8,0.200
32.8,0.200
32.8,0.200
32.8,0.200
32.8,0.200
32.8,0.200
32.9,0.200
32.9,0.200
32.9,0.200
32.9,0.200
32.9,0.200
32.9,0.200
33.0,0.205
33.0,0.205
33.0,0.205
33.0,0.205
33.0,0.205
33.0,0.205
33.0,0.205
33.0,0.205
33.0,0.205
33.0,0.205
33.1,0.205
33.1,0.205
33.1,0.205
33.1,0.205
33.1,0.205
33.2,0.205
33.1,0.205
33.1,0.205
33.1,0.205
33.3,0.205
33.2,0.205
33.2,0.205
33.2,0.205
33.2,0.205
33.3,0.205
33.3,0.205
33.3,0.205
33.3,0.205
33.3,0.205
33.3,0.205
33.4,0.205
33.3,0.205
33.4,0.205
33.4,0.205
33.5,0.205
33.5,0.205
33.5,0.205
33.5,0.205
33.5,0.205
33.6,0.205
33.6,0.205
33.6,0.205
33.6,0.205
33.6,0.205
33.7,0.205
33.7,0.205
33.7,0.205
33.8,0.205
33.8,0.205
33.8,0.205
33.8,0.205
33.9,0.205
33.9,0.210
33.9,0.210
33.9,0.210
34.0,0.210
34.0,0.210
34.0,0.210
34.1,0.210
34.1,0.210
34.2,0.210
34.2,0.210
34.3,0.210
34.3,0.210
34.3,0.210
34.3,0.210
34.4,0.210
34.4,0.210
34.5,0.210
34.5,0.210
34.5,0.210
34.5,0.210
34.6,0.210
34.6,0.210
34.6,0.210
34.6,0.210
34.6,0.210
34.6,0.210
34.7,0.210
34.7,0.210
34.8,0.210
34.8,0.210
34.9,0.210
34.9,0.210
34.9,0.210
35.0,0.210
35.0,0.210
35.1,0.210
35.1,0.210
35.1,0.210
35.1,0.210
35.2,0.210
35.2,0.210
35.2,0.210
35.2,0.210
35.3,0.210
35.3,0.210
35.4,0.210
35.4,0.210
35.4,0.210
35.5,0.210
35.5,0.210
35.5,0.210
35.6,0.215
35.6,0.215
35.6,0.215
35.7,0.215
35.7,0.215
35.7,0.215
35.8,0.215
35.8,0.215
35.8,0.215
35.9,0.215
35.9,0.215
35.9,0.215
35.9,0.215
36.0,0.215
36.0,0.215
36.0,0.215
36.1,0.215
36.1,0.215
36.1,0.215
36.1,0.215
36.2,0.215
36.2,0.215
36.2,0.215
36.3,0.215
36.3,0.215
36.3,0.215
36.4,0.215
36.4,0.215
36.4,0.215
36.4,0.215
36.4,0.215
36.4,0.215
36.4,0.215
36.4,0.215
36.4,0.215
36.6,0.215
36.6,0.215
36.6,0.215
36.6,0.215
36.6,0.215
36.7,0.215
36.6,0.215
36.6,0.215
36.6,0.215
36.6,0.215
36.6,0.215
36.6,0.215
36.6,0.220
36.6,0.220
36.7,0.220
36.7,0.220
36.7,0.220
36.7,0.220
36.7,0.220
36.7,0.220
36.7,0.220
36.7,0.220
36.7,0.220
36.7,0.220
36.7,0.220
36.7,0.220
36.7,0.220
36.7,0.220
36.7,0.220
36.7,0.220
36.7,0.220
36.7,0.220
36.7,0.220
36.7,0.220
36.7,0.220
36.7,0.220
36.7,0.220
36.7,0.220
36.7,0.220
36.7,0.220
36.7,0.220
36.7,0.220
36.7,0.220
36.7,0.220
36.7,0.220
36.7,0.220
36.7,0.220
36.7,0.220
36.7,0.220
36.7,0.220
36.7,0.220
36.7,0.220
36.7,0.220
36.7,0.220
36.7,0.220
36.7,0.225
36.7,0.225
36.7,0.225
36.7,0.225
36.7,0.225
36.7,0.225
36.7,0.225
36.7,0.225
36.7,0.225
36.7,0.225
36.7,0.225
36.7,0.225
36.7,0.225
36.7,0.225
36.7,0.225
36.7,0.225
36.7,0.225
36.7,0.225
36.7,0.225
36.7,0.225
36.7,0.225
36.7,0.225
36.7,0.225
36.7,0.225
36.7,0.225
36.7,0.225
36.7,0.225
36.7,0.225
36.7,0.225
36.7,0.225
36.7,0.225
36.7,0.225
36.7,0.225
36.7,0.225
36.7,0.225
36.7,0.225
36.7,0.225
36.7,0.225
36.7,0.225
36.7,0.225
36.7,0.225
36.7,0.225
36.7,0.225
36.7,0.225
36.7,0.230
36.7,0.230
36.8,0.230
36.8,0.230
36.8,0.230
36.8,0.230
36.8,0.230
36.8,0.230
36.8,0.230
36.8,0.230
36.8,0.230
36.8,0.230
36.7,0.230
36.7,0.230
36.7,0.230
36.7,0.230
36.7,0.230
36.7,0.230
36.7,0.230
36.7,0.230
36.7,0.230
36.7,0.230
36.7,0.230
36.7,0.230
36.7,0.230
36.7,0.230
36.7,0.230
36.8,0.230
36.8,0.230
36.8,0.230
36.8,0.230
36.8,0.230
36.8,0.230
36.8,0.230
36.8,0.230
36.8,0.230
36.8,0.230
36.8,0.230
36.8,0.230
36.8,0.230
36.8,0.230
36.8,0.230
36.8,0.235
36.8,0.235
36.8,0.235
36.8,0.235
36.7,0.235
36.7,0.235
36.7,0.235
36.7,0.235
36.7,0.235
36.7,0.235
36.7,0.235
36.7,0.235
36.7,0.235
36.7,0.235
36.7,0.235
36.7,0.235
36.7,0.235
36.7,0.235
36.7,0.235
36.7,0.235
36.7,0.235
36.7,0.235
36.7,0.235
36.7,0.235
36.7,0.235
36.7,0.235
36.7,0.235
36.7,0.235
36.7,0.235
36.7,0.235
36.7,0.235
36.7,0.235
36.7,0.235
36.7,0.235
36.7,0.235
36.7,0.235
36.7,0.235
36.7,0.240
36.7,0.240
36.7,0.240
36.7,0.240
36.7,0.240
36.7,0.240
36.7,0.240
36.7,0.240
36.7,0.240
36.7,0.240
36.7,0.240
36.7,0.240
36.7,0.240
36.7,0.240
36.7,0.240
36.7,0.240
36.8,0.240
36.8,0.240
36.8,0.240
36.8,0.240
36.8,0.240
36.8,0.240
36.8,0.240
36.8,0.240
36.8,0.240
36.8,0.240
36.8,0.240
36.8,0.240
36.8,0.240
36.8,0.240
36.8,0.240
36.8,0.240
36.8,0.240
36.8,0.240
36.8,0.240
36.8,0.240
36.8,0.240
36.8,0.240
36.8,0.245
36.9,0.245
36.9,0.245
36.9,0.245
36.9,0.245
36.9,0.245
36.9,0.245
36.9,0.245
36.9,0.245
36.8,0.245
36.8,0.245
36.8,0.245
36.8,0.245
36.8,0.245
36.8,0.245
36.8,0.245
36.8,0.245
36.8,0.245
36.8,0.245
36.8,0.245
36.8,0.245
36.8,0.245
36.8,0.245
36.8,0.245
36.8,0.245
36.8,0.245
36.8,0.245
36.8,0.245
36.8,0.245
36.8,0.245
36.8,0.245
36.8,0.245
36.8,0.245
36.8,0.245
36.8,0.245
36.8,0.250
36.8,0.250
36.8,0.250
36.8,0.250
36.8,0.250
36.8,0.250
36.8,0.250
36.8,0.250
36.8,0.250
36.8,0.250
36.8,0.250
36.8,0.250
36.8,0.250
36.8,0.250
36.8,0.250
36.8,0.250
36.8,0.250
36.8,0.250
36.8,0.250
36.8,0.250
36.8,0.250
36.8,0.250
36.8,0.250
36.8,0.250
36.8,0.250
36.8,0.250
36.9,0.250
36.9,0.250
36.9,0.250
36.9,0.250
36.9,0.250
36.9,0.250
36.9,0.250
36.9,0.250
36.9,0.250
36.9,0.255
36.9,0.255
36.9,0.255
36.9,0.255
36.9,0.255
36.9,0.255
36.9,0.255
36.9,0.255
36.9,0.255
36.9,0.255
36.9,0.255
36.9,0.255
36.9,0.255
36.9,0.255
36.9,0.255
36.9,0.255
36.9,0.255
36.9,0.255
36.9,0.255
36.9,0.255
36.9,0.255
36.9,0.255
36.9,0.255
36.9,0.255
36.9,0.255
36.9,0.255
36.9,0.255
36.9,0.255
36.9,0.255
36.9,0.255
36.9,0.255
36.9,0.260
36.9,0.260
36.9,0.260
36.9,0.260
36.9,0.260
36.9,0.260
36.9,0.260
36.9,0.260
36.9,0.260
36.9,0.260
36.9,0.260
36.9,0.260
36.9,0.260
36.9,0.260
36.9,0.260
36.9,0.260
36.9,0.260
36.9,0.260
36.9,0.260
36.9,0.260
36.9,0.260
36.9,0.260
36.9,0.260
36.9,0.260
36.9,0.260
36.9,0.260
36.9,0.260
36.9,0.260
36.9,0.260
37.0,0.260
37.0,0.265
36.9,0.265
36.9,0.265
36.9,0.265
36.9,0.265
36.9,0.265
36.9,0.265
36.9,0.265
36.9,0.265
36.9,0.265
36.9,0.265
36.9,0.265
36.9,0.265
36.9,0.265
36.9,0.265
36.9,0.265
36.9,0.265
36.9,0.265
36.9,0.265
36.9,0.265
36.9,0.265
36.9,0.265
36.9,0.265
36.9,0.265
36.9,0.265
36.9,0.265
36.9,0.265
36.9,0.265
36.9,0.265
36.9,0.265
36.9,0.265
36.9,0.270
36.9,0.270
36.9,0.270
36.9,0.270
36.9,0.270
36.9,0.270
36.9,0.270
36.9,0.270
36.9,0.270
36.9,0.270
36.9,0.270
36.9,0.270
36.9,0.270
36.9,0.270
36.9,0.270
36.9,0.270
36.9,0.270
36.9,0.270
36.9,0.270
36.9,0.270
36.9,0.270
36.9,0.270
36.9,0.270
36.9,0.270
36.9,0.270
36.9,0.270
36.9,0.270
36.9,0.270
36.9,0.270
36.9,0.270
37.0,0.275
37.0,0.275
37.0,0.275
37.0,0.275
37.0,0.275
37.0,0.275
37.0,0.275
37.0,0.275
37.0,0.275
37.0,0.275
37.0,0.275
37.0,0.275
37.0,0.275
37.0,0.275
37.0,0.275
37.0,0.275
37.0,0.275
37.0,0.275
37.0,0.275
37.0,0.275
37.0,0.275
37.0,0.275
37.0,0.275
37.0,0.275
37.0,0.275
37.0,0.275
37.0,0.275
37.0,0.275
37.0,0.275
37.0,0.275
37.0,0.280
37.0,0.280
37.0,0.280
37.0,0.280
37.0,0.280
37.0,0.280
37.0,0.280
37.0,0.280
37.0,0.280
37.0,0.280
37.0,0.280
37.0,0.280
37.0,0.280
37.0,0.280
37.0,0.280
37.0,0.280
37.0,0.280
37.0,0.280
37.0,0.280
37.0,0.280
37.0,0.280
37.0,0.280
37.0,0.280
37.0,0.280
37.0,0.280
37.0,0.280
37.0,0.280
37.0,0.285
37.0,0.285
37.0,0.285
37.0,0.285
37.0,0.285
37.0,0.285
37.0,0.285
37.0,0.285
37.0,0.285
37.0,0.285
37.0,0.285
37.0,0.285
37.0,0.285
37.0,0.285
37.0,0.285
37.0,0.285
37.0,0.285
37.0,0.285
37.0,0.285
37.0,0.285
37.0,0.285
37.0,0.285
37.0,0.285
37.0,0.285
37.0,0.285
37.0,0.285
37.0,0.285
37.0,0.285
37.0,0.285
37.0,0.290
37.0,0.290
37.0,0.290
37.0,0.290
37.0,0.290
37.0,0.290
37.0,0.290
37.0,0.290
37.0,0.290
37.0,0.290
37.0,0.290
37.0,0.290
37.0,0.290
37.0,0.290
37.0,0.290
37.0,0.290
37.0,0.290
37.0,0.290
37.0,0.290
37.0,0.290
37.0,0.290
37.0,0.290
37.0,0.290
37.0,0.290
37.0,0.290
37.0,0.290
37.0,0.290
37.0,0.290
37.0,0.290
37.0,0.295
37.0,0.295
37.0,0.295
37.0,0.295
37.0,0.295
37.0,0.295
37.0,0.295
37.0,0.295
37.0,0.295
37.0,0.295
37.0,0.295
37.0,0.295
37.0,0.295
37.0,0.295
37.0,0.295
37.0,0.295
37.0,0.295
37.0,0.295
37.0,0.295
37.0,0.295
37.0,0.295
37.0,0.295
37.0,0.295
37.0,0.295
37.0,0.295
37.0,0.295
37.0,0.300
37.0,0.300
37.0,0.300
37.0,0.300
37.0,0.300
37.0,0.300
37.0,0.300
37.0,0.300
37.0,0.300
37.0,0.300
37.0,0.300
37.0,0.300
37.0,0.300
37.0,0.300
37.0,0.300
37.0,0.300
37.0,0.300
37.1,0.300
37.1,0.300
37.1,0.300
37.1,0.300
37.1,0.300
37.1,0.300
37.1,0.300
37.1,0.300
37.0,0.300
37.0,0.300
37.0,0.305
37.0,0.305
37.0,0.305
37.0,0.305
37.0,0.305
37.0,0.305
37.0,0.305
37.0,0.305
37.0,0.305
37.0,0.305
37.0,0.305
37.0,0.305
37.0,0.305
37.0,0.305
37.0,0.305
37.1,0.305
37.1,0.305
37.1,0.305
37.1,0.305
37.1,0.305
37.1,0.305
37.1,0.305
37.1,0.305
37.1,0.305
37.1,0.305
37.1,0.305
37.1,0.305
37.1,0.305
37.1,0.310
37.1,0.310
37.1,0.310
37.1,0.310
37.1,0.310
37.1,0.310
37.1,0.310
37.1,0.310
37.1,0.310
37.1,0.310
37.1,0.310
37.1,0.310
37.1,0.310
37.1,0.310
37.1,0.310
37.1,0.310
37.1,0.310
37.1,0.310
37.1,0.310
37.1,0.310
37.1,0.310
37.1,0.310
37.1,0.310
37.1,0.310
37.1,0.310
37.1,0.310
37.1,0.310
37.1,0.315
37.1,0.315
37.1,0.315
37.1,0.315
37.2,0.315
37.2,0.315
37.2,0.315
37.2,0.315
37.2,0.315
37.2,0.315
37.2,0.315
37.2,0.315
37.2,0.315
37.2,0.315
37.2,0.315
37.2,0.315
37.2,0.315
37.2,0.315
37.2,0.315
37.2,0.315
37.2,0.315
37.2,0.315
37.2,0.315
37.2,0.315
37.2,0.315
37.2,0.320
37.2,0.320
37.2,0.320
37.2,0.320
37.2,0.320
37.2,0.320
37.2,0.320
37.2,0.320
37.2,0.320
37.2,0.320
37.2,0.320
37.2,0.320
37.2,0.320
37.2,0.320
37.2,0.320
37.2,0.320
37.2,0.320
37.2,0.320
37.2,0.320
37.2,0.320
37.2,0.320
37.2,0.320
37.2,0.320
37.2,0.320
37.2,0.320
37.2,0.320
37.2,0.320
37.2,0.320
37.2,0.325
37.2,0.325
37.2,0.325
37.2,0.325
37.2,0.325
37.2,0.325
37.2,0.325
37.2,0.325
37.2,0.325
37.2,0.325
37.2,0.325
37.2,0.325
37.2,0.325
37.2,0.325
37.2,0.325
37.2,0.325
37.2,0.325
37.2,0.325
37.2,0.325
37.2,0.325
37.2,0.325
37.2,0.325
37.2,0.325
37.2,0.325
37.2,0.325
37.2,0.325
37.2,0.330
37.2,0.330
37.2,0.330
37.2,0.330
37.2,0.330
37.2,0.330
37.2,0.330
37.2,0.330
37.2,0.330
37.2,0.330
37.2,0.330
37.2,0.330
37.2,0.330
37.2,0.330
37.2,0.330
37.2,0.330
37.2,0.330
37.2,0.330
37.2,0.330
37.2,0.330
37.2,0.330
37.2,0.330
37.2,0.330
37.2,0.330
37.2,0.330
37.2,0.330
37.2,0.330
37.2,0.335
37.2,0.335
37.2,0.335
37.2,0.335
37.2,0.335
37.2,0.335
37.2,0.335
37.2,0.335
37.2,0.335
37.2,0.335
37.2,0.335
37.2,0.335
37.2,0.335
37.2,0.335
37.2,0.335
37.2,0.335
37.2,0.335
37.2,0.335
37.2,0.335
37.2,0.335
37.2,0.335
37.2,0.335
37.2,0.335
37.2,0.335
37.2,0.335
37.2,0.335
37.2,0.340
37.2,0.340
37.2,0.340
37.2,0.340
37.2,0.340
37.2,0.340
37.2,0.340
37.2,0.340
37.2,0.340
37.2,0.340
37.2,0.340
37.2,0.340
37.2,0.340
37.2,0.340
37.2,0.340
37.2,0.340
37.2,0.340
37.2,0.340
37.2,0.340
37.2,0.340
37.2,0.340
37.2,0.340
37.2,0.340
37.3,0.340
37.3,0.340
37.3,0.345
37.3,0.345
37.3,0.345
37.3,0.345
37.3,0.345
37.2,0.345
37.2,0.345
37.2,0.345
37.2,0.345
37.2,0.345
37.2,0.345
37.2,0.345
37.2,0.345
37.2,0.345
37.2,0.345
37.2,0.345
37.2,0.345
37.2,0.345
37.2,0.345
37.2,0.345
37.2,0.345
37.2,0.345
37.2,0.345
37.2,0.345
37.2,0.345
37.2,0.345
37.2,0.345
37.2,0.350
37.2,0.350
37.2,0.350
37.2,0.350
37.2,0.350
37.2,0.350
37.2,0.350
37.2,0.350
37.2,0.350
37.2,0.350
37.2,0.350
37.2,0.350
37.2,0.350
37.2,0.350
37.2,0.350
37.2,0.350
37.2,0.350
37.2,0.350
37.2,0.350
37.2,0.350
37.2,0.350
37.2,0.350
37.2,0.350
37.2,0.350
37.2,0.350
37.2,0.350
37.2,0.355
37.2,0.355
37.2,0.355
37.2,0.355
37.2,0.355
37.2,0.355
37.2,0.355
37.2,0.355
37.2,0.355
37.2,0.355
37.2,0.355
37.2,0.355
37.2,0.355
37.2,0.355
37.2,0.355
37.2,0.355
37.2,0.355
37.2,0.355
37.2,0.355
37.2,0.355
37.2,0.355
37.2,0.355
37.2,0.355
37.2,0.355
37.2,0.355
37.2,0.355
37.2,0.360
37.2,0.360
37.2,0.360
37.2,0.360
37.2,0.360
37.2,0.360
37.2,0.360
37.2,0.360
37.2,0.360
37.2,0.360
37.2,0.360
37.2,0.360
37.2,0.360
37.2,0.360
37.2,0.360
37.2,0.360
37.2,0.360
37.2,0.360
37.2,0.360
37.2,0.360
37.2,0.360
37.2,0.360
37.2,0.360
37.2,0.365
37.2,0.365
37.2,0.365
37.2,0.365
37.2,0.365
37.2,0.365
37.2,0.365
37.2,0.365
37.2,0.365
37.2,0.365
37.2,0.365
37.2,0.365
37.2,0.365
37.2,0.365
37.2,0.365
37.2,0.365
37.2,0.365
37.2,0.365
37.2,0.365
37.2,0.365
37.2,0.365
37.2,0.365
37.2,0.365
37.2,0.365
37.2,0.365
37.2,0.370
37.2,0.370
37.3,0.370
37.3,0.370
37.3,0.370
37.3,0.370
37.3,0.370
37.3,0.370
37.3,0.370
37.3,0.370
37.3,0.370
37.3,0.370
37.3,0.370
37.3,0.370
37.3,0.370
37.3,0.370
37.3,0.370
37.3,0.370
37.3,0.370
37.3,0.370
37.3,0.370
37.3,0.370
37.3,0.370
37.3,0.370
37.3,0.370
37.3,0.375
37.3,0.375
37.3,0.375
37.3,0.375
37.3,0.375
37.3,0.375
37.3,0.375
37.3,0.375
37.3,0.375
37.3,0.375
37.3,0.375
37.3,0.375
37.3,0.375
37.3,0.375
37.3,0.375
37.3,0.375
37.3,0.375
37.3,0.375
37.3,0.375
37.3,0.375
37.3,0.375
37.3,0.375
37.3,0.375
37.3,0.375
37.3,0.380
37.3,0.380
37.3,0.380
37.3,0.380
37.3,0.380
37.3,0.380
37.3,0.380
37.3,0.380
37.3,0.380
37.3,0.380
37.3,0.380
37.3,0.380
37.3,0.380
37.3,0.380
37.3,0.380
37.3,0.380
37.3,0.380
37.3,0.380
37.3,0.380
37.3,0.380
37.3,0.380
37.3,0.380
37.3,0.380
37.3,0.380
37.3,0.385
37.3,0.385
37.3,0.385
37.3,0.385
37.3,0.385
37.3,0.385
37.3,0.385
37.3,0.385
37.3,0.385
37.3,0.385
37.3,0.385
37.3,0.385
37.3,0.385
37.3,0.385
37.3,0.385
37.3,0.385
37.3,0.385
37.3,0.385
37.3,0.385
37.3,0.385
37.3,0.385
37.3,0.385
37.3,0.385
37.3,0.385
37.4,0.385
37.4,0.385
37.4,0.390
37.4,0.390
37.4,0.390
37.4,0.390
37.4,0.390
37.4,0.390
37.4,0.390
37.4,0.390
37.4,0.390
37.4,0.390
37.4,0.390
37.4,0.390
37.4,0.390
37.4,0.390
37.4,0.390
37.4,0.390
37.4,0.390
37.4,0.390
37.4,0.390
37.4,0.390
37.4,0.390
37.4,0.390
37.4,0.390
37.4,0.390
37.4,0.390
37.4,0.390
37.4,0.395
37.4,0.395
37.4,0.395
37.4,0.395
37.4,0.395
37.4,0.395
37.4,0.395
37.4,0.395
37.4,0.395
37.4,0.395
37.4,0.395
37.4,0.395
37.4,0.395
37.4,0.395
37.4,0.395
37.4,0.395
37.4,0.395
37.4,0.395
37.4,0.395
37.4,0.395
37.4,0.395
37.4,0.395
37.4,0.395
37.4,0.395
37.4,0.400
37.4,0.400
37.4,0.400
37.3,0.400
37.3,0.400
37.3,0.400
37.3,0.400
37.3,0.400
37.3,0.400
37.3,0.400
37.3,0.400
37.3,0.400
37.3,0.400
37.3,0.400
37.3,0.400
37.4,0.400
37.4,0.400
37.4,0.400
37.4,0.400
37.4,0.400
37.4,0.400
37.4,0.400
37.4,0.400
37.4,0.400
37.3,0.400
37.3,0.400
37.3,0.405
37.3,0.405
37.3,0.405
37.3,0.405
37.3,0.405
37.3,0.405
37.3,0.405
37.3,0.405
37.3,0.405
37.4,0.405
37.4,0.405
37.4,0.405
37.4,0.405
37.4,0.405
37.4,0.405
37.4,0.405
37.4,0.405
37.4,0.405
37.4,0.405
37.4,0.405
37.4,0.405
37.4,0.405
37.4,0.405
37.4,0.405
37.4,0.405
37.4,0.410
37.4,0.410
37.4,0.410
37.4,0.410
37.4,0.410
37.4,0.410
37.4,0.410
37.4,0.410
37.4,0.410
37.4,0.410
37.4,0.410
37.4,0.410
37.4,0.410
37.4,0.410
37.4,0.410
37.4,0.410
37.4,0.410
37.4,0.410
37.4,0.410
37.4,0.410
37.4,0.410
37.4,0.410
37.4,0.410
37.4,0.410
37.4,0.410
37.4,0.410
37.4,0.415
37.4,0.415
37.4,0.415
37.4,0.415
37.4,0.415
37.4,0.415
37.4,0.415
37.4,0.415
37.4,0.415
37.4,0.415
37.4,0.415
37.4,0.415
37.4,0.415
37.4,0.415
37.4,0.415
37.4,0.415
37.4,0.415
37.4,0.415
37.4,0.415
37.4,0.415
37.4,0.415
37.4,0.415
37.4,0.415
37.5,0.415
37.5,0.420
37.5,0.420
37.5,0.420
37.5,0.420
37.5,0.420
37.5,0.420
37.5,0.420
37.5,0.420
37.5,0.420
37.5,0.420
37.5,0.420
37.5,0.420
37.5,0.420
37.5,0.420
37.5,0.420
37.5,0.420
37.5,0.420
37.5,0.420
37.5,0.420
37.5,0.420
37.5,0.420
37.5,0.420
37.5,0.420
37.5,0.420
37.5,0.425
37.5,0.425
37.5,0.425
37.5,0.425
37.5,0.425
37.5,0.425
37.5,0.425
37.5,0.425
37.5,0.425
37.5,0.425
37.5,0.425
37.5,0.425
37.5,0.425
37.5,0.425
37.5,0.425
37.5,0.425
37.5,0.425
37.5,0.425
37.5,0.425
37.5,0.425
37.5,0.425
37.5,0.425
37.5,0.425
37.5,0.425
37.5,0.425
37.5,0.425
37.5,0.430
37.5,0.430
37.5,0.430
37.5,0.430
37.6,0.430
37.6,0.430
37.6,0.430
37.6,0.430
37.6,0.430
37.6,0.430
37.6,0.430
37.6,0.430
37.5,0.430
37.5,0.430
37.5,0.430
37.5,0.430
37.5,0.430
37.5,0.430
37.5,0.430
37.5,0.430
37.5,0.430
37.5,0.430
37.5,0.430
37.5,0.430
37.6,0.430
37.6,0.430
37.6,0.435
37.6,0.435
37.6,0.435
37.6,0.435
37.6,0.435
37.6,0.435
37.6,0.435
37.6,0.435
37.6,0.435
37.6,0.435
37.6,0.435
37.6,0.435
37.6,0.435
37.6,0.435
37.6,0.435
37.6,0.435
37.6,0.435
37.6,0.435
37.6,0.435
37.6,0.435
37.6,0.435
37.6,0.435
37.6,0.435
37.6,0.435
37.6,0.435
37.6,0.440
37.6,0.440
37.6,0.440
37.6,0.440
37.6,0.440
37.6,0.440
37.6,0.440
37.6,0.440
37.6,0.440
37.6,0.440
37.6,0.440
37.6,0.440
37.6,0.440
37.6,0.440
37.6,0.440
37.6,0.440
37.6,0.440
37.6,0.440
37.6,0.440
37.6,0.440
37.6,0.440
37.6,0.440
37.6,0.440
37.6,0.440
37.6,0.445
37.6,0.445
37.6,0.445
37.6,0.445
37.6,0.445
37.6,0.445
37.6,0.445
37.6,0.445
37.6,0.445
37.6,0.445
37.6,0.445
37.6,0.445
37.6,0.445
37.6,0.445
37.6,0.445
37.6,0.445
37.6,0.445
37.6,0.445
37.6,0.445
37.6,0.445
37.6,0.445
37.6,0.445
37.6,0.445
37.6,0.445
37.6,0.445
37.6,0.445
37.6,0.450
37.6,0.450
37.6,0.450
37.6,0.450
37.6,0.450
37.6,0.450
37.6,0.450
37.6,0.450
37.6,0.450
37.6,0.450
37.6,0.450
37.6,0.450
37.6,0.450
37.6,0.450
37.6,0.450
37.6,0.450
37.6,0.450
37.6,0.450
37.6,0.450
37.6,0.450
37.6,0.450
37.6,0.450
37.6,0.450
37.6,0.450
37.6,0.450
37.6,0.450
37.6,0.455
37.6,0.455
37.6,0.455
37.6,0.455
37.6,0.455
37.6,0.455
37.6,0.455
37.6,0.455
37.6,0.455
37.6,0.455
37.6,0.455
37.6,0.455
37.6,0.455
37.6,0.455
37.6,0.455
37.6,0.455
37.6,0.455
37.6,0.455
37.6,0.455
37.6,0.455
37.6,0.455
37.6,0.455
37.6,0.455
37.6,0.455
37.6,0.460
37.6,0.460
37.6,0.460
37.6,0.460
37.6,0.460
37.6,0.460
37.6,0.460
37.6,0.460
37.6,0.460
37.6,0.460
37.6,0.460
37.7,0.460
37.7,0.460
37.7,0.460
37.7,0.460
37.7,0.460
37.7,0.460
37.7,0.460
37.7,0.460
37.7,0.460
37.7,0.460
37.7,0.460
37.7,0.460
37.7,0.460
37.7,0.460
37.7,0.465
37.7,0.465
37.7,0.465
37.7,0.465
37.7,0.465
37.7,0.465
37.7,0.465
37.7,0.465
37.7,0.465
37.7,0.465
37.7,0.465
37.7,0.465
37.7,0.465
37.7,0.465
37.7,0.465
37.7,0.465
37.7,0.465
37.7,0.465
37.7,0.465
37.7,0.465
37.7,0.465
37.7,0.465
37.7,0.465
37.7,0.465
37.7,0.465
37.7,0.470
37.7,0.470
37.7,0.470
37.7,0.470
37.7,0.470
37.7,0.470
37.7,0.470
37.7,0.470
37.7,0.470
37.7,0.470
37.7,0.470
37.7,0.470
37.7,0.470
37.7,0.470
37.7,0.470
37.7,0.470
37.7,0.470
37.7,0.470
37.7,0.470
37.7,0.470
37.7,0.470
37.7,0.470
37.7,0.470
37.7,0.470
37.7,0.470
37.7,0.475
37.7,0.475
37.7,0.475
37.7,0.475
37.7,0.475
37.7,0.475
37.7,0.475
37.7,0.475
37.7,0.475
37.7,0.475
37.8,0.475
37.8,0.475
37.8,0.475
37.7,0.475
37.7,0.475
37.7,0.475
37.7,0.475
37.7,0.475
37.7,0.475
37.7,0.475
37.7,0.475
37.7,0.475
37.7,0.475
37.7,0.475
37.7,0.475
37.7,0.480
37.7,0.480
37.7,0.480
37.7,0.480
37.7,0.480
37.7,0.480
37.7,0.480
37.7,0.480
37.7,0.480
37.7,0.480
37.7,0.480
37.7,0.480
37.7,0.480
37.7,0.480
37.7,0.480
37.8,0.480
37.8,0.480
37.8,0.480
37.8,0.480
37.8,0.480
37.8,0.480
37.8,0.480
37.8,0.480
37.8,0.480
37.8,0.480
37.8,0.480
37.8,0.485
37.8,0.485
37.8,0.485
37.8,0.485
37.8,0.485
37.8,0.485
37.8,0.485
37.8,0.485
37.8,0.485
37.8,0.485
37.8,0.485
37.8,0.485
37.8,0.485
37.8,0.485
37.7,0.485
37.7,0.485
37.7,0.485
37.7,0.485
37.7,0.485
37.7,0.485
37.7,0.485
37.7,0.485
37.7,0.485
37.8,0.485
37.8,0.485
37.8,0.485
37.8,0.490
37.8,0.490
37.8,0.490
37.8,0.490
37.8,0.490
37.8,0.490
37.8,0.490
37.8,0.490
37.8,0.490
37.7,0.490
37.7,0.490
37.7,0.490
37.7,0.490
37.7,0.490
37.7,0.490
37.7,0.490
37.7,0.490
37.7,0.490
37.7,0.490
37.7,0.490
37.7,0.490
37.7,0.490
37.7,0.490
37.7,0.490
37.7,0.490
37.7,0.490
37.7,0.490
37.7,0.495
37.7,0.495
37.7,0.495
37.7,0.495
37.7,0.495
37.7,0.495
37.7,0.495
37.7,0.495
37.7,0.495
37.7,0.495
37.7,0.495
37.8,0.495
37.8,0.495
37.8,0.495
37.8,0.495
37.8,0.495
37.8,0.495
37.8,0.495
37.8,0.495
37.8,0.495
37.8,0.495
37.8,0.495
37.8,0.495
37.8,0.495
37.8,0.495
37.8,0.495
37.8,0.500
37.8,0.500
37.8,0.500
37.8,0.500
37.8,0.500
37.8,0.500
37.8,0.500
37.8,0.500
37.8,0.500
37.8,0.500
37.8,0.500
37.8,0.500
37.8,0.500
37.8,0.500
37.8,0.500
37.8,0.500
37.8,0.500
37.8,0.500
37.8,0.500
37.8,0.500
37.8,0.500
37.8,0.500
37.8,0.500
37.8,0.500
37.8,0.500
37.8,0.505
37.8,0.505
37.8,0.505
37.8,0.505
37.8,0.505
37.8,0.505
37.8,0.505
37.8,0.505
37.8,0.505
37.8,0.505
37.8,0.505
37.8,0.505
37.8,0.505
37.8,0.505
37.8,0.505
37.8,0.505
37.8,0.505
37.8,0.505
37.8,0.505
37.8,0.505
37.8,0.505
37.8,0.505
37.8,0.505
37.8,0.505
37.8,0.505
37.8,0.505
37.8,0.505
37.8,0.510
37.8,0.510
37.8,0.510
37.8,0.510
37.8,0.510
37.8,0.510
37.8,0.510
37.8,0.510
37.8,0.510
37.8,0.510
37.8,0.510
37.8,0.510
37.8,0.510
37.8,0.510
37.8,0.510
37.8,0.510
37.8,0.510
37.8,0.510
37.8,0.510
37.8,0.510
37.8,0.510
37.8,0.510
37.8,0.510
37.8,0.510
37.8,0.510
37.8,0.510
37.8,0.515
37.8,0.515
37.8,0.515
37.8,0.515
37.8,0.515
37.9,0.515
37.9,0.515
37.9,0.515
37.9,0.515
37.9,0.515
37.9,0.515
37.9,0.515
37.9,0.515
37.9,0.515
37.9,0.515
37.9,0.515
37.8,0.515
37.8,0.515
37.8,0.515
37.8,0.515
37.8,0.515
37.8,0.515
37.8,0.515
37.8,0.515
37.8,0.515
37.8,0.520
37.8,0.520
37.8,0.520
37.8,0.520
37.8,0.520
37.8,0.520
37.8,0.520
37.8,0.520
37.8,0.520
37.8,0.520
37.8,0.520
37.8,0.520
37.8,0.520
37.8,0.520
37.8,0.520
37.8,0.520
37.8,0.520
37.8,0.520
37.8,0.520
37.8,0.520
37.8,0.520
37.8,0.520
37.8,0.520
37.8,0.520
37.8,0.525
37.8,0.525
37.8,0.525
37.9,0.525
37.9,0.525
37.9,0.525
37.9,0.525
37.9,0.525
37.9,0.525
37.9,0.525
37.9,0.525
37.9,0.525
37.9,0.525
37.9,0.525
37.9,0.525
37.9,0.525
37.9,0.525
37.9,0.525
37.9,0.525
37.9,0.525
37.9,0.525
37.9,0.525
37.9,0.525
37.9,0.525
37.9,0.525
37.9,0.525
37.9,0.530
37.9,0.530
37.9,0.530
37.9,0.530
37.9,0.530
37.9,0.530
37.9,0.530
37.9,0.530
37.9,0.530
37.9,0.530
37.9,0.530
37.9,0.530
37.9,0.530
37.9,0.530
37.9,0.530
37.9,0.530
37.9,0.530
37.9,0.530
37.9,0.530
37.9,0.530
37.9,0.530
38.0,0.530
38.0,0.530
38.0,0.530
38.0,0.530
38.0,0.530
38.0,0.535
38.0,0.535
38.0,0.535
38.0,0.535
38.0,0.535
38.0,0.535
38.0,0.535
38.0,0.535
38.0,0.535
38.0,0.535
38.0,0.535
38.0,0.535
38.0,0.535
38.0,0.535
38.0,0.535
38.0,0.535
38.0,0.535
38.0,0.535
38.0,0.535
38.0,0.535
38.0,0.535
38.0,0.535
38.0,0.535
38.0,0.535
38.0,0.540
38.0,0.540
38.0,0.540
38.0,0.540
38.0,0.540
38.0,0.540
38.0,0.540
38.0,0.540
38.0,0.540
38.0,0.540
38.0,0.540
38.0,0.540
38.0,0.540
38.0,0.540
38.0,0.540
38.0,0.540
38.0,0.540
38.0,0.540
38.0,0.540
38.0,0.540
38.0,0.540
38.0,0.540
38.0,0.540
38.0,0.540
38.0,0.540
38.0,0.545
38.0,0.545
38.0,0.545
38.0,0.545
38.0,0.545
38.0,0.545
38.0,0.545
38.0,0.545
38.0,0.545
38.0,0.545
38.0,0.545
38.0,0.545
38.0,0.545
38.0,0.545
38.0,0.545
38.0,0.545
38.0,0.545
38.0,0.545
38.0,0.545
38.0,0.545
38.0,0.545
38.0,0.545
38.0,0.545
38.0,0.545
38.0,0.545
38.0,0.550
38.0,0.550
38.0,0.550
38.0,0.550
38.0,0.550
38.0,0.550
38.0,0.550
38.0,0.550
38.0,0.550
38.0,0.550
38.0,0.550
38.0,0.550
38.1,0.550
38.1,0.550
38.1,0.550
38.1,0.550
38.1,0.550
38.0,0.550
38.0,0.550
38.0,0.550
38.0,0.550
38.0,0.550
38.0,0.550
38.0,0.550
38.0,0.550
38.0,0.555
38.0,0.555
38.0,0.555
38.0,0.555
38.0,0.555
38.0,0.555
38.0,0.555
38.0,0.555
38.0,0.555
38.0,0.555
38.0,0.555
38.0,0.555
38.0,0.555
38.0,0.555
38.0,0.555
38.0,0.555
38.0,0.555
38.0,0.555
38.1,0.555
38.1,0.555
38.1,0.555
38.1,0.555
38.1,0.555
38.1,0.560
38.1,0.560
38.1,0.560
38.1,0.560
38.1,0.560
38.1,0.560
38.1,0.560
38.1,0.560
38.1,0.560
38.1,0.560
38.1,0.560
38.1,0.560
38.1,0.560
38.1,0.560
38.1,0.560
38.1,0.560
38.1,0.560
38.1,0.560
38.1,0.560
38.1,0.560
38.1,0.560
38.1,0.560
38.1,0.560
38.1,0.560
38.1,0.560
38.1,0.560
38.1,0.565
38.1,0.565
38.1,0.565
38.1,0.565
38.1,0.565
38.1,0.565
38.1,0.565
38.1,0.565
38.1,0.565
38.1,0.565
38.1,0.565
38.1,0.565
38.1,0.565
38.1,0.565
38.1,0.565
38.1,0.565
38.1,0.565
38.1,0.565
38.1,0.565
38.1,0.565
38.1,0.565
38.1,0.565
38.1,0.565
38.1,0.565
38.1,0.565
38.1,0.565
38.1,0.570
38.1,0.570
38.1,0.570
38.1,0.570
38.1,0.570
38.1,0.570
38.1,0.570
38.1,0.570
38.1,0.570
38.1,0.570
38.1,0.570
38.1,0.570
38.1,0.570
38.1,0.570
38.1,0.570
38.1,0.570
38.1,0.570
38.1,0.570
38.1,0.570
38.1,0.570
38.1,0.570
38.1,0.570
38.1,0.570
38.1,0.570
38.1,0.570
38.1,0.570
38.1,0.570
38.1,0.575
38.1,0.575
38.1,0.575
38.1,0.575
38.1,0.575
38.1,0.575
38.1,0.575
38.1,0.575
38.1,0.575
38.1,0.575
38.1,0.575
38.1,0.575
38.1,0.575
38.1,0.575
38.1,0.575
38.1,0.575
38.1,0.575
38.2,0.575
38.2,0.575
38.2,0.575
38.2,0.575
38.2,0.575
38.2,0.575
38.2,0.575
38.2,0.575
38.2,0.580
38.2,0.580
38.2,0.580
38.2,0.580
38.2,0.580
38.2,0.580
38.2,0.580
38.2,0.580
38.2,0.580
38.2,0.580
38.2,0.580
38.2,0.580
38.2,0.580
38.2,0.580
38.2,0.580
38.2,0.580
38.2,0.580
38.2,0.580
38.2,0.580
38.2,0.580
38.2,0.580
38.2,0.580
38.2,0.580
38.2,0.585
38.2,0.585
38.2,0.585
38.2,0.585
38.2,0.585
38.2,0.585
38.2,0.585
38.2,0.585
38.2,0.585
38.2,0.585
38.2,0.585
38.2,0.585
38.2,0.585
38.2,0.585
38.2,0.585
38.2,0.585
38.2,0.585
38.2,0.585
38.2,0.585
38.2,0.585
38.2,0.585
38.2,0.585
38.2,0.585
38.2,0.585
38.2,0.585
38.2,0.590
38.2,0.590
38.2,0.590
38.2,0.590
38.2,0.590
38.2,0.590
38.2,0.590
38.2,0.590
38.2,0.590
38.2,0.590
38.2,0.590
38.2,0.590
38.2,0.590
38.2,0.590
38.2,0.590
38.2,0.590
38.2,0.590
38.3,0.590
38.3,0.590
38.3,0.590
38.3,0.590
38.3,0.590
38.3,0.590
38.3,0.590
38.3,0.595
38.3,0.595
38.3,0.595
38.3,0.595
38.3,0.595
38.3,0.595
38.3,0.595
38.3,0.595
38.3,0.595
38.3,0.595
38.3,0.595
38.3,0.595
38.3,0.595
38.3,0.595
38.3,0.595
38.3,0.595
38.2,0.595
38.2,0.595
38.2,0.595
38.2,0.595
38.2,0.595
38.2,0.595
38.2,0.595
38.2,0.595
38.2,0.600
38.2,0.600
38.2,0.600
38.2,0.600
38.2,0.600
38.2,0.600
38.2,0.600
38.2,0.600
38.2,0.600
38.2,0.600
38.2,0.600
38.2,0.600
38.2,0.600
38.2,0.600
38.2,0.600
38.2,0.600
38.2,0.600
38.2,0.600
38.2,0.600
38.2,0.600
38.2,0.600
38.2,0.600
38.2,0.605
38.2,0.605
38.2,0.605
38.2,0.605
38.2,0.605
38.2,0.605
38.2,0.605
38.2,0.605
38.2,0.605
38.2,0.605
38.2,0.605
38.2,0.605
38.2,0.605
38.3,0.605
38.3,0.605
38.3,0.605
38.3,0.605
38.3,0.605
38.3,0.605
38.3,0.605
38.3,0.605
38.3,0.605
38.3,0.605
38.3,0.610
38.3,0.610
38.2,0.610
38.2,0.610
38.2,0.610
38.2,0.610
38.2,0.610
38.3,0.610
38.3,0.610
38.3,0.610
38.3,0.610
38.3,0.610
38.3,0.610
38.3,0.610
38.3,0.610
38.3,0.610
38.3,0.610
38.3,0.610
38.3,0.610
38.3,0.610
38.3,0.610
38.3,0.610
38.3,0.610
38.3,0.615
38.3,0.615
38.3,0.615
38.3,0.615
38.3,0.615
38.3,0.615
38.3,0.615
38.3,0.615
38.3,0.615
38.3,0.615
38.3,0.615
38.3,0.615
38.3,0.615
38.3,0.615
38.3,0.615
38.3,0.615
38.3,0.615
38.3,0.615
38.3,0.615
38.3,0.615
38.3,0.615
38.3,0.620
38.3,0.620
38.3,0.620
38.3,0.620
38.3,0.620
38.3,0.620
38.3,0.620
38.3,0.620
38.3,0.620
38.3,0.620
38.3,0.620
38.3,0.620
38.3,0.620
38.3,0.620
38.3,0.620
38.3,0.620
38.3,0.620
38.3,0.620
38.3,0.620
38.3,0.620
38.3,0.620
38.3,0.625
38.3,0.625
38.3,0.625
38.3,0.625
38.3,0.625
38.3,0.625
38.3,0.625
38.3,0.625
38.3,0.625
38.3,0.625
38.3,0.625
38.3,0.625
38.3,0.625
38.3,0.625
38.3,0.625
38.3,0.625
38.3,0.625
38.3,0.625
38.3,0.625
38.3,0.625
38.3,0.625
38.3,0.625
38.3,0.630
38.3,0.630
38.3,0.630
38.3,0.630
38.3,0.630
38.3,0.630
38.3,0.630
38.3,0.630
38.3,0.630
38.3,0.630
38.3,0.630
38.3,0.630
38.3,0.630
38.3,0.630
38.3,0.630
38.3,0.630
38.3,0.630
38.3,0.630
38.3,0.630
38.3,0.630
38.3,0.630
38.3,0.635
38.3,0.635
38.3,0.635
38.3,0.635
38.3,0.635
38.3,0.635
38.3,0.635
38.3,0.635
38.3,0.635
38.3,0.635
38.3,0.635
38.3,0.635
38.3,0.635
38.3,0.635
38.3,0.635
38.3,0.635
38.3,0.635
38.3,0.635
38.3,0.635
38.4,0.635
38.4,0.635
38.4,0.640
38.4,0.640
38.4,0.640
38.4,0.640
38.4,0.640
38.4,0.640
38.4,0.640
38.4,0.640
38.4,0.640
38.4,0.640
38.4,0.640
38.4,0.640
38.4,0.640
38.4,0.640
38.4,0.640
38.4,0.640
38.4,0.640
38.4,0.640
38.4,0.640
38.4,0.640
38.4,0.640
38.4,0.640
38.4,0.645
38.4,0.645
38.4,0.645
38.4,0.645
38.4,0.645
38.4,0.645
38.4,0.645
38.4,0.645
38.4,0.645
38.4,0.645
38.4,0.645
38.4,0.645
38.4,0.645
38.4,0.645
38.4,0.645
38.4,0.645
38.4,0.645
38.4,0.645
38.4,0.645
38.4,0.645
38.4,0.645
38.4,0.645
38.4,0.645
38.4,0.650
38.4,0.650
38.4,0.650
38.4,0.650
38.4,0.650
38.4,0.650
38.4,0.650
38.4,0.650
38.4,0.650
38.4,0.650
38.4,0.650
38.4,0.650
38.4,0.650
38.4,0.650
38.4,0.650
38.4,0.650
38.5,0.650
38.5,0.650
38.5,0.650
38.4,0.650
38.4,0.650
38.4,0.650
38.4,0.655
38.4,0.655
38.4,0.655
38.4,0.655
38.4,0.655
38.4,0.655
38.4,0.655
38.4,0.655
38.4,0.655
38.4,0.655
38.4,0.655
38.4,0.655
38.4,0.655
38.4,0.655
38.4,0.655
38.4,0.655
38.4,0.655
38.4,0.655
38.4,0.655
38.4,0.655
38.4,0.655
38.4,0.655
38.4,0.660
38.4,0.660
38.4,0.660
38.4,0.660
38.4,0.660
38.4,0.660
38.4,0.660
38.4,0.660
38.4,0.660
38.4,0.660
38.4,0.660
38.4,0.660
38.4,0.660
38.4,0.660
38.4,0.660
38.4,0.660
38.4,0.660
38.4,0.660
38.4,0.660
38.5,0.660
38.5,0.660
38.5,0.665
38.5,0.665
38.5,0.665
38.5,0.665
38.5,0.665
38.5,0.665
38.5,0.665
38.6,0.665
38.6,0.665
38.6,0.665
38.6,0.665
38.6,0.665
38.6,0.665
38.6,0.665
38.6,0.665
38.6,0.665
38.6,0.665
38.6,0.665
38.6,0.665
38.6,0.665
38.6,0.665
38.6,0.665
38.6,0.665
38.6,0.670
38.6,0.670
38.6,0.670
38.6,0.670
38.6,0.670
38.6,0.670
38.6,0.670
38.6,0.670
38.6,0.670
38.6,0.670
38.6,0.670
38.6,0.670
38.6,0.670
38.6,0.670
38.6,0.670
38.6,0.670
38.6,0.670
38.6,0.670
38.6,0.670
38.6,0.670
38.6,0.670
38.6,0.670
38.6,0.675
38.6,0.675
38.6,0.675
38.6,0.675
38.6,0.675
38.6,0.675
38.6,0.675
38.6,0.675
38.6,0.675
38.6,0.675
38.6,0.675
38.6,0.675
38.6,0.675
38.6,0.675
38.6,0.675
38.6,0.675
38.6,0.675
38.6,0.675
38.6,0.675
38.6,0.675
38.6,0.675
38.6,0.675
38.6,0.680
38.6,0.680
38.6,0.680
38.6,0.680
38.6,0.680
38.6,0.680
38.6,0.680
38.6,0.680
38.6,0.680
38.6,0.680
38.7,0.680
38.7,0.680
38.7,0.680
38.7,0.680
38.7,0.680
38.7,0.680
38.7,0.680
38.7,0.680
38.7,0.680
38.7,0.680
38.7,0.685
38.7,0.685
38.7,0.685
38.7,0.685
38.7,0.685
38.7,0.685
38.7,0.685
38.7,0.685
38.7,0.685
38.7,0.685
38.7,0.685
38.7,0.685
38.7,0.685
38.7,0.685
38.7,0.685
38.7,0.685
38.7,0.685
38.7,0.685
38.7,0.685
38.7,0.685
38.7,0.685
38.7,0.685
38.7,0.690
38.7,0.690
38.7,0.690
38.7,0.690
38.7,0.690
38.7,0.690
38.7,0.690
38.7,0.690
38.7,0.690
38.7,0.690
38.7,0.690
38.7,0.690
38.7,0.690
38.7,0.690
38.7,0.690
38.7,0.690
38.7,0.690
38.7,0.690
38.7,0.690
38.7,0.690
38.7,0.690
38.7,0.690
38.7,0.695
38.7,0.695
38.7,0.695
38.7,0.695
38.6,0.695
38.6,0.695
38.6,0.695
38.6,0.695
38.6,0.695
38.6,0.695
38.6,0.695
38.6,0.695
38.6,0.695
38.6,0.695
38.6,0.695
38.6,0.695
38.6,0.695
38.6,0.695
38.6,0.695
38.6,0.695
38.6,0.700
38.6,0.700
38.6,0.700
38.6,0.700
38.5,0.700
38.5,0.700
38.5,0.700
38.5,0.700
38.5,0.700
38.5,0.700
38.5,0.700
38.5,0.700
38.5,0.700
38.5,0.700
38.5,0.700
38.5,0.700
38.5,0.700
38.5,0.700
38.5,0.700
38.5,0.700
38.5,0.700
38.5,0.705
38.5,0.705
38.5,0.705
38.5,0.705
38.5,0.705
38.5,0.705
38.5,0.705
38.5,0.705
38.5,0.705
38.5,0.705
38.6,0.705
38.6,0.705
38.6,0.705
38.6,0.705
38.6,0.705
38.6,0.705
38.6,0.705
38.6,0.705
38.6,0.705
38.6,0.705
38.6,0.705
38.6,0.705
38.6,0.710
38.6,0.710
38.6,0.710
38.6,0.710
38.6,0.710
38.6,0.710
38.6,0.710
38.6,0.710
38.6,0.710
38.6,0.710
38.6,0.710
38.6,0.710
38.6,0.710
38.6,0.710
38.6,0.710
38.6,0.710
38.6,0.710
38.6,0.710
38.6,0.710
38.6,0.710
38.6,0.710
38.6,0.710
38.6,0.710
38.6,0.715
38.6,0.715
38.6,0.715
38.6,0.715
38.6,0.715
38.6,0.715
38.6,0.715
38.6,0.715
38.6,0.715
38.6,0.715
38.6,0.715
38.6,0.715
38.6,0.715
38.6,0.715
38.6,0.715
38.6,0.715
38.6,0.715
38.7,0.715
38.7,0.715
38.7,0.715
38.7,0.720
38.7,0.720
38.7,0.720
38.7,0.720
38.7,0.720
38.7,0.720
38.7,0.720
38.7,0.720
38.7,0.720
38.7,0.720
38.7,0.720
38.7,0.720
38.7,0.720
38.7,0.720
38.7,0.720
38.7,0.720
38.7,0.720
38.7,0.720
38.7,0.720
38.7,0.720
38.7,0.720
38.7,0.720
38.7,0.720
38.7,0.725
38.7,0.725
38.7,0.725
38.7,0.725
38.7,0.725
38.6,0.725
38.6,0.725
38.6,0.725
38.6,0.725
38.6,0.725
38.6,0.725
38.6,0.725
38.6,0.725
38.6,0.725
38.6,0.725
38.6,0.725
38.6,0.725
38.6,0.725
38.6,0.725
38.6,0.725
38.6,0.725
38.6,0.725
38.6,0.730
38.6,0.730
38.6,0.730
38.6,0.730
38.6,0.730
38.6,0.730
38.6,0.730
38.6,0.730
38.6,0.730
38.6,0.730
38.6,0.730
38.6,0.730
38.6,0.730
38.6,0.730
38.6,0.730
38.6,0.730
38.6,0.730
38.6,0.730
38.6,0.730
38.6,0.730
38.6,0.730
38.6,0.730
38.7,0.730
38.7,0.735
38.7,0.735
38.7,0.735
38.7,0.735
38.7,0.735
38.7,0.735
38.7,0.735
38.7,0.735
38.7,0.735
38.7,0.735
38.7,0.735
38.7,0.735
38.7,0.735
38.7,0.735
38.7,0.735
38.7,0.735
38.8,0.735
38.8,0.735
38.8,0.735
38.8,0.735
38.8,0.735
38.8,0.735
38.8,0.740
38.8,0.740
38.8,0.740
38.8,0.740
38.8,0.740
38.8,0.740
38.8,0.740
38.8,0.740
38.8,0.740
38.8,0.740
38.8,0.740
38.8,0.740
38.8,0.740
38.8,0.740
38.8,0.740
38.8,0.740
38.8,0.740
38.8,0.740
38.8,0.740
38.8,0.740
38.8,0.740
38.8,0.740
38.8,0.745
38.8,0.745
38.8,0.745
38.8,0.745
38.8,0.745
38.8,0.745
38.8,0.745
38.8,0.745
38.8,0.745
38.8,0.745
38.8,0.745
38.8,0.745
38.8,0.745
38.8,0.745
38.8,0.745
38.8,0.745
38.8,0.745
38.8,0.745
38.8,0.745
38.8,0.745
38.8,0.745
38.8,0.745
38.8,0.750
38.8,0.750
38.8,0.750
38.8,0.750
38.8,0.750
38.7,0.750
38.7,0.750
38.7,0.750
38.7,0.750
38.7,0.750
38.7,0.750
38.7,0.750
38.7,0.750
38.7,0.750
38.7,0.750
38.7,0.750
38.7,0.750
38.7,0.750
38.7,0.750
38.7,0.750
38.7,0.750
38.7,0.750
38.7,0.755
38.7,0.755
38.7,0.755
38.7,0.755
38.7,0.755
38.7,0.755
38.7,0.755
38.7,0.755
38.7,0.755
38.7,0.755
38.7,0.755
38.7,0.755
38.7,0.755
38.7,0.755
38.7,0.755
38.7,0.755
38.7,0.755
38.8,0.755
38.8,0.755
38.8,0.755
38.8,0.755
38.8,0.760
38.8,0.760
38.8,0.760
38.8,0.760
38.8,0.760
38.8,0.760
38.8,0.760
38.8,0.760
38.8,0.760
38.8,0.760
38.7,0.760
38.7,0.760
38.7,0.760
38.7,0.760
38.7,0.760
38.7,0.760
38.7,0.760
38.7,0.760
38.7,0.760
38.7,0.760
38.7,0.765
38.7,0.765
38.7,0.765
38.7,0.765
38.7,0.765
38.7,0.765
38.7,0.765
38.7,0.765
38.7,0.765
38.7,0.765
38.7,0.765
38.7,0.765
38.7,0.765
38.7,0.765
38.7,0.765
38.7,0.765
38.7,0.765
38.7,0.765
38.7,0.765
38.7,0.765
38.7,0.765
38.7,0.770
38.7,0.770
38.7,0.770
38.7,0.770
38.7,0.770
38.7,0.770
38.7,0.770
38.7,0.770
38.7,0.770
38.7,0.770
38.7,0.770
38.7,0.770
38.7,0.770
38.7,0.770
38.7,0.770
38.7,0.770
38.7,0.770
38.7,0.770
38.7,0.770
38.8,0.770
38.8,0.770
38.8,0.770
38.8,0.775
38.8,0.775
38.8,0.775
38.8,0.775
38.8,0.775
38.8,0.775
38.8,0.775
38.8,0.775
38.8,0.775
38.8,0.775
38.8,0.775
38.8,0.775
38.8,0.775
38.8,0.775
38.8,0.775
38.8,0.775
38.8,0.775
38.8,0.775
38.8,0.775
38.8,0.780
38.8,0.780
38.8,0.780
38.8,0.780
38.8,0.780
38.8,0.780
38.8,0.780
38.8,0.780
38.8,0.780
38.8,0.780
38.8,0.780
38.8,0.780
38.8,0.780
38.8,0.780
38.8,0.780
38.8,0.780
38.8,0.780
38.8,0.780
38.8,0.780
38.8,0.780
38.8,0.785
38.8,0.785
38.9,0.785
38.9,0.785
38.9,0.785
38.9,0.785
38.9,0.785
38.9,0.785
38.9,0.785
38.9,0.785
38.9,0.785
38.9,0.785
38.9,0.785
38.8,0.785
38.8,0.785
38.8,0.785
38.8,0.785
38.8,0.785
38.8,0.785
38.8,0.785
38.8,0.785
38.8,0.790
38.8,0.790
38.8,0.790
38.8,0.790
38.8,0.790
38.8,0.790
38.8,0.790
38.8,0.790
38.8,0.790
38.8,0.790
38.8,0.790
38.8,0.790
38.8,0.790
38.8,0.790
38.8,0.790
38.8,0.790
38.8,0.790
38.8,0.790
38.8,0.790
38.8,0.790
38.8,0.790
38.8,0.795
38.8,0.795
38.8,0.795
38.8,0.795
38.8,0.795
38.9,0.795
38.9,0.795
38.9,0.795
38.9,0.795
38.9,0.795
38.9,0.795
38.9,0.795
38.9,0.795
38.9,0.795
38.9,0.795
38.9,0.795
38.9,0.795
38.9,0.795
38.9,0.795
38.9,0.795
38.9,0.800
38.9,0.800
38.9,0.800
38.9,0.800
38.9,0.800
38.9,0.800
38.9,0.800
38.9,0.800
38.9,0.800
38.9,0.800
38.9,0.800
38.9,0.800
38.9,0.800
38.9,0.800
38.9,0.800
38.9,0.800
38.9,0.800
38.9,0.800
38.9,0.800
38.9,0.800
38.9,0.800
38.9,0.805
38.9,0.805
38.9,0.805
38.9,0.805
38.9,0.805
38.9,0.805
38.9,0.805
38.9,0.805
38.9,0.805
38.9,0.805
38.9,0.805
38.9,0.805
38.9,0.805
38.9,0.805
38.9,0.805
38.9,0.805
38.9,0.805
38.9,0.805
38.9,0.805
38.9,0.805
38.9,0.805
38.9,0.805
38.9,0.810
38.9,0.810
38.9,0.810
38.9,0.810
38.9,0.810
38.9,0.810
38.9,0.810
38.9,0.810
38.9,0.810
38.9,0.810
38.9,0.810
38.9,0.810
38.9,0.810
38.9,0.810
38.9,0.810
38.9,0.810
38.9,0.810
38.9,0.810
39.0,0.810
39.0,0.810
38.9,0.810
38.9,0.810
38.9,0.815
38.9,0.815
38.9,0.815
38.9,0.815
38.9,0.815
38.9,0.815
38.9,0.815
38.9,0.815
38.9,0.815
38.9,0.815
38.9,0.815
38.9,0.815
38.9,0.815
38.9,0.815
38.9,0.815
38.9,0.815
38.9,0.815
38.9,0.815
38.9,0.815
38.9,0.815
38.9,0.815
38.9,0.815
38.9,0.820
38.9,0.820
38.9,0.820
38.9,0.820
38.9,0.820
38.9,0.820
38.9,0.820
38.9,0.820
38.9,0.820
38.9,0.820
38.9,0.820
38.9,0.820
38.9,0.820
38.9,0.820
38.9,0.820
38.9,0.820
38.9,0.820
38.9,0.820
38.9,0.820
38.9,0.820
38.9,0.825
38.9,0.825
38.9,0.825
38.9,0.825
38.9,0.825
38.9,0.825
38.9,0.825
38.9,0.825
38.9,0.825
38.9,0.825
38.9,0.825
38.9,0.825
38.9,0.825
38.9,0.825
38.9,0.825
38.9,0.825
38.9,0.825
38.9,0.825
38.9,0.825
38.9,0.825
38.9,0.825
38.9,0.825
38.9,0.830
38.9,0.830
38.9,0.830
38.9,0.830
38.9,0.830
39.0,0.830
39.0,0.830
39.0,0.830
39.0,0.830
39.0,0.830
39.0,0.830
39.0,0.830
39.0,0.830
39.0,0.830
39.0,0.830
39.0,0.830
39.0,0.830
39.0,0.830
39.0,0.830
39.0,0.830
39.0,0.830
39.0,0.830
39.0,0.835
39.0,0.835
39.0,0.835
39.0,0.835
39.0,0.835
39.0,0.835
39.0,0.835
39.0,0.835
39.0,0.835
39.0,0.835
39.0,0.835
39.0,0.835
39.0,0.835
39.0,0.835
39.0,0.835
39.0,0.835
39.0,0.835
39.0,0.835
39.1,0.835
39.1,0.835
39.1,0.840
39.1,0.840
39.1,0.840
39.1,0.840
39.1,0.840
39.1,0.840
39.1,0.840
39.1,0.840
39.1,0.840
39.1,0.840
39.1,0.840
39.1,0.840
39.1,0.840
39.1,0.840
39.1,0.840
39.1,0.840
39.1,0.840
39.1,0.840
39.1,0.840
39.1,0.845
39.1,0.845
39.1,0.845
39.1,0.845
39.1,0.845
39.1,0.845
39.1,0.845
39.1,0.845
39.1,0.845
39.1,0.845
39.1,0.845
39.1,0.845
39.1,0.845
39.1,0.845
39.1,0.845
39.1,0.845
39.1,0.845
39.1,0.845
39.1,0.845
39.1,0.845
39.1,0.845
39.1,0.850
39.1,0.850
39.1,0.850
39.1,0.850
39.1,0.850
39.1,0.850
39.1,0.850
39.1,0.850
39.1,0.850
39.1,0.850
39.1,0.850
39.1,0.850
39.1,0.850
39.1,0.850
39.1,0.850
39.1,0.850
39.1,0.850
39.1,0.850
39.1,0.850
39.1,0.850
39.1,0.850
39.1,0.855
39.1,0.855
39.1,0.855
39.1,0.855
39.1,0.855
39.1,0.855
39.1,0.855
39.1,0.855
39.1,0.855
39.1,0.855
39.1,0.855
39.1,0.855
39.1,0.855
39.1,0.855
39.1,0.855
39.1,0.855
39.1,0.855
39.1,0.855
39.1,0.855
39.1,0.855
39.1,0.860
39.1,0.860
39.1,0.860
39.1,0.860
39.2,0.860
39.2,0.860
39.2,0.860
39.2,0.860
39.2,0.860
39.2,0.860
39.2,0.860
39.2,0.860
39.2,0.860
39.2,0.860
39.2,0.860
39.2,0.860
39.2,0.860
39.2,0.860
39.2,0.860
39.2,0.865
39.2,0.865
39.2,0.865
39.2,0.865
39.1,0.865
39.1,0.865
39.1,0.865
39.1,0.865
39.1,0.865
39.1,0.865
39.1,0.865
39.1,0.865
39.1,0.865
39.1,0.865
39.0,0.865
39.0,0.865
39.0,0.865
39.0,0.865
39.0,0.865
39.0,0.865
39.0,0.865
39.0,0.870
39.0,0.870
39.1,0.870
39.1,0.870
39.1,0.870
39.1,0.870
39.1,0.870
39.1,0.870
39.1,0.870
39.1,0.870
39.1,0.870
39.1,0.870
39.1,0.870
39.2,0.870
39.2,0.870
39.2,0.870
39.2,0.870
39.2,0.870
39.2,0.870
39.2,0.870
39.2,0.875
39.2,0.875
39.2,0.875
39.2,0.875
39.2,0.875
39.2,0.875
39.2,0.875
39.2,0.875
39.2,0.875
39.2,0.875
39.2,0.875
39.2,0.875
39.2,0.875
39.2,0.875
39.2,0.875
39.2,0.875
39.2,0.875
39.2,0.875
39.2,0.875
39.2,0.880
39.2,0.880
39.2,0.880
39.2,0.880
39.2,0.880
39.2,0.880
39.2,0.880
39.2,0.880
39.2,0.880
39.2,0.880
39.2,0.880
39.2,0.880
39.2,0.880
39.2,0.880
39.2,0.880
39.2,0.880
39.2,0.880
39.2,0.880
39.2,0.880
39.2,0.880
39.2,0.885
39.2,0.885
39.2,0.885
39.2,0.885
39.2,0.885
39.2,0.885
39.2,0.885
39.2,0.885
39.2,0.885
39.2,0.885
39.2,0.885
39.2,0.885
39.2,0.885
39.2,0.885
39.2,0.885
39.2,0.885
39.2,0.885
39.2,0.885
39.2,0.885
39.2,0.885
39.2,0.890
39.2,0.890
39.2,0.890
39.2,0.890
39.2,0.890
39.2,0.890
39.2,0.890
39.2,0.890
39.2,0.890
39.2,0.890
39.2,0.890
39.2,0.890
39.2,0.890
39.2,0.890
39.3,0.890
39.3,0.890
39.3,0.890
39.3,0.890
39.3,0.890
39.3,0.890
39.3,0.895
39.3,0.895
39.3,0.895
39.3,0.895
39.3,0.895
39.3,0.895
39.3,0.895
39.3,0.895
39.3,0.895
39.3,0.895
39.3,0.895
39.3,0.895
39.3,0.895
39.3,0.895
39.3,0.895
39.3,0.895
39.3,0.895
39.3,0.895
39.3,0.895
39.3,0.900
39.3,0.900
39.3,0.900
39.3,0.900
39.3,0.900
39.3,0.900
39.3,0.900
39.3,0.900
39.3,0.900
39.3,0.900
39.3,0.900
39.3,0.900
39.3,0.900
39.3,0.900
39.3,0.900
39.3,0.900
39.3,0.900
39.3,0.900
39.3,0.900
39.3,0.905
39.3,0.905
39.3,0.905
39.3,0.905
39.3,0.905
39.3,0.905
39.4,0.905
39.4,0.905
39.4,0.905
39.4,0.905
39.4,0.905
39.4,0.905
39.4,0.905
39.4,0.905
39.4,0.905
39.4,0.905
39.4,0.905
39.4,0.905
39.4,0.905
39.4,0.910
39.4,0.910
39.4,0.910
39.4,0.910
39.4,0.910
39.4,0.910
39.4,0.910
39.4,0.910
39.4,0.910
39.4,0.910
39.4,0.910
39.4,0.910
39.4,0.910
39.4,0.910
39.4,0.910
39.4,0.910
39.4,0.910
39.4,0.910
39.4,0.910
39.4,0.910
39.4,0.915
39.4,0.915
39.4,0.915
39.4,0.915
39.4,0.915
39.4,0.915
39.5,0.915
39.5,0.915
39.5,0.915
39.5,0.915
39.5,0.915
39.5,0.915
39.5,0.915
39.5,0.915
39.5,0.915
39.5,0.915
39.5,0.915
39.5,0.915
39.5,0.915
39.5,0.920
39.5,0.920
39.5,0.920
39.5,0.920
39.5,0.920
39.5,0.920
39.5,0.920
39.5,0.920
39.5,0.920
39.5,0.920
39.5,0.920
39.5,0.920
39.5,0.920
39.5,0.920
39.5,0.920
39.5,0.920
39.5,0.920
39.5,0.925
39.5,0.925
39.5,0.925
39.5,0.925
39.5,0.925
39.5,0.925
39.5,0.925
39.5,0.925
39.5,0.925
39.5,0.925
39.5,0.925
39.5,0.925
39.5,0.925
39.5,0.925
39.5,0.925
39.5,0.925
39.5,0.925
39.5,0.925
39.5,0.925
39.5,0.930
39.5,0.930
39.5,0.930
39.5,0.930
39.5,0.930
39.5,0.930
39.5,0.930
39.5,0.930
39.5,0.930
39.5,0.930
39.5,0.930
39.5,0.930
39.5,0.930
39.5,0.930
39.5,0.930
39.5,0.930
39.5,0.930
39.5,0.930
39.5,0.930
39.5,0.935
39.5,0.935
39.5,0.935
39.5,0.935
39.5,0.935
39.5,0.935
39.5,0.935
39.5,0.935
39.5,0.935
39.5,0.935
39.5,0.935
39.5,0.935
39.5,0.935
39.5,0.935
39.5,0.935
39.5,0.935
39.5,0.935
39.5,0.940
39.5,0.940
39.5,0.940
39.5,0.940
39.5,0.940
39.5,0.940
39.5,0.940
39.5,0.940
39.5,0.940
39.6,0.940
39.6,0.940
39.6,0.940
39.6,0.940
39.5,0.940
39.5,0.940
39.5,0.940
39.5,0.940
39.5,0.940
39.5,0.945
39.5,0.945
39.5,0.945
39.5,0.945
39.5,0.945
39.5,0.945
39.5,0.945
39.5,0.945
39.5,0.945
39.6,0.945
39.6,0.945
39.6,0.945
39.6,0.945
39.6,0.945
39.6,0.945
39.6,0.945
39.6,0.945
39.6,0.945
39.6,0.950
39.6,0.950
39.6,0.950
39.6,0.950
39.6,0.950
39.6,0.950
39.6,0.950
39.6,0.950
39.6,0.950
39.6,0.950
39.6,0.950
39.6,0.950
39.6,0.950
39.6,0.950
39.6,0.950
39.6,0.950
39.6,0.950
39.6,0.950
39.6,0.955
39.6,0.955
39.6,0.955
39.6,0.955
39.6,0.955
39.7,0.955
39.7,0.955
39.7,0.955
39.7,0.955
39.7,0.955
39.7,0.955
39.7,0.955
39.7,0.955
39.7,0.955
39.7,0.955
39.7,0.955
39.7,0.955
39.7,0.960
39.7,0.960
39.7,0.960
39.7,0.960
39.7,0.960
39.7,0.960
39.7,0.960
39.7,0.960
39.7,0.960
39.7,0.960
39.7,0.960
39.7,0.960
39.7,0.960
39.7,0.960
39.7,0.960
39.7,0.960
39.7,0.960
39.7,0.960
39.7,0.960
39.7,0.965
39.7,0.965
39.7,0.965
39.7,0.965
39.7,0.965
39.7,0.965
39.7,0.965
39.7,0.965
39.7,0.965
39.7,0.965
39.7,0.965
39.7,0.965
39.7,0.965
39.7,0.965
39.7,0.965
39.7,0.965
39.7,0.965
39.7,0.965
39.7,0.970
39.7,0.970
39.7,0.970
39.7,0.970
39.7,0.970
39.7,0.970
39.7,0.970
39.7,0.970
39.7,0.970
39.7,0.970
39.7,0.970
39.7,0.970
39.7,0.970
39.7,0.970
39.7,0.970
39.7,0.970
39.7,0.970
39.7,0.970
39.7,0.975
39.7,0.975
39.7,0.975
39.7,0.975
39.7,0.975
39.7,0.975
39.7,0.975
39.7,0.975
39.7,0.975
39.7,0.975
39.7,0.975
39.8,0.975
39.8,0.975
39.8,0.975
39.8,0.975
39.8,0.975
39.8,0.975
39.8,0.975
39.8,0.980
39.8,0.980
39.8,0.980
39.8,0.980
39.8,0.980
39.8,0.980
39.8,0.980
39.8,0.980
39.8,0.980
39.8,0.980
39.8,0.980
39.8,0.980
39.8,0.980
39.8,0.980
39.8,0.980
39.8,0.980
39.8,0.980
39.8,0.980
39.8,0.985
39.8,0.985
39.8,0.985
39.8,0.985
39.8,0.985
39.8,0.985
39.8,0.985
39.8,0.985
39.8,0.985
39.8,0.985
39.8,0.985
39.8,0.985
39.8,0.985
39.8,0.985
39.8,0.985
39.8,0.985
39.8,0.985
39.8,0.985
39.8,0.985
39.8,0.990
39.8,0.990
39.8,0.990
39.8,0.990
39.8,0.990
39.8,0.990
39.8,0.990
39.9,0.990
39.9,0.990
39.9,0.990
39.9,0.990
39.9,0.990
39.9,0.990
39.9,0.990
39.9,0.990
39.9,0.990
39.9,0.990
39.9,0.990
39.9,0.995
39.9,0.995
39.9,0.995
39.9,0.995
39.9,0.995
39.9,0.995
39.9,0.995
39.9,0.995
39.9,0.995
40.0,0.995
40.0,0.995
40.0,0.995
40.0,0.995
40.0,0.995
40.0,0.995
40.0,0.995
40.0,0.995
40.0,0.995
40.0,1.000
40.0,1.000
40.0,1.000
40.0,1.000
40.0,1.000
40.0,1.000
40.0,1.000
40.0,1.000
40.0,1.000
40.0,1.000
40.0,1.000
40.0,1.000
40.0,1.000
40.0,1.000
40.0,1.000
40.0,1.000
40.0,1.000
40.0,1.005
40.0,1.005
40.0,1.005
40.0,1.005
40.0,1.005
40.0,1.005
40.0,1.005
40.0,1.005
40.0,1.005
40.0,1.005
40.0,1.005
40.0,1.005
40.0,1.005
40.0,1.005
40.0,1.005
40.0,1.005
40.0,1.005
40.0,1.005
40.0,1.010
40.0,1.010
40.0,1.010
40.0,1.010
40.0,1.010
40.0,1.010
40.0,1.010
40.0,1.010
40.0,1.010
40.0,1.010
40.0,1.010
40.0,1.010
40.0,1.010
40.0,1.010
40.0,1.010
40.0,1.010
40.0,1.010
40.0,1.015
40.0,1.015
40.0,1.015
40.0,1.015
40.0,1.015
40.0,1.015
40.0,1.015
40.0,1.015
40.0,1.015
40.0,1.015
40.0,1.015
40.0,1.015
40.0,1.015
40.0,1.015
40.0,1.015
40.0,1.015
40.0,1.015
40.0,1.020
40.0,1.020
40.0,1.020
40.0,1.020
40.0,1.020
40.0,1.020
40.1,1.020
40.1,1.020
40.1,1.020
40.1,1.020
40.1,1.020
40.2,1.020
40.2,1.020
40.2,1.020
40.2,1.020
40.2,1.020
40.2,1.020
40.2,1.025
40.1,1.025
40.1,1.025
40.1,1.025
40.1,1.025
40.1,1.025
40.1,1.025
40.1,1.025
40.1,1.025
40.1,1.025
40.1,1.025
40.1,1.025
40.1,1.025
40.1,1.025
40.1,1.025
40.1,1.025
40.1,1.025
40.1,1.030
40.1,1.030
40.1,1.030
40.1,1.030
40.2,1.030
40.2,1.030
40.2,1.030
40.1,1.030
40.1,1.030
40.1,1.030
40.1,1.030
40.1,1.030
40.1,1.030
40.1,1.030
40.1,1.030
40.1,1.030
40.1,1.030
40.1,1.030
40.1,1.035
40.1,1.035
40.1,1.035
40.1,1.035
40.1,1.035
40.1,1.035
40.1,1.035
40.1,1.035
40.1,1.035
40.1,1.035
40.1,1.035
40.1,1.035
40.1,1.035
40.1,1.035
40.1,1.035
40.1,1.035
40.1,1.035
40.1,1.040
40.1,1.040
40.1,1.040
40.1,1.040
40.1,1.040
40.1,1.040
40.1,1.040
40.1,1.040
40.1,1.040
40.1,1.040
40.2,1.040
40.2,1.040
40.2,1.040
40.2,1.040
40.2,1.040
40.2,1.040
40.2,1.040
40.2,1.040
40.2,1.040
40.2,1.045
40.2,1.045
40.2,1.045
40.1,1.045
40.1,1.045
40.1,1.045
40.1,1.045
40.1,1.045
40.1,1.045
40.1,1.045
40.1,1.045
40.1,1.045
40.1,1.045
40.1,1.045
40.1,1.045
40.1,1.045
40.1,1.045
40.1,1.045
40.1,1.050
40.1,1.050
40.1,1.050
40.1,1.050
40.1,1.050
40.1,1.050
40.1,1.050
40.1,1.050
40.1,1.050
40.1,1.050
40.1,1.050
40.1,1.050
40.1,1.050
40.1,1.050
40.1,1.050
40.1,1.050
40.1,1.050
40.1,1.050
40.1,1.050
40.1,1.050
40.1,1.055
40.1,1.055
40.1,1.055
40.1,1.055
40.1,1.055
40.1,1.055
40.1,1.055
40.1,1.055
40.2,1.055
40.2,1.055
40.2,1.055
40.2,1.055
40.2,1.055
40.2,1.055
40.2,1.055
40.2,1.055
40.2,1.055
40.2,1.055
40.2,1.060
40.2,1.060
40.2,1.060
40.2,1.060
40.2,1.060
40.2,1.060
40.2,1.060
40.2,1.060
40.2,1.060
40.2,1.060
40.2,1.060
40.2,1.060
40.2,1.060
40.2,1.060
40.2,1.060
40.2,1.060
40.2,1.060
40.2,1.060
40.2,1.065
40.2,1.065
40.2,1.065
40.2,1.065
40.2,1.065
40.2,1.065
40.2,1.065
40.2,1.065
40.2,1.065
40.2,1.065
40.2,1.065
40.2,1.065
40.2,1.065
40.2,1.065
40.2,1.065
40.2,1.065
40.2,1.065
40.2,1.065
40.2,1.065
40.2,1.065
40.2,1.070
40.2,1.070
40.2,1.070
40.2,1.070
40.2,1.070
40.2,1.070
40.2,1.070
40.2,1.070
40.2,1.070
40.2,1.070
40.2,1.070
40.2,1.070
40.2,1.070
40.2,1.070
40.2,1.070
40.2,1.070
40.2,1.070
40.2,1.070
40.2,1.070
40.2,1.070
40.2,1.075
40.2,1.075
40.2,1.075
40.2,1.075
40.2,1.075
40.2,1.075
40.2,1.075
40.3,1.075
40.3,1.075
40.3,1.075
40.3,1.075
40.3,1.075
40.3,1.075
40.3,1.075
40.3,1.075
40.3,1.075
40.3,1.075
40.3,1.075
40.3,1.075
40.3,1.075
40.3,1.080
40.3,1.080
40.3,1.080
40.2,1.080
40.2,1.080
40.2,1.080
40.2,1.080
40.2,1.080
40.2,1.080
40.2,1.080
40.2,1.080
40.2,1.080
40.2,1.080
40.2,1.080
40.2,1.080
40.2,1.080
40.3,1.080
40.3,1.080
40.3,1.080
40.3,1.080
40.3,1.085
40.3,1.085
40.3,1.085
40.3,1.085
40.3,1.085
40.3,1.085
40.3,1.085
40.3,1.085
40.3,1.085
40.3,1.085
40.3,1.085
40.3,1.085
40.3,1.085
40.3,1.085
40.3,1.085
40.3,1.085
40.3,1.085
40.3,1.085
40.3,1.085
40.3,1.085
40.3,1.085
40.3,1.085
40.3,1.090
40.3,1.090
40.3,1.090
40.3,1.090
40.3,1.090
40.3,1.090
40.3,1.090
40.3,1.090
40.3,1.090
40.3,1.090
40.3,1.090
40.3,1.090
40.3,1.090
40.3,1.090
40.3,1.090
40.3,1.090
40.3,1.090
40.3,1.090
40.3,1.090
40.3,1.090
40.3,1.090
40.3,1.090
40.3,1.090
40.3,1.090
40.3,1.095
40.4,1.095
40.4,1.095
40.4,1.095
40.4,1.095
40.4,1.095
40.4,1.095
40.4,1.095
40.4,1.095
40.4,1.095
40.4,1.095
40.4,1.095
40.4,1.095
40.4,1.095
40.4,1.095
40.4,1.095
40.4,1.095
40.4,1.095
40.4,1.095
40.4,1.095
40.4,1.095
40.4,1.095
40.4,1.100
40.4,1.100
40.4,1.100
40.4,1.100
40.4,1.100
40.4,1.100
40.4,1.100
40.4,1.100
40.4,1.100
40.4,1.100
40.4,1.100
40.4,1.100
40.4,1.100
40.4,1.100
40.4,1.100
40.4,1.100
40.4,1.100
40.4,1.100
40.4,1.100
40.4,1.100
40.4,1.100
40.4,1.100
40.4,1.100
40.4,1.105
40.4,1.105
40.4,1.105
40.4,1.105
40.4,1.105
40.4,1.105
40.4,1.105
40.4,1.105
40.4,1.105
40.4,1.105
40.4,1.105
40.4,1.105
40.4,1.105
40.4,1.105
40.4,1.105
40.4,1.105
40.4,1.105
40.4,1.105
40.4,1.105
40.4,1.105
40.4,1.105
40.4,1.105
40.4,1.105
40.4,1.105
40.4,1.110
40.4,1.110
40.4,1.110
40.4,1.110
40.4,1.110
40.4,1.110
40.4,1.110
40.4,1.110
40.4,1.110
40.4,1.110
40.4,1.110
40.4,1.110
40.4,1.110
40.4,1.110
40.4,1.110
40.4,1.110
40.4,1.110
40.4,1.110
40.4,1.110
40.4,1.110
40.4,1.110
40.4,1.110
40.4,1.110
40.4,1.110
40.4,1.110
40.4,1.110
40.4,1.115
40.4,1.115
40.4,1.115
40.4,1.115
40.4,1.115
40.4,1.115
40.4,1.115
40.4,1.115
40.4,1.115
40.4,1.115
40.4,1.115
40.4,1.115
40.4,1.115
40.4,1.115
40.4,1.115
40.4,1.115
40.4,1.115
40.4,1.115
40.4,1.115
40.4,1.115
40.4,1.115
40.4,1.115
40.5,1.115
40.5,1.115
40.5,1.120
40.5,1.120
40.5,1.120
40.5,1.120
40.5,1.120
40.5,1.120
40.5,1.120
40.5,1.120
40.5,1.120
40.5,1.120
40.5,1.120
40.5,1.120
40.5,1.120
40.5,1.120
40.5,1.120
40.5,1.120
40.5,1.120
40.5,1.120
40.5,1.120
40.5,1.120
40.5,1.120
40.5,1.120
40.5,1.120
40.5,1.120
40.5,1.120
40.5,1.125
40.5,1.125
40.5,1.125
40.5,1.125
40.5,1.125
40.5,1.125
40.5,1.125
40.5,1.125
40.4,1.125
40.4,1.125
40.4,1.125
40.4,1.125
40.4,1.125
40.4,1.125
40.4,1.125
40.4,1.125
40.4,1.125
40.4,1.125
40.4,1.125
40.5,1.125
40.5,1.125
40.5,1.125
40.5,1.125
40.5,1.125
40.5,1.125
40.5,1.130
40.5,1.130
40.5,1.130
40.5,1.130
40.5,1.130
40.5,1.130
40.5,1.130
40.5,1.130
40.5,1.130
40.5,1.130
40.5,1.130
40.5,1.130
40.5,1.130
40.5,1.130
40.5,1.130
40.5,1.130
40.5,1.130
40.6,1.130
40.6,1.130
40.6,1.130
40.6,1.130
40.6,1.130
40.6,1.130
40.6,1.130
40.6,1.130
40.6,1.135
40.6,1.135
40.6,1.135
40.6,1.135
40.6,1.135
40.6,1.135
40.6,1.135
40.6,1.135
40.6,1.135
40.6,1.135
40.6,1.135
40.6,1.135
40.6,1.135
40.6,1.135
40.6,1.135
40.6,1.135
40.6,1.135
40.6,1.135
40.6,1.135
40.6,1.135
40.6,1.135
40.6,1.135
40.6,1.140
40.6,1.140
40.6,1.140
40.7,1.140
40.6,1.140
40.6,1.140
40.6,1.140
40.7,1.140
40.7,1.140
40.7,1.140
40.7,1.140
40.7,1.140
40.7,1.140
40.7,1.140
40.7,1.140
40.7,1.140
40.7,1.140
40.7,1.140
40.7,1.140
40.7,1.140
40.7,1.140
40.7,1.140
40.7,1.140
40.7,1.145
40.7,1.145
40.7,1.145
40.7,1.145
40.7,1.145
40.7,1.145
40.7,1.145
40.7,1.145
40.7,1.145
40.7,1.145
40.7,1.145
40.7,1.145
40.7,1.145
40.7,1.145
40.7,1.145
40.7,1.145
40.7,1.145
40.7,1.145
40.7,1.145
40.7,1.145
40.7,1.145
40.7,1.145
40.7,1.145
40.7,1.150
40.7,1.150
40.7,1.150
40.7,1.150
40.7,1.150
40.7,1.150
40.8,1.150
40.8,1.150
40.8,1.150
40.8,1.150
40.8,1.150
40.8,1.150
40.8,1.150
40.7,1.150
40.7,1.150
40.7,1.150
40.7,1.150
40.7,1.150
40.7,1.150
40.7,1.150
40.7,1.150
40.7,1.150
40.8,1.150
40.8,1.150
40.8,1.155
40.8,1.155
40.8,1.155
40.8,1.155
40.8,1.155
40.8,1.155
40.8,1.155
40.8,1.155
40.8,1.155
40.8,1.155
40.8,1.155
40.8,1.155
40.8,1.155
40.8,1.155
40.8,1.155
40.8,1.155
40.8,1.155
40.8,1.155
40.8,1.155
40.9,1.155
40.9,1.155
40.8,1.155
40.8,1.155
40.8,1.160
40.8,1.160
40.8,1.160
40.8,1.160
40.8,1.160
40.8,1.160
40.8,1.160
40.8,1.160
40.8,1.160
40.8,1.160
40.8,1.160
40.9,1.160
40.9,1.160
40.9,1.160
40.9,1.160
40.9,1.160
40.9,1.160
40.9,1.160
40.9,1.160
40.9,1.160
40.9,1.160
40.9,1.160
40.9,1.165
40.9,1.165
40.9,1.165
40.9,1.165
40.9,1.165
40.9,1.165
40.9,1.165
40.9,1.165
40.9,1.165
40.9,1.165
40.9,1.165
40.9,1.165
40.9,1.165
40.9,1.165
40.9,1.165
40.9,1.165
40.9,1.165
40.9,1.165
40.9,1.165
40.9,1.165
40.9,1.165
40.9,1.165
40.9,1.165
40.9,1.165
40.9,1.170
40.9,1.170
40.9,1.170
40.9,1.170
40.9,1.170
40.9,1.170
41.0,1.170
41.0,1.170
41.0,1.170
41.0,1.170
41.0,1.170
41.0,1.170
41.0,1.170
41.0,1.170
41.0,1.170
41.0,1.170
41.0,1.170
41.0,1.170
41.0,1.170
41.0,1.170
41.0,1.170
41.0,1.170
41.0,1.170
41.0,1.175
41.0,1.175
41.0,1.175
41.0,1.175
41.0,1.175
41.0,1.175
41.0,1.175
41.0,1.175
41.0,1.175
41.0,1.175
41.0,1.175
41.0,1.175
41.0,1.175
41.0,1.175
41.0,1.175
41.0,1.175
41.1,1.175
41.1,1.175
41.1,1.175
41.1,1.175
41.1,1.175
41.1,1.175
41.1,1.180
41.1,1.180
41.1,1.180
41.1,1.180
41.0,1.180
41.0,1.180
41.0,1.180
41.0,1.180
41.0,1.180
41.1,1.180
41.1,1.180
41.1,1.180
41.1,1.180
41.1,1.180
41.1,1.180
41.1,1.180
41.1,1.180
41.1,1.180
41.1,1.180
41.1,1.180
41.1,1.180
41.1,1.180
41.1,1.180
41.1,1.185
41.1,1.185
41.1,1.185
41.1,1.185
41.1,1.185
41.1,1.185
41.1,1.185
41.1,1.185
41.1,1.185
41.1,1.185
41.1,1.185
41.1,1.185
41.1,1.185
41.1,1.185
41.1,1.185
41.1,1.185
41.1,1.185
41.1,1.185
41.1,1.185
41.1,1.185
41.1,1.185
41.1,1.185
41.1,1.185
41.1,1.190
41.1,1.190
41.1,1.190
41.1,1.190
41.1,1.190
41.1,1.190
41.1,1.190
41.2,1.190
41.2,1.190
41.2,1.190
41.2,1.190
41.2,1.190
41.2,1.190
41.2,1.190
41.2,1.190
41.2,1.190
41.2,1.190
41.2,1.190
41.1,1.190
41.1,1.190
41.1,1.190
41.1,1.190
41.1,1.190
41.1,1.195
41.1,1.195
41.1,1.195
41.1,1.195
41.1,1.195
41.1,1.195
41.1,1.195
41.1,1.195
41.1,1.195
41.1,1.195
41.1,1.195
41.1,1.195
41.1,1.195
41.1,1.195
41.1,1.195
41.1,1.195
41.1,1.195
41.1,1.195
41.1,1.195
41.1,1.195
41.1,1.195
41.1,1.195
41.1,1.200
41.1,1.200
41.1,1.200
41.1,1.200
41.1,1.200
41.1,1.200
41.1,1.200
41.1,1.200
41.1,1.200
41.1,1.200
41.1,1.200
41.1,1.200
41.1,1.200
41.1,1.200
41.1,1.200
41.1,1.200
41.1,1.200
41.1,1.200
41.1,1.200
41.1,1.200
41.1,1.200
41.1,1.200
41.1,1.200
41.1,1.205
41.1,1.205
41.1,1.205
41.1,1.205
41.1,1.205
41.1,1.205
41.1,1.205
41.1,1.205
41.1,1.205
41.1,1.205
41.1,1.205
41.1,1.205
41.1,1.205
41.0,1.205
41.0,1.205
41.0,1.205
41.0,1.205
41.0,1.205
41.0,1.205
41.0,1.205
41.0,1.205
41.0,1.205
41.0,1.205
41.0,1.205
41.0,1.205
41.0,1.210
41.0,1.210
41.0,1.210
41.1,1.210
41.1,1.210
41.1,1.210
41.1,1.210
41.1,1.210
41.1,1.210
41.1,1.210
41.0,1.210
41.0,1.210
41.0,1.210
41.0,1.210
41.0,1.210
41.0,1.210
41.0,1.210
41.0,1.210
41.0,1.210
41.0,1.210
41.0,1.210
41.0,1.210
41.0,1.210
41.0,1.210
41.0,1.210
41.0,1.215
41.0,1.215
41.0,1.215
41.0,1.215
41.0,1.215
41.0,1.215
41.0,1.215
41.0,1.215
41.0,1.215
41.0,1.215
41.0,1.215
41.0,1.215
41.0,1.215
41.0,1.215
41.0,1.215
41.0,1.215
41.0,1.215
41.0,1.215
41.0,1.215
41.0,1.215
41.0,1.215
41.0,1.215
41.0,1.215
41.0,1.215
41.0,1.220
41.0,1.220
41.0,1.220
41.0,1.220
41.0,1.220
41.0,1.220
41.0,1.220
41.0,1.220
41.0,1.220
41.0,1.220
41.0,1.220
41.0,1.220
41.0,1.220
41.0,1.220
41.0,1.220
41.0,1.220
41.0,1.220
41.1,1.220
41.1,1.220
41.1,1.220
41.1,1.220
41.1,1.220
41.1,1.220
41.1,1.220
41.1,1.225
41.1,1.225
41.1,1.225
41.1,1.225
41.1,1.225
41.1,1.225
41.1,1.225
41.1,1.225
41.1,1.225
41.1,1.225
41.1,1.225
41.1,1.225
41.1,1.225
41.1,1.225
41.1,1.225
41.1,1.225
41.1,1.225
41.1,1.225
41.1,1.225
41.1,1.225
41.1,1.225
41.1,1.225
41.1,1.225
41.1,1.225
41.1,1.230
41.1,1.230
41.1,1.230
41.1,1.230
41.1,1.230
41.1,1.230
41.1,1.230
41.1,1.230
41.1,1.230
41.1,1.230
41.1,1.230
41.1,1.230
41.1,1.230
41.1,1.230
41.1,1.230
41.1,1.230
41.1,1.230
41.1,1.230
41.1,1.230
41.1,1.230
41.1,1.230
41.1,1.230
41.1,1.230
41.1,1.230
41.1,1.230
41.1,1.235
41.1,1.235
41.1,1.235
41.1,1.235
41.1,1.235
41.1,1.235
41.1,1.235
41.1,1.235
41.1,1.235
41.1,1.235
41.1,1.235
41.0,1.235
41.0,1.235
41.0,1.235
41.0,1.235
41.0,1.235
41.0,1.235
41.0,1.235
41.1,1.235
41.1,1.235
41.1,1.235
41.1,1.235
41.1,1.235
41.1,1.235
41.1,1.240
41.1,1.240
41.1,1.240
41.1,1.240
41.1,1.240
41.1,1.240
41.1,1.240
41.1,1.240
41.1,1.240
41.1,1.240
41.1,1.240
41.0,1.240
41.0,1.240
41.0,1.240
41.1,1.240
41.1,1.240
41.1,1.240
41.1,1.240
41.1,1.240
41.1,1.240
41.1,1.240
41.1,1.240
41.1,1.240
41.1,1.245
41.1,1.245
41.1,1.245
41.1,1.245
41.1,1.245
41.1,1.245
41.1,1.245
41.1,1.245
41.1,1.245
41.1,1.245
41.1,1.245
41.1,1.245
41.1,1.245
41.1,1.245
41.1,1.245
41.1,1.245
41.1,1.245
41.1,1.245
41.1,1.245
41.1,1.245
41.1,1.245
41.1,1.245
41.1,1.245
41.1,1.245
41.1,1.245
41.1,1.250
41.1,1.250
41.1,1.250
41.1,1.250
41.1,1.250
41.1,1.250
41.1,1.250
41.1,1.250
41.1,1.250
41.1,1.250
41.1,1.250
41.1,1.250
41.1,1.250
41.2,1.250
41.2,1.250
41.2,1.250
41.2,1.250
41.2,1.250
41.2,1.250
41.2,1.250
41.2,1.250
41.2,1.250
41.2,1.250
41.2,1.250
41.2,1.255
41.2,1.255
41.2,1.255
41.2,1.255
41.2,1.255
41.2,1.255
41.2,1.255
41.2,1.255
41.2,1.255
41.2,1.255
41.2,1.255
41.2,1.255
41.2,1.255
41.2,1.255
41.2,1.255
41.2,1.255
41.2,1.255
41.2,1.255
41.2,1.255
41.2,1.255
41.2,1.255
41.2,1.255
41.2,1.260
41.1,1.260
41.1,1.260
41.1,1.260
41.1,1.260
41.1,1.260
41.1,1.260
41.1,1.260
41.1,1.260
41.1,1.260
41.1,1.260
41.2,1.260
41.2,1.260
41.2,1.260
41.2,1.260
41.2,1.260
41.2,1.260
41.2,1.260
41.2,1.260
41.2,1.260
41.2,1.260
41.2,1.260
41.2,1.265
41.2,1.265
41.2,1.265
41.2,1.265
41.2,1.265
41.2,1.265
41.2,1.265
41.2,1.265
41.2,1.265
41.2,1.265
41.2,1.265
41.1,1.265
41.1,1.265
41.1,1.265
41.1,1.265
41.1,1.265
41.1,1.265
41.1,1.265
41.1,1.265
41.2,1.265
41.2,1.265
41.2,1.265
41.2,1.265
41.2,1.270
41.2,1.270
41.2,1.270
41.2,1.270
41.2,1.270
41.2,1.270
41.2,1.270
41.2,1.270
41.2,1.270
41.2,1.270
41.2,1.270
41.2,1.270
41.2,1.270
41.2,1.270
41.2,1.270
41.2,1.270
41.2,1.270
41.2,1.270
41.2,1.270
41.2,1.270
41.2,1.270
41.2,1.270
41.2,1.270
41.2,1.275
41.2,1.275
41.2,1.275
41.2,1.275
41.2,1.275
41.2,1.275
41.2,1.275
41.2,1.275
41.2,1.275
41.2,1.275
41.2,1.275
41.2,1.275
41.2,1.275
41.2,1.275
41.2,1.275
41.2,1.275
41.2,1.275
41.2,1.275
41.2,1.275
41.2,1.275
41.2,1.275
41.2,1.275
41.2,1.280
41.2,1.280
41.2,1.280
41.2,1.280
41.2,1.280
41.2,1.280
41.2,1.280
41.2,1.280
41.2,1.280
41.2,1.280
41.2,1.280
41.2,1.280
41.2,1.280
41.2,1.280
41.2,1.280
41.2,1.280
41.2,1.280
41.2,1.280
41.2,1.280
41.2,1.280
41.2,1.280
41.2,1.280
41.2,1.280
41.2,1.285
41.2,1.285
41.2,1.285
41.2,1.285
41.2,1.285
41.2,1.285
41.2,1.285
41.2,1.285
41.2,1.285
41.2,1.285
41.2,1.285
41.2,1.285
41.2,1.285
41.2,1.285
41.2,1.285
41.2,1.285
41.2,1.285
41.2,1.285
41.2,1.285
41.2,1.285
41.2,1.285
41.2,1.285
41.2,1.285
41.2,1.290
41.2,1.290
41.3,1.290
41.3,1.290
41.3,1.290
41.3,1.290
41.3,1.290
41.3,1.290
41.3,1.290
41.3,1.290
41.3,1.290
41.3,1.290
41.3,1.290
41.3,1.290
41.3,1.290
41.3,1.290
41.2,1.290
41.2,1.290
41.2,1.290
41.2,1.290
41.2,1.290
41.2,1.290
41.2,1.295
41.2,1.295
41.2,1.295
41.2,1.295
41.2,1.295
41.3,1.295
41.3,1.295
41.3,1.295
41.3,1.295
41.3,1.295
41.3,1.295
41.3,1.295
41.3,1.295
41.3,1.295
41.3,1.295
41.3,1.295
41.3,1.295
41.3,1.295
41.3,1.295
41.3,1.295
41.3,1.295
41.3,1.295
41.3,1.300
41.3,1.300
41.3,1.300
41.3,1.300
41.3,1.300
41.3,1.300
41.3,1.300
41.3,1.300
41.3,1.300
41.3,1.300
41.3,1.300
41.3,1.300
41.3,1.300
41.3,1.300
41.3,1.300
41.3,1.300
41.3,1.300
41.3,1.300
41.3,1.300
41.3,1.300
41.3,1.305
41.3,1.305
41.3,1.305
41.3,1.305
41.3,1.305
41.3,1.305
41.3,1.305
41.3,1.305
41.3,1.305
41.3,1.305
41.3,1.305
41.3,1.305
41.3,1.305
41.3,1.305
41.3,1.305
41.3,1.305
41.3,1.305
41.3,1.305
41.3,1.305
41.3,1.305
41.3,1.305
41.3,1.305
41.3,1.310
41.3,1.310
41.3,1.310
41.3,1.310
41.3,1.310
41.3,1.310
41.3,1.310
41.3,1.310
41.3,1.310
41.3,1.310
41.3,1.310
41.3,1.310
41.3,1.310
41.3,1.310
41.3,1.310
41.3,1.310
41.3,1.310
41.3,1.310
41.3,1.310
41.3,1.310
41.3,1.310
41.3,1.315
41.3,1.315
41.3,1.315
41.3,1.315
41.3,1.315
41.3,1.315
41.3,1.315
41.3,1.315
41.3,1.315
41.3,1.315
41.3,1.315
41.3,1.315
41.3,1.315
41.4,1.315
41.3,1.315
41.3,1.315
41.3,1.315
41.3,1.315
41.4,1.315
41.4,1.315
41.4,1.315
41.4,1.320
41.4,1.320
41.4,1.320
41.3,1.320
41.3,1.320
41.3,1.320
41.3,1.320
41.3,1.320
41.3,1.320
41.3,1.320
41.3,1.320
41.3,1.320
41.3,1.320
41.3,1.320
41.3,1.320
41.3,1.320
41.3,1.320
41.3,1.320
41.3,1.320
41.3,1.320
41.3,1.325
41.3,1.325
41.3,1.325
41.3,1.325
41.3,1.325
41.3,1.325
41.3,1.325
41.3,1.325
41.3,1.325
41.3,1.325
41.3,1.325
41.3,1.325
41.3,1.325
41.4,1.325
41.4,1.325
41.4,1.325
41.4,1.325
41.4,1.325
41.4,1.325
41.4,1.325
41.4,1.325
41.4,1.325
41.4,1.325
41.4,1.330
41.4,1.330
41.4,1.330
41.4,1.330
41.4,1.330
41.4,1.330
41.4,1.330
41.4,1.330
41.4,1.330
41.4,1.330
41.4,1.330
41.4,1.330
41.4,1.330
41.4,1.330
41.4,1.330
41.4,1.330
41.4,1.330
41.4,1.330
41.4,1.330
41.4,1.330
41.4,1.330
41.4,1.330
41.4,1.335
41.4,1.335
41.4,1.335
41.4,1.335
41.4,1.335
41.4,1.335
41.4,1.335
41.4,1.335
41.4,1.335
41.4,1.335
41.4,1.335
41.4,1.335
41.4,1.335
41.4,1.335
41.4,1.335
41.4,1.335
41.4,1.335
41.4,1.335
41.4,1.335
41.4,1.335
41.4,1.335
41.4,1.340
41.4,1.340
41.4,1.340
41.4,1.340
41.4,1.340
41.4,1.340
41.4,1.340
41.4,1.340
41.4,1.340
41.4,1.340
41.4,1.340
41.4,1.340
41.4,1.340
41.4,1.340
41.4,1.340
41.4,1.340
41.4,1.340
41.4,1.340
41.3,1.340
41.3,1.340
41.3,1.340
41.3,1.340
41.3,1.340
41.3,1.345
41.3,1.345
41.4,1.345
41.3,1.345
41.5,1.345
41.5,1.345
41.5,1.345
41.5,1.345
41.5,1.345
41.5,1.345
41.5,1.345
41.5,1.345
41.5,1.345
41.5,1.345
41.4,1.345
41.4,1.345
41.4,1.345
41.4,1.345
41.4,1.345
41.4,1.345
41.4,1.345
41.4,1.345
41.4,1.345
41.5,1.345
41.5,1.350
41.5,1.350
41.5,1.350
41.5,1.350
41.5,1.350
41.5,1.350
41.5,1.350
41.5,1.350
41.5,1.350
41.5,1.350
41.5,1.350
41.4,1.350
41.4,1.350
41.4,1.350
41.4,1.350
41.4,1.350
41.4,1.350
41.4,1.350
41.4,1.350
41.4,1.350
41.4,1.350
41.4,1.350
41.5,1.350
41.5,1.350
41.5,1.355
41.5,1.355
41.5,1.355
41.5,1.355
41.5,1.355
41.5,1.355
41.5,1.355
41.5,1.355
41.5,1.355
41.5,1.355
41.5,1.355
41.5,1.355
41.5,1.355
41.4,1.355
41.4,1.355
41.4,1.355
41.4,1.355
41.4,1.355
41.4,1.355
41.4,1.355
41.4,1.355
41.4,1.355
41.4,1.355
41.4,1.360
41.4,1.360
41.4,1.360
41.4,1.360
41.4,1.360
41.4,1.360
41.4,1.360
41.4,1.360
41.4,1.360
41.4,1.360
41.4,1.360
41.4,1.360
41.4,1.360
41.4,1.360
41.5,1.360
41.5,1.360
41.5,1.360
41.5,1.360
41.5,1.360
41.5,1.360
41.5,1.360
41.5,1.360
41.5,1.360
41.5,1.360
41.5,1.360
41.5,1.365
41.5,1.365
41.5,1.365
41.5,1.365
41.5,1.365
41.5,1.365
41.5,1.365
41.5,1.365
41.5,1.365
41.5,1.365
41.5,1.365
41.5,1.365
41.5,1.365
41.5,1.365
41.5,1.365
41.5,1.365
41.5,1.365
41.5,1.365
41.5,1.365
41.5,1.365
41.5,1.365
41.5,1.365
41.5,1.365
41.5,1.365
41.5,1.365
41.5,1.370
41.5,1.370
41.5,1.370
41.5,1.370
41.5,1.370
41.5,1.370
41.5,1.370
41.5,1.370
41.5,1.370
41.5,1.370
41.5,1.370
41.5,1.370
41.5,1.370
41.5,1.370
41.5,1.370
41.5,1.370
41.5,1.370
41.5,1.370
41.5,1.370
41.5,1.370
41.5,1.370
41.5,1.370
41.5,1.370
41.5,1.370
41.5,1.370
41.5,1.375
41.5,1.375
41.5,1.375
41.5,1.375
41.5,1.375
41.5,1.375
41.5,1.375
41.5,1.375
41.5,1.375
41.5,1.375
41.5,1.375
41.5,1.375
41.5,1.375
41.5,1.375
41.5,1.375
41.5,1.375
41.5,1.375
41.5,1.375
41.5,1.375
41.5,1.375
41.5,1.375
41.5,1.375
41.5,1.375
41.5,1.375
41.5,1.375
41.6,1.380
41.6,1.380
41.6,1.380
41.6,1.380
41.6,1.380
41.6,1.380
41.6,1.380
41.6,1.380
41.6,1.380
41.6,1.380
41.6,1.380
41.6,1.380
41.5,1.380
41.5,1.380
41.5,1.380
41.5,1.380
41.5,1.380
41.5,1.380
41.5,1.380
41.5,1.380
41.5,1.380
41.5,1.380
41.5,1.380
41.6,1.380
41.6,1.385
41.6,1.385
41.5,1.385
41.5,1.385
41.5,1.385
41.5,1.385
41.5,1.385
41.5,1.385
41.5,1.385
41.5,1.385
41.5,1.385
41.5,1.385
41.5,1.385
41.5,1.385
41.5,1.385
41.5,1.385
41.5,1.385
41.6,1.385
41.6,1.385
41.6,1.385
41.6,1.385
41.6,1.385
41.6,1.385
41.6,1.385
41.6,1.385
41.6,1.385
41.6,1.385
41.6,1.385
41.6,1.390
41.6,1.390
41.6,1.390
41.6,1.390
41.6,1.390
41.6,1.390
41.6,1.390
41.6,1.390
41.6,1.390
41.6,1.390
41.6,1.390
41.6,1.390
41.6,1.390
41.6,1.390
41.6,1.390
41.6,1.390
41.6,1.390
41.6,1.390
41.6,1.390
41.6,1.390
41.6,1.390
41.6,1.390
41.6,1.390
41.6,1.390
41.6,1.390
41.6,1.390
41.6,1.395
41.6,1.395
41.6,1.395
41.6,1.395
41.6,1.395
41.6,1.395
41.6,1.395
41.6,1.395
41.6,1.395
41.6,1.395
41.6,1.395
41.6,1.395
41.6,1.395
41.6,1.395
41.6,1.395
41.6,1.395
41.6,1.395
41.6,1.395
41.6,1.395
41.6,1.395
41.7,1.395
41.7,1.395
41.7,1.395
41.6,1.395
41.6,1.395
41.6,1.395
41.6,1.400
41.6,1.400
41.6,1.400
41.6,1.400
41.6,1.400
41.6,1.400
41.6,1.400
41.6,1.400
41.6,1.400
41.6,1.400
41.6,1.400
41.6,1.400
41.6,1.400
41.6,1.400
41.6,1.400
41.6,1.400
41.6,1.400
41.6,1.400
41.6,1.400
41.6,1.400
41.6,1.400
41.6,1.400
41.6,1.400
41.6,1.400
41.6,1.400
41.6,1.405
41.6,1.405
41.6,1.405
41.6,1.405
41.6,1.405
41.6,1.405
41.6,1.405
41.7,1.405
41.7,1.405
41.7,1.405
41.7,1.405
41.7,1.405
41.7,1.405
41.7,1.405
41.7,1.405
41.7,1.405
41.7,1.405
41.7,1.405
41.7,1.405
41.7,1.405
41.7,1.405
41.7,1.405
41.7,1.405
41.7,1.405
41.7,1.405
41.7,1.405
41.7,1.410
41.7,1.410
41.7,1.410
41.7,1.410
41.7,1.410
41.7,1.410
41.7,1.410
41.7,1.410
41.7,1.410
41.7,1.410
41.7,1.410
41.7,1.410
41.7,1.410
41.7,1.410
41.7,1.410
41.7,1.410
41.7,1.410
41.7,1.410
41.7,1.410
41.7,1.410
41.7,1.410
41.7,1.410
41.7,1.410
41.7,1.410
41.7,1.410
41.7,1.410
41.7,1.415
41.7,1.415
41.7,1.415
41.7,1.415
41.7,1.415
41.7,1.415
41.7,1.415
41.7,1.415
41.7,1.415
41.7,1.415
41.7,1.415
41.7,1.415
41.7,1.415
41.7,1.415
41.7,1.415
41.7,1.415
41.7,1.415
41.7,1.415
41.7,1.415
41.7,1.415
41.7,1.415
41.7,1.415
41.7,1.415
41.7,1.415
41.7,1.420
41.7,1.420
41.7,1.420
41.7,1.420
41.7,1.420
41.7,1.420
41.7,1.420
41.7,1.420
41.7,1.420
41.7,1.420
41.7,1.420
41.7,1.420
41.7,1.420
41.7,1.420
41.8,1.420
41.8,1.420
41.8,1.420
41.8,1.420
41.8,1.420
41.8,1.420
41.8,1.420
41.7,1.420
41.7,1.420
41.7,1.420
41.7,1.425
41.7,1.425
41.7,1.425
41.7,1.425
41.7,1.425
41.7,1.425
41.8,1.425
41.8,1.425
41.8,1.425
41.8,1.425
41.8,1.425
41.8,1.425
41.8,1.425
41.8,1.425
41.8,1.425
41.8,1.425
41.8,1.425
41.8,1.425
41.7,1.425
41.7,1.425
41.7,1.425
41.7,1.425
41.7,1.425
41.7,1.425
41.7,1.425
41.7,1.430
41.7,1.430
41.7,1.430
41.7,1.430
41.7,1.430
41.7,1.430
41.7,1.430
41.7,1.430
41.7,1.430
41.7,1.430
41.7,1.430
41.7,1.430
41.7,1.430
41.7,1.430
41.7,1.430
41.7,1.430
41.7,1.430
41.7,1.430
41.7,1.430
41.7,1.430
41.7,1.430
41.7,1.430
41.7,1.430
41.7,1.430
41.7,1.430
41.7,1.435
41.7,1.435
41.7,1.435
41.7,1.435
41.8,1.435
41.7,1.435
41.7,1.435
41.7,1.435
41.7,1.435
41.7,1.435
41.8,1.435
41.8,1.435
41.8,1.435
41.8,1.435
41.8,1.435
41.8,1.435
41.8,1.435
41.8,1.435
41.8,1.435
41.8,1.435
41.8,1.435
41.8,1.435
41.8,1.440
41.8,1.440
41.8,1.440
41.8,1.440
41.8,1.440
41.8,1.440
41.8,1.440
41.8,1.440
41.8,1.440
41.8,1.440
41.8,1.440
41.8,1.440
41.8,1.440
41.8,1.440
41.8,1.440
41.8,1.440
41.8,1.440
41.8,1.440
41.8,1.440
41.8,1.440
41.8,1.440
41.8,1.440
41.8,1.440
41.8,1.445
41.8,1.445
41.8,1.445
41.8,1.445
41.8,1.445
41.8,1.445
41.8,1.445
41.8,1.445
41.8,1.445
41.8,1.445
41.8,1.445
41.8,1.445
41.8,1.445
41.8,1.445
41.8,1.445
41.8,1.445
41.8,1.445
41.8,1.445
41.8,1.445
41.8,1.445
41.8,1.445
41.8,1.445
41.8,1.450
41.8,1.450
41.8,1.450
41.8,1.450
41.8,1.450
41.8,1.450
41.8,1.450
41.8,1.450
41.8,1.450
41.8,1.450
41.8,1.450
41.8,1.450
41.8,1.450
41.8,1.450
41.8,1.450
41.8,1.450
41.8,1.450
41.8,1.450
41.8,1.450
41.8,1.450
41.8,1.450
41.8,1.450
41.8,1.450
41.8,1.455
41.8,1.455
41.8,1.455
41.8,1.455
41.8,1.455
41.8,1.455
41.8,1.455
41.8,1.455
41.8,1.455
41.8,1.455
41.8,1.455
41.8,1.455
41.8,1.455
41.8,1.455
41.8,1.455
41.8,1.455
41.8,1.455
41.8,1.455
41.8,1.455
41.8,1.455
41.8,1.455
41.8,1.455
41.8,1.460
41.8,1.460
41.8,1.460
41.8,1.460
41.9,1.460
41.9,1.460
41.9,1.460
41.9,1.460
41.9,1.460
41.9,1.460
41.9,1.460
41.9,1.460
41.9,1.460
41.9,1.460
41.9,1.460
41.9,1.460
41.9,1.460
41.9,1.460
41.9,1.460
41.9,1.460
41.9,1.460
41.9,1.465
41.9,1.465
41.9,1.465
41.9,1.465
41.9,1.465
41.9,1.465
41.9,1.465
41.9,1.465
41.9,1.465
41.9,1.465
41.9,1.465
41.9,1.465
41.9,1.465
41.9,1.465
41.9,1.465
41.9,1.465
41.9,1.465
41.9,1.465
41.9,1.465
41.9,1.465
41.9,1.465
41.9,1.465
41.9,1.465
41.9,1.470
41.9,1.470
41.9,1.470
41.9,1.470
41.9,1.470
41.9,1.470
41.9,1.470
41.9,1.470
41.9,1.470
41.9,1.470
41.9,1.470
41.9,1.470
41.9,1.470
41.9,1.470
41.9,1.470
41.9,1.470
41.9,1.470
41.9,1.470
41.9,1.470
41.9,1.470
41.9,1.470
41.9,1.470
41.9,1.470
41.9,1.475
41.9,1.475
41.9,1.475
41.9,1.475
41.9,1.475
41.9,1.475
41.9,1.475
41.9,1.475
41.9,1.475
41.9,1.475
41.9,1.475
41.9,1.475
41.9,1.475
41.9,1.475
41.9,1.475
42.0,1.475
42.0,1.475
42.0,1.475
42.0,1.475
41.9,1.475
42.0,1.475
42.0,1.480
42.0,1.480
42.0,1.480
41.9,1.480
41.9,1.480
41.9,1.480
41.9,1.480
41.9,1.480
41.9,1.480
41.9,1.480
41.9,1.480
41.9,1.480
41.9,1.480
41.9,1.480
41.9,1.480
41.9,1.480
41.9,1.480
41.9,1.480
41.9,1.480
41.9,1.485
41.9,1.485
41.9,1.485
41.9,1.485
41.9,1.485
41.9,1.485
41.9,1.485
41.9,1.485
41.9,1.485
41.9,1.485
42.0,1.485
42.0,1.485
42.0,1.485
42.0,1.485
42.0,1.485
42.0,1.485
42.0,1.485
42.0,1.485
42.0,1.485
42.0,1.485
42.0,1.485
42.0,1.485
41.9,1.490
41.9,1.490
41.9,1.490
41.9,1.490
41.9,1.490
41.9,1.490
41.9,1.490
41.9,1.490
41.9,1.490
41.9,1.490
41.9,1.490
41.9,1.490
42.0,1.490
42.0,1.490
42.0,1.490
42.0,1.490
42.0,1.490
42.0,1.490
42.0,1.490
42.0,1.490
42.0,1.490
42.0,1.495
42.0,1.495
42.0,1.495
42.0,1.495
41.9,1.495
41.9,1.495
41.9,1.495
41.9,1.495
41.9,1.495
41.9,1.495
41.9,1.495
42.0,1.495
42.0,1.495
42.0,1.495
42.0,1.495
42.0,1.495
42.0,1.495
42.0,1.495
42.0,1.495
42.0,1.495
42.0,1.500
42.0,1.500
42.0,1.500
42.0,1.500
42.0,1.500
42.0,1.500
42.0,1.500
42.0,1.500
42.0,1.500
42.0,1.500
42.0,1.500
42.0,1.500
42.0,1.500
42.0,1.500
42.0,1.500
42.0,1.500
42.0,1.500
42.0,1.500
42.0,1.500
42.0,1.500
42.0,1.505
42.0,1.505
42.0,1.505
42.0,1.505
42.0,1.505
42.0,1.505
42.0,1.505
42.0,1.505
42.0,1.505
42.0,1.505
42.1,1.505
42.1,1.505
42.1,1.505
42.1,1.505
42.1,1.505
42.1,1.505
42.1,1.505
42.1,1.505
42.1,1.505
42.1,1.505
42.0,1.505
42.0,1.510
42.0,1.510
42.0,1.510
42.0,1.510
42.0,1.510
42.0,1.510
42.0,1.510
42.0,1.510
42.0,1.510
42.0,1.510
42.0,1.510
42.0,1.510
42.0,1.510
42.0,1.510
42.0,1.510
42.0,1.510
42.0,1.510
42.0,1.510
42.0,1.510
42.0,1.510
42.0,1.510
42.0,1.515
42.0,1.515
42.0,1.515
42.0,1.515
42.0,1.515
42.0,1.515
42.0,1.515
42.0,1.515
42.0,1.515
42.0,1.515
42.1,1.515
42.1,1.515
42.1,1.515
42.1,1.515
42.1,1.515
42.1,1.515
42.1,1.515
42.1,1.515
42.1,1.515
42.1,1.520
42.1,1.520
42.1,1.520
42.1,1.520
42.1,1.520
42.1,1.520
42.1,1.520
42.1,1.520
42.1,1.520
42.1,1.520
42.1,1.520
42.1,1.520
42.1,1.520
42.1,1.520
42.1,1.520
42.1,1.520
42.1,1.520
42.1,1.520
42.1,1.520
42.1,1.520
42.1,1.525
42.1,1.525
42.1,1.525
42.1,1.525
42.1,1.525
42.1,1.525
42.1,1.525
42.1,1.525
42.1,1.525
42.1,1.525
42.1,1.525
42.1,1.525
42.1,1.525
42.1,1.525
42.1,1.525
42.1,1.525
42.1,1.525
42.1,1.525
42.1,1.525
42.1,1.530
42.1,1.530
42.1,1.530
42.1,1.530
42.1,1.530
42.1,1.530
42.1,1.530
42.1,1.530
42.1,1.530
42.1,1.530
42.1,1.530
42.1,1.530
42.1,1.530
42.1,1.530
42.1,1.530
42.1,1.530
42.1,1.530
42.1,1.530
42.1,1.530
42.1,1.530
42.1,1.535
42.1,1.535
42.1,1.535
42.2,1.535
42.2,1.535
42.2,1.535
42.2,1.535
42.2,1.535
42.2,1.535
42.2,1.535
42.2,1.535
42.2,1.535
42.2,1.535
42.2,1.535
42.2,1.535
42.2,1.535
42.2,1.535
42.2,1.535
42.2,1.540
42.2,1.540
42.2,1.540
42.2,1.540
42.2,1.540
42.2,1.540
42.2,1.540
42.2,1.540
42.2,1.540
42.2,1.540
42.2,1.540
42.2,1.540
42.2,1.540
42.2,1.540
42.2,1.540
42.2,1.540
42.2,1.540
42.2,1.540
42.2,1.545
42.2,1.545
42.2,1.545
42.2,1.545
42.2,1.545
42.2,1.545
42.2,1.545
42.2,1.545
42.2,1.545
42.2,1.545
42.2,1.545
42.2,1.545
42.2,1.545
42.2,1.545
42.2,1.545
42.2,1.545
42.2,1.545
42.2,1.545
42.2,1.545
42.2,1.545
42.2,1.550
42.2,1.550
42.2,1.550
42.2,1.550
42.2,1.550
42.2,1.550
42.2,1.550
42.2,1.550
42.2,1.550
42.2,1.550
42.2,1.550
42.2,1.550
42.2,1.550
42.2,1.550
42.2,1.550
42.2,1.550
42.2,1.550
42.2,1.550
42.2,1.550
42.2,1.555
42.2,1.555
42.2,1.555
42.2,1.555
42.2,1.555
42.2,1.555
42.2,1.555
42.2,1.555
42.2,1.555
42.2,1.555
42.2,1.555
42.2,1.555
42.2,1.555
42.2,1.555
42.2,1.555
42.2,1.555
42.2,1.555
42.2,1.555
42.2,1.555
42.2,1.560
42.2,1.560
42.2,1.560
42.2,1.560
42.2,1.560
42.2,1.560
42.2,1.560
42.2,1.560
42.2,1.560
42.2,1.560
42.2,1.560
42.2,1.560
42.2,1.560
42.2,1.560
42.2,1.560
42.2,1.560
42.2,1.560
42.2,1.565
42.2,1.565
42.2,1.565
42.2,1.565
42.2,1.565
42.2,1.565
42.2,1.565
42.2,1.565
42.2,1.565
42.2,1.565
42.2,1.565
42.2,1.565
42.2,1.565
42.2,1.565
42.2,1.565
42.2,1.565
42.2,1.565
42.2,1.565
42.2,1.565
42.2,1.565
42.2,1.570
42.2,1.570
42.2,1.570
42.2,1.570
42.2,1.570
42.2,1.570
42.2,1.570
42.2,1.570
42.2,1.570
42.2,1.570
42.2,1.570
42.2,1.570
42.2,1.570
42.2,1.570
42.2,1.570
42.2,1.570
42.2,1.570
42.2,1.570
42.2,1.570
42.2,1.570
42.2,1.575
42.2,1.575
42.2,1.575
42.2,1.575
42.2,1.575
42.2,1.575
42.2,1.575
42.2,1.575
42.2,1.575
42.2,1.575
42.2,1.575
42.2,1.575
42.3,1.575
42.3,1.575
42.3,1.575
42.3,1.575
42.3,1.575
42.3,1.575
42.3,1.575
42.3,1.580
42.3,1.580
42.3,1.580
42.3,1.580
42.3,1.580
42.3,1.580
42.3,1.580
42.3,1.580
42.3,1.580
42.3,1.580
42.3,1.580
42.3,1.580
42.3,1.580
42.3,1.580
42.3,1.580
42.3,1.580
42.3,1.580
42.3,1.580
42.4,1.580
42.4,1.580
42.4,1.585
42.4,1.585
42.4,1.585
42.4,1.585
42.4,1.585
42.4,1.585
42.4,1.585
42.4,1.585
42.4,1.585
42.4,1.585
42.4,1.585
42.4,1.585
42.4,1.585
42.4,1.585
42.4,1.585
42.4,1.585
42.4,1.585
42.4,1.585
42.4,1.585
42.4,1.585
42.4,1.590
42.4,1.590
42.4,1.590
42.4,1.590
42.4,1.590
42.4,1.590
42.4,1.590
42.4,1.590
42.3,1.590
42.3,1.590
42.3,1.590
42.3,1.590
42.3,1.590
42.3,1.590
42.3,1.590
42.3,1.590
42.3,1.590
42.3,1.590
42.3,1.590
42.3,1.590
42.3,1.590
42.3,1.595
42.4,1.595
42.4,1.595
42.4,1.595
42.4,1.595
42.4,1.595
42.4,1.595
42.4,1.595
42.4,1.595
42.4,1.595
42.4,1.595
42.3,1.595
42.3,1.595
42.3,1.595
42.3,1.595
42.3,1.595
42.3,1.595
42.3,1.595
42.3,1.595
42.3,1.600
42.3,1.600
42.3,1.600
42.3,1.600
42.3,1.600
42.3,1.600
42.3,1.600
42.3,1.600
42.3,1.600
42.3,1.600
42.3,1.600
42.3,1.600
42.4,1.600
42.4,1.600
42.4,1.600
42.4,1.600
42.4,1.600
42.4,1.600
42.4,1.600
42.4,1.600
42.4,1.600
42.4,1.600
42.4,1.605
42.4,1.605
42.4,1.605
42.4,1.605
42.4,1.605
42.4,1.605
42.4,1.605
42.4,1.605
42.4,1.605
42.4,1.605
42.4,1.605
42.4,1.605
42.4,1.605
42.4,1.605
42.4,1.605
42.4,1.605
42.4,1.605
42.4,1.605
42.4,1.605
42.4,1.605
42.4,1.605
42.4,1.610
42.5,1.610
42.5,1.610
42.5,1.610
42.5,1.610
42.5,1.610
42.5,1.610
42.5,1.610
42.5,1.610
42.5,1.610
42.4,1.610
42.4,1.610
42.4,1.610
42.4,1.610
42.4,1.610
42.4,1.610
42.4,1.610
42.4,1.610
42.4,1.610
42.4,1.610
42.4,1.610
42.4,1.615
42.4,1.615
42.5,1.615
42.5,1.615
42.5,1.615
42.5,1.615
42.5,1.615
42.5,1.615
42.5,1.615
42.5,1.615
42.5,1.615
42.5,1.615
42.5,1.615
42.5,1.615
42.5,1.615
42.5,1.615
42.5,1.615
42.5,1.615
42.5,1.615
42.5,1.615
42.5,1.620
42.5,1.620
42.5,1.620
42.5,1.620
42.5,1.620
42.5,1.620
42.5,1.620
42.5,1.620
42.5,1.620
42.5,1.620
42.5,1.620
42.5,1.620
42.5,1.620
42.5,1.620
42.5,1.620
42.5,1.620
42.5,1.620
42.5,1.620
42.5,1.620
42.5,1.625
42.5,1.625
42.5,1.625
42.5,1.625
42.5,1.625
42.5,1.625
42.5,1.625
42.5,1.625
42.5,1.625
42.5,1.625
42.5,1.625
42.5,1.625
42.5,1.625
42.5,1.625
42.5,1.625
42.5,1.625
42.5,1.625
42.5,1.625
42.5,1.625
42.5,1.625
42.5,1.625
42.5,1.630
42.5,1.630
42.5,1.630
42.5,1.630
42.5,1.630
42.5,1.630
42.5,1.630
42.5,1.630
42.5,1.630
42.5,1.630
42.5,1.630
42.5,1.630
42.5,1.630
42.5,1.630
42.5,1.630
42.5,1.630
42.5,1.630
42.5,1.630
42.5,1.630
42.5,1.635
42.5,1.635
42.5,1.635
42.5,1.635
42.5,1.635
42.5,1.635
42.5,1.635
42.5,1.635
42.5,1.635
42.5,1.635
42.5,1.635
42.5,1.635
42.5,1.635
42.5,1.635
42.5,1.635
42.5,1.635
42.5,1.635
42.5,1.635
42.6,1.635
42.6,1.635
42.6,1.640
42.6,1.640
42.6,1.640
42.6,1.640
42.6,1.640
42.6,1.640
42.6,1.640
42.6,1.640
42.6,1.640
42.6,1.640
42.6,1.640
42.6,1.640
42.6,1.640
42.6,1.640
42.6,1.640
42.6,1.640
42.6,1.640
42.6,1.640
42.6,1.640
42.6,1.645
42.6,1.645
42.6,1.645
42.6,1.645
42.6,1.645
42.6,1.645
42.5,1.645
42.6,1.645
42.5,1.645
42.5,1.645
42.5,1.645
42.5,1.645
42.5,1.645
42.5,1.645
42.5,1.645
42.5,1.645
42.5,1.645
42.5,1.645
42.5,1.645
42.5,1.645
42.5,1.650
42.6,1.650
42.6,1.650
42.6,1.650
42.6,1.650
42.6,1.650
42.6,1.650
42.6,1.650
42.6,1.650
42.6,1.650
42.6,1.650
42.6,1.650
42.6,1.650
42.6,1.650
42.6,1.650
42.6,1.650
42.6,1.650
42.6,1.650
42.6,1.650
42.6,1.650
42.6,1.650
42.6,1.655
42.6,1.655
42.6,1.655
42.6,1.655
42.6,1.655
42.6,1.655
42.6,1.655
42.6,1.655
42.6,1.655
42.6,1.655
42.6,1.655
42.6,1.655
42.6,1.655
42.6,1.655
42.6,1.655
42.6,1.655
42.6,1.655
42.6,1.655
42.6,1.655
42.6,1.660
42.6,1.660
42.6,1.660
42.6,1.660
42.7,1.660
42.7,1.660
42.7,1.660
42.7,1.660
42.7,1.660
42.7,1.660
42.7,1.660
42.7,1.660
42.7,1.660
42.7,1.660
42.6,1.660
42.6,1.660
42.6,1.660
42.6,1.660
42.6,1.660
42.6,1.660
42.6,1.660
42.6,1.665
42.6,1.665
42.6,1.665
42.6,1.665
42.6,1.665
42.7,1.665
42.7,1.665
42.7,1.665
42.7,1.665
42.7,1.665
42.7,1.665
42.7,1.665
42.7,1.665
42.7,1.665
42.7,1.665
42.7,1.665
42.7,1.665
42.7,1.665
42.7,1.665
42.7,1.665
42.7,1.665
42.7,1.670
42.7,1.670
42.7,1.670
42.7,1.670
42.7,1.670
42.7,1.670
42.7,1.670
42.7,1.670
42.7,1.670
42.7,1.670
42.7,1.670
42.7,1.670
42.7,1.670
42.7,1.670
42.7,1.670
42.7,1.670
42.7,1.670
42.7,1.670
42.7,1.670
42.7,1.670
42.7,1.670
42.7,1.675
42.7,1.675
42.7,1.675
42.7,1.675
42.7,1.675
42.7,1.675
42.7,1.675
42.7,1.675
42.7,1.675
42.7,1.675
42.7,1.675
42.7,1.675
42.7,1.675
42.7,1.675
42.7,1.675
42.7,1.675
42.7,1.675
42.7,1.675
42.7,1.675
42.7,1.675
42.7,1.680
42.7,1.680
42.7,1.680
42.7,1.680
42.7,1.680
42.7,1.680
42.7,1.680
42.7,1.680
42.7,1.680
42.7,1.680
42.7,1.680
42.7,1.680
42.7,1.680
42.7,1.680
42.7,1.680
42.7,1.680
42.7,1.680
42.7,1.680
42.7,1.680
42.7,1.680
42.7,1.680
42.7,1.680
42.7,1.685
42.7,1.685
42.7,1.685
42.7,1.685
42.7,1.685
42.7,1.685
42.7,1.685
42.7,1.685
42.7,1.685
42.7,1.685
42.7,1.685
42.7,1.685
42.7,1.685
42.7,1.685
42.7,1.685
42.7,1.685
42.7,1.685
42.7,1.685
42.7,1.685
42.7,1.685
42.7,1.685
42.7,1.685
42.7,1.685
42.7,1.690
42.7,1.690
42.7,1.690
42.7,1.690
42.8,1.690
42.8,1.690
42.8,1.690
42.8,1.690
42.8,1.690
42.8,1.690
42.8,1.690
42.8,1.690
42.8,1.690
42.7,1.690
42.7,1.690
42.7,1.690
42.7,1.690
42.7,1.690
42.7,1.690
42.7,1.690
42.7,1.690
42.7,1.690
42.7,1.690
42.7,1.690
42.7,1.695
42.7,1.695
42.7,1.695
42.7,1.695
42.7,1.695
42.7,1.695
42.8,1.695
42.8,1.695
42.8,1.695
42.8,1.695
42.8,1.695
42.8,1.695
42.8,1.695
42.8,1.695
42.8,1.695
42.8,1.695
42.8,1.695
42.8,1.695
42.8,1.695
42.8,1.695
42.8,1.695
42.8,1.695
42.8,1.700
42.8,1.700
42.8,1.700
42.8,1.700
42.8,1.700
42.8,1.700
42.8,1.700
42.8,1.700
42.8,1.700
42.8,1.700
42.8,1.700
42.8,1.700
42.8,1.700
42.8,1.700
42.8,1.700
42.8,1.700
42.8,1.700
42.8,1.700
42.8,1.700
42.8,1.700
42.8,1.700
42.8,1.705
42.8,1.705
42.8,1.705
42.8,1.705
42.8,1.705
42.8,1.705
42.8,1.705
42.8,1.705
42.8,1.705
42.8,1.705
42.8,1.705
42.8,1.705
42.8,1.705
42.8,1.705
42.8,1.705
42.8,1.705
42.8,1.705
42.8,1.705
42.8,1.705
42.8,1.705
42.8,1.705
42.8,1.705
42.8,1.710
42.8,1.710
42.8,1.710
42.8,1.710
42.8,1.710
42.8,1.710
42.8,1.710
42.8,1.710
42.8,1.710
42.8,1.710
42.8,1.710
42.9,1.710
42.9,1.710
42.9,1.710
42.9,1.710
42.9,1.710
42.9,1.710
42.9,1.710
42.9,1.710
42.9,1.710
42.9,1.710
42.9,1.715
42.9,1.715
42.9,1.715
42.9,1.715
42.9,1.715
42.9,1.715
42.9,1.715
42.9,1.715
42.9,1.715
42.9,1.715
42.9,1.715
42.9,1.715
42.9,1.715
42.9,1.715
42.9,1.715
42.9,1.715
42.9,1.715
42.9,1.715
42.9,1.715
42.9,1.715
42.9,1.720
42.9,1.720
42.9,1.720
42.9,1.720
42.9,1.720
42.9,1.720
42.9,1.720
42.9,1.720
42.9,1.720
42.9,1.720
42.9,1.720
42.9,1.720
42.9,1.720
42.9,1.720
42.9,1.720
42.9,1.720
42.9,1.720
42.9,1.720
42.9,1.720
42.9,1.720
42.9,1.725
42.9,1.725
42.9,1.725
42.9,1.725
42.9,1.725
42.9,1.725
42.9,1.725
42.9,1.725
42.9,1.725
42.9,1.725
42.9,1.725
42.9,1.725
42.9,1.725
42.9,1.725
42.9,1.725
42.9,1.725
42.9,1.725
42.9,1.725
42.9,1.725
42.9,1.725
42.9,1.725
42.9,1.730
42.9,1.730
42.9,1.730
42.9,1.730
42.9,1.730
42.9,1.730
42.9,1.730
42.9,1.730
42.9,1.730
42.9,1.730
42.9,1.730
42.9,1.730
42.9,1.730
42.9,1.730
42.9,1.730
42.9,1.730
42.9,1.730
42.9,1.730
42.9,1.730
42.9,1.730
42.9,1.730
42.9,1.730
42.9,1.735
42.9,1.735
42.9,1.735
42.9,1.735
42.9,1.735
42.9,1.735
42.9,1.735
42.9,1.735
42.9,1.735
42.9,1.735
42.9,1.735
42.9,1.735
42.9,1.735
42.9,1.735
43.0,1.735
43.0,1.735
43.0,1.735
43.0,1.735
43.0,1.735
43.0,1.735
43.0,1.740
43.0,1.740
43.0,1.740
43.0,1.740
43.0,1.740
43.0,1.740
43.0,1.740
42.9,1.740
42.9,1.740
42.9,1.740
42.9,1.740
42.9,1.740
42.9,1.740
42.9,1.740
42.9,1.740
42.9,1.740
42.9,1.740
42.9,1.740
42.9,1.740
42.9,1.740
42.9,1.745
42.9,1.745
42.9,1.745
42.9,1.745
42.9,1.745
42.9,1.745
42.9,1.745
42.9,1.745
42.9,1.745
42.9,1.745
42.9,1.745
42.9,1.745
42.9,1.745
42.9,1.745
42.9,1.745
42.9,1.745
42.9,1.745
42.9,1.745
42.9,1.745
42.9,1.745
43.0,1.745
43.0,1.750
43.0,1.750
43.0,1.750
43.0,1.750
43.0,1.750
43.0,1.750
43.0,1.750
43.0,1.750
43.0,1.750
42.9,1.750
42.9,1.750
42.9,1.750
42.9,1.750
42.9,1.750
42.9,1.750
42.9,1.750
42.9,1.750
42.9,1.750
42.9,1.750
43.0,1.750
43.0,1.750
43.0,1.755
43.0,1.755
43.0,1.755
43.0,1.755
43.0,1.755
43.0,1.755
43.0,1.755
43.0,1.755
43.0,1.755
43.0,1.755
43.0,1.755
43.0,1.755
43.0,1.755
43.0,1.755
43.0,1.755
43.0,1.755
43.0,1.755
43.0,1.755
43.0,1.755
43.0,1.755
43.0,1.760
43.0,1.760
43.0,1.760
43.0,1.760
43.0,1.760
43.0,1.760
43.0,1.760
43.0,1.760
43.0,1.760
43.0,1.760
43.0,1.760
43.0,1.760
43.0,1.760
43.0,1.760
43.0,1.760
43.0,1.760
43.0,1.760
43.0,1.760
43.0,1.760
43.0,1.760
43.0,1.760
43.0,1.765
43.0,1.765
43.0,1.765
43.0,1.765
43.0,1.765
43.0,1.765
43.0,1.765
43.0,1.765
43.0,1.765
43.0,1.765
43.0,1.765
43.0,1.765
43.0,1.765
43.0,1.765
43.0,1.765
43.0,1.765
43.0,1.765
43.0,1.765
43.0,1.765
43.0,1.765
43.0,1.765
43.0,1.770
43.0,1.770
43.0,1.770
43.0,1.770
43.0,1.770
43.0,1.770
43.0,1.770
43.0,1.770
43.0,1.770
43.1,1.770
43.1,1.770
43.1,1.770
43.1,1.770
43.1,1.770
43.1,1.770
43.1,1.770
43.1,1.770
43.1,1.770
43.1,1.770
43.1,1.770
43.1,1.770
43.1,1.770
43.1,1.775
43.1,1.775
43.1,1.775
43.1,1.775
43.1,1.775
43.1,1.775
43.1,1.775
43.1,1.775
43.1,1.775
43.1,1.775
43.1,1.775
43.1,1.775
43.1,1.775
43.1,1.775
43.1,1.775
43.1,1.775
43.1,1.775
43.1,1.775
43.1,1.775
43.1,1.775
43.1,1.780
43.1,1.780
43.1,1.780
43.1,1.780
43.1,1.780
43.1,1.780
43.1,1.780
43.1,1.780
43.1,1.780
43.1,1.780
43.1,1.780
43.1,1.780
43.1,1.780
43.1,1.780
43.1,1.780
43.1,1.780
43.1,1.780
43.1,1.780
43.1,1.780
43.1,1.785
43.1,1.785
43.1,1.785
43.1,1.785
43.1,1.785
43.1,1.785
43.1,1.785
43.1,1.785
43.1,1.785
43.1,1.785
43.1,1.785
43.1,1.785
43.1,1.785
43.1,1.785
43.2,1.785
43.2,1.785
43.2,1.785
43.2,1.785
43.2,1.785
43.2,1.790
43.2,1.790
43.2,1.790
43.2,1.790
43.2,1.790
43.2,1.790
43.2,1.790
43.2,1.790
43.2,1.790
43.2,1.790
43.2,1.790
43.2,1.790
43.2,1.790
43.1,1.790
43.1,1.790
43.1,1.790
43.1,1.790
43.1,1.790
43.1,1.790
43.1,1.795
43.1,1.795
43.1,1.795
43.1,1.795
43.1,1.795
43.1,1.795
43.2,1.795
43.1,1.795
43.1,1.795
43.1,1.795
43.1,1.795
43.1,1.795
43.1,1.795
43.1,1.795
43.2,1.795
43.2,1.795
43.2,1.795
43.2,1.795
43.2,1.795
43.2,1.800
43.2,1.800
43.2,1.800
43.2,1.800
43.2,1.800
43.2,1.800
43.2,1.800
43.2,1.800
43.2,1.800
43.2,1.800
43.2,1.800
43.2,1.800
43.2,1.800
43.2,1.800
43.2,1.800
43.2,1.800
43.2,1.800
43.2,1.805
43.2,1.805
43.2,1.805
43.2,1.805
43.2,1.805
43.2,1.805
43.2,1.805
43.2,1.805
43.2,1.805
43.2,1.805
43.2,1.805
43.2,1.805
43.2,1.805
43.2,1.805
43.2,1.805
43.2,1.805
43.2,1.805
43.2,1.805
43.2,1.805
43.2,1.805
43.2,1.810
43.2,1.810
43.2,1.810
43.2,1.810
43.2,1.810
43.2,1.810
43.2,1.810
43.2,1.810
43.2,1.810
43.2,1.810
43.2,1.810
43.2,1.810
43.2,1.810
43.2,1.810
43.2,1.810
43.2,1.810
43.2,1.810
43.2,1.810
43.2,1.810
43.2,1.810
43.2,1.815
43.2,1.815
43.2,1.815
43.2,1.815
43.2,1.815
43.2,1.815
43.2,1.815
43.2,1.815
43.2,1.815
43.2,1.815
43.2,1.815
43.2,1.815
43.2,1.815
43.2,1.815
43.2,1.815
43.2,1.815
43.2,1.815
43.2,1.815
43.2,1.815
43.2,1.820
43.2,1.820
43.2,1.820
43.2,1.820
43.2,1.820
43.2,1.820
43.2,1.820
43.2,1.820
43.2,1.820
43.2,1.820
43.2,1.820
43.2,1.820
43.2,1.820
43.2,1.820
43.2,1.820
43.2,1.820
43.3,1.820
43.3,1.820
43.3,1.820
43.3,1.825
43.3,1.825
43.3,1.825
43.3,1.825
43.3,1.825
43.3,1.825
43.3,1.825
43.3,1.825
43.3,1.825
43.3,1.825
43.3,1.825
43.3,1.825
43.3,1.825
43.3,1.825
43.3,1.825
43.3,1.825
43.3,1.825
43.3,1.825
43.3,1.825
43.3,1.825
43.3,1.830
43.3,1.830
43.3,1.830
43.3,1.830
43.3,1.830
43.3,1.830
43.3,1.830
43.3,1.830
43.3,1.830
43.3,1.830
43.3,1.830
43.3,1.830
43.3,1.830
43.3,1.830
43.3,1.830
43.3,1.830
43.3,1.830
43.3,1.830
43.3,1.830
43.3,1.830
43.3,1.830
43.3,1.835
43.3,1.835
43.3,1.835
43.3,1.835
43.3,1.835
43.3,1.835
43.3,1.835
43.3,1.835
43.3,1.835
43.3,1.835
43.3,1.835
43.3,1.835
43.3,1.835
43.3,1.835
43.3,1.835
43.3,1.835
43.3,1.835
43.3,1.835
43.3,1.835
43.3,1.835
43.4,1.840
43.4,1.840
43.4,1.840
43.4,1.840
43.4,1.840
43.4,1.840
43.4,1.840
43.4,1.840
43.4,1.840
43.4,1.840
43.3,1.840
43.3,1.840
43.3,1.840
43.3,1.840
43.3,1.840
43.3,1.840
43.3,1.840
43.3,1.840
43.3,1.840
43.3,1.840
43.3,1.840
43.3,1.840
43.3,1.845
43.3,1.845
43.3,1.845
43.3,1.845
43.3,1.845
43.3,1.845
43.3,1.845
43.3,1.845
43.3,1.845
43.3,1.845
43.3,1.845
43.3,1.845
43.3,1.845
43.3,1.845
43.3,1.845
43.3,1.845
43.3,1.845
43.4,1.845
43.4,1.845
43.4,1.845
43.4,1.845
43.4,1.845
43.4,1.850
43.4,1.850
43.4,1.850
43.4,1.850
43.4,1.850
43.4,1.850
43.4,1.850
43.4,1.850
43.4,1.850
43.4,1.850
43.4,1.850
43.4,1.850
43.4,1.850
43.4,1.850
43.4,1.850
43.4,1.850
43.4,1.850
43.4,1.850
43.4,1.850
43.4,1.850
43.4,1.850
43.4,1.850
43.4,1.855
43.4,1.855
43.4,1.855
43.4,1.855
43.4,1.855
43.4,1.855
43.4,1.855
43.4,1.855
43.4,1.855
43.4,1.855
43.4,1.855
43.4,1.855
43.4,1.855
43.4,1.855
43.4,1.855
43.4,1.855
43.4,1.855
43.4,1.855
43.4,1.855
43.4,1.855
43.4,1.855
43.4,1.855
43.4,1.860
43.4,1.860
43.4,1.860
43.4,1.860
43.4,1.860
43.4,1.860
43.4,1.860
43.4,1.860
43.4,1.860
43.4,1.860
43.4,1.860
43.4,1.860
43.4,1.860
43.4,1.860
43.4,1.860
43.4,1.860
43.4,1.860
43.4,1.860
43.4,1.860
43.4,1.860
43.5,1.860
43.5,1.865
43.5,1.865
43.5,1.865
43.5,1.865
43.5,1.865
43.5,1.865
43.5,1.865
43.5,1.865
43.5,1.865
43.5,1.865
43.5,1.865
43.5,1.865
43.5,1.865
43.5,1.865
43.5,1.865
43.5,1.865
43.5,1.865
43.5,1.865
43.5,1.865
43.6,1.865
43.6,1.865
43.6,1.870
43.6,1.870
43.6,1.870
43.6,1.870
43.6,1.870
43.6,1.870
43.6,1.870
43.6,1.870
43.6,1.870
43.6,1.870
43.6,1.870
43.6,1.870
43.5,1.870
43.5,1.870
43.5,1.870
43.5,1.870
43.5,1.870
43.5,1.870
43.5,1.870
43.5,1.870
43.5,1.870
43.5,1.875
43.5,1.875
43.5,1.875
43.5,1.875
43.5,1.875
43.5,1.875
43.5,1.875
43.5,1.875
43.5,1.875
43.5,1.875
43.5,1.875
43.5,1.875
43.5,1.875
43.5,1.875
43.5,1.875
43.5,1.875
43.5,1.875
43.5,1.875
43.5,1.875
43.5,1.875
43.5,1.880
43.5,1.880
43.5,1.880
43.5,1.880
43.5,1.880
43.5,1.880
43.5,1.880
43.5,1.880
43.5,1.880
43.5,1.880
43.5,1.880
43.5,1.880
43.5,1.880
43.5,1.880
43.5,1.880
43.5,1.880
43.5,1.880
43.5,1.880
43.5,1.880
43.5,1.885
43.5,1.885
43.5,1.885
43.5,1.885
43.5,1.885
43.5,1.885
43.6,1.885
43.6,1.885
43.6,1.885
43.6,1.885
43.6,1.885
43.6,1.885
43.6,1.885
43.6,1.885
43.6,1.885
43.6,1.885
43.6,1.885
43.6,1.885
43.6,1.885
43.6,1.885
43.6,1.890
43.6,1.890
43.6,1.890
43.6,1.890
43.6,1.890
43.6,1.890
43.6,1.890
43.6,1.890
43.6,1.890
43.6,1.890
43.6,1.890
43.6,1.890
43.6,1.890
43.6,1.890
43.6,1.890
43.6,1.890
43.6,1.890
43.6,1.890
43.6,1.890
43.6,1.895
43.6,1.895
43.6,1.895
43.6,1.895
43.6,1.895
43.6,1.895
43.6,1.895
43.6,1.895
43.6,1.895
43.6,1.895
43.6,1.895
43.6,1.895
43.6,1.895
43.6,1.895
43.6,1.895
43.6,1.895
43.6,1.895
43.6,1.895
43.6,1.895
43.6,1.900
43.6,1.900
43.6,1.900
43.6,1.900
43.6,1.900
43.6,1.900
43.6,1.900
43.6,1.900
43.6,1.900
43.6,1.900
43.6,1.900
43.6,1.900
43.6,1.900
43.6,1.900
43.6,1.900
43.6,1.900
43.6,1.900
43.6,1.900
43.6,1.905
43.6,1.905
43.6,1.905
43.6,1.905
43.6,1.905
43.6,1.905
43.6,1.905
43.6,1.905
43.6,1.905
43.6,1.905
43.6,1.905
43.6,1.905
43.6,1.905
43.6,1.905
43.6,1.905
43.6,1.905
43.6,1.905
43.6,1.905
43.6,1.905
43.6,1.910
43.6,1.910
43.6,1.910
43.6,1.910
43.7,1.910
43.7,1.910
43.7,1.910
43.7,1.910
43.7,1.910
43.7,1.910
43.7,1.910
43.7,1.910
43.7,1.910
43.7,1.910
43.7,1.910
43.7,1.910
43.6,1.910
43.6,1.910
43.6,1.910
43.6,1.915
43.6,1.915
43.6,1.915
43.6,1.915
43.6,1.915
43.7,1.915
43.7,1.915
43.7,1.915
43.7,1.915
43.7,1.915
43.7,1.915
43.7,1.915
43.7,1.915
43.7,1.915
43.7,1.915
43.7,1.915
43.6,1.915
43.6,1.915
43.6,1.920
43.6,1.920
43.6,1.920
43.6,1.920
43.6,1.920
43.6,1.920
43.6,1.920
43.6,1.920
43.6,1.920
43.6,1.920
43.7,1.920
43.7,1.920
43.7,1.920
43.7,1.920
43.7,1.920
43.7,1.920
43.7,1.920
43.7,1.920
43.7,1.920
43.7,1.925
43.6,1.925
43.7,1.925
43.7,1.925
43.7,1.925
43.7,1.925
43.7,1.925
43.6,1.925
43.6,1.925
43.6,1.925
43.6,1.925
43.7,1.925
43.7,1.925
43.7,1.925
43.7,1.925
43.7,1.925
43.7,1.925
43.7,1.925
43.7,1.925
43.7,1.925
43.7,1.930
43.7,1.930
43.7,1.930
43.7,1.930
43.7,1.930
43.7,1.930
43.7,1.930
43.7,1.930
43.7,1.930
43.7,1.930
43.7,1.930
43.7,1.930
43.7,1.930
43.8,1.930
43.8,1.930
43.8,1.930
43.8,1.930
43.8,1.930
43.8,1.930
43.8,1.935
43.8,1.935
43.8,1.935
43.8,1.935
43.8,1.935
43.8,1.935
43.8,1.935
43.8,1.935
43.8,1.935
43.8,1.935
43.8,1.935
43.8,1.935
43.8,1.935
43.8,1.935
43.8,1.935
43.8,1.935
43.8,1.935
43.8,1.935
43.8,1.935
43.8,1.940
43.8,1.940
43.8,1.940
43.8,1.940
43.8,1.940
43.8,1.940
43.8,1.940
43.8,1.940
43.8,1.940
43.8,1.940
43.8,1.940
43.8,1.940
43.8,1.940
43.8,1.940
43.8,1.940
43.8,1.940
43.8,1.940
43.8,1.940
43.8,1.945
43.8,1.945
43.8,1.945
43.8,1.945
43.8,1.945
43.8,1.945
43.8,1.945
43.8,1.945
43.8,1.945
43.8,1.945
43.8,1.945
43.8,1.945
43.8,1.945
43.8,1.945
43.8,1.945
43.8,1.945
43.8,1.945
43.8,1.945
43.8,1.945
43.8,1.950
43.8,1.950
43.8,1.950
43.8,1.950
43.8,1.950
43.8,1.950
43.8,1.950
43.8,1.950
43.8,1.950
43.8,1.950
43.8,1.950
43.8,1.950
43.8,1.950
43.8,1.950
43.8,1.950
43.8,1.950
43.8,1.950
43.8,1.950
43.8,1.955
43.8,1.955
43.8,1.955
43.8,1.955
43.8,1.955
43.8,1.955
43.8,1.955
43.8,1.955
43.9,1.955
43.9,1.955
43.9,1.955
43.9,1.955
43.9,1.955
43.9,1.955
43.9,1.955
43.9,1.955
43.9,1.955
43.9,1.955
43.9,1.955
43.9,1.960
43.9,1.960
43.9,1.960
43.9,1.960
43.9,1.960
43.8,1.960
43.8,1.960
43.8,1.960
43.8,1.960
43.8,1.960
43.8,1.960
43.8,1.960
43.8,1.960
43.8,1.960
43.8,1.960
43.8,1.960
43.8,1.960
43.9,1.965
43.9,1.965
43.9,1.965
43.9,1.965
43.9,1.965
43.9,1.965
43.9,1.965
43.9,1.965
43.9,1.965
43.9,1.965
43.9,1.965
43.9,1.965
43.9,1.965
43.9,1.965
43.9,1.965
43.9,1.965
43.9,1.965
43.9,1.965
43.9,1.965
43.9,1.970
43.9,1.970
43.9,1.970
43.9,1.970
43.9,1.970
43.9,1.970
43.9,1.970
43.9,1.970
43.9,1.970
43.9,1.970
43.9,1.970
43.9,1.970
43.9,1.970
43.9,1.970
43.9,1.970
43.9,1.970
43.9,1.970
43.9,1.970
43.9,1.970
43.9,1.975
43.9,1.975
43.9,1.975
43.9,1.975
43.9,1.975
43.9,1.975
43.9,1.975
43.9,1.975
43.9,1.975
43.9,1.975
43.9,1.975
43.9,1.975
43.9,1.975
43.9,1.975
43.9,1.975
43.9,1.975
43.9,1.975
43.9,1.975
43.9,1.980
43.9,1.980
43.9,1.980
43.9,1.980
43.9,1.980
43.9,1.980
43.9,1.980
43.9,1.980
43.9,1.980
43.9,1.980
43.9,1.980
43.9,1.980
43.9,1.980
43.9,1.980
43.9,1.980
43.9,1.980
43.9,1.980
43.9,1.985
43.9,1.985
43.9,1.985
43.9,1.985
43.9,1.985
43.9,1.985
43.9,1.985
43.9,1.985
43.9,1.985
43.9,1.985
43.9,1.985
43.9,1.985
43.9,1.985
43.9,1.985
43.9,1.985
43.9,1.985
43.9,1.985
43.9,1.985
43.9,1.985
43.9,1.990
43.9,1.990
44.0,1.990
44.0,1.990
44.0,1.990
44.0,1.990
44.0,1.990
44.0,1.990
44.0,1.990
44.0,1.990
44.0,1.990
44.0,1.990
44.0,1.990
44.0,1.990
44.0,1.990
44.0,1.990
44.0,1.990
44.0,1.990
44.0,1.990
44.0,1.995
44.0,1.995
44.0,1.995
44.0,1.995
44.0,1.995
44.0,1.995
44.0,1.995
44.0,1.995
44.0,1.995
44.0,1.995
44.0,1.995
44.0,1.995
44.0,1.995
44.0,1.995
44.0,1.995
44.0,1.995
44.0,1.995
44.0,1.995
44.1,2.000
44.1,2.000
44.1,2.000
44.1,2.000
44.1,2.000
44.1,2.000
44.1,2.000
44.1,2.000
44.1,2.000
44.1,2.000
44.1,2.000
44.1,2.000
44.1,2.000
44.1,2.000
44.0,2.000
44.0,2.000
44.0,2.000
44.0,2.000
44.0,2.000
44.0,2.000
44.0,2.005
44.0,2.005
44.0,2.005
44.0,2.005
44.0,2.005
44.1,2.005
44.1,2.005
44.1,2.005
44.1,2.005
44.1,2.005
44.1,2.005
44.1,2.005
44.1,2.005
43.9,2.005
44.0,2.005
44.0,2.005
44.0,2.005
44.0,2.005
44.0,2.005
44.0,2.010
44.0,2.010
44.0,2.010
44.0,2.010
44.1,2.010
44.0,2.010
44.0,2.010
44.0,2.010
44.0,2.010
44.1,2.010
44.1,2.010
44.1,2.010
44.1,2.010
44.1,2.010
44.1,2.010
44.1,2.010
44.1,2.010
44.1,2.010
44.0,2.010
44.0,2.010
44.0,2.010
44.0,2.015
44.0,2.015
44.0,2.015
44.0,2.015
44.0,2.015
44.0,2.015
44.0,2.015
44.1,2.015
44.1,2.015
44.1,2.015
44.1,2.015
44.1,2.015
44.1,2.015
44.1,2.015
44.1,2.015
44.1,2.015
44.1,2.015
44.1,2.015
44.1,2.015
44.1,2.020
44.1,2.020
44.1,2.020
44.1,2.020
44.1,2.020
44.1,2.020
44.1,2.020
44.1,2.020
44.1,2.020
44.0,2.020
44.0,2.020
44.0,2.020
44.0,2.020
44.0,2.020
44.0,2.020
44.1,2.020
44.1,2.020
44.1,2.020
44.1,2.020
44.1,2.025
44.1,2.025
44.1,2.025
44.1,2.025
44.1,2.025
44.1,2.025
44.1,2.025
44.1,2.025
44.1,2.025
44.1,2.025
44.1,2.025
44.1,2.025
44.1,2.025
44.1,2.025
44.1,2.025
44.1,2.025
44.0,2.025
44.0,2.025
44.0,2.025
44.0,2.025
44.0,2.030
44.0,2.030
44.0,2.030
44.0,2.030
44.0,2.030
44.0,2.030
44.0,2.030
44.0,2.030
44.1,2.030
44.1,2.030
44.1,2.030
44.1,2.030
44.1,2.030
44.1,2.030
44.1,2.030
44.1,2.030
44.1,2.030
44.1,2.030
44.1,2.030
44.1,2.030
44.1,2.035
44.1,2.035
44.1,2.035
44.1,2.035
44.1,2.035
44.1,2.035
44.1,2.035
44.1,2.035
44.1,2.035
44.1,2.035
44.1,2.035
44.1,2.035
44.1,2.035
44.1,2.035
44.1,2.035
44.1,2.035
44.1,2.035
44.1,2.035
44.1,2.035
44.1,2.040
44.1,2.040
44.1,2.040
44.1,2.040
44.1,2.040
44.1,2.040
44.2,2.040
44.2,2.040
44.2,2.040
44.2,2.040
44.2,2.040
44.2,2.040
44.2,2.040
44.2,2.040
44.2,2.040
44.2,2.040
44.2,2.040
44.2,2.040
44.2,2.045
44.2,2.045
44.2,2.045
44.2,2.045
44.2,2.045
44.2,2.045
44.2,2.045
44.2,2.045
44.2,2.045
44.2,2.045
44.2,2.045
44.2,2.045
44.2,2.045
44.2,2.045
44.2,2.045
44.2,2.045
44.2,2.045
44.2,2.045
44.2,2.045
44.2,2.045
44.2,2.050
44.2,2.050
44.2,2.050
44.2,2.050
44.2,2.050
44.2,2.050
44.2,2.050
44.2,2.050
44.2,2.050
44.2,2.050
44.2,2.050
44.2,2.050
44.2,2.050
44.2,2.050
44.2,2.050
44.2,2.050
44.2,2.050
44.2,2.050
44.2,2.050
44.2,2.050
44.2,2.055
44.2,2.055
44.2,2.055
44.2,2.055
44.2,2.055
44.2,2.055
44.2,2.055
44.2,2.055
44.2,2.055
44.2,2.055
44.2,2.055
44.2,2.055
44.2,2.055
44.2,2.055
44.2,2.055
44.2,2.055
44.2,2.055
44.2,2.055
44.2,2.055
44.2,2.055
44.2,2.060
44.2,2.060
44.2,2.060
44.2,2.060
44.2,2.060
44.2,2.060
44.2,2.060
44.2,2.060
44.2,2.060
44.2,2.060
44.2,2.060
44.2,2.060
44.2,2.060
44.2,2.060
44.2,2.060
44.2,2.060
44.2,2.060
44.2,2.060
44.2,2.060
44.2,2.060
44.2,2.065
44.2,2.065
44.2,2.065
44.2,2.065
44.2,2.065
44.2,2.065
44.2,2.065
44.2,2.065
44.2,2.065
44.2,2.065
44.2,2.065
44.2,2.065
44.2,2.065
44.2,2.065
44.2,2.065
44.2,2.065
44.2,2.065
44.2,2.065
44.2,2.065
44.2,2.065
44.2,2.065
44.2,2.065
44.2,2.070
44.2,2.070
44.2,2.070
44.2,2.070
44.2,2.070
44.2,2.070
44.2,2.070
44.2,2.070
44.2,2.070
44.2,2.070
44.2,2.070
44.2,2.070
44.2,2.070
44.2,2.070
44.2,2.070
44.2,2.070
44.2,2.070
44.2,2.070
44.2,2.070
44.2,2.070
44.2,2.070
44.2,2.070
44.2,2.070
44.2,2.075
44.2,2.075
44.2,2.075
44.2,2.075
44.2,2.075
44.2,2.075
44.2,2.075
44.2,2.075
44.2,2.075
44.3,2.075
44.3,2.075
44.3,2.075
44.3,2.075
44.3,2.075
44.3,2.075
44.3,2.075
44.3,2.075
44.3,2.075
44.3,2.075
44.3,2.075
44.3,2.075
44.3,2.075
44.3,2.080
44.3,2.080
44.3,2.080
44.3,2.080
44.3,2.080
44.3,2.080
44.3,2.080
44.3,2.080
44.3,2.080
44.3,2.080
44.3,2.080
44.3,2.080
44.3,2.080
44.3,2.080
44.3,2.080
44.3,2.080
44.3,2.080
44.3,2.080
44.3,2.080
44.3,2.080
44.3,2.080
44.3,2.080
44.3,2.080
44.3,2.080
44.3,2.085
44.3,2.085
44.3,2.085
44.3,2.085
44.3,2.085
44.3,2.085
44.3,2.085
44.3,2.085
44.3,2.085
44.3,2.085
44.3,2.085
44.3,2.085
44.3,2.085
44.3,2.085
44.3,2.085
44.3,2.085
44.3,2.085
44.3,2.085
44.3,2.085
44.3,2.085
44.3,2.085
44.3,2.085
44.3,2.085
44.3,2.085
44.3,2.085
44.3,2.090
44.3,2.090
44.3,2.090
44.3,2.090
44.3,2.090
44.3,2.090
44.3,2.090
44.3,2.090
44.4,2.090
44.4,2.090
44.4,2.090
44.4,2.090
44.4,2.090
44.4,2.090
44.4,2.090
44.4,2.090
44.4,2.090
44.4,2.090
44.4,2.090
44.3,2.090
44.3,2.090
44.3,2.090
44.3,2.090
44.3,2.090
44.3,2.090
44.3,2.090
44.3,2.090
44.3,2.090
44.3,2.095
44.4,2.095
44.4,2.095
44.4,2.095
44.4,2.095
44.4,2.095
44.4,2.095
44.4,2.095
44.4,2.095
44.4,2.095
44.4,2.095
44.4,2.095
44.4,2.095
44.4,2.095
44.4,2.095
44.4,2.095
44.3,2.095
44.3,2.095
44.3,2.095
44.3,2.095
44.3,2.095
44.3,2.095
44.3,2.095
44.3,2.095
44.3,2.095
44.3,2.095
44.3,2.095
44.4,2.100
44.4,2.100
44.4,2.100
44.4,2.100
44.4,2.100
44.4,2.100
44.3,2.100
44.3,2.100
44.3,2.100
44.3,2.100
44.3,2.100
44.3,2.100
44.3,2.100
44.3,2.100
44.3,2.100
44.3,2.100
44.3,2.100
44.3,2.100
44.3,2.100
44.3,2.100
44.3,2.100
44.3,2.100
44.3,2.100
44.3,2.100
44.3,2.100
44.3,2.100
44.3,2.100
44.3,2.100
44.3,2.105
44.3,2.105
44.3,2.105
44.3,2.105
44.3,2.105
44.3,2.105
44.3,2.105
44.3,2.105
44.3,2.105
44.3,2.105
44.3,2.105
44.3,2.105
44.3,2.105
44.3,2.105
44.3,2.105
44.3,2.105
44.3,2.105
44.3,2.105
44.3,2.105
44.3,2.105
44.3,2.105
44.3,2.105
44.3,2.105
44.3,2.105
44.4,2.105
44.4,2.105
44.4,2.105
44.4,2.105
44.4,2.105
44.4,2.110
44.4,2.110
44.4,2.110
44.4,2.110
44.4,2.110
44.4,2.110
44.4,2.110
44.4,2.110
44.4,2.110
44.4,2.110
44.4,2.110
44.4,2.110
44.4,2.110
44.4,2.110
44.4,2.110
44.4,2.110
44.4,2.110
44.4,2.110
44.4,2.110
44.4,2.110
44.4,2.110
44.4,2.110
44.4,2.110
44.4,2.110
44.4,2.110
44.4,2.110
44.4,2.110
44.4,2.115
44.4,2.115
44.4,2.115
44.4,2.115
44.4,2.115
44.4,2.115
44.4,2.115
44.4,2.115
44.4,2.115
44.4,2.115
44.4,2.115
44.4,2.115
44.4,2.115
44.4,2.115
44.4,2.115
44.4,2.115
44.4,2.115
44.4,2.115
44.4,2.115
44.4,2.115
44.4,2.115
44.4,2.115
44.4,2.115
44.4,2.115
44.4,2.115
44.4,2.115
44.4,2.115
44.4,2.120
44.4,2.120
44.4,2.120
44.4,2.120
44.4,2.120
44.4,2.120
44.4,2.120
44.4,2.120
44.4,2.120
44.4,2.120
44.4,2.120
44.4,2.120
44.4,2.120
44.4,2.120
44.4,2.120
44.4,2.120
44.4,2.120
44.4,2.120
44.4,2.120
44.4,2.120
44.4,2.120
44.4,2.120
44.4,2.125
44.4,2.125
44.4,2.125
44.4,2.125
44.4,2.125
44.4,2.125
44.5,2.125
44.5,2.125
44.5,2.125
44.5,2.125
44.5,2.125
44.5,2.125
44.5,2.125
44.5,2.125
44.5,2.125
44.5,2.125
44.5,2.125
44.5,2.125
44.5,2.125
44.5,2.125
44.5,2.125
44.5,2.125
44.5,2.125
44.5,2.125
44.5,2.125
44.5,2.130
44.5,2.130
44.5,2.130
44.5,2.130
44.5,2.130
44.5,2.130
44.5,2.130
44.5,2.130
44.5,2.130
44.5,2.130
44.5,2.130
44.5,2.130
44.5,2.130
44.5,2.130
44.5,2.130
44.5,2.130
44.5,2.130
44.5,2.130
44.5,2.130
44.5,2.130
44.5,2.130
44.5,2.130
44.5,2.130
44.5,2.130
44.5,2.135
44.5,2.135
44.5,2.135
44.5,2.135
44.5,2.135
44.5,2.135
44.5,2.135
44.5,2.135
44.5,2.135
44.5,2.135
44.5,2.135
44.5,2.135
44.5,2.135
44.5,2.135
44.5,2.135
44.5,2.135
44.5,2.135
44.5,2.135
44.6,2.135
44.6,2.135
44.6,2.135
44.6,2.135
44.6,2.140
44.6,2.140
44.6,2.140
44.6,2.140
44.6,2.140
44.5,2.140
44.5,2.140
44.5,2.140
44.5,2.140
44.5,2.140
44.5,2.140
44.5,2.140
44.5,2.140
44.5,2.140
44.5,2.140
44.5,2.140
44.5,2.140
44.5,2.140
44.5,2.140
44.5,2.140
44.5,2.140
44.5,2.140
44.5,2.145
44.5,2.145
44.5,2.145
44.5,2.145
44.5,2.145
44.5,2.145
44.5,2.145
44.5,2.145
44.5,2.145
44.5,2.145
44.5,2.145
44.5,2.145
44.5,2.145
44.5,2.145
44.5,2.145
44.5,2.145
44.5,2.145
44.5,2.145
44.5,2.145
44.5,2.145
44.5,2.145
44.5,2.145
44.5,2.145
44.5,2.150
44.5,2.150
44.5,2.150
44.5,2.150
44.5,2.150
44.5,2.150
44.5,2.150
44.5,2.150
44.5,2.150
44.5,2.150
44.5,2.150
44.5,2.150
44.5,2.150
44.5,2.150
44.5,2.150
44.5,2.150
44.5,2.150
44.5,2.150
44.5,2.150
44.6,2.150
44.6,2.150
44.6,2.150
44.6,2.155
44.6,2.155
44.6,2.155
44.6,2.155
44.5,2.155
44.5,2.155
44.5,2.155
44.5,2.155
44.5,2.155
44.5,2.155
44.5,2.155
44.5,2.155
44.5,2.155
44.5,2.155
44.5,2.155
44.5,2.155
44.5,2.155
44.5,2.155
44.5,2.155
44.5,2.155
44.6,2.160
44.6,2.160
44.6,2.160
44.6,2.160
44.6,2.160
44.6,2.160
44.6,2.160
44.6,2.160
44.6,2.160
44.6,2.160
44.5,2.160
44.5,2.160
44.5,2.160
44.5,2.160
44.5,2.160
44.5,2.160
44.5,2.160
44.6,2.160
44.6,2.160
44.6,2.160
44.6,2.160
44.6,2.160
44.6,2.160
44.6,2.165
44.6,2.165
44.6,2.165
44.6,2.165
44.6,2.165
44.6,2.165
44.6,2.165
44.6,2.165
44.6,2.165
44.6,2.165
44.6,2.165
44.6,2.165
44.6,2.165
44.6,2.165
44.6,2.165
44.6,2.165
44.6,2.165
44.6,2.165
44.6,2.165
44.6,2.165
44.6,2.165
44.6,2.165
44.6,2.170
44.6,2.170
44.6,2.170
44.6,2.170
44.6,2.170
44.6,2.170
44.6,2.170
44.6,2.170
44.6,2.170
44.6,2.170
44.6,2.170
44.6,2.170
44.6,2.170
44.6,2.170
44.6,2.170
44.6,2.170
44.6,2.170
44.6,2.170
44.6,2.170
44.6,2.170
44.6,2.170
44.6,2.170
44.7,2.170
44.7,2.175
44.7,2.175
44.7,2.175
44.7,2.175
44.7,2.175
44.7,2.175
44.7,2.175
44.7,2.175
44.6,2.175
44.6,2.175
44.6,2.175
44.6,2.175
44.6,2.175
44.6,2.175
44.6,2.175
44.6,2.175
44.6,2.175
44.7,2.175
44.7,2.175
44.7,2.175
44.7,2.175
44.7,2.175
44.7,2.175
44.7,2.180
44.7,2.180
44.7,2.180
44.7,2.180
44.7,2.180
44.7,2.180
44.7,2.180
44.7,2.180
44.7,2.180
44.7,2.180
44.7,2.180
44.7,2.180
44.7,2.180
44.7,2.180
44.7,2.180
44.7,2.180
44.7,2.180
44.7,2.180
44.7,2.180
44.7,2.180
44.7,2.180
44.7,2.185
44.7,2.185
44.7,2.185
44.7,2.185
44.7,2.185
44.7,2.185
44.7,2.185
44.7,2.185
44.7,2.185
44.7,2.185
44.7,2.185
44.7,2.185
44.7,2.185
44.7,2.185
44.7,2.185
44.7,2.185
44.7,2.185
44.7,2.185
44.7,2.185
44.7,2.185
44.7,2.185
44.7,2.185
44.7,2.185
44.7,2.185
44.7,2.190
44.7,2.190
44.7,2.190
44.7,2.190
44.7,2.190
44.7,2.190
44.7,2.190
44.7,2.190
44.7,2.190
44.7,2.190
44.7,2.190
44.7,2.190
44.7,2.190
44.7,2.190
44.7,2.190
44.7,2.190
44.7,2.190
44.7,2.190
44.7,2.190
44.7,2.190
44.7,2.190
44.8,2.190
44.8,2.190
44.8,2.195
44.8,2.195
44.8,2.195
44.8,2.195
44.8,2.195
44.8,2.195
44.8,2.195
44.8,2.195
44.8,2.195
44.8,2.195
44.7,2.195
44.7,2.195
44.7,2.195
44.7,2.195
44.7,2.195
44.7,2.195
44.7,2.195
44.8,2.195
44.8,2.195
44.8,2.195
44.8,2.195
44.8,2.195
44.8,2.195
44.8,2.195
44.7,2.200
44.8,2.200
44.7,2.200
44.7,2.200
44.7,2.200
44.7,2.200
44.7,2.200
44.7,2.200
44.7,2.200
44.7,2.200
44.7,2.200
44.8,2.200
44.8,2.200
44.8,2.200
44.8,2.200
44.8,2.200
44.8,2.200
44.8,2.200
44.8,2.200
44.8,2.200
44.8,2.200
44.8,2.200
44.8,2.205
44.8,2.205
44.7,2.205
44.7,2.205
44.7,2.205
44.7,2.205
44.7,2.205
44.7,2.205
44.7,2.205
44.7,2.205
44.8,2.205
44.8,2.205
44.8,2.205
44.8,2.205
44.8,2.205
44.8,2.205
44.8,2.205
44.8,2.205
44.8,2.205
44.8,2.205
44.8,2.205
44.8,2.205
44.8,2.205
44.7,2.205
44.7,2.205
44.7,2.210
44.7,2.210
44.7,2.210
44.7,2.210
44.7,2.210
44.7,2.210
44.7,2.210
44.7,2.210
44.8,2.210
44.8,2.210
44.8,2.210
44.8,2.210
44.8,2.210
44.8,2.210
44.8,2.210
44.8,2.210
44.8,2.210
44.8,2.210
44.8,2.210
44.8,2.210
44.8,2.210
44.7,2.210
44.7,2.210
44.7,2.210
44.7,2.215
44.7,2.215
44.7,2.215
44.7,2.215
44.7,2.215
44.8,2.215
44.8,2.215
44.8,2.215
44.8,2.215
44.8,2.215
44.8,2.215
44.8,2.215
44.8,2.215
44.8,2.215
44.8,2.215
44.8,2.215
44.8,2.215
44.8,2.215
44.8,2.215
44.8,2.215
44.8,2.215
44.8,2.215
44.8,2.215
44.8,2.215
44.8,2.220
44.8,2.220
44.8,2.220
44.8,2.220
44.8,2.220
44.8,2.220
44.8,2.220
44.8,2.220
44.8,2.220
44.8,2.220
44.8,2.220
44.8,2.220
44.8,2.220
44.8,2.220
44.8,2.220
44.8,2.220
44.8,2.220
44.8,2.220
44.8,2.220
44.8,2.220
44.8,2.220
44.8,2.220
44.8,2.220
44.8,2.220
44.8,2.220
44.8,2.225
44.9,2.225
44.9,2.225
44.9,2.225
44.9,2.225
44.9,2.225
44.9,2.225
44.9,2.225
44.9,2.225
44.9,2.225
44.9,2.225
44.9,2.225
44.9,2.225
44.9,2.225
44.9,2.225
44.9,2.225
44.9,2.225
44.9,2.225
44.9,2.225
44.9,2.225
44.9,2.225
44.9,2.225
44.9,2.225
44.9,2.225
44.9,2.225
44.9,2.225
44.9,2.225
44.9,2.225
44.9,2.230
44.9,2.230
44.9,2.230
44.9,2.230
44.9,2.230
44.9,2.230
44.9,2.230
44.9,2.230
44.9,2.230
44.9,2.230
44.9,2.230
44.9,2.230
44.9,2.230
44.9,2.230
44.9,2.230
44.9,2.230
44.9,2.230
44.9,2.230
44.9,2.230
44.9,2.230
44.9,2.230
44.9,2.230
44.9,2.230
44.9,2.230
44.9,2.230
44.9,2.230
44.9,2.230
44.9,2.230
44.9,2.230
44.9,2.230
44.9,2.235
44.9,2.235
44.9,2.235
44.9,2.235
44.9,2.235
44.9,2.235
44.9,2.235
44.9,2.235
44.9,2.235
44.9,2.235
44.9,2.235
44.9,2.235
44.9,2.235
44.9,2.235
44.9,2.235
44.9,2.235
44.9,2.235
44.9,2.235
44.9,2.235
44.9,2.235
44.9,2.235
44.9,2.235
44.9,2.235
44.9,2.235
44.9,2.235
44.9,2.235
44.9,2.235
44.9,2.235
44.9,2.240
44.9,2.240
44.9,2.240
44.9,2.240
45.0,2.240
45.0,2.240
45.0,2.240
45.0,2.240
45.0,2.240
45.0,2.240
45.0,2.240
45.0,2.240
45.0,2.240
45.0,2.240
45.0,2.240
45.0,2.240
45.0,2.240
45.0,2.240
45.0,2.240
45.0,2.240
45.0,2.240
45.0,2.240
44.9,2.240
44.9,2.240
44.9,2.240
44.9,2.240
44.9,2.240
44.9,2.240
44.9,2.240
44.9,2.240
45.0,2.240
45.0,2.245
45.0,2.245
45.0,2.245
45.0,2.245
45.0,2.245
45.0,2.245
45.0,2.245
45.0,2.245
45.0,2.245
44.9,2.245
44.9,2.245
44.9,2.245
44.9,2.245
44.9,2.245
44.9,2.245
45.0,2.245
45.0,2.245
45.0,2.245
45.0,2.245
45.0,2.245
45.0,2.245
45.0,2.245
45.0,2.245
45.0,2.245
45.0,2.245
45.0,2.245
45.0,2.245
45.0,2.245
45.0,2.245
45.0,2.245
45.0,2.245
45.0,2.250
45.0,2.250
45.0,2.250
45.0,2.250
45.0,2.250
45.0,2.250
45.0,2.250
45.0,2.250
45.0,2.250
45.0,2.250
45.0,2.250
45.0,2.250
45.0,2.250
45.0,2.250
45.0,2.250
45.0,2.250
45.0,2.250
45.0,2.250
45.0,2.250
45.0,2.250
45.0,2.250
45.0,2.250
45.0,2.250
45.0,2.250
45.1,2.250
45.1,2.250
45.1,2.250
45.1,2.250
45.1,2.250
45.1,2.250
45.1,2.250
45.1,2.250
45.1,2.255
45.1,2.255
45.1,2.255
45.1,2.255
45.1,2.255
45.1,2.255
45.1,2.255
45.1,2.255
45.1,2.255
45.1,2.255
45.1,2.255
45.1,2.255
45.1,2.255
45.1,2.255
45.1,2.255
45.1,2.255
45.1,2.255
45.1,2.255
45.0,2.255
45.0,2.255
45.0,2.255
45.0,2.255
45.0,2.255
45.0,2.255
45.0,2.255
45.0,2.255
45.0,2.255
45.0,2.255
45.0,2.255
45.0,2.260
45.0,2.260
45.1,2.260
45.1,2.260
45.1,2.260
45.1,2.260
45.1,2.260
45.1,2.260
45.1,2.260
45.1,2.260
45.1,2.260
45.1,2.260
45.1,2.260
45.1,2.260
45.1,2.260
45.1,2.260
45.1,2.260
45.1,2.260
45.1,2.260
45.1,2.260
45.1,2.260
45.1,2.260
45.1,2.260
45.1,2.260
45.1,2.260
45.1,2.260
45.1,2.260
45.1,2.260
45.1,2.265
45.1,2.265
45.1,2.265
45.1,2.265
45.1,2.265
45.1,2.265
45.1,2.265
45.1,2.265
45.1,2.265
45.1,2.265
45.1,2.265
45.1,2.265
45.1,2.265
45.1,2.265
45.1,2.265
45.1,2.265
45.1,2.265
45.2,2.265
45.2,2.265
45.2,2.265
45.2,2.265
45.2,2.265
45.2,2.265
45.2,2.265
45.2,2.265
45.2,2.265
45.1,2.270
45.1,2.270
45.1,2.270
45.1,2.270
45.1,2.270
45.1,2.270
45.1,2.270
45.1,2.270
45.1,2.270
45.1,2.270
45.1,2.270
45.1,2.270
45.1,2.270
45.1,2.270
45.1,2.270
45.1,2.270
45.1,2.270
45.1,2.270
45.1,2.270
45.1,2.270
45.1,2.270
45.1,2.270
45.1,2.270
45.1,2.270
45.1,2.270
45.1,2.275
45.1,2.275
45.1,2.275
45.1,2.275
45.2,2.275
45.2,2.275
45.2,2.275
45.2,2.275
45.2,2.275
45.2,2.275
45.2,2.275
45.2,2.275
45.2,2.275
45.2,2.275
45.2,2.275
45.2,2.275
45.2,2.275
45.2,2.275
45.2,2.275
45.2,2.275
45.2,2.275
45.2,2.275
45.2,2.275
45.2,2.280
45.2,2.280
45.2,2.280
45.2,2.280
45.2,2.280
45.3,2.280
45.3,2.280
45.3,2.280
45.3,2.280
45.3,2.280
45.3,2.280
45.3,2.280
45.2,2.280
45.2,2.280
45.2,2.280
45.2,2.280
45.2,2.280
45.2,2.280
45.2,2.280
45.2,2.280
45.2,2.280
45.2,2.285
45.2,2.285
45.2,2.285
45.2,2.285
45.2,2.285
45.2,2.285
45.2,2.285
45.2,2.285
45.2,2.285
45.2,2.285
45.2,2.285
45.3,2.285
45.3,2.285
45.3,2.285
45.3,2.285
45.3,2.285
45.3,2.285
45.3,2.285
45.3,2.285
45.3,2.285
45.3,2.285
45.3,2.285
45.3,2.285
45.3,2.290
45.3,2.290
45.3,2.290
45.3,2.290
45.3,2.290
45.3,2.290
45.3,2.290
45.3,2.290
45.3,2.290
45.3,2.290
45.3,2.290
45.3,2.290
45.3,2.290
45.3,2.290
45.3,2.290
45.3,2.290
45.3,2.290
45.3,2.290
45.2,2.290
45.2,2.290
45.2,2.290
45.2,2.290
45.2,2.295
45.2,2.295
45.2,2.295
45.2,2.295
45.2,2.295
45.3,2.295
45.3,2.295
45.3,2.295
45.3,2.295
45.3,2.295
45.3,2.295
45.3,2.295
45.3,2.295
45.3,2.295
45.3,2.295
45.3,2.295
45.3,2.295
45.3,2.295
45.3,2.295
45.3,2.295
45.3,2.295
45.3,2.300
45.3,2.300
45.3,2.300
45.3,2.300
45.3,2.300
45.3,2.300
45.3,2.300
45.3,2.300
45.3,2.300
45.3,2.300
45.3,2.300
45.3,2.300
45.3,2.300
45.3,2.300
45.3,2.300
45.3,2.300
45.3,2.300
45.3,2.300
45.3,2.300
45.3,2.300
45.3,2.300
45.3,2.305
45.3,2.305
45.3,2.305
45.3,2.305
45.3,2.305
45.3,2.305
45.3,2.305
45.3,2.305
45.3,2.305
45.3,2.305
45.3,2.305
45.3,2.305
45.3,2.305
45.3,2.305
45.3,2.305
45.3,2.305
45.3,2.305
45.3,2.305
45.3,2.305
45.3,2.305
45.3,2.305
45.3,2.310
45.3,2.310
45.3,2.310
45.3,2.310
45.3,2.310
45.3,2.310
45.3,2.310
45.3,2.310
45.3,2.310
45.3,2.310
45.3,2.310
45.3,2.310
45.3,2.310
45.3,2.310
45.3,2.310
45.3,2.310
45.3,2.310
45.3,2.310
45.3,2.310
45.3,2.310
45.3,2.310
45.3,2.315
45.3,2.315
45.3,2.315
45.3,2.315
45.3,2.315
45.3,2.315
45.3,2.315
45.4,2.315
45.4,2.315
45.4,2.315
45.4,2.315
45.4,2.315
45.4,2.315
45.4,2.315
45.4,2.315
45.4,2.315
45.4,2.315
45.4,2.315
45.4,2.315
45.4,2.320
45.4,2.320
45.4,2.320
45.4,2.320
45.4,2.320
45.4,2.320
45.4,2.320
45.4,2.320
45.4,2.320
45.4,2.320
45.4,2.320
45.4,2.320
45.4,2.320
45.4,2.320
45.4,2.320
45.4,2.320
45.4,2.320
45.4,2.320
45.4,2.320
45.4,2.320
45.4,2.320
45.4,2.325
45.5,2.325
45.5,2.325
45.5,2.325
45.5,2.325
45.5,2.325
45.5,2.325
45.5,2.325
45.5,2.325
45.5,2.325
45.5,2.325
45.5,2.325
45.5,2.325
45.5,2.325
45.5,2.325
45.5,2.325
45.5,2.325
45.5,2.325
45.5,2.325
45.5,2.325
45.5,2.330
45.5,2.330
45.5,2.330
45.5,2.330
45.5,2.330
45.5,2.330
45.5,2.330
45.5,2.330
45.5,2.330
45.5,2.330
45.5,2.330
45.5,2.330
45.5,2.330
45.5,2.330
45.5,2.330
45.5,2.330
45.5,2.330
45.5,2.330
45.5,2.330
45.5,2.330
45.5,2.330
45.5,2.335
45.5,2.335
45.5,2.335
45.5,2.335
45.5,2.335
45.5,2.335
45.5,2.335
45.5,2.335
45.5,2.335
45.5,2.335
45.5,2.335
45.5,2.335
45.5,2.335
45.5,2.335
45.5,2.335
45.5,2.335
45.5,2.335
45.5,2.335
45.5,2.335
45.5,2.335
45.5,2.340
45.5,2.340
45.5,2.340
45.5,2.340
45.5,2.340
45.5,2.340
45.5,2.340
45.5,2.340
45.5,2.340
45.5,2.340
45.5,2.340
45.5,2.340
45.5,2.340
45.5,2.340
45.6,2.340
45.6,2.340
45.6,2.340
45.6,2.340
45.6,2.340
45.6,2.340
45.6,2.345
45.6,2.345
45.6,2.345
45.6,2.345
45.6,2.345
45.6,2.345
45.6,2.345
45.5,2.345
45.5,2.345
45.5,2.345
45.5,2.345
45.5,2.345
45.5,2.345
45.5,2.345
45.5,2.345
45.5,2.345
45.5,2.345
45.5,2.345
45.6,2.345
45.6,2.345
45.6,2.350
45.6,2.350
45.6,2.350
45.6,2.350
45.6,2.350
45.6,2.350
45.6,2.350
45.6,2.350
45.6,2.350
45.6,2.350
45.6,2.350
45.6,2.350
45.6,2.350
45.6,2.350
45.6,2.350
45.6,2.350
45.6,2.350
45.6,2.350
45.6,2.350
45.6,2.350
45.6,2.355
45.6,2.355
45.6,2.355
45.6,2.355
45.6,2.355
45.6,2.355
45.6,2.355
45.6,2.355
45.6,2.355
45.6,2.355
45.6,2.355
45.6,2.355
45.6,2.355
45.6,2.355
45.6,2.355
45.6,2.355
45.6,2.355
45.6,2.355
45.6,2.360
45.6,2.360
45.6,2.360
45.6,2.360
45.6,2.360
45.6,2.360
45.6,2.360
45.6,2.360
45.6,2.360
45.6,2.360
45.6,2.360
45.6,2.360
45.6,2.360
45.6,2.360
45.6,2.360
45.6,2.360
45.7,2.360
45.7,2.360
45.7,2.365
45.7,2.365
45.7,2.365
45.7,2.365
45.7,2.365
45.7,2.365
45.7,2.365
45.7,2.365
45.7,2.365
45.7,2.365
45.7,2.365
45.7,2.365
45.7,2.365
45.7,2.365
45.7,2.365
45.7,2.365
45.6,2.365
45.6,2.365
45.5,2.365
45.4,2.370
45.3,2.370
45.3,2.370
45.2,2.370
45.2,2.370
45.2,2.370
45.2,2.370
45.2,2.370
45.3,2.370
45.3,2.370
45.4,2.370
45.4,2.370
45.5,2.370
45.5,2.370
45.5,2.370
45.5,2.370
45.5,2.370
45.5,2.370
45.5,2.370
45.5,2.375
45.4,2.375
45.4,2.375
45.3,2.375
45.3,2.375
45.3,2.375
45.3,2.375
45.2,2.375
45.2,2.375
45.2,2.375
45.3,2.375
45.4,2.375
45.4,2.375
45.5,2.375
45.5,2.375
45.5,2.375
45.5,2.375
45.5,2.375
45.5,2.380
45.5,2.380
45.5,2.380
45.4,2.380
45.4,2.380
45.4,2.380
45.4,2.380
45.4,2.380
45.4,2.380
45.4,2.380
45.4,2.380
45.4,2.380
45.4,2.380
45.4,2.380
45.4,2.380
45.5,2.380
45.5,2.380
45.5,2.380
45.5,2.380
45.5,2.385
45.5,2.385
45.5,2.385
45.5,2.385
45.5,2.385
45.5,2.385
45.5,2.385
45.5,2.385
45.5,2.385
45.5,2.385
45.5,2.385
45.5,2.385
45.5,2.385
45.5,2.385
45.5,2.385
45.5,2.385
45.5,2.385
45.5,2.385
45.5,2.385
45.5,2.390
45.5,2.390
45.5,2.390
45.5,2.390
45.5,2.390
45.5,2.390
45.5,2.390
45.5,2.390
45.5,2.390
45.5,2.390
45.5,2.390
45.5,2.390
45.5,2.390
45.5,2.390
45.5,2.390
45.5,2.390
45.5,2.390
45.5,2.390
45.5,2.390
45.5,2.395
45.5,2.395
45.5,2.395
45.5,2.395
45.5,2.395
45.5,2.395
45.5,2.395
45.5,2.395
45.5,2.395
45.5,2.395
45.5,2.395
45.5,2.395
45.5,2.395
45.5,2.395
45.5,2.395
45.6,2.395
45.6,2.395
45.6,2.395
45.6,2.400
45.6,2.400
45.6,2.400
45.6,2.400
45.6,2.400
45.6,2.400
45.5,2.400
45.5,2.400
45.5,2.400
45.5,2.400
45.5,2.400
45.5,2.400
45.5,2.400
45.5,2.400
45.5,2.400
45.5,2.400
45.5,2.400
45.6,2.400
45.6,2.400
45.6,2.405
45.6,2.405
45.6,2.405
45.6,2.405
45.6,2.405
45.6,2.405
45.6,2.405
45.6,2.405
45.6,2.405
45.6,2.405
45.6,2.405
45.6,2.405
45.6,2.405
45.5,2.405
45.5,2.405
45.5,2.405
45.5,2.405
45.5,2.405
45.5,2.410
45.5,2.410
45.6,2.410
45.6,2.410
45.6,2.410
45.6,2.410
45.6,2.410
45.6,2.410
45.6,2.410
45.6,2.410
45.6,2.410
45.6,2.410
45.6,2.410
45.6,2.410
45.6,2.410
45.6,2.410
45.6,2.410
45.6,2.410
45.6,2.410
45.7,2.415
45.7,2.415
45.7,2.415
45.7,2.415
45.7,2.415
45.7,2.415
45.7,2.415
45.7,2.415
45.7,2.415
45.7,2.415
45.7,2.415
45.7,2.415
45.7,2.415
45.7,2.415
45.7,2.415
45.7,2.415
45.7,2.415
45.7,2.415
45.7,2.420
45.7,2.420
45.6,2.420
45.6,2.420
45.6,2.420
45.6,2.420
45.6,2.420
45.6,2.420
45.6,2.420
45.6,2.420
45.6,2.420
45.6,2.420
45.6,2.420
45.6,2.420
45.6,2.420
45.6,2.420
45.6,2.420
45.6,2.420
45.6,2.425
45.6,2.425
45.6,2.425
45.6,2.425
45.6,2.425
45.6,2.425
45.6,2.425
45.6,2.425
45.6,2.425
45.6,2.425
45.6,2.425
45.6,2.425
45.6,2.425
45.6,2.425
45.6,2.425
45.6,2.425
45.6,2.425
45.6,2.425
45.6,2.425
45.6,2.430
45.6,2.430
45.6,2.430
45.6,2.430
45.6,2.430
45.6,2.430
45.6,2.430
45.6,2.430
45.6,2.430
45.6,2.430
45.6,2.430
45.6,2.430
45.6,2.430
45.6,2.430
45.6,2.430
45.7,2.430
45.7,2.430
45.7,2.430
45.7,2.430
45.7,2.435
45.7,2.435
45.7,2.435
45.7,2.435
45.7,2.435
45.7,2.435
45.7,2.435
45.7,2.435
45.7,2.435
45.7,2.435
45.7,2.435
45.7,2.435
45.7,2.435
45.7,2.435
45.7,2.435
45.7,2.435
45.7,2.435
45.7,2.435
45.7,2.440
45.7,2.440
45.7,2.440
45.7,2.440
45.7,2.440
45.7,2.440
45.7,2.440
45.7,2.440
45.7,2.440
45.7,2.440
45.7,2.440
45.7,2.440
45.7,2.440
45.8,2.440
45.8,2.440
45.8,2.440
45.8,2.445
45.8,2.445
45.8,2.445
45.8,2.445
45.8,2.445
45.8,2.445
45.8,2.445
45.7,2.445
45.7,2.445
45.7,2.445
45.7,2.445
45.7,2.445
45.7,2.445
45.7,2.445
45.7,2.445
45.7,2.445
45.7,2.445
45.7,2.445
45.7,2.450
45.7,2.450
45.7,2.450
45.7,2.450
45.7,2.450
45.7,2.450
45.7,2.450
45.7,2.450
45.7,2.450
45.7,2.450
45.7,2.450
45.7,2.450
45.7,2.450
45.7,2.450
45.8,2.450
45.8,2.450
45.8,2.450
45.8,2.450
45.8,2.455
45.8,2.455
45.8,2.455
45.8,2.455
45.8,2.455
45.8,2.455
45.8,2.455
45.8,2.455
45.8,2.455
45.8,2.455
45.7,2.455
45.7,2.455
45.7,2.455
45.7,2.455
45.7,2.455
45.7,2.455
45.7,2.455
45.7,2.460
45.7,2.460
45.8,2.460
45.8,2.460
45.8,2.460
45.8,2.460
45.8,2.460
45.8,2.460
45.8,2.460
45.8,2.460
45.8,2.460
45.8,2.460
45.8,2.460
45.8,2.460
45.8,2.460
45.8,2.460
45.7,2.460
45.7,2.465
45.7,2.465
45.7,2.465
45.7,2.465
45.8,2.465
45.8,2.465
45.8,2.465
45.8,2.465
45.8,2.465
45.8,2.465
45.8,2.465
45.8,2.465
45.8,2.465
45.8,2.465
45.8,2.465
45.8,2.465
45.8,2.465
45.8,2.465
45.8,2.470
45.8,2.470
45.8,2.470
45.8,2.470
45.8,2.470
45.8,2.470
45.8,2.470
45.8,2.470
45.8,2.470
45.8,2.470
45.8,2.470
45.8,2.470
45.8,2.470
45.8,2.470
45.8,2.470
45.8,2.470
45.8,2.470
45.8,2.470
45.8,2.470
45.8,2.475
45.8,2.475
45.8,2.475
45.8,2.475
45.8,2.475
45.8,2.475
45.8,2.475
45.8,2.475
45.8,2.475
45.9,2.475
45.9,2.475
45.9,2.475
45.9,2.475
45.9,2.475
45.9,2.475
45.9,2.475
45.9,2.475
45.9,2.475
45.9,2.480
45.9,2.480
45.9,2.480
45.9,2.480
45.9,2.480
45.9,2.480
45.9,2.480
45.9,2.480
45.9,2.480
45.9,2.480
45.9,2.480
45.9,2.480
45.9,2.480
45.9,2.480
45.9,2.480
45.9,2.480
45.9,2.480
45.9,2.480
45.9,2.480
45.9,2.485
45.9,2.485
45.9,2.485
45.9,2.485
45.9,2.485
45.9,2.485
45.9,2.485
45.9,2.485
45.9,2.485
45.9,2.485
45.9,2.485
45.9,2.485
45.9,2.485
46.0,2.485
46.0,2.485
46.0,2.485
46.0,2.485
46.0,2.485
46.0,2.485
46.0,2.485
46.0,2.490
46.0,2.490
46.0,2.490
46.0,2.490
46.0,2.490
46.0,2.490
46.0,2.490
46.0,2.490
46.0,2.490
46.0,2.490
46.0,2.490
46.0,2.490
46.0,2.490
46.0,2.490
46.0,2.490
46.0,2.490
46.0,2.490
46.0,2.490
46.0,2.490
46.0,2.490
46.0,2.495
46.0,2.495
46.0,2.495
46.0,2.495
46.0,2.495
46.0,2.495
46.0,2.495
46.0,2.495
46.0,2.495
46.0,2.495
46.0,2.495
46.0,2.495
46.0,2.495
46.0,2.495
46.0,2.495
46.0,2.495
46.0,2.495
46.0,2.495
46.0,2.495
46.0,2.495
46.0,2.500
46.0,2.500
46.0,2.500
46.0,2.500
46.0,2.500
46.0,2.500
46.0,2.500
46.0,2.500
46.0,2.500
46.0,2.500
46.0,2.500
46.0,2.500
46.0,2.500
46.0,2.500
46.0,2.500
46.0,2.500
46.0,2.500
46.0,2.500
46.0,2.500
46.0,2.505
46.0,2.505
46.0,2.505
46.0,2.505
46.0,2.505
46.0,2.505
46.0,2.505
46.0,2.505
46.1,2.505
46.1,2.505
46.1,2.505
46.1,2.505
46.1,2.505
46.1,2.505
46.1,2.505
46.1,2.505
46.1,2.505
46.1,2.505
46.1,2.505
46.1,2.505
46.1,2.505
46.1,2.510
46.1,2.510
46.2,2.510
46.1,2.510
46.1,2.510
46.1,2.510
46.1,2.510
46.1,2.510
46.1,2.510
46.1,2.510
46.1,2.510
46.1,2.510
46.1,2.510
46.1,2.510
46.1,2.510
46.1,2.510
46.1,2.510
46.1,2.510
46.1,2.510
46.1,2.510
46.1,2.510
46.1,2.515
46.1,2.515
46.1,2.515
46.1,2.515
46.1,2.515
46.2,2.515
46.2,2.515
46.2,2.515
46.2,2.515
46.2,2.515
46.2,2.515
46.2,2.515
46.2,2.515
46.1,2.515
46.1,2.515
46.1,2.515
46.1,2.515
46.1,2.515
46.1,2.515
46.1,2.515
46.1,2.520
46.1,2.520
46.1,2.520
46.1,2.520
46.1,2.520
46.1,2.520
46.1,2.520
46.0,2.520
46.0,2.520
46.0,2.520
45.9,2.520
46.0,2.520
46.0,2.520
45.9,2.520
45.9,2.520
45.9,2.520
45.9,2.520
46.0,2.520
46.0,2.520
46.0,2.525
46.0,2.525
46.0,2.525
46.0,2.525
46.0,2.525
46.0,2.525
46.0,2.525
46.0,2.525
46.0,2.525
45.9,2.525
45.9,2.525
45.9,2.525
45.9,2.525
45.9,2.525
45.9,2.525
45.9,2.525
45.9,2.525
45.9,2.525
45.9,2.525
46.0,2.525
46.0,2.525
46.0,2.525
46.0,2.530
46.0,2.530
46.0,2.530
46.0,2.530
46.0,2.530
46.0,2.530
46.0,2.530
46.0,2.530
45.9,2.530
45.9,2.530
45.9,2.530
45.9,2.530
45.9,2.530
45.9,2.530
45.9,2.530
45.9,2.530
45.9,2.530
46.0,2.530
46.0,2.530
46.0,2.530
46.0,2.530
46.0,2.535
46.0,2.535
46.0,2.535
46.0,2.535
46.0,2.535
46.0,2.535
46.0,2.535
46.0,2.535
46.0,2.535
46.0,2.535
46.0,2.535
46.0,2.535
46.0,2.535
46.0,2.535
46.0,2.535
46.0,2.535
46.0,2.535
46.0,2.535
46.0,2.535
46.0,2.535
46.0,2.535
46.0,2.540
46.0,2.540
46.1,2.540
46.1,2.540
46.1,2.540
46.0,2.540
46.0,2.540
46.0,2.540
46.0,2.540
46.0,2.540
46.0,2.540
46.0,2.540
46.0,2.540
46.0,2.540
46.0,2.540
46.0,2.540
46.0,2.540
46.0,2.540
46.0,2.540
46.0,2.540
46.0,2.540
46.0,2.545
46.0,2.545
46.0,2.545
46.0,2.545
46.0,2.545
46.0,2.545
46.0,2.545
46.0,2.545
46.0,2.545
46.0,2.545
46.0,2.545
46.0,2.545
46.0,2.545
46.0,2.545
46.0,2.545
46.0,2.545
46.0,2.545
46.0,2.545
46.0,2.545
46.0,2.545
46.0,2.545
46.0,2.545
46.0,2.550
46.0,2.550
46.1,2.550
46.1,2.550
46.1,2.550
46.1,2.550
46.1,2.550
46.1,2.550
46.1,2.550
46.1,2.550
46.1,2.550
46.1,2.550
46.1,2.550
46.1,2.550
46.1,2.550
46.1,2.550
46.1,2.550
46.1,2.550
46.1,2.550
46.1,2.550
46.1,2.550
46.1,2.550
46.1,2.555
46.1,2.555
46.1,2.555
46.1,2.555
46.1,2.555
46.1,2.555
46.1,2.555
46.1,2.555
46.0,2.555
46.0,2.555
46.0,2.555
46.0,2.555
46.0,2.555
46.0,2.555
46.0,2.555
46.0,2.555
46.0,2.555
46.0,2.555
46.1,2.555
46.1,2.555
46.1,2.555
46.1,2.560
46.1,2.560
46.1,2.560
46.1,2.560
46.1,2.560
46.1,2.560
46.1,2.560
46.1,2.560
46.1,2.560
46.1,2.560
46.1,2.560
46.1,2.560
46.1,2.560
46.0,2.560
46.0,2.560
46.0,2.560
46.0,2.560
46.0,2.560
46.1,2.560
46.1,2.560
46.1,2.560
46.1,2.560
46.1,2.565
46.1,2.565
46.1,2.565
46.1,2.565
46.1,2.565
46.1,2.565
46.1,2.565
46.0,2.565
46.0,2.565
46.0,2.565
46.0,2.565
46.0,2.565
46.0,2.565
46.0,2.565
46.0,2.565
46.0,2.565
46.0,2.565
46.1,2.565
46.1,2.565
46.1,2.565
46.1,2.565
46.1,2.565
46.1,2.570
46.1,2.570
46.1,2.570
46.1,2.570
46.1,2.570
46.1,2.570
46.1,2.570
46.1,2.570
46.1,2.570
46.1,2.570
46.1,2.570
46.1,2.570
46.1,2.570
46.1,2.570
46.1,2.570
46.1,2.570
46.2,2.570
46.2,2.570
46.2,2.570
46.2,2.570
46.2,2.570
46.2,2.570
46.2,2.575
46.2,2.575
46.2,2.575
46.2,2.575
46.2,2.575
46.2,2.575
46.2,2.575
46.2,2.575
46.2,2.575
46.2,2.575
46.2,2.575
46.2,2.575
46.2,2.575
46.2,2.575
46.2,2.575
46.2,2.575
46.2,2.575
46.2,2.575
46.2,2.575
46.2,2.575
46.2,2.575
46.2,2.580
46.2,2.580
46.2,2.580
46.2,2.580
46.2,2.580
46.2,2.580
46.2,2.580
46.2,2.580
46.2,2.580
46.2,2.580
46.2,2.580
46.2,2.580
46.2,2.580
46.2,2.580
46.2,2.580
46.2,2.580
46.2,2.580
46.2,2.580
46.3,2.580
46.3,2.585
46.3,2.585
46.3,2.585
46.3,2.585
46.3,2.585
46.3,2.585
46.2,2.585
46.2,2.585
46.2,2.585
46.2,2.585
46.2,2.585
46.2,2.585
46.2,2.585
46.2,2.585
46.2,2.585
46.2,2.585
46.2,2.585
46.3,2.585
46.3,2.585
46.3,2.585
46.3,2.585
46.3,2.590
46.3,2.590
46.3,2.590
46.3,2.590
46.3,2.590
46.3,2.590
46.3,2.590
46.3,2.590
46.3,2.590
46.3,2.590
46.3,2.590
46.3,2.590
46.3,2.590
46.3,2.590
46.3,2.590
46.3,2.590
46.3,2.590
46.3,2.590
46.3,2.590
46.3,2.590
46.3,2.595
46.3,2.595
46.3,2.595
46.3,2.595
46.3,2.595
46.3,2.595
46.3,2.595
46.3,2.595
46.3,2.595
46.3,2.595
46.3,2.595
46.3,2.595
46.3,2.595
46.3,2.595
46.3,2.595
46.3,2.595
46.3,2.595
46.3,2.595
46.3,2.595
46.3,2.600
46.3,2.600
46.3,2.600
46.3,2.600
46.3,2.600
46.3,2.600
46.3,2.600
46.3,2.600
46.3,2.600
46.3,2.600
46.3,2.600
46.3,2.600
46.3,2.600
46.3,2.600
46.3,2.600
46.3,2.600
46.3,2.600
46.3,2.605
46.3,2.605
46.3,2.605
46.3,2.605
46.3,2.605
46.3,2.605
46.3,2.605
46.3,2.605
46.3,2.605
46.3,2.605
46.3,2.605
46.3,2.605
46.3,2.605
46.3,2.605
46.3,2.605
46.3,2.605
46.3,2.605
46.3,2.605
46.3,2.605
46.3,2.605
46.4,2.610
46.4,2.610
46.4,2.610
46.4,2.610
46.4,2.610
46.4,2.610
46.4,2.610
46.4,2.610
46.4,2.610
46.4,2.610
46.4,2.610
46.4,2.610
46.4,2.610
46.4,2.610
46.4,2.610
46.4,2.610
46.4,2.610
46.4,2.610
46.4,2.610
46.4,2.615
46.4,2.615
46.4,2.615
46.4,2.615
46.3,2.615
46.3,2.615
46.3,2.615
46.3,2.615
46.3,2.615
46.3,2.615
46.3,2.615
46.3,2.615
46.3,2.615
46.3,2.615
46.3,2.615
46.3,2.615
46.3,2.615
46.3,2.615
46.3,2.620
46.3,2.620
46.3,2.620
46.3,2.620
46.3,2.620
46.3,2.620
46.3,2.620
46.3,2.620
46.3,2.620
46.3,2.620
46.3,2.620
46.3,2.620
46.3,2.620
46.3,2.620
46.3,2.620
46.3,2.620
46.3,2.620
46.3,2.620
46.3,2.625
46.3,2.625
46.3,2.625
46.3,2.625
46.3,2.625
46.3,2.625
46.3,2.625
46.3,2.625
46.3,2.625
46.3,2.625
46.3,2.625
46.3,2.625
46.3,2.625
46.3,2.625
46.3,2.625
46.3,2.625
46.3,2.625
46.3,2.625
46.3,2.625
46.3,2.630
46.3,2.630
46.3,2.630
46.3,2.630
46.3,2.630
46.3,2.630
46.3,2.630
46.3,2.630
46.3,2.630
46.3,2.630
46.3,2.630
46.4,2.630
46.4,2.630
46.4,2.630
46.4,2.630
46.4,2.630
46.4,2.630
46.4,2.630
46.4,2.630
46.4,2.635
46.3,2.635
46.4,2.635
46.4,2.635
46.4,2.635
46.3,2.635
46.3,2.635
46.3,2.635
46.3,2.635
46.3,2.635
46.4,2.635
46.4,2.635
46.4,2.635
46.4,2.635
46.4,2.635
46.4,2.635
46.4,2.635
46.4,2.635
46.4,2.640
46.4,2.640
46.4,2.640
46.4,2.640
46.4,2.640
46.4,2.640
46.4,2.640
46.4,2.640
46.4,2.640
46.4,2.640
46.4,2.640
46.4,2.640
46.4,2.640
46.4,2.640
46.4,2.640
46.4,2.640
46.4,2.640
46.4,2.640
46.4,2.640
46.4,2.645
46.5,2.645
46.5,2.645
46.5,2.645
46.5,2.645
46.4,2.645
46.4,2.645
46.4,2.645
46.4,2.645
46.4,2.645
46.4,2.645
46.4,2.645
46.4,2.645
46.4,2.645
46.5,2.645
46.5,2.645
46.5,2.645
46.5,2.645
46.5,2.645
46.5,2.645
46.5,2.650
46.5,2.650
46.5,2.650
46.5,2.650
46.5,2.650
46.5,2.650
46.5,2.650
46.4,2.650
46.4,2.650
46.4,2.650
46.4,2.650
46.4,2.650
46.4,2.650
46.4,2.650
46.4,2.650
46.4,2.650
46.4,2.650
46.4,2.650
46.4,2.650
46.4,2.650
46.4,2.655
46.5,2.655
46.5,2.655
46.5,2.655
46.5,2.655
46.5,2.655
46.5,2.655
46.5,2.655
46.5,2.655
46.5,2.655
46.5,2.655
46.5,2.655
46.5,2.655
46.5,2.655
46.5,2.655
46.5,2.655
46.5,2.655
46.5,2.655
46.5,2.655
46.5,2.660
46.5,2.660
46.5,2.660
46.5,2.660
46.5,2.660
46.5,2.660
46.5,2.660
46.6,2.660
46.6,2.660
46.6,2.660
46.6,2.660
46.6,2.660
46.6,2.660
46.6,2.660
46.6,2.660
46.6,2.660
46.6,2.660
46.5,2.660
46.5,2.660
46.5,2.665
46.5,2.665
46.5,2.665
46.5,2.665
46.5,2.665
46.5,2.665
46.5,2.665
46.5,2.665
46.5,2.665
46.5,2.665
46.5,2.665
46.5,2.665
46.5,2.665
46.5,2.665
46.5,2.665
46.6,2.665
46.6,2.665
46.6,2.665
46.6,2.665
46.6,2.665
46.5,2.670
46.5,2.670
46.5,2.670
46.5,2.670
46.5,2.670
46.5,2.670
46.5,2.670
46.5,2.670
46.5,2.670
46.5,2.670
46.6,2.670
46.6,2.670
46.6,2.670
46.6,2.670
46.6,2.670
46.6,2.670
46.6,2.670
46.6,2.670
46.6,2.670
46.6,2.670
46.6,2.675
46.6,2.675
46.6,2.675
46.6,2.675
46.6,2.675
46.6,2.675
46.6,2.675
46.6,2.675
46.6,2.675
46.6,2.675
46.5,2.675
46.5,2.675
46.5,2.675
46.5,2.675
46.5,2.675
46.5,2.675
46.6,2.675
46.6,2.675
46.6,2.675
46.6,2.675
46.6,2.680
46.6,2.680
46.6,2.680
46.6,2.680
46.6,2.680
46.6,2.680
46.6,2.680
46.6,2.680
46.6,2.680
46.6,2.680
46.6,2.680
46.6,2.680
46.6,2.680
46.6,2.680
46.6,2.680
46.6,2.680
46.6,2.680
46.6,2.685
46.6,2.685
46.6,2.685
46.6,2.685
46.6,2.685
46.6,2.685
46.6,2.685
46.6,2.685
46.5,2.685
46.5,2.685
46.5,2.685
46.5,2.685
46.5,2.685
46.5,2.685
46.5,2.685
46.5,2.685
46.5,2.685
46.5,2.685
46.5,2.685
46.6,2.685
46.6,2.690
46.6,2.690
46.6,2.690
46.6,2.690
46.6,2.690
46.6,2.690
46.6,2.690
46.6,2.690
46.6,2.690
46.6,2.690
46.6,2.690
46.6,2.690
46.6,2.690
46.6,2.690
46.6,2.690
46.6,2.690
46.6,2.690
46.6,2.690
46.6,2.690
46.6,2.690
46.6,2.695
46.7,2.695
46.7,2.695
46.7,2.695
46.7,2.695
46.7,2.695
46.7,2.695
46.6,2.695
46.6,2.695
46.6,2.695
46.6,2.695
46.6,2.695
46.6,2.695
46.6,2.695
46.6,2.695
46.6,2.695
46.6,2.695
46.6,2.695
46.6,2.695
46.6,2.700
46.6,2.700
46.6,2.700
46.6,2.700
46.6,2.700
46.6,2.700
46.6,2.700
46.6,2.700
46.6,2.700
46.6,2.700
46.6,2.700
46.6,2.700
46.6,2.700
46.6,2.700
46.6,2.700
46.6,2.700
46.6,2.700
46.6,2.700
46.6,2.700
46.6,2.700
46.6,2.705
46.6,2.705
46.6,2.705
46.6,2.705
46.6,2.705
46.6,2.705
46.6,2.705
46.6,2.705
46.6,2.705
46.6,2.705
46.6,2.705
46.6,2.705
46.6,2.705
46.6,2.705
46.6,2.705
46.6,2.705
46.6,2.705
46.6,2.705
46.6,2.705
46.6,2.705
46.6,2.705
46.6,2.705
46.6,2.710
46.6,2.710
46.6,2.710
46.7,2.710
46.7,2.710
46.7,2.710
46.7,2.710
46.7,2.710
46.7,2.710
46.7,2.710
46.7,2.710
46.7,2.710
46.7,2.710
46.7,2.710
46.7,2.710
46.7,2.710
46.7,2.710
46.7,2.710
46.7,2.710
46.7,2.710
46.7,2.710
46.7,2.710
46.7,2.715
46.7,2.715
46.7,2.715
46.7,2.715
46.7,2.715
46.7,2.715
46.7,2.715
46.7,2.715
46.7,2.715
46.7,2.715
46.7,2.715
46.7,2.715
46.7,2.715
46.7,2.715
46.7,2.715
46.7,2.715
46.7,2.715
46.7,2.715
46.7,2.715
46.7,2.715
46.7,2.720
46.7,2.720
46.7,2.720
46.7,2.720
46.7,2.720
46.7,2.720
46.7,2.720
46.7,2.720
46.7,2.720
46.7,2.720
46.7,2.720
46.7,2.720
46.7,2.720
46.7,2.720
46.7,2.720
46.7,2.720
46.7,2.720
46.7,2.720
46.7,2.720
46.7,2.720
46.7,2.720
46.7,2.720
46.7,2.725
46.7,2.725
46.7,2.725
46.7,2.725
46.7,2.725
46.7,2.725
46.7,2.725
46.7,2.725
46.7,2.725
46.7,2.725
46.7,2.725
46.7,2.725
46.7,2.725
46.7,2.725
46.7,2.725
46.7,2.725
46.7,2.725
46.7,2.725
46.7,2.725
46.7,2.725
46.7,2.725
46.7,2.725
46.7,2.730
46.7,2.730
46.7,2.730
46.7,2.730
46.7,2.730
46.7,2.730
46.7,2.730
46.7,2.730
46.7,2.730
46.7,2.730
46.7,2.730
46.7,2.730
46.7,2.730
46.7,2.730
46.7,2.730
46.7,2.730
46.7,2.730
46.7,2.730
46.7,2.730
46.7,2.730
46.7,2.730
46.7,2.730
46.7,2.730
46.7,2.735
46.7,2.735
46.8,2.735
46.8,2.735
46.8,2.735
46.8,2.735
46.8,2.735
46.8,2.735
46.7,2.735
46.7,2.735
46.7,2.735
46.7,2.735
46.7,2.735
46.7,2.735
46.7,2.735
46.7,2.735
46.7,2.735
46.7,2.735
46.7,2.735
46.7,2.735
46.7,2.735
46.7,2.735
46.7,2.740
46.7,2.740
46.7,2.740
46.7,2.740
46.7,2.740
46.7,2.740
46.7,2.740
46.7,2.740
46.7,2.740
46.7,2.740
46.7,2.740
46.7,2.740
46.7,2.740
46.7,2.740
46.7,2.740
46.7,2.740
46.7,2.740
46.7,2.740
46.8,2.740
46.8,2.740
46.8,2.740
46.8,2.740
46.8,2.740
46.8,2.745
46.8,2.745
46.7,2.745
46.7,2.745
46.7,2.745
46.7,2.745
46.7,2.745
46.7,2.745
46.7,2.745
46.7,2.745
46.8,2.745
46.8,2.745
46.8,2.745
46.8,2.745
46.8,2.745
46.8,2.745
46.8,2.745
46.8,2.745
46.8,2.745
46.8,2.745
46.8,2.745
46.8,2.745
46.8,2.745
46.8,2.745
46.8,2.750
46.8,2.750
46.8,2.750
46.7,2.750
46.7,2.750
46.7,2.750
46.7,2.750
46.8,2.750
46.8,2.750
46.8,2.750
46.8,2.750
46.8,2.750
46.8,2.750
46.8,2.750
46.8,2.750
46.8,2.750
46.8,2.750
46.8,2.750
46.8,2.750
46.8,2.750
46.8,2.750
46.8,2.750
46.8,2.750
46.8,2.750
46.8,2.755
46.8,2.755
46.8,2.755
46.8,2.755
46.8,2.755
46.8,2.755
46.8,2.755
46.8,2.755
46.8,2.755
46.8,2.755
46.8,2.755
46.8,2.755
46.8,2.755
46.9,2.755
46.9,2.755
46.9,2.755
46.8,2.755
46.8,2.755
46.8,2.755
46.8,2.755
46.8,2.755
46.8,2.755
46.8,2.760
46.8,2.760
46.8,2.760
46.8,2.760
46.8,2.760
46.8,2.760
46.8,2.760
46.8,2.760
46.8,2.760
46.8,2.760
46.8,2.760
46.8,2.760
46.8,2.760
46.8,2.760
46.8,2.760
46.8,2.760
46.8,2.760
46.8,2.760
46.8,2.760
46.8,2.760
46.8,2.760
46.8,2.765
46.8,2.765
46.8,2.765
46.8,2.765
46.8,2.765
46.8,2.765
46.9,2.765
46.9,2.765
46.9,2.765
46.9,2.765
46.9,2.765
46.9,2.765
46.9,2.765
46.9,2.765
46.9,2.765
46.9,2.765
46.9,2.765
46.9,2.765
46.8,2.765
46.8,2.765
46.8,2.765
46.8,2.765
46.8,2.765
46.9,2.765
46.9,2.770
46.9,2.770
46.9,2.770
46.9,2.770
46.9,2.770
46.9,2.770
46.9,2.770
46.9,2.770
46.9,2.770
46.9,2.770
46.9,2.770
46.9,2.770
46.9,2.770
46.9,2.770
46.8,2.770
46.8,2.770
46.8,2.770
46.8,2.770
46.8,2.770
46.8,2.770
46.8,2.770
46.8,2.770
46.8,2.770
46.8,2.770
46.8,2.775
46.8,2.775
46.8,2.775
46.9,2.775
46.9,2.775
46.9,2.775
46.9,2.775
46.9,2.775
46.9,2.775
46.9,2.775
46.9,2.775
46.9,2.775
46.9,2.775
46.9,2.775
46.9,2.775
46.8,2.775
46.8,2.775
46.8,2.775
46.8,2.775
46.8,2.775
46.8,2.775
46.8,2.775
46.8,2.775
46.9,2.780
46.9,2.780
46.9,2.780
46.9,2.780
46.9,2.780
46.9,2.780
46.9,2.780
46.9,2.780
46.9,2.780
46.9,2.780
46.9,2.780
46.9,2.780
46.9,2.780
46.9,2.780
46.9,2.780
46.9,2.780
46.9,2.780
46.9,2.780
46.9,2.780
46.9,2.780
46.9,2.780
46.9,2.780
46.9,2.780
46.9,2.780
46.9,2.785
46.9,2.785
46.9,2.785
47.0,2.785
47.0,2.785
47.0,2.785
47.0,2.785
47.0,2.785
46.9,2.785
46.9,2.785
46.9,2.785
46.9,2.785
46.9,2.785
46.9,2.785
46.9,2.785
46.9,2.785
46.9,2.785
46.9,2.785
46.9,2.785
46.9,2.785
46.9,2.785
46.9,2.785
46.9,2.785
46.9,2.785
46.9,2.785
46.9,2.785
46.9,2.790
46.9,2.790
46.9,2.790
46.9,2.790
46.9,2.790
46.9,2.790
46.9,2.790
46.9,2.790
46.9,2.790
46.9,2.790
46.9,2.790
46.9,2.790
46.9,2.790
46.9,2.790
46.9,2.790
46.9,2.790
46.9,2.790
46.9,2.790
46.9,2.790
46.9,2.790
46.9,2.790
46.9,2.790
46.9,2.790
46.9,2.790
46.9,2.790
46.9,2.795
46.9,2.795
46.9,2.795
46.9,2.795
46.9,2.795
46.9,2.795
46.9,2.795
46.9,2.795
46.9,2.795
46.9,2.795
46.9,2.795
46.9,2.795
46.9,2.795
46.9,2.795
46.9,2.795
46.9,2.795
46.9,2.795
46.9,2.795
46.9,2.795
46.9,2.795
47.0,2.795
47.0,2.795
47.0,2.795
47.0,2.795
47.0,2.800
47.0,2.800
47.0,2.800
47.0,2.800
47.0,2.800
47.0,2.800
47.0,2.800
47.0,2.800
47.0,2.800
47.0,2.800
47.0,2.800
47.0,2.800
47.0,2.800
47.0,2.800
47.0,2.800
47.0,2.800
47.0,2.800
47.0,2.800
47.0,2.800
47.0,2.800
47.0,2.800
47.0,2.800
47.0,2.800
47.0,2.800
47.0,2.800
47.0,2.800
47.0,2.805
47.0,2.805
46.9,2.805
46.9,2.805
46.9,2.805
46.9,2.805
46.9,2.805
46.9,2.805
46.9,2.805
47.0,2.805
47.0,2.805
47.0,2.805
47.0,2.805
47.0,2.805
47.0,2.805
47.0,2.805
47.0,2.805
47.0,2.805
47.0,2.805
47.0,2.805
47.0,2.805
47.0,2.805
47.0,2.805
47.0,2.805
47.0,2.805
47.0,2.805
47.0,2.810
47.0,2.810
47.0,2.810
47.0,2.810
47.0,2.810
47.0,2.810
47.0,2.810
47.0,2.810
47.0,2.810
47.0,2.810
47.0,2.810
47.0,2.810
47.1,2.810
47.1,2.810
47.1,2.810
47.1,2.810
47.1,2.810
47.0,2.810
47.0,2.810
47.0,2.810
47.0,2.810
47.0,2.810
47.0,2.810
47.0,2.810
47.0,2.810
47.0,2.810
47.0,2.815
47.0,2.815
47.0,2.815
47.0,2.815
47.0,2.815
47.0,2.815
47.1,2.815
47.1,2.815
47.1,2.815
47.1,2.815
47.1,2.815
47.1,2.815
47.1,2.815
47.1,2.815
47.1,2.815
47.1,2.815
47.1,2.815
47.0,2.815
47.0,2.815
47.0,2.815
47.0,2.815
47.0,2.815
47.0,2.815
47.0,2.815
47.0,2.815
47.0,2.815
47.0,2.820
47.0,2.820
47.0,2.820
47.0,2.820
47.0,2.820
47.0,2.820
47.0,2.820
47.0,2.820
47.0,2.820
47.0,2.820
47.0,2.820
47.0,2.820
47.0,2.820
47.0,2.820
47.0,2.820
47.0,2.820
47.0,2.820
47.0,2.820
47.0,2.820
47.0,2.820
47.0,2.820
47.0,2.820
47.0,2.820
47.1,2.820
47.1,2.825
47.1,2.825
47.1,2.825
47.1,2.825
47.1,2.825
47.1,2.825
47.1,2.825
47.1,2.825
47.1,2.825
47.1,2.825
47.1,2.825
47.1,2.825
47.1,2.825
47.1,2.825
47.1,2.825
47.1,2.825
47.1,2.825
47.1,2.825
47.1,2.825
47.1,2.825
47.1,2.825
47.1,2.825
47.1,2.825
47.1,2.825
47.1,2.830
47.1,2.830
47.1,2.830
47.1,2.830
47.1,2.830
47.1,2.830
47.1,2.830
47.1,2.830
47.1,2.830
47.0,2.830
47.0,2.830
47.0,2.830
47.0,2.830
47.0,2.830
47.0,2.830
47.0,2.830
47.0,2.830
47.1,2.830
47.1,2.830
47.1,2.830
47.1,2.830
47.1,2.830
47.1,2.830
47.1,2.830
47.1,2.830
47.1,2.835
47.1,2.835
47.1,2.835
47.1,2.835
47.1,2.835
47.1,2.835
47.1,2.835
47.1,2.835
47.1,2.835
47.1,2.835
47.1,2.835
47.1,2.835
47.1,2.835
47.1,2.835
47.1,2.835
47.2,2.835
47.1,2.835
47.1,2.835
47.1,2.835
47.1,2.835
47.1,2.835
47.1,2.835
47.1,2.835
47.1,2.840
47.1,2.840
47.1,2.840
47.1,2.840
47.1,2.840
47.1,2.840
47.1,2.840
47.1,2.840
47.1,2.840
47.1,2.840
47.1,2.840
47.2,2.840
47.2,2.840
47.2,2.840
47.2,2.840
47.2,2.840
47.2,2.840
47.2,2.840
47.2,2.840
47.2,2.840
47.2,2.840
47.2,2.845
47.1,2.845
47.1,2.845
47.1,2.845
47.1,2.845
47.1,2.845
47.1,2.845
47.1,2.845
47.1,2.845
47.1,2.845
47.1,2.845
47.1,2.845
47.1,2.845
47.2,2.845
47.2,2.845
47.2,2.845
47.2,2.845
47.2,2.845
47.2,2.845
47.2,2.845
47.2,2.845
47.2,2.845
47.2,2.845
47.2,2.850
47.2,2.850
47.2,2.850
47.2,2.850
47.2,2.850
47.2,2.850
47.2,2.850
47.2,2.850
47.2,2.850
47.2,2.850
47.2,2.850
47.2,2.850
47.2,2.850
47.2,2.850
47.2,2.850
47.2,2.850
47.2,2.850
47.2,2.850
47.2,2.850
47.2,2.850
47.2,2.850
47.2,2.850
47.2,2.850
47.2,2.850
47.2,2.855
47.2,2.855
47.2,2.855
47.2,2.855
47.2,2.855
47.2,2.855
47.2,2.855
47.2,2.855
47.2,2.855
47.2,2.855
47.2,2.855
47.2,2.855
47.2,2.855
47.2,2.855
47.2,2.855
47.2,2.855
47.2,2.855
47.2,2.855
47.2,2.855
47.2,2.855
47.2,2.855
47.2,2.860
47.2,2.860
47.2,2.860
47.2,2.860
47.2,2.860
47.2,2.860
47.2,2.860
47.2,2.860
47.2,2.860
47.2,2.860
47.2,2.860
47.2,2.860
47.2,2.860
47.2,2.860
47.1,2.860
47.1,2.860
47.1,2.860
47.1,2.860
47.1,2.860
47.1,2.860
47.1,2.860
47.1,2.860
47.2,2.860
47.2,2.865
47.2,2.865
47.2,2.865
47.2,2.865
47.2,2.865
47.2,2.865
47.2,2.865
47.2,2.865
47.2,2.865
47.2,2.865
47.2,2.865
47.2,2.865
47.2,2.865
47.2,2.865
47.2,2.865
47.2,2.865
47.2,2.865
47.2,2.865
47.2,2.865
47.2,2.865
47.2,2.865
47.2,2.865
47.2,2.865
47.2,2.865
47.2,2.870
47.2,2.870
47.2,2.870
47.2,2.870
47.2,2.870
47.2,2.870
47.2,2.870
47.2,2.870
47.2,2.870
47.2,2.870
47.2,2.870
47.2,2.870
47.2,2.870
47.2,2.870
47.2,2.870
47.2,2.870
47.2,2.870
47.2,2.870
47.2,2.870
47.2,2.870
47.2,2.870
47.2,2.870
47.2,2.870
47.2,2.870
47.2,2.870
47.2,2.875
47.2,2.875
47.2,2.875
47.2,2.875
47.2,2.875
47.2,2.875
47.2,2.875
47.2,2.875
47.2,2.875
47.2,2.875
47.2,2.875
47.2,2.875
47.2,2.875
47.2,2.875
47.2,2.875
47.2,2.875
47.3,2.875
47.3,2.875
47.3,2.875
47.3,2.875
47.3,2.875
47.3,2.875
47.3,2.875
47.3,2.875
47.3,2.880
47.3,2.880
47.3,2.880
47.3,2.880
47.3,2.880
47.3,2.880
47.3,2.880
47.3,2.880
47.3,2.880
47.3,2.880
47.3,2.880
47.3,2.880
47.3,2.880
47.3,2.880
47.3,2.880
47.3,2.880
47.3,2.880
47.3,2.880
47.3,2.880
47.3,2.880
47.3,2.880
47.3,2.880
47.3,2.880
47.3,2.880
47.3,2.880
47.3,2.880
47.3,2.885
47.3,2.885
47.3,2.885
47.3,2.885
47.3,2.885
47.3,2.885
47.3,2.885
47.3,2.885
47.3,2.885
47.3,2.885
47.3,2.885
47.3,2.885
47.3,2.885
47.3,2.885
47.3,2.885
47.3,2.885
47.3,2.885
47.3,2.885
47.3,2.885
47.3,2.885
47.3,2.885
47.3,2.885
47.3,2.885
47.3,2.885
47.3,2.885
47.3,2.890
47.3,2.890
47.3,2.890
47.3,2.890
47.3,2.890
47.3,2.890
47.3,2.890
47.3,2.890
47.3,2.890
47.3,2.890
47.3,2.890
47.3,2.890
47.3,2.890
47.3,2.890
47.3,2.890
47.3,2.890
47.3,2.890
47.3,2.890
47.3,2.890
47.3,2.890
47.4,2.890
47.4,2.890
47.4,2.890
47.4,2.890
47.4,2.890
47.4,2.895
47.4,2.895
47.4,2.895
47.4,2.895
47.4,2.895
47.4,2.895
47.4,2.895
47.4,2.895
47.4,2.895
47.3,2.895
47.3,2.895
47.3,2.895
47.3,2.895
47.3,2.895
47.3,2.895
47.3,2.895
47.3,2.895
47.3,2.895
47.3,2.895
47.3,2.895
47.3,2.895
47.3,2.895
47.3,2.895
47.3,2.895
47.3,2.900
47.3,2.900
47.3,2.900
47.3,2.900
47.3,2.900
47.3,2.900
47.3,2.900
47.3,2.900
47.3,2.900
47.3,2.900
47.3,2.900
47.3,2.900
47.3,2.900
47.3,2.900
47.3,2.900
47.3,2.900
47.3,2.900
47.3,2.900
47.3,2.900
47.3,2.900
47.3,2.900
47.3,2.900
47.3,2.900
47.4,2.905
47.4,2.905
47.4,2.905
47.4,2.905
47.4,2.905
47.4,2.905
47.4,2.905
47.4,2.905
47.4,2.905
47.4,2.905
47.4,2.905
47.4,2.905
47.4,2.905
47.4,2.905
47.4,2.905
47.4,2.905
47.4,2.905
47.4,2.905
47.4,2.905
47.4,2.905
47.4,2.905
47.4,2.905
47.4,2.905
47.4,2.905
47.4,2.910
47.4,2.910
47.4,2.910
47.4,2.910
47.4,2.910
47.4,2.910
47.4,2.910
47.4,2.910
47.4,2.910
47.4,2.910
47.4,2.910
47.4,2.910
47.4,2.910
47.4,2.910
47.4,2.910
47.4,2.910
47.4,2.910
47.4,2.910
47.4,2.910
47.4,2.910
47.4,2.910
47.4,2.910
47.4,2.910
47.3,2.910
47.3,2.915
47.3,2.915
47.3,2.915
47.3,2.915
47.3,2.915
47.3,2.915
47.3,2.915
47.3,2.915
47.3,2.915
47.3,2.915
47.3,2.915
47.3,2.915
47.3,2.915
47.3,2.915
47.3,2.915
47.3,2.915
47.3,2.915
47.3,2.915
47.4,2.915
47.4,2.915
47.4,2.915
47.4,2.915
47.4,2.915
47.4,2.920
47.4,2.920
47.4,2.920
47.4,2.920
47.4,2.920
47.4,2.920
47.4,2.920
47.4,2.920
47.4,2.920
47.4,2.920
47.4,2.920
47.3,2.920
47.3,2.920
47.3,2.920
47.3,2.920
47.3,2.920
47.3,2.920
47.4,2.920
47.4,2.920
47.4,2.920
47.4,2.920
47.4,2.920
47.4,2.925
47.4,2.925
47.4,2.925
47.4,2.925
47.4,2.925
47.4,2.925
47.4,2.925
47.4,2.925
47.4,2.925
47.4,2.925
47.4,2.925
47.4,2.925
47.4,2.925
47.4,2.925
47.4,2.925
47.4,2.925
47.4,2.925
47.4,2.925
47.4,2.925
47.4,2.925
47.4,2.925
47.4,2.925
47.4,2.925
47.4,2.925
47.4,2.930
47.4,2.930
47.4,2.930
47.4,2.930
47.4,2.930
47.4,2.930
47.4,2.930
47.4,2.930
47.4,2.930
47.4,2.930
47.4,2.930
47.4,2.930
47.4,2.930
47.4,2.930
47.5,2.930
47.5,2.930
47.5,2.930
47.5,2.930
47.5,2.930
47.5,2.930
47.5,2.930
47.5,2.930
47.5,2.930
47.5,2.935
47.4,2.935
47.4,2.935
47.4,2.935
47.4,2.935
47.4,2.935
47.4,2.935
47.4,2.935
47.4,2.935
47.5,2.935
47.5,2.935
47.5,2.935
47.5,2.935
47.5,2.935
47.5,2.935
47.5,2.935
47.5,2.935
47.5,2.935
47.5,2.935
47.5,2.935
47.5,2.935
47.5,2.935
47.5,2.940
47.5,2.940
47.4,2.940
47.4,2.940
47.4,2.940
47.4,2.940
47.4,2.940
47.4,2.940
47.4,2.940
47.4,2.940
47.4,2.940
47.4,2.940
47.4,2.940
47.4,2.940
47.5,2.940
47.5,2.940
47.5,2.940
47.5,2.940
47.5,2.940
47.5,2.940
47.5,2.940
47.5,2.940
47.5,2.940
47.5,2.945
47.5,2.945
47.5,2.945
47.5,2.945
47.5,2.945
47.5,2.945
47.5,2.945
47.5,2.945
47.5,2.945
47.5,2.945
47.5,2.945
47.5,2.945
47.5,2.945
47.5,2.945
47.5,2.945
47.5,2.945
47.5,2.945
47.5,2.945
47.5,2.945
47.5,2.945
47.5,2.945
47.4,2.945
47.4,2.945
47.4,2.950
47.4,2.950
47.4,2.950
47.4,2.950
47.4,2.950
47.5,2.950
47.5,2.950
47.5,2.950
47.5,2.950
47.6,2.950
47.6,2.950
47.6,2.950
47.6,2.950
47.6,2.950
47.6,2.950
47.6,2.950
47.6,2.950
47.6,2.950
47.6,2.950
47.6,2.950
47.5,2.950
47.5,2.950
47.5,2.955
47.5,2.955
47.5,2.955
47.5,2.955
47.5,2.955
47.5,2.955
47.5,2.955
47.5,2.955
47.5,2.955
47.5,2.955
47.5,2.955
47.5,2.955
47.5,2.955
47.5,2.955
47.5,2.955
47.5,2.955
47.5,2.955
47.5,2.955
47.5,2.955
47.5,2.955
47.5,2.955
47.5,2.955
47.5,2.960
47.5,2.960
47.5,2.960
47.5,2.960
47.5,2.960
47.5,2.960
47.5,2.960
47.5,2.960
47.5,2.960
47.5,2.960
47.5,2.960
47.5,2.960
47.5,2.960
47.5,2.960
47.5,2.960
47.5,2.960
47.5,2.960
47.5,2.960
47.5,2.960
47.5,2.960
47.5,2.960
47.5,2.960
47.5,2.965
47.5,2.965
47.5,2.965
47.5,2.965
47.5,2.965
47.5,2.965
47.6,2.965
47.6,2.965
47.6,2.965
47.6,2.965
47.6,2.965
47.6,2.965
47.6,2.965
47.6,2.965
47.6,2.965
47.6,2.965
47.6,2.965
47.6,2.965
47.6,2.965
47.6,2.965
47.6,2.965
47.5,2.965
47.5,2.965
47.5,2.970
47.5,2.970
47.5,2.970
47.5,2.970
47.5,2.970
47.5,2.970
47.5,2.970
47.5,2.970
47.5,2.970
47.5,2.970
47.5,2.970
47.5,2.970
47.5,2.970
47.5,2.970
47.6,2.970
47.6,2.970
47.6,2.970
47.6,2.970
47.6,2.970
47.6,2.970
47.6,2.970
47.6,2.970
47.6,2.970
47.6,2.975
47.6,2.975
47.6,2.975
47.6,2.975
47.6,2.975
47.6,2.975
47.6,2.975
47.6,2.975
47.6,2.975
47.6,2.975
47.6,2.975
47.6,2.975
47.6,2.975
47.6,2.975
47.6,2.975
47.6,2.975
47.6,2.975
47.6,2.975
47.6,2.975
47.6,2.975
47.6,2.975
47.6,2.975
47.6,2.975
47.6,2.980
47.6,2.980
47.6,2.980
47.6,2.980
47.6,2.980
47.6,2.980
47.6,2.980
47.6,2.980
47.6,2.980
47.6,2.980
47.6,2.980
47.6,2.980
47.6,2.980
47.6,2.980
47.6,2.980
47.6,2.980
47.6,2.980
47.6,2.980
47.6,2.980
47.6,2.980
47.6,2.980
47.6,2.985
47.6,2.985
47.6,2.985
47.6,2.985
47.6,2.985
47.6,2.985
47.6,2.985
47.6,2.985
47.6,2.985
47.6,2.985
47.6,2.985
47.6,2.985
47.6,2.985
47.6,2.985
47.6,2.985
47.6,2.985
47.6,2.985
47.7,2.985
47.7,2.985
47.7,2.985
47.7,2.985
47.7,2.985
47.7,2.985
47.7,2.990
47.7,2.990
47.7,2.990
47.7,2.990
47.7,2.990
47.7,2.990
47.6,2.990
47.6,2.990
47.6,2.990
47.6,2.990
47.6,2.990
47.6,2.990
47.7,2.990
47.7,2.990
47.7,2.990
47.7,2.990
47.7,2.990
47.7,2.990
47.7,2.990
47.7,2.990
47.7,2.990
47.7,2.990
47.7,2.990
47.7,2.990
47.7,2.995
47.7,2.995
47.7,2.995
47.7,2.995
47.7,2.995
47.7,2.995
47.7,2.995
47.7,2.995
47.7,2.995
47.7,2.995
47.7,2.995
47.7,2.995
47.7,2.995
47.7,2.995
47.7,2.995
47.7,2.995
47.7,2.995
47.7,2.995
47.7,2.995
47.7,2.995
47.7,2.995
47.7,2.995
47.7,2.995
47.7,3.000
47.7,3.000
47.7,3.000
47.7,3.000
47.7,3.000
47.7,3.000
47.7,3.000
47.7,3.000
47.7,3.000
47.7,3.000
47.7,3.000
47.7,3.000
47.7,3.000
47.7,3.000
47.7,3.000
47.7,3.000
47.7,3.000
47.7,3.000
47.7,3.000
47.7,3.000
47.7,3.000
47.7,3.000
47.7,3.005
47.7,3.005
47.7,3.005
47.7,3.005
47.7,3.005
47.7,3.005
47.7,3.005
47.8,3.005
47.8,3.005
47.8,3.005
47.8,3.005
47.8,3.005
47.8,3.005
47.8,3.005
47.7,3.005
47.7,3.005
47.7,3.005
47.7,3.005
47.7,3.005
47.7,3.005
47.7,3.005
47.7,3.005
47.7,3.005
47.7,3.005
47.7,3.005
47.7,3.010
47.7,3.010
47.7,3.010
47.7,3.010
47.7,3.010
47.7,3.010
47.7,3.010
47.7,3.010
47.7,3.010
47.7,3.010
47.7,3.010
47.7,3.010
47.7,3.010
47.7,3.010
47.7,3.010
47.7,3.010
47.7,3.010
47.7,3.010
47.7,3.010
47.7,3.010
47.7,3.010
47.7,3.010
47.7,3.010
47.7,3.010
47.7,3.010
47.7,3.010
47.7,3.010
47.7,3.015
47.7,3.015
47.7,3.015
47.7,3.015
47.7,3.015
47.7,3.015
47.7,3.015
47.7,3.015
47.7,3.015
47.7,3.015
47.7,3.015
47.7,3.015
47.7,3.015
47.7,3.015
47.7,3.015
47.7,3.015
47.7,3.015
47.7,3.015
47.7,3.015
47.7,3.015
47.7,3.015
47.7,3.015
47.7,3.015
47.7,3.015
47.7,3.015
47.7,3.020
47.7,3.020
47.7,3.020
47.7,3.020
47.7,3.020
47.7,3.020
47.7,3.020
47.7,3.020
47.7,3.020
47.7,3.020
47.7,3.020
47.7,3.020
47.7,3.020
47.7,3.020
47.7,3.020
47.7,3.020
47.7,3.020
47.7,3.020
47.7,3.020
47.7,3.020
47.7,3.020
47.7,3.020
47.7,3.020
47.7,3.020
47.7,3.020
47.7,3.020
47.7,3.020
47.7,3.025
47.7,3.025
47.7,3.025
47.7,3.025
47.7,3.025
47.8,3.025
47.8,3.025
47.8,3.025
47.8,3.025
47.8,3.025
47.8,3.025
47.8,3.025
47.8,3.025
47.8,3.025
47.8,3.025
47.8,3.025
47.8,3.025
47.8,3.025
47.8,3.025
47.8,3.025
47.8,3.025
47.8,3.025
47.8,3.025
47.8,3.025
47.8,3.025
47.8,3.025
47.8,3.025
47.8,3.025
47.8,3.030
47.8,3.030
47.8,3.030
47.8,3.030
47.8,3.030
47.8,3.030
47.8,3.030
47.8,3.030
47.8,3.030
47.8,3.030
47.8,3.030
47.8,3.030
47.8,3.030
47.8,3.030
47.8,3.030
47.8,3.030
47.8,3.030
47.8,3.030
47.8,3.030
47.8,3.030
47.8,3.030
47.8,3.030
47.8,3.030
47.8,3.030
47.8,3.030
47.8,3.030
47.8,3.030
47.8,3.030
47.8,3.030
47.8,3.030
47.8,3.035
47.8,3.035
47.8,3.035
47.8,3.035
47.8,3.035
47.8,3.035
47.8,3.035
47.8,3.035
47.8,3.035
47.8,3.035
47.8,3.035
47.8,3.035
47.8,3.035
47.8,3.035
47.8,3.035
47.8,3.035
47.8,3.035
47.8,3.035
47.8,3.035
47.8,3.035
47.8,3.035
47.8,3.035
47.8,3.035
47.8,3.035
47.8,3.035
47.8,3.035
47.8,3.035
47.8,3.035
47.8,3.035
47.8,3.040
47.8,3.040
47.8,3.040
47.8,3.040
47.8,3.040
47.8,3.040
47.8,3.040
47.8,3.040
47.8,3.040
47.8,3.040
47.8,3.040
47.8,3.040
47.8,3.040
47.8,3.040
47.8,3.040
47.8,3.040
47.8,3.040
47.8,3.040
47.8,3.040
47.8,3.040
47.8,3.040
47.8,3.040
47.8,3.040
47.8,3.040
47.8,3.040
47.8,3.040
47.8,3.040
47.8,3.040
47.8,3.040
47.8,3.040
47.8,3.040
47.8,3.040
47.7,3.045
47.7,3.045
47.7,3.045
47.7,3.045
47.7,3.045
47.7,3.045
47.7,3.045
47.8,3.045
47.8,3.045
47.8,3.045
47.8,3.045
47.8,3.045
47.8,3.045
47.8,3.045
47.8,3.045
47.8,3.045
47.8,3.045
47.8,3.045
47.8,3.045
47.8,3.045
47.8,3.045
47.8,3.045
47.8,3.045
47.8,3.045
47.8,3.045
47.8,3.045
47.8,3.045
47.8,3.045
47.8,3.045
47.8,3.045
47.8,3.045
47.8,3.045
47.8,3.045
47.8,3.050
47.8,3.050
47.8,3.050
47.8,3.050
47.8,3.050
47.8,3.050
47.8,3.050
47.8,3.050
47.8,3.050
47.8,3.050
47.8,3.050
47.8,3.050
47.8,3.050
47.8,3.050
47.9,3.050
47.9,3.050
47.9,3.050
47.9,3.050
47.9,3.050
47.9,3.050
47.9,3.050
47.9,3.050
47.9,3.050
47.9,3.050
47.9,3.050
47.9,3.050
47.9,3.050
47.9,3.050
47.9,3.050
47.9,3.050
47.9,3.050
47.9,3.050
47.9,3.050
47.9,3.055
47.9,3.055
47.9,3.055
47.9,3.055
47.9,3.055
47.9,3.055
47.9,3.055
47.9,3.055
47.9,3.055
47.9,3.055
47.9,3.055
47.9,3.055
47.9,3.055
47.9,3.055
47.9,3.055
47.9,3.055
47.9,3.055
47.9,3.055
47.9,3.055
47.9,3.055
47.9,3.055
47.9,3.055
47.9,3.055
47.9,3.055
47.9,3.055
47.9,3.055
47.9,3.055
47.9,3.055
47.9,3.055
47.9,3.055
47.9,3.055
47.9,3.060
47.9,3.060
47.9,3.060
47.9,3.060
47.9,3.060
47.9,3.060
47.9,3.060
47.9,3.060
47.9,3.060
47.9,3.060
47.9,3.060
47.9,3.060
47.9,3.060
47.9,3.060
47.9,3.060
47.9,3.060
47.9,3.060
47.9,3.060
47.9,3.060
47.9,3.060
47.9,3.060
47.9,3.060
47.9,3.060
47.9,3.060
47.9,3.060
47.9,3.060
47.9,3.060
47.9,3.060
47.9,3.060
47.9,3.060
47.9,3.065
47.9,3.065
47.9,3.065
47.9,3.065
47.9,3.065
47.9,3.065
47.9,3.065
47.9,3.065
47.9,3.065
47.9,3.065
47.9,3.065
47.9,3.065
47.9,3.065
47.9,3.065
47.9,3.065
47.9,3.065
47.9,3.065
47.9,3.065
47.9,3.065
47.9,3.065
47.9,3.065
47.9,3.065
47.9,3.065
47.9,3.065
47.9,3.065
47.9,3.065
47.9,3.065
47.9,3.065
47.9,3.065
47.9,3.065
47.9,3.065
47.9,3.065
47.9,3.065
47.9,3.070
47.9,3.070
47.9,3.070
47.9,3.070
47.9,3.070
47.9,3.070
47.9,3.070
47.9,3.070
47.9,3.070
47.9,3.070
47.9,3.070
47.9,3.070
47.9,3.070
47.9,3.070
47.9,3.070
47.9,3.070
47.9,3.070
47.9,3.070
47.9,3.070
47.9,3.070
47.9,3.070
47.9,3.070
47.9,3.070
47.9,3.070
47.9,3.070
47.9,3.070
47.9,3.070
47.9,3.070
47.9,3.070
47.9,3.070
47.9,3.070
47.9,3.070
47.9,3.075
47.9,3.075
47.9,3.075
48.0,3.075
48.0,3.075
48.0,3.075
48.0,3.075
48.0,3.075
48.0,3.075
48.0,3.075
48.0,3.075
48.0,3.075
48.0,3.075
48.0,3.075
48.0,3.075
48.0,3.075
48.0,3.075
48.0,3.075
48.0,3.075
48.0,3.075
48.0,3.075
48.0,3.075
48.0,3.075
48.0,3.075
48.0,3.075
48.0,3.075
48.0,3.075
48.0,3.075
48.0,3.075
48.0,3.080
48.0,3.080
47.9,3.080
47.9,3.080
47.9,3.080
47.9,3.080
47.9,3.080
47.9,3.080
47.9,3.080
47.9,3.080
47.9,3.080
47.9,3.080
47.9,3.080
47.9,3.080
48.0,3.080
48.0,3.080
48.0,3.080
48.0,3.080
48.0,3.080
48.0,3.080
48.0,3.080
48.0,3.080
48.0,3.080
48.0,3.085
48.0,3.085
48.0,3.085
48.0,3.085
48.0,3.085
48.0,3.085
48.0,3.085
48.0,3.085
48.0,3.085
48.0,3.085
48.0,3.085
48.0,3.085
48.0,3.085
48.0,3.085
48.0,3.085
48.0,3.085
48.0,3.085
48.0,3.085
48.0,3.085
48.0,3.085
48.0,3.085
48.0,3.085
48.0,3.085
48.0,3.085
48.0,3.090
48.0,3.090
48.0,3.090
48.0,3.090
48.0,3.090
48.0,3.090
48.0,3.090
48.0,3.090
48.0,3.090
48.0,3.090
48.0,3.090
48.0,3.090
48.0,3.090
48.0,3.090
48.0,3.090
48.0,3.090
48.0,3.090
48.0,3.090
48.0,3.090
48.0,3.090
48.0,3.090
48.0,3.095
48.0,3.095
48.0,3.095
48.0,3.095
48.0,3.095
48.0,3.095
48.0,3.095
48.1,3.095
48.1,3.095
48.1,3.095
48.1,3.095
48.0,3.095
48.0,3.095
48.0,3.095
48.0,3.095
48.0,3.095
48.0,3.095
48.0,3.095
48.0,3.095
48.0,3.095
48.0,3.100
48.0,3.100
48.0,3.100
48.0,3.100
48.0,3.100
48.0,3.100
48.0,3.100
48.0,3.100
48.0,3.100
48.1,3.100
48.1,3.100
48.1,3.100
48.1,3.100
48.1,3.100
48.1,3.100
48.1,3.100
48.1,3.100
48.1,3.100
48.1,3.105
48.1,3.105
48.1,3.105
48.1,3.105
48.1,3.105
48.2,3.105
48.2,3.105
48.2,3.105
48.2,3.105
48.2,3.105
48.2,3.105
48.2,3.105
48.2,3.105
48.2,3.105
48.2,3.105
48.2,3.105
48.2,3.105
48.2,3.105
48.2,3.105
48.2,3.110
48.2,3.110
48.2,3.110
48.2,3.110
48.2,3.110
48.2,3.110
48.2,3.110
48.2,3.110
48.2,3.110
48.2,3.110
48.2,3.110
48.2,3.110
48.2,3.110
48.2,3.110
48.2,3.110
48.2,3.110
48.2,3.110
48.2,3.110
48.2,3.115
48.2,3.115
48.2,3.115
48.2,3.115
48.2,3.115
48.2,3.115
48.2,3.115
48.2,3.115
48.2,3.115
48.2,3.115
48.2,3.115
48.2,3.115
48.2,3.115
48.1,3.115
48.1,3.115
48.1,3.115
48.1,3.115
48.1,3.120
48.1,3.120
48.1,3.120
48.1,3.120
48.1,3.120
48.1,3.120
48.2,3.120
48.2,3.120
48.2,3.120
48.2,3.120
48.2,3.120
48.2,3.120
48.2,3.120
48.2,3.120
48.1,3.120
48.1,3.120
48.1,3.120
48.1,3.120
48.1,3.120
48.1,3.125
48.1,3.125
48.1,3.125
48.1,3.125
48.1,3.125
48.1,3.125
48.2,3.125
48.2,3.125
48.2,3.125
48.2,3.125
48.2,3.125
48.2,3.125
48.2,3.125
48.2,3.125
48.2,3.125
48.2,3.125
48.2,3.125
48.2,3.125
48.2,3.130
48.2,3.130
48.2,3.130
48.2,3.130
48.2,3.130
48.2,3.130
48.2,3.130
48.2,3.130
48.2,3.130
48.2,3.130
48.2,3.130
48.2,3.130
48.2,3.130
48.2,3.130
48.2,3.130
48.2,3.130
48.2,3.130
48.2,3.130
48.2,3.130
48.2,3.135
48.2,3.135
48.2,3.135
48.2,3.135
48.2,3.135
48.2,3.135
48.2,3.135
48.2,3.135
48.2,3.135
48.2,3.135
48.2,3.135
48.2,3.135
48.2,3.135
48.2,3.135
48.3,3.135
48.3,3.135
48.3,3.135
48.3,3.135
48.3,3.135
48.3,3.140
48.3,3.140
48.3,3.140
48.3,3.140
48.3,3.140
48.3,3.140
48.3,3.140
48.3,3.140
48.3,3.140
48.3,3.140
48.3,3.140
48.3,3.140
48.3,3.140
48.3,3.140
48.3,3.140
48.3,3.140
48.3,3.140
48.3,3.140
48.3,3.145
48.3,3.145
48.3,3.145
48.3,3.145
48.3,3.145
48.3,3.145
48.3,3.145
48.3,3.145
48.3,3.145
48.3,3.145
48.3,3.145
48.3,3.145
48.3,3.145
48.3,3.145
48.3,3.145
48.3,3.145
48.3,3.145
48.3,3.145
48.3,3.145
48.3,3.145
48.3,3.145
48.3,3.150
48.3,3.150
48.2,3.150
48.2,3.150
48.2,3.150
48.2,3.150
48.2,3.150
48.2,3.150
48.2,3.150
48.2,3.150
48.2,3.150
48.2,3.150
48.2,3.150
48.3,3.150
48.3,3.150
48.3,3.150
48.3,3.150
48.3,3.150
48.3,3.150
48.3,3.150
48.3,3.150
48.3,3.150
48.3,3.155
48.3,3.155
48.3,3.155
48.3,3.155
48.3,3.155
48.3,3.155
48.3,3.155
48.3,3.155
48.3,3.155
48.3,3.155
48.3,3.155
48.3,3.155
48.3,3.155
48.3,3.155
48.3,3.155
48.3,3.155
48.3,3.155
48.3,3.155
48.3,3.155
48.3,3.155
48.3,3.155
48.3,3.155
48.3,3.160
48.3,3.160
48.3,3.160
48.3,3.160
48.3,3.160
48.3,3.160
48.3,3.160
48.3,3.160
48.3,3.160
48.3,3.160
48.3,3.160
48.3,3.160
48.3,3.160
48.3,3.160
48.3,3.160
48.3,3.160
48.3,3.160
48.3,3.160
48.3,3.160
48.3,3.160
48.3,3.160
48.3,3.160
48.3,3.165
48.3,3.165
48.3,3.165
48.3,3.165
48.3,3.165
48.3,3.165
48.3,3.165
48.3,3.165
48.3,3.165
48.3,3.165
48.3,3.165
48.4,3.165
48.4,3.165
48.4,3.165
48.4,3.165
48.4,3.165
48.4,3.165
48.4,3.165
48.4,3.165
48.4,3.165
48.4,3.165
48.4,3.165
48.4,3.165
48.4,3.165
48.4,3.170
48.4,3.170
48.4,3.170
48.4,3.170
48.4,3.170
48.4,3.170
48.4,3.170
48.4,3.170
48.4,3.170
48.4,3.170
48.4,3.170
48.4,3.170
48.4,3.170
48.4,3.170
48.4,3.170
48.4,3.170
48.4,3.170
48.4,3.170
48.4,3.170
48.4,3.170
48.4,3.170
48.4,3.170
48.4,3.170
48.4,3.170
48.4,3.175
48.4,3.175
48.4,3.175
48.4,3.175
48.4,3.175
48.4,3.175
48.4,3.175
48.4,3.175
48.4,3.175
48.4,3.175
48.4,3.175
48.4,3.175
48.4,3.175
48.4,3.175
48.4,3.175
48.4,3.175
48.4,3.175
48.4,3.175
48.4,3.175
48.4,3.175
48.4,3.175
48.4,3.175
48.4,3.175
48.4,3.180
48.4,3.180
48.4,3.180
48.4,3.180
48.4,3.180
48.4,3.180
48.4,3.180
48.4,3.180
48.4,3.180
48.4,3.180
48.4,3.180
48.4,3.180
48.4,3.180
48.4,3.180
48.4,3.180
48.4,3.180
48.4,3.180
48.4,3.180
48.4,3.180
48.4,3.180
48.4,3.180
48.4,3.180
48.4,3.180
48.4,3.185
48.4,3.185
48.4,3.185
48.4,3.185
48.4,3.185
48.4,3.185
48.4,3.185
48.4,3.185
48.4,3.185
48.4,3.185
48.4,3.185
48.4,3.185
48.4,3.185
48.4,3.185
48.4,3.185
48.4,3.185
48.4,3.185
48.4,3.185
48.4,3.185
48.4,3.185
48.4,3.185
48.4,3.185
48.4,3.185
48.4,3.185
48.4,3.185
48.4,3.190
48.4,3.190
48.4,3.190
48.4,3.190
48.4,3.190
48.4,3.190
48.4,3.190
48.4,3.190
48.4,3.190
48.4,3.190
48.4,3.190
48.4,3.190
48.4,3.190
48.4,3.190
48.4,3.190
48.4,3.190
48.4,3.190
48.4,3.190
48.4,3.190
48.4,3.190
48.4,3.190
48.4,3.190
48.4,3.190
48.4,3.190
48.4,3.190
48.4,3.190
48.4,3.195
48.4,3.195
48.4,3.195
48.4,3.195
48.4,3.195
48.4,3.195
48.4,3.195
48.4,3.195
48.4,3.195
48.4,3.195
48.4,3.195
48.4,3.195
48.4,3.195
48.4,3.195
48.4,3.195
48.4,3.195
48.4,3.195
48.4,3.195
48.4,3.195
48.4,3.195
48.4,3.195
48.4,3.195
48.4,3.195
48.4,3.195
48.4,3.195
48.4,3.200
48.4,3.200
48.4,3.200
48.4,3.200
48.4,3.200
48.5,3.200
48.5,3.200
48.5,3.200
48.5,3.200
48.5,3.200
48.5,3.200
48.5,3.200
48.5,3.200
48.5,3.200
48.5,3.200
48.5,3.200
48.5,3.200
48.5,3.200
48.5,3.200
48.5,3.200
48.5,3.200
48.5,3.200
48.5,3.200
48.4,3.200
48.4,3.200
48.4,3.200
48.4,3.200
48.4,3.200
48.4,3.205
48.4,3.205
48.4,3.205
48.4,3.205
48.4,3.205
48.4,3.205
48.4,3.205
48.5,3.205
48.5,3.205
48.5,3.205
48.5,3.205
48.5,3.205
48.5,3.205
48.5,3.205
48.5,3.205
48.5,3.205
48.5,3.205
48.5,3.205
48.5,3.205
48.4,3.205
48.4,3.205
48.4,3.205
48.4,3.205
48.4,3.205
48.4,3.205
48.5,3.205
48.5,3.205
48.5,3.210
48.5,3.210
48.5,3.210
48.5,3.210
48.5,3.210
48.5,3.210
48.5,3.210
48.5,3.210
48.5,3.210
48.5,3.210
48.5,3.210
48.5,3.210
48.5,3.210
48.5,3.210
48.5,3.210
48.5,3.210
48.5,3.210
48.5,3.210
48.5,3.210
48.5,3.210
48.5,3.210
48.5,3.210
48.5,3.210
48.5,3.210
48.5,3.210
48.5,3.210
48.5,3.210
48.5,3.210
48.5,3.210
48.5,3.215
48.5,3.215
48.5,3.215
48.5,3.215
48.5,3.215
48.5,3.215
48.5,3.215
48.5,3.215
48.5,3.215
48.5,3.215
48.5,3.215
48.5,3.215
48.5,3.215
48.5,3.215
48.5,3.215
48.5,3.215
48.5,3.215
48.5,3.215
48.5,3.215
48.5,3.215
48.5,3.215
48.5,3.215
48.5,3.215
48.5,3.215
48.5,3.215
48.5,3.215
48.5,3.215
48.5,3.220
48.5,3.220
48.5,3.220
48.5,3.220
48.5,3.220
48.5,3.220
48.5,3.220
48.5,3.220
48.5,3.220
48.5,3.220
48.5,3.220
48.5,3.220
48.5,3.220
48.5,3.220
48.5,3.220
48.5,3.220
48.5,3.220
48.5,3.220
48.5,3.220
48.5,3.220
48.5,3.220
48.5,3.220
48.5,3.220
48.5,3.220
48.5,3.220
48.5,3.220
48.5,3.225
48.5,3.225
48.5,3.225
48.5,3.225
48.5,3.225
48.5,3.225
48.5,3.225
48.5,3.225
48.5,3.225
48.5,3.225
48.5,3.225
48.5,3.225
48.5,3.225
48.5,3.225
48.5,3.225
48.5,3.225
48.5,3.225
48.5,3.225
48.5,3.225
48.5,3.225
48.5,3.225
48.5,3.225
48.5,3.225
48.5,3.225
48.5,3.225
48.5,3.225
48.5,3.225
48.5,3.225
48.5,3.225
48.5,3.225
48.5,3.230
48.5,3.230
48.5,3.230
48.5,3.230
48.5,3.230
48.5,3.230
48.5,3.230
48.5,3.230
48.5,3.230
48.5,3.230
48.5,3.230
48.5,3.230
48.5,3.230
48.5,3.230
48.5,3.230
48.5,3.230
48.5,3.230
48.5,3.230
48.5,3.230
48.5,3.230
48.5,3.230
48.5,3.230
48.5,3.230
48.5,3.230
48.5,3.230
48.5,3.230
48.5,3.230
48.5,3.230
48.5,3.230
48.5,3.230
48.5,3.230
48.5,3.235
48.5,3.235
48.5,3.235
48.5,3.235
48.5,3.235
48.5,3.235
48.5,3.235
48.5,3.235
48.5,3.235
48.5,3.235
48.5,3.235
48.5,3.235
48.5,3.235
48.5,3.235
48.5,3.235
48.5,3.235
48.5,3.235
48.5,3.235
48.5,3.235
48.5,3.235
48.5,3.235
48.5,3.235
48.5,3.235
48.5,3.235
48.5,3.235
48.5,3.235
48.5,3.235
48.5,3.235
48.5,3.235
48.5,3.235
48.5,3.240
48.5,3.240
48.5,3.240
48.5,3.240
48.5,3.240
48.5,3.240
48.6,3.240
48.6,3.240
48.6,3.240
48.6,3.240
48.6,3.240
48.6,3.240
48.6,3.240
48.6,3.240
48.6,3.240
48.6,3.240
48.6,3.240
48.6,3.240
48.6,3.240
48.6,3.240
48.6,3.240
48.6,3.240
48.6,3.240
48.6,3.240
48.6,3.240
48.6,3.240
48.6,3.240
48.6,3.240
48.6,3.240
48.6,3.245
48.6,3.245
48.6,3.245
48.6,3.245
48.6,3.245
48.6,3.245
48.6,3.245
48.5,3.245
48.5,3.245
48.5,3.245
48.5,3.245
48.5,3.245
48.5,3.245
48.5,3.245
48.5,3.245
48.6,3.245
48.6,3.245
48.6,3.245
48.6,3.245
48.6,3.245
48.6,3.245
48.6,3.245
48.6,3.245
48.6,3.245
48.6,3.245
48.6,3.245
48.6,3.245
48.5,3.245
48.5,3.245
48.5,3.245
48.5,3.245
48.5,3.245
48.5,3.250
48.5,3.250
48.5,3.250
48.5,3.250
48.5,3.250
48.5,3.250
48.6,3.250
48.6,3.250
48.6,3.250
48.6,3.250
48.6,3.250
48.6,3.250
48.6,3.250
48.6,3.250
48.6,3.250
48.6,3.250
48.6,3.250
48.6,3.250
48.6,3.250
48.6,3.250
48.6,3.250
48.6,3.250
48.6,3.250
48.6,3.250
48.6,3.250
48.6,3.250
48.6,3.250
48.6,3.250
48.6,3.250
48.6,3.250
48.6,3.250
48.6,3.255
48.6,3.255
48.6,3.255
48.6,3.255
48.6,3.255
48.6,3.255
48.6,3.255
48.6,3.255
48.6,3.255
48.6,3.255
48.6,3.255
48.6,3.255
48.6,3.255
48.6,3.255
48.6,3.255
48.6,3.255
48.6,3.255
48.6,3.255
48.6,3.255
48.6,3.255
48.6,3.255
48.6,3.255
48.6,3.255
48.6,3.255
48.6,3.255
48.6,3.255
48.6,3.255
48.6,3.255
48.6,3.255
48.6,3.255
48.6,3.260
48.6,3.260
48.6,3.260
48.6,3.260
48.6,3.260
48.6,3.260
48.6,3.260
48.6,3.260
48.6,3.260
48.6,3.260
48.6,3.260
48.6,3.260
48.6,3.260
48.6,3.260
48.6,3.260
48.6,3.260
48.6,3.260
48.6,3.260
48.6,3.260
48.6,3.260
48.6,3.260
48.6,3.260
48.6,3.260
48.6,3.260
48.6,3.260
48.6,3.260
48.6,3.260
48.6,3.260
48.6,3.260
48.6,3.265
48.6,3.265
48.6,3.265
48.6,3.265
48.6,3.265
48.6,3.265
48.6,3.265
48.6,3.265
48.6,3.265
48.6,3.265
48.6,3.265
48.6,3.265
48.6,3.265
48.6,3.265
48.6,3.265
48.6,3.265
48.6,3.265
48.6,3.265
48.6,3.265
48.6,3.265
48.6,3.265
48.6,3.265
48.6,3.265
48.6,3.265
48.6,3.265
48.6,3.265
48.6,3.265
48.6,3.265
48.6,3.265
48.6,3.265
48.6,3.265
48.6,3.265
48.6,3.265
48.6,3.270
48.6,3.270
48.6,3.270
48.6,3.270
48.6,3.270
48.6,3.270
48.6,3.270
48.6,3.270
48.6,3.270
48.6,3.270
48.6,3.270
48.7,3.270
48.7,3.270
48.7,3.270
48.7,3.270
48.7,3.270
48.7,3.270
48.7,3.270
48.7,3.270
48.7,3.270
48.7,3.270
48.7,3.270
48.7,3.270
48.7,3.270
48.6,3.270
48.6,3.270
48.6,3.270
48.6,3.270
48.6,3.270
48.6,3.270
48.6,3.270
48.6,3.270
48.6,3.270
48.6,3.275
48.6,3.275
48.6,3.275
48.6,3.275
48.6,3.275
48.6,3.275
48.6,3.275
48.6,3.275
48.6,3.275
48.6,3.275
48.6,3.275
48.6,3.275
48.6,3.275
48.6,3.275
48.6,3.275
48.6,3.275
48.6,3.275
48.6,3.275
48.6,3.275
48.6,3.275
48.6,3.275
48.6,3.275
48.6,3.275
48.6,3.275
48.6,3.275
48.6,3.275
48.6,3.275
48.6,3.275
48.6,3.275
48.6,3.275
48.6,3.275
48.6,3.275
48.7,3.280
48.7,3.280
48.7,3.280
48.7,3.280
48.7,3.280
48.7,3.280
48.7,3.280
48.7,3.280
48.7,3.280
48.7,3.280
48.7,3.280
48.7,3.280
48.7,3.280
48.7,3.280
48.7,3.280
48.7,3.280
48.7,3.280
48.7,3.280
48.7,3.280
48.7,3.280
48.7,3.280
48.7,3.280
48.7,3.280
48.7,3.280
48.7,3.280
48.7,3.280
48.7,3.280
48.7,3.280
48.7,3.280
48.7,3.280
48.7,3.280
48.7,3.280
48.7,3.280
48.7,3.280
48.7,3.280
48.7,3.280
48.7,3.285
48.7,3.285
48.7,3.285
48.7,3.285
48.7,3.285
48.7,3.285
48.7,3.285
48.7,3.285
48.7,3.285
48.7,3.285
48.7,3.285
48.7,3.285
48.7,3.285
48.7,3.285
48.7,3.285
48.7,3.285
48.7,3.285
48.7,3.285
48.7,3.285
48.7,3.285
48.7,3.285
48.7,3.285
48.7,3.285
48.7,3.285
48.7,3.285
48.7,3.285
48.8,3.285
48.8,3.285
48.9,3.285
48.9,3.285
48.9,3.285
48.9,3.290
48.9,3.290
48.9,3.290
48.9,3.290
48.8,3.290
48.7,3.290
48.7,3.290
48.7,3.290
48.7,3.290
48.7,3.290
48.7,3.290
48.8,3.290
48.7,3.290
48.8,3.290
48.8,3.290
48.8,3.290
48.9,3.290
48.9,3.290
48.8,3.290
48.8,3.290
48.7,3.290
48.7,3.290
48.7,3.290
48.6,3.290
48.6,3.290
48.6,3.290
48.6,3.295
48.7,3.295
48.8,3.295
48.8,3.295
48.9,3.295
48.9,3.295
49.0,3.295
49.0,3.295
49.0,3.295
48.9,3.295
48.9,3.295
48.9,3.295
48.8,3.295
48.7,3.295
48.7,3.295
48.6,3.295
48.6,3.295
48.6,3.295
48.6,3.295
48.6,3.295
48.6,3.295
48.7,3.295
48.7,3.295
48.8,3.295
48.9,3.295
48.9,3.300
49.0,3.300
49.0,3.300
49.0,3.300
49.0,3.300
49.0,3.300
48.9,3.300
48.9,3.300
48.8,3.300
48.7,3.300
48.7,3.300
48.7,3.300
48.7,3.300
48.7,3.300
48.7,3.300
48.7,3.300
48.7,3.300
48.8,3.300
48.8,3.300
48.8,3.300
48.9,3.300
48.9,3.300
49.0,3.300
49.0,3.300
49.0,3.305
49.0,3.305
49.0,3.305
49.0,3.305
48.9,3.305
48.8,3.305
48.8,3.305
48.7,3.305
48.7,3.305
48.7,3.305
48.7,3.305
48.7,3.305
48.7,3.305
48.7,3.305
48.8,3.305
48.8,3.305
48.9,3.305
48.9,3.305
48.9,3.305
48.9,3.305
48.9,3.305
48.9,3.305
48.9,3.305
48.9,3.305
48.9,3.305
48.8,3.305
48.8,3.310
48.8,3.310
48.8,3.310
48.7,3.310
48.7,3.310
48.7,3.310
48.7,3.310
48.7,3.310
48.7,3.310
48.7,3.310
48.9,3.310
48.9,3.310
48.9,3.310
49.0,3.310
49.0,3.310
49.0,3.310
49.0,3.310
49.0,3.310
48.9,3.310
48.9,3.310
48.8,3.310
48.8,3.310
48.8,3.310
48.8,3.310
48.8,3.310
48.8,3.310
48.8,3.315
48.8,3.315
48.8,3.315
48.8,3.315
48.8,3.315
48.8,3.315
48.9,3.315
48.9,3.315
48.9,3.315
48.9,3.315
48.9,3.315
48.9,3.315
48.9,3.315
48.9,3.315
48.9,3.315
48.8,3.315
48.8,3.315
48.8,3.315
48.8,3.315
48.8,3.315
48.8,3.315
48.8,3.315
48.8,3.315
48.8,3.315
48.9,3.315
48.9,3.315
48.8,3.320
48.8,3.320
48.8,3.320
48.8,3.320
48.8,3.320
48.8,3.320
48.8,3.320
48.8,3.320
48.8,3.320
48.8,3.320
48.8,3.320
48.8,3.320
48.8,3.320
48.8,3.320
48.8,3.320
48.8,3.320
48.8,3.320
48.8,3.320
48.8,3.320
48.9,3.320
48.9,3.320
48.9,3.320
48.9,3.320
48.9,3.320
48.9,3.325
48.9,3.325
48.9,3.325
48.9,3.325
48.9,3.325
48.9,3.325
48.9,3.325
48.9,3.325
48.9,3.325
48.9,3.325
48.9,3.325
48.9,3.325
48.9,3.325
48.9,3.325
48.9,3.325
48.9,3.325
48.9,3.325
48.9,3.325
48.9,3.325
48.9,3.325
48.9,3.325
48.9,3.325
48.9,3.325
48.9,3.325
48.9,3.325
48.9,3.325
48.9,3.325
48.9,3.325
48.9,3.325
48.9,3.330
48.9,3.330
48.9,3.330
48.9,3.330
48.9,3.330
48.9,3.330
48.9,3.330
48.9,3.330
48.9,3.330
48.9,3.330
48.9,3.330
48.9,3.330
48.9,3.330
48.9,3.330
48.9,3.330
48.9,3.330
48.9,3.330
48.9,3.330
48.9,3.330
48.9,3.330
48.9,3.330
48.9,3.330
48.9,3.330
48.9,3.330
48.9,3.330
48.9,3.330
48.9,3.330
48.9,3.330
48.9,3.335
48.9,3.335
48.9,3.335
48.9,3.335
48.9,3.335
48.9,3.335
48.9,3.335
48.9,3.335
48.9,3.335
48.9,3.335
48.9,3.335
49.0,3.335
49.0,3.335
49.0,3.335
49.0,3.335
49.0,3.335
49.0,3.335
49.0,3.335
49.0,3.335
49.0,3.335
48.9,3.335
48.9,3.335
48.9,3.335
48.9,3.335
48.9,3.335
48.9,3.335
48.9,3.335
48.9,3.340
48.9,3.340
48.9,3.340
48.9,3.340
48.9,3.340
48.9,3.340
48.9,3.340
48.9,3.340
48.9,3.340
48.9,3.340
48.9,3.340
48.9,3.340
48.9,3.340
48.9,3.340
48.9,3.340
48.9,3.340
48.9,3.340
48.9,3.340
48.9,3.340
48.9,3.340
48.9,3.340
48.9,3.340
48.9,3.340
48.9,3.340
48.9,3.340
48.9,3.340
48.9,3.340
48.9,3.345
48.9,3.345
48.9,3.345
49.0,3.345
49.0,3.345
49.0,3.345
49.0,3.345
49.0,3.345
49.0,3.345
49.0,3.345
49.0,3.345
49.0,3.345
49.0,3.345
49.0,3.345
49.0,3.345
49.0,3.345
49.0,3.345
49.0,3.345
49.0,3.345
49.0,3.345
49.0,3.345
49.0,3.345
49.0,3.345
49.0,3.345
49.0,3.345
49.0,3.345
49.0,3.345
49.0,3.345
49.0,3.350
49.0,3.350
49.0,3.350
49.0,3.350
49.0,3.350
49.0,3.350
49.0,3.350
49.0,3.350
49.0,3.350
49.0,3.350
48.9,3.350
48.9,3.350
48.9,3.350
48.9,3.350
48.9,3.350
48.9,3.350
48.9,3.350
48.9,3.350
49.0,3.350
49.0,3.350
49.0,3.350
49.0,3.350
49.0,3.350
49.0,3.350
49.0,3.350
49.0,3.350
49.0,3.350
49.0,3.355
49.0,3.355
49.0,3.355
49.0,3.355
49.0,3.355
49.0,3.355
49.0,3.355
49.0,3.355
49.0,3.355
49.0,3.355
49.0,3.355
49.0,3.355
49.0,3.355
49.0,3.355
49.0,3.355
49.0,3.355
49.0,3.355
49.0,3.355
49.0,3.355
49.0,3.355
49.0,3.355
49.0,3.355
49.0,3.355
49.0,3.355
49.0,3.355
49.0,3.355
49.0,3.360
49.0,3.360
49.0,3.360
49.0,3.360
49.0,3.360
49.0,3.360
49.0,3.360
49.0,3.360
49.0,3.360
49.0,3.360
49.0,3.360
49.0,3.360
49.0,3.360
49.0,3.360
49.0,3.360
49.0,3.360
49.0,3.360
49.0,3.360
49.0,3.360
49.0,3.360
49.0,3.360
49.0,3.360
49.0,3.360
49.0,3.360
49.0,3.360
49.0,3.360
49.0,3.360
49.0,3.365
49.0,3.365
49.0,3.365
49.0,3.365
49.0,3.365
49.0,3.365
49.0,3.365
49.0,3.365
49.0,3.365
49.0,3.365
49.0,3.365
49.0,3.365
49.0,3.365
49.0,3.365
49.0,3.365
49.0,3.365
49.0,3.365
49.0,3.365
49.0,3.365
49.0,3.365
49.0,3.365
49.0,3.365
49.0,3.365
49.0,3.365
49.0,3.365
49.0,3.365
49.0,3.370
49.0,3.370
49.0,3.370
49.0,3.370
49.0,3.370
49.0,3.370
49.0,3.370
49.0,3.370
49.0,3.370
49.0,3.370
49.0,3.370
49.0,3.370
49.0,3.370
49.0,3.370
49.0,3.370
49.0,3.370
49.0,3.370
49.0,3.370
49.0,3.370
49.0,3.370
49.0,3.370
49.0,3.370
49.0,3.370
49.0,3.370
49.0,3.370
49.0,3.370
49.0,3.375
49.0,3.375
49.0,3.375
49.0,3.375
49.0,3.375
49.0,3.375
49.0,3.375
49.0,3.375
49.0,3.375
49.0,3.375
49.0,3.375
49.0,3.375
49.0,3.375
49.0,3.375
49.0,3.375
49.0,3.375
49.0,3.375
49.0,3.375
49.1,3.375
49.1,3.375
49.1,3.375
49.1,3.375
49.1,3.375
49.1,3.375
49.1,3.375
49.1,3.380
49.0,3.380
49.0,3.380
49.0,3.380
49.0,3.380
49.0,3.380
49.0,3.380
49.0,3.380
49.0,3.380
49.0,3.380
49.0,3.380
49.1,3.380
49.1,3.380
49.1,3.380
49.1,3.380
49.1,3.380
49.1,3.380
49.1,3.380
49.1,3.380
49.1,3.380
49.1,3.380
49.1,3.380
49.1,3.380
49.1,3.385
49.1,3.385
49.1,3.385
49.1,3.385
49.1,3.385
49.1,3.385
49.1,3.385
49.1,3.385
49.1,3.385
49.1,3.385
49.1,3.385
49.1,3.385
49.1,3.385
49.1,3.385
49.1,3.385
49.1,3.385
49.1,3.385
49.1,3.385
49.1,3.385
49.1,3.385
49.1,3.385
49.1,3.385
49.1,3.385
49.1,3.385
49.1,3.390
49.1,3.390
49.1,3.390
49.1,3.390
49.1,3.390
49.1,3.390
49.1,3.390
49.1,3.390
49.1,3.390
49.1,3.390
49.1,3.390
49.1,3.390
49.1,3.390
49.1,3.390
49.1,3.390
49.1,3.390
49.1,3.390
49.1,3.390
49.1,3.390
49.1,3.390
49.1,3.390
49.1,3.390
49.1,3.390
49.1,3.390
49.1,3.395
49.1,3.395
49.1,3.395
49.1,3.395
49.1,3.395
49.1,3.395
49.1,3.395
49.1,3.395
49.1,3.395
49.2,3.395
49.2,3.395
49.2,3.395
49.2,3.395
49.2,3.395
49.2,3.395
49.2,3.395
49.2,3.395
49.2,3.395
49.2,3.395
49.2,3.395
49.2,3.395
49.2,3.395
49.2,3.395
49.2,3.395
49.2,3.400
49.2,3.400
49.2,3.400
49.2,3.400
49.2,3.400
49.2,3.400
49.2,3.400
49.2,3.400
49.2,3.400
49.2,3.400
49.2,3.400
49.2,3.400
49.2,3.400
49.2,3.400
49.2,3.400
49.2,3.400
49.2,3.400
49.2,3.400
49.2,3.400
49.2,3.400
49.2,3.400
49.2,3.400
49.2,3.405
49.2,3.405
49.2,3.405
49.2,3.405
49.2,3.405
49.2,3.405
49.2,3.405
49.2,3.405
49.2,3.405
49.2,3.405
49.2,3.405
49.2,3.405
49.2,3.405
49.2,3.405
49.2,3.405
49.2,3.405
49.2,3.405
49.2,3.405
49.2,3.405
49.2,3.405
49.2,3.405
49.2,3.405
49.2,3.405
49.2,3.405
49.1,3.405
49.1,3.405
49.1,3.410
49.1,3.410
49.1,3.410
49.1,3.410
49.1,3.410
49.1,3.410
49.2,3.410
49.2,3.410
49.2,3.410
49.2,3.410
49.2,3.410
49.2,3.410
49.2,3.410
49.2,3.410
49.2,3.410
49.2,3.410
49.2,3.410
49.2,3.410
49.2,3.410
49.2,3.410
49.2,3.410
49.2,3.410
49.2,3.410
49.2,3.410
49.2,3.410
49.2,3.410
49.2,3.415
49.2,3.415
49.2,3.415
49.2,3.415
49.2,3.415
49.2,3.415
49.2,3.415
49.2,3.415
49.2,3.415
49.2,3.415
49.2,3.415
49.2,3.415
49.3,3.415
49.3,3.415
49.3,3.415
49.3,3.415
49.3,3.415
49.3,3.415
49.3,3.415
49.2,3.415
49.2,3.415
49.2,3.415
49.2,3.415
49.2,3.415
49.2,3.420
49.2,3.420
49.2,3.420
49.2,3.420
49.2,3.420
49.2,3.420
49.2,3.420
49.2,3.420
49.2,3.420
49.2,3.420
49.2,3.420
49.2,3.420
49.2,3.420
49.2,3.420
49.2,3.420
49.2,3.420
49.2,3.420
49.2,3.420
49.2,3.420
49.2,3.420
49.2,3.420
49.2,3.420
49.2,3.420
49.2,3.420
49.2,3.420
49.2,3.420
49.2,3.425
49.2,3.425
49.2,3.425
49.2,3.425
49.2,3.425
49.2,3.425
49.2,3.425
49.2,3.425
49.2,3.425
49.2,3.425
49.2,3.425
49.2,3.425
49.2,3.425
49.2,3.425
49.2,3.425
49.2,3.425
49.2,3.425
49.2,3.425
49.2,3.425
49.2,3.425
49.2,3.425
49.2,3.425
49.3,3.425
49.3,3.425
49.3,3.425
49.3,3.425
49.3,3.425
49.3,3.430
49.3,3.430
49.3,3.430
49.3,3.430
49.3,3.430
49.3,3.430
49.3,3.430
49.3,3.430
49.3,3.430
49.3,3.430
49.3,3.430
49.3,3.430
49.3,3.430
49.3,3.430
49.3,3.430
49.3,3.430
49.3,3.430
49.3,3.430
49.3,3.430
49.3,3.430
49.3,3.430
49.3,3.430
49.3,3.430
49.3,3.430
49.3,3.430
49.3,3.430
49.3,3.435
49.3,3.435
49.3,3.435
49.3,3.435
49.3,3.435
49.3,3.435
49.3,3.435
49.3,3.435
49.3,3.435
49.4,3.435
49.4,3.435
49.4,3.435
49.4,3.435
49.4,3.435
49.4,3.435
49.4,3.435
49.4,3.435
49.4,3.435
49.3,3.435
49.3,3.435
49.3,3.435
49.3,3.435
49.3,3.435
49.3,3.435
49.3,3.435
49.3,3.435
49.3,3.440
49.3,3.440
49.3,3.440
49.3,3.440
49.3,3.440
49.3,3.440
49.3,3.440
49.3,3.440
49.3,3.440
49.3,3.440
49.3,3.440
49.3,3.440
49.3,3.440
49.3,3.440
49.3,3.440
49.3,3.440
49.3,3.440
49.3,3.440
49.3,3.440
49.3,3.440
49.3,3.440
49.3,3.440
49.3,3.440
49.3,3.440
49.3,3.440
49.3,3.440
49.3,3.440
49.3,3.445
49.3,3.445
49.3,3.445
49.3,3.445
49.3,3.445
49.3,3.445
49.3,3.445
49.3,3.445
49.3,3.445
49.3,3.445
49.3,3.445
49.3,3.445
49.3,3.445
49.3,3.445
49.3,3.445
49.3,3.445
49.3,3.445
49.3,3.445
49.3,3.445
49.3,3.445
49.4,3.445
49.4,3.445
49.4,3.445
49.4,3.445
49.4,3.445
49.4,3.445
49.4,3.445
49.4,3.445
49.3,3.450
49.3,3.450
49.3,3.450
49.3,3.450
49.3,3.450
49.3,3.450
49.3,3.450
49.3,3.450
49.3,3.450
49.3,3.450
49.3,3.450
49.3,3.450
49.3,3.450
49.4,3.450
49.4,3.450
49.4,3.450
49.4,3.450
49.4,3.450
49.4,3.450
49.4,3.450
49.4,3.450
49.4,3.450
49.4,3.450
49.4,3.450
49.4,3.450
49.4,3.450
49.4,3.450
49.4,3.455
49.4,3.455
49.4,3.455
49.4,3.455
49.4,3.455
49.4,3.455
49.4,3.455
49.4,3.455
49.4,3.455
49.4,3.455
49.4,3.455
49.4,3.455
49.4,3.455
49.4,3.455
49.4,3.455
49.4,3.455
49.4,3.455
49.4,3.455
49.4,3.455
49.4,3.455
49.4,3.455
49.4,3.455
49.4,3.455
49.4,3.455
49.4,3.455
49.4,3.460
49.4,3.460
49.4,3.460
49.4,3.460
49.4,3.460
49.4,3.460
49.4,3.460
49.4,3.460
49.4,3.460
49.4,3.460
49.4,3.460
49.4,3.460
49.4,3.460
49.4,3.460
49.4,3.460
49.4,3.460
49.4,3.460
49.4,3.460
49.4,3.460
49.4,3.460
49.4,3.460
49.4,3.460
49.4,3.460
49.4,3.460
49.4,3.460
49.4,3.465
49.4,3.465
49.4,3.465
49.4,3.465
49.4,3.465
49.4,3.465
49.4,3.465
49.4,3.465
49.4,3.465
49.4,3.465
49.4,3.465
49.4,3.465
49.4,3.465
49.4,3.465
49.4,3.465
49.4,3.465
49.4,3.465
49.4,3.465
49.4,3.465
49.4,3.465
49.4,3.465
49.4,3.465
49.4,3.465
49.4,3.465
49.4,3.465
49.4,3.465
49.4,3.470
49.4,3.470
49.4,3.470
49.4,3.470
49.4,3.470
49.4,3.470
49.4,3.470
49.4,3.470
49.4,3.470
49.4,3.470
49.4,3.470
49.4,3.470
49.4,3.470
49.4,3.470
49.4,3.470
49.4,3.470
49.4,3.470
49.4,3.470
49.4,3.470
49.4,3.470
49.4,3.470
49.4,3.470
49.4,3.470
49.4,3.470
49.4,3.470
49.4,3.470
49.4,3.470
49.4,3.475
49.4,3.475
49.4,3.475
49.4,3.475
49.4,3.475
49.4,3.475
49.4,3.475
49.4,3.475
49.4,3.475
49.4,3.475
49.4,3.475
49.4,3.475
49.4,3.475
49.4,3.475
49.4,3.475
49.4,3.475
49.4,3.475
49.4,3.475
49.4,3.475
49.4,3.475
49.4,3.475
49.5,3.475
49.5,3.475
49.5,3.475
49.5,3.475
49.5,3.475
49.5,3.475
49.5,3.475
49.5,3.475
49.5,3.480
49.5,3.480
49.5,3.480
49.5,3.480
49.5,3.480
49.5,3.480
49.5,3.480
49.5,3.480
49.4,3.480
49.4,3.480
49.4,3.480
49.4,3.480
49.5,3.480
49.5,3.480
49.5,3.480
49.5,3.480
49.5,3.480
49.5,3.480
49.5,3.480
49.5,3.480
49.5,3.480
49.5,3.480
49.5,3.480
49.5,3.480
49.5,3.480
49.4,3.480
49.4,3.480
49.4,3.480
49.4,3.480
49.4,3.485
49.4,3.485
49.4,3.485
49.4,3.485
49.4,3.485
49.4,3.485
49.4,3.485
49.4,3.485
49.4,3.485
49.4,3.485
49.4,3.485
49.4,3.485
49.4,3.485
49.4,3.485
49.4,3.485
49.4,3.485
49.4,3.485
49.4,3.485
49.5,3.485
49.5,3.485
49.5,3.485
49.5,3.485
49.5,3.485
49.5,3.485
49.5,3.485
49.5,3.485
49.5,3.485
49.5,3.485
49.5,3.485
49.5,3.485
49.5,3.485
49.5,3.485
49.5,3.485
49.5,3.485
49.5,3.485
49.5,3.485
49.5,3.485
49.5,3.490
49.5,3.490
49.5,3.490
49.5,3.490
49.5,3.490
49.5,3.490
49.5,3.490
49.5,3.490
49.5,3.490
49.5,3.490
49.5,3.490
49.5,3.490
49.5,3.490
49.5,3.490
49.5,3.490
49.5,3.490
49.5,3.490
49.5,3.490
49.5,3.490
49.5,3.490
49.5,3.490
49.5,3.490
49.5,3.490
49.5,3.490
49.5,3.490
49.5,3.490
49.5,3.490
49.5,3.490
49.5,3.490
49.5,3.490
49.5,3.490
49.5,3.490
49.5,3.490
49.5,3.490
49.5,3.490
49.5,3.490
49.5,3.490
49.5,3.490
49.5,3.490
49.5,3.490
49.5,3.490
49.5,3.495
49.5,3.495
49.5,3.495
49.5,3.495
49.5,3.495
49.5,3.495
49.5,3.495
49.4,3.495
49.5,3.495
49.5,3.495
49.5,3.495
49.5,3.495
49.5,3.495
49.5,3.495
49.5,3.495
49.5,3.495
49.5,3.495
49.5,3.495
49.5,3.495
49.5,3.495
49.5,3.495
49.5,3.495
49.5,3.495
49.5,3.495
49.5,3.495
49.5,3.495
49.5,3.495
49.5,3.495
49.5,3.495
49.5,3.495
49.5,3.495
49.5,3.495
49.5,3.495
49.5,3.495
49.5,3.495
49.5,3.495
49.5,3.500
49.5,3.500
49.5,3.500
49.5,3.500
49.5,3.500
49.5,3.500
49.5,3.500
49.5,3.500
49.5,3.500
49.5,3.500
49.5,3.500
49.5,3.500
49.5,3.500
49.5,3.500
49.5,3.500
49.5,3.500
49.5,3.500
49.5,3.500
49.5,3.500
49.5,3.500
49.5,3.500
49.5,3.500
49.5,3.500
49.5,3.500
49.5,3.500
49.5,3.500
49.5,3.500
49.5,3.500
49.5,3.500
49.5,3.500
49.5,3.500
49.5,3.500
49.5,3.500
49.5,3.505
49.5,3.505
49.5,3.505
49.5,3.505
49.5,3.505
49.5,3.505
49.5,3.505
49.5,3.505
49.5,3.505
49.5,3.505
49.5,3.505
49.5,3.505
49.5,3.505
49.5,3.505
49.5,3.505
49.5,3.505
49.5,3.505
49.5,3.505
49.5,3.505
49.5,3.505
49.5,3.505
49.5,3.505
49.5,3.505
49.5,3.505
49.5,3.505
49.5,3.505
49.5,3.505
49.5,3.505
49.6,3.505
49.6,3.505
49.6,3.505
49.6,3.505
49.6,3.505
49.6,3.510
49.6,3.510
49.6,3.510
49.6,3.510
49.6,3.510
49.6,3.510
49.6,3.510
49.6,3.510
49.6,3.510
49.6,3.510
49.6,3.510
49.6,3.510
49.6,3.510
49.6,3.510
49.7,3.510
49.7,3.510
49.7,3.510
49.7,3.510
49.7,3.510
49.7,3.510
49.6,3.510
49.6,3.510
49.6,3.510
49.6,3.510
49.6,3.510
49.6,3.510
49.6,3.510
49.6,3.510
49.6,3.510
49.6,3.510
49.6,3.510
49.6,3.510
49.6,3.515
49.6,3.515
49.6,3.515
49.6,3.515
49.6,3.515
49.6,3.515
49.6,3.515
49.6,3.515
49.6,3.515
49.6,3.515
49.6,3.515
49.6,3.515
49.6,3.515
49.6,3.515
49.6,3.515
49.6,3.515
49.6,3.515
49.6,3.515
49.6,3.515
49.6,3.515
49.6,3.515
49.6,3.515
49.6,3.515
49.6,3.515
49.6,3.515
49.6,3.515
49.6,3.515
49.6,3.515
49.6,3.515
49.6,3.520
49.6,3.520
49.6,3.520
49.6,3.520
49.6,3.520
49.6,3.520
49.5,3.520
49.5,3.520
49.5,3.520
49.5,3.520
49.5,3.520
49.5,3.520
49.6,3.520
49.6,3.520
49.6,3.520
49.6,3.520
49.6,3.520
49.6,3.520
49.6,3.520
49.6,3.520
49.6,3.520
49.6,3.520
49.6,3.520
49.6,3.520
49.6,3.520
49.6,3.520
49.6,3.520
49.6,3.520
49.6,3.520
49.6,3.520
49.6,3.520
49.6,3.525
49.6,3.525
49.6,3.525
49.6,3.525
49.6,3.525
49.6,3.525
49.6,3.525
49.6,3.525
49.6,3.525
49.6,3.525
49.6,3.525
49.6,3.525
49.6,3.525
49.6,3.525
49.6,3.525
49.6,3.525
49.6,3.525
49.6,3.525
49.7,3.525
49.7,3.525
49.7,3.525
49.7,3.525
49.7,3.525
49.7,3.525
49.7,3.525
49.7,3.525
49.7,3.525
49.7,3.525
49.7,3.525
49.7,3.525
49.6,3.525
49.6,3.530
49.6,3.530
49.6,3.530
49.6,3.530
49.6,3.530
49.6,3.530
49.6,3.530
49.6,3.530
49.6,3.530
49.6,3.530
49.6,3.530
49.6,3.530
49.6,3.530
49.6,3.530
49.6,3.530
49.6,3.530
49.6,3.530
49.6,3.530
49.6,3.530
49.6,3.530
49.6,3.530
49.6,3.530
49.6,3.530
49.6,3.530
49.6,3.530
49.6,3.530
49.6,3.530
49.6,3.530
49.6,3.530
49.6,3.530
49.6,3.535
49.6,3.535
49.6,3.535
49.7,3.535
49.7,3.535
49.7,3.535
49.7,3.535
49.7,3.535
49.7,3.535
49.7,3.535
49.7,3.535
49.7,3.535
49.7,3.535
49.7,3.535
49.7,3.535
49.7,3.535
49.7,3.535
49.7,3.535
49.7,3.535
49.7,3.535
49.7,3.535
49.7,3.535
49.7,3.535
49.7,3.535
49.7,3.535
49.7,3.535
49.7,3.535
49.7,3.535
49.7,3.540
49.7,3.540
49.7,3.540
49.7,3.540
49.7,3.540
49.7,3.540
49.7,3.540
49.7,3.540
49.7,3.540
49.7,3.540
49.7,3.540
49.7,3.540
49.7,3.540
49.7,3.540
49.7,3.540
49.7,3.540
49.7,3.540
49.7,3.540
49.7,3.540
49.7,3.540
49.7,3.540
49.7,3.540
49.7,3.540
49.7,3.540
49.7,3.540
49.7,3.540
49.7,3.545
49.7,3.545
49.7,3.545
49.7,3.545
49.7,3.545
49.7,3.545
49.7,3.545
49.7,3.545
49.7,3.545
49.7,3.545
49.7,3.545
49.7,3.545
49.7,3.545
49.7,3.545
49.7,3.545
49.7,3.545
49.7,3.545
49.7,3.545
49.7,3.545
49.7,3.545
49.7,3.545
49.7,3.545
49.7,3.545
49.7,3.545
49.7,3.545
49.7,3.545
49.7,3.550
49.7,3.550
49.7,3.550
49.7,3.550
49.7,3.550
49.7,3.550
49.7,3.550
49.7,3.550
49.7,3.550
49.7,3.550
49.7,3.550
49.7,3.550
49.7,3.550
49.7,3.550
49.7,3.550
49.8,3.550
49.7,3.550
49.7,3.550
49.7,3.550
49.8,3.550
49.8,3.550
49.8,3.550
49.8,3.550
49.8,3.550
49.8,3.550
49.8,3.555
49.8,3.555
49.8,3.555
49.8,3.555
49.8,3.555
49.8,3.555
49.8,3.555
49.8,3.555
49.7,3.555
49.7,3.555
49.7,3.555
49.7,3.555
49.7,3.555
49.7,3.555
49.7,3.555
49.8,3.555
49.8,3.555
49.8,3.555
49.8,3.555
49.8,3.555
49.8,3.555
49.8,3.555
49.8,3.555
49.7,3.555
49.7,3.560
49.7,3.560
49.7,3.560
49.7,3.560
49.7,3.560
49.7,3.560
49.7,3.560
49.7,3.560
49.8,3.560
49.8,3.560
49.8,3.560
49.8,3.560
49.8,3.560
49.8,3.560
49.8,3.560
49.8,3.560
49.8,3.560
49.8,3.560
49.8,3.560
49.8,3.560
49.8,3.560
49.8,3.560
49.8,3.565
49.8,3.565
49.8,3.565
49.8,3.565
49.8,3.565
49.8,3.565
49.8,3.565
49.8,3.565
49.8,3.565
49.8,3.565
49.8,3.565
49.9,3.565
49.9,3.565
49.9,3.565
49.9,3.565
49.9,3.565
49.9,3.565
49.9,3.565
49.8,3.565
49.8,3.565
49.8,3.565
49.8,3.565
49.8,3.565
49.8,3.565
49.8,3.570
49.8,3.570
49.8,3.570
49.8,3.570
49.8,3.570
49.8,3.570
49.8,3.570
49.8,3.570
49.8,3.570
49.9,3.570
49.9,3.570
49.9,3.570
49.9,3.570
49.9,3.570
49.9,3.570
49.9,3.570
49.9,3.570
49.9,3.570
49.9,3.570
49.9,3.570
49.9,3.570
49.9,3.570
49.8,3.570
49.8,3.570
49.8,3.570
49.8,3.570
49.8,3.575
49.8,3.575
49.8,3.575
49.8,3.575
49.8,3.575
49.8,3.575
49.8,3.575
49.8,3.575
49.8,3.575
49.8,3.575
49.8,3.575
49.8,3.575
49.8,3.575
49.8,3.575
49.8,3.575
49.8,3.575
49.8,3.575
49.8,3.575
49.8,3.575
49.8,3.575
49.8,3.575
49.8,3.575
49.8,3.575
49.8,3.575
49.8,3.575
49.8,3.580
49.8,3.580
49.8,3.580
49.8,3.580
49.8,3.580
49.8,3.580
49.8,3.580
49.8,3.580
49.8,3.580
49.8,3.580
49.8,3.580
49.8,3.580
49.8,3.580
49.8,3.580
49.8,3.580
49.8,3.580
49.8,3.580
49.8,3.580
49.8,3.580
49.8,3.580
49.8,3.580
49.8,3.580
49.8,3.580
49.8,3.580
49.8,3.580
49.8,3.580
49.8,3.585
49.8,3.585
49.9,3.585
49.9,3.585
49.9,3.585
49.9,3.585
49.9,3.585
49.9,3.585
49.9,3.585
49.9,3.585
49.9,3.585
49.9,3.585
49.9,3.585
49.9,3.585
49.9,3.585
49.9,3.585
49.9,3.585
49.9,3.585
49.9,3.585
49.9,3.585
49.9,3.585
49.9,3.585
49.9,3.585
49.9,3.585
49.9,3.585
49.9,3.585
49.9,3.585
49.9,3.585
49.9,3.585
49.9,3.590
49.9,3.590
49.9,3.590
49.9,3.590
49.9,3.590
49.9,3.590
49.9,3.590
49.9,3.590
49.9,3.590
49.9,3.590
49.9,3.590
49.9,3.590
49.9,3.590
49.9,3.590
49.9,3.590
49.9,3.590
49.9,3.590
49.9,3.590
49.9,3.590
49.9,3.590
49.9,3.590
49.9,3.590
49.9,3.590
49.9,3.590
49.9,3.590
49.9,3.590
49.9,3.590
49.9,3.590
49.9,3.590
49.9,3.590
49.9,3.595
49.9,3.595
49.9,3.595
49.9,3.595
49.9,3.595
49.9,3.595
49.9,3.595
49.9,3.595
49.9,3.595
49.9,3.595
49.9,3.595
49.9,3.595
49.9,3.595
49.9,3.595
49.9,3.595
49.9,3.595
49.9,3.595
49.9,3.595
49.9,3.595
49.9,3.595
49.9,3.595
49.9,3.595
49.9,3.595
49.9,3.595
49.9,3.595
49.9,3.595
49.9,3.595
49.9,3.595
49.9,3.595
49.9,3.595
49.9,3.595
49.9,3.600
49.9,3.600
49.9,3.600
49.9,3.600
49.9,3.600
49.9,3.600
49.9,3.600
49.9,3.600
49.9,3.600
49.9,3.600
49.9,3.600
49.9,3.600
49.9,3.600
49.9,3.600
49.9,3.600
49.9,3.600
49.9,3.600
49.9,3.600
49.9,3.600
49.9,3.600
49.9,3.600
49.9,3.600
49.9,3.600
49.9,3.600
49.9,3.600
49.9,3.600
49.9,3.600
49.9,3.600
49.9,3.600
49.9,3.600
49.9,3.600
49.9,3.600
49.9,3.600
49.9,3.600
49.9,3.605
49.9,3.605
49.9,3.605
49.9,3.605
49.9,3.605
49.9,3.605
49.9,3.605
49.9,3.605
49.9,3.605
49.9,3.605
49.9,3.605
49.9,3.605
49.9,3.605
49.9,3.605
49.9,3.605
49.9,3.605
49.9,3.605
49.9,3.605
49.9,3.605
49.9,3.605
49.9,3.605
49.9,3.605
49.9,3.605
49.9,3.605
49.9,3.605
49.9,3.605
49.9,3.605
49.9,3.605
49.9,3.605
49.9,3.605
49.9,3.605
49.9,3.605
49.9,3.605
49.9,3.605
49.9,3.605
49.9,3.610
49.9,3.610
49.9,3.610
49.9,3.610
49.9,3.610
49.9,3.610
49.9,3.610
49.9,3.610
49.9,3.610
49.9,3.610
49.9,3.610
49.9,3.610
49.9,3.610
49.9,3.610
49.9,3.610
49.9,3.610
49.9,3.610
49.9,3.610
49.9,3.610
49.9,3.610
49.9,3.610
49.9,3.610
49.9,3.610
49.9,3.610
49.9,3.610
49.9,3.610
49.9,3.610
49.9,3.610
49.9,3.610
49.9,3.610
49.9,3.610
49.9,3.610
49.9,3.610
49.9,3.610
49.9,3.610
49.9,3.610
49.9,3.610
49.9,3.615
49.9,3.615
49.9,3.615
49.9,3.615
49.9,3.615
49.9,3.615
49.9,3.615
50.0,3.615
50.0,3.615
50.0,3.615
50.0,3.615
50.0,3.615
50.0,3.615
50.0,3.615
50.0,3.615
50.0,3.615
50.0,3.615
50.0,3.615
49.9,3.615
49.9,3.615
49.9,3.615
49.9,3.615
49.9,3.615
49.9,3.615
49.9,3.615
49.9,3.615
49.9,3.615
49.9,3.615
49.9,3.615
50.0,3.615
50.0,3.615
50.0,3.615
50.0,3.615
50.0,3.615
50.0,3.615
50.0,3.620
50.0,3.620
50.0,3.620
50.0,3.620
50.0,3.620
50.0,3.620
50.0,3.620
50.0,3.620
50.0,3.620
50.0,3.620
50.0,3.620
50.0,3.620
50.0,3.620
50.0,3.620
50.0,3.620
50.0,3.620
50.0,3.620
50.0,3.620
50.0,3.620
50.0,3.620
50.0,3.620
50.0,3.620
50.0,3.620
50.0,3.620
50.0,3.620
50.0,3.620
50.0,3.620
50.0,3.620
50.0,3.620
50.0,3.620
50.0,3.620
50.0,3.620
50.0,3.620
50.0,3.620
50.0,3.620
50.0,3.620
50.0,3.625
50.0,3.625
50.0,3.625
50.0,3.625
50.0,3.625
50.0,3.625
50.0,3.625
50.0,3.625
50.0,3.625
50.0,3.625
50.0,3.625
50.0,3.625
50.0,3.625
50.0,3.625
50.0,3.625
49.9,3.625
49.9,3.625
49.9,3.625
49.9,3.625
49.9,3.625
49.9,3.625
49.9,3.625
49.9,3.625
49.9,3.625
50.0,3.625
50.0,3.625
50.0,3.625
50.0,3.625
50.0,3.625
50.0,3.625
50.0,3.625
50.0,3.625
50.0,3.625
50.0,3.625
50.0,3.625
50.0,3.625
50.0,3.625
50.0,3.625
50.0,3.625
50.0,3.625
50.0,3.630
50.0,3.630
50.0,3.630
50.0,3.630
50.0,3.630
50.0,3.630
50.0,3.630
50.0,3.630
50.0,3.630
50.0,3.630
50.0,3.630
50.0,3.630
50.0,3.630
50.0,3.630
50.0,3.630
50.0,3.630
50.0,3.630
50.0,3.630
50.0,3.630
50.0,3.630
50.0,3.630
50.0,3.630
50.0,3.630
50.0,3.630
50.0,3.630
50.0,3.630
50.0,3.630
50.0,3.630
50.0,3.630
50.0,3.630
50.1,3.630
50.1,3.630
50.1,3.630
50.1,3.630
50.1,3.630
50.1,3.630
50.1,3.630
50.1,3.630
50.1,3.630
50.1,3.630
50.1,3.630
50.0,3.635
50.0,3.635
50.0,3.635
50.0,3.635
50.0,3.635
50.0,3.635
50.0,3.635
50.0,3.635
50.0,3.635
50.0,3.635
50.0,3.635
50.0,3.635
50.0,3.635
50.0,3.635
50.0,3.635
50.0,3.635
50.0,3.635
50.0,3.635
50.0,3.635
50.0,3.635
50.0,3.635
50.0,3.635
50.0,3.635
50.0,3.635
50.0,3.635
50.0,3.635
50.0,3.635
50.0,3.635
50.0,3.635
50.0,3.635
50.0,3.635
50.0,3.635
50.0,3.635
50.0,3.635
50.0,3.635
50.0,3.635
50.0,3.635
50.0,3.635
50.0,3.635
50.0,3.635
50.0,3.635
50.0,3.635
50.0,3.635
50.0,3.635
50.0,3.635
50.0,3.635
50.0,3.635
50.0,3.640
50.0,3.640
50.0,3.640
50.0,3.640
50.0,3.640
50.0,3.640
50.0,3.640
50.0,3.640
50.0,3.640
50.0,3.640
50.0,3.640
50.0,3.640
50.0,3.640
50.0,3.640
50.0,3.640
50.0,3.640
50.0,3.640
50.0,3.640
50.0,3.640
50.0,3.640
50.0,3.640
50.0,3.640
50.0,3.640
50.0,3.640
50.0,3.640
50.0,3.640
50.0,3.640
50.0,3.640
50.0,3.640
50.0,3.640
50.0,3.640
50.0,3.640
50.0,3.640
50.0,3.640
50.0,3.640
50.0,3.640
50.0,3.640
50.0,3.640
50.0,3.640
50.0,3.640
50.0,3.640
50.0,3.640
50.0,3.640
50.0,3.640
50.0,3.640
50.0,3.645
50.0,3.645
50.0,3.645
50.0,3.645
50.0,3.645
50.0,3.645
50.0,3.645
50.0,3.645
50.0,3.645
50.0,3.645
50.0,3.645
50.0,3.645
50.0,3.645
50.0,3.645
50.0,3.645
50.0,3.645
50.0,3.645
50.0,3.645
50.0,3.645
50.0,3.645
50.0,3.645
50.0,3.645
50.0,3.645
50.0,3.645
50.0,3.645
50.0,3.645
50.0,3.645
50.0,3.645
50.0,3.645
50.0,3.645
50.0,3.645
50.0,3.645
50.0,3.645
50.1,3.645
50.1,3.645
50.1,3.645
50.1,3.645
50.1,3.645
50.1,3.645
50.1,3.645
50.1,3.645
50.1,3.645
50.1,3.645
50.1,3.645
50.1,3.645
50.1,3.645
50.1,3.645
50.1,3.645
50.1,3.645
50.1,3.645
50.1,3.645
50.1,3.645
50.1,3.645
50.1,3.650
50.1,3.650
50.1,3.650
50.1,3.650
50.1,3.650
50.1,3.650
50.1,3.650
50.1,3.650
50.1,3.650
50.1,3.650
50.1,3.650
50.1,3.650
50.1,3.650
50.1,3.650
50.1,3.650
50.1,3.650
50.1,3.650
50.1,3.650
50.1,3.650
50.1,3.650
50.1,3.650
50.1,3.650
50.1,3.650
50.1,3.650
50.1,3.650
50.1,3.650
50.1,3.650
50.1,3.650
50.1,3.650
50.1,3.650
50.1,3.650
50.1,3.650
50.1,3.650
50.1,3.650
50.1,3.650
50.1,3.650
50.1,3.650
50.1,3.650
50.1,3.650
50.1,3.650
50.1,3.650
50.1,3.650
50.1,3.650
50.1,3.650
50.1,3.650
50.1,3.650
50.1,3.650
50.1,3.650
50.1,3.650
50.1,3.650
50.1,3.650
50.1,3.655
50.1,3.655
50.1,3.655
50.1,3.655
50.1,3.655
50.1,3.655
50.1,3.655
50.1,3.655
50.1,3.655
50.1,3.655
50.1,3.655
50.1,3.655
50.1,3.655
50.1,3.655
50.1,3.655
50.1,3.655
50.1,3.655
50.1,3.655
50.1,3.655
50.1,3.655
50.1,3.655
50.1,3.655
50.1,3.655
50.1,3.655
50.1,3.655
50.1,3.655
50.1,3.655
50.0,3.655
50.0,3.655
50.0,3.655
50.0,3.655
50.0,3.655
50.0,3.655
50.0,3.655
50.0,3.655
50.1,3.655
50.1,3.655
50.1,3.655
50.1,3.655
50.1,3.655
50.1,3.655
50.1,3.655
50.1,3.655
50.1,3.655
50.1,3.655
50.1,3.655
50.1,3.655
50.1,3.655
50.1,3.655
50.1,3.655
50.1,3.655
50.1,3.660
50.1,3.660
50.1,3.660
50.1,3.660
50.1,3.660
50.1,3.660
50.1,3.660
50.1,3.660
50.1,3.660
50.1,3.660
50.1,3.660
50.1,3.660
50.1,3.660
50.1,3.660
50.1,3.660
50.1,3.660
50.1,3.660
50.1,3.660
50.1,3.660
50.1,3.660
50.1,3.660
50.1,3.660
50.1,3.660
50.1,3.660
50.1,3.660
50.1,3.660
50.1,3.660
50.1,3.660
50.1,3.660
50.1,3.660
50.1,3.660
50.1,3.660
50.1,3.660
50.1,3.660
50.1,3.660
50.1,3.660
50.1,3.660
50.1,3.660
50.1,3.660
50.1,3.660
50.1,3.660
50.1,3.660
50.1,3.660
50.1,3.660
50.1,3.660
50.1,3.660
50.2,3.660
50.2,3.660
50.2,3.660
50.2,3.660
50.2,3.665
50.2,3.665
50.2,3.665
50.2,3.665
50.2,3.665
50.2,3.665
50.2,3.665
50.2,3.665
50.2,3.665
50.2,3.665
50.2,3.665
50.2,3.665
50.1,3.665
50.1,3.665
50.1,3.665
50.1,3.665
50.1,3.665
50.1,3.665
50.1,3.665
50.1,3.665
50.1,3.665
50.2,3.665
50.2,3.665
50.2,3.665
50.2,3.665
50.2,3.665
50.2,3.665
50.2,3.665
50.2,3.665
50.2,3.665
50.2,3.665
50.2,3.665
50.2,3.665
50.2,3.665
50.2,3.665
50.2,3.665
50.2,3.665
50.2,3.665
50.2,3.665
50.1,3.665
50.1,3.665
50.1,3.665
50.1,3.665
50.1,3.665
50.1,3.665
50.1,3.665
50.1,3.665
50.1,3.665
50.1,3.665
50.1,3.670
50.1,3.670
50.1,3.670
50.1,3.670
50.1,3.670
50.1,3.670
50.1,3.670
50.1,3.670
50.1,3.670
50.1,3.670
50.1,3.670
50.1,3.670
50.1,3.670
50.1,3.670
50.1,3.670
50.1,3.670
50.1,3.670
50.1,3.670
50.1,3.670
50.1,3.670
50.1,3.670
50.1,3.670
50.1,3.670
50.1,3.670
50.1,3.670
50.1,3.670
50.1,3.670
50.1,3.670
50.1,3.670
50.1,3.670
50.1,3.670
50.1,3.670
50.1,3.670
50.1,3.670
50.1,3.670
50.1,3.670
50.1,3.670
50.1,3.670
50.1,3.670
50.1,3.670
50.1,3.670
50.1,3.670
50.1,3.670
50.1,3.670
50.2,3.670
50.2,3.670
50.2,3.670
50.2,3.670
50.2,3.670
50.2,3.670
50.2,3.670
50.2,3.670
50.2,3.670
50.2,3.675
50.2,3.675
50.2,3.675
50.2,3.675
50.2,3.675
50.2,3.675
50.2,3.675
50.2,3.675
50.2,3.675
50.2,3.675
50.2,3.675
50.2,3.675
50.2,3.675
50.2,3.675
50.2,3.675
50.2,3.675
50.2,3.675
50.2,3.675
50.2,3.675
50.2,3.675
50.2,3.675
50.2,3.675
50.2,3.675
50.2,3.675
50.2,3.675
50.2,3.675
50.2,3.675
50.2,3.675
50.2,3.675
50.2,3.675
50.2,3.675
50.2,3.675
50.2,3.675
50.2,3.675
50.2,3.675
50.2,3.675
50.2,3.675
50.2,3.675
50.2,3.675
50.2,3.675
50.2,3.675
50.2,3.675
50.2,3.675
50.2,3.675
50.2,3.675
50.2,3.675
50.2,3.675
50.2,3.675
50.2,3.675
50.2,3.675
50.2,3.675
50.2,3.675
50.2,3.675
50.2,3.675
50.2,3.675
50.2,3.675
50.2,3.675
50.2,3.675
50.3,3.680
50.3,3.680
50.3,3.680
50.3,3.680
50.3,3.680
50.3,3.680
50.3,3.680
50.2,3.680
50.2,3.680
50.2,3.680
50.2,3.680
50.2,3.680
50.2,3.680
50.2,3.680
50.2,3.680
50.2,3.680
50.2,3.680
50.2,3.680
50.2,3.680
50.2,3.680
50.2,3.680
50.2,3.680
50.2,3.680
50.2,3.680
50.2,3.680
50.2,3.680
50.2,3.680
50.2,3.680
50.2,3.680
50.2,3.680
50.2,3.680
50.2,3.680
50.2,3.680
50.2,3.680
50.2,3.680
50.2,3.680
50.2,3.680
50.2,3.680
50.2,3.680
50.2,3.680
50.2,3.680
50.2,3.680
50.2,3.680
50.3,3.680
50.3,3.680
50.3,3.680
50.3,3.680
50.3,3.680
50.3,3.680
50.3,3.680
50.3,3.680
50.3,3.680
50.3,3.680
50.3,3.680
50.2,3.680
50.2,3.680
50.2,3.680
50.2,3.680
50.2,3.680
50.2,3.680
50.2,3.680
50.2,3.680
50.2,3.680
50.2,3.680
50.2,3.680
50.3,3.680
50.3,3.680
50.3,3.685
50.3,3.685
50.3,3.685
50.3,3.685
50.3,3.685
50.3,3.685
50.3,3.685
50.3,3.685
50.2,3.685
50.2,3.685
50.2,3.685
50.2,3.685
50.2,3.685
50.2,3.685
50.2,3.685
50.2,3.685
50.2,3.685
50.2,3.685
50.2,3.685
50.2,3.685
50.2,3.685
50.2,3.685
50.2,3.685
50.2,3.685
50.2,3.685
50.2,3.685
50.2,3.685
50.2,3.685
50.2,3.685
50.2,3.685
50.2,3.685
50.2,3.685
50.2,3.685
50.2,3.685
50.2,3.685
50.2,3.685
50.2,3.685
50.2,3.685
50.2,3.685
50.2,3.685
50.2,3.685
50.2,3.685
50.2,3.685
50.2,3.685
50.2,3.685
50.2,3.685
50.2,3.685
50.2,3.685
50.2,3.685
50.2,3.685
50.2,3.685
50.2,3.685
50.2,3.685
50.2,3.685
50.2,3.685
50.2,3.685
50.2,3.685
50.2,3.685
50.2,3.685
50.2,3.685
50.2,3.685
50.2,3.690
50.2,3.690
50.2,3.690
50.2,3.690
50.2,3.690
50.2,3.690
50.1,3.690
50.2,3.690
50.2,3.690
50.2,3.690
50.2,3.690
50.2,3.690
50.2,3.690
50.2,3.690
50.2,3.690
50.2,3.690
50.2,3.690
50.2,3.690
50.2,3.690
50.2,3.690
50.2,3.690
50.2,3.690
50.2,3.690
50.2,3.690
50.2,3.690
50.2,3.690
50.3,3.690
50.3,3.690
50.3,3.690
50.3,3.690
50.3,3.690
50.3,3.690
50.3,3.690
50.3,3.690
50.3,3.690
50.3,3.690
50.3,3.690
50.3,3.690
50.3,3.690
50.3,3.690
50.3,3.690
50.3,3.690
50.3,3.690
50.3,3.690
50.3,3.690
50.3,3.690
50.3,3.690
50.3,3.690
50.3,3.690
50.3,3.690
50.3,3.690
50.3,3.690
50.3,3.690
50.3,3.690
50.3,3.690
50.3,3.695
50.3,3.695
50.3,3.695
50.3,3.695
50.3,3.695
50.3,3.695
50.3,3.695
50.3,3.695
50.3,3.695
50.3,3.695
50.3,3.695
50.3,3.695
50.3,3.695
50.3,3.695
50.3,3.695
50.3,3.695
50.3,3.695
50.3,3.695
50.3,3.695
50.3,3.695
50.3,3.695
50.3,3.695
50.3,3.695
50.3,3.695
50.3,3.695
50.3,3.695
50.3,3.695
50.3,3.695
50.3,3.695
50.3,3.695
50.3,3.695
50.3,3.695
50.3,3.695
50.3,3.695
50.3,3.695
50.3,3.695
50.3,3.695
50.3,3.695
50.3,3.695
50.3,3.695
50.3,3.695
50.3,3.695
50.3,3.695
50.3,3.695
50.3,3.695
50.3,3.695
50.3,3.695
50.3,3.695
50.3,3.700
50.3,3.700
50.3,3.700
50.3,3.700
50.3,3.700
50.3,3.700
50.3,3.700
50.3,3.700
50.3,3.700
50.3,3.700
50.3,3.700
50.3,3.700
50.3,3.700
50.3,3.700
50.3,3.700
50.3,3.700
50.4,3.700
50.4,3.700
50.4,3.700
50.4,3.700
50.4,3.700
50.3,3.700
50.3,3.700
50.3,3.700
50.3,3.700
50.3,3.700
50.3,3.700
50.3,3.700
50.3,3.700
50.3,3.700
50.3,3.700
50.3,3.700
50.3,3.700
50.3,3.700
50.3,3.700
50.3,3.700
50.3,3.700
50.3,3.700
50.3,3.700
50.3,3.700
50.3,3.705
50.3,3.705
50.3,3.705
50.3,3.705
50.3,3.705
50.3,3.705
50.3,3.705
50.3,3.705
50.3,3.705
50.3,3.705
50.3,3.705
50.3,3.705
50.3,3.705
50.3,3.705
50.3,3.705
50.3,3.705
50.4,3.705
50.4,3.705
50.4,3.705
50.4,3.705
50.4,3.705
50.4,3.705
50.3,3.705
50.3,3.705
50.3,3.705
50.3,3.705
50.3,3.705
50.3,3.705
50.3,3.705
50.3,3.705
50.3,3.705
50.3,3.705
50.3,3.705
50.3,3.705
50.3,3.705
50.3,3.705
50.3,3.705
50.3,3.710
50.3,3.710
50.3,3.710
50.3,3.710
50.3,3.710
50.3,3.710
50.3,3.710
50.3,3.710
50.3,3.710
50.3,3.710
50.3,3.710
50.3,3.710
50.3,3.710
50.3,3.710
50.3,3.710
50.3,3.710
50.3,3.710
50.3,3.710
50.3,3.710
50.3,3.710
50.3,3.710
50.3,3.710
50.3,3.710
50.3,3.710
50.4,3.710
50.4,3.710
50.4,3.710
50.4,3.710
50.4,3.710
50.4,3.710
50.4,3.710
50.4,3.710
50.4,3.710
50.4,3.710
50.4,3.715
50.4,3.715
50.4,3.715
50.4,3.715
50.4,3.715
50.4,3.715
50.4,3.715
50.4,3.715
50.4,3.715
50.4,3.715
50.4,3.715
50.4,3.715
50.4,3.715
50.4,3.715
50.4,3.715
50.4,3.715
50.4,3.715
50.4,3.715
50.4,3.715
50.4,3.715
50.4,3.715
50.4,3.715
50.4,3.715
50.4,3.715
50.4,3.715
50.4,3.715
50.4,3.715
50.4,3.715
50.4,3.715
50.4,3.715
50.4,3.715
50.4,3.715
50.4,3.720
50.4,3.720
50.4,3.720
50.4,3.720
50.4,3.720
50.4,3.720
50.4,3.720
50.4,3.720
50.4,3.720
50.4,3.720
50.4,3.720
50.4,3.720
50.4,3.720
50.4,3.720
50.4,3.720
50.4,3.720
50.4,3.720
50.4,3.720
50.4,3.720
50.4,3.720
50.4,3.720
50.4,3.720
50.4,3.720
50.4,3.720
50.4,3.720
50.4,3.720
50.4,3.720
50.4,3.720
50.4,3.725
50.4,3.725
50.4,3.725
50.4,3.725
50.4,3.725
50.4,3.725
50.4,3.725
50.4,3.725
50.4,3.725
50.4,3.725
50.4,3.725
50.4,3.725
50.4,3.725
50.5,3.725
50.5,3.725
50.5,3.725
50.5,3.725
50.5,3.725
50.5,3.725
50.5,3.725
50.5,3.725
50.5,3.725
50.5,3.725
50.5,3.725
50.5,3.725
50.5,3.725
50.5,3.725
50.5,3.725
50.5,3.725
50.5,3.725
50.5,3.725
50.5,3.725
50.5,3.730
50.5,3.730
50.5,3.730
50.5,3.730
50.5,3.730
50.5,3.730
50.5,3.730
50.5,3.730
50.4,3.730
50.4,3.730
50.4,3.730
50.4,3.730
50.4,3.730
50.4,3.730
50.4,3.730
50.4,3.730
50.4,3.730
50.4,3.730
50.4,3.730
50.4,3.730
50.4,3.730
50.4,3.730
50.4,3.730
50.4,3.730
50.4,3.730
50.4,3.730
50.4,3.730
50.4,3.730
50.4,3.730
50.4,3.730
50.4,3.730
50.4,3.735
50.4,3.735
50.4,3.735
50.4,3.735
50.4,3.735
50.4,3.735
50.4,3.735
50.4,3.735
50.4,3.735
50.4,3.735
50.4,3.735
50.4,3.735
50.4,3.735
50.4,3.735
50.4,3.735
50.4,3.735
50.4,3.735
50.4,3.735
50.4,3.735
50.4,3.735
50.4,3.735
50.5,3.735
50.5,3.735
50.5,3.735
50.5,3.735
50.5,3.735
50.5,3.735
50.5,3.735
50.5,3.735
50.5,3.735
50.5,3.740
50.5,3.740
50.5,3.740
50.5,3.740
50.5,3.740
50.5,3.740
50.5,3.740
50.5,3.740
50.5,3.740
50.5,3.740
50.5,3.740
50.5,3.740
50.5,3.740
50.5,3.740
50.5,3.740
50.5,3.740
50.5,3.740
50.5,3.740
50.5,3.740
50.5,3.740
50.5,3.740
50.5,3.740
50.5,3.740
50.5,3.740
50.5,3.740
50.5,3.740
50.5,3.740
50.5,3.740
50.5,3.740
50.5,3.745
50.5,3.745
50.6,3.745
50.6,3.745
50.6,3.745
50.6,3.745
50.6,3.745
50.6,3.745
50.6,3.745
50.6,3.745
50.6,3.745
50.6,3.745
50.6,3.745
50.6,3.745
50.5,3.745
50.5,3.745
50.5,3.745
50.5,3.745
50.5,3.745
50.5,3.745
50.5,3.745
50.5,3.745
50.5,3.745
50.5,3.745
50.5,3.745
50.5,3.745
50.5,3.745
50.5,3.745
50.5,3.745
50.5,3.745
50.5,3.750
50.5,3.750
50.5,3.750
50.5,3.750
50.5,3.750
50.5,3.750
50.5,3.750
50.5,3.750
50.5,3.750
50.5,3.750
50.5,3.750
50.5,3.750
50.5,3.750
50.5,3.750
50.5,3.750
50.5,3.750
50.5,3.750
50.5,3.750
50.5,3.750
50.5,3.750
50.5,3.750
50.5,3.750
50.5,3.750
50.5,3.750
50.5,3.750
50.5,3.750
50.5,3.750
50.5,3.750
50.5,3.750
50.5,3.755
50.5,3.755
50.5,3.755
50.5,3.755
50.5,3.755
50.5,3.755
50.5,3.755
50.5,3.755
50.5,3.755
50.5,3.755
50.5,3.755
50.5,3.755
50.5,3.755
50.5,3.755
50.5,3.755
50.5,3.755
50.5,3.755
50.5,3.755
50.5,3.755
50.5,3.755
50.5,3.755
50.5,3.755
50.5,3.755
50.5,3.755
50.5,3.755
50.5,3.755
50.5,3.755
50.5,3.755
50.5,3.755
50.5,3.760
50.5,3.760
50.5,3.760
50.5,3.760
50.5,3.760
50.5,3.760
50.5,3.760
50.5,3.760
50.5,3.760
50.5,3.760
50.5,3.760
50.5,3.760
50.5,3.760
50.5,3.760
50.5,3.760
50.5,3.760
50.5,3.760
50.5,3.760
50.5,3.760
50.5,3.760
50.5,3.760
50.5,3.760
50.5,3.760
50.5,3.760
50.5,3.760
50.5,3.760
50.5,3.760
50.5,3.760
50.5,3.760
50.5,3.760
50.5,3.760
50.5,3.760
50.5,3.765
50.5,3.765
50.5,3.765
50.5,3.765
50.5,3.765
50.5,3.765
50.5,3.765
50.5,3.765
50.5,3.765
50.5,3.765
50.5,3.765
50.5,3.765
50.5,3.765
50.6,3.765
50.6,3.765
50.6,3.765
50.6,3.765
50.6,3.765
50.6,3.765
50.6,3.765
50.6,3.765
50.6,3.765
50.6,3.765
50.6,3.765
50.6,3.765
50.6,3.765
50.6,3.765
50.6,3.765
50.6,3.765
50.6,3.765
50.6,3.765
50.6,3.765
50.6,3.770
50.6,3.770
50.6,3.770
50.6,3.770
50.6,3.770
50.6,3.770
50.6,3.770
50.6,3.770
50.6,3.770
50.6,3.770
50.6,3.770
50.6,3.770
50.6,3.770
50.6,3.770
50.6,3.770
50.6,3.770
50.6,3.770
50.6,3.770
50.6,3.770
50.6,3.770
50.6,3.770
50.6,3.770
50.6,3.770
50.6,3.770
50.6,3.770
50.6,3.770
50.6,3.770
50.6,3.770
50.6,3.770
50.6,3.770
50.6,3.770
50.6,3.770
50.6,3.770
50.6,3.775
50.6,3.775
50.6,3.775
50.6,3.775
50.5,3.775
50.5,3.775
50.5,3.775
50.5,3.775
50.5,3.775
50.5,3.775
50.5,3.775
50.6,3.775
50.6,3.775
50.6,3.775
50.6,3.775
50.6,3.775
50.6,3.775
50.6,3.775
50.6,3.775
50.6,3.775
50.6,3.775
50.6,3.775
50.6,3.775
50.6,3.775
50.6,3.775
50.6,3.775
50.6,3.775
50.6,3.775
50.6,3.775
50.6,3.780
50.6,3.780
50.6,3.780
50.6,3.780
50.6,3.780
50.6,3.780
50.6,3.780
50.6,3.780
50.6,3.780
50.6,3.780
50.6,3.780
50.6,3.780
50.6,3.780
50.6,3.780
50.6,3.780
50.6,3.780
50.6,3.780
50.6,3.780
50.5,3.780
50.6,3.780
50.6,3.780
50.6,3.780
50.5,3.780
50.5,3.780
50.5,3.780
50.5,3.780
50.5,3.780
50.5,3.780
50.5,3.785
50.5,3.785
50.5,3.785
50.5,3.785
50.6,3.785
50.6,3.785
50.6,3.785
50.6,3.785
50.6,3.785
50.6,3.785
50.6,3.785
50.6,3.785
50.6,3.785
50.6,3.785
50.6,3.785
50.6,3.785
50.6,3.785
50.6,3.785
50.6,3.785
50.6,3.785
50.6,3.785
50.6,3.785
50.6,3.785
50.6,3.785
50.6,3.785
50.6,3.785
50.6,3.785
50.6,3.785
50.7,3.790
50.7,3.790
50.7,3.790
50.7,3.790
50.7,3.790
50.7,3.790
50.7,3.790
50.7,3.790
50.7,3.790
50.7,3.790
50.7,3.790
50.7,3.790
50.7,3.790
50.7,3.790
50.7,3.790
50.7,3.790
50.7,3.790
50.7,3.790
50.7,3.790
50.7,3.790
50.7,3.790
50.7,3.790
50.7,3.790
50.7,3.790
50.7,3.790
50.7,3.790
50.7,3.790
50.7,3.790
50.7,3.790
50.7,3.795
50.7,3.795
50.7,3.795
50.7,3.795
50.7,3.795
50.7,3.795
50.7,3.795
50.7,3.795
50.7,3.795
50.7,3.795
50.7,3.795
50.7,3.795
50.7,3.795
50.7,3.795
50.7,3.795
50.7,3.795
50.7,3.795
50.7,3.795
50.7,3.795
50.7,3.795
50.7,3.795
50.7,3.795
50.7,3.795
50.7,3.795
50.7,3.795
50.7,3.795
50.7,3.795
50.7,3.800
50.7,3.800
50.7,3.800
50.7,3.800
50.7,3.800
50.7,3.800
50.7,3.800
50.7,3.800
50.7,3.800
50.7,3.800
50.7,3.800
50.7,3.800
50.7,3.800
50.7,3.800
50.7,3.800
50.7,3.800
50.7,3.800
50.7,3.800
50.7,3.800
50.7,3.800
50.7,3.800
50.8,3.800
50.9,3.800
51.0,3.805
51.0,3.805
51.2,3.805
51.3,3.805
51.4,3.805
51.5,3.805
51.6,3.805
51.8,3.805
51.9,3.805
52.0,3.805
52.1,3.805
52.3,3.805
52.4,3.805
52.6,3.805
52.8,3.805
52.9,3.805
53.1,3.805
53.3,3.805
53.5,3.805
53.7,3.805
53.9,3.805
54.1,3.805
54.2,3.805
54.5,3.805
54.6,3.805
54.8,3.810
55.0,3.810
55.2,3.810
55.4,3.810
55.6,3.810
55.7,3.810
55.9,3.810
56.1,3.810
56.3,3.810
56.5,3.810
56.7,3.810
56.8,3.810
57.0,3.810
57.2,3.810
57.4,3.810
57.6,3.810
57.8,3.810
58.0,3.810
58.2,3.810
58.4,3.810
58.6,3.810
58.8,3.810
59.0,3.810
59.2,3.810
59.4,3.810
59.6,3.810
59.8,3.815
60.0,3.815
60.1,3.815
60.3,3.815
60.5,3.815
60.7,3.815
60.9,3.815
61.1,3.815
61.3,3.815
61.5,3.815
61.7,3.815
61.8,3.815
62.0,3.815
62.2,3.815
62.4,3.815
62.6,3.815
62.8,3.815
63.0,3.815
63.2,3.815
63.4,3.815
63.6,3.815
63.7,3.815
63.9,3.815
64.1,3.815
64.3,3.820
64.5,3.820
64.7,3.820
64.9,3.820
65.1,3.820
65.4,3.820
65.5,3.820
65.7,3.820
65.9,3.820
66.1,3.820
66.3,3.820
66.5,3.820
66.7,3.820
66.9,3.820
67.1,3.820
67.2,3.820
67.4,3.820
67.6,3.820
67.8,3.820
68.0,3.820
68.2,3.820
68.4,3.820
68.6,3.820
68.8,3.820
68.9,3.820
69.1,3.825
69.3,3.825
69.5,3.825
69.7,3.825
69.8,3.825
70.0,3.825
70.2,3.825
70.3,3.825
70.5,3.825
70.7,3.825
70.9,3.825
71.1,3.825
71.3,3.825
71.4,3.825
71.6,3.825
71.8,3.825
72.0,3.825
72.1,3.825
72.3,3.825
72.5,3.825
72.6,3.825
72.8,3.825
73.0,3.825
73.2,3.825
73.3,3.825
73.5,3.825
73.7,3.825
73.8,3.825
74.0,3.830
74.2,3.830
74.3,3.830
74.5,3.830
74.6,3.830
74.8,3.830
75.0,3.830
75.1,3.830
75.3,3.830
75.5,3.830
75.6,3.830
75.8,3.830
76.0,3.830
76.1,3.830
76.3,3.830
76.5,3.830
76.6,3.830
76.8,3.830
77.0,3.830
77.1,3.830
77.3,3.830
77.4,3.830
77.6,3.830
77.8,3.830
77.9,3.830
78.1,3.830
78.2,3.830
78.4,3.830
78.5,3.830
78.7,3.830
78.8,3.830
79.0,3.835
79.1,3.835
79.3,3.835
79.4,3.835
79.6,3.835
79.7,3.835
79.9,3.835
80.0,3.835
80.2,3.835
80.3,3.835
80.5,3.835
80.6,3.835
80.8,3.835
81.0,3.835
81.1,3.835
81.3,3.835
81.4,3.835
81.5,3.835
81.7,3.835
81.8,3.835
82.0,3.835
82.1,3.835
82.3,3.835
82.4,3.835
82.5,3.835
82.7,3.835
82.8,3.835
83.0,3.835
83.1,3.835
83.3,3.835
83.4,3.835
83.5,3.835
83.7,3.840
83.8,3.840
84.0,3.840
84.1,3.840
84.2,3.840
84.4,3.840
84.5,3.840
84.6,3.840
84.8,3.840
84.9,3.840
85.1,3.840
85.2,3.840
85.3,3.840
85.5,3.840
85.6,3.840
85.8,3.840
85.9,3.840
86.0,3.840
86.1,3.840
86.3,3.840
86.4,3.840
86.6,3.840
86.7,3.840
86.8,3.840
87.0,3.840
87.1,3.840
87.3,3.840
87.4,3.840
87.6,3.840
87.7,3.840
87.9,3.840
88.0,3.840
88.1,3.840
88.3,3.840
88.4,3.840
88.5,3.840
88.7,3.840
88.8,3.845
88.9,3.845
89.0,3.845
89.2,3.845
89.3,3.845
89.5,3.845
89.6,3.845
89.8,3.845
89.9,3.845
90.1,3.845
90.2,3.845
90.3,3.845
90.5,3.845
90.6,3.845
90.8,3.845
90.9,3.845
91.1,3.845
91.2,3.845
91.4,3.845
91.5,3.845
91.6,3.845
91.8,3.845
91.9,3.845
92.1,3.845
92.2,3.845
92.3,3.845
92.5,3.845
92.7,3.845
92.8,3.845
92.9,3.845
93.1,3.845
93.3,3.845
93.4,3.845
93.6,3.845
93.7,3.845
93.8,3.850
94.0,3.850
94.1,3.850
94.3,3.850
94.4,3.850
94.6,3.850
94.7,3.850
94.9,3.850
95.0,3.850
95.2,3.850
95.3,3.850
95.5,3.850
95.6,3.850
95.8,3.850
95.9,3.850
96.1,3.850
96.2,3.850
96.4,3.850
96.5,3.850
96.7,3.850
96.8,3.850
97.0,3.850
97.1,3.850
97.3,3.850
97.4,3.850
97.5,3.850
97.7,3.850
97.8,3.850
98.0,3.850
98.1,3.850
98.3,3.850
98.4,3.850
98.6,3.850
98.7,3.850
98.9,3.850
99.0,3.850
99.1,3.855
99.3,3.855
99.4,3.855
99.6,3.855
99.8,3.855
99.9,3.855
100.1,3.855
100.2,3.855
100.3,3.855
100.5,3.855
100.6,3.855
100.8,3.855
100.9,3.855
101.1,3.855
101.2,3.855
101.4,3.855
101.5,3.855
101.6,3.855
101.8,3.855
101.9,3.855
102.0,3.855
102.2,3.855
102.3,3.855
102.4,3.855
102.6,3.855
102.7,3.855
102.8,3.855
103.0,3.855
103.1,3.855
103.3,3.855
103.4,3.855
103.5,3.855
103.7,3.855
103.8,3.855
103.9,3.855
104.1,3.855
104.2,3.860
104.3,3.860
104.5,3.860
104.6,3.860
104.7,3.860
104.8,3.860
105.0,3.860
105.1,3.860
105.2,3.860
105.4,3.860
105.5,3.860
105.6,3.860
105.8,3.860
105.9,3.860
106.0,3.860
106.1,3.860
106.2,3.860
106.4,3.860
106.5,3.860
106.6,3.860
106.8,3.860
106.9,3.860
107.0,3.860
107.1,3.860
107.3,3.860
107.4,3.860
107.5,3.860
107.6,3.860
107.7,3.860
107.8,3.860
107.9,3.860
108.0,3.860
108.1,3.860
108.3,3.860
108.4,3.860
108.5,3.860
108.6,3.860
108.7,3.860
108.8,3.860
109.0,3.860
109.1,3.865
109.2,3.865
109.3,3.865
109.4,3.865
109.5,3.865
109.7,3.865
109.8,3.865
109.9,3.865
110.0,3.865
110.1,3.865
110.3,3.865
110.4,3.865
110.5,3.865
110.6,3.865
110.7,3.865
110.8,3.865
110.9,3.865
111.0,3.865
111.1,3.865
111.2,3.865
111.3,3.865
111.4,3.865
111.5,3.865
111.6,3.865
111.8,3.865
111.9,3.865
112.0,3.865
112.1,3.865
112.2,3.865
112.3,3.865
112.4,3.865
112.5,3.865
112.6,3.865
112.7,3.865
112.9,3.865
113.0,3.865
113.1,3.865
113.2,3.865
113.3,3.865
113.4,3.865
113.5,3.865
113.6,3.865
113.7,3.865
113.8,3.865
113.9,3.865
114.0,3.865
114.1,3.865
114.2,3.870
114.3,3.870
114.4,3.870
114.5,3.870
114.7,3.870
114.8,3.870
114.9,3.870
115.0,3.870
115.1,3.870
115.2,3.870
115.3,3.870
115.4,3.870
115.5,3.870
115.6,3.870
115.7,3.870
115.8,3.870
115.9,3.870
116.0,3.870
116.1,3.870
116.2,3.870
116.3,3.870
116.4,3.870
116.5,3.870
116.6,3.870
116.7,3.870
116.8,3.870
116.9,3.870
117.0,3.870
117.1,3.870
117.2,3.870
117.3,3.870
117.4,3.870
117.5,3.870
117.6,3.870
117.8,3.870
117.9,3.870
118.0,3.870
118.1,3.870
118.2,3.870
118.3,3.870
118.4,3.870
118.5,3.870
118.6,3.870
118.7,3.870
118.8,3.870
119.0,3.870
119.1,3.870
119.2,3.870
119.3,3.870
119.4,3.870
119.5,3.875
119.5,3.875
119.6,3.875
119.7,3.875
119.8,3.875
120.0,3.875
120.1,3.875
120.2,3.875
120.3,3.875
120.4,3.875
120.5,3.875
120.6,3.875
120.7,3.875
120.8,3.875
120.9,3.875
121.0,3.875
121.1,3.875
121.2,3.875
121.3,3.875
121.3,3.875
121.4,3.875
121.5,3.875
121.6,3.875
121.7,3.875
121.8,3.875
121.9,3.875
122.0,3.875
122.1,3.875
122.2,3.875
122.3,3.875
122.4,3.875
122.5,3.875
122.6,3.875
122.7,3.875
122.8,3.875
122.9,3.875
123.0,3.875
123.1,3.875
123.2,3.875
123.3,3.875
123.3,3.875
123.4,3.875
123.5,3.875
123.6,3.875
123.7,3.875
123.8,3.875
123.9,3.875
124.0,3.875
124.1,3.875
124.2,3.875
124.3,3.875
124.4,3.880
124.5,3.880
124.6,3.880
124.7,3.880
124.8,3.880
124.9,3.880
125.0,3.880
125.0,3.880
125.1,3.880
125.2,3.880
125.3,3.880
125.4,3.880
125.5,3.880
125.6,3.880
125.7,3.880
125.8,3.880
125.9,3.880
125.9,3.880
126.1,3.880
126.1,3.880
126.2,3.880
126.3,3.880
126.4,3.880
126.4,3.880
126.5,3.880
126.6,3.880
126.7,3.880
126.8,3.880
126.9,3.880
127.0,3.880
127.0,3.880
127.1,3.880
127.2,3.880
127.3,3.880
127.4,3.880
127.5,3.880
127.6,3.880
127.6,3.880
127.7,3.880
127.8,3.880
127.9,3.880
128.0,3.880
128.1,3.880
128.1,3.880
128.2,3.880
128.3,3.880
128.4,3.880
128.5,3.880
128.5,3.880
128.6,3.880
128.7,3.880
128.8,3.880
128.9,3.880
129.0,3.880
129.0,3.880
129.1,3.885
129.2,3.885
129.3,3.885
129.3,3.885
129.4,3.885
129.5,3.885
129.6,3.885
129.7,3.885
129.8,3.885
129.9,3.885
129.9,3.885
130.0,3.885
130.1,3.885
130.2,3.885
130.3,3.885
130.3,3.885
130.4,3.885
130.5,3.885
130.5,3.885
130.6,3.885
130.7,3.885
130.8,3.885
130.9,3.885
131.0,3.885
131.1,3.885
131.1,3.885
131.2,3.885
131.3,3.885
131.3,3.885
131.4,3.885
131.5,3.885
131.5,3.885
131.6,3.885
131.7,3.885
131.8,3.885
131.9,3.885
132.0,3.885
132.0,3.885
132.1,3.885
132.2,3.885
132.2,3.885
132.3,3.885
132.4,3.885
132.5,3.885
132.5,3.885
132.6,3.885
132.7,3.885
132.8,3.885
132.8,3.885
132.9,3.885
133.0,3.885
133.0,3.885
133.1,3.885
133.2,3.885
133.3,3.885
133.3,3.885
133.4,3.885
133.5,3.885
133.5,3.885
133.6,3.885
133.7,3.885
133.8,3.885
133.9,3.885
133.9,3.885
134.0,3.885
134.1,3.885
134.2,3.885
134.2,3.885
134.3,3.890
134.4,3.890
134.4,3.890
134.5,3.890
134.6,3.890
134.6,3.890
134.7,3.890
134.8,3.890
134.9,3.890
134.9,3.890
135.0,3.890
135.0,3.890
135.1,3.890
135.2,3.890
135.3,3.890
135.3,3.890
135.4,3.890
135.4,3.890
135.4,3.890
135.5,3.890
135.6,3.890
135.6,3.890
135.7,3.890
135.8,3.890
135.8,3.890
135.9,3.890
136.0,3.890
136.0,3.890
136.1,3.890
136.2,3.890
136.2,3.890
136.3,3.890
136.4,3.890
136.4,3.890
136.5,3.890
136.5,3.890
136.6,3.890
136.7,3.890
136.7,3.890
136.8,3.890
136.9,3.890
136.9,3.890
136.9,3.890
137.0,3.890
137.1,3.890
137.1,3.890
137.2,3.890
137.2,3.890
137.3,3.890
137.4,3.890
137.4,3.890
137.5,3.890
137.5,3.890
137.6,3.890
137.6,3.890
137.7,3.890
137.8,3.890
137.8,3.890
137.9,3.890
137.9,3.890
138.0,3.890
138.1,3.890
138.1,3.890
138.2,3.890
138.2,3.890
138.2,3.890
138.3,3.890
138.4,3.890
138.4,3.890
138.5,3.890
138.5,3.890
138.6,3.890
138.6,3.890
138.7,3.890
138.7,3.890
138.8,3.890
138.8,3.890
138.9,3.890
138.9,3.890
138.9,3.890
139.0,3.890
139.0,3.890
139.1,3.890
139.2,3.890
139.2,3.890
139.3,3.890
139.3,3.890
139.4,3.890
139.4,3.895
139.4,3.895
139.5,3.895
139.6,3.895
139.6,3.895
139.7,3.895
139.7,3.895
139.7,3.895
139.8,3.895
139.9,3.895
139.9,3.895
140.0,3.895
140.0,3.895
140.1,3.895
140.1,3.895
140.1,3.895
140.2,3.895
140.2,3.895
140.3,3.895
140.3,3.895
140.3,3.895
140.4,3.895
140.5,3.895
140.5,3.895
140.6,3.895
140.6,3.895
140.6,3.895
140.7,3.895
140.8,3.895
140.8,3.895
140.8,3.895
140.9,3.895
140.9,3.895
140.9,3.895
141.0,3.895
141.0,3.895
141.1,3.895
141.1,3.895
141.1,3.895
141.2,3.895
141.2,3.895
141.2,3.895
141.3,3.895
141.4,3.895
141.4,3.895
141.5,3.895
141.5,3.895
141.6,3.895
141.6,3.895
141.7,3.895
141.7,3.895
141.7,3.895
141.8,3.895
141.8,3.895
141.8,3.895
141.9,3.895
141.9,3.895
142.0,3.895
142.0,3.895
142.1,3.895
142.1,3.895
142.1,3.895
142.2,3.895
142.2,3.895
142.3,3.895
142.3,3.895
142.3,3.895
142.4,3.895
142.4,3.895
142.4,3.895
142.5,3.895
142.5,3.895
142.6,3.895
142.6,3.895
142.7,3.895
142.7,3.895
142.7,3.895
142.8,3.895
142.8,3.895
142.8,3.895
142.9,3.895
142.9,3.895
143.0,3.895
143.0,3.895
143.1,3.895
143.1,3.895
143.2,3.895
143.2,3.895
143.2,3.895
143.2,3.895
143.3,3.895
143.4,3.895
143.4,3.895
143.4,3.895
143.4,3.895
143.5,3.895
143.6,3.895
143.6,3.895
143.6,3.895
143.7,3.895
143.7,3.895
143.8,3.895
143.8,3.895
143.8,3.895
143.9,3.895
143.9,3.895
144.0,3.895
144.0,3.895
144.0,3.895
144.0,3.895
144.1,3.895
144.1,3.895
144.1,3.895
144.2,3.895
144.3,3.895
144.3,3.895
144.3,3.900
144.4,3.900
144.4,3.900
144.5,3.900
144.5,3.900
144.5,3.900
144.5,3.900
144.6,3.900
144.6,3.900
144.6,3.900
144.6,3.900
144.7,3.900
144.7,3.900
144.8,3.900
144.8,3.900
144.8,3.900
144.8,3.900
144.9,3.900
144.9,3.900
144.9,3.900
144.9,3.900
144.9,3.900
145.0,3.900
145.0,3.900
145.1,3.900
145.1,3.900
145.2,3.900
145.2,3.900
145.2,3.900
145.3,3.900
145.3,3.900
145.3,3.900
145.3,3.900
145.3,3.900
145.4,3.900
145.4,3.900
145.4,3.900
145.5,3.900
145.5,3.900
145.6,3.900
145.6,3.900
145.6,3.900
145.6,3.900
145.7,3.900
145.7,3.900
145.7,3.900
145.7,3.900
145.7,3.900
145.8,3.900
145.8,3.900
145.8,3.900
145.9,3.900
145.9,3.900
146.0,3.900
146.0,3.900
146.0,3.900
146.0,3.900
146.0,3.900
146.1,3.900
146.1,3.900
146.1,3.900
146.1,3.900
146.2,3.900
146.2,3.900
146.3,3.900
146.3,3.900
146.4,3.900
146.4,3.900
146.4,3.900
146.4,3.900
146.5,3.900
146.5,3.900
146.5,3.900
146.5,3.900
146.5,3.900
146.6,3.900
146.5,3.900
146.6,3.900
146.6,3.900
146.7,3.900
146.7,3.900
146.7,3.900
146.7,3.900
146.7,3.900
146.7,3.900
146.7,3.900
146.8,3.900
146.8,3.900
146.8,3.900
146.9,3.900
146.8,3.900
146.9,3.900
146.9,3.900
146.9,3.900
146.9,3.900
147.0,3.900
147.0,3.900
147.0,3.900
147.1,3.900
147.1,3.900
147.1,3.900
147.1,3.900
147.2,3.900
147.2,3.900
147.2,3.900
147.2,3.900
147.2,3.900
147.3,3.900
147.3,3.900
147.3,3.900
147.3,3.900
147.3,3.900
147.3,3.900
147.4,3.900
147.4,3.900
147.5,3.900
147.5,3.900
147.6,3.900
147.6,3.900
147.6,3.900
147.6,3.900
147.7,3.900
147.7,3.900
147.7,3.900
147.7,3.900
147.7,3.900
147.8,3.900
147.8,3.900
147.9,3.900
147.9,3.900
147.9,3.900
147.9,3.900
147.9,3.900
147.9,3.900
147.9,3.900
147.9,3.900
147.9,3.900
147.9,3.900
148.0,3.900
148.0,3.900
148.0,3.900
148.1,3.900
148.1,3.900
148.1,3.900
148.2,3.900
148.2,3.900
148.2,3.900
148.2,3.900
148.3,3.900
148.3,3.900
148.3,3.900
148.3,3.900
148.4,3.900
148.4,3.900
148.4,3.900
148.4,3.900
148.4,3.900
148.4,3.900
148.4,3.900
148.4,3.900
148.4,3.900
148.5,3.900
148.6,3.900
148.6,3.900
148.6,3.900
148.6,3.900
148.7,3.900
148.7,3.900
148.8,3.900
148.8,3.900
148.8,3.900
148.8,3.900
148.8,3.900
148.8,3.900
148.8,3.900
148.8,3.900
148.8,3.900
148.8,3.900
148.9,3.900
149.0,3.900
149.0,3.900
149.0,3.900
149.1,3.900
149.1,3.900
149.1,3.900
149.2,3.900
149.2,3.900
149.2,3.905
149.2,3.905
149.3,3.905
149.3,3.905
149.3,3.905
149.3,3.905
149.3,3.905
149.3,3.905
149.3,3.905
149.3,3.905
149.3,3.905
149.4,3.905
149.4,3.905
149.5,3.905
149.4,3.905
149.5,3.905
149.5,3.905
149.6,3.905
149.6,3.905
149.6,3.905
149.6,3.905
149.7,3.905
149.7,3.905
149.7,3.905
149.8,3.905
149.8,3.905
149.8,3.905
149.8,3.905
149.8,3.905
149.8,3.905
149.8,3.905
149.8,3.905
149.8,3.905
149.9,3.905
149.9,3.905
149.9,3.905
149.9,3.905
150.0,3.905
150.0,3.905
150.1,3.905
150.1,3.905
150.1,3.905
150.1,3.905
150.1,3.905
150.1,3.905
150.1,3.905
150.1,3.905
150.2,3.905
150.2,3.905
150.3,3.905
150.3,3.905
150.3,3.905
150.4,3.905
150.4,3.905
150.4,3.905
150.4,3.905
150.5,3.905
150.5,3.905
150.5,3.905
150.5,3.905
150.6,3.905
150.6,3.905
150.6,3.905
150.6,3.905
150.6,3.905
150.6,3.905
150.6,3.905
150.6,3.905
150.6,3.905
150.6,3.905
150.6,3.905
150.7,3.905
150.8,3.905
150.8,3.905
150.8,3.905
150.8,3.905
150.8,3.905
150.8,3.905
150.8,3.905
150.8,3.905
150.8,3.905
150.8,3.905
151.0,3.905
150.9,3.905
150.9,3.905
151.0,3.905
151.0,3.905
151.1,3.905
151.1,3.905
151.1,3.905
151.1,3.905
151.1,3.905
151.1,3.905
151.1,3.905
151.1,3.905
151.1,3.905
151.2,3.905
151.3,3.905
151.3,3.905
151.3,3.905
151.3,3.905
151.4,3.905
151.4,3.905
151.4,3.905
151.4,3.905
151.5,3.905
151.5,3.905
151.5,3.905
151.5,3.905
151.5,3.905
151.5,3.905
151.6,3.905
151.6,3.905
151.7,3.905
151.7,3.905
151.7,3.905
151.7,3.905
151.7,3.905
151.7,3.905
151.7,3.905
151.7,3.905
151.7,3.905
151.8,3.905
151.8,3.905
151.9,3.905
151.9,3.905
151.9,3.905
151.9,3.905
151.9,3.905
151.9,3.905
151.9,3.905
151.9,3.905
151.9,3.905
152.0,3.905
152.1,3.905
152.0,3.905
152.1,3.905
152.1,3.905
152.1,3.905
152.2,3.905
152.2,3.905
152.2,3.905
152.2,3.905
152.2,3.905
152.3,3.905
152.3,3.905
152.3,3.905
152.3,3.905
152.4,3.905
152.4,3.905
152.4,3.905
152.4,3.905
152.4,3.905
152.5,3.905
152.5,3.905
152.5,3.905
152.5,3.905
152.6,3.905
152.5,3.905
152.5,3.905
152.5,3.905
152.6,3.905
152.6,3.905
152.6,3.905
152.6,3.905
152.6,3.905
152.7,3.905
152.7,3.905
152.7,3.905
152.8,3.905
152.8,3.905
152.8,3.905
152.9,3.905
152.9,3.905
153.0,3.905
153.0,3.905
153.0,3.905
153.0,3.905
153.1,3.905
153.1,3.905
153.1,3.905
153.1,3.905
153.2,3.905
153.1,3.905
153.2,3.905
153.2,3.905
153.3,3.905
153.3,3.905
153.3,3.905
153.3,3.905
153.3,3.905
153.4,3.905
153.3,3.905
153.3,3.905
153.3,3.905
153.4,3.905
153.5,3.905
153.5,3.905
153.5,3.905
153.5,3.905
153.6,3.905
153.6,3.905
153.6,3.905
153.7,3.905
153.7,3.905
153.7,3.905
153.7,3.905
153.7,3.905
153.7,3.905
153.7,3.905
153.8,3.905
153.8,3.905
153.9,3.905
153.9,3.905
153.9,3.905
153.9,3.905
153.9,3.905
153.9,3.905
153.9,3.905
154.0,3.905
154.0,3.905
154.1,3.905
154.1,3.905
154.1,3.905
154.1,3.905
154.2,3.905
154.2,3.905
154.2,3.905
154.3,3.905
154.3,3.905
154.3,3.905
154.3,3.905
154.4,3.905
154.4,3.905
154.4,3.905
154.4,3.910
154.4,3.910
154.4,3.910
154.4,3.910
154.4,3.910
154.4,3.910
154.5,3.910
154.5,3.910
154.6,3.910
154.6,3.910
154.6,3.910
154.6,3.910
154.7,3.910
154.7,3.910
154.7,3.910
154.7,3.910
154.8,3.910
154.8,3.910
154.7,3.910
154.7,3.910
154.8,3.910
154.9,3.910
154.9,3.910
154.9,3.910
154.9,3.910
154.9,3.910
155.0,3.910
155.0,3.910
155.0,3.910
155.0,3.910
155.0,3.910
155.0,3.910
155.1,3.910
155.0,3.910
155.1,3.910
155.1,3.910
155.2,3.910
155.2,3.910
155.2,3.910
155.2,3.910
155.2,3.910
155.2,3.910
155.2,3.910
155.3,3.910
155.3,3.910
155.3,3.910
155.4,3.910
155.4,3.910
155.4,3.910
155.4,3.910
155.5,3.910
155.5,3.910
155.6,3.910
155.6,3.910
155.6,3.910
155.6,3.910
155.6,3.910
155.7,3.910
155.7,3.910
155.7,3.910
155.7,3.910
155.7,3.910
155.8,3.910
155.8,3.910
155.8,3.910
155.8,3.910
155.9,3.910
155.9,3.910
155.9,3.910
156.0,3.910
156.0,3.910
156.0,3.910
156.0,3.910
156.0,3.910
156.0,3.910
156.1,3.910
156.1,3.910
156.2,3.910
156.2,3.910
156.2,3.910
156.2,3.910
156.2,3.910
156.2,3.910
156.2,3.910
156.2,3.910
156.2,3.910
156.2,3.910
156.2,3.910
156.2,3.910
156.3,3.910
156.3,3.910
156.4,3.910
156.4,3.910
156.4,3.910
156.4,3.910
156.4,3.910
156.4,3.910
156.4,3.910
156.5,3.910
156.5,3.910
156.6,3.910
156.6,3.910
156.6,3.910
156.6,3.910
156.6,3.910
156.6,3.910
156.6,3.910
156.6,3.910
156.7,3.910
156.7,3.910
156.8,3.910
156.8,3.910
156.8,3.910
156.8,3.910
156.9,3.910
156.9,3.910
156.9,3.910
157.0,3.910
157.0,3.910
156.9,3.910
156.9,3.910
156.9,3.910
156.9,3.910
157.0,3.910
157.0,3.910
157.0,3.910
157.0,3.910
157.1,3.910
157.1,3.910
157.2,3.910
157.2,3.910
157.2,3.910
157.2,3.910
157.2,3.910
157.3,3.910
157.2,3.910
157.3,3.910
157.3,3.910
157.4,3.910
157.4,3.910
157.3,3.910
157.3,3.910
157.3,3.910
157.3,3.910
157.4,3.910
157.4,3.910
157.5,3.910
157.5,3.910
157.5,3.910
157.6,3.910
157.6,3.910
157.6,3.910
157.6,3.910
157.6,3.910
157.6,3.910
157.6,3.910
157.6,3.910
157.6,3.910
157.6,3.910
157.8,3.910
157.8,3.910
157.8,3.910
157.8,3.910
157.8,3.910
157.8,3.910
157.8,3.910
157.8,3.910
157.8,3.910
157.8,3.910
157.9,3.910
157.9,3.910
157.9,3.910
158.0,3.910
158.0,3.910
158.0,3.910
158.0,3.910
158.0,3.910
158.0,3.910
158.0,3.910
158.0,3.910
158.0,3.910
158.1,3.910
158.1,3.910
158.1,3.910
158.1,3.910
158.1,3.910
158.1,3.910
158.1,3.910
158.1,3.910
158.1,3.910
158.2,3.910
158.2,3.910
158.2,3.910
158.3,3.910
158.3,3.910
158.3,3.910
158.3,3.910
158.3,3.910
158.3,3.910
158.3,3.910
158.3,3.910
158.3,3.910
158.4,3.910
158.4,3.910
158.4,3.910
158.4,3.910
158.5,3.910
158.5,3.910
158.5,3.910
158.5,3.910
158.5,3.910
158.5,3.910
158.5,3.910
158.6,3.910
158.6,3.910
158.6,3.910
158.6,3.910
158.6,3.910
158.6,3.910
158.7,3.910
158.7,3.910
158.7,3.910
158.7,3.910
158.7,3.910
158.7,3.910
158.7,3.910
158.8,3.910
158.8,3.910
158.8,3.910
158.8,3.910
158.9,3.910
158.9,3.910
158.9,3.910
159.0,3.910
158.9,3.910
158.9,3.910
158.9,3.910
158.9,3.910
159.0,3.910
159.0,3.910
159.0,3.910
159.0,3.910
159.1,3.910
159.0,3.910
159.0,3.910
159.0,3.910
159.1,3.910
159.1,3.910
159.2,3.910
159.2,3.910
159.2,3.910
159.2,3.910
159.2,3.910
159.2,3.910
159.2,3.910
159.2,3.910
159.3,3.910
159.3,3.910
159.4,3.910
159.4,3.910
159.4,3.910
159.4,3.910
159.4,3.910
159.4,3.910
159.4,3.910
159.4,3.910
159.4,3.910
159.4,3.910
159.5,3.910
159.5,3.910
159.6,3.910
159.6,3.910
159.6,3.910
159.6,3.910
159.6,3.910
159.6,3.915
159.6,3.915
159.6,3.915
159.6,3.915
159.7,3.915
159.7,3.915
159.8,3.915
159.8,3.915
159.8,3.915
159.8,3.915
159.8,3.915
159.8,3.915
159.8,3.915
159.8,3.915
159.8,3.915
159.8,3.915
159.8,3.915
159.9,3.915
159.9,3.915
159.9,3.915
159.9,3.915
160.0,3.915
160.0,3.915
160.0,3.915
160.0,3.915
160.1,3.915
160.0,3.915
160.0,3.915
160.1,3.915
160.1,3.915
160.1,3.915
160.1,3.915
160.1,3.915
160.1,3.915
160.1,3.915
160.2,3.915
160.3,3.915
160.2,3.915
160.3,3.915
160.3,3.915
160.3,3.915
160.3,3.915
160.3,3.915
160.3,3.915
160.3,3.915
160.3,3.915
160.4,3.915
160.4,3.915
160.4,3.915
160.4,3.915
160.5,3.915
160.5,3.915
160.5,3.915
160.6,3.915
160.6,3.915
160.6,3.915
160.6,3.915
160.6,3.915
160.6,3.915
160.6,3.915
160.6,3.915
160.6,3.915
160.7,3.915
160.7,3.915
160.8,3.915
160.8,3.915
160.8,3.915
160.8,3.915
160.8,3.915
160.8,3.915
160.8,3.915
160.8,3.915
160.8,3.915
160.8,3.915
160.8,3.915
160.8,3.915
160.8,3.915
160.8,3.915
160.9,3.915
160.9,3.915
160.9,3.915
160.9,3.915
161.0,3.915
161.0,3.915
161.0,3.915
161.1,3.915
161.0,3.915
161.0,3.915
161.0,3.915
161.0,3.915
161.0,3.915
161.1,3.915
161.1,3.915
161.1,3.915
161.1,3.915
161.1,3.915
161.1,3.915
161.1,3.915
161.2,3.915
161.2,3.915
161.2,3.915
161.3,3.915
161.3,3.915
161.2,3.915
161.2,3.915
161.2,3.915
161.4,3.915
161.4,3.915
161.4,3.915
161.4,3.915
161.4,3.915
161.5,3.915
161.4,3.915
161.4,3.915
161.4,3.915
161.5,3.915
161.5,3.915
161.5,3.915
161.5,3.915
161.5,3.915
161.5,3.915
161.5,3.915
161.5,3.915
161.5,3.915
161.6,3.915
161.6,3.915
161.7,3.915
161.6,3.915
161.6,3.915
161.6,3.915
161.6,3.915
161.7,3.915
161.7,3.915
161.7,3.915
161.7,3.915
161.7,3.915
161.7,3.915
161.7,3.915
161.8,3.915
161.8,3.915
161.8,3.915
161.9,3.915
161.9,3.915
161.9,3.915
161.9,3.915
161.9,3.915
161.9,3.915
161.9,3.915
161.9,3.915
162.0,3.915
162.0,3.915
162.0,3.915
162.0,3.915
162.0,3.915
162.0,3.915
162.0,3.915
162.1,3.915
162.1,3.915
162.1,3.915
162.1,3.915
162.2,3.915
162.1,3.915
162.1,3.915
162.2,3.915
162.2,3.915
162.2,3.915
162.2,3.915
162.2,3.915
162.2,3.915
162.3,3.915
162.3,3.915
162.4,3.915
162.3,3.915
162.4,3.915
162.4,3.915
162.4,3.915
162.4,3.915
162.4,3.915
162.4,3.915
162.4,3.915
162.4,3.915
162.4,3.915
162.4,3.915
162.5,3.915
162.5,3.915
162.5,3.915
162.5,3.915
162.6,3.915
162.6,3.915
162.6,3.915
162.6,3.915
162.6,3.915
162.6,3.915
162.6,3.915
162.7,3.915
162.7,3.915
162.8,3.915
162.8,3.915
162.8,3.915
162.8,3.915
162.8,3.915
162.8,3.915
162.8,3.915
162.8,3.915
162.8,3.915
162.8,3.915
162.9,3.915
162.9,3.915
163.0,3.915
163.0,3.915
163.0,3.915
163.0,3.915
163.0,3.915
163.0,3.915
163.0,3.915
163.1,3.915
163.1,3.915
163.1,3.915
163.1,3.915
163.1,3.915
163.1,3.915
163.1,3.915
163.2,3.915
163.2,3.915
163.2,3.915
163.2,3.915
163.2,3.915
163.2,3.915
163.2,3.915
163.2,3.915
163.3,3.915
163.3,3.915
163.3,3.915
163.3,3.915
163.3,3.915
163.3,3.915
163.3,3.915
163.3,3.915
163.5,3.915
163.5,3.915
163.5,3.915
163.5,3.915
163.5,3.915
163.5,3.915
163.6,3.915
163.6,3.915
163.6,3.915
163.6,3.915
163.6,3.915
163.6,3.915
163.6,3.915
163.6,3.915
163.6,3.915
163.6,3.915
163.6,3.915
163.6,3.915
163.7,3.915
163.7,3.915
163.7,3.915
163.7,3.915
163.7,3.915
163.7,3.915
163.7,3.915
163.7,3.915
163.8,3.915
163.8,3.915
163.8,3.915
163.8,3.915
163.8,3.915
163.8,3.915
163.8,3.915
163.9,3.915
163.9,3.915
164.0,3.915
164.0,3.915
164.0,3.915
164.0,3.915
164.0,3.915
164.1,3.915
164.1,3.915
164.1,3.915
164.1,3.915
164.1,3.915
164.2,3.915
164.1,3.915
164.1,3.915
164.1,3.915
164.1,3.915
164.2,3.915
164.2,3.915
164.2,3.915
164.2,3.915
164.2,3.915
164.2,3.915
164.2,3.915
164.3,3.915
164.3,3.915
164.4,3.915
164.4,3.915
164.4,3.915
164.4,3.915
164.4,3.915
164.4,3.915
164.4,3.915
164.4,3.915
164.4,3.915
164.4,3.915
164.4,3.915
164.5,3.920
164.5,3.920
164.6,3.920
164.6,3.920
164.6,3.920
164.6,3.920
164.6,3.920
164.6,3.920
164.6,3.920
164.6,3.920
164.6,3.920
164.7,3.920
164.7,3.920
164.7,3.920
164.7,3.920
164.7,3.920
164.8,3.920
164.8,3.920
164.8,3.920
164.8,3.920
164.8,3.920
164.8,3.920
164.8,3.920
164.9,3.920
164.9,3.920
164.9,3.920
164.9,3.920
164.9,3.920
165.0,3.920
165.0,3.920
165.1,3.920
165.1,3.920
165.1,3.920
165.1,3.920
165.1,3.920
165.1,3.920
165.1,3.920
165.1,3.920
165.1,3.920
165.1,3.920
165.2,3.920
165.2,3.920
165.2,3.920
165.2,3.920
165.2,3.920
165.2,3.920
165.3,3.920
165.3,3.920
165.3,3.920
165.3,3.920
165.3,3.920
165.4,3.920
165.4,3.920
165.4,3.920
165.4,3.920
165.4,3.920
165.4,3.920
165.4,3.920
165.4,3.920
165.5,3.920
165.5,3.920
165.5,3.920
165.5,3.920
165.5,3.920
165.5,3.920
165.6,3.920
165.6,3.920
165.6,3.920
165.6,3.920
165.7,3.920
165.7,3.920
165.8,3.920
165.8,3.920
165.8,3.920
165.8,3.920
165.9,3.920
165.9,3.920
165.9,3.920
165.9,3.920
165.9,3.920
165.9,3.920
165.9,3.920
165.9,3.920
165.9,3.920
166.0,3.920
166.0,3.920
166.0,3.920
166.1,3.920
166.1,3.920
166.1,3.920
166.1,3.920
166.1,3.920
166.1,3.920
166.1,3.920
166.1,3.920
166.1,3.920
166.2,3.920
166.2,3.920
166.2,3.920
166.2,3.920
166.2,3.920
166.2,3.920
166.3,3.920
166.3,3.920
166.3,3.920
166.3,3.920
166.3,3.920
166.3,3.920
166.4,3.920
166.4,3.920
166.5,3.920
166.5,3.920
166.5,3.920
166.5,3.920
166.6,3.920
166.6,3.920
166.6,3.920
166.6,3.920
166.6,3.920
166.6,3.920
166.6,3.920
166.6,3.920
166.6,3.920
166.7,3.920
166.7,3.920
166.7,3.920
166.7,3.920
166.7,3.920
166.7,3.920
166.8,3.920
166.8,3.920
166.8,3.920
166.8,3.920
166.8,3.920
166.8,3.920
166.8,3.920
166.9,3.920
166.9,3.920
167.0,3.920
167.0,3.920
167.0,3.920
167.0,3.920
167.0,3.920
167.1,3.920
167.1,3.920
167.1,3.920
167.1,3.920
167.1,3.920
167.1,3.920
167.1,3.920
167.1,3.920
167.3,3.920
167.2,3.920
167.3,3.920
167.3,3.920
167.4,3.920
167.4,3.920
167.4,3.920
167.4,3.920
167.4,3.920
167.4,3.920
167.4,3.920
167.5,3.920
167.4,3.920
167.5,3.920
167.5,3.920
167.6,3.920
167.6,3.920
167.6,3.920
167.6,3.920
167.6,3.920
167.6,3.920
167.6,3.920
167.6,3.920
167.6,3.920
167.7,3.920
167.7,3.920
167.7,3.920
167.7,3.920
167.8,3.920
167.7,3.920
167.7,3.920
167.8,3.920
167.8,3.920
167.8,3.920
167.8,3.920
167.9,3.920
168.0,3.920
168.0,3.920
168.0,3.920
168.1,3.920
168.1,3.920
168.1,3.920
168.1,3.920
168.1,3.920
168.1,3.920
168.1,3.920
168.1,3.920
168.1,3.920
168.1,3.920
168.2,3.920
168.2,3.920
168.2,3.920
168.2,3.920
168.2,3.920
168.2,3.920
168.2,3.920
168.3,3.920
168.3,3.920
168.4,3.920
168.4,3.920
168.4,3.920
168.5,3.920
168.5,3.920
168.5,3.920
168.6,3.920
168.6,3.920
168.6,3.920
168.6,3.920
168.6,3.920
168.6,3.920
168.6,3.920
168.7,3.920
168.7,3.920
168.7,3.920
168.7,3.920
168.8,3.920
168.8,3.920
168.7,3.920
168.7,3.920
168.8,3.920
168.8,3.920
168.8,3.920
168.8,3.920
168.9,3.920
169.0,3.920
169.0,3.920
169.0,3.920
169.0,3.920
169.0,3.920
169.0,3.920
169.0,3.920
169.0,3.920
169.0,3.920
169.2,3.920
169.2,3.920
169.2,3.920
169.2,3.920
169.2,3.920
169.2,3.920
169.2,3.920
169.2,3.920
169.2,3.920
169.2,3.920
169.3,3.920
169.3,3.920
169.4,3.920
169.4,3.920
169.5,3.920
169.5,3.920
169.6,3.920
169.6,3.920
169.6,3.920
169.6,3.920
169.6,3.920
169.6,3.920
169.6,3.920
169.6,3.920
169.6,3.920
169.7,3.920
169.7,3.920
169.8,3.920
169.8,3.920
169.8,3.920
169.8,3.920
169.8,3.920
169.9,3.925
169.9,3.925
169.9,3.925
170.0,3.925
170.0,3.925
170.0,3.925
170.0,3.925
170.1,3.925
170.1,3.925
170.1,3.925
170.2,3.925
170.2,3.925
170.2,3.925
170.2,3.925
170.3,3.925
170.3,3.925
170.3,3.925
170.3,3.925
170.3,3.925
170.3,3.925
170.3,3.925
170.3,3.925
170.3,3.925
170.4,3.925
170.4,3.925
170.4,3.925
170.4,3.925
170.4,3.925
170.4,3.925
170.5,3.925
170.6,3.925
170.6,3.925
170.7,3.925
170.7,3.925
170.7,3.925
170.7,3.925
170.8,3.925
170.8,3.925
170.8,3.925
170.8,3.925
170.8,3.925
170.8,3.925
170.8,3.925
170.8,3.925
170.9,3.925
170.9,3.925
170.9,3.925
171.0,3.925
171.0,3.925
171.0,3.925
171.0,3.925
171.1,3.925
171.1,3.925
171.1,3.925
171.1,3.925
171.1,3.925
171.2,3.925
171.2,3.925
171.2,3.925
171.2,3.925
171.2,3.925
171.2,3.925
171.2,3.925
171.2,3.925
171.2,3.925
171.3,3.925
171.4,3.925
171.4,3.925
171.4,3.925
171.5,3.925
171.5,3.925
171.6,3.925
171.6,3.925
171.6,3.925
171.6,3.925
171.6,3.925
171.6,3.925
171.6,3.925
171.6,3.925
171.6,3.925
171.6,3.925
171.7,3.925
171.7,3.925
171.7,3.925
171.7,3.925
171.7,3.925
171.7,3.925
171.8,3.925
171.8,3.925
171.9,3.925
171.9,3.925
172.0,3.925
172.0,3.925
172.0,3.925
172.0,3.925
172.0,3.925
172.0,3.925
172.0,3.925
172.0,3.925
172.0,3.925
172.0,3.925
172.1,3.925
172.1,3.925
172.2,3.925
172.2,3.925
172.2,3.925
172.2,3.925
172.2,3.925
172.3,3.925
172.3,3.925
172.3,3.925
172.3,3.925
172.3,3.925
172.4,3.925
172.4,3.925
172.5,3.925
172.5,3.925
172.5,3.925
172.5,3.925
172.5,3.925
172.5,3.925
172.5,3.925
172.5,3.925
172.6,3.925
172.6,3.925
172.6,3.925
172.6,3.925
172.6,3.925
172.6,3.925
172.6,3.925
172.6,3.925
172.7,3.925
172.7,3.925
172.7,3.925
172.8,3.925
172.8,3.925
172.8,3.925
172.8,3.925
172.9,3.925
172.8,3.925
172.8,3.925
172.8,3.925
172.9,3.925
172.9,3.925
173.0,3.925
173.0,3.925
173.0,3.925
173.0,3.925
173.1,3.925
173.0,3.925
173.0,3.925
173.0,3.925
173.1,3.925
173.1,3.925
173.2,3.925
173.2,3.925
173.2,3.925
173.3,3.925
173.3,3.925
173.3,3.925
173.3,3.925
173.3,3.925
173.3,3.925
173.3,3.925
173.3,3.925
173.3,3.925
173.4,3.925
173.4,3.925
173.4,3.925
173.5,3.925
173.5,3.925
173.5,3.925
173.6,3.925
173.6,3.925
173.6,3.925
173.7,3.925
173.7,3.925
173.7,3.925
173.7,3.925
173.7,3.925
173.7,3.925
173.7,3.925
173.7,3.925
173.7,3.925
173.7,3.925
173.8,3.925
173.8,3.925
173.8,3.925
173.8,3.925
173.8,3.925
173.9,3.925
174.0,3.925
174.0,3.925
174.0,3.925
174.0,3.925
174.0,3.925
174.1,3.925
174.0,3.925
174.0,3.925
174.2,3.925
174.2,3.925
174.2,3.925
174.2,3.925
174.3,3.925
174.3,3.925
174.3,3.925
174.3,3.925
174.3,3.925
174.3,3.925
174.4,3.925
174.3,3.925
174.3,3.925
174.3,3.925
174.4,3.925
174.5,3.925
174.4,3.925
174.4,3.925
174.5,3.925
174.6,3.925
174.6,3.925
174.6,3.925
174.7,3.925
174.7,3.925
174.7,3.925
174.7,3.925
174.7,3.925
174.7,3.925
174.7,3.925
174.7,3.925
174.7,3.925
174.7,3.925
174.8,3.925
174.9,3.925
174.9,3.925
174.9,3.925
174.9,3.925
175.0,3.925
175.0,3.925
175.0,3.925
175.0,3.925
175.0,3.925
175.1,3.925
175.1,3.925
175.1,3.925
175.1,3.925
175.1,3.925
175.2,3.925
175.2,3.925
175.2,3.925
175.3,3.925
175.3,3.930
175.3,3.930
175.3,3.930
175.3,3.930
175.4,3.930
175.4,3.930
175.5,3.930
175.5,3.930
175.5,3.930
175.5,3.930
175.5,3.930
175.5,3.930
175.5,3.930
175.5,3.930
175.5,3.930
175.5,3.930
175.5,3.930
175.6,3.930
175.6,3.930
175.6,3.930
175.7,3.930
175.7,3.930
175.8,3.930
175.8,3.930
175.8,3.930
175.8,3.930
175.8,3.930
175.9,3.930
175.8,3.930
175.9,3.930
175.9,3.930
175.9,3.930
176.0,3.930
176.0,3.930
176.0,3.930
176.1,3.930
176.1,3.930
176.1,3.930
176.1,3.930
176.1,3.930
176.2,3.930
176.2,3.930
176.2,3.930
176.2,3.930
176.2,3.930
176.3,3.930
176.3,3.930
176.3,3.930
176.3,3.930
176.4,3.930
176.4,3.930
176.4,3.930
176.4,3.930
176.4,3.930
176.4,3.930
176.4,3.930
176.4,3.930
176.5,3.930
176.5,3.930
176.5,3.930
176.5,3.930
176.6,3.930
176.6,3.930
176.6,3.930
176.7,3.930
176.7,3.930
176.7,3.930
176.7,3.930
176.7,3.930
176.7,3.930
176.8,3.930
176.8,3.930
176.8,3.930
176.8,3.930
176.8,3.930
176.8,3.930
176.8,3.930
176.8,3.930
176.8,3.930
177.0,3.930
177.0,3.930
177.0,3.930
177.0,3.930
177.1,3.930
177.1,3.930
177.1,3.930
177.1,3.930
177.1,3.930
177.1,3.930
177.1,3.930
177.1,3.930
177.2,3.930
177.2,3.930
177.2,3.930
177.2,3.930
177.3,3.930
177.3,3.930
177.3,3.930
177.3,3.930
177.3,3.930
177.3,3.930
177.3,3.930
177.3,3.930
177.3,3.930
177.5,3.930
177.5,3.930
177.5,3.930
177.6,3.930
177.6,3.930
177.6,3.930
177.6,3.930
177.6,3.930
177.7,3.930
177.7,3.930
177.7,3.930
177.7,3.930
177.7,3.930
177.7,3.930
177.7,3.930
177.7,3.930
177.7,3.930
177.8,3.930
177.8,3.930
177.8,3.930
177.8,3.930
177.9,3.930
177.9,3.930
177.9,3.930
177.9,3.930
177.9,3.930
178.0,3.930
178.1,3.930
178.0,3.930
178.0,3.930
178.0,3.930
178.0,3.930
178.0,3.930
178.0,3.930
178.0,3.930
178.1,3.930
178.1,3.930
178.2,3.930
178.2,3.930
178.2,3.930
178.2,3.930
178.3,3.930
178.3,3.930
178.3,3.930
178.3,3.930
178.4,3.930
178.3,3.930
178.3,3.930
178.3,3.930
178.4,3.930
178.4,3.930
178.4,3.930
178.4,3.930
178.4,3.930
178.4,3.930
178.5,3.930
178.5,3.930
178.5,3.930
178.6,3.930
178.6,3.930
178.6,3.930
178.6,3.930
178.6,3.930
178.7,3.930
178.6,3.930
178.7,3.930
178.7,3.930
178.7,3.930
178.8,3.930
178.7,3.930
178.7,3.930
178.7,3.930
178.8,3.930
178.9,3.930
178.9,3.930
178.9,3.930
178.9,3.930
178.9,3.930
178.9,3.930
178.9,3.930
178.9,3.930
178.9,3.930
179.0,3.930
179.1,3.930
179.1,3.930
179.1,3.930
179.1,3.930
179.1,3.930
179.1,3.930
179.1,3.930
179.1,3.930
179.1,3.930
179.2,3.930
179.3,3.930
179.3,3.930
179.3,3.930
179.3,3.930
179.3,3.930
179.3,3.930
179.3,3.930
179.3,3.930
179.3,3.930
179.3,3.930
179.4,3.930
179.4,3.930
179.5,3.930
179.5,3.930
179.5,3.930
179.5,3.930
179.5,3.930
179.5,3.930
179.5,3.930
179.5,3.930
179.6,3.930
179.6,3.930
179.7,3.930
179.7,3.930
179.7,3.930
179.7,3.930
179.7,3.930
179.7,3.930
179.7,3.930
179.7,3.930
179.7,3.930
179.7,3.930
179.8,3.930
179.8,3.930
179.8,3.930
179.8,3.930
179.8,3.930
179.8,3.930
179.9,3.930
179.9,3.930
179.9,3.930
179.9,3.930
179.9,3.930
179.9,3.930
180.0,3.930
180.0,3.930
180.1,3.930
180.1,3.930
180.1,3.930
180.1,3.930
180.1,3.930
180.1,3.930
180.1,3.930
180.2,3.930
180.2,3.930
180.3,3.930
180.2,3.930
180.2,3.930
180.2,3.930
180.3,3.930
180.3,3.930
180.3,3.930
180.3,3.930
180.3,3.930
180.3,3.930
180.3,3.930
180.4,3.930
180.4,3.930
180.4,3.930
180.4,3.930
180.4,3.930
180.4,3.930
180.4,3.930
180.5,3.930
180.5,3.930
180.5,3.930
180.5,3.930
180.6,3.930
180.6,3.930
180.6,3.930
180.7,3.930
180.7,3.930
180.7,3.930
180.7,3.930
180.7,3.930
180.7,3.935
180.7,3.935
180.7,3.935
180.7,3.935
180.8,3.935
180.9,3.935
180.9,3.935
180.9,3.935
180.9,3.935
180.9,3.935
180.9,3.935
180.9,3.935
180.9,3.935
180.9,3.935
180.9,3.935
181.0,3.935
181.0,3.935
181.0,3.935
181.0,3.935
181.0,3.935
181.0,3.935
181.0,3.935
181.1,3.935
181.1,3.935
181.1,3.935
181.1,3.935
181.1,3.935
181.2,3.935
181.2,3.935
181.2,3.935
181.2,3.935
181.2,3.935
181.2,3.935
181.2,3.935
181.3,3.935
181.3,3.935
181.3,3.935
181.3,3.935
181.3,3.935
181.3,3.935
181.4,3.935
181.4,3.935
181.4,3.935
181.5,3.935
181.5,3.935
181.5,3.935
181.5,3.935
181.5,3.935
181.5,3.935
181.5,3.935
181.5,3.935
181.5,3.935
181.5,3.935
181.5,3.935
181.5,3.935
181.5,3.935
181.6,3.935
181.6,3.935
181.7,3.935
181.7,3.935
181.7,3.935
181.7,3.935
181.7,3.935
181.7,3.935
181.7,3.935
181.7,3.935
181.7,3.935
181.7,3.935
181.7,3.935
181.7,3.935
181.7,3.935
181.8,3.935
181.9,3.935
181.9,3.935
181.9,3.935
181.9,3.935
181.9,3.935
181.9,3.935
181.9,3.935
181.9,3.935
182.0,3.935
182.0,3.935
182.0,3.935
182.0,3.935
182.0,3.935
182.0,3.935
182.0,3.935
182.1,3.935
182.1,3.935
182.1,3.935
182.1,3.935
182.1,3.935
182.1,3.935
182.1,3.935
182.1,3.935
182.2,3.935
182.2,3.935
182.2,3.935
182.2,3.935
182.2,3.935
182.2,3.935
182.2,3.935
182.2,3.935
182.2,3.935
182.3,3.935
182.3,3.935
182.3,3.935
182.3,3.935
182.3,3.935
182.3,3.935
182.3,3.935
182.4,3.935
182.4,3.935
182.4,3.935
182.4,3.935
182.4,3.935
182.4,3.935
182.4,3.935
182.4,3.935
182.4,3.935
182.5,3.935
182.5,3.935
182.6,3.935
182.6,3.935
182.6,3.935
182.7,3.935
182.7,3.935
182.7,3.935
182.7,3.935
182.7,3.935
182.7,3.935
182.7,3.935
182.7,3.935
182.7,3.935
182.8,3.935
182.8,3.935
182.9,3.935
182.9,3.935
182.9,3.935
182.9,3.935
182.9,3.935
182.9,3.935
182.9,3.935
182.9,3.935
182.9,3.935
182.9,3.935
183.0,3.935
183.0,3.935
183.0,3.935
183.0,3.935
183.0,3.935
183.0,3.935
183.0,3.935
183.1,3.935
183.1,3.935
183.1,3.935
183.1,3.935
183.1,3.935
183.1,3.935
183.2,3.935
183.2,3.935
183.2,3.935
183.2,3.935
183.2,3.935
183.2,3.935
183.2,3.935
183.3,3.935
183.3,3.935
183.3,3.935
183.3,3.935
183.3,3.935
183.3,3.935
183.4,3.935
183.4,3.935
183.5,3.935
183.4,3.935
183.5,3.935
183.5,3.935
183.6,3.935
183.5,3.935
183.5,3.935
183.5,3.935
183.6,3.935
183.6,3.935
183.6,3.935
183.6,3.935
183.6,3.935
183.6,3.935
183.6,3.935
183.7,3.935
183.7,3.935
183.7,3.935
183.7,3.935
183.7,3.935
183.7,3.935
183.8,3.935
183.8,3.935
183.9,3.935
183.9,3.935
183.9,3.935
184.0,3.935
184.0,3.935
183.9,3.935
183.9,3.935
183.9,3.935
183.9,3.935
184.0,3.935
184.0,3.935
184.0,3.935
184.0,3.935
184.1,3.935
184.1,3.935
184.2,3.935
184.2,3.935
184.2,3.935
184.2,3.935
184.2,3.935
184.2,3.935
184.2,3.935
184.2,3.935
184.2,3.935
184.3,3.935
184.3,3.935
184.4,3.935
184.3,3.935
184.3,3.935
184.3,3.935
184.4,3.935
184.4,3.935
184.4,3.935
184.4,3.935
184.4,3.935
184.4,3.935
184.5,3.935
184.5,3.935
184.6,3.935
184.6,3.935
184.6,3.935
184.6,3.935
184.6,3.935
184.6,3.935
184.6,3.935
184.7,3.935
184.7,3.935
184.7,3.935
184.7,3.935
184.7,3.935
184.7,3.935
184.8,3.935
184.8,3.935
184.8,3.935
184.8,3.935
184.8,3.935
184.8,3.935
185.0,3.935
185.0,3.935
185.0,3.935
185.0,3.935
185.0,3.935
185.1,3.935
185.1,3.935
185.1,3.935
185.1,3.935
185.1,3.935
185.1,3.935
185.1,3.935
185.2,3.935
185.2,3.935
185.2,3.935
185.3,3.935
185.2,3.935
185.2,3.935
185.2,3.935
185.2,3.935
185.2,3.935
185.3,3.935
185.3,3.935
185.3,3.935
185.3,3.935
185.3,3.935
185.3,3.935
185.4,3.935
185.4,3.935
185.4,3.935
185.4,3.935
185.5,3.935
185.5,3.935
185.5,3.935
185.6,3.935
185.6,3.935
185.6,3.935
185.6,3.935
185.6,3.935
185.7,3.935
185.6,3.935
185.6,3.935
185.6,3.935
185.7,3.935
185.7,3.935
185.7,3.935
185.7,3.935
185.8,3.935
185.8,3.935
185.9,3.935
185.9,3.935
185.9,3.935
185.9,3.935
186.0,3.935
186.0,3.935
186.0,3.935
186.0,3.935
186.0,3.935
186.0,3.940
186.0,3.940
186.0,3.940
186.0,3.940
186.0,3.940
186.0,3.940
186.0,3.940
186.1,3.940
186.1,3.940
186.1,3.940
186.1,3.940
186.2,3.940
186.2,3.940
186.2,3.940
186.2,3.940
186.3,3.940
186.3,3.940
186.3,3.940
186.3,3.940
186.3,3.940
186.3,3.940
186.3,3.940
186.3,3.940
186.4,3.940
186.4,3.940
186.4,3.940
186.5,3.940
186.5,3.940
186.5,3.940
186.5,3.940
186.5,3.940
186.5,3.940
186.5,3.940
186.5,3.940
186.5,3.940
186.5,3.940
186.5,3.940
186.6,3.940
186.6,3.940
186.6,3.940
186.6,3.940
186.6,3.940
186.6,3.940
186.6,3.940
186.6,3.940
186.7,3.940
186.8,3.940
186.8,3.940
186.8,3.940
186.8,3.940
186.8,3.940
186.8,3.940
186.8,3.940
186.8,3.940
186.8,3.940
186.8,3.940
187.0,3.940
187.0,3.940
187.0,3.940
187.0,3.940
187.0,3.940
187.0,3.940
187.0,3.940
187.0,3.940
187.0,3.940
187.0,3.940
187.1,3.940
187.1,3.940
187.2,3.940
187.2,3.940
187.2,3.940
187.3,3.940
187.3,3.940
187.2,3.940
187.2,3.940
187.2,3.940
187.3,3.940
187.3,3.940
187.3,3.940
187.4,3.940
187.4,3.940
187.4,3.940
187.4,3.940
187.4,3.940
187.4,3.940
187.4,3.940
187.4,3.940
187.4,3.940
187.5,3.940
187.6,3.940
187.6,3.940
187.6,3.940
187.6,3.940
187.6,3.940
187.6,3.940
187.6,3.940
187.6,3.940
187.6,3.940
187.6,3.940
187.7,3.940
187.6,3.940
187.7,3.940
187.8,3.940
187.8,3.940
187.8,3.940
187.8,3.940
187.8,3.940
187.8,3.940
187.8,3.940
187.8,3.940
187.9,3.940
187.9,3.940
188.0,3.940
188.0,3.940
188.0,3.940
188.0,3.940
188.0,3.940
188.0,3.940
188.0,3.940
188.0,3.940
188.0,3.940
188.0,3.940
188.0,3.940
188.0,3.940
188.0,3.940
188.1,3.940
188.1,3.940
188.1,3.940
188.1,3.940
188.1,3.940
188.1,3.940
188.1,3.940
188.1,3.940
188.2,3.940
188.2,3.940
188.2,3.940
188.3,3.940
188.3,3.940
188.3,3.940
188.3,3.940
188.4,3.940
188.4,3.940
188.4,3.940
188.4,3.940
188.4,3.940
188.4,3.940
188.4,3.940
188.4,3.940
188.4,3.940
188.4,3.940
188.6,3.940
188.5,3.940
188.5,3.940
188.5,3.940
188.5,3.940
188.6,3.940
188.6,3.940
188.6,3.940
188.6,3.940
188.6,3.940
188.6,3.940
188.6,3.940
188.6,3.940
188.7,3.940
188.7,3.940
188.7,3.940
188.7,3.940
188.7,3.940
188.7,3.940
188.8,3.940
188.8,3.940
188.8,3.940
188.8,3.940
188.8,3.940
188.8,3.940
188.8,3.940
188.8,3.940
188.8,3.940
188.9,3.940
189.0,3.940
188.9,3.940
188.9,3.940
188.9,3.940
188.9,3.940
189.0,3.940
189.0,3.940
189.0,3.940
189.0,3.940
189.0,3.940
189.0,3.940
189.1,3.940
189.1,3.940
189.1,3.940
189.1,3.940
189.2,3.940
189.2,3.940
189.2,3.940
189.2,3.940
189.2,3.940
189.2,3.940
189.2,3.940
189.2,3.940
189.3,3.940
189.3,3.940
189.3,3.940
189.4,3.940
189.3,3.940
189.3,3.940
189.3,3.940
189.3,3.940
189.4,3.940
189.4,3.940
189.4,3.940
189.4,3.940
189.5,3.940
189.5,3.940
189.5,3.940
189.5,3.940
189.5,3.940
189.5,3.940
189.5,3.940
189.6,3.940
189.6,3.940
189.6,3.940
189.6,3.940
189.6,3.940
189.6,3.940
189.7,3.940
189.7,3.940
189.7,3.940
189.7,3.940
189.7,3.940
189.7,3.940
189.7,3.940
189.7,3.940
189.7,3.940
189.7,3.940
189.8,3.940
189.8,3.940
189.8,3.940
189.8,3.940
189.9,3.940
189.9,3.940
189.9,3.940
189.9,3.940
190.0,3.940
190.0,3.940
190.0,3.940
190.1,3.940
190.1,3.940
190.1,3.940
190.1,3.940
190.1,3.940
190.1,3.940
190.1,3.940
190.1,3.940
190.1,3.940
190.1,3.940
190.1,3.940
190.2,3.940
190.2,3.940
190.2,3.940
190.2,3.940
190.2,3.940
190.2,3.940
190.3,3.940
190.3,3.940
190.3,3.940
190.3,3.940
190.3,3.940
190.3,3.940
190.4,3.940
190.4,3.940
190.4,3.940
190.4,3.940
190.4,3.940
190.4,3.940
190.4,3.940
190.4,3.940
190.4,3.940
190.4,3.940
190.4,3.940
190.5,3.940
190.5,3.940
190.5,3.940
190.5,3.940
190.5,3.940
190.5,3.940
190.5,3.940
190.6,3.940
190.6,3.940
190.6,3.940
190.6,3.940
190.7,3.940
190.7,3.940
190.7,3.940
190.7,3.940
190.7,3.940
190.7,3.940
190.7,3.940
190.7,3.940
190.8,3.940
190.8,3.940
190.8,3.940
190.8,3.940
190.8,3.940
190.8,3.940
190.8,3.940
190.8,3.940
190.8,3.940
190.9,3.940
190.9,3.940
190.9,3.940
190.9,3.940
190.9,3.940
190.9,3.940
191.0,3.940
191.0,3.940
191.0,3.940
191.0,3.945
191.0,3.945
191.0,3.945
191.1,3.945
191.1,3.945
191.1,3.945
191.1,3.945
191.1,3.945
191.1,3.945
191.1,3.945
191.1,3.945
191.1,3.945
191.1,3.945
191.1,3.945
191.1,3.945
191.1,3.945
191.2,3.945
191.2,3.945
191.2,3.945
191.2,3.945
191.2,3.945
191.2,3.945
191.2,3.945
191.2,3.945
191.3,3.945
191.3,3.945
191.3,3.945
191.4,3.945
191.4,3.945
191.4,3.945
191.5,3.945
191.4,3.945
191.4,3.945
191.4,3.945
191.4,3.945
191.4,3.945
191.4,3.945
191.4,3.945
191.4,3.945
191.4,3.945
191.5,3.945
191.5,3.945
191.5,3.945
191.5,3.945
191.5,3.945
191.5,3.945
191.5,3.945
191.5,3.945
191.5,3.945
191.5,3.945
191.5,3.945
191.5,3.945
191.5,3.945
191.5,3.945
191.5,3.945
191.6,3.945
191.6,3.945
191.6,3.945
191.6,3.945
191.6,3.945
191.6,3.945
191.6,3.945
191.7,3.945
191.7,3.945
191.7,3.945
191.7,3.945
191.7,3.945
191.7,3.945
191.7,3.945
191.8,3.945
191.8,3.945
191.8,3.945
191.8,3.945
191.8,3.945
191.8,3.945
191.8,3.945
191.8,3.945
191.9,3.945
191.9,3.945
191.9,3.945
191.9,3.945
191.9,3.945
191.9,3.945
191.9,3.945
191.9,3.945
191.9,3.945
191.9,3.945
191.9,3.945
191.9,3.945
191.9,3.945
192.0,3.945
192.0,3.945
192.0,3.945
192.0,3.945
192.0,3.945
192.0,3.945
192.0,3.945
192.0,3.945
192.0,3.945
192.1,3.945
192.1,3.945
192.1,3.945
192.1,3.945
192.1,3.945
192.1,3.945
192.1,3.945
192.1,3.945
192.2,3.945
192.2,3.945
192.2,3.945
192.2,3.945
192.2,3.945
192.2,3.945
192.2,3.945
192.3,3.945
192.3,3.945
192.3,3.945
192.3,3.945
192.3,3.945
192.3,3.945
192.3,3.945
192.3,3.945
192.3,3.945
192.3,3.945
192.3,3.945
192.4,3.945
192.4,3.945
192.4,3.945
192.4,3.945
192.4,3.945
192.4,3.945
192.4,3.945
192.4,3.945
192.4,3.945
192.4,3.945
192.4,3.945
192.4,3.945
192.5,3.945
192.5,3.945
192.5,3.945
192.5,3.945
192.5,3.945
192.5,3.945
192.5,3.945
192.6,3.945
192.6,3.945
192.6,3.945
192.6,3.945
192.6,3.945
192.6,3.945
192.6,3.945
192.7,3.945
192.7,3.945
192.7,3.945
192.7,3.945
192.7,3.945
192.7,3.945
192.7,3.945
192.8,3.945
192.8,3.945
192.8,3.945
192.8,3.945
192.8,3.945
192.8,3.945
192.8,3.945
192.8,3.945
192.8,3.945
192.8,3.945
192.8,3.945
192.9,3.945
192.9,3.945
192.9,3.945
192.9,3.945
192.9,3.945
192.9,3.945
192.9,3.945
192.9,3.945
192.9,3.945
193.0,3.945
193.0,3.945
193.0,3.945
193.0,3.945
193.0,3.945
193.0,3.945
193.0,3.945
193.1,3.945
193.1,3.945
193.1,3.945
193.1,3.945
193.1,3.945
193.1,3.945
193.1,3.945
193.1,3.945
193.1,3.945
193.1,3.945
193.1,3.945
193.2,3.945
193.2,3.945
193.2,3.945
193.2,3.945
193.2,3.945
193.2,3.945
193.2,3.945
193.2,3.945
193.2,3.945
193.2,3.945
193.2,3.945
193.3,3.945
193.3,3.945
193.3,3.945
193.3,3.945
193.3,3.945
193.3,3.945
193.3,3.945
193.3,3.945
193.3,3.945
193.3,3.945
193.3,3.945
193.3,3.945
193.3,3.945
193.3,3.945
193.3,3.945
193.4,3.945
193.4,3.945
193.4,3.945
193.4,3.945
193.4,3.945
193.5,3.945
193.5,3.945
193.5,3.945
193.5,3.945
193.5,3.945
193.5,3.945
193.5,3.945
193.5,3.945
193.5,3.945
193.5,3.945
193.5,3.945
193.5,3.945
193.5,3.945
193.6,3.945
193.6,3.945
193.6,3.945
193.6,3.945
193.6,3.945
193.6,3.945
193.6,3.945
193.6,3.945
193.6,3.945
193.6,3.945
193.6,3.945
193.6,3.945
193.7,3.945
193.7,3.945
193.7,3.945
193.7,3.945
193.7,3.945
193.7,3.945
193.7,3.945
193.7,3.945
193.8,3.945
193.8,3.945
193.8,3.945
193.8,3.945
193.8,3.945
193.8,3.945
193.8,3.945
193.8,3.945
193.8,3.945
193.8,3.945
193.8,3.945
193.8,3.945
193.8,3.945
193.9,3.945
193.9,3.945
193.9,3.945
193.9,3.945
193.9,3.945
193.9,3.945
193.9,3.945
193.9,3.945
193.9,3.945
194.0,3.945
194.0,3.945
194.0,3.945
194.0,3.945
194.0,3.945
194.0,3.945
194.0,3.945
194.0,3.945
194.0,3.945
194.0,3.945
194.0,3.945
194.0,3.945
194.0,3.945
194.0,3.945
194.0,3.945
194.0,3.945
194.0,3.945
194.0,3.945
194.1,3.945
194.1,3.945
194.1,3.945
194.1,3.945
194.1,3.945
194.1,3.945
194.1,3.945
194.1,3.945
194.1,3.945
194.1,3.945
194.1,3.945
194.1,3.945
194.1,3.945
194.2,3.945
194.2,3.945
194.2,3.945
194.2,3.945
194.2,3.945
194.2,3.945
194.2,3.945
194.2,3.945
194.3,3.945
194.3,3.945
194.3,3.945
194.3,3.945
194.3,3.945
194.3,3.945
194.3,3.945
194.3,3.945
194.3,3.945
194.3,3.945
194.3,3.945
194.3,3.945
194.4,3.945
194.4,3.945
194.4,3.945
194.4,3.945
194.4,3.945
194.4,3.945
194.4,3.945
194.4,3.945
194.4,3.945
194.4,3.945
194.4,3.945
194.4,3.945
194.5,3.945
194.5,3.945
194.5,3.945
194.5,3.945
194.5,3.945
194.5,3.945
194.5,3.945
194.5,3.945
194.5,3.945
194.5,3.945
194.5,3.945
194.5,3.945
194.5,3.945
194.5,3.945
194.5,3.945
194.6,3.945
194.6,3.945
194.6,3.945
194.6,3.945
194.6,3.945
194.6,3.945
194.6,3.945
194.6,3.945
194.6,3.945
194.6,3.945
194.6,3.945
194.6,3.945
194.6,3.945
194.6,3.945
194.6,3.945
194.6,3.945
194.6,3.945
194.6,3.945
194.6,3.945
194.7,3.945
194.7,3.945
194.7,3.945
194.7,3.945
194.7,3.945
194.7,3.945
194.7,3.945
194.7,3.945
194.7,3.945
194.7,3.945
194.7,3.945
194.7,3.945
194.7,3.945
194.7,3.945
194.7,3.945
194.7,3.945
194.7,3.945
194.7,3.945
194.7,3.945
194.7,3.945
194.7,3.945
194.7,3.945
194.8,3.945
194.8,3.945
194.8,3.945
194.8,3.945
194.8,3.945
194.8,3.945
194.8,3.945
194.8,3.945
194.8,3.945
194.8,3.945
194.8,3.945
194.8,3.945
194.8,3.945
194.8,3.945
194.8,3.945
194.8,3.945
194.8,3.945
194.8,3.945
194.8,3.945
194.8,3.945
194.8,3.945
194.8,3.945
194.8,3.945
194.8,3.945
194.8,3.945
194.8,3.945
194.8,3.945
194.8,3.945
194.8,3.945
194.8,3.945
194.8,3.945
194.9,3.945
194.9,3.945
194.9,3.945
194.9,3.945
194.9,3.945
194.9,3.945
194.9,3.945
194.9,3.945
194.9,3.945
194.9,3.945
194.9,3.945
194.9,3.945
194.9,3.945
194.9,3.945
194.9,3.945
194.9,3.945
194.9,3.945
194.9,3.945
194.9,3.945
194.9,3.945
194.9,3.945
194.9,3.945
194.9,3.945
194.9,3.945
194.9,3.945
194.9,3.945
194.9,3.945
194.9,3.945
194.9,3.945
194.9,3.945
195.0,3.945
195.0,3.945
195.0,3.945
195.0,3.945
195.0,3.945
195.0,3.945
195.0,3.945
195.0,3.945
195.0,3.945
195.0,3.945
195.0,3.945
195.0,3.945
195.0,3.945
195.0,3.945
195.0,3.945
195.0,3.945
195.0,3.945
195.0,3.945
195.0,3.945
195.0,3.945
195.0,3.945
195.0,3.945
195.0,3.945
195.0,3.945
195.0,3.945
195.0,3.945
195.0,3.945
195.0,3.945
194.9,3.945
194.9,3.945
194.9,3.945
194.9,3.945
194.9,3.945
194.9,3.945
194.9,3.945
195.0,3.945
195.0,3.945
195.0,3.945
195.0,3.945
195.0,3.945
195.0,3.945
195.0,3.945
195.0,3.945
195.0,3.945
195.0,3.945
195.0,3.945
195.0,3.945
195.0,3.945
195.0,3.945
195.0,3.945
195.0,3.945
195.0,3.945
195.0,3.945
195.0,3.945
194.9,3.945
194.9,3.945
194.9,3.945
194.9,3.945
194.9,3.945
194.9,3.945
194.9,3.945
194.9,3.945
194.9,3.945
194.9,3.945
194.9,3.945
195.0,3.945
195.0,3.945
195.0,3.945
195.0,3.945
195.0,3.945
195.0,3.945
195.0,3.945
194.9,3.945
194.9,3.945
194.9,3.945
194.9,3.945
194.9,3.945
194.9,3.945
194.9,3.945
194.9,3.945
194.9,3.945
194.9,3.945
194.9,3.945
194.9,3.945
194.9,3.945
194.9,3.945
194.9,3.945
194.9,3.945
194.9,3.945
194.9,3.945
194.9,3.945
194.9,3.945
194.9,3.945
194.9,3.945
194.9,3.945
194.9,3.945
194.9,3.945
194.9,3.945
194.9,3.945
194.9,3.945
194.9,3.945
194.9,3.945
194.9,3.945
194.9,3.945
194.9,3.945
194.9,3.945
194.9,3.945
194.9,3.945
194.9,3.945
194.9,3.945
194.9,3.945
194.9,3.945
194.9,3.945
194.9,3.945
194.9,3.945
194.9,3.945
194.9,3.945
194.9,3.945
194.9,3.945
194.9,3.945
194.9,3.945
194.9,3.945
194.9,3.945
194.9,3.945
194.9,3.945
194.9,3.945
194.9,3.945
194.9,3.945
194.9,3.945
194.9,3.945
194.9,3.945
194.9,3.945
194.9,3.945
194.9,3.945
194.9,3.945
194.9,3.945
194.9,3.945
194.9,3.945
194.9,3.945
194.9,3.945
194.9,3.945
194.9,3.945
194.9,3.945
194.9,3.945
194.9,3.945
194.9,3.945
194.9,3.945
194.9,3.945
194.9,3.945
194.9,3.945
194.9,3.945
194.9,3.945
194.9,3.945
194.9,3.945
194.9,3.945
194.9,3.945
194.9,3.945
194.9,3.945
194.9,3.945
194.9,3.945
194.8,3.945
194.8,3.945
194.8,3.945
194.8,3.945
194.8,3.945
194.8,3.945
194.8,3.945
194.8,3.945
194.8,3.945
194.8,3.945
194.8,3.945
194.8,3.945
194.8,3.945
194.8,3.945
194.8,3.945
194.8,3.945
194.8,3.945
194.8,3.945
194.8,3.945
194.8,3.945
194.8,3.945
194.8,3.945
194.8,3.945
194.8,3.945
194.8,3.945
194.8,3.945
194.8,3.945
194.8,3.945
194.8,3.945
194.8,3.945
194.8,3.945
194.8,3.945
194.8,3.945
194.8,3.945
194.8,3.945
194.8,3.945
194.8,3.945
194.8,3.945
194.8,3.945
194.8,3.945
194.8,3.945
194.8,3.945
194.8,3.945
194.8,3.945
194.8,3.945
194.8,3.945
194.8,3.945
194.8,3.945
194.8,3.945
194.8,3.945
194.8,3.945
194.8,3.945
194.8,3.945
194.8,3.945
194.8,3.945
194.8,3.945
194.8,3.945
194.8,3.945
194.8,3.945
194.8,3.945
194.8,3.945
194.8,3.945
194.8,3.945
194.8,3.945
194.8,3.945
194.8,3.945
194.8,3.945
194.8,3.945
194.8,3.945
194.8,3.945
194.8,3.945
194.8,3.945
194.8,3.945
194.8,3.945
194.8,3.945
194.8,3.945
194.8,3.945
194.8,3.945
194.8,3.945
194.8,3.945
194.8,3.945
194.8,3.945
194.8,3.945
194.8,3.945
194.7,3.945
194.7,3.945
194.7,3.945
194.7,3.945
194.7,3.945
194.7,3.945
194.7,3.945
194.7,3.945
194.7,3.945
194.7,3.945
194.7,3.945
194.7,3.945
194.7,3.945
194.7,3.945
194.7,3.945
194.7,3.945
194.7,3.945
194.7,3.945
194.7,3.945
194.7,3.945
194.7,3.945
194.7,3.945
194.7,3.945
194.7,3.945
194.7,3.945
194.7,3.945
194.7,3.945
194.7,3.945
194.7,3.945
194.7,3.945
194.7,3.945
194.7,3.945
194.7,3.945
194.7,3.945
194.7,3.945
194.7,3.945
194.7,3.945
194.7,3.945
194.7,3.945
194.7,3.945
194.7,3.945
194.7,3.945
194.7,3.945
194.7,3.945
194.7,3.945
194.7,3.945
194.7,3.945
194.7,3.945
194.7,3.945
194.7,3.945
194.7,3.945
194.7,3.945
194.7,3.945
194.7,3.945
194.7,3.945
194.7,3.945
194.7,3.945
194.7,3.945
194.7,3.945
194.7,3.945
194.7,3.945
194.7,3.945
194.7,3.945
194.7,3.945
194.7,3.945
194.7,3.945
194.7,3.945
194.7,3.945
194.7,3.945
194.7,3.945
194.7,3.945
194.7,3.945
194.7,3.945
194.7,3.945
194.7,3.945
194.7,3.945
194.7,3.945
194.6,3.945
194.6,3.945
194.6,3.945
194.6,3.945
194.6,3.945
194.6,3.945
194.6,3.945
194.6,3.945
194.6,3.945
194.6,3.945
194.6,3.945
194.6,3.945
194.6,3.945
194.6,3.945
194.6,3.945
194.6,3.945
194.6,3.945
194.6,3.945
194.6,3.945
194.6,3.945
194.6,3.945
194.6,3.945
194.6,3.945
194.6,3.945
194.6,3.945
194.6,3.945
194.6,3.945
194.6,3.945
194.6,3.945
194.6,3.945
194.6,3.945
194.6,3.945
194.6,3.945
194.6,3.945
194.6,3.945
194.6,3.945
194.6,3.945
194.6,3.945
194.6,3.945
194.6,3.945
194.6,3.945
194.6,3.945
194.6,3.945
194.6,3.945
194.6,3.945
194.6,3.945
194.6,3.945
194.6,3.945
194.6,3.945
194.6,3.945
194.6,3.945
194.6,3.945
194.6,3.945
194.6,3.945
194.6,3.945
194.6,3.945
194.6,3.945
194.6,3.945
194.6,3.945
194.6,3.945
194.6,3.945
194.6,3.945
194.6,3.945
194.6,3.945
194.6,3.945
194.6,3.945
194.6,3.945
194.6,3.945
194.6,3.945
194.6,3.945
194.6,3.945
194.6,3.945
194.6,3.945
194.6,3.945
194.6,3.945
194.6,3.945
194.6,3.945
194.6,3.945
194.6,3.945
194.6,3.945
194.6,3.945
194.6,3.945
194.6,3.945
194.6,3.945
194.6,3.945
194.6,3.945
194.6,3.945
194.6,3.945
194.6,3.945
194.6,3.945
194.6,3.945
194.6,3.945
194.6,3.945
194.6,3.945
194.6,3.945
194.6,3.945
194.6,3.945
194.6,3.945
194.6,3.945
194.6,3.945
194.6,3.945
194.6,3.945
194.6,3.945
194.6,3.945
194.6,3.945
194.6,3.945
194.6,3.945
194.6,3.945
194.6,3.945
194.6,3.945
194.6,3.945
194.6,3.945
194.6,3.945
194.6,3.945
194.6,3.945
194.6,3.945
194.6,3.945
194.6,3.945
194.6,3.945
194.6,3.945
194.6,3.945
194.6,3.945
194.6,3.945
194.6,3.945
194.6,3.945
194.6,3.945
194.6,3.945
194.6,3.945
194.6,3.945
194.6,3.945
194.6,3.945
194.6,3.945
194.6,3.945
194.6,3.945
194.6,3.945
194.5,3.945
194.5,3.945
194.5,3.945
194.5,3.945
194.5,3.945
194.5,3.945
194.5,3.945
194.5,3.945
194.5,3.945
194.5,3.945
194.5,3.945
194.5,3.945
194.5,3.945
194.5,3.945
194.6,3.945
194.6,3.945
194.6,3.945
194.6,3.945
194.6,3.945
194.6,3.945
194.6,3.945
194.5,3.945
194.5,3.945
194.5,3.945
194.5,3.945
194.5,3.945
194.5,3.945
194.5,3.945
194.5,3.945
194.5,3.945
194.5,3.945
194.5,3.945
194.5,3.945
194.5,3.945
194.5,3.945
194.5,3.945
194.5,3.945
194.5,3.945
194.5,3.945
194.5,3.945
194.5,3.945
194.5,3.945
194.5,3.945
194.5,3.945
194.5,3.945
194.5,3.945
194.5,3.945
194.5,3.945
194.5,3.945
194.5,3.945
194.5,3.945
194.5,3.945
194.5,3.945
194.5,3.945
194.5,3.945
194.5,3.945
194.5,3.945
194.5,3.945
194.5,3.945
194.5,3.945
194.5,3.945
194.5,3.945
194.5,3.945
194.5,3.945
194.5,3.945
194.5,3.945
194.4,3.945
194.4,3.945
194.4,3.945
194.4,3.945
194.4,3.945
194.4,3.945
194.4,3.945
194.4,3.945
194.4,3.945
194.4,3.945
194.4,3.945
194.4,3.945
194.4,3.945
194.4,3.945
194.4,3.945
194.4,3.945
194.4,3.945
194.4,3.945
194.3,3.945
194.3,3.945
194.3,3.945
194.3,3.945
194.3,3.945
194.3,3.945
194.3,3.945
194.3,3.945
194.3,3.945
194.3,3.945
194.3,3.945
194.3,3.945
194.3,3.945
194.3,3.945
194.3,3.945
194.3,3.945
194.3,3.945
194.3,3.945
194.3,3.945
194.3,3.945
194.3,3.945
194.3,3.945
194.3,3.945
194.3,3.945
194.2,3.945
194.2,3.945
194.2,3.945
194.2,3.945
194.2,3.945
194.2,3.945
194.2,3.945
194.2,3.945
194.2,3.945
194.2,3.945
194.2,3.945
194.2,3.945
194.1,3.945
194.1,3.945
194.1,3.945
194.1,3.945
194.1,3.945
194.1,3.945
194.1,3.945
194.1,3.945
194.1,3.945
194.1,3.945
194.1,3.945
194.1,3.945
194.1,3.945
194.1,3.945
194.1,3.945
194.0,3.945
194.0,3.945
194.0,3.945
194.0,3.945
194.0,3.945
194.0,3.945
194.0,3.945
194.0,3.945
194.0,3.945
194.0,3.945
194.0,3.945
194.0,3.945
194.0,3.945
194.0,3.945
194.0,3.945
194.0,3.945
194.0,3.945
194.0,3.945
194.0,3.945
194.0,3.945
194.0,3.945
194.0,3.945
194.0,3.945
193.9,3.945
193.9,3.945
193.9,3.945
193.9,3.945
193.9,3.945
193.9,3.945
193.9,3.945
193.9,3.945
193.9,3.945
193.9,3.945
193.8,3.945
193.8,3.945
193.8,3.945
193.8,3.945
193.8,3.945
193.8,3.945
193.8,3.945
193.8,3.945
193.8,3.945
193.8,3.945
193.8,3.945
193.8,3.945
193.8,3.945
193.8,3.945
193.8,3.945
193.8,3.945
193.8,3.945
193.8,3.945
193.8,3.945
193.7,3.945
193.7,3.945
193.7,3.945
193.7,3.945
193.7,3.945
193.7,3.945
193.7,3.945
193.7,3.945
193.7,3.945
193.7,3.945
193.7,3.945
193.7,3.945
193.7,3.945
193.7,3.945
193.6,3.945
193.6,3.945
193.6,3.945
193.6,3.945
193.6,3.945
193.6,3.945
193.6,3.945
193.5,3.945
193.5,3.945
193.5,3.945
193.5,3.945
193.5,3.945
193.5,3.945
193.5,3.945
193.5,3.945
193.5,3.945
193.5,3.945
193.4,3.945
193.4,3.945
193.4,3.945
193.4,3.945
193.4,3.945
193.4,3.945
193.4,3.945
193.4,3.945
193.4,3.945
193.4,3.945
193.4,3.945
193.4,3.945
193.4,3.945
193.4,3.945
193.3,3.945
193.3,3.945
193.3,3.945
193.3,3.945
193.3,3.945
193.3,3.945
193.3,3.945
193.3,3.945
193.3,3.945
193.3,3.945
193.3,3.945
193.3,3.945
193.3,3.945
193.2,3.945
193.2,3.945
193.2,3.945
193.2,3.945
193.2,3.945
193.2,3.945
193.2,3.945
193.1,3.945
193.1,3.945
193.1,3.945
193.1,3.945
193.1,3.945
193.1,3.945
193.1,3.945
193.1,3.945
193.1,3.945
193.1,3.945
193.1,3.945
193.1,3.945
193.0,3.945
193.0,3.945
193.0,3.945
193.0,3.945
193.0,3.945
193.0,3.945
193.0,3.945
193.0,3.945
193.0,3.945
193.0,3.945
193.0,3.945
192.9,3.945
192.9,3.945
192.9,3.945
192.9,3.945
192.9,3.945
192.9,3.945
192.9,3.945
192.9,3.945
192.8,3.945
192.8,3.945
192.8,3.945
192.8,3.945
192.7,3.945
192.7,3.945
192.7,3.945
192.7,3.945
192.7,3.945
192.7,3.945
192.7,3.945
192.7,3.945
192.7,3.945
192.7,3.945
192.7,3.945
192.7,3.945
192.7,3.945
192.6,3.945
192.6,3.945
192.5,3.945
192.6,3.945
192.6,3.945
192.6,3.945
192.6,3.945
192.6,3.945
192.5,3.945
192.5,3.945
192.5,3.945
192.5,3.945
192.5,3.945
192.4,3.945
192.4,3.945
192.4,3.945
192.4,3.945
192.4,3.945
192.4,3.945
192.4,3.945
192.4,3.945
192.4,3.945
192.4,3.945
192.3,3.945
192.3,3.945
192.3,3.945
192.3,3.945
192.3,3.945
192.3,3.945
192.3,3.945
192.2,3.945
192.1,3.945
192.1,3.945
192.1,3.945
192.1,3.945
192.1,3.945
192.1,3.945
192.1,3.945
192.1,3.945
192.1,3.945
192.1,3.945
192.1,3.945
192.1,3.945
192.1,3.945
192.0,3.945
192.0,3.945
191.9,3.945
192.0,3.945
192.0,3.945
191.9,3.945
191.9,3.945
191.9,3.945
191.9,3.945
191.9,3.945
191.9,3.945
191.9,3.945
191.8,3.945
191.8,3.945
191.8,3.945
191.8,3.945
191.8,3.945
191.7,3.945
191.7,3.945
191.6,3.945
191.6,3.945
191.6,3.945
191.6,3.945
191.6,3.945
191.6,3.945
191.5,3.945
191.5,3.945
191.5,3.945
191.5,3.945
191.5,3.945
191.5,3.945
191.5,3.945
191.5,3.945
191.5,3.945
191.5,3.945
191.5,3.945
191.4,3.945
191.4,3.945
191.4,3.945
191.4,3.945
191.3,3.945
191.3,3.945
191.2,3.945
191.2,3.945
191.2,3.945
191.2,3.945
191.2,3.945
191.2,3.945
191.2,3.945
191.2,3.945
191.2,3.945
191.2,3.945
191.2,3.945
191.2,3.945
191.2,3.945
191.2,3.945
191.2,3.945
191.2,3.945
191.1,3.945
191.1,3.945
191.1,3.945
191.1,3.945
191.0,3.945
191.0,3.945
191.0,3.945
191.0,3.945
190.9,3.945
190.9,3.945
190.9,3.945
190.9,3.945
190.9,3.945
190.9,3.945
190.9,3.945
190.9,3.945
190.9,3.945
190.9,3.945
190.9,3.945
190.8,3.945
190.8,3.945
190.7,3.945
190.8,3.945
190.8,3.945
190.8,3.945
190.7,3.945
190.7,3.945
190.7,3.945
190.7,3.945
190.7,3.945
190.7,3.945
190.7,3.945
190.7,3.945
190.7,3.945
190.7,3.945
190.7,3.945
190.7,3.945
190.7,3.945
190.7,3.945
190.6,3.945
190.6,3.945
190.6,3.945
190.6,3.945
190.6,3.945
190.5,3.945
190.5,3.945
190.5,3.945
190.5,3.945
190.5,3.945
190.5,3.945
190.5,3.945
190.4,3.945
190.4,3.945
190.4,3.945
190.4,3.945
190.4,3.945
190.4,3.945
190.4,3.945
190.4,3.945
190.4,3.945
190.4,3.945
190.4,3.945
190.4,3.945
190.3,3.945
190.3,3.945
190.3,3.945
190.3,3.945
190.3,3.945
190.3,3.945
190.3,3.945
190.3,3.945
190.3,3.945
190.3,3.945
190.3,3.945
190.2,3.945
190.2,3.945
190.2,3.945
190.2,3.945
190.2,3.945
190.2,3.945
190.2,3.945
190.2,3.945
190.2,3.945
190.2,3.945
190.1,3.945
190.1,3.945
190.1,3.945
190.1,3.945
190.1,3.945
190.1,3.945
190.0,3.945
190.0,3.945
190.0,3.945
190.0,3.945
190.0,3.945
190.0,3.945
189.9,3.945
189.9,3.945
189.9,3.945
189.9,3.945
189.9,3.945
189.9,3.945
189.9,3.945
189.9,3.945
189.9,3.945
189.9,3.945
189.9,3.945
189.9,3.945
189.9,3.945
189.9,3.945
189.9,3.945
189.9,3.945
189.9,3.945
189.8,3.945
189.8,3.945
189.8,3.945
189.8,3.945
189.8,3.945
189.8,3.945
189.8,3.945
189.8,3.945
189.8,3.945
189.8,3.945
189.7,3.945
189.6,3.945
189.7,3.945
189.7,3.945
189.7,3.945
189.7,3.945
189.7,3.945
189.7,3.945
189.7,3.945
189.7,3.945
189.6,3.945
189.6,3.940
189.6,3.940
189.6,3.940
189.6,3.940
189.6,3.940
189.6,3.940
189.6,3.940
189.6,3.940
189.6,3.940
189.6,3.940
189.6,3.940
189.6,3.940
189.6,3.940
189.6,3.940
189.5,3.940
189.5,3.940
189.5,3.940
189.5,3.940
189.5,3.940
189.5,3.940
189.5,3.940
189.4,3.940
189.4,3.940
189.4,3.940
189.4,3.940
189.4,3.940
189.4,3.940
189.4,3.940
189.4,3.940
189.4,3.940
189.4,3.940
189.4,3.940
189.3,3.940
189.4,3.940
189.3,3.940
189.3,3.940
189.3,3.940
189.3,3.940
189.3,3.940
189.3,3.940
189.3,3.940
189.3,3.940
189.2,3.940
189.2,3.940
189.2,3.940
189.2,3.940
189.2,3.940
189.2,3.940
189.2,3.940
189.1,3.940
189.1,3.940
189.1,3.940
189.1,3.940
189.1,3.940
189.1,3.940
189.1,3.940
189.1,3.940
189.1,3.940
189.0,3.940
189.0,3.940
189.0,3.940
189.0,3.940
189.0,3.940
189.0,3.940
189.0,3.940
189.0,3.940
189.0,3.940
189.0,3.940
189.0,3.940
189.0,3.940
188.9,3.940
188.9,3.940
188.9,3.940
188.9,3.940
188.9,3.940
188.9,3.940
188.9,3.940
188.8,3.940
188.8,3.940
188.8,3.940
188.8,3.940
188.8,3.940
188.7,3.940
188.7,3.940
188.7,3.940
188.7,3.940
188.7,3.940
188.7,3.940
188.7,3.940
188.6,3.940
188.6,3.940
188.6,3.940
188.6,3.940
188.6,3.940
188.6,3.940
188.6,3.940
188.6,3.940
188.6,3.940
188.6,3.940
188.6,3.940
188.5,3.940
188.5,3.940
188.4,3.940
188.4,3.940
188.4,3.940
188.3,3.940
188.3,3.940
188.3,3.940
188.3,3.940
188.3,3.940
188.3,3.940
188.3,3.940
188.3,3.940
188.3,3.940
188.3,3.940
188.3,3.940
188.3,3.940
188.2,3.940
188.2,3.940
188.1,3.940
188.1,3.940
188.1,3.940
188.1,3.940
188.1,3.940
188.1,3.940
188.1,3.940
188.0,3.940
188.0,3.940
188.0,3.940
188.0,3.940
188.0,3.940
187.9,3.940
187.9,3.940
187.9,3.940
187.9,3.940
187.8,3.940
187.8,3.940
187.8,3.940
187.8,3.940
187.8,3.940
187.8,3.940
187.8,3.940
187.8,3.940
187.7,3.940
187.7,3.940
187.6,3.940
187.6,3.940
187.6,3.940
187.5,3.940
187.5,3.940
187.5,3.940
187.5,3.940
187.5,3.940
187.4,3.940
187.4,3.940
187.4,3.940
187.3,3.940
187.3,3.940
187.3,3.940
187.3,3.940
187.2,3.940
187.2,3.940
187.2,3.940
187.2,3.940
187.1,3.940
187.1,3.940
187.1,3.940
187.1,3.940
187.1,3.940
187.0,3.940
187.0,3.940
187.0,3.940
187.0,3.940
186.9,3.940
186.9,3.940
186.9,3.940
186.8,3.940
186.8,3.940
186.8,3.940
186.7,3.940
186.7,3.940
186.7,3.940
186.6,3.940
186.6,3.940
186.6,3.940
186.5,3.940
186.5,3.940
186.5,3.940
186.5,3.940
186.5,3.940
186.5,3.940
186.4,3.940
186.4,3.940
186.4,3.940
186.3,3.940
186.3,3.940
186.3,3.940
186.2,3.940
186.2,3.940
186.2,3.940
186.2,3.940
186.1,3.940
186.1,3.940
186.1,3.940
186.0,3.940
186.0,3.940
186.0,3.940
185.9,3.940
185.9,3.940
185.9,3.940
185.9,3.940
185.8,3.940
185.8,3.940
185.8,3.940
185.8,3.940
185.7,3.940
185.7,3.940
185.7,3.940
185.6,3.940
185.6,3.940
185.6,3.940
185.5,3.940
185.5,3.940
185.4,3.940
185.4,3.940
185.4,3.940
185.4,3.940
185.3,3.940
185.3,3.940
185.3,3.940
185.2,3.940
185.2,3.940
185.2,3.940
185.1,3.940
185.1,3.940
185.1,3.940
185.0,3.940
185.0,3.940
185.0,3.940
185.0,3.940
184.9,3.940
184.9,3.940
184.8,3.940
184.8,3.940
184.7,3.940
184.7,3.940
184.7,3.940
184.6,3.940
184.6,3.940
184.6,3.940
184.5,3.940
184.5,3.940
184.5,3.940
184.5,3.940
184.4,3.940
184.4,3.940
184.3,3.940
184.3,3.940
184.3,3.940
184.3,3.940
184.2,3.940
184.2,3.940
184.2,3.940
184.1,3.935
184.1,3.935
184.1,3.935
184.0,3.935
183.9,3.935
183.9,3.935
183.9,3.935
183.8,3.935
183.8,3.935
183.8,3.935
183.7,3.935
183.7,3.935
183.6,3.935
183.6,3.935
183.5,3.935
183.5,3.935
183.5,3.935
183.4,3.935
183.4,3.935
183.3,3.935
183.3,3.935
183.3,3.935
183.2,3.935
183.2,3.935
183.1,3.935
183.1,3.935
183.1,3.935
183.0,3.935
183.0,3.935
182.9,3.935
182.9,3.935
182.8,3.935
182.8,3.935
182.7,3.935
182.7,3.935
182.6,3.935
182.6,3.935
182.6,3.935
182.5,3.935
182.5,3.935
182.4,3.935
182.4,3.935
182.3,3.935
182.3,3.935
182.2,3.935
182.2,3.935
182.1,3.935
182.1,3.935
182.0,3.935
182.0,3.935
181.9,3.935
181.9,3.935
181.8,3.935
181.8,3.935
181.7,3.935
181.7,3.935
181.6,3.935
181.6,3.935
181.5,3.935
181.5,3.935
181.4,3.935
181.4,3.935
181.3,3.935
181.3,3.935
181.2,3.935
181.2,3.935
181.1,3.935
181.1,3.935
181.0,3.935
181.0,3.935
181.0,3.935
180.9,3.935
180.9,3.935
180.8,3.935
180.7,3.935
180.7,3.935
180.6,3.935
180.6,3.935
180.5,3.935
180.5,3.935
180.4,3.935
180.4,3.935
180.3,3.935
180.2,3.935
180.2,3.935
180.1,3.935
180.1,3.935
180.0,3.935
180.0,3.935
179.9,3.935
179.9,3.935
179.8,3.935
179.8,3.935
179.7,3.935
179.7,3.935
179.6,3.935
179.6,3.935
179.6,3.935
179.5,3.935
179.4,3.935
179.4,3.935
179.3,3.935
179.3,3.935
179.2,3.935
179.2,3.935
179.1,3.935
179.1,3.935
179.0,3.935
179.0,3.935
179.0,3.935
178.9,3.935
178.8,3.935
178.8,3.935
178.7,3.935
178.6,3.930
178.6,3.930
178.5,3.930
178.4,3.930
178.4,3.930
178.3,3.930
178.2,3.930
178.2,3.930
178.1,3.930
178.1,3.930
178.0,3.930
178.0,3.930
177.9,3.930
177.9,3.930
177.8,3.930
177.8,3.930
177.7,3.930
177.6,3.930
177.6,3.930
177.5,3.930
177.4,3.930
177.4,3.930
177.3,3.930
177.3,3.930
177.2,3.930
177.1,3.930
177.1,3.930
177.1,3.930
177.0,3.930
176.9,3.930
176.8,3.930
176.8,3.930
176.7,3.930
176.6,3.930
176.5,3.930
176.5,3.930
176.4,3.930
176.3,3.930
176.3,3.930
176.2,3.930
176.2,3.930
176.1,3.930
176.0,3.930
176.0,3.930
175.9,3.930
175.8,3.930
175.8,3.930
175.7,3.930
175.6,3.930
175.6,3.930
175.5,3.930
175.5,3.930
175.4,3.930
175.3,3.930
175.2,3.930
175.2,3.930
175.1,3.930
175.0,3.930
175.0,3.930
174.9,3.930
174.8,3.930
174.8,3.930
174.7,3.930
174.6,3.930
174.5,3.930
174.4,3.930
174.4,3.930
174.3,3.930
174.2,3.930
174.1,3.930
174.0,3.930
174.0,3.930
173.9,3.930
173.8,3.930
173.8,3.930
173.7,3.930
173.6,3.930
173.6,3.930
173.5,3.930
173.4,3.930
173.3,3.930
173.2,3.930
173.2,3.930
173.1,3.930
173.0,3.930
172.9,3.925
172.9,3.925
172.8,3.925
172.7,3.925
172.6,3.925
172.5,3.925
172.4,3.925
172.4,3.925
172.3,3.925
172.2,3.925
172.1,3.925
172.0,3.925
171.9,3.925
171.9,3.925
171.8,3.925
171.7,3.925
171.6,3.925
171.5,3.925
171.5,3.925
171.4,3.925
171.3,3.925
171.2,3.925
171.1,3.925
171.1,3.925
171.0,3.925
170.9,3.925
170.8,3.925
170.8,3.925
170.7,3.925
170.6,3.925
170.5,3.925
170.5,3.925
170.4,3.925
170.3,3.925
170.2,3.925
170.1,3.925
170.0,3.925
169.9,3.925
169.8,3.925
169.7,3.925
169.7,3.925
169.6,3.925
169.5,3.925
169.4,3.925
169.3,3.925
169.2,3.925
169.1,3.925
169.1,3.925
169.0,3.925
168.9,3.925
168.8,3.925
168.7,3.925
168.7,3.925
168.6,3.925
168.5,3.925
168.4,3.925
168.3,3.925
168.2,3.925
168.1,3.925
168.0,3.925
167.9,3.925
167.8,3.925
167.7,3.925
167.6,3.925
167.6,3.925
167.5,3.925
167.4,3.920
167.3,3.920
167.2,3.920
167.1,3.920
167.0,3.920
166.9,3.920
166.9,3.920
166.8,3.920
166.7,3.920
166.6,3.920
166.5,3.920
166.4,3.920
166.3,3.920
166.2,3.920
166.1,3.920
166.0,3.920
165.9,3.920
165.8,3.920
165.7,3.920
165.7,3.920
165.6,3.920
165.5,3.920
165.4,3.920
165.3,3.920
165.3,3.920
165.2,3.920
165.1,3.920
165.0,3.920
164.9,3.920
164.8,3.920
164.7,3.920
164.6,3.920
164.5,3.920
164.4,3.920
164.3,3.920
164.2,3.920
164.2,3.920
164.1,3.920
164.0,3.920
163.9,3.920
163.8,3.920
163.7,3.920
163.6,3.920
163.6,3.920
163.5,3.920
163.4,3.920
163.3,3.920
163.2,3.920
163.1,3.920
163.0,3.920
162.9,3.920
162.8,3.920
162.7,3.920
162.6,3.920
162.5,3.920
162.4,3.920
162.3,3.920
162.2,3.920
162.1,3.920
162.0,3.920
162.0,3.920
161.9,3.920
161.8,3.915
161.7,3.915
161.6,3.915
161.5,3.915
161.4,3.915
161.3,3.915
161.2,3.915
161.1,3.915
161.0,3.915
161.0,3.915
160.9,3.915
160.8,3.915
160.7,3.915
160.6,3.915
160.5,3.915
160.4,3.915
160.3,3.915
160.2,3.915
160.1,3.915
160.0,3.915
160.0,3.915
159.9,3.915
159.8,3.915
159.7,3.915
159.6,3.915
159.5,3.915
159.4,3.915
159.3,3.915
159.2,3.915
159.1,3.915
159.0,3.915
158.9,3.915
158.8,3.915
158.7,3.915
158.6,3.915
158.5,3.915
158.4,3.915
158.4,3.915
158.3,3.915
158.2,3.915
158.1,3.915
158.0,3.915
157.9,3.915
157.8,3.915
157.7,3.915
157.6,3.915
157.6,3.915
157.4,3.915
157.3,3.915
157.2,3.915
157.1,3.915
157.1,3.915
157.0,3.915
156.9,3.915
156.7,3.910
156.7,3.910
156.6,3.910
156.5,3.910
156.3,3.910
156.2,3.910
156.1,3.910
156.1,3.910
156.0,3.910
155.8,3.910
155.7,3.910
155.6,3.910
155.5,3.910
155.4,3.910
155.3,3.910
155.2,3.910
155.1,3.910
155.0,3.910
154.9,3.910
154.8,3.910
154.7,3.910
154.6,3.910
154.5,3.910
154.4,3.910
154.3,3.910
154.2,3.910
154.1,3.910
154.0,3.910
153.8,3.910
153.7,3.910
153.6,3.910
153.5,3.910
153.4,3.910
153.3,3.910
153.2,3.910
153.1,3.910
153.0,3.910
152.9,3.910
152.8,3.910
152.7,3.910
152.6,3.910
152.4,3.910
152.3,3.910
152.2,3.910
152.0,3.910
151.9,3.910
151.8,3.910
151.7,3.910
151.6,3.910
151.5,3.910
151.3,3.905
151.2,3.905
151.1,3.905
150.9,3.905
150.8,3.905
150.7,3.905
150.6,3.905
150.5,3.905
150.3,3.905
150.2,3.905
150.1,3.905
150.0,3.905
149.8,3.905
149.7,3.905
149.6,3.905
149.5,3.905
149.3,3.905
149.2,3.905
149.1,3.905
148.9,3.905
148.8,3.905
148.7,3.905
148.5,3.905
148.4,3.905
148.2,3.905
148.1,3.905
148.0,3.905
147.8,3.905
147.7,3.905
147.6,3.905
147.5,3.905
147.3,3.905
147.2,3.905
147.1,3.905
146.9,3.905
146.8,3.905
146.6,3.905
146.5,3.905
146.3,3.905
146.2,3.900
146.1,3.900
145.9,3.900
145.8,3.900
145.6,3.900
145.5,3.900
145.3,3.900
145.2,3.900
145.0,3.900
144.9,3.900
144.8,3.900
144.6,3.900
144.5,3.900
144.3,3.900
144.2,3.900
144.0,3.900
143.9,3.900
143.7,3.900
143.6,3.900
143.5,3.900
143.3,3.900
143.1,3.900
143.0,3.900
142.8,3.900
142.7,3.900
142.5,3.900
142.4,3.900
142.2,3.900
142.1,3.900
141.9,3.900
141.7,3.900
141.6,3.900
141.4,3.900
141.3,3.900
141.1,3.895
141.0,3.895
140.8,3.895
140.7,3.895
140.5,3.895
140.3,3.895
140.2,3.895
140.0,3.895
139.8,3.895
139.7,3.895
139.5,3.895
139.4,3.895
139.2,3.895
139.1,3.895
138.9,3.895
138.8,3.895
138.6,3.895
138.5,3.895
138.3,3.895
138.2,3.895
138.0,3.895
137.8,3.895
137.7,3.895
137.5,3.895
137.3,3.895
137.2,3.895
137.0,3.895
136.9,3.895
136.7,3.895
136.6,3.895
136.4,3.895
136.3,3.895
136.1,3.890
136.0,3.890
135.8,3.890
135.6,3.890
135.5,3.890
135.3,3.890
135.2,3.890
135.0,3.890
134.9,3.890
134.7,3.890
134.6,3.890
134.4,3.890
134.3,3.890
134.1,3.890
133.9,3.890
133.8,3.890
133.6,3.890
133.5,3.890
133.3,3.890
133.1,3.890
133.0,3.890
132.8,3.890
132.7,3.890
132.5,3.890
132.4,3.890
132.2,3.890
132.1,3.890
132.0,3.890
131.8,3.890
131.7,3.890
131.5,3.890
131.4,3.890
131.2,3.890
131.1,3.890
130.9,3.885
130.7,3.885
130.6,3.885
130.5,3.885
130.3,3.885
130.2,3.885
130.1,3.885
129.9,3.885
129.8,3.885
129.6,3.885
129.4,3.885
129.3,3.885
129.1,3.885
129.0,3.885
128.8,3.885
128.7,3.885
128.5,3.885
128.3,3.885
128.2,3.885
128.0,3.885
127.9,3.885
127.8,3.885
127.6,3.885
127.5,3.885
127.3,3.885
127.2,3.885
127.0,3.885
126.9,3.885
126.7,3.885
126.6,3.885
126.4,3.885
126.3,3.885
126.2,3.885
126.0,3.885
125.8,3.885
125.7,3.885
125.5,3.880
125.4,3.880
125.2,3.880
125.1,3.880
125.0,3.880
124.8,3.880
124.7,3.880
124.5,3.880
124.4,3.880
124.2,3.880
124.1,3.880
123.9,3.880
123.8,3.880
123.6,3.880
123.5,3.880
123.4,3.880
123.2,3.880
123.1,3.880
122.9,3.880
122.8,3.880
122.7,3.880
122.5,3.880
122.4,3.880
122.3,3.880
122.1,3.880
121.9,3.880
121.8,3.880
121.6,3.880
121.4,3.880
121.3,3.880
121.2,3.880
121.0,3.880
120.9,3.875
120.7,3.875
120.6,3.875
120.5,3.875
120.3,3.875
120.1,3.875
120.0,3.875
119.9,3.875
119.7,3.875
119.6,3.875
119.4,3.875
119.3,3.875
119.2,3.875
119.0,3.875
118.9,3.875
118.7,3.875
118.6,3.875
118.5,3.875
118.4,3.875
118.2,3.875
118.0,3.875
117.9,3.875
117.8,3.875
117.6,3.875
117.5,3.875
117.3,3.875
117.2,3.875
117.0,3.875
116.9,3.875
116.7,3.875
116.6,3.875
116.5,3.875
116.3,3.875
116.2,3.875
116.1,3.875
115.9,3.875
115.8,3.875
115.7,3.870
115.5,3.870
115.4,3.870
115.2,3.870
115.1,3.870
115.0,3.870
114.8,3.870
114.7,3.870
114.6,3.870
114.4,3.870
114.3,3.870
114.2,3.870
114.0,3.870
113.9,3.870
113.8,3.870
113.6,3.870
113.5,3.870
113.3,3.870
113.2,3.870
113.0,3.870
112.9,3.870
112.7,3.870
112.6,3.870
112.5,3.870
112.3,3.870
112.2,3.870
112.1,3.870
112.0,3.870
111.8,3.870
111.7,3.870
111.6,3.870
111.5,3.870
111.3,3.870
111.2,3.870
111.1,3.870
110.9,3.870
110.8,3.870
110.6,3.870
110.5,3.870
110.4,3.865
110.2,3.865
110.1,3.865
110.0,3.865
109.8,3.865
109.7,3.865
109.6,3.865
109.5,3.865
109.4,3.865
109.2,3.865
109.1,3.865
109.0,3.865
108.9,3.865
108.7,3.865
108.6,3.865
108.5,3.865
108.3,3.865
108.2,3.865
108.1,3.865
108.0,3.865
107.9,3.865
107.7,3.865
107.6,3.865
107.5,3.865
107.4,3.865
107.2,3.865
107.1,3.865
107.0,3.865
106.8,3.865
106.7,3.865
106.6,3.865
106.5,3.865
106.4,3.865
106.2,3.865
106.1,3.865
106.0,3.865
105.8,3.865
105.7,3.865
105.6,3.865
105.5,3.865
105.3,3.865
105.2,3.865
105.1,3.860
105.0,3.860
104.9,3.860
104.8,3.860
104.7,3.860
104.5,3.860
104.4,3.860
104.3,3.860
104.2,3.860
104.0,3.860
103.9,3.860
103.8,3.860
103.7,3.860
103.5,3.860
103.4,3.860
103.3,3.860
103.2,3.860
103.1,3.860
103.0,3.860
102.9,3.860
102.8,3.860
102.6,3.860
102.5,3.860
102.4,3.860
102.3,3.860
102.2,3.860
102.0,3.860
101.9,3.860
101.8,3.860
101.7,3.860
101.6,3.860
101.5,3.860
101.4,3.860
101.2,3.860
101.1,3.860
101.0,3.860
100.9,3.860
100.8,3.860
100.7,3.860
100.5,3.860
100.4,3.860
100.3,3.860
100.2,3.860
100.1,3.860
100.0,3.855
99.9,3.855
99.8,3.855
99.7,3.855
99.6,3.855
99.5,3.855
99.4,3.855
99.3,3.855
99.1,3.855
99.0,3.855
98.9,3.855
98.8,3.855
98.7,3.855
98.6,3.855
98.4,3.855
98.3,3.855
98.2,3.855
98.1,3.855
98.0,3.855
97.9,3.855
97.8,3.855
97.7,3.855
97.6,3.855
97.5,3.855
97.4,3.855
97.3,3.855
97.1,3.855
97.0,3.855
97.0,3.855
96.8,3.855
96.7,3.855
96.6,3.855
96.5,3.855
96.4,3.855
96.3,3.855
96.2,3.855
96.1,3.855
96.0,3.855
95.9,3.855
95.8,3.855
95.7,3.855
95.6,3.855
95.5,3.855
95.4,3.855
95.3,3.855
95.2,3.855
95.1,3.855
94.9,3.855
94.8,3.855
94.8,3.855
94.7,3.850
94.5,3.850
94.4,3.850
94.3,3.850
94.2,3.850
94.1,3.850
94.0,3.850
93.9,3.850
93.8,3.850
93.7,3.850
93.6,3.850
93.5,3.850
93.4,3.850
93.3,3.850
93.2,3.850
93.1,3.850
93.0,3.850
92.9,3.850
92.8,3.850
92.7,3.850
92.6,3.850
92.6,3.850
92.4,3.850
92.3,3.850
92.2,3.850
92.1,3.850
92.0,3.850
91.9,3.850
91.8,3.850
91.7,3.850
91.6,3.850
91.5,3.850
91.4,3.850
91.3,3.850
91.2,3.850
91.1,3.850
91.0,3.850
90.9,3.850
90.8,3.850
90.7,3.850
90.6,3.850
90.5,3.850
90.4,3.850
90.3,3.850
90.2,3.850
90.1,3.850
90.0,3.850
89.9,3.850
89.8,3.850
89.7,3.850
89.6,3.850
89.5,3.850
89.4,3.850
89.3,3.850
89.2,3.845
89.1,3.845
89.0,3.845
88.9,3.845
88.8,3.845
88.7,3.845
88.6,3.845
88.5,3.845
88.4,3.845
88.3,3.845
88.2,3.845
88.1,3.845
88.0,3.845
87.9,3.845
87.8,3.845
87.7,3.845
87.6,3.845
87.5,3.845
87.4,3.845
87.3,3.845
87.2,3.845
87.1,3.845
87.0,3.845
86.9,3.845
86.8,3.845
86.7,3.845
86.6,3.845
86.5,3.845
86.4,3.845
86.3,3.845
86.2,3.845
86.1,3.845
86.0,3.845
85.9,3.845
85.8,3.845
85.7,3.845
85.6,3.845
85.5,3.845
85.4,3.845
85.3,3.845
85.3,3.845
85.1,3.845
85.0,3.845
84.9,3.845
84.8,3.845
84.7,3.845
84.6,3.845
84.5,3.845
84.4,3.845
84.3,3.845
84.2,3.845
84.1,3.845
84.0,3.845
83.9,3.840
83.8,3.840
83.7,3.840
83.6,3.840
83.5,3.840
83.4,3.840
83.3,3.840
83.2,3.840
83.1,3.840
83.0,3.840
82.9,3.840
82.8,3.840
82.7,3.840
82.6,3.840
82.5,3.840
82.5,3.840
82.3,3.840
82.3,3.840
82.2,3.840
82.1,3.840
82.0,3.840
81.9,3.840
81.8,3.840
81.7,3.840
81.6,3.840
81.5,3.840
81.4,3.840
81.3,3.840
81.2,3.840
81.1,3.840
81.1,3.840
80.9,3.840
80.8,3.840
80.7,3.840
80.6,3.840
80.5,3.840
80.4,3.840
80.3,3.840
80.3,3.840
80.2,3.840
80.1,3.840
80.0,3.840
79.9,3.840
79.8,3.840
79.7,3.840
79.6,3.840
79.5,3.840
79.4,3.840
79.3,3.840
79.2,3.840
79.1,3.840
79.0,3.840
78.9,3.840
78.8,3.840
78.8,3.840
78.7,3.840
78.6,3.835
78.5,3.835
78.4,3.835
78.3,3.835
78.2,3.835
78.1,3.835
78.0,3.835
77.9,3.835
77.8,3.835
77.7,3.835
77.6,3.835
77.5,3.835
77.4,3.835
77.3,3.835
77.3,3.835
77.2,3.835
77.0,3.835
77.0,3.835
76.9,3.835
76.8,3.835
76.7,3.835
76.6,3.835
76.5,3.835
76.4,3.835
76.3,3.835
76.2,3.835
76.1,3.835
76.0,3.835
75.9,3.835
75.8,3.835
75.8,3.835
75.7,3.835
75.6,3.835
75.5,3.835
75.4,3.835
75.4,3.835
75.3,3.835
75.2,3.835
75.1,3.835
75.0,3.835
74.9,3.835
74.8,3.835
74.8,3.835
74.7,3.835
74.6,3.835
74.5,3.835
74.4,3.835
74.3,3.835
74.2,3.835
74.1,3.835
74.0,3.835
73.9,3.835
73.8,3.835
73.7,3.835
73.6,3.830
73.5,3.830
73.4,3.830
73.3,3.830
73.2,3.830
73.1,3.830
73.0,3.830
72.9,3.830
72.8,3.830
72.8,3.830
72.7,3.830
72.6,3.830
72.5,3.830
72.4,3.830
72.3,3.830
72.2,3.830
72.1,3.830
72.1,3.830
72.0,3.830
71.9,3.830
71.8,3.830
71.7,3.830
71.6,3.830
71.5,3.830
71.4,3.830
71.4,3.830
71.3,3.830
71.2,3.830
71.1,3.830
71.0,3.830
70.9,3.830
70.8,3.830
70.7,3.830
70.6,3.830
70.6,3.830
70.5,3.830
70.4,3.830
70.3,3.830
70.2,3.830
70.1,3.830
70.0,3.830
69.9,3.830
69.8,3.830
69.7,3.830
69.6,3.830
69.5,3.830
69.5,3.830
69.4,3.830
69.3,3.830
69.2,3.830
69.1,3.830
69.0,3.830
68.9,3.830
68.8,3.830
68.7,3.830
68.6,3.830
68.5,3.830
68.5,3.830
68.4,3.825
68.3,3.825
68.2,3.825
68.1,3.825
68.1,3.825
68.0,3.825
67.9,3.825
67.8,3.825
67.7,3.825
67.6,3.825
67.5,3.825
67.4,3.825
67.3,3.825
67.2,3.825
67.1,3.825
67.1,3.825
67.0,3.825
66.9,3.825
66.8,3.825
66.7,3.825
66.6,3.825
66.6,3.825
66.5,3.825
66.4,3.825
66.3,3.825
66.2,3.825
66.1,3.825
66.1,3.825
66.0,3.825
65.9,3.825
65.8,3.825
65.7,3.825
65.6,3.825
65.5,3.825
65.5,3.825
65.4,3.825
65.3,3.825
65.3,3.825
65.2,3.825
65.1,3.825
65.0,3.825
65.0,3.825
64.9,3.825
64.8,3.825
64.7,3.825
64.6,3.825
64.6,3.825
64.5,3.825
64.4,3.825
64.4,3.825
64.3,3.825
64.2,3.825
64.1,3.825
64.0,3.825
63.9,3.825
63.9,3.825
63.8,3.825
63.7,3.825
63.6,3.825
63.5,3.825
63.5,3.825
63.4,3.820
63.3,3.820
63.2,3.820
63.1,3.820
63.1,3.820
63.0,3.820
62.9,3.820
62.8,3.820
62.7,3.820
62.6,3.820
62.6,3.820
62.5,3.820
62.4,3.820
62.4,3.820
62.3,3.820
62.2,3.820
62.1,3.820
62.1,3.820
62.0,3.820
61.9,3.820
61.8,3.820
61.7,3.820
61.7,3.820
61.6,3.820
61.5,3.820
61.4,3.820
61.3,3.820
61.2,3.820
61.2,3.820
61.1,3.820
61.0,3.820
60.9,3.820
60.8,3.820
60.8,3.820
60.7,3.820
60.6,3.820
60.6,3.820
60.5,3.820
60.4,3.820
60.4,3.820
60.3,3.820
60.2,3.820
60.1,3.820
60.0,3.820
60.0,3.820
59.9,3.820
59.8,3.820
59.7,3.820
59.6,3.820
59.6,3.820
59.5,3.820
59.4,3.820
59.4,3.820
59.3,3.820
59.2,3.820
59.2,3.820
59.1,3.820
59.0,3.820
58.9,3.820
58.8,3.820
58.8,3.820
58.7,3.820
58.6,3.820
58.6,3.815
58.5,3.815
58.4,3.815
58.3,3.815
58.3,3.815
58.2,3.815
58.1,3.815
58.1,3.815
58.0,3.815
57.9,3.815
57.8,3.815
57.7,3.815
57.6,3.815
57.6,3.815
57.5,3.815
57.4,3.815
57.3,3.815
57.3,3.815
57.2,3.815
57.2,3.815
57.1,3.815
57.0,3.815
57.0,3.815
56.9,3.815
56.8,3.815
56.7,3.815
56.6,3.815
56.6,3.815
56.5,3.815
56.4,3.815
56.4,3.815
56.3,3.815
56.2,3.815
56.1,3.815
56.1,3.815
56.0,3.815
55.9,3.815
55.9,3.815
55.8,3.815
55.7,3.815
55.7,3.815
55.6,3.815
55.6,3.815
55.5,3.815
55.4,3.815
55.3,3.815
55.3,3.815
55.2,3.815
55.1,3.815
55.1,3.815
55.0,3.815
54.9,3.815
54.9,3.815
54.8,3.815
54.7,3.815
54.7,3.815
54.6,3.815
54.5,3.815
54.5,3.815
54.4,3.815
54.4,3.815
54.3,3.815
54.2,3.815
54.2,3.815
54.1,3.815
54.1,3.815
54.0,3.815
53.9,3.810
53.9,3.810
53.8,3.810
53.7,3.810
53.7,3.810
53.6,3.810
53.5,3.810
53.4,3.810
53.4,3.810
53.3,3.810
53.3,3.810
53.2,3.810
53.2,3.810
53.1,3.810
53.1,3.810
53.0,3.810
53.0,3.810
52.9,3.810
52.9,3.810
52.8,3.810
52.7,3.810
52.7,3.810
52.6,3.810
52.5,3.810
52.5,3.810
52.4,3.810
52.4,3.810
52.3,3.810
52.2,3.810
52.2,3.810
52.2,3.810
52.1,3.810
52.0,3.810
52.0,3.810
51.9,3.810
51.9,3.810
51.8,3.810
51.7,3.810
51.7,3.810
51.6,3.810
51.6,3.810
51.5,3.810
51.5,3.810
51.5,3.810
51.4,3.810
51.4,3.810
51.3,3.810
51.3,3.810
51.2,3.810
51.2,3.810
51.1,3.810
51.0,3.810
51.0,3.810
50.9,3.810
50.9,3.810
50.8,3.810
50.7,3.810
50.7,3.810
50.7,3.810
50.6,3.810
50.6,3.810
50.5,3.810
50.5,3.810
50.5,3.810
50.4,3.810
50.4,3.810
50.4,3.810
50.4,3.810
50.3,3.810
50.3,3.810
50.2,3.810
50.2,3.810
50.1,3.810
50.1,3.810
50.1,3.810
50.1,3.810
50.1,3.810
50.1,3.810
50.1,3.810
50.1,3.810
50.1,3.810
50.1,3.810
50.1,3.810
50.1,3.810
50.1,3.810
50.1,3.810
50.1,3.805
50.1,3.805
50.1,3.805
50.1,3.805
50.1,3.805
50.1,3.805
50.1,3.805
50.1,3.805
50.1,3.805
50.1,3.805
50.1,3.805
50.1,3.805
50.1,3.805
50.1,3.805
50.1,3.805
50.1,3.805
50.1,3.805
50.1,3.805
50.1,3.805
50.1,3.805
50.1,3.805
50.1,3.805
50.1,3.805
50.1,3.805
50.0,3.805
50.0,3.805
50.0,3.805
50.0,3.805
50.0,3.805
50.0,3.805
50.0,3.805
50.0,3.805
50.0,3.805
50.0,3.805
50.0,3.805
50.0,3.805
50.0,3.805
50.0,3.805
50.0,3.805
49.9,3.805
49.9,3.805
49.9,3.805
49.9,3.805
49.9,3.805
49.9,3.805
49.9,3.805
49.9,3.805
49.9,3.805
49.9,3.805
49.9,3.805
49.9,3.805
49.9,3.805
49.9,3.805
49.9,3.805
49.9,3.805
49.9,3.805
49.9,3.805
49.9,3.805
49.9,3.805
49.9,3.805
49.9,3.805
49.9,3.805
49.9,3.805
49.9,3.805
49.9,3.805
49.9,3.805
49.9,3.805
49.9,3.805
49.9,3.805
49.9,3.805
49.9,3.805
49.9,3.805
49.9,3.805
49.9,3.805
49.9,3.805
49.9,3.805
49.9,3.805
49.9,3.805
49.9,3.805
49.9,3.805
49.9,3.805
49.9,3.805
49.9,3.805
49.9,3.805
50.0,3.805
50.0,3.805
50.0,3.805
50.0,3.805
50.0,3.805
50.0,3.805
50.0,3.805
50.0,3.805
50.0,3.805
50.0,3.805
50.0,3.805
50.0,3.805
50.0,3.805
50.0,3.805
50.0,3.805
50.0,3.805
50.0,3.805
50.0,3.805
50.0,3.805
50.0,3.805
50.0,3.805
50.0,3.805
50.0,3.805
50.0,3.805
50.0,3.805
50.0,3.805
50.0,3.805
50.0,3.805
50.0,3.805
50.0,3.805
50.0,3.805
50.0,3.805
50.0,3.805
50.0,3.805
50.0,3.805
50.0,3.805
50.0,3.805
50.0,3.805
50.0,3.805
50.0,3.805
50.0,3.805
50.0,3.805
50.0,3.805
50.0,3.805
50.0,3.805
50.0,3.805
50.0,3.805
50.0,3.805
50.0,3.805
50.0,3.800
50.0,3.800
50.0,3.800
50.0,3.800
50.0,3.800
50.0,3.800
50.0,3.800
50.0,3.800
50.0,3.800
50.0,3.800
50.0,3.800
50.0,3.800
50.0,3.800
50.0,3.800
50.0,3.800
50.0,3.800
50.0,3.800
50.0,3.800
50.0,3.800
50.0,3.800
50.0,3.800
50.0,3.800
50.0,3.800
50.0,3.800
50.0,3.800
50.0,3.800
50.0,3.800
50.0,3.800
50.0,3.800
50.0,3.800
50.0,3.800
50.0,3.800
50.0,3.800
50.0,3.800
50.0,3.800
50.0,3.800
50.0,3.800
50.0,3.800
50.0,3.800
50.0,3.800
50.0,3.800
50.0,3.800
50.0,3.800
50.0,3.800
50.0,3.800
50.0,3.800
50.0,3.800
50.0,3.800
50.0,3.800
50.0,3.800
50.0,3.800
50.0,3.800
50.0,3.800
50.0,3.800
50.0,3.800
50.0,3.800
50.0,3.800
50.0,3.800
50.0,3.800
50.0,3.800
50.0,3.800
50.0,3.800
50.0,3.800
50.0,3.800
50.0,3.800
50.0,3.800
50.0,3.800
50.0,3.800
50.0,3.800
50.0,3.800
50.0,3.800
50.0,3.800
50.0,3.800
50.0,3.800
50.0,3.800
50.0,3.800
50.0,3.800
50.0,3.800
50.0,3.800
50.0,3.800
50.0,3.800
50.0,3.800
50.0,3.800
50.0,3.800
50.0,3.800
50.0,3.800
50.0,3.800
50.0,3.800
50.0,3.800
50.0,3.800
50.0,3.800
50.0,3.800
50.0,3.800
50.0,3.800
50.0,3.800
50.0,3.800
50.0,3.800
50.0,3.800
50.0,3.800
50.0,3.800
50.0,3.800
50.0,3.800
50.0,3.800
50.0,3.800
50.0,3.800
50.0,3.800
50.0,3.800
50.0,3.800
50.0,3.800
50.0,3.800
50.0,3.800
50.0,3.800
50.0,3.800
50.0,3.800
50.0,3.800
50.0,3.800
50.0,3.800
50.0,3.800
50.0,3.800
50.0,3.800
50.0,3.800
50.0,3.800
50.0,3.800
50.0,3.800
50.0,3.800
50.0,3.800
50.0,3.800
50.0,3.800
50.0,3.800
50.0,3.800
50.0,3.800
50.0,3.800
50.0,3.800
50.0,3.800
50.0,3.800
50.0,3.800
50.0,3.800
50.0,3.800
50.0,3.800
50.0,3.800
50.0,3.800
50.0,3.800
50.0,3.800
50.0,3.800
50.0,3.800
50.0,3.800
50.0,3.800
50.0,3.800
50.0,3.800
50.0,3.800
50.0,3.800
50.0,3.800
50.0,3.800
50.0,3.800
50.0,3.800
50.0,3.800
50.0,3.800
50.0,3.800
50.0,3.800
50.0,3.800
50.0,3.800
50.0,3.800
50.0,3.800
50.0,3.800
50.0,3.800
50.0,3.800
50.0,3.800
50.0,3.800
50.0,3.800
50.0,3.800
50.0,3.800
50.0,3.800
50.0,3.800
50.0,3.800
50.0,3.800
50.0,3.800
50.0,3.800
50.0,3.800
50.0,3.800
50.0,3.800
50.0,3.800
50.0,3.800
50.0,3.800
50.0,3.800
50.0,3.800
50.0,3.800
50.0,3.800
50.0,3.800
50.0,3.800
50.0,3.800
50.0,3.800
50.0,3.800
50.0,3.800
50.0,3.800
50.0,3.800
50.0,3.800
50.0,3.800
50.0,3.800
50.0,3.800
50.0,3.800
50.0,3.800
50.0,3.800
50.0,3.800
50.0,3.800
50.0,3.800
50.0,3.800
50.0,3.800
50.0,3.800
50.0,3.800
50.0,3.800
50.0,3.800
50.0,3.800
50.0,3.800
50.0,3.800
50.0,3.800
50.0,3.800
50.0,3.800
50.0,3.800
50.0,3.800
50.0,3.800
50.0,3.800
50.0,3.800
50.0,3.800
50.0,3.800
50.0,3.800
50.0,3.800
50.0,3.800
50.0,3.800
50.0,3.800
50.0,3.800
50.0,3.800
50.0,3.800
50.0,3.800
50.0,3.800
50.0,3.800
50.0,3.800
50.0,3.800
50.0,3.800
50.0,3.800
50.0,3.800
50.0,3.800
50.0,3.800
50.0,3.800
50.0,3.800
50.0,3.800
50.0,3.800
50.0,3.800
50.0,3.800
50.0,3.800
50.0,3.800
50.0,3.800
50.0,3.800
50.0,3.800
50.0,3.800
50.0,3.800
50.0,3.800
50.0,3.800
50.0,3.800
50.0,3.800
50.0,3.800
50.0,3.800
50.0,3.800
50.0,3.800
50.0,3.800
50.0,3.800
50.0,3.800
50.0,3.800
50.0,3.800
50.0,3.800
50.0,3.800
50.0,3.800
50.0,3.800
50.0,3.800
50.0,3.800
50.0,3.800
50.0,3.800
50.0,3.800
50.0,3.800
50.0,3.800
50.0,3.800
50.0,3.800
49.9,3.800
49.9,3.800
49.9,3.800
49.9,3.800
49.9,3.800
49.9,3.800
49.9,3.800
49.9,3.795
49.9,3.795
49.9,3.795
49.9,3.795
49.9,3.795
49.9,3.795
49.9,3.795
49.9,3.795
49.9,3.795
49.9,3.795
49.9,3.795
49.9,3.795
49.9,3.795
49.9,3.795
49.9,3.795
49.9,3.795
49.9,3.795
49.9,3.795
49.9,3.795
49.9,3.795
49.9,3.795
49.9,3.795
49.9,3.795
49.9,3.795
49.9,3.795
49.9,3.795
49.9,3.795
49.9,3.795
49.9,3.795
49.9,3.795
49.9,3.795
49.9,3.795
49.9,3.795
49.9,3.795
49.9,3.795
49.9,3.795
49.9,3.795
49.9,3.795
49.9,3.795
49.9,3.795
49.9,3.795
49.9,3.795
49.9,3.795
49.9,3.795
49.9,3.795
49.9,3.795
49.9,3.795
49.9,3.795
49.9,3.795
49.9,3.795
49.9,3.795
49.9,3.795
49.9,3.795
49.9,3.795
49.9,3.795
49.9,3.795
49.9,3.795
49.9,3.795
49.9,3.795
49.9,3.795
49.9,3.795
49.9,3.795
49.9,3.795
49.9,3.795
49.9,3.795
49.9,3.795
49.9,3.795
49.9,3.795
49.9,3.795
49.9,3.795
49.9,3.795
49.9,3.795
49.9,3.795
49.9,3.795
49.9,3.795
49.9,3.795
49.9,3.795
49.9,3.795
49.9,3.795
49.9,3.795
49.9,3.795
49.9,3.795
49.9,3.795
49.9,3.795
49.9,3.795
49.9,3.795
49.9,3.795
49.9,3.795
49.9,3.795
49.9,3.795
49.9,3.795
49.9,3.795
49.9,3.795
49.9,3.795
49.9,3.795
49.9,3.795
49.9,3.795
49.9,3.795
49.9,3.795
49.9,3.795
49.9,3.795
49.9,3.795
49.9,3.795
49.9,3.795
49.9,3.795
49.9,3.795
49.9,3.795
49.9,3.795
49.9,3.795
49.9,3.795
49.9,3.795
49.9,3.795
49.9,3.795
49.9,3.795
49.9,3.795
49.9,3.795
49.9,3.795
49.9,3.795
49.9,3.795
49.9,3.795
49.9,3.795
49.9,3.795
49.9,3.795
49.9,3.795
49.9,3.795
49.9,3.795
49.9,3.795
49.9,3.795
49.9,3.795
49.9,3.795
49.9,3.795
49.9,3.795
49.9,3.795
49.9,3.795
49.9,3.795
49.9,3.795
49.9,3.795
49.9,3.795
49.9,3.795
49.9,3.795
49.9,3.795
49.9,3.795
49.9,3.795
49.9,3.795
49.9,3.795
49.9,3.795
49.9,3.795
49.9,3.795
49.9,3.795
49.9,3.795
49.9,3.795
49.9,3.795
49.9,3.795
49.9,3.795
49.9,3.795
49.9,3.795
49.8,3.795
49.8,3.795
49.8,3.795
49.8,3.795
49.8,3.795
49.8,3.795
49.8,3.795
49.8,3.795
49.8,3.795
49.8,3.795
49.8,3.795
49.8,3.795
49.8,3.795
49.8,3.795
49.8,3.795
49.9,3.795
49.9,3.795
49.9,3.795
49.9,3.795
49.9,3.795
49.9,3.795
49.9,3.795
49.9,3.795
49.9,3.795
49.9,3.795
49.9,3.795
49.9,3.795
49.9,3.795
49.9,3.795
49.9,3.795
49.9,3.795
49.9,3.795
49.8,3.795
49.8,3.795
49.8,3.795
49.8,3.795
49.8,3.795
49.8,3.795
49.8,3.795
49.8,3.795
49.8,3.795
49.8,3.795
49.8,3.795
49.8,3.795
49.8,3.795
49.8,3.795
49.8,3.795
49.8,3.795
49.9,3.795
49.9,3.795
49.9,3.795
49.9,3.795
49.9,3.795
49.9,3.795
49.9,3.795
49.9,3.795
49.9,3.795
49.9,3.795
49.9,3.795
49.9,3.795
49.9,3.795
49.9,3.795
49.9,3.795
49.9,3.795
49.9,3.795
49.9,3.795
49.9,3.795
49.9,3.795
49.9,3.795
49.9,3.795
49.9,3.795
49.9,3.795
49.9,3.795
49.9,3.795
49.9,3.795
49.9,3.795
49.9,3.795
49.9,3.795
49.9,3.795
49.9,3.795
49.9,3.795
49.9,3.795
49.9,3.795
49.9,3.795
49.9,3.795
49.9,3.795
49.9,3.795
49.9,3.795
49.8,3.795
49.8,3.795
49.8,3.795
49.8,3.795
49.8,3.795
49.8,3.795
49.8,3.795
49.8,3.795
49.8,3.795
49.8,3.795
49.8,3.795
49.8,3.795
49.8,3.795
49.8,3.795
49.8,3.795
49.8,3.795
49.8,3.795
49.8,3.795
49.8,3.795
49.8,3.795
49.8,3.795
49.8,3.795
49.8,3.795
49.8,3.795
49.8,3.795
49.8,3.795
49.8,3.795
49.8,3.795
49.8,3.795
49.8,3.795
49.8,3.795
49.8,3.795
49.8,3.795
49.8,3.795
49.8,3.795
49.8,3.795
49.8,3.795
49.8,3.795
49.8,3.795
49.8,3.795
49.8,3.795
49.8,3.795
49.8,3.795
49.8,3.795
49.8,3.795
49.8,3.795
49.8,3.795
49.8,3.795
49.8,3.795
49.8,3.795
49.8,3.795
49.8,3.795
49.8,3.795
49.8,3.795
49.8,3.795
49.8,3.795
49.8,3.795
49.8,3.795
49.8,3.795
49.8,3.795
49.8,3.795
49.8,3.795
49.8,3.795
49.8,3.795
49.8,3.795
49.9,3.795
49.9,3.795
49.9,3.795
49.9,3.795
49.9,3.795
49.9,3.795
49.9,3.795
49.9,3.795
49.8,3.795
49.8,3.795
49.8,3.795
49.8,3.795
49.8,3.795
49.8,3.795
49.8,3.795
49.8,3.790
49.8,3.790
49.8,3.790
49.8,3.790
49.8,3.790
49.8,3.790
49.8,3.790
49.8,3.790
49.8,3.790
49.8,3.790
49.8,3.790
49.8,3.790
49.8,3.790
49.8,3.790
49.8,3.790
49.8,3.790
49.8,3.790
49.8,3.790
49.8,3.790
49.8,3.790
49.8,3.790
49.8,3.790
49.8,3.790
49.8,3.790
49.8,3.790
49.8,3.790
49.8,3.790
49.8,3.790
49.8,3.790
49.8,3.790
49.8,3.790
49.8,3.790
49.8,3.790
49.8,3.790
49.8,3.790
49.8,3.790
49.8,3.790
49.8,3.790
49.8,3.790
49.8,3.790
49.8,3.790
49.8,3.790
49.8,3.790
49.8,3.790
49.8,3.790
49.8,3.790
49.8,3.790
49.8,3.790
49.8,3.790
49.8,3.790
49.8,3.790
49.8,3.790
49.8,3.790
49.8,3.790
49.8,3.790
49.8,3.790
49.8,3.790
49.8,3.790
49.8,3.790
49.8,3.790
49.8,3.790
49.8,3.790
49.8,3.790
49.8,3.790
49.8,3.790
49.8,3.790
49.8,3.790
49.8,3.790
49.8,3.790
49.8,3.790
49.8,3.790
49.8,3.790
49.8,3.790
49.8,3.790
49.8,3.790
49.8,3.790
49.8,3.790
49.8,3.790
49.8,3.790
49.8,3.790
49.8,3.790
49.8,3.790
49.8,3.790
49.8,3.790
49.8,3.790
49.8,3.790
49.8,3.790
49.8,3.790
49.8,3.790
49.8,3.790
49.8,3.790
49.8,3.790
49.8,3.790
49.8,3.790
49.8,3.790
49.8,3.790
49.8,3.790
49.8,3.790
49.8,3.790
49.8,3.790
49.8,3.790
49.8,3.790
49.8,3.790
49.8,3.790
49.8,3.790
49.8,3.790
49.8,3.790
49.8,3.790
49.8,3.790
49.8,3.790
49.8,3.790
49.8,3.790
49.8,3.790
49.8,3.790
49.8,3.790
49.8,3.790
49.8,3.790
49.8,3.790
49.8,3.790
49.8,3.790
49.8,3.790
49.8,3.790
49.8,3.790
49.8,3.790
49.8,3.790
49.8,3.790
49.8,3.790
49.8,3.790
49.8,3.790
49.8,3.790
49.8,3.790
49.8,3.790
49.8,3.790
49.8,3.790
49.8,3.790
49.8,3.790
49.8,3.790
49.8,3.790
49.8,3.790
49.8,3.790
49.8,3.790
49.8,3.790
49.8,3.790
49.8,3.790
49.8,3.790
49.8,3.790
49.8,3.790
49.8,3.790
49.8,3.790
49.8,3.790
49.8,3.790
49.8,3.790
49.8,3.790
49.8,3.790
49.8,3.785
49.8,3.785
49.8,3.785
49.8,3.785
49.8,3.785
49.8,3.785
49.8,3.785
49.8,3.785
49.8,3.785
49.8,3.785
49.8,3.785
49.8,3.785
49.8,3.785
49.8,3.785
49.8,3.785
49.8,3.785
49.8,3.785
49.8,3.785
49.8,3.785
49.8,3.785
49.8,3.785
49.8,3.785
49.8,3.785
49.8,3.785
49.8,3.785
49.8,3.785
49.8,3.785
49.8,3.785
49.8,3.785
49.8,3.785
49.8,3.785
49.8,3.785
49.8,3.785
49.8,3.785
49.8,3.785
49.8,3.785
49.8,3.785
49.8,3.785
49.8,3.785
49.8,3.785
49.8,3.785
49.8,3.785
49.8,3.785
49.8,3.785
49.8,3.785
49.8,3.785
49.8,3.785
49.8,3.785
49.8,3.785
49.8,3.785
49.8,3.785
49.8,3.785
49.8,3.785
49.8,3.785
49.8,3.785
49.8,3.785
49.8,3.785
49.8,3.785
49.8,3.785
49.8,3.785
49.8,3.785
49.8,3.785
49.8,3.785
49.8,3.785
49.8,3.785
49.8,3.785
49.8,3.785
49.8,3.785
49.8,3.785
49.8,3.785
49.8,3.785
49.8,3.785
49.8,3.785
49.8,3.785
49.8,3.785
49.8,3.780
49.8,3.780
49.8,3.780
49.8,3.780
49.8,3.780
49.8,3.780
49.8,3.780
49.8,3.780
49.8,3.780
49.8,3.780
49.8,3.780
49.8,3.780
49.8,3.780
49.7,3.780
49.7,3.780
49.7,3.780
49.7,3.780
49.7,3.780
49.7,3.780
49.7,3.780
49.7,3.780
49.7,3.780
49.7,3.780
49.7,3.780
49.7,3.780
49.7,3.780
49.8,3.780
49.8,3.780
49.8,3.780
49.8,3.780
49.8,3.780
49.7,3.780
49.7,3.780
49.7,3.780
49.7,3.780
49.7,3.780
49.7,3.780
49.7,3.780
49.7,3.780
49.7,3.780
49.7,3.780
49.7,3.780
49.7,3.780
49.7,3.780
49.7,3.780
49.7,3.780
49.7,3.780
49.7,3.780
49.7,3.780
49.7,3.780
49.7,3.780
49.7,3.780
49.7,3.780
49.7,3.780
49.7,3.780
49.7,3.775
49.7,3.775
49.7,3.775
49.7,3.775
49.7,3.775
49.7,3.775
49.7,3.775
49.7,3.775
49.7,3.775
49.7,3.775
49.7,3.775
49.8,3.775
49.8,3.775
49.8,3.775
49.8,3.775
49.8,3.775
49.8,3.775
49.8,3.775
49.8,3.775
49.8,3.775
49.8,3.775
49.8,3.775
49.8,3.775
49.8,3.775
49.8,3.775
49.8,3.775
49.8,3.775
49.8,3.775
49.8,3.775
49.8,3.775
49.8,3.775
49.8,3.775
49.8,3.775
49.8,3.775
49.8,3.775
49.8,3.775
49.8,3.775
49.8,3.775
49.8,3.775
49.8,3.775
49.8,3.775
49.8,3.775
49.8,3.775
49.8,3.775
49.8,3.775
49.8,3.775
49.8,3.775
49.8,3.775
49.8,3.770
49.8,3.770
49.7,3.770
49.7,3.770
49.7,3.770
49.7,3.770
49.7,3.770
49.7,3.770
49.7,3.770
49.7,3.770
49.7,3.770
49.7,3.770
49.7,3.770
49.7,3.770
49.7,3.770
49.7,3.770
49.7,3.770
49.7,3.770
49.7,3.770
49.7,3.770
49.7,3.770
49.7,3.770
49.7,3.770
49.7,3.770
49.7,3.770
49.7,3.770
49.7,3.770
49.7,3.770
49.7,3.770
49.7,3.770
49.7,3.770
49.7,3.770
49.7,3.770
49.7,3.770
49.7,3.770
49.7,3.770
49.7,3.770
49.7,3.770
49.7,3.770
49.7,3.770
49.7,3.770
49.7,3.765
49.7,3.765
49.7,3.765
49.7,3.765
49.7,3.765
49.7,3.765
49.7,3.765
49.7,3.765
49.7,3.765
49.7,3.765
49.7,3.765
49.7,3.765
49.7,3.765
49.7,3.765
49.7,3.765
49.7,3.765
49.7,3.765
49.7,3.765
49.7,3.765
49.7,3.765
49.7,3.765
49.7,3.765
49.7,3.765
49.6,3.765
49.6,3.765
49.6,3.765
49.6,3.765
49.6,3.765
49.6,3.765
49.6,3.765
49.6,3.765
49.6,3.765
49.6,3.760
49.6,3.760
49.6,3.760
49.6,3.760
49.6,3.760
49.6,3.760
49.6,3.760
49.6,3.760
49.6,3.760
49.6,3.760
49.6,3.760
49.6,3.760
49.6,3.760
49.6,3.760
49.6,3.760
49.6,3.760
49.6,3.760
49.6,3.760
49.6,3.760
49.6,3.760
49.6,3.760
49.6,3.760
49.6,3.760
49.6,3.760
49.6,3.760
49.6,3.760
49.6,3.760
49.6,3.760
49.6,3.755
49.6,3.755
49.6,3.755
49.6,3.755
49.6,3.755
49.6,3.755
49.6,3.755
49.6,3.755
49.6,3.755
49.6,3.755
49.6,3.755
49.6,3.755
49.6,3.755
49.6,3.755
49.6,3.755
49.6,3.755
49.6,3.755
49.6,3.755
49.6,3.755
49.6,3.755
49.6,3.755
49.6,3.750
49.6,3.750
49.6,3.750
49.6,3.750
49.6,3.750
49.6,3.750
49.6,3.750
49.6,3.750
49.6,3.750
49.6,3.750
49.6,3.750
49.6,3.750
49.6,3.750
49.6,3.750
49.6,3.750
49.6,3.750
49.6,3.750
49.6,3.750
49.6,3.750
49.6,3.750
49.6,3.750
49.6,3.745
49.6,3.745
49.6,3.745
49.6,3.745
49.6,3.745
49.6,3.745
49.6,3.745
49.5,3.745
49.5,3.745
49.5,3.745
49.5,3.745
49.5,3.745
49.5,3.745
49.5,3.745
49.5,3.745
49.5,3.745
49.5,3.745
49.5,3.745
49.5,3.745
49.5,3.740
49.5,3.740
49.5,3.740
49.5,3.740
49.5,3.740
49.5,3.740
49.5,3.740
49.5,3.740
49.5,3.740
49.5,3.740
49.5,3.740
49.5,3.740
49.6,3.740
49.6,3.740
49.6,3.740
49.6,3.740
49.6,3.740
49.6,3.735
49.6,3.735
49.6,3.735
49.6,3.735
49.6,3.735
49.6,3.735
49.5,3.735
49.5,3.735
49.4,3.735
49.4,3.735
49.4,3.735
49.4,3.735
49.4,3.735
49.5,3.735
49.5,3.735
49.5,3.735
49.6,3.735
49.6,3.730
49.6,3.730
49.7,3.730
49.6,3.730
49.6,3.730
49.6,3.730
49.6,3.730
49.6,3.730
49.6,3.730
49.5,3.730
49.5,3.730
49.5,3.730
49.4,3.730
49.4,3.730
49.4,3.730
49.4,3.730
49.4,3.730
49.4,3.725
49.4,3.725
49.4,3.725
49.5,3.725
49.5,3.725
49.5,3.725
49.5,3.725
49.5,3.725
49.5,3.725
49.5,3.725
49.5,3.725
49.5,3.725
49.5,3.725
49.5,3.725
49.5,3.725
49.5,3.725
49.5,3.725
49.4,3.720
49.4,3.720
49.4,3.720
49.4,3.720
49.4,3.720
49.4,3.720
49.4,3.720
49.4,3.720
49.4,3.720
49.4,3.720
49.4,3.720
49.4,3.720
49.4,3.720
49.4,3.720
49.4,3.720
49.4,3.715
49.4,3.715
49.4,3.715
49.4,3.715
49.4,3.715
49.4,3.715
49.4,3.715
49.4,3.715
49.4,3.715
49.4,3.715
49.4,3.715
49.4,3.715
49.4,3.715
49.5,3.715
49.5,3.715
49.5,3.715
49.5,3.715
49.5,3.710
49.5,3.710
49.5,3.710
49.5,3.710
49.5,3.710
49.5,3.710
49.5,3.710
49.5,3.710
49.5,3.710
49.4,3.710
49.4,3.710
49.4,3.710
49.4,3.710
49.4,3.710
49.4,3.710
49.4,3.710
49.4,3.710
49.4,3.705
49.4,3.705
49.4,3.705
49.4,3.705
49.4,3.705
49.4,3.705
49.4,3.705
49.4,3.705
49.4,3.705
49.4,3.705
49.4,3.705
49.4,3.705
49.4,3.705
49.4,3.705
49.4,3.705
49.4,3.705
49.4,3.705
49.4,3.705
49.4,3.700
49.4,3.700
49.4,3.700
49.4,3.700
49.4,3.700
49.4,3.700
49.4,3.700
49.4,3.700
49.4,3.700
49.4,3.700
49.4,3.700
49.4,3.700
49.3,3.700
49.3,3.700
49.3,3.700
49.3,3.700
49.3,3.695
49.3,3.695
49.3,3.695
49.3,3.695
49.3,3.695
49.3,3.695
49.3,3.695
49.3,3.695
49.3,3.695
49.3,3.695
49.3,3.695
49.3,3.695
49.3,3.695
49.3,3.695
49.3,3.695
49.4,3.695
49.4,3.690
49.4,3.690
49.4,3.690
49.4,3.690
49.4,3.690
49.4,3.690
49.4,3.690
49.3,3.690
49.3,3.690
49.3,3.690
49.3,3.690
49.3,3.690
49.3,3.690
49.4,3.690
49.4,3.690
49.4,3.690
49.4,3.685
49.4,3.685
49.4,3.685
49.4,3.685
49.3,3.685
49.3,3.685
49.3,3.685
49.3,3.685
49.3,3.685
49.3,3.685
49.3,3.685
49.3,3.685
49.3,3.685
49.3,3.685
49.3,3.685
49.3,3.685
49.3,3.680
49.3,3.680
49.3,3.680
49.3,3.680
49.3,3.680
49.3,3.680
49.3,3.680
49.3,3.680
49.3,3.680
49.3,3.680
49.2,3.680
49.2,3.680
49.2,3.680
49.2,3.680
49.2,3.680
49.2,3.680
49.2,3.675
49.2,3.675
49.2,3.675
49.2,3.675
49.2,3.675
49.2,3.675
49.3,3.675
49.3,3.675
49.3,3.675
49.3,3.675
49.3,3.675
49.3,3.675
49.3,3.675
49.3,3.675
49.3,3.675
49.3,3.670
49.3,3.670
49.3,3.670
49.3,3.670
49.3,3.670
49.3,3.670
49.3,3.670
49.3,3.670
49.3,3.670
49.3,3.670
49.3,3.670
49.3,3.670
49.2,3.670
49.2,3.670
49.2,3.670
49.2,3.665
49.2,3.665
49.2,3.665
49.2,3.665
49.2,3.665
49.2,3.665
49.2,3.665
49.2,3.665
49.2,3.665
49.2,3.665
49.2,3.665
49.2,3.665
49.2,3.665
49.2,3.665
49.2,3.665
49.2,3.660
49.2,3.660
49.2,3.660
49.2,3.660
49.2,3.660
49.2,3.660
49.2,3.660
49.2,3.660
49.2,3.660
49.2,3.660
49.2,3.660
49.2,3.660
49.2,3.660
49.2,3.660
49.2,3.655
49.2,3.655
49.2,3.655
49.2,3.655
49.2,3.655
49.2,3.655
49.1,3.655
49.1,3.655
49.1,3.655
49.1,3.655
49.1,3.655
49.1,3.655
49.1,3.655
49.1,3.650
49.2,3.650
49.2,3.650
49.2,3.650
49.2,3.650
49.2,3.650
49.2,3.650
49.2,3.650
49.2,3.650
49.2,3.650
49.1,3.650
49.1,3.650
49.1,3.650
49.1,3.650
49.1,3.645
49.1,3.645
49.1,3.645
49.1,3.645
49.1,3.645
49.1,3.645
49.1,3.645
49.1,3.645
49.1,3.645
49.1,3.645
49.1,3.645
49.2,3.645
49.2,3.645
49.2,3.645
49.2,3.640
49.2,3.640
49.2,3.640
49.2,3.640
49.2,3.640
49.2,3.640
49.1,3.640
49.1,3.640
49.1,3.640
49.1,3.640
49.1,3.640
49.1,3.640
49.1,3.635
49.1,3.635
49.1,3.635
49.1,3.635
49.1,3.635
49.1,3.635
49.1,3.635
49.1,3.635
49.1,3.635
49.1,3.635
49.1,3.635
49.1,3.635
49.1,3.635
49.1,3.635
49.1,3.630
49.1,3.630
49.1,3.630
49.1,3.630
49.1,3.630
49.1,3.630
49.1,3.630
49.1,3.630
49.1,3.630
49.1,3.630
49.1,3.630
49.1,3.630
49.1,3.630
49.1,3.630
49.1,3.625
49.1,3.625
49.1,3.625
49.1,3.625
49.1,3.625
49.1,3.625
49.1,3.625
49.1,3.625
49.1,3.625
49.1,3.625
49.1,3.625
49.1,3.625
49.1,3.625
49.1,3.625
49.1,3.620
49.1,3.620
49.1,3.620
49.1,3.620
49.1,3.620
49.1,3.620
49.1,3.620
49.0,3.620
49.0,3.620
49.0,3.620
49.0,3.620
49.0,3.620
49.0,3.620
49.0,3.615
49.0,3.615
49.0,3.615
49.0,3.615
49.0,3.615
49.0,3.615
49.0,3.615
49.0,3.615
49.0,3.615
49.0,3.615
49.0,3.615
49.0,3.615
49.0,3.615
49.0,3.615
49.0,3.610
49.0,3.610
49.0,3.610
49.0,3.610
49.0,3.610
49.0,3.610
49.0,3.610
49.0,3.610
49.0,3.610
49.0,3.610
49.0,3.610
49.0,3.610
49.0,3.610
49.0,3.610
49.0,3.605
49.0,3.605
49.0,3.605
49.0,3.605
49.0,3.605
49.0,3.605
49.0,3.605
49.0,3.605
49.0,3.605
49.0,3.605
49.0,3.605
48.9,3.605
48.9,3.605
48.9,3.600
48.9,3.600
48.9,3.600
48.9,3.600
48.9,3.600
48.9,3.600
48.9,3.600
48.9,3.600
49.0,3.600
49.0,3.600
49.0,3.600
49.1,3.600
49.0,3.600
49.0,3.595
49.0,3.595
49.0,3.595
49.0,3.595
49.0,3.595
49.0,3.595
48.9,3.595
48.9,3.595
48.9,3.595
49.0,3.595
48.9,3.595
48.9,3.595
48.9,3.590
48.9,3.590
48.9,3.590
48.9,3.590
48.9,3.590
48.9,3.590
48.9,3.590
48.9,3.590
48.9,3.590
48.9,3.590
48.9,3.590
48.9,3.590
48.9,3.585
48.9,3.585
48.9,3.585
48.9,3.585
48.9,3.585
48.9,3.585
48.8,3.585
48.8,3.585
48.8,3.585
48.8,3.585
48.8,3.585
48.8,3.585
48.8,3.580
48.8,3.580
48.8,3.580
48.8,3.580
48.8,3.580
48.9,3.580
48.9,3.580
48.9,3.580
48.9,3.580
48.9,3.580
48.9,3.580
48.9,3.575
48.9,3.575
48.9,3.575
48.9,3.575
48.9,3.575
48.9,3.575
48.9,3.575
48.9,3.575
48.9,3.575
48.9,3.575
48.9,3.575
48.9,3.570
48.9,3.570
48.9,3.570
48.8,3.570
48.8,3.570
48.8,3.570
48.8,3.570
48.8,3.570
48.7,3.570
48.7,3.570
48.7,3.570
48.6,3.565
48.6,3.565
48.7,3.565
48.7,3.565
48.7,3.565
48.7,3.565
48.7,3.565
48.8,3.565
48.8,3.565
48.8,3.565
48.9,3.560
48.9,3.560
48.9,3.560
48.9,3.560
48.9,3.560
48.9,3.560
48.9,3.560
48.7,3.560
48.7,3.560
48.6,3.560
48.6,3.555
48.6,3.555
48.6,3.555
48.6,3.555
48.6,3.555
48.6,3.555
48.6,3.555
48.6,3.555
48.6,3.555
48.7,3.555
48.7,3.550
48.8,3.550
48.8,3.550
48.8,3.550
48.8,3.550
48.8,3.550
48.8,3.550
48.7,3.550
48.7,3.550
48.7,3.550
48.6,3.545
48.6,3.545
48.6,3.545
48.6,3.545
48.6,3.545
48.6,3.545
48.6,3.545
48.6,3.545
48.6,3.545
48.7,3.545
48.7,3.545
48.7,3.540
48.7,3.540
48.7,3.540
48.7,3.540
48.7,3.540
48.7,3.540
48.7,3.540
48.7,3.540
48.7,3.540
48.6,3.540
48.6,3.535
48.6,3.535
48.6,3.535
48.5,3.535
48.5,3.535
48.5,3.535
48.5,3.535
48.5,3.535
48.5,3.535
48.5,3.535
48.6,3.530
48.6,3.530
48.6,3.530
48.6,3.530
48.6,3.530
48.6,3.530
48.7,3.530
48.7,3.530
48.7,3.530
48.7,3.530
48.7,3.525
48.7,3.525
48.6,3.525
48.6,3.525
48.6,3.525
48.5,3.525
48.5,3.525
48.5,3.525
48.5,3.525
48.5,3.525
48.5,3.525
48.5,3.520
48.6,3.520
48.6,3.520
48.6,3.520
48.6,3.520
48.7,3.520
48.7,3.520
48.6,3.520
48.6,3.520
48.6,3.520
48.6,3.520
48.6,3.515
48.6,3.515
48.6,3.515
48.6,3.515
48.6,3.515
48.6,3.515
48.6,3.515
48.6,3.515
48.6,3.515
48.6,3.515
48.6,3.510
48.6,3.510
48.6,3.510
48.6,3.510
48.6,3.510
48.6,3.510
48.6,3.510
48.6,3.510
48.6,3.510
48.6,3.510
48.6,3.505
48.6,3.505
48.6,3.505
48.6,3.505
48.5,3.505
48.5,3.505
48.5,3.505
48.5,3.505
48.5,3.505
48.5,3.505
48.6,3.505
48.6,3.500
48.6,3.500
48.6,3.500
48.6,3.500
48.6,3.500
48.6,3.500
48.6,3.500
48.6,3.500
48.6,3.500
48.6,3.500
48.6,3.500
48.5,3.495
48.5,3.495
48.5,3.495
48.5,3.495
48.5,3.495
48.5,3.495
48.5,3.495
48.5,3.495
48.5,3.495
48.5,3.495
48.5,3.490
48.5,3.490
48.5,3.490
48.5,3.490
48.4,3.490
48.4,3.490
48.4,3.490
48.4,3.490
48.4,3.490
48.4,3.490
48.4,3.490
48.4,3.490
48.4,3.485
48.4,3.485
48.4,3.485
48.4,3.485
48.4,3.485
48.4,3.485
48.4,3.485
48.5,3.485
48.5,3.485
48.5,3.485
48.5,3.485
48.5,3.485
48.5,3.480
48.5,3.480
48.5,3.480
48.5,3.480
48.5,3.480
48.5,3.480
48.5,3.480
48.5,3.480
48.5,3.480
48.5,3.480
48.5,3.480
48.5,3.475
48.5,3.475
48.5,3.475
48.5,3.475
48.5,3.475
48.5,3.475
48.5,3.475
48.5,3.475
48.5,3.475
48.5,3.475
48.5,3.475
48.5,3.475
48.5,3.470
48.5,3.470
48.5,3.470
48.5,3.470
48.5,3.470
48.5,3.470
48.5,3.470
48.5,3.470
48.5,3.470
48.5,3.470
48.5,3.470
48.5,3.470
48.5,3.470
48.5,3.465
48.5,3.465
48.5,3.465
48.5,3.465
48.5,3.465
48.5,3.465
48.5,3.465
48.5,3.465
48.5,3.465
48.5,3.465
48.5,3.465
48.5,3.465
48.5,3.460
48.5,3.460
48.5,3.460
48.5,3.460
48.5,3.460
48.5,3.460
48.5,3.460
48.5,3.460
48.5,3.460
48.5,3.460
48.5,3.460
48.5,3.460
48.5,3.460
48.5,3.455
48.5,3.455
48.5,3.455
48.5,3.455
48.5,3.455
48.5,3.455
48.5,3.455
48.5,3.455
48.4,3.455
48.4,3.455
48.4,3.455
48.4,3.455
48.4,3.455
48.4,3.450
48.4,3.450
48.4,3.450
48.4,3.450
48.4,3.450
48.4,3.450
48.4,3.450
48.4,3.450
48.4,3.450
48.4,3.450
48.4,3.450
48.4,3.450
48.4,3.450
48.4,3.445
48.4,3.445
48.4,3.445
48.3,3.445
48.3,3.445
48.3,3.445
48.3,3.445
48.3,3.445
48.3,3.445
48.3,3.445
48.4,3.445
48.3,3.445
48.3,3.445
48.4,3.440
48.4,3.440
48.4,3.440
48.4,3.440
48.4,3.440
48.4,3.440
48.4,3.440
48.4,3.440
48.4,3.440
48.4,3.440
48.4,3.440
48.3,3.440
48.3,3.440
48.3,3.440
48.3,3.435
48.3,3.435
48.3,3.435
48.3,3.435
48.3,3.435
48.4,3.435
48.4,3.435
48.4,3.435
48.4,3.435
48.4,3.435
48.4,3.435
48.4,3.435
48.4,3.430
48.4,3.430
48.4,3.430
48.4,3.430
48.4,3.430
48.2,3.430
48.3,3.430
48.3,3.430
48.3,3.430
48.3,3.430
48.3,3.430
48.2,3.430
48.3,3.430
48.2,3.430
48.3,3.425
48.3,3.425
48.3,3.425
48.3,3.425
48.3,3.425
48.3,3.425
48.3,3.425
48.3,3.425
48.3,3.425
48.3,3.425
48.3,3.425
48.3,3.425
48.3,3.425
48.3,3.425
48.3,3.420
48.3,3.420
48.3,3.420
48.3,3.420
48.3,3.420
48.3,3.420
48.3,3.420
48.3,3.420
48.3,3.420
48.4,3.420
48.4,3.420
48.4,3.420
48.4,3.420
48.4,3.420
48.3,3.415
48.3,3.415
48.3,3.415
48.3,3.415
48.3,3.415
48.3,3.415
48.3,3.415
48.3,3.415
48.3,3.415
48.3,3.415
48.3,3.415
48.3,3.415
48.3,3.415
48.3,3.415
48.3,3.410
48.3,3.410
48.3,3.410
48.3,3.410
48.3,3.410
48.3,3.410
48.3,3.410
48.3,3.410
48.3,3.410
48.3,3.410
48.3,3.410
48.3,3.410
48.3,3.410
48.3,3.410
48.3,3.410
48.3,3.405
48.3,3.405
48.3,3.405
48.3,3.405
48.2,3.405
48.2,3.405
48.2,3.405
48.2,3.405
48.3,3.405
48.3,3.405
48.3,3.405
48.3,3.405
48.3,3.405
48.3,3.405
48.3,3.405
48.3,3.400
48.3,3.400
48.3,3.400
48.2,3.400
48.2,3.400
48.2,3.400
48.2,3.400
48.2,3.400
48.2,3.400
48.2,3.400
48.2,3.400
48.2,3.400
48.2,3.400
48.2,3.400
48.2,3.395
48.2,3.395
48.2,3.395
48.2,3.395
48.2,3.395
48.2,3.395
48.2,3.395
48.2,3.395
48.2,3.395
48.2,3.395
48.2,3.395
48.2,3.395
48.2,3.395
48.2,3.395
48.2,3.395
48.2,3.395
48.2,3.390
48.2,3.390
48.2,3.390
48.2,3.390
48.2,3.390
48.2,3.390
48.2,3.390
48.2,3.390
48.2,3.390
48.2,3.390
48.2,3.390
48.2,3.390
48.2,3.390
48.2,3.390
48.2,3.390
48.2,3.390
48.2,3.385
48.2,3.385
48.2,3.385
48.2,3.385
48.2,3.385
48.2,3.385
48.2,3.385
48.2,3.385
48.2,3.385
48.2,3.385
48.2,3.385
48.2,3.385
48.2,3.385
48.3,3.385
48.3,3.385
48.3,3.385
48.3,3.385
48.3,3.380
48.3,3.380
48.3,3.380
48.3,3.380
48.3,3.380
48.2,3.380
48.2,3.380
48.1,3.380
48.1,3.380
48.1,3.380
48.1,3.380
48.1,3.380
48.1,3.380
48.1,3.380
48.1,3.380
48.1,3.380
48.1,3.380
48.1,3.375
48.2,3.375
48.2,3.375
48.2,3.375
48.2,3.375
48.2,3.375
48.2,3.375
48.2,3.375
48.2,3.375
48.2,3.375
48.2,3.375
48.2,3.375
48.2,3.375
48.2,3.375
48.2,3.375
48.2,3.375
48.2,3.375
48.2,3.375
48.2,3.370
48.2,3.370
48.2,3.370
48.2,3.370
48.2,3.370
48.2,3.370
48.2,3.370
48.2,3.370
48.2,3.370
48.2,3.370
48.2,3.370
48.2,3.370
48.2,3.370
48.2,3.370
48.2,3.370
48.2,3.370
48.2,3.370
48.2,3.370
48.2,3.370
48.2,3.370
48.1,3.365
48.1,3.365
48.1,3.365
48.1,3.365
48.1,3.365
48.1,3.365
48.1,3.365
48.1,3.365
48.1,3.365
48.1,3.365
48.1,3.365
48.1,3.365
48.1,3.365
48.1,3.365
48.1,3.365
48.1,3.365
48.1,3.365
48.1,3.365
48.1,3.360
48.1,3.360
48.1,3.360
48.1,3.360
48.1,3.360
48.1,3.360
48.1,3.360
48.1,3.360
48.1,3.360
48.1,3.360
48.1,3.360
48.1,3.360
48.1,3.360
48.1,3.360
48.1,3.360
48.1,3.360
48.1,3.360
48.1,3.360
48.1,3.360
48.1,3.355
48.1,3.355
48.1,3.355
48.1,3.355
48.1,3.355
48.1,3.355
48.1,3.355
48.1,3.355
48.1,3.355
48.1,3.355
48.1,3.355
48.1,3.355
48.1,3.355
48.1,3.355
48.1,3.355
48.1,3.355
48.1,3.355
48.1,3.355
48.1,3.350
48.1,3.350
48.1,3.350
48.1,3.350
48.1,3.350
48.1,3.350
48.1,3.350
48.1,3.350
48.1,3.350
48.1,3.350
48.1,3.350
48.1,3.350
48.1,3.350
48.1,3.350
48.1,3.350
48.1,3.350
48.0,3.350
48.0,3.350
48.0,3.345
48.0,3.345
48.0,3.345
48.0,3.345
48.0,3.345
48.0,3.345
48.0,3.345
48.0,3.345
48.0,3.345
48.0,3.345
48.0,3.345
48.0,3.345
48.0,3.345
48.0,3.345
48.0,3.345
48.0,3.345
48.0,3.345
48.0,3.345
48.0,3.340
48.0,3.340
48.0,3.340
47.9,3.340
47.9,3.340
47.9,3.340
47.9,3.340
47.9,3.340
47.9,3.340
48.0,3.340
48.0,3.340
48.0,3.340
48.0,3.340
48.0,3.340
48.0,3.340
48.0,3.340
48.0,3.340
48.0,3.335
48.0,3.335
48.0,3.335
48.0,3.335
48.0,3.335
48.0,3.335
48.0,3.335
47.9,3.335
47.9,3.335
47.9,3.335
47.9,3.335
47.9,3.335
47.9,3.335
47.9,3.335
47.9,3.335
47.9,3.330
47.9,3.330
47.9,3.330
47.9,3.330
47.9,3.330
47.9,3.330
47.9,3.330
47.9,3.330
47.9,3.330
47.9,3.330
47.9,3.330
47.9,3.330
47.9,3.330
47.9,3.330
47.9,3.330
47.9,3.330
47.9,3.325
47.9,3.325
47.9,3.325
47.9,3.325
47.9,3.325
47.9,3.325
47.9,3.325
47.9,3.325
47.9,3.325
47.9,3.325
47.9,3.325
47.9,3.325
47.9,3.325
47.9,3.325
47.9,3.325
47.9,3.325
47.9,3.320
47.9,3.320
47.9,3.320
47.9,3.320
47.9,3.320
47.9,3.320
48.0,3.320
48.0,3.320
48.0,3.320
48.0,3.320
48.0,3.320
48.0,3.320
48.0,3.320
48.0,3.315
48.0,3.315
47.9,3.315
47.9,3.315
47.9,3.315
47.9,3.315
47.9,3.315
47.9,3.315
47.9,3.315
47.9,3.315
47.9,3.315
47.9,3.315
47.9,3.315
47.9,3.315
47.9,3.315
47.9,3.310
47.9,3.310
47.9,3.310
47.9,3.310
47.9,3.310
47.9,3.310
47.9,3.310
47.9,3.310
47.9,3.310
47.9,3.310
47.9,3.310
47.9,3.310
47.8,3.310
47.8,3.310
47.8,3.305
47.8,3.305
47.8,3.305
47.8,3.305
47.8,3.305
47.8,3.305
47.8,3.305
47.8,3.305
47.8,3.305
47.8,3.305
47.8,3.305
47.8,3.305
47.8,3.305
47.8,3.305
47.8,3.300
47.8,3.300
47.8,3.300
47.8,3.300
47.8,3.300
47.8,3.300
47.8,3.300
47.8,3.300
47.8,3.300
47.8,3.300
47.8,3.300
47.8,3.300
47.8,3.300
47.8,3.295
47.8,3.295
47.8,3.295
47.8,3.295
47.8,3.295
47.8,3.295
47.8,3.295
47.8,3.295
47.8,3.295
47.8,3.295
47.8,3.295
47.8,3.295
47.8,3.290
47.8,3.290
47.8,3.290
47.8,3.290
47.8,3.290
47.8,3.290
47.8,3.290
47.8,3.290
47.8,3.290
47.8,3.290
47.8,3.290
47.8,3.290
47.8,3.290
47.8,3.285
47.8,3.285
47.7,3.285
47.7,3.285
47.7,3.285
47.7,3.285
47.7,3.285
47.7,3.285
47.7,3.285
47.7,3.285
47.7,3.285
47.7,3.285
47.7,3.280
47.7,3.280
47.7,3.280
47.7,3.280
47.7,3.280
47.7,3.280
47.7,3.280
47.7,3.280
47.7,3.280
47.7,3.280
47.7,3.280
47.7,3.280
47.7,3.275
47.7,3.275
47.7,3.275
47.7,3.275
47.7,3.275
47.7,3.275
47.7,3.275
47.7,3.275
47.7,3.275
47.7,3.275
47.7,3.275
47.7,3.270
47.7,3.270
47.7,3.270
47.7,3.270
47.7,3.270
47.7,3.270
47.7,3.270
47.7,3.270
47.7,3.270
47.7,3.270
47.7,3.270
47.7,3.265
47.7,3.265
47.7,3.265
47.7,3.265
47.7,3.265
47.7,3.265
47.7,3.265
47.7,3.265
47.7,3.265
47.7,3.265
47.7,3.265
47.7,3.260
47.7,3.260
47.7,3.260
47.7,3.260
47.7,3.260
47.7,3.260
47.7,3.260
47.7,3.260
47.7,3.260
47.7,3.260
47.7,3.260
47.7,3.255
47.7,3.255
47.7,3.255
47.7,3.255
47.7,3.255
47.7,3.255
47.7,3.255
47.7,3.255
47.7,3.255
47.7,3.255
47.7,3.250
47.7,3.250
47.7,3.250
47.7,3.250
47.7,3.250
47.7,3.250
47.7,3.250
47.7,3.250
47.6,3.250
47.6,3.250
47.6,3.250
47.6,3.245
47.6,3.245
47.6,3.245
47.6,3.245
47.7,3.245
47.6,3.245
47.6,3.245
47.6,3.245
47.6,3.245
47.6,3.245
47.6,3.245
47.6,3.240
47.6,3.240
47.6,3.240
47.6,3.240
47.6,3.240
47.6,3.240
47.6,3.240
47.6,3.240
47.6,3.240
47.6,3.240
47.6,3.235
47.6,3.235
47.6,3.235
47.6,3.235
47.6,3.235
47.6,3.235
47.6,3.235
47.6,3.235
47.6,3.235
47.6,3.235
47.6,3.230
47.6,3.230
47.6,3.230
47.6,3.230
47.6,3.230
47.6,3.230
47.5,3.230
47.5,3.230
47.5,3.230
47.5,3.230
47.5,3.230
47.5,3.225
47.5,3.225
47.5,3.225
47.5,3.225
47.5,3.225
47.5,3.225
47.5,3.225
47.6,3.225
47.6,3.225
47.6,3.225
47.6,3.220
47.6,3.220
47.6,3.220
47.6,3.220
47.6,3.220
47.5,3.220
47.5,3.220
47.5,3.220
47.5,3.220
47.5,3.220
47.5,3.215
47.5,3.215
47.5,3.215
47.5,3.215
47.5,3.215
47.5,3.215
47.5,3.215
47.5,3.215
47.5,3.215
47.5,3.215
47.5,3.210
47.5,3.210
47.5,3.210
47.5,3.210
47.5,3.210
47.5,3.210
47.5,3.210
47.5,3.210
47.5,3.210
47.4,3.210
47.4,3.210
47.4,3.205
47.4,3.205
47.4,3.205
47.4,3.205
47.4,3.205
47.5,3.205
47.5,3.205
47.5,3.205
47.5,3.205
47.5,3.200
47.4,3.200
47.5,3.200
47.4,3.200
47.4,3.200
47.4,3.200
47.4,3.200
47.4,3.200
47.4,3.200
47.4,3.200
47.4,3.195
47.4,3.195
47.4,3.195
47.5,3.195
47.5,3.195
47.5,3.195
47.5,3.195
47.5,3.195
47.5,3.195
47.4,3.190
47.4,3.190
47.3,3.190
47.3,3.190
47.3,3.190
47.3,3.190
47.3,3.190
47.3,3.190
47.3,3.190
47.3,3.190
47.3,3.185
47.4,3.185
47.4,3.185
47.4,3.185
47.4,3.185
47.4,3.185
47.5,3.185
47.5,3.185
47.5,3.185
47.4,3.180
47.5,3.180
47.4,3.180
47.4,3.180
47.3,3.180
47.3,3.180
47.3,3.180
47.3,3.180
47.3,3.180
47.3,3.175
47.3,3.175
47.4,3.175
47.3,3.175
47.3,3.175
47.3,3.175
47.3,3.175
47.4,3.175
47.4,3.175
47.4,3.170
47.4,3.170
47.4,3.170
47.4,3.170
47.3,3.170
47.3,3.170
47.3,3.170
47.3,3.170
47.2,3.170
47.2,3.165
47.2,3.165
47.2,3.165
47.2,3.165
47.2,3.165
47.2,3.165
47.2,3.165
47.2,3.165
47.3,3.165
47.3,3.160
47.3,3.160
47.3,3.160
47.3,3.160
47.3,3.160
47.3,3.160
47.3,3.160
47.3,3.160
47.3,3.155
47.3,3.155
47.3,3.155
47.2,3.155
47.2,3.155
47.2,3.155
47.2,3.155
47.2,3.155
47.2,3.150
47.2,3.150
47.2,3.150
47.2,3.150
47.3,3.150
47.3,3.150
47.3,3.150
47.3,3.150
47.3,3.150
47.3,3.145
47.2,3.145
47.2,3.145
47.2,3.145
47.2,3.145
47.2,3.145
47.2,3.145
47.2,3.145
47.2,3.140
47.2,3.140
47.2,3.140
47.2,3.140
47.2,3.140
47.2,3.140
47.2,3.140
47.2,3.140
47.2,3.135
47.2,3.135
47.2,3.135
47.2,3.135
47.2,3.135
47.2,3.135
47.2,3.135
47.2,3.135
47.2,3.130
47.2,3.130
47.1,3.130
47.1,3.130
47.1,3.130
47.1,3.130
47.1,3.130
47.1,3.130
47.1,3.125
47.1,3.125
47.1,3.125
47.1,3.125
47.1,3.125
47.1,3.125
47.1,3.125
47.1,3.125
47.1,3.120
47.1,3.120
47.1,3.120
47.1,3.120
47.2,3.120
47.2,3.120
47.2,3.120
47.2,3.115
47.2,3.115
47.2,3.115
47.2,3.115
47.2,3.115
47.2,3.115
47.1,3.115
47.1,3.110
47.1,3.110
47.1,3.110
47.1,3.110
47.1,3.110
47.1,3.110
47.1,3.110
47.1,3.105
47.1,3.105
47.1,3.105
47.1,3.105
47.1,3.105
47.1,3.105
47.1,3.105
47.1,3.100
47.0,3.100
47.0,3.100
47.0,3.100
47.0,3.100
47.0,3.100
47.0,3.095
47.0,3.095
47.0,3.095
47.0,3.095
47.0,3.095
47.1,3.095
47.1,3.095
47.1,3.090
47.0,3.090
47.0,3.090
47.0,3.090
46.9,3.090
46.9,3.090
46.9,3.085
46.9,3.085
46.9,3.085
47.0,3.085
46.9,3.085
47.0,3.085
47.1,3.085
47.1,3.080
47.1,3.080
47.1,3.080
47.1,3.080
47.1,3.080
47.0,3.080
47.0,3.075
47.0,3.075
46.9,3.075
46.9,3.075
46.9,3.075
46.9,3.075
46.9,3.070
46.9,3.070
46.9,3.070
46.9,3.070
46.9,3.070
46.9,3.070
46.9,3.070
46.9,3.065
46.9,3.065
46.9,3.065
46.9,3.065
46.9,3.065
46.9,3.065
46.9,3.065
46.9,3.060
46.9,3.060
46.8,3.060
46.8,3.060
46.8,3.060
46.8,3.060
46.8,3.055
46.8,3.055
46.8,3.055
46.9,3.055
46.9,3.055
46.9,3.055
47.0,3.050
47.0,3.050
47.0,3.050
47.0,3.050
47.0,3.050
47.0,3.050
47.0,3.050
46.9,3.045
46.8,3.045
46.8,3.045
46.8,3.045
46.8,3.045
46.7,3.045
46.7,3.045
46.7,3.040
46.7,3.040
46.8,3.040
46.8,3.040
46.9,3.040
46.9,3.040
46.9,3.035
46.9,3.035
46.9,3.035
46.9,3.035
46.9,3.035
46.9,3.035
46.9,3.035
46.9,3.030
46.9,3.030
46.9,3.030
46.9,3.030
46.8,3.030
46.8,3.030
46.8,3.025
46.8,3.025
46.8,3.025
46.8,3.025
46.8,3.025
46.8,3.025
46.8,3.020
46.8,3.020
46.8,3.020
46.8,3.020
46.8,3.020
46.8,3.020
46.8,3.015
46.8,3.015
46.8,3.015
46.8,3.015
46.8,3.015
46.7,3.015
46.6,3.010
46.6,3.010
46.6,3.010
46.6,3.010
46.6,3.010
46.6,3.010
46.6,3.010
46.6,3.005
46.7,3.005
46.7,3.005
46.7,3.005
46.8,3.005
46.8,3.005
46.8,3.000
46.8,3.000
46.8,3.000
46.8,3.000
46.8,3.000
46.8,2.995
46.7,2.995
46.7,2.995
46.6,2.995
46.7,2.995
46.7,2.995
46.7,2.990
46.7,2.990
46.6,2.990
46.6,2.990
46.6,2.990
46.6,2.990
46.6,2.990
46.7,2.985
46.7,2.985
46.7,2.985
46.7,2.985
46.7,2.985
46.7,2.985
46.7,2.980
46.6,2.980
46.6,2.980
46.5,2.980
46.5,2.980
46.5,2.980
46.5,2.975
46.5,2.975
46.4,2.975
46.5,2.975
46.5,2.975
46.5,2.975
46.5,2.970
46.6,2.970
46.6,2.970
46.6,2.970
46.6,2.970
46.6,2.970
46.6,2.970
46.6,2.965
46.6,2.965
46.6,2.965
46.6,2.965
46.6,2.965
46.6,2.965
46.5,2.960
46.5,2.960
46.5,2.960
46.5,2.960
46.5,2.960
46.5,2.960
46.5,2.960
46.5,2.955
46.5,2.955
46.5,2.955
46.5,2.955
46.5,2.955
46.5,2.955
46.5,2.950
46.5,2.950
46.6,2.950
46.6,2.950
46.6,2.950
46.6,2.950
46.5,2.950
46.5,2.945
46.4,2.945
46.4,2.945
46.4,2.945
46.4,2.945
46.4,2.945
46.4,2.940
46.4,2.940
46.4,2.940
46.4,2.940
46.5,2.940
46.5,2.940
46.5,2.940
46.5,2.935
46.5,2.935
46.5,2.935
46.5,2.935
46.5,2.935
46.5,2.935
46.5,2.930
46.4,2.930
46.4,2.930
46.4,2.930
46.4,2.930
46.4,2.930
46.4,2.925
46.4,2.925
46.5,2.925
46.5,2.925
46.5,2.925
46.5,2.925
46.5,2.925
46.5,2.920
46.4,2.920
46.4,2.920
46.3,2.920
46.3,2.920
46.3,2.920
46.3,2.915
46.3,2.915
46.3,2.915
46.3,2.915
46.3,2.915
46.3,2.915
46.3,2.915
46.4,2.910
46.4,2.910
46.5,2.910
46.5,2.910
46.5,2.910
46.5,2.910
46.5,2.905
46.5,2.905
46.4,2.905
46.4,2.905
46.3,2.905
46.3,2.905
46.3,2.905
46.2,2.900
46.2,2.900
46.2,2.900
46.3,2.900
46.4,2.900
46.4,2.900
46.4,2.900
46.4,2.895
46.5,2.895
46.5,2.895
46.5,2.895
46.5,2.895
46.5,2.895
46.4,2.895
46.5,2.890
46.4,2.890
46.3,2.890
46.3,2.890
46.2,2.890
46.2,2.890
46.2,2.890
46.2,2.885
46.2,2.885
46.2,2.885
46.3,2.885
46.3,2.885
46.4,2.885
46.4,2.885
46.4,2.880
46.4,2.880
46.4,2.880
46.4,2.880
46.4,2.880
46.3,2.880
46.3,2.880
46.3,2.875
46.2,2.875
46.2,2.875
46.1,2.875
46.1,2.875
46.1,2.875
46.1,2.870
46.1,2.870
46.2,2.870
46.2,2.870
46.2,2.870
46.3,2.870
46.4,2.870
46.4,2.865
46.4,2.865
46.4,2.865
46.4,2.865
46.4,2.865
46.3,2.865
46.3,2.865
46.3,2.860
46.2,2.860
46.2,2.860
46.2,2.860
46.2,2.860
46.2,2.860
46.2,2.860
46.2,2.855
46.2,2.855
46.2,2.855
46.2,2.855
46.2,2.855
46.2,2.855
46.2,2.850
46.2,2.850
46.3,2.850
46.3,2.850
46.3,2.850
46.3,2.850
46.3,2.850
46.3,2.845
46.1,2.845
46.1,2.845
46.1,2.845
46.1,2.845
46.1,2.845
46.1,2.845
46.1,2.840
46.1,2.840
46.1,2.840
46.2,2.840
46.2,2.840
46.3,2.840
46.3,2.835
46.3,2.835
46.3,2.835
46.3,2.835
46.3,2.835
46.3,2.835
46.2,2.835
46.1,2.830
46.1,2.830
46.1,2.830
46.0,2.830
46.0,2.830
46.0,2.830
46.0,2.830
46.0,2.825
46.0,2.825
46.1,2.825
46.1,2.825
46.2,2.825
46.2,2.825
46.2,2.825
46.2,2.820
46.2,2.820
46.2,2.820
46.2,2.820
46.1,2.820
46.2,2.820
46.1,2.820
46.1,2.815
46.0,2.815
46.0,2.815
46.0,2.815
46.0,2.815
46.0,2.815
46.0,2.815
46.0,2.810
46.0,2.810
46.0,2.810
46.1,2.810
46.1,2.810
46.1,2.810
46.1,2.810
46.1,2.805
46.1,2.805
46.1,2.805
46.1,2.805
46.1,2.805
46.1,2.805
46.1,2.805
46.1,2.805
46.0,2.800
46.0,2.800
46.0,2.800
46.0,2.800
46.0,2.800
46.0,2.800
46.0,2.800
46.0,2.795
46.0,2.795
46.1,2.795
46.1,2.795
46.1,2.795
46.1,2.795
46.1,2.795
46.1,2.790
46.1,2.790
46.1,2.790
46.0,2.790
46.0,2.790
46.0,2.790
46.0,2.790
46.0,2.790
46.0,2.785
46.0,2.785
46.0,2.785
46.0,2.785
46.0,2.785
46.0,2.785
46.0,2.785
46.0,2.785
46.0,2.780
46.0,2.780
46.0,2.780
46.0,2.780
46.0,2.780
46.0,2.780
46.0,2.780
46.0,2.775
46.0,2.775
46.0,2.775
46.0,2.775
46.0,2.775
46.0,2.775
46.0,2.775
46.0,2.770
46.0,2.770
46.0,2.770
46.0,2.770
46.0,2.770
46.0,2.770
46.0,2.770
46.0,2.770
46.0,2.765
45.9,2.765
45.9,2.765
45.9,2.765
45.9,2.765
45.9,2.765
45.9,2.765
45.9,2.760
45.9,2.760
45.9,2.760
45.9,2.760
45.9,2.760
45.9,2.760
45.9,2.760
45.9,2.755
45.9,2.755
45.9,2.755
45.9,2.755
45.9,2.755
45.9,2.755
45.9,2.755
45.9,2.755
45.9,2.750
45.9,2.750
45.9,2.750
45.9,2.750
45.9,2.750
45.9,2.750
45.9,2.750
45.8,2.750
45.8,2.745
45.8,2.745
45.8,2.745
45.8,2.745
45.8,2.745
45.8,2.745
45.8,2.745
45.8,2.745
45.8,2.740
45.8,2.740
45.8,2.740
45.8,2.740
45.8,2.740
45.8,2.740
45.9,2.740
45.9,2.740
45.9,2.735
45.9,2.735
45.9,2.735
45.9,2.735
45.9,2.735
45.9,2.735
45.8,2.735
45.8,2.735
45.8,2.730
45.8,2.730
45.8,2.730
45.8,2.730
45.8,2.730
45.8,2.730
45.8,2.730
45.8,2.730
45.8,2.730
45.8,2.725
45.9,2.725
45.9,2.725
45.9,2.725
45.9,2.725
45.9,2.725
45.8,2.725
45.8,2.725
45.7,2.720
45.7,2.720
45.7,2.720
45.7,2.720
45.7,2.720
45.7,2.720
45.7,2.720
45.7,2.720
45.8,2.720
45.8,2.715
45.8,2.715
45.8,2.715
45.8,2.715
45.8,2.715
45.8,2.715
45.8,2.715
45.8,2.715
45.7,2.710
45.7,2.710
45.7,2.710
45.7,2.710
45.7,2.710
45.7,2.710
45.7,2.710
45.7,2.710
45.7,2.710
45.7,2.705
45.7,2.705
45.7,2.705
45.7,2.705
45.7,2.705
45.7,2.705
45.7,2.705
45.7,2.705
45.7,2.705
45.7,2.700
45.7,2.700
45.6,2.700
45.6,2.700
45.6,2.700
45.6,2.700
45.6,2.700
45.6,2.700
45.6,2.695
45.6,2.695
45.6,2.695
45.6,2.695
45.6,2.695
45.6,2.695
45.6,2.695
45.6,2.695
45.7,2.695
45.7,2.690
45.7,2.690
45.7,2.690
45.7,2.690
45.7,2.690
45.7,2.690
45.6,2.690
45.6,2.690
45.6,2.690
45.6,2.685
45.6,2.685
45.6,2.685
45.6,2.685
45.6,2.685
45.6,2.685
45.6,2.685
45.6,2.685
45.7,2.680
45.7,2.680
45.7,2.680
45.7,2.680
45.7,2.680
45.7,2.680
45.6,2.680
45.5,2.680
45.5,2.675
45.5,2.675
45.5,2.675
45.5,2.675
45.5,2.675
45.5,2.675
45.5,2.675
45.6,2.675
45.6,2.675
45.7,2.670
45.6,2.670
45.6,2.670
45.6,2.670
45.7,2.670
45.7,2.670
45.6,2.670
45.5,2.670
45.5,2.670
45.5,2.665
45.5,2.665
45.5,2.665
45.5,2.665
45.5,2.665
45.5,2.665
45.5,2.665
45.5,2.665
45.5,2.665
45.6,2.660
45.6,2.660
45.6,2.660
45.6,2.660
45.6,2.660
45.6,2.660
45.6,2.660
45.6,2.660
45.6,2.660
45.6,2.655
45.6,2.655
45.5,2.655
45.5,2.655
45.5,2.655
45.5,2.655
45.5,2.655
45.5,2.655
45.5,2.655
45.5,2.650
45.5,2.650
45.5,2.650
45.5,2.650
45.5,2.650
45.6,2.650
45.6,2.650
45.6,2.650
45.6,2.650
45.6,2.645
45.6,2.645
45.6,2.645
45.5,2.645
45.5,2.645
45.4,2.645
45.4,2.645
45.5,2.645
45.5,2.645
45.5,2.640
45.5,2.640
45.6,2.640
45.6,2.640
45.6,2.640
45.7,2.640
45.7,2.640
45.7,2.640
45.7,2.640
45.6,2.635
45.5,2.635
45.5,2.635
45.5,2.635
45.4,2.635
45.4,2.635
45.4,2.635
45.4,2.635
45.4,2.635
45.4,2.630
45.4,2.630
45.4,2.630
45.4,2.630
45.5,2.630
45.5,2.630
45.5,2.630
45.6,2.630
45.6,2.630
45.6,2.625
45.6,2.625
45.6,2.625
45.5,2.625
45.5,2.625
45.4,2.625
45.4,2.625
45.4,2.625
45.3,2.620
45.3,2.620
45.3,2.620
45.3,2.620
45.3,2.620
45.3,2.620
45.3,2.620
45.5,2.620
45.5,2.615
45.5,2.615
45.5,2.615
45.5,2.615
45.6,2.615
45.6,2.615
45.5,2.615
45.4,2.615
45.4,2.610
45.3,2.610
45.3,2.610
45.2,2.610
45.2,2.610
45.2,2.610
45.2,2.610
45.2,2.610
45.2,2.610
45.3,2.605
45.4,2.605
45.5,2.605
45.5,2.605
45.6,2.605
45.6,2.605
45.6,2.605
45.6,2.605
45.6,2.600
45.5,2.600
45.4,2.600
45.3,2.600
45.3,2.600
45.2,2.600
45.1,2.600
45.1,2.600
45.1,2.595
45.1,2.595
45.1,2.595
45.2,2.595
45.3,2.595
45.4,2.595
45.4,2.595
45.4,2.595
45.4,2.590
45.5,2.590
45.5,2.590
45.5,2.590
45.5,2.590
45.5,2.590
45.4,2.590
45.3,2.590
45.3,2.590
45.3,2.585
45.3,2.585
45.3,2.585
45.3,2.585
45.3,2.585
45.3,2.585
45.3,2.585
45.3,2.585
45.4,2.585
45.4,2.580
45.4,2.580
45.4,2.580
45.4,2.580
45.4,2.580
45.4,2.580
45.4,2.580
45.4,2.580
45.3,2.575
45.3,2.575
45.3,2.575
45.3,2.575
45.2,2.575
45.2,2.575
45.2,2.575
45.2,2.575
45.2,2.575
45.3,2.570
45.3,2.570
45.3,2.570
45.4,2.570
45.4,2.570
45.4,2.570
45.4,2.570
45.4,2.570
45.4,2.570
45.3,2.565
45.2,2.565
45.2,2.565
45.2,2.565
45.2,2.565
45.2,2.565
45.2,2.565
45.2,2.565
45.2,2.565
45.2,2.560
45.2,2.560
45.2,2.560
45.2,2.560
45.3,2.560
45.3,2.560
45.3,2.560
45.3,2.560
45.3,2.560
45.3,2.555
45.3,2.555
45.2,2.555
45.1,2.555
45.1,2.555
45.1,2.555
45.1,2.555
45.1,2.555
45.1,2.550
45.1,2.550
45.1,2.550
45.1,2.550
45.1,2.550
45.1,2.550
45.2,2.550
45.2,2.550
45.2,2.550
45.2,2.545
45.2,2.545
45.2,2.545
45.2,2.545
45.2,2.545
45.2,2.545
45.2,2.545
45.2,2.545
45.2,2.540
45.2,2.540
45.2,2.540
45.2,2.540
45.2,2.540
45.1,2.540
45.1,2.540
45.2,2.540
45.2,2.535
45.2,2.535
45.2,2.535
45.2,2.535
45.2,2.535
45.2,2.535
45.2,2.535
45.2,2.535
45.1,2.530
45.1,2.530
45.1,2.530
45.1,2.530
45.0,2.530
45.0,2.530
45.0,2.530
45.0,2.530
45.0,2.525
45.0,2.525
45.1,2.525
45.1,2.525
45.1,2.525
45.1,2.525
45.1,2.525
45.1,2.525
45.1,2.520
45.1,2.520
45.1,2.520
45.1,2.520
45.1,2.520
45.1,2.520
45.1,2.520
45.1,2.515
45.1,2.515
45.1,2.515
45.1,2.515
45.1,2.515
45.1,2.515
45.1,2.515
45.1,2.515
45.1,2.510
45.1,2.510
45.1,2.510
45.1,2.510
45.1,2.510
45.1,2.510
45.1,2.510
45.1,2.510
45.1,2.505
45.0,2.505
45.0,2.505
45.0,2.505
45.0,2.505
45.0,2.505
45.0,2.505
45.0,2.505
45.0,2.500
45.0,2.500
45.0,2.500
45.0,2.500
45.0,2.500
45.0,2.500
45.0,2.500
45.0,2.500
45.0,2.495
45.0,2.495
45.0,2.495
45.0,2.495
45.0,2.495
45.0,2.495
45.0,2.495
45.0,2.495
45.0,2.490
45.0,2.490
45.0,2.490
45.0,2.490
45.0,2.490
45.0,2.490
45.0,2.490
45.0,2.490
45.0,2.490
45.0,2.485
45.0,2.485
45.0,2.485
45.0,2.485
45.0,2.485
45.0,2.485
45.0,2.485
45.0,2.485
45.0,2.480
44.9,2.480
44.9,2.480
44.9,2.480
44.9,2.480
44.9,2.480
44.9,2.480
44.9,2.480
44.9,2.480
44.9,2.475
44.9,2.475
44.9,2.475
44.9,2.475
44.9,2.475
44.9,2.475
44.9,2.475
44.9,2.470
44.9,2.470
44.9,2.470
44.9,2.470
44.9,2.470
44.9,2.470
44.9,2.470
44.9,2.470
44.9,2.470
44.9,2.465
44.9,2.465
44.9,2.465
44.9,2.465
44.9,2.465
45.0,2.465
45.0,2.465
45.0,2.465
45.0,2.460
45.0,2.460
44.9,2.460
44.8,2.460
44.8,2.460
44.8,2.460
44.8,2.460
44.8,2.460
44.8,2.455
44.8,2.455
44.8,2.455
44.8,2.455
44.9,2.455
44.9,2.455
44.9,2.455
44.9,2.455
44.9,2.450
44.9,2.450
44.9,2.450
44.9,2.450
44.9,2.450
44.9,2.450
44.9,2.450
44.9,2.450
44.9,2.445
44.9,2.445
44.9,2.445
44.9,2.445
44.9,2.445
44.9,2.445
44.9,2.445
44.9,2.445
44.9,2.440
44.9,2.440
44.9,2.440
44.9,2.440
44.9,2.440
44.9,2.440
44.9,2.440
44.9,2.435
44.9,2.435
44.8,2.435
44.8,2.435
44.8,2.435
44.8,2.435
44.8,2.435
44.8,2.435
44.8,2.435
44.8,2.430
44.8,2.430
44.8,2.430
44.8,2.430
44.8,2.430
44.8,2.430
44.8,2.430
44.8,2.430
44.8,2.425
44.8,2.425
44.8,2.425
44.8,2.425
44.8,2.425
44.8,2.425
44.8,2.425
44.8,2.425
44.8,2.425
44.8,2.420
44.8,2.420
44.8,2.420
44.8,2.420
44.8,2.420
44.8,2.420
44.8,2.420
44.8,2.420
44.8,2.415
44.7,2.415
44.7,2.415
44.7,2.415
44.7,2.415
44.7,2.415
44.7,2.415
44.7,2.415
44.7,2.415
44.7,2.410
44.7,2.410
44.7,2.410
44.8,2.410
44.8,2.410
44.8,2.410
44.8,2.410
44.8,2.410
44.8,2.410
44.7,2.405
44.7,2.405
44.7,2.405
44.7,2.405
44.7,2.405
44.7,2.405
44.7,2.405
44.7,2.405
44.7,2.405
44.7,2.400
44.6,2.400
44.6,2.400
44.6,2.400
44.6,2.400
44.6,2.400
44.6,2.400
44.6,2.400
44.6,2.400
44.6,2.395
44.6,2.395
44.6,2.395
44.6,2.395
44.6,2.395
44.6,2.395
44.6,2.395
44.6,2.395
44.6,2.390
44.6,2.390
44.6,2.390
44.6,2.390
44.6,2.390
44.6,2.390
44.6,2.390
44.6,2.390
44.6,2.390
44.6,2.385
44.6,2.385
44.6,2.385
44.6,2.385
44.6,2.385
44.6,2.385
44.6,2.385
44.6,2.385
44.6,2.385
44.6,2.380
44.6,2.380
44.6,2.380
44.6,2.380
44.5,2.380
44.5,2.380
44.5,2.380
44.5,2.380
44.5,2.380
44.5,2.375
44.5,2.375
44.5,2.375
44.6,2.375
44.6,2.375
44.6,2.375
44.6,2.375
44.6,2.375
44.6,2.370
44.6,2.370
44.6,2.370
44.6,2.370
44.5,2.370
44.5,2.370
44.5,2.370
44.5,2.370
44.5,2.370
44.5,2.365
44.5,2.365
44.5,2.365
44.5,2.365
44.5,2.365
44.5,2.365
44.5,2.365
44.6,2.365
44.6,2.365
44.6,2.360
44.6,2.360
44.6,2.360
44.6,2.360
44.6,2.360
44.5,2.360
44.5,2.360
44.4,2.360
44.4,2.355
44.4,2.355
44.4,2.355
44.4,2.355
44.4,2.355
44.4,2.355
44.4,2.355
44.4,2.355
44.4,2.355
44.5,2.350
44.5,2.350
44.5,2.350
44.6,2.350
44.6,2.350
44.5,2.350
44.5,2.350
44.5,2.350
44.5,2.350
44.5,2.345
44.5,2.345
44.5,2.345
44.5,2.345
44.5,2.345
44.5,2.345
44.5,2.345
44.5,2.345
44.5,2.345
44.5,2.340
44.5,2.340
44.5,2.340
44.5,2.340
44.5,2.340
44.5,2.340
44.5,2.340
44.5,2.340
44.5,2.340
44.5,2.335
44.5,2.335
44.5,2.335
44.5,2.335
44.5,2.335
44.5,2.335
44.4,2.335
44.4,2.335
44.4,2.335
44.4,2.330
44.4,2.330
44.4,2.330
44.4,2.330
44.4,2.330
44.4,2.330
44.4,2.330
44.4,2.330
44.4,2.330
44.4,2.330
44.4,2.325
44.4,2.325
44.4,2.325
44.4,2.325
44.4,2.325
44.4,2.325
44.4,2.325
44.4,2.325
44.4,2.325
44.4,2.320
44.4,2.320
44.4,2.320
44.4,2.320
44.4,2.320
44.4,2.320
44.4,2.320
44.4,2.320
44.4,2.320
44.4,2.320
44.4,2.315
44.4,2.315
44.4,2.315
44.4,2.315
44.4,2.315
44.4,2.315
44.4,2.315
44.3,2.315
44.3,2.315
44.3,2.310
44.3,2.310
44.3,2.310
44.3,2.310
44.3,2.310
44.3,2.310
44.3,2.310
44.3,2.310
44.3,2.310
44.3,2.310
44.3,2.305
44.3,2.305
44.3,2.305
44.3,2.305
44.3,2.305
44.3,2.305
44.3,2.305
44.3,2.305
44.3,2.305
44.2,2.305
44.2,2.300
44.2,2.300
44.2,2.300
44.2,2.300
44.2,2.300
44.2,2.300
44.2,2.300
44.3,2.300
44.3,2.300
44.3,2.300
44.3,2.295
44.3,2.295
44.3,2.295
44.2,2.295
44.2,2.295
44.2,2.295
44.2,2.295
44.2,2.295
44.2,2.295
44.2,2.290
44.2,2.290
44.2,2.290
44.2,2.290
44.2,2.290
44.2,2.290
44.2,2.290
44.2,2.290
44.2,2.290
44.2,2.290
44.2,2.285
44.2,2.285
44.2,2.285
44.2,2.285
44.2,2.285
44.2,2.285
44.2,2.285
44.2,2.285
44.2,2.285
44.2,2.285
44.2,2.280
44.2,2.280
44.2,2.280
44.2,2.280
44.2,2.280
44.2,2.280
44.2,2.280
44.2,2.280
44.2,2.280
44.2,2.275
44.2,2.275
44.2,2.275
44.2,2.275
44.2,2.275
44.2,2.275
44.2,2.275
44.2,2.275
44.2,2.275
44.2,2.275
44.1,2.270
44.1,2.270
44.1,2.270
44.1,2.270
44.1,2.270
44.1,2.270
44.1,2.270
44.1,2.270
44.1,2.270
44.2,2.270
44.2,2.270
44.2,2.265
44.2,2.265
44.2,2.265
44.2,2.265
44.2,2.265
44.2,2.265
44.2,2.265
44.2,2.265
44.1,2.265
44.1,2.265
44.1,2.260
44.1,2.260
44.1,2.260
44.1,2.260
44.1,2.260
44.1,2.260
44.1,2.260
44.1,2.260
44.1,2.260
44.1,2.260
44.1,2.255
44.1,2.255
44.1,2.255
44.1,2.255
44.2,2.255
44.2,2.255
44.2,2.255
44.2,2.255
44.1,2.255
44.1,2.255
44.1,2.250
44.1,2.250
44.1,2.250
44.1,2.250
44.1,2.250
44.1,2.250
44.1,2.250
44.1,2.250
44.1,2.250
44.1,2.250
44.1,2.250
44.1,2.250
44.1,2.245
44.1,2.245
44.1,2.245
44.1,2.245
44.1,2.245
44.1,2.245
44.1,2.245
44.0,2.245
44.0,2.245
44.0,2.245
44.0,2.240
44.0,2.240
44.0,2.240
44.0,2.240
44.0,2.240
44.0,2.240
44.0,2.240
44.0,2.240
44.0,2.240
44.1,2.240
44.1,2.240
44.1,2.240
44.1,2.235
44.1,2.235
44.1,2.235
44.0,2.235
44.0,2.235
44.0,2.235
44.0,2.235
44.0,2.235
44.0,2.235
44.0,2.235
44.0,2.230
44.0,2.230
44.0,2.230
44.0,2.230
44.0,2.230
44.0,2.230
44.0,2.230
44.0,2.230
44.0,2.230
44.0,2.230
44.0,2.230
44.0,2.225
44.0,2.225
44.0,2.225
44.0,2.225
44.0,2.225
44.0,2.225
44.0,2.225
44.0,2.225
44.0,2.225
44.0,2.225
44.0,2.220
44.0,2.220
44.0,2.220
44.0,2.220
44.0,2.220
44.0,2.220
44.0,2.220
44.0,2.220
44.0,2.220
43.9,2.220
43.9,2.220
43.9,2.215
43.9,2.215
43.9,2.215
43.9,2.215
43.9,2.215
43.9,2.215
43.9,2.215
44.0,2.215
44.0,2.215
44.0,2.215
44.0,2.210
43.9,2.210
43.9,2.210
43.9,2.210
43.9,2.210
43.9,2.210
43.9,2.210
43.9,2.210
43.9,2.210
43.9,2.210
43.9,2.205
43.9,2.205
43.9,2.205
43.9,2.205
43.9,2.205
44.0,2.205
44.0,2.205
44.0,2.205
44.0,2.205
44.0,2.205
44.0,2.205
43.9,2.200
43.8,2.200
43.8,2.200
43.8,2.200
43.8,2.200
43.8,2.200
43.8,2.200
43.8,2.200
43.9,2.200
43.9,2.200
43.9,2.195
43.9,2.195
43.9,2.195
43.9,2.195
43.9,2.195
43.9,2.195
43.9,2.195
43.9,2.195
43.9,2.195
43.9,2.195
43.9,2.190
43.9,2.190
43.9,2.190
43.9,2.190
43.8,2.190
43.8,2.190
43.8,2.190
43.8,2.190
43.8,2.190
43.8,2.190
43.8,2.190
43.8,2.185
43.8,2.185
43.8,2.185
43.8,2.185
43.8,2.185
43.8,2.185
43.8,2.185
43.8,2.185
43.8,2.185
43.8,2.185
43.8,2.185
43.8,2.180
43.8,2.180
43.8,2.180
43.8,2.180
43.8,2.180
43.8,2.180
43.8,2.180
43.8,2.180
43.8,2.180
43.8,2.180
43.8,2.180
43.8,2.175
43.8,2.175
43.8,2.175
43.8,2.175
43.8,2.175
43.8,2.175
43.8,2.175
43.8,2.175
43.8,2.175
43.8,2.175
43.8,2.170
43.8,2.170
43.8,2.170
43.8,2.170
43.8,2.170
43.8,2.170
43.8,2.170
43.8,2.170
43.8,2.170
43.8,2.170
43.8,2.170
43.7,2.165
43.7,2.165
43.7,2.165
43.7,2.165
43.7,2.165
43.7,2.165
43.7,2.165
43.7,2.165
43.7,2.165
43.7,2.165
43.8,2.165
43.8,2.160
43.8,2.160
43.8,2.160
43.8,2.160
43.8,2.160
43.8,2.160
43.8,2.160
43.8,2.160
43.8,2.160
43.8,2.160
43.8,2.155
43.8,2.155
43.7,2.155
43.7,2.155
43.7,2.155
43.7,2.155
43.7,2.155
43.7,2.155
43.7,2.155
43.7,2.155
43.8,2.150
43.8,2.150
43.8,2.150
43.8,2.150
43.8,2.150
43.8,2.150
43.8,2.150
43.8,2.150
43.8,2.150
43.8,2.145
43.7,2.145
43.7,2.145
43.7,2.145
43.7,2.145
43.7,2.145
43.7,2.145
43.7,2.145
43.7,2.145
43.7,2.145
43.7,2.140
43.7,2.140
43.8,2.140
43.8,2.140
43.8,2.140
43.8,2.140
43.8,2.140
43.8,2.140
43.8,2.140
43.8,2.135
43.8,2.135
43.8,2.135
43.7,2.135
43.7,2.135
43.7,2.135
43.7,2.135
43.7,2.135
43.7,2.135
43.7,2.130
43.7,2.130
43.7,2.130
43.7,2.130
43.7,2.130
43.7,2.130
43.7,2.130
43.7,2.130
43.7,2.130
43.7,2.130
43.7,2.125
43.7,2.125
43.7,2.125
43.7,2.125
43.7,2.125
43.6,2.125
43.6,2.125
43.6,2.125
43.6,2.125
43.6,2.125
43.6,2.120
43.6,2.120
43.6,2.120
43.6,2.120
43.6,2.120
43.6,2.120
43.6,2.120
43.6,2.120
43.6,2.115
43.6,2.115
43.6,2.115
43.6,2.115
43.6,2.115
43.6,2.115
43.6,2.115
43.6,2.115
43.6,2.115
43.5,2.115
43.5,2.110
43.5,2.110
43.5,2.110
43.5,2.110
43.5,2.110
43.5,2.110
43.5,2.110
43.5,2.110
43.5,2.110
43.6,2.105
43.6,2.105
43.6,2.105
43.6,2.105
43.6,2.105
43.6,2.105
43.6,2.105
43.6,2.105
43.6,2.105
43.6,2.100
43.5,2.100
43.5,2.100
43.5,2.100
43.5,2.100
43.5,2.100
43.5,2.100
43.5,2.100
43.5,2.100
43.5,2.095
43.5,2.095
43.5,2.095
43.5,2.095
43.5,2.095
43.5,2.095
43.5,2.095
43.5,2.095
43.5,2.095
43.4,2.090
43.4,2.090
43.4,2.090
43.4,2.090
43.4,2.090
43.4,2.090
43.4,2.090
43.4,2.090
43.4,2.090
43.4,2.085
43.4,2.085
43.4,2.085
43.4,2.085
43.4,2.085
43.4,2.085
43.4,2.085
43.4,2.085
43.4,2.085
43.4,2.080
43.4,2.080
43.4,2.080
43.4,2.080
43.4,2.080
43.4,2.080
43.4,2.080
43.4,2.080
43.4,2.075
43.4,2.075
43.4,2.075
43.4,2.075
43.4,2.075
43.4,2.075
43.4,2.075
43.4,2.075
43.4,2.075
43.4,2.070
43.4,2.070
43.4,2.070
43.4,2.070
43.4,2.070
43.4,2.070
43.4,2.070
43.4,2.070
43.4,2.065
43.4,2.065
43.4,2.065
43.4,2.065
43.3,2.065
43.3,2.065
43.3,2.065
43.3,2.065
43.3,2.065
43.3,2.060
43.4,2.060
43.3,2.060
43.4,2.060
43.4,2.060
43.4,2.060
43.4,2.060
43.4,2.060
43.4,2.055
43.4,2.055
43.4,2.055
43.4,2.055
43.3,2.055
43.3,2.055
43.3,2.055
43.3,2.055
43.3,2.050
43.3,2.050
43.3,2.050
43.3,2.050
43.3,2.050
43.3,2.050
43.3,2.050
43.3,2.050
43.3,2.045
43.3,2.045
43.3,2.045
43.3,2.045
43.3,2.045
43.3,2.045
43.3,2.045
43.3,2.045
43.3,2.040
43.3,2.040
43.2,2.040
43.2,2.040
43.2,2.040
43.2,2.040
43.2,2.040
43.2,2.035
43.2,2.035
43.3,2.035
43.2,2.035
43.2,2.035
43.2,2.035
43.3,2.035
43.3,2.035
43.3,2.030
43.3,2.030
43.3,2.030
43.3,2.030
43.3,2.030
43.2,2.030
43.2,2.030
43.1,2.030
43.1,2.025
43.1,2.025
43.1,2.025
43.1,2.025
43.1,2.025
43.1,2.025
43.1,2.025
43.1,2.020
43.2,2.020
43.2,2.020
43.2,2.020
43.2,2.020
43.2,2.020
43.2,2.020
43.2,2.020
43.2,2.015
43.2,2.015
43.2,2.015
43.1,2.015
43.1,2.015
43.1,2.015
43.1,2.015
43.1,2.010
43.1,2.010
43.1,2.010
43.1,2.010
43.2,2.010
43.2,2.010
43.2,2.010
43.2,2.010
43.2,2.005
43.2,2.005
43.2,2.005
43.2,2.005
43.2,2.005
43.1,2.005
43.0,2.005
43.0,2.005
43.0,2.000
43.0,2.000
43.0,2.000
43.0,2.000
43.0,2.000
43.1,2.000
43.1,2.000
43.1,2.000
43.1,1.995
43.2,1.995
43.2,1.995
43.2,1.995
43.2,1.995
43.2,1.995
43.2,1.995
43.2,1.990
43.1,1.990
43.1,1.990
43.0,1.990
43.0,1.990
43.0,1.990
43.0,1.990
43.0,1.990
43.0,1.985
43.0,1.985
43.0,1.985
43.0,1.985
43.1,1.985
43.1,1.985
43.1,1.985
43.1,1.980
43.1,1.980
43.1,1.980
43.1,1.980
43.1,1.980
43.1,1.980
43.0,1.980
43.0,1.975
42.9,1.975
42.9,1.975
42.9,1.975
42.9,1.975
42.9,1.975
42.9,1.975
42.9,1.970
42.9,1.970
42.9,1.970
43.0,1.970
43.0,1.970
43.0,1.970
43.0,1.970
43.0,1.970
43.0,1.965
43.0,1.965
43.0,1.965
43.0,1.965
43.0,1.965
43.0,1.965
43.0,1.965
43.0,1.960
43.0,1.960
43.0,1.960
43.0,1.960
43.0,1.960
43.0,1.960
43.0,1.960
43.0,1.955
43.0,1.955
42.9,1.955
42.9,1.955
42.9,1.955
42.9,1.955
43.0,1.955
43.0,1.950
43.0,1.950
43.0,1.950
43.0,1.950
43.0,1.950
43.0,1.950
43.0,1.950
43.0,1.950
43.0,1.945
43.0,1.945
43.0,1.945
43.0,1.945
43.0,1.945
43.0,1.945
43.0,1.945
43.0,1.945
43.0,1.940
42.9,1.940
42.9,1.940
42.9,1.940
42.9,1.940
42.9,1.940
42.9,1.940
42.9,1.935
42.9,1.935
42.8,1.935
42.8,1.935
42.8,1.935
42.8,1.935
42.8,1.935
42.8,1.935
42.8,1.930
42.8,1.930
42.8,1.930
42.8,1.930
42.8,1.930
42.8,1.930
42.8,1.930
42.8,1.930
42.8,1.925
42.8,1.925
42.8,1.925
42.8,1.925
42.8,1.925
42.8,1.925
42.8,1.925
42.8,1.920
42.8,1.920
42.8,1.920
42.8,1.920
42.8,1.920
42.8,1.920
42.8,1.920
42.8,1.920
42.8,1.915
42.8,1.915
42.8,1.915
42.8,1.915
42.7,1.915
42.7,1.915
42.6,1.915
42.6,1.910
42.6,1.910
42.6,1.910
42.6,1.910
42.6,1.910
42.7,1.910
42.7,1.910
42.8,1.910
42.8,1.905
42.8,1.905
42.8,1.905
42.8,1.905
42.8,1.905
42.8,1.905
42.8,1.905
42.7,1.900
42.7,1.900
42.7,1.900
42.7,1.900
42.6,1.900
42.7,1.900
42.7,1.900
42.7,1.895
42.7,1.895
42.7,1.895
42.7,1.895
42.7,1.895
42.7,1.895
42.7,1.895
42.7,1.890
42.7,1.890
42.7,1.890
42.7,1.890
42.7,1.890
42.7,1.890
42.7,1.890
42.6,1.885
42.6,1.885
42.6,1.885
42.6,1.885
42.6,1.885
42.6,1.885
42.6,1.885
42.6,1.880
42.6,1.880
42.6,1.880
42.6,1.880
42.6,1.880
42.6,1.880
42.6,1.880
42.6,1.875
42.6,1.875
42.6,1.875
42.6,1.875
42.6,1.875
42.6,1.875
42.6,1.875
42.6,1.870
42.5,1.870
42.5,1.870
42.5,1.870
42.5,1.870
42.5,1.870
42.5,1.870
42.5,1.865
42.5,1.865
42.5,1.865
42.5,1.865
42.5,1.865
42.6,1.865
42.6,1.865
42.6,1.865
42.6,1.860
42.6,1.860
42.6,1.860
42.6,1.860
42.6,1.860
42.5,1.860
42.5,1.855
42.4,1.855
42.4,1.855
42.4,1.855
42.4,1.855
42.4,1.855
42.4,1.855
42.4,1.850
42.4,1.850
42.5,1.850
42.5,1.850
42.5,1.850
42.6,1.850
42.6,1.850
42.6,1.850
42.6,1.845
42.6,1.845
42.6,1.845
42.6,1.845
42.5,1.845
42.4,1.845
42.4,1.845
42.4,1.840
42.4,1.840
42.4,1.840
42.4,1.840
42.4,1.840
42.4,1.840
42.4,1.840
42.5,1.835
42.5,1.835
42.6,1.835
42.6,1.835
42.6,1.835
42.6,1.835
42.5,1.830
42.5,1.830
42.4,1.830
42.4,1.830
42.3,1.830
42.3,1.830
42.3,1.830
42.3,1.825
42.3,1.825
42.3,1.825
42.3,1.825
42.3,1.825
42.3,1.825
42.3,1.825
42.3,1.820
42.4,1.820
42.4,1.820
42.5,1.820
42.4,1.820
42.4,1.820
42.4,1.815
42.4,1.815
42.4,1.815
42.3,1.815
42.3,1.815
42.3,1.815
42.3,1.815
42.3,1.810
42.3,1.810
42.3,1.810
42.3,1.810
42.3,1.810
42.3,1.810
42.3,1.805
42.4,1.805
42.4,1.805
42.4,1.805
42.4,1.805
42.4,1.805
42.4,1.805
42.4,1.800
42.3,1.800
42.3,1.800
42.3,1.800
42.3,1.800
42.3,1.800
42.3,1.795
42.3,1.795
42.3,1.795
42.3,1.795
42.3,1.795
42.3,1.795
42.3,1.795
42.3,1.790
42.3,1.790
42.3,1.790
42.3,1.790
42.3,1.790
42.3,1.790
42.3,1.790
42.3,1.785
42.3,1.785
42.3,1.785
42.2,1.785
42.2,1.785
42.2,1.785
42.1,1.780
42.2,1.780
42.2,1.780
42.2,1.780
42.2,1.780
42.2,1.780
42.2,1.780
42.2,1.775
42.2,1.775
42.3,1.775
42.2,1.775
42.2,1.775
42.2,1.775
42.2,1.775
42.2,1.770
42.2,1.770
42.2,1.770
42.2,1.770
42.1,1.770
42.1,1.770
42.1,1.770
42.1,1.765
42.1,1.765
42.1,1.765
42.1,1.765
42.1,1.765
42.2,1.765
42.2,1.765
42.2,1.760
42.2,1.760
42.2,1.760
42.2,1.760
42.2,1.760
42.2,1.760
42.2,1.760
42.1,1.755
42.1,1.755
42.1,1.755
42.1,1.755
42.1,1.755
42.1,1.755
42.1,1.755
42.1,1.750
42.1,1.750
42.1,1.750
42.1,1.750
42.1,1.750
42.1,1.750
42.1,1.750
42.1,1.745
42.1,1.745
42.2,1.745
42.2,1.745
42.2,1.745
42.2,1.745
42.2,1.745
42.2,1.740
42.0,1.740
42.0,1.740
42.0,1.740
42.0,1.740
42.0,1.740
42.0,1.740
42.0,1.735
42.0,1.735
42.0,1.735
42.0,1.735
42.0,1.735
42.0,1.735
42.0,1.735
42.0,1.730
42.0,1.730
42.0,1.730
42.0,1.730
42.0,1.730
42.0,1.730
42.0,1.730
42.0,1.725
42.0,1.725
42.0,1.725
42.0,1.725
42.0,1.725
42.0,1.725
42.0,1.725
42.0,1.720
42.0,1.720
42.0,1.720
42.0,1.720
42.0,1.720
42.0,1.720
42.0,1.720
42.0,1.715
42.0,1.715
42.0,1.715
42.0,1.715
42.0,1.715
42.0,1.715
42.0,1.715
42.0,1.710
42.0,1.710
42.0,1.710
42.0,1.710
42.0,1.710
42.0,1.710
42.0,1.710
42.0,1.710
42.0,1.705
42.0,1.705
42.0,1.705
42.0,1.705
42.0,1.705
42.0,1.705
42.0,1.705
42.0,1.705
42.0,1.700
42.0,1.700
41.9,1.700
41.9,1.700
41.9,1.700
41.9,1.700
41.9,1.700
41.9,1.700
41.9,1.695
41.9,1.695
41.9,1.695
41.9,1.695
41.9,1.695
41.9,1.695
41.9,1.695
41.9,1.695
41.9,1.690
41.9,1.690
41.9,1.690
41.9,1.690
41.9,1.690
41.9,1.690
41.9,1.690
41.9,1.690
41.9,1.685
41.9,1.685
41.9,1.685
41.9,1.685
41.9,1.685
41.9,1.685
41.9,1.685
41.9,1.685
41.9,1.680
41.9,1.680
41.9,1.680
41.9,1.680
41.9,1.680
41.9,1.680
41.9,1.680
41.9,1.680
41.9,1.680
41.9,1.675
41.9,1.675
41.9,1.675
41.9,1.675
41.9,1.675
41.9,1.675
41.9,1.675
41.9,1.675
41.9,1.670
41.8,1.670
41.8,1.670
41.8,1.670
41.8,1.670
41.8,1.670
41.8,1.670
41.8,1.670
41.8,1.665
41.8,1.665
41.8,1.665
41.8,1.665
41.8,1.665
41.8,1.665
41.8,1.665
41.8,1.665
41.8,1.660
41.8,1.660
41.7,1.660
41.7,1.660
41.7,1.660
41.7,1.660
41.7,1.660
41.7,1.660
41.7,1.655
41.7,1.655
41.7,1.655
41.7,1.655
41.7,1.655
41.7,1.655
41.8,1.655
41.8,1.655
41.8,1.650
41.8,1.650
41.8,1.650
41.8,1.650
41.8,1.650
41.8,1.650
41.8,1.650
41.8,1.650
41.8,1.645
41.8,1.645
41.8,1.645
41.8,1.645
41.8,1.645
41.8,1.645
41.8,1.645
41.8,1.645
41.8,1.645
41.8,1.640
41.8,1.640
41.8,1.640
41.8,1.640
41.8,1.640
41.8,1.640
41.8,1.640
41.8,1.640
41.7,1.635
41.7,1.635
41.7,1.635
41.7,1.635
41.7,1.635
41.7,1.635
41.7,1.635
41.7,1.635
41.7,1.630
41.7,1.630
41.8,1.630
41.8,1.630
41.8,1.630
41.8,1.630
41.8,1.630
41.8,1.630
41.8,1.630
41.8,1.625
41.8,1.625
41.8,1.625
41.7,1.625
41.7,1.625
41.7,1.625
41.7,1.625
41.7,1.625
41.6,1.625
41.6,1.620
41.6,1.620
41.6,1.620
41.6,1.620
41.6,1.620
41.6,1.620
41.6,1.620
41.6,1.620
41.6,1.620
41.7,1.615
41.7,1.615
41.7,1.615
41.7,1.615
41.6,1.615
41.5,1.615
41.5,1.615
41.5,1.615
41.5,1.610
41.5,1.610
41.5,1.610
41.5,1.610
41.5,1.610
41.5,1.610
41.5,1.610
41.5,1.610
41.5,1.610
41.5,1.610
41.5,1.605
41.5,1.605
41.6,1.605
41.6,1.605
41.6,1.605
41.6,1.605
41.6,1.605
41.6,1.605
41.6,1.600
41.6,1.600
41.5,1.600
41.5,1.600
41.5,1.600
41.5,1.600
41.5,1.600
41.5,1.600
41.5,1.600
41.5,1.595
41.6,1.595
41.6,1.595
41.6,1.595
41.6,1.595
41.6,1.595
41.6,1.595
41.6,1.595
41.6,1.590
41.6,1.590
41.6,1.590
41.6,1.590
41.5,1.590
41.5,1.590
41.5,1.590
41.5,1.590
41.5,1.590
41.5,1.585
41.5,1.585
41.5,1.585
41.5,1.585
41.5,1.585
41.5,1.585
41.5,1.585
41.5,1.585
41.5,1.580
41.5,1.580
41.5,1.580
41.5,1.580
41.5,1.580
41.5,1.580
41.5,1.580
41.5,1.580
41.5,1.580
41.5,1.575
41.5,1.575
41.5,1.575
41.5,1.575
41.5,1.575
41.5,1.575
41.5,1.575
41.5,1.570
41.5,1.570
41.5,1.570
41.5,1.570
41.5,1.570
41.5,1.570
41.5,1.570
41.5,1.570
41.5,1.565
41.5,1.565
41.5,1.565
41.5,1.565
41.5,1.565
41.4,1.565
41.4,1.565
41.4,1.565
41.4,1.560
41.4,1.560
41.4,1.560
41.4,1.560
41.4,1.560
41.4,1.560
41.4,1.560
41.4,1.555
41.4,1.555
41.4,1.555
41.4,1.555
41.4,1.555
41.4,1.555
41.4,1.555
41.4,1.555
41.4,1.550
41.4,1.550
41.4,1.550
41.4,1.550
41.4,1.550
41.4,1.550
41.4,1.550
41.4,1.550
41.4,1.545
41.4,1.545
41.4,1.545
41.4,1.545
41.4,1.545
41.3,1.545
41.3,1.545
41.3,1.545
41.3,1.540
41.3,1.540
41.3,1.540
41.3,1.540
41.3,1.540
41.3,1.540
41.3,1.540
41.3,1.535
41.3,1.535
41.3,1.535
41.3,1.535
41.3,1.535
41.3,1.535
41.3,1.535
41.3,1.535
41.3,1.530
41.3,1.530
41.3,1.530
41.3,1.530
41.3,1.530
41.3,1.530
41.3,1.530
41.3,1.530
41.3,1.525
41.3,1.525
41.3,1.525
41.3,1.525
41.3,1.525
41.3,1.525
41.3,1.525
41.3,1.520
41.3,1.520
41.3,1.520
41.3,1.520
41.3,1.520
41.3,1.520
41.3,1.520
41.3,1.520
41.3,1.515
41.3,1.515
41.3,1.515
41.3,1.515
41.3,1.515
41.3,1.515
41.3,1.515
41.2,1.510
41.2,1.510
41.2,1.510
41.2,1.510
41.2,1.510
41.2,1.510
41.2,1.510
41.2,1.510
41.2,1.505
41.2,1.505
41.2,1.505
41.2,1.505
41.2,1.505
41.2,1.505
41.2,1.505
41.1,1.500
41.2,1.500
41.2,1.500
41.2,1.500
41.1,1.500
41.1,1.500
41.1,1.500
41.1,1.495
41.1,1.495
41.1,1.495
41.1,1.495
41.1,1.495
41.1,1.495
41.1,1.495
41.1,1.495
41.2,1.490
41.2,1.490
41.2,1.490
41.2,1.490
41.2,1.490
41.2,1.490
41.2,1.490
41.2,1.485
41.1,1.485
41.1,1.485
41.1,1.485
41.1,1.485
41.1,1.485
41.1,1.485
41.1,1.485
41.1,1.480
41.1,1.480
41.1,1.480
41.2,1.480
41.2,1.480
41.2,1.480
41.2,1.480
41.2,1.475
41.2,1.475
41.2,1.475
41.2,1.475
41.0,1.475
41.1,1.475
41.1,1.475
41.1,1.475
41.1,1.470
41.1,1.470
41.1,1.470
41.1,1.470
41.1,1.470
41.1,1.470
41.1,1.470
41.1,1.470
41.1,1.465
41.1,1.465
41.1,1.465
41.1,1.465
41.1,1.465
41.1,1.465
41.1,1.465
41.1,1.465
41.1,1.460
41.0,1.460
41.0,1.460
41.0,1.460
41.0,1.460
41.0,1.460
41.0,1.460
41.0,1.460
41.0,1.455
41.0,1.455
41.0,1.455
41.0,1.455
41.0,1.455
41.0,1.455
41.0,1.455
41.0,1.455
41.0,1.455
41.0,1.450
41.0,1.450
41.0,1.450
41.0,1.450
41.0,1.450
41.0,1.450
41.0,1.450
41.0,1.450
41.0,1.450
41.0,1.445
41.0,1.445
41.0,1.445
41.0,1.445
41.0,1.445
41.0,1.445
41.0,1.445
41.0,1.445
41.0,1.445
41.0,1.440
41.0,1.440
41.0,1.440
41.0,1.440
41.0,1.440
41.0,1.440
41.0,1.440
41.0,1.440
41.0,1.440
41.0,1.435
41.0,1.435
41.0,1.435
41.0,1.435
41.0,1.435
41.0,1.435
41.0,1.435
41.0,1.435
41.0,1.435
41.0,1.430
41.0,1.430
41.0,1.430
41.0,1.430
41.0,1.430
41.0,1.430
41.0,1.430
41.0,1.430
41.0,1.430
41.0,1.430
41.0,1.425
40.9,1.425
40.9,1.425
40.9,1.425
40.9,1.425
40.9,1.425
40.9,1.425
40.9,1.425
40.9,1.425
40.9,1.420
40.9,1.420
40.9,1.420
40.9,1.420
40.9,1.420
40.9,1.420
40.9,1.420
40.9,1.420
40.9,1.420
40.9,1.415
40.9,1.415
40.9,1.415
40.9,1.415
40.9,1.415
40.9,1.415
40.9,1.415
40.9,1.415
40.9,1.415
40.9,1.410
40.9,1.410
40.9,1.410
40.9,1.410
40.9,1.410
40.9,1.410
40.9,1.410
40.9,1.410
40.9,1.410
40.8,1.405
40.8,1.405
40.8,1.405
40.8,1.405
40.8,1.405
40.8,1.405
40.8,1.405
40.8,1.405
40.8,1.405
40.8,1.405
40.9,1.400
40.9,1.400
40.9,1.400
40.9,1.400
40.9,1.400
40.9,1.400
40.9,1.400
40.8,1.400
40.8,1.400
40.8,1.395
40.8,1.395
40.8,1.395
40.8,1.395
40.8,1.395
40.8,1.395
40.8,1.395
40.8,1.395
40.8,1.395
40.8,1.395
40.8,1.390
40.8,1.390
40.8,1.390
40.8,1.390
40.8,1.390
40.8,1.390
40.8,1.390
40.8,1.390
40.8,1.390
40.7,1.390
40.7,1.385
40.7,1.385
40.7,1.385
40.7,1.385
40.7,1.385
40.7,1.385
40.7,1.385
40.7,1.385
40.7,1.385
40.7,1.385
40.8,1.380
40.8,1.380
40.8,1.380
40.8,1.380
40.8,1.380
40.8,1.380
40.8,1.380
40.8,1.380
40.7,1.380
40.7,1.380
40.7,1.380
40.7,1.375
40.7,1.375
40.7,1.375
40.7,1.375
40.7,1.375
40.7,1.375
40.7,1.375
40.7,1.375
40.7,1.375
40.7,1.375
40.8,1.375
40.8,1.370
40.8,1.370
40.8,1.370
40.8,1.370
40.8,1.370
40.8,1.370
40.8,1.370
40.7,1.370
40.7,1.370
40.7,1.370
40.7,1.370
40.7,1.370
40.7,1.365
40.7,1.365
40.7,1.365
40.7,1.365
40.7,1.365
40.7,1.365
40.7,1.365
40.7,1.365
40.7,1.365
40.7,1.365
40.7,1.365
40.7,1.365
40.7,1.360
40.7,1.360
40.7,1.360
40.7,1.360
40.7,1.360
40.7,1.360
40.7,1.360
40.7,1.360
40.7,1.360
40.7,1.360
40.6,1.360
40.6,1.360
40.6,1.360
40.6,1.355
40.6,1.355
40.6,1.355
40.6,1.355
40.6,1.355
40.6,1.355
40.6,1.355
40.6,1.355
40.7,1.355
40.7,1.355
40.7,1.355
40.7,1.355
40.7,1.350
40.7,1.350
40.7,1.350
40.7,1.350
40.7,1.350
40.7,1.350
40.7,1.350
40.7,1.350
40.7,1.350
40.7,1.350
40.6,1.350
40.6,1.350
40.6,1.350
40.6,1.350
40.6,1.345
40.6,1.345
40.6,1.345
40.6,1.345
40.6,1.345
40.6,1.345
40.6,1.345
40.6,1.345
40.6,1.345
40.6,1.345
40.6,1.345
40.6,1.345
40.6,1.345
40.6,1.345
40.6,1.340
40.6,1.340
40.6,1.340
40.6,1.340
40.6,1.340
40.6,1.340
40.6,1.340
40.6,1.340
40.6,1.340
40.6,1.340
40.6,1.340
40.6,1.340
40.6,1.340
40.6,1.340
40.6,1.335
40.6,1.335
40.6,1.335
40.6,1.335
40.6,1.335
40.6,1.335
40.6,1.335
40.6,1.335
40.6,1.335
40.6,1.335
40.6,1.335
40.6,1.335
40.6,1.335
40.6,1.335
40.6,1.335
40.6,1.330
40.6,1.330
40.6,1.330
40.6,1.330
40.6,1.330
40.6,1.330
40.6,1.330
40.6,1.330
40.6,1.330
40.6,1.330
40.6,1.330
40.6,1.330
40.6,1.330
40.6,1.330
40.6,1.330
40.6,1.330
40.6,1.330
40.6,1.325
40.6,1.325
40.6,1.325
40.6,1.325
40.6,1.325
40.6,1.325
40.6,1.325
40.6,1.325
40.6,1.325
40.6,1.325
40.6,1.325
40.6,1.325
40.6,1.325
40.6,1.325
40.6,1.325
40.6,1.325
40.6,1.325
40.6,1.325
40.6,1.320
40.6,1.320
40.6,1.320
40.6,1.320
40.6,1.320
40.6,1.320
40.6,1.320
40.6,1.320
40.6,1.320
40.6,1.320
40.6,1.320
40.6,1.320
40.6,1.320
40.5,1.320
40.5,1.320
40.5,1.320
40.5,1.315
40.5,1.315
40.5,1.315
40.5,1.315
40.5,1.315
40.6,1.315
40.6,1.315
40.6,1.315
40.6,1.315
40.6,1.315
40.6,1.315
40.6,1.315
40.6,1.315
40.6,1.315
40.6,1.315
40.5,1.315
40.5,1.315
40.5,1.310
40.5,1.310
40.5,1.310
40.5,1.310
40.5,1.310
40.5,1.310
40.5,1.310
40.5,1.310
40.5,1.310
40.5,1.310
40.5,1.310
40.5,1.310
40.5,1.310
40.5,1.310
40.5,1.310
40.5,1.310
40.5,1.310
40.5,1.310
40.5,1.310
40.5,1.305
40.5,1.305
40.5,1.305
40.5,1.305
40.5,1.305
40.5,1.305
40.5,1.305
40.5,1.305
40.5,1.305
40.5,1.305
40.5,1.305
40.5,1.305
40.5,1.305
40.5,1.305
40.5,1.305
40.5,1.305
40.5,1.305
40.5,1.305
40.5,1.305
40.5,1.300
40.5,1.300
40.5,1.300
40.5,1.300
40.5,1.300
40.5,1.300
40.5,1.300
40.5,1.300
40.5,1.300
40.5,1.300
40.5,1.300
40.5,1.300
40.5,1.300
40.5,1.300
40.5,1.300
40.5,1.300
40.5,1.300
40.5,1.300
40.5,1.295
40.5,1.295
40.5,1.295
40.5,1.295
40.5,1.295
40.5,1.295
40.4,1.295
40.4,1.295
40.4,1.295
40.4,1.295
40.4,1.295
40.4,1.295
40.4,1.295
40.4,1.295
40.5,1.295
40.5,1.295
40.5,1.295
40.5,1.295
40.5,1.295
40.5,1.295
40.5,1.290
40.5,1.290
40.5,1.290
40.5,1.290
40.5,1.290
40.5,1.290
40.5,1.290
40.5,1.290
40.5,1.290
40.5,1.290
40.5,1.290
40.5,1.290
40.5,1.290
40.5,1.290
40.5,1.290
40.5,1.290
40.5,1.290
40.5,1.290
40.5,1.290
40.5,1.290
40.5,1.290
40.5,1.285
40.5,1.285
40.5,1.285
40.5,1.285
40.5,1.285
40.5,1.285
40.5,1.285
40.5,1.285
40.5,1.285
40.5,1.285
40.5,1.285
40.5,1.285
40.5,1.285
40.5,1.285
40.5,1.285
40.5,1.285
40.5,1.285
40.5,1.285
40.5,1.285
40.5,1.285
40.5,1.285
40.5,1.285
40.5,1.280
40.5,1.280
40.5,1.280
40.5,1.280
40.5,1.280
40.5,1.280
40.5,1.280
40.5,1.280
40.5,1.280
40.5,1.280
40.5,1.280
40.5,1.280
40.5,1.280
40.5,1.280
40.5,1.280
40.5,1.280
40.5,1.280
40.5,1.280
40.5,1.280
40.5,1.280
40.4,1.280
40.4,1.280
40.4,1.280
40.4,1.275
40.4,1.275
40.4,1.275
40.4,1.275
40.4,1.275
40.4,1.275
40.4,1.275
40.4,1.275
40.4,1.275
40.4,1.275
40.4,1.275
40.4,1.275
40.4,1.275
40.4,1.275
40.4,1.275
40.4,1.275
40.4,1.275
40.4,1.275
40.4,1.275
40.4,1.275
40.4,1.275
40.4,1.275
40.4,1.270
40.4,1.270
40.4,1.270
40.4,1.270
40.4,1.270
40.4,1.270
40.4,1.270
40.4,1.270
40.4,1.270
40.4,1.270
40.4,1.270
40.4,1.270
40.4,1.270
40.4,1.270
40.4,1.270
40.4,1.270
40.4,1.270
40.4,1.270
40.4,1.270
40.4,1.270
40.4,1.270
40.4,1.270
40.4,1.265
40.4,1.265
40.4,1.265
40.4,1.265
40.4,1.265
40.4,1.265
40.4,1.265
40.4,1.265
40.4,1.265
40.4,1.265
40.4,1.265
40.4,1.265
40.4,1.265
40.4,1.265
40.4,1.265
40.4,1.265
40.4,1.265
40.4,1.265
40.4,1.265
40.4,1.265
40.4,1.265
40.4,1.260
40.4,1.260
40.4,1.260
40.4,1.260
40.4,1.260
40.4,1.260
40.4,1.260
40.4,1.260
40.4,1.260
40.4,1.260
40.4,1.260
40.4,1.260
40.4,1.260
40.3,1.260
40.3,1.260
40.3,1.260
40.3,1.260
40.3,1.260
40.3,1.260
40.3,1.260
40.3,1.255
40.3,1.255
40.3,1.255
40.3,1.255
40.3,1.255
40.3,1.255
40.3,1.255
40.4,1.255
40.4,1.255
40.4,1.255
40.4,1.255
40.4,1.255
40.3,1.255
40.3,1.255
40.3,1.255
40.3,1.255
40.3,1.255
40.3,1.255
40.3,1.250
40.3,1.250
40.3,1.250
40.3,1.250
40.3,1.250
40.3,1.250
40.3,1.250
40.3,1.250
40.3,1.250
40.3,1.250
40.3,1.250
40.3,1.250
40.3,1.250
40.3,1.250
40.3,1.250
40.3,1.250
40.3,1.250
40.3,1.250
40.3,1.250
40.3,1.245
40.3,1.245
40.3,1.245
40.3,1.245
40.3,1.245
40.3,1.245
40.3,1.245
40.3,1.245
40.3,1.245
40.3,1.245
40.3,1.245
40.3,1.245
40.3,1.245
40.3,1.245
40.3,1.245
40.3,1.245
40.3,1.245
40.3,1.245
40.3,1.245
40.3,1.240
40.2,1.240
40.2,1.240
40.2,1.240
40.2,1.240
40.2,1.240
40.2,1.240
40.2,1.240
40.2,1.240
40.2,1.240
40.2,1.240
40.2,1.240
40.2,1.240
40.2,1.240
40.2,1.240
40.2,1.240
40.2,1.240
40.2,1.235
40.2,1.235
40.2,1.235
40.2,1.235
40.2,1.235
40.2,1.235
40.2,1.235
40.2,1.235
40.2,1.235
40.2,1.235
40.2,1.235
40.2,1.235
40.2,1.235
40.2,1.235
40.2,1.235
40.2,1.235
40.2,1.235
40.2,1.235
40.2,1.230
40.2,1.230
40.2,1.230
40.2,1.230
40.2,1.230
40.2,1.230
40.2,1.230
40.2,1.230
40.2,1.230
40.2,1.230
40.1,1.230
40.1,1.230
40.1,1.230
40.1,1.230
40.1,1.230
40.1,1.230
40.1,1.230
40.1,1.230
40.1,1.225
40.1,1.225
40.1,1.225
40.1,1.225
40.1,1.225
40.1,1.225
40.1,1.225
40.1,1.225
40.2,1.225
40.2,1.225
40.2,1.225
40.2,1.225
40.2,1.225
40.2,1.225
40.2,1.225
40.1,1.225
40.1,1.225
40.1,1.225
40.1,1.220
40.1,1.220
40.1,1.220
40.1,1.220
40.1,1.220
40.1,1.220
40.1,1.220
40.1,1.220
40.1,1.220
40.1,1.220
40.1,1.220
40.1,1.220
40.1,1.220
40.1,1.220
40.1,1.220
40.1,1.220
40.1,1.220
40.1,1.215
40.1,1.215
40.1,1.215
40.1,1.215
40.1,1.215
40.1,1.215
40.1,1.215
40.0,1.215
40.0,1.215
40.0,1.215
40.0,1.215
40.0,1.215
40.0,1.215
40.0,1.215
40.0,1.215
40.0,1.215
40.0,1.215
40.0,1.215
40.0,1.210
40.0,1.210
40.0,1.210
40.0,1.210
40.0,1.210
40.0,1.210
40.0,1.210
40.0,1.210
39.9,1.210
39.9,1.210
39.9,1.210
39.9,1.210
39.9,1.210
39.9,1.210
39.9,1.210
39.9,1.210
39.9,1.210
39.9,1.205
39.9,1.205
39.9,1.205
39.9,1.205
39.9,1.205
39.9,1.205
39.9,1.205
39.9,1.205
39.9,1.205
39.9,1.205
39.9,1.205
39.9,1.205
39.9,1.205
39.9,1.205
39.9,1.205
39.9,1.205
39.8,1.205
39.8,1.205
39.8,1.200
39.8,1.200
39.8,1.200
39.8,1.200
39.8,1.200
39.8,1.200
39.8,1.200
39.8,1.200
39.8,1.200
39.8,1.200
39.8,1.200
39.8,1.200
39.8,1.200
39.7,1.200
39.7,1.200
39.7,1.200
39.7,1.200
39.7,1.195
39.7,1.195
39.7,1.195
39.7,1.195
39.7,1.195
39.7,1.195
39.7,1.195
39.7,1.195
39.7,1.195
39.7,1.195
39.7,1.195
39.7,1.195
39.7,1.195
39.7,1.195
39.7,1.195
39.7,1.195
39.7,1.190
39.6,1.190
39.6,1.190
39.5,1.190
39.5,1.190
39.5,1.190
39.5,1.190
39.5,1.190
39.5,1.190
39.5,1.190
39.5,1.190
39.5,1.190
39.5,1.190
39.5,1.190
39.5,1.190
39.5,1.190
39.5,1.190
39.5,1.185
39.5,1.185
39.5,1.185
39.5,1.185
39.5,1.185
39.5,1.185
39.5,1.185
39.5,1.185
39.5,1.185
39.4,1.185
39.4,1.185
39.4,1.185
39.4,1.185
39.4,1.185
39.4,1.185
39.4,1.185
39.4,1.180
39.4,1.180
39.4,1.180
39.4,1.180
39.4,1.180
39.4,1.180
39.4,1.180
39.4,1.180
39.4,1.180
39.4,1.180
39.4,1.180
39.4,1.180
39.4,1.180
39.4,1.180
39.4,1.180
39.4,1.175
39.4,1.175
39.4,1.175
39.4,1.175
39.4,1.175
39.4,1.175
39.3,1.175
39.3,1.175
39.3,1.175
39.3,1.175
39.3,1.175
39.3,1.175
39.3,1.175
39.3,1.175
39.3,1.175
39.3,1.170
39.3,1.170
39.3,1.170
39.2,1.170
39.2,1.170
39.2,1.170
39.2,1.170
39.2,1.170
39.2,1.170
39.2,1.170
39.2,1.170
39.2,1.170
39.2,1.170
39.2,1.170
39.2,1.170
39.2,1.170
39.2,1.165
39.2,1.165
39.2,1.165
39.2,1.165
39.2,1.165
39.2,1.165
39.2,1.165
39.2,1.165
39.2,1.165
39.2,1.165
39.2,1.165
39.2,1.165
39.2,1.165
39.2,1.165
39.2,1.160
39.2,1.160
39.2,1.160
39.2,1.160
39.2,1.160
39.2,1.160
39.2,1.160
39.2,1.160
39.2,1.160
39.2,1.160
39.2,1.160
39.2,1.160
39.2,1.160
39.2,1.160
39.2,1.155
39.2,1.155
39.1,1.155
39.1,1.155
39.1,1.155
39.1,1.155
39.1,1.155
39.1,1.155
39.1,1.155
39.1,1.155
39.1,1.155
39.1,1.155
39.1,1.155
39.1,1.155
39.1,1.150
39.1,1.150
39.1,1.150
39.1,1.150
39.1,1.150
39.1,1.150
39.1,1.150
39.1,1.150
39.1,1.150
39.1,1.150
39.1,1.150
39.1,1.150
39.1,1.150
39.1,1.150
39.1,1.145
39.1,1.145
39.1,1.145
39.1,1.145
39.0,1.145
39.0,1.145
39.0,1.145
39.0,1.145
39.0,1.145
39.0,1.145
39.0,1.145
39.0,1.145
39.0,1.145
39.0,1.145
39.0,1.140
39.0,1.140
39.0,1.140
39.0,1.140
39.0,1.140
39.0,1.140
39.0,1.140
39.0,1.140
39.0,1.140
39.0,1.140
39.0,1.140
39.0,1.140
39.0,1.140
39.0,1.135
39.0,1.135
39.0,1.135
39.0,1.135
38.9,1.135
38.9,1.135
38.9,1.135
38.9,1.135
38.9,1.135
38.9,1.135
38.9,1.135
38.9,1.135
38.9,1.135
38.9,1.130
38.9,1.130
38.9,1.130
38.9,1.130
38.9,1.130
38.9,1.130
38.9,1.130
38.9,1.130
38.9,1.130
38.9,1.130
38.9,1.130
38.9,1.130
38.9,1.130
38.9,1.130
38.9,1.125
38.9,1.125
38.9,1.125
38.8,1.125
38.8,1.125
38.8,1.125
38.8,1.125
38.8,1.125
38.8,1.125
38.8,1.125
38.8,1.125
38.8,1.125
38.8,1.125
38.8,1.120
38.8,1.120
38.8,1.120
38.8,1.120
38.8,1.120
38.8,1.120
38.8,1.120
38.8,1.120
38.8,1.120
38.7,1.120
38.7,1.120
38.7,1.120
38.7,1.120
38.7,1.115
38.7,1.115
38.7,1.115
38.7,1.115
38.7,1.115
38.7,1.115
38.7,1.115
38.7,1.115
38.7,1.115
38.7,1.115
38.7,1.115
38.7,1.115
38.7,1.110
38.7,1.110
38.7,1.110
38.7,1.110
38.7,1.110
38.7,1.110
38.6,1.110
38.6,1.110
38.6,1.110
38.6,1.110
38.6,1.110
38.6,1.110
38.6,1.110
38.6,1.110
38.6,1.105
38.6,1.105
38.6,1.105
38.6,1.105
38.6,1.105
38.6,1.105
38.6,1.105
38.6,1.105
38.6,1.105
38.6,1.105
38.6,1.105
38.6,1.105
38.6,1.105
38.6,1.105
38.6,1.100
38.6,1.100
38.6,1.100
38.6,1.100
38.5,1.100
38.5,1.100
38.5,1.100
38.5,1.100
38.5,1.100
38.5,1.100
38.5,1.100
38.5,1.100
38.5,1.100
38.5,1.095
38.5,1.095
38.5,1.095
38.5,1.095
38.5,1.095
38.5,1.095
38.5,1.095
38.5,1.095
38.5,1.095
38.5,1.095
38.5,1.095
38.5,1.095
38.5,1.095
38.5,1.095
38.5,1.090
38.5,1.090
38.5,1.090
38.5,1.090
38.5,1.090
38.5,1.090
38.5,1.090
38.5,1.090
38.5,1.090
38.5,1.090
38.5,1.090
38.5,1.090
38.5,1.090
38.5,1.090
38.5,1.090
38.5,1.085
38.4,1.085
38.4,1.085
38.4,1.085
38.4,1.085
38.4,1.085
38.4,1.085
38.4,1.085
38.4,1.085
38.4,1.085
38.4,1.085
38.4,1.085
38.4,1.085
38.4,1.085
38.4,1.085
38.4,1.080
38.4,1.080
38.4,1.080
38.4,1.080
38.4,1.080
38.4,1.080
38.4,1.080
38.4,1.080
38.3,1.080
38.3,1.080
38.3,1.080
38.3,1.080
38.3,1.080
38.3,1.075
38.3,1.075
38.3,1.075
38.3,1.075
38.3,1.075
38.3,1.075
38.3,1.075
38.3,1.075
38.3,1.075
38.3,1.075
38.3,1.075
38.3,1.075
38.3,1.075
38.3,1.075
38.3,1.075
38.3,1.070
38.3,1.070
38.3,1.070
38.3,1.070
38.3,1.070
38.3,1.070
38.3,1.070
38.3,1.070
38.3,1.070
38.3,1.070
38.3,1.070
38.3,1.070
38.3,1.070
38.3,1.070
38.3,1.065
38.3,1.065
38.3,1.065
38.3,1.065
38.2,1.065
38.2,1.065
38.2,1.065
38.2,1.065
38.2,1.065
38.2,1.065
38.2,1.065
38.2,1.065
38.2,1.065
38.2,1.065
38.1,1.065
38.1,1.060
38.1,1.060
38.1,1.060
38.1,1.060
38.1,1.060
38.1,1.060
38.1,1.060
38.1,1.060
38.1,1.060
38.1,1.060
38.1,1.060
38.1,1.060
38.1,1.060
38.1,1.060
38.1,1.055
38.1,1.055
38.1,1.055
38.1,1.055
38.1,1.055
38.1,1.055
38.1,1.055
38.1,1.055
38.0,1.055
38.0,1.055
38.0,1.055
38.0,1.055
38.0,1.055
38.0,1.055
38.0,1.050
38.0,1.050
38.0,1.050
38.0,1.050
37.9,1.050
37.9,1.050
37.9,1.050
37.8,1.050
37.9,1.050
37.9,1.050
37.9,1.050
37.9,1.050
37.8,1.050
37.8,1.050
37.8,1.050
37.8,1.050
37.8,1.045
37.8,1.045
37.8,1.045
37.8,1.045
37.8,1.045
37.8,1.045
37.8,1.045
37.8,1.045
37.8,1.045
37.8,1.045
37.8,1.045
37.8,1.045
37.8,1.045
37.8,1.045
37.8,1.045
37.8,1.045
37.8,1.040
37.8,1.040
37.7,1.040
37.7,1.040
37.7,1.040
37.7,1.040
37.7,1.040
37.7,1.040
37.7,1.040
37.7,1.040
37.7,1.040
37.7,1.040
37.7,1.040
37.6,1.040
37.6,1.040
37.6,1.040
37.6,1.040
37.6,1.035
37.6,1.035
37.6,1.035
37.6,1.035
37.6,1.035
37.6,1.035
37.6,1.035
37.6,1.035
37.5,1.035
37.4,1.035
37.4,1.035
37.4,1.035
37.4,1.035
37.4,1.035
37.4,1.035
37.4,1.035
37.4,1.030
37.4,1.030
37.4,1.030
37.4,1.030
37.4,1.030
37.4,1.030
37.4,1.030
37.4,1.030
37.4,1.030
37.4,1.030
37.4,1.030
37.4,1.030
37.4,1.030
37.4,1.030
37.4,1.030
37.4,1.030
37.4,1.025
37.4,1.025
37.4,1.025
37.4,1.025
37.4,1.025
37.4,1.025
37.4,1.025
37.4,1.025
37.4,1.025
37.4,1.025
37.4,1.025
37.4,1.025
37.3,1.025
37.3,1.025
37.3,1.025
37.3,1.025
37.3,1.020
37.3,1.020
37.3,1.020
37.3,1.020
37.3,1.020
37.2,1.020
37.2,1.020
37.2,1.020
37.2,1.020
37.2,1.020
37.2,1.020
37.2,1.020
37.2,1.020
37.2,1.020
37.2,1.020
37.2,1.020
37.1,1.015
37.1,1.015
37.1,1.015
37.1,1.015
37.1,1.015
37.1,1.015
37.1,1.015
37.1,1.015
37.1,1.015
37.1,1.015
37.1,1.015
37.1,1.015
37.1,1.015
37.1,1.015
37.0,1.015
37.0,1.010
37.0,1.010
37.0,1.010
37.0,1.010
37.0,1.010
37.0,1.010
37.0,1.010
37.0,1.010
37.0,1.010
37.0,1.010
37.0,1.010
37.0,1.010
37.0,1.010
37.0,1.010
37.0,1.005
36.9,1.005
36.9,1.005
36.9,1.005
36.9,1.005
36.9,1.005
36.9,1.005
36.9,1.005
36.9,1.005
36.9,1.005
36.9,1.005
36.9,1.005
36.9,1.005
36.9,1.005
36.8,1.005
36.8,1.000
36.8,1.000
36.8,1.000
36.8,1.000
36.8,1.000
36.8,1.000
36.8,1.000
36.8,1.000
36.8,1.000
36.7,1.000
36.7,1.000
36.7,1.000
36.7,0.995
36.7,0.995
36.7,0.995
36.7,0.995
36.7,0.995
36.7,0.995
36.7,0.995
36.6,0.995
36.6,0.995
36.6,0.995
36.6,0.995
36.6,0.995
36.6,0.995
36.6,0.990
36.6,0.990
36.6,0.990
36.6,0.990
36.6,0.990
36.6,0.990
36.5,0.990
36.5,0.990
36.5,0.990
36.5,0.990
36.5,0.990
36.5,0.990
36.5,0.990
36.5,0.985
36.5,0.985
36.5,0.985
36.4,0.985
36.4,0.985
36.4,0.985
36.4,0.985
36.4,0.985
36.4,0.985
36.4,0.985
36.4,0.985
36.4,0.985
36.4,0.980
36.4,0.980
36.3,0.980
36.3,0.980
36.3,0.980
36.3,0.980
36.3,0.980
36.3,0.980
36.2,0.980
36.2,0.980
36.2,0.980
36.2,0.975
36.2,0.975
36.2,0.975
36.2,0.975
36.2,0.975
36.2,0.975
36.2,0.975
36.2,0.975
36.1,0.975
36.1,0.975
36.1,0.975
36.1,0.975
36.1,0.970
36.0,0.970
36.1,0.970
36.1,0.970
36.1,0.970
36.0,0.970
36.0,0.970
36.0,0.970
36.0,0.970
36.0,0.970
36.0,0.970
36.0,0.965
36.0,0.965
36.0,0.965
36.0,0.965
36.0,0.965
36.0,0.965
36.0,0.965
36.0,0.965
36.0,0.965
36.0,0.965
35.9,0.965
35.9,0.960
35.9,0.960
35.9,0.960
35.9,0.960
35.9,0.960
35.9,0.960
35.9,0.960
35.9,0.960
35.9,0.960
35.7,0.960
35.8,0.960
35.8,0.955
35.8,0.955
35.8,0.955
35.8,0.955
35.8,0.955
35.8,0.955
35.8,0.955
35.8,0.955
35.8,0.955
35.8,0.950
35.8,0.950
35.7,0.950
35.7,0.950
35.7,0.950
35.7,0.950
35.7,0.950
35.6,0.950
35.6,0.950
35.6,0.950
35.6,0.945
35.6,0.945
35.6,0.945
35.6,0.945
35.6,0.945
35.6,0.945
35.6,0.945
35.6,0.945
35.6,0.945
35.6,0.945
35.6,0.940
35.6,0.940
35.6,0.940
35.6,0.940
35.6,0.940
35.6,0.940
35.6,0.940
35.6,0.940
35.5,0.940
35.5,0.935
35.5,0.935
35.5,0.935
35.5,0.935
35.5,0.935
35.5,0.935
35.5,0.935
35.5,0.935
35.5,0.930
35.5,0.930
35.5,0.930
35.4,0.930
35.4,0.930
35.4,0.930
35.4,0.930
35.4,0.930
35.4,0.930
35.4,0.925
35.4,0.925
35.4,0.925
35.4,0.925
35.4,0.925
35.4,0.925
35.4,0.925
35.4,0.925
35.4,0.925
35.4,0.920
35.4,0.920
35.4,0.920
35.4,0.920
35.4,0.920
35.4,0.920
35.4,0.920
35.4,0.920
35.4,0.915
35.4,0.915
35.4,0.915
35.4,0.915
35.4,0.915
35.4,0.915
35.4,0.915
35.4,0.915
35.4,0.910
35.4,0.910
35.4,0.910
35.4,0.910
35.4,0.910
35.3,0.910
35.3,0.910
35.3,0.910
35.3,0.910
35.3,0.905
35.3,0.905
35.3,0.905
35.3,0.905
35.3,0.905
35.3,0.905
35.3,0.905
35.3,0.905
35.3,0.900
35.3,0.900
35.3,0.900
35.3,0.900
35.3,0.900
35.3,0.900
35.2,0.900
35.2,0.900
35.2,0.895
35.2,0.895
35.2,0.895
35.2,0.895
35.2,0.895
35.2,0.895
35.2,0.895
35.2,0.895
35.2,0.895
35.2,0.890
35.2,0.890
35.2,0.890
35.2,0.890
35.2,0.890
35.2,0.890
35.2,0.890
35.2,0.890
35.2,0.890
35.2,0.885
35.2,0.885
35.2,0.885
35.2,0.885
35.2,0.885
35.2,0.885
35.2,0.885
35.2,0.885
35.2,0.885
35.2,0.880
35.2,0.880
35.2,0.880
35.2,0.880
35.2,0.880
35.2,0.880
35.2,0.880
35.2,0.880
35.2,0.880
35.2,0.875
35.2,0.875
35.2,0.875
35.1,0.875
35.1,0.875
35.1,0.875
35.1,0.875
35.1,0.875
35.1,0.870
35.1,0.870
35.1,0.870
35.1,0.870
35.1,0.870
35.1,0.870
35.1,0.870
35.1,0.870
35.1,0.870
35.1,0.865
35.1,0.865
35.1,0.865
35.1,0.865
35.1,0.865
35.1,0.865
35.1,0.865
35.1,0.865
35.1,0.865
35.1,0.865
35.1,0.860
35.1,0.860
35.1,0.860
35.1,0.860
35.1,0.860
35.1,0.860
35.1,0.860
35.1,0.860
35.1,0.860
35.1,0.855
35.1,0.855
35.1,0.855
35.1,0.855
35.1,0.855
35.1,0.855
35.1,0.855
35.1,0.855
35.1,0.855
35.1,0.850
35.1,0.850
35.1,0.850
35.1,0.850
35.1,0.850
35.1,0.850
35.1,0.850
35.1,0.850
35.1,0.850
35.1,0.845
35.1,0.845
35.1,0.845
35.1,0.845
35.1,0.845
35.1,0.845
35.1,0.845
35.1,0.845
35.1,0.845
35.1,0.845
35.1,0.840
35.1,0.840
35.1,0.840
35.1,0.840
35.1,0.840
35.1,0.840
35.1,0.840
35.1,0.840
35.1,0.840
35.1,0.835
35.1,0.835
35.1,0.835
35.1,0.835
35.1,0.835
35.1,0.835
35.1,0.835
35.1,0.835
35.1,0.835
35.1,0.835
35.1,0.835
35.1,0.830
35.1,0.830
35.1,0.830
35.1,0.830
35.1,0.830
35.1,0.830
35.1,0.830
35.1,0.830
35.1,0.830
35.1,0.830
35.1,0.830
35.1,0.825
35.1,0.825
35.1,0.825
35.1,0.825
35.1,0.825
35.1,0.825
35.1,0.825
35.1,0.825
35.1,0.825
35.1,0.825
35.1,0.820
35.1,0.820
35.1,0.820
35.1,0.820
35.1,0.820
35.1,0.820
35.1,0.820
35.1,0.820
35.1,0.820
35.1,0.820
35.1,0.820
35.1,0.815
35.1,0.815
35.1,0.815
35.1,0.815
35.1,0.815
35.1,0.815
35.1,0.815
35.1,0.815
35.1,0.815
35.1,0.815
35.0,0.815
35.0,0.810
35.0,0.810
35.0,0.810
35.0,0.810
35.0,0.810
35.0,0.810
35.0,0.810
35.0,0.810
35.0,0.810
35.0,0.810
35.0,0.810
35.0,0.805
35.0,0.805
35.0,0.805
35.0,0.805
34.9,0.805
34.9,0.805
34.9,0.805
34.9,0.805
34.9,0.805
34.9,0.805
34.9,0.805
34.9,0.805
34.9,0.800
35.0,0.800
35.0,0.800
35.0,0.800
35.0,0.800
35.0,0.800
35.0,0.800
35.0,0.800
35.0,0.800
35.0,0.800
35.0,0.800
35.0,0.800
35.0,0.795
35.0,0.795
35.0,0.795
35.0,0.795
35.0,0.795
35.0,0.795
35.0,0.795
35.0,0.795
35.0,0.795
35.0,0.795
35.0,0.795
35.0,0.790
35.0,0.790
35.0,0.790
35.0,0.790
35.0,0.790
35.0,0.790
35.0,0.790
35.0,0.790
34.9,0.790
34.9,0.790
34.9,0.790
34.9,0.790
34.9,0.790
34.9,0.785
34.9,0.785
34.9,0.785
34.9,0.785
35.0,0.785
35.0,0.785
35.0,0.785
35.0,0.785
35.0,0.785
35.0,0.785
35.0,0.785
35.0,0.785
35.0,0.785
35.0,0.780
35.0,0.780
35.0,0.780
35.0,0.780
35.0,0.780
35.0,0.780
35.0,0.780
35.0,0.780
35.0,0.780
35.0,0.780
35.0,0.780
35.0,0.780
35.0,0.780
35.0,0.775
35.0,0.775
35.0,0.775
35.0,0.775
35.0,0.775
35.0,0.775
35.0,0.775
35.0,0.775
35.0,0.775
35.0,0.775
35.0,0.775
35.0,0.775
35.0,0.775
34.9,0.770
34.9,0.770
34.9,0.770
34.9,0.770
34.9,0.770
34.9,0.770
34.9,0.770
34.9,0.770
34.9,0.770
34.9,0.770
34.9,0.770
34.9,0.770
34.9,0.770
34.9,0.770
34.9,0.765
34.9,0.765
34.9,0.765
34.9,0.765
34.9,0.765
34.9,0.765
34.9,0.765
34.9,0.765
34.9,0.765
34.9,0.765
34.9,0.765
34.9,0.765
34.9,0.765
34.9,0.765
34.9,0.765
34.9,0.760
34.8,0.760
34.8,0.760
34.8,0.760
34.8,0.760
34.8,0.760
34.8,0.760
34.8,0.760
34.8,0.760
34.8,0.760
34.8,0.760
34.9,0.760
34.9,0.760
34.9,0.755
34.9,0.755
34.9,0.755
34.9,0.755
34.9,0.755
34.9,0.755
34.9,0.755
34.9,0.755
34.9,0.755
34.8,0.755
34.8,0.755
34.8,0.755
34.8,0.755
34.8,0.755
34.8,0.755
34.8,0.755
34.8,0.750
34.8,0.750
34.8,0.750
34.8,0.750
34.8,0.750
34.8,0.750
34.8,0.750
34.8,0.750
34.8,0.750
34.8,0.750
34.8,0.750
34.8,0.750
34.8,0.750
34.8,0.750
34.8,0.750
34.8,0.750
34.8,0.750
34.8,0.745
34.8,0.745
34.8,0.745
34.8,0.745
34.8,0.745
34.8,0.745
34.8,0.745
34.8,0.745
34.8,0.745
34.8,0.745
34.8,0.745
34.8,0.745
34.8,0.745
34.8,0.745
34.8,0.745
34.9,0.745
34.9,0.745
34.9,0.740
34.9,0.740
34.9,0.740
34.9,0.740
34.9,0.740
34.9,0.740
34.9,0.740
34.9,0.740
34.9,0.740
34.9,0.740
34.9,0.740
34.9,0.740
34.9,0.740
34.9,0.740
34.9,0.740
34.9,0.740
34.9,0.740
34.9,0.740
34.9,0.735
34.9,0.735
34.9,0.735
34.9,0.735
34.9,0.735
34.9,0.735
34.9,0.735
34.9,0.735
34.9,0.735
34.9,0.735
34.9,0.735
34.9,0.735
34.9,0.735
34.9,0.735
34.9,0.735
34.9,0.735
34.9,0.735
34.9,0.735
34.9,0.735
34.9,0.730
34.9,0.730
34.9,0.730
34.8,0.730
34.8,0.730
34.8,0.730
34.8,0.730
34.8,0.730
34.8,0.730
34.8,0.730
34.8,0.730
34.8,0.730
34.8,0.730
34.8,0.730
34.8,0.730
34.8,0.730
34.8,0.730
34.8,0.730
34.8,0.730
34.9,0.730
34.9,0.730
34.9,0.725
34.9,0.725
34.9,0.725
34.9,0.725
34.9,0.725
34.9,0.725
34.9,0.725
34.9,0.725
34.9,0.725
34.9,0.725
34.8,0.725
34.8,0.725
34.8,0.725
34.8,0.725
34.8,0.725
34.8,0.725
34.8,0.725
34.8,0.725
34.8,0.725
34.8,0.725
34.8,0.725
34.8,0.725
34.8,0.720
34.8,0.720
34.8,0.720
34.8,0.720
34.8,0.720
34.8,0.720
34.8,0.720
34.8,0.720
34.8,0.720
34.8,0.720
34.8,0.720
34.8,0.720
34.8,0.720
34.8,0.720
34.8,0.720
34.8,0.720
34.8,0.720
34.8,0.720
34.8,0.720
34.8,0.720
34.8,0.720
34.8,0.720
34.8,0.720
34.8,0.715
34.8,0.715
34.8,0.715
34.8,0.715
34.8,0.715
34.8,0.715
34.8,0.715
34.8,0.715
34.8,0.715
34.8,0.715
34.8,0.715
34.8,0.715
34.8,0.715
34.8,0.715
34.8,0.715
34.8,0.715
34.8,0.715
34.8,0.715
34.8,0.715
34.8,0.715
34.8,0.715
34.8,0.715
34.8,0.710
34.8,0.710
34.8,0.710
34.8,0.710
34.8,0.710
34.8,0.710
34.8,0.710
34.8,0.710
34.8,0.710
34.8,0.710
34.8,0.710
34.8,0.710
34.7,0.710
34.7,0.710
34.7,0.710
34.7,0.710
34.7,0.710
34.7,0.710
34.7,0.710
34.7,0.710
34.7,0.710
34.7,0.710
34.7,0.710
34.7,0.705
34.7,0.705
34.7,0.705
34.7,0.705
34.7,0.705
34.7,0.705
34.7,0.705
34.7,0.705
34.7,0.705
34.7,0.705
34.7,0.705
34.7,0.705
34.7,0.705
34.7,0.705
34.7,0.705
34.7,0.705
34.7,0.705
34.7,0.705
34.7,0.705
34.7,0.705
34.7,0.705
34.7,0.705
34.7,0.700
34.7,0.700
34.7,0.700
34.7,0.700
34.7,0.700
34.7,0.700
34.7,0.700
34.7,0.700
34.7,0.700
34.7,0.700
34.7,0.700
34.7,0.700
34.7,0.700
34.7,0.700
34.7,0.700
34.7,0.700
34.7,0.700
34.7,0.700
34.7,0.700
34.7,0.700
34.7,0.700
34.7,0.700
34.7,0.695
34.7,0.695
34.7,0.695
34.7,0.695
34.7,0.695
34.7,0.695
34.7,0.695
34.7,0.695
34.7,0.695
34.7,0.695
34.7,0.695
34.7,0.695
34.7,0.695
34.7,0.695
34.7,0.695
34.7,0.695
34.6,0.695
34.6,0.695
34.6,0.695
34.6,0.695
34.6,0.695
34.6,0.695
34.6,0.690
34.6,0.690
34.6,0.690
34.6,0.690
34.6,0.690
34.6,0.690
34.6,0.690
34.6,0.690
34.6,0.690
34.6,0.690
34.6,0.690
34.6,0.690
34.6,0.690
34.6,0.690
34.6,0.690
34.6,0.690
34.6,0.690
34.6,0.690
34.6,0.690
34.6,0.690
34.6,0.690
34.6,0.690
34.6,0.685
34.6,0.685
34.6,0.685
34.6,0.685
34.6,0.685
34.6,0.685
34.6,0.685
34.6,0.685
34.6,0.685
34.6,0.685
34.6,0.685
34.6,0.685
34.6,0.685
34.6,0.685
34.6,0.685
34.6,0.685
34.6,0.685
34.6,0.685
34.6,0.685
34.6,0.685
34.6,0.685
34.6,0.685
34.6,0.680
34.6,0.680
34.6,0.680
34.6,0.680
34.6,0.680
34.6,0.680
34.6,0.680
34.6,0.680
34.6,0.680
34.6,0.680
34.6,0.680
34.6,0.680
34.6,0.680
34.6,0.680
34.6,0.680
34.6,0.680
34.6,0.680
34.6,0.680
34.6,0.680
34.6,0.680
34.6,0.675
34.6,0.675
34.6,0.675
34.6,0.675
34.6,0.675
34.6,0.675
34.6,0.675
34.6,0.675
34.6,0.675
34.6,0.675
34.6,0.675
34.6,0.675
34.6,0.675
34.6,0.675
34.6,0.675
34.6,0.675
34.6,0.675
34.6,0.675
34.6,0.675
34.6,0.675
34.6,0.675
34.6,0.675
34.6,0.670
34.6,0.670
34.6,0.670
34.6,0.670
34.6,0.670
34.6,0.670
34.6,0.670
34.6,0.670
34.6,0.670
34.6,0.670
34.6,0.670
34.6,0.670
34.6,0.670
34.6,0.670
34.6,0.670
34.6,0.670
34.6,0.670
34.6,0.670
34.6,0.670
34.6,0.670
34.6,0.670
34.6,0.665
34.6,0.665
34.6,0.665
34.6,0.665
34.6,0.665
34.6,0.665
34.6,0.665
34.6,0.665
34.6,0.665
34.6,0.665
34.6,0.665
34.6,0.665
34.6,0.665
34.6,0.665
34.6,0.665
34.5,0.665
34.5,0.665
34.5,0.665
34.5,0.665
34.5,0.665
34.5,0.665
34.5,0.665
34.5,0.660
34.5,0.660
34.5,0.660
34.5,0.660
34.5,0.660
34.5,0.660
34.5,0.660
34.5,0.660
34.5,0.660
34.5,0.660
34.5,0.660
34.5,0.660
34.5,0.660
34.5,0.660
34.5,0.660
34.5,0.660
34.5,0.660
34.5,0.660
34.5,0.660
34.5,0.660
34.5,0.655
34.5,0.655
34.5,0.655
34.5,0.655
34.5,0.655
34.5,0.655
34.5,0.655
34.5,0.655
34.5,0.655
34.5,0.655
34.5,0.655
34.5,0.655
34.5,0.655
34.5,0.655
34.5,0.655
34.5,0.655
34.5,0.655
34.5,0.655
34.5,0.655
34.5,0.655
34.5,0.655
34.5,0.655
34.5,0.650
34.5,0.650
34.5,0.650
34.5,0.650
34.5,0.650
34.5,0.650
34.5,0.650
34.5,0.650
34.5,0.650
34.5,0.650
34.5,0.650
34.5,0.650
34.5,0.650
34.5,0.650
34.5,0.650
34.5,0.650
34.5,0.650
34.5,0.650
34.5,0.650
34.5,0.650
34.5,0.650
34.5,0.650
34.5,0.650
34.5,0.645
34.5,0.645
34.5,0.645
34.5,0.645
34.5,0.645
34.5,0.645
34.5,0.645
34.5,0.645
34.5,0.645
34.5,0.645
34.5,0.645
34.5,0.645
34.5,0.645
34.5,0.645
34.5,0.645
34.5,0.645
34.5,0.645
34.5,0.645
34.5,0.645
34.5,0.645
34.5,0.645
34.5,0.645
34.5,0.645
34.5,0.640
34.5,0.640
34.5,0.640
34.5,0.640
34.5,0.640
34.5,0.640
34.5,0.640
34.5,0.640
34.5,0.640
34.5,0.640
34.5,0.640
34.5,0.640
34.5,0.640
34.5,0.640
34.5,0.640
34.5,0.640
34.5,0.640
34.5,0.640
34.5,0.640
34.5,0.640
34.5,0.640
34.5,0.640
34.5,0.640
34.5,0.640
34.4,0.635
34.4,0.635
34.4,0.635
34.4,0.635
34.4,0.635
34.4,0.635
34.4,0.635
34.4,0.635
34.4,0.635
34.4,0.635
34.4,0.635
34.4,0.635
34.4,0.635
34.4,0.635
34.4,0.635
34.4,0.635
34.4,0.635
34.4,0.635
34.4,0.635
34.4,0.635
34.4,0.635
34.4,0.635
34.4,0.635
34.4,0.630
34.3,0.630
34.3,0.630
34.3,0.630
34.3,0.630
34.3,0.630
34.3,0.630
34.3,0.630
34.3,0.630
34.3,0.630
34.3,0.630
34.3,0.630
34.3,0.630
34.4,0.630
34.4,0.630
34.4,0.630
34.4,0.630
34.4,0.630
34.4,0.630
34.4,0.630
34.4,0.630
34.3,0.630
34.3,0.630
34.3,0.630
34.3,0.630
34.3,0.625
34.3,0.625
34.3,0.625
34.3,0.625
34.3,0.625
34.3,0.625
34.3,0.625
34.3,0.625
34.3,0.625
34.3,0.625
34.3,0.625
34.3,0.625
34.3,0.625
34.3,0.625
34.3,0.625
34.3,0.625
34.3,0.625
34.3,0.625
34.3,0.625
34.3,0.625
34.2,0.625
34.2,0.625
34.2,0.625
34.2,0.620
34.2,0.620
34.2,0.620
34.2,0.620
34.2,0.620
34.2,0.620
34.2,0.620
34.2,0.620
34.2,0.620
34.2,0.620
34.2,0.620
34.2,0.620
34.2,0.620
34.2,0.620
34.2,0.620
34.2,0.620
34.2,0.620
34.2,0.620
34.2,0.620
34.2,0.620
34.2,0.620
34.3,0.620
34.3,0.615
34.3,0.615
34.3,0.615
34.3,0.615
34.3,0.615
34.3,0.615
34.3,0.615
34.3,0.615
34.3,0.615
34.3,0.615
34.3,0.615
34.3,0.615
34.3,0.615
34.3,0.615
34.3,0.615
34.3,0.615
34.3,0.615
34.3,0.615
34.3,0.615
34.3,0.615
34.3,0.615
34.3,0.610
34.3,0.610
34.3,0.610
34.3,0.610
34.3,0.610
34.3,0.610
34.3,0.610
34.3,0.610
34.3,0.610
34.3,0.610
34.3,0.610
34.3,0.610
34.3,0.610
34.3,0.610
34.3,0.610
34.3,0.610
34.3,0.610
34.3,0.610
34.3,0.610
34.3,0.610
34.3,0.610
34.3,0.610
34.3,0.610
34.3,0.605
34.3,0.605
34.3,0.605
34.3,0.605
34.3,0.605
34.3,0.605
34.3,0.605
34.3,0.605
34.3,0.605
34.2,0.605
34.2,0.605
34.2,0.605
34.2,0.605
34.2,0.605
34.2,0.605
34.2,0.605
34.2,0.605
34.2,0.605
34.2,0.605
34.2,0.605
34.2,0.605
34.2,0.605
34.2,0.605
34.2,0.600
34.2,0.600
34.2,0.600
34.2,0.600
34.2,0.600
34.2,0.600
34.2,0.600
34.2,0.600
34.2,0.600
34.2,0.600
34.2,0.600
34.2,0.600
34.2,0.600
34.2,0.600
34.2,0.600
34.2,0.600
34.2,0.600
34.2,0.600
34.2,0.600
34.2,0.600
34.2,0.600
34.2,0.600
34.2,0.595
34.2,0.595
34.2,0.595
34.2,0.595
34.2,0.595
34.2,0.595
34.2,0.595
34.2,0.595
34.2,0.595
34.2,0.595
34.2,0.595
34.2,0.595
34.2,0.595
34.2,0.595
34.2,0.595
34.2,0.595
34.2,0.595
34.2,0.595
34.2,0.595
34.2,0.595
34.2,0.595
34.2,0.595
34.2,0.595
34.2,0.595
34.2,0.590
34.2,0.590
34.2,0.590
34.2,0.590
34.2,0.590
34.2,0.590
34.2,0.590
34.1,0.590
34.1,0.590
34.1,0.590
34.1,0.590
34.1,0.590
34.1,0.590
34.1,0.590
34.1,0.590
34.1,0.590
34.1,0.590
34.1,0.590
34.1,0.590
34.1,0.590
34.1,0.590
34.1,0.590
34.2,0.590
34.2,0.590
34.2,0.590
34.2,0.585
34.2,0.585
34.2,0.585
34.2,0.585
34.2,0.585
34.2,0.585
34.2,0.585
34.1,0.585
34.1,0.585
34.1,0.585
34.1,0.585
34.1,0.585
34.1,0.585
34.1,0.585
34.1,0.585
34.1,0.585
34.1,0.585
34.1,0.585
34.1,0.585
34.1,0.585
34.1,0.585
34.1,0.585
34.1,0.585
34.1,0.585
34.1,0.580
34.1,0.580
34.1,0.580
34.1,0.580
34.1,0.580
34.1,0.580
34.1,0.580
34.1,0.580
34.1,0.580
34.1,0.580
34.1,0.580
34.1,0.580
34.1,0.580
34.1,0.580
34.1,0.580
34.1,0.580
34.1,0.580
34.1,0.580
34.1,0.580
34.1,0.580
34.1,0.580
34.1,0.580
34.1,0.580
34.1,0.580
34.1,0.580
34.1,0.575
34.1,0.575
34.1,0.575
34.2,0.575
34.2,0.575
34.2,0.575
34.2,0.575
34.2,0.575
34.2,0.575
34.2,0.575
34.2,0.575
34.2,0.575
34.2,0.575
34.1,0.575
34.1,0.575
34.1,0.575
34.1,0.575
34.1,0.575
34.1,0.575
34.1,0.575
34.1,0.575
34.1,0.575
34.1,0.575
34.1,0.575
34.1,0.575
34.1,0.570
34.1,0.570
34.1,0.570
34.1,0.570
34.1,0.570
34.1,0.570
34.1,0.570
34.1,0.570
34.1,0.570
34.1,0.570
34.1,0.570
34.1,0.570
34.1,0.570
34.1,0.570
34.1,0.570
34.1,0.570
34.1,0.570
34.1,0.570
34.1,0.570
34.1,0.570
34.1,0.570
34.1,0.570
34.1,0.570
34.1,0.570
34.1,0.570
34.1,0.570
34.1,0.570
34.1,0.565
34.1,0.565
34.1,0.565
34.1,0.565
34.1,0.565
34.1,0.565
34.1,0.565
34.1,0.565
34.1,0.565
34.1,0.565
34.1,0.565
34.1,0.565
34.1,0.565
34.1,0.565
34.1,0.565
34.1,0.565
34.1,0.565
34.1,0.565
34.1,0.565
34.1,0.565
34.1,0.565
34.1,0.565
34.1,0.565
34.1,0.565
34.1,0.565
34.1,0.565
34.1,0.565
34.1,0.560
34.1,0.560
34.1,0.560
34.1,0.560
34.1,0.560
34.1,0.560
34.1,0.560
34.1,0.560
34.1,0.560
34.1,0.560
34.1,0.560
34.1,0.560
34.1,0.560
34.1,0.560
34.1,0.560
34.1,0.560
34.1,0.560
34.1,0.560
34.1,0.560
34.1,0.560
34.1,0.560
34.1,0.560
34.2,0.560
34.2,0.560
34.2,0.560
34.2,0.560
34.2,0.560
34.2,0.555
34.2,0.555
34.2,0.555
34.2,0.555
34.2,0.555
34.1,0.555
34.1,0.555
34.1,0.555
34.1,0.555
34.1,0.555
34.1,0.555
34.1,0.555
34.1,0.555
34.1,0.555
34.1,0.555
34.1,0.555
34.1,0.555
34.1,0.555
34.1,0.555
34.1,0.555
34.1,0.555
34.1,0.555
34.1,0.555
34.1,0.555
34.1,0.555
34.1,0.555
34.1,0.555
34.1,0.550
34.1,0.550
34.1,0.550
34.1,0.550
34.1,0.550
34.1,0.550
34.1,0.550
34.1,0.550
34.1,0.550
34.1,0.550
34.1,0.550
34.1,0.550
34.1,0.550
34.1,0.550
34.1,0.550
34.1,0.550
34.1,0.550
34.1,0.550
34.1,0.550
34.1,0.550
34.1,0.550
34.1,0.550
34.1,0.550
34.1,0.550
34.1,0.550
34.1,0.550
34.1,0.550
34.1,0.550
34.1,0.545
34.1,0.545
34.1,0.545
34.1,0.545
34.1,0.545
34.1,0.545
34.1,0.545
34.1,0.545
34.1,0.545
34.1,0.545
34.1,0.545
34.1,0.545
34.1,0.545
34.1,0.545
34.1,0.545
34.1,0.545
34.1,0.545
34.1,0.545
34.1,0.545
34.1,0.545
34.1,0.545
34.1,0.545
34.1,0.545
34.1,0.545
34.1,0.545
34.1,0.545
34.1,0.545
34.1,0.545
34.1,0.540
34.1,0.540
34.1,0.540
34.1,0.540
34.1,0.540
34.1,0.540
34.1,0.540
34.1,0.540
34.1,0.540
34.1,0.540
34.1,0.540
34.1,0.540
34.1,0.540
34.1,0.540
34.1,0.540
34.1,0.540
34.1,0.540
34.1,0.540
34.1,0.540
34.1,0.540
34.1,0.540
34.1,0.540
34.1,0.540
34.1,0.540
34.1,0.540
34.1,0.540
34.0,0.540
34.0,0.540
34.0,0.535
34.0,0.535
34.0,0.535
34.0,0.535
34.0,0.535
34.0,0.535
34.0,0.535
34.0,0.535
34.0,0.535
34.0,0.535
34.0,0.535
34.0,0.535
34.0,0.535
34.0,0.535
34.0,0.535
34.0,0.535
34.1,0.535
34.1,0.535
34.1,0.535
34.1,0.535
34.1,0.535
34.1,0.535
34.1,0.535
34.1,0.535
34.1,0.535
34.1,0.535
34.1,0.535
34.1,0.535
34.1,0.535
34.1,0.535
34.1,0.530
34.1,0.530
34.1,0.530
34.1,0.530
34.1,0.530
34.1,0.530
34.1,0.530
34.1,0.530
34.1,0.530
34.1,0.530
34.1,0.530
34.1,0.530
34.1,0.530
34.1,0.530
34.1,0.530
34.1,0.530
34.1,0.530
34.1,0.530
34.1,0.530
34.1,0.530
34.1,0.530
34.1,0.530
34.1,0.530
34.1,0.530
34.1,0.530
34.1,0.530
34.1,0.530
34.1,0.530
34.1,0.530
34.1,0.530
34.1,0.530
34.1,0.530
34.1,0.530
34.1,0.525
34.1,0.525
34.1,0.525
34.1,0.525
34.1,0.525
34.1,0.525
34.1,0.525
34.1,0.525
34.1,0.525
34.1,0.525
34.1,0.525
34.1,0.525
34.1,0.525
34.1,0.525
34.1,0.525
34.1,0.525
34.1,0.525
34.1,0.525
34.1,0.525
34.1,0.525
34.1,0.525
34.1,0.525
34.1,0.525
34.1,0.525
34.1,0.525
34.1,0.525
34.1,0.525
34.1,0.525
34.1,0.525
34.1,0.525
34.1,0.525
34.1,0.525
34.1,0.525
34.1,0.525
34.1,0.525
34.1,0.525
34.1,0.525
34.1,0.520
34.1,0.520
34.1,0.520
34.1,0.520
34.1,0.520
34.1,0.520
34.1,0.520
34.1,0.520
34.1,0.520
34.0,0.520
34.0,0.520
34.0,0.520
34.0,0.520
34.0,0.520
34.0,0.520
34.0,0.520
34.0,0.520
34.0,0.520
34.0,0.520
34.0,0.520
34.0,0.520
34.0,0.520
34.0,0.520
34.0,0.520
34.0,0.520
34.0,0.520
34.0,0.520
34.0,0.520
34.0,0.520
34.0,0.520
34.0,0.520
34.0,0.520
34.1,0.520
34.1,0.520
34.1,0.520
34.1,0.520
34.1,0.520
34.1,0.520
34.1,0.520
34.1,0.515
34.0,0.515
34.0,0.515
34.0,0.515
34.0,0.515
34.0,0.515
34.0,0.515
34.0,0.515
34.0,0.515
34.0,0.515
34.0,0.515
34.0,0.515
34.0,0.515
34.0,0.515
34.0,0.515
34.0,0.515
34.0,0.515
34.0,0.515
34.0,0.515
34.0,0.515
34.0,0.515
34.0,0.515
34.0,0.515
34.0,0.515
34.0,0.515
34.0,0.515
34.0,0.515
34.0,0.515
34.0,0.515
34.0,0.515
34.0,0.515
34.0,0.515
34.0,0.515
34.0,0.515
34.0,0.515
34.0,0.515
34.0,0.515
34.0,0.515
34.0,0.515
34.0,0.515
34.0,0.515
34.0,0.510
34.0,0.510
34.0,0.510
34.0,0.510
34.0,0.510
34.0,0.510
34.0,0.510
34.0,0.510
34.0,0.510
34.0,0.510
34.0,0.510
34.0,0.510
34.0,0.510
34.0,0.510
34.0,0.510
34.0,0.510
34.0,0.510
34.0,0.510
34.0,0.510
34.0,0.510
34.0,0.510
34.0,0.510
34.0,0.510
34.0,0.510
34.0,0.510
34.0,0.510
34.0,0.510
34.0,0.510
34.0,0.510
34.0,0.510
34.0,0.510
34.0,0.510
34.0,0.510
34.0,0.510
34.0,0.510
34.0,0.510
34.0,0.510
34.0,0.510
34.0,0.505
34.0,0.505
34.0,0.505
34.0,0.505
34.0,0.505
34.0,0.505
34.0,0.505
34.0,0.505
34.0,0.505
34.0,0.505
34.0,0.505
34.0,0.505
34.0,0.505
34.0,0.505
34.0,0.505
34.0,0.505
34.0,0.505
34.0,0.505
34.0,0.505
34.0,0.505
34.0,0.505
34.0,0.505
34.0,0.505
34.0,0.505
34.0,0.505
34.0,0.505
34.0,0.505
34.0,0.505
34.0,0.505
34.0,0.505
34.0,0.505
34.0,0.505
34.0,0.505
34.0,0.505
34.0,0.505
34.0,0.500
34.0,0.500
34.0,0.500
34.0,0.500
34.0,0.500
34.0,0.500
34.0,0.500
34.0,0.500
34.0,0.500
34.0,0.500
34.0,0.500
34.0,0.500
34.0,0.500
34.0,0.500
34.0,0.500
34.0,0.500
34.0,0.500
34.0,0.500
34.0,0.500
34.0,0.500
34.0,0.500
34.0,0.500
34.0,0.500
33.9,0.500
33.9,0.500
33.9,0.500
33.9,0.500
33.9,0.500
33.9,0.500
33.9,0.500
33.9,0.500
33.9,0.500
33.9,0.500
33.9,0.500
33.9,0.500
33.9,0.500
33.9,0.495
33.9,0.495
33.9,0.495
33.9,0.495
33.9,0.495
33.9,0.495
33.9,0.495
33.9,0.495
33.9,0.495
33.9,0.495
33.9,0.495
33.9,0.495
33.9,0.495
33.9,0.495
33.9,0.495
33.9,0.495
33.9,0.495
33.9,0.495
33.9,0.495
33.9,0.495
33.9,0.495
33.9,0.495
33.9,0.495
33.9,0.495
33.9,0.495
33.9,0.495
33.9,0.495
33.9,0.495
33.9,0.495
33.9,0.495
33.9,0.495
33.9,0.495
33.9,0.495
33.9,0.495
33.9,0.495
33.9,0.495
33.9,0.495
33.9,0.495
33.9,0.490
33.9,0.490
33.9,0.490
33.9,0.490
33.9,0.490
33.9,0.490
33.9,0.490
33.9,0.490
33.9,0.490
33.9,0.490
33.9,0.490
33.9,0.490
33.9,0.490
33.9,0.490
33.9,0.490
33.9,0.490
33.9,0.490
33.9,0.490
33.9,0.490
33.9,0.490
33.9,0.490
33.9,0.490
33.9,0.490
33.9,0.490
33.9,0.490
33.9,0.490
33.9,0.490
33.9,0.490
33.9,0.490
33.9,0.490
33.9,0.490
33.9,0.490
33.9,0.490
33.9,0.490
33.9,0.490
33.9,0.490
33.9,0.490
33.9,0.490
33.9,0.490
33.9,0.490
33.9,0.485
33.9,0.485
33.9,0.485
33.9,0.485
33.9,0.485
33.9,0.485
33.9,0.485
33.9,0.485
33.9,0.485
33.9,0.485
33.9,0.485
33.9,0.485
33.9,0.485
33.9,0.485
33.9,0.485
33.9,0.485
33.9,0.485
33.9,0.485
33.9,0.485
33.9,0.485
33.9,0.485
33.9,0.485
33.9,0.485
33.9,0.485
33.9,0.485
33.9,0.485
33.9,0.485
33.9,0.485
33.9,0.485
33.9,0.485
33.9,0.485
33.9,0.485
33.9,0.485
33.9,0.485
33.9,0.485
33.9,0.485
33.9,0.485
33.9,0.485
33.9,0.485
33.9,0.485
33.9,0.480
33.9,0.480
33.9,0.480
33.9,0.480
33.9,0.480
33.9,0.480
33.9,0.480
33.9,0.480
33.9,0.480
33.9,0.480
33.9,0.480
33.9,0.480
33.9,0.480
33.9,0.480
33.9,0.480
33.9,0.480
33.9,0.480
33.9,0.480
33.9,0.480
33.9,0.480
33.9,0.480
33.9,0.480
33.9,0.480
33.9,0.480
33.9,0.480
33.9,0.480
33.9,0.480
33.9,0.480
33.9,0.480
33.9,0.480
33.9,0.480
33.9,0.480
33.9,0.480
33.9,0.480
33.9,0.480
33.9,0.480
33.9,0.480
33.9,0.480
33.9,0.480
33.9,0.480
33.9,0.480
33.9,0.475
33.9,0.475
33.9,0.475
33.9,0.475
33.9,0.475
33.9,0.475
33.9,0.475
33.9,0.475
33.9,0.475
33.9,0.475
33.9,0.475
33.9,0.475
33.9,0.475
33.9,0.475
33.9,0.475
33.9,0.475
33.9,0.475
33.9,0.475
33.9,0.475
33.9,0.475
33.9,0.475
33.9,0.475
33.9,0.475
33.9,0.475
33.9,0.475
33.9,0.475
33.9,0.475
33.9,0.475
33.9,0.475
33.9,0.475
33.9,0.475
33.9,0.475
33.9,0.475
33.9,0.475
33.9,0.475
33.9,0.475
33.9,0.475
33.9,0.475
33.9,0.475
33.9,0.475
33.9,0.470
33.9,0.470
33.9,0.470
33.9,0.470
33.9,0.470
33.9,0.470
33.9,0.470
33.9,0.470
33.9,0.470
33.9,0.470
33.9,0.470
33.9,0.470
33.9,0.470
33.9,0.470
33.9,0.470
33.9,0.470
33.9,0.470
33.9,0.470
33.9,0.470
33.9,0.470
33.8,0.470
33.8,0.470
33.8,0.470
33.8,0.470
33.8,0.470
33.8,0.470
33.8,0.470
33.8,0.470
33.8,0.470
33.8,0.470
33.8,0.470
33.8,0.470
33.8,0.470
33.8,0.470
33.8,0.470
33.8,0.470
33.8,0.470
33.8,0.470
33.8,0.470
33.9,0.470
33.9,0.470
33.9,0.470
33.9,0.465
33.9,0.465
33.9,0.465
33.9,0.465
33.9,0.465
33.9,0.465
33.9,0.465
33.9,0.465
33.9,0.465
33.9,0.465
33.9,0.465
33.9,0.465
33.9,0.465
33.9,0.465
33.9,0.465
33.9,0.465
33.9,0.465
33.9,0.465
33.9,0.465
33.9,0.465
33.9,0.465
33.9,0.465
33.9,0.465
33.9,0.465
33.9,0.465
33.9,0.465
33.9,0.465
33.9,0.465
33.9,0.465
33.9,0.465
33.9,0.465
33.9,0.465
33.9,0.465
33.9,0.465
33.9,0.465
33.9,0.465
33.9,0.465
33.9,0.465
33.9,0.465
33.9,0.465
33.9,0.465
33.9,0.460
33.9,0.460
33.9,0.460
33.9,0.460
33.9,0.460
33.9,0.460
33.9,0.460
33.9,0.460
33.9,0.460
33.9,0.460
33.9,0.460
33.9,0.460
33.9,0.460
33.8,0.460
33.8,0.460
33.8,0.460
33.8,0.460
33.8,0.460
33.8,0.460
33.8,0.460
33.8,0.460
33.8,0.460
33.8,0.460
33.8,0.460
33.8,0.460
33.8,0.460
33.8,0.460
33.8,0.460
33.8,0.460
33.8,0.460
33.8,0.460
33.8,0.460
33.8,0.460
33.8,0.460
33.8,0.460
33.8,0.460
33.8,0.460
33.8,0.460
33.8,0.460
33.8,0.460
33.8,0.460
33.8,0.455
33.8,0.455
33.8,0.455
33.8,0.455
33.8,0.455
33.8,0.455
33.8,0.455
33.8,0.455
33.8,0.455
33.8,0.455
33.8,0.455
33.8,0.455
33.8,0.455
33.8,0.455
33.8,0.455
33.8,0.455
33.8,0.455
33.8,0.455
33.8,0.455
33.8,0.455
33.8,0.455
33.8,0.455
33.8,0.455
33.8,0.455
33.8,0.455
33.8,0.455
33.8,0.455
33.8,0.455
33.8,0.455
33.8,0.455
33.8,0.455
33.8,0.455
33.8,0.455
33.8,0.455
33.8,0.455
33.8,0.455
33.8,0.455
33.8,0.455
33.8,0.455
33.8,0.455
33.8,0.455
33.8,0.450
33.8,0.450
33.8,0.450
33.8,0.450
33.8,0.450
33.8,0.450
33.8,0.450
33.8,0.450
33.8,0.450
33.8,0.450
33.8,0.450
33.8,0.450
33.8,0.450
33.8,0.450
33.8,0.450
33.8,0.450
33.8,0.450
33.8,0.450
33.8,0.450
33.8,0.450
33.8,0.450
33.8,0.450
33.8,0.450
33.8,0.450
33.8,0.450
33.8,0.450
33.8,0.450
33.8,0.450
33.8,0.450
33.8,0.450
33.8,0.450
33.8,0.450
33.8,0.450
33.8,0.450
33.8,0.450
33.8,0.450
33.8,0.450
33.8,0.450
33.8,0.450
33.8,0.450
33.8,0.445
33.8,0.445
33.8,0.445
33.8,0.445
33.8,0.445
33.8,0.445
33.8,0.445
33.8,0.445
33.8,0.445
33.8,0.445
33.8,0.445
33.8,0.445
33.8,0.445
33.8,0.445
33.8,0.445
33.8,0.445
33.8,0.445
33.8,0.445
33.8,0.445
33.8,0.445
33.8,0.445
33.8,0.445
33.8,0.445
33.8,0.445
33.8,0.445
33.8,0.445
33.8,0.445
33.8,0.445
33.8,0.445
33.8,0.445
33.8,0.445
33.8,0.445
33.8,0.445
33.8,0.445
33.8,0.445
33.8,0.445
33.8,0.445
33.8,0.445
33.8,0.445
33.8,0.445
33.8,0.445
33.8,0.440
33.8,0.440
33.8,0.440
33.8,0.440
33.8,0.440
33.8,0.440
33.8,0.440
33.8,0.440
33.8,0.440
33.8,0.440
33.8,0.440
33.8,0.440
33.8,0.440
33.8,0.440
33.8,0.440
33.8,0.440
33.8,0.440
33.8,0.440
33.8,0.440
33.8,0.440
33.8,0.440
33.8,0.440
33.8,0.440
33.8,0.440
33.8,0.440
33.8,0.440
33.8,0.440
33.8,0.440
33.8,0.440
33.8,0.440
33.8,0.440
33.8,0.440
33.8,0.440
33.8,0.440
33.8,0.440
33.8,0.440
33.8,0.440
33.8,0.435
33.8,0.435
33.8,0.435
33.8,0.435
33.8,0.435
33.8,0.435
33.8,0.435
33.8,0.435
33.8,0.435
33.8,0.435
33.8,0.435
33.8,0.435
33.8,0.435
33.8,0.435
33.8,0.435
33.8,0.435
33.8,0.435
33.8,0.435
33.8,0.435
33.8,0.435
33.8,0.435
33.8,0.435
33.8,0.435
33.8,0.435
33.8,0.435
33.8,0.435
33.8,0.435
33.8,0.435
33.8,0.435
33.8,0.435
33.8,0.435
33.8,0.435
33.8,0.435
33.8,0.435
33.8,0.435
33.8,0.435
33.8,0.435
33.8,0.435
33.8,0.435
33.7,0.430
33.7,0.430
33.7,0.430
33.7,0.430
33.7,0.430
33.7,0.430
33.7,0.430
33.7,0.430
33.7,0.430
33.7,0.430
33.7,0.430
33.7,0.430
33.7,0.430
33.7,0.430
33.7,0.430
33.7,0.430
33.7,0.430
33.7,0.430
33.7,0.430
33.7,0.430
33.7,0.430
33.7,0.430
33.7,0.430
33.7,0.430
33.7,0.430
33.7,0.430
33.7,0.430
33.7,0.430
33.7,0.430
33.7,0.430
33.7,0.430
33.7,0.430
33.7,0.430
33.7,0.430
33.7,0.430
33.7,0.430
33.7,0.430
33.7,0.430
33.7,0.430
33.8,0.430
33.8,0.430
33.8,0.425
33.8,0.425
33.8,0.425
33.8,0.425
33.8,0.425
33.8,0.425
33.8,0.425
33.8,0.425
33.8,0.425
33.8,0.425
33.8,0.425
33.8,0.425
33.8,0.425
33.8,0.425
33.8,0.425
33.8,0.425
33.8,0.425
33.8,0.425
33.8,0.425
33.8,0.425
33.8,0.425
33.8,0.425
33.8,0.425
33.7,0.425
33.7,0.425
33.7,0.425
33.7,0.425
33.7,0.425
33.7,0.425
33.7,0.425
33.7,0.425
33.7,0.425
33.7,0.425
33.7,0.425
33.7,0.425
33.7,0.425
33.7,0.425
33.7,0.425
33.7,0.425
33.7,0.425
33.7,0.425
33.7,0.420
33.7,0.420
33.7,0.420
33.7,0.420
33.7,0.420
33.7,0.420
33.7,0.420
33.7,0.420
33.7,0.420
33.7,0.420
33.7,0.420
33.7,0.420
33.7,0.420
33.7,0.420
33.7,0.420
33.7,0.420
33.7,0.420
33.7,0.420
33.7,0.420
33.7,0.420
33.7,0.420
33.7,0.420
33.7,0.420
33.7,0.420
33.7,0.420
33.7,0.420
33.7,0.420
33.7,0.420
33.7,0.420
33.7,0.420
33.7,0.420
33.7,0.420
33.7,0.420
33.7,0.420
33.7,0.420
33.7,0.420
33.7,0.420
33.7,0.420
33.7,0.420
33.7,0.415
33.7,0.415
33.7,0.415
33.7,0.415
33.7,0.415
33.7,0.415
33.6,0.415
33.6,0.415
33.6,0.415
33.6,0.415
33.6,0.415
33.6,0.415
33.6,0.415
33.6,0.415
33.6,0.415
33.6,0.415
33.6,0.415
33.6,0.415
33.6,0.415
33.6,0.415
33.6,0.415
33.6,0.415
33.6,0.415
33.6,0.415
33.6,0.415
33.6,0.415
33.6,0.415
33.6,0.415
33.6,0.415
33.6,0.415
33.6,0.415
33.6,0.415
33.6,0.415
33.6,0.415
33.6,0.415
33.6,0.415
33.6,0.415
33.6,0.415
33.6,0.410
33.6,0.410
33.6,0.410
33.6,0.410
33.6,0.410
33.6,0.410
33.6,0.410
33.6,0.410
33.6,0.410
33.6,0.410
33.6,0.410
33.6,0.410
33.6,0.410
33.6,0.410
33.6,0.410
33.6,0.410
33.6,0.410
33.6,0.410
33.6,0.410
33.6,0.410
33.6,0.410
33.6,0.410
33.6,0.410
33.6,0.410
33.6,0.410
33.6,0.410
33.6,0.410
33.6,0.410
33.6,0.410
33.6,0.410
33.6,0.410
33.6,0.410
33.6,0.410
33.6,0.410
33.6,0.410
33.6,0.410
33.6,0.410
33.6,0.410
33.6,0.405
33.6,0.405
33.6,0.405
33.6,0.405
33.6,0.405
33.6,0.405
33.6,0.405
33.6,0.405
33.6,0.405
33.6,0.405
33.6,0.405
33.6,0.405
33.6,0.405
33.6,0.405
33.6,0.405
33.6,0.405
33.6,0.405
33.6,0.405
33.6,0.405
33.6,0.405
33.6,0.405
33.6,0.405
33.6,0.405
33.6,0.405
33.6,0.405
33.6,0.405
33.6,0.405
33.6,0.405
33.6,0.405
33.6,0.405
33.6,0.405
33.6,0.405
33.6,0.405
33.6,0.405
33.6,0.405
33.6,0.405
33.6,0.405
33.6,0.400
33.6,0.400
33.6,0.400
33.6,0.400
33.5,0.400
33.5,0.400
33.5,0.400
33.5,0.400
33.5,0.400
33.5,0.400
33.5,0.400
33.5,0.400
33.5,0.400
33.5,0.400
33.5,0.400
33.6,0.400
33.6,0.400
33.6,0.400
33.6,0.400
33.6,0.400
33.6,0.400
33.6,0.400
33.6,0.400
33.6,0.400
33.6,0.400
33.6,0.400
33.6,0.400
33.6,0.400
33.6,0.400
33.6,0.400
33.6,0.400
33.6,0.400
33.6,0.400
33.6,0.400
33.6,0.400
33.6,0.400
33.5,0.400
33.5,0.400
33.5,0.395
33.5,0.395
33.5,0.395
33.5,0.395
33.5,0.395
33.5,0.395
33.5,0.395
33.5,0.395
33.5,0.395
33.5,0.395
33.5,0.395
33.5,0.395
33.5,0.395
33.5,0.395
33.5,0.395
33.5,0.395
33.5,0.395
33.5,0.395
33.5,0.395
33.5,0.395
33.5,0.395
33.5,0.395
33.5,0.395
33.5,0.395
33.5,0.395
33.5,0.395
33.5,0.395
33.5,0.395
33.5,0.395
33.5,0.395
33.5,0.395
33.5,0.395
33.5,0.395
33.5,0.395
33.5,0.390
33.5,0.390
33.5,0.390
33.5,0.390
33.5,0.390
33.5,0.390
33.5,0.390
33.5,0.390
33.5,0.390
33.5,0.390
33.5,0.390
33.5,0.390
33.5,0.390
33.5,0.390
33.5,0.390
33.5,0.390
33.5,0.390
33.5,0.390
33.5,0.390
33.5,0.390
33.5,0.390
33.5,0.390
33.5,0.390
33.5,0.390
33.5,0.390
33.5,0.390
33.5,0.390
33.5,0.390
33.5,0.390
33.5,0.390
33.5,0.390
33.5,0.390
33.5,0.390
33.5,0.390
33.5,0.390
33.5,0.390
33.5,0.385
33.6,0.385
33.6,0.385
33.6,0.385
33.6,0.385
33.6,0.385
33.6,0.385
33.6,0.385
33.6,0.385
33.6,0.385
33.6,0.385
33.6,0.385
33.6,0.385
33.6,0.385
33.6,0.385
33.6,0.385
33.6,0.385
33.6,0.385
33.6,0.385
33.6,0.385
33.6,0.385
33.6,0.385
33.6,0.385
33.6,0.385
33.6,0.385
33.6,0.385
33.6,0.385
33.6,0.385
33.6,0.385
33.6,0.385
33.6,0.385
33.6,0.385
33.6,0.385
33.6,0.385
33.6,0.385
33.6,0.385
33.6,0.385
33.6,0.385
33.6,0.385
33.6,0.380
33.6,0.380
33.6,0.380
33.6,0.380
33.6,0.380
33.6,0.380
33.6,0.380
33.6,0.380
33.6,0.380
33.6,0.380
33.6,0.380
33.6,0.380
33.6,0.380
33.6,0.380
33.6,0.380
33.6,0.380
33.6,0.380
33.6,0.380
33.6,0.380
33.6,0.380
33.6,0.380
33.6,0.380
33.6,0.380
33.6,0.380
33.6,0.380
33.6,0.380
33.6,0.380
33.6,0.380
33.6,0.380
33.6,0.380
33.6,0.380
33.6,0.380
33.6,0.380
33.6,0.380
33.6,0.380
33.6,0.380
33.6,0.380
33.6,0.380
33.6,0.380
33.6,0.380
33.6,0.380
33.6,0.380
33.6,0.380
33.6,0.380
33.6,0.380
33.6,0.380
33.6,0.375
33.6,0.375
33.6,0.375
33.6,0.375
33.6,0.375
33.6,0.375
33.6,0.375
33.6,0.375
33.6,0.375
33.6,0.375
33.6,0.375
33.6,0.375
33.6,0.375
33.6,0.375
33.6,0.375
33.6,0.375
33.6,0.375
33.6,0.375
33.6,0.375
33.6,0.375
33.6,0.375
33.6,0.375
33.6,0.375
33.6,0.375
33.6,0.375
33.6,0.375
33.6,0.375
33.6,0.375
33.6,0.375
33.6,0.375
33.6,0.375
33.6,0.375
33.6,0.375
33.6,0.375
33.6,0.375
33.6,0.375
33.6,0.375
33.6,0.375
33.6,0.375
33.6,0.375
33.6,0.375
33.6,0.375
33.6,0.375
33.6,0.375
33.6,0.375
33.5,0.375
33.5,0.375
33.5,0.375
33.5,0.375
33.5,0.375
33.5,0.375
33.5,0.375
33.5,0.375
33.5,0.370
33.5,0.370
33.5,0.370
33.5,0.370
33.5,0.370
33.5,0.370
33.5,0.370
33.5,0.370
33.5,0.370
33.5,0.370
33.5,0.370
33.5,0.370
33.5,0.370
33.5,0.370
33.5,0.370
33.5,0.370
33.5,0.370
33.5,0.370
33.5,0.370
33.5,0.370
33.6,0.370
33.6,0.370
33.6,0.370
33.6,0.370
33.6,0.370
33.5,0.370
33.5,0.370
33.5,0.370
33.5,0.370
33.5,0.370
33.5,0.370
33.5,0.370
33.5,0.370
33.5,0.370
33.5,0.370
33.5,0.370
33.5,0.370
33.5,0.370
33.5,0.370
33.5,0.370
33.5,0.370
33.5,0.370
33.5,0.370
33.5,0.370
33.5,0.370
33.5,0.370
33.5,0.370
33.5,0.370
33.5,0.370
33.5,0.370
33.5,0.370
33.5,0.370
33.5,0.370
33.5,0.370
33.5,0.370
33.5,0.370
33.5,0.370
33.5,0.370
33.5,0.370
33.5,0.370
33.5,0.365
33.5,0.365
33.5,0.365
33.5,0.365
33.5,0.365
33.5,0.365
33.5,0.365
33.5,0.365
33.5,0.365
33.5,0.365
33.5,0.365
33.5,0.365
33.5,0.365
33.5,0.365
33.5,0.365
33.5,0.365
33.5,0.365
33.5,0.365
33.5,0.365
33.5,0.365
33.5,0.365
33.5,0.365
33.5,0.365
33.5,0.365
33.5,0.365
33.5,0.365
33.5,0.365
33.5,0.365
33.5,0.365
33.5,0.365
33.5,0.365
33.5,0.365
33.5,0.365
33.5,0.365
33.5,0.365
33.5,0.365
33.5,0.365
33.5,0.365
33.5,0.365
33.5,0.365
33.5,0.365
33.5,0.365
33.5,0.365
33.5,0.365
33.5,0.365
33.5,0.365
33.5,0.365
33.5,0.365
33.5,0.365
33.5,0.365
33.5,0.365
33.5,0.365
33.5,0.365
33.5,0.365
33.5,0.365
33.5,0.365
33.5,0.365
33.5,0.365
33.4,0.365
33.4,0.365
33.4,0.360
33.4,0.360
33.4,0.360
33.4,0.360
33.4,0.360
33.4,0.360
33.4,0.360
33.4,0.360
33.4,0.360
33.4,0.360
33.4,0.360
33.4,0.360
33.4,0.360
33.4,0.360
33.4,0.360
33.4,0.360
33.4,0.360
33.4,0.360
33.4,0.360
33.4,0.360
33.4,0.360
33.4,0.360
33.4,0.360
33.4,0.360
33.4,0.360
33.4,0.360
33.4,0.360
33.4,0.360
33.4,0.360
33.4,0.360
33.4,0.360
33.4,0.360
33.4,0.360
33.4,0.360
33.4,0.360
33.4,0.360
33.4,0.360
33.4,0.360
33.4,0.360
33.4,0.360
33.5,0.360
33.5,0.360
33.5,0.360
33.5,0.360
33.5,0.360
33.5,0.360
33.5,0.360
33.5,0.355
33.5,0.355
33.4,0.355
33.4,0.355
33.4,0.355
33.4,0.355
33.4,0.355
33.4,0.355
33.4,0.355
33.4,0.355
33.4,0.355
33.4,0.355
33.4,0.355
33.4,0.355
33.4,0.355
33.4,0.355
33.4,0.355
33.4,0.355
33.4,0.355
33.4,0.355
33.4,0.355
33.4,0.355
33.4,0.355
33.4,0.355
33.4,0.355
33.4,0.355
33.4,0.355
33.4,0.355
33.4,0.355
33.4,0.355
33.4,0.355
33.4,0.355
33.4,0.355
33.4,0.355
33.4,0.355
33.4,0.355
33.4,0.355
33.4,0.355
33.4,0.355
33.4,0.355
33.4,0.355
33.4,0.355
33.4,0.355
33.4,0.355
33.4,0.350
33.4,0.350
33.4,0.350
33.4,0.350
33.4,0.350
33.4,0.350
33.4,0.350
33.4,0.350
33.4,0.350
33.4,0.350
33.4,0.350
33.4,0.350
33.4,0.350
33.4,0.350
33.4,0.350
33.4,0.350
33.4,0.350
33.4,0.350
33.4,0.350
33.4,0.350
33.4,0.350
33.4,0.350
33.4,0.350
33.4,0.350
33.4,0.350
33.4,0.350
33.4,0.350
33.4,0.350
33.4,0.350
33.4,0.350
33.4,0.350
33.4,0.350
33.4,0.350
33.4,0.350
33.4,0.350
33.4,0.350
33.4,0.350
33.4,0.350
33.4,0.350
33.3,0.350
33.3,0.350
33.3,0.350
33.3,0.350
33.3,0.345
33.3,0.345
33.3,0.345
33.4,0.345
33.4,0.345
33.4,0.345
33.4,0.345
33.4,0.345
33.4,0.345
33.4,0.345
33.4,0.345
33.4,0.345
33.4,0.345
33.4,0.345
33.4,0.345
33.4,0.345
33.4,0.345
33.4,0.345
33.4,0.345
33.4,0.345
33.4,0.345
33.4,0.345
33.4,0.345
33.4,0.345
33.4,0.345
33.4,0.345
33.4,0.345
33.3,0.345
33.3,0.345
33.3,0.345
33.3,0.345
33.3,0.345
33.3,0.345
33.3,0.345
33.3,0.345
33.3,0.345
33.3,0.345
33.3,0.345
33.3,0.345
33.3,0.345
33.3,0.340
33.3,0.340
33.3,0.340
33.3,0.340
33.3,0.340
33.3,0.340
33.3,0.340
33.3,0.340
33.3,0.340
33.3,0.340
33.3,0.340
33.3,0.340
33.3,0.340
33.3,0.340
33.3,0.340
33.3,0.340
33.3,0.340
33.3,0.340
33.3,0.340
33.3,0.340
33.3,0.340
33.3,0.340
33.3,0.340
33.3,0.340
33.3,0.340
33.3,0.340
33.3,0.340
33.3,0.340
33.3,0.340
33.3,0.340
33.3,0.340
33.3,0.340
33.3,0.340
33.3,0.340
33.3,0.340
33.3,0.340
33.3,0.340
33.3,0.340
33.3,0.340
33.3,0.335
33.3,0.335
33.3,0.335
33.3,0.335
33.3,0.335
33.3,0.335
33.3,0.335
33.3,0.335
33.3,0.335
33.3,0.335
33.3,0.335
33.3,0.335
33.3,0.335
33.3,0.335
33.3,0.335
33.3,0.335
33.3,0.335
33.3,0.335
33.3,0.335
33.3,0.335
33.3,0.335
33.3,0.335
33.3,0.335
33.3,0.335
33.3,0.335
33.3,0.335
33.3,0.335
33.3,0.335
33.3,0.335
33.3,0.335
33.3,0.335
33.3,0.335
33.3,0.335
33.3,0.335
33.3,0.335
33.3,0.335
33.3,0.335
33.3,0.335
33.3,0.335
33.3,0.335
33.3,0.335
33.3,0.335
33.3,0.330
33.3,0.330
33.3,0.330
33.3,0.330
33.3,0.330
33.3,0.330
33.3,0.330
33.3,0.330
33.3,0.330
33.3,0.330
33.3,0.330
33.3,0.330
33.3,0.330
33.3,0.330
33.3,0.330
33.3,0.330
33.3,0.330
33.3,0.330
33.3,0.330
33.3,0.330
33.3,0.330
33.3,0.330
33.3,0.330
33.3,0.330
33.3,0.330
33.3,0.330
33.3,0.330
33.3,0.330
33.3,0.330
33.3,0.330
33.3,0.330
33.3,0.330
33.3,0.330
33.3,0.330
33.3,0.330
33.3,0.330
33.3,0.330
33.3,0.330
33.3,0.330
33.3,0.330
33.3,0.330
33.3,0.330
33.3,0.330
33.3,0.325
33.3,0.325
33.3,0.325
33.3,0.325
33.3,0.325
33.3,0.325
33.3,0.325
33.3,0.325
33.3,0.325
33.3,0.325
33.3,0.325
33.3,0.325
33.3,0.325
33.3,0.325
33.3,0.325
33.3,0.325
33.3,0.325
33.3,0.325
33.3,0.325
33.3,0.325
33.3,0.325
33.3,0.325
33.3,0.325
33.3,0.325
33.3,0.325
33.3,0.325
33.3,0.325
33.3,0.325
33.3,0.325
33.3,0.325
33.3,0.325
33.3,0.325
33.2,0.325
33.2,0.325
33.2,0.325
33.2,0.325
33.2,0.325
33.2,0.325
33.2,0.320
33.2,0.320
33.2,0.320
33.2,0.320
33.2,0.320
33.2,0.320
33.2,0.320
33.2,0.320
33.2,0.320
33.2,0.320
33.2,0.320
33.2,0.320
33.2,0.320
33.2,0.320
33.2,0.320
33.2,0.320
33.2,0.320
33.2,0.320
33.2,0.320
33.2,0.320
33.2,0.320
33.2,0.320
33.2,0.320
33.2,0.320
33.2,0.320
33.2,0.320
33.2,0.320
33.2,0.320
33.2,0.320
33.2,0.320
33.2,0.320
33.2,0.320
33.2,0.320
33.2,0.320
33.2,0.320
33.2,0.320
33.2,0.320
33.2,0.320
33.2,0.315
33.2,0.315
33.2,0.315
33.2,0.315
33.2,0.315
33.2,0.315
33.2,0.315
33.2,0.315
33.2,0.315
33.2,0.315
33.2,0.315
33.2,0.315
33.2,0.315
33.2,0.315
33.2,0.315
33.2,0.315
33.2,0.315
33.2,0.315
33.2,0.315
33.2,0.315
33.2,0.315
33.2,0.315
33.2,0.315
33.2,0.315
33.2,0.315
33.2,0.315
33.2,0.315
33.2,0.315
33.2,0.315
33.2,0.315
33.2,0.315
33.2,0.315
33.2,0.315
33.2,0.315
33.2,0.315
33.2,0.315
33.2,0.310
33.2,0.310
33.2,0.310
33.2,0.310
33.2,0.310
33.2,0.310
33.2,0.310
33.2,0.310
33.2,0.310
33.2,0.310
33.2,0.310
33.2,0.310
33.2,0.310
33.2,0.310
33.2,0.310
33.2,0.310
33.2,0.310
33.2,0.310
33.2,0.310
33.2,0.310
33.2,0.310
33.2,0.310
33.2,0.310
33.2,0.310
33.2,0.310
33.2,0.310
33.2,0.310
33.2,0.310
33.2,0.310
33.2,0.310
33.2,0.310
33.2,0.310
33.2,0.310
33.2,0.310
33.2,0.310
33.2,0.310
33.2,0.310
33.2,0.310
33.2,0.305
33.2,0.305
33.2,0.305
33.2,0.305
33.2,0.305
33.2,0.305
33.2,0.305
33.2,0.305
33.2,0.305
33.2,0.305
33.2,0.305
33.2,0.305
33.2,0.305
33.2,0.305
33.2,0.305
33.2,0.305
33.2,0.305
33.2,0.305
33.2,0.305
33.2,0.305
33.2,0.305
33.2,0.305
33.2,0.305
33.2,0.305
33.2,0.305
33.2,0.305
33.2,0.305
33.2,0.305
33.2,0.305
33.2,0.305
33.2,0.305
33.2,0.305
33.2,0.305
33.2,0.305
33.2,0.305
33.2,0.305
33.2,0.305
33.2,0.305
33.2,0.300
33.1,0.300
33.1,0.300
33.1,0.300
33.1,0.300
33.1,0.300
33.1,0.300
33.1,0.300
33.1,0.300
33.1,0.300
33.1,0.300
33.1,0.300
33.1,0.300
33.1,0.300
33.1,0.300
33.1,0.300
33.1,0.300
33.1,0.300
33.1,0.300
33.1,0.300
33.1,0.300
33.1,0.300
33.1,0.300
33.1,0.300
33.1,0.300
33.1,0.300
33.1,0.300
33.1,0.300
33.1,0.300
33.1,0.300
33.1,0.300
33.1,0.300
33.1,0.300
33.1,0.300
33.1,0.300
33.1,0.295
33.1,0.295
33.1,0.295
33.1,0.295
33.1,0.295
33.1,0.295
33.1,0.295
33.1,0.295
33.1,0.295
33.1,0.295
33.1,0.295
33.1,0.295
33.1,0.295
33.1,0.295
33.1,0.295
33.1,0.295
33.1,0.295
33.1,0.295
33.1,0.295
33.1,0.295
33.1,0.295
33.1,0.295
33.1,0.295
33.1,0.295
33.1,0.295
33.1,0.295
33.1,0.295
33.1,0.295
33.1,0.295
33.1,0.295
33.1,0.295
33.1,0.295
33.1,0.295
33.1,0.295
33.1,0.295
33.1,0.290
33.1,0.290
33.1,0.290
33.1,0.290
33.1,0.290
33.1,0.290
33.1,0.290
33.1,0.290
33.1,0.290
33.1,0.290
33.1,0.290
33.1,0.290
33.1,0.290
33.1,0.290
33.1,0.290
33.1,0.290
33.1,0.290
33.1,0.290
33.1,0.290
33.1,0.290
33.1,0.290
33.1,0.290
33.1,0.290
33.1,0.290
33.1,0.290
33.1,0.290
33.1,0.290
33.1,0.290
33.1,0.290
33.1,0.290
33.1,0.290
33.1,0.290
33.1,0.290
33.1,0.290
33.1,0.290
33.1,0.290
33.1,0.290
33.1,0.290
33.1,0.285
33.1,0.285
33.1,0.285
33.1,0.285
33.1,0.285
33.1,0.285
33.1,0.285
33.1,0.285
33.1,0.285
33.1,0.285
33.1,0.285
33.1,0.285
33.1,0.285
33.1,0.285
33.1,0.285
33.1,0.285
33.1,0.285
33.1,0.285
33.1,0.285
33.1,0.285
33.1,0.285
33.1,0.285
33.1,0.285
33.1,0.285
33.1,0.285
33.1,0.285
33.1,0.285
33.1,0.285
33.1,0.285
33.1,0.285
33.1,0.285
33.1,0.285
33.1,0.285
33.1,0.285
33.1,0.285
33.1,0.285
33.1,0.285
33.1,0.285
33.1,0.285
33.1,0.285
33.1,0.285
33.1,0.285
33.1,0.280
33.1,0.280
33.1,0.280
33.1,0.280
33.1,0.280
33.1,0.280
33.1,0.280
33.1,0.280
33.1,0.280
33.1,0.280
33.1,0.280
33.1,0.280
33.1,0.280
33.1,0.280
33.1,0.280
33.1,0.280
33.1,0.280
33.1,0.280
33.1,0.280
33.1,0.280
33.1,0.280
33.1,0.280
33.1,0.280
33.1,0.280
33.1,0.280
33.1,0.280
33.1,0.280
33.1,0.280
33.1,0.280
33.1,0.280
33.1,0.280
33.1,0.280
33.1,0.280
33.1,0.280
33.1,0.280
33.1,0.280
33.1,0.280
33.1,0.280
33.1,0.275
33.1,0.275
33.1,0.275
33.1,0.275
33.1,0.275
33.0,0.275
33.0,0.275
33.0,0.275
33.0,0.275
33.0,0.275
33.0,0.275
33.0,0.275
33.0,0.275
33.0,0.275
33.0,0.275
33.0,0.275
33.0,0.275
33.0,0.275
33.0,0.275
33.0,0.275
33.0,0.275
33.0,0.275
33.0,0.275
33.0,0.275
33.0,0.275
33.0,0.275
33.0,0.275
33.0,0.275
33.0,0.275
33.0,0.275
33.0,0.275
33.0,0.275
33.0,0.275
33.0,0.275
33.0,0.275
33.0,0.275
33.0,0.275
33.0,0.275
33.0,0.275
33.0,0.270
33.0,0.270
33.0,0.270
33.0,0.270
33.0,0.270
33.0,0.270
33.0,0.270
33.0,0.270
33.0,0.270
33.0,0.270
33.0,0.270
33.0,0.270
33.0,0.270
33.0,0.270
33.0,0.270
33.0,0.270
33.0,0.270
33.0,0.270
33.0,0.270
33.0,0.270
33.0,0.270
33.0,0.270
33.0,0.270
33.0,0.270
33.0,0.270
33.0,0.270
33.0,0.270
33.0,0.270
33.0,0.270
33.0,0.270
33.0,0.270
33.0,0.270
33.0,0.270
33.0,0.270
33.0,0.270
33.0,0.270
33.0,0.270
33.0,0.270
33.0,0.270
33.0,0.270
33.0,0.270
33.0,0.265
33.0,0.265
33.0,0.265
33.0,0.265
33.0,0.265
33.0,0.265
33.0,0.265
33.0,0.265
33.0,0.265
33.0,0.265
33.0,0.265
33.0,0.265
33.0,0.265
33.0,0.265
33.0,0.265
33.0,0.265
33.0,0.265
33.0,0.265
33.0,0.265
33.0,0.265
33.0,0.265
33.0,0.265
33.0,0.265
33.0,0.265
33.0,0.265
33.0,0.265
33.0,0.265
33.0,0.265
33.0,0.265
33.0,0.265
33.0,0.265
33.0,0.265
33.0,0.265
33.0,0.265
33.0,0.265
33.0,0.265
33.0,0.265
33.0,0.265
33.0,0.265
33.0,0.265
33.0,0.260
33.0,0.260
33.0,0.260
33.0,0.260
33.0,0.260
33.0,0.260
33.0,0.260
33.0,0.260
33.0,0.260
33.0,0.260
33.0,0.260
33.0,0.260
33.0,0.260
33.0,0.260
33.0,0.260
33.0,0.260
33.0,0.260
33.0,0.260
33.0,0.260
33.0,0.260
33.0,0.260
32.9,0.260
32.9,0.260
32.9,0.260
32.9,0.260
32.9,0.260
32.9,0.260
32.9,0.260
32.9,0.260
32.9,0.260
32.9,0.260
32.9,0.260
32.9,0.260
32.9,0.260
32.9,0.260
32.9,0.260
32.9,0.260
32.9,0.260
32.9,0.260
32.9,0.255
32.9,0.255
32.9,0.255
32.9,0.255
32.9,0.255
32.9,0.255
32.9,0.255
32.9,0.255
32.9,0.255
32.9,0.255
32.9,0.255
32.9,0.255
32.9,0.255
32.9,0.255
32.9,0.255
32.9,0.255
32.9,0.255
32.9,0.255
32.9,0.255
32.9,0.255
32.9,0.255
32.9,0.255
32.9,0.255
32.9,0.255
32.9,0.255
32.9,0.255
32.9,0.255
32.9,0.255
32.9,0.255
32.9,0.255
32.9,0.255
32.9,0.255
32.9,0.255
32.9,0.255
32.9,0.255
32.9,0.255
32.9,0.255
32.9,0.255
32.9,0.255
32.9,0.255
32.9,0.250
32.9,0.250
32.9,0.250
32.9,0.250
32.9,0.250
32.9,0.250
32.8,0.250
32.8,0.250
32.8,0.250
32.8,0.250
32.8,0.250
32.8,0.250
32.8,0.250
32.8,0.250
32.8,0.250
32.9,0.250
32.9,0.250
32.9,0.250
32.9,0.250
32.9,0.250
32.9,0.250
32.9,0.250
32.9,0.250
32.9,0.250
32.9,0.250
32.9,0.250
32.9,0.250
32.9,0.250
32.9,0.250
32.9,0.250
32.9,0.250
32.9,0.250
32.9,0.250
32.9,0.250
32.9,0.250
32.9,0.250
32.9,0.250
32.9,0.250
32.9,0.250
32.9,0.250
32.9,0.250
32.9,0.250
32.9,0.250
32.9,0.245
32.9,0.245
32.9,0.245
32.9,0.245
32.9,0.245
32.9,0.245
32.9,0.245
32.9,0.245
32.9,0.245
32.9,0.245
32.9,0.245
32.9,0.245
32.9,0.245
32.9,0.245
32.9,0.245
32.9,0.245
32.9,0.245
32.9,0.245
32.9,0.245
32.9,0.245
32.9,0.245
32.9,0.245
32.9,0.245
32.9,0.245
32.9,0.245
32.9,0.245
32.9,0.245
32.9,0.245
32.9,0.245
32.9,0.245
32.9,0.245
32.9,0.245
32.9,0.245
32.9,0.245
32.9,0.245
32.9,0.245
32.9,0.245
32.9,0.245
32.9,0.245
32.9,0.245
32.9,0.245
32.9,0.245
32.9,0.245
32.9,0.245
32.9,0.245
32.9,0.240
32.9,0.240
32.9,0.240
32.9,0.240
32.9,0.240
32.9,0.240
32.9,0.240
32.9,0.240
32.9,0.240
32.9,0.240
32.8,0.240
32.8,0.240
32.8,0.240
32.8,0.240
32.8,0.240
32.8,0.240
32.8,0.240
32.8,0.240
32.8,0.240
32.8,0.240
32.8,0.240
32.8,0.240
32.8,0.240
32.8,0.240
32.8,0.240
32.8,0.240
32.8,0.240
32.8,0.240
32.8,0.240
32.8,0.240
32.8,0.240
32.8,0.240
32.8,0.240
32.8,0.240
32.8,0.240
32.8,0.240
32.8,0.240
32.8,0.240
32.8,0.240
32.8,0.240
32.8,0.240
32.8,0.240
32.8,0.240
32.8,0.240
32.8,0.240
32.8,0.240
32.8,0.240
32.8,0.240
32.8,0.235
32.8,0.235
32.6,0.235
32.6,0.235
32.5,0.235
32.5,0.235
32.4,0.235
32.3,0.235
32.3,0.235
32.2,0.235
32.1,0.235
32.1,0.235
32.0,0.235
31.9,0.235
31.9,0.235
31.8,0.235
31.7,0.235
31.6,0.235
31.6,0.235
31.5,0.235
31.4,0.235
31.3,0.235
31.2,0.235
31.2,0.235
31.1,0.235
31.0,0.235
30.9,0.235
30.9,0.235
30.8,0.235
30.8,0.235
30.7,0.235
30.6,0.235
30.6,0.235
30.5,0.235
30.4,0.235
30.4,0.235
30.3,0.235
30.2,0.235
30.2,0.235
30.1,0.235
30.0,0.235
30.0,0.235
29.9,0.235
29.8,0.235
29.7,0.235
29.7,0.235
29.6,0.230
29.5,0.230
29.5,0.230
29.4,0.230
29.4,0.230
29.3,0.230
29.3,0.230
29.2,0.230
29.2,0.230
29.1,0.230
29.0,0.230
29.0,0.230
28.9,0.230
28.8,0.230
28.8,0.230
28.7,0.230
28.6,0.230
28.6,0.230
28.5,0.230
28.5,0.230
28.4,0.230
28.3,0.230
28.3,0.230
28.2,0.230
28.2,0.230
28.1,0.230
28.0,0.230
28.0,0.230
27.9,0.230
27.9,0.230
27.8,0.230
27.8,0.230
27.7,0.230
27.7,0.230
27.6,0.230
27.6,0.230
27.5,0.230
27.5,0.230
27.5,0.230
27.4,0.230
27.4,0.230
27.3,0.230
27.3,0.230
27.2,0.230
27.1,0.230
27.1,0.230
27.1,0.225
27.1,0.225
27.0,0.225
27.0,0.225
27.0,0.225
26.9,0.225
26.9,0.225
26.9,0.225
26.9,0.225
26.8,0.225
26.8,0.225
26.7,0.225
26.7,0.225
26.7,0.225
26.7,0.225
26.6,0.225
26.6,0.225
26.6,0.225
26.5,0.225
26.5,0.225
26.5,0.225
26.5,0.225
26.4,0.225
26.4,0.225
26.3,0.225
26.3,0.225
26.3,0.225
26.3,0.225
26.2,0.225
26.2,0.225
26.2,0.225
26.1,0.225
26.1,0.225
26.0,0.225
26.0,0.225
26.0,0.225
25.9,0.225
25.9,0.225
25.9,0.225
25.9,0.220
25.8,0.220
25.8,0.220
25.8,0.220
25.8,0.220
25.7,0.220
25.7,0.220
25.6,0.220
25.6,0.220
25.6,0.220
25.5,0.220
25.5,0.220
25.5,0.220
25.5,0.220
25.4,0.220
25.4,0.220
25.4,0.220
25.3,0.220
25.3,0.220
25.3,0.220
25.2,0.220
25.2,0.220
25.2,0.220
25.2,0.220
25.1,0.220
25.1,0.220
25.1,0.220
25.0,0.220
25.0,0.220
25.0,0.220
25.0,0.220
25.0,0.220
24.9,0.220
24.9,0.220
24.8,0.220
24.8,0.220
24.8,0.215
24.8,0.215
24.7,0.215
24.7,0.215
24.7,0.215
24.7,0.215
24.7,0.215
24.6,0.215
24.6,0.215
24.6,0.215
24.5,0.215
24.5,0.215
24.5,0.215
24.4,0.215
24.4,0.215
24.4,0.215
24.4,0.215
24.4,0.215
24.4,0.215
24.3,0.215
24.3,0.215
24.3,0.215
24.2,0.215
24.2,0.215
24.2,0.215
24.1,0.215
24.1,0.215
24.1,0.215
24.1,0.215
24.0,0.215
24.0,0.215
24.0,0.215
24.0,0.215
24.0,0.210
24.0,0.210
24.0,0.210
24.0,0.210
24.0,0.210
24.0,0.210
24.0,0.210
24.0,0.210
24.0,0.210
23.9,0.210
23.9,0.210
23.9,0.210
23.9,0.210
23.9,0.210
23.9,0.210
23.9,0.210
23.9,0.210
23.9,0.210
23.9,0.210
23.9,0.210
23.8,0.210
23.8,0.210
23.8,0.210
23.8,0.210
23.8,0.210
23.8,0.210
23.8,0.210
23.8,0.210
23.8,0.210
23.8,0.210
23.8,0.210
23.9,0.210
23.9,0.210
23.9,0.210
23.9,0.205
23.9,0.205
23.9,0.205
23.9,0.205
23.9,0.205
23.9,0.205
23.9,0.205
23.9,0.205
23.9,0.205
23.9,0.205
23.9,0.205
24.0,0.205
24.0,0.205
24.0,0.205
24.0,0.205
24.0,0.205
24.0,0.205
24.0,0.205
24.0,0.205
24.0,0.205
24.0,0.205
24.0,0.205
24.0,0.205
24.0,0.205
24.0,0.205
23.9,0.205
23.9,0.205
23.9,0.205
23.9,0.205
23.9,0.205
23.9,0.205
23.9,0.205
23.9,0.205
23.9,0.205
23.9,0.200
23.9,0.200
23.9,0.200
23.9,0.200
23.9,0.200
23.9,0.200
23.9,0.200
23.9,0.200
23.8,0.200
23.8,0.200
23.8,0.200
23.8,0.200
23.8,0.200
23.8,0.200
23.8,0.200
23.8,0.200
23.8,0.200
23.8,0.200
23.8,0.200
23.7,0.200
23.7,0.200
23.7,0.200
23.8,0.200
23.8,0.200
23.8,0.200
23.8,0.200
23.8,0.200
23.8,0.200
23.8,0.200
23.8,0.200
23.8,0.200
23.8,0.200
23.7,0.195
23.7,0.195
23.7,0.195
23.7,0.195
23.7,0.195
23.7,0.195
23.7,0.195
23.7,0.195
23.7,0.195
23.7,0.195
23.7,0.195
23.7,0.195
23.7,0.195
23.7,0.195
23.7,0.195
23.7,0.195
23.7,0.195
23.7,0.195
23.7,0.195
23.7,0.195
23.7,0.195
23.7,0.195
23.7,0.195
23.7,0.195
23.7,0.195
23.7,0.195
23.7,0.195
23.7,0.195
23.7,0.195
23.7,0.195
23.7,0.195
23.7,0.195
23.7,0.195
23.6,0.195
23.6,0.195
23.5,0.195
23.5,0.190
23.5,0.190
23.4,0.190
23.4,0.190
23.4,0.190
23.4,0.190
23.4,0.190
23.3,0.190
23.3,0.190
23.2,0.190
23.2,0.190
23.2,0.190
23.1,0.190
23.1,0.190
23.1,0.190
23.1,0.190
23.1,0.190
23.1,0.190
23.1,0.190
23.1,0.190
23.1,0.190
23.1,0.190
23.1,0.190
23.1,0.190
23.1,0.190
23.1,0.190
23.1,0.190
23.1,0.190
23.1,0.190
23.0,0.190
23.0,0.190
23.0,0.190
23.0,0.190
23.1,0.190
23.1,0.190
23.1,0.190
23.1,0.190
23.1,0.185
23.1,0.185
23.2,0.185
23.2,0.185
23.2,0.185
23.2,0.185
23.2,0.185
23.3,0.185
23.3,0.185
23.3,0.185
23.3,0.185
23.3,0.185
23.2,0.185
23.2,0.185
23.2,0.185
23.2,0.185
23.2,0.185
23.2,0.185
23.2,0.185
23.2,0.185
23.2,0.185
23.2,0.185
23.2,0.185
23.2,0.185
23.2,0.185
23.2,0.185
23.2,0.185
23.2,0.185
23.2,0.185
23.2,0.185
23.2,0.185
23.2,0.185
23.2,0.185
23.1,0.185
23.1,0.185
23.1,0.185
23.1,0.185
23.1,0.180
23.1,0.180
23.1,0.180
23.1,0.180
23.1,0.180
23.1,0.180
23.1,0.180
23.1,0.180
23.1,0.180
23.1,0.180
23.1,0.180
23.1,0.180
23.1,0.180
23.1,0.180
23.1,0.180
23.1,0.180
23.1,0.180
23.1,0.180
23.1,0.180
23.1,0.180
23.1,0.180
23.1,0.180
23.1,0.180
23.1,0.180
23.1,0.180
23.1,0.180
23.1,0.180
23.1,0.180
23.1,0.180
23.1,0.180
23.1,0.180
23.1,0.180
23.1,0.180
23.2,0.180
23.2,0.180
23.2,0.180
23.2,0.175
23.2,0.175
23.2,0.175
23.2,0.175
23.2,0.175
23.2,0.175
23.2,0.175
23.2,0.175
23.2,0.175
23.2,0.175
23.2,0.175
23.2,0.175
23.2,0.175
23.2,0.175
23.2,0.175
23.2,0.175
23.2,0.175
23.2,0.175
23.2,0.175
23.2,0.175
23.2,0.175
23.2,0.175
23.2,0.175
23.2,0.175
23.2,0.175
23.2,0.175
23.2,0.175
23.2,0.175
23.2,0.175
23.2,0.175
23.2,0.175
23.2,0.175
23.2,0.175
23.2,0.175
23.2,0.175
23.2,0.175
23.2,0.170
23.3,0.170
23.3,0.170
23.3,0.170
23.3,0.170
23.3,0.170
23.3,0.170
23.3,0.170
23.3,0.170
23.3,0.170
23.3,0.170
23.3,0.170
23.3,0.170
23.3,0.170
23.3,0.170
23.3,0.170
23.3,0.170
23.3,0.170
23.3,0.170
23.2,0.170
23.2,0.170
23.2,0.170
23.2,0.170
23.2,0.170
23.2,0.170
23.2,0.170
23.2,0.170
23.2,0.170
23.2,0.170
23.2,0.170
23.2,0.170
23.1,0.170
23.1,0.170
23.1,0.170
23.1,0.170
23.1,0.170
23.1,0.170
23.1,0.165
23.1,0.165
23.1,0.165
23.1,0.165
23.1,0.165
23.1,0.165
23.1,0.165
23.1,0.165
23.1,0.165
23.0,0.165
23.0,0.165
23.0,0.165
23.0,0.165
23.0,0.165
23.1,0.165
23.1,0.165
23.1,0.165
23.1,0.165
23.1,0.165
23.1,0.165
23.1,0.165
23.1,0.165
23.1,0.165
23.1,0.165
23.1,0.165
23.1,0.165
23.1,0.165
23.1,0.165
23.1,0.165
23.1,0.165
23.1,0.165
23.1,0.165
23.1,0.165
23.1,0.165
23.1,0.165
23.1,0.165
23.1,0.165
23.1,0.165
23.1,0.165
23.1,0.160
23.1,0.160
23.1,0.160
23.1,0.160
23.1,0.160
23.1,0.160
23.1,0.160
23.1,0.160
23.1,0.160
23.1,0.160
23.1,0.160
23.1,0.160
23.1,0.160
23.1,0.160
23.1,0.160
23.1,0.160
23.1,0.160
23.1,0.160
23.0,0.160
23.0,0.160
23.0,0.160
23.0,0.160
23.0,0.160
23.0,0.160
23.0,0.160
23.0,0.160
23.0,0.160
23.0,0.160
22.9,0.160
22.9,0.160
22.9,0.160
22.9,0.160
22.9,0.160
22.9,0.160
22.9,0.160
22.9,0.160
22.9,0.160
22.8,0.160
22.8,0.160
22.8,0.160
22.8,0.160
22.8,0.160
22.8,0.155
22.8,0.155
22.8,0.155
22.8,0.155
22.8,0.155
22.8,0.155
22.8,0.155
22.8,0.155
22.8,0.155
22.8,0.155
22.7,0.155
22.7,0.155
22.7,0.155
22.7,0.155
22.7,0.155
22.7,0.155
22.7,0.155
22.7,0.155
22.7,0.155
22.7,0.155
22.7,0.155
22.7,0.155
22.7,0.155
22.7,0.155
22.7,0.155
22.7,0.155
22.7,0.155
22.6,0.155
22.6,0.155
22.6,0.155
22.6,0.155
22.6,0.155
22.6,0.155
22.5,0.155
22.5,0.155
22.5,0.155
22.5,0.155
22.5,0.155
22.5,0.155
22.5,0.155
22.5,0.155
22.5,0.150
22.5,0.150
22.5,0.150
22.4,0.150
22.4,0.150
22.4,0.150
22.4,0.150
22.4,0.150
22.4,0.150
22.4,0.150
22.3,0.150
22.2,0.150
22.2,0.150
22.1,0.150
22.0,0.150
21.9,0.150
21.8,0.150
21.7,0.150
21.6,0.150
21.6,0.150
21.5,0.150
21.4,0.150
21.3,0.150
21.2,0.150
21.1,0.150
21.0,0.150
20.9,0.150
20.8,0.150
20.7,0.150
20.6,0.150
20.5,0.150
20.4,0.150
20.3,0.150
20.2,0.150
20.1,0.150
20.0,0.150
19.9,0.150
19.8,0.150
19.7,0.150
19.6,0.150
19.5,0.150
19.5,0.150
19.4,0.150
19.3,0.150
19.2,0.150
19.1,0.150
19.0,0.145
18.9,0.145
18.8,0.145
18.7,0.145
18.6,0.145
18.5,0.145
18.4,0.145
18.4,0.145
18.3,0.145
18.2,0.145
18.1,0.145
18.1,0.145
18.0,0.145
17.9,0.145
17.8,0.145
17.7,0.145
17.6,0.145
17.5,0.145
17.4,0.145
17.4,0.145
17.3,0.145
17.2,0.145
17.1,0.145
17.1,0.145
17.0,0.145
16.9,0.145
16.8,0.145
16.7,0.145
16.6,0.145
16.5,0.145
16.4,0.145
16.4,0.145
16.3,0.145
16.2,0.145
16.1,0.145
16.1,0.145
16.0,0.145
15.9,0.145
15.9,0.145
15.8,0.145
15.8,0.145
15.7,0.145
15.6,0.145
15.5,0.145
15.4,0.145
15.4,0.145
15.3,0.145
15.2,0.145
15.1,0.145
15.0,0.145
15.0,0.145
14.9,0.145
14.8,0.140
14.7,0.140
14.7,0.140
14.6,0.140
14.5,0.140
14.4,0.140
14.3,0.140
14.3,0.140
14.2,0.140
14.1,0.140
14.1,0.140
14.0,0.140
13.9,0.140
13.8,0.140
13.8,0.140
13.7,0.140
13.6,0.140
13.5,0.140
13.5,0.140
13.4,0.140
13.3,0.140
13.3,0.140
13.2,0.140
13.2,0.140
13.1,0.140
13.0,0.140
13.0,0.140
12.9,0.140
12.8,0.140
12.8,0.140
12.7,0.140
12.6,0.140
12.6,0.140
12.5,0.140
12.4,0.140
12.4,0.140
12.3,0.140
12.2,0.140
12.2,0.140
12.1,0.140
12.0,0.140
11.9,0.140
11.9,0.140
11.8,0.140
11.7,0.140
11.6,0.140
11.6,0.140
11.5,0.140
11.5,0.140
11.4,0.140
11.4,0.140
11.3,0.140
11.2,0.140
11.2,0.140
11.1,0.140
11.0,0.140
11.0,0.135
10.9,0.135
10.8,0.135
10.8,0.135
10.7,0.135
10.7,0.135
10.6,0.135
10.5,0.135
10.5,0.135
10.4,0.135
10.3,0.135
10.3,0.135
10.2,0.135
10.1,0.135
10.1,0.135
10.0,0.135
9.9,0.135
9.8,0.135
9.8,0.135
9.7,0.135
9.6,0.135
9.5,0.135
9.5,0.135
9.4,0.135
9.3,0.135
9.3,0.135
9.2,0.135
9.1,0.135
9.1,0.135
9.0,0.135
9.0,0.135
8.9,0.135
8.8,0.135
8.8,0.135
8.7,0.135
8.7,0.135
8.6,0.135
8.5,0.135
8.5,0.135
8.4,0.135
8.3,0.135
8.3,0.135
8.2,0.135
8.1,0.135
8.0,0.135
8.0,0.135
7.9,0.135
7.9,0.135
7.8,0.135
7.8,0.135
7.7,0.135
7.6,0.135
7.6,0.135
7.5,0.135
7.4,0.135
7.4,0.135
7.3,0.135
7.2,0.135
7.2,0.130
7.1,0.130
7.0,0.130
7.0,0.130
6.9,0.130
6.9,0.130
6.8,0.130
6.8,0.130
6.7,0.130
6.7,0.130
6.6,0.130
6.5,0.130
6.4,0.130
6.4,0.130
6.3,0.130
6.2,0.130
6.2,0.130
6.1,0.130
6.1,0.130
6.0,0.130
5.9,0.130
5.9,0.130
5.8,0.130
5.7,0.130
5.7,0.130
5.6,0.130
5.5,0.130
5.5,0.130
5.4,0.130
5.4,0.130
5.3,0.130
5.2,0.130
5.1,0.130
5.1,0.130
5.0,0.130
4.9,0.130
4.9,0.130
4.8,0.130
4.8,0.130
4.7,0.130
4.6,0.130
4.6,0.130
4.5,0.130
4.4,0.130
4.4,0.130
4.3,0.130
4.2,0.130
4.2,0.130
4.1,0.130
4.0,0.130
3.9,0.130
3.9,0.130
3.8,0.130
3.7,0.130
3.7,0.130
3.6,0.130
3.5,0.130
3.5,0.130
3.4,0.130
3.4,0.130
3.3,0.125
3.2,0.125
3.2,0.125
3.1,0.125
3.0,0.125
3.0,0.125
2.9,0.125
2.8,0.125
2.7,0.125
2.7,0.125
2.6,0.125
2.5,0.125
2.5,0.125
2.4,0.125
2.3,0.125
2.3,0.125
2.2,0.125
2.2,0.125
2.1,0.125
2.0,0.125
2.0,0.125
2.0,0.125
1.9,0.125
1.8,0.125
1.8,0.125
1.7,0.125
1.7,0.125
1.6,0.125
1.5,0.125
1.4,0.125
1.4,0.125
1.3,0.125
1.3,0.125
1.3,0.125
1.2,0.125
1.2,0.125
1.1,0.125
1.0,0.125
1.0,0.125
0.9,0.125
0.8,0.125
0.8,0.125
0.7,0.125
0.7,0.125
0.6,0.125
0.6,0.125
0.5,0.125
0.5,0.125
0.5,0.125
0.4,0.125
0.4,0.125
0.3,0.125
0.3,0.125
0.3,0.125
0.3,0.125
0.2,0.125
0.2,0.125
0.2,0.125
0.1,0.120
0.1,0.120
0.1,0.120
0.0,0.120
0.0,0.120
0.0,0.120
0.0,0.120
0.0,0.120
0.0,0.120
0.0,0.120
0.0,0.120
0.1,0.120
0.1,0.120
0.1,0.120
0.1,0.120
0.1,0.120
0.1,0.120
0.1,0.120
0.1,0.120
0.1,0.120
0.1,0.120
0.1,0.120
0.0,0.120
0.0,0.120
0.0,0.120
0.0,0.120
0.0,0.120
0.0,0.120
0.0,0.120
0.1,0.120
0.1,0.120
0.1,0.120
0.1,0.120
0.1,0.120
0.1,0.120
0.1,0.120
0.1,0.120
0.1,0.120
0.1,0.120
0.0,0.120
0.0,0.120
0.0,0.120
-0.1,0.120
-0.1,0.120
0.0,0.120
0.0,0.120
0.0,0.120
0.0,0.120
0.0,0.120
0.0,0.120
0.1,0.115
0.1,0.115
0.2,0.115
0.2,0.115
0.2,0.115
0.2,0.115
0.2,0.115
0.1,0.115
0.0,0.115
0.0,0.115
0.0,0.115
0.0,0.115
-0.1,0.115
-0.1,0.115
0.0,0.115
0.0,0.115
0.0,0.115
0.0,0.115
0.1,0.115
0.1,0.115
0.1,0.115
0.1,0.115
0.2,0.115
0.2,0.115
0.2,0.115
0.2,0.115
0.2,0.115
0.2,0.115
0.0,0.115
0.0,0.115
0.0,0.115
0.0,0.115
-0.1,0.115
-0.1,0.115
-0.1,0.115
-0.1,0.115
-0.1,0.115
-0.1,0.115
0.0,0.115
0.1,0.115
0.1,0.115
0.2,0.115
0.2,0.115
0.2,0.115
0.1,0.115
0.1,0.115
0.1,0.115
0.1,0.115
0.0,0.115
0.0,0.115
0.0,0.115
0.0,0.115
-0.1,0.115
-0.1,0.115
-0.1,0.115
-0.1,0.115
-0.1,0.115
-0.1,0.115
-0.1,0.110
0.1,0.110
0.1,0.110
0.1,0.110
0.1,0.110
0.1,0.110
0.1,0.110
0.1,0.110
0.1,0.110
0.1,0.110
0.1,0.110
0.0,0.110
0.0,0.110
0.0,0.110
0.0,0.110
0.0,0.110
0.0,0.110
0.0,0.110
0.0,0.110
0.0,0.110
0.1,0.110
0.1,0.110
0.1,0.110
0.2,0.110
0.2,0.110
0.2,0.110
0.2,0.110
0.2,0.110
0.2,0.110
0.1,0.110
0.0,0.110
0.0,0.110
0.0,0.110
0.0,0.110
0.0,0.110
0.0,0.110
0.0,0.110
0.0,0.110
0.0,0.110
0.0,0.110
0.0,0.110
0.0,0.110
0.0,0.110
0.1,0.110
0.1,0.110
0.1,0.110
0.1,0.110
0.1,0.110
0.1,0.110
0.1,0.110
0.1,0.110
0.1,0.110
0.1,0.110
0.0,0.110
0.0,0.110
0.0,0.110
0.0,0.110
0.0,0.110
0.0,0.110
0.0,0.110
0.0,0.110
0.0,0.110
0.0,0.110
0.0,0.110
0.1,0.105
0.1,0.105
0.1,0.105
0.1,0.105
0.1,0.105
0.1,0.105
0.1,0.105
0.1,0.105
0.1,0.105
0.1,0.105
0.1,0.105
0.1,0.105
0.1,0.105
0.1,0.105
0.1,0.105
0.1,0.105
0.1,0.105
0.1,0.105
0.1,0.105
0.1,0.105
0.1,0.105
0.1,0.105
0.1,0.105
0.1,0.105
0.1,0.105
0.1,0.105
0.1,0.105
0.1,0.105
0.1,0.105
0.1,0.105
0.0,0.105
0.0,0.105
0.0,0.105
0.0,0.105
0.0,0.105
0.0,0.105
0.0,0.105
0.0,0.105
0.0,0.105
0.0,0.105
0.0,0.105
0.1,0.105
0.1,0.105
0.1,0.105
0.1,0.105
0.1,0.105
0.1,0.105
0.1,0.105
0.1,0.105
0.0,0.105
0.0,0.105
0.0,0.105
0.0,0.105
0.0,0.105
0.0,0.105
0.0,0.105
0.0,0.105
0.1,0.105
0.1,0.105
0.1,0.105
0.1,0.105
0.1,0.105
0.1,0.105
0.1,0.105
0.1,0.105
0.1,0.105
0.1,0.105
0.0,0.105
0.0,0.105
0.0,0.105
0.0,0.105
0.0,0.105
0.0,0.105
0.0,0.100
0.1,0.100
0.0,0.100
0.0,0.100
0.0,0.100
0.1,0.100
0.1,0.100
0.1,0.100
0.1,0.100
0.1,0.100
0.1,0.100
0.1,0.100
0.1,0.100
0.0,0.100
0.0,0.100
-0.1,0.100
-0.1,0.100
-0.1,0.100
-0.1,0.100
0.0,0.100
0.0,0.100
0.0,0.100
0.0,0.100
0.0,0.100
0.0,0.100
0.0,0.100
0.0,0.100
0.0,0.100
0.1,0.100
0.1,0.100
0.1,0.100
0.1,0.100
0.1,0.100
0.1,0.100
0.1,0.100
0.1,0.100
0.1,0.100
0.1,0.100
0.1,0.100
0.0,0.100
0.0,0.100
0.0,0.100
0.0,0.100
0.0,0.100
0.1,0.100
0.1,0.100
0.1,0.100
0.1,0.100
0.1,0.100
0.1,0.100
0.1,0.100
0.1,0.100
0.1,0.100
0.1,0.100
0.1,0.100
0.0,0.100
0.0,0.100
0.0,0.100
0.0,0.100
0.0,0.100
0.0,0.100
0.0,0.100
0.0,0.100
0.0,0.100
0.0,0.100
0.0,0.100
0.0,0.100
0.0,0.100
0.1,0.100
0.1,0.100
0.1,0.100
0.1,0.100
0.1,0.100
0.1,0.100
0.1,0.100
0.1,0.100
0.0,0.100
0.0,0.100
0.0,0.100
0.0,0.100
0.0,0.100
0.0,0.100
0.0,0.095
0.0,0.095
0.0,0.095
0.1,0.095
0.1,0.095
0.1,0.095
0.1,0.095
0.1,0.095
0.1,0.095
0.1,0.095
0.1,0.095
0.1,0.095
0.1,0.095
0.1,0.095
0.1,0.095
0.1,0.095
0.0,0.095
0.0,0.095
0.0,0.095
0.0,0.095
0.0,0.095
0.0,0.095
0.0,0.095
0.0,0.095
0.0,0.095
0.0,0.095
0.0,0.095
0.0,0.095
0.0,0.095
0.0,0.095
0.0,0.095
0.0,0.095
0.0,0.095
0.0,0.095
0.0,0.095
0.0,0.095
0.0,0.095
0.0,0.095
0.0,0.095
0.0,0.095
0.0,0.095
0.0,0.095
0.0,0.095
0.0,0.095
0.0,0.095
0.0,0.095
0.0,0.095
0.1,0.095
0.1,0.095
0.1,0.095
0.1,0.095
0.1,0.095
0.1,0.095
0.1,0.095
0.1,0.095
0.1,0.095
0.1,0.095
0.1,0.095
0.1,0.095
0.1,0.095
0.0,0.095
0.0,0.095
0.0,0.095
0.0,0.095
0.0,0.095
0.0,0.095
0.0,0.095
0.0,0.095
0.0,0.095
0.0,0.095
0.0,0.095
0.1,0.095
0.1,0.095
0.1,0.090
0.1,0.090
0.1,0.090
0.1,0.090
0.1,0.090
0.1,0.090
0.1,0.090
0.1,0.090
0.1,0.090
0.1,0.090
0.1,0.090
0.1,0.090
0.1,0.090
0.1,0.090
0.1,0.090
0.1,0.090
0.1,0.090
0.1,0.090
0.1,0.090
0.1,0.090
0.1,0.090
0.1,0.090
0.1,0.090
0.1,0.090
0.1,0.090
0.0,0.090
-0.1,0.090
0.0,0.090
0.0,0.090
0.0,0.090
0.0,0.090
0.0,0.090
0.0,0.090
0.0,0.090
0.0,0.090
0.0,0.090
0.0,0.090
0.0,0.090
0.0,0.090
0.0,0.090
0.0,0.090
0.0,0.090
0.0,0.090
0.0,0.090
0.0,0.090
0.0,0.090
0.0,0.090
0.0,0.090
0.0,0.090
0.0,0.090
0.0,0.090
0.0,0.090
0.0,0.090
0.0,0.090
0.0,0.090
0.0,0.090
0.0,0.090
0.0,0.090
0.0,0.090
0.0,0.090
0.0,0.090
0.0,0.090
0.0,0.090
0.0,0.090
0.0,0.090
0.0,0.085
0.0,0.085
0.0,0.085
0.0,0.085
0.0,0.085
0.0,0.085
0.0,0.085
0.0,0.085
0.0,0.085
0.0,0.085
0.0,0.085
0.0,0.085
0.1,0.085
0.1,0.085
0.1,0.085
0.1,0.085
0.1,0.085
0.1,0.085
0.1,0.085
0.1,0.085
0.0,0.085
0.0,0.085
0.0,0.085
0.0,0.085
0.0,0.085
0.0,0.085
0.0,0.085
0.0,0.085
0.0,0.085
0.0,0.085
0.0,0.085
0.0,0.085
0.0,0.085
0.0,0.085
0.1,0.085
0.1,0.085
0.1,0.085
0.1,0.085
0.1,0.085
0.1,0.085
0.1,0.085
0.1,0.085
0.1,0.085
0.0,0.085
0.0,0.085
0.0,0.085
0.0,0.085
0.0,0.085
0.0,0.085
0.0,0.085
0.0,0.085
0.0,0.085
0.0,0.085
0.0,0.085
0.0,0.080
0.0,0.080
0.0,0.080
0.0,0.080
0.0,0.080
0.0,0.080
0.0,0.080
0.0,0.080
0.0,0.080
0.0,0.080
0.0,0.080
0.0,0.080
0.0,0.080
0.0,0.080
0.0,0.080
0.0,0.080
0.0,0.080
0.1,0.080
0.1,0.080
0.1,0.080
0.1,0.080
0.1,0.080
0.1,0.080
0.1,0.080
0.1,0.080
0.1,0.080
0.1,0.080
0.1,0.080
0.1,0.080
0.1,0.080
0.0,0.080
0.0,0.080
0.0,0.080
0.0,0.080
0.0,0.080
0.0,0.080
0.0,0.080
0.0,0.080
0.0,0.080
0.1,0.080
0.1,0.080
0.1,0.080
0.1,0.080
0.1,0.080
0.1,0.080
0.1,0.080
0.1,0.080
0.1,0.080
0.1,0.080
0.1,0.080
0.0,0.080
0.0,0.080
0.0,0.075
0.0,0.075
0.0,0.075
0.0,0.075
0.0,0.075
0.0,0.075
0.0,0.075
0.0,0.075
0.0,0.075
0.0,0.075
0.0,0.075
0.0,0.075
0.0,0.075
0.0,0.075
0.0,0.075
0.0,0.075
0.0,0.075
0.0,0.075
0.0,0.075
0.0,0.075
0.0,0.075
0.0,0.075
0.0,0.075
0.0,0.075
0.0,0.075
0.0,0.075
0.0,0.075
0.0,0.075
0.1,0.075
0.1,0.075
0.1,0.075
0.1,0.075
0.1,0.075
0.1,0.075
0.1,0.075
0.1,0.075
0.1,0.075
0.1,0.075
0.1,0.075
0.1,0.075
0.1,0.075
0.1,0.075
0.0,0.075
0.0,0.070
0.0,0.070
0.0,0.070
0.0,0.070
0.0,0.070
0.0,0.070
0.0,0.070
0.0,0.070
0.0,0.070
0.0,0.070
0.0,0.070
0.0,0.070
0.0,0.070
0.0,0.070
0.0,0.070
0.0,0.070
0.0,0.070
0.0,0.070
0.0,0.070
0.0,0.070
0.0,0.070
0.0,0.070
0.0,0.070
0.0,0.070
0.0,0.070
0.0,0.070
0.0,0.070
0.0,0.070
0.0,0.070
0.0,0.070
0.0,0.070
0.0,0.070
0.0,0.070
0.0,0.070
0.0,0.070
0.0,0.070
0.0,0.070
0.0,0.070
0.0,0.070
0.0,0.070
0.0,0.070
0.0,0.070
0.0,0.065
0.0,0.065
0.0,0.065
0.0,0.065
0.0,0.065
0.0,0.065
0.0,0.065
0.0,0.065
0.0,0.065
0.0,0.065
0.0,0.065
0.0,0.065
0.0,0.065
0.0,0.065
0.0,0.065
0.1,0.065
0.1,0.065
0.1,0.065
0.1,0.065
0.1,0.065
0.1,0.065
0.1,0.065
0.1,0.065
0.1,0.065
0.1,0.065
0.1,0.065
0.1,0.065
0.1,0.065
0.1,0.065
0.1,0.065
0.0,0.065
0.0,0.065
0.0,0.065
0.0,0.065
0.0,0.065
0.0,0.065
0.0,0.065
0.0,0.065
0.1,0.065
0.1,0.065
0.1,0.065
0.1,0.065
0.1,0.065
0.1,0.065
0.1,0.060
0.1,0.060
0.1,0.060
0.1,0.060
0.1,0.060
0.0,0.060
0.0,0.060
0.0,0.060
0.0,0.060
0.0,0.060
0.0,0.060
0.0,0.060
0.0,0.060
0.0,0.060
0.0,0.060
0.0,0.060
0.0,0.060
0.1,0.060
0.1,0.060
0.1,0.060
0.1,0.060
0.1,0.060
0.1,0.060
0.1,0.060
0.1,0.060
0.0,0.060
0.0,0.060
0.0,0.060
0.0,0.060
0.0,0.060
0.0,0.060
0.0,0.060
0.0,0.060
0.0,0.060
0.0,0.060
0.0,0.060
0.0,0.060
0.0,0.060
0.1,0.060
0.1,0.060
0.1,0.060
0.1,0.060
0.1,0.060
0.1,0.060
0.1,0.060
0.1,0.060
0.0,0.060
0.0,0.060
0.0,0.060
0.0,0.060
0.0,0.060
0.0,0.055
0.0,0.055
0.0,0.055
0.0,0.055
0.0,0.055
0.0,0.055
0.0,0.055
0.0,0.055
0.0,0.055
0.0,0.055
0.0,0.055
0.0,0.055
0.0,0.055
0.0,0.055
0.0,0.055
0.0,0.055
0.0,0.055
0.0,0.055
0.0,0.055
0.0,0.055
0.0,0.055
0.0,0.055
0.0,0.055
0.0,0.055
0.0,0.055
0.0,0.055
0.0,0.055
0.0,0.055
0.0,0.055
0.0,0.055
0.0,0.055
0.0,0.055
0.0,0.055
0.0,0.055
0.0,0.055
0.0,0.055
0.0,0.055
0.0,0.055
0.1,0.055
0.1,0.055
0.1,0.055
0.1,0.055
0.1,0.055
0.1,0.055
0.1,0.055
0.1,0.055
0.1,0.055
0.1,0.055
0.1,0.050
0.1,0.050
0.1,0.050
0.1,0.050
0.0,0.050
0.0,0.050
0.0,0.050
0.0,0.050
0.0,0.050
0.0,0.050
0.0,0.050
0.0,0.050
0.0,0.050
0.0,0.050
0.0,0.050
0.0,0.050
0.0,0.050
0.0,0.050
0.0,0.050
0.0,0.050
0.0,0.050
0.0,0.050
0.0,0.050
0.0,0.050
0.0,0.050
0.0,0.050
0.0,0.050
0.0,0.050
0.0,0.050
0.0,0.050
0.0,0.050
0.0,0.050
0.0,0.050
0.0,0.050
0.0,0.050
0.0,0.050
0.0,0.050
0.0,0.050
0.0,0.050
0.0,0.050
0.0,0.050
0.0,0.050
0.0,0.050
0.0,0.050
0.0,0.050
0.0,0.050
0.0,0.050
0.0,0.050
0.0,0.050
0.0,0.050
0.1,0.045
0.1,0.045
0.1,0.045
0.1,0.045
0.1,0.045
0.1,0.045
0.1,0.045
0.1,0.045
0.1,0.045
0.1,0.045
0.1,0.045
0.1,0.045
0.1,0.045
0.0,0.045
0.0,0.045
0.0,0.045
0.0,0.045
0.0,0.045
0.0,0.045
0.1,0.045
0.1,0.045
0.1,0.045
0.1,0.045
0.1,0.045
0.1,0.045
0.1,0.045
0.1,0.045
0.1,0.045
0.1,0.045
0.1,0.045
0.1,0.045
0.0,0.045
0.0,0.045
0.0,0.045
0.0,0.045
0.0,0.045
0.0,0.045
0.0,0.045
0.0,0.045
0.0,0.045
0.0,0.045
0.0,0.045
0.0,0.045
0.0,0.045
0.1,0.045
0.1,0.045
0.1,0.045
0.1,0.045
0.0,0.040
0.0,0.040
0.0,0.040
0.0,0.040
0.0,0.040
0.0,0.040
0.0,0.040
0.0,0.040
0.0,0.040
0.0,0.040
0.0,0.040
0.0,0.040
0.0,0.040
0.0,0.040
0.1,0.040
0.1,0.040
0.1,0.040
0.1,0.040
0.1,0.040
0.1,0.040
0.1,0.040
0.1,0.040
0.1,0.040
0.1,0.040
0.1,0.040
0.1,0.040
0.0,0.040
0.0,0.040
0.0,0.040
0.0,0.040
0.0,0.040
0.0,0.040
0.0,0.040
0.0,0.040
0.0,0.040
0.0,0.040
0.0,0.040
0.1,0.040
0.1,0.040
0.1,0.040
0.1,0.040
0.1,0.040
0.1,0.035
0.1,0.035
0.1,0.035
0.1,0.035
0.1,0.035
0.1,0.035
0.1,0.035
0.1,0.035
0.1,0.035
0.1,0.035
0.0,0.035
0.0,0.035
0.0,0.035
0.0,0.035
0.0,0.035
0.0,0.035
0.0,0.035
0.0,0.035
0.0,0.035
0.0,0.035
0.0,0.035
0.0,0.035
0.0,0.035
0.0,0.035
0.0,0.035
0.0,0.035
0.0,0.035
0.0,0.035
0.0,0.035
0.0,0.035
0.0,0.035
0.0,0.035
0.0,0.035
0.0,0.035
0.0,0.035
0.0,0.035
0.0,0.035
0.0,0.035
0.0,0.035
0.0,0.035
0.0,0.035
0.1,0.035
0.1,0.035
0.1,0.035
0.1,0.035
0.1,0.035
0.1,0.030
0.1,0.030
0.1,0.030
0.1,0.030
0.1,0.030
0.1,0.030
0.1,0.030
0.1,0.030
0.1,0.030
0.1,0.030
0.1,0.030
0.1,0.030
0.1,0.030
0.1,0.030
0.1,0.030
0.1,0.030
0.1,0.030
0.1,0.030
0.1,0.030
0.1,0.030
0.1,0.030
0.1,0.030
0.1,0.030
0.1,0.030
0.1,0.030
0.1,0.030
0.1,0.030
0.1,0.030
0.1,0.030
0.1,0.030
0.1,0.030
0.1,0.030
0.1,0.030
0.1,0.030
0.1,0.030
0.1,0.030
0.1,0.030
0.1,0.030
0.1,0.030
0.1,0.030
0.0,0.030
0.0,0.030
0.0,0.030
0.0,0.030
0.0,0.030
0.0,0.030
0.0,0.030
0.0,0.030
0.0,0.025
0.0,0.025
0.0,0.025
0.0,0.025
0.0,0.025
0.0,0.025
0.0,0.025
0.1,0.025
0.1,0.025
0.1,0.025
0.1,0.025
0.1,0.025
0.1,0.025
0.1,0.025
0.1,0.025
0.1,0.025
0.0,0.025
0.0,0.025
0.0,0.025
0.0,0.025
0.0,0.025
0.0,0.025
0.0,0.025
0.0,0.025
0.0,0.025
0.0,0.025
0.0,0.025
0.0,0.025
0.0,0.025
0.0,0.025
0.0,0.025
0.0,0.025
0.0,0.025
0.0,0.025
0.0,0.025
0.0,0.025
0.0,0.025
0.0,0.025
0.0,0.025
0.0,0.025
0.0,0.025
0.0,0.025
0.0,0.025
0.0,0.025
0.0,0.025
0.0,0.025
0.0,0.025
0.0,0.025
0.0,0.025
0.0,0.025
0.0,0.025
0.0,0.025
0.0,0.025
0.0,0.020
0.0,0.020
0.0,0.020
0.0,0.020
0.0,0.020
0.0,0.020
0.0,0.020
0.0,0.020
0.0,0.020
0.0,0.020
0.0,0.020
0.0,0.020
0.0,0.020
0.0,0.020
0.0,0.020
0.0,0.020
0.0,0.020
0.0,0.020
0.0,0.020
0.0,0.020
0.0,0.020
0.0,0.020
0.0,0.020
0.0,0.020
0.0,0.020
0.0,0.020
0.0,0.020
0.0,0.020
0.0,0.020
0.0,0.020
0.0,0.020
0.0,0.020
0.0,0.020
0.1,0.020
0.1,0.020
0.1,0.020
0.1,0.020
0.1,0.020
0.1,0.020
0.1,0.020
0.1,0.020
0.0,0.020
0.0,0.020
0.0,0.020
0.0,0.020
0.0,0.020
0.0,0.020
0.0,0.020
0.0,0.020
0.0,0.020
0.0,0.020
0.0,0.020
0.0,0.020
0.0,0.020
0.0,0.020
0.1,0.020
0.1,0.020
0.1,0.020
0.1,0.015
0.1,0.015
0.1,0.015
0.1,0.015
0.0,0.015
0.0,0.015
0.0,0.015
0.0,0.015
0.0,0.015
0.0,0.015
0.0,0.015
0.0,0.015
0.0,0.015
0.0,0.015
0.0,0.015
0.0,0.015
0.0,0.015
0.1,0.015
0.1,0.015
0.1,0.015
0.1,0.015
0.1,0.015
0.1,0.015
0.1,0.015
0.1,0.015
0.1,0.015
0.1,0.015
0.0,0.015
0.0,0.015
0.0,0.015
0.0,0.015
0.0,0.015
0.0,0.015
0.0,0.015
0.0,0.015
0.0,0.015
0.1,0.015
0.1,0.015
0.1,0.015
0.1,0.015
0.1,0.015
0.1,0.015
0.1,0.015
0.1,0.015
0.1,0.015
0.1,0.015
0.0,0.015
0.0,0.015
0.0,0.015
0.0,0.015
0.0,0.015
0.0,0.015
0.0,0.015
0.0,0.015
0.0,0.015
0.0,0.015
0.0,0.015
0.0,0.015
0.0,0.015
0.1,0.015
0.1,0.015
0.1,0.015
0.1,0.015
0.1,0.015
0.1,0.015
0.1,0.015
0.0,0.015
0.0,0.015
0.0,0.015
0.0,0.010
0.0,0.010
0.0,0.010
0.0,0.010
0.0,0.010
0.0,0.010
0.0,0.010
0.0,0.010
0.0,0.010
0.0,0.010
0.0,0.010
0.0,0.010
0.0,0.010
0.0,0.010
0.0,0.010
0.0,0.010
0.0,0.010
0.0,0.010
0.0,0.010
0.0,0.010
0.0,0.010
0.0,0.010
0.0,0.010
0.0,0.010
0.0,0.010
0.0,0.010
0.0,0.010
0.0,0.010
0.0,0.010
0.0,0.010
0.0,0.010
0.0,0.010
0.0,0.010
0.0,0.010
0.0,0.010
0.0,0.010
0.0,0.010
0.0,0.010
0.0,0.010
0.0,0.010
0.0,0.010
0.0,0.010
0.0,0.010
0.0,0.010
0.0,0.010
0.0,0.010
0.0,0.010
0.0,0.010
0.0,0.010
0.0,0.010
0.1,0.010
0.1,0.010
0.1,0.010
0.1,0.010
0.1,0.010
0.1,0.010
0.1,0.010
0.1,0.010
0.1,0.010
0.0,0.010
0.0,0.010
0.0,0.010
0.0,0.010
0.0,0.010
0.0,0.010
0.0,0.010
0.0,0.010
0.0,0.010
0.0,0.010
0.0,0.010
0.0,0.010
0.0,0.010
0.0,0.010
0.0,0.010
0.0,0.010
0.0,0.010
0.0,0.010
0.0,0.005
0.0,0.005
0.0,0.005
0.0,0.005
0.0,0.005
0.0,0.005
0.0,0.005
0.0,0.005
0.0,0.005
0.0,0.005
0.0,0.005
0.0,0.005
0.0,0.005
0.0,0.005
0.0,0.005
0.0,0.005
0.0,0.005
0.0,0.005
0.0,0.005
0.0,0.005
0.0,0.005
0.0,0.005
0.0,0.005
0.0,0.005
0.0,0.005
0.0,0.005
0.0,0.005
0.0,0.005
0.0,0.005
0.1,0.005
0.1,0.005
0.1,0.005
0.1,0.005
0.1,0.005
0.1,0.005
0.1,0.005
0.1,0.005
0.1,0.005
0.0,0.005
0.0,0.005
0.0,0.005
0.0,0.005
0.0,0.005
0.0,0.005
0.0,0.005
0.0,0.005
0.0,0.005
0.0,0.005
0.0,0.005
0.0,0.005
0.0,0.005
0.0,0.005
0.0,0.005
0.0,0.005
0.0,0.005
0.0,0.005
0.0,0.005
0.0,0.005
0.0,0.005
0.0,0.005
0.0,0.005
0.0,0.005
0.0,0.005
0.0,0.005
0.0,0.005
0.0,0.005
0.0,0.005
0.0,0.005
0.0,0.005
0.0,0.005
0.0,0.005
0.0,0.005
0.0,0.005
0.0,0.005
0.0,0.005
0.0,0.005
0.1,0.005
0.1,0.000
0.1,0.000
0.0,0.000
0.0,0.000
0.0,0.000
0.0,0.000
0.0,0.000
0.0,0.000
0.0,0.000
0.0,0.000
0.0,0.000
0.0,0.000
0.0,0.000
0.0,0.000
0.0,0.000
0.0,0.000
0.0,0.000
0.0,0.000
0.0,0.000
0.0,0.000
0.0,0.000
0.0,0.000
0.0,0.000
0.0,0.000
0.0,0.000
0.0,0.000
0.0,0.000
0.0,0.000
0.0,0.000
0.0,0.000
0.0,0.000
0.0,0.000
0.0,0.000
0.0,0.000
0.0,0.000
0.0,0.000
0.0,0.000
0.0,0.000
0.0,0.000
0.0,0.000
0.0,0.000
0.0,0.000
0.0,0.000
0.0,0.000
0.0,0.000
0.0,0.000
0.0,0.000
0.0,0.000
0.0,0.000
0.0,0.000
0.0,0.000
0.0,0.000
0.0,0.000
0.1,0.000
0.1,0.000
0.1,0.000
0.1,0.000
0.1,0.000
0.1,0.000
0.1,0.000
0.1,0.000
0.1,0.000
0.1,0.000
0.1,0.000
0.1,0.000
0.1,0.000
0.0,0.000
0.0,0.000
0.0,0.000
0.0,0.000
0.0,0.000
0.0,0.000
0.0,0.000
0.0,0.000
0.0,-0.005
0.0,-0.005
0.0,-0.005
0.0,-0.005
0.0,-0.005
0.0,-0.005
0.0,-0.005
0.0,-0.005
0.0,-0.005
0.0,-0.005
0.0,-0.005
0.0,-0.005
0.0,-0.005
0.0,-0.005
0.0,-0.005
0.0,-0.005
0.0,-0.005
0.0,-0.005
0.0,-0.005
0.0,-0.005
0.0,-0.005
0.0,-0.005
0.0,-0.005
0.0,-0.005
0.0,-0.005
0.0,-0.005
0.0,-0.005
0.0,-0.005
0.0,-0.005
0.0,-0.005
0.1,-0.005
0.1,-0.005
0.1,-0.005
0.1,-0.005
0.1,-0.005
0.1,-0.005
0.1,-0.005
0.1,-0.005
0.1,-0.005
0.1,-0.005
0.0,-0.005
0.0,-0.005
0.0,-0.005
-0.1,-0.005
0.0,-0.005
0.0,-0.005
0.0,-0.005
0.0,-0.005
0.0,-0.005
0.0,-0.005
0.0,-0.005
0.0,-0.005
0.0,-0.005
0.0,-0.005
0.0,-0.005
0.1,-0.005
0.1,-0.005
0.1,-0.005
0.1,-0.005
0.1,-0.005
0.1,-0.005
0.0,-0.005
0.0,-0.005
0.0,-0.005
0.0,-0.005
0.0,-0.005
0.0,-0.005
0.0,-0.005
0.0,-0.005
0.0,-0.005
0.1,-0.005
0.1,-0.005
0.1,-0.005
0.1,-0.005
0.1,-0.005
0.1,-0.005
0.1,-0.010
0.1,-0.010
0.1,-0.010
0.1,-0.010
0.1,-0.010
0.1,-0.010
0.1,-0.010
0.0,-0.010
0.0,-0.010
0.0,-0.010
0.0,-0.010
0.0,-0.010
0.0,-0.010
0.0,-0.010
0.0,-0.010
0.0,-0.010
0.0,-0.010
0.0,-0.010
0.0,-0.010
0.0,-0.010
0.0,-0.010
0.0,-0.010
0.0,-0.010
0.0,-0.010
0.0,-0.010
0.0,-0.010
0.0,-0.010
0.0,-0.010
-0.1,-0.010
-0.1,-0.010
-0.1,-0.010
-0.1,-0.010
-0.1,-0.010
-0.1,-0.010
-0.1,-0.010
0.0,-0.010
0.0,-0.010
0.1,-0.010
0.1,-0.010
0.1,-0.010
0.1,-0.010
0.1,-0.010
0.1,-0.010
0.1,-0.010
0.1,-0.010
0.1,-0.010
0.0,-0.010
0.1,-0.010
0.1,-0.010
0.0,-0.010
0.0,-0.010
0.0,-0.010
0.0,-0.010
0.0,-0.010
0.0,-0.010
0.0,-0.010
0.0,-0.010
0.0,-0.010
0.0,-0.010
0.1,-0.010
0.0,-0.010
0.0,-0.010
0.0,-0.010
0.0,-0.010
0.0,-0.010
0.0,-0.010
0.0,-0.010
0.0,-0.010
0.0,-0.010
0.0,-0.010
0.0,-0.010
0.0,-0.010
0.0,-0.010
0.0,-0.010
0.0,-0.010
0.0,-0.010
0.0,-0.010
0.0,-0.010
0.0,-0.010
0.0,-0.010
0.0,-0.010
0.0,-0.010
0.0,-0.010
0.0,-0.010
0.0,-0.010
0.0,-0.010
0.0,-0.015
0.0,-0.015
0.0,-0.015
0.0,-0.015
0.0,-0.015
0.0,-0.015
0.0,-0.015
0.0,-0.015
0.0,-0.015
0.0,-0.015
0.0,-0.015
0.0,-0.015
0.0,-0.015
0.0,-0.015
0.0,-0.015
0.0,-0.015
0.0,-0.015
0.0,-0.015
0.0,-0.015
0.0,-0.015
0.0,-0.015
0.0,-0.015
0.0,-0.015
0.0,-0.015
0.0,-0.015
0.0,-0.015
0.0,-0.015
0.0,-0.015
0.0,-0.015
0.0,-0.015
0.0,-0.015
0.0,-0.015
0.0,-0.015
0.0,-0.015
0.0,-0.015
0.0,-0.015
0.0,-0.015
0.0,-0.015
0.0,-0.015
0.0,-0.015
0.0,-0.015
0.0,-0.015
0.0,-0.015
0.0,-0.015
0.0,-0.015
0.0,-0.015
0.0,-0.015
0.0,-0.015
0.0,-0.015
0.0,-0.015
0.0,-0.015
0.0,-0.015
0.0,-0.015
0.0,-0.015
0.0,-0.015
0.0,-0.015
0.0,-0.015
0.0,-0.015
0.0,-0.015
0.0,-0.015
0.0,-0.015
0.0,-0.015
0.0,-0.015
0.0,-0.015
0.0,-0.015
0.0,-0.015
0.0,-0.015
0.0,-0.015
0.0,-0.015
0.0,-0.015
0.0,-0.015
0.0,-0.015
0.0,-0.015
0.0,-0.015
0.0,-0.015
0.0,-0.015
0.0,-0.015
0.0,-0.015
0.0,-0.015
0.0,-0.015
0.0,-0.015
0.0,-0.015
0.0,-0.015
0.0,-0.015
0.0,-0.015
0.0,-0.015
0.0,-0.015
0.0,-0.015
0.0,-0.015
0.0,-0.015
0.0,-0.015
0.0,-0.015
0.0,-0.015
0.0,-0.015
0.0,-0.015
0.0,-0.015
0.0,-0.015
0.0,-0.015
0.0,-0.015
0.0,-0.015
0.0,-0.015
0.0,-0.020
0.0,-0.020
0.0,-0.020
0.0,-0.020
0.0,-0.020
0.0,-0.020
0.0,-0.020
0.0,-0.020
0.0,-0.020
0.0,-0.020
0.0,-0.020
0.0,-0.020
0.0,-0.020
0.0,-0.020
0.0,-0.020
0.0,-0.020
0.0,-0.020
0.0,-0.020
0.0,-0.020
0.0,-0.020
0.0,-0.020
0.0,-0.020
0.0,-0.020
0.0,-0.020
0.0,-0.020
0.0,-0.020
0.0,-0.020
0.0,-0.020
0.0,-0.020
0.0,-0.020
0.0,-0.020
0.0,-0.020
0.0,-0.020
0.0,-0.020
0.0,-0.020
0.0,-0.020
0.0,-0.020
0.0,-0.020
0.0,-0.020
0.0,-0.020
0.0,-0.020
0.0,-0.020
0.0,-0.020
0.0,-0.020
0.0,-0.020
0.0,-0.020
0.0,-0.020
0.0,-0.020
0.0,-0.020
0.0,-0.020
0.0,-0.020
0.0,-0.020
0.0,-0.020
0.0,-0.020
0.0,-0.020
0.0,-0.020
0.0,-0.020
0.0,-0.020
0.0,-0.020
0.0,-0.020
0.0,-0.020
0.0,-0.020
0.0,-0.020
0.0,-0.020
0.0,-0.020
0.0,-0.020
0.0,-0.020
0.0,-0.020
0.0,-0.020
0.0,-0.020
0.0,-0.020
0.0,-0.020
0.0,-0.020
0.0,-0.020
0.0,-0.020
0.0,-0.020
0.0,-0.020
0.0,-0.020
0.0,-0.020
0.0,-0.020
0.0,-0.020
0.0,-0.020
0.0,-0.020
0.0,-0.020
0.0,-0.020
0.0,-0.020
0.0,-0.020
0.0,-0.020
0.0,-0.020
0.0,-0.020
0.0,-0.020
0.0,-0.020
0.0,-0.020
0.0,-0.020
0.0,-0.020
0.0,-0.020
0.0,-0.020
0.0,-0.020
0.1,-0.020
0.1,-0.020
0.1,-0.020
0.1,-0.020
0.1,-0.020
0.1,-0.020
0.1,-0.020
0.1,-0.020
0.1,-0.020
0.1,-0.020
0.1,-0.020
0.1,-0.020
0.1,-0.020
0.1,-0.020
0.1,-0.020
0.1,-0.020
0.1,-0.020
0.1,-0.020
0.1,-0.020
0.1,-0.020
0.1,-0.020
0.1,-0.020
0.1,-0.020
0.1,-0.020
0.1,-0.020
0.1,-0.020
0.1,-0.020
0.1,-0.020
0.1,-0.020
0.1,-0.020
0.0,-0.020
0.0,-0.020
0.0,-0.020
0.0,-0.025
0.0,-0.025
0.0,-0.025
0.0,-0.025
0.0,-0.025
0.0,-0.025
0.0,-0.025
0.0,-0.025
0.0,-0.025
0.0,-0.025
0.0,-0.025
0.0,-0.025
0.0,-0.025
0.0,-0.025
0.0,-0.025
0.0,-0.025
0.0,-0.025
0.0,-0.025
0.0,-0.025
0.0,-0.025
0.0,-0.025
0.0,-0.025
0.0,-0.025
0.0,-0.025
0.0,-0.025
0.0,-0.025
0.0,-0.025
0.0,-0.025
0.0,-0.025
0.0,-0.025
0.0,-0.025
0.1,-0.025
0.1,-0.025
0.1,-0.025
0.1,-0.025
0.1,-0.025
0.1,-0.025
0.1,-0.025
0.1,-0.025
0.0,-0.025
0.0,-0.025
0.0,-0.025
0.0,-0.025
0.0,-0.025
0.0,-0.025
0.0,-0.025
0.0,-0.025
0.0,-0.025
0.0,-0.025
0.1,-0.025
0.1,-0.025
0.1,-0.025
0.1,-0.025
0.1,-0.025
0.1,-0.025
0.1,-0.025
0.1,-0.025
0.1,-0.025
0.0,-0.025
0.0,-0.025
0.0,-0.025
0.0,-0.025
0.0,-0.025
0.0,-0.025
0.0,-0.025
0.0,-0.025
0.0,-0.025
0.0,-0.025
0.0,-0.025
0.0,-0.025
0.0,-0.025
0.0,-0.025
0.0,-0.025
0.0,-0.025
0.0,-0.025
0.0,-0.025
0.0,-0.025
0.0,-0.025
0.0,-0.025
0.0,-0.025
0.0,-0.025
0.0,-0.025
0.0,-0.025
0.0,-0.025
0.0,-0.025
0.0,-0.025
0.0,-0.025
0.0,-0.025
0.0,-0.025
0.0,-0.025
0.0,-0.025
0.0,-0.025
0.0,-0.025
0.0,-0.025
0.0,-0.025
0.0,-0.025
0.0,-0.025
0.0,-0.025
0.0,-0.025
0.0,-0.025
0.0,-0.025
0.0,-0.025
0.0,-0.025
0.0,-0.025
0.0,-0.025
0.0,-0.025
0.0,-0.025
0.1,-0.025
0.1,-0.025
0.1,-0.025
0.1,-0.025
0.1,-0.025
0.1,-0.025
0.1,-0.025
0.1,-0.025
0.0,-0.025
0.0,-0.025
0.0,-0.025
0.0,-0.025
0.0,-0.025
0.0,-0.025
0.0,-0.025
0.0,-0.025
0.0,-0.025
0.0,-0.025
0.0,-0.025
0.0,-0.025
0.0,-0.025
0.0,-0.025
0.0,-0.025
0.0,-0.025
0.0,-0.025
0.0,-0.025
0.0,-0.025
0.0,-0.025
0.0,-0.025
0.0,-0.025
0.0,-0.025
0.0,-0.025
0.0,-0.025
0.0,-0.025
0.0,-0.025
0.0,-0.025
0.0,-0.025
0.0,-0.025
0.0,-0.025
0.0,-0.025
0.0,-0.025
0.0,-0.025
0.0,-0.025
0.1,-0.025
0.1,-0.025
0.1,-0.025
0.1,-0.025
0.1,-0.025
0.0,-0.025
0.0,-0.025
0.0,-0.025
0.0,-0.025
0.0,-0.025
0.0,-0.025
0.0,-0.025
0.0,-0.025
0.0,-0.025
0.0,-0.025
0.0,-0.025
0.1,-0.025
0.1,-0.025
0.1,-0.025
0.1,-0.025
0.1,-0.025
0.1,-0.025
0.1,-0.025
0.1,-0.025
0.0,-0.025
0.0,-0.025
0.0,-0.025
0.0,-0.025
0.0,-0.025
0.0,-0.025
0.0,-0.025
0.0,-0.025
0.0,-0.025
0.0,-0.025
0.0,-0.025
0.0,-0.025
0.0,-0.025
0.0,-0.025
0.0,-0.025
0.0,-0.025
0.0,-0.025
0.0,-0.025
0.0,-0.025
0.0,-0.025
0.0,-0.025
0.0,-0.025
0.0,-0.025
0.0,-0.025
0.0,-0.025
0.0,-0.025
0.0,-0.025
0.0,-0.025
0.0,-0.025
0.0,-0.025
0.0,-0.025
0.0,-0.025
0.0,-0.025
0.0,-0.025
0.0,-0.025
0.0,-0.025
0.1,-0.025
0.1,-0.025
0.1,-0.025
0.1,-0.025
0.1,-0.025
0.1,-0.025
0.1,-0.025
0.1,-0.025
0.1,-0.025
0.1,-0.025
0.0,-0.025
0.0,-0.025
0.0,-0.025
0.0,-0.025
0.0,-0.025
0.0,-0.025
0.0,-0.025
0.0,-0.025
0.0,-0.025
0.0,-0.025
0.0,-0.025
0.0,-0.025
0.0,-0.025
0.0,-0.025
0.0,-0.025
0.0,-0.025
0.0,-0.025
0.0,-0.025
0.0,-0.025
0.0,-0.025
0.0,-0.025
0.0,-0.025
0.0,-0.025
0.0,-0.025
0.0,-0.025
0.0,-0.025
0.0,-0.025
0.0,-0.025
0.0,-0.025
0.0,-0.025
0.0,-0.025
0.0,-0.025
0.0,-0.025
0.0,-0.025
0.0,-0.025
0.0,-0.025
0.0,-0.025
0.0,-0.025
0.0,-0.025
0.0,-0.025
0.0,-0.025
0.0,-0.025
0.0,-0.025
0.0,-0.025
0.0,-0.025
0.0,-0.025
0.0,-0.025
0.0,-0.025
0.0,-0.025
0.0,-0.025
0.0,-0.025
0.0,-0.025
0.0,-0.025
0.0,-0.025
0.0,-0.025
0.0,-0.025
0.0,-0.025
0.0,-0.025
0.0,-0.025
0.0,-0.025
0.0,-0.025
0.0,-0.025
0.0,-0.025
0.0,-0.025
0.0,-0.025
0.0,-0.025
0.0,-0.025
0.0,-0.025
0.0,-0.025
0.0,-0.025
0.0,-0.025
0.0,-0.025
0.0,-0.025
0.0,-0.025
0.0,-0.025
0.0,-0.025
0.0,-0.025
0.0,-0.025
0.0,-0.025
0.0,-0.025
0.0,-0.025
0.0,-0.025
0.0,-0.025
0.1,-0.025
0.1,-0.025
0.1,-0.025
0.1,-0.025
0.1,-0.025
0.1,-0.025
0.1,-0.025
0.1,-0.025
0.1,-0.025
0.1,-0.025
0.0,-0.025
0.0,-0.025
0.0,-0.025
0.0,-0.025
0.0,-0.025
0.0,-0.025
0.0,-0.025
0.0,-0.025
0.0,-0.025
0.0,-0.025
0.0,-0.025
0.0,-0.025
0.0,-0.025
0.0,-0.025
0.0,-0.025
0.1,-0.025
0.1,-0.025
0.1,-0.025
0.1,-0.025
0.0,-0.025
0.0,-0.025
0.0,-0.025
0.0,-0.025
0.0,-0.025
0.0,-0.025
0.0,-0.025
0.0,-0.025
0.0,-0.025
0.0,-0.025
0.0,-0.025
0.0,-0.025
0.0,-0.025
0.0,-0.025
0.0,-0.025
0.0,-0.025
0.0,-0.025
0.0,-0.025
0.0,-0.025
0.0,-0.025
0.0,-0.025
0.0,-0.025
0.0,-0.025
0.0,-0.025
0.0,-0.025
0.0,-0.025
0.0,-0.025
0.0,-0.025
0.0,-0.025
0.0,-0.025
0.0,-0.025
0.0,-0.025
0.0,-0.025
0.0,-0.025
0.1,-0.025
0.1,-0.025
0.1,-0.025
0.1,-0.025
0.1,-0.025
0.1,-0.025
0.1,-0.025
0.1,-0.025
0.1,-0.025
0.0,-0.025
0.0,-0.025
0.0,-0.025
0.0,-0.025
0.0,-0.025
0.0,-0.025
0.0,-0.025
0.0,-0.025
0.0,-0.025
0.0,-0.025
0.0,-0.025
0.0,-0.025
0.0,-0.025
0.0,-0.025
0.0,-0.025
0.0,-0.025
0.0,-0.025
0.0,-0.025
0.0,-0.025
0.0,-0.025
0.0,-0.025
0.0,-0.025
0.0,-0.025
0.0,-0.025
0.0,-0.025
0.0,-0.025
0.0,-0.025
0.0,-0.025
0.0,-0.025
0.0,-0.025
0.0,-0.025
0.0,-0.025
0.0,-0.025
0.0,-0.025
0.0,-0.025
0.0,-0.025
0.0,-0.025
0.0,-0.025
0.0,-0.025
0.0,-0.025
0.0,-0.025
0.0,-0.025
0.0,-0.025
0.1,-0.025
0.1,-0.025
0.1,-0.025
0.1,-0.025
0.0,-0.025
0.0,-0.025
0.0,-0.025
0.0,-0.025
0.0,-0.025
0.0,-0.025
0.0,-0.025
0.0,-0.025
0.0,-0.025
0.0,-0.025
0.0,-0.025
0.0,-0.025
0.0,-0.025
0.0,-0.025
0.0,-0.025
0.0,-0.025
0.0,-0.025
0.0,-0.025
0.0,-0.025
0.0,-0.025
0.0,-0.025
0.0,-0.025
0.0,-0.025
0.0,-0.025
0.0,-0.025
0.0,-0.025
0.0,-0.025
0.0,-0.025
0.0,-0.025
0.0,-0.025
0.0,-0.025
0.0,-0.025
0.0,-0.025
0.0,-0.025
0.0,-0.025
0.0,-0.025
0.0,-0.025
0.0,-0.025
0.0,-0.025
0.0,-0.025
0.0,-0.025
0.0,-0.025
0.0,-0.025
0.0,-0.025
0.0,-0.025
0.0,-0.025
0.0,-0.025
0.0,-0.025
0.0,-0.025
0.0,-0.025
0.0,-0.025
0.0,-0.025
0.0,-0.025
0.0,-0.025
0.0,-0.025
0.0,-0.025
0.0,-0.025
0.1,-0.025
0.0,-0.025
0.0,-0.025
0.1,-0.025
0.1,-0.025
0.1,-0.025
0.1,-0.025
0.1,-0.025
0.1,-0.025
0.0,-0.025
0.0,-0.025
0.0,-0.025
0.0,-0.025
0.0,-0.025
0.0,-0.025
0.0,-0.025
0.0,-0.025
0.0,-0.025
0.0,-0.025
0.0,-0.025
0.0,-0.025
0.0,-0.025
0.0,-0.025
0.0,-0.025
0.0,-0.025
0.0,-0.025
0.0,-0.025
0.0,-0.025
0.0,-0.025
0.0,-0.025
0.0,-0.025
0.0,-0.025
0.0,-0.025
0.0,-0.025
0.0,-0.025
0.0,-0.025
0.0,-0.025
0.0,-0.025
0.0,-0.025
0.0,-0.025
0.0,-0.025
0.0,-0.025
0.0,-0.025
0.0,-0.025
0.0,-0.025
0.0,-0.025
0.0,-0.025
0.0,-0.025
0.0,-0.025
0.0,-0.025
0.0,-0.025
0.0,-0.025
0.0,-0.025
0.0,-0.025
0.0,-0.025
0.0,-0.025
0.0,-0.025
0.0,-0.025
0.0,-0.025
0.0,-0.025
0.0,-0.025
0.1,-0.025
0.1,-0.025
0.1,-0.025
0.1,-0.025
0.1,-0.025
0.1,-0.025
0.1,-0.025
0.1,-0.025
0.1,-0.025
0.1,-0.025
0.1,-0.025
0.1,-0.025
0.1,-0.025
0.1,-0.025
0.0,-0.025
0.0,-0.025
0.0,-0.025
0.0,-0.025
0.0,-0.025
0.0,-0.025
0.0,-0.025
0.0,-0.025
0.0,-0.025
0.0,-0.025
0.0,-0.025
0.0,-0.025
0.0,-0.025
0.0,-0.025
0.0,-0.025
0.0,-0.025
0.0,-0.025
0.0,-0.025
0.0,-0.025
0.0,-0.025
0.0,-0.025
0.0,-0.025
0.0,-0.025
0.0,-0.025
0.0,-0.025
0.0,-0.025
0.0,-0.025
0.0,-0.025
0.0,-0.025
0.0,-0.025
0.0,-0.025
0.0,-0.025
0.0,-0.025
0.0,-0.025
0.0,-0.025
0.0,-0.025
0.0,-0.025
0.1,-0.025
0.1,-0.025
0.1,-0.025
0.1,-0.025
0.1,-0.025
0.1,-0.025
0.0,-0.025
0.0,-0.025
0.0,-0.025
0.0,-0.025
0.0,-0.025
0.0,-0.025
0.0,-0.025
0.0,-0.025
0.0,-0.025
0.0,-0.025
0.0,-0.025
0.0,-0.025
0.0,-0.025
0.0,-0.025
0.0,-0.025
0.0,-0.025
0.0,-0.025
0.0,-0.025
0.0,-0.025
0.0,-0.025
0.0,-0.025
0.0,-0.025
0.0,-0.025
0.0,-0.025
0.0,-0.025
0.0,-0.025
0.0,-0.025
0.0,-0.025
0.0,-0.025
0.0,-0.025
0.0,-0.025
0.0,-0.025
0.0,-0.025
0.0,-0.025
0.0,-0.025
0.0,-0.025
0.0,-0.025
0.0,-0.025
0.0,-0.025
0.0,-0.025
0.0,-0.025
0.0,-0.025
0.0,-0.025
0.0,-0.025
0.0,-0.025
0.0,-0.025
0.0,-0.025
0.0,-0.025
0.0,-0.025
0.0,-0.025
0.0,-0.025
0.0,-0.025
0.0,-0.025
0.0,-0.025
0.0,-0.025
0.0,-0.025
0.0,-0.025
0.1,-0.025
0.1,-0.025
0.1,-0.025
0.1,-0.025
0.1,-0.025
0.1,-0.025
0.1,-0.025
0.1,-0.025
0.1,-0.025
0.1,-0.025
0.1,-0.025
0.0,-0.025
0.0,-0.025
0.0,-0.025
0.0,-0.025
0.0,-0.025
0.0,-0.025
0.0,-0.025
0.0,-0.025
0.0,-0.025
0.0,-0.025
0.0,-0.025
0.0,-0.025
0.0,-0.025
0.0,-0.025
0.0,-0.025
0.0,-0.025
0.0,-0.025
0.0,-0.025
0.0,-0.025
0.0,-0.025
0.0,-0.025
0.0,-0.025
0.0,-0.025
0.0,-0.025
0.0,-0.025
0.0,-0.025
0.0,-0.025
0.0,-0.025
0.0,-0.025
0.0,-0.025
0.0,-0.025
0.0,-0.025
0.0,-0.025
0.0,-0.025
0.0,-0.025
0.0,-0.025
0.0,-0.025
0.0,-0.025
0.0,-0.025
0.0,-0.025
0.0,-0.025
0.0,-0.025
0.0,-0.025
0.0,-0.025
0.0,-0.025
0.0,-0.025
0.0,-0.025
0.0,-0.025
0.0,-0.025
0.0,-0.025
0.0,-0.025
0.0,-0.025
0.0,-0.025
0.0,-0.025
0.0,-0.025
0.0,-0.025
0.0,-0.025
0.0,-0.025
0.0,-0.025
0.0,-0.025
0.0,-0.025
0.0,-0.025
0.0,-0.025
0.0,-0.025
0.0,-0.025
0.0,-0.025
0.0,-0.025
0.0,-0.025
0.0,-0.025
0.0,-0.025
0.0,-0.025
0.0,-0.025
0.0,-0.025
0.0,-0.025
0.0,-0.025
0.0,-0.025
0.0,-0.025
0.0,-0.025
0.0,-0.025
0.0,-0.025
0.0,-0.025
0.0,-0.025
0.0,-0.025
0.0,-0.025
0.0,-0.025
0.0,-0.025
0.0,-0.025
0.0,-0.025
0.0,-0.025
0.0,-0.025
0.0,-0.025
0.0,-0.025
0.0,-0.025
0.0,-0.025
0.0,-0.025
0.0,-0.025
0.0,-0.025
0.0,-0.025
0.0,-0.025
0.0,-0.025
0.0,-0.025
0.0,-0.025
0.0,-0.025
0.0,-0.025
0.0,-0.025
0.0,-0.025
0.0,-0.025
0.0,-0.025
0.0,-0.025
0.1,-0.025
0.1,-0.025
0.1,-0.025
0.1,-0.025
0.1,-0.025
0.1,-0.025
0.1,-0.025
0.0,-0.025
0.0,-0.025
0.0,-0.025
0.0,-0.025
0.0,-0.025
0.0,-0.025
0.0,-0.025
0.0,-0.025
0.0,-0.025
0.0,-0.025
0.0,-0.025
0.0,-0.025
0.0,-0.025
0.0,-0.025
0.1,-0.025
0.1,-0.025
0.0,-0.025
0.0,-0.025
0.0,-0.025
0.0,-0.025
0.0,-0.025
0.0,-0.025
0.0,-0.025
0.0,-0.025
0.0,-0.025
0.0,-0.025
0.0,-0.025
0.0,-0.025
0.0,-0.025
0.0,-0.025
0.0,-0.025
0.1,-0.025
0.1,-0.025
0.1,-0.025
0.1,-0.025
0.1,-0.025
0.1,-0.025
0.1,-0.025
0.1,-0.025
0.1,-0.025
0.0,-0.025
0.0,-0.025
0.0,-0.025
0.0,-0.025
0.0,-0.025
0.0,-0.025
0.0,-0.025
0.0,-0.025
0.0,-0.025
0.0,-0.025
0.1,-0.025
0.1,-0.025
0.1,-0.025
0.1,-0.025
0.1,-0.025
0.1,-0.025
0.1,-0.025
0.1,-0.025
0.1,-0.025
0.1,-0.025
0.0,-0.025
0.0,-0.025
0.0,-0.025
0.0,-0.025
0.0,-0.025
0.0,-0.025
0.0,-0.025
0.0,-0.025
0.0,-0.025
0.0,-0.025
0.0,-0.025
0.0,-0.025
0.0,-0.025
0.0,-0.025
0.0,-0.025
0.0,-0.025
0.0,-0.025
0.0,-0.025
0.0,-0.025
0.0,-0.025
0.0,-0.025
0.0,-0.025
0.0,-0.025
0.0,-0.025
0.0,-0.025
0.0,-0.025
0.0,-0.025
0.0,-0.025
0.0,-0.025
0.0,-0.025
0.0,-0.025
0.0,-0.025
0.0,-0.025
0.0,-0.025
0.0,-0.025
0.0,-0.025
0.0,-0.025
0.0,-0.025
0.0,-0.025
0.0,-0.025
0.0,-0.025
0.0,-0.025
0.0,-0.025
0.0,-0.025
0.0,-0.025
0.0,-0.025
0.0,-0.025
0.0,-0.025
0.0,-0.025
0.0,-0.025
0.0,-0.025
0.0,-0.025
0.0,-0.025
0.0,-0.025
0.0,-0.025
0.0,-0.025
0.0,-0.025
0.0,-0.025
0.0,-0.025
0.0,-0.025
0.0,-0.025
0.0,-0.025
0.0,-0.025
0.0,-0.025
0.0,-0.025
0.0,-0.025
0.0,-0.025
0.0,-0.025
0.0,-0.025
0.0,-0.025
0.0,-0.025
0.0,-0.025
0.0,-0.025
0.0,-0.025
0.0,-0.025
0.0,-0.025
0.0,-0.025
0.0,-0.025
0.0,-0.025
0.0,-0.025
0.0,-0.025
0.0,-0.025
0.1,-0.025
0.0,-0.025
0.0,-0.025
0.0,-0.025
0.0,-0.025
0.0,-0.025
0.1,-0.025
0.1,-0.025
0.1,-0.025
0.0,-0.025
0.0,-0.025
0.0,-0.025
0.0,-0.025
0.0,-0.025
0.0,-0.025
0.0,-0.025
0.0,-0.025
0.0,-0.025
0.1,-0.025
0.1,-0.025
0.1,-0.025
0.1,-0.025
0.1,-0.025
0.1,-0.025
0.1,-0.025
0.1,-0.025
0.1,-0.025
0.1,-0.025
0.1,-0.025
0.1,-0.025
0.1,-0.025
0.0,-0.025
0.0,-0.025
0.0,-0.025
0.0,-0.025
0.0,-0.025
0.0,-0.025
0.0,-0.025
0.0,-0.025
0.0,-0.025
0.0,-0.025
0.0,-0.025
0.1,-0.025
0.1,-0.025
0.1,-0.025
0.1,-0.025
0.1,-0.025
0.1,-0.025
0.1,-0.025
0.0,-0.025
0.0,-0.025
-0.1,-0.025
-0.1,-0.025
-0.1,-0.025
-0.1,-0.025
-0.1,-0.025
-0.1,-0.025
-0.1,-0.025
-0.1,-0.025
-0.1,-0.025
-0.1,-0.025
0.0,-0.025
0.0,-0.025
0.0,-0.025
0.0,-0.025
0.0,-0.025
0.0,-0.025
0.0,-0.025
0.0,-0.025
0.0,-0.025
0.0,-0.025
0.0,-0.025
0.0,-0.025
0.0,-0.025
0.0,-0.025
0.0,-0.025
0.0,-0.025
0.0,-0.025
0.0,-0.025
0.0,-0.025
0.0,-0.025
0.0,-0.025
0.0,-0.025
0.0,-0.025
0.0,-0.025
0.0,-0.025
0.0,-0.025
0.0,-0.025
0.0,-0.025
0.0,-0.025
0.0,-0.025
0.0,-0.025
0.0,-0.025
0.0,-0.025
0.0,-0.025
0.0,-0.025
0.0,-0.025
0.0,-0.025
0.0,-0.025
0.0,-0.025
0.0,-0.025
0.0,-0.025
0.0,-0.025
0.1,-0.025
0.1,-0.025
0.1,-0.025
0.1,-0.025
0.1,-0.025
0.1,-0.025
0.1,-0.025
0.1,-0.025
0.1,-0.025
0.0,-0.025
0.0,-0.025
0.0,-0.025
0.0,-0.025
0.0,-0.025
0.0,-0.025
0.0,-0.025
0.0,-0.025
0.0,-0.025
0.0,-0.025
0.0,-0.025
0.0,-0.025
0.0,-0.025
0.0,-0.025
0.0,-0.025
0.0,-0.025
0.0,-0.025
0.0,-0.025
0.0,-0.025
0.0,-0.025
0.0,-0.025
0.0,-0.025
0.0,-0.025
0.0,-0.025
0.0,-0.025
0.0,-0.025
0.0,-0.025
0.0,-0.025
0.0,-0.025
0.1,-0.025
0.1,-0.025
0.1,-0.025
0.1,-0.025
0.1,-0.025
0.1,-0.025
0.1,-0.025
0.0,-0.025
0.0,-0.025
0.0,-0.025
0.0,-0.025
0.0,-0.025
0.0,-0.025
0.0,-0.025
0.0,-0.025
0.0,-0.025
0.0,-0.025
0.0,-0.025
0.0,-0.025
0.1,-0.025
0.1,-0.025
0.1,-0.025
0.1,-0.025
0.1,-0.025
0.1,-0.025
0.1,-0.025
0.1,-0.025
0.1,-0.025
0.1,-0.025
0.0,-0.025
0.0,-0.025
0.0,-0.025
-0.1,-0.025
0.0,-0.025
0.0,-0.025
0.0,-0.025
0.0,-0.025
0.0,-0.025
0.0,-0.025
0.1,-0.025
0.1,-0.025
0.1,-0.025
0.1,-0.025
0.1,-0.025
0.1,-0.025
0.1,-0.025
0.1,-0.025
0.1,-0.025
0.1,-0.025
0.1,-0.025
0.1,-0.025
0.1,-0.025
0.1,-0.025
0.1,-0.025
0.0,-0.025
0.0,-0.025
0.0,-0.025
0.0,-0.025
0.0,-0.025
0.0,-0.025
0.0,-0.025
0.0,-0.025
0.0,-0.025
0.0,-0.025
0.0,-0.025
0.0,-0.025
0.0,-0.025
0.1,-0.025
0.0,-0.025
0.0,-0.025
-0.1,-0.025
0.0,-0.025
0.0,-0.025
0.0,-0.025
0.0,-0.025
0.0,-0.025
0.0,-0.025
0.0,-0.025
0.0,-0.025
0.0,-0.025
0.0,-0.025
0.0,-0.025
0.0,-0.025
0.0,-0.025
0.0,-0.025
0.0,-0.025
0.0,-0.025
0.0,-0.025
0.0,-0.025
0.0,-0.025
0.0,-0.025
0.0,-0.025
-0.1,-0.025
-0.1,-0.025
-0.1,-0.025
-0.1,-0.025
-0.1,-0.025
-0.1,-0.025
-0.1,-0.025
-0.1,-0.025
-0.1,-0.025
-0.1,-0.025
0.1,-0.025
0.0,-0.025
0.0,-0.025
0.0,-0.025
0.0,-0.025
0.1,-0.025
0.1,-0.025
0.1,-0.025
0.1,-0.025
0.1,-0.025
0.1,-0.025
0.0,-0.025
0.0,-0.025
0.0,-0.025
-0.1,-0.025
0.0,-0.025
-0.1,-0.025
0.0,-0.025
0.0,-0.025
0.0,-0.025
0.1,-0.025
0.1,-0.025
0.1,-0.025
0.1,-0.025
0.1,-0.025
0.1,-0.025
0.1,-0.025
0.1,-0.025
0.1,-0.025
0.1,-0.025
0.1,-0.025
0.1,-0.025
0.0,-0.025
0.0,-0.025
0.0,-0.025
0.0,-0.025
0.0,-0.025
0.0,-0.025
0.0,-0.025
0.0,-0.025
0.0,-0.025
0.0,-0.025
0.0,-0.025
0.0,-0.025
0.0,-0.025
0.0,-0.025
0.0,-0.025
0.0,-0.025
0.0,-0.025
0.0,-0.025
0.0,-0.025
0.0,-0.025
0.0,-0.025
0.0,-0.025
0.0,-0.025
0.0,-0.025
0.0,-0.025
0.0,-0.025
0.0,-0.025
0.0,-0.025
0.0,-0.025
0.0,-0.025
0.0,-0.025
0.0,-0.025
0.0,-0.025
0.0,-0.025
0.0,-0.025
0.0,-0.025
0.0,-0.025
0.1,-0.025
0.0,-0.025
0.0,-0.025
0.0,-0.025
0.0,-0.025
0.0,-0.025
0.0,-0.025
0.0,-0.025
0.0,-0.025
0.0,-0.025
0.0,-0.025
0.0,-0.025
0.0,-0.025
0.0,-0.025
0.0,-0.025
0.0,-0.025
0.0,-0.025
0.0,-0.025
0.0,-0.025
0.0,-0.025
0.1,-0.025
0.1,-0.025
0.1,-0.025
0.1,-0.025
0.0,-0.025
0.0,-0.025
-0.1,-0.025
-0.1,-0.025
-0.1,-0.025
0.0,-0.025
0.0,-0.025
0.0,-0.025
0.0,-0.025
0.0,-0.025
0.0,-0.025
0.0,-0.025
0.0,-0.025
0.0,-0.025
0.0,-0.025
0.0,-0.025
0.1,-0.025
0.1,-0.025
0.1,-0.025
0.1,-0.025
0.1,-0.025
0.1,-0.025
0.1,-0.025
0.1,-0.025
0.1,-0.025
0.1,-0.025
0.1,-0.025
0.0,-0.025
0.0,-0.025
0.0,-0.025
0.0,-0.025
0.0,-0.025
0.0,-0.025
0.1,-0.025
0.1,-0.025
0.1,-0.025
0.1,-0.025
0.1,-0.025
0.1,-0.025
0.1,-0.025
0.1,-0.025
0.1,-0.025
0.1,-0.025
0.1,-0.025
0.0,-0.025
0.0,-0.025
0.0,-0.025
0.0,-0.025
0.0,-0.025
0.0,-0.025
0.0,-0.025
0.0,-0.025
0.0,-0.025
0.0,-0.025
0.0,-0.025
0.0,-0.025
0.0,-0.025
0.0,-0.025
0.0,-0.025
0.0,-0.025
0.0,-0.025
0.0,-0.025
0.0,-0.025
0.0,-0.025
0.0,-0.025
0.0,-0.025
0.0,-0.025
0.0,-0.025
0.0,-0.025
0.0,-0.025
0.0,-0.025
0.0,-0.025
0.0,-0.025
0.0,-0.025
0.0,-0.025
0.0,-0.025
0.0,-0.025
0.0,-0.025
0.0,-0.025
0.0,-0.025
0.0,-0.025
0.0,-0.025
0.0,-0.025
0.0,-0.025
0.0,-0.025
0.0,-0.025
0.0,-0.025
0.0,-0.025
0.0,-0.025
0.0,-0.025
0.0,-0.025
0.0,-0.025
0.0,-0.025
0.0,-0.025
0.1,-0.025
0.1,-0.025
0.1,-0.025
0.1,-0.025
0.1,-0.025
0.1,-0.025
0.1,-0.025
0.1,-0.025
0.1,-0.025
0.0,-0.025
0.0,-0.025
0.0,-0.025
0.0,-0.025
0.0,-0.025
0.0,-0.025
0.0,-0.025
0.0,-0.025
0.0,-0.025
0.0,-0.025
0.0,-0.025
0.1,-0.025
0.1,-0.025
0.1,-0.025
0.1,-0.025
0.1,-0.025
0.1,-0.025
0.1,-0.025
0.1,-0.025
0.0,-0.025
0.0,-0.025
0.0,-0.025
-0.1,-0.025
-0.1,-0.025
-0.1,-0.025
-0.1,-0.025
-0.1,-0.025
-0.1,-0.025
-0.1,-0.025
0.0,-0.025
0.0,-0.025
0.1,-0.025
0.1,-0.025
0.2,-0.025
0.2,-0.025
0.2,-0.025
0.2,-0.025
0.2,-0.025
0.1,-0.025
0.0,-0.025
0.0,-0.025
-0.1,-0.025
-0.1,-0.025
-0.1,-0.025
-0.1,-0.025
-0.1,-0.025
-0.1,-0.020
0.0,-0.020
0.0,-0.020
0.1,-0.020
0.1,-0.020
0.1,-0.020
0.1,-0.020
0.2,-0.020
0.2,-0.020
0.2,-0.020
0.2,-0.020
0.2,-0.020
0.2,-0.020
0.1,-0.020
0.0,-0.020
-0.1,-0.020
-0.1,-0.020
-0.1,-0.020
-0.1,-0.020
-0.1,-0.020
-0.1,-0.020
-0.1,-0.020
0.0,-0.020
0.0,-0.020
0.1,-0.020
0.2,-0.020
0.2,-0.020
0.3,-0.020
0.3,-0.020
0.3,-0.020
0.3,-0.020
0.2,-0.020
0.1,-0.020
0.1,-0.020
0.0,-0.020
-0.1,-0.020
-0.1,-0.020
-0.1,-0.020
-0.1,-0.020
-0.1,-0.020
-0.1,-0.020
-0.1,-0.020
0.0,-0.020
0.1,-0.020
0.1,-0.020
0.1,-0.020
0.1,-0.020
0.1,-0.020
0.1,-0.020
0.1,-0.020
0.1,-0.020
0.1,-0.020
0.0,-0.020
0.0,-0.020
-0.1,-0.020
-0.1,-0.020
-0.1,-0.020
-0.1,-0.020
-0.1,-0.020
0.0,-0.020
0.0,-0.020
0.0,-0.020
0.0,-0.020
0.1,-0.020
0.1,-0.020
0.1,-0.020
0.1,-0.020
0.1,-0.020
0.1,-0.020
0.1,-0.020
0.1,-0.020
0.1,-0.020
0.1,-0.020
0.1,-0.020
0.1,-0.020
0.0,-0.020
0.0,-0.020
0.0,-0.020
0.0,-0.020
0.0,-0.020
0.0,-0.020
0.0,-0.020
0.0,-0.020
0.0,-0.020
0.1,-0.020
0.1,-0.020
0.1,-0.020
0.1,-0.020
0.1,-0.020
0.1,-0.020
0.1,-0.020
0.1,-0.020
0.1,-0.020
0.1,-0.020
0.1,-0.020
0.1,-0.020
0.1,-0.020
0.1,-0.020
0.1,-0.020
0.0,-0.020
0.0,-0.020
0.0,-0.020
0.0,-0.020
0.0,-0.020
0.0,-0.020
0.0,-0.020
0.0,-0.020
0.0,-0.020
0.0,-0.020
0.0,-0.020
0.0,-0.020
0.0,-0.020
0.0,-0.020
0.0,-0.020
0.0,-0.020
0.0,-0.020
0.0,-0.020
0.0,-0.020
0.0,-0.020
0.0,-0.020
0.0,-0.020
0.0,-0.020
0.0,-0.020
0.1,-0.020
0.1,-0.020
0.1,-0.020
0.1,-0.020
0.1,-0.020
0.0,-0.020
0.0,-0.020
0.0,-0.020
0.0,-0.020
0.0,-0.020
0.0,-0.020
0.0,-0.020
0.0,-0.020
0.0,-0.020
0.0,-0.020
0.0,-0.020
0.0,-0.020
0.0,-0.020
0.0,-0.020
0.0,-0.020
0.0,-0.020
0.0,-0.020
0.0,-0.020
0.0,-0.020
0.0,-0.020
0.0,-0.020
0.0,-0.020
0.0,-0.020
0.0,-0.020
0.0,-0.020
0.0,-0.020
0.0,-0.020
0.0,-0.020
0.0,-0.020
0.0,-0.020
0.0,-0.020
0.0,-0.020
0.0,-0.020
0.0,-0.020
0.0,-0.020
0.0,-0.020
0.0,-0.020
0.0,-0.020
0.0,-0.020
0.0,-0.020
0.0,-0.020
0.0,-0.020
0.0,-0.020
0.0,-0.020
0.0,-0.020
0.0,-0.020
0.0,-0.020
0.0,-0.020
0.0,-0.020
0.0,-0.020
0.0,-0.020
0.0,-0.020
0.0,-0.020
0.0,-0.020
0.0,-0.020
0.0,-0.020
0.0,-0.020
0.0,-0.020
0.0,-0.020
0.0,-0.020
0.0,-0.020
0.0,-0.020
0.0,-0.020
0.0,-0.020
0.0,-0.020
0.0,-0.020
0.0,-0.020
0.0,-0.020
0.0,-0.020
0.0,-0.020
0.0,-0.020
0.0,-0.020
0.0,-0.020
0.0,-0.020
0.0,-0.020
0.0,-0.020
0.0,-0.020
0.0,-0.020
0.1,-0.020
0.1,-0.020
0.1,-0.015
0.1,-0.015
0.1,-0.015
0.1,-0.015
0.1,-0.015
0.1,-0.015
0.1,-0.015
0.0,-0.015
0.0,-0.015
-0.1,-0.015
-0.1,-0.015
0.0,-0.015
0.0,-0.015
0.0,-0.015
0.0,-0.015
0.0,-0.015
0.1,-0.015
0.1,-0.015
0.1,-0.015
0.1,-0.015
0.1,-0.015
0.1,-0.015
0.1,-0.015
0.1,-0.015
0.1,-0.015
0.1,-0.015
0.1,-0.015
0.1,-0.015
-0.1,-0.015
-0.1,-0.015
-0.1,-0.015
-0.1,-0.015
-0.1,-0.015
-0.1,-0.015
-0.1,-0.015
-0.1,-0.015
0.0,-0.015
0.0,-0.015
0.1,-0.015
0.1,-0.015
0.1,-0.015
0.1,-0.015
0.1,-0.015
0.1,-0.015
0.1,-0.015
0.1,-0.015
0.1,-0.015
0.0,-0.015
0.0,-0.015
0.0,-0.015
0.0,-0.015
0.0,-0.015
0.0,-0.015
0.0,-0.015
0.0,-0.015
0.0,-0.015
0.0,-0.015
0.1,-0.015
0.0,-0.015
0.0,-0.015
0.1,-0.015
0.1,-0.015
0.1,-0.015
0.1,-0.015
0.1,-0.015
0.1,-0.015
0.0,-0.015
0.0,-0.015
-0.1,-0.015
-0.1,-0.015
-0.1,-0.015
-0.1,-0.015
-0.1,-0.015
0.0,-0.015
0.0,-0.015
0.0,-0.015
0.0,-0.015
0.1,-0.015
0.1,-0.015
0.1,-0.015
0.1,-0.015
0.1,-0.015
0.0,-0.015
0.0,-0.015
-0.1,-0.015
-0.1,-0.015
-0.1,-0.015
-0.1,-0.015
-0.1,-0.015
-0.1,-0.015
-0.1,-0.015
0.0,-0.015
0.1,-0.015
0.1,-0.015
0.1,-0.015
0.1,-0.015
0.1,-0.015
0.1,-0.015
0.1,-0.015
0.1,-0.015
0.1,-0.015
0.0,-0.015
0.0,-0.015
-0.1,-0.015
-0.1,-0.015
-0.1,-0.015
-0.1,-0.015
-0.1,-0.015
-0.1,-0.015
-0.1,-0.015
0.0,-0.015
0.0,-0.015
0.1,-0.015
0.1,-0.015
0.1,-0.015
0.1,-0.015
0.1,-0.015
0.1,-0.015
0.1,-0.015
0.1,-0.015
0.1,-0.015
0.0,-0.015
0.0,-0.015
0.0,-0.015
0.0,-0.015
0.0,-0.015
0.0,-0.015
0.0,-0.015
0.0,-0.015
0.0,-0.015
0.0,-0.015
0.1,-0.015
0.1,-0.015
0.1,-0.015
0.1,-0.015
0.1,-0.015
0.1,-0.015
0.1,-0.015
0.1,-0.015
0.1,-0.015
0.0,-0.015
0.0,-0.015
0.0,-0.015
0.0,-0.015
-0.1,-0.015
-0.1,-0.015
-0.1,-0.015
-0.1,-0.015
-0.1,-0.015
-0.1,-0.015
0.0,-0.015
0.0,-0.015
0.0,-0.015
0.1,-0.015
0.2,-0.015
0.2,-0.015
0.2,-0.015
0.2,-0.015
0.2,-0.015
0.2,-0.015
0.2,-0.015
0.1,-0.015
0.0,-0.015
0.0,-0.015
0.0,-0.015
0.0,-0.015
-0.1,-0.015
-0.1,-0.015
-0.1,-0.015
-0.1,-0.015
-0.1,-0.015
-0.1,-0.015
0.1,-0.015
0.1,-0.015
0.1,-0.015
0.1,-0.015
0.1,-0.015
0.1,-0.015
0.1,-0.015
0.1,-0.015
0.1,-0.015
0.0,-0.015
0.0,-0.015
0.0,-0.015
-0.1,-0.015
-0.1,-0.015
0.0,-0.015
0.0,-0.015
0.0,-0.015
0.0,-0.015
0.0,-0.015
0.1,-0.015
0.1,-0.015
0.1,-0.015
0.1,-0.015
0.1,-0.015
0.1,-0.015
0.1,-0.015
0.0,-0.015
-0.1,-0.015
-0.1,-0.015
-0.1,-0.015
-0.1,-0.015
0.0,-0.015
0.0,-0.015
0.1,-0.015
0.1,-0.015
0.1,-0.015
0.1,-0.015
0.1,-0.015
0.1,-0.015
0.1,-0.015
0.0,-0.015
0.0,-0.015
-0.1,-0.015
-0.2,-0.015
-0.2,-0.015
-0.2,-0.015
-0.2,-0.015
-0.2,-0.015
-0.2,-0.015
-0.2,-0.015
-0.1,-0.015
0.0,-0.015
0.1,-0.015
0.2,-0.015
0.2,-0.015
0.2,-0.015
0.3,-0.015
0.2,-0.015
0.2,-0.015
0.1,-0.015
0.0,-0.015
0.0,-0.015
-0.1,-0.015
-0.1,-0.015
-0.1,-0.015
-0.1,-0.015
-0.1,-0.015
-0.1,-0.015
0.0,-0.015
0.0,-0.015
0.1,-0.015
0.2,-0.015
0.2,-0.015
0.2,-0.010
0.3,-0.010
0.3,-0.010
0.2,-0.010
0.2,-0.010
0.1,-0.010
0.1,-0.010
0.0,-0.010
-0.1,-0.010
-0.1,-0.010
-0.1,-0.010
-0.1,-0.010
-0.1,-0.010
-0.1,-0.010
-0.1,-0.010
0.0,-0.010
0.1,-0.010
0.1,-0.010
0.2,-0.010
0.2,-0.010
0.3,-0.010
0.3,-0.010
0.2,-0.010
0.2,-0.010
0.2,-0.010
0.1,-0.010
0.0,-0.010
0.0,-0.010
-0.1,-0.010
-0.1,-0.010
-0.2,-0.010
-0.2,-0.010
-0.2,-0.010
-0.1,-0.010
-0.1,-0.010
0.0,-0.010
0.1,-0.010
0.2,-0.010
0.2,-0.010
0.2,-0.010
0.2,-0.010
0.2,-0.010
0.2,-0.010
0.2,-0.010
0.1,-0.010
0.0,-0.010
0.0,-0.010
-0.1,-0.010
-0.1,-0.010
-0.1,-0.010
-0.2,-0.010
-0.2,-0.010
-0.1,-0.010
-0.1,-0.010
0.0,-0.010
0.0,-0.010
0.1,-0.010
0.2,-0.010
0.2,-0.010
0.2,-0.010
0.2,-0.010
0.2,-0.010
0.2,-0.010
0.1,-0.010
0.0,-0.010
0.0,-0.010
-0.1,-0.010
-0.2,-0.010
-0.2,-0.010
-0.2,-0.010
-0.2,-0.010
-0.2,-0.010
-0.2,-0.010
-0.1,-0.010
0.0,-0.010
0.1,-0.010
0.2,-0.010
0.2,-0.010
0.2,-0.010
0.3,-0.010
0.2,-0.010
0.2,-0.010
0.2,-0.010
0.1,-0.010
0.0,-0.010
-0.1,-0.010
-0.1,-0.010
-0.2,-0.010
-0.2,-0.010
-0.2,-0.010
-0.2,-0.010
-0.2,-0.010
-0.2,-0.010
-0.1,-0.010
0.0,-0.010
0.1,-0.010
0.1,-0.010
0.2,-0.010
0.2,-0.010
0.2,-0.010
0.2,-0.010
0.2,-0.010
0.1,-0.010
0.1,-0.010
0.0,-0.010
0.0,-0.010
-0.1,-0.010
-0.1,-0.010
-0.1,-0.010
-0.1,-0.010
-0.1,-0.010
-0.1,-0.010
0.0,-0.010
0.0,-0.010
0.1,-0.010
0.2,-0.010
0.2,-0.010
0.2,-0.010
0.3,-0.010
0.2,-0.010
0.2,-0.010
0.2,-0.010
0.1,-0.010
0.0,-0.010
-0.1,-0.010
-0.1,-0.010
-0.1,-0.010
-0.2,-0.010
-0.2,-0.010
-0.2,-0.010
-0.1,-0.010
-0.1,-0.010
0.0,-0.010
0.1,-0.010
0.1,-0.010
0.2,-0.010
0.2,-0.010
0.3,-0.010
0.2,-0.010
0.2,-0.010
0.2,-0.010
0.1,-0.010
0.1,-0.010
0.0,-0.010
-0.1,-0.010
-0.1,-0.010
-0.1,-0.010
-0.2,-0.010
-0.2,-0.010
-0.2,-0.010
-0.2,-0.010
-0.1,-0.010
0.0,-0.010
0.0,-0.010
0.1,-0.010
0.1,-0.010
0.2,-0.010
0.2,-0.010
0.2,-0.010
0.2,-0.010
0.2,-0.010
0.1,-0.010
0.0,-0.010
0.0,-0.010
0.0,-0.010
-0.1,-0.010
-0.1,-0.010
-0.1,-0.010
-0.1,-0.010
-0.1,-0.010
-0.1,-0.010
-0.1,-0.010
0.0,-0.010
0.1,-0.010
0.1,-0.010
0.1,-0.010
0.2,-0.010
0.2,-0.010
0.2,-0.010
0.2,-0.010
0.1,-0.010
0.1,-0.010
0.0,-0.010
-0.1,-0.010
-0.1,-0.010
-0.1,-0.010
-0.2,-0.010
-0.2,-0.010
-0.2,-0.010
-0.1,-0.010
-0.1,-0.010
0.0,-0.010
0.1,-0.010
0.1,-0.010
0.2,-0.010
0.2,-0.010
0.2,-0.010
0.3,-0.010
0.2,-0.010
0.2,-0.010
0.1,-0.010
0.1,-0.010
0.0,-0.010
0.0,-0.010
-0.1,-0.010
-0.1,-0.010
-0.2,-0.010
-0.2,-0.010
-0.1,-0.010
-0.1,-0.010
-0.1,-0.010
0.0,-0.010
0.0,-0.010
0.1,-0.010
0.1,-0.010
0.2,-0.010
0.1,-0.010
0.1,-0.010
0.1,-0.010
0.1,-0.010
0.1,-0.010
0.0,-0.010
0.0,-0.010
-0.1,-0.010
-0.1,-0.010
-0.1,-0.010
-0.1,-0.010
-0.1,-0.010
-0.1,-0.010
-0.1,-0.010
-0.1,-0.010
0.0,-0.010
0.0,-0.010
0.1,-0.010
0.1,-0.010
0.1,-0.010
0.2,-0.010
0.2,-0.010
0.1,-0.010
0.1,-0.010
0.1,-0.010
0.0,-0.010
-0.1,-0.010
-0.1,-0.010
-0.1,-0.010
-0.1,-0.010
-0.1,-0.010
-0.1,-0.010
-0.1,-0.010
-0.1,-0.010
-0.1,-0.010
0.0,-0.010
0.1,-0.010
0.1,-0.010
0.1,-0.010
0.1,-0.010
0.1,-0.010
0.1,-0.010
0.1,-0.010
0.1,-0.010
0.0,-0.010
0.0,-0.010
0.0,-0.010
0.0,-0.010
-0.1,-0.010
-0.1,-0.010
-0.1,-0.005
-0.1,-0.005
0.0,-0.005
0.0,-0.005
0.0,-0.005
0.1,-0.005
0.1,-0.005
0.1,-0.005
0.1,-0.005
0.1,-0.005
0.1,-0.005
0.1,-0.005
0.1,-0.005
0.1,-0.005
0.0,-0.005
0.0,-0.005
-0.1,-0.005
-0.1,-0.005
-0.1,-0.005
-0.1,-0.005
-0.1,-0.005
-0.1,-0.005
0.0,-0.005
0.0,-0.005
0.1,-0.005
0.1,-0.005
0.1,-0.005
0.1,-0.005
0.1,-0.005
0.1,-0.005
0.1,-0.005
0.1,-0.005
0.1,-0.005
0.0,-0.005
0.0,-0.005
0.0,-0.005
0.0,-0.005
-0.1,-0.005
-0.1,-0.005
-0.1,-0.005
-0.1,-0.005
-0.1,-0.005
-0.1,-0.005
-0.1,-0.005
0.1,-0.005
0.1,-0.005
0.1,-0.005
0.1,-0.005
0.1,-0.005
0.1,-0.005
0.1,-0.005
0.1,-0.005
0.1,-0.005
0.1,-0.005
0.0,-0.005
0.0,-0.005
-0.1,-0.005
-0.1,-0.005
-0.1,-0.005
-0.1,-0.005
-0.1,-0.005
-0.1,-0.005
-0.1,-0.005
0.0,-0.005
0.0,-0.005
0.1,-0.005
0.1,-0.005
0.1,-0.005
0.1,-0.005
0.1,-0.005
0.1,-0.005
0.1,-0.005
0.1,-0.005
0.0,-0.005
0.0,-0.005
-0.1,-0.005
-0.1,-0.005
-0.1,-0.005
-0.1,-0.005
-0.1,-0.005
-0.1,-0.005
-0.1,-0.005
-0.1,-0.005
0.0,-0.005
0.1,-0.005
0.1,-0.005
0.1,-0.005
0.2,-0.005
0.2,-0.005
0.2,-0.005
0.2,-0.005
0.2,-0.005
0.1,-0.005
0.0,-0.005
0.0,-0.005
0.0,-0.005
-0.1,-0.005
-0.1,-0.005
-0.1,-0.005
-0.1,-0.005
-0.1,-0.005
0.0,-0.005
-0.1,-0.005
0.0,-0.005
0.1,-0.005
0.1,-0.005
0.1,-0.005
0.1,-0.005
0.1,-0.005
0.1,-0.005
0.1,-0.005
0.1,-0.005
0.1,-0.005
0.0,-0.005
0.0,-0.005
0.0,-0.005
-0.1,-0.005
-0.1,-0.005
-0.1,-0.005
-0.1,-0.005
-0.1,-0.005
-0.1,-0.005
-0.1,-0.005
-0.1,-0.005
0.0,-0.005
0.0,-0.005
0.1,-0.005
0.1,-0.005
0.1,-0.005
0.1,-0.005
0.1,-0.005
0.1,-0.005
0.1,-0.005
0.1,-0.005
0.0,-0.005
0.0,-0.005
0.0,-0.005
0.0,-0.005
0.0,-0.005
0.0,-0.005
0.0,-0.005
-0.1,-0.005
-0.1,-0.005
-0.1,-0.005
-0.1,-0.005
0.0,-0.005
0.0,-0.005
0.0,-0.005
0.0,-0.005
0.0,-0.005
0.0,-0.005
0.0,-0.005
0.1,-0.005
0.1,-0.005
0.0,-0.005
0.0,-0.005
0.0,-0.005
0.0,-0.005
0.0,-0.005
0.0,-0.005
0.0,-0.005
0.0,-0.005
0.0,-0.005
0.0,-0.005
0.0,-0.005
0.0,-0.005
0.0,-0.005
0.0,-0.005
0.0,-0.005
0.0,-0.005
0.0,-0.005
0.0,-0.005
0.0,-0.005
0.0,-0.005
0.0,-0.005
0.0,-0.005
0.0,-0.005
0.0,-0.005
0.0,-0.005
0.0,-0.005
0.0,-0.005
0.0,-0.005
0.0,-0.005
0.0,-0.005
0.0,-0.005
0.0,-0.005
0.0,-0.005
0.0,-0.005
0.0,-0.005
0.0,-0.005
0.0,-0.005
0.0,-0.005
0.0,-0.005
0.0,-0.005
0.0,-0.005
0.0,-0.005
0.0,-0.005
0.0,-0.005
0.0,-0.005
0.0,-0.005
0.0,-0.005
0.0,-0.005
0.1,-0.005
0.1,-0.005
0.1,-0.005
0.1,-0.005
0.1,-0.005
0.1,-0.005
0.1,-0.005
0.1,-0.005
0.1,-0.005
0.1,-0.005
0.0,-0.005
0.0,-0.005
0.0,-0.005
0.0,-0.005
0.0,-0.005
0.0,-0.005
0.0,-0.005
0.0,-0.005
0.0,-0.005
0.0,-0.005
0.0,-0.005
0.0,-0.005
0.0,-0.005
0.0,-0.005
0.0,-0.005
0.0,-0.005
0.0,-0.005
0.0,-0.005
0.0,-0.005
0.0,-0.005
0.0,-0.005
0.0,-0.005
0.0,-0.005
0.0,-0.005
0.0,-0.005
0.0,-0.005
0.0,-0.005
0.0,-0.005
0.0,-0.005
0.0,-0.005
0.0,-0.005
0.0,-0.005
0.0,-0.005
0.0,-0.005
0.0,-0.005
0.1,-0.005
0.1,-0.005
0.1,-0.005
0.0,-0.005
0.0,-0.005
0.0,-0.005
0.0,-0.005
-0.1,-0.005
-0.1,-0.005
-0.1,-0.005
-0.1,-0.005
-0.1,-0.005
-0.1,-0.005
-0.1,-0.005
-0.1,-0.005
-0.1,-0.005
0.1,-0.005
0.0,0.000
0.1,0.000
0.0,0.000
0.0,0.000
0.0,0.000
0.0,0.000
0.0,0.000
0.0,0.000
0.0,0.000
-0.1,0.000
-0.1,0.000
-0.1,0.000
-0.1,0.000
-0.1,0.000
-0.1,0.000
0.0,0.000
0.0,0.000
0.0,0.000
0.0,0.000
0.1,0.000
0.1,0.000
0.1,0.000
0.1,0.000
0.1,0.000
0.1,0.000
0.1,0.000
0.1,0.000
0.1,0.000
0.1,0.000
0.1,0.000
0.1,0.000
0.1,0.000
0.1,0.000
0.0,0.000
0.0,0.000
0.0,0.000
0.0,0.000
0.0,0.000
0.0,0.000
0.1,0.000
0.1,0.000
0.1,0.000
0.1,0.000
0.1,0.000
0.1,0.000
0.1,0.000
0.1,0.000
0.1,0.000
0.1,0.000
0.0,0.000
0.0,0.000
0.0,0.000
0.0,0.000
0.0,0.000
0.0,0.000
0.0,0.000
0.0,0.000
0.0,0.000
0.0,0.000
0.0,0.000
0.0,0.000
0.0,0.000
0.0,0.000
0.0,0.000
0.0,0.000
0.0,0.000
0.0,0.000
0.0,0.000
0.0,0.000
0.0,0.000
0.0,0.000
0.0,0.000
0.0,0.000
0.0,0.000
0.0,0.000
0.0,0.000
0.0,0.000
0.0,0.000
0.0,0.000
0.0,0.000
0.0,0.000
0.0,0.000
0.0,0.000
0.0,0.000
0.0,0.000
0.0,0.000
0.0,0.000
0.0,0.000
0.0,0.000
0.0,0.000
0.0,0.000
0.0,0.000
0.0,0.000
0.0,0.000
0.0,0.000
0.0,0.000
0.1,0.000
0.0,0.000
0.0,0.000
0.0,0.000
0.0,0.000
0.1,0.000
0.1,0.000
0.1,0.000
0.1,0.000
0.1,0.000
0.1,0.000
0.1,0.000
0.1,0.000
0.0,0.000
0.0,0.000
0.0,0.000
0.0,0.000
0.0,0.000
0.0,0.000
0.0,0.000
0.0,0.000
0.1,0.000
0.1,0.000
0.1,0.000
0.1,0.000
0.1,0.000
0.1,0.000
0.1,0.000
0.1,0.000
0.0,0.000
0.0,0.000
-0.1,0.000
-0.1,0.000
-0.1,0.000
-0.1,0.000
-0.1,0.000
-0.1,0.000
-0.1,0.000
-0.1,0.000
-0.1,0.000
-0.1,0.000
0.1,0.000
0.1,0.000
0.1,0.000
0.1,0.000
0.1,0.000
0.1,0.000
0.1,0.000
0.1,0.000
0.1,0.000
0.0,0.000
0.0,0.000
0.0,0.000
0.0,0.000
0.0,0.000
0.0,0.000
0.0,0.000
0.0,0.000
0.0,0.000
0.1,0.000
0.1,0.000
0.1,0.000
0.1,0.000
0.1,0.000
0.1,0.000
0.1,0.000
0.1,0.000
0.1,0.000
0.0,0.000
0.0,0.000
0.0,0.000
0.0,0.000
0.0,0.000
-0.1,0.000
-0.1,0.000
-0.1,0.000
-0.1,0.000
-0.1,0.000
0.0,0.000
0.1,0.000
0.1,0.000
0.1,0.000
0.1,0.000
0.1,0.000
0.1,0.000
0.1,0.000
0.1,0.000
0.1,0.000
0.0,0.000
0.0,0.000
0.0,0.000
0.0,0.000
0.0,0.000
0.0,0.000
0.0,0.000
0.0,0.000
0.0,0.000
0.0,0.000
0.0,0.000
0.0,0.000
0.1,0.000
0.1,0.000
0.1,0.000
0.1,0.000
0.1,0.000
0.1,0.000
0.1,0.000
0.1,0.000
0.0,0.000
0.1,0.000
0.0,0.000
-0.1,0.000
-0.1,0.000
-0.1,0.000
-0.1,0.000
-0.1,0.000
-0.1,0.000
-0.1,0.000
-0.1,0.000
-0.1,0.000
-0.1,0.000
-0.1,0.000
0.0,0.000
0.0,0.000
0.0,0.000
0.0,0.000
0.0,0.000
0.1,0.000
0.1,0.000
0.1,0.000
0.1,0.000
0.1,0.000
0.1,0.000
0.1,0.000
0.1,0.000
0.1,0.000
0.0,0.000
0.0,0.000
0.0,0.000
0.0,0.000
0.0,0.000
0.0,0.000
0.0,0.000
0.0,0.000
0.0,0.000
0.1,0.000
0.1,0.000
0.1,0.000
0.1,0.000
0.1,0.000
0.1,0.000
0.0,0.000
0.0,0.000
0.0,0.000
0.0,0.000
0.0,0.000
0.0,0.000
0.0,0.000
0.0,0.000
0.0,0.000
0.1,0.000
0.0,0.000
0.1,0.000
0.0,0.000
0.0,0.000
0.0,0.000
0.0,0.000
0.0,0.000
0.0,0.000
0.0,0.000
0.0,0.000
0.0,0.000
0.0,0.000
0.0,0.000
0.0,0.000
0.0,0.000
0.0,0.000
0.0,0.000
0.0,0.000
0.1,0.000
0.0,0.000
0.0,0.000
0.0,0.000
0.0,0.000
0.0,0.000
0.0,0.000
0.0,0.000
0.0,0.000
-0.1,0.000
0.0,0.000
0.0,0.000
0.0,0.000
0.0,0.000
0.0,0.000
0.0,0.000
0.0,0.000
0.0,0.000
0.0,0.000
0.0,0.000
0.0,0.000
0.0,0.000
0.0,0.000
0.0,0.000
0.0,0.000
0.0,0.000
0.0,0.000
0.0,0.005
0.0,0.005
0.0,0.005
0.0,0.005
0.0,0.005
0.0,0.005
0.0,0.005
0.0,0.005
0.0,0.005
0.0,0.005
0.0,0.005
0.0,0.005
0.0,0.005
0.0,0.005
0.0,0.005
0.0,0.005
0.0,0.005
0.1,0.005
0.1,0.005
0.0,0.005
0.0,0.005
0.0,0.005
0.0,0.005
0.0,0.005
0.0,0.005
0.0,0.005
0.0,0.005
0.0,0.005
0.0,0.005
0.0,0.005
0.0,0.005
0.0,0.005
0.0,0.005
0.0,0.005
0.0,0.005
0.0,0.005
0.0,0.005
0.0,0.005
0.0,0.005
0.0,0.005
0.0,0.005
0.0,0.005
0.0,0.005
0.0,0.005
0.0,0.005
0.0,0.005
0.0,0.005
0.0,0.005
0.0,0.005
0.0,0.005
0.0,0.005
0.0,0.005
0.0,0.005
0.0,0.005
0.0,0.005
0.0,0.005
0.0,0.005
0.0,0.005
0.0,0.005
0.0,0.005
0.0,0.005
0.0,0.005
0.0,0.005
0.0,0.005
0.0,0.005
0.0,0.005
0.0,0.005
0.0,0.005
0.0,0.005
0.0,0.005
0.0,0.005
0.0,0.005
0.0,0.005
0.0,0.005
0.0,0.005
0.0,0.005
0.0,0.005
0.0,0.005
0.0,0.005
0.0,0.005
0.0,0.005
0.0,0.005
0.0,0.005
0.0,0.005
0.0,0.005
0.0,0.005
0.0,0.005
0.0,0.005
0.0,0.005
0.0,0.005
0.0,0.005
0.0,0.005
0.0,0.005
0.0,0.005
0.0,0.005
0.0,0.005
0.0,0.005
0.0,0.005
0.0,0.005
0.0,0.005
0.0,0.005
0.0,0.005
0.0,0.005
0.0,0.005
0.0,0.005
0.0,0.005
0.0,0.005
0.0,0.005
0.0,0.005
0.0,0.005
0.1,0.005
0.1,0.005
0.1,0.005
0.1,0.005
0.0,0.005
0.0,0.005
0.0,0.005
0.0,0.005
0.0,0.005
0.0,0.005
0.0,0.005
0.0,0.005
0.0,0.005
0.0,0.005
0.0,0.005
0.0,0.005
0.0,0.005
0.0,0.005
0.0,0.005
0.0,0.005
0.0,0.005
0.0,0.005
0.0,0.005
0.0,0.005
0.0,0.005
0.0,0.005
0.0,0.005
0.0,0.005
0.0,0.005
0.0,0.005
0.0,0.005
0.0,0.005
0.0,0.005
0.0,0.005
0.0,0.005
0.0,0.005
0.0,0.005
0.0,0.005
0.0,0.005
0.0,0.005
0.0,0.005
0.0,0.005
0.0,0.005
0.0,0.005
-0.1,0.005
-0.1,0.005
0.0,0.005
0.0,0.005
0.0,0.005
0.0,0.005
0.0,0.005
0.0,0.005
0.0,0.005
0.0,0.005
0.0,0.005
0.0,0.005
0.0,0.005
0.1,0.005
0.1,0.005
0.1,0.005
0.1,0.005
0.1,0.005
0.1,0.005
0.1,0.005
0.1,0.005
0.1,0.005
0.1,0.005
0.1,0.005
0.0,0.005
0.0,0.005
0.0,0.005
0.0,0.005
0.0,0.005
0.0,0.005
0.0,0.005
0.0,0.005
0.0,0.005
0.0,0.005
0.0,0.005
0.0,0.005
0.0,0.005
0.0,0.005
0.0,0.005
0.0,0.005
0.0,0.005
0.0,0.005
0.0,0.005
0.0,0.005
0.0,0.005
0.0,0.005
0.0,0.005
0.0,0.005
0.0,0.005
0.0,0.005
0.0,0.005
0.0,0.005
0.0,0.005
0.0,0.005
0.0,0.005
0.0,0.005
0.0,0.005
0.0,0.005
0.0,0.005
0.0,0.005
0.0,0.005
0.0,0.005
0.0,0.005
0.0,0.005
0.0,0.005
0.0,0.005
0.0,0.005
0.0,0.005
0.0,0.005
0.0,0.005
0.0,0.005
0.0,0.005
0.0,0.005
0.0,0.005
0.0,0.005
0.0,0.005
0.0,0.005
0.0,0.005
0.0,0.005
0.0,0.005
0.0,0.005
0.0,0.005
0.0,0.005
0.0,0.005
0.0,0.005
0.0,0.005
0.0,0.005
0.0,0.005
0.0,0.005
0.0,0.005
0.0,0.005
0.0,0.005
0.0,0.005
0.0,0.005
0.0,0.005
0.0,0.005
0.1,0.005
0.1,0.005
0.1,0.005
0.1,0.005
0.1,0.005
0.1,0.005
0.1,0.005
0.1,0.005
0.1,0.005
0.1,0.005
0.1,0.005
0.0,0.005
0.0,0.005
0.0,0.005
0.0,0.005
0.0,0.005
0.0,0.005
0.0,0.005
0.0,0.005
0.0,0.005
0.0,0.005
0.0,0.005
0.0,0.005
0.0,0.005
0.0,0.005
0.0,0.005
0.0,0.005
0.0,0.005
0.0,0.005
0.0,0.005
0.0,0.005
0.0,0.005
0.0,0.005
0.0,0.005
0.0,0.005
0.0,0.005
0.0,0.005
0.0,0.005
0.0,0.005
0.0,0.005
0.0,0.005
0.0,0.005
0.0,0.005
0.0,0.005
0.0,0.005
0.0,0.005
0.0,0.005
0.0,0.005
0.0,0.005
0.0,0.005
0.0,0.005
0.0,0.005
0.0,0.005
0.0,0.005
0.0,0.005
0.0,0.005
0.0,0.005
0.0,0.005
0.0,0.005
0.0,0.005
0.0,0.005
0.0,0.005
0.0,0.005
0.0,0.005
0.0,0.005
0.0,0.010
0.0,0.010
0.0,0.010
0.0,0.010
0.0,0.010
0.0,0.010
0.0,0.010
0.0,0.010
0.0,0.010
0.0,0.010
0.0,0.010
0.0,0.010
0.0,0.010
0.0,0.010
0.0,0.010
0.0,0.010
0.0,0.010
0.0,0.010
0.0,0.010
0.0,0.010
0.0,0.010
0.0,0.010
0.0,0.010
0.0,0.010
0.0,0.010
0.0,0.010
0.0,0.010
0.0,0.010
0.0,0.010
0.0,0.010
0.0,0.010
0.0,0.010
0.0,0.010
0.0,0.010
0.0,0.010
0.0,0.010
0.0,0.010
0.0,0.010
0.0,0.010
0.0,0.010
0.0,0.010
0.0,0.010
0.0,0.010
0.0,0.010
0.0,0.010
0.0,0.010
0.0,0.010
0.0,0.010
0.0,0.010
0.0,0.010
0.0,0.010
0.0,0.010
0.0,0.010
0.0,0.010
0.0,0.010
0.0,0.010
0.0,0.010
0.0,0.010
0.0,0.010
0.0,0.010
0.0,0.010
0.0,0.010
0.0,0.010
0.0,0.010
0.0,0.010
0.0,0.010
0.0,0.010
0.0,0.010
0.0,0.010
0.0,0.010
0.0,0.010
0.0,0.010
0.0,0.010
0.0,0.010
0.0,0.010
0.0,0.010
0.0,0.010
0.0,0.010
0.0,0.010
0.0,0.010
0.0,0.010
0.0,0.010
0.0,0.010
0.0,0.010
0.0,0.010
0.0,0.010
0.0,0.010
0.0,0.010
0.0,0.010
0.0,0.010
0.0,0.010
0.0,0.010
0.0,0.010
0.0,0.010
0.0,0.010
0.0,0.010
0.0,0.010
0.0,0.010
0.0,0.010
0.0,0.010
0.0,0.010
0.0,0.010
0.0,0.010
0.0,0.010
0.0,0.010
0.0,0.010
0.0,0.010
0.0,0.010
0.0,0.010
0.0,0.010
0.0,0.010
0.0,0.010
0.0,0.010
0.0,0.010
0.0,0.010
0.0,0.010
0.0,0.010
0.0,0.010
0.0,0.010
0.0,0.010
0.0,0.010
0.0,0.010
0.0,0.010
0.0,0.010
0.0,0.010
0.0,0.010
0.0,0.010
0.0,0.010
0.1,0.010
0.1,0.010
0.1,0.010
0.1,0.010
0.0,0.010
0.0,0.010
0.0,0.010
0.0,0.010
0.0,0.010
0.0,0.010
0.0,0.010
0.0,0.010
0.0,0.010
0.0,0.010
0.0,0.010
0.0,0.010
0.0,0.010
0.0,0.010
0.0,0.010
0.0,0.010
0.0,0.010
0.0,0.010
0.0,0.010
0.0,0.010
0.0,0.010
0.0,0.010
0.0,0.010
0.0,0.010
0.0,0.010
0.0,0.010
0.0,0.010
0.0,0.010
0.0,0.010
0.0,0.010
0.0,0.010
0.0,0.010
0.0,0.010
0.0,0.010
0.1,0.010
0.1,0.010
0.1,0.010
0.1,0.010
0.1,0.010
0.1,0.010
0.0,0.010
0.0,0.010
0.0,0.010
-0.1,0.010
0.0,0.010
0.0,0.010
0.0,0.010
0.0,0.010
0.0,0.010
0.0,0.010
0.0,0.010
0.0,0.010
0.1,0.010
0.1,0.010
0.1,0.010
0.1,0.010
0.1,0.010
0.1,0.010
0.0,0.010
0.0,0.010
-0.1,0.010
-0.1,0.010
-0.1,0.010
-0.1,0.010
-0.1,0.010
-0.1,0.010
-0.1,0.010
-0.1,0.010
-0.1,0.010
-0.1,0.010
0.0,0.010
0.0,0.010
0.1,0.010
0.1,0.010
0.1,0.010
0.1,0.010
0.1,0.010
0.1,0.010
0.1,0.010
0.1,0.010
0.0,0.010
0.0,0.010
-0.1,0.010
-0.1,0.010
-0.1,0.010
-0.1,0.010
-0.1,0.010
-0.1,0.010
-0.1,0.010
-0.1,0.010
0.0,0.010
0.0,0.010
0.1,0.010
0.1,0.010
0.1,0.010
0.1,0.010
0.1,0.010
0.1,0.010
0.1,0.010
0.0,0.010
0.0,0.010
0.0,0.010
-0.1,0.010
-0.1,0.010
-0.1,0.010
-0.1,0.010
-0.1,0.010
-0.1,0.010
-0.1,0.010
0.0,0.010
0.0,0.010
0.1,0.010
0.1,0.010
0.1,0.010
0.1,0.010
0.1,0.010
0.1,0.010
0.0,0.010
0.0,0.010
0.0,0.010
-0.1,0.010
-0.1,0.010
-0.1,0.010
-0.1,0.010
-0.1,0.010
-0.1,0.010
-0.1,0.010
0.0,0.010
0.0,0.010
0.1,0.010
0.1,0.010
0.1,0.010
0.1,0.010
0.1,0.010
0.1,0.010
0.1,0.010
0.1,0.010
0.0,0.010
0.0,0.010
0.0,0.010
-0.1,0.010
-0.1,0.010
-0.1,0.010
-0.1,0.010
-0.1,0.010
-0.1,0.010
-0.1,0.010
-0.1,0.010
-0.1,0.010
-0.1,0.010
-0.1,0.010
0.1,0.010
0.1,0.010
0.1,0.010
0.1,0.010
0.1,0.010
0.1,0.010
0.1,0.010
0.1,0.010
0.0,0.010
0.0,0.010
0.0,0.010
0.0,0.010
0.0,0.010
0.0,0.010
0.0,0.010
0.0,0.010
0.0,0.010
0.0,0.010
0.0,0.010
0.0,0.010
0.0,0.010
0.0,0.010
0.0,0.010
0.0,0.010
0.0,0.010
0.0,0.010
0.0,0.010
0.0,0.010
0.0,0.010
0.0,0.010
0.0,0.010
0.0,0.010
0.0,0.010
0.0,0.010
0.0,0.010
0.0,0.010
0.0,0.010
0.0,0.010
0.0,0.010
0.0,0.010
0.0,0.010
0.0,0.010
0.0,0.010
0.0,0.010
0.0,0.010
0.0,0.010
0.0,0.010
0.0,0.010
0.0,0.015
0.0,0.015
0.0,0.015
0.0,0.015
0.0,0.015
0.0,0.015
0.0,0.015
0.0,0.015
0.0,0.015
0.0,0.015
0.1,0.015
0.1,0.015
0.1,0.015
0.1,0.015
0.1,0.015
0.1,0.015
0.1,0.015
0.1,0.015
0.1,0.015
0.1,0.015
0.0,0.015
0.0,0.015
0.0,0.015
0.0,0.015
0.0,0.015
0.0,0.015
0.0,0.015
0.0,0.015
0.0,0.015
0.0,0.015
0.0,0.015
0.0,0.015
0.0,0.015
0.0,0.015
0.0,0.015
0.0,0.015
0.0,0.015
0.0,0.015
0.0,0.015
0.0,0.015
0.0,0.015
0.0,0.015
0.0,0.015
-0.1,0.015
0.0,0.015
0.0,0.015
0.0,0.015
0.0,0.015
0.0,0.015
0.0,0.015
0.0,0.015
0.0,0.015
0.0,0.015
0.0,0.015
0.0,0.015
0.0,0.015
0.1,0.015
0.1,0.015
0.1,0.015
0.1,0.015
-0.1,0.015
-0.1,0.015
-0.1,0.015
-0.1,0.015
-0.1,0.015
-0.1,0.015
-0.1,0.015
-0.1,0.015
-0.1,0.015
-0.1,0.015
-0.1,0.015
0.0,0.015
0.0,0.015
0.1,0.015
0.1,0.015
0.1,0.015
0.1,0.015
0.1,0.015
0.1,0.015
0.1,0.015
0.1,0.015
0.1,0.015
0.1,0.015
0.1,0.015
0.0,0.015
0.0,0.015
0.0,0.015
0.0,0.015
0.0,0.015
0.0,0.015
0.0,0.015
0.0,0.015
0.0,0.015
0.0,0.015
0.0,0.015
0.0,0.015
0.0,0.015
0.1,0.015
0.1,0.015
0.1,0.015
0.1,0.015
0.1,0.015
0.0,0.015
0.0,0.015
0.0,0.015
0.0,0.015
0.0,0.015
0.0,0.015
0.0,0.015
0.0,0.015
0.0,0.015
0.0,0.015
0.0,0.015
0.0,0.015
0.0,0.015
0.0,0.015
0.0,0.015
0.0,0.015
0.0,0.015
0.0,0.015
0.0,0.015
0.0,0.015
0.0,0.015
0.0,0.015
0.0,0.015
0.0,0.015
0.0,0.015
0.0,0.015
0.0,0.015
0.0,0.015
0.0,0.015
0.0,0.015
0.0,0.015
0.0,0.015
0.0,0.015
0.0,0.015
0.0,0.015
0.0,0.015
0.0,0.015
0.0,0.015
0.0,0.015
0.0,0.015
0.0,0.015
0.0,0.015
0.0,0.015
0.0,0.015
0.0,0.015
0.0,0.015
0.0,0.015
0.0,0.015
0.0,0.015
0.0,0.015
0.0,0.015
0.0,0.015
0.0,0.015
0.0,0.015
0.0,0.015
0.0,0.015
0.0,0.015
0.0,0.015
0.0,0.015
0.0,0.015
0.0,0.015
0.0,0.015
0.0,0.015
0.0,0.015
0.0,0.015
0.0,0.015
0.0,0.015
0.0,0.015
0.0,0.015
0.0,0.015
0.0,0.015
0.0,0.015
0.0,0.015
0.0,0.015
0.0,0.015
0.0,0.015
0.0,0.015
0.0,0.015
0.0,0.015
0.0,0.015
0.0,0.015
0.0,0.015
0.0,0.015
0.0,0.015
0.0,0.015
0.0,0.015
0.0,0.015
0.0,0.015
0.0,0.015
0.0,0.015
0.0,0.015
0.0,0.015
0.0,0.015
0.0,0.015
0.0,0.015
0.0,0.015
0.0,0.015
0.0,0.015
0.0,0.015
0.0,0.015
0.0,0.015
0.1,0.015
0.1,0.015
0.1,0.015
0.1,0.015
0.1,0.015
0.0,0.015
0.0,0.015
0.0,0.015
0.0,0.015
0.0,0.015
0.0,0.015
0.0,0.015
0.0,0.015
0.0,0.015
0.0,0.015
0.0,0.015
0.0,0.015
0.0,0.015
0.0,0.015
0.0,0.015
0.0,0.015
0.0,0.015
0.0,0.015
0.0,0.015
0.0,0.015
0.0,0.015
0.0,0.015
0.0,0.015
0.0,0.015
0.0,0.015
0.0,0.015
0.0,0.015
0.0,0.015
0.0,0.015
0.0,0.015
0.0,0.015
0.0,0.015
0.0,0.015
0.0,0.015
0.0,0.015
0.0,0.015
0.0,0.015
0.0,0.015
0.0,0.015
0.0,0.015
0.0,0.015
0.0,0.015
0.0,0.015
0.0,0.015
0.0,0.015
0.0,0.015
0.0,0.015
0.0,0.015
0.0,0.015
0.1,0.015
0.1,0.015
0.1,0.015
0.1,0.015
0.1,0.015
0.1,0.015
0.1,0.015
0.1,0.015
0.0,0.015
0.0,0.015
0.0,0.015
0.0,0.015
0.0,0.015
0.0,0.015
0.0,0.015
0.0,0.015
0.0,0.015
0.0,0.015
0.0,0.015
0.0,0.015
0.0,0.015
0.0,0.015
0.1,0.015
0.1,0.015
0.1,0.015
0.1,0.015
0.1,0.015
0.1,0.015
0.0,0.015
0.0,0.015
0.0,0.015
0.0,0.015
0.0,0.015
0.0,0.015
0.0,0.015
0.0,0.015
0.0,0.015
0.0,0.015
0.0,0.015
0.0,0.015
0.0,0.015
0.0,0.015
0.0,0.015
0.0,0.015
0.0,0.015
0.0,0.015
0.0,0.015
0.0,0.015
0.0,0.015
0.0,0.015
0.0,0.015
0.0,0.015
0.0,0.015
0.0,0.015
0.0,0.015
0.0,0.015
0.0,0.015
0.0,0.015
0.0,0.015
0.0,0.015
0.1,0.015
0.0,0.015
0.0,0.015
0.0,0.020
0.0,0.020
0.0,0.020
0.0,0.020
0.0,0.020
0.0,0.020
0.0,0.020
0.0,0.020
0.0,0.020
0.0,0.020
0.0,0.020
0.0,0.020
0.0,0.020
0.0,0.020
0.0,0.020
0.0,0.020
0.0,0.020
0.0,0.020
0.0,0.020
0.1,0.020
0.1,0.020
0.1,0.020
0.1,0.020
0.1,0.020
0.1,0.020
0.1,0.020
0.1,0.020
0.1,0.020
0.1,0.020
0.1,0.020
0.1,0.020
0.0,0.020
0.0,0.020
0.0,0.020
0.0,0.020
0.0,0.020
0.0,0.020
0.0,0.020
0.0,0.020
0.0,0.020
0.0,0.020
0.0,0.020
0.0,0.020
0.0,0.020
0.0,0.020
0.0,0.020
0.0,0.020
0.0,0.020
0.0,0.020
0.0,0.020
0.0,0.020
0.0,0.020
0.0,0.020
0.0,0.020
0.0,0.020
0.0,0.020
0.0,0.020
0.0,0.020
0.0,0.020
0.0,0.020
0.0,0.020
0.0,0.020
0.0,0.020
0.0,0.020
0.0,0.020
0.0,0.020
0.0,0.020
0.0,0.020
0.0,0.020
0.0,0.020
0.0,0.020
0.0,0.020
0.0,0.020
0.0,0.020
0.0,0.020
0.0,0.020
0.0,0.020
0.0,0.020
0.0,0.020
0.0,0.020
0.0,0.020
0.0,0.020
0.0,0.020
0.0,0.020
0.0,0.020
0.0,0.020
0.0,0.020
0.0,0.020
0.0,0.020
0.0,0.020
0.1,0.020
0.1,0.020
0.1,0.020
0.1,0.020
0.1,0.020
0.1,0.020
0.1,0.020
0.1,0.020
0.1,0.020
0.0,0.020
0.0,0.020
0.0,0.020
0.0,0.020
0.0,0.020
0.0,0.020
0.0,0.020
0.0,0.020
0.0,0.020
0.0,0.020
0.0,0.020
0.0,0.020
0.0,0.020
0.0,0.020
0.0,0.020
0.0,0.020
0.0,0.020
0.0,0.020
0.0,0.020
0.0,0.020
0.0,0.020
0.0,0.020
0.0,0.020
0.0,0.020
0.0,0.020
0.0,0.020
0.0,0.020
0.0,0.020
0.0,0.020
0.0,0.020
0.0,0.020
0.0,0.020
0.0,0.020
0.0,0.020
0.0,0.020
0.0,0.020
0.0,0.020
0.0,0.020
0.0,0.020
0.0,0.020
0.0,0.020
0.0,0.020
0.0,0.020
0.0,0.020
0.0,0.020
0.0,0.020
0.0,0.020
0.0,0.020
0.0,0.020
0.0,0.020
0.0,0.020
0.0,0.020
0.0,0.020
0.0,0.020
0.0,0.020
0.0,0.020
0.0,0.020
0.0,0.020
0.0,0.020
0.0,0.020
0.0,0.020
0.0,0.020
0.0,0.020
0.0,0.020
0.0,0.020
0.0,0.020
0.0,0.020
0.0,0.020
0.0,0.020
0.0,0.020
0.0,0.020
0.0,0.020
0.0,0.020
0.0,0.020
0.0,0.020
0.0,0.020
0.0,0.020
0.0,0.020
0.0,0.020
0.0,0.020
0.0,0.020
0.0,0.020
0.0,0.020
0.0,0.020
0.0,0.020
0.0,0.020
0.0,0.020
0.0,0.020
0.0,0.020
0.0,0.020
0.0,0.020
0.0,0.020
0.0,0.020
0.0,0.020
0.0,0.020
0.0,0.020
0.0,0.020
0.0,0.020
0.0,0.020
0.0,0.020
0.0,0.020
0.0,0.020
0.0,0.020
0.0,0.020
0.0,0.020
0.0,0.020
0.0,0.020
0.0,0.020
0.0,0.020
0.0,0.020
0.0,0.020
0.0,0.020
0.0,0.020
0.0,0.020
0.0,0.020
0.0,0.020
0.0,0.020
0.0,0.020
0.0,0.020
0.0,0.020
0.0,0.020
0.0,0.020
0.0,0.020
0.0,0.020
0.0,0.020
0.0,0.020
0.0,0.020
0.0,0.020
0.0,0.020
0.0,0.020
0.0,0.020
0.0,0.020
0.0,0.020
0.0,0.020
0.0,0.020
0.0,0.020
0.0,0.020
0.0,0.020
0.0,0.020
0.0,0.020
0.0,0.020
0.0,0.020
0.0,0.020
0.0,0.020
0.0,0.020
0.0,0.020
0.0,0.020
0.0,0.020
0.0,0.020
0.0,0.020
0.0,0.020
0.0,0.020
0.0,0.020
0.0,0.020
0.1,0.020
0.1,0.020
0.1,0.020
0.1,0.020
0.1,0.020
0.1,0.020
0.1,0.020
0.1,0.020
0.0,0.020
0.0,0.020
0.0,0.020
0.0,0.020
0.0,0.020
0.0,0.020
0.0,0.020
0.0,0.020
0.0,0.020
0.0,0.020
0.0,0.020
0.0,0.020
0.0,0.020
0.0,0.020
0.0,0.020
0.0,0.020
0.0,0.020
0.0,0.020
0.0,0.020
0.0,0.020
0.0,0.020
0.0,0.020
0.0,0.020
0.0,0.020
0.0,0.020
0.0,0.020
0.0,0.020
0.0,0.020
0.0,0.020
0.0,0.020
0.0,0.020
0.0,0.020
0.0,0.020
0.0,0.020
0.0,0.020
0.0,0.020
0.0,0.020
0.0,0.020
0.0,0.020
-0.1,0.020
0.0,0.020
0.0,0.020
0.0,0.020
0.0,0.020
0.0,0.020
0.0,0.020
0.0,0.020
0.0,0.020
0.1,0.020
0.1,0.020
0.1,0.025
0.1,0.025
0.1,0.025
0.1,0.025
0.1,0.025
0.1,0.025
0.1,0.025
0.0,0.025
0.0,0.025
0.0,0.025
0.0,0.025
0.0,0.025
0.0,0.025
0.0,0.025
0.0,0.025
0.0,0.025
0.0,0.025
0.0,0.025
0.0,0.025
0.0,0.025
0.0,0.025
0.0,0.025
0.0,0.025
0.1,0.025
0.1,0.025
0.1,0.025
0.1,0.025
0.1,0.025
0.1,0.025
0.0,0.025
0.0,0.025
0.0,0.025
0.0,0.025
0.0,0.025
0.0,0.025
0.0,0.025
0.0,0.025
0.0,0.025
0.0,0.025
0.0,0.025
0.0,0.025
0.0,0.025
0.0,0.025
0.0,0.025
0.0,0.025
0.0,0.025
0.0,0.025
0.0,0.025
0.0,0.025
0.0,0.025
0.0,0.025
0.0,0.025
0.0,0.025
0.0,0.025
0.0,0.025
0.0,0.025
0.0,0.025
0.0,0.025
0.0,0.025
0.0,0.025
0.0,0.025
0.0,0.025
0.0,0.025
0.0,0.025
0.0,0.025
0.0,0.025
0.0,0.025
0.0,0.025
0.0,0.025
0.0,0.025
0.0,0.025
0.0,0.025
0.0,0.025
0.0,0.025
0.0,0.025
0.0,0.025
0.0,0.025
0.0,0.025
0.0,0.025
0.0,0.025
0.0,0.025
0.0,0.025
0.0,0.025
0.0,0.025
0.0,0.025
0.0,0.025
0.0,0.025
0.0,0.025
0.0,0.025
0.0,0.025
0.0,0.025
0.0,0.025
0.0,0.025
0.0,0.025
0.0,0.025
0.0,0.025
0.0,0.025
0.0,0.025
0.0,0.025
0.0,0.025
0.0,0.025
0.0,0.025
0.0,0.025
0.0,0.025
0.0,0.025
0.0,0.025
0.0,0.025
0.0,0.025
0.1,0.025
0.1,0.025
0.1,0.025
0.1,0.025
0.1,0.025
0.1,0.025
0.1,0.025
0.1,0.025
0.1,0.025
0.1,0.025
0.1,0.025
0.1,0.025
0.1,0.025
0.1,0.025
0.1,0.025
0.1,0.025
0.1,0.025
0.0,0.025
0.0,0.025
0.0,0.025
0.0,0.025
0.0,0.025
0.0,0.025
0.0,0.025
0.0,0.025
0.0,0.025
0.0,0.025
0.0,0.025
0.0,0.025
0.0,0.025
0.0,0.025
0.0,0.025
0.0,0.025
0.0,0.025
0.0,0.025
0.0,0.025
0.0,0.025
0.0,0.025
0.0,0.025
0.0,0.025
0.0,0.025
0.0,0.025
0.0,0.025
0.0,0.025
0.0,0.025
0.0,0.025
0.0,0.025
0.0,0.025
