Maximum,190.7,@,No.1158,,,,,,
Minimum,-0.5,@,No.2279,,,,,,
Average,54.74,,,,,,,,
Data Quantity,2295,,,,,,,,
Number of NG,0,,,,,,,,
No.,Force,Unit,Displacement,Unit,Judge,Position,Time,Date,
1,0.0,gf,0.005,mm,OK,--,9:06:07 PM,7/28/2026,
2,0.0,gf,0.005,mm,OK,--,9:06:07 PM,7/28/2026,
3,0.0,gf,0.005,mm,OK,--,9:06:07 PM,7/28/2026,
4,0.0,gf,0.005,mm,OK,--,9:06:07 PM,7/28/2026,
5,0.0,gf,0.005,mm,OK,--,9:06:07 PM,7/28/2026,
6,-0.1,gf,0.005,mm,OK,--,9:06:07 PM,7/28/2026,
7,0.0,gf,0.010,mm,OK,--,9:06:07 PM,7/28/2026,
8,0.0,gf,0.010,mm,OK,--,9:06:07 PM,7/28/2026,
9,0.0,gf,0.010,mm,OK,--,9:06:07 PM,7/28/2026,
10,0.0,gf,0.010,mm,OK,--,9:06:08 PM,7/28/2026,
11,0.1,gf,0.010,mm,OK,--,9:06:08 PM,7/28/2026,
12,0.0,gf,0.010,mm,OK,--,9:06:08 PM,7/28/2026,
13,0.0,gf,0.010,mm,OK,--,9:06:08 PM,7/28/2026,
14,0.0,gf,0.015,mm,OK,--,9:06:08 PM,7/28/2026,
15,0.0,gf,0.015,mm,OK,--,9:06:08 PM,7/28/2026,
16,0.0,gf,0.015,mm,OK,--,9:06:08 PM,7/28/2026,
17,0.0,gf,0.015,mm,OK,--,9:06:08 PM,7/28/2026,
18,0.0,gf,0.015,mm,OK,--,9:06:08 PM,7/28/2026,
19,0.0,gf,0.015,mm,OK,--,9:06:08 PM,7/28/2026,
20,-0.1,gf,0.020,mm,OK,--,9:06:09 PM,7/28/2026,
21,0.0,gf,0.020,mm,OK,--,9:06:09 PM,7/28/2026,
22,0.0,gf,0.020,mm,OK,--,9:06:09 PM,7/28/2026,
23,0.0,gf,0.025,mm,OK,--,9:06:09 PM,7/28/2026,
24,0.0,gf,0.025,mm,OK,--,9:06:09 PM,7/28/2026,
25,0.0,gf,0.035,mm,OK,--,9:06:09 PM,7/28/2026,
26,0.0,gf,0.035,mm,OK,--,9:06:09 PM,7/28/2026,
27,0.0,gf,0.040,mm,OK,--,9:06:09 PM,7/28/2026,
28,-0.1,gf,0.040,mm,OK,--,9:06:09 PM,7/28/2026,
29,0.0,gf,0.045,mm,OK,--,9:06:09 PM,7/28/2026,
30,0.0,gf,0.045,mm,OK,--,9:06:10 PM,7/28/2026,
31,0.0,gf,0.050,mm,OK,--,9:06:10 PM,7/28/2026,
32,0.0,gf,0.055,mm,OK,--,9:06:10 PM,7/28/2026,
33,0.0,gf,0.055,mm,OK,--,9:06:10 PM,7/28/2026,
34,0.0,gf,0.060,mm,OK,--,9:06:10 PM,7/28/2026,
35,0.0,gf,0.065,mm,OK,--,9:06:10 PM,7/28/2026,
36,0.0,gf,0.065,mm,OK,--,9:06:10 PM,7/28/2026,
37,0.0,gf,0.070,mm,OK,--,9:06:10 PM,7/28/2026,
38,0.0,gf,0.075,mm,OK,--,9:06:10 PM,7/28/2026,
39,0.0,gf,0.080,mm,OK,--,9:06:10 PM,7/28/2026,
40,0.0,gf,0.085,mm,OK,--,9:06:11 PM,7/28/2026,
41,0.0,gf,0.090,mm,OK,--,9:06:11 PM,7/28/2026,
42,-0.1,gf,0.090,mm,OK,--,9:06:11 PM,7/28/2026,
43,0.0,gf,0.095,mm,OK,--,9:06:11 PM,7/28/2026,
44,0.0,gf,0.100,mm,OK,--,9:06:11 PM,7/28/2026,
45,0.0,gf,0.105,mm,OK,--,9:06:11 PM,7/28/2026,
46,0.0,gf,0.105,mm,OK,--,9:06:11 PM,7/28/2026,
47,0.0,gf,0.110,mm,OK,--,9:06:11 PM,7/28/2026,
48,0.0,gf,0.110,mm,OK,--,9:06:11 PM,7/28/2026,
49,0.0,gf,0.115,mm,OK,--,9:06:11 PM,7/28/2026,
50,0.0,gf,0.120,mm,OK,--,9:06:12 PM,7/28/2026,
51,0.0,gf,0.120,mm,OK,--,9:06:12 PM,7/28/2026,
52,0.0,gf,0.125,mm,OK,--,9:06:12 PM,7/28/2026,
53,-0.1,gf,0.130,mm,OK,--,9:06:12 PM,7/28/2026,
54,1.7,gf,0.130,mm,OK,--,9:06:12 PM,7/28/2026,
55,4.4,gf,0.135,mm,OK,--,9:06:12 PM,7/28/2026,
56,7.3,gf,0.140,mm,OK,--,9:06:12 PM,7/28/2026,
57,9.7,gf,0.140,mm,OK,--,9:06:12 PM,7/28/2026,
58,11.6,gf,0.145,mm,OK,--,9:06:12 PM,7/28/2026,
59,13.1,gf,0.145,mm,OK,--,9:06:12 PM,7/28/2026,
60,15.3,gf,0.145,mm,OK,--,9:06:13 PM,7/28/2026,
61,17.4,gf,0.150,mm,OK,--,9:06:13 PM,7/28/2026,
62,19.2,gf,0.150,mm,OK,--,9:06:13 PM,7/28/2026,
63,21.7,gf,0.155,mm,OK,--,9:06:13 PM,7/28/2026,
64,24.1,gf,0.160,mm,OK,--,9:06:13 PM,7/28/2026,
65,26.3,gf,0.160,mm,OK,--,9:06:13 PM,7/28/2026,
66,28.2,gf,0.165,mm,OK,--,9:06:13 PM,7/28/2026,
67,29.9,gf,0.165,mm,OK,--,9:06:13 PM,7/28/2026,
68,31.8,gf,0.170,mm,OK,--,9:06:13 PM,7/28/2026,
69,33.4,gf,0.175,mm,OK,--,9:06:13 PM,7/28/2026,
70,35.0,gf,0.175,mm,OK,--,9:06:14 PM,7/28/2026,
71,35.9,gf,0.180,mm,OK,--,9:06:14 PM,7/28/2026,
72,36.9,gf,0.185,mm,OK,--,9:06:14 PM,7/28/2026,
73,37.7,gf,0.190,mm,OK,--,9:06:14 PM,7/28/2026,
74,38.4,gf,0.190,mm,OK,--,9:06:14 PM,7/28/2026,
75,38.7,gf,0.195,mm,OK,--,9:06:14 PM,7/28/2026,
76,38.6,gf,0.195,mm,OK,--,9:06:14 PM,7/28/2026,
77,38.5,gf,0.200,mm,OK,--,9:06:14 PM,7/28/2026,
78,38.7,gf,0.205,mm,OK,--,9:06:14 PM,7/28/2026,
79,39.0,gf,0.205,mm,OK,--,9:06:14 PM,7/28/2026,
80,39.8,gf,0.205,mm,OK,--,9:06:15 PM,7/28/2026,
81,40.5,gf,0.210,mm,OK,--,9:06:15 PM,7/28/2026,
82,41.1,gf,0.210,mm,OK,--,9:06:15 PM,7/28/2026,
83,41.8,gf,0.215,mm,OK,--,9:06:15 PM,7/28/2026,
84,42.0,gf,0.215,mm,OK,--,9:06:15 PM,7/28/2026,
85,42.1,gf,0.220,mm,OK,--,9:06:15 PM,7/28/2026,
86,41.9,gf,0.225,mm,OK,--,9:06:15 PM,7/28/2026,
87,41.6,gf,0.225,mm,OK,--,9:06:15 PM,7/28/2026,
88,41.5,gf,0.230,mm,OK,--,9:06:15 PM,7/28/2026,
89,41.6,gf,0.235,mm,OK,--,9:06:15 PM,7/28/2026,
90,41.4,gf,0.240,mm,OK,--,9:06:16 PM,7/28/2026,
91,41.3,gf,0.240,mm,OK,--,9:06:16 PM,7/28/2026,
92,41.3,gf,0.245,mm,OK,--,9:06:16 PM,7/28/2026,
93,41.2,gf,0.250,mm,OK,--,9:06:16 PM,7/28/2026,
94,41.1,gf,0.250,mm,OK,--,9:06:16 PM,7/28/2026,
95,41.0,gf,0.255,mm,OK,--,9:06:16 PM,7/28/2026,
96,41.2,gf,0.255,mm,OK,--,9:06:16 PM,7/28/2026,
97,41.3,gf,0.255,mm,OK,--,9:06:16 PM,7/28/2026,
98,41.3,gf,0.260,mm,OK,--,9:06:16 PM,7/28/2026,
99,41.4,gf,0.260,mm,OK,--,9:06:16 PM,7/28/2026,
100,41.4,gf,0.265,mm,OK,--,9:06:17 PM,7/28/2026,
101,41.1,gf,0.270,mm,OK,--,9:06:17 PM,7/28/2026,
102,41.0,gf,0.270,mm,OK,--,9:06:17 PM,7/28/2026,
103,41.3,gf,0.270,mm,OK,--,9:06:17 PM,7/28/2026,
104,41.4,gf,0.275,mm,OK,--,9:06:17 PM,7/28/2026,
105,41.3,gf,0.280,mm,OK,--,9:06:17 PM,7/28/2026,
106,41.2,gf,0.285,mm,OK,--,9:06:17 PM,7/28/2026,
107,41.1,gf,0.285,mm,OK,--,9:06:17 PM,7/28/2026,
108,41.2,gf,0.290,mm,OK,--,9:06:17 PM,7/28/2026,
109,41.2,gf,0.295,mm,OK,--,9:06:17 PM,7/28/2026,
110,41.3,gf,0.300,mm,OK,--,9:06:18 PM,7/28/2026,
111,41.3,gf,0.305,mm,OK,--,9:06:18 PM,7/28/2026,
112,41.1,gf,0.310,mm,OK,--,9:06:18 PM,7/28/2026,
113,41.1,gf,0.310,mm,OK,--,9:06:18 PM,7/28/2026,
114,41.1,gf,0.315,mm,OK,--,9:06:18 PM,7/28/2026,
115,41.3,gf,0.320,mm,OK,--,9:06:18 PM,7/28/2026,
116,41.2,gf,0.320,mm,OK,--,9:06:18 PM,7/28/2026,
117,41.2,gf,0.325,mm,OK,--,9:06:18 PM,7/28/2026,
118,41.1,gf,0.330,mm,OK,--,9:06:18 PM,7/28/2026,
119,41.1,gf,0.335,mm,OK,--,9:06:18 PM,7/28/2026,
120,41.1,gf,0.335,mm,OK,--,9:06:19 PM,7/28/2026,
121,41.0,gf,0.340,mm,OK,--,9:06:19 PM,7/28/2026,
122,41.2,gf,0.340,mm,OK,--,9:06:19 PM,7/28/2026,
123,41.2,gf,0.345,mm,OK,--,9:06:19 PM,7/28/2026,
124,41.2,gf,0.350,mm,OK,--,9:06:19 PM,7/28/2026,
125,41.2,gf,0.350,mm,OK,--,9:06:19 PM,7/28/2026,
126,41.1,gf,0.355,mm,OK,--,9:06:19 PM,7/28/2026,
127,41.1,gf,0.360,mm,OK,--,9:06:19 PM,7/28/2026,
128,41.2,gf,0.365,mm,OK,--,9:06:19 PM,7/28/2026,
129,41.2,gf,0.365,mm,OK,--,9:06:19 PM,7/28/2026,
130,41.2,gf,0.370,mm,OK,--,9:06:20 PM,7/28/2026,
131,41.2,gf,0.375,mm,OK,--,9:06:20 PM,7/28/2026,
132,41.3,gf,0.385,mm,OK,--,9:06:20 PM,7/28/2026,
133,41.2,gf,0.390,mm,OK,--,9:06:20 PM,7/28/2026,
134,41.1,gf,0.395,mm,OK,--,9:06:20 PM,7/28/2026,
135,41.1,gf,0.400,mm,OK,--,9:06:20 PM,7/28/2026,
136,41.2,gf,0.405,mm,OK,--,9:06:20 PM,7/28/2026,
137,41.2,gf,0.410,mm,OK,--,9:06:20 PM,7/28/2026,
138,41.2,gf,0.415,mm,OK,--,9:06:20 PM,7/28/2026,
139,41.1,gf,0.425,mm,OK,--,9:06:20 PM,7/28/2026,
140,41.1,gf,0.430,mm,OK,--,9:06:21 PM,7/28/2026,
141,41.1,gf,0.435,mm,OK,--,9:06:21 PM,7/28/2026,
142,41.1,gf,0.435,mm,OK,--,9:06:21 PM,7/28/2026,
143,41.1,gf,0.440,mm,OK,--,9:06:21 PM,7/28/2026,
144,41.1,gf,0.445,mm,OK,--,9:06:21 PM,7/28/2026,
145,41.2,gf,0.445,mm,OK,--,9:06:21 PM,7/28/2026,
146,41.2,gf,0.450,mm,OK,--,9:06:21 PM,7/28/2026,
147,41.2,gf,0.455,mm,OK,--,9:06:21 PM,7/28/2026,
148,41.3,gf,0.455,mm,OK,--,9:06:21 PM,7/28/2026,
149,41.3,gf,0.460,mm,OK,--,9:06:21 PM,7/28/2026,
150,41.3,gf,0.460,mm,OK,--,9:06:22 PM,7/28/2026,
151,41.4,gf,0.465,mm,OK,--,9:06:22 PM,7/28/2026,
152,41.3,gf,0.470,mm,OK,--,9:06:22 PM,7/28/2026,
153,41.3,gf,0.470,mm,OK,--,9:06:22 PM,7/28/2026,
154,41.3,gf,0.470,mm,OK,--,9:06:22 PM,7/28/2026,
155,41.3,gf,0.475,mm,OK,--,9:06:22 PM,7/28/2026,
156,41.2,gf,0.475,mm,OK,--,9:06:22 PM,7/28/2026,
157,41.2,gf,0.475,mm,OK,--,9:06:22 PM,7/28/2026,
158,41.4,gf,0.480,mm,OK,--,9:06:22 PM,7/28/2026,
159,41.5,gf,0.485,mm,OK,--,9:06:23 PM,7/28/2026,
160,41.5,gf,0.490,mm,OK,--,9:06:23 PM,7/28/2026,
161,41.3,gf,0.495,mm,OK,--,9:06:23 PM,7/28/2026,
162,41.3,gf,0.500,mm,OK,--,9:06:23 PM,7/28/2026,
163,41.3,gf,0.505,mm,OK,--,9:06:23 PM,7/28/2026,
164,41.3,gf,0.510,mm,OK,--,9:06:23 PM,7/28/2026,
165,41.3,gf,0.515,mm,OK,--,9:06:23 PM,7/28/2026,
166,41.3,gf,0.520,mm,OK,--,9:06:23 PM,7/28/2026,
167,41.3,gf,0.525,mm,OK,--,9:06:23 PM,7/28/2026,
168,41.1,gf,0.525,mm,OK,--,9:06:23 PM,7/28/2026,
169,41.0,gf,0.530,mm,OK,--,9:06:23 PM,7/28/2026,
170,40.9,gf,0.530,mm,OK,--,9:06:24 PM,7/28/2026,
171,40.8,gf,0.530,mm,OK,--,9:06:24 PM,7/28/2026,
172,40.9,gf,0.530,mm,OK,--,9:06:24 PM,7/28/2026,
173,41.0,gf,0.530,mm,OK,--,9:06:24 PM,7/28/2026,
174,41.1,gf,0.535,mm,OK,--,9:06:24 PM,7/28/2026,
175,41.4,gf,0.535,mm,OK,--,9:06:24 PM,7/28/2026,
176,41.1,gf,0.540,mm,OK,--,9:06:24 PM,7/28/2026,
177,41.0,gf,0.540,mm,OK,--,9:06:24 PM,7/28/2026,
178,40.9,gf,0.540,mm,OK,--,9:06:24 PM,7/28/2026,
179,41.0,gf,0.540,mm,OK,--,9:06:24 PM,7/28/2026,
180,40.9,gf,0.540,mm,OK,--,9:06:25 PM,7/28/2026,
181,40.9,gf,0.545,mm,OK,--,9:06:25 PM,7/28/2026,
182,40.8,gf,0.545,mm,OK,--,9:06:25 PM,7/28/2026,
183,40.9,gf,0.545,mm,OK,--,9:06:25 PM,7/28/2026,
184,41.0,gf,0.545,mm,OK,--,9:06:25 PM,7/28/2026,
185,41.1,gf,0.545,mm,OK,--,9:06:25 PM,7/28/2026,
186,41.2,gf,0.545,mm,OK,--,9:06:25 PM,7/28/2026,
187,41.1,gf,0.545,mm,OK,--,9:06:25 PM,7/28/2026,
188,41.3,gf,0.545,mm,OK,--,9:06:25 PM,7/28/2026,
189,41.3,gf,0.545,mm,OK,--,9:06:25 PM,7/28/2026,
190,41.3,gf,0.550,mm,OK,--,9:06:26 PM,7/28/2026,
191,41.3,gf,0.550,mm,OK,--,9:06:26 PM,7/28/2026,
192,41.2,gf,0.550,mm,OK,--,9:06:26 PM,7/28/2026,
193,41.2,gf,0.550,mm,OK,--,9:06:26 PM,7/28/2026,
194,41.3,gf,0.555,mm,OK,--,9:06:26 PM,7/28/2026,
195,41.2,gf,0.555,mm,OK,--,9:06:26 PM,7/28/2026,
196,41.1,gf,0.555,mm,OK,--,9:06:26 PM,7/28/2026,
197,41.1,gf,0.555,mm,OK,--,9:06:26 PM,7/28/2026,
198,41.0,gf,0.555,mm,OK,--,9:06:26 PM,7/28/2026,
199,41.1,gf,0.560,mm,OK,--,9:06:26 PM,7/28/2026,
200,41.1,gf,0.560,mm,OK,--,9:06:27 PM,7/28/2026,
201,41.2,gf,0.560,mm,OK,--,9:06:27 PM,7/28/2026,
202,41.2,gf,0.560,mm,OK,--,9:06:27 PM,7/28/2026,
203,41.2,gf,0.560,mm,OK,--,9:06:27 PM,7/28/2026,
204,41.3,gf,0.560,mm,OK,--,9:06:27 PM,7/28/2026,
205,41.4,gf,0.565,mm,OK,--,9:06:27 PM,7/28/2026,
206,41.3,gf,0.565,mm,OK,--,9:06:27 PM,7/28/2026,
207,41.2,gf,0.565,mm,OK,--,9:06:27 PM,7/28/2026,
208,41.1,gf,0.565,mm,OK,--,9:06:27 PM,7/28/2026,
209,41.1,gf,0.565,mm,OK,--,9:06:27 PM,7/28/2026,
210,41.2,gf,0.565,mm,OK,--,9:06:28 PM,7/28/2026,
211,41.2,gf,0.570,mm,OK,--,9:06:28 PM,7/28/2026,
212,41.3,gf,0.570,mm,OK,--,9:06:28 PM,7/28/2026,
213,41.3,gf,0.570,mm,OK,--,9:06:28 PM,7/28/2026,
214,41.3,gf,0.570,mm,OK,--,9:06:28 PM,7/28/2026,
215,41.3,gf,0.570,mm,OK,--,9:06:28 PM,7/28/2026,
216,41.1,gf,0.570,mm,OK,--,9:06:28 PM,7/28/2026,
217,41.3,gf,0.570,mm,OK,--,9:06:28 PM,7/28/2026,
218,41.3,gf,0.575,mm,OK,--,9:06:28 PM,7/28/2026,
219,41.1,gf,0.575,mm,OK,--,9:06:28 PM,7/28/2026,
220,41.3,gf,0.575,mm,OK,--,9:06:29 PM,7/28/2026,
221,41.3,gf,0.575,mm,OK,--,9:06:29 PM,7/28/2026,
222,41.3,gf,0.575,mm,OK,--,9:06:29 PM,7/28/2026,
223,41.4,gf,0.575,mm,OK,--,9:06:29 PM,7/28/2026,
224,41.4,gf,0.575,mm,OK,--,9:06:29 PM,7/28/2026,
225,41.5,gf,0.575,mm,OK,--,9:06:29 PM,7/28/2026,
226,41.7,gf,0.580,mm,OK,--,9:06:29 PM,7/28/2026,
227,41.6,gf,0.585,mm,OK,--,9:06:29 PM,7/28/2026,
228,41.4,gf,0.585,mm,OK,--,9:06:29 PM,7/28/2026,
229,41.4,gf,0.590,mm,OK,--,9:06:29 PM,7/28/2026,
230,41.3,gf,0.595,mm,OK,--,9:06:30 PM,7/28/2026,
231,41.3,gf,0.595,mm,OK,--,9:06:30 PM,7/28/2026,
232,41.2,gf,0.600,mm,OK,--,9:06:30 PM,7/28/2026,
233,41.1,gf,0.605,mm,OK,--,9:06:30 PM,7/28/2026,
234,41.1,gf,0.605,mm,OK,--,9:06:30 PM,7/28/2026,
235,41.0,gf,0.610,mm,OK,--,9:06:30 PM,7/28/2026,
236,41.0,gf,0.610,mm,OK,--,9:06:30 PM,7/28/2026,
237,41.0,gf,0.615,mm,OK,--,9:06:30 PM,7/28/2026,
238,40.9,gf,0.620,mm,OK,--,9:06:30 PM,7/28/2026,
239,41.0,gf,0.620,mm,OK,--,9:06:30 PM,7/28/2026,
240,42.1,gf,0.625,mm,OK,--,9:06:31 PM,7/28/2026,
241,44.1,gf,0.630,mm,OK,--,9:06:31 PM,7/28/2026,
242,45.7,gf,0.630,mm,OK,--,9:06:31 PM,7/28/2026,
243,45.8,gf,0.635,mm,OK,--,9:06:31 PM,7/28/2026,
244,45.7,gf,0.640,mm,OK,--,9:06:31 PM,7/28/2026,
245,45.8,gf,0.640,mm,OK,--,9:06:31 PM,7/28/2026,
246,46.5,gf,0.645,mm,OK,--,9:06:31 PM,7/28/2026,
247,46.9,gf,0.645,mm,OK,--,9:06:31 PM,7/28/2026,
248,47.4,gf,0.650,mm,OK,--,9:06:31 PM,7/28/2026,
249,47.7,gf,0.655,mm,OK,--,9:06:31 PM,7/28/2026,
250,48.1,gf,0.660,mm,OK,--,9:06:32 PM,7/28/2026,
251,48.3,gf,0.665,mm,OK,--,9:06:32 PM,7/28/2026,
252,48.6,gf,0.670,mm,OK,--,9:06:32 PM,7/28/2026,
253,48.7,gf,0.675,mm,OK,--,9:06:32 PM,7/28/2026,
254,48.7,gf,0.680,mm,OK,--,9:06:32 PM,7/28/2026,
255,48.9,gf,0.685,mm,OK,--,9:06:32 PM,7/28/2026,
256,48.8,gf,0.690,mm,OK,--,9:06:32 PM,7/28/2026,
257,48.9,gf,0.690,mm,OK,--,9:06:32 PM,7/28/2026,
258,48.9,gf,0.695,mm,OK,--,9:06:32 PM,7/28/2026,
259,48.8,gf,0.695,mm,OK,--,9:06:32 PM,7/28/2026,
260,48.9,gf,0.695,mm,OK,--,9:06:33 PM,7/28/2026,
261,49.0,gf,0.700,mm,OK,--,9:06:33 PM,7/28/2026,
262,49.2,gf,0.700,mm,OK,--,9:06:33 PM,7/28/2026,
263,48.9,gf,0.705,mm,OK,--,9:06:33 PM,7/28/2026,
264,48.9,gf,0.705,mm,OK,--,9:06:33 PM,7/28/2026,
265,49.0,gf,0.705,mm,OK,--,9:06:33 PM,7/28/2026,
266,49.2,gf,0.710,mm,OK,--,9:06:33 PM,7/28/2026,
267,49.2,gf,0.710,mm,OK,--,9:06:33 PM,7/28/2026,
268,49.1,gf,0.710,mm,OK,--,9:06:33 PM,7/28/2026,
269,49.0,gf,0.715,mm,OK,--,9:06:33 PM,7/28/2026,
270,49.3,gf,0.715,mm,OK,--,9:06:34 PM,7/28/2026,
271,49.2,gf,0.720,mm,OK,--,9:06:34 PM,7/28/2026,
272,49.2,gf,0.725,mm,OK,--,9:06:34 PM,7/28/2026,
273,49.2,gf,0.725,mm,OK,--,9:06:34 PM,7/28/2026,
274,49.1,gf,0.730,mm,OK,--,9:06:34 PM,7/28/2026,
275,49.1,gf,0.730,mm,OK,--,9:06:34 PM,7/28/2026,
276,48.9,gf,0.730,mm,OK,--,9:06:34 PM,7/28/2026,
277,48.9,gf,0.730,mm,OK,--,9:06:34 PM,7/28/2026,
278,49.2,gf,0.735,mm,OK,--,9:06:34 PM,7/28/2026,
279,49.1,gf,0.735,mm,OK,--,9:06:34 PM,7/28/2026,
280,49.1,gf,0.735,mm,OK,--,9:06:35 PM,7/28/2026,
281,49.1,gf,0.735,mm,OK,--,9:06:35 PM,7/28/2026,
282,49.1,gf,0.735,mm,OK,--,9:06:35 PM,7/28/2026,
283,49.3,gf,0.735,mm,OK,--,9:06:35 PM,7/28/2026,
284,49.2,gf,0.740,mm,OK,--,9:06:35 PM,7/28/2026,
285,49.2,gf,0.740,mm,OK,--,9:06:35 PM,7/28/2026,
286,49.4,gf,0.740,mm,OK,--,9:06:35 PM,7/28/2026,
287,49.4,gf,0.740,mm,OK,--,9:06:35 PM,7/28/2026,
288,49.3,gf,0.740,mm,OK,--,9:06:35 PM,7/28/2026,
289,49.4,gf,0.740,mm,OK,--,9:06:35 PM,7/28/2026,
290,49.4,gf,0.745,mm,OK,--,9:06:36 PM,7/28/2026,
291,49.5,gf,0.745,mm,OK,--,9:06:36 PM,7/28/2026,
292,49.5,gf,0.745,mm,OK,--,9:06:36 PM,7/28/2026,
293,49.5,gf,0.745,mm,OK,--,9:06:36 PM,7/28/2026,
294,49.6,gf,0.750,mm,OK,--,9:06:36 PM,7/28/2026,
295,49.6,gf,0.750,mm,OK,--,9:06:36 PM,7/28/2026,
296,49.5,gf,0.750,mm,OK,--,9:06:36 PM,7/28/2026,
297,49.5,gf,0.755,mm,OK,--,9:06:36 PM,7/28/2026,
298,49.4,gf,0.755,mm,OK,--,9:06:36 PM,7/28/2026,
299,49.5,gf,0.755,mm,OK,--,9:06:36 PM,7/28/2026,
300,49.6,gf,0.760,mm,OK,--,9:06:37 PM,7/28/2026,
301,49.6,gf,0.760,mm,OK,--,9:06:37 PM,7/28/2026,
302,49.7,gf,0.765,mm,OK,--,9:06:37 PM,7/28/2026,
303,49.6,gf,0.765,mm,OK,--,9:06:37 PM,7/28/2026,
304,49.5,gf,0.765,mm,OK,--,9:06:37 PM,7/28/2026,
305,49.4,gf,0.770,mm,OK,--,9:06:37 PM,7/28/2026,
306,49.6,gf,0.770,mm,OK,--,9:06:37 PM,7/28/2026,
307,49.5,gf,0.775,mm,OK,--,9:06:37 PM,7/28/2026,
308,49.6,gf,0.775,mm,OK,--,9:06:37 PM,7/28/2026,
309,49.7,gf,0.775,mm,OK,--,9:06:37 PM,7/28/2026,
310,49.6,gf,0.780,mm,OK,--,9:06:38 PM,7/28/2026,
311,49.6,gf,0.780,mm,OK,--,9:06:38 PM,7/28/2026,
312,49.7,gf,0.785,mm,OK,--,9:06:38 PM,7/28/2026,
313,49.7,gf,0.785,mm,OK,--,9:06:38 PM,7/28/2026,
314,49.7,gf,0.785,mm,OK,--,9:06:38 PM,7/28/2026,
315,49.7,gf,0.790,mm,OK,--,9:06:38 PM,7/28/2026,
316,49.7,gf,0.790,mm,OK,--,9:06:38 PM,7/28/2026,
317,49.7,gf,0.795,mm,OK,--,9:06:38 PM,7/28/2026,
318,49.7,gf,0.795,mm,OK,--,9:06:38 PM,7/28/2026,
319,49.6,gf,0.795,mm,OK,--,9:06:38 PM,7/28/2026,
320,49.5,gf,0.800,mm,OK,--,9:06:39 PM,7/28/2026,
321,49.6,gf,0.800,mm,OK,--,9:06:39 PM,7/28/2026,
322,49.6,gf,0.800,mm,OK,--,9:06:39 PM,7/28/2026,
323,49.6,gf,0.805,mm,OK,--,9:06:39 PM,7/28/2026,
324,49.7,gf,0.805,mm,OK,--,9:06:39 PM,7/28/2026,
325,49.6,gf,0.805,mm,OK,--,9:06:39 PM,7/28/2026,
326,49.7,gf,0.810,mm,OK,--,9:06:39 PM,7/28/2026,
327,49.7,gf,0.810,mm,OK,--,9:06:39 PM,7/28/2026,
328,49.7,gf,0.815,mm,OK,--,9:06:39 PM,7/28/2026,
329,49.8,gf,0.815,mm,OK,--,9:06:39 PM,7/28/2026,
330,49.8,gf,0.820,mm,OK,--,9:06:40 PM,7/28/2026,
331,49.8,gf,0.820,mm,OK,--,9:06:40 PM,7/28/2026,
332,49.9,gf,0.825,mm,OK,--,9:06:40 PM,7/28/2026,
333,50.0,gf,0.825,mm,OK,--,9:06:40 PM,7/28/2026,
334,50.0,gf,0.830,mm,OK,--,9:06:40 PM,7/28/2026,
335,49.9,gf,0.830,mm,OK,--,9:06:40 PM,7/28/2026,
336,50.1,gf,0.835,mm,OK,--,9:06:40 PM,7/28/2026,
337,50.1,gf,0.840,mm,OK,--,9:06:40 PM,7/28/2026,
338,50.0,gf,0.845,mm,OK,--,9:06:40 PM,7/28/2026,
339,50.0,gf,0.845,mm,OK,--,9:06:40 PM,7/28/2026,
340,50.4,gf,0.850,mm,OK,--,9:06:41 PM,7/28/2026,
341,51.1,gf,0.855,mm,OK,--,9:06:41 PM,7/28/2026,
342,51.6,gf,0.860,mm,OK,--,9:06:41 PM,7/28/2026,
343,52.1,gf,0.865,mm,OK,--,9:06:41 PM,7/28/2026,
344,52.5,gf,0.865,mm,OK,--,9:06:41 PM,7/28/2026,
345,52.9,gf,0.870,mm,OK,--,9:06:41 PM,7/28/2026,
346,53.3,gf,0.875,mm,OK,--,9:06:41 PM,7/28/2026,
347,53.6,gf,0.875,mm,OK,--,9:06:41 PM,7/28/2026,
348,53.9,gf,0.880,mm,OK,--,9:06:41 PM,7/28/2026,
349,54.0,gf,0.885,mm,OK,--,9:06:41 PM,7/28/2026,
350,54.0,gf,0.885,mm,OK,--,9:06:42 PM,7/28/2026,
351,54.1,gf,0.890,mm,OK,--,9:06:42 PM,7/28/2026,
352,54.0,gf,0.895,mm,OK,--,9:06:42 PM,7/28/2026,
353,54.0,gf,0.900,mm,OK,--,9:06:42 PM,7/28/2026,
354,54.0,gf,0.900,mm,OK,--,9:06:42 PM,7/28/2026,
355,54.0,gf,0.905,mm,OK,--,9:06:42 PM,7/28/2026,
356,54.0,gf,0.905,mm,OK,--,9:06:42 PM,7/28/2026,
357,54.1,gf,0.910,mm,OK,--,9:06:42 PM,7/28/2026,
358,54.1,gf,0.910,mm,OK,--,9:06:42 PM,7/28/2026,
359,54.1,gf,0.910,mm,OK,--,9:06:42 PM,7/28/2026,
360,54.3,gf,0.915,mm,OK,--,9:06:43 PM,7/28/2026,
361,54.4,gf,0.915,mm,OK,--,9:06:43 PM,7/28/2026,
362,54.4,gf,0.920,mm,OK,--,9:06:43 PM,7/28/2026,
363,54.4,gf,0.925,mm,OK,--,9:06:43 PM,7/28/2026,
364,54.4,gf,0.925,mm,OK,--,9:06:43 PM,7/28/2026,
365,54.4,gf,0.930,mm,OK,--,9:06:43 PM,7/28/2026,
366,54.4,gf,0.930,mm,OK,--,9:06:43 PM,7/28/2026,
367,54.4,gf,0.935,mm,OK,--,9:06:43 PM,7/28/2026,
368,54.5,gf,0.935,mm,OK,--,9:06:43 PM,7/28/2026,
369,54.4,gf,0.935,mm,OK,--,9:06:43 PM,7/28/2026,
370,54.4,gf,0.940,mm,OK,--,9:06:44 PM,7/28/2026,
371,54.5,gf,0.940,mm,OK,--,9:06:44 PM,7/28/2026,
372,54.5,gf,0.940,mm,OK,--,9:06:44 PM,7/28/2026,
373,54.5,gf,0.945,mm,OK,--,9:06:44 PM,7/28/2026,
374,54.6,gf,0.945,mm,OK,--,9:06:44 PM,7/28/2026,
375,54.6,gf,0.945,mm,OK,--,9:06:44 PM,7/28/2026,
376,54.7,gf,0.950,mm,OK,--,9:06:44 PM,7/28/2026,
377,54.7,gf,0.950,mm,OK,--,9:06:44 PM,7/28/2026,
378,54.6,gf,0.950,mm,OK,--,9:06:44 PM,7/28/2026,
379,54.6,gf,0.955,mm,OK,--,9:06:44 PM,7/28/2026,
380,54.6,gf,0.955,mm,OK,--,9:06:45 PM,7/28/2026,
381,54.8,gf,0.955,mm,OK,--,9:06:45 PM,7/28/2026,
382,54.7,gf,0.960,mm,OK,--,9:06:45 PM,7/28/2026,
383,54.6,gf,0.960,mm,OK,--,9:06:45 PM,7/28/2026,
384,54.6,gf,0.965,mm,OK,--,9:06:45 PM,7/28/2026,
385,54.7,gf,0.965,mm,OK,--,9:06:45 PM,7/28/2026,
386,54.8,gf,0.970,mm,OK,--,9:06:45 PM,7/28/2026,
387,54.8,gf,0.970,mm,OK,--,9:06:45 PM,7/28/2026,
388,54.9,gf,0.970,mm,OK,--,9:06:45 PM,7/28/2026,
389,54.9,gf,0.975,mm,OK,--,9:06:45 PM,7/28/2026,
390,55.0,gf,0.975,mm,OK,--,9:06:46 PM,7/28/2026,
391,55.0,gf,0.975,mm,OK,--,9:06:46 PM,7/28/2026,
392,55.1,gf,0.980,mm,OK,--,9:06:46 PM,7/28/2026,
393,55.1,gf,0.980,mm,OK,--,9:06:46 PM,7/28/2026,
394,55.2,gf,0.980,mm,OK,--,9:06:46 PM,7/28/2026,
395,55.2,gf,0.985,mm,OK,--,9:06:46 PM,7/28/2026,
396,55.2,gf,0.985,mm,OK,--,9:06:46 PM,7/28/2026,
397,55.2,gf,0.985,mm,OK,--,9:06:46 PM,7/28/2026,
398,55.3,gf,0.990,mm,OK,--,9:06:46 PM,7/28/2026,
399,55.2,gf,0.990,mm,OK,--,9:06:46 PM,7/28/2026,
400,55.2,gf,0.990,mm,OK,--,9:06:47 PM,7/28/2026,
401,55.2,gf,0.990,mm,OK,--,9:06:47 PM,7/28/2026,
402,55.2,gf,0.995,mm,OK,--,9:06:47 PM,7/28/2026,
403,55.2,gf,0.995,mm,OK,--,9:06:47 PM,7/28/2026,
404,55.2,gf,0.995,mm,OK,--,9:06:47 PM,7/28/2026,
405,55.2,gf,0.995,mm,OK,--,9:06:47 PM,7/28/2026,
406,55.3,gf,0.995,mm,OK,--,9:06:47 PM,7/28/2026,
407,55.3,gf,1.000,mm,OK,--,9:06:47 PM,7/28/2026,
408,55.4,gf,1.000,mm,OK,--,9:06:47 PM,7/28/2026,
409,55.5,gf,1.000,mm,OK,--,9:06:47 PM,7/28/2026,
410,55.3,gf,1.000,mm,OK,--,9:06:48 PM,7/28/2026,
411,55.3,gf,1.000,mm,OK,--,9:06:48 PM,7/28/2026,
412,55.5,gf,1.005,mm,OK,--,9:06:48 PM,7/28/2026,
413,55.6,gf,1.005,mm,OK,--,9:06:48 PM,7/28/2026,
414,55.6,gf,1.005,mm,OK,--,9:06:48 PM,7/28/2026,
415,55.6,gf,1.010,mm,OK,--,9:06:48 PM,7/28/2026,
416,55.6,gf,1.010,mm,OK,--,9:06:48 PM,7/28/2026,
417,55.6,gf,1.015,mm,OK,--,9:06:48 PM,7/28/2026,
418,55.4,gf,1.020,mm,OK,--,9:06:48 PM,7/28/2026,
419,55.5,gf,1.020,mm,OK,--,9:06:48 PM,7/28/2026,
420,55.6,gf,1.025,mm,OK,--,9:06:49 PM,7/28/2026,
421,55.7,gf,1.030,mm,OK,--,9:06:49 PM,7/28/2026,
422,55.6,gf,1.030,mm,OK,--,9:06:49 PM,7/28/2026,
423,55.7,gf,1.035,mm,OK,--,9:06:49 PM,7/28/2026,
424,55.6,gf,1.040,mm,OK,--,9:06:49 PM,7/28/2026,
425,55.5,gf,1.040,mm,OK,--,9:06:49 PM,7/28/2026,
426,55.5,gf,1.045,mm,OK,--,9:06:49 PM,7/28/2026,
427,55.6,gf,1.045,mm,OK,--,9:06:49 PM,7/28/2026,
428,55.6,gf,1.050,mm,OK,--,9:06:49 PM,7/28/2026,
429,55.7,gf,1.050,mm,OK,--,9:06:49 PM,7/28/2026,
430,55.7,gf,1.055,mm,OK,--,9:06:50 PM,7/28/2026,
431,55.8,gf,1.055,mm,OK,--,9:06:50 PM,7/28/2026,
432,55.9,gf,1.060,mm,OK,--,9:06:50 PM,7/28/2026,
433,55.9,gf,1.060,mm,OK,--,9:06:50 PM,7/28/2026,
434,55.9,gf,1.065,mm,OK,--,9:06:50 PM,7/28/2026,
435,56.0,gf,1.065,mm,OK,--,9:06:50 PM,7/28/2026,
436,56.1,gf,1.070,mm,OK,--,9:06:50 PM,7/28/2026,
437,56.1,gf,1.070,mm,OK,--,9:06:50 PM,7/28/2026,
438,56.1,gf,1.075,mm,OK,--,9:06:50 PM,7/28/2026,
439,56.0,gf,1.075,mm,OK,--,9:06:50 PM,7/28/2026,
440,56.1,gf,1.075,mm,OK,--,9:06:51 PM,7/28/2026,
441,56.1,gf,1.080,mm,OK,--,9:06:51 PM,7/28/2026,
442,56.1,gf,1.085,mm,OK,--,9:06:51 PM,7/28/2026,
443,56.3,gf,1.085,mm,OK,--,9:06:51 PM,7/28/2026,
444,56.4,gf,1.090,mm,OK,--,9:06:51 PM,7/28/2026,
445,56.5,gf,1.090,mm,OK,--,9:06:51 PM,7/28/2026,
446,56.6,gf,1.095,mm,OK,--,9:06:51 PM,7/28/2026,
447,56.6,gf,1.100,mm,OK,--,9:06:51 PM,7/28/2026,
448,56.6,gf,1.100,mm,OK,--,9:06:51 PM,7/28/2026,
449,56.8,gf,1.105,mm,OK,--,9:06:51 PM,7/28/2026,
450,56.9,gf,1.110,mm,OK,--,9:06:52 PM,7/28/2026,
451,57.1,gf,1.115,mm,OK,--,9:06:52 PM,7/28/2026,
452,57.1,gf,1.120,mm,OK,--,9:06:52 PM,7/28/2026,
453,57.0,gf,1.125,mm,OK,--,9:06:52 PM,7/28/2026,
454,56.9,gf,1.130,mm,OK,--,9:06:52 PM,7/28/2026,
455,57.0,gf,1.135,mm,OK,--,9:06:52 PM,7/28/2026,
456,57.1,gf,1.135,mm,OK,--,9:06:52 PM,7/28/2026,
457,57.0,gf,1.140,mm,OK,--,9:06:52 PM,7/28/2026,
458,57.1,gf,1.145,mm,OK,--,9:06:52 PM,7/28/2026,
459,57.2,gf,1.150,mm,OK,--,9:06:52 PM,7/28/2026,
460,57.3,gf,1.150,mm,OK,--,9:06:53 PM,7/28/2026,
461,57.2,gf,1.155,mm,OK,--,9:06:53 PM,7/28/2026,
462,57.3,gf,1.155,mm,OK,--,9:06:53 PM,7/28/2026,
463,57.3,gf,1.160,mm,OK,--,9:06:53 PM,7/28/2026,
464,57.3,gf,1.160,mm,OK,--,9:06:53 PM,7/28/2026,
465,57.4,gf,1.160,mm,OK,--,9:06:53 PM,7/28/2026,
466,57.6,gf,1.165,mm,OK,--,9:06:53 PM,7/28/2026,
467,57.7,gf,1.165,mm,OK,--,9:06:53 PM,7/28/2026,
468,57.8,gf,1.165,mm,OK,--,9:06:53 PM,7/28/2026,
469,57.8,gf,1.170,mm,OK,--,9:06:53 PM,7/28/2026,
470,57.8,gf,1.170,mm,OK,--,9:06:54 PM,7/28/2026,
471,58.1,gf,1.175,mm,OK,--,9:06:54 PM,7/28/2026,
472,57.9,gf,1.180,mm,OK,--,9:06:54 PM,7/28/2026,
473,57.9,gf,1.180,mm,OK,--,9:06:54 PM,7/28/2026,
474,58.0,gf,1.185,mm,OK,--,9:06:54 PM,7/28/2026,
475,57.9,gf,1.185,mm,OK,--,9:06:54 PM,7/28/2026,
476,58.0,gf,1.190,mm,OK,--,9:06:54 PM,7/28/2026,
477,57.9,gf,1.195,mm,OK,--,9:06:54 PM,7/28/2026,
478,57.9,gf,1.200,mm,OK,--,9:06:54 PM,7/28/2026,
479,57.9,gf,1.200,mm,OK,--,9:06:54 PM,7/28/2026,
480,58.0,gf,1.205,mm,OK,--,9:06:55 PM,7/28/2026,
481,58.0,gf,1.205,mm,OK,--,9:06:55 PM,7/28/2026,
482,58.0,gf,1.210,mm,OK,--,9:06:55 PM,7/28/2026,
483,58.0,gf,1.210,mm,OK,--,9:06:55 PM,7/28/2026,
484,58.1,gf,1.210,mm,OK,--,9:06:55 PM,7/28/2026,
485,58.1,gf,1.210,mm,OK,--,9:06:55 PM,7/28/2026,
486,58.2,gf,1.210,mm,OK,--,9:06:55 PM,7/28/2026,
487,58.3,gf,1.215,mm,OK,--,9:06:55 PM,7/28/2026,
488,58.4,gf,1.215,mm,OK,--,9:06:55 PM,7/28/2026,
489,58.4,gf,1.215,mm,OK,--,9:06:55 PM,7/28/2026,
490,58.5,gf,1.215,mm,OK,--,9:06:56 PM,7/28/2026,
491,58.5,gf,1.220,mm,OK,--,9:06:56 PM,7/28/2026,
492,58.5,gf,1.220,mm,OK,--,9:06:56 PM,7/28/2026,
493,58.5,gf,1.220,mm,OK,--,9:06:56 PM,7/28/2026,
494,58.5,gf,1.225,mm,OK,--,9:06:56 PM,7/28/2026,
495,58.4,gf,1.225,mm,OK,--,9:06:56 PM,7/28/2026,
496,58.4,gf,1.225,mm,OK,--,9:06:56 PM,7/28/2026,
497,58.6,gf,1.225,mm,OK,--,9:06:56 PM,7/28/2026,
498,58.5,gf,1.230,mm,OK,--,9:06:56 PM,7/28/2026,
499,58.4,gf,1.230,mm,OK,--,9:06:56 PM,7/28/2026,
500,58.3,gf,1.230,mm,OK,--,9:06:57 PM,7/28/2026,
501,58.3,gf,1.230,mm,OK,--,9:06:57 PM,7/28/2026,
502,58.3,gf,1.235,mm,OK,--,9:06:57 PM,7/28/2026,
503,58.3,gf,1.235,mm,OK,--,9:06:57 PM,7/28/2026,
504,58.3,gf,1.235,mm,OK,--,9:06:57 PM,7/28/2026,
505,58.5,gf,1.235,mm,OK,--,9:06:57 PM,7/28/2026,
506,58.6,gf,1.240,mm,OK,--,9:06:57 PM,7/28/2026,
507,58.5,gf,1.240,mm,OK,--,9:06:57 PM,7/28/2026,
508,58.5,gf,1.240,mm,OK,--,9:06:57 PM,7/28/2026,
509,58.6,gf,1.245,mm,OK,--,9:06:57 PM,7/28/2026,
510,58.7,gf,1.245,mm,OK,--,9:06:58 PM,7/28/2026,
511,58.7,gf,1.245,mm,OK,--,9:06:58 PM,7/28/2026,
512,58.7,gf,1.250,mm,OK,--,9:06:58 PM,7/28/2026,
513,58.7,gf,1.250,mm,OK,--,9:06:58 PM,7/28/2026,
514,58.8,gf,1.250,mm,OK,--,9:06:58 PM,7/28/2026,
515,58.9,gf,1.250,mm,OK,--,9:06:58 PM,7/28/2026,
516,59.1,gf,1.250,mm,OK,--,9:06:58 PM,7/28/2026,
517,59.2,gf,1.255,mm,OK,--,9:06:58 PM,7/28/2026,
518,59.1,gf,1.255,mm,OK,--,9:06:58 PM,7/28/2026,
519,59.0,gf,1.260,mm,OK,--,9:06:58 PM,7/28/2026,
520,59.0,gf,1.265,mm,OK,--,9:06:59 PM,7/28/2026,
521,59.0,gf,1.270,mm,OK,--,9:06:59 PM,7/28/2026,
522,59.0,gf,1.275,mm,OK,--,9:06:59 PM,7/28/2026,
523,59.1,gf,1.275,mm,OK,--,9:06:59 PM,7/28/2026,
524,59.4,gf,1.280,mm,OK,--,9:06:59 PM,7/28/2026,
525,59.4,gf,1.285,mm,OK,--,9:06:59 PM,7/28/2026,
526,59.5,gf,1.290,mm,OK,--,9:06:59 PM,7/28/2026,
527,59.5,gf,1.295,mm,OK,--,9:06:59 PM,7/28/2026,
528,59.4,gf,1.300,mm,OK,--,9:06:59 PM,7/28/2026,
529,59.5,gf,1.305,mm,OK,--,9:06:59 PM,7/28/2026,
530,59.6,gf,1.310,mm,OK,--,9:07:00 PM,7/28/2026,
531,59.7,gf,1.315,mm,OK,--,9:07:00 PM,7/28/2026,
532,59.8,gf,1.320,mm,OK,--,9:07:00 PM,7/28/2026,
533,59.8,gf,1.325,mm,OK,--,9:07:00 PM,7/28/2026,
534,59.8,gf,1.330,mm,OK,--,9:07:00 PM,7/28/2026,
535,59.7,gf,1.335,mm,OK,--,9:07:00 PM,7/28/2026,
536,59.7,gf,1.340,mm,OK,--,9:07:00 PM,7/28/2026,
537,60.1,gf,1.355,mm,OK,--,9:07:00 PM,7/28/2026,
538,60.1,gf,1.365,mm,OK,--,9:07:00 PM,7/28/2026,
539,60.0,gf,1.370,mm,OK,--,9:07:00 PM,7/28/2026,
540,60.0,gf,1.375,mm,OK,--,9:07:01 PM,7/28/2026,
541,60.1,gf,1.375,mm,OK,--,9:07:01 PM,7/28/2026,
542,60.1,gf,1.380,mm,OK,--,9:07:01 PM,7/28/2026,
543,60.3,gf,1.385,mm,OK,--,9:07:01 PM,7/28/2026,
544,60.3,gf,1.390,mm,OK,--,9:07:01 PM,7/28/2026,
545,60.2,gf,1.395,mm,OK,--,9:07:01 PM,7/28/2026,
546,60.1,gf,1.400,mm,OK,--,9:07:01 PM,7/28/2026,
547,59.9,gf,1.405,mm,OK,--,9:07:01 PM,7/28/2026,
548,60.0,gf,1.410,mm,OK,--,9:07:01 PM,7/28/2026,
549,60.4,gf,1.415,mm,OK,--,9:07:01 PM,7/28/2026,
550,60.3,gf,1.420,mm,OK,--,9:07:02 PM,7/28/2026,
551,60.4,gf,1.425,mm,OK,--,9:07:02 PM,7/28/2026,
552,60.6,gf,1.430,mm,OK,--,9:07:02 PM,7/28/2026,
553,60.7,gf,1.435,mm,OK,--,9:07:02 PM,7/28/2026,
554,60.7,gf,1.440,mm,OK,--,9:07:02 PM,7/28/2026,
555,60.7,gf,1.445,mm,OK,--,9:07:02 PM,7/28/2026,
556,60.6,gf,1.450,mm,OK,--,9:07:02 PM,7/28/2026,
557,60.6,gf,1.450,mm,OK,--,9:07:02 PM,7/28/2026,
558,60.7,gf,1.455,mm,OK,--,9:07:02 PM,7/28/2026,
559,60.6,gf,1.465,mm,OK,--,9:07:02 PM,7/28/2026,
560,60.7,gf,1.470,mm,OK,--,9:07:03 PM,7/28/2026,
561,60.7,gf,1.475,mm,OK,--,9:07:03 PM,7/28/2026,
562,60.6,gf,1.475,mm,OK,--,9:07:03 PM,7/28/2026,
563,60.6,gf,1.480,mm,OK,--,9:07:03 PM,7/28/2026,
564,60.5,gf,1.485,mm,OK,--,9:07:03 PM,7/28/2026,
565,60.5,gf,1.485,mm,OK,--,9:07:03 PM,7/28/2026,
566,60.4,gf,1.485,mm,OK,--,9:07:03 PM,7/28/2026,
567,60.3,gf,1.485,mm,OK,--,9:07:03 PM,7/28/2026,
568,60.3,gf,1.490,mm,OK,--,9:07:03 PM,7/28/2026,
569,60.3,gf,1.490,mm,OK,--,9:07:03 PM,7/28/2026,
570,60.2,gf,1.490,mm,OK,--,9:07:04 PM,7/28/2026,
571,60.1,gf,1.495,mm,OK,--,9:07:04 PM,7/28/2026,
572,60.0,gf,1.495,mm,OK,--,9:07:04 PM,7/28/2026,
573,60.1,gf,1.495,mm,OK,--,9:07:04 PM,7/28/2026,
574,60.1,gf,1.500,mm,OK,--,9:07:04 PM,7/28/2026,
575,60.1,gf,1.500,mm,OK,--,9:07:04 PM,7/28/2026,
576,60.0,gf,1.500,mm,OK,--,9:07:04 PM,7/28/2026,
577,60.1,gf,1.505,mm,OK,--,9:07:04 PM,7/28/2026,
578,60.2,gf,1.510,mm,OK,--,9:07:04 PM,7/28/2026,
579,60.3,gf,1.510,mm,OK,--,9:07:04 PM,7/28/2026,
580,60.3,gf,1.515,mm,OK,--,9:07:05 PM,7/28/2026,
581,60.2,gf,1.520,mm,OK,--,9:07:05 PM,7/28/2026,
582,60.1,gf,1.525,mm,OK,--,9:07:05 PM,7/28/2026,
583,60.0,gf,1.525,mm,OK,--,9:07:05 PM,7/28/2026,
584,60.0,gf,1.530,mm,OK,--,9:07:05 PM,7/28/2026,
585,60.0,gf,1.535,mm,OK,--,9:07:05 PM,7/28/2026,
586,60.1,gf,1.535,mm,OK,--,9:07:05 PM,7/28/2026,
587,60.0,gf,1.540,mm,OK,--,9:07:05 PM,7/28/2026,
588,60.0,gf,1.545,mm,OK,--,9:07:05 PM,7/28/2026,
589,60.0,gf,1.550,mm,OK,--,9:07:05 PM,7/28/2026,
590,60.0,gf,1.555,mm,OK,--,9:07:06 PM,7/28/2026,
591,59.9,gf,1.560,mm,OK,--,9:07:06 PM,7/28/2026,
592,59.8,gf,1.565,mm,OK,--,9:07:06 PM,7/28/2026,
593,59.7,gf,1.570,mm,OK,--,9:07:06 PM,7/28/2026,
594,59.6,gf,1.575,mm,OK,--,9:07:06 PM,7/28/2026,
595,59.7,gf,1.580,mm,OK,--,9:07:06 PM,7/28/2026,
596,59.9,gf,1.585,mm,OK,--,9:07:06 PM,7/28/2026,
597,60.1,gf,1.590,mm,OK,--,9:07:06 PM,7/28/2026,
598,59.9,gf,1.600,mm,OK,--,9:07:06 PM,7/28/2026,
599,59.7,gf,1.600,mm,OK,--,9:07:06 PM,7/28/2026,
600,59.7,gf,1.605,mm,OK,--,9:07:07 PM,7/28/2026,
601,59.6,gf,1.610,mm,OK,--,9:07:07 PM,7/28/2026,
602,59.3,gf,1.615,mm,OK,--,9:07:07 PM,7/28/2026,
603,59.2,gf,1.620,mm,OK,--,9:07:07 PM,7/28/2026,
604,59.0,gf,1.625,mm,OK,--,9:07:07 PM,7/28/2026,
605,59.0,gf,1.630,mm,OK,--,9:07:07 PM,7/28/2026,
606,59.0,gf,1.630,mm,OK,--,9:07:07 PM,7/28/2026,
607,59.0,gf,1.635,mm,OK,--,9:07:07 PM,7/28/2026,
608,59.0,gf,1.635,mm,OK,--,9:07:07 PM,7/28/2026,
609,59.0,gf,1.640,mm,OK,--,9:07:07 PM,7/28/2026,
610,58.8,gf,1.645,mm,OK,--,9:07:08 PM,7/28/2026,
611,58.8,gf,1.645,mm,OK,--,9:07:08 PM,7/28/2026,
612,58.9,gf,1.650,mm,OK,--,9:07:08 PM,7/28/2026,
613,58.8,gf,1.655,mm,OK,--,9:07:08 PM,7/28/2026,
614,58.5,gf,1.660,mm,OK,--,9:07:08 PM,7/28/2026,
615,58.4,gf,1.665,mm,OK,--,9:07:08 PM,7/28/2026,
616,58.4,gf,1.670,mm,OK,--,9:07:08 PM,7/28/2026,
617,58.4,gf,1.675,mm,OK,--,9:07:08 PM,7/28/2026,
618,58.3,gf,1.680,mm,OK,--,9:07:08 PM,7/28/2026,
619,58.2,gf,1.685,mm,OK,--,9:07:08 PM,7/28/2026,
620,58.3,gf,1.690,mm,OK,--,9:07:09 PM,7/28/2026,
621,58.4,gf,1.690,mm,OK,--,9:07:09 PM,7/28/2026,
622,58.2,gf,1.695,mm,OK,--,9:07:09 PM,7/28/2026,
623,58.1,gf,1.700,mm,OK,--,9:07:09 PM,7/28/2026,
624,58.1,gf,1.700,mm,OK,--,9:07:09 PM,7/28/2026,
625,58.1,gf,1.705,mm,OK,--,9:07:09 PM,7/28/2026,
626,58.0,gf,1.705,mm,OK,--,9:07:09 PM,7/28/2026,
627,58.0,gf,1.710,mm,OK,--,9:07:09 PM,7/28/2026,
628,58.0,gf,1.710,mm,OK,--,9:07:09 PM,7/28/2026,
629,57.9,gf,1.715,mm,OK,--,9:07:09 PM,7/28/2026,
630,58.0,gf,1.715,mm,OK,--,9:07:10 PM,7/28/2026,
631,57.9,gf,1.720,mm,OK,--,9:07:10 PM,7/28/2026,
632,57.9,gf,1.720,mm,OK,--,9:07:10 PM,7/28/2026,
633,57.9,gf,1.725,mm,OK,--,9:07:10 PM,7/28/2026,
634,57.9,gf,1.725,mm,OK,--,9:07:10 PM,7/28/2026,
635,57.9,gf,1.730,mm,OK,--,9:07:10 PM,7/28/2026,
636,57.9,gf,1.730,mm,OK,--,9:07:10 PM,7/28/2026,
637,57.9,gf,1.735,mm,OK,--,9:07:10 PM,7/28/2026,
638,57.9,gf,1.735,mm,OK,--,9:07:10 PM,7/28/2026,
639,57.9,gf,1.740,mm,OK,--,9:07:10 PM,7/28/2026,
640,57.8,gf,1.745,mm,OK,--,9:07:11 PM,7/28/2026,
641,57.8,gf,1.745,mm,OK,--,9:07:11 PM,7/28/2026,
642,57.8,gf,1.750,mm,OK,--,9:07:11 PM,7/28/2026,
643,57.7,gf,1.755,mm,OK,--,9:07:11 PM,7/28/2026,
644,57.6,gf,1.755,mm,OK,--,9:07:11 PM,7/28/2026,
645,57.6,gf,1.760,mm,OK,--,9:07:11 PM,7/28/2026,
646,57.7,gf,1.760,mm,OK,--,9:07:11 PM,7/28/2026,
647,57.7,gf,1.765,mm,OK,--,9:07:11 PM,7/28/2026,
648,57.5,gf,1.770,mm,OK,--,9:07:11 PM,7/28/2026,
649,57.5,gf,1.775,mm,OK,--,9:07:11 PM,7/28/2026,
650,57.4,gf,1.775,mm,OK,--,9:07:12 PM,7/28/2026,
651,57.4,gf,1.780,mm,OK,--,9:07:12 PM,7/28/2026,
652,57.4,gf,1.780,mm,OK,--,9:07:12 PM,7/28/2026,
653,57.5,gf,1.785,mm,OK,--,9:07:12 PM,7/28/2026,
654,57.4,gf,1.785,mm,OK,--,9:07:12 PM,7/28/2026,
655,57.4,gf,1.790,mm,OK,--,9:07:12 PM,7/28/2026,
656,57.4,gf,1.790,mm,OK,--,9:07:12 PM,7/28/2026,
657,57.4,gf,1.795,mm,OK,--,9:07:12 PM,7/28/2026,
658,57.3,gf,1.795,mm,OK,--,9:07:12 PM,7/28/2026,
659,57.2,gf,1.800,mm,OK,--,9:07:12 PM,7/28/2026,
660,57.2,gf,1.800,mm,OK,--,9:07:13 PM,7/28/2026,
661,57.1,gf,1.805,mm,OK,--,9:07:13 PM,7/28/2026,
662,57.1,gf,1.805,mm,OK,--,9:07:13 PM,7/28/2026,
663,57.0,gf,1.805,mm,OK,--,9:07:13 PM,7/28/2026,
664,57.0,gf,1.810,mm,OK,--,9:07:13 PM,7/28/2026,
665,57.0,gf,1.810,mm,OK,--,9:07:13 PM,7/28/2026,
666,56.9,gf,1.810,mm,OK,--,9:07:13 PM,7/28/2026,
667,56.9,gf,1.815,mm,OK,--,9:07:13 PM,7/28/2026,
668,56.9,gf,1.815,mm,OK,--,9:07:13 PM,7/28/2026,
669,56.9,gf,1.820,mm,OK,--,9:07:13 PM,7/28/2026,
670,56.9,gf,1.820,mm,OK,--,9:07:14 PM,7/28/2026,
671,56.8,gf,1.825,mm,OK,--,9:07:14 PM,7/28/2026,
672,56.7,gf,1.825,mm,OK,--,9:07:14 PM,7/28/2026,
673,56.7,gf,1.825,mm,OK,--,9:07:14 PM,7/28/2026,
674,56.7,gf,1.830,mm,OK,--,9:07:14 PM,7/28/2026,
675,56.6,gf,1.830,mm,OK,--,9:07:14 PM,7/28/2026,
676,56.6,gf,1.835,mm,OK,--,9:07:14 PM,7/28/2026,
677,56.6,gf,1.840,mm,OK,--,9:07:14 PM,7/28/2026,
678,56.4,gf,1.840,mm,OK,--,9:07:14 PM,7/28/2026,
679,56.4,gf,1.840,mm,OK,--,9:07:14 PM,7/28/2026,
680,56.4,gf,1.845,mm,OK,--,9:07:15 PM,7/28/2026,
681,34.1,gf,1.845,mm,OK,--,9:07:15 PM,7/28/2026,
682,38.0,gf,1.850,mm,OK,--,9:07:15 PM,7/28/2026,
683,38.9,gf,1.850,mm,OK,--,9:07:15 PM,7/28/2026,
684,39.4,gf,1.855,mm,OK,--,9:07:15 PM,7/28/2026,
685,39.8,gf,1.855,mm,OK,--,9:07:15 PM,7/28/2026,
686,40.1,gf,1.855,mm,OK,--,9:07:15 PM,7/28/2026,
687,40.3,gf,1.860,mm,OK,--,9:07:15 PM,7/28/2026,
688,40.4,gf,1.860,mm,OK,--,9:07:15 PM,7/28/2026,
689,40.5,gf,1.860,mm,OK,--,9:07:15 PM,7/28/2026,
690,40.6,gf,1.865,mm,OK,--,9:07:16 PM,7/28/2026,
691,40.6,gf,1.865,mm,OK,--,9:07:16 PM,7/28/2026,
692,40.5,gf,1.865,mm,OK,--,9:07:16 PM,7/28/2026,
693,40.6,gf,1.865,mm,OK,--,9:07:16 PM,7/28/2026,
694,40.8,gf,1.870,mm,OK,--,9:07:16 PM,7/28/2026,
695,40.7,gf,1.870,mm,OK,--,9:07:16 PM,7/28/2026,
696,40.7,gf,1.875,mm,OK,--,9:07:16 PM,7/28/2026,
697,40.7,gf,1.875,mm,OK,--,9:07:16 PM,7/28/2026,
698,40.7,gf,1.880,mm,OK,--,9:07:16 PM,7/28/2026,
699,40.8,gf,1.885,mm,OK,--,9:07:16 PM,7/28/2026,
700,40.7,gf,1.885,mm,OK,--,9:07:17 PM,7/28/2026,
701,40.7,gf,1.890,mm,OK,--,9:07:17 PM,7/28/2026,
702,40.6,gf,1.895,mm,OK,--,9:07:17 PM,7/28/2026,
703,40.6,gf,1.900,mm,OK,--,9:07:17 PM,7/28/2026,
704,40.6,gf,1.905,mm,OK,--,9:07:17 PM,7/28/2026,
705,40.7,gf,1.910,mm,OK,--,9:07:17 PM,7/28/2026,
706,40.7,gf,1.910,mm,OK,--,9:07:17 PM,7/28/2026,
707,40.8,gf,1.915,mm,OK,--,9:07:17 PM,7/28/2026,
708,40.9,gf,1.920,mm,OK,--,9:07:17 PM,7/28/2026,
709,41.0,gf,1.930,mm,OK,--,9:07:17 PM,7/28/2026,
710,41.0,gf,1.940,mm,OK,--,9:07:18 PM,7/28/2026,
711,41.0,gf,1.945,mm,OK,--,9:07:18 PM,7/28/2026,
712,41.1,gf,1.950,mm,OK,--,9:07:18 PM,7/28/2026,
713,41.3,gf,1.955,mm,OK,--,9:07:18 PM,7/28/2026,
714,41.4,gf,1.965,mm,OK,--,9:07:18 PM,7/28/2026,
715,41.4,gf,1.970,mm,OK,--,9:07:18 PM,7/28/2026,
716,41.5,gf,1.980,mm,OK,--,9:07:18 PM,7/28/2026,
717,41.6,gf,1.990,mm,OK,--,9:07:18 PM,7/28/2026,
718,41.7,gf,2.000,mm,OK,--,9:07:18 PM,7/28/2026,
719,41.7,gf,2.010,mm,OK,--,9:07:18 PM,7/28/2026,
720,41.8,gf,2.020,mm,OK,--,9:07:19 PM,7/28/2026,
721,41.8,gf,2.030,mm,OK,--,9:07:19 PM,7/28/2026,
722,42.0,gf,2.040,mm,OK,--,9:07:19 PM,7/28/2026,
723,41.9,gf,2.050,mm,OK,--,9:07:19 PM,7/28/2026,
724,42.0,gf,2.055,mm,OK,--,9:07:19 PM,7/28/2026,
725,42.1,gf,2.065,mm,OK,--,9:07:19 PM,7/28/2026,
726,42.2,gf,2.075,mm,OK,--,9:07:19 PM,7/28/2026,
727,42.2,gf,2.080,mm,OK,--,9:07:19 PM,7/28/2026,
728,42.3,gf,2.085,mm,OK,--,9:07:19 PM,7/28/2026,
729,42.3,gf,2.090,mm,OK,--,9:07:19 PM,7/28/2026,
730,42.4,gf,2.095,mm,OK,--,9:07:20 PM,7/28/2026,
731,42.5,gf,2.100,mm,OK,--,9:07:20 PM,7/28/2026,
732,42.5,gf,2.105,mm,OK,--,9:07:20 PM,7/28/2026,
733,42.5,gf,2.110,mm,OK,--,9:07:20 PM,7/28/2026,
734,42.5,gf,2.110,mm,OK,--,9:07:20 PM,7/28/2026,
735,42.5,gf,2.115,mm,OK,--,9:07:20 PM,7/28/2026,
736,42.5,gf,2.115,mm,OK,--,9:07:20 PM,7/28/2026,
737,42.5,gf,2.120,mm,OK,--,9:07:20 PM,7/28/2026,
738,42.5,gf,2.120,mm,OK,--,9:07:20 PM,7/28/2026,
739,42.5,gf,2.120,mm,OK,--,9:07:20 PM,7/28/2026,
740,42.5,gf,2.125,mm,OK,--,9:07:21 PM,7/28/2026,
741,42.5,gf,2.125,mm,OK,--,9:07:21 PM,7/28/2026,
742,42.5,gf,2.125,mm,OK,--,9:07:21 PM,7/28/2026,
743,42.5,gf,2.130,mm,OK,--,9:07:21 PM,7/28/2026,
744,42.5,gf,2.130,mm,OK,--,9:07:21 PM,7/28/2026,
745,42.5,gf,2.130,mm,OK,--,9:07:21 PM,7/28/2026,
746,42.5,gf,2.130,mm,OK,--,9:07:21 PM,7/28/2026,
747,42.5,gf,2.135,mm,OK,--,9:07:21 PM,7/28/2026,
748,42.5,gf,2.135,mm,OK,--,9:07:21 PM,7/28/2026,
749,42.5,gf,2.135,mm,OK,--,9:07:21 PM,7/28/2026,
750,42.4,gf,2.135,mm,OK,--,9:07:22 PM,7/28/2026,
751,42.4,gf,2.135,mm,OK,--,9:07:22 PM,7/28/2026,
752,42.5,gf,2.135,mm,OK,--,9:07:22 PM,7/28/2026,
753,42.6,gf,2.140,mm,OK,--,9:07:22 PM,7/28/2026,
754,42.6,gf,2.140,mm,OK,--,9:07:22 PM,7/28/2026,
755,42.6,gf,2.145,mm,OK,--,9:07:22 PM,7/28/2026,
756,42.6,gf,2.145,mm,OK,--,9:07:22 PM,7/28/2026,
757,42.7,gf,2.150,mm,OK,--,9:07:22 PM,7/28/2026,
758,42.7,gf,2.155,mm,OK,--,9:07:22 PM,7/28/2026,
759,42.7,gf,2.155,mm,OK,--,9:07:22 PM,7/28/2026,
760,42.7,gf,2.160,mm,OK,--,9:07:23 PM,7/28/2026,
761,42.8,gf,2.165,mm,OK,--,9:07:23 PM,7/28/2026,
762,43.0,gf,2.175,mm,OK,--,9:07:23 PM,7/28/2026,
763,43.0,gf,2.180,mm,OK,--,9:07:23 PM,7/28/2026,
764,43.2,gf,2.190,mm,OK,--,9:07:23 PM,7/28/2026,
765,43.3,gf,2.195,mm,OK,--,9:07:23 PM,7/28/2026,
766,43.3,gf,2.205,mm,OK,--,9:07:23 PM,7/28/2026,
767,43.4,gf,2.210,mm,OK,--,9:07:23 PM,7/28/2026,
768,43.5,gf,2.215,mm,OK,--,9:07:23 PM,7/28/2026,
769,43.6,gf,2.220,mm,OK,--,9:07:23 PM,7/28/2026,
770,43.7,gf,2.230,mm,OK,--,9:07:24 PM,7/28/2026,
771,43.8,gf,2.235,mm,OK,--,9:07:24 PM,7/28/2026,
772,43.9,gf,2.240,mm,OK,--,9:07:24 PM,7/28/2026,
773,44.1,gf,2.250,mm,OK,--,9:07:24 PM,7/28/2026,
774,44.2,gf,2.255,mm,OK,--,9:07:24 PM,7/28/2026,
775,44.4,gf,2.260,mm,OK,--,9:07:24 PM,7/28/2026,
776,44.5,gf,2.265,mm,OK,--,9:07:24 PM,7/28/2026,
777,44.6,gf,2.265,mm,OK,--,9:07:24 PM,7/28/2026,
778,44.7,gf,2.270,mm,OK,--,9:07:24 PM,7/28/2026,
779,44.9,gf,2.275,mm,OK,--,9:07:24 PM,7/28/2026,
780,45.0,gf,2.280,mm,OK,--,9:07:25 PM,7/28/2026,
781,45.0,gf,2.285,mm,OK,--,9:07:25 PM,7/28/2026,
782,45.1,gf,2.285,mm,OK,--,9:07:25 PM,7/28/2026,
783,45.2,gf,2.290,mm,OK,--,9:07:25 PM,7/28/2026,
784,45.2,gf,2.290,mm,OK,--,9:07:25 PM,7/28/2026,
785,45.3,gf,2.290,mm,OK,--,9:07:25 PM,7/28/2026,
786,45.3,gf,2.295,mm,OK,--,9:07:25 PM,7/28/2026,
787,45.4,gf,2.300,mm,OK,--,9:07:25 PM,7/28/2026,
788,45.4,gf,2.300,mm,OK,--,9:07:25 PM,7/28/2026,
789,45.5,gf,2.300,mm,OK,--,9:07:25 PM,7/28/2026,
790,45.5,gf,2.305,mm,OK,--,9:07:26 PM,7/28/2026,
791,45.6,gf,2.310,mm,OK,--,9:07:26 PM,7/28/2026,
792,45.6,gf,2.310,mm,OK,--,9:07:26 PM,7/28/2026,
793,45.6,gf,2.315,mm,OK,--,9:07:26 PM,7/28/2026,
794,45.7,gf,2.315,mm,OK,--,9:07:26 PM,7/28/2026,
795,45.7,gf,2.320,mm,OK,--,9:07:26 PM,7/28/2026,
796,45.7,gf,2.320,mm,OK,--,9:07:26 PM,7/28/2026,
797,45.8,gf,2.325,mm,OK,--,9:07:26 PM,7/28/2026,
798,45.9,gf,2.335,mm,OK,--,9:07:26 PM,7/28/2026,
799,45.8,gf,2.340,mm,OK,--,9:07:26 PM,7/28/2026,
800,45.8,gf,2.345,mm,OK,--,9:07:27 PM,7/28/2026,
801,45.9,gf,2.350,mm,OK,--,9:07:27 PM,7/28/2026,
802,45.9,gf,2.355,mm,OK,--,9:07:27 PM,7/28/2026,
803,45.9,gf,2.355,mm,OK,--,9:07:27 PM,7/28/2026,
804,46.0,gf,2.360,mm,OK,--,9:07:27 PM,7/28/2026,
805,46.0,gf,2.365,mm,OK,--,9:07:27 PM,7/28/2026,
806,46.0,gf,2.375,mm,OK,--,9:07:27 PM,7/28/2026,
807,46.0,gf,2.385,mm,OK,--,9:07:27 PM,7/28/2026,
808,46.0,gf,2.390,mm,OK,--,9:07:27 PM,7/28/2026,
809,46.1,gf,2.395,mm,OK,--,9:07:27 PM,7/28/2026,
810,46.1,gf,2.400,mm,OK,--,9:07:28 PM,7/28/2026,
811,46.1,gf,2.405,mm,OK,--,9:07:28 PM,7/28/2026,
812,46.1,gf,2.410,mm,OK,--,9:07:28 PM,7/28/2026,
813,46.1,gf,2.415,mm,OK,--,9:07:28 PM,7/28/2026,
814,46.1,gf,2.415,mm,OK,--,9:07:28 PM,7/28/2026,
815,46.1,gf,2.415,mm,OK,--,9:07:28 PM,7/28/2026,
816,46.1,gf,2.420,mm,OK,--,9:07:28 PM,7/28/2026,
817,46.1,gf,2.420,mm,OK,--,9:07:28 PM,7/28/2026,
818,46.1,gf,2.425,mm,OK,--,9:07:28 PM,7/28/2026,
819,46.1,gf,2.430,mm,OK,--,9:07:28 PM,7/28/2026,
820,46.1,gf,2.430,mm,OK,--,9:07:29 PM,7/28/2026,
821,46.2,gf,2.435,mm,OK,--,9:07:29 PM,7/28/2026,
822,46.2,gf,2.435,mm,OK,--,9:07:29 PM,7/28/2026,
823,46.2,gf,2.440,mm,OK,--,9:07:29 PM,7/28/2026,
824,46.2,gf,2.445,mm,OK,--,9:07:29 PM,7/28/2026,
825,46.2,gf,2.450,mm,OK,--,9:07:29 PM,7/28/2026,
826,46.2,gf,2.455,mm,OK,--,9:07:29 PM,7/28/2026,
827,46.2,gf,2.460,mm,OK,--,9:07:29 PM,7/28/2026,
828,46.3,gf,2.460,mm,OK,--,9:07:29 PM,7/28/2026,
829,46.4,gf,2.465,mm,OK,--,9:07:29 PM,7/28/2026,
830,46.5,gf,2.470,mm,OK,--,9:07:30 PM,7/28/2026,
831,46.5,gf,2.475,mm,OK,--,9:07:30 PM,7/28/2026,
832,46.5,gf,2.480,mm,OK,--,9:07:30 PM,7/28/2026,
833,46.5,gf,2.480,mm,OK,--,9:07:30 PM,7/28/2026,
834,46.5,gf,2.485,mm,OK,--,9:07:30 PM,7/28/2026,
835,46.5,gf,2.490,mm,OK,--,9:07:30 PM,7/28/2026,
836,46.5,gf,2.495,mm,OK,--,9:07:30 PM,7/28/2026,
837,46.6,gf,2.505,mm,OK,--,9:07:30 PM,7/28/2026,
838,46.6,gf,2.510,mm,OK,--,9:07:30 PM,7/28/2026,
839,46.6,gf,2.510,mm,OK,--,9:07:30 PM,7/28/2026,
840,46.6,gf,2.520,mm,OK,--,9:07:31 PM,7/28/2026,
841,46.6,gf,2.525,mm,OK,--,9:07:31 PM,7/28/2026,
842,46.6,gf,2.535,mm,OK,--,9:07:31 PM,7/28/2026,
843,46.7,gf,2.540,mm,OK,--,9:07:31 PM,7/28/2026,
844,46.7,gf,2.550,mm,OK,--,9:07:31 PM,7/28/2026,
845,46.8,gf,2.560,mm,OK,--,9:07:31 PM,7/28/2026,
846,46.9,gf,2.580,mm,OK,--,9:07:31 PM,7/28/2026,
847,46.9,gf,2.590,mm,OK,--,9:07:31 PM,7/28/2026,
848,46.9,gf,2.595,mm,OK,--,9:07:31 PM,7/28/2026,
849,47.0,gf,2.605,mm,OK,--,9:07:31 PM,7/28/2026,
850,47.0,gf,2.610,mm,OK,--,9:07:32 PM,7/28/2026,
851,47.0,gf,2.615,mm,OK,--,9:07:32 PM,7/28/2026,
852,47.0,gf,2.620,mm,OK,--,9:07:32 PM,7/28/2026,
853,47.1,gf,2.630,mm,OK,--,9:07:32 PM,7/28/2026,
854,47.1,gf,2.635,mm,OK,--,9:07:32 PM,7/28/2026,
855,47.1,gf,2.640,mm,OK,--,9:07:32 PM,7/28/2026,
856,47.1,gf,2.645,mm,OK,--,9:07:32 PM,7/28/2026,
857,47.1,gf,2.650,mm,OK,--,9:07:32 PM,7/28/2026,
858,47.2,gf,2.655,mm,OK,--,9:07:32 PM,7/28/2026,
859,47.1,gf,2.655,mm,OK,--,9:07:32 PM,7/28/2026,
860,47.2,gf,2.660,mm,OK,--,9:07:33 PM,7/28/2026,
861,47.2,gf,2.665,mm,OK,--,9:07:33 PM,7/28/2026,
862,47.2,gf,2.670,mm,OK,--,9:07:33 PM,7/28/2026,
863,47.2,gf,2.670,mm,OK,--,9:07:33 PM,7/28/2026,
864,47.2,gf,2.675,mm,OK,--,9:07:33 PM,7/28/2026,
865,47.2,gf,2.680,mm,OK,--,9:07:33 PM,7/28/2026,
866,47.2,gf,2.685,mm,OK,--,9:07:33 PM,7/28/2026,
867,47.2,gf,2.685,mm,OK,--,9:07:33 PM,7/28/2026,
868,47.3,gf,2.690,mm,OK,--,9:07:33 PM,7/28/2026,
869,47.3,gf,2.690,mm,OK,--,9:07:33 PM,7/28/2026,
870,47.4,gf,2.695,mm,OK,--,9:07:34 PM,7/28/2026,
871,47.4,gf,2.700,mm,OK,--,9:07:34 PM,7/28/2026,
872,47.4,gf,2.700,mm,OK,--,9:07:34 PM,7/28/2026,
873,47.4,gf,2.705,mm,OK,--,9:07:34 PM,7/28/2026,
874,47.5,gf,2.710,mm,OK,--,9:07:34 PM,7/28/2026,
875,47.5,gf,2.715,mm,OK,--,9:07:34 PM,7/28/2026,
876,47.4,gf,2.720,mm,OK,--,9:07:34 PM,7/28/2026,
877,47.5,gf,2.725,mm,OK,--,9:07:34 PM,7/28/2026,
878,47.5,gf,2.725,mm,OK,--,9:07:34 PM,7/28/2026,
879,47.5,gf,2.730,mm,OK,--,9:07:34 PM,7/28/2026,
880,47.5,gf,2.730,mm,OK,--,9:07:35 PM,7/28/2026,
881,47.5,gf,2.735,mm,OK,--,9:07:35 PM,7/28/2026,
882,47.5,gf,2.740,mm,OK,--,9:07:35 PM,7/28/2026,
883,47.6,gf,2.740,mm,OK,--,9:07:35 PM,7/28/2026,
884,47.6,gf,2.745,mm,OK,--,9:07:35 PM,7/28/2026,
885,47.6,gf,2.750,mm,OK,--,9:07:35 PM,7/28/2026,
886,47.7,gf,2.755,mm,OK,--,9:07:35 PM,7/28/2026,
887,47.7,gf,2.760,mm,OK,--,9:07:35 PM,7/28/2026,
888,47.7,gf,2.765,mm,OK,--,9:07:35 PM,7/28/2026,
889,47.7,gf,2.770,mm,OK,--,9:07:35 PM,7/28/2026,
890,47.8,gf,2.770,mm,OK,--,9:07:36 PM,7/28/2026,
891,47.8,gf,2.775,mm,OK,--,9:07:36 PM,7/28/2026,
892,47.8,gf,2.780,mm,OK,--,9:07:36 PM,7/28/2026,
893,47.8,gf,2.785,mm,OK,--,9:07:36 PM,7/28/2026,
894,47.8,gf,2.785,mm,OK,--,9:07:36 PM,7/28/2026,
895,47.8,gf,2.790,mm,OK,--,9:07:36 PM,7/28/2026,
896,47.9,gf,2.795,mm,OK,--,9:07:36 PM,7/28/2026,
897,47.9,gf,2.800,mm,OK,--,9:07:36 PM,7/28/2026,
898,47.9,gf,2.805,mm,OK,--,9:07:36 PM,7/28/2026,
899,47.9,gf,2.810,mm,OK,--,9:07:36 PM,7/28/2026,
900,48.0,gf,2.820,mm,OK,--,9:07:37 PM,7/28/2026,
901,48.0,gf,2.825,mm,OK,--,9:07:37 PM,7/28/2026,
902,48.0,gf,2.830,mm,OK,--,9:07:37 PM,7/28/2026,
903,48.0,gf,2.835,mm,OK,--,9:07:37 PM,7/28/2026,
904,48.0,gf,2.840,mm,OK,--,9:07:37 PM,7/28/2026,
905,48.0,gf,2.845,mm,OK,--,9:07:37 PM,7/28/2026,
906,48.0,gf,2.845,mm,OK,--,9:07:37 PM,7/28/2026,
907,48.0,gf,2.850,mm,OK,--,9:07:37 PM,7/28/2026,
908,48.0,gf,2.855,mm,OK,--,9:07:37 PM,7/28/2026,
909,48.0,gf,2.855,mm,OK,--,9:07:37 PM,7/28/2026,
910,48.0,gf,2.860,mm,OK,--,9:07:38 PM,7/28/2026,
911,48.1,gf,2.865,mm,OK,--,9:07:38 PM,7/28/2026,
912,48.2,gf,2.875,mm,OK,--,9:07:38 PM,7/28/2026,
913,48.2,gf,2.880,mm,OK,--,9:07:38 PM,7/28/2026,
914,48.2,gf,2.885,mm,OK,--,9:07:38 PM,7/28/2026,
915,48.2,gf,2.890,mm,OK,--,9:07:38 PM,7/28/2026,
916,48.2,gf,2.890,mm,OK,--,9:07:38 PM,7/28/2026,
917,48.2,gf,2.895,mm,OK,--,9:07:38 PM,7/28/2026,
918,48.2,gf,2.900,mm,OK,--,9:07:38 PM,7/28/2026,
919,48.2,gf,2.900,mm,OK,--,9:07:38 PM,7/28/2026,
920,48.2,gf,2.905,mm,OK,--,9:07:39 PM,7/28/2026,
921,48.2,gf,2.905,mm,OK,--,9:07:39 PM,7/28/2026,
922,48.2,gf,2.910,mm,OK,--,9:07:39 PM,7/28/2026,
923,48.2,gf,2.915,mm,OK,--,9:07:39 PM,7/28/2026,
924,48.2,gf,2.915,mm,OK,--,9:07:39 PM,7/28/2026,
925,48.3,gf,2.920,mm,OK,--,9:07:39 PM,7/28/2026,
926,48.3,gf,2.925,mm,OK,--,9:07:39 PM,7/28/2026,
927,48.3,gf,2.930,mm,OK,--,9:07:39 PM,7/28/2026,
928,48.5,gf,2.935,mm,OK,--,9:07:39 PM,7/28/2026,
929,48.5,gf,2.945,mm,OK,--,9:07:39 PM,7/28/2026,
930,48.5,gf,2.950,mm,OK,--,9:07:40 PM,7/28/2026,
931,48.5,gf,2.960,mm,OK,--,9:07:40 PM,7/28/2026,
932,48.6,gf,2.970,mm,OK,--,9:07:40 PM,7/28/2026,
933,48.6,gf,2.975,mm,OK,--,9:07:40 PM,7/28/2026,
934,48.5,gf,2.980,mm,OK,--,9:07:40 PM,7/28/2026,
935,48.6,gf,2.985,mm,OK,--,9:07:40 PM,7/28/2026,
936,48.6,gf,2.990,mm,OK,--,9:07:40 PM,7/28/2026,
937,48.5,gf,2.995,mm,OK,--,9:07:40 PM,7/28/2026,
938,48.6,gf,3.005,mm,OK,--,9:07:40 PM,7/28/2026,
939,48.6,gf,3.005,mm,OK,--,9:07:40 PM,7/28/2026,
940,48.6,gf,3.010,mm,OK,--,9:07:41 PM,7/28/2026,
941,48.6,gf,3.015,mm,OK,--,9:07:41 PM,7/28/2026,
942,48.6,gf,3.015,mm,OK,--,9:07:41 PM,7/28/2026,
943,48.6,gf,3.020,mm,OK,--,9:07:41 PM,7/28/2026,
944,48.6,gf,3.020,mm,OK,--,9:07:41 PM,7/28/2026,
945,48.7,gf,3.025,mm,OK,--,9:07:41 PM,7/28/2026,
946,48.7,gf,3.025,mm,OK,--,9:07:41 PM,7/28/2026,
947,48.7,gf,3.030,mm,OK,--,9:07:41 PM,7/28/2026,
948,48.7,gf,3.030,mm,OK,--,9:07:41 PM,7/28/2026,
949,48.7,gf,3.035,mm,OK,--,9:07:41 PM,7/28/2026,
950,48.7,gf,3.035,mm,OK,--,9:07:42 PM,7/28/2026,
951,48.7,gf,3.040,mm,OK,--,9:07:42 PM,7/28/2026,
952,48.7,gf,3.040,mm,OK,--,9:07:42 PM,7/28/2026,
953,48.7,gf,3.045,mm,OK,--,9:07:42 PM,7/28/2026,
954,48.7,gf,3.045,mm,OK,--,9:07:42 PM,7/28/2026,
955,48.7,gf,3.050,mm,OK,--,9:07:42 PM,7/28/2026,
956,48.7,gf,3.055,mm,OK,--,9:07:42 PM,7/28/2026,
957,48.8,gf,3.060,mm,OK,--,9:07:42 PM,7/28/2026,
958,48.8,gf,3.060,mm,OK,--,9:07:42 PM,7/28/2026,
959,48.8,gf,3.065,mm,OK,--,9:07:42 PM,7/28/2026,
960,48.8,gf,3.065,mm,OK,--,9:07:43 PM,7/28/2026,
961,48.8,gf,3.070,mm,OK,--,9:07:43 PM,7/28/2026,
962,48.8,gf,3.070,mm,OK,--,9:07:43 PM,7/28/2026,
963,48.8,gf,3.075,mm,OK,--,9:07:43 PM,7/28/2026,
964,48.8,gf,3.075,mm,OK,--,9:07:43 PM,7/28/2026,
965,48.8,gf,3.080,mm,OK,--,9:07:43 PM,7/28/2026,
966,48.8,gf,3.085,mm,OK,--,9:07:43 PM,7/28/2026,
967,48.9,gf,3.095,mm,OK,--,9:07:43 PM,7/28/2026,
968,48.9,gf,3.100,mm,OK,--,9:07:43 PM,7/28/2026,
969,48.9,gf,3.110,mm,OK,--,9:07:43 PM,7/28/2026,
970,49.0,gf,3.115,mm,OK,--,9:07:44 PM,7/28/2026,
971,49.0,gf,3.120,mm,OK,--,9:07:44 PM,7/28/2026,
972,49.0,gf,3.130,mm,OK,--,9:07:44 PM,7/28/2026,
973,49.0,gf,3.130,mm,OK,--,9:07:44 PM,7/28/2026,
974,49.0,gf,3.140,mm,OK,--,9:07:44 PM,7/28/2026,
975,49.1,gf,3.145,mm,OK,--,9:07:44 PM,7/28/2026,
976,49.1,gf,3.150,mm,OK,--,9:07:44 PM,7/28/2026,
977,49.1,gf,3.155,mm,OK,--,9:07:44 PM,7/28/2026,
978,49.1,gf,3.160,mm,OK,--,9:07:44 PM,7/28/2026,
979,49.1,gf,3.165,mm,OK,--,9:07:44 PM,7/28/2026,
980,49.2,gf,3.170,mm,OK,--,9:07:45 PM,7/28/2026,
981,49.2,gf,3.170,mm,OK,--,9:07:45 PM,7/28/2026,
982,49.2,gf,3.175,mm,OK,--,9:07:45 PM,7/28/2026,
983,49.2,gf,3.180,mm,OK,--,9:07:45 PM,7/28/2026,
984,49.2,gf,3.185,mm,OK,--,9:07:45 PM,7/28/2026,
985,49.3,gf,3.190,mm,OK,--,9:07:45 PM,7/28/2026,
986,49.2,gf,3.195,mm,OK,--,9:07:45 PM,7/28/2026,
987,49.2,gf,3.200,mm,OK,--,9:07:45 PM,7/28/2026,
988,49.2,gf,3.200,mm,OK,--,9:07:45 PM,7/28/2026,
989,49.3,gf,3.205,mm,OK,--,9:07:45 PM,7/28/2026,
990,49.2,gf,3.210,mm,OK,--,9:07:46 PM,7/28/2026,
991,49.2,gf,3.210,mm,OK,--,9:07:46 PM,7/28/2026,
992,49.2,gf,3.210,mm,OK,--,9:07:46 PM,7/28/2026,
993,49.2,gf,3.215,mm,OK,--,9:07:46 PM,7/28/2026,
994,49.2,gf,3.215,mm,OK,--,9:07:46 PM,7/28/2026,
995,49.3,gf,3.215,mm,OK,--,9:07:46 PM,7/28/2026,
996,49.3,gf,3.220,mm,OK,--,9:07:46 PM,7/28/2026,
997,49.3,gf,3.225,mm,OK,--,9:07:46 PM,7/28/2026,
998,49.3,gf,3.230,mm,OK,--,9:07:46 PM,7/28/2026,
999,49.3,gf,3.235,mm,OK,--,9:07:46 PM,7/28/2026,
1000,49.3,gf,3.240,mm,OK,--,9:07:47 PM,7/28/2026,
1001,49.4,gf,3.245,mm,OK,--,9:07:47 PM,7/28/2026,
1002,49.4,gf,3.250,mm,OK,--,9:07:47 PM,7/28/2026,
1003,49.4,gf,3.250,mm,OK,--,9:07:47 PM,7/28/2026,
1004,49.4,gf,3.255,mm,OK,--,9:07:47 PM,7/28/2026,
1005,49.4,gf,3.260,mm,OK,--,9:07:47 PM,7/28/2026,
1006,49.4,gf,3.265,mm,OK,--,9:07:47 PM,7/28/2026,
1007,49.4,gf,3.270,mm,OK,--,9:07:47 PM,7/28/2026,
1008,49.5,gf,3.275,mm,OK,--,9:07:47 PM,7/28/2026,
1009,49.5,gf,3.280,mm,OK,--,9:07:47 PM,7/28/2026,
1010,49.6,gf,3.285,mm,OK,--,9:07:48 PM,7/28/2026,
1011,49.6,gf,3.290,mm,OK,--,9:07:48 PM,7/28/2026,
1012,49.6,gf,3.300,mm,OK,--,9:07:48 PM,7/28/2026,
1013,49.6,gf,3.305,mm,OK,--,9:07:48 PM,7/28/2026,
1014,49.6,gf,3.310,mm,OK,--,9:07:48 PM,7/28/2026,
1015,49.6,gf,3.315,mm,OK,--,9:07:48 PM,7/28/2026,
1016,49.6,gf,3.320,mm,OK,--,9:07:48 PM,7/28/2026,
1017,49.7,gf,3.325,mm,OK,--,9:07:48 PM,7/28/2026,
1018,49.7,gf,3.330,mm,OK,--,9:07:48 PM,7/28/2026,
1019,49.7,gf,3.335,mm,OK,--,9:07:48 PM,7/28/2026,
1020,49.8,gf,3.340,mm,OK,--,9:07:49 PM,7/28/2026,
1021,49.8,gf,3.345,mm,OK,--,9:07:49 PM,7/28/2026,
1022,49.8,gf,3.350,mm,OK,--,9:07:49 PM,7/28/2026,
1023,49.8,gf,3.355,mm,OK,--,9:07:49 PM,7/28/2026,
1024,49.8,gf,3.360,mm,OK,--,9:07:49 PM,7/28/2026,
1025,49.8,gf,3.365,mm,OK,--,9:07:49 PM,7/28/2026,
1026,49.9,gf,3.370,mm,OK,--,9:07:49 PM,7/28/2026,
1027,49.9,gf,3.375,mm,OK,--,9:07:49 PM,7/28/2026,
1028,49.9,gf,3.375,mm,OK,--,9:07:49 PM,7/28/2026,
1029,49.9,gf,3.380,mm,OK,--,9:07:49 PM,7/28/2026,
1030,49.9,gf,3.385,mm,OK,--,9:07:50 PM,7/28/2026,
1031,50.0,gf,3.390,mm,OK,--,9:07:50 PM,7/28/2026,
1032,50.0,gf,3.390,mm,OK,--,9:07:50 PM,7/28/2026,
1033,50.0,gf,3.395,mm,OK,--,9:07:50 PM,7/28/2026,
1034,50.0,gf,3.395,mm,OK,--,9:07:50 PM,7/28/2026,
1035,50.0,gf,3.400,mm,OK,--,9:07:50 PM,7/28/2026,
1036,50.0,gf,3.405,mm,OK,--,9:07:50 PM,7/28/2026,
1037,50.1,gf,3.410,mm,OK,--,9:07:50 PM,7/28/2026,
1038,50.0,gf,3.415,mm,OK,--,9:07:50 PM,7/28/2026,
1039,50.0,gf,3.420,mm,OK,--,9:07:50 PM,7/28/2026,
1040,50.1,gf,3.425,mm,OK,--,9:07:51 PM,7/28/2026,
1041,50.1,gf,3.430,mm,OK,--,9:07:51 PM,7/28/2026,
1042,50.1,gf,3.430,mm,OK,--,9:07:51 PM,7/28/2026,
1043,50.1,gf,3.435,mm,OK,--,9:07:51 PM,7/28/2026,
1044,50.1,gf,3.440,mm,OK,--,9:07:51 PM,7/28/2026,
1045,50.1,gf,3.445,mm,OK,--,9:07:51 PM,7/28/2026,
1046,50.1,gf,3.450,mm,OK,--,9:07:51 PM,7/28/2026,
1047,50.2,gf,3.455,mm,OK,--,9:07:51 PM,7/28/2026,
1048,50.2,gf,3.460,mm,OK,--,9:07:51 PM,7/28/2026,
1049,50.2,gf,3.465,mm,OK,--,9:07:51 PM,7/28/2026,
1050,50.2,gf,3.470,mm,OK,--,9:07:52 PM,7/28/2026,
1051,50.2,gf,3.470,mm,OK,--,9:07:52 PM,7/28/2026,
1052,50.2,gf,3.475,mm,OK,--,9:07:52 PM,7/28/2026,
1053,50.2,gf,3.480,mm,OK,--,9:07:52 PM,7/28/2026,
1054,50.2,gf,3.480,mm,OK,--,9:07:52 PM,7/28/2026,
1055,50.2,gf,3.485,mm,OK,--,9:07:52 PM,7/28/2026,
1056,50.2,gf,3.490,mm,OK,--,9:07:52 PM,7/28/2026,
1057,50.2,gf,3.495,mm,OK,--,9:07:52 PM,7/28/2026,
1058,50.2,gf,3.495,mm,OK,--,9:07:52 PM,7/28/2026,
1059,50.2,gf,3.500,mm,OK,--,9:07:52 PM,7/28/2026,
1060,50.3,gf,3.505,mm,OK,--,9:07:53 PM,7/28/2026,
1061,50.3,gf,3.510,mm,OK,--,9:07:53 PM,7/28/2026,
1062,50.3,gf,3.510,mm,OK,--,9:07:53 PM,7/28/2026,
1063,50.3,gf,3.515,mm,OK,--,9:07:53 PM,7/28/2026,
1064,50.3,gf,3.525,mm,OK,--,9:07:53 PM,7/28/2026,
1065,50.3,gf,3.530,mm,OK,--,9:07:53 PM,7/28/2026,
1066,50.4,gf,3.530,mm,OK,--,9:07:53 PM,7/28/2026,
1067,50.4,gf,3.535,mm,OK,--,9:07:53 PM,7/28/2026,
1068,50.4,gf,3.535,mm,OK,--,9:07:53 PM,7/28/2026,
1069,50.4,gf,3.540,mm,OK,--,9:07:53 PM,7/28/2026,
1070,50.4,gf,3.540,mm,OK,--,9:07:54 PM,7/28/2026,
1071,50.4,gf,3.545,mm,OK,--,9:07:54 PM,7/28/2026,
1072,50.4,gf,3.545,mm,OK,--,9:07:54 PM,7/28/2026,
1073,50.4,gf,3.550,mm,OK,--,9:07:54 PM,7/28/2026,
1074,50.4,gf,3.550,mm,OK,--,9:07:54 PM,7/28/2026,
1075,50.4,gf,3.555,mm,OK,--,9:07:54 PM,7/28/2026,
1076,50.4,gf,3.560,mm,OK,--,9:07:54 PM,7/28/2026,
1077,50.5,gf,3.565,mm,OK,--,9:07:54 PM,7/28/2026,
1078,51.0,gf,3.570,mm,OK,--,9:07:54 PM,7/28/2026,
1079,51.6,gf,3.575,mm,OK,--,9:07:54 PM,7/28/2026,
1080,52.7,gf,3.580,mm,OK,--,9:07:55 PM,7/28/2026,
1081,53.9,gf,3.585,mm,OK,--,9:07:55 PM,7/28/2026,
1082,54.9,gf,3.590,mm,OK,--,9:07:55 PM,7/28/2026,
1083,56.0,gf,3.595,mm,OK,--,9:07:55 PM,7/28/2026,
1084,57.3,gf,3.600,mm,OK,--,9:07:55 PM,7/28/2026,
1085,58.6,gf,3.605,mm,OK,--,9:07:55 PM,7/28/2026,
1086,59.7,gf,3.610,mm,OK,--,9:07:55 PM,7/28/2026,
1087,61.1,gf,3.615,mm,OK,--,9:07:55 PM,7/28/2026,
1088,62.0,gf,3.620,mm,OK,--,9:07:55 PM,7/28/2026,
1089,63.0,gf,3.625,mm,OK,--,9:07:55 PM,7/28/2026,
1090,64.0,gf,3.630,mm,OK,--,9:07:56 PM,7/28/2026,
1091,65.1,gf,3.635,mm,OK,--,9:07:56 PM,7/28/2026,
1092,66.0,gf,3.635,mm,OK,--,9:07:56 PM,7/28/2026,
1093,66.8,gf,3.640,mm,OK,--,9:07:56 PM,7/28/2026,
1094,67.5,gf,3.640,mm,OK,--,9:07:56 PM,7/28/2026,
1095,68.5,gf,3.645,mm,OK,--,9:07:56 PM,7/28/2026,
1096,69.7,gf,3.650,mm,OK,--,9:07:56 PM,7/28/2026,
1097,70.7,gf,3.655,mm,OK,--,9:07:56 PM,7/28/2026,
1098,71.8,gf,3.655,mm,OK,--,9:07:56 PM,7/28/2026,
1099,72.8,gf,3.660,mm,OK,--,9:07:56 PM,7/28/2026,
1100,74.0,gf,3.665,mm,OK,--,9:07:57 PM,7/28/2026,
1101,75.2,gf,3.665,mm,OK,--,9:07:57 PM,7/28/2026,
1102,75.8,gf,3.670,mm,OK,--,9:07:57 PM,7/28/2026,
1103,76.5,gf,3.670,mm,OK,--,9:07:57 PM,7/28/2026,
1104,77.2,gf,3.675,mm,OK,--,9:07:57 PM,7/28/2026,
1105,78.1,gf,3.675,mm,OK,--,9:07:57 PM,7/28/2026,
1106,78.9,gf,3.680,mm,OK,--,9:07:57 PM,7/28/2026,
1107,79.9,gf,3.680,mm,OK,--,9:07:57 PM,7/28/2026,
1108,81.5,gf,3.690,mm,OK,--,9:07:57 PM,7/28/2026,
1109,83.6,gf,3.695,mm,OK,--,9:07:57 PM,7/28/2026,
1110,85.2,gf,3.700,mm,OK,--,9:07:58 PM,7/28/2026,
1111,86.4,gf,3.705,mm,OK,--,9:07:58 PM,7/28/2026,
1112,87.8,gf,3.710,mm,OK,--,9:07:58 PM,7/28/2026,
1113,89.9,gf,3.715,mm,OK,--,9:07:58 PM,7/28/2026,
1114,92.6,gf,3.720,mm,OK,--,9:07:58 PM,7/28/2026,
1115,95.9,gf,3.730,mm,OK,--,9:07:58 PM,7/28/2026,
1116,98.3,gf,3.740,mm,OK,--,9:07:58 PM,7/28/2026,
1117,99.7,gf,3.745,mm,OK,--,9:07:58 PM,7/28/2026,
1118,102.0,gf,3.750,mm,OK,--,9:07:58 PM,7/28/2026,
1119,106.1,gf,3.760,mm,OK,--,9:07:58 PM,7/28/2026,
1120,111.6,gf,3.775,mm,OK,--,9:07:59 PM,7/28/2026,
1121,116.3,gf,3.790,mm,OK,--,9:07:59 PM,7/28/2026,
1122,119.3,gf,3.800,mm,OK,--,9:07:59 PM,7/28/2026,
1123,121.5,gf,3.805,mm,OK,--,9:07:59 PM,7/28/2026,
1124,123.8,gf,3.810,mm,OK,--,9:07:59 PM,7/28/2026,
1125,128.2,gf,3.820,mm,OK,--,9:07:59 PM,7/28/2026,
1126,133.3,gf,3.835,mm,OK,--,9:07:59 PM,7/28/2026,
1127,138.6,gf,3.850,mm,OK,--,9:07:59 PM,7/28/2026,
1128,144.6,gf,3.865,mm,OK,--,9:07:59 PM,7/28/2026,
1129,149.1,gf,3.875,mm,OK,--,9:07:59 PM,7/28/2026,
1130,152.7,gf,3.885,mm,OK,--,9:08:00 PM,7/28/2026,
1131,156.2,gf,3.895,mm,OK,--,9:08:00 PM,7/28/2026,
1132,159.6,gf,3.900,mm,OK,--,9:08:00 PM,7/28/2026,
1133,162.1,gf,3.910,mm,OK,--,9:08:00 PM,7/28/2026,
1134,164.0,gf,3.915,mm,OK,--,9:08:00 PM,7/28/2026,
1135,165.3,gf,3.915,mm,OK,--,9:08:00 PM,7/28/2026,
1136,166.2,gf,3.920,mm,OK,--,9:08:00 PM,7/28/2026,
1137,167.7,gf,3.925,mm,OK,--,9:08:00 PM,7/28/2026,
1138,169.2,gf,3.925,mm,OK,--,9:08:00 PM,7/28/2026,
1139,170.7,gf,3.930,mm,OK,--,9:08:00 PM,7/28/2026,
1140,172.1,gf,3.935,mm,OK,--,9:08:01 PM,7/28/2026,
1141,173.6,gf,3.940,mm,OK,--,9:08:01 PM,7/28/2026,
1142,175.0,gf,3.940,mm,OK,--,9:08:01 PM,7/28/2026,
1143,176.1,gf,3.945,mm,OK,--,9:08:01 PM,7/28/2026,
1144,177.1,gf,3.945,mm,OK,--,9:08:01 PM,7/28/2026,
1145,178.3,gf,3.950,mm,OK,--,9:08:01 PM,7/28/2026,
1146,179.7,gf,3.955,mm,OK,--,9:08:01 PM,7/28/2026,
1147,181.4,gf,3.955,mm,OK,--,9:08:01 PM,7/28/2026,
1148,182.6,gf,3.960,mm,OK,--,9:08:01 PM,7/28/2026,
1149,183.8,gf,3.960,mm,OK,--,9:08:01 PM,7/28/2026,
1150,185.4,gf,3.965,mm,OK,--,9:08:02 PM,7/28/2026,
1151,187.1,gf,3.970,mm,OK,--,9:08:02 PM,7/28/2026,
1152,187.6,gf,3.970,mm,OK,--,9:08:02 PM,7/28/2026,
1153,187.9,gf,3.970,mm,OK,--,9:08:02 PM,7/28/2026,
1154,188.2,gf,3.975,mm,OK,--,9:08:02 PM,7/28/2026,
1155,189.2,gf,3.975,mm,OK,--,9:08:02 PM,7/28/2026,
1156,190.1,gf,3.975,mm,OK,--,9:08:02 PM,7/28/2026,
1157,190.5,gf,3.980,mm,OK,--,9:08:02 PM,7/28/2026,
1158,190.7,gf,3.980,mm,OK,--,9:08:02 PM,7/28/2026,
1159,190.7,gf,3.980,mm,OK,--,9:08:02 PM,7/28/2026,
1160,190.3,gf,3.980,mm,OK,--,9:08:03 PM,7/28/2026,
1161,190.0,gf,3.980,mm,OK,--,9:08:03 PM,7/28/2026,
1162,189.8,gf,3.980,mm,OK,--,9:08:03 PM,7/28/2026,
1163,189.6,gf,3.980,mm,OK,--,9:08:03 PM,7/28/2026,
1164,189.5,gf,3.980,mm,OK,--,9:08:03 PM,7/28/2026,
1165,189.3,gf,3.980,mm,OK,--,9:08:03 PM,7/28/2026,
1166,189.2,gf,3.980,mm,OK,--,9:08:03 PM,7/28/2026,
1167,189.1,gf,3.980,mm,OK,--,9:08:03 PM,7/28/2026,
1168,189.1,gf,3.980,mm,OK,--,9:08:03 PM,7/28/2026,
1169,189.0,gf,3.980,mm,OK,--,9:08:03 PM,7/28/2026,
1170,188.9,gf,3.980,mm,OK,--,9:08:04 PM,7/28/2026,
1171,188.8,gf,3.980,mm,OK,--,9:08:04 PM,7/28/2026,
1172,188.7,gf,3.980,mm,OK,--,9:08:04 PM,7/28/2026,
1173,188.6,gf,3.980,mm,OK,--,9:08:04 PM,7/28/2026,
1174,188.6,gf,3.980,mm,OK,--,9:08:04 PM,7/28/2026,
1175,188.4,gf,3.980,mm,OK,--,9:08:04 PM,7/28/2026,
1176,188.3,gf,3.980,mm,OK,--,9:08:04 PM,7/28/2026,
1177,188.0,gf,3.980,mm,OK,--,9:08:04 PM,7/28/2026,
1178,187.9,gf,3.980,mm,OK,--,9:08:04 PM,7/28/2026,
1179,187.7,gf,3.980,mm,OK,--,9:08:04 PM,7/28/2026,
1180,187.6,gf,3.980,mm,OK,--,9:08:05 PM,7/28/2026,
1181,187.4,gf,3.980,mm,OK,--,9:08:05 PM,7/28/2026,
1182,187.3,gf,3.980,mm,OK,--,9:08:05 PM,7/28/2026,
1183,186.8,gf,3.980,mm,OK,--,9:08:05 PM,7/28/2026,
1184,185.4,gf,3.980,mm,OK,--,9:08:05 PM,7/28/2026,
1185,183.6,gf,3.975,mm,OK,--,9:08:05 PM,7/28/2026,
1186,182.1,gf,3.975,mm,OK,--,9:08:05 PM,7/28/2026,
1187,181.4,gf,3.975,mm,OK,--,9:08:05 PM,7/28/2026,
1188,180.8,gf,3.975,mm,OK,--,9:08:05 PM,7/28/2026,
1189,180.1,gf,3.970,mm,OK,--,9:08:05 PM,7/28/2026,
1190,179.5,gf,3.970,mm,OK,--,9:08:06 PM,7/28/2026,
1191,178.8,gf,3.970,mm,OK,--,9:08:06 PM,7/28/2026,
1192,178.0,gf,3.970,mm,OK,--,9:08:06 PM,7/28/2026,
1193,177.4,gf,3.970,mm,OK,--,9:08:06 PM,7/28/2026,
1194,176.9,gf,3.965,mm,OK,--,9:08:06 PM,7/28/2026,
1195,176.6,gf,3.965,mm,OK,--,9:08:06 PM,7/28/2026,
1196,176.1,gf,3.965,mm,OK,--,9:08:06 PM,7/28/2026,
1197,175.7,gf,3.965,mm,OK,--,9:08:06 PM,7/28/2026,
1198,175.4,gf,3.965,mm,OK,--,9:08:06 PM,7/28/2026,
1199,175.1,gf,3.965,mm,OK,--,9:08:06 PM,7/28/2026,
1200,175.0,gf,3.965,mm,OK,--,9:08:07 PM,7/28/2026,
1201,174.9,gf,3.965,mm,OK,--,9:08:07 PM,7/28/2026,
1202,174.7,gf,3.965,mm,OK,--,9:08:07 PM,7/28/2026,
1203,174.4,gf,3.965,mm,OK,--,9:08:07 PM,7/28/2026,
1204,174.0,gf,3.965,mm,OK,--,9:08:07 PM,7/28/2026,
1205,173.5,gf,3.960,mm,OK,--,9:08:07 PM,7/28/2026,
1206,173.0,gf,3.960,mm,OK,--,9:08:07 PM,7/28/2026,
1207,172.2,gf,3.960,mm,OK,--,9:08:07 PM,7/28/2026,
1208,171.3,gf,3.960,mm,OK,--,9:08:07 PM,7/28/2026,
1209,170.5,gf,3.960,mm,OK,--,9:08:07 PM,7/28/2026,
1210,169.6,gf,3.955,mm,OK,--,9:08:08 PM,7/28/2026,
1211,169.1,gf,3.955,mm,OK,--,9:08:08 PM,7/28/2026,
1212,168.7,gf,3.955,mm,OK,--,9:08:08 PM,7/28/2026,
1213,168.5,gf,3.955,mm,OK,--,9:08:08 PM,7/28/2026,
1214,168.1,gf,3.955,mm,OK,--,9:08:08 PM,7/28/2026,
1215,167.5,gf,3.955,mm,OK,--,9:08:08 PM,7/28/2026,
1216,167.0,gf,3.950,mm,OK,--,9:08:08 PM,7/28/2026,
1217,166.7,gf,3.950,mm,OK,--,9:08:08 PM,7/28/2026,
1218,166.5,gf,3.950,mm,OK,--,9:08:08 PM,7/28/2026,
1219,166.1,gf,3.950,mm,OK,--,9:08:08 PM,7/28/2026,
1220,165.5,gf,3.950,mm,OK,--,9:08:09 PM,7/28/2026,
1221,164.9,gf,3.950,mm,OK,--,9:08:09 PM,7/28/2026,
1222,164.2,gf,3.950,mm,OK,--,9:08:09 PM,7/28/2026,
1223,163.7,gf,3.945,mm,OK,--,9:08:09 PM,7/28/2026,
1224,163.3,gf,3.945,mm,OK,--,9:08:09 PM,7/28/2026,
1225,162.9,gf,3.945,mm,OK,--,9:08:09 PM,7/28/2026,
1226,162.6,gf,3.945,mm,OK,--,9:08:09 PM,7/28/2026,
1227,162.3,gf,3.945,mm,OK,--,9:08:09 PM,7/28/2026,
1228,161.9,gf,3.945,mm,OK,--,9:08:09 PM,7/28/2026,
1229,161.6,gf,3.945,mm,OK,--,9:08:09 PM,7/28/2026,
1230,160.9,gf,3.940,mm,OK,--,9:08:10 PM,7/28/2026,
1231,160.4,gf,3.940,mm,OK,--,9:08:10 PM,7/28/2026,
1232,159.7,gf,3.940,mm,OK,--,9:08:10 PM,7/28/2026,
1233,159.2,gf,3.940,mm,OK,--,9:08:10 PM,7/28/2026,
1234,158.9,gf,3.940,mm,OK,--,9:08:10 PM,7/28/2026,
1235,158.5,gf,3.940,mm,OK,--,9:08:10 PM,7/28/2026,
1236,158.2,gf,3.935,mm,OK,--,9:08:10 PM,7/28/2026,
1237,157.8,gf,3.935,mm,OK,--,9:08:10 PM,7/28/2026,
1238,157.5,gf,3.935,mm,OK,--,9:08:10 PM,7/28/2026,
1239,157.2,gf,3.935,mm,OK,--,9:08:10 PM,7/28/2026,
1240,156.9,gf,3.935,mm,OK,--,9:08:11 PM,7/28/2026,
1241,156.6,gf,3.935,mm,OK,--,9:08:11 PM,7/28/2026,
1242,156.3,gf,3.935,mm,OK,--,9:08:11 PM,7/28/2026,
1243,156.0,gf,3.935,mm,OK,--,9:08:11 PM,7/28/2026,
1244,155.7,gf,3.935,mm,OK,--,9:08:11 PM,7/28/2026,
1245,155.4,gf,3.930,mm,OK,--,9:08:11 PM,7/28/2026,
1246,155.0,gf,3.930,mm,OK,--,9:08:11 PM,7/28/2026,
1247,154.6,gf,3.930,mm,OK,--,9:08:11 PM,7/28/2026,
1248,154.2,gf,3.930,mm,OK,--,9:08:11 PM,7/28/2026,
1249,153.9,gf,3.930,mm,OK,--,9:08:11 PM,7/28/2026,
1250,153.6,gf,3.930,mm,OK,--,9:08:12 PM,7/28/2026,
1251,153.1,gf,3.930,mm,OK,--,9:08:12 PM,7/28/2026,
1252,152.5,gf,3.925,mm,OK,--,9:08:12 PM,7/28/2026,
1253,151.9,gf,3.925,mm,OK,--,9:08:12 PM,7/28/2026,
1254,151.1,gf,3.925,mm,OK,--,9:08:12 PM,7/28/2026,
1255,150.3,gf,3.925,mm,OK,--,9:08:12 PM,7/28/2026,
1256,149.5,gf,3.920,mm,OK,--,9:08:12 PM,7/28/2026,
1257,148.4,gf,3.920,mm,OK,--,9:08:12 PM,7/28/2026,
1258,147.5,gf,3.915,mm,OK,--,9:08:12 PM,7/28/2026,
1259,146.9,gf,3.915,mm,OK,--,9:08:12 PM,7/28/2026,
1260,146.5,gf,3.915,mm,OK,--,9:08:13 PM,7/28/2026,
1261,146.1,gf,3.915,mm,OK,--,9:08:13 PM,7/28/2026,
1262,145.9,gf,3.915,mm,OK,--,9:08:13 PM,7/28/2026,
1263,145.7,gf,3.915,mm,OK,--,9:08:13 PM,7/28/2026,
1264,145.5,gf,3.915,mm,OK,--,9:08:13 PM,7/28/2026,
1265,145.2,gf,3.915,mm,OK,--,9:08:13 PM,7/28/2026,
1266,144.9,gf,3.910,mm,OK,--,9:08:13 PM,7/28/2026,
1267,144.7,gf,3.910,mm,OK,--,9:08:13 PM,7/28/2026,
1268,144.5,gf,3.910,mm,OK,--,9:08:13 PM,7/28/2026,
1269,144.4,gf,3.910,mm,OK,--,9:08:13 PM,7/28/2026,
1270,144.2,gf,3.910,mm,OK,--,9:08:14 PM,7/28/2026,
1271,144.0,gf,3.910,mm,OK,--,9:08:14 PM,7/28/2026,
1272,143.9,gf,3.910,mm,OK,--,9:08:14 PM,7/28/2026,
1273,143.8,gf,3.910,mm,OK,--,9:08:14 PM,7/28/2026,
1274,143.8,gf,3.910,mm,OK,--,9:08:14 PM,7/28/2026,
1275,143.6,gf,3.910,mm,OK,--,9:08:14 PM,7/28/2026,
1276,143.5,gf,3.910,mm,OK,--,9:08:14 PM,7/28/2026,
1277,143.3,gf,3.910,mm,OK,--,9:08:14 PM,7/28/2026,
1278,142.9,gf,3.910,mm,OK,--,9:08:14 PM,7/28/2026,
1279,142.5,gf,3.905,mm,OK,--,9:08:14 PM,7/28/2026,
1280,141.7,gf,3.905,mm,OK,--,9:08:15 PM,7/28/2026,
1281,140.6,gf,3.905,mm,OK,--,9:08:15 PM,7/28/2026,
1282,139.6,gf,3.900,mm,OK,--,9:08:15 PM,7/28/2026,
1283,138.5,gf,3.900,mm,OK,--,9:08:15 PM,7/28/2026,
1284,137.5,gf,3.895,mm,OK,--,9:08:15 PM,7/28/2026,
1285,136.5,gf,3.895,mm,OK,--,9:08:15 PM,7/28/2026,
1286,135.5,gf,3.895,mm,OK,--,9:08:15 PM,7/28/2026,
1287,134.4,gf,3.890,mm,OK,--,9:08:15 PM,7/28/2026,
1288,133.1,gf,3.890,mm,OK,--,9:08:15 PM,7/28/2026,
1289,132.0,gf,3.885,mm,OK,--,9:08:15 PM,7/28/2026,
1290,131.2,gf,3.885,mm,OK,--,9:08:16 PM,7/28/2026,
1291,130.4,gf,3.885,mm,OK,--,9:08:16 PM,7/28/2026,
1292,129.7,gf,3.880,mm,OK,--,9:08:16 PM,7/28/2026,
1293,129.1,gf,3.880,mm,OK,--,9:08:16 PM,7/28/2026,
1294,128.6,gf,3.880,mm,OK,--,9:08:16 PM,7/28/2026,
1295,127.9,gf,3.875,mm,OK,--,9:08:16 PM,7/28/2026,
1296,127.1,gf,3.875,mm,OK,--,9:08:16 PM,7/28/2026,
1297,126.2,gf,3.875,mm,OK,--,9:08:16 PM,7/28/2026,
1298,125.4,gf,3.870,mm,OK,--,9:08:16 PM,7/28/2026,
1299,124.8,gf,3.870,mm,OK,--,9:08:16 PM,7/28/2026,
1300,124.2,gf,3.870,mm,OK,--,9:08:17 PM,7/28/2026,
1301,123.7,gf,3.870,mm,OK,--,9:08:17 PM,7/28/2026,
1302,123.0,gf,3.865,mm,OK,--,9:08:17 PM,7/28/2026,
1303,122.0,gf,3.865,mm,OK,--,9:08:17 PM,7/28/2026,
1304,120.8,gf,3.860,mm,OK,--,9:08:17 PM,7/28/2026,
1305,119.7,gf,3.860,mm,OK,--,9:08:17 PM,7/28/2026,
1306,118.4,gf,3.855,mm,OK,--,9:08:17 PM,7/28/2026,
1307,117.3,gf,3.850,mm,OK,--,9:08:17 PM,7/28/2026,
1308,116.3,gf,3.850,mm,OK,--,9:08:17 PM,7/28/2026,
1309,115.7,gf,3.850,mm,OK,--,9:08:17 PM,7/28/2026,
1310,115.2,gf,3.845,mm,OK,--,9:08:18 PM,7/28/2026,
1311,114.6,gf,3.845,mm,OK,--,9:08:18 PM,7/28/2026,
1312,114.0,gf,3.845,mm,OK,--,9:08:18 PM,7/28/2026,
1313,113.5,gf,3.840,mm,OK,--,9:08:18 PM,7/28/2026,
1314,113.0,gf,3.840,mm,OK,--,9:08:18 PM,7/28/2026,
1315,112.6,gf,3.840,mm,OK,--,9:08:18 PM,7/28/2026,
1316,112.1,gf,3.840,mm,OK,--,9:08:18 PM,7/28/2026,
1317,111.8,gf,3.835,mm,OK,--,9:08:18 PM,7/28/2026,
1318,111.0,gf,3.835,mm,OK,--,9:08:18 PM,7/28/2026,
1319,110.4,gf,3.835,mm,OK,--,9:08:18 PM,7/28/2026,
1320,109.7,gf,3.830,mm,OK,--,9:08:19 PM,7/28/2026,
1321,109.3,gf,3.830,mm,OK,--,9:08:19 PM,7/28/2026,
1322,108.8,gf,3.830,mm,OK,--,9:08:19 PM,7/28/2026,
1323,108.3,gf,3.830,mm,OK,--,9:08:19 PM,7/28/2026,
1324,107.9,gf,3.825,mm,OK,--,9:08:19 PM,7/28/2026,
1325,107.5,gf,3.825,mm,OK,--,9:08:19 PM,7/28/2026,
1326,107.3,gf,3.825,mm,OK,--,9:08:19 PM,7/28/2026,
1327,107.0,gf,3.825,mm,OK,--,9:08:19 PM,7/28/2026,
1328,106.3,gf,3.825,mm,OK,--,9:08:19 PM,7/28/2026,
1329,105.7,gf,3.820,mm,OK,--,9:08:19 PM,7/28/2026,
1330,105.1,gf,3.820,mm,OK,--,9:08:20 PM,7/28/2026,
1331,104.7,gf,3.820,mm,OK,--,9:08:20 PM,7/28/2026,
1332,104.2,gf,3.815,mm,OK,--,9:08:20 PM,7/28/2026,
1333,104.0,gf,3.815,mm,OK,--,9:08:20 PM,7/28/2026,
1334,103.6,gf,3.815,mm,OK,--,9:08:20 PM,7/28/2026,
1335,103.0,gf,3.815,mm,OK,--,9:08:20 PM,7/28/2026,
1336,102.7,gf,3.815,mm,OK,--,9:08:20 PM,7/28/2026,
1337,102.5,gf,3.815,mm,OK,--,9:08:20 PM,7/28/2026,
1338,102.2,gf,3.810,mm,OK,--,9:08:20 PM,7/28/2026,
1339,101.9,gf,3.810,mm,OK,--,9:08:20 PM,7/28/2026,
1340,101.4,gf,3.810,mm,OK,--,9:08:21 PM,7/28/2026,
1341,100.9,gf,3.810,mm,OK,--,9:08:21 PM,7/28/2026,
1342,100.5,gf,3.805,mm,OK,--,9:08:21 PM,7/28/2026,
1343,100.2,gf,3.805,mm,OK,--,9:08:21 PM,7/28/2026,
1344,99.8,gf,3.805,mm,OK,--,9:08:21 PM,7/28/2026,
1345,99.5,gf,3.805,mm,OK,--,9:08:21 PM,7/28/2026,
1346,99.1,gf,3.805,mm,OK,--,9:08:21 PM,7/28/2026,
1347,98.8,gf,3.800,mm,OK,--,9:08:21 PM,7/28/2026,
1348,98.5,gf,3.800,mm,OK,--,9:08:21 PM,7/28/2026,
1349,98.3,gf,3.800,mm,OK,--,9:08:21 PM,7/28/2026,
1350,98.1,gf,3.800,mm,OK,--,9:08:22 PM,7/28/2026,
1351,97.9,gf,3.800,mm,OK,--,9:08:22 PM,7/28/2026,
1352,97.6,gf,3.800,mm,OK,--,9:08:22 PM,7/28/2026,
1353,97.3,gf,3.800,mm,OK,--,9:08:22 PM,7/28/2026,
1354,97.1,gf,3.795,mm,OK,--,9:08:22 PM,7/28/2026,
1355,96.8,gf,3.795,mm,OK,--,9:08:22 PM,7/28/2026,
1356,96.5,gf,3.795,mm,OK,--,9:08:22 PM,7/28/2026,
1357,96.4,gf,3.795,mm,OK,--,9:08:22 PM,7/28/2026,
1358,96.2,gf,3.795,mm,OK,--,9:08:22 PM,7/28/2026,
1359,96.0,gf,3.795,mm,OK,--,9:08:22 PM,7/28/2026,
1360,95.8,gf,3.795,mm,OK,--,9:08:23 PM,7/28/2026,
1361,95.5,gf,3.795,mm,OK,--,9:08:23 PM,7/28/2026,
1362,95.2,gf,3.790,mm,OK,--,9:08:23 PM,7/28/2026,
1363,95.0,gf,3.790,mm,OK,--,9:08:23 PM,7/28/2026,
1364,94.6,gf,3.790,mm,OK,--,9:08:23 PM,7/28/2026,
1365,94.3,gf,3.790,mm,OK,--,9:08:23 PM,7/28/2026,
1366,94.0,gf,3.790,mm,OK,--,9:08:23 PM,7/28/2026,
1367,93.7,gf,3.785,mm,OK,--,9:08:23 PM,7/28/2026,
1368,93.5,gf,3.785,mm,OK,--,9:08:23 PM,7/28/2026,
1369,93.3,gf,3.785,mm,OK,--,9:08:23 PM,7/28/2026,
1370,93.2,gf,3.785,mm,OK,--,9:08:24 PM,7/28/2026,
1371,93.0,gf,3.785,mm,OK,--,9:08:24 PM,7/28/2026,
1372,92.8,gf,3.785,mm,OK,--,9:08:24 PM,7/28/2026,
1373,92.7,gf,3.785,mm,OK,--,9:08:24 PM,7/28/2026,
1374,92.4,gf,3.785,mm,OK,--,9:08:24 PM,7/28/2026,
1375,92.4,gf,3.785,mm,OK,--,9:08:24 PM,7/28/2026,
1376,92.1,gf,3.780,mm,OK,--,9:08:24 PM,7/28/2026,
1377,91.8,gf,3.780,mm,OK,--,9:08:24 PM,7/28/2026,
1378,91.4,gf,3.780,mm,OK,--,9:08:24 PM,7/28/2026,
1379,90.9,gf,3.780,mm,OK,--,9:08:24 PM,7/28/2026,
1380,90.4,gf,3.775,mm,OK,--,9:08:25 PM,7/28/2026,
1381,89.8,gf,3.775,mm,OK,--,9:08:25 PM,7/28/2026,
1382,89.2,gf,3.775,mm,OK,--,9:08:25 PM,7/28/2026,
1383,88.8,gf,3.770,mm,OK,--,9:08:25 PM,7/28/2026,
1384,88.6,gf,3.770,mm,OK,--,9:08:25 PM,7/28/2026,
1385,88.3,gf,3.770,mm,OK,--,9:08:25 PM,7/28/2026,
1386,88.1,gf,3.770,mm,OK,--,9:08:25 PM,7/28/2026,
1387,87.8,gf,3.770,mm,OK,--,9:08:25 PM,7/28/2026,
1388,87.6,gf,3.770,mm,OK,--,9:08:25 PM,7/28/2026,
1389,87.4,gf,3.765,mm,OK,--,9:08:25 PM,7/28/2026,
1390,87.2,gf,3.765,mm,OK,--,9:08:26 PM,7/28/2026,
1391,86.8,gf,3.765,mm,OK,--,9:08:26 PM,7/28/2026,
1392,86.4,gf,3.765,mm,OK,--,9:08:26 PM,7/28/2026,
1393,85.9,gf,3.760,mm,OK,--,9:08:26 PM,7/28/2026,
1394,85.5,gf,3.760,mm,OK,--,9:08:26 PM,7/28/2026,
1395,85.2,gf,3.760,mm,OK,--,9:08:26 PM,7/28/2026,
1396,84.8,gf,3.760,mm,OK,--,9:08:26 PM,7/28/2026,
1397,84.6,gf,3.755,mm,OK,--,9:08:26 PM,7/28/2026,
1398,84.3,gf,3.755,mm,OK,--,9:08:26 PM,7/28/2026,
1399,84.0,gf,3.755,mm,OK,--,9:08:26 PM,7/28/2026,
1400,83.6,gf,3.755,mm,OK,--,9:08:27 PM,7/28/2026,
1401,83.4,gf,3.755,mm,OK,--,9:08:27 PM,7/28/2026,
1402,82.9,gf,3.750,mm,OK,--,9:08:27 PM,7/28/2026,
1403,82.7,gf,3.750,mm,OK,--,9:08:27 PM,7/28/2026,
1404,82.4,gf,3.750,mm,OK,--,9:08:27 PM,7/28/2026,
1405,82.2,gf,3.750,mm,OK,--,9:08:27 PM,7/28/2026,
1406,82.2,gf,3.750,mm,OK,--,9:08:27 PM,7/28/2026,
1407,82.2,gf,3.750,mm,OK,--,9:08:27 PM,7/28/2026,
1408,82.1,gf,3.750,mm,OK,--,9:08:27 PM,7/28/2026,
1409,81.9,gf,3.750,mm,OK,--,9:08:27 PM,7/28/2026,
1410,81.6,gf,3.745,mm,OK,--,9:08:28 PM,7/28/2026,
1411,81.5,gf,3.745,mm,OK,--,9:08:28 PM,7/28/2026,
1412,81.3,gf,3.745,mm,OK,--,9:08:28 PM,7/28/2026,
1413,81.1,gf,3.745,mm,OK,--,9:08:28 PM,7/28/2026,
1414,80.9,gf,3.745,mm,OK,--,9:08:28 PM,7/28/2026,
1415,80.5,gf,3.745,mm,OK,--,9:08:28 PM,7/28/2026,
1416,80.0,gf,3.740,mm,OK,--,9:08:28 PM,7/28/2026,
1417,79.6,gf,3.740,mm,OK,--,9:08:28 PM,7/28/2026,
1418,79.1,gf,3.740,mm,OK,--,9:08:28 PM,7/28/2026,
1419,78.7,gf,3.735,mm,OK,--,9:08:28 PM,7/28/2026,
1420,78.2,gf,3.735,mm,OK,--,9:08:29 PM,7/28/2026,
1421,77.9,gf,3.735,mm,OK,--,9:08:29 PM,7/28/2026,
1422,77.6,gf,3.735,mm,OK,--,9:08:29 PM,7/28/2026,
1423,77.2,gf,3.730,mm,OK,--,9:08:29 PM,7/28/2026,
1424,76.1,gf,3.730,mm,OK,--,9:08:29 PM,7/28/2026,
1425,75.2,gf,3.725,mm,OK,--,9:08:29 PM,7/28/2026,
1426,74.3,gf,3.725,mm,OK,--,9:08:29 PM,7/28/2026,
1427,73.6,gf,3.720,mm,OK,--,9:08:29 PM,7/28/2026,
1428,72.9,gf,3.715,mm,OK,--,9:08:29 PM,7/28/2026,
1429,72.3,gf,3.715,mm,OK,--,9:08:29 PM,7/28/2026,
1430,72.0,gf,3.715,mm,OK,--,9:08:30 PM,7/28/2026,
1431,71.8,gf,3.710,mm,OK,--,9:08:30 PM,7/28/2026,
1432,71.4,gf,3.710,mm,OK,--,9:08:30 PM,7/28/2026,
1433,71.1,gf,3.710,mm,OK,--,9:08:30 PM,7/28/2026,
1434,70.5,gf,3.710,mm,OK,--,9:08:30 PM,7/28/2026,
1435,70.1,gf,3.705,mm,OK,--,9:08:30 PM,7/28/2026,
1436,69.8,gf,3.705,mm,OK,--,9:08:30 PM,7/28/2026,
1437,69.1,gf,3.700,mm,OK,--,9:08:30 PM,7/28/2026,
1438,67.8,gf,3.695,mm,OK,--,9:08:30 PM,7/28/2026,
1439,66.8,gf,3.690,mm,OK,--,9:08:30 PM,7/28/2026,
1440,66.1,gf,3.690,mm,OK,--,9:08:31 PM,7/28/2026,
1441,65.5,gf,3.685,mm,OK,--,9:08:31 PM,7/28/2026,
1442,64.9,gf,3.685,mm,OK,--,9:08:31 PM,7/28/2026,
1443,64.3,gf,3.680,mm,OK,--,9:08:31 PM,7/28/2026,
1444,63.7,gf,3.680,mm,OK,--,9:08:31 PM,7/28/2026,
1445,63.2,gf,3.675,mm,OK,--,9:08:31 PM,7/28/2026,
1446,62.7,gf,3.675,mm,OK,--,9:08:31 PM,7/28/2026,
1447,62.2,gf,3.670,mm,OK,--,9:08:31 PM,7/28/2026,
1448,61.6,gf,3.670,mm,OK,--,9:08:31 PM,7/28/2026,
1449,61.2,gf,3.665,mm,OK,--,9:08:31 PM,7/28/2026,
1450,60.6,gf,3.665,mm,OK,--,9:08:32 PM,7/28/2026,
1451,59.9,gf,3.660,mm,OK,--,9:08:32 PM,7/28/2026,
1452,59.4,gf,3.660,mm,OK,--,9:08:32 PM,7/28/2026,
1453,58.9,gf,3.655,mm,OK,--,9:08:32 PM,7/28/2026,
1454,58.3,gf,3.655,mm,OK,--,9:08:32 PM,7/28/2026,
1455,57.7,gf,3.650,mm,OK,--,9:08:32 PM,7/28/2026,
1456,57.4,gf,3.650,mm,OK,--,9:08:32 PM,7/28/2026,
1457,57.1,gf,3.645,mm,OK,--,9:08:32 PM,7/28/2026,
1458,56.7,gf,3.645,mm,OK,--,9:08:32 PM,7/28/2026,
1459,56.3,gf,3.640,mm,OK,--,9:08:32 PM,7/28/2026,
1460,55.9,gf,3.640,mm,OK,--,9:08:33 PM,7/28/2026,
1461,55.5,gf,3.635,mm,OK,--,9:08:33 PM,7/28/2026,
1462,55.2,gf,3.635,mm,OK,--,9:08:33 PM,7/28/2026,
1463,54.9,gf,3.635,mm,OK,--,9:08:33 PM,7/28/2026,
1464,54.8,gf,3.635,mm,OK,--,9:08:33 PM,7/28/2026,
1465,54.6,gf,3.630,mm,OK,--,9:08:33 PM,7/28/2026,
1466,54.4,gf,3.630,mm,OK,--,9:08:33 PM,7/28/2026,
1467,54.2,gf,3.630,mm,OK,--,9:08:33 PM,7/28/2026,
1468,54.0,gf,3.630,mm,OK,--,9:08:33 PM,7/28/2026,
1469,53.7,gf,3.625,mm,OK,--,9:08:33 PM,7/28/2026,
1470,53.3,gf,3.625,mm,OK,--,9:08:34 PM,7/28/2026,
1471,53.0,gf,3.620,mm,OK,--,9:08:34 PM,7/28/2026,
1472,52.7,gf,3.620,mm,OK,--,9:08:34 PM,7/28/2026,
1473,52.3,gf,3.615,mm,OK,--,9:08:34 PM,7/28/2026,
1474,52.0,gf,3.615,mm,OK,--,9:08:34 PM,7/28/2026,
1475,51.6,gf,3.610,mm,OK,--,9:08:34 PM,7/28/2026,
1476,51.3,gf,3.610,mm,OK,--,9:08:34 PM,7/28/2026,
1477,51.1,gf,3.605,mm,OK,--,9:08:34 PM,7/28/2026,
1478,50.8,gf,3.605,mm,OK,--,9:08:34 PM,7/28/2026,
1479,50.6,gf,3.600,mm,OK,--,9:08:34 PM,7/28/2026,
1480,50.4,gf,3.600,mm,OK,--,9:08:35 PM,7/28/2026,
1481,50.2,gf,3.600,mm,OK,--,9:08:35 PM,7/28/2026,
1482,50.1,gf,3.595,mm,OK,--,9:08:35 PM,7/28/2026,
1483,49.9,gf,3.595,mm,OK,--,9:08:35 PM,7/28/2026,
1484,49.8,gf,3.590,mm,OK,--,9:08:35 PM,7/28/2026,
1485,49.6,gf,3.590,mm,OK,--,9:08:35 PM,7/28/2026,
1486,49.6,gf,3.585,mm,OK,--,9:08:35 PM,7/28/2026,
1487,49.6,gf,3.580,mm,OK,--,9:08:35 PM,7/28/2026,
1488,49.6,gf,3.580,mm,OK,--,9:08:35 PM,7/28/2026,
1489,49.6,gf,3.575,mm,OK,--,9:08:35 PM,7/28/2026,
1490,49.5,gf,3.575,mm,OK,--,9:08:36 PM,7/28/2026,
1491,49.5,gf,3.575,mm,OK,--,9:08:36 PM,7/28/2026,
1492,49.5,gf,3.570,mm,OK,--,9:08:36 PM,7/28/2026,
1493,49.5,gf,3.570,mm,OK,--,9:08:36 PM,7/28/2026,
1494,49.5,gf,3.565,mm,OK,--,9:08:36 PM,7/28/2026,
1495,49.5,gf,3.565,mm,OK,--,9:08:36 PM,7/28/2026,
1496,49.5,gf,3.560,mm,OK,--,9:08:36 PM,7/28/2026,
1497,49.5,gf,3.560,mm,OK,--,9:08:36 PM,7/28/2026,
1498,49.5,gf,3.555,mm,OK,--,9:08:36 PM,7/28/2026,
1499,49.5,gf,3.555,mm,OK,--,9:08:36 PM,7/28/2026,
1500,49.5,gf,3.550,mm,OK,--,9:08:37 PM,7/28/2026,
1501,49.5,gf,3.545,mm,OK,--,9:08:37 PM,7/28/2026,
1502,49.5,gf,3.540,mm,OK,--,9:08:37 PM,7/28/2026,
1503,49.4,gf,3.535,mm,OK,--,9:08:37 PM,7/28/2026,
1504,49.4,gf,3.530,mm,OK,--,9:08:37 PM,7/28/2026,
1505,49.4,gf,3.525,mm,OK,--,9:08:37 PM,7/28/2026,
1506,49.4,gf,3.520,mm,OK,--,9:08:37 PM,7/28/2026,
1507,49.4,gf,3.515,mm,OK,--,9:08:37 PM,7/28/2026,
1508,49.4,gf,3.510,mm,OK,--,9:08:37 PM,7/28/2026,
1509,49.3,gf,3.505,mm,OK,--,9:08:37 PM,7/28/2026,
1510,49.3,gf,3.495,mm,OK,--,9:08:38 PM,7/28/2026,
1511,49.2,gf,3.490,mm,OK,--,9:08:38 PM,7/28/2026,
1512,49.2,gf,3.480,mm,OK,--,9:08:38 PM,7/28/2026,
1513,49.2,gf,3.475,mm,OK,--,9:08:38 PM,7/28/2026,
1514,49.2,gf,3.470,mm,OK,--,9:08:38 PM,7/28/2026,
1515,49.2,gf,3.465,mm,OK,--,9:08:38 PM,7/28/2026,
1516,49.1,gf,3.460,mm,OK,--,9:08:38 PM,7/28/2026,
1517,49.1,gf,3.460,mm,OK,--,9:08:38 PM,7/28/2026,
1518,49.1,gf,3.455,mm,OK,--,9:08:38 PM,7/28/2026,
1519,49.1,gf,3.450,mm,OK,--,9:08:38 PM,7/28/2026,
1520,49.1,gf,3.445,mm,OK,--,9:08:39 PM,7/28/2026,
1521,49.1,gf,3.440,mm,OK,--,9:08:39 PM,7/28/2026,
1522,49.1,gf,3.430,mm,OK,--,9:08:39 PM,7/28/2026,
1523,49.0,gf,3.425,mm,OK,--,9:08:39 PM,7/28/2026,
1524,49.0,gf,3.420,mm,OK,--,9:08:39 PM,7/28/2026,
1525,49.0,gf,3.420,mm,OK,--,9:08:39 PM,7/28/2026,
1526,49.0,gf,3.415,mm,OK,--,9:08:39 PM,7/28/2026,
1527,48.9,gf,3.410,mm,OK,--,9:08:39 PM,7/28/2026,
1528,48.9,gf,3.410,mm,OK,--,9:08:39 PM,7/28/2026,
1529,48.9,gf,3.405,mm,OK,--,9:08:39 PM,7/28/2026,
1530,48.9,gf,3.405,mm,OK,--,9:08:40 PM,7/28/2026,
1531,48.9,gf,3.400,mm,OK,--,9:08:40 PM,7/28/2026,
1532,48.9,gf,3.395,mm,OK,--,9:08:40 PM,7/28/2026,
1533,48.9,gf,3.395,mm,OK,--,9:08:40 PM,7/28/2026,
1534,48.9,gf,3.390,mm,OK,--,9:08:40 PM,7/28/2026,
1535,48.9,gf,3.385,mm,OK,--,9:08:40 PM,7/28/2026,
1536,48.8,gf,3.380,mm,OK,--,9:08:40 PM,7/28/2026,
1537,48.8,gf,3.375,mm,OK,--,9:08:40 PM,7/28/2026,
1538,48.8,gf,3.370,mm,OK,--,9:08:40 PM,7/28/2026,
1539,48.8,gf,3.365,mm,OK,--,9:08:40 PM,7/28/2026,
1540,48.8,gf,3.360,mm,OK,--,9:08:41 PM,7/28/2026,
1541,48.7,gf,3.350,mm,OK,--,9:08:41 PM,7/28/2026,
1542,48.7,gf,3.345,mm,OK,--,9:08:41 PM,7/28/2026,
1543,48.6,gf,3.340,mm,OK,--,9:08:41 PM,7/28/2026,
1544,48.6,gf,3.330,mm,OK,--,9:08:41 PM,7/28/2026,
1545,48.7,gf,3.325,mm,OK,--,9:08:41 PM,7/28/2026,
1546,48.6,gf,3.320,mm,OK,--,9:08:41 PM,7/28/2026,
1547,48.6,gf,3.315,mm,OK,--,9:08:41 PM,7/28/2026,
1548,48.6,gf,3.310,mm,OK,--,9:08:41 PM,7/28/2026,
1549,48.6,gf,3.295,mm,OK,--,9:08:41 PM,7/28/2026,
1550,48.5,gf,3.285,mm,OK,--,9:08:42 PM,7/28/2026,
1551,48.4,gf,3.280,mm,OK,--,9:08:42 PM,7/28/2026,
1552,48.5,gf,3.275,mm,OK,--,9:08:42 PM,7/28/2026,
1553,48.5,gf,3.270,mm,OK,--,9:08:42 PM,7/28/2026,
1554,48.4,gf,3.270,mm,OK,--,9:08:42 PM,7/28/2026,
1555,48.4,gf,3.265,mm,OK,--,9:08:42 PM,7/28/2026,
1556,48.4,gf,3.265,mm,OK,--,9:08:42 PM,7/28/2026,
1557,48.4,gf,3.260,mm,OK,--,9:08:42 PM,7/28/2026,
1558,48.4,gf,3.260,mm,OK,--,9:08:42 PM,7/28/2026,
1559,48.4,gf,3.255,mm,OK,--,9:08:42 PM,7/28/2026,
1560,48.4,gf,3.250,mm,OK,--,9:08:43 PM,7/28/2026,
1561,48.4,gf,3.250,mm,OK,--,9:08:43 PM,7/28/2026,
1562,48.4,gf,3.245,mm,OK,--,9:08:43 PM,7/28/2026,
1563,48.3,gf,3.240,mm,OK,--,9:08:43 PM,7/28/2026,
1564,48.3,gf,3.240,mm,OK,--,9:08:43 PM,7/28/2026,
1565,48.3,gf,3.235,mm,OK,--,9:08:43 PM,7/28/2026,
1566,48.3,gf,3.235,mm,OK,--,9:08:43 PM,7/28/2026,
1567,48.3,gf,3.230,mm,OK,--,9:08:43 PM,7/28/2026,
1568,48.3,gf,3.230,mm,OK,--,9:08:43 PM,7/28/2026,
1569,48.3,gf,3.225,mm,OK,--,9:08:43 PM,7/28/2026,
1570,48.3,gf,3.220,mm,OK,--,9:08:44 PM,7/28/2026,
1571,48.3,gf,3.215,mm,OK,--,9:08:44 PM,7/28/2026,
1572,48.2,gf,3.215,mm,OK,--,9:08:44 PM,7/28/2026,
1573,48.2,gf,3.210,mm,OK,--,9:08:44 PM,7/28/2026,
1574,48.2,gf,3.205,mm,OK,--,9:08:44 PM,7/28/2026,
1575,48.2,gf,3.200,mm,OK,--,9:08:44 PM,7/28/2026,
1576,48.2,gf,3.200,mm,OK,--,9:08:44 PM,7/28/2026,
1577,48.2,gf,3.195,mm,OK,--,9:08:44 PM,7/28/2026,
1578,48.2,gf,3.195,mm,OK,--,9:08:44 PM,7/28/2026,
1579,48.2,gf,3.190,mm,OK,--,9:08:44 PM,7/28/2026,
1580,48.2,gf,3.185,mm,OK,--,9:08:45 PM,7/28/2026,
1581,48.1,gf,3.185,mm,OK,--,9:08:45 PM,7/28/2026,
1582,48.1,gf,3.185,mm,OK,--,9:08:45 PM,7/28/2026,
1583,48.1,gf,3.180,mm,OK,--,9:08:45 PM,7/28/2026,
1584,48.1,gf,3.180,mm,OK,--,9:08:45 PM,7/28/2026,
1585,48.1,gf,3.180,mm,OK,--,9:08:45 PM,7/28/2026,
1586,48.1,gf,3.175,mm,OK,--,9:08:45 PM,7/28/2026,
1587,48.1,gf,3.170,mm,OK,--,9:08:45 PM,7/28/2026,
1588,48.1,gf,3.165,mm,OK,--,9:08:45 PM,7/28/2026,
1589,48.1,gf,3.160,mm,OK,--,9:08:45 PM,7/28/2026,
1590,48.0,gf,3.160,mm,OK,--,9:08:46 PM,7/28/2026,
1591,48.0,gf,3.155,mm,OK,--,9:08:46 PM,7/28/2026,
1592,48.0,gf,3.150,mm,OK,--,9:08:46 PM,7/28/2026,
1593,48.0,gf,3.145,mm,OK,--,9:08:46 PM,7/28/2026,
1594,48.0,gf,3.145,mm,OK,--,9:08:46 PM,7/28/2026,
1595,48.0,gf,3.140,mm,OK,--,9:08:46 PM,7/28/2026,
1596,48.0,gf,3.135,mm,OK,--,9:08:46 PM,7/28/2026,
1597,48.0,gf,3.130,mm,OK,--,9:08:46 PM,7/28/2026,
1598,48.0,gf,3.130,mm,OK,--,9:08:46 PM,7/28/2026,
1599,48.0,gf,3.125,mm,OK,--,9:08:46 PM,7/28/2026,
1600,48.0,gf,3.120,mm,OK,--,9:08:47 PM,7/28/2026,
1601,47.9,gf,3.115,mm,OK,--,9:08:47 PM,7/28/2026,
1602,47.9,gf,3.115,mm,OK,--,9:08:47 PM,7/28/2026,
1603,47.9,gf,3.110,mm,OK,--,9:08:47 PM,7/28/2026,
1604,47.9,gf,3.110,mm,OK,--,9:08:47 PM,7/28/2026,
1605,47.9,gf,3.105,mm,OK,--,9:08:47 PM,7/28/2026,
1606,47.9,gf,3.100,mm,OK,--,9:08:47 PM,7/28/2026,
1607,47.9,gf,3.095,mm,OK,--,9:08:47 PM,7/28/2026,
1608,47.9,gf,3.095,mm,OK,--,9:08:47 PM,7/28/2026,
1609,47.9,gf,3.090,mm,OK,--,9:08:47 PM,7/28/2026,
1610,47.8,gf,3.090,mm,OK,--,9:08:48 PM,7/28/2026,
1611,47.8,gf,3.090,mm,OK,--,9:08:48 PM,7/28/2026,
1612,47.8,gf,3.090,mm,OK,--,9:08:48 PM,7/28/2026,
1613,47.8,gf,3.085,mm,OK,--,9:08:48 PM,7/28/2026,
1614,47.8,gf,3.080,mm,OK,--,9:08:48 PM,7/28/2026,
1615,47.8,gf,3.075,mm,OK,--,9:08:48 PM,7/28/2026,
1616,47.8,gf,3.065,mm,OK,--,9:08:48 PM,7/28/2026,
1617,47.7,gf,3.060,mm,OK,--,9:08:48 PM,7/28/2026,
1618,47.7,gf,3.050,mm,OK,--,9:08:48 PM,7/28/2026,
1619,47.6,gf,3.040,mm,OK,--,9:08:48 PM,7/28/2026,
1620,47.6,gf,3.035,mm,OK,--,9:08:49 PM,7/28/2026,
1621,47.6,gf,3.030,mm,OK,--,9:08:49 PM,7/28/2026,
1622,47.5,gf,3.025,mm,OK,--,9:08:49 PM,7/28/2026,
1623,47.6,gf,3.025,mm,OK,--,9:08:49 PM,7/28/2026,
1624,47.6,gf,3.020,mm,OK,--,9:08:49 PM,7/28/2026,
1625,47.5,gf,3.020,mm,OK,--,9:08:49 PM,7/28/2026,
1626,47.5,gf,3.015,mm,OK,--,9:08:49 PM,7/28/2026,
1627,47.5,gf,3.015,mm,OK,--,9:08:49 PM,7/28/2026,
1628,47.5,gf,3.010,mm,OK,--,9:08:49 PM,7/28/2026,
1629,47.5,gf,3.010,mm,OK,--,9:08:49 PM,7/28/2026,
1630,47.5,gf,3.010,mm,OK,--,9:08:50 PM,7/28/2026,
1631,47.5,gf,3.005,mm,OK,--,9:08:50 PM,7/28/2026,
1632,47.5,gf,3.005,mm,OK,--,9:08:50 PM,7/28/2026,
1633,47.5,gf,3.005,mm,OK,--,9:08:50 PM,7/28/2026,
1634,47.5,gf,3.000,mm,OK,--,9:08:50 PM,7/28/2026,
1635,47.5,gf,2.995,mm,OK,--,9:08:50 PM,7/28/2026,
1636,47.5,gf,2.990,mm,OK,--,9:08:50 PM,7/28/2026,
1637,47.5,gf,2.985,mm,OK,--,9:08:50 PM,7/28/2026,
1638,47.5,gf,2.975,mm,OK,--,9:08:50 PM,7/28/2026,
1639,47.4,gf,2.970,mm,OK,--,9:08:50 PM,7/28/2026,
1640,47.4,gf,2.965,mm,OK,--,9:08:51 PM,7/28/2026,
1641,47.4,gf,2.965,mm,OK,--,9:08:51 PM,7/28/2026,
1642,47.4,gf,2.960,mm,OK,--,9:08:51 PM,7/28/2026,
1643,47.4,gf,2.955,mm,OK,--,9:08:51 PM,7/28/2026,
1644,47.4,gf,2.950,mm,OK,--,9:08:51 PM,7/28/2026,
1645,47.3,gf,2.945,mm,OK,--,9:08:51 PM,7/28/2026,
1646,47.3,gf,2.940,mm,OK,--,9:08:51 PM,7/28/2026,
1647,47.3,gf,2.935,mm,OK,--,9:08:51 PM,7/28/2026,
1648,47.3,gf,2.925,mm,OK,--,9:08:51 PM,7/28/2026,
1649,47.3,gf,2.920,mm,OK,--,9:08:51 PM,7/28/2026,
1650,47.2,gf,2.915,mm,OK,--,9:08:52 PM,7/28/2026,
1651,47.3,gf,2.910,mm,OK,--,9:08:52 PM,7/28/2026,
1652,47.2,gf,2.900,mm,OK,--,9:08:52 PM,7/28/2026,
1653,47.2,gf,2.890,mm,OK,--,9:08:52 PM,7/28/2026,
1654,47.1,gf,2.880,mm,OK,--,9:08:52 PM,7/28/2026,
1655,47.1,gf,2.875,mm,OK,--,9:08:52 PM,7/28/2026,
1656,47.1,gf,2.870,mm,OK,--,9:08:52 PM,7/28/2026,
1657,47.1,gf,2.870,mm,OK,--,9:08:52 PM,7/28/2026,
1658,47.1,gf,2.865,mm,OK,--,9:08:52 PM,7/28/2026,
1659,47.1,gf,2.860,mm,OK,--,9:08:52 PM,7/28/2026,
1660,47.0,gf,2.855,mm,OK,--,9:08:53 PM,7/28/2026,
1661,47.0,gf,2.850,mm,OK,--,9:08:53 PM,7/28/2026,
1662,47.0,gf,2.845,mm,OK,--,9:08:53 PM,7/28/2026,
1663,47.0,gf,2.845,mm,OK,--,9:08:53 PM,7/28/2026,
1664,46.9,gf,2.840,mm,OK,--,9:08:53 PM,7/28/2026,
1665,47.0,gf,2.835,mm,OK,--,9:08:53 PM,7/28/2026,
1666,46.9,gf,2.835,mm,OK,--,9:08:53 PM,7/28/2026,
1667,46.9,gf,2.830,mm,OK,--,9:08:53 PM,7/28/2026,
1668,46.9,gf,2.830,mm,OK,--,9:08:53 PM,7/28/2026,
1669,46.9,gf,2.825,mm,OK,--,9:08:53 PM,7/28/2026,
1670,46.9,gf,2.825,mm,OK,--,9:08:54 PM,7/28/2026,
1671,46.9,gf,2.820,mm,OK,--,9:08:54 PM,7/28/2026,
1672,46.9,gf,2.815,mm,OK,--,9:08:54 PM,7/28/2026,
1673,46.9,gf,2.815,mm,OK,--,9:08:54 PM,7/28/2026,
1674,46.8,gf,2.810,mm,OK,--,9:08:54 PM,7/28/2026,
1675,46.8,gf,2.805,mm,OK,--,9:08:54 PM,7/28/2026,
1676,46.8,gf,2.805,mm,OK,--,9:08:54 PM,7/28/2026,
1677,46.8,gf,2.800,mm,OK,--,9:08:54 PM,7/28/2026,
1678,46.7,gf,2.790,mm,OK,--,9:08:54 PM,7/28/2026,
1679,46.7,gf,2.785,mm,OK,--,9:08:54 PM,7/28/2026,
1680,46.6,gf,2.780,mm,OK,--,9:08:55 PM,7/28/2026,
1681,46.6,gf,2.775,mm,OK,--,9:08:55 PM,7/28/2026,
1682,46.6,gf,2.765,mm,OK,--,9:08:55 PM,7/28/2026,
1683,46.6,gf,2.760,mm,OK,--,9:08:55 PM,7/28/2026,
1684,46.6,gf,2.755,mm,OK,--,9:08:55 PM,7/28/2026,
1685,46.5,gf,2.750,mm,OK,--,9:08:55 PM,7/28/2026,
1686,46.5,gf,2.745,mm,OK,--,9:08:55 PM,7/28/2026,
1687,46.5,gf,2.735,mm,OK,--,9:08:55 PM,7/28/2026,
1688,46.4,gf,2.730,mm,OK,--,9:08:55 PM,7/28/2026,
1689,46.4,gf,2.725,mm,OK,--,9:08:55 PM,7/28/2026,
1690,46.4,gf,2.720,mm,OK,--,9:08:56 PM,7/28/2026,
1691,46.4,gf,2.715,mm,OK,--,9:08:56 PM,7/28/2026,
1692,46.4,gf,2.710,mm,OK,--,9:08:56 PM,7/28/2026,
1693,46.4,gf,2.710,mm,OK,--,9:08:56 PM,7/28/2026,
1694,46.4,gf,2.705,mm,OK,--,9:08:56 PM,7/28/2026,
1695,46.4,gf,2.700,mm,OK,--,9:08:56 PM,7/28/2026,
1696,46.4,gf,2.695,mm,OK,--,9:08:56 PM,7/28/2026,
1697,46.3,gf,2.690,mm,OK,--,9:08:56 PM,7/28/2026,
1698,46.3,gf,2.685,mm,OK,--,9:08:56 PM,7/28/2026,
1699,46.3,gf,2.680,mm,OK,--,9:08:56 PM,7/28/2026,
1700,46.2,gf,2.675,mm,OK,--,9:08:57 PM,7/28/2026,
1701,46.2,gf,2.670,mm,OK,--,9:08:57 PM,7/28/2026,
1702,46.2,gf,2.665,mm,OK,--,9:08:57 PM,7/28/2026,
1703,46.1,gf,2.655,mm,OK,--,9:08:57 PM,7/28/2026,
1704,46.1,gf,2.645,mm,OK,--,9:08:57 PM,7/28/2026,
1705,46.1,gf,2.640,mm,OK,--,9:08:57 PM,7/28/2026,
1706,46.1,gf,2.635,mm,OK,--,9:08:57 PM,7/28/2026,
1707,46.1,gf,2.630,mm,OK,--,9:08:57 PM,7/28/2026,
1708,46.0,gf,2.630,mm,OK,--,9:08:57 PM,7/28/2026,
1709,46.0,gf,2.625,mm,OK,--,9:08:57 PM,7/28/2026,
1710,46.0,gf,2.615,mm,OK,--,9:08:58 PM,7/28/2026,
1711,46.0,gf,2.610,mm,OK,--,9:08:58 PM,7/28/2026,
1712,46.0,gf,2.605,mm,OK,--,9:08:58 PM,7/28/2026,
1713,46.0,gf,2.600,mm,OK,--,9:08:58 PM,7/28/2026,
1714,46.0,gf,2.600,mm,OK,--,9:08:58 PM,7/28/2026,
1715,45.9,gf,2.595,mm,OK,--,9:08:58 PM,7/28/2026,
1716,45.9,gf,2.590,mm,OK,--,9:08:58 PM,7/28/2026,
1717,45.9,gf,2.585,mm,OK,--,9:08:58 PM,7/28/2026,
1718,45.8,gf,2.585,mm,OK,--,9:08:58 PM,7/28/2026,
1719,45.8,gf,2.580,mm,OK,--,9:08:58 PM,7/28/2026,
1720,45.8,gf,2.575,mm,OK,--,9:08:59 PM,7/28/2026,
1721,45.7,gf,2.570,mm,OK,--,9:08:59 PM,7/28/2026,
1722,45.6,gf,2.565,mm,OK,--,9:08:59 PM,7/28/2026,
1723,45.6,gf,2.555,mm,OK,--,9:08:59 PM,7/28/2026,
1724,45.6,gf,2.550,mm,OK,--,9:08:59 PM,7/28/2026,
1725,45.6,gf,2.545,mm,OK,--,9:08:59 PM,7/28/2026,
1726,45.5,gf,2.540,mm,OK,--,9:08:59 PM,7/28/2026,
1727,45.5,gf,2.540,mm,OK,--,9:08:59 PM,7/28/2026,
1728,45.5,gf,2.535,mm,OK,--,9:08:59 PM,7/28/2026,
1729,45.5,gf,2.530,mm,OK,--,9:08:59 PM,7/28/2026,
1730,45.5,gf,2.530,mm,OK,--,9:09:00 PM,7/28/2026,
1731,45.5,gf,2.525,mm,OK,--,9:09:00 PM,7/28/2026,
1732,45.5,gf,2.525,mm,OK,--,9:09:00 PM,7/28/2026,
1733,45.4,gf,2.520,mm,OK,--,9:09:00 PM,7/28/2026,
1734,45.4,gf,2.515,mm,OK,--,9:09:00 PM,7/28/2026,
1735,45.3,gf,2.505,mm,OK,--,9:09:00 PM,7/28/2026,
1736,45.3,gf,2.495,mm,OK,--,9:09:00 PM,7/28/2026,
1737,45.3,gf,2.480,mm,OK,--,9:09:00 PM,7/28/2026,
1738,45.3,gf,2.475,mm,OK,--,9:09:00 PM,7/28/2026,
1739,45.3,gf,2.465,mm,OK,--,9:09:00 PM,7/28/2026,
1740,45.2,gf,2.460,mm,OK,--,9:09:01 PM,7/28/2026,
1741,45.1,gf,2.455,mm,OK,--,9:09:01 PM,7/28/2026,
1742,45.1,gf,2.450,mm,OK,--,9:09:01 PM,7/28/2026,
1743,45.1,gf,2.450,mm,OK,--,9:09:01 PM,7/28/2026,
1744,45.0,gf,2.445,mm,OK,--,9:09:01 PM,7/28/2026,
1745,45.0,gf,2.445,mm,OK,--,9:09:01 PM,7/28/2026,
1746,44.9,gf,2.440,mm,OK,--,9:09:01 PM,7/28/2026,
1747,44.9,gf,2.435,mm,OK,--,9:09:01 PM,7/28/2026,
1748,44.8,gf,2.430,mm,OK,--,9:09:01 PM,7/28/2026,
1749,44.6,gf,2.425,mm,OK,--,9:09:01 PM,7/28/2026,
1750,44.4,gf,2.415,mm,OK,--,9:09:02 PM,7/28/2026,
1751,44.1,gf,2.410,mm,OK,--,9:09:02 PM,7/28/2026,
1752,43.9,gf,2.405,mm,OK,--,9:09:02 PM,7/28/2026,
1753,43.8,gf,2.400,mm,OK,--,9:09:02 PM,7/28/2026,
1754,43.8,gf,2.395,mm,OK,--,9:09:02 PM,7/28/2026,
1755,43.7,gf,2.395,mm,OK,--,9:09:02 PM,7/28/2026,
1756,43.6,gf,2.395,mm,OK,--,9:09:02 PM,7/28/2026,
1757,43.6,gf,2.390,mm,OK,--,9:09:02 PM,7/28/2026,
1758,43.5,gf,2.390,mm,OK,--,9:09:02 PM,7/28/2026,
1759,43.3,gf,2.385,mm,OK,--,9:09:02 PM,7/28/2026,
1760,43.1,gf,2.375,mm,OK,--,9:09:03 PM,7/28/2026,
1761,43.1,gf,2.370,mm,OK,--,9:09:03 PM,7/28/2026,
1762,42.9,gf,2.365,mm,OK,--,9:09:03 PM,7/28/2026,
1763,42.7,gf,2.355,mm,OK,--,9:09:03 PM,7/28/2026,
1764,42.6,gf,2.350,mm,OK,--,9:09:03 PM,7/28/2026,
1765,42.6,gf,2.350,mm,OK,--,9:09:03 PM,7/28/2026,
1766,42.6,gf,2.345,mm,OK,--,9:09:03 PM,7/28/2026,
1767,42.4,gf,2.345,mm,OK,--,9:09:03 PM,7/28/2026,
1768,42.4,gf,2.340,mm,OK,--,9:09:03 PM,7/28/2026,
1769,42.4,gf,2.335,mm,OK,--,9:09:03 PM,7/28/2026,
1770,42.3,gf,2.335,mm,OK,--,9:09:04 PM,7/28/2026,
1771,42.4,gf,2.330,mm,OK,--,9:09:04 PM,7/28/2026,
1772,42.4,gf,2.325,mm,OK,--,9:09:04 PM,7/28/2026,
1773,42.4,gf,2.325,mm,OK,--,9:09:04 PM,7/28/2026,
1774,42.3,gf,2.320,mm,OK,--,9:09:04 PM,7/28/2026,
1775,42.3,gf,2.315,mm,OK,--,9:09:04 PM,7/28/2026,
1776,42.2,gf,2.310,mm,OK,--,9:09:04 PM,7/28/2026,
1777,42.3,gf,2.305,mm,OK,--,9:09:04 PM,7/28/2026,
1778,42.3,gf,2.300,mm,OK,--,9:09:04 PM,7/28/2026,
1779,41.9,gf,2.295,mm,OK,--,9:09:04 PM,7/28/2026,
1780,41.2,gf,2.290,mm,OK,--,9:09:05 PM,7/28/2026,
1781,40.3,gf,2.285,mm,OK,--,9:09:05 PM,7/28/2026,
1782,39.5,gf,2.275,mm,OK,--,9:09:05 PM,7/28/2026,
1783,38.8,gf,2.265,mm,OK,--,9:09:05 PM,7/28/2026,
1784,38.2,gf,2.260,mm,OK,--,9:09:05 PM,7/28/2026,
1785,38.1,gf,2.250,mm,OK,--,9:09:05 PM,7/28/2026,
1786,37.9,gf,2.240,mm,OK,--,9:09:05 PM,7/28/2026,
1787,37.7,gf,2.230,mm,OK,--,9:09:05 PM,7/28/2026,
1788,37.5,gf,2.225,mm,OK,--,9:09:05 PM,7/28/2026,
1789,37.3,gf,2.220,mm,OK,--,9:09:05 PM,7/28/2026,
1790,37.2,gf,2.215,mm,OK,--,9:09:06 PM,7/28/2026,
1791,37.0,gf,2.210,mm,OK,--,9:09:06 PM,7/28/2026,
1792,36.9,gf,2.205,mm,OK,--,9:09:06 PM,7/28/2026,
1793,36.8,gf,2.200,mm,OK,--,9:09:06 PM,7/28/2026,
1794,36.6,gf,2.195,mm,OK,--,9:09:06 PM,7/28/2026,
1795,36.7,gf,2.195,mm,OK,--,9:09:06 PM,7/28/2026,
1796,36.5,gf,2.195,mm,OK,--,9:09:06 PM,7/28/2026,
1797,36.5,gf,2.190,mm,OK,--,9:09:06 PM,7/28/2026,
1798,36.4,gf,2.190,mm,OK,--,9:09:06 PM,7/28/2026,
1799,36.1,gf,2.185,mm,OK,--,9:09:06 PM,7/28/2026,
1800,36.0,gf,2.180,mm,OK,--,9:09:07 PM,7/28/2026,
1801,35.9,gf,2.180,mm,OK,--,9:09:07 PM,7/28/2026,
1802,35.9,gf,2.175,mm,OK,--,9:09:07 PM,7/28/2026,
1803,35.9,gf,2.170,mm,OK,--,9:09:07 PM,7/28/2026,
1804,35.9,gf,2.170,mm,OK,--,9:09:07 PM,7/28/2026,
1805,35.8,gf,2.165,mm,OK,--,9:09:07 PM,7/28/2026,
1806,35.8,gf,2.165,mm,OK,--,9:09:07 PM,7/28/2026,
1807,35.7,gf,2.160,mm,OK,--,9:09:07 PM,7/28/2026,
1808,35.6,gf,2.155,mm,OK,--,9:09:07 PM,7/28/2026,
1809,35.6,gf,2.150,mm,OK,--,9:09:07 PM,7/28/2026,
1810,35.6,gf,2.150,mm,OK,--,9:09:08 PM,7/28/2026,
1811,35.5,gf,2.145,mm,OK,--,9:09:08 PM,7/28/2026,
1812,35.5,gf,2.140,mm,OK,--,9:09:08 PM,7/28/2026,
1813,35.4,gf,2.130,mm,OK,--,9:09:08 PM,7/28/2026,
1814,35.4,gf,2.125,mm,OK,--,9:09:08 PM,7/28/2026,
1815,35.5,gf,2.125,mm,OK,--,9:09:08 PM,7/28/2026,
1816,35.4,gf,2.120,mm,OK,--,9:09:08 PM,7/28/2026,
1817,35.4,gf,2.115,mm,OK,--,9:09:08 PM,7/28/2026,
1818,35.3,gf,2.115,mm,OK,--,9:09:08 PM,7/28/2026,
1819,35.3,gf,2.110,mm,OK,--,9:09:08 PM,7/28/2026,
1820,35.3,gf,2.110,mm,OK,--,9:09:09 PM,7/28/2026,
1821,35.3,gf,2.105,mm,OK,--,9:09:09 PM,7/28/2026,
1822,35.1,gf,2.105,mm,OK,--,9:09:09 PM,7/28/2026,
1823,35.0,gf,2.100,mm,OK,--,9:09:09 PM,7/28/2026,
1824,35.0,gf,2.100,mm,OK,--,9:09:09 PM,7/28/2026,
1825,35.0,gf,2.095,mm,OK,--,9:09:09 PM,7/28/2026,
1826,34.9,gf,2.095,mm,OK,--,9:09:09 PM,7/28/2026,
1827,34.7,gf,2.090,mm,OK,--,9:09:09 PM,7/28/2026,
1828,34.8,gf,2.085,mm,OK,--,9:09:09 PM,7/28/2026,
1829,34.7,gf,2.085,mm,OK,--,9:09:09 PM,7/28/2026,
1830,34.7,gf,2.080,mm,OK,--,9:09:10 PM,7/28/2026,
1831,34.7,gf,2.080,mm,OK,--,9:09:10 PM,7/28/2026,
1832,34.7,gf,2.075,mm,OK,--,9:09:10 PM,7/28/2026,
1833,34.7,gf,2.075,mm,OK,--,9:09:10 PM,7/28/2026,
1834,34.7,gf,2.070,mm,OK,--,9:09:10 PM,7/28/2026,
1835,34.7,gf,2.070,mm,OK,--,9:09:10 PM,7/28/2026,
1836,34.7,gf,2.070,mm,OK,--,9:09:10 PM,7/28/2026,
1837,34.5,gf,2.065,mm,OK,--,9:09:10 PM,7/28/2026,
1838,34.5,gf,2.065,mm,OK,--,9:09:10 PM,7/28/2026,
1839,34.4,gf,2.060,mm,OK,--,9:09:10 PM,7/28/2026,
1840,34.4,gf,2.060,mm,OK,--,9:09:11 PM,7/28/2026,
1841,34.4,gf,2.055,mm,OK,--,9:09:11 PM,7/28/2026,
1842,34.4,gf,2.050,mm,OK,--,9:09:11 PM,7/28/2026,
1843,34.3,gf,2.045,mm,OK,--,9:09:11 PM,7/28/2026,
1844,34.1,gf,2.040,mm,OK,--,9:09:11 PM,7/28/2026,
1845,34.1,gf,2.035,mm,OK,--,9:09:11 PM,7/28/2026,
1846,34.1,gf,2.030,mm,OK,--,9:09:11 PM,7/28/2026,
1847,34.0,gf,2.025,mm,OK,--,9:09:11 PM,7/28/2026,
1848,33.9,gf,2.015,mm,OK,--,9:09:11 PM,7/28/2026,
1849,33.8,gf,2.010,mm,OK,--,9:09:11 PM,7/28/2026,
1850,33.8,gf,2.005,mm,OK,--,9:09:12 PM,7/28/2026,
1851,33.8,gf,2.000,mm,OK,--,9:09:12 PM,7/28/2026,
1852,33.6,gf,1.995,mm,OK,--,9:09:12 PM,7/28/2026,
1853,33.5,gf,1.995,mm,OK,--,9:09:12 PM,7/28/2026,
1854,33.5,gf,1.990,mm,OK,--,9:09:12 PM,7/28/2026,
1855,33.5,gf,1.990,mm,OK,--,9:09:12 PM,7/28/2026,
1856,33.6,gf,1.985,mm,OK,--,9:09:12 PM,7/28/2026,
1857,33.5,gf,1.985,mm,OK,--,9:09:12 PM,7/28/2026,
1858,33.5,gf,1.985,mm,OK,--,9:09:12 PM,7/28/2026,
1859,33.4,gf,1.985,mm,OK,--,9:09:12 PM,7/28/2026,
1860,33.2,gf,1.980,mm,OK,--,9:09:13 PM,7/28/2026,
1861,33.3,gf,1.980,mm,OK,--,9:09:13 PM,7/28/2026,
1862,33.2,gf,1.980,mm,OK,--,9:09:13 PM,7/28/2026,
1863,33.2,gf,1.975,mm,OK,--,9:09:13 PM,7/28/2026,
1864,33.1,gf,1.975,mm,OK,--,9:09:13 PM,7/28/2026,
1865,33.2,gf,1.975,mm,OK,--,9:09:13 PM,7/28/2026,
1866,33.3,gf,1.975,mm,OK,--,9:09:13 PM,7/28/2026,
1867,33.0,gf,1.970,mm,OK,--,9:09:13 PM,7/28/2026,
1868,33.1,gf,1.970,mm,OK,--,9:09:13 PM,7/28/2026,
1869,33.0,gf,1.970,mm,OK,--,9:09:13 PM,7/28/2026,
1870,33.1,gf,1.965,mm,OK,--,9:09:14 PM,7/28/2026,
1871,33.0,gf,1.965,mm,OK,--,9:09:14 PM,7/28/2026,
1872,33.0,gf,1.965,mm,OK,--,9:09:14 PM,7/28/2026,
1873,33.0,gf,1.965,mm,OK,--,9:09:14 PM,7/28/2026,
1874,32.7,gf,1.960,mm,OK,--,9:09:14 PM,7/28/2026,
1875,32.7,gf,1.960,mm,OK,--,9:09:14 PM,7/28/2026,
1876,32.8,gf,1.955,mm,OK,--,9:09:14 PM,7/28/2026,
1877,32.8,gf,1.955,mm,OK,--,9:09:14 PM,7/28/2026,
1878,32.7,gf,1.950,mm,OK,--,9:09:14 PM,7/28/2026,
1879,32.6,gf,1.950,mm,OK,--,9:09:14 PM,7/28/2026,
1880,32.7,gf,1.945,mm,OK,--,9:09:15 PM,7/28/2026,
1881,32.6,gf,1.940,mm,OK,--,9:09:15 PM,7/28/2026,
1882,32.6,gf,1.940,mm,OK,--,9:09:15 PM,7/28/2026,
1883,32.5,gf,1.935,mm,OK,--,9:09:15 PM,7/28/2026,
1884,32.5,gf,1.930,mm,OK,--,9:09:15 PM,7/28/2026,
1885,32.5,gf,1.930,mm,OK,--,9:09:15 PM,7/28/2026,
1886,32.4,gf,1.925,mm,OK,--,9:09:15 PM,7/28/2026,
1887,32.4,gf,1.920,mm,OK,--,9:09:15 PM,7/28/2026,
1888,32.2,gf,1.915,mm,OK,--,9:09:15 PM,7/28/2026,
1889,32.2,gf,1.910,mm,OK,--,9:09:15 PM,7/28/2026,
1890,32.0,gf,1.905,mm,OK,--,9:09:16 PM,7/28/2026,
1891,32.1,gf,1.900,mm,OK,--,9:09:16 PM,7/28/2026,
1892,32.1,gf,1.895,mm,OK,--,9:09:16 PM,7/28/2026,
1893,32.0,gf,1.890,mm,OK,--,9:09:16 PM,7/28/2026,
1894,32.0,gf,1.885,mm,OK,--,9:09:16 PM,7/28/2026,
1895,32.0,gf,1.885,mm,OK,--,9:09:16 PM,7/28/2026,
1896,31.8,gf,1.880,mm,OK,--,9:09:16 PM,7/28/2026,
1897,31.8,gf,1.875,mm,OK,--,9:09:16 PM,7/28/2026,
1898,31.8,gf,1.870,mm,OK,--,9:09:16 PM,7/28/2026,
1899,31.7,gf,1.870,mm,OK,--,9:09:16 PM,7/28/2026,
1900,31.6,gf,1.865,mm,OK,--,9:09:17 PM,7/28/2026,
1901,31.5,gf,1.860,mm,OK,--,9:09:17 PM,7/28/2026,
1902,31.4,gf,1.860,mm,OK,--,9:09:17 PM,7/28/2026,
1903,31.2,gf,1.855,mm,OK,--,9:09:17 PM,7/28/2026,
1904,31.1,gf,1.850,mm,OK,--,9:09:17 PM,7/28/2026,
1905,31.0,gf,1.845,mm,OK,--,9:09:17 PM,7/28/2026,
1906,31.0,gf,1.840,mm,OK,--,9:09:17 PM,7/28/2026,
1907,31.0,gf,1.835,mm,OK,--,9:09:17 PM,7/28/2026,
1908,31.0,gf,1.835,mm,OK,--,9:09:17 PM,7/28/2026,
1909,30.9,gf,1.830,mm,OK,--,9:09:17 PM,7/28/2026,
1910,30.7,gf,1.830,mm,OK,--,9:09:18 PM,7/28/2026,
1911,30.7,gf,1.825,mm,OK,--,9:09:18 PM,7/28/2026,
1912,30.6,gf,1.820,mm,OK,--,9:09:18 PM,7/28/2026,
1913,30.5,gf,1.815,mm,OK,--,9:09:18 PM,7/28/2026,
1914,30.3,gf,1.815,mm,OK,--,9:09:18 PM,7/28/2026,
1915,30.2,gf,1.805,mm,OK,--,9:09:18 PM,7/28/2026,
1916,30.3,gf,1.800,mm,OK,--,9:09:18 PM,7/28/2026,
1917,30.3,gf,1.795,mm,OK,--,9:09:18 PM,7/28/2026,
1918,30.3,gf,1.790,mm,OK,--,9:09:18 PM,7/28/2026,
1919,30.3,gf,1.790,mm,OK,--,9:09:18 PM,7/28/2026,
1920,30.2,gf,1.785,mm,OK,--,9:09:19 PM,7/28/2026,
1921,30.2,gf,1.780,mm,OK,--,9:09:19 PM,7/28/2026,
1922,30.2,gf,1.775,mm,OK,--,9:09:19 PM,7/28/2026,
1923,30.0,gf,1.770,mm,OK,--,9:09:19 PM,7/28/2026,
1924,30.1,gf,1.765,mm,OK,--,9:09:19 PM,7/28/2026,
1925,30.0,gf,1.760,mm,OK,--,9:09:19 PM,7/28/2026,
1926,30.0,gf,1.755,mm,OK,--,9:09:19 PM,7/28/2026,
1927,29.9,gf,1.750,mm,OK,--,9:09:19 PM,7/28/2026,
1928,29.8,gf,1.745,mm,OK,--,9:09:19 PM,7/28/2026,
1929,29.7,gf,1.740,mm,OK,--,9:09:19 PM,7/28/2026,
1930,29.7,gf,1.735,mm,OK,--,9:09:20 PM,7/28/2026,
1931,29.6,gf,1.735,mm,OK,--,9:09:20 PM,7/28/2026,
1932,29.6,gf,1.730,mm,OK,--,9:09:20 PM,7/28/2026,
1933,29.5,gf,1.725,mm,OK,--,9:09:20 PM,7/28/2026,
1934,29.4,gf,1.720,mm,OK,--,9:09:20 PM,7/28/2026,
1935,29.4,gf,1.715,mm,OK,--,9:09:20 PM,7/28/2026,
1936,29.4,gf,1.705,mm,OK,--,9:09:20 PM,7/28/2026,
1937,29.4,gf,1.700,mm,OK,--,9:09:20 PM,7/28/2026,
1938,29.1,gf,1.695,mm,OK,--,9:09:20 PM,7/28/2026,
1939,29.0,gf,1.685,mm,OK,--,9:09:20 PM,7/28/2026,
1940,29.1,gf,1.675,mm,OK,--,9:09:21 PM,7/28/2026,
1941,29.0,gf,1.670,mm,OK,--,9:09:21 PM,7/28/2026,
1942,29.1,gf,1.660,mm,OK,--,9:09:21 PM,7/28/2026,
1943,29.2,gf,1.650,mm,OK,--,9:09:21 PM,7/28/2026,
1944,29.0,gf,1.645,mm,OK,--,9:09:21 PM,7/28/2026,
1945,28.8,gf,1.635,mm,OK,--,9:09:21 PM,7/28/2026,
1946,28.7,gf,1.625,mm,OK,--,9:09:21 PM,7/28/2026,
1947,28.7,gf,1.620,mm,OK,--,9:09:21 PM,7/28/2026,
1948,28.6,gf,1.615,mm,OK,--,9:09:21 PM,7/28/2026,
1949,28.5,gf,1.605,mm,OK,--,9:09:21 PM,7/28/2026,
1950,28.4,gf,1.595,mm,OK,--,9:09:22 PM,7/28/2026,
1951,28.4,gf,1.590,mm,OK,--,9:09:22 PM,7/28/2026,
1952,28.4,gf,1.585,mm,OK,--,9:09:22 PM,7/28/2026,
1953,28.3,gf,1.580,mm,OK,--,9:09:22 PM,7/28/2026,
1954,28.2,gf,1.580,mm,OK,--,9:09:22 PM,7/28/2026,
1955,28.1,gf,1.575,mm,OK,--,9:09:22 PM,7/28/2026,
1956,28.2,gf,1.570,mm,OK,--,9:09:22 PM,7/28/2026,
1957,28.3,gf,1.565,mm,OK,--,9:09:22 PM,7/28/2026,
1958,28.0,gf,1.565,mm,OK,--,9:09:22 PM,7/28/2026,
1959,27.9,gf,1.560,mm,OK,--,9:09:22 PM,7/28/2026,
1960,27.8,gf,1.555,mm,OK,--,9:09:23 PM,7/28/2026,
1961,28.0,gf,1.550,mm,OK,--,9:09:23 PM,7/28/2026,
1962,28.1,gf,1.545,mm,OK,--,9:09:23 PM,7/28/2026,
1963,28.1,gf,1.540,mm,OK,--,9:09:23 PM,7/28/2026,
1964,28.0,gf,1.535,mm,OK,--,9:09:23 PM,7/28/2026,
1965,27.9,gf,1.530,mm,OK,--,9:09:23 PM,7/28/2026,
1966,27.7,gf,1.525,mm,OK,--,9:09:23 PM,7/28/2026,
1967,27.6,gf,1.515,mm,OK,--,9:09:23 PM,7/28/2026,
1968,27.6,gf,1.505,mm,OK,--,9:09:23 PM,7/28/2026,
1969,27.5,gf,1.495,mm,OK,--,9:09:23 PM,7/28/2026,
1970,27.5,gf,1.485,mm,OK,--,9:09:24 PM,7/28/2026,
1971,27.5,gf,1.480,mm,OK,--,9:09:24 PM,7/28/2026,
1972,27.5,gf,1.470,mm,OK,--,9:09:24 PM,7/28/2026,
1973,27.5,gf,1.465,mm,OK,--,9:09:24 PM,7/28/2026,
1974,27.4,gf,1.460,mm,OK,--,9:09:24 PM,7/28/2026,
1975,27.4,gf,1.455,mm,OK,--,9:09:24 PM,7/28/2026,
1976,27.1,gf,1.450,mm,OK,--,9:09:24 PM,7/28/2026,
1977,27.1,gf,1.445,mm,OK,--,9:09:24 PM,7/28/2026,
1978,27.3,gf,1.435,mm,OK,--,9:09:24 PM,7/28/2026,
1979,27.2,gf,1.430,mm,OK,--,9:09:24 PM,7/28/2026,
1980,27.2,gf,1.430,mm,OK,--,9:09:25 PM,7/28/2026,
1981,27.1,gf,1.425,mm,OK,--,9:09:25 PM,7/28/2026,
1982,27.0,gf,1.415,mm,OK,--,9:09:25 PM,7/28/2026,
1983,27.0,gf,1.410,mm,OK,--,9:09:25 PM,7/28/2026,
1984,27.1,gf,1.405,mm,OK,--,9:09:25 PM,7/28/2026,
1985,27.0,gf,1.405,mm,OK,--,9:09:25 PM,7/28/2026,
1986,26.9,gf,1.400,mm,OK,--,9:09:25 PM,7/28/2026,
1987,27.0,gf,1.400,mm,OK,--,9:09:25 PM,7/28/2026,
1988,27.0,gf,1.395,mm,OK,--,9:09:25 PM,7/28/2026,
1989,26.9,gf,1.395,mm,OK,--,9:09:25 PM,7/28/2026,
1990,26.8,gf,1.395,mm,OK,--,9:09:26 PM,7/28/2026,
1991,26.8,gf,1.390,mm,OK,--,9:09:26 PM,7/28/2026,
1992,26.8,gf,1.390,mm,OK,--,9:09:26 PM,7/28/2026,
1993,26.8,gf,1.390,mm,OK,--,9:09:26 PM,7/28/2026,
1994,26.8,gf,1.390,mm,OK,--,9:09:26 PM,7/28/2026,
1995,26.8,gf,1.385,mm,OK,--,9:09:26 PM,7/28/2026,
1996,26.7,gf,1.385,mm,OK,--,9:09:26 PM,7/28/2026,
1997,26.7,gf,1.385,mm,OK,--,9:09:26 PM,7/28/2026,
1998,26.6,gf,1.385,mm,OK,--,9:09:26 PM,7/28/2026,
1999,26.6,gf,1.380,mm,OK,--,9:09:26 PM,7/28/2026,
2000,26.5,gf,1.380,mm,OK,--,9:09:27 PM,7/28/2026,
2001,26.5,gf,1.375,mm,OK,--,9:09:27 PM,7/28/2026,
2002,26.4,gf,1.375,mm,OK,--,9:09:27 PM,7/28/2026,
2003,26.4,gf,1.370,mm,OK,--,9:09:27 PM,7/28/2026,
2004,26.3,gf,1.365,mm,OK,--,9:09:27 PM,7/28/2026,
2005,26.2,gf,1.360,mm,OK,--,9:09:27 PM,7/28/2026,
2006,26.2,gf,1.355,mm,OK,--,9:09:27 PM,7/28/2026,
2007,26.3,gf,1.350,mm,OK,--,9:09:27 PM,7/28/2026,
2008,26.3,gf,1.345,mm,OK,--,9:09:27 PM,7/28/2026,
2009,26.3,gf,1.340,mm,OK,--,9:09:27 PM,7/28/2026,
2010,26.3,gf,1.340,mm,OK,--,9:09:28 PM,7/28/2026,
2011,26.0,gf,1.335,mm,OK,--,9:09:28 PM,7/28/2026,
2012,26.0,gf,1.325,mm,OK,--,9:09:28 PM,7/28/2026,
2013,26.0,gf,1.315,mm,OK,--,9:09:28 PM,7/28/2026,
2014,25.8,gf,1.305,mm,OK,--,9:09:28 PM,7/28/2026,
2015,25.9,gf,1.295,mm,OK,--,9:09:28 PM,7/28/2026,
2016,26.0,gf,1.290,mm,OK,--,9:09:28 PM,7/28/2026,
2017,25.9,gf,1.285,mm,OK,--,9:09:28 PM,7/28/2026,
2018,25.8,gf,1.275,mm,OK,--,9:09:28 PM,7/28/2026,
2019,25.7,gf,1.270,mm,OK,--,9:09:28 PM,7/28/2026,
2020,25.9,gf,1.265,mm,OK,--,9:09:29 PM,7/28/2026,
2021,25.7,gf,1.265,mm,OK,--,9:09:29 PM,7/28/2026,
2022,25.8,gf,1.260,mm,OK,--,9:09:29 PM,7/28/2026,
2023,25.7,gf,1.255,mm,OK,--,9:09:29 PM,7/28/2026,
2024,26.0,gf,1.245,mm,OK,--,9:09:29 PM,7/28/2026,
2025,26.0,gf,1.240,mm,OK,--,9:09:29 PM,7/28/2026,
2026,25.9,gf,1.235,mm,OK,--,9:09:29 PM,7/28/2026,
2027,25.7,gf,1.230,mm,OK,--,9:09:29 PM,7/28/2026,
2028,25.6,gf,1.225,mm,OK,--,9:09:29 PM,7/28/2026,
2029,25.5,gf,1.220,mm,OK,--,9:09:29 PM,7/28/2026,
2030,25.4,gf,1.210,mm,OK,--,9:09:30 PM,7/28/2026,
2031,25.4,gf,1.200,mm,OK,--,9:09:30 PM,7/28/2026,
2032,25.3,gf,1.195,mm,OK,--,9:09:30 PM,7/28/2026,
2033,25.4,gf,1.190,mm,OK,--,9:09:30 PM,7/28/2026,
2034,25.5,gf,1.185,mm,OK,--,9:09:30 PM,7/28/2026,
2035,25.3,gf,1.180,mm,OK,--,9:09:30 PM,7/28/2026,
2036,25.2,gf,1.175,mm,OK,--,9:09:30 PM,7/28/2026,
2037,25.1,gf,1.170,mm,OK,--,9:09:30 PM,7/28/2026,
2038,25.1,gf,1.165,mm,OK,--,9:09:30 PM,7/28/2026,
2039,25.1,gf,1.160,mm,OK,--,9:09:30 PM,7/28/2026,
2040,25.2,gf,1.150,mm,OK,--,9:09:31 PM,7/28/2026,
2041,25.2,gf,1.145,mm,OK,--,9:09:31 PM,7/28/2026,
2042,25.2,gf,1.140,mm,OK,--,9:09:31 PM,7/28/2026,
2043,25.2,gf,1.130,mm,OK,--,9:09:31 PM,7/28/2026,
2044,25.2,gf,1.125,mm,OK,--,9:09:31 PM,7/28/2026,
2045,25.1,gf,1.120,mm,OK,--,9:09:31 PM,7/28/2026,
2046,25.2,gf,1.110,mm,OK,--,9:09:31 PM,7/28/2026,
2047,25.3,gf,1.100,mm,OK,--,9:09:31 PM,7/28/2026,
2048,25.1,gf,1.090,mm,OK,--,9:09:31 PM,7/28/2026,
2049,25.1,gf,1.075,mm,OK,--,9:09:31 PM,7/28/2026,
2050,25.3,gf,1.065,mm,OK,--,9:09:32 PM,7/28/2026,
2051,25.9,gf,1.050,mm,OK,--,9:09:32 PM,7/28/2026,
2052,26.1,gf,1.045,mm,OK,--,9:09:32 PM,7/28/2026,
2053,26.0,gf,1.040,mm,OK,--,9:09:32 PM,7/28/2026,
2054,26.2,gf,1.040,mm,OK,--,9:09:32 PM,7/28/2026,
2055,26.1,gf,1.035,mm,OK,--,9:09:32 PM,7/28/2026,
2056,26.1,gf,1.030,mm,OK,--,9:09:32 PM,7/28/2026,
2057,26.3,gf,1.030,mm,OK,--,9:09:32 PM,7/28/2026,
2058,25.9,gf,1.025,mm,OK,--,9:09:32 PM,7/28/2026,
2059,26.6,gf,1.020,mm,OK,--,9:09:32 PM,7/28/2026,
2060,26.7,gf,1.015,mm,OK,--,9:09:33 PM,7/28/2026,
2061,26.8,gf,1.010,mm,OK,--,9:09:33 PM,7/28/2026,
2062,26.8,gf,1.005,mm,OK,--,9:09:33 PM,7/28/2026,
2063,27.3,gf,1.000,mm,OK,--,9:09:33 PM,7/28/2026,
2064,27.3,gf,0.995,mm,OK,--,9:09:33 PM,7/28/2026,
2065,27.3,gf,0.985,mm,OK,--,9:09:33 PM,7/28/2026,
2066,28.0,gf,0.970,mm,OK,--,9:09:33 PM,7/28/2026,
2067,28.7,gf,0.960,mm,OK,--,9:09:33 PM,7/28/2026,
2068,29.0,gf,0.960,mm,OK,--,9:09:33 PM,7/28/2026,
2069,29.0,gf,0.955,mm,OK,--,9:09:33 PM,7/28/2026,
2070,29.1,gf,0.950,mm,OK,--,9:09:34 PM,7/28/2026,
2071,29.3,gf,0.950,mm,OK,--,9:09:34 PM,7/28/2026,
2072,29.3,gf,0.945,mm,OK,--,9:09:34 PM,7/28/2026,
2073,29.2,gf,0.945,mm,OK,--,9:09:34 PM,7/28/2026,
2074,29.3,gf,0.940,mm,OK,--,9:09:34 PM,7/28/2026,
2075,29.3,gf,0.940,mm,OK,--,9:09:34 PM,7/28/2026,
2076,29.5,gf,0.935,mm,OK,--,9:09:34 PM,7/28/2026,
2077,29.5,gf,0.935,mm,OK,--,9:09:34 PM,7/28/2026,
2078,29.5,gf,0.930,mm,OK,--,9:09:34 PM,7/28/2026,
2079,29.8,gf,0.930,mm,OK,--,9:09:34 PM,7/28/2026,
2080,30.0,gf,0.925,mm,OK,--,9:09:35 PM,7/28/2026,
2081,30.1,gf,0.920,mm,OK,--,9:09:35 PM,7/28/2026,
2082,30.2,gf,0.920,mm,OK,--,9:09:35 PM,7/28/2026,
2083,30.3,gf,0.915,mm,OK,--,9:09:35 PM,7/28/2026,
2084,30.2,gf,0.915,mm,OK,--,9:09:35 PM,7/28/2026,
2085,30.4,gf,0.910,mm,OK,--,9:09:35 PM,7/28/2026,
2086,30.4,gf,0.905,mm,OK,--,9:09:35 PM,7/28/2026,
2087,30.4,gf,0.905,mm,OK,--,9:09:35 PM,7/28/2026,
2088,30.5,gf,0.900,mm,OK,--,9:09:35 PM,7/28/2026,
2089,30.5,gf,0.895,mm,OK,--,9:09:35 PM,7/28/2026,
2090,30.7,gf,0.890,mm,OK,--,9:09:36 PM,7/28/2026,
2091,30.7,gf,0.885,mm,OK,--,9:09:36 PM,7/28/2026,
2092,30.8,gf,0.880,mm,OK,--,9:09:36 PM,7/28/2026,
2093,30.9,gf,0.875,mm,OK,--,9:09:36 PM,7/28/2026,
2094,31.0,gf,0.875,mm,OK,--,9:09:36 PM,7/28/2026,
2095,31.0,gf,0.870,mm,OK,--,9:09:36 PM,7/28/2026,
2096,31.0,gf,0.870,mm,OK,--,9:09:36 PM,7/28/2026,
2097,31.0,gf,0.865,mm,OK,--,9:09:36 PM,7/28/2026,
2098,31.0,gf,0.865,mm,OK,--,9:09:36 PM,7/28/2026,
2099,31.0,gf,0.860,mm,OK,--,9:09:36 PM,7/28/2026,
2100,30.9,gf,0.860,mm,OK,--,9:09:37 PM,7/28/2026,
2101,31.1,gf,0.855,mm,OK,--,9:09:37 PM,7/28/2026,
2102,31.2,gf,0.850,mm,OK,--,9:09:37 PM,7/28/2026,
2103,31.3,gf,0.845,mm,OK,--,9:09:37 PM,7/28/2026,
2104,31.3,gf,0.845,mm,OK,--,9:09:37 PM,7/28/2026,
2105,31.4,gf,0.840,mm,OK,--,9:09:37 PM,7/28/2026,
2106,31.3,gf,0.830,mm,OK,--,9:09:37 PM,7/28/2026,
2107,31.8,gf,0.820,mm,OK,--,9:09:37 PM,7/28/2026,
2108,32.5,gf,0.810,mm,OK,--,9:09:37 PM,7/28/2026,
2109,33.4,gf,0.795,mm,OK,--,9:09:37 PM,7/28/2026,
2110,34.1,gf,0.785,mm,OK,--,9:09:38 PM,7/28/2026,
2111,34.8,gf,0.780,mm,OK,--,9:09:38 PM,7/28/2026,
2112,35.7,gf,0.770,mm,OK,--,9:09:38 PM,7/28/2026,
2113,36.7,gf,0.765,mm,OK,--,9:09:38 PM,7/28/2026,
2114,39.7,gf,0.760,mm,OK,--,9:09:38 PM,7/28/2026,
2115,37.2,gf,0.755,mm,OK,--,9:09:38 PM,7/28/2026,
2116,36.7,gf,0.750,mm,OK,--,9:09:38 PM,7/28/2026,
2117,36.6,gf,0.740,mm,OK,--,9:09:38 PM,7/28/2026,
2118,36.6,gf,0.735,mm,OK,--,9:09:38 PM,7/28/2026,
2119,36.4,gf,0.730,mm,OK,--,9:09:38 PM,7/28/2026,
2120,36.4,gf,0.725,mm,OK,--,9:09:39 PM,7/28/2026,
2121,36.5,gf,0.720,mm,OK,--,9:09:39 PM,7/28/2026,
2122,36.3,gf,0.720,mm,OK,--,9:09:39 PM,7/28/2026,
2123,36.2,gf,0.715,mm,OK,--,9:09:39 PM,7/28/2026,
2124,36.2,gf,0.710,mm,OK,--,9:09:39 PM,7/28/2026,
2125,36.1,gf,0.710,mm,OK,--,9:09:39 PM,7/28/2026,
2126,36.0,gf,0.705,mm,OK,--,9:09:39 PM,7/28/2026,
2127,36.0,gf,0.700,mm,OK,--,9:09:39 PM,7/28/2026,
2128,36.0,gf,0.700,mm,OK,--,9:09:39 PM,7/28/2026,
2129,35.7,gf,0.695,mm,OK,--,9:09:39 PM,7/28/2026,
2130,35.6,gf,0.690,mm,OK,--,9:09:40 PM,7/28/2026,
2131,35.5,gf,0.685,mm,OK,--,9:09:40 PM,7/28/2026,
2132,35.1,gf,0.675,mm,OK,--,9:09:40 PM,7/28/2026,
2133,34.6,gf,0.670,mm,OK,--,9:09:40 PM,7/28/2026,
2134,34.0,gf,0.660,mm,OK,--,9:09:40 PM,7/28/2026,
2135,33.4,gf,0.655,mm,OK,--,9:09:40 PM,7/28/2026,
2136,32.5,gf,0.645,mm,OK,--,9:09:40 PM,7/28/2026,
2137,30.7,gf,0.630,mm,OK,--,9:09:40 PM,7/28/2026,
2138,29.6,gf,0.620,mm,OK,--,9:09:40 PM,7/28/2026,
2139,29.0,gf,0.615,mm,OK,--,9:09:40 PM,7/28/2026,
2140,28.8,gf,0.605,mm,OK,--,9:09:41 PM,7/28/2026,
2141,28.5,gf,0.595,mm,OK,--,9:09:41 PM,7/28/2026,
2142,28.5,gf,0.585,mm,OK,--,9:09:41 PM,7/28/2026,
2143,28.6,gf,0.580,mm,OK,--,9:09:41 PM,7/28/2026,
2144,28.7,gf,0.575,mm,OK,--,9:09:41 PM,7/28/2026,
2145,28.6,gf,0.570,mm,OK,--,9:09:41 PM,7/28/2026,
2146,28.5,gf,0.565,mm,OK,--,9:09:41 PM,7/28/2026,
2147,28.5,gf,0.560,mm,OK,--,9:09:41 PM,7/28/2026,
2148,28.4,gf,0.550,mm,OK,--,9:09:41 PM,7/28/2026,
2149,28.5,gf,0.545,mm,OK,--,9:09:41 PM,7/28/2026,
2150,28.4,gf,0.545,mm,OK,--,9:09:42 PM,7/28/2026,
2151,28.4,gf,0.540,mm,OK,--,9:09:42 PM,7/28/2026,
2152,28.4,gf,0.535,mm,OK,--,9:09:42 PM,7/28/2026,
2153,28.3,gf,0.525,mm,OK,--,9:09:42 PM,7/28/2026,
2154,28.3,gf,0.520,mm,OK,--,9:09:42 PM,7/28/2026,
2155,28.4,gf,0.510,mm,OK,--,9:09:42 PM,7/28/2026,
2156,28.3,gf,0.505,mm,OK,--,9:09:42 PM,7/28/2026,
2157,28.4,gf,0.500,mm,OK,--,9:09:42 PM,7/28/2026,
2158,28.4,gf,0.490,mm,OK,--,9:09:42 PM,7/28/2026,
2159,28.2,gf,0.485,mm,OK,--,9:09:42 PM,7/28/2026,
2160,28.2,gf,0.475,mm,OK,--,9:09:43 PM,7/28/2026,
2161,28.2,gf,0.465,mm,OK,--,9:09:43 PM,7/28/2026,
2162,28.1,gf,0.455,mm,OK,--,9:09:43 PM,7/28/2026,
2163,28.2,gf,0.450,mm,OK,--,9:09:43 PM,7/28/2026,
2164,28.1,gf,0.440,mm,OK,--,9:09:43 PM,7/28/2026,
2165,28.1,gf,0.435,mm,OK,--,9:09:43 PM,7/28/2026,
2166,28.0,gf,0.425,mm,OK,--,9:09:43 PM,7/28/2026,
2167,28.0,gf,0.420,mm,OK,--,9:09:43 PM,7/28/2026,
2168,27.8,gf,0.415,mm,OK,--,9:09:43 PM,7/28/2026,
2169,27.8,gf,0.410,mm,OK,--,9:09:43 PM,7/28/2026,
2170,27.8,gf,0.405,mm,OK,--,9:09:44 PM,7/28/2026,
2171,27.7,gf,0.400,mm,OK,--,9:09:44 PM,7/28/2026,
2172,27.7,gf,0.395,mm,OK,--,9:09:44 PM,7/28/2026,
2173,27.6,gf,0.390,mm,OK,--,9:09:44 PM,7/28/2026,
2174,27.6,gf,0.390,mm,OK,--,9:09:44 PM,7/28/2026,
2175,27.6,gf,0.385,mm,OK,--,9:09:44 PM,7/28/2026,
2176,27.4,gf,0.380,mm,OK,--,9:09:44 PM,7/28/2026,
2177,27.3,gf,0.375,mm,OK,--,9:09:44 PM,7/28/2026,
2178,27.4,gf,0.370,mm,OK,--,9:09:44 PM,7/28/2026,
2179,27.4,gf,0.365,mm,OK,--,9:09:44 PM,7/28/2026,
2180,27.3,gf,0.360,mm,OK,--,9:09:45 PM,7/28/2026,
2181,27.3,gf,0.355,mm,OK,--,9:09:45 PM,7/28/2026,
2182,27.4,gf,0.350,mm,OK,--,9:09:45 PM,7/28/2026,
2183,27.4,gf,0.350,mm,OK,--,9:09:45 PM,7/28/2026,
2184,27.3,gf,0.345,mm,OK,--,9:09:45 PM,7/28/2026,
2185,27.3,gf,0.345,mm,OK,--,9:09:45 PM,7/28/2026,
2186,27.3,gf,0.340,mm,OK,--,9:09:45 PM,7/28/2026,
2187,27.2,gf,0.340,mm,OK,--,9:09:45 PM,7/28/2026,
2188,27.1,gf,0.340,mm,OK,--,9:09:45 PM,7/28/2026,
2189,27.1,gf,0.335,mm,OK,--,9:09:45 PM,7/28/2026,
2190,27.0,gf,0.330,mm,OK,--,9:09:46 PM,7/28/2026,
2191,27.1,gf,0.330,mm,OK,--,9:09:46 PM,7/28/2026,
2192,27.2,gf,0.325,mm,OK,--,9:09:46 PM,7/28/2026,
2193,27.2,gf,0.325,mm,OK,--,9:09:46 PM,7/28/2026,
2194,27.0,gf,0.320,mm,OK,--,9:09:46 PM,7/28/2026,
2195,27.0,gf,0.315,mm,OK,--,9:09:46 PM,7/28/2026,
2196,27.0,gf,0.310,mm,OK,--,9:09:46 PM,7/28/2026,
2197,27.0,gf,0.305,mm,OK,--,9:09:46 PM,7/28/2026,
2198,27.1,gf,0.305,mm,OK,--,9:09:46 PM,7/28/2026,
2199,27.2,gf,0.300,mm,OK,--,9:09:46 PM,7/28/2026,
2200,27.1,gf,0.295,mm,OK,--,9:09:47 PM,7/28/2026,
2201,27.0,gf,0.290,mm,OK,--,9:09:47 PM,7/28/2026,
2202,27.2,gf,0.285,mm,OK,--,9:09:47 PM,7/28/2026,
2203,27.0,gf,0.280,mm,OK,--,9:09:47 PM,7/28/2026,
2204,27.0,gf,0.275,mm,OK,--,9:09:47 PM,7/28/2026,
2205,27.1,gf,0.270,mm,OK,--,9:09:47 PM,7/28/2026,
2206,27.2,gf,0.260,mm,OK,--,9:09:47 PM,7/28/2026,
2207,27.3,gf,0.250,mm,OK,--,9:09:47 PM,7/28/2026,
2208,27.2,gf,0.240,mm,OK,--,9:09:47 PM,7/28/2026,
2209,27.2,gf,0.235,mm,OK,--,9:09:47 PM,7/28/2026,
2210,27.1,gf,0.230,mm,OK,--,9:09:48 PM,7/28/2026,
2211,27.0,gf,0.225,mm,OK,--,9:09:48 PM,7/28/2026,
2212,25.0,gf,0.220,mm,OK,--,9:09:48 PM,7/28/2026,
2213,23.2,gf,0.215,mm,OK,--,9:09:48 PM,7/28/2026,
2214,21.8,gf,0.210,mm,OK,--,9:09:48 PM,7/28/2026,
2215,20.7,gf,0.210,mm,OK,--,9:09:48 PM,7/28/2026,
2216,19.6,gf,0.205,mm,OK,--,9:09:48 PM,7/28/2026,
2217,18.7,gf,0.205,mm,OK,--,9:09:48 PM,7/28/2026,
2218,18.3,gf,0.200,mm,OK,--,9:09:48 PM,7/28/2026,
2219,19.2,gf,0.200,mm,OK,--,9:09:48 PM,7/28/2026,
2220,18.3,gf,0.195,mm,OK,--,9:09:49 PM,7/28/2026,
2221,18.1,gf,0.190,mm,OK,--,9:09:49 PM,7/28/2026,
2222,17.8,gf,0.185,mm,OK,--,9:09:49 PM,7/28/2026,
2223,17.7,gf,0.180,mm,OK,--,9:09:49 PM,7/28/2026,
2224,17.6,gf,0.175,mm,OK,--,9:09:49 PM,7/28/2026,
2225,17.1,gf,0.175,mm,OK,--,9:09:49 PM,7/28/2026,
2226,16.7,gf,0.170,mm,OK,--,9:09:49 PM,7/28/2026,
2227,16.4,gf,0.170,mm,OK,--,9:09:49 PM,7/28/2026,
2228,15.8,gf,0.165,mm,OK,--,9:09:49 PM,7/28/2026,
2229,15.5,gf,0.165,mm,OK,--,9:09:49 PM,7/28/2026,
2230,15.3,gf,0.160,mm,OK,--,9:09:50 PM,7/28/2026,
2231,14.9,gf,0.155,mm,OK,--,9:09:50 PM,7/28/2026,
2232,12.7,gf,0.150,mm,OK,--,9:09:50 PM,7/28/2026,
2233,10.6,gf,0.150,mm,OK,--,9:09:50 PM,7/28/2026,
2234,9.2,gf,0.145,mm,OK,--,9:09:50 PM,7/28/2026,
2235,8.0,gf,0.145,mm,OK,--,9:09:50 PM,7/28/2026,
2236,5.9,gf,0.140,mm,OK,--,9:09:50 PM,7/28/2026,
2237,3.8,gf,0.140,mm,OK,--,9:09:50 PM,7/28/2026,
2238,2.1,gf,0.135,mm,OK,--,9:09:50 PM,7/28/2026,
2239,0.8,gf,0.135,mm,OK,--,9:09:50 PM,7/28/2026,
2240,0.0,gf,0.130,mm,OK,--,9:09:51 PM,7/28/2026,
2241,0.1,gf,0.130,mm,OK,--,9:09:51 PM,7/28/2026,
2242,0.1,gf,0.125,mm,OK,--,9:09:51 PM,7/28/2026,
2243,0.1,gf,0.120,mm,OK,--,9:09:51 PM,7/28/2026,
2244,0.0,gf,0.115,mm,OK,--,9:09:51 PM,7/28/2026,
2245,0.1,gf,0.110,mm,OK,--,9:09:51 PM,7/28/2026,
2246,0.0,gf,0.100,mm,OK,--,9:09:51 PM,7/28/2026,
2247,0.0,gf,0.085,mm,OK,--,9:09:51 PM,7/28/2026,
2248,0.0,gf,0.070,mm,OK,--,9:09:51 PM,7/28/2026,
2249,0.0,gf,0.055,mm,OK,--,9:09:51 PM,7/28/2026,
2250,0.0,gf,0.045,mm,OK,--,9:09:52 PM,7/28/2026,
2251,0.0,gf,0.040,mm,OK,--,9:09:52 PM,7/28/2026,
2252,0.0,gf,0.035,mm,OK,--,9:09:52 PM,7/28/2026,
2253,0.1,gf,0.030,mm,OK,--,9:09:52 PM,7/28/2026,
2254,0.0,gf,0.025,mm,OK,--,9:09:52 PM,7/28/2026,
2255,0.1,gf,0.020,mm,OK,--,9:09:52 PM,7/28/2026,
2256,0.1,gf,0.015,mm,OK,--,9:09:52 PM,7/28/2026,
2257,0.0,gf,0.005,mm,OK,--,9:09:52 PM,7/28/2026,
2258,0.0,gf,-0.005,mm,OK,--,9:09:52 PM,7/28/2026,
2259,0.0,gf,-0.020,mm,OK,--,9:09:52 PM,7/28/2026,
2260,0.0,gf,-0.030,mm,OK,--,9:09:53 PM,7/28/2026,
2261,-0.1,gf,-0.030,mm,OK,--,9:09:53 PM,7/28/2026,
2262,-0.1,gf,-0.030,mm,OK,--,9:09:53 PM,7/28/2026,
2263,0.0,gf,-0.030,mm,OK,--,9:09:53 PM,7/28/2026,
2264,0.1,gf,-0.030,mm,OK,--,9:09:53 PM,7/28/2026,
2265,0.0,gf,-0.030,mm,OK,--,9:09:53 PM,7/28/2026,
2266,0.0,gf,-0.030,mm,OK,--,9:09:53 PM,7/28/2026,
2267,0.1,gf,-0.030,mm,OK,--,9:09:53 PM,7/28/2026,
2268,0.2,gf,-0.030,mm,OK,--,9:09:53 PM,7/28/2026,
2269,-0.1,gf,-0.030,mm,OK,--,9:09:53 PM,7/28/2026,
2270,0.0,gf,-0.030,mm,OK,--,9:09:54 PM,7/28/2026,
2271,0.0,gf,-0.030,mm,OK,--,9:09:54 PM,7/28/2026,
2272,0.0,gf,-0.030,mm,OK,--,9:09:54 PM,7/28/2026,
2273,0.0,gf,-0.030,mm,OK,--,9:09:54 PM,7/28/2026,
2274,0.0,gf,-0.030,mm,OK,--,9:09:54 PM,7/28/2026,
2275,0.0,gf,-0.030,mm,OK,--,9:09:54 PM,7/28/2026,
2276,1.2,gf,-0.030,mm,OK,--,9:09:54 PM,7/28/2026,
2277,0.0,gf,-0.030,mm,OK,--,9:09:54 PM,7/28/2026,
2278,-0.4,gf,-0.030,mm,OK,--,9:09:54 PM,7/28/2026,
2279,-0.5,gf,-0.030,mm,OK,--,9:09:54 PM,7/28/2026,
2280,0.0,gf,-0.030,mm,OK,--,9:09:55 PM,7/28/2026,
2281,0.1,gf,-0.030,mm,OK,--,9:09:55 PM,7/28/2026,
2282,0.0,gf,-0.025,mm,OK,--,9:09:55 PM,7/28/2026,
2283,-0.1,gf,-0.025,mm,OK,--,9:09:55 PM,7/28/2026,
2284,0.0,gf,-0.020,mm,OK,--,9:09:55 PM,7/28/2026,
2285,-0.1,gf,-0.020,mm,OK,--,9:09:55 PM,7/28/2026,
2286,0.2,gf,-0.015,mm,OK,--,9:09:55 PM,7/28/2026,
2287,0.1,gf,-0.015,mm,OK,--,9:09:55 PM,7/28/2026,
2288,-0.1,gf,-0.010,mm,OK,--,9:09:55 PM,7/28/2026,
2289,0.1,gf,-0.010,mm,OK,--,9:09:55 PM,7/28/2026,
2290,0.1,gf,-0.005,mm,OK,--,9:09:56 PM,7/28/2026,
2291,0.0,gf,-0.005,mm,OK,--,9:09:56 PM,7/28/2026,
2292,-0.5,gf,-0.005,mm,OK,--,9:09:56 PM,7/28/2026,
2293,-0.4,gf,0.000,mm,OK,--,9:09:56 PM,7/28/2026,
2294,0.0,gf,0.000,mm,OK,--,9:09:56 PM,7/28/2026,
2295,0.0,gf,0.000,mm,OK,--,9:09:56 PM,7/28/2026,
