MAX FORCE = 192.1,4.120
MIN FORCE = -0.9,-0.010
AVERAGE FORCE = 55.51,
UNIT = gf,mm
DATA COUNT = 55806,
RECORDING RATE = 0.0005,
FILE DATE = 7/28/2026 9:16:03 PM,
COMMENT = ,
MARK POINT ON = ---,---
MARK POINT OFF = ---,---
THRESHOLD = ---,
1ST PEAK FORCE = ---,---
2ND PEAK FORCE = ---,---
0.0,0.000
-0.1,0.000
-0.1,0.000
-0.1,0.000
-0.1,0.000
-0.1,0.000
-0.1,0.000
-0.1,0.000
-0.1,0.000
-0.1,0.000
0.0,0.000
0.0,0.000
0.0,0.000
0.0,0.000
0.0,0.000
0.0,0.000
0.0,0.000
0.0,0.000
0.0,0.000
0.0,0.000
0.0,0.000
0.0,0.000
0.0,0.000
0.0,0.000
0.0,0.000
0.0,0.000
0.0,0.000
0.0,0.000
0.0,0.000
0.0,0.000
0.0,0.000
0.0,0.000
0.0,0.000
0.0,0.000
0.0,0.000
0.0,0.000
0.0,0.000
0.0,0.000
0.0,0.000
0.0,0.000
0.0,0.000
-0.1,0.000
-0.1,0.000
-0.1,0.000
-0.1,0.000
0.0,0.000
0.1,0.000
0.1,0.000
0.2,0.000
0.2,0.000
0.2,0.000
0.2,0.000
0.1,0.000
0.0,0.000
0.0,0.000
-0.1,0.000
-0.1,0.000
-0.2,0.000
-0.2,0.000
-0.2,0.000
-0.2,0.000
-0.2,0.000
-0.2,0.000
-0.1,0.000
0.0,0.000
0.1,0.000
0.1,0.000
0.1,0.000
0.2,0.000
0.2,0.000
0.2,0.000
0.2,0.000
0.1,0.000
0.1,0.000
0.0,0.000
-0.1,0.000
-0.1,0.000
-0.1,0.000
-0.2,0.000
-0.2,0.000
-0.2,0.000
-0.2,0.000
-0.1,0.000
-0.1,0.000
0.0,0.000
0.0,0.000
0.1,0.000
0.1,0.000
0.1,0.000
0.1,0.000
0.1,0.000
0.1,0.000
0.1,0.000
0.0,0.000
0.0,0.000
-0.1,0.000
-0.1,0.000
-0.1,0.000
-0.2,0.000
-0.2,0.000
-0.2,0.000
-0.2,0.000
-0.1,0.000
0.0,0.000
0.0,0.000
0.1,0.000
0.1,0.000
0.1,0.000
0.2,0.000
0.2,0.000
0.2,0.000
0.1,0.000
0.1,0.000
0.0,0.000
0.0,0.000
-0.1,0.000
-0.1,0.000
-0.2,0.000
-0.2,0.000
-0.2,0.000
-0.2,0.000
-0.2,0.000
-0.1,0.000
-0.1,0.000
0.0,0.000
0.0,0.000
0.1,0.000
0.1,0.000
0.1,0.000
0.1,0.000
0.1,0.000
0.1,0.000
0.1,0.000
0.0,0.000
0.0,0.000
0.0,0.000
-0.1,0.000
-0.1,0.000
-0.1,0.000
-0.1,0.000
-0.1,0.000
-0.1,0.000
-0.1,0.000
0.0,0.000
0.0,0.000
0.0,0.000
0.0,0.000
0.1,0.000
0.1,0.000
0.1,0.000
0.1,0.000
0.1,0.000
0.1,0.000
0.1,0.000
0.1,0.000
0.0,0.000
0.0,0.000
-0.1,0.000
-0.1,0.000
-0.1,0.000
-0.1,0.000
-0.1,0.000
-0.1,0.000
-0.1,0.000
-0.1,0.000
-0.1,0.000
0.0,0.000
0.0,0.000
0.1,0.000
0.1,0.000
0.1,0.000
0.1,0.000
0.1,0.000
0.1,0.000
0.1,0.000
0.1,0.000
0.1,0.000
0.0,0.000
0.0,0.000
0.0,0.000
0.0,0.000
0.0,0.000
0.0,0.000
0.0,0.000
0.0,0.000
0.0,0.000
0.0,0.000
0.0,0.000
0.0,0.000
0.0,0.000
0.0,0.000
0.0,0.000
0.0,0.000
0.0,0.000
0.0,0.000
0.0,0.000
0.0,0.000
0.0,0.000
0.0,0.000
0.0,0.000
0.0,0.000
0.0,0.000
0.0,0.000
0.0,0.000
0.0,0.000
0.0,0.000
0.0,0.000
0.0,0.000
0.0,0.000
0.0,0.000
0.0,0.000
0.0,0.000
0.0,0.000
0.0,0.000
0.0,0.000
0.0,0.000
0.0,0.000
0.0,0.000
0.0,0.000
0.0,0.000
0.0,0.000
0.0,0.000
0.0,0.000
0.0,0.000
0.0,0.000
0.0,0.000
0.0,0.000
0.0,0.000
0.0,0.000
0.0,0.000
0.0,0.000
0.0,0.000
0.0,0.000
0.0,0.000
0.0,0.000
0.0,0.000
0.0,0.000
0.0,0.000
0.0,0.000
0.0,0.000
0.0,0.000
0.0,0.000
0.0,0.000
0.0,0.000
0.0,0.000
0.0,0.000
0.0,0.000
0.0,0.000
0.0,0.000
0.0,0.000
0.0,0.000
0.0,0.000
0.0,0.000
0.0,0.000
0.0,0.000
0.0,0.000
0.0,0.000
0.0,0.000
0.0,0.000
0.0,0.000
0.0,0.000
0.0,0.000
0.0,0.000
0.0,0.000
0.0,0.000
0.0,0.000
0.0,0.000
0.0,0.000
0.0,0.000
0.0,0.000
0.0,0.000
0.0,0.000
0.0,0.000
0.0,0.000
0.0,0.000
0.0,0.000
0.0,0.000
0.0,0.000
0.0,0.000
0.0,0.000
0.0,0.000
0.0,0.000
0.0,0.000
0.0,0.000
0.0,0.000
0.0,0.000
0.0,0.000
0.0,0.000
0.0,0.000
0.0,0.000
0.1,0.000
0.0,0.000
0.0,0.000
0.0,0.000
0.0,0.000
0.0,0.000
0.0,0.000
0.0,0.000
0.0,0.000
0.0,0.000
-0.1,0.000
-0.1,0.000
-0.1,0.000
-0.1,0.000
-0.1,0.000
-0.1,0.000
-0.1,0.000
-0.1,0.000
-0.1,0.000
-0.1,0.000
-0.1,0.000
-0.1,0.000
-0.1,0.000
0.0,0.000
0.0,0.000
0.0,0.000
0.0,0.000
0.0,0.000
0.0,0.000
0.0,0.000
0.0,0.000
0.0,0.000
0.0,0.000
0.0,0.000
0.0,0.000
0.0,0.000
0.0,0.000
0.0,0.000
0.0,0.000
0.0,0.000
0.0,0.000
0.0,0.000
0.0,0.000
0.0,0.000
0.0,0.000
0.0,0.000
0.0,0.000
0.0,0.000
0.0,0.000
0.0,0.000
0.0,0.000
0.0,0.000
0.0,0.000
0.0,0.000
0.0,0.000
-0.1,0.000
-0.1,0.000
-0.1,0.000
-0.1,0.000
-0.1,0.000
-0.1,0.000
-0.1,0.000
0.0,0.000
0.0,0.000
0.0,0.000
0.0,0.000
0.0,0.000
0.0,0.000
0.0,0.000
0.0,0.000
0.0,0.000
0.0,0.000
0.0,0.000
0.0,0.000
0.0,0.000
0.0,0.000
0.0,0.000
0.0,0.000
0.0,0.000
0.0,0.000
0.0,0.000
0.0,0.000
0.0,0.000
0.0,0.000
0.0,0.000
0.0,0.000
0.0,0.000
0.0,0.000
0.0,0.000
0.0,0.000
0.0,0.000
0.0,0.000
0.0,0.000
0.0,0.000
0.0,0.000
-0.1,0.000
-0.1,0.000
-0.1,0.000
-0.1,0.000
-0.1,0.000
-0.1,0.000
-0.1,0.000
-0.1,0.000
0.0,0.000
0.0,0.000
0.0,0.000
0.0,0.000
0.0,0.000
0.0,0.000
0.0,0.000
0.0,0.000
0.0,0.000
0.0,0.000
0.0,0.000
0.0,0.000
0.0,0.000
0.0,0.000
0.0,0.000
0.0,0.000
0.0,0.000
0.0,0.000
0.0,0.000
0.0,0.000
0.0,0.000
0.0,0.000
0.0,0.000
0.0,0.000
0.0,0.000
0.0,0.000
0.0,0.000
0.0,0.000
0.0,0.000
0.0,0.000
0.0,0.000
0.0,0.000
-0.1,0.000
-0.1,0.000
-0.1,0.000
0.0,0.000
0.0,0.000
0.0,0.000
0.0,0.000
0.0,0.000
0.0,0.000
0.0,0.000
0.0,0.000
0.0,0.000
0.0,0.000
0.0,0.000
0.0,0.000
0.0,0.000
0.0,0.000
0.0,0.000
0.0,0.000
0.0,0.000
0.0,0.000
0.0,0.000
0.0,0.000
0.0,0.000
0.0,0.000
0.0,0.000
0.0,0.000
0.0,0.000
0.0,0.000
0.0,0.000
0.0,0.000
0.0,0.000
0.0,0.000
0.0,0.000
0.0,0.000
0.0,0.000
0.0,0.000
0.0,0.000
0.0,0.000
0.0,0.000
0.0,0.000
0.0,0.000
0.0,0.000
0.0,0.000
0.0,0.000
0.0,0.000
0.0,0.000
0.0,0.000
0.0,0.000
0.0,0.000
0.0,0.000
0.0,0.000
0.0,0.000
0.0,0.000
0.0,0.000
0.0,0.000
0.0,0.000
0.0,0.000
0.0,0.000
0.0,0.000
0.0,0.000
0.0,0.000
-0.1,0.000
-0.1,0.000
-0.1,0.000
-0.1,0.000
-0.1,0.000
0.0,0.000
0.0,0.000
0.0,0.000
0.0,0.000
0.0,0.000
0.0,0.000
0.0,0.000
0.0,0.000
0.0,0.000
0.0,0.000
0.0,0.000
0.0,0.000
0.0,0.000
0.0,0.000
0.0,0.000
0.0,0.000
0.0,0.000
0.0,0.000
0.0,0.000
0.0,0.000
0.0,0.000
0.0,0.000
0.0,0.000
0.0,0.000
0.0,0.000
0.0,0.000
0.0,0.000
0.0,0.000
0.0,0.000
0.0,0.000
0.0,0.000
0.0,0.000
0.0,0.000
0.0,0.000
0.0,0.000
0.0,0.000
0.0,0.000
0.0,0.000
0.0,0.000
0.0,0.000
0.0,0.000
0.0,0.000
0.0,0.000
0.0,0.000
0.0,0.000
0.0,0.000
0.0,0.000
0.0,0.000
0.0,0.000
0.0,0.000
0.0,0.000
0.0,0.000
0.0,0.000
0.0,0.000
0.0,0.000
0.0,0.000
0.0,0.000
0.0,0.000
0.0,0.000
0.0,0.000
0.0,0.000
0.0,0.000
0.0,0.000
0.1,0.000
0.1,0.000
0.1,0.000
0.1,0.000
0.0,0.000
0.0,0.000
0.0,0.000
0.0,0.000
0.0,0.000
0.0,0.000
0.0,0.000
0.0,0.000
0.0,0.000
0.0,0.000
0.0,0.000
0.0,0.000
0.1,0.000
0.1,0.000
0.1,0.000
0.1,0.000
0.1,0.000
0.1,0.000
0.1,0.000
0.1,0.000
0.1,0.000
0.1,0.000
0.1,0.000
0.1,0.000
0.1,0.000
0.0,0.000
0.0,0.000
0.0,0.000
0.0,0.000
0.0,0.000
-0.1,0.000
-0.1,0.000
0.0,0.000
0.0,0.000
0.1,0.000
0.1,0.000
0.1,0.000
0.1,0.000
0.1,0.000
0.1,0.000
0.1,0.000
0.1,0.000
0.1,0.000
0.1,0.000
0.0,0.000
0.0,0.000
0.0,0.000
0.0,0.000
0.0,0.000
0.0,0.000
0.0,0.000
0.0,0.000
0.0,0.000
0.0,0.000
0.0,0.000
0.0,0.000
0.0,0.000
0.0,0.000
0.0,0.000
0.0,0.000
0.0,0.000
0.0,0.000
0.0,0.000
0.0,0.000
0.0,0.000
0.0,0.000
0.0,0.000
0.0,0.000
0.0,0.000
0.0,0.000
0.0,0.000
0.0,0.000
0.0,0.000
0.0,0.000
0.0,0.000
0.0,0.000
0.0,0.000
0.0,0.000
0.0,0.000
0.0,0.000
0.0,0.000
0.0,0.000
0.0,0.000
0.0,0.000
0.0,0.000
0.0,0.000
0.0,0.000
0.0,0.000
0.0,0.000
0.0,0.000
0.0,0.000
0.0,0.000
0.0,0.000
0.0,0.000
0.0,0.000
0.0,0.000
0.0,0.000
0.0,0.000
0.0,0.000
0.0,0.000
0.0,0.000
0.0,0.000
0.0,0.000
0.0,0.000
0.0,0.000
0.0,0.000
0.0,0.000
0.0,0.000
0.0,0.000
0.0,0.000
0.0,0.000
0.0,0.000
0.0,0.000
0.0,0.000
0.0,0.000
0.0,0.000
0.0,0.000
0.0,0.000
0.0,0.000
0.0,0.000
0.0,0.000
0.0,0.000
0.0,0.000
0.0,0.000
0.0,0.000
0.0,0.000
0.0,0.000
0.0,0.000
0.0,0.000
0.0,0.000
0.0,0.000
0.0,0.000
0.0,0.000
0.0,0.000
0.0,0.000
0.0,0.000
0.0,0.000
0.0,0.000
0.0,0.000
0.0,0.000
0.0,0.000
0.0,0.000
0.0,0.000
0.0,0.000
0.0,0.000
0.0,0.000
0.0,0.000
0.0,0.000
0.0,0.000
0.0,0.000
0.0,0.000
0.0,0.000
0.0,0.000
0.0,0.000
0.0,0.000
0.0,0.000
0.0,0.000
0.0,0.000
0.0,0.000
0.0,0.000
0.0,0.000
0.0,0.000
0.0,0.000
0.0,0.000
0.0,0.000
0.0,0.000
0.0,0.000
0.0,0.000
0.0,0.000
0.0,0.000
0.0,0.000
0.0,0.000
0.0,0.000
0.0,0.000
0.0,0.000
0.0,0.000
0.0,0.000
0.0,0.000
0.0,0.000
0.0,0.000
0.0,0.000
0.0,0.000
0.0,0.000
0.0,0.000
0.0,0.000
0.0,0.000
0.0,0.000
0.0,0.000
0.0,0.000
0.0,0.000
0.0,0.000
0.0,0.000
0.0,0.000
0.0,0.000
0.0,0.000
0.0,0.000
0.0,0.000
0.0,0.000
0.0,0.000
0.0,0.000
0.0,0.000
0.0,0.000
0.0,0.000
0.0,0.000
0.0,0.000
0.0,0.000
0.0,0.000
0.0,0.000
0.0,0.000
0.0,0.000
0.0,0.000
0.0,0.000
0.0,0.000
0.0,0.000
0.0,0.000
0.0,0.000
0.0,0.000
0.0,0.000
0.0,0.000
0.0,0.000
0.0,0.000
0.0,0.000
0.0,0.000
0.0,0.000
0.0,0.000
0.0,0.000
0.0,0.000
0.0,0.000
0.0,0.000
0.0,0.000
0.0,0.000
0.0,0.000
0.0,0.000
0.0,0.000
0.0,0.000
0.0,0.000
0.0,0.000
0.0,0.000
0.0,0.000
0.0,0.000
0.0,0.000
0.0,0.000
0.0,0.000
0.0,0.000
0.0,0.000
0.0,0.000
0.0,0.000
0.0,0.000
0.0,0.000
0.0,0.000
0.0,0.000
0.0,0.000
0.0,0.000
0.0,0.000
0.0,0.000
0.0,0.000
0.0,0.000
0.0,0.000
0.0,0.000
0.0,0.000
0.0,0.000
0.0,0.000
0.0,0.000
0.0,0.000
0.0,0.000
0.0,0.000
0.0,0.000
0.0,0.000
0.0,0.000
0.0,0.000
0.0,0.000
0.0,0.000
0.0,0.000
0.0,0.000
0.0,0.000
0.0,0.000
0.0,0.000
0.0,0.000
0.0,0.000
0.0,0.000
0.0,0.000
0.0,0.000
0.0,0.000
0.0,0.000
0.0,0.000
0.0,0.000
0.0,0.000
0.0,0.000
0.0,0.000
0.0,0.000
0.0,0.000
0.0,0.000
0.0,0.000
0.0,0.000
0.0,0.000
0.0,0.000
0.0,0.000
0.0,0.000
0.0,0.000
0.0,0.000
0.0,0.000
0.0,0.000
0.0,0.000
0.0,0.000
0.0,0.000
0.0,0.000
0.0,0.000
0.0,0.000
0.0,0.000
0.0,0.000
0.0,0.000
0.0,0.000
0.0,0.000
0.0,0.000
0.0,0.000
0.0,0.000
0.0,0.000
0.0,0.000
0.0,0.000
0.0,0.000
0.0,0.000
0.0,0.000
0.0,0.000
0.0,0.000
0.0,0.000
0.0,0.000
0.0,0.000
0.0,0.000
0.0,0.000
0.0,0.000
0.0,0.000
0.0,0.000
0.0,0.000
0.0,0.000
0.0,0.000
0.0,0.000
0.0,0.000
0.0,0.000
0.0,0.000
0.0,0.000
0.0,0.000
0.0,0.000
0.0,0.000
0.0,0.000
0.0,0.000
0.0,0.000
0.0,0.000
0.0,0.000
0.0,0.000
0.0,0.000
0.0,0.000
0.0,0.000
0.0,0.000
0.0,0.000
0.0,0.000
0.0,0.000
0.0,0.000
0.0,0.000
0.0,0.000
0.0,0.000
0.0,0.000
0.0,0.000
0.0,0.000
0.0,0.000
0.0,0.000
0.0,0.000
0.0,0.000
0.0,0.000
0.0,0.000
0.0,0.000
0.0,0.000
0.0,0.000
0.0,0.000
0.0,0.000
0.0,0.000
0.0,0.000
0.0,0.000
0.0,0.000
0.0,0.000
0.0,0.000
0.0,0.000
0.0,0.000
0.0,0.000
0.0,0.000
0.0,0.000
0.0,0.000
0.0,0.000
0.0,0.000
0.0,0.000
0.0,0.000
0.0,0.000
0.0,0.000
0.0,0.000
0.1,0.000
0.1,0.000
0.1,0.000
0.1,0.000
0.0,0.000
0.0,0.000
0.0,0.000
0.0,0.000
0.0,0.000
0.0,0.000
0.0,0.000
0.0,0.000
0.0,0.000
0.0,0.000
0.0,0.000
0.0,0.000
0.0,0.000
0.0,0.000
0.0,0.000
0.0,0.000
0.0,0.000
0.0,0.000
0.0,0.000
0.0,0.000
0.0,0.000
0.0,0.000
0.0,0.000
0.0,0.000
0.0,0.000
0.0,0.000
0.0,0.000
0.0,0.000
0.0,0.000
0.0,0.000
0.0,0.000
0.0,0.000
0.0,0.000
0.0,0.000
0.0,0.000
0.0,0.000
0.0,0.000
0.0,0.000
0.0,0.000
0.0,0.000
0.0,0.000
0.0,0.000
0.0,0.000
0.0,0.000
-0.1,0.000
-0.1,0.000
-0.1,0.000
-0.1,0.000
-0.1,0.000
-0.1,0.000
-0.1,0.000
-0.1,0.000
0.0,0.000
0.0,0.000
0.0,0.000
0.0,0.000
0.0,0.000
0.0,0.000
0.0,0.000
0.0,0.000
0.0,0.000
0.0,0.000
0.0,0.000
0.0,0.000
0.0,0.000
0.0,0.000
0.0,0.000
0.0,0.000
0.0,0.000
0.0,0.000
0.0,0.000
0.0,0.000
0.0,0.000
0.1,0.000
0.0,0.000
0.0,0.000
0.0,0.000
0.0,0.000
0.0,0.000
0.0,0.000
0.0,0.000
0.0,0.000
0.0,0.000
0.0,0.000
0.0,0.000
0.0,0.000
0.0,0.000
0.0,0.000
0.0,0.000
0.0,0.000
0.0,0.000
0.0,0.000
0.0,0.000
0.0,0.000
0.0,0.000
0.1,0.000
0.1,0.000
0.1,0.000
0.1,0.000
0.1,0.000
0.1,0.000
0.1,0.000
0.1,0.000
0.1,0.000
0.1,0.000
0.1,0.000
0.1,0.000
0.1,0.000
0.0,0.000
0.0,0.000
0.0,0.000
0.0,0.000
0.0,0.000
0.0,0.000
0.0,0.000
0.0,0.000
0.0,0.000
0.0,0.000
0.0,0.000
0.0,0.000
0.0,0.000
0.0,0.000
0.1,0.000
0.1,0.000
0.1,0.000
0.1,0.000
0.0,0.000
-0.1,0.000
-0.1,0.000
-0.1,0.000
-0.1,0.000
-0.1,0.000
-0.1,0.000
-0.1,0.000
0.0,0.000
0.0,0.000
0.0,0.000
0.0,0.000
0.0,0.000
0.0,0.000
0.0,0.000
0.0,0.000
0.0,0.000
0.0,0.000
0.0,0.000
0.0,0.000
0.0,0.000
0.0,0.000
0.0,0.000
0.0,0.000
0.0,0.000
0.0,0.000
0.0,0.000
0.0,0.000
0.1,0.000
0.1,0.000
0.1,0.000
0.1,0.000
0.1,0.000
0.1,0.000
0.1,0.000
0.1,0.000
0.1,0.000
0.0,0.000
0.0,0.000
-0.1,0.000
-0.1,0.000
-0.1,0.000
-0.1,0.000
-0.1,0.000
-0.1,0.000
-0.1,0.000
-0.1,0.000
-0.1,0.000
-0.1,0.000
0.0,0.000
0.0,0.000
0.0,0.000
0.0,0.000
0.0,0.000
0.0,0.000
0.0,0.000
0.0,0.000
0.0,0.000
0.0,0.000
-0.1,0.000
-0.1,0.000
-0.1,0.000
-0.1,0.000
-0.1,0.000
-0.1,0.000
-0.1,0.000
-0.1,0.000
-0.1,0.000
0.0,0.000
0.1,0.000
0.1,0.000
0.1,0.000
0.1,0.000
0.1,0.000
0.1,0.000
0.1,0.000
0.1,0.000
0.1,0.000
0.1,0.000
0.0,0.000
0.0,0.000
0.0,0.000
0.0,0.000
0.0,0.000
0.0,0.000
0.0,0.000
0.0,0.000
0.0,0.000
0.0,0.000
0.0,0.000
0.0,0.000
0.0,0.000
0.0,0.000
0.0,0.000
0.0,0.000
0.0,0.000
0.0,0.000
0.0,0.000
0.0,0.000
0.0,0.000
0.0,0.000
0.0,0.000
0.0,0.000
0.0,0.000
0.0,0.000
0.0,0.000
0.0,0.000
0.0,0.000
0.0,0.000
0.0,0.000
0.0,0.000
0.0,0.000
0.0,0.000
0.0,0.000
0.0,0.000
0.0,0.000
0.0,0.000
0.0,0.000
0.0,0.000
0.0,0.000
0.0,0.000
0.0,0.000
0.0,0.000
0.0,0.000
0.0,0.000
0.0,0.000
0.0,0.000
0.0,0.000
0.0,0.000
0.0,0.000
0.0,0.000
0.0,0.000
0.0,0.000
0.0,0.000
0.0,0.000
0.0,0.000
0.0,0.000
0.0,0.000
0.0,0.000
0.0,0.000
0.0,0.000
0.0,0.000
0.0,0.000
0.0,0.000
0.0,0.000
0.0,0.000
0.0,0.000
0.0,0.000
0.0,0.000
0.0,0.005
0.0,0.005
0.0,0.005
0.0,0.005
0.0,0.005
0.0,0.005
0.0,0.005
0.0,0.005
0.0,0.005
0.0,0.005
0.0,0.005
0.0,0.005
0.0,0.005
0.0,0.005
0.0,0.005
0.0,0.005
0.0,0.005
0.0,0.005
0.0,0.005
0.0,0.005
0.0,0.005
0.0,0.005
0.0,0.005
0.0,0.005
0.0,0.005
0.0,0.005
0.0,0.005
0.0,0.005
0.0,0.005
0.0,0.005
0.0,0.005
0.0,0.005
0.0,0.005
0.0,0.005
0.0,0.005
0.0,0.005
0.0,0.005
0.0,0.005
0.0,0.005
0.0,0.005
0.0,0.005
0.0,0.005
0.0,0.005
0.0,0.005
0.0,0.005
0.0,0.005
0.0,0.005
0.0,0.005
0.0,0.005
0.0,0.005
0.0,0.005
0.0,0.005
0.0,0.005
0.0,0.005
0.0,0.005
0.0,0.005
0.0,0.005
0.0,0.005
0.0,0.005
0.0,0.005
0.0,0.005
0.0,0.005
0.0,0.005
0.0,0.005
0.0,0.005
0.0,0.005
0.0,0.005
0.0,0.005
0.0,0.005
0.0,0.005
0.0,0.005
0.0,0.005
0.0,0.005
0.0,0.005
0.0,0.005
0.0,0.005
0.0,0.005
0.0,0.005
0.0,0.005
0.0,0.005
0.0,0.005
0.0,0.005
0.0,0.005
0.0,0.005
0.0,0.005
0.0,0.005
0.0,0.005
0.0,0.005
0.0,0.005
0.0,0.005
0.0,0.005
0.0,0.005
0.0,0.005
0.0,0.005
0.0,0.005
0.0,0.005
0.0,0.005
0.0,0.005
0.0,0.005
0.0,0.005
0.0,0.005
0.0,0.005
0.0,0.005
0.0,0.005
0.0,0.005
0.0,0.005
0.0,0.005
0.0,0.005
0.0,0.005
0.0,0.005
0.0,0.005
0.0,0.005
0.0,0.005
0.0,0.005
-0.1,0.005
-0.1,0.005
-0.1,0.005
-0.1,0.005
0.0,0.005
0.0,0.005
0.0,0.005
0.0,0.005
0.0,0.005
0.0,0.005
0.0,0.005
0.0,0.005
0.0,0.005
0.0,0.005
0.0,0.005
0.0,0.005
0.0,0.005
0.0,0.005
0.0,0.005
0.0,0.005
0.0,0.005
0.0,0.005
0.0,0.005
0.0,0.005
0.0,0.005
0.0,0.005
0.0,0.005
0.0,0.005
0.0,0.005
0.0,0.005
0.0,0.005
0.0,0.005
0.0,0.005
0.0,0.005
0.0,0.005
0.0,0.005
0.0,0.005
0.0,0.005
0.0,0.005
0.0,0.005
0.0,0.005
0.0,0.005
0.0,0.005
0.0,0.005
0.0,0.005
0.0,0.005
0.0,0.005
0.0,0.005
0.0,0.005
0.0,0.005
0.0,0.005
0.0,0.005
0.0,0.005
0.0,0.005
0.0,0.005
0.0,0.005
0.0,0.005
0.0,0.005
0.0,0.005
0.0,0.005
0.0,0.005
0.0,0.005
0.0,0.005
0.0,0.005
0.0,0.005
0.0,0.005
0.0,0.005
0.0,0.005
0.0,0.005
0.0,0.005
0.0,0.005
0.0,0.005
0.0,0.005
0.0,0.005
0.0,0.005
0.0,0.005
0.0,0.005
0.0,0.005
0.0,0.005
0.0,0.005
0.0,0.005
0.0,0.005
0.0,0.005
0.0,0.005
0.0,0.005
0.0,0.005
0.0,0.005
0.0,0.005
0.0,0.005
0.0,0.005
0.0,0.005
0.0,0.005
0.0,0.005
0.0,0.005
0.0,0.005
0.0,0.005
0.0,0.005
0.0,0.005
0.0,0.005
0.0,0.005
0.0,0.005
0.0,0.005
0.0,0.005
0.0,0.005
0.0,0.005
0.0,0.005
0.0,0.005
0.0,0.005
0.0,0.005
0.0,0.005
0.0,0.005
0.0,0.005
0.0,0.005
0.0,0.005
0.0,0.005
0.0,0.005
0.0,0.005
0.0,0.005
0.0,0.005
0.0,0.005
0.0,0.005
0.0,0.005
0.0,0.005
0.0,0.005
0.0,0.005
0.0,0.005
0.0,0.005
0.0,0.005
0.0,0.005
0.0,0.005
0.0,0.005
0.0,0.005
0.0,0.005
0.0,0.005
0.0,0.005
0.0,0.005
0.0,0.005
0.0,0.005
0.0,0.005
0.0,0.005
0.0,0.005
0.0,0.005
0.0,0.005
0.0,0.005
0.0,0.005
0.0,0.005
0.0,0.005
0.0,0.005
0.0,0.005
0.0,0.005
0.0,0.005
0.0,0.005
0.0,0.005
-0.1,0.005
-0.1,0.005
-0.1,0.005
-0.1,0.005
-0.1,0.005
-0.1,0.005
-0.1,0.005
-0.1,0.005
-0.1,0.005
0.0,0.005
0.0,0.005
0.0,0.005
0.0,0.005
0.0,0.005
0.0,0.005
0.0,0.005
0.0,0.005
0.0,0.005
0.0,0.005
0.0,0.005
-0.1,0.005
-0.1,0.005
-0.1,0.005
-0.1,0.005
-0.1,0.005
-0.1,0.005
-0.1,0.005
0.0,0.005
0.0,0.005
0.0,0.005
0.0,0.005
0.0,0.005
0.0,0.005
0.0,0.005
0.0,0.005
0.0,0.005
0.0,0.005
0.0,0.005
0.0,0.005
0.0,0.005
0.0,0.005
0.0,0.005
0.0,0.005
0.0,0.005
0.0,0.005
0.0,0.005
0.0,0.005
0.0,0.005
0.0,0.005
0.1,0.005
0.1,0.005
0.0,0.005
0.0,0.005
0.0,0.005
0.0,0.005
0.0,0.005
0.0,0.005
0.0,0.005
0.0,0.005
0.0,0.005
0.0,0.005
0.0,0.005
0.0,0.005
0.0,0.005
0.0,0.005
0.0,0.005
0.0,0.005
0.0,0.005
0.0,0.005
0.0,0.005
0.0,0.005
0.0,0.005
0.0,0.005
0.0,0.005
0.0,0.005
0.0,0.005
0.0,0.005
0.0,0.005
0.0,0.005
0.0,0.005
0.0,0.005
0.0,0.005
0.0,0.005
0.0,0.005
0.0,0.005
0.0,0.005
0.0,0.005
0.0,0.005
0.0,0.005
0.0,0.005
0.0,0.005
0.0,0.005
0.0,0.005
0.0,0.005
0.0,0.005
0.0,0.005
0.0,0.005
0.0,0.005
0.0,0.005
0.0,0.005
-0.1,0.005
-0.1,0.005
-0.1,0.005
-0.1,0.005
-0.1,0.005
-0.1,0.005
-0.1,0.005
-0.1,0.005
-0.1,0.005
-0.1,0.005
-0.1,0.005
0.1,0.005
0.1,0.005
0.1,0.005
0.1,0.005
0.1,0.005
0.1,0.005
0.1,0.005
0.1,0.005
0.0,0.005
0.0,0.005
0.0,0.005
0.0,0.005
0.0,0.005
0.0,0.005
0.0,0.005
0.0,0.005
0.0,0.005
0.0,0.005
0.0,0.005
0.0,0.005
0.0,0.005
0.0,0.005
0.0,0.005
0.0,0.005
0.0,0.005
0.0,0.005
0.0,0.005
0.0,0.005
0.0,0.005
0.0,0.005
0.0,0.005
0.0,0.005
0.0,0.005
0.0,0.005
0.0,0.005
0.0,0.005
0.0,0.005
0.0,0.005
0.0,0.005
0.0,0.005
0.0,0.005
0.0,0.005
0.0,0.005
0.0,0.005
0.0,0.005
0.0,0.005
0.0,0.005
0.0,0.005
0.0,0.005
0.0,0.005
0.0,0.005
0.0,0.005
0.0,0.005
0.0,0.005
0.0,0.005
0.0,0.005
0.0,0.005
0.0,0.005
0.0,0.005
0.0,0.005
0.0,0.005
0.0,0.005
0.0,0.005
0.0,0.005
0.0,0.005
0.0,0.005
0.0,0.005
0.0,0.005
0.0,0.005
0.0,0.005
0.0,0.005
0.0,0.005
0.0,0.005
0.0,0.005
0.0,0.005
0.0,0.005
0.0,0.005
0.0,0.005
0.0,0.005
0.0,0.005
0.0,0.005
0.0,0.005
0.0,0.005
0.0,0.005
0.0,0.005
0.0,0.005
0.0,0.005
0.0,0.005
0.0,0.005
0.0,0.005
0.0,0.005
0.0,0.005
0.0,0.005
0.0,0.005
0.0,0.005
0.0,0.005
0.0,0.005
0.0,0.005
0.0,0.005
0.0,0.005
0.0,0.005
0.0,0.005
0.0,0.005
0.0,0.005
0.0,0.005
0.0,0.005
0.0,0.005
0.0,0.005
0.0,0.005
0.0,0.005
0.0,0.005
0.0,0.005
0.0,0.005
0.0,0.005
0.0,0.005
0.0,0.005
0.0,0.010
0.0,0.010
0.0,0.010
0.0,0.010
0.0,0.010
0.0,0.010
0.0,0.010
0.0,0.010
0.0,0.010
0.0,0.010
0.0,0.010
0.0,0.010
0.0,0.010
0.0,0.010
0.0,0.010
0.0,0.010
0.0,0.010
0.0,0.010
0.0,0.010
0.0,0.010
0.0,0.010
0.0,0.010
0.0,0.010
0.0,0.010
0.0,0.010
0.0,0.010
0.0,0.010
0.0,0.010
0.0,0.010
0.0,0.010
0.0,0.010
0.0,0.010
0.0,0.010
0.0,0.010
0.0,0.010
0.0,0.010
0.0,0.010
0.0,0.010
0.0,0.010
0.0,0.010
0.0,0.010
0.0,0.010
0.0,0.010
0.0,0.010
0.0,0.010
0.0,0.010
0.0,0.010
0.0,0.010
0.0,0.010
0.0,0.010
0.0,0.010
0.0,0.010
0.0,0.010
0.0,0.010
0.0,0.010
0.0,0.010
0.0,0.010
0.0,0.010
0.0,0.010
0.0,0.010
0.0,0.010
0.0,0.010
0.0,0.010
0.0,0.010
0.0,0.010
0.0,0.010
0.0,0.010
0.0,0.010
0.0,0.010
0.0,0.010
0.0,0.010
0.0,0.010
0.0,0.010
0.0,0.010
0.0,0.010
0.0,0.010
0.0,0.010
0.0,0.010
0.0,0.010
0.0,0.010
0.0,0.010
0.0,0.010
0.0,0.010
0.0,0.010
0.0,0.010
0.0,0.010
0.0,0.010
0.0,0.010
0.0,0.010
0.0,0.010
0.0,0.010
0.0,0.010
0.0,0.010
0.0,0.010
0.0,0.010
0.0,0.010
0.0,0.010
0.0,0.010
0.0,0.010
0.0,0.010
0.0,0.010
0.0,0.010
0.0,0.010
0.0,0.010
0.0,0.010
0.0,0.010
0.0,0.010
0.0,0.010
0.0,0.010
0.0,0.010
0.0,0.010
0.0,0.010
0.0,0.010
0.0,0.010
0.0,0.010
0.0,0.010
0.0,0.010
0.0,0.010
0.0,0.010
0.0,0.010
0.0,0.010
0.0,0.010
0.0,0.010
0.0,0.010
0.0,0.010
0.0,0.010
0.0,0.010
0.0,0.010
0.0,0.010
0.0,0.010
0.0,0.010
0.0,0.010
0.0,0.010
0.0,0.010
0.0,0.010
0.0,0.010
0.0,0.010
0.0,0.010
0.0,0.010
0.0,0.010
0.0,0.010
0.0,0.010
0.0,0.010
0.0,0.010
0.0,0.010
0.0,0.010
0.0,0.010
0.0,0.010
0.0,0.010
0.0,0.010
0.0,0.010
0.0,0.010
0.0,0.010
0.0,0.010
0.0,0.010
0.0,0.010
0.0,0.010
0.0,0.010
0.0,0.010
0.0,0.010
0.0,0.010
0.0,0.010
0.0,0.010
0.0,0.010
0.0,0.010
0.0,0.010
0.0,0.010
0.0,0.010
0.0,0.010
0.0,0.010
0.0,0.010
0.0,0.010
0.0,0.010
0.0,0.010
0.0,0.010
0.0,0.010
0.0,0.010
0.0,0.010
0.0,0.010
0.0,0.010
0.0,0.010
0.0,0.010
0.0,0.010
0.0,0.010
0.0,0.010
0.0,0.010
0.0,0.010
0.0,0.010
0.0,0.010
0.0,0.010
0.0,0.010
0.0,0.010
0.0,0.010
0.0,0.010
0.0,0.010
0.0,0.010
0.0,0.010
0.0,0.010
0.0,0.010
0.0,0.010
0.0,0.010
0.0,0.010
0.0,0.010
0.0,0.010
0.0,0.010
0.0,0.010
0.0,0.010
0.0,0.010
0.0,0.010
0.0,0.010
0.0,0.010
0.0,0.010
0.0,0.010
0.0,0.010
0.0,0.010
0.0,0.010
0.0,0.010
0.0,0.010
0.0,0.010
0.0,0.010
0.0,0.010
0.0,0.010
0.0,0.010
0.0,0.010
0.0,0.010
0.0,0.010
0.0,0.010
0.0,0.010
0.0,0.010
0.0,0.010
0.0,0.010
0.0,0.010
0.0,0.010
0.0,0.010
0.0,0.010
0.0,0.010
0.0,0.010
0.0,0.010
0.0,0.010
0.0,0.010
0.0,0.010
0.0,0.010
0.0,0.010
0.0,0.010
0.0,0.010
0.0,0.010
0.0,0.010
0.0,0.010
0.0,0.010
0.0,0.010
0.0,0.010
0.0,0.010
0.0,0.010
0.0,0.010
0.0,0.010
0.0,0.010
0.0,0.010
0.0,0.010
0.0,0.010
0.0,0.010
0.0,0.010
0.0,0.010
0.0,0.010
0.0,0.010
0.0,0.010
0.0,0.010
0.0,0.010
0.0,0.010
0.0,0.010
0.0,0.010
0.0,0.010
0.0,0.010
0.0,0.010
0.0,0.010
0.0,0.010
0.0,0.010
0.0,0.010
0.0,0.010
0.0,0.015
0.0,0.015
0.0,0.015
0.0,0.015
0.0,0.015
0.0,0.015
0.0,0.015
0.0,0.015
0.0,0.015
0.0,0.015
0.0,0.015
0.0,0.015
0.0,0.015
0.0,0.015
0.0,0.015
0.0,0.015
0.0,0.015
0.0,0.015
0.0,0.015
0.0,0.015
0.0,0.015
0.0,0.015
0.0,0.015
0.0,0.015
0.0,0.015
0.0,0.015
0.0,0.015
0.0,0.015
0.0,0.015
0.0,0.015
0.0,0.015
0.0,0.015
0.0,0.015
0.0,0.015
0.0,0.015
0.0,0.015
0.0,0.015
0.0,0.015
0.0,0.015
0.0,0.015
0.0,0.015
0.0,0.015
0.0,0.015
0.0,0.015
0.0,0.015
0.0,0.015
0.0,0.015
0.0,0.015
0.0,0.015
0.0,0.015
0.0,0.015
0.0,0.015
0.0,0.015
0.0,0.015
0.0,0.015
0.0,0.015
0.0,0.015
0.0,0.015
0.0,0.015
0.1,0.015
0.0,0.015
0.0,0.015
0.0,0.015
0.0,0.015
0.0,0.015
0.0,0.015
0.0,0.015
0.0,0.015
-0.1,0.015
-0.1,0.015
-0.1,0.015
-0.1,0.015
-0.1,0.015
-0.1,0.015
-0.1,0.015
-0.1,0.015
-0.1,0.015
-0.1,0.015
-0.1,0.015
-0.1,0.015
-0.1,0.015
-0.1,0.015
-0.1,0.015
0.0,0.015
0.0,0.015
0.0,0.015
0.0,0.015
0.0,0.015
0.0,0.015
0.0,0.015
-0.1,0.015
-0.1,0.015
-0.1,0.015
-0.1,0.015
-0.1,0.015
-0.1,0.015
-0.1,0.015
0.0,0.015
0.0,0.015
0.0,0.015
0.0,0.015
0.0,0.015
0.0,0.015
0.0,0.015
0.0,0.015
0.0,0.015
0.0,0.015
0.0,0.015
0.0,0.015
0.0,0.015
0.0,0.015
0.0,0.015
0.0,0.015
0.0,0.015
0.0,0.015
0.0,0.015
0.0,0.015
0.0,0.015
0.0,0.015
0.0,0.015
0.0,0.015
0.0,0.015
0.0,0.015
0.0,0.015
0.0,0.015
0.0,0.015
0.0,0.015
0.0,0.015
0.0,0.015
0.0,0.015
0.0,0.015
0.0,0.015
0.0,0.015
0.0,0.015
0.0,0.015
0.0,0.015
0.0,0.015
0.0,0.015
0.0,0.015
0.0,0.015
0.0,0.015
0.0,0.015
0.0,0.015
0.0,0.015
0.0,0.015
0.0,0.015
0.0,0.015
0.0,0.015
0.0,0.015
0.0,0.015
0.0,0.015
0.0,0.015
0.0,0.015
0.0,0.015
0.0,0.015
0.0,0.015
0.0,0.015
0.0,0.015
0.0,0.015
0.0,0.015
0.0,0.015
0.0,0.015
0.0,0.015
0.0,0.015
0.0,0.015
0.0,0.015
0.0,0.015
0.0,0.015
0.0,0.015
0.0,0.015
0.0,0.015
0.0,0.015
0.0,0.015
0.0,0.015
0.0,0.015
0.0,0.015
0.0,0.015
0.0,0.015
0.0,0.015
0.0,0.015
0.0,0.015
0.0,0.015
0.0,0.015
0.0,0.015
0.1,0.015
0.1,0.015
0.0,0.015
0.0,0.015
0.0,0.015
0.0,0.015
0.0,0.015
0.0,0.015
0.0,0.015
0.0,0.015
0.0,0.015
-0.1,0.015
-0.1,0.015
-0.1,0.015
-0.1,0.015
-0.1,0.015
-0.1,0.015
-0.1,0.015
-0.1,0.015
-0.1,0.015
0.0,0.015
0.0,0.015
0.0,0.015
0.0,0.015
0.0,0.015
0.0,0.015
0.0,0.015
0.0,0.015
0.0,0.015
0.0,0.015
0.0,0.015
0.0,0.015
0.0,0.015
0.0,0.020
0.0,0.020
0.0,0.020
0.0,0.020
0.0,0.020
0.0,0.020
0.0,0.020
0.0,0.020
0.0,0.020
0.0,0.020
0.0,0.020
0.0,0.020
0.0,0.020
0.0,0.020
0.0,0.020
0.0,0.020
0.0,0.020
0.0,0.020
0.0,0.020
0.0,0.020
-0.1,0.020
0.0,0.020
0.0,0.020
0.0,0.020
0.0,0.020
0.0,0.020
0.0,0.020
0.0,0.020
0.0,0.020
0.0,0.020
0.0,0.020
0.0,0.020
0.0,0.020
0.0,0.020
0.0,0.020
0.0,0.020
0.0,0.020
0.0,0.020
0.0,0.020
0.0,0.020
0.0,0.020
0.0,0.020
0.0,0.020
0.0,0.020
0.0,0.020
0.0,0.020
0.0,0.020
0.0,0.020
0.0,0.020
0.1,0.020
0.1,0.020
0.1,0.020
0.1,0.020
0.1,0.020
0.0,0.020
0.0,0.020
0.0,0.020
-0.1,0.020
0.0,0.020
0.0,0.020
0.0,0.020
0.0,0.020
0.0,0.020
-0.1,0.020
0.0,0.020
0.0,0.020
0.0,0.020
0.0,0.020
0.0,0.020
0.0,0.020
0.0,0.020
0.0,0.020
0.0,0.020
0.0,0.020
0.0,0.020
0.0,0.020
0.0,0.020
0.0,0.020
0.0,0.020
0.0,0.020
0.0,0.020
0.0,0.020
0.0,0.020
0.0,0.020
0.0,0.020
0.0,0.020
0.0,0.020
0.0,0.020
0.0,0.020
0.0,0.020
0.0,0.020
0.1,0.020
0.1,0.020
0.1,0.020
0.1,0.020
0.0,0.020
0.0,0.020
0.0,0.020
0.0,0.020
0.0,0.020
0.0,0.020
0.0,0.020
0.0,0.020
0.0,0.020
0.0,0.020
0.0,0.020
0.0,0.020
0.0,0.020
0.0,0.020
0.0,0.020
0.0,0.020
0.0,0.020
0.0,0.020
0.0,0.020
0.0,0.020
0.0,0.020
0.0,0.020
0.0,0.020
0.0,0.020
0.0,0.020
0.0,0.020
0.0,0.020
0.0,0.020
-0.1,0.020
-0.1,0.020
-0.1,0.020
0.0,0.020
0.0,0.020
0.0,0.020
0.0,0.020
0.0,0.020
0.0,0.020
0.0,0.020
0.0,0.020
0.0,0.020
0.0,0.020
0.0,0.020
0.0,0.020
0.0,0.020
0.0,0.020
0.0,0.020
0.0,0.020
0.0,0.020
0.0,0.020
0.0,0.020
0.0,0.020
0.0,0.020
0.0,0.020
0.0,0.020
0.0,0.020
0.0,0.020
0.0,0.020
0.0,0.020
0.0,0.020
0.0,0.020
0.0,0.020
0.0,0.020
0.0,0.020
0.0,0.020
0.0,0.020
0.0,0.020
0.0,0.020
0.0,0.020
0.0,0.020
0.0,0.020
0.0,0.020
0.0,0.020
0.0,0.020
0.0,0.020
0.0,0.020
0.0,0.020
0.0,0.020
0.0,0.020
0.0,0.020
0.0,0.020
0.0,0.020
0.0,0.020
0.0,0.020
0.0,0.020
0.0,0.020
0.0,0.020
0.0,0.020
0.0,0.020
0.0,0.020
0.0,0.020
0.0,0.020
0.0,0.020
0.0,0.020
0.0,0.020
0.0,0.020
0.0,0.020
0.0,0.020
0.0,0.020
0.0,0.020
0.0,0.020
0.0,0.020
0.0,0.020
0.0,0.020
0.0,0.020
0.0,0.020
0.0,0.020
0.0,0.020
0.0,0.020
0.0,0.020
0.0,0.020
0.0,0.020
0.0,0.020
0.0,0.020
0.0,0.020
0.0,0.020
0.0,0.020
0.0,0.020
0.0,0.020
0.0,0.020
0.0,0.020
0.0,0.020
0.0,0.020
0.0,0.020
0.0,0.020
0.0,0.025
0.0,0.025
0.0,0.025
0.0,0.025
0.0,0.025
0.0,0.025
0.0,0.025
0.0,0.025
0.0,0.025
0.0,0.025
0.0,0.025
0.0,0.025
0.0,0.025
0.0,0.025
0.0,0.025
0.0,0.025
0.0,0.025
0.0,0.025
0.0,0.025
0.0,0.025
0.0,0.025
0.0,0.025
0.0,0.025
0.0,0.025
0.0,0.025
0.0,0.025
0.0,0.025
0.0,0.025
0.0,0.025
0.0,0.025
0.0,0.025
0.0,0.025
0.0,0.025
0.0,0.025
0.0,0.025
0.0,0.025
0.0,0.025
0.0,0.025
0.0,0.025
0.0,0.025
0.0,0.025
0.0,0.025
0.0,0.025
0.0,0.025
0.0,0.025
0.0,0.025
0.0,0.025
0.0,0.025
0.0,0.025
0.0,0.025
0.0,0.025
0.0,0.025
0.0,0.025
0.0,0.025
0.0,0.025
0.0,0.025
0.0,0.025
0.0,0.025
0.0,0.025
0.0,0.025
0.0,0.025
0.0,0.025
0.0,0.025
0.0,0.025
0.0,0.025
0.0,0.025
0.0,0.025
0.0,0.025
0.0,0.025
0.0,0.025
0.0,0.025
0.0,0.025
0.0,0.025
0.0,0.025
0.0,0.025
0.0,0.025
0.0,0.025
0.0,0.025
0.0,0.025
0.0,0.025
0.0,0.025
0.0,0.025
0.0,0.025
0.0,0.025
0.0,0.025
0.0,0.025
0.0,0.025
0.0,0.025
0.0,0.025
0.0,0.025
0.0,0.025
0.0,0.025
0.0,0.025
0.0,0.025
0.0,0.025
0.0,0.025
0.0,0.025
0.0,0.025
0.0,0.025
0.0,0.025
0.0,0.025
0.0,0.025
0.0,0.025
0.0,0.025
0.0,0.025
0.0,0.025
0.0,0.025
0.0,0.025
0.0,0.025
0.0,0.025
0.0,0.025
0.0,0.025
0.0,0.025
0.0,0.025
0.0,0.025
0.0,0.025
0.0,0.025
0.0,0.025
0.0,0.025
0.0,0.025
0.0,0.025
0.0,0.025
0.0,0.025
0.0,0.025
0.0,0.025
0.0,0.025
0.0,0.025
0.0,0.025
0.0,0.025
0.0,0.025
0.0,0.025
0.0,0.025
0.0,0.025
0.0,0.025
0.0,0.025
0.0,0.025
0.0,0.025
0.0,0.025
0.0,0.025
0.0,0.025
0.0,0.025
0.0,0.025
0.0,0.025
0.0,0.025
0.0,0.025
0.0,0.025
0.0,0.025
0.0,0.025
0.0,0.025
0.0,0.025
0.0,0.025
0.0,0.025
0.0,0.025
0.0,0.025
0.0,0.025
0.0,0.025
0.0,0.025
0.0,0.025
0.0,0.025
0.0,0.025
0.0,0.025
0.0,0.025
0.0,0.025
0.0,0.025
0.0,0.025
0.0,0.025
0.0,0.025
0.0,0.025
0.0,0.025
0.0,0.025
0.0,0.025
0.0,0.025
0.0,0.025
0.0,0.025
0.0,0.025
0.0,0.025
0.0,0.025
0.0,0.025
0.0,0.030
0.0,0.030
0.0,0.030
0.0,0.030
0.0,0.030
0.0,0.030
0.0,0.030
0.0,0.030
0.0,0.030
0.0,0.030
0.0,0.030
0.0,0.030
0.0,0.030
0.0,0.030
0.0,0.030
0.0,0.030
0.0,0.030
0.0,0.030
0.0,0.030
0.0,0.030
-0.1,0.030
-0.1,0.030
-0.1,0.030
-0.1,0.030
-0.1,0.030
-0.1,0.030
0.1,0.030
0.0,0.030
0.0,0.030
0.0,0.030
0.0,0.030
0.0,0.030
0.0,0.030
0.0,0.030
0.0,0.030
0.0,0.030
0.0,0.030
0.0,0.030
0.0,0.030
0.0,0.030
-0.1,0.030
-0.1,0.030
-0.1,0.030
-0.1,0.030
0.0,0.030
0.0,0.030
0.0,0.030
0.0,0.030
0.0,0.030
0.0,0.030
0.0,0.030
0.0,0.030
0.0,0.030
0.0,0.030
0.0,0.030
0.0,0.030
0.0,0.030
0.0,0.030
0.0,0.030
0.0,0.030
0.0,0.030
0.0,0.030
0.0,0.030
0.0,0.030
0.0,0.030
0.1,0.030
0.1,0.030
0.1,0.030
0.1,0.030
0.1,0.030
0.1,0.030
0.1,0.030
0.1,0.030
0.0,0.030
0.0,0.030
0.0,0.030
-0.1,0.030
-0.1,0.030
-0.1,0.030
-0.1,0.030
-0.1,0.030
-0.1,0.030
-0.1,0.030
0.0,0.030
0.0,0.030
0.0,0.030
0.1,0.030
0.1,0.030
0.1,0.030
0.1,0.030
0.1,0.030
0.1,0.030
0.1,0.030
0.1,0.030
-0.1,0.030
-0.1,0.030
-0.1,0.030
0.0,0.030
0.0,0.030
-0.1,0.030
-0.1,0.030
-0.1,0.030
-0.1,0.030
-0.1,0.030
-0.1,0.030
-0.1,0.030
0.0,0.030
0.0,0.030
0.0,0.030
0.0,0.030
0.0,0.030
0.0,0.030
0.0,0.030
0.0,0.030
0.0,0.030
0.0,0.030
0.0,0.030
0.0,0.030
-0.1,0.030
-0.1,0.030
-0.1,0.030
-0.1,0.030
-0.1,0.030
0.0,0.030
0.0,0.030
0.0,0.030
0.0,0.030
0.1,0.030
0.0,0.030
0.0,0.030
0.0,0.030
0.0,0.030
0.0,0.030
0.0,0.030
0.0,0.030
0.0,0.030
0.0,0.030
0.0,0.035
0.0,0.035
0.0,0.035
0.0,0.035
0.0,0.035
0.0,0.035
0.0,0.035
0.0,0.035
0.0,0.035
0.0,0.035
0.0,0.035
0.0,0.035
0.0,0.035
0.0,0.035
0.0,0.035
0.0,0.035
0.0,0.035
0.0,0.035
0.0,0.035
0.0,0.035
0.0,0.035
0.0,0.035
0.0,0.035
0.0,0.035
0.0,0.035
0.0,0.035
0.0,0.035
0.0,0.035
0.0,0.035
0.0,0.035
0.0,0.035
0.0,0.035
0.0,0.035
0.0,0.035
0.0,0.035
0.0,0.035
0.0,0.035
0.0,0.035
0.0,0.035
0.0,0.035
0.0,0.035
0.0,0.035
0.0,0.035
0.0,0.035
0.0,0.035
0.0,0.035
0.0,0.035
0.0,0.035
0.0,0.035
0.0,0.035
0.1,0.035
0.0,0.035
0.0,0.035
0.0,0.035
0.0,0.035
0.0,0.035
0.0,0.035
0.0,0.035
0.0,0.035
0.0,0.035
0.0,0.035
0.0,0.035
0.0,0.035
0.0,0.035
0.0,0.035
0.0,0.035
0.0,0.035
0.0,0.035
0.0,0.035
0.0,0.035
0.0,0.035
0.0,0.035
0.0,0.035
0.0,0.035
0.0,0.035
0.0,0.035
0.0,0.035
0.0,0.035
0.0,0.035
0.0,0.035
0.0,0.035
0.0,0.035
0.0,0.035
0.0,0.035
0.0,0.035
0.0,0.035
0.0,0.035
0.0,0.035
0.0,0.035
0.0,0.035
0.0,0.035
0.0,0.035
0.0,0.035
0.0,0.035
0.0,0.035
0.0,0.035
0.0,0.035
0.0,0.035
0.0,0.035
0.0,0.035
0.0,0.035
0.0,0.035
0.0,0.035
0.0,0.035
0.0,0.035
0.0,0.035
0.0,0.035
0.0,0.035
0.0,0.035
0.0,0.035
0.1,0.035
0.0,0.035
0.0,0.035
0.0,0.035
0.0,0.035
0.1,0.035
0.1,0.035
0.1,0.035
0.1,0.035
0.1,0.040
0.0,0.040
0.0,0.040
0.0,0.040
0.0,0.040
0.0,0.040
0.0,0.040
0.0,0.040
0.0,0.040
0.0,0.040
0.0,0.040
0.0,0.040
0.0,0.040
0.0,0.040
0.0,0.040
0.0,0.040
0.0,0.040
-0.1,0.040
-0.1,0.040
-0.1,0.040
-0.1,0.040
-0.1,0.040
-0.1,0.040
-0.1,0.040
-0.1,0.040
-0.1,0.040
-0.1,0.040
-0.1,0.040
0.0,0.040
0.0,0.040
0.0,0.040
0.0,0.040
0.0,0.040
0.0,0.040
0.0,0.040
0.0,0.040
0.0,0.040
0.0,0.040
0.1,0.040
0.1,0.040
0.1,0.040
0.0,0.040
0.0,0.040
0.0,0.040
0.0,0.040
0.0,0.040
0.0,0.040
0.0,0.040
0.0,0.040
0.0,0.040
0.0,0.040
0.0,0.040
0.0,0.040
0.0,0.040
0.0,0.040
0.0,0.040
0.0,0.040
0.0,0.040
0.0,0.040
0.0,0.040
0.0,0.040
0.0,0.040
0.0,0.040
0.0,0.040
0.0,0.040
0.0,0.040
0.0,0.040
0.0,0.040
0.0,0.040
0.0,0.040
0.0,0.040
0.0,0.040
0.0,0.040
0.0,0.040
0.0,0.040
0.0,0.040
0.0,0.040
0.0,0.040
0.0,0.040
0.0,0.040
0.0,0.040
0.0,0.040
0.0,0.040
0.0,0.040
0.0,0.040
0.0,0.040
0.0,0.040
0.0,0.040
0.0,0.040
0.0,0.040
0.0,0.040
0.0,0.040
0.0,0.040
0.0,0.040
0.0,0.040
0.0,0.040
0.0,0.040
0.0,0.040
0.0,0.040
0.0,0.040
0.0,0.040
0.0,0.040
0.0,0.040
0.0,0.040
0.0,0.040
0.0,0.040
0.0,0.040
0.0,0.040
0.0,0.040
0.0,0.040
0.0,0.040
0.0,0.040
0.0,0.040
0.0,0.040
0.0,0.040
0.0,0.040
0.0,0.045
0.0,0.045
0.0,0.045
0.0,0.045
0.0,0.045
0.0,0.045
0.0,0.045
0.0,0.045
0.0,0.045
0.0,0.045
0.0,0.045
0.0,0.045
0.0,0.045
0.0,0.045
0.0,0.045
0.0,0.045
0.0,0.045
0.0,0.045
0.0,0.045
0.0,0.045
0.0,0.045
0.0,0.045
0.0,0.045
0.0,0.045
0.0,0.045
0.0,0.045
0.0,0.045
0.0,0.045
0.0,0.045
0.0,0.045
0.0,0.045
0.0,0.045
0.0,0.045
0.0,0.045
0.0,0.045
0.0,0.045
0.0,0.045
0.0,0.045
0.0,0.045
0.0,0.045
0.0,0.045
0.0,0.045
0.0,0.045
0.0,0.045
0.0,0.045
0.0,0.045
0.0,0.045
0.0,0.045
0.0,0.045
0.0,0.045
0.0,0.045
0.0,0.045
0.0,0.045
0.0,0.045
0.0,0.045
0.0,0.045
0.0,0.045
0.0,0.045
0.0,0.045
0.0,0.045
0.0,0.045
0.0,0.045
0.0,0.045
0.0,0.045
0.0,0.045
0.0,0.045
0.0,0.045
0.0,0.045
0.0,0.045
0.0,0.045
0.0,0.045
0.0,0.045
0.0,0.045
0.0,0.045
0.0,0.045
0.0,0.045
0.0,0.045
0.0,0.045
0.0,0.045
0.0,0.045
0.0,0.045
0.0,0.045
0.0,0.045
0.0,0.045
0.0,0.045
0.0,0.045
0.0,0.045
0.0,0.045
0.0,0.045
0.0,0.045
0.0,0.045
0.0,0.045
0.0,0.045
0.0,0.045
0.0,0.045
0.0,0.045
0.0,0.045
0.0,0.045
0.0,0.045
0.0,0.045
0.0,0.045
0.0,0.045
0.0,0.045
0.0,0.045
0.0,0.045
0.0,0.045
0.0,0.045
0.0,0.045
0.0,0.045
0.0,0.045
0.0,0.045
0.0,0.045
0.0,0.045
0.0,0.045
0.0,0.045
0.0,0.045
0.0,0.045
0.0,0.045
0.0,0.050
0.0,0.050
0.0,0.050
0.0,0.050
0.0,0.050
0.0,0.050
0.0,0.050
0.0,0.050
0.0,0.050
0.0,0.050
0.0,0.050
0.0,0.050
0.0,0.050
0.0,0.050
0.0,0.050
0.0,0.050
0.0,0.050
0.0,0.050
0.0,0.050
0.0,0.050
0.0,0.050
0.0,0.050
0.0,0.050
0.0,0.050
0.0,0.050
0.0,0.050
0.0,0.050
0.0,0.050
0.0,0.050
0.0,0.050
0.0,0.050
0.0,0.050
0.0,0.050
0.0,0.050
0.0,0.050
0.0,0.050
0.0,0.050
0.0,0.050
0.0,0.050
0.0,0.050
0.0,0.050
0.0,0.050
0.0,0.050
0.0,0.050
0.0,0.050
0.0,0.050
0.0,0.050
0.0,0.050
0.0,0.050
0.0,0.050
0.0,0.050
0.0,0.050
0.0,0.050
0.0,0.050
0.0,0.050
0.0,0.050
0.0,0.050
0.0,0.050
0.0,0.050
0.0,0.050
0.0,0.050
0.0,0.050
0.0,0.050
0.0,0.050
0.0,0.050
0.0,0.050
0.0,0.050
0.0,0.050
0.0,0.050
0.0,0.050
0.0,0.050
0.0,0.050
0.0,0.050
0.0,0.050
0.0,0.050
0.0,0.050
0.0,0.050
0.0,0.050
0.0,0.050
0.0,0.050
0.0,0.050
0.0,0.050
0.0,0.050
0.0,0.050
0.0,0.050
0.0,0.050
0.0,0.050
0.0,0.050
0.0,0.050
0.0,0.050
0.0,0.050
0.0,0.050
0.0,0.050
0.0,0.050
0.0,0.050
0.0,0.050
0.0,0.050
0.0,0.050
0.0,0.050
0.0,0.050
0.0,0.050
0.0,0.050
0.0,0.050
0.0,0.050
0.0,0.050
0.0,0.050
0.0,0.050
0.0,0.050
0.0,0.050
0.0,0.050
0.0,0.050
0.0,0.050
0.0,0.050
0.0,0.050
0.0,0.050
0.0,0.050
0.0,0.050
0.0,0.050
0.0,0.050
0.0,0.050
0.0,0.050
0.0,0.050
0.0,0.050
0.0,0.050
0.0,0.050
0.0,0.055
0.0,0.055
0.0,0.055
0.0,0.055
0.0,0.055
0.0,0.055
0.0,0.055
0.0,0.055
0.0,0.055
0.0,0.055
0.0,0.055
0.0,0.055
0.0,0.055
0.0,0.055
0.0,0.055
0.0,0.055
0.0,0.055
0.0,0.055
0.0,0.055
0.0,0.055
0.0,0.055
0.0,0.055
0.0,0.055
0.0,0.055
0.0,0.055
0.0,0.055
0.0,0.055
0.0,0.055
0.0,0.055
0.0,0.055
0.0,0.055
0.0,0.055
0.0,0.055
0.0,0.055
0.0,0.055
0.0,0.055
0.0,0.055
0.0,0.055
0.0,0.055
0.0,0.055
0.0,0.055
0.0,0.055
0.0,0.055
0.0,0.055
0.0,0.055
0.0,0.055
0.0,0.055
0.0,0.055
0.0,0.055
0.0,0.055
0.0,0.055
0.0,0.055
0.0,0.055
0.0,0.055
0.0,0.055
0.0,0.055
0.0,0.055
0.0,0.055
0.0,0.055
0.0,0.055
0.0,0.055
0.0,0.055
0.0,0.055
0.0,0.055
0.0,0.055
0.0,0.055
0.0,0.055
0.0,0.055
0.0,0.055
0.0,0.055
0.0,0.055
0.0,0.055
0.0,0.055
0.0,0.055
0.0,0.055
0.0,0.055
0.0,0.055
0.0,0.055
0.0,0.055
0.0,0.055
0.0,0.055
0.0,0.055
0.0,0.055
0.0,0.055
0.0,0.055
0.0,0.055
0.0,0.055
0.0,0.055
0.0,0.055
0.0,0.055
0.0,0.055
0.0,0.055
0.0,0.055
0.0,0.055
0.0,0.055
0.0,0.055
0.0,0.055
0.0,0.055
0.0,0.055
0.0,0.055
0.0,0.055
0.0,0.055
0.0,0.055
0.0,0.055
0.0,0.055
0.0,0.055
0.0,0.055
0.0,0.055
0.0,0.055
0.0,0.055
0.0,0.055
0.0,0.055
0.0,0.055
0.0,0.055
0.0,0.055
0.0,0.055
0.0,0.055
0.0,0.055
0.0,0.055
0.0,0.055
0.0,0.060
0.0,0.060
0.0,0.060
0.0,0.060
0.0,0.060
0.0,0.060
0.0,0.060
0.0,0.060
0.0,0.060
0.0,0.060
0.0,0.060
0.0,0.060
0.0,0.060
0.0,0.060
0.0,0.060
0.0,0.060
0.0,0.060
0.0,0.060
0.0,0.060
0.0,0.060
0.0,0.060
0.0,0.060
0.0,0.060
0.0,0.060
0.0,0.060
0.0,0.060
0.0,0.060
0.0,0.060
0.0,0.060
0.0,0.060
0.0,0.060
0.0,0.060
0.0,0.060
0.0,0.060
0.0,0.060
0.0,0.060
0.0,0.060
0.0,0.060
0.0,0.060
0.0,0.060
0.0,0.060
0.0,0.060
0.0,0.060
0.0,0.060
0.0,0.060
0.0,0.060
0.0,0.060
0.0,0.060
0.0,0.060
0.0,0.060
0.0,0.060
0.0,0.060
0.0,0.060
0.0,0.060
0.0,0.060
0.0,0.060
0.0,0.060
0.0,0.060
0.0,0.060
0.0,0.060
0.0,0.060
0.0,0.060
0.0,0.060
0.0,0.060
-0.1,0.060
-0.1,0.060
-0.1,0.060
-0.1,0.060
-0.1,0.060
-0.1,0.060
0.0,0.060
0.0,0.060
0.0,0.060
0.0,0.060
0.0,0.060
0.0,0.060
0.0,0.060
0.0,0.060
0.0,0.060
0.0,0.060
0.0,0.060
0.0,0.060
0.0,0.060
0.0,0.060
0.0,0.060
0.0,0.060
0.0,0.060
0.0,0.060
0.0,0.060
0.0,0.060
0.0,0.060
0.0,0.060
0.0,0.060
0.0,0.060
0.0,0.060
0.0,0.060
0.0,0.060
0.0,0.060
0.0,0.060
0.0,0.060
0.0,0.060
0.0,0.060
0.0,0.060
0.0,0.060
0.0,0.060
0.0,0.065
0.0,0.065
0.0,0.065
0.0,0.065
0.0,0.065
0.0,0.065
0.0,0.065
0.0,0.065
0.0,0.065
0.0,0.065
0.0,0.065
0.0,0.065
0.0,0.065
0.0,0.065
0.0,0.065
0.0,0.065
0.0,0.065
0.0,0.065
0.0,0.065
0.0,0.065
0.0,0.065
0.1,0.065
0.0,0.065
0.0,0.065
0.0,0.065
0.0,0.065
0.0,0.065
0.0,0.065
0.0,0.065
0.0,0.065
0.0,0.065
0.0,0.065
0.0,0.065
0.0,0.065
0.0,0.065
0.0,0.065
0.0,0.065
0.0,0.065
0.0,0.065
0.0,0.065
0.0,0.065
0.0,0.065
0.0,0.065
0.0,0.065
0.0,0.065
0.0,0.065
0.0,0.065
0.0,0.065
0.0,0.065
0.0,0.065
0.0,0.065
0.0,0.065
0.0,0.065
0.0,0.065
0.0,0.065
0.0,0.065
0.0,0.065
0.0,0.065
0.0,0.065
0.0,0.065
0.0,0.065
0.0,0.065
0.0,0.065
0.0,0.065
0.0,0.065
0.0,0.065
0.0,0.065
0.0,0.065
0.0,0.065
0.0,0.065
0.0,0.065
0.0,0.065
0.0,0.065
0.0,0.065
0.0,0.065
0.0,0.065
0.0,0.065
0.0,0.065
0.0,0.065
0.0,0.065
0.0,0.065
0.0,0.065
0.0,0.065
0.0,0.065
0.0,0.065
0.0,0.065
0.0,0.065
0.0,0.065
0.0,0.065
0.0,0.065
0.0,0.065
0.0,0.065
0.0,0.065
0.0,0.065
0.0,0.065
0.0,0.065
0.0,0.065
0.0,0.065
0.0,0.065
0.0,0.065
0.0,0.065
0.0,0.065
0.0,0.065
0.0,0.065
0.0,0.065
0.0,0.065
0.0,0.065
0.0,0.065
0.0,0.065
0.0,0.065
0.0,0.065
0.0,0.065
0.0,0.065
0.0,0.070
0.0,0.070
0.0,0.070
0.0,0.070
0.0,0.070
0.0,0.070
0.0,0.070
0.0,0.070
0.0,0.070
0.0,0.070
0.0,0.070
0.0,0.070
0.0,0.070
0.0,0.070
0.0,0.070
0.0,0.070
0.0,0.070
0.0,0.070
0.0,0.070
0.0,0.070
0.0,0.070
0.0,0.070
0.0,0.070
0.0,0.070
0.0,0.070
0.0,0.070
0.0,0.070
0.0,0.070
0.0,0.070
0.0,0.070
0.0,0.070
0.0,0.070
0.0,0.070
0.0,0.070
0.0,0.070
0.0,0.070
0.0,0.070
0.0,0.070
0.0,0.070
0.0,0.070
0.0,0.070
0.0,0.070
0.0,0.070
0.0,0.070
-0.1,0.070
-0.1,0.070
-0.1,0.070
-0.1,0.070
-0.1,0.070
-0.1,0.070
0.0,0.070
0.0,0.070
0.0,0.070
0.0,0.070
0.0,0.070
0.0,0.070
0.0,0.070
0.0,0.070
0.0,0.070
0.0,0.070
0.0,0.070
0.0,0.070
0.0,0.070
0.0,0.070
0.0,0.070
0.0,0.070
0.0,0.070
0.0,0.070
0.0,0.070
0.0,0.070
0.0,0.070
0.0,0.070
0.0,0.070
0.0,0.070
0.0,0.070
0.0,0.070
0.0,0.070
0.0,0.070
0.0,0.070
0.0,0.070
0.0,0.070
0.0,0.070
0.0,0.070
0.0,0.070
0.0,0.070
0.0,0.070
0.0,0.070
0.0,0.070
0.0,0.070
0.0,0.070
0.0,0.070
0.0,0.070
0.0,0.070
0.0,0.070
0.0,0.070
0.0,0.070
0.0,0.070
0.0,0.070
0.0,0.070
0.0,0.070
0.0,0.070
0.0,0.070
0.0,0.070
0.0,0.070
0.0,0.070
0.0,0.070
0.0,0.070
0.0,0.070
0.0,0.070
0.0,0.070
0.0,0.070
0.0,0.070
0.0,0.075
0.0,0.075
0.0,0.075
0.0,0.075
0.0,0.075
0.0,0.075
0.0,0.075
0.0,0.075
0.0,0.075
0.0,0.075
0.0,0.075
0.0,0.075
0.0,0.075
0.0,0.075
0.0,0.075
0.0,0.075
0.0,0.075
0.0,0.075
0.0,0.075
0.0,0.075
0.0,0.075
0.0,0.075
0.0,0.075
0.0,0.075
0.0,0.075
0.0,0.075
0.0,0.075
0.0,0.075
0.0,0.075
0.0,0.075
0.0,0.075
0.0,0.075
0.0,0.075
0.0,0.075
0.0,0.075
0.0,0.075
0.0,0.075
0.0,0.075
0.0,0.075
0.0,0.075
0.0,0.075
0.0,0.075
0.0,0.075
0.0,0.075
0.0,0.075
0.0,0.075
0.0,0.075
0.0,0.075
0.0,0.075
0.0,0.075
0.0,0.075
0.0,0.075
0.0,0.075
0.0,0.075
0.0,0.075
0.0,0.075
0.0,0.075
0.0,0.075
0.0,0.075
0.0,0.075
0.0,0.075
0.0,0.075
0.0,0.075
0.0,0.075
0.0,0.075
0.0,0.075
0.0,0.075
0.0,0.075
0.0,0.075
0.0,0.075
0.0,0.075
0.0,0.075
0.0,0.075
0.0,0.075
0.0,0.075
0.0,0.075
0.0,0.075
0.0,0.075
0.0,0.075
0.0,0.075
0.0,0.075
0.0,0.075
0.0,0.075
0.0,0.075
0.0,0.075
0.0,0.075
0.0,0.075
0.0,0.075
0.0,0.075
0.0,0.075
0.0,0.075
0.0,0.075
0.0,0.075
0.0,0.075
0.0,0.075
0.0,0.075
0.0,0.075
0.0,0.075
0.0,0.075
0.0,0.075
0.0,0.075
0.0,0.075
0.0,0.075
0.0,0.075
0.0,0.075
0.0,0.075
0.0,0.075
0.0,0.075
0.0,0.075
0.0,0.080
0.0,0.080
0.0,0.080
0.0,0.080
0.0,0.080
0.0,0.080
0.0,0.080
0.0,0.080
0.0,0.080
0.0,0.080
0.0,0.080
0.0,0.080
0.0,0.080
0.0,0.080
0.0,0.080
0.0,0.080
0.0,0.080
0.0,0.080
0.0,0.080
0.0,0.080
0.0,0.080
0.0,0.080
0.0,0.080
0.0,0.080
0.0,0.080
0.0,0.080
0.0,0.080
0.0,0.080
0.0,0.080
0.0,0.080
0.0,0.080
0.0,0.080
0.0,0.080
0.0,0.080
0.0,0.080
0.0,0.080
0.0,0.080
0.0,0.080
0.0,0.080
-0.1,0.080
-0.1,0.080
-0.1,0.080
-0.1,0.080
-0.1,0.080
-0.1,0.080
-0.1,0.080
0.0,0.080
0.0,0.080
0.0,0.080
0.0,0.080
0.0,0.080
0.0,0.080
0.0,0.080
0.0,0.080
0.0,0.080
-0.1,0.080
-0.1,0.080
-0.1,0.080
-0.1,0.080
-0.1,0.080
-0.1,0.080
-0.1,0.080
-0.1,0.080
-0.1,0.080
-0.1,0.080
-0.1,0.080
0.0,0.080
0.0,0.080
0.0,0.080
0.0,0.080
0.0,0.080
0.0,0.080
0.0,0.080
0.0,0.080
0.0,0.080
0.0,0.080
0.0,0.080
0.0,0.080
0.0,0.080
0.0,0.080
0.0,0.080
0.0,0.080
0.0,0.080
0.0,0.080
0.0,0.080
0.0,0.080
0.0,0.080
0.0,0.080
0.0,0.080
0.0,0.080
0.0,0.080
0.0,0.080
0.0,0.080
0.0,0.080
0.0,0.080
0.0,0.080
0.0,0.080
0.0,0.080
0.0,0.080
0.0,0.080
0.0,0.080
0.0,0.080
0.0,0.085
0.0,0.085
0.0,0.085
0.0,0.085
0.0,0.085
0.0,0.085
0.0,0.085
0.0,0.085
0.0,0.085
0.0,0.085
0.0,0.085
-0.1,0.085
0.0,0.085
-0.1,0.085
-0.1,0.085
-0.1,0.085
-0.1,0.085
-0.1,0.085
-0.1,0.085
-0.1,0.085
-0.1,0.085
-0.1,0.085
-0.1,0.085
0.0,0.085
0.0,0.085
0.0,0.085
0.1,0.085
0.0,0.085
0.0,0.085
0.0,0.085
0.0,0.085
0.0,0.085
0.0,0.085
0.0,0.085
0.0,0.085
0.0,0.085
0.0,0.085
0.0,0.085
0.0,0.085
0.0,0.085
0.0,0.085
0.0,0.085
0.0,0.085
0.0,0.085
0.0,0.085
0.0,0.085
0.0,0.085
0.0,0.085
0.0,0.085
0.0,0.085
0.0,0.085
0.0,0.085
0.0,0.085
0.0,0.085
0.0,0.085
0.0,0.085
0.0,0.085
0.0,0.085
0.0,0.085
0.0,0.085
0.0,0.085
0.0,0.085
0.0,0.085
0.0,0.085
0.1,0.085
0.1,0.085
0.1,0.085
0.1,0.085
0.1,0.085
0.1,0.085
0.1,0.085
0.0,0.085
0.1,0.085
-0.1,0.085
-0.1,0.085
-0.1,0.085
-0.1,0.085
-0.1,0.085
-0.1,0.085
-0.1,0.085
-0.1,0.085
-0.1,0.085
-0.1,0.085
-0.1,0.085
-0.1,0.085
-0.1,0.085
0.0,0.085
0.0,0.085
0.0,0.085
0.0,0.085
0.0,0.085
0.0,0.085
0.0,0.085
0.0,0.085
0.0,0.085
0.0,0.085
0.0,0.085
0.0,0.085
0.0,0.085
0.0,0.085
0.0,0.085
0.0,0.085
0.0,0.090
0.0,0.090
0.0,0.090
0.0,0.090
0.0,0.090
0.0,0.090
0.0,0.090
0.0,0.090
0.0,0.090
0.0,0.090
0.0,0.090
0.0,0.090
0.0,0.090
0.0,0.090
0.0,0.090
-0.1,0.090
-0.1,0.090
-0.1,0.090
-0.1,0.090
-0.1,0.090
-0.1,0.090
0.0,0.090
0.0,0.090
0.0,0.090
0.0,0.090
0.0,0.090
0.0,0.090
0.0,0.090
0.0,0.090
0.0,0.090
0.0,0.090
0.0,0.090
-0.1,0.090
-0.1,0.090
-0.1,0.090
-0.1,0.090
-0.1,0.090
-0.1,0.090
-0.1,0.090
-0.1,0.090
-0.1,0.090
0.0,0.090
0.0,0.090
0.0,0.090
0.0,0.090
0.0,0.090
0.0,0.090
0.0,0.090
0.0,0.090
0.0,0.090
0.0,0.090
0.0,0.090
0.0,0.090
0.0,0.090
0.0,0.090
0.0,0.090
0.0,0.090
0.0,0.090
0.0,0.090
0.0,0.090
0.0,0.090
0.0,0.090
0.0,0.090
0.0,0.090
0.0,0.090
0.0,0.090
0.0,0.090
0.0,0.090
0.0,0.090
0.0,0.090
0.0,0.090
0.0,0.090
-0.1,0.090
-0.1,0.090
0.0,0.090
0.0,0.090
0.0,0.090
0.0,0.090
0.0,0.090
0.0,0.090
0.0,0.090
0.0,0.090
0.0,0.090
0.0,0.090
0.0,0.090
0.0,0.090
0.0,0.090
0.0,0.090
0.0,0.090
0.0,0.090
0.0,0.090
0.0,0.090
0.0,0.090
0.0,0.090
-0.1,0.090
0.0,0.090
0.0,0.090
0.0,0.090
0.0,0.090
0.0,0.090
0.0,0.090
0.0,0.090
0.0,0.090
0.0,0.095
0.0,0.095
0.0,0.095
0.0,0.095
0.0,0.095
0.0,0.095
0.0,0.095
0.0,0.095
0.0,0.095
0.0,0.095
0.0,0.095
0.0,0.095
0.0,0.095
0.0,0.095
0.0,0.095
0.0,0.095
0.0,0.095
0.0,0.095
0.0,0.095
0.0,0.095
0.0,0.095
0.0,0.095
0.0,0.095
0.0,0.095
0.0,0.095
0.0,0.095
0.0,0.095
0.0,0.095
0.0,0.095
0.0,0.095
0.0,0.095
0.0,0.095
0.0,0.095
0.0,0.095
0.0,0.095
0.0,0.095
0.0,0.095
0.0,0.095
0.0,0.095
0.0,0.095
0.0,0.095
0.0,0.095
0.0,0.095
0.0,0.095
0.0,0.095
0.0,0.095
0.0,0.095
0.0,0.095
0.0,0.095
0.0,0.095
0.0,0.095
0.0,0.095
0.0,0.095
0.0,0.095
0.0,0.095
0.0,0.095
0.0,0.095
0.0,0.095
0.0,0.095
0.0,0.095
0.0,0.095
0.0,0.095
0.0,0.095
0.0,0.095
0.0,0.095
0.0,0.095
0.0,0.095
0.0,0.095
0.0,0.095
0.0,0.095
0.0,0.095
0.0,0.095
0.0,0.095
0.0,0.095
0.0,0.095
0.0,0.095
0.0,0.095
0.0,0.095
0.0,0.095
0.0,0.095
0.0,0.095
0.0,0.095
0.0,0.095
0.0,0.095
0.0,0.095
0.0,0.095
0.0,0.095
0.0,0.095
0.0,0.095
0.0,0.095
0.0,0.095
0.0,0.095
0.0,0.095
0.0,0.095
0.0,0.095
0.0,0.095
0.0,0.100
0.0,0.100
0.0,0.100
0.0,0.100
0.0,0.100
0.0,0.100
0.0,0.100
0.0,0.100
0.0,0.100
0.0,0.100
0.0,0.100
0.0,0.100
0.0,0.100
0.0,0.100
0.0,0.100
0.0,0.100
0.0,0.100
0.0,0.100
0.0,0.100
0.0,0.100
0.0,0.100
0.0,0.100
0.0,0.100
0.0,0.100
0.0,0.100
0.0,0.100
0.0,0.100
0.0,0.100
0.0,0.100
0.0,0.100
0.0,0.100
0.0,0.100
0.0,0.100
0.0,0.100
0.0,0.100
0.0,0.100
0.0,0.100
0.0,0.100
0.0,0.100
0.0,0.100
0.0,0.100
0.0,0.100
0.0,0.100
0.0,0.100
0.0,0.100
0.0,0.100
0.0,0.100
0.0,0.100
0.0,0.100
0.0,0.100
0.0,0.100
0.0,0.100
0.0,0.100
0.0,0.100
0.0,0.100
0.0,0.100
0.0,0.100
0.0,0.100
0.0,0.100
0.0,0.100
0.0,0.100
0.0,0.100
0.0,0.100
0.0,0.100
0.0,0.100
0.0,0.100
0.0,0.100
0.0,0.100
0.0,0.100
0.0,0.100
0.0,0.100
0.0,0.100
0.0,0.100
0.0,0.100
0.0,0.100
0.0,0.100
0.0,0.100
0.0,0.100
0.0,0.100
0.0,0.100
0.0,0.100
0.0,0.100
0.0,0.100
0.0,0.100
0.0,0.100
0.0,0.100
0.0,0.100
0.0,0.100
0.0,0.100
0.0,0.100
0.0,0.100
0.0,0.100
0.0,0.100
0.0,0.100
0.0,0.100
0.0,0.100
0.0,0.100
0.0,0.100
0.0,0.100
0.0,0.100
0.0,0.100
0.0,0.100
0.0,0.100
0.0,0.100
0.0,0.100
0.0,0.100
0.0,0.100
0.0,0.100
0.0,0.100
0.0,0.100
0.0,0.100
0.0,0.100
0.0,0.100
0.0,0.105
0.0,0.105
0.0,0.105
0.0,0.105
0.0,0.105
0.0,0.105
0.0,0.105
0.0,0.105
0.0,0.105
0.0,0.105
0.0,0.105
0.0,0.105
0.0,0.105
0.0,0.105
0.0,0.105
0.0,0.105
0.0,0.105
0.0,0.105
0.0,0.105
0.0,0.105
0.0,0.105
0.0,0.105
0.0,0.105
0.0,0.105
0.0,0.105
0.1,0.105
0.1,0.105
0.1,0.105
0.1,0.105
0.1,0.105
0.1,0.105
0.1,0.105
0.0,0.105
0.0,0.105
0.0,0.105
0.0,0.105
0.0,0.105
0.0,0.105
0.0,0.105
0.0,0.105
0.0,0.105
0.0,0.105
0.0,0.105
0.0,0.105
0.0,0.105
0.0,0.105
0.0,0.105
0.0,0.105
0.0,0.105
0.0,0.105
0.0,0.105
0.0,0.105
0.0,0.105
0.0,0.105
0.0,0.105
0.0,0.105
0.0,0.105
0.0,0.105
0.0,0.105
0.0,0.105
0.0,0.105
0.0,0.105
0.0,0.105
0.0,0.105
0.0,0.105
0.0,0.105
0.0,0.105
0.0,0.105
0.0,0.105
0.0,0.105
0.0,0.105
0.0,0.105
0.0,0.105
0.0,0.105
0.0,0.105
0.0,0.105
0.0,0.105
0.0,0.105
0.0,0.105
0.0,0.105
0.0,0.105
0.0,0.105
0.0,0.105
0.0,0.105
0.0,0.105
0.0,0.105
0.0,0.105
0.0,0.105
0.0,0.105
0.0,0.105
0.0,0.105
0.0,0.105
0.0,0.105
0.0,0.105
0.0,0.105
0.0,0.105
0.0,0.105
0.0,0.105
0.0,0.105
0.0,0.105
0.0,0.105
0.0,0.105
0.0,0.105
0.0,0.105
0.0,0.105
0.0,0.105
0.0,0.105
0.0,0.105
0.0,0.105
0.0,0.105
0.0,0.105
0.0,0.105
0.0,0.105
0.0,0.105
0.0,0.105
0.0,0.105
0.0,0.105
0.0,0.105
0.0,0.105
0.0,0.110
0.0,0.110
0.0,0.110
0.0,0.110
0.0,0.110
0.0,0.110
0.0,0.110
0.0,0.110
0.0,0.110
0.0,0.110
0.0,0.110
0.0,0.110
0.0,0.110
0.0,0.110
0.0,0.110
0.0,0.110
0.0,0.110
0.0,0.110
0.0,0.110
0.0,0.110
0.0,0.110
0.0,0.110
0.0,0.110
0.0,0.110
0.0,0.110
0.0,0.110
0.0,0.110
0.0,0.110
0.0,0.110
0.0,0.110
0.0,0.110
0.0,0.110
0.0,0.110
0.0,0.110
0.0,0.110
0.0,0.110
0.0,0.110
0.0,0.110
0.0,0.110
0.0,0.110
0.0,0.110
0.0,0.110
0.0,0.110
0.0,0.110
0.0,0.110
0.0,0.110
0.0,0.110
0.0,0.110
0.0,0.110
0.0,0.110
0.0,0.110
0.0,0.110
0.0,0.110
0.0,0.110
0.0,0.110
0.0,0.110
0.0,0.110
0.0,0.110
0.0,0.110
0.0,0.110
0.0,0.110
0.0,0.110
0.0,0.110
0.0,0.110
0.0,0.110
0.0,0.110
0.0,0.110
0.0,0.110
0.0,0.110
0.0,0.110
0.0,0.110
0.0,0.110
0.0,0.110
0.0,0.110
0.0,0.110
0.0,0.110
0.0,0.110
0.0,0.110
0.0,0.110
0.0,0.110
0.0,0.110
0.0,0.110
0.0,0.110
0.0,0.110
0.0,0.110
0.0,0.110
0.0,0.110
0.0,0.110
0.0,0.110
0.0,0.110
0.0,0.110
0.0,0.110
0.0,0.110
0.0,0.110
0.0,0.110
0.0,0.110
0.0,0.110
0.0,0.110
0.0,0.110
0.0,0.110
0.0,0.110
0.0,0.110
0.0,0.110
0.0,0.110
0.0,0.110
0.0,0.110
0.0,0.110
0.0,0.110
0.0,0.110
0.0,0.110
0.0,0.110
0.0,0.110
0.0,0.115
0.0,0.115
0.0,0.115
0.0,0.115
0.0,0.115
0.0,0.115
0.0,0.115
0.0,0.115
0.0,0.115
0.0,0.115
0.0,0.115
0.0,0.115
0.0,0.115
0.0,0.115
0.0,0.115
0.0,0.115
0.0,0.115
0.0,0.115
0.0,0.115
0.0,0.115
0.0,0.115
0.0,0.115
0.0,0.115
0.0,0.115
0.0,0.115
0.0,0.115
0.0,0.115
0.0,0.115
0.0,0.115
0.0,0.115
0.0,0.115
0.0,0.115
0.0,0.115
0.0,0.115
0.0,0.115
0.0,0.115
0.0,0.115
0.0,0.115
0.0,0.115
0.0,0.115
0.0,0.115
0.0,0.115
0.0,0.115
0.0,0.115
0.0,0.115
0.0,0.115
0.0,0.115
0.0,0.115
0.0,0.115
0.0,0.115
0.0,0.115
0.0,0.115
0.0,0.115
0.0,0.115
0.0,0.115
0.0,0.115
0.0,0.115
0.0,0.115
0.0,0.115
0.0,0.115
0.0,0.115
0.0,0.115
0.0,0.115
0.0,0.115
0.0,0.115
0.0,0.115
0.0,0.115
0.0,0.115
0.0,0.115
0.0,0.115
0.0,0.115
0.0,0.115
0.0,0.115
0.0,0.115
0.1,0.115
0.0,0.115
0.0,0.115
0.0,0.115
0.0,0.115
0.1,0.115
0.1,0.115
0.1,0.115
0.1,0.115
0.1,0.115
0.1,0.115
0.1,0.115
0.1,0.115
0.1,0.115
0.1,0.115
0.0,0.115
0.0,0.115
0.0,0.115
0.0,0.115
0.0,0.115
0.0,0.115
0.0,0.115
0.0,0.115
0.0,0.115
0.0,0.115
0.0,0.115
0.0,0.115
0.0,0.115
0.0,0.115
0.0,0.115
0.0,0.115
0.0,0.115
0.0,0.115
0.0,0.115
0.0,0.115
0.0,0.115
0.0,0.115
0.0,0.115
0.0,0.120
0.0,0.120
0.0,0.120
0.0,0.120
0.0,0.120
0.0,0.120
0.0,0.120
0.0,0.120
0.0,0.120
0.0,0.120
0.0,0.120
0.0,0.120
0.0,0.120
0.0,0.120
0.0,0.120
0.0,0.120
0.0,0.120
0.0,0.120
0.0,0.120
0.0,0.120
0.0,0.120
0.0,0.120
0.0,0.120
0.0,0.120
0.0,0.120
0.0,0.120
0.0,0.120
0.0,0.120
0.0,0.120
0.1,0.120
0.0,0.120
0.0,0.120
0.0,0.120
0.0,0.120
0.0,0.120
0.0,0.120
0.0,0.120
0.0,0.120
0.0,0.120
0.0,0.120
0.0,0.120
0.0,0.120
0.0,0.120
0.0,0.120
0.0,0.120
0.0,0.120
0.0,0.120
0.0,0.120
0.0,0.120
0.0,0.120
0.0,0.120
0.0,0.120
0.0,0.120
0.0,0.120
0.0,0.120
0.0,0.120
0.0,0.120
0.0,0.120
0.0,0.120
0.0,0.120
0.0,0.120
0.0,0.120
0.0,0.120
0.0,0.120
0.0,0.120
0.0,0.120
0.0,0.120
0.0,0.120
0.0,0.120
0.0,0.120
0.0,0.120
0.0,0.120
0.0,0.120
0.0,0.120
0.0,0.120
0.0,0.120
0.0,0.120
0.0,0.120
0.0,0.120
0.0,0.120
0.0,0.120
0.0,0.120
0.0,0.120
0.0,0.120
0.0,0.120
0.0,0.120
0.0,0.120
0.0,0.120
0.0,0.120
0.0,0.120
0.0,0.120
0.0,0.120
0.0,0.120
0.0,0.120
0.0,0.120
0.0,0.120
0.0,0.120
0.0,0.120
0.0,0.125
0.0,0.125
0.0,0.125
0.0,0.125
0.0,0.125
0.0,0.125
0.0,0.125
0.0,0.125
0.0,0.125
0.0,0.125
0.0,0.125
0.0,0.125
0.0,0.125
0.0,0.125
0.0,0.125
0.0,0.125
0.0,0.125
0.0,0.125
0.0,0.125
0.0,0.125
0.0,0.125
0.0,0.125
0.0,0.125
0.0,0.125
0.0,0.125
0.0,0.125
0.0,0.125
0.0,0.125
0.0,0.125
0.0,0.125
0.0,0.125
0.0,0.125
0.0,0.125
0.0,0.125
0.0,0.125
0.0,0.125
0.0,0.125
0.0,0.125
0.0,0.125
0.0,0.125
0.0,0.125
0.0,0.125
0.0,0.125
0.0,0.125
0.0,0.125
0.0,0.125
0.0,0.125
0.0,0.125
0.0,0.125
0.0,0.125
0.0,0.125
0.0,0.125
0.0,0.125
0.0,0.125
0.0,0.125
0.0,0.125
0.0,0.125
0.0,0.125
0.0,0.125
0.0,0.125
0.0,0.125
0.0,0.125
0.0,0.125
0.0,0.125
0.0,0.125
0.0,0.125
0.0,0.125
0.0,0.125
0.0,0.125
0.0,0.125
0.0,0.125
0.0,0.125
0.0,0.125
0.0,0.125
0.0,0.125
0.0,0.125
0.0,0.125
0.0,0.125
0.0,0.125
0.0,0.125
0.0,0.125
0.0,0.125
0.0,0.125
0.0,0.125
0.0,0.125
0.0,0.125
0.0,0.125
0.0,0.125
0.0,0.125
0.0,0.125
0.0,0.125
0.0,0.125
0.0,0.125
0.0,0.125
0.0,0.125
0.0,0.125
0.0,0.125
0.0,0.125
0.0,0.125
0.0,0.125
0.0,0.125
0.0,0.125
0.0,0.125
0.0,0.125
0.0,0.125
0.0,0.125
0.0,0.125
0.0,0.125
0.0,0.125
0.0,0.125
0.0,0.125
0.0,0.125
0.0,0.125
0.0,0.130
0.0,0.130
0.0,0.130
0.0,0.130
0.0,0.130
0.0,0.130
0.0,0.130
0.0,0.130
0.0,0.130
0.0,0.130
0.0,0.130
0.0,0.130
0.0,0.130
0.0,0.130
0.0,0.130
0.0,0.130
0.0,0.130
0.0,0.130
0.0,0.130
0.0,0.130
0.0,0.130
0.0,0.130
0.0,0.130
0.0,0.130
0.0,0.130
0.0,0.130
0.0,0.130
0.0,0.130
0.0,0.130
0.0,0.130
0.0,0.130
0.0,0.130
0.0,0.130
0.0,0.130
0.0,0.130
0.0,0.130
0.0,0.130
0.0,0.130
0.0,0.130
0.0,0.130
0.0,0.130
0.0,0.130
0.0,0.130
0.0,0.130
0.0,0.130
0.0,0.130
0.0,0.130
0.0,0.130
0.0,0.130
0.0,0.130
0.0,0.130
0.0,0.130
0.0,0.130
0.0,0.130
0.0,0.130
0.0,0.130
0.0,0.130
0.0,0.130
0.0,0.130
0.0,0.130
0.0,0.130
0.0,0.130
0.0,0.130
0.0,0.130
0.0,0.130
0.0,0.130
0.0,0.130
0.0,0.130
0.0,0.130
0.0,0.130
0.0,0.130
0.0,0.130
0.0,0.130
0.0,0.130
0.0,0.130
0.0,0.130
0.0,0.130
0.0,0.130
0.0,0.130
0.0,0.130
0.0,0.130
0.0,0.130
0.0,0.130
0.0,0.130
0.0,0.130
0.0,0.130
0.0,0.130
0.0,0.130
0.0,0.130
0.0,0.130
0.0,0.130
0.0,0.130
0.0,0.130
0.0,0.130
0.0,0.130
0.0,0.130
0.0,0.130
0.0,0.130
0.0,0.130
0.0,0.130
0.0,0.130
0.0,0.130
0.0,0.130
0.0,0.130
0.0,0.130
0.0,0.130
0.0,0.130
0.0,0.130
0.0,0.130
0.0,0.130
0.0,0.130
0.0,0.130
0.0,0.130
0.0,0.130
0.1,0.130
0.1,0.130
0.1,0.130
0.0,0.130
0.0,0.130
0.0,0.130
0.0,0.130
0.0,0.130
0.0,0.130
0.0,0.130
0.0,0.130
0.0,0.130
0.0,0.135
0.0,0.135
0.0,0.135
0.0,0.135
0.0,0.135
0.0,0.135
0.0,0.135
0.0,0.135
0.0,0.135
0.0,0.135
0.0,0.135
0.0,0.135
0.0,0.135
0.0,0.135
0.0,0.135
0.0,0.135
0.0,0.135
0.0,0.135
0.0,0.135
0.0,0.135
0.0,0.135
0.0,0.135
0.0,0.135
0.0,0.135
0.0,0.135
0.0,0.135
0.0,0.135
0.0,0.135
0.0,0.135
0.0,0.135
0.0,0.135
0.0,0.135
0.0,0.135
0.0,0.135
0.0,0.135
0.0,0.135
0.0,0.135
0.0,0.135
0.0,0.135
0.0,0.135
0.0,0.135
0.0,0.135
0.0,0.135
0.0,0.135
0.0,0.135
0.0,0.135
0.0,0.135
0.0,0.135
0.0,0.135
0.0,0.135
0.0,0.135
0.0,0.135
0.0,0.135
0.0,0.135
0.0,0.135
0.0,0.135
0.0,0.135
0.0,0.135
0.0,0.135
0.0,0.135
0.0,0.135
0.0,0.135
0.0,0.135
0.0,0.135
0.0,0.135
0.0,0.135
0.0,0.135
0.0,0.135
0.0,0.135
0.0,0.135
0.0,0.135
0.0,0.135
0.0,0.135
0.0,0.135
0.0,0.135
0.0,0.135
0.0,0.135
0.0,0.135
0.0,0.135
0.0,0.135
0.0,0.135
0.0,0.135
0.0,0.135
0.0,0.135
0.0,0.135
0.0,0.135
0.0,0.135
0.0,0.135
0.0,0.135
0.0,0.135
0.0,0.135
0.0,0.135
0.0,0.135
0.0,0.135
0.0,0.135
0.0,0.135
0.0,0.135
0.0,0.135
0.0,0.135
0.0,0.135
0.0,0.135
0.0,0.135
0.0,0.135
0.0,0.135
0.0,0.135
0.0,0.135
0.0,0.135
0.0,0.135
0.0,0.135
0.0,0.135
0.0,0.135
0.0,0.135
0.0,0.135
0.0,0.135
0.0,0.135
0.0,0.135
0.0,0.135
0.0,0.135
0.0,0.135
0.0,0.135
0.0,0.135
0.0,0.135
0.0,0.135
0.0,0.135
0.0,0.135
0.0,0.140
0.0,0.140
0.0,0.140
0.0,0.140
0.0,0.140
0.0,0.140
0.0,0.140
0.0,0.140
0.0,0.140
0.0,0.140
0.0,0.140
0.0,0.140
0.0,0.140
0.0,0.140
0.0,0.140
0.0,0.140
0.0,0.140
0.0,0.140
0.0,0.140
0.0,0.140
0.0,0.140
0.0,0.140
0.0,0.140
0.0,0.140
0.0,0.140
0.0,0.140
0.0,0.140
0.0,0.140
0.0,0.140
0.0,0.140
0.0,0.140
0.0,0.140
0.0,0.140
0.0,0.140
0.0,0.140
0.0,0.140
0.0,0.140
0.0,0.140
0.0,0.140
0.0,0.140
0.0,0.140
0.0,0.140
0.0,0.140
0.0,0.140
0.0,0.140
0.0,0.140
0.0,0.140
0.0,0.140
0.0,0.140
0.0,0.140
-0.1,0.140
0.0,0.140
0.0,0.140
0.0,0.140
0.0,0.140
0.0,0.140
0.0,0.140
0.0,0.140
0.0,0.140
0.1,0.140
0.0,0.140
0.0,0.140
0.0,0.140
0.0,0.140
0.1,0.140
0.0,0.140
0.0,0.140
0.0,0.140
-0.1,0.140
0.0,0.140
0.0,0.140
0.0,0.140
0.0,0.140
0.0,0.140
0.0,0.140
0.0,0.140
0.0,0.140
0.0,0.140
0.0,0.140
0.0,0.140
0.0,0.140
0.0,0.140
0.0,0.140
0.0,0.140
0.0,0.140
0.0,0.140
0.0,0.140
0.0,0.140
0.0,0.140
0.0,0.140
0.0,0.140
0.0,0.140
-0.1,0.140
-0.1,0.140
-0.1,0.140
-0.1,0.140
-0.1,0.140
-0.1,0.140
-0.1,0.140
-0.1,0.140
0.0,0.145
0.0,0.145
0.0,0.145
0.0,0.145
0.0,0.145
0.0,0.145
0.0,0.145
0.0,0.145
0.0,0.145
0.0,0.145
0.0,0.145
0.0,0.145
0.0,0.145
0.0,0.145
0.0,0.145
0.0,0.145
0.0,0.145
0.0,0.145
0.0,0.145
0.0,0.145
0.0,0.145
0.0,0.145
0.0,0.145
0.0,0.145
0.0,0.145
0.0,0.145
0.0,0.145
0.0,0.145
0.0,0.145
0.0,0.145
0.0,0.145
0.0,0.145
0.0,0.145
0.0,0.145
0.0,0.145
0.0,0.145
0.0,0.145
0.0,0.145
0.0,0.145
0.0,0.145
0.0,0.145
0.0,0.145
0.0,0.145
0.0,0.145
0.0,0.145
0.0,0.145
0.0,0.145
0.0,0.145
0.0,0.145
0.0,0.145
0.0,0.145
0.0,0.145
0.0,0.145
0.0,0.145
0.0,0.145
0.0,0.145
0.0,0.145
0.0,0.145
0.0,0.145
0.0,0.145
0.0,0.145
0.0,0.145
0.0,0.145
0.0,0.145
0.0,0.145
0.0,0.145
0.0,0.145
0.0,0.145
0.0,0.145
0.0,0.145
0.0,0.145
0.0,0.145
0.0,0.145
0.0,0.145
0.0,0.145
0.0,0.145
0.0,0.145
0.0,0.145
0.0,0.145
0.0,0.145
0.0,0.145
0.0,0.145
0.0,0.145
0.0,0.145
0.0,0.145
0.0,0.145
0.0,0.145
0.0,0.145
0.0,0.145
0.0,0.145
0.0,0.145
0.0,0.145
0.0,0.150
0.0,0.150
0.0,0.150
0.0,0.150
0.0,0.150
0.0,0.150
0.0,0.150
0.0,0.150
0.0,0.150
0.0,0.150
0.0,0.150
0.0,0.150
0.0,0.150
0.0,0.150
0.0,0.150
0.0,0.150
-0.1,0.150
-0.1,0.150
0.0,0.150
0.0,0.150
0.0,0.150
0.0,0.150
0.0,0.150
0.0,0.150
0.0,0.150
0.0,0.150
0.0,0.150
0.0,0.150
0.0,0.150
0.0,0.150
0.0,0.150
0.0,0.150
0.0,0.150
0.0,0.150
0.0,0.150
0.0,0.150
0.0,0.150
0.0,0.150
0.0,0.150
0.0,0.150
0.0,0.150
0.0,0.150
0.0,0.150
0.0,0.150
0.0,0.150
0.0,0.150
0.0,0.150
0.0,0.150
0.0,0.150
0.0,0.150
0.0,0.150
0.0,0.150
0.0,0.150
0.0,0.150
0.0,0.150
0.0,0.150
0.0,0.150
0.0,0.150
0.0,0.150
0.0,0.150
0.0,0.150
0.0,0.150
0.0,0.150
0.0,0.150
0.0,0.150
0.0,0.150
0.0,0.150
0.0,0.150
0.0,0.150
0.0,0.150
0.0,0.150
0.0,0.150
0.0,0.150
0.0,0.150
0.0,0.150
0.0,0.150
0.0,0.150
0.0,0.150
0.0,0.150
0.0,0.150
0.0,0.150
0.0,0.150
0.0,0.150
0.0,0.150
0.0,0.150
0.0,0.150
0.0,0.150
0.0,0.155
0.0,0.155
0.0,0.155
0.0,0.155
0.0,0.155
0.0,0.155
0.0,0.155
0.0,0.155
0.0,0.155
0.0,0.155
0.0,0.155
0.0,0.155
0.0,0.155
0.0,0.155
0.0,0.155
0.0,0.155
0.0,0.155
0.0,0.155
0.0,0.155
0.0,0.155
0.0,0.155
0.0,0.155
0.0,0.155
0.0,0.155
0.0,0.155
0.0,0.155
0.0,0.155
0.0,0.155
0.0,0.155
0.0,0.155
0.0,0.155
0.0,0.155
0.0,0.155
0.0,0.155
0.0,0.155
0.0,0.155
0.0,0.155
0.0,0.155
0.0,0.155
0.0,0.155
0.0,0.155
0.0,0.155
0.0,0.155
0.0,0.155
0.0,0.155
0.0,0.155
0.0,0.155
0.0,0.155
0.0,0.155
0.0,0.155
0.0,0.155
0.0,0.155
0.0,0.155
0.0,0.155
0.0,0.155
0.0,0.155
0.0,0.155
0.0,0.155
0.0,0.155
0.0,0.155
0.0,0.155
0.0,0.155
0.0,0.155
0.0,0.155
0.0,0.155
0.0,0.155
0.0,0.155
0.0,0.155
0.0,0.155
0.0,0.155
0.0,0.155
0.0,0.155
0.0,0.155
0.0,0.155
0.0,0.160
0.0,0.160
0.0,0.160
0.0,0.160
0.0,0.160
0.0,0.160
0.0,0.160
0.0,0.160
0.0,0.160
0.0,0.160
0.0,0.160
0.0,0.160
0.0,0.160
0.0,0.160
0.0,0.160
0.0,0.160
0.0,0.160
0.0,0.160
0.0,0.160
0.0,0.160
0.0,0.160
0.0,0.160
0.0,0.160
0.0,0.160
0.0,0.160
0.0,0.160
0.0,0.160
0.0,0.160
0.0,0.160
0.0,0.160
0.0,0.160
0.0,0.160
0.0,0.160
0.0,0.160
0.0,0.160
0.0,0.160
0.0,0.160
0.0,0.160
0.0,0.160
0.0,0.160
0.0,0.160
0.0,0.160
0.0,0.160
0.0,0.160
0.0,0.160
0.0,0.160
0.0,0.160
0.0,0.160
0.0,0.160
0.0,0.160
0.0,0.160
0.0,0.160
0.0,0.160
0.0,0.160
-0.1,0.160
-0.1,0.160
0.0,0.160
0.0,0.160
0.0,0.160
0.1,0.160
0.0,0.160
0.0,0.160
0.0,0.160
0.0,0.160
0.0,0.160
0.0,0.160
0.0,0.165
0.0,0.165
0.0,0.165
0.0,0.165
0.0,0.165
0.0,0.165
0.0,0.165
0.0,0.165
0.0,0.165
0.0,0.165
0.0,0.165
0.0,0.165
0.0,0.165
0.0,0.165
0.0,0.165
0.0,0.165
0.0,0.165
0.0,0.165
0.0,0.165
0.0,0.165
0.0,0.165
0.0,0.165
0.0,0.165
0.0,0.165
0.0,0.165
0.0,0.165
0.0,0.165
0.0,0.165
0.0,0.165
0.0,0.165
0.0,0.165
0.0,0.165
0.0,0.165
0.0,0.165
0.0,0.165
0.0,0.165
0.0,0.165
0.0,0.165
0.0,0.165
0.0,0.165
0.0,0.165
0.0,0.165
0.0,0.165
0.0,0.165
0.0,0.165
0.0,0.165
0.0,0.165
0.0,0.165
0.0,0.165
0.0,0.165
0.0,0.165
0.0,0.165
0.0,0.165
0.0,0.165
0.0,0.165
0.0,0.165
0.0,0.165
0.0,0.165
0.0,0.165
0.0,0.165
0.0,0.165
0.0,0.165
0.0,0.170
0.0,0.170
0.0,0.170
0.0,0.170
0.0,0.170
0.0,0.170
0.0,0.170
0.0,0.170
0.0,0.170
0.0,0.170
0.0,0.170
0.0,0.170
0.0,0.170
0.0,0.170
0.0,0.170
0.0,0.170
0.0,0.170
0.0,0.170
0.0,0.170
0.0,0.170
0.0,0.170
0.0,0.170
0.0,0.170
0.0,0.170
0.0,0.170
0.0,0.170
0.0,0.170
0.0,0.170
0.0,0.170
0.0,0.170
0.0,0.170
0.0,0.170
0.0,0.170
0.0,0.170
0.1,0.170
0.0,0.170
0.0,0.170
0.0,0.170
0.0,0.170
0.0,0.170
0.0,0.170
0.0,0.170
0.0,0.170
-0.1,0.170
0.0,0.170
0.0,0.170
0.0,0.170
0.0,0.170
0.0,0.170
0.0,0.170
0.0,0.170
0.0,0.170
0.0,0.170
0.0,0.170
0.0,0.170
0.0,0.170
0.0,0.170
0.0,0.170
0.0,0.170
0.0,0.175
0.0,0.175
0.0,0.175
0.0,0.175
0.0,0.175
0.0,0.175
0.0,0.175
0.0,0.175
0.0,0.175
0.0,0.175
-0.1,0.175
-0.1,0.175
-0.1,0.175
-0.1,0.175
0.0,0.175
0.0,0.175
0.0,0.175
0.0,0.175
0.0,0.175
0.0,0.175
0.0,0.175
0.0,0.175
0.0,0.175
0.0,0.175
-0.1,0.175
-0.1,0.175
-0.1,0.175
-0.1,0.175
-0.1,0.175
-0.1,0.175
-0.1,0.175
-0.1,0.175
-0.1,0.175
-0.1,0.175
0.0,0.175
0.0,0.175
0.0,0.175
0.0,0.175
0.0,0.175
0.0,0.175
0.0,0.175
0.0,0.175
0.0,0.175
0.0,0.175
0.0,0.175
0.0,0.175
0.0,0.175
0.0,0.175
0.0,0.175
0.0,0.175
0.0,0.175
0.0,0.175
0.0,0.175
0.0,0.175
0.0,0.180
0.0,0.180
0.0,0.180
0.0,0.180
0.0,0.180
0.0,0.180
0.0,0.180
0.0,0.180
0.0,0.180
0.0,0.180
0.0,0.180
0.0,0.180
0.0,0.180
0.0,0.180
0.0,0.180
-0.1,0.180
-0.1,0.180
-0.1,0.180
-0.1,0.180
-0.1,0.180
-0.1,0.180
-0.1,0.180
-0.1,0.180
-0.1,0.180
0.0,0.180
0.0,0.180
0.0,0.180
0.0,0.180
0.0,0.180
0.0,0.180
0.0,0.180
0.0,0.180
0.0,0.180
0.0,0.180
0.0,0.180
0.0,0.180
0.0,0.180
0.0,0.180
0.0,0.180
0.0,0.180
0.0,0.180
0.0,0.180
0.0,0.180
0.0,0.180
0.0,0.180
0.0,0.180
0.0,0.180
0.0,0.180
0.0,0.180
0.0,0.180
0.0,0.180
0.0,0.180
0.0,0.180
0.0,0.180
0.0,0.180
0.0,0.180
0.0,0.180
0.0,0.180
0.0,0.180
0.0,0.180
0.0,0.180
0.0,0.180
0.0,0.180
0.0,0.185
0.0,0.185
0.0,0.185
0.0,0.185
0.0,0.185
0.0,0.185
0.0,0.185
0.0,0.185
0.0,0.185
0.0,0.185
0.0,0.185
0.0,0.185
0.0,0.185
0.0,0.185
0.0,0.185
0.0,0.185
0.0,0.185
0.0,0.185
0.0,0.185
0.0,0.185
0.0,0.185
0.0,0.185
0.0,0.185
0.0,0.185
0.0,0.185
0.0,0.185
0.0,0.185
0.0,0.185
0.0,0.185
0.0,0.185
0.0,0.185
0.0,0.185
0.0,0.185
0.0,0.185
0.0,0.185
0.0,0.185
0.0,0.185
0.0,0.185
0.0,0.185
0.0,0.185
0.0,0.185
0.0,0.185
0.0,0.185
0.0,0.185
0.0,0.185
0.0,0.185
0.0,0.185
0.0,0.185
0.0,0.185
0.0,0.185
0.0,0.185
0.0,0.185
0.0,0.185
0.0,0.185
0.0,0.185
0.0,0.185
0.0,0.185
0.0,0.185
0.0,0.185
0.0,0.185
0.0,0.185
0.0,0.185
0.0,0.185
0.0,0.185
0.0,0.185
0.0,0.185
0.0,0.190
0.0,0.190
0.0,0.190
0.0,0.190
0.0,0.190
0.0,0.190
0.0,0.190
0.0,0.190
0.0,0.190
0.0,0.190
0.0,0.190
0.0,0.190
0.0,0.190
0.0,0.190
0.0,0.190
0.0,0.190
0.0,0.190
0.0,0.190
0.0,0.190
0.0,0.190
0.0,0.190
0.0,0.190
0.0,0.190
0.0,0.190
0.0,0.190
0.0,0.190
0.0,0.190
0.0,0.190
0.0,0.190
0.0,0.190
0.0,0.190
0.0,0.190
0.0,0.190
0.0,0.190
0.0,0.190
0.0,0.190
0.0,0.190
0.0,0.190
0.0,0.190
0.0,0.190
0.0,0.190
0.0,0.190
0.0,0.190
0.0,0.190
0.0,0.190
0.0,0.190
0.0,0.190
0.0,0.190
0.0,0.190
0.0,0.190
0.0,0.190
0.0,0.190
0.0,0.190
0.0,0.190
0.0,0.190
0.0,0.190
0.0,0.190
0.0,0.190
-0.1,0.190
-0.1,0.190
-0.1,0.190
-0.1,0.190
0.0,0.190
0.0,0.190
0.0,0.195
0.0,0.195
0.0,0.195
0.0,0.195
0.0,0.195
0.0,0.195
0.0,0.195
0.0,0.195
0.0,0.195
0.0,0.195
0.0,0.195
0.0,0.195
0.0,0.195
0.0,0.195
0.0,0.195
0.0,0.195
0.0,0.195
0.0,0.195
0.0,0.195
0.0,0.195
0.0,0.195
0.0,0.195
0.0,0.195
0.0,0.195
0.0,0.195
0.0,0.195
0.0,0.195
0.0,0.195
0.0,0.195
0.0,0.195
0.0,0.195
0.0,0.195
0.0,0.195
0.0,0.195
0.0,0.195
0.0,0.195
0.0,0.195
0.0,0.195
0.0,0.195
0.0,0.195
0.0,0.195
0.0,0.195
0.0,0.195
0.0,0.195
0.0,0.195
0.0,0.195
0.0,0.195
0.0,0.195
0.0,0.195
0.0,0.195
0.0,0.195
0.0,0.195
0.0,0.195
-0.1,0.195
-0.1,0.195
-0.1,0.195
-0.1,0.195
-0.1,0.195
0.0,0.195
0.0,0.195
0.0,0.195
0.0,0.195
0.0,0.195
0.0,0.195
0.0,0.200
0.0,0.200
0.0,0.200
0.0,0.200
0.0,0.200
0.0,0.200
0.0,0.200
0.0,0.200
0.0,0.200
0.0,0.200
0.0,0.200
0.0,0.200
0.0,0.200
0.0,0.200
0.0,0.200
0.0,0.200
0.0,0.200
0.0,0.200
0.0,0.200
0.0,0.200
0.0,0.200
0.0,0.200
0.0,0.200
0.0,0.200
0.0,0.200
0.0,0.200
0.0,0.200
0.0,0.200
0.0,0.200
0.0,0.200
0.0,0.200
0.0,0.200
0.0,0.200
0.0,0.200
0.0,0.200
0.0,0.200
0.0,0.200
0.0,0.200
0.0,0.200
0.0,0.200
0.0,0.200
0.0,0.200
0.0,0.200
0.0,0.200
0.0,0.200
0.0,0.200
0.0,0.200
0.0,0.200
0.0,0.200
0.0,0.200
0.0,0.200
0.0,0.200
0.0,0.200
0.0,0.200
0.0,0.200
0.0,0.200
0.0,0.200
0.0,0.200
0.0,0.200
0.0,0.200
0.0,0.200
0.0,0.200
0.0,0.200
0.0,0.200
0.0,0.200
0.0,0.205
0.0,0.205
0.0,0.205
0.0,0.205
0.0,0.205
0.0,0.205
0.0,0.205
0.0,0.205
0.0,0.205
0.0,0.205
0.0,0.205
0.0,0.205
0.0,0.205
0.0,0.205
0.0,0.205
0.0,0.205
0.0,0.205
0.0,0.205
0.0,0.205
0.0,0.205
0.0,0.205
0.0,0.205
0.0,0.205
0.0,0.205
0.0,0.205
0.0,0.205
0.0,0.205
0.0,0.205
0.0,0.205
0.0,0.205
0.0,0.205
0.0,0.205
0.0,0.205
0.0,0.205
0.0,0.205
0.0,0.205
0.0,0.205
0.0,0.205
0.0,0.205
0.0,0.205
0.0,0.205
0.0,0.205
0.0,0.205
0.0,0.205
0.0,0.205
0.0,0.205
0.0,0.205
0.0,0.205
0.0,0.205
0.0,0.205
0.0,0.205
0.0,0.205
0.0,0.205
0.0,0.205
0.0,0.205
0.0,0.205
0.0,0.205
0.0,0.205
0.0,0.205
0.0,0.205
0.0,0.205
0.0,0.205
-0.1,0.205
-0.1,0.205
-0.1,0.205
-0.1,0.205
-0.1,0.205
-0.1,0.205
-0.1,0.210
-0.1,0.210
-0.1,0.210
-0.1,0.210
-0.1,0.210
-0.1,0.210
-0.1,0.210
-0.1,0.210
-0.1,0.210
0.0,0.210
0.1,0.210
0.0,0.210
0.0,0.210
0.0,0.210
0.0,0.210
0.0,0.210
0.0,0.210
0.0,0.210
0.0,0.210
0.0,0.210
0.0,0.210
0.0,0.210
0.0,0.210
0.0,0.210
0.0,0.210
0.0,0.210
0.0,0.210
0.1,0.210
0.1,0.210
0.1,0.210
0.1,0.210
0.1,0.210
0.1,0.210
0.1,0.210
0.1,0.210
0.1,0.210
0.1,0.210
0.1,0.210
0.0,0.210
0.0,0.210
0.0,0.210
0.0,0.210
0.0,0.210
0.0,0.210
0.0,0.210
0.0,0.210
0.0,0.210
0.0,0.210
0.0,0.210
0.0,0.210
0.0,0.210
0.1,0.210
0.0,0.210
0.0,0.210
0.0,0.210
0.0,0.210
0.0,0.210
0.0,0.210
0.0,0.210
0.0,0.210
0.0,0.210
0.0,0.210
0.0,0.210
0.0,0.210
0.0,0.210
0.0,0.210
0.0,0.210
0.1,0.210
0.0,0.210
0.0,0.210
0.0,0.210
0.0,0.210
0.0,0.210
0.1,0.215
0.1,0.215
0.1,0.215
0.1,0.215
0.0,0.215
0.0,0.215
0.0,0.215
0.0,0.215
0.0,0.215
0.0,0.215
0.0,0.215
0.0,0.215
0.0,0.215
0.0,0.215
0.0,0.215
0.0,0.215
0.0,0.215
0.0,0.215
0.0,0.215
0.0,0.215
0.0,0.215
0.0,0.215
0.0,0.215
0.0,0.215
-0.1,0.215
-0.1,0.215
-0.1,0.215
-0.1,0.215
-0.1,0.215
-0.1,0.215
-0.1,0.215
-0.1,0.215
-0.1,0.215
-0.1,0.215
-0.1,0.215
0.0,0.215
0.0,0.215
0.0,0.215
0.0,0.215
0.0,0.215
0.0,0.215
0.0,0.215
0.0,0.215
0.0,0.215
0.0,0.215
0.0,0.215
0.0,0.215
0.0,0.215
0.0,0.215
0.0,0.215
0.0,0.215
0.0,0.215
0.0,0.215
0.0,0.215
0.0,0.215
0.0,0.215
0.0,0.215
0.0,0.215
0.0,0.215
0.0,0.215
0.0,0.215
0.0,0.215
0.0,0.215
0.0,0.215
0.0,0.215
0.0,0.215
0.0,0.215
0.0,0.215
0.0,0.215
0.0,0.215
0.0,0.215
0.0,0.215
0.0,0.220
0.0,0.220
0.0,0.220
0.0,0.220
0.0,0.220
0.0,0.220
0.1,0.220
0.1,0.220
0.0,0.220
0.0,0.220
0.0,0.220
0.0,0.220
0.0,0.220
0.0,0.220
0.0,0.220
0.0,0.220
0.0,0.220
0.0,0.220
0.0,0.220
0.0,0.220
0.0,0.220
0.0,0.220
0.0,0.220
0.0,0.220
0.0,0.220
0.0,0.220
0.0,0.220
0.0,0.220
0.0,0.220
0.0,0.220
0.0,0.220
0.0,0.220
0.0,0.220
0.0,0.220
0.0,0.220
0.0,0.220
0.0,0.220
0.0,0.220
0.0,0.220
0.0,0.220
0.0,0.220
0.0,0.220
0.0,0.220
0.0,0.220
0.0,0.220
0.0,0.220
0.1,0.220
0.1,0.220
0.1,0.220
0.1,0.220
0.1,0.220
0.1,0.220
0.1,0.220
0.1,0.220
0.1,0.220
0.1,0.220
0.1,0.220
0.1,0.220
0.1,0.220
0.1,0.220
0.1,0.220
0.1,0.220
0.1,0.220
0.1,0.220
0.1,0.220
0.1,0.220
0.1,0.220
0.1,0.220
0.1,0.220
0.1,0.220
0.1,0.220
0.1,0.220
0.1,0.220
0.1,0.220
0.1,0.220
0.1,0.220
0.2,0.220
0.2,0.220
0.2,0.225
0.2,0.225
0.2,0.225
0.2,0.225
0.2,0.225
0.2,0.225
0.2,0.225
0.2,0.225
0.2,0.225
0.2,0.225
0.2,0.225
0.2,0.225
0.2,0.225
0.2,0.225
0.2,0.225
0.2,0.225
0.2,0.225
0.2,0.225
0.2,0.225
0.2,0.225
0.2,0.225
0.2,0.225
0.2,0.225
0.2,0.225
0.3,0.225
0.3,0.225
0.3,0.225
0.3,0.225
0.3,0.225
0.3,0.225
0.3,0.225
0.3,0.225
0.4,0.225
0.4,0.225
0.4,0.225
0.4,0.225
0.4,0.225
0.4,0.225
0.4,0.225
0.4,0.225
0.4,0.225
0.4,0.225
0.4,0.225
0.5,0.225
0.5,0.225
0.5,0.225
0.5,0.225
0.5,0.225
0.5,0.225
0.5,0.225
0.5,0.225
0.5,0.225
0.5,0.225
0.5,0.225
0.5,0.225
0.5,0.225
0.5,0.225
0.5,0.225
0.6,0.225
0.6,0.225
0.6,0.225
0.6,0.225
0.6,0.225
0.7,0.225
0.7,0.225
0.7,0.225
0.8,0.225
0.8,0.225
0.8,0.225
0.8,0.225
0.8,0.225
0.9,0.225
1.0,0.225
1.0,0.225
1.0,0.225
1.0,0.225
1.0,0.225
1.1,0.225
1.1,0.225
1.1,0.225
1.2,0.225
1.2,0.225
1.3,0.225
1.3,0.225
1.4,0.225
1.4,0.225
1.5,0.225
1.5,0.225
1.5,0.225
1.6,0.225
1.6,0.225
1.7,0.225
1.7,0.225
1.7,0.225
1.8,0.230
1.8,0.230
1.9,0.230
1.9,0.230
2.0,0.230
2.0,0.230
2.0,0.230
2.1,0.230
2.1,0.230
2.2,0.230
2.2,0.230
2.2,0.230
2.3,0.230
2.4,0.230
2.4,0.230
2.5,0.230
2.5,0.230
2.6,0.230
2.6,0.230
2.7,0.230
2.7,0.230
2.7,0.230
2.8,0.230
2.9,0.230
2.9,0.230
2.9,0.230
3.0,0.230
3.0,0.230
3.1,0.230
3.2,0.230
3.2,0.230
3.2,0.230
3.3,0.230
3.3,0.230
3.4,0.230
3.4,0.230
3.4,0.230
3.5,0.230
3.6,0.230
3.6,0.230
3.7,0.230
3.7,0.230
3.8,0.230
3.8,0.230
3.8,0.230
3.9,0.230
4.0,0.230
4.0,0.230
4.1,0.230
4.1,0.230
4.2,0.230
4.2,0.230
4.2,0.230
4.3,0.230
4.3,0.230
4.4,0.230
4.4,0.230
4.4,0.230
4.5,0.230
4.5,0.230
4.6,0.230
4.6,0.230
4.6,0.230
4.7,0.230
4.8,0.230
4.9,0.230
4.9,0.230
5.0,0.230
5.0,0.230
5.1,0.230
5.1,0.230
5.1,0.230
5.1,0.230
5.2,0.230
5.2,0.230
5.2,0.230
5.2,0.230
5.3,0.230
5.4,0.230
5.4,0.230
5.5,0.230
5.5,0.230
5.6,0.230
5.6,0.230
5.7,0.230
5.7,0.230
5.8,0.230
5.8,0.230
5.9,0.230
5.9,0.230
5.9,0.230
5.9,0.230
6.0,0.230
6.1,0.230
6.1,0.230
6.2,0.230
6.2,0.235
6.3,0.235
6.3,0.235
6.3,0.235
6.4,0.235
6.5,0.235
6.5,0.235
6.5,0.235
6.5,0.235
6.6,0.235
6.6,0.235
6.6,0.235
6.7,0.235
6.8,0.235
6.8,0.235
6.9,0.235
6.9,0.235
7.0,0.235
7.0,0.235
7.1,0.235
7.1,0.235
7.2,0.235
7.2,0.235
7.2,0.235
7.3,0.235
7.3,0.235
7.3,0.235
7.3,0.235
7.4,0.235
7.4,0.235
7.5,0.235
7.6,0.235
7.6,0.235
7.6,0.235
7.7,0.235
7.8,0.235
7.8,0.235
7.8,0.235
7.9,0.235
8.0,0.235
8.0,0.235
8.1,0.235
8.1,0.235
8.2,0.235
8.2,0.235
8.3,0.235
8.3,0.235
8.3,0.235
8.4,0.235
8.4,0.235
8.5,0.235
8.5,0.235
8.5,0.235
8.6,0.235
8.7,0.235
8.7,0.235
8.8,0.235
8.8,0.235
8.9,0.235
8.9,0.235
9.0,0.235
9.0,0.235
9.1,0.235
9.1,0.235
9.1,0.235
9.2,0.235
9.3,0.235
9.3,0.235
9.3,0.235
9.4,0.235
9.4,0.235
9.5,0.235
9.5,0.235
9.6,0.235
9.6,0.235
9.6,0.235
9.7,0.235
9.8,0.235
9.8,0.235
9.9,0.235
9.9,0.235
10.0,0.235
10.1,0.235
10.1,0.235
10.2,0.235
10.2,0.235
10.3,0.235
10.3,0.235
10.4,0.235
10.4,0.235
10.5,0.240
10.5,0.240
10.6,0.240
10.6,0.240
10.7,0.240
10.7,0.240
10.8,0.240
10.8,0.240
10.8,0.240
10.9,0.240
11.0,0.240
11.0,0.240
11.1,0.240
11.1,0.240
11.2,0.240
11.2,0.240
11.3,0.240
11.3,0.240
11.4,0.240
11.5,0.240
11.5,0.240
11.6,0.240
11.6,0.240
11.7,0.240
11.7,0.240
11.7,0.240
11.8,0.240
11.9,0.240
12.0,0.240
12.0,0.240
12.1,0.240
12.1,0.240
12.2,0.240
12.2,0.240
12.3,0.240
12.3,0.240
12.4,0.240
12.5,0.240
12.5,0.240
12.5,0.240
12.6,0.240
12.6,0.240
12.7,0.240
12.7,0.240
12.8,0.240
12.9,0.240
12.9,0.240
13.0,0.240
13.1,0.240
13.1,0.240
13.2,0.240
13.2,0.240
13.3,0.240
13.4,0.240
13.4,0.240
13.5,0.240
13.5,0.240
13.6,0.240
13.6,0.240
13.7,0.240
13.7,0.240
13.8,0.240
13.9,0.240
13.9,0.240
14.0,0.240
14.0,0.240
14.1,0.240
14.1,0.240
14.2,0.240
14.2,0.240
14.3,0.240
14.4,0.240
14.4,0.240
14.5,0.240
14.6,0.240
14.6,0.240
14.7,0.240
14.7,0.245
14.8,0.245
14.9,0.245
14.9,0.245
15.0,0.245
15.0,0.245
15.1,0.245
15.2,0.245
15.2,0.245
15.2,0.245
15.3,0.245
15.3,0.245
15.4,0.245
15.4,0.245
15.5,0.245
15.5,0.245
15.6,0.245
15.7,0.245
15.7,0.245
15.8,0.245
15.8,0.245
15.9,0.245
15.9,0.245
16.0,0.245
16.0,0.245
16.1,0.245
16.1,0.245
16.1,0.245
16.2,0.245
16.3,0.245
16.3,0.245
16.4,0.245
16.4,0.245
16.5,0.245
16.5,0.245
16.5,0.245
16.6,0.245
16.6,0.245
16.7,0.245
16.7,0.245
16.7,0.245
16.8,0.245
16.9,0.245
16.9,0.245
17.0,0.245
17.0,0.245
17.0,0.245
17.1,0.245
17.1,0.245
17.2,0.245
17.2,0.245
17.3,0.245
17.3,0.245
17.3,0.245
17.4,0.245
17.4,0.245
17.4,0.245
17.5,0.245
17.5,0.245
17.6,0.245
17.6,0.245
17.6,0.245
17.6,0.245
17.7,0.245
17.7,0.245
17.7,0.245
17.8,0.245
17.8,0.245
17.9,0.245
17.9,0.245
17.9,0.245
17.9,0.245
18.0,0.245
18.0,0.245
18.0,0.245
18.0,0.245
18.1,0.245
18.1,0.245
18.1,0.245
18.2,0.245
18.2,0.245
18.3,0.245
18.3,0.245
18.3,0.245
18.4,0.245
18.4,0.245
18.4,0.250
18.5,0.250
18.5,0.250
18.5,0.250
18.5,0.250
18.6,0.250
18.6,0.250
18.6,0.250
18.7,0.250
18.7,0.250
18.8,0.250
18.8,0.250
18.8,0.250
18.8,0.250
18.9,0.250
18.9,0.250
18.9,0.250
19.0,0.250
19.0,0.250
19.1,0.250
19.1,0.250
19.1,0.250
19.2,0.250
19.2,0.250
19.2,0.250
19.2,0.250
19.3,0.250
19.3,0.250
19.4,0.250
19.4,0.250
19.4,0.250
19.5,0.250
19.5,0.250
19.6,0.250
19.6,0.250
19.7,0.250
19.7,0.250
19.8,0.250
19.8,0.250
19.9,0.250
19.9,0.250
19.9,0.250
19.9,0.250
20.0,0.250
20.0,0.250
20.0,0.250
20.0,0.250
20.1,0.250
20.1,0.250
20.2,0.250
20.2,0.250
20.2,0.250
20.2,0.250
20.3,0.250
20.3,0.250
20.3,0.250
20.3,0.250
20.4,0.250
20.4,0.250
20.5,0.250
20.5,0.250
20.6,0.250
20.6,0.250
20.7,0.250
20.7,0.250
20.7,0.250
20.7,0.250
20.8,0.250
20.8,0.250
20.9,0.250
20.9,0.250
21.0,0.250
21.0,0.250
21.0,0.250
21.1,0.250
21.1,0.250
21.1,0.250
21.2,0.250
21.2,0.250
21.3,0.250
21.3,0.250
21.3,0.250
21.3,0.250
21.4,0.250
21.4,0.250
21.5,0.250
21.5,0.250
21.5,0.250
21.6,0.250
21.6,0.250
21.7,0.250
21.7,0.250
21.7,0.250
21.7,0.250
21.8,0.255
21.8,0.255
21.9,0.255
21.9,0.255
22.0,0.255
22.0,0.255
22.0,0.255
22.0,0.255
22.1,0.255
22.1,0.255
22.1,0.255
22.1,0.255
22.2,0.255
22.2,0.255
22.3,0.255
22.3,0.255
22.4,0.255
22.4,0.255
22.5,0.255
22.5,0.255
22.6,0.255
22.6,0.255
22.6,0.255
22.6,0.255
22.7,0.255
22.7,0.255
22.7,0.255
22.7,0.255
22.7,0.255
22.8,0.255
22.9,0.255
22.9,0.255
22.9,0.255
23.0,0.255
23.0,0.255
23.1,0.255
23.1,0.255
23.1,0.255
23.2,0.255
23.2,0.255
23.2,0.255
23.2,0.255
23.2,0.255
23.3,0.255
23.3,0.255
23.3,0.255
23.4,0.255
23.4,0.255
23.4,0.255
23.5,0.255
23.5,0.255
23.5,0.255
23.6,0.255
23.6,0.255
23.7,0.255
23.7,0.255
23.7,0.255
23.8,0.255
23.8,0.255
23.9,0.255
23.9,0.255
23.9,0.255
23.9,0.255
24.0,0.255
24.0,0.255
24.0,0.255
24.1,0.255
24.1,0.255
24.2,0.255
24.2,0.255
24.2,0.255
24.2,0.255
24.3,0.255
24.3,0.255
24.3,0.255
24.4,0.255
24.4,0.255
24.4,0.255
24.4,0.255
24.5,0.255
24.5,0.255
24.5,0.255
24.6,0.255
24.6,0.255
24.6,0.255
24.7,0.255
24.7,0.255
24.7,0.255
24.8,0.255
24.8,0.255
24.8,0.255
24.8,0.255
24.8,0.255
24.9,0.255
24.9,0.255
24.9,0.255
25.0,0.255
25.1,0.255
25.1,0.260
25.1,0.260
25.2,0.260
25.2,0.260
25.2,0.260
25.2,0.260
25.3,0.260
25.3,0.260
25.3,0.260
25.3,0.260
25.4,0.260
25.4,0.260
25.4,0.260
25.4,0.260
25.5,0.260
25.5,0.260
25.5,0.260
25.5,0.260
25.6,0.260
25.6,0.260
25.7,0.260
25.7,0.260
25.7,0.260
25.7,0.260
25.8,0.260
25.8,0.260
25.8,0.260
25.8,0.260
25.8,0.260
25.9,0.260
25.9,0.260
26.0,0.260
26.0,0.260
26.0,0.260
26.1,0.260
26.1,0.260
26.1,0.260
26.1,0.260
26.2,0.260
26.2,0.260
26.2,0.260
26.3,0.260
26.3,0.260
26.4,0.260
26.4,0.260
26.5,0.260
26.5,0.260
26.5,0.260
26.5,0.260
26.6,0.260
26.6,0.260
26.6,0.260
26.6,0.260
26.7,0.260
26.7,0.260
26.7,0.260
26.8,0.260
26.8,0.260
26.8,0.260
26.9,0.260
26.9,0.260
26.9,0.260
27.0,0.260
27.0,0.260
27.1,0.260
27.1,0.260
27.1,0.260
27.1,0.260
27.2,0.260
27.2,0.260
27.3,0.260
27.3,0.260
27.3,0.260
27.3,0.260
27.4,0.260
27.4,0.260
27.4,0.260
27.4,0.260
27.4,0.260
27.4,0.260
27.5,0.260
27.5,0.260
27.6,0.260
27.6,0.260
27.6,0.260
27.7,0.260
27.8,0.260
27.8,0.260
27.8,0.260
27.9,0.260
27.9,0.260
27.9,0.260
28.0,0.260
28.0,0.260
28.0,0.260
28.0,0.260
28.0,0.260
28.1,0.260
28.1,0.260
28.2,0.260
28.2,0.260
28.2,0.260
28.3,0.260
28.3,0.260
28.4,0.260
28.4,0.260
28.4,0.260
28.5,0.260
28.5,0.260
28.6,0.260
28.6,0.260
28.6,0.260
28.6,0.265
28.7,0.265
28.7,0.265
28.7,0.265
28.7,0.265
28.8,0.265
28.8,0.265
28.9,0.265
28.9,0.265
28.9,0.265
29.0,0.265
29.0,0.265
29.0,0.265
29.1,0.265
29.1,0.265
29.2,0.265
29.2,0.265
29.2,0.265
29.3,0.265
29.3,0.265
29.3,0.265
29.3,0.265
29.4,0.265
29.4,0.265
29.5,0.265
29.5,0.265
29.6,0.265
29.6,0.265
29.6,0.265
29.6,0.265
29.7,0.265
29.7,0.265
29.7,0.265
29.8,0.265
29.8,0.265
29.9,0.265
29.9,0.265
29.9,0.265
30.0,0.265
30.0,0.265
30.1,0.265
30.1,0.265
30.1,0.265
30.2,0.265
30.2,0.265
30.2,0.265
30.3,0.265
30.3,0.265
30.3,0.265
30.4,0.265
30.4,0.265
30.5,0.265
30.5,0.265
30.6,0.265
30.6,0.265
30.6,0.265
30.6,0.265
30.6,0.265
30.7,0.265
30.7,0.265
30.7,0.265
30.7,0.265
30.7,0.265
30.8,0.265
30.9,0.265
30.9,0.265
31.0,0.265
31.0,0.265
31.0,0.265
31.1,0.265
31.1,0.265
31.1,0.265
31.1,0.265
31.1,0.265
31.2,0.265
31.2,0.265
31.3,0.265
31.3,0.265
31.3,0.265
31.4,0.265
31.4,0.265
31.4,0.265
31.5,0.265
31.5,0.265
31.5,0.265
31.6,0.265
31.6,0.265
31.6,0.265
31.7,0.265
31.7,0.265
31.8,0.265
31.8,0.265
31.9,0.265
31.9,0.265
31.9,0.265
31.9,0.265
32.0,0.265
32.0,0.265
32.0,0.265
32.0,0.265
32.1,0.265
32.1,0.270
32.2,0.270
32.2,0.270
32.2,0.270
32.3,0.270
32.3,0.270
32.3,0.270
32.4,0.270
32.4,0.270
32.4,0.270
32.5,0.270
32.5,0.270
32.5,0.270
32.6,0.270
32.6,0.270
32.6,0.270
32.7,0.270
32.7,0.270
32.7,0.270
32.7,0.270
32.8,0.270
32.8,0.270
32.9,0.270
32.9,0.270
32.9,0.270
33.0,0.270
33.0,0.270
33.1,0.270
33.1,0.270
33.1,0.270
33.1,0.270
33.1,0.270
33.2,0.270
33.2,0.270
33.2,0.270
33.3,0.270
33.3,0.270
33.4,0.270
33.4,0.270
33.5,0.270
33.5,0.270
33.5,0.270
33.6,0.270
33.6,0.270
33.7,0.270
33.7,0.270
33.7,0.270
33.7,0.270
33.8,0.270
33.8,0.270
33.9,0.270
33.9,0.270
33.9,0.270
33.9,0.270
34.0,0.270
34.0,0.270
34.0,0.270
34.1,0.270
34.1,0.270
34.1,0.270
34.2,0.270
34.3,0.270
34.3,0.270
34.3,0.270
34.4,0.270
34.4,0.270
34.4,0.270
34.4,0.270
34.5,0.270
34.5,0.270
34.6,0.270
34.6,0.270
34.6,0.270
34.6,0.270
34.7,0.270
34.7,0.270
34.8,0.270
34.8,0.270
34.8,0.270
34.8,0.270
34.9,0.270
34.9,0.270
35.0,0.270
35.1,0.270
35.1,0.270
35.1,0.270
35.1,0.270
35.2,0.270
35.2,0.270
35.3,0.270
35.3,0.270
35.3,0.270
35.4,0.270
35.4,0.270
35.4,0.270
35.5,0.270
35.5,0.270
35.5,0.270
35.6,0.270
35.6,0.270
35.6,0.270
35.7,0.275
35.7,0.275
35.8,0.275
35.8,0.275
35.8,0.275
35.8,0.275
35.9,0.275
35.9,0.275
36.0,0.275
36.0,0.275
36.1,0.275
36.1,0.275
36.2,0.275
36.2,0.275
36.3,0.275
36.3,0.275
36.3,0.275
36.3,0.275
36.4,0.275
36.4,0.275
36.4,0.275
36.5,0.275
36.5,0.275
36.6,0.275
36.6,0.275
36.6,0.275
36.7,0.275
36.7,0.275
36.8,0.275
36.8,0.275
36.8,0.275
36.9,0.275
36.9,0.275
36.9,0.275
37.0,0.275
37.1,0.275
37.1,0.275
37.1,0.275
37.1,0.275
37.2,0.275
37.3,0.275
37.3,0.275
37.3,0.275
37.4,0.275
37.4,0.275
37.5,0.275
37.5,0.275
37.5,0.275
37.6,0.275
37.6,0.275
37.7,0.275
37.7,0.275
37.7,0.275
37.7,0.275
37.8,0.275
37.8,0.275
37.8,0.275
37.8,0.275
37.9,0.275
37.9,0.275
38.0,0.275
38.0,0.275
38.0,0.275
38.1,0.275
38.1,0.275
38.2,0.275
38.2,0.275
38.2,0.275
38.2,0.275
38.2,0.275
38.2,0.275
38.3,0.275
38.3,0.275
38.3,0.275
38.3,0.275
38.3,0.275
38.3,0.275
38.3,0.275
38.3,0.275
38.3,0.275
38.4,0.275
38.4,0.275
38.4,0.275
38.4,0.275
38.4,0.275
38.4,0.275
38.4,0.275
38.4,0.280
38.4,0.280
38.4,0.280
38.4,0.280
38.4,0.280
38.4,0.280
38.4,0.280
38.4,0.280
38.4,0.280
38.4,0.280
38.4,0.280
38.4,0.280
38.4,0.280
38.4,0.280
38.4,0.280
38.4,0.280
38.4,0.280
38.4,0.280
38.4,0.280
38.5,0.280
38.5,0.280
38.5,0.280
38.5,0.280
38.5,0.280
38.5,0.280
38.5,0.280
38.5,0.280
38.5,0.280
38.6,0.280
38.6,0.280
38.6,0.280
38.6,0.280
38.6,0.280
38.6,0.280
38.6,0.280
38.6,0.280
38.6,0.280
38.6,0.280
38.6,0.280
38.6,0.280
38.6,0.280
38.6,0.280
38.6,0.280
38.6,0.280
38.6,0.280
38.6,0.280
38.6,0.280
38.6,0.280
38.7,0.280
38.7,0.280
38.7,0.280
38.7,0.280
38.7,0.280
38.7,0.280
38.7,0.280
38.7,0.280
38.7,0.280
38.7,0.280
38.7,0.280
38.7,0.280
38.7,0.280
38.7,0.280
38.7,0.280
38.7,0.280
38.7,0.280
38.7,0.280
38.8,0.280
38.8,0.280
38.8,0.280
38.8,0.280
38.8,0.280
38.8,0.280
38.8,0.280
38.8,0.280
38.8,0.280
38.9,0.280
38.9,0.280
38.9,0.280
38.9,0.280
38.9,0.280
38.9,0.280
38.9,0.280
38.9,0.285
38.9,0.285
39.0,0.285
39.0,0.285
39.0,0.285
39.0,0.285
39.0,0.285
39.0,0.285
39.0,0.285
39.0,0.285
39.0,0.285
39.0,0.285
39.1,0.285
39.1,0.285
39.1,0.285
39.1,0.285
39.1,0.285
39.1,0.285
39.1,0.285
39.1,0.285
39.1,0.285
39.1,0.285
39.1,0.285
39.1,0.285
39.1,0.285
39.1,0.285
39.1,0.285
39.1,0.285
39.1,0.285
39.2,0.285
39.2,0.285
39.2,0.285
39.2,0.285
39.2,0.285
39.2,0.285
39.2,0.285
39.2,0.285
39.2,0.285
39.2,0.285
39.2,0.285
39.2,0.285
39.3,0.285
39.3,0.285
39.3,0.285
39.3,0.285
39.3,0.285
39.3,0.285
39.3,0.285
39.3,0.285
39.3,0.285
39.3,0.285
39.3,0.285
39.3,0.285
39.3,0.285
39.3,0.285
39.3,0.285
39.3,0.285
39.3,0.285
39.3,0.285
39.3,0.285
39.3,0.285
39.3,0.285
39.3,0.285
39.3,0.285
39.3,0.285
39.3,0.285
39.3,0.285
39.3,0.285
39.3,0.285
39.3,0.285
39.3,0.285
39.4,0.285
39.4,0.285
39.4,0.285
39.4,0.285
39.4,0.290
39.4,0.290
39.4,0.290
39.4,0.290
39.4,0.290
39.4,0.290
39.3,0.290
39.3,0.290
39.3,0.290
39.3,0.290
39.3,0.290
39.3,0.290
39.3,0.290
39.3,0.290
39.2,0.290
39.2,0.290
39.2,0.290
39.2,0.290
39.2,0.290
39.2,0.290
39.2,0.290
39.2,0.290
39.2,0.290
39.2,0.290
39.2,0.290
39.2,0.290
39.1,0.290
39.1,0.290
39.1,0.290
39.1,0.290
39.1,0.290
39.1,0.290
39.1,0.290
39.1,0.290
39.1,0.290
39.0,0.290
39.0,0.290
39.0,0.290
39.0,0.290
39.0,0.290
39.0,0.290
39.0,0.290
39.0,0.290
39.0,0.290
39.0,0.290
39.0,0.290
39.0,0.290
39.0,0.290
39.0,0.290
39.0,0.290
39.0,0.290
39.0,0.290
39.0,0.290
38.9,0.290
38.9,0.290
38.9,0.290
38.9,0.290
38.9,0.290
38.9,0.290
38.9,0.290
38.9,0.290
38.9,0.290
38.9,0.290
38.9,0.290
38.9,0.290
38.9,0.290
38.8,0.290
38.8,0.290
38.8,0.290
38.8,0.290
38.8,0.290
38.8,0.295
38.8,0.295
38.8,0.295
38.8,0.295
38.8,0.295
38.8,0.295
38.8,0.295
38.8,0.295
38.8,0.295
38.8,0.295
38.8,0.295
38.8,0.295
38.8,0.295
38.8,0.295
38.8,0.295
38.8,0.295
38.8,0.295
38.8,0.295
38.8,0.295
38.8,0.295
38.8,0.295
38.8,0.295
38.8,0.295
38.8,0.295
38.8,0.295
38.8,0.295
38.8,0.295
38.8,0.295
38.8,0.295
38.8,0.295
38.8,0.295
38.8,0.295
38.8,0.295
38.8,0.295
38.8,0.295
38.8,0.295
38.8,0.295
38.7,0.295
38.7,0.295
38.7,0.295
38.7,0.295
38.7,0.295
38.7,0.295
38.7,0.295
38.7,0.295
38.7,0.295
38.7,0.295
38.7,0.295
38.7,0.295
38.7,0.295
38.7,0.295
38.7,0.295
38.7,0.295
38.7,0.295
38.7,0.295
38.7,0.295
38.7,0.295
38.7,0.295
38.7,0.295
38.7,0.295
38.7,0.295
38.7,0.295
38.7,0.295
38.7,0.295
38.7,0.295
38.7,0.295
38.7,0.295
38.7,0.300
38.7,0.300
38.7,0.300
38.7,0.300
38.7,0.300
38.8,0.300
38.8,0.300
38.8,0.300
38.8,0.300
38.8,0.300
38.8,0.300
38.8,0.300
38.8,0.300
38.8,0.300
38.8,0.300
38.8,0.300
38.8,0.300
38.8,0.300
38.8,0.300
38.8,0.300
38.8,0.300
38.8,0.300
38.8,0.300
38.8,0.300
38.8,0.300
38.8,0.300
38.8,0.300
38.8,0.300
38.8,0.300
38.8,0.300
38.8,0.300
38.8,0.300
38.8,0.300
38.8,0.300
38.8,0.300
38.8,0.300
38.8,0.300
38.8,0.300
38.7,0.300
38.7,0.300
38.7,0.300
38.7,0.300
38.7,0.300
38.7,0.300
38.7,0.300
38.7,0.300
38.7,0.300
38.7,0.300
38.7,0.300
38.7,0.300
38.7,0.300
38.7,0.300
38.7,0.300
38.7,0.300
38.7,0.305
38.7,0.305
38.7,0.305
38.7,0.305
38.7,0.305
38.7,0.305
38.7,0.305
38.7,0.305
38.7,0.305
38.7,0.305
38.7,0.305
38.7,0.305
38.7,0.305
38.7,0.305
38.7,0.305
38.7,0.305
38.7,0.305
38.7,0.305
38.7,0.305
38.7,0.305
38.7,0.305
38.7,0.305
38.7,0.305
38.7,0.305
38.7,0.305
38.7,0.305
38.7,0.305
38.7,0.305
38.7,0.305
38.7,0.305
38.7,0.305
38.7,0.305
38.7,0.305
38.7,0.305
38.7,0.305
38.7,0.305
38.7,0.305
38.7,0.305
38.7,0.305
38.6,0.305
38.6,0.305
38.6,0.305
38.6,0.305
38.6,0.305
38.6,0.305
38.6,0.305
38.6,0.305
38.6,0.305
38.6,0.305
38.6,0.305
38.6,0.305
38.6,0.305
38.6,0.305
38.6,0.305
38.6,0.305
38.6,0.310
38.6,0.310
38.6,0.310
38.6,0.310
38.6,0.310
38.6,0.310
38.6,0.310
38.6,0.310
38.6,0.310
38.6,0.310
38.6,0.310
38.6,0.310
38.6,0.310
38.6,0.310
38.6,0.310
38.6,0.310
38.6,0.310
38.6,0.310
38.6,0.310
38.6,0.310
38.6,0.310
38.6,0.310
38.6,0.310
38.6,0.310
38.6,0.310
38.6,0.310
38.6,0.310
38.6,0.310
38.6,0.310
38.6,0.310
38.6,0.310
38.6,0.310
38.6,0.310
38.6,0.310
38.6,0.310
38.6,0.310
38.6,0.310
38.6,0.310
38.6,0.310
38.6,0.310
38.6,0.310
38.6,0.310
38.6,0.310
38.6,0.310
38.6,0.310
38.6,0.310
38.5,0.310
38.5,0.310
38.5,0.310
38.5,0.310
38.5,0.310
38.5,0.310
38.5,0.310
38.5,0.310
38.5,0.310
38.5,0.310
38.5,0.310
38.5,0.310
38.5,0.310
38.5,0.315
38.5,0.315
38.5,0.315
38.5,0.315
38.5,0.315
38.5,0.315
38.5,0.315
38.5,0.315
38.5,0.315
38.5,0.315
38.5,0.315
38.5,0.315
38.5,0.315
38.5,0.315
38.5,0.315
38.5,0.315
38.5,0.315
38.5,0.315
38.5,0.315
38.5,0.315
38.5,0.315
38.5,0.315
38.5,0.315
38.5,0.315
38.5,0.315
38.5,0.315
38.5,0.315
38.5,0.315
38.5,0.315
38.5,0.315
38.5,0.315
38.5,0.315
38.5,0.315
38.5,0.315
38.5,0.315
38.5,0.315
38.5,0.315
38.5,0.315
38.5,0.315
38.5,0.315
38.5,0.315
38.5,0.315
38.5,0.315
38.4,0.315
38.4,0.315
38.4,0.315
38.4,0.315
38.4,0.315
38.4,0.315
38.4,0.315
38.4,0.315
38.4,0.315
38.4,0.315
38.4,0.315
38.4,0.315
38.4,0.315
38.4,0.320
38.4,0.320
38.4,0.320
38.4,0.320
38.4,0.320
38.4,0.320
38.4,0.320
38.4,0.320
38.4,0.320
38.4,0.320
38.4,0.320
38.4,0.320
38.4,0.320
38.4,0.320
38.4,0.320
38.4,0.320
38.4,0.320
38.4,0.320
38.4,0.320
38.4,0.320
38.4,0.320
38.4,0.320
38.4,0.320
38.4,0.320
38.4,0.320
38.4,0.320
38.4,0.320
38.4,0.320
38.4,0.320
38.4,0.320
38.4,0.320
38.4,0.320
38.4,0.320
38.4,0.320
38.4,0.320
38.4,0.320
38.4,0.320
38.4,0.320
38.4,0.320
38.4,0.320
38.4,0.320
38.4,0.320
38.4,0.320
38.4,0.320
38.4,0.320
38.4,0.320
38.4,0.320
38.4,0.320
38.4,0.320
38.4,0.320
38.4,0.320
38.4,0.320
38.4,0.320
38.4,0.320
38.4,0.320
38.4,0.320
38.4,0.320
38.4,0.320
38.4,0.320
38.4,0.325
38.4,0.325
38.4,0.325
38.4,0.325
38.4,0.325
38.4,0.325
38.4,0.325
38.4,0.325
38.4,0.325
38.4,0.325
38.4,0.325
38.4,0.325
38.4,0.325
38.4,0.325
38.4,0.325
38.4,0.325
38.4,0.325
38.4,0.325
38.4,0.325
38.4,0.325
38.4,0.325
38.4,0.325
38.4,0.325
38.4,0.325
38.4,0.325
38.4,0.325
38.4,0.325
38.4,0.325
38.4,0.325
38.4,0.325
38.4,0.325
38.4,0.325
38.3,0.325
38.3,0.325
38.3,0.325
38.3,0.325
38.3,0.325
38.3,0.325
38.3,0.325
38.3,0.325
38.3,0.325
38.3,0.325
38.3,0.325
38.3,0.325
38.3,0.325
38.3,0.325
38.3,0.325
38.3,0.325
38.3,0.325
38.3,0.325
38.3,0.325
38.3,0.325
38.3,0.325
38.3,0.325
38.3,0.325
38.3,0.325
38.3,0.325
38.3,0.325
38.3,0.325
38.3,0.325
38.3,0.325
38.3,0.330
38.3,0.330
38.3,0.330
38.3,0.330
38.3,0.330
38.3,0.330
38.3,0.330
38.3,0.330
38.3,0.330
38.3,0.330
38.3,0.330
38.3,0.330
38.3,0.330
38.3,0.330
38.3,0.330
38.3,0.330
38.3,0.330
38.3,0.330
38.3,0.330
38.3,0.330
38.3,0.330
38.3,0.330
38.3,0.330
38.3,0.330
38.3,0.330
38.3,0.330
38.3,0.330
38.3,0.330
38.3,0.330
38.3,0.330
38.4,0.330
38.4,0.330
38.4,0.330
38.4,0.330
38.4,0.330
38.4,0.330
38.4,0.330
38.4,0.330
38.4,0.330
38.4,0.330
38.4,0.330
38.4,0.330
38.4,0.330
38.4,0.330
38.4,0.330
38.4,0.330
38.4,0.330
38.4,0.330
38.4,0.330
38.4,0.330
38.4,0.330
38.4,0.330
38.4,0.330
38.4,0.330
38.4,0.330
38.4,0.330
38.4,0.330
38.4,0.330
38.4,0.330
38.4,0.335
38.4,0.335
38.4,0.335
38.4,0.335
38.4,0.335
38.4,0.335
38.4,0.335
38.4,0.335
38.4,0.335
38.4,0.335
38.4,0.335
38.4,0.335
38.4,0.335
38.4,0.335
38.4,0.335
38.4,0.335
38.4,0.335
38.4,0.335
38.4,0.335
38.4,0.335
38.4,0.335
38.4,0.335
38.4,0.335
38.4,0.335
38.4,0.335
38.4,0.335
38.4,0.335
38.4,0.335
38.4,0.335
38.4,0.335
38.4,0.335
38.4,0.335
38.4,0.335
38.4,0.335
38.4,0.335
38.4,0.335
38.4,0.335
38.4,0.335
38.4,0.335
38.4,0.335
38.4,0.335
38.4,0.335
38.4,0.335
38.4,0.335
38.4,0.335
38.4,0.335
38.4,0.335
38.4,0.335
38.4,0.335
38.4,0.335
38.4,0.335
38.4,0.340
38.4,0.340
38.4,0.340
38.4,0.340
38.4,0.340
38.4,0.340
38.4,0.340
38.4,0.340
38.4,0.340
38.4,0.340
38.4,0.340
38.4,0.340
38.4,0.340
38.4,0.340
38.4,0.340
38.4,0.340
38.4,0.340
38.3,0.340
38.3,0.340
38.3,0.340
38.3,0.340
38.3,0.340
38.3,0.340
38.3,0.340
38.3,0.340
38.3,0.340
38.3,0.340
38.3,0.340
38.3,0.340
38.3,0.340
38.3,0.340
38.3,0.340
38.3,0.340
38.3,0.340
38.3,0.340
38.3,0.340
38.3,0.340
38.3,0.340
38.3,0.340
38.3,0.340
38.3,0.340
38.3,0.340
38.3,0.340
38.3,0.340
38.3,0.340
38.3,0.340
38.3,0.340
38.3,0.340
38.3,0.340
38.3,0.340
38.3,0.340
38.3,0.340
38.3,0.340
38.3,0.345
38.3,0.345
38.3,0.345
38.3,0.345
38.3,0.345
38.3,0.345
38.3,0.345
38.3,0.345
38.3,0.345
38.3,0.345
38.3,0.345
38.3,0.345
38.3,0.345
38.3,0.345
38.3,0.345
38.3,0.345
38.3,0.345
38.3,0.345
38.3,0.345
38.3,0.345
38.3,0.345
38.3,0.345
38.3,0.345
38.3,0.345
38.3,0.345
38.3,0.345
38.3,0.345
38.3,0.345
38.3,0.345
38.3,0.345
38.3,0.345
38.3,0.345
38.3,0.345
38.4,0.345
38.3,0.345
38.3,0.345
38.3,0.345
38.3,0.345
38.3,0.345
38.3,0.345
38.3,0.345
38.3,0.345
38.3,0.345
38.3,0.345
38.3,0.345
38.3,0.345
38.3,0.345
38.3,0.345
38.3,0.345
38.3,0.350
38.3,0.350
38.3,0.350
38.3,0.350
38.3,0.350
38.3,0.350
38.3,0.350
38.3,0.350
38.3,0.350
38.3,0.350
38.3,0.350
38.3,0.350
38.3,0.350
38.3,0.350
38.3,0.350
38.3,0.350
38.3,0.350
38.3,0.350
38.3,0.350
38.3,0.350
38.3,0.350
38.3,0.350
38.3,0.350
38.3,0.350
38.3,0.350
38.3,0.350
38.3,0.350
38.3,0.350
38.3,0.350
38.3,0.350
38.3,0.350
38.3,0.350
38.3,0.350
38.3,0.350
38.3,0.350
38.3,0.350
38.3,0.350
38.3,0.350
38.3,0.350
38.3,0.350
38.3,0.350
38.3,0.350
38.3,0.350
38.4,0.350
38.4,0.350
38.4,0.350
38.4,0.350
38.4,0.355
38.3,0.355
38.3,0.355
38.3,0.355
38.3,0.355
38.3,0.355
38.3,0.355
38.3,0.355
38.3,0.355
38.3,0.355
38.3,0.355
38.3,0.355
38.3,0.355
38.3,0.355
38.3,0.355
38.3,0.355
38.3,0.355
38.3,0.355
38.3,0.355
38.3,0.355
38.3,0.355
38.3,0.355
38.3,0.355
38.3,0.355
38.3,0.355
38.3,0.355
38.3,0.355
38.3,0.355
38.3,0.355
38.3,0.355
38.3,0.355
38.3,0.355
38.3,0.355
38.3,0.355
38.3,0.355
38.3,0.355
38.3,0.355
38.3,0.355
38.3,0.355
38.3,0.355
38.3,0.355
38.3,0.355
38.3,0.360
38.3,0.360
38.3,0.360
38.3,0.360
38.3,0.360
38.3,0.360
38.3,0.360
38.3,0.360
38.3,0.360
38.3,0.360
38.3,0.360
38.3,0.360
38.3,0.360
38.3,0.360
38.3,0.360
38.3,0.360
38.3,0.360
38.3,0.360
38.3,0.360
38.3,0.360
38.4,0.360
38.4,0.360
38.4,0.360
38.3,0.360
38.3,0.360
38.3,0.360
38.3,0.360
38.3,0.360
38.3,0.360
38.3,0.360
38.3,0.360
38.3,0.360
38.3,0.360
38.3,0.360
38.3,0.360
38.3,0.360
38.3,0.360
38.3,0.365
38.3,0.365
38.3,0.365
38.3,0.365
38.3,0.365
38.3,0.365
38.3,0.365
38.3,0.365
38.3,0.365
38.3,0.365
38.3,0.365
38.3,0.365
38.3,0.365
38.3,0.365
38.3,0.365
38.3,0.365
38.3,0.365
38.3,0.365
38.3,0.365
38.3,0.365
38.3,0.365
38.3,0.365
38.3,0.365
38.3,0.365
38.3,0.365
38.3,0.365
38.3,0.365
38.3,0.365
38.3,0.365
38.3,0.365
38.3,0.365
38.3,0.365
38.3,0.365
38.3,0.365
38.3,0.365
38.3,0.365
38.3,0.370
38.3,0.370
38.3,0.370
38.3,0.370
38.3,0.370
38.3,0.370
38.3,0.370
38.3,0.370
38.3,0.370
38.3,0.370
38.3,0.370
38.3,0.370
38.3,0.370
38.3,0.370
38.3,0.370
38.3,0.370
38.3,0.370
38.3,0.370
38.3,0.370
38.3,0.370
38.3,0.370
38.3,0.370
38.3,0.370
38.3,0.370
38.3,0.370
38.3,0.370
38.3,0.370
38.3,0.370
38.3,0.370
38.3,0.370
38.3,0.370
38.3,0.370
38.3,0.370
38.3,0.370
38.3,0.370
38.3,0.375
38.3,0.375
38.3,0.375
38.3,0.375
38.3,0.375
38.3,0.375
38.2,0.375
38.2,0.375
38.2,0.375
38.2,0.375
38.2,0.375
38.2,0.375
38.2,0.375
38.2,0.375
38.2,0.375
38.2,0.375
38.2,0.375
38.2,0.375
38.2,0.375
38.2,0.375
38.2,0.375
38.2,0.375
38.2,0.375
38.2,0.375
38.2,0.375
38.2,0.375
38.2,0.375
38.2,0.375
38.2,0.375
38.2,0.375
38.2,0.375
38.3,0.375
38.3,0.375
38.3,0.375
38.3,0.375
38.3,0.380
38.3,0.380
38.2,0.380
38.2,0.380
38.2,0.380
38.2,0.380
38.2,0.380
38.2,0.380
38.2,0.380
38.2,0.380
38.2,0.380
38.2,0.380
38.2,0.380
38.2,0.380
38.2,0.380
38.2,0.380
38.2,0.380
38.2,0.380
38.2,0.380
38.2,0.380
38.2,0.380
38.2,0.380
38.2,0.380
38.2,0.380
38.2,0.380
38.2,0.380
38.2,0.380
38.2,0.380
38.2,0.380
38.2,0.380
38.2,0.380
38.2,0.380
38.2,0.380
38.2,0.385
38.2,0.385
38.2,0.385
38.2,0.385
38.2,0.385
38.2,0.385
38.2,0.385
38.1,0.385
38.1,0.385
38.1,0.385
38.1,0.385
38.1,0.385
38.1,0.385
38.1,0.385
38.1,0.385
38.1,0.385
38.1,0.385
38.1,0.385
38.1,0.385
38.1,0.385
38.1,0.385
38.2,0.385
38.2,0.385
38.2,0.385
38.2,0.385
38.2,0.385
38.2,0.385
38.2,0.385
38.2,0.385
38.2,0.385
38.2,0.385
38.2,0.385
38.2,0.385
38.2,0.385
38.2,0.385
38.2,0.390
38.2,0.390
38.2,0.390
38.2,0.390
38.2,0.390
38.2,0.390
38.2,0.390
38.2,0.390
38.2,0.390
38.2,0.390
38.2,0.390
38.2,0.390
38.2,0.390
38.2,0.390
38.2,0.390
38.2,0.390
38.2,0.390
38.2,0.390
38.2,0.390
38.2,0.390
38.2,0.390
38.2,0.390
38.2,0.390
38.2,0.390
38.2,0.390
38.2,0.390
38.2,0.390
38.2,0.390
38.2,0.390
38.2,0.390
38.2,0.390
38.2,0.390
38.2,0.395
38.2,0.395
38.2,0.395
38.2,0.395
38.2,0.395
38.2,0.395
38.2,0.395
38.2,0.395
38.2,0.395
38.2,0.395
38.2,0.395
38.2,0.395
38.2,0.395
38.2,0.395
38.2,0.395
38.2,0.395
38.2,0.395
38.2,0.395
38.2,0.395
38.2,0.395
38.2,0.395
38.2,0.395
38.2,0.395
38.2,0.395
38.2,0.395
38.2,0.395
38.2,0.395
38.2,0.395
38.2,0.395
38.2,0.395
38.2,0.400
38.2,0.400
38.2,0.400
38.2,0.400
38.2,0.400
38.2,0.400
38.2,0.400
38.2,0.400
38.2,0.400
38.2,0.400
38.3,0.400
38.3,0.400
38.3,0.400
38.3,0.400
38.3,0.400
38.3,0.400
38.3,0.400
38.3,0.400
38.3,0.400
38.3,0.400
38.3,0.400
38.3,0.400
38.3,0.400
38.3,0.400
38.3,0.400
38.3,0.400
38.3,0.400
38.3,0.400
38.3,0.400
38.3,0.400
38.3,0.400
38.3,0.405
38.3,0.405
38.2,0.405
38.2,0.405
38.2,0.405
38.2,0.405
38.2,0.405
38.2,0.405
38.2,0.405
38.2,0.405
38.2,0.405
38.2,0.405
38.2,0.405
38.2,0.405
38.1,0.405
38.1,0.405
38.1,0.405
38.1,0.405
38.1,0.405
38.1,0.405
38.1,0.405
38.1,0.405
38.1,0.405
38.1,0.405
38.1,0.405
38.1,0.405
38.1,0.405
38.1,0.405
38.1,0.405
38.1,0.405
38.1,0.405
38.1,0.405
38.1,0.405
38.1,0.405
38.1,0.405
38.1,0.405
38.1,0.410
38.1,0.410
38.1,0.410
38.1,0.410
38.1,0.410
38.1,0.410
38.1,0.410
38.1,0.410
38.1,0.410
38.1,0.410
38.1,0.410
38.1,0.410
38.1,0.410
38.1,0.410
38.1,0.410
38.1,0.410
38.1,0.410
38.1,0.410
38.1,0.410
38.1,0.410
38.1,0.410
38.1,0.410
38.1,0.410
38.1,0.410
38.1,0.410
38.1,0.410
38.1,0.410
38.1,0.410
38.1,0.410
38.1,0.410
38.1,0.410
38.1,0.410
38.1,0.410
38.1,0.410
38.1,0.410
38.1,0.410
38.1,0.410
38.1,0.410
38.1,0.410
38.1,0.415
38.1,0.415
38.1,0.415
38.1,0.415
38.1,0.415
38.1,0.415
38.1,0.415
38.1,0.415
38.1,0.415
38.1,0.415
38.1,0.415
38.1,0.415
38.1,0.415
38.1,0.415
38.1,0.415
38.1,0.415
38.1,0.415
38.1,0.415
38.1,0.415
38.1,0.415
38.1,0.415
38.1,0.415
38.1,0.415
38.1,0.415
38.1,0.415
38.1,0.415
38.1,0.415
38.1,0.415
38.1,0.415
38.1,0.415
38.1,0.415
38.1,0.415
38.1,0.415
38.1,0.415
38.1,0.415
38.2,0.415
38.2,0.415
38.2,0.415
38.2,0.420
38.2,0.420
38.2,0.420
38.2,0.420
38.2,0.420
38.1,0.420
38.1,0.420
38.1,0.420
38.1,0.420
38.1,0.420
38.1,0.420
38.1,0.420
38.1,0.420
38.1,0.420
38.1,0.420
38.1,0.420
38.1,0.420
38.1,0.420
38.1,0.420
38.1,0.420
38.1,0.420
38.1,0.420
38.1,0.420
38.1,0.420
38.1,0.420
38.1,0.420
38.1,0.420
38.1,0.420
38.1,0.420
38.1,0.420
38.1,0.420
38.1,0.420
38.1,0.420
38.1,0.420
38.1,0.420
38.1,0.420
38.1,0.420
38.1,0.420
38.1,0.420
38.1,0.420
38.1,0.420
38.1,0.420
38.1,0.425
38.1,0.425
38.1,0.425
38.1,0.425
38.1,0.425
38.1,0.425
38.1,0.425
38.1,0.425
38.1,0.425
38.1,0.425
38.1,0.425
38.1,0.425
38.1,0.425
38.1,0.425
38.1,0.425
38.1,0.425
38.1,0.425
38.1,0.425
38.1,0.425
38.1,0.425
38.1,0.425
38.1,0.425
38.1,0.425
38.1,0.425
38.1,0.425
38.1,0.425
38.1,0.425
38.1,0.425
38.1,0.425
38.1,0.425
38.1,0.425
38.1,0.425
38.1,0.425
38.2,0.425
38.2,0.425
38.2,0.425
38.2,0.425
38.2,0.425
38.2,0.425
38.2,0.425
38.2,0.425
38.2,0.430
38.2,0.430
38.2,0.430
38.2,0.430
38.2,0.430
38.2,0.430
38.2,0.430
38.2,0.430
38.2,0.430
38.2,0.430
38.2,0.430
38.2,0.430
38.2,0.430
38.2,0.430
38.2,0.430
38.2,0.430
38.2,0.430
38.2,0.430
38.2,0.430
38.2,0.430
38.2,0.430
38.2,0.430
38.1,0.430
38.1,0.430
38.1,0.430
38.1,0.430
38.1,0.430
38.1,0.430
38.1,0.430
38.1,0.430
38.1,0.430
38.1,0.430
38.2,0.430
38.2,0.430
38.2,0.430
38.2,0.430
38.2,0.430
38.2,0.430
38.2,0.430
38.2,0.435
38.2,0.435
38.2,0.435
38.2,0.435
38.2,0.435
38.2,0.435
38.2,0.435
38.2,0.435
38.2,0.435
38.2,0.435
38.2,0.435
38.2,0.435
38.2,0.435
38.2,0.435
38.2,0.435
38.2,0.435
38.2,0.435
38.2,0.435
38.2,0.435
38.2,0.435
38.2,0.435
38.2,0.435
38.2,0.435
38.2,0.435
38.2,0.435
38.2,0.435
38.2,0.435
38.2,0.435
38.2,0.435
38.2,0.435
38.2,0.435
38.2,0.435
38.2,0.435
38.2,0.440
38.2,0.440
38.2,0.440
38.2,0.440
38.2,0.440
38.2,0.440
38.2,0.440
38.2,0.440
38.2,0.440
38.2,0.440
38.2,0.440
38.2,0.440
38.2,0.440
38.2,0.440
38.2,0.440
38.2,0.440
38.2,0.440
38.2,0.440
38.2,0.440
38.2,0.440
38.2,0.440
38.2,0.440
38.2,0.440
38.2,0.440
38.1,0.440
38.1,0.440
38.1,0.440
38.1,0.440
38.1,0.445
38.1,0.445
38.1,0.445
38.1,0.445
38.1,0.445
38.1,0.445
38.1,0.445
38.1,0.445
38.1,0.445
38.1,0.445
38.1,0.445
38.1,0.445
38.1,0.445
38.1,0.445
38.1,0.445
38.1,0.445
38.1,0.445
38.1,0.445
38.1,0.445
38.1,0.445
38.1,0.445
38.1,0.445
38.1,0.445
38.1,0.445
38.1,0.445
38.1,0.445
38.1,0.445
38.1,0.445
38.1,0.445
38.1,0.450
38.1,0.450
38.1,0.450
38.1,0.450
38.1,0.450
38.1,0.450
38.1,0.450
38.1,0.450
38.1,0.450
38.1,0.450
38.1,0.450
38.1,0.450
38.1,0.450
38.1,0.450
38.1,0.450
38.1,0.450
38.1,0.450
38.1,0.450
38.1,0.450
38.1,0.450
38.1,0.450
38.1,0.450
38.1,0.450
38.1,0.450
38.1,0.450
38.1,0.450
38.1,0.455
38.1,0.455
38.1,0.455
38.1,0.455
38.1,0.455
38.1,0.455
38.1,0.455
38.1,0.455
38.1,0.455
38.1,0.455
38.1,0.455
38.1,0.455
38.1,0.455
38.1,0.455
38.1,0.455
38.1,0.455
38.1,0.455
38.1,0.455
38.1,0.455
38.1,0.455
38.1,0.455
38.1,0.455
38.1,0.455
38.1,0.455
38.1,0.460
38.1,0.460
38.1,0.460
38.1,0.460
38.1,0.460
38.1,0.460
38.1,0.460
38.1,0.460
38.1,0.460
38.1,0.460
38.1,0.460
38.1,0.460
38.1,0.460
38.1,0.460
38.1,0.460
38.1,0.460
38.1,0.460
38.1,0.460
38.1,0.460
38.1,0.460
38.1,0.460
38.1,0.460
38.1,0.465
38.0,0.465
38.0,0.465
38.0,0.465
38.0,0.465
38.0,0.465
38.0,0.465
38.0,0.465
38.0,0.465
38.0,0.465
38.0,0.465
38.0,0.465
38.0,0.465
38.0,0.465
38.0,0.465
38.0,0.465
38.0,0.465
38.0,0.465
38.0,0.465
38.0,0.465
38.0,0.465
38.0,0.465
38.0,0.465
38.0,0.465
38.0,0.465
38.0,0.470
38.0,0.470
38.0,0.470
38.0,0.470
38.0,0.470
38.0,0.470
38.0,0.470
38.0,0.470
38.0,0.470
38.0,0.470
38.0,0.470
38.0,0.470
38.0,0.470
38.0,0.470
38.0,0.470
38.0,0.470
38.0,0.470
38.0,0.470
38.0,0.470
38.0,0.470
38.0,0.470
38.0,0.470
38.0,0.470
38.0,0.470
38.0,0.475
38.0,0.475
38.0,0.475
38.0,0.475
38.0,0.475
38.0,0.475
38.0,0.475
38.0,0.475
38.0,0.475
38.0,0.475
38.0,0.475
38.0,0.475
38.0,0.475
38.0,0.475
38.0,0.475
38.0,0.475
38.0,0.475
38.0,0.475
38.0,0.475
38.0,0.475
38.0,0.475
38.0,0.475
38.0,0.480
38.0,0.480
38.0,0.480
38.0,0.480
38.0,0.480
38.0,0.480
38.0,0.480
38.0,0.480
38.0,0.480
38.0,0.480
38.0,0.480
38.0,0.480
38.0,0.480
38.0,0.480
38.0,0.480
38.0,0.480
38.0,0.480
38.0,0.480
38.1,0.480
38.1,0.480
38.1,0.480
38.1,0.480
38.1,0.480
38.1,0.485
38.1,0.485
38.1,0.485
38.1,0.485
38.1,0.485
38.1,0.485
38.1,0.485
38.1,0.485
38.1,0.485
38.1,0.485
38.1,0.485
38.1,0.485
38.1,0.485
38.1,0.485
38.1,0.485
38.1,0.485
38.1,0.485
38.1,0.485
38.1,0.485
38.1,0.485
38.1,0.485
38.1,0.485
38.1,0.485
38.1,0.485
38.1,0.490
38.1,0.490
38.1,0.490
38.1,0.490
38.1,0.490
38.1,0.490
38.1,0.490
38.1,0.490
38.1,0.490
38.1,0.490
38.1,0.490
38.1,0.490
38.1,0.490
38.2,0.490
38.2,0.490
38.2,0.490
38.2,0.490
38.2,0.490
38.2,0.490
38.2,0.490
38.2,0.490
38.2,0.490
38.2,0.490
38.2,0.495
38.2,0.495
38.2,0.495
38.2,0.495
38.2,0.495
38.2,0.495
38.2,0.495
38.2,0.495
38.2,0.495
38.2,0.495
38.2,0.495
38.2,0.495
38.2,0.495
38.2,0.495
38.2,0.495
38.2,0.495
38.2,0.495
38.2,0.495
38.2,0.495
38.2,0.495
38.2,0.495
38.2,0.495
38.2,0.500
38.2,0.500
38.2,0.500
38.2,0.500
38.2,0.500
38.2,0.500
38.2,0.500
38.2,0.500
38.2,0.500
38.2,0.500
38.2,0.500
38.2,0.500
38.2,0.500
38.2,0.500
38.2,0.500
38.2,0.500
38.3,0.500
38.2,0.500
38.2,0.500
38.2,0.500
38.2,0.500
38.2,0.500
38.2,0.500
38.2,0.500
38.2,0.505
38.2,0.505
38.2,0.505
38.2,0.505
38.2,0.505
38.2,0.505
38.2,0.505
38.2,0.505
38.2,0.505
38.2,0.505
38.2,0.505
38.2,0.505
38.2,0.505
38.2,0.505
38.2,0.505
38.2,0.505
38.2,0.505
38.2,0.505
38.2,0.505
38.2,0.505
38.2,0.505
38.2,0.505
38.2,0.505
38.2,0.505
38.2,0.505
38.2,0.510
38.2,0.510
38.2,0.510
38.3,0.510
38.3,0.510
38.3,0.510
38.3,0.510
38.3,0.510
38.3,0.510
38.3,0.510
38.3,0.510
38.3,0.510
38.3,0.510
38.3,0.510
38.3,0.510
38.3,0.510
38.3,0.510
38.3,0.510
38.3,0.510
38.3,0.510
38.3,0.510
38.3,0.510
38.3,0.510
38.3,0.510
38.3,0.510
38.3,0.515
38.3,0.515
38.3,0.515
38.3,0.515
38.3,0.515
38.3,0.515
38.3,0.515
38.3,0.515
38.3,0.515
38.3,0.515
38.3,0.515
38.3,0.515
38.3,0.515
38.4,0.515
38.4,0.515
38.4,0.515
38.4,0.515
38.4,0.515
38.4,0.515
38.4,0.515
38.4,0.515
38.4,0.515
38.4,0.515
38.4,0.515
38.4,0.520
38.4,0.520
38.4,0.520
38.4,0.520
38.4,0.520
38.4,0.520
38.4,0.520
38.4,0.520
38.4,0.520
38.4,0.520
38.4,0.520
38.4,0.520
38.4,0.520
38.4,0.520
38.4,0.520
38.4,0.520
38.4,0.520
38.4,0.520
38.4,0.520
38.4,0.520
38.4,0.520
38.4,0.520
38.4,0.520
38.4,0.520
38.4,0.525
38.4,0.525
38.4,0.525
38.4,0.525
38.4,0.525
38.4,0.525
38.4,0.525
38.4,0.525
38.4,0.525
38.3,0.525
38.3,0.525
38.3,0.525
38.3,0.525
38.3,0.525
38.3,0.525
38.3,0.525
38.3,0.525
38.3,0.525
38.3,0.525
38.3,0.525
38.3,0.525
38.3,0.525
38.3,0.525
38.3,0.525
38.3,0.530
38.3,0.530
38.3,0.530
38.3,0.530
38.4,0.530
38.4,0.530
38.4,0.530
38.4,0.530
38.4,0.530
38.4,0.530
38.4,0.530
38.4,0.530
38.4,0.530
38.4,0.530
38.4,0.530
38.4,0.530
38.4,0.530
38.4,0.530
38.4,0.530
38.4,0.530
38.4,0.530
38.4,0.530
38.4,0.530
38.4,0.535
38.4,0.535
38.4,0.535
38.4,0.535
38.4,0.535
38.4,0.535
38.4,0.535
38.4,0.535
38.4,0.535
38.4,0.535
38.4,0.535
38.4,0.535
38.4,0.535
38.4,0.535
38.4,0.535
38.4,0.535
38.4,0.535
38.4,0.535
38.4,0.535
38.4,0.535
38.3,0.535
38.3,0.540
38.3,0.540
38.3,0.540
38.3,0.540
38.3,0.540
38.3,0.540
38.3,0.540
38.3,0.540
38.3,0.540
38.3,0.540
38.3,0.540
38.3,0.540
38.3,0.540
38.3,0.540
38.3,0.540
38.3,0.540
38.3,0.540
38.3,0.540
38.3,0.540
38.3,0.545
38.3,0.545
38.3,0.545
38.3,0.545
38.3,0.545
38.3,0.545
38.3,0.545
38.3,0.545
38.3,0.545
38.3,0.545
38.3,0.545
38.3,0.545
38.3,0.545
38.3,0.545
38.3,0.545
38.3,0.545
38.3,0.545
38.3,0.545
38.3,0.545
38.3,0.545
38.3,0.545
38.3,0.550
38.3,0.550
38.3,0.550
38.3,0.550
38.3,0.550
38.3,0.550
38.3,0.550
38.3,0.550
38.3,0.550
38.3,0.550
38.3,0.550
38.3,0.550
38.3,0.550
38.3,0.550
38.3,0.550
38.3,0.550
38.3,0.550
38.3,0.550
38.3,0.550
38.3,0.550
38.3,0.550
38.3,0.555
38.3,0.555
38.3,0.555
38.3,0.555
38.3,0.555
38.3,0.555
38.3,0.555
38.3,0.555
38.3,0.555
38.3,0.555
38.3,0.555
38.3,0.555
38.3,0.555
38.3,0.555
38.3,0.555
38.3,0.555
38.3,0.555
38.3,0.555
38.3,0.555
38.3,0.555
38.3,0.560
38.3,0.560
38.3,0.560
38.3,0.560
38.3,0.560
38.3,0.560
38.3,0.560
38.3,0.560
38.3,0.560
38.3,0.560
38.3,0.560
38.3,0.560
38.3,0.560
38.3,0.560
38.3,0.560
38.3,0.560
38.3,0.560
38.3,0.560
38.3,0.560
38.3,0.560
38.3,0.565
38.3,0.565
38.3,0.565
38.3,0.565
38.3,0.565
38.3,0.565
38.3,0.565
38.3,0.565
38.3,0.565
38.3,0.565
38.3,0.565
38.3,0.565
38.3,0.565
38.3,0.565
38.3,0.565
38.3,0.565
38.3,0.565
38.3,0.565
38.3,0.565
38.3,0.565
38.3,0.565
38.3,0.565
38.3,0.570
38.3,0.570
38.3,0.570
38.3,0.570
38.3,0.570
38.3,0.570
38.3,0.570
38.3,0.570
38.3,0.570
38.3,0.570
38.3,0.570
38.3,0.570
38.3,0.570
38.3,0.570
38.3,0.570
38.3,0.570
38.3,0.570
38.3,0.570
38.3,0.570
38.3,0.570
38.3,0.570
38.3,0.570
38.3,0.570
38.3,0.575
38.3,0.575
38.3,0.575
38.3,0.575
38.3,0.575
38.3,0.575
38.3,0.575
38.3,0.575
38.3,0.575
38.3,0.575
38.3,0.575
38.3,0.575
38.3,0.575
38.3,0.575
38.3,0.575
38.3,0.575
38.3,0.575
38.3,0.575
38.3,0.575
38.3,0.575
38.3,0.575
38.3,0.580
38.3,0.580
38.3,0.580
38.3,0.580
38.3,0.580
38.3,0.580
38.3,0.580
38.3,0.580
38.3,0.580
38.3,0.580
38.3,0.580
38.3,0.580
38.3,0.580
38.3,0.580
38.3,0.580
38.3,0.580
38.3,0.580
38.4,0.580
38.4,0.580
38.4,0.580
38.4,0.580
38.4,0.580
38.4,0.580
38.4,0.585
38.4,0.585
38.4,0.585
38.4,0.585
38.4,0.585
38.4,0.585
38.4,0.585
38.4,0.585
38.4,0.585
38.4,0.585
38.4,0.585
38.4,0.585
38.4,0.585
38.4,0.585
38.4,0.585
38.4,0.585
38.4,0.585
38.4,0.585
38.4,0.585
38.4,0.585
38.4,0.585
38.4,0.585
38.4,0.590
38.4,0.590
38.4,0.590
38.4,0.590
38.4,0.590
38.4,0.590
38.4,0.590
38.4,0.590
38.4,0.590
38.4,0.590
38.4,0.590
38.4,0.590
38.4,0.590
38.4,0.590
38.4,0.590
38.4,0.590
38.4,0.590
38.4,0.590
38.4,0.590
38.4,0.590
38.4,0.590
38.4,0.590
38.4,0.590
38.4,0.595
38.4,0.595
38.4,0.595
38.4,0.595
38.4,0.595
38.4,0.595
38.4,0.595
38.4,0.595
38.4,0.595
38.4,0.595
38.4,0.595
38.4,0.595
38.4,0.595
38.4,0.595
38.4,0.595
38.4,0.595
38.4,0.595
38.4,0.595
38.5,0.595
38.5,0.595
38.5,0.595
38.5,0.595
38.4,0.595
38.4,0.600
38.4,0.600
38.4,0.600
38.4,0.600
38.4,0.600
38.4,0.600
38.4,0.600
38.4,0.600
38.4,0.600
38.4,0.600
38.4,0.600
38.4,0.600
38.4,0.600
38.4,0.600
38.4,0.600
38.4,0.600
38.4,0.600
38.4,0.600
38.4,0.600
38.4,0.600
38.4,0.600
38.4,0.605
38.4,0.605
38.4,0.605
38.4,0.605
38.4,0.605
38.4,0.605
38.4,0.605
38.4,0.605
38.4,0.605
38.4,0.605
38.4,0.605
38.4,0.605
38.4,0.605
38.4,0.605
38.4,0.605
38.4,0.605
38.4,0.605
38.4,0.605
38.4,0.605
38.4,0.605
38.4,0.605
38.4,0.605
38.4,0.605
38.4,0.610
38.4,0.610
38.4,0.610
38.4,0.610
38.4,0.610
38.4,0.610
38.4,0.610
38.4,0.610
38.4,0.610
38.4,0.610
38.4,0.610
38.4,0.610
38.4,0.610
38.4,0.610
38.4,0.610
38.4,0.610
38.4,0.610
38.4,0.610
38.4,0.610
38.4,0.610
38.4,0.610
38.4,0.610
38.4,0.610
38.4,0.615
38.4,0.615
38.4,0.615
38.4,0.615
38.4,0.615
38.4,0.615
38.4,0.615
38.4,0.615
38.4,0.615
38.4,0.615
38.4,0.615
38.5,0.615
38.5,0.615
38.5,0.615
38.5,0.615
38.5,0.615
38.5,0.615
38.5,0.615
38.5,0.615
38.5,0.615
38.5,0.615
38.5,0.615
38.5,0.620
38.5,0.620
38.5,0.620
38.5,0.620
38.5,0.620
38.5,0.620
38.5,0.620
38.5,0.620
38.5,0.620
38.5,0.620
38.5,0.620
38.5,0.620
38.5,0.620
38.5,0.620
38.5,0.620
38.5,0.620
38.5,0.620
38.5,0.620
38.5,0.620
38.5,0.620
38.5,0.620
38.5,0.625
38.5,0.625
38.5,0.625
38.5,0.625
38.5,0.625
38.5,0.625
38.5,0.625
38.5,0.625
38.5,0.625
38.5,0.625
38.5,0.625
38.5,0.625
38.5,0.625
38.5,0.625
38.5,0.625
38.5,0.625
38.5,0.625
38.5,0.625
38.5,0.625
38.5,0.625
38.5,0.625
38.5,0.625
38.5,0.625
38.5,0.630
38.5,0.630
38.5,0.630
38.5,0.630
38.5,0.630
38.5,0.630
38.5,0.630
38.5,0.630
38.5,0.630
38.5,0.630
38.5,0.630
38.5,0.630
38.5,0.630
38.5,0.630
38.5,0.630
38.6,0.630
38.6,0.630
38.6,0.630
38.6,0.630
38.6,0.630
38.6,0.630
38.6,0.630
38.6,0.630
38.5,0.635
38.5,0.635
38.5,0.635
38.5,0.635
38.5,0.635
38.5,0.635
38.5,0.635
38.5,0.635
38.5,0.635
38.5,0.635
38.5,0.635
38.5,0.635
38.5,0.635
38.5,0.635
38.5,0.635
38.5,0.635
38.5,0.635
38.5,0.635
38.5,0.635
38.5,0.635
38.5,0.635
38.5,0.635
38.5,0.635
38.5,0.640
38.5,0.640
38.5,0.640
38.5,0.640
38.5,0.640
38.5,0.640
38.5,0.640
38.5,0.640
38.5,0.640
38.5,0.640
38.5,0.640
38.5,0.640
38.5,0.640
38.5,0.640
38.5,0.640
38.5,0.640
38.5,0.640
38.5,0.640
38.5,0.640
38.5,0.640
38.6,0.640
38.6,0.640
38.6,0.640
38.6,0.640
38.6,0.645
38.6,0.645
38.6,0.645
38.6,0.645
38.6,0.645
38.6,0.645
38.6,0.645
38.6,0.645
38.6,0.645
38.6,0.645
38.6,0.645
38.6,0.645
38.6,0.645
38.6,0.645
38.6,0.645
38.6,0.645
38.6,0.645
38.6,0.645
38.6,0.645
38.6,0.645
38.6,0.645
38.6,0.645
38.6,0.645
38.6,0.645
38.6,0.645
38.6,0.645
38.6,0.650
38.6,0.650
38.6,0.650
38.6,0.650
38.6,0.650
38.6,0.650
38.6,0.650
38.6,0.650
38.6,0.650
38.6,0.650
38.7,0.650
38.7,0.650
38.7,0.650
38.7,0.650
38.7,0.650
38.7,0.650
38.7,0.650
38.7,0.650
38.7,0.650
38.7,0.650
38.7,0.650
38.7,0.650
38.7,0.650
38.7,0.650
38.7,0.655
38.7,0.655
38.7,0.655
38.7,0.655
38.7,0.655
38.7,0.655
38.7,0.655
38.7,0.655
38.7,0.655
38.7,0.655
38.7,0.655
38.7,0.655
38.7,0.655
38.7,0.655
38.7,0.655
38.7,0.655
38.7,0.655
38.7,0.655
38.7,0.655
38.7,0.655
38.7,0.655
38.7,0.655
38.7,0.655
38.7,0.660
38.7,0.660
38.7,0.660
38.7,0.660
38.7,0.660
38.7,0.660
38.7,0.660
38.7,0.660
38.7,0.660
38.7,0.660
38.7,0.660
38.7,0.660
38.7,0.660
38.7,0.660
38.6,0.660
38.6,0.660
38.6,0.660
38.6,0.660
38.6,0.660
38.6,0.660
38.6,0.660
38.6,0.660
38.6,0.660
38.6,0.660
38.6,0.665
38.6,0.665
38.6,0.665
38.6,0.665
38.6,0.665
38.6,0.665
38.6,0.665
38.6,0.665
38.6,0.665
38.6,0.665
38.6,0.665
38.6,0.665
38.6,0.665
38.6,0.665
38.6,0.665
38.6,0.665
38.6,0.665
38.6,0.665
38.6,0.665
38.6,0.665
38.6,0.665
38.6,0.665
38.6,0.665
38.6,0.665
38.6,0.665
38.6,0.670
38.6,0.670
38.6,0.670
38.6,0.670
38.6,0.670
38.6,0.670
38.6,0.670
38.6,0.670
38.6,0.670
38.6,0.670
38.6,0.670
38.7,0.670
38.7,0.670
38.7,0.670
38.7,0.670
38.7,0.670
38.7,0.670
38.7,0.670
38.7,0.670
38.7,0.670
38.7,0.670
38.7,0.670
38.7,0.670
38.7,0.670
38.7,0.670
38.7,0.670
38.7,0.670
38.7,0.675
38.7,0.675
38.7,0.675
38.7,0.675
38.7,0.675
38.7,0.675
38.7,0.675
38.7,0.675
38.7,0.675
38.7,0.675
38.7,0.675
38.7,0.675
38.7,0.675
38.7,0.675
38.7,0.675
38.7,0.675
38.7,0.675
38.7,0.675
38.7,0.675
38.7,0.675
38.8,0.675
38.8,0.675
38.8,0.675
38.8,0.675
38.8,0.680
38.8,0.680
38.8,0.680
38.8,0.680
38.8,0.680
38.8,0.680
38.8,0.680
38.8,0.680
38.8,0.680
38.8,0.680
38.8,0.680
38.8,0.680
38.8,0.680
38.8,0.680
38.8,0.680
38.8,0.680
38.8,0.680
38.8,0.680
38.8,0.680
38.8,0.680
38.8,0.680
38.8,0.680
38.8,0.680
38.8,0.685
38.8,0.685
38.8,0.685
38.8,0.685
38.8,0.685
38.8,0.685
38.8,0.685
38.8,0.685
38.8,0.685
38.8,0.685
38.8,0.685
38.8,0.685
38.8,0.685
38.8,0.685
38.8,0.685
38.8,0.685
38.8,0.685
38.8,0.685
38.8,0.685
38.9,0.685
38.9,0.685
38.9,0.685
38.9,0.685
38.9,0.690
38.9,0.690
38.9,0.690
38.9,0.690
38.9,0.690
38.9,0.690
38.9,0.690
38.8,0.690
38.8,0.690
38.8,0.690
38.8,0.690
38.8,0.690
38.8,0.690
38.8,0.690
38.8,0.690
38.8,0.690
38.8,0.690
38.8,0.690
38.8,0.690
38.8,0.690
38.8,0.690
38.8,0.695
39.0,0.695
39.0,0.695
39.0,0.695
39.0,0.695
39.1,0.695
39.2,0.695
39.3,0.695
39.3,0.695
39.4,0.695
39.6,0.695
39.7,0.695
39.8,0.695
39.9,0.695
40.1,0.695
40.2,0.695
40.3,0.695
40.4,0.695
40.4,0.695
40.6,0.695
40.7,0.695
40.8,0.700
40.9,0.700
41.0,0.700
41.1,0.700
41.3,0.700
41.4,0.700
41.5,0.700
41.6,0.700
41.7,0.700
41.8,0.700
42.0,0.700
42.1,0.700
42.2,0.700
42.3,0.700
42.4,0.700
42.5,0.700
42.6,0.700
42.7,0.700
42.8,0.700
43.0,0.705
43.1,0.705
43.2,0.705
43.3,0.705
43.4,0.705
43.5,0.705
43.6,0.705
43.7,0.705
43.8,0.705
43.9,0.705
44.0,0.705
44.1,0.705
44.2,0.705
44.3,0.705
44.4,0.705
44.5,0.705
44.5,0.705
44.5,0.705
44.5,0.705
44.5,0.705
44.5,0.705
44.4,0.710
44.3,0.710
44.2,0.710
44.1,0.710
44.0,0.710
43.9,0.710
43.8,0.710
43.8,0.710
43.7,0.710
43.7,0.710
43.7,0.710
43.7,0.710
43.7,0.710
43.7,0.710
43.9,0.710
43.9,0.710
43.9,0.710
44.0,0.710
44.0,0.710
44.0,0.710
44.0,0.715
44.0,0.715
44.0,0.715
44.0,0.715
44.0,0.715
44.0,0.715
44.0,0.715
44.0,0.715
44.0,0.715
44.1,0.715
44.2,0.715
44.2,0.715
44.2,0.715
44.3,0.715
44.3,0.715
44.3,0.715
44.3,0.715
44.4,0.715
44.4,0.715
44.4,0.715
44.4,0.715
44.4,0.720
44.5,0.720
44.5,0.720
44.5,0.720
44.5,0.720
44.6,0.720
44.6,0.720
44.7,0.720
44.7,0.720
44.7,0.720
44.7,0.720
44.7,0.720
44.7,0.720
44.7,0.720
44.7,0.720
44.7,0.720
44.7,0.720
44.8,0.720
44.8,0.720
44.8,0.720
44.8,0.725
44.8,0.725
44.8,0.725
44.8,0.725
44.9,0.725
44.9,0.725
44.9,0.725
45.0,0.725
45.0,0.725
45.0,0.725
45.0,0.725
45.0,0.725
45.0,0.725
45.0,0.725
45.0,0.725
45.0,0.725
45.1,0.725
45.2,0.725
45.2,0.725
45.2,0.725
45.3,0.725
45.3,0.730
45.3,0.730
45.3,0.730
45.4,0.730
45.4,0.730
45.4,0.730
45.4,0.730
45.5,0.730
45.5,0.730
45.5,0.730
45.5,0.730
45.6,0.730
45.6,0.730
45.6,0.730
45.7,0.730
45.7,0.730
45.7,0.730
45.7,0.730
45.7,0.730
45.7,0.730
45.7,0.730
45.7,0.730
45.7,0.735
45.7,0.735
45.8,0.735
45.8,0.735
45.8,0.735
45.8,0.735
45.8,0.735
45.8,0.735
45.8,0.735
45.9,0.735
45.9,0.735
45.9,0.735
45.9,0.735
45.9,0.735
45.9,0.735
45.9,0.735
46.0,0.735
46.0,0.735
46.0,0.735
46.0,0.740
46.0,0.740
46.0,0.740
46.0,0.740
46.1,0.740
46.1,0.740
46.1,0.740
46.1,0.740
46.1,0.740
46.1,0.740
46.1,0.740
46.1,0.740
46.1,0.740
46.1,0.740
46.1,0.740
46.1,0.740
46.1,0.740
46.1,0.740
46.1,0.740
46.1,0.740
46.1,0.740
46.1,0.745
46.1,0.745
46.1,0.745
46.1,0.745
46.1,0.745
46.1,0.745
46.2,0.745
46.2,0.745
46.2,0.745
46.2,0.745
46.2,0.745
46.2,0.745
46.2,0.745
46.2,0.745
46.2,0.745
46.3,0.745
46.3,0.745
46.3,0.745
46.3,0.745
46.3,0.745
46.3,0.750
46.3,0.750
46.3,0.750
46.3,0.750
46.3,0.750
46.3,0.750
46.3,0.750
46.3,0.750
46.3,0.750
46.3,0.750
46.3,0.750
46.3,0.750
46.3,0.750
46.3,0.750
46.3,0.750
46.4,0.750
46.4,0.750
46.4,0.750
46.4,0.750
46.4,0.755
46.4,0.755
46.4,0.755
46.4,0.755
46.4,0.755
46.5,0.755
46.5,0.755
46.5,0.755
46.5,0.755
46.5,0.755
46.5,0.755
46.5,0.755
46.5,0.755
46.5,0.755
46.6,0.755
46.6,0.755
46.6,0.755
46.6,0.755
46.6,0.755
46.6,0.760
46.6,0.760
46.6,0.760
46.6,0.760
46.6,0.760
46.6,0.760
46.7,0.760
46.7,0.760
46.7,0.760
46.7,0.760
46.7,0.760
46.7,0.760
46.7,0.760
46.7,0.760
46.7,0.760
46.7,0.760
46.7,0.760
46.7,0.765
46.7,0.765
46.7,0.765
46.7,0.765
46.7,0.765
46.7,0.765
46.7,0.765
46.7,0.765
46.7,0.765
46.7,0.765
46.7,0.765
46.7,0.765
46.7,0.765
46.7,0.765
46.7,0.765
46.7,0.765
46.7,0.765
46.8,0.765
46.8,0.770
46.8,0.770
46.8,0.770
46.8,0.770
46.8,0.770
46.8,0.770
46.8,0.770
46.8,0.770
46.8,0.770
46.8,0.770
46.8,0.770
46.8,0.770
46.8,0.770
46.8,0.770
46.8,0.770
46.8,0.770
46.8,0.770
46.8,0.770
46.8,0.775
46.8,0.775
46.8,0.775
46.8,0.775
46.8,0.775
46.8,0.775
46.8,0.775
46.8,0.775
46.8,0.775
46.8,0.775
46.8,0.775
46.8,0.775
46.7,0.775
46.7,0.775
46.7,0.775
46.7,0.775
46.7,0.775
46.7,0.775
46.7,0.780
46.7,0.780
46.7,0.780
46.7,0.780
46.7,0.780
46.8,0.780
46.8,0.780
46.8,0.780
46.8,0.780
46.8,0.780
46.8,0.780
46.8,0.780
46.8,0.780
46.8,0.780
46.8,0.780
46.8,0.780
46.8,0.780
46.8,0.785
46.8,0.785
46.8,0.785
46.8,0.785
46.8,0.785
46.8,0.785
46.8,0.785
46.8,0.785
46.8,0.785
46.8,0.785
46.8,0.785
46.8,0.785
46.8,0.785
46.8,0.785
46.8,0.785
46.8,0.785
46.8,0.785
46.8,0.785
46.8,0.785
46.8,0.785
46.8,0.790
46.8,0.790
46.8,0.790
46.9,0.790
46.9,0.790
46.9,0.790
46.9,0.790
46.9,0.790
46.9,0.790
46.9,0.790
46.9,0.790
46.9,0.790
46.9,0.790
46.9,0.790
46.9,0.790
46.9,0.790
46.9,0.790
46.9,0.790
46.9,0.790
46.9,0.790
47.0,0.790
47.0,0.795
47.0,0.795
47.0,0.795
47.0,0.795
47.0,0.795
47.0,0.795
47.0,0.795
47.0,0.795
47.0,0.795
47.0,0.795
47.0,0.795
47.0,0.795
47.0,0.795
47.0,0.795
47.0,0.795
47.0,0.795
47.1,0.795
47.1,0.795
47.1,0.795
47.1,0.800
47.1,0.800
47.1,0.800
47.1,0.800
47.1,0.800
47.1,0.800
47.1,0.800
47.1,0.800
47.1,0.800
47.1,0.800
47.1,0.800
47.1,0.800
47.1,0.800
47.1,0.800
47.1,0.800
47.1,0.800
47.1,0.800
47.1,0.800
47.1,0.800
47.1,0.800
47.1,0.800
47.1,0.805
47.1,0.805
47.1,0.805
47.1,0.805
47.1,0.805
47.1,0.805
47.1,0.805
47.1,0.805
47.1,0.805
47.1,0.805
47.1,0.805
47.1,0.805
47.1,0.805
47.1,0.805
47.1,0.805
47.1,0.805
47.2,0.805
47.2,0.805
47.2,0.805
47.2,0.805
47.2,0.805
47.2,0.805
47.2,0.810
47.2,0.810
47.2,0.810
47.2,0.810
47.2,0.810
47.2,0.810
47.2,0.810
47.2,0.810
47.2,0.810
47.2,0.810
47.2,0.810
47.3,0.810
47.3,0.810
47.3,0.810
47.3,0.810
47.3,0.810
47.3,0.810
47.3,0.810
47.3,0.810
47.3,0.810
47.3,0.810
47.3,0.810
47.3,0.810
47.3,0.815
47.3,0.815
47.3,0.815
47.3,0.815
47.3,0.815
47.3,0.815
47.3,0.815
47.3,0.815
47.4,0.815
47.4,0.815
47.4,0.815
47.4,0.815
47.4,0.815
47.4,0.815
47.4,0.815
47.4,0.815
47.4,0.815
47.4,0.815
47.4,0.815
47.4,0.815
47.4,0.815
47.4,0.820
47.4,0.820
47.4,0.820
47.4,0.820
47.4,0.820
47.4,0.820
47.4,0.820
47.4,0.820
47.4,0.820
47.5,0.820
47.5,0.820
47.5,0.820
47.5,0.820
47.5,0.820
47.5,0.820
47.5,0.820
47.5,0.820
47.5,0.820
47.5,0.820
47.5,0.820
47.5,0.820
47.5,0.820
47.5,0.820
47.5,0.825
47.5,0.825
47.5,0.825
47.5,0.825
47.5,0.825
47.5,0.825
47.5,0.825
47.5,0.825
47.5,0.825
47.5,0.825
47.5,0.825
47.5,0.825
47.5,0.825
47.5,0.825
47.5,0.825
47.5,0.825
47.5,0.825
47.5,0.825
47.5,0.825
47.5,0.825
47.5,0.825
47.5,0.825
47.5,0.830
47.5,0.830
47.5,0.830
47.5,0.830
47.5,0.830
47.5,0.830
47.5,0.830
47.5,0.830
47.5,0.830
47.5,0.830
47.5,0.830
47.5,0.830
47.5,0.830
47.5,0.830
47.5,0.830
47.5,0.830
47.5,0.830
47.5,0.830
47.5,0.830
47.5,0.830
47.6,0.830
47.6,0.830
47.6,0.830
47.6,0.830
47.6,0.835
47.6,0.835
47.6,0.835
47.6,0.835
47.6,0.835
47.6,0.835
47.6,0.835
47.6,0.835
47.6,0.835
47.6,0.835
47.6,0.835
47.7,0.835
47.7,0.835
47.7,0.835
47.7,0.835
47.7,0.835
47.7,0.835
47.7,0.835
47.7,0.835
47.7,0.835
47.7,0.835
47.7,0.835
47.7,0.835
47.7,0.840
47.7,0.840
47.7,0.840
47.7,0.840
47.7,0.840
47.7,0.840
47.7,0.840
47.7,0.840
47.7,0.840
47.7,0.840
47.7,0.840
47.7,0.840
47.7,0.840
47.7,0.840
47.7,0.840
47.7,0.840
47.7,0.840
47.7,0.840
47.7,0.840
47.7,0.840
47.7,0.840
47.7,0.845
47.7,0.845
47.7,0.845
47.7,0.845
47.7,0.845
47.7,0.845
47.7,0.845
47.7,0.845
47.7,0.845
47.7,0.845
47.7,0.845
47.7,0.845
47.7,0.845
47.7,0.845
47.7,0.845
47.7,0.845
47.7,0.845
47.7,0.845
47.7,0.845
47.7,0.845
47.8,0.845
47.8,0.845
47.8,0.845
47.8,0.850
47.8,0.850
47.8,0.850
47.8,0.850
47.8,0.850
47.8,0.850
47.8,0.850
47.8,0.850
47.8,0.850
47.8,0.850
47.9,0.850
47.9,0.850
47.9,0.850
47.9,0.850
47.9,0.850
47.9,0.850
47.9,0.850
47.9,0.850
47.9,0.850
47.9,0.850
47.9,0.850
47.9,0.855
47.9,0.855
47.9,0.855
47.9,0.855
47.9,0.855
47.9,0.855
47.9,0.855
47.9,0.855
48.0,0.855
48.0,0.855
48.0,0.855
48.0,0.855
48.0,0.855
48.0,0.855
48.0,0.855
48.0,0.855
48.0,0.855
48.0,0.855
48.0,0.855
48.0,0.855
48.0,0.860
48.0,0.860
48.0,0.860
48.0,0.860
48.0,0.860
48.0,0.860
48.0,0.860
48.0,0.860
48.0,0.860
48.0,0.860
48.0,0.860
48.0,0.860
48.0,0.860
48.1,0.860
48.1,0.860
48.1,0.860
48.1,0.860
48.1,0.865
48.1,0.865
48.1,0.865
48.1,0.865
48.1,0.865
48.1,0.865
48.1,0.865
48.1,0.865
48.1,0.865
48.1,0.865
48.1,0.865
48.1,0.865
48.1,0.865
48.1,0.865
48.1,0.865
48.1,0.865
48.1,0.865
48.1,0.865
48.1,0.865
48.1,0.870
48.1,0.870
48.1,0.870
48.1,0.870
48.1,0.870
48.1,0.870
48.1,0.870
48.1,0.870
48.1,0.870
48.1,0.870
48.1,0.870
48.1,0.870
48.2,0.870
48.2,0.870
48.2,0.870
48.2,0.870
48.2,0.870
48.2,0.870
48.2,0.875
48.2,0.875
48.2,0.875
48.2,0.875
48.2,0.875
48.2,0.875
48.2,0.875
48.2,0.875
48.2,0.875
48.2,0.875
48.2,0.875
48.1,0.875
48.1,0.875
48.1,0.875
48.1,0.875
48.1,0.875
48.1,0.875
48.1,0.880
48.1,0.880
48.1,0.880
48.1,0.880
48.1,0.880
48.2,0.880
48.2,0.880
48.2,0.880
48.2,0.880
48.2,0.880
48.2,0.880
48.2,0.880
48.2,0.880
48.2,0.880
48.2,0.880
48.2,0.880
48.2,0.880
48.2,0.885
48.2,0.885
48.2,0.885
48.2,0.885
48.2,0.885
48.2,0.885
48.2,0.885
48.2,0.885
48.2,0.885
48.2,0.885
48.2,0.885
48.3,0.885
48.3,0.885
48.3,0.885
48.3,0.885
48.3,0.885
48.3,0.885
48.3,0.890
48.3,0.890
48.3,0.890
48.3,0.890
48.3,0.890
48.3,0.890
48.3,0.890
48.4,0.890
48.4,0.890
48.4,0.890
48.4,0.890
48.4,0.890
48.4,0.890
48.4,0.890
48.4,0.890
48.4,0.890
48.4,0.895
48.4,0.895
48.4,0.895
48.4,0.895
48.4,0.895
48.4,0.895
48.4,0.895
48.4,0.895
48.4,0.895
48.4,0.895
48.4,0.895
48.4,0.895
48.4,0.895
48.4,0.895
48.4,0.895
48.4,0.895
48.4,0.900
48.4,0.900
48.4,0.900
48.4,0.900
48.4,0.900
48.5,0.900
48.5,0.900
48.5,0.900
48.5,0.900
48.5,0.900
48.5,0.900
48.5,0.900
48.5,0.900
48.5,0.900
48.5,0.900
48.5,0.900
48.5,0.905
48.5,0.905
48.6,0.905
48.6,0.905
48.6,0.905
48.6,0.905
48.6,0.905
48.6,0.905
48.6,0.905
48.6,0.905
48.6,0.905
48.6,0.905
48.6,0.905
48.6,0.905
48.6,0.905
48.6,0.905
48.6,0.910
48.6,0.910
48.6,0.910
48.6,0.910
48.6,0.910
48.6,0.910
48.6,0.910
48.6,0.910
48.6,0.910
48.6,0.910
48.6,0.910
48.7,0.910
48.7,0.910
48.7,0.910
48.7,0.910
48.7,0.910
48.7,0.915
48.7,0.915
48.8,0.915
48.8,0.915
48.8,0.915
48.8,0.915
48.8,0.915
48.8,0.915
48.8,0.915
48.8,0.915
48.8,0.915
48.8,0.915
48.8,0.915
48.8,0.915
48.8,0.915
48.8,0.920
48.8,0.920
48.8,0.920
48.8,0.920
48.9,0.920
48.9,0.920
48.9,0.920
48.9,0.920
48.9,0.920
48.9,0.920
48.9,0.920
49.0,0.920
49.1,0.920
49.1,0.920
49.2,0.925
49.2,0.925
49.2,0.925
49.3,0.925
49.3,0.925
49.4,0.925
49.4,0.925
49.5,0.925
49.5,0.925
49.6,0.925
49.6,0.925
49.7,0.925
49.7,0.925
49.8,0.925
49.9,0.925
49.9,0.930
50.0,0.930
50.0,0.930
50.1,0.930
50.2,0.930
50.2,0.930
50.3,0.930
50.3,0.930
50.4,0.930
50.4,0.930
50.5,0.930
50.6,0.930
50.6,0.930
50.6,0.930
50.7,0.935
50.7,0.935
50.8,0.935
50.8,0.935
50.8,0.935
50.9,0.935
50.9,0.935
50.9,0.935
51.0,0.935
51.0,0.935
51.1,0.935
51.1,0.935
51.2,0.935
51.2,0.940
51.3,0.940
51.3,0.940
51.4,0.940
51.4,0.940
51.4,0.940
51.5,0.940
51.5,0.940
51.6,0.940
51.7,0.940
51.7,0.940
51.8,0.940
51.8,0.945
51.9,0.945
51.9,0.945
51.9,0.945
52.0,0.945
52.1,0.945
52.1,0.945
52.1,0.945
52.2,0.945
52.2,0.945
52.3,0.945
52.3,0.945
52.4,0.945
52.4,0.950
52.5,0.950
52.5,0.950
52.6,0.950
52.6,0.950
52.6,0.950
52.7,0.950
52.7,0.950
52.8,0.950
52.9,0.950
52.9,0.950
53.0,0.950
53.1,0.950
53.1,0.955
53.1,0.955
53.1,0.955
53.1,0.955
53.1,0.955
53.1,0.955
53.1,0.955
53.1,0.955
53.1,0.955
53.1,0.955
53.1,0.955
53.1,0.955
53.1,0.960
53.1,0.960
53.1,0.960
53.1,0.960
53.1,0.960
53.1,0.960
53.1,0.960
53.1,0.960
53.1,0.960
53.1,0.960
53.1,0.960
53.2,0.960
53.2,0.960
53.2,0.965
53.2,0.965
53.2,0.965
53.2,0.965
53.2,0.965
53.2,0.965
53.2,0.965
53.2,0.965
53.2,0.965
53.2,0.965
53.2,0.965
53.2,0.965
53.2,0.965
53.2,0.970
53.2,0.970
53.2,0.970
53.2,0.970
53.2,0.970
53.2,0.970
53.2,0.970
53.2,0.970
53.2,0.970
53.2,0.970
53.2,0.970
53.2,0.970
53.2,0.970
53.2,0.975
53.2,0.975
53.2,0.975
53.2,0.975
53.2,0.975
53.2,0.975
53.2,0.975
53.2,0.975
53.2,0.975
53.2,0.975
53.2,0.975
53.3,0.975
53.3,0.980
53.3,0.980
53.3,0.980
53.3,0.980
53.3,0.980
53.3,0.980
53.3,0.980
53.3,0.980
53.3,0.980
53.3,0.980
53.3,0.980
53.3,0.980
53.3,0.980
53.3,0.980
53.3,0.985
53.3,0.985
53.3,0.985
53.3,0.985
53.4,0.985
53.4,0.985
53.4,0.985
53.4,0.985
53.4,0.985
53.4,0.985
53.4,0.985
53.4,0.985
53.4,0.985
53.4,0.990
53.4,0.990
53.4,0.990
53.4,0.990
53.4,0.990
53.4,0.990
53.5,0.990
53.5,0.990
53.5,0.990
53.5,0.990
53.5,0.990
53.5,0.990
53.5,0.990
53.5,0.990
53.5,0.995
53.5,0.995
53.5,0.995
53.5,0.995
53.6,0.995
53.6,0.995
53.6,0.995
53.6,0.995
53.6,0.995
53.6,0.995
53.6,0.995
53.6,0.995
53.6,0.995
53.6,1.000
53.6,1.000
53.6,1.000
53.6,1.000
53.6,1.000
53.6,1.000
53.6,1.000
53.6,1.000
53.6,1.000
53.6,1.000
53.6,1.000
53.6,1.000
53.6,1.000
53.6,1.005
53.6,1.005
53.6,1.005
53.6,1.005
53.6,1.005
53.6,1.005
53.6,1.005
53.6,1.005
53.6,1.005
53.6,1.005
53.6,1.005
53.6,1.005
53.6,1.005
53.6,1.010
53.6,1.010
53.6,1.010
53.6,1.010
53.6,1.010
53.6,1.010
53.6,1.010
53.6,1.010
53.6,1.010
53.7,1.010
53.7,1.010
53.7,1.010
53.7,1.010
53.8,1.015
53.8,1.015
53.8,1.015
53.8,1.015
53.8,1.015
53.8,1.015
53.8,1.015
53.8,1.015
53.8,1.015
53.8,1.015
53.8,1.015
53.8,1.015
53.8,1.020
53.8,1.020
53.8,1.020
53.8,1.020
53.8,1.020
53.8,1.020
53.8,1.020
53.8,1.020
53.8,1.020
53.8,1.020
53.8,1.020
53.8,1.020
53.8,1.025
53.8,1.025
53.8,1.025
53.8,1.025
53.8,1.025
53.8,1.025
53.8,1.025
53.8,1.025
53.8,1.025
53.8,1.025
53.8,1.025
53.8,1.025
53.8,1.025
53.8,1.030
53.8,1.030
53.8,1.030
53.8,1.030
53.8,1.030
53.8,1.030
53.8,1.030
53.8,1.030
53.8,1.030
53.8,1.030
53.8,1.030
53.8,1.030
53.8,1.035
53.8,1.035
53.8,1.035
53.8,1.035
53.8,1.035
53.8,1.035
53.8,1.035
53.8,1.035
53.8,1.035
53.8,1.035
53.8,1.035
53.8,1.035
53.8,1.040
53.8,1.040
53.8,1.040
53.8,1.040
53.8,1.040
53.8,1.040
53.8,1.040
53.8,1.040
53.8,1.040
53.8,1.040
53.9,1.040
53.9,1.040
53.9,1.045
53.9,1.045
53.9,1.045
53.9,1.045
53.9,1.045
53.9,1.045
53.9,1.045
53.9,1.045
53.9,1.045
53.9,1.045
53.9,1.045
53.9,1.045
53.9,1.045
53.9,1.045
53.9,1.050
53.9,1.050
53.9,1.050
53.9,1.050
53.9,1.050
53.9,1.050
54.0,1.050
54.0,1.050
54.0,1.050
54.0,1.050
54.0,1.050
54.0,1.050
54.0,1.050
54.0,1.055
54.0,1.055
54.1,1.055
54.1,1.055
54.1,1.055
54.1,1.055
54.1,1.055
54.1,1.055
54.1,1.055
54.1,1.055
54.1,1.055
54.1,1.055
54.1,1.060
54.1,1.060
54.1,1.060
54.1,1.060
54.0,1.060
54.0,1.060
54.0,1.060
54.0,1.060
54.0,1.060
54.0,1.060
54.0,1.060
54.0,1.060
54.0,1.060
54.0,1.060
54.0,1.065
54.0,1.065
54.0,1.065
54.0,1.065
54.0,1.065
54.0,1.065
54.0,1.065
54.0,1.065
54.0,1.065
54.0,1.065
54.0,1.065
54.0,1.065
54.0,1.065
54.0,1.070
54.0,1.070
54.0,1.070
54.0,1.070
54.0,1.070
54.0,1.070
54.0,1.070
54.0,1.070
54.0,1.070
54.1,1.070
54.1,1.070
54.1,1.070
54.1,1.070
54.1,1.070
54.1,1.075
54.1,1.075
54.1,1.075
54.1,1.075
54.1,1.075
54.1,1.075
54.1,1.075
54.1,1.075
54.1,1.075
54.1,1.075
54.2,1.075
54.2,1.075
54.2,1.075
54.2,1.080
54.2,1.080
54.2,1.080
54.2,1.080
54.2,1.080
54.2,1.080
54.2,1.080
54.2,1.080
54.1,1.080
54.1,1.080
54.1,1.080
54.1,1.080
54.1,1.080
54.1,1.080
54.1,1.085
54.1,1.085
54.1,1.085
54.1,1.085
54.1,1.085
54.1,1.085
54.1,1.085
54.1,1.085
54.1,1.085
54.1,1.085
54.1,1.085
54.1,1.085
54.1,1.085
54.1,1.085
54.1,1.090
54.1,1.090
54.1,1.090
54.1,1.090
54.1,1.090
54.1,1.090
54.1,1.090
54.1,1.090
54.1,1.090
54.1,1.090
54.1,1.090
54.1,1.090
54.1,1.090
54.1,1.090
54.1,1.095
54.1,1.095
54.1,1.095
54.1,1.095
54.1,1.095
54.1,1.095
54.1,1.095
54.1,1.095
54.1,1.095
54.1,1.095
54.1,1.095
54.1,1.095
54.1,1.095
54.1,1.095
54.1,1.100
54.1,1.100
54.1,1.100
54.1,1.100
54.1,1.100
54.1,1.100
54.1,1.100
54.1,1.100
54.2,1.100
54.2,1.100
54.2,1.100
54.2,1.100
54.2,1.100
54.2,1.105
54.2,1.105
54.2,1.105
54.2,1.105
54.2,1.105
54.2,1.105
54.2,1.105
54.2,1.105
54.2,1.105
54.2,1.105
54.2,1.105
54.2,1.105
54.2,1.105
54.2,1.105
54.2,1.110
54.2,1.110
54.2,1.110
54.2,1.110
54.2,1.110
54.2,1.110
54.2,1.110
54.2,1.110
54.2,1.110
54.2,1.110
54.2,1.110
54.2,1.110
54.2,1.110
54.2,1.110
54.2,1.110
54.2,1.115
54.2,1.115
54.2,1.115
54.2,1.115
54.2,1.115
54.2,1.115
54.2,1.115
54.2,1.115
54.2,1.115
54.2,1.115
54.2,1.115
54.2,1.115
54.2,1.115
54.2,1.115
54.2,1.120
54.2,1.120
54.2,1.120
54.2,1.120
54.2,1.120
54.3,1.120
54.3,1.120
54.3,1.120
54.3,1.120
54.3,1.120
54.3,1.120
54.3,1.120
54.3,1.120
54.3,1.120
54.3,1.125
54.3,1.125
54.3,1.125
54.3,1.125
54.3,1.125
54.3,1.125
54.3,1.125
54.3,1.125
54.3,1.125
54.3,1.125
54.3,1.125
54.3,1.125
54.3,1.125
54.3,1.125
54.3,1.125
54.3,1.130
54.3,1.130
54.3,1.130
54.3,1.130
54.5,1.130
54.4,1.130
54.4,1.130
54.4,1.130
54.4,1.130
54.4,1.130
54.4,1.130
54.4,1.130
54.4,1.130
54.4,1.130
54.4,1.130
54.4,1.135
54.4,1.135
54.4,1.135
54.4,1.135
54.4,1.135
54.4,1.135
54.4,1.135
54.5,1.135
54.5,1.135
54.5,1.135
54.5,1.135
54.5,1.135
54.5,1.135
54.5,1.135
54.5,1.135
54.5,1.140
54.5,1.140
54.5,1.140
54.5,1.140
54.5,1.140
54.5,1.140
54.5,1.140
54.5,1.140
54.5,1.140
54.5,1.140
54.5,1.140
54.5,1.140
54.5,1.140
54.5,1.140
54.5,1.140
54.5,1.140
54.5,1.145
54.5,1.145
54.5,1.145
54.5,1.145
54.5,1.145
54.5,1.145
54.5,1.145
54.5,1.145
54.5,1.145
54.5,1.145
54.5,1.145
54.5,1.145
54.5,1.145
54.5,1.145
54.5,1.145
54.5,1.150
54.5,1.150
54.5,1.150
54.5,1.150
54.5,1.150
54.5,1.150
54.5,1.150
54.5,1.150
54.5,1.150
54.5,1.150
54.5,1.150
54.5,1.150
54.5,1.150
54.5,1.150
54.5,1.150
54.5,1.150
54.5,1.155
54.6,1.155
54.6,1.155
54.6,1.155
54.6,1.155
54.6,1.155
54.6,1.155
54.6,1.155
54.6,1.155
54.6,1.155
54.6,1.155
54.6,1.155
54.6,1.155
54.6,1.155
54.6,1.155
54.7,1.155
54.7,1.160
54.7,1.160
54.7,1.160
54.7,1.160
54.7,1.160
54.7,1.160
54.7,1.160
54.7,1.160
54.7,1.160
54.7,1.160
54.7,1.160
54.7,1.160
54.8,1.160
54.8,1.160
54.8,1.165
54.8,1.165
54.8,1.165
54.8,1.165
54.8,1.165
54.8,1.165
54.8,1.165
54.8,1.165
54.9,1.165
54.9,1.165
54.9,1.165
54.9,1.165
54.9,1.165
54.9,1.165
54.9,1.165
54.9,1.170
54.9,1.170
54.9,1.170
54.9,1.170
55.0,1.170
55.0,1.170
55.0,1.170
55.0,1.170
55.0,1.170
55.0,1.170
55.0,1.170
55.0,1.170
55.0,1.170
55.0,1.170
55.0,1.170
55.0,1.175
55.0,1.175
55.0,1.175
55.1,1.175
55.1,1.175
55.1,1.175
55.1,1.175
55.1,1.175
55.1,1.175
55.1,1.175
55.1,1.175
55.1,1.175
55.1,1.175
55.1,1.175
55.2,1.175
55.2,1.180
55.2,1.180
55.2,1.180
55.3,1.180
55.3,1.180
55.3,1.180
55.3,1.180
55.3,1.180
55.3,1.180
55.3,1.180
55.4,1.180
55.4,1.180
55.4,1.180
55.4,1.180
55.4,1.185
55.4,1.185
55.4,1.185
55.4,1.185
55.4,1.185
55.4,1.185
55.4,1.185
55.4,1.185
55.4,1.185
55.4,1.185
55.4,1.185
55.4,1.185
55.4,1.185
55.4,1.185
55.5,1.185
55.5,1.190
55.5,1.190
55.5,1.190
55.5,1.190
55.5,1.190
55.5,1.190
55.5,1.190
55.5,1.190
55.5,1.190
55.5,1.190
55.5,1.190
55.5,1.190
55.5,1.190
55.5,1.190
55.5,1.190
55.5,1.195
55.5,1.195
55.5,1.195
55.5,1.195
55.5,1.195
55.5,1.195
55.5,1.195
55.5,1.195
55.5,1.195
55.5,1.195
55.5,1.195
55.5,1.195
55.5,1.195
55.5,1.195
55.5,1.200
55.5,1.200
55.5,1.200
55.5,1.200
55.5,1.200
55.5,1.200
55.5,1.200
55.5,1.200
55.4,1.200
55.4,1.200
55.4,1.200
55.4,1.200
55.4,1.200
55.4,1.200
55.4,1.200
55.4,1.205
55.4,1.205
55.4,1.205
55.4,1.205
55.4,1.205
55.4,1.205
55.4,1.205
55.4,1.205
55.4,1.205
55.4,1.205
55.4,1.205
55.4,1.205
55.4,1.205
55.4,1.205
55.4,1.205
55.4,1.210
55.4,1.210
55.3,1.210
55.3,1.210
55.3,1.210
55.3,1.210
55.3,1.210
55.3,1.210
55.3,1.210
55.3,1.210
55.3,1.210
55.3,1.210
55.3,1.210
55.3,1.210
55.3,1.210
55.3,1.215
55.3,1.215
55.3,1.215
55.3,1.215
55.3,1.215
55.3,1.215
55.3,1.215
55.3,1.215
55.3,1.215
55.3,1.215
55.3,1.215
55.3,1.215
55.3,1.215
55.3,1.215
55.3,1.215
55.3,1.220
55.4,1.220
55.4,1.220
55.4,1.220
55.4,1.220
55.4,1.220
55.4,1.220
55.4,1.220
55.4,1.220
55.4,1.220
55.4,1.220
55.4,1.220
55.4,1.220
55.4,1.220
55.4,1.220
55.4,1.225
55.5,1.225
55.5,1.225
55.5,1.225
55.5,1.225
55.5,1.225
55.5,1.225
55.5,1.225
55.5,1.225
55.5,1.225
55.5,1.225
55.5,1.225
55.5,1.225
55.5,1.225
55.5,1.230
55.5,1.230
55.5,1.230
55.6,1.230
55.6,1.230
55.6,1.230
55.6,1.230
55.6,1.230
55.6,1.230
55.6,1.230
55.6,1.230
55.6,1.230
55.6,1.230
55.6,1.230
55.6,1.235
55.7,1.235
55.7,1.235
55.7,1.235
55.7,1.235
55.7,1.235
55.7,1.235
55.7,1.235
55.7,1.235
55.7,1.235
55.8,1.235
55.8,1.235
55.8,1.235
55.8,1.235
55.8,1.240
55.8,1.240
55.8,1.240
55.8,1.240
55.8,1.240
55.8,1.240
55.9,1.240
55.9,1.240
55.9,1.240
55.9,1.240
55.9,1.240
55.9,1.240
55.9,1.245
55.9,1.245
55.9,1.245
56.0,1.245
56.0,1.245
56.0,1.245
56.0,1.245
56.0,1.245
56.0,1.245
56.0,1.245
56.0,1.245
56.0,1.245
56.0,1.245
56.0,1.250
56.0,1.250
56.0,1.250
56.0,1.250
56.0,1.250
56.1,1.250
56.1,1.250
56.2,1.250
56.2,1.250
56.1,1.250
56.1,1.250
56.1,1.250
56.1,1.250
56.2,1.255
56.2,1.255
56.2,1.255
56.2,1.255
56.2,1.255
56.2,1.255
56.2,1.255
56.2,1.255
56.2,1.255
56.2,1.255
56.2,1.255
56.2,1.255
56.2,1.255
56.2,1.260
56.2,1.260
56.2,1.260
56.2,1.260
56.2,1.260
56.2,1.260
56.2,1.260
56.2,1.260
56.2,1.260
56.2,1.260
56.2,1.260
56.2,1.260
56.2,1.265
56.2,1.265
56.1,1.265
56.1,1.265
56.1,1.265
56.1,1.265
56.1,1.265
56.1,1.265
56.1,1.265
56.1,1.265
56.1,1.265
56.1,1.265
56.1,1.265
56.1,1.270
56.1,1.270
56.1,1.270
56.1,1.270
56.1,1.270
56.1,1.270
56.1,1.270
56.1,1.270
56.1,1.270
56.1,1.270
56.0,1.270
56.0,1.270
56.0,1.270
56.0,1.270
56.0,1.275
56.0,1.275
56.0,1.275
56.0,1.275
56.0,1.275
56.0,1.275
56.0,1.275
56.0,1.275
56.0,1.275
56.0,1.275
56.1,1.275
56.1,1.275
56.1,1.275
56.1,1.280
56.1,1.280
56.1,1.280
56.1,1.280
56.1,1.280
56.1,1.280
56.1,1.280
56.1,1.280
56.1,1.280
56.1,1.280
56.1,1.280
56.1,1.280
56.1,1.280
56.1,1.280
56.1,1.280
56.1,1.285
56.1,1.285
56.1,1.285
56.2,1.285
56.2,1.285
56.2,1.285
56.2,1.285
56.2,1.285
56.2,1.285
56.2,1.285
56.2,1.285
56.2,1.285
56.2,1.285
56.2,1.285
56.2,1.285
56.2,1.290
56.2,1.290
56.2,1.290
56.2,1.290
56.3,1.290
56.3,1.290
56.3,1.290
56.3,1.290
56.3,1.290
56.3,1.290
56.3,1.290
56.3,1.290
56.3,1.290
56.3,1.290
56.3,1.290
56.3,1.290
56.3,1.290
56.3,1.295
56.3,1.295
56.3,1.295
56.3,1.295
56.3,1.295
56.3,1.295
56.3,1.295
56.3,1.295
56.3,1.295
56.3,1.295
56.3,1.295
56.3,1.295
56.4,1.295
56.4,1.295
56.4,1.295
56.4,1.295
56.4,1.300
56.4,1.300
56.4,1.300
56.4,1.300
56.4,1.300
56.4,1.300
56.4,1.300
56.4,1.300
56.4,1.300
56.4,1.300
56.4,1.300
56.4,1.300
56.4,1.300
56.4,1.300
56.4,1.300
56.4,1.300
56.4,1.300
56.4,1.300
56.4,1.305
56.4,1.305
56.4,1.305
56.4,1.305
56.4,1.305
56.4,1.305
56.4,1.305
56.3,1.305
56.3,1.305
56.2,1.305
56.3,1.305
56.2,1.305
56.2,1.305
56.2,1.305
56.2,1.305
56.2,1.305
56.2,1.305
56.2,1.305
56.2,1.310
56.2,1.310
56.2,1.310
56.2,1.310
56.2,1.310
56.1,1.310
56.1,1.310
56.1,1.310
56.1,1.310
56.1,1.310
56.1,1.310
56.1,1.310
56.1,1.310
56.1,1.310
56.1,1.310
56.1,1.310
56.1,1.310
56.1,1.310
56.1,1.310
56.1,1.315
56.1,1.315
56.1,1.315
56.1,1.315
56.1,1.315
56.1,1.315
56.1,1.315
56.1,1.315
56.1,1.315
56.1,1.315
56.2,1.315
56.2,1.315
56.2,1.315
56.2,1.315
56.2,1.315
56.2,1.315
56.2,1.315
56.2,1.315
56.2,1.320
56.2,1.320
56.2,1.320
56.2,1.320
56.2,1.320
56.3,1.320
56.3,1.320
56.3,1.320
56.3,1.320
56.3,1.320
56.3,1.320
56.3,1.320
56.3,1.320
56.4,1.320
56.5,1.320
56.5,1.320
56.5,1.320
56.5,1.320
56.5,1.325
56.5,1.325
56.5,1.325
56.5,1.325
56.5,1.325
56.5,1.325
56.6,1.325
56.6,1.325
56.6,1.325
56.6,1.325
56.6,1.325
56.7,1.325
56.7,1.325
56.7,1.325
56.7,1.325
56.7,1.325
56.7,1.325
56.7,1.325
56.7,1.325
56.7,1.330
56.7,1.330
56.7,1.330
56.7,1.330
56.7,1.330
56.7,1.330
56.7,1.330
56.7,1.330
56.7,1.330
56.7,1.330
56.7,1.330
56.7,1.330
56.7,1.330
56.7,1.330
56.7,1.330
56.7,1.330
56.7,1.330
56.7,1.330
56.7,1.330
56.7,1.330
56.7,1.335
56.7,1.335
56.7,1.335
56.7,1.335
56.7,1.335
56.7,1.335
56.7,1.335
56.7,1.335
56.7,1.335
56.7,1.335
56.7,1.335
56.7,1.335
56.7,1.335
56.7,1.335
56.7,1.335
56.7,1.335
56.7,1.335
56.7,1.335
56.7,1.335
56.7,1.340
56.7,1.340
56.7,1.340
56.7,1.340
56.7,1.340
56.7,1.340
56.7,1.340
56.7,1.340
56.7,1.340
56.7,1.340
56.7,1.340
56.7,1.340
56.7,1.340
56.7,1.340
56.7,1.340
56.7,1.340
56.7,1.340
56.7,1.340
56.7,1.345
56.7,1.345
56.7,1.345
56.7,1.345
56.7,1.345
56.7,1.345
56.7,1.345
56.7,1.345
56.7,1.345
56.7,1.345
56.7,1.345
56.7,1.345
56.7,1.345
56.7,1.345
56.7,1.345
56.7,1.345
56.7,1.345
56.8,1.345
56.8,1.345
56.8,1.350
56.8,1.350
56.8,1.350
56.8,1.350
56.8,1.350
56.8,1.350
56.8,1.350
56.8,1.350
56.8,1.350
56.8,1.350
56.8,1.350
56.8,1.350
56.8,1.350
56.8,1.350
56.9,1.350
56.9,1.350
57.0,1.350
56.9,1.350
56.9,1.350
56.9,1.355
57.0,1.355
57.0,1.355
57.0,1.355
57.0,1.355
57.0,1.355
57.0,1.355
57.0,1.355
57.1,1.355
57.1,1.355
57.1,1.355
57.1,1.355
57.2,1.355
57.2,1.355
57.2,1.355
57.2,1.355
57.3,1.355
57.3,1.360
57.3,1.360
57.3,1.360
57.3,1.360
57.3,1.360
57.3,1.360
57.3,1.360
57.3,1.360
57.3,1.360
57.3,1.360
57.3,1.360
57.3,1.360
57.3,1.360
57.3,1.360
57.4,1.360
57.4,1.360
57.4,1.360
57.4,1.360
57.4,1.365
57.4,1.365
57.4,1.365
57.4,1.365
57.4,1.365
57.4,1.365
57.4,1.365
57.4,1.365
57.4,1.365
57.4,1.365
57.4,1.365
57.4,1.365
57.4,1.365
57.4,1.365
57.4,1.365
57.4,1.365
57.4,1.365
57.4,1.370
57.4,1.370
57.4,1.370
57.4,1.370
57.4,1.370
57.4,1.370
57.4,1.370
57.4,1.370
57.4,1.370
57.4,1.370
57.4,1.370
57.4,1.370
57.4,1.370
57.4,1.370
57.4,1.370
57.4,1.370
57.3,1.370
57.3,1.375
57.3,1.375
57.3,1.375
57.3,1.375
57.3,1.375
57.3,1.375
57.3,1.375
57.3,1.375
57.3,1.375
57.3,1.375
57.3,1.375
57.3,1.375
57.3,1.375
57.3,1.375
57.3,1.375
57.3,1.375
57.3,1.380
57.3,1.380
57.3,1.380
57.3,1.380
57.3,1.380
57.4,1.380
57.4,1.380
57.4,1.380
57.4,1.380
57.4,1.380
57.4,1.380
57.4,1.380
57.4,1.380
57.4,1.380
57.4,1.380
57.4,1.380
57.4,1.385
57.4,1.385
57.4,1.385
57.4,1.385
57.4,1.385
57.4,1.385
57.4,1.385
57.4,1.385
57.4,1.385
57.4,1.385
57.4,1.385
57.4,1.385
57.5,1.385
57.5,1.385
57.5,1.385
57.5,1.385
57.5,1.385
57.5,1.390
57.5,1.390
57.5,1.390
57.5,1.390
57.6,1.390
57.6,1.390
57.6,1.390
57.6,1.390
57.6,1.390
57.6,1.390
57.6,1.390
57.6,1.390
57.6,1.390
57.6,1.390
57.6,1.390
57.6,1.390
57.6,1.395
57.6,1.395
57.6,1.395
57.6,1.395
57.6,1.395
57.6,1.395
57.7,1.395
57.7,1.395
57.7,1.395
57.7,1.395
57.7,1.395
57.7,1.395
57.7,1.395
57.7,1.395
57.7,1.395
57.7,1.395
57.7,1.400
57.7,1.400
57.6,1.400
57.6,1.400
57.6,1.400
57.6,1.400
57.6,1.400
57.6,1.400
57.6,1.400
57.6,1.400
57.6,1.400
57.5,1.400
57.5,1.400
57.5,1.400
57.5,1.400
57.5,1.400
57.5,1.405
57.5,1.405
57.5,1.405
57.5,1.405
57.5,1.405
57.5,1.405
57.5,1.405
57.5,1.405
57.5,1.405
57.5,1.405
57.5,1.405
57.5,1.405
57.4,1.405
57.4,1.405
57.4,1.405
57.4,1.405
57.3,1.405
57.3,1.410
57.3,1.410
57.3,1.410
57.3,1.410
57.3,1.410
57.3,1.410
57.3,1.410
57.3,1.410
57.3,1.410
57.3,1.410
57.3,1.410
57.3,1.410
57.3,1.410
57.3,1.410
57.3,1.410
57.3,1.410
57.3,1.410
57.3,1.410
57.3,1.415
57.3,1.415
57.3,1.415
57.3,1.415
57.3,1.415
57.3,1.415
57.3,1.415
57.3,1.415
57.3,1.415
57.3,1.415
57.3,1.415
57.3,1.415
57.3,1.415
57.3,1.415
57.3,1.415
57.3,1.415
57.3,1.415
57.3,1.420
57.3,1.420
57.3,1.420
57.3,1.420
57.3,1.420
57.3,1.420
57.3,1.420
57.3,1.420
57.3,1.420
57.3,1.420
57.3,1.420
57.3,1.420
57.3,1.420
57.3,1.420
57.3,1.420
57.3,1.425
57.3,1.425
57.3,1.425
57.4,1.425
57.4,1.425
57.4,1.425
57.4,1.425
57.4,1.425
57.4,1.425
57.4,1.425
57.4,1.425
57.4,1.425
57.4,1.425
57.4,1.425
57.4,1.425
57.4,1.425
57.4,1.425
57.4,1.425
57.5,1.430
57.5,1.430
57.5,1.430
57.5,1.430
57.5,1.430
57.5,1.430
57.5,1.430
57.5,1.430
57.5,1.430
57.5,1.430
57.5,1.430
57.5,1.430
57.5,1.430
57.5,1.430
57.5,1.430
57.5,1.430
57.5,1.430
57.5,1.430
57.6,1.430
57.6,1.435
57.6,1.435
57.6,1.435
57.6,1.435
57.6,1.435
57.6,1.435
57.6,1.435
57.6,1.435
57.7,1.435
57.7,1.435
57.7,1.435
57.7,1.435
57.7,1.435
57.7,1.435
57.7,1.435
57.7,1.435
57.7,1.435
57.7,1.435
57.7,1.440
57.7,1.440
57.7,1.440
57.7,1.440
57.8,1.440
57.8,1.440
57.8,1.440
57.8,1.440
57.8,1.440
57.8,1.440
57.8,1.440
57.8,1.440
57.8,1.440
57.8,1.440
57.8,1.440
57.8,1.440
57.8,1.440
57.8,1.440
57.8,1.440
57.8,1.445
57.8,1.445
57.8,1.445
57.8,1.445
57.8,1.445
57.8,1.445
57.8,1.445
57.8,1.445
57.8,1.445
57.8,1.445
57.9,1.445
57.8,1.445
57.9,1.445
57.9,1.445
57.9,1.445
57.9,1.445
57.9,1.445
57.9,1.445
57.9,1.445
57.9,1.445
57.9,1.450
57.9,1.450
57.9,1.450
57.9,1.450
57.9,1.450
57.9,1.450
57.9,1.450
57.9,1.450
57.9,1.450
57.9,1.450
57.9,1.450
57.9,1.450
57.9,1.450
57.9,1.450
57.9,1.450
57.9,1.450
57.9,1.450
57.9,1.450
57.9,1.450
57.9,1.450
57.9,1.450
57.9,1.455
57.9,1.455
57.9,1.455
57.9,1.455
57.9,1.455
57.9,1.455
57.9,1.455
57.9,1.455
57.9,1.455
57.9,1.455
57.9,1.455
57.9,1.455
57.9,1.455
57.9,1.455
57.9,1.455
57.9,1.455
57.9,1.455
57.9,1.455
57.9,1.455
57.9,1.455
57.9,1.460
57.9,1.460
57.9,1.460
57.9,1.460
57.9,1.460
57.9,1.460
57.9,1.460
57.9,1.460
57.9,1.460
57.9,1.460
57.9,1.460
57.9,1.460
57.9,1.460
57.9,1.460
57.9,1.460
57.9,1.460
57.9,1.460
57.9,1.460
57.9,1.460
57.9,1.460
57.9,1.460
57.9,1.465
57.9,1.465
57.9,1.465
57.9,1.465
57.9,1.465
57.9,1.465
57.9,1.465
57.9,1.465
57.9,1.465
57.9,1.465
57.9,1.465
57.9,1.465
57.9,1.465
57.9,1.465
57.9,1.465
57.9,1.465
57.9,1.465
57.9,1.465
57.9,1.465
57.9,1.465
57.9,1.465
57.9,1.465
57.9,1.465
57.9,1.470
57.9,1.470
57.9,1.470
57.9,1.470
57.9,1.470
57.9,1.470
57.9,1.470
57.9,1.470
57.9,1.470
57.9,1.470
57.9,1.470
57.9,1.470
57.9,1.470
57.9,1.470
57.9,1.470
57.9,1.470
57.9,1.470
57.9,1.470
57.9,1.470
57.9,1.470
57.9,1.470
57.9,1.470
57.9,1.470
57.9,1.475
57.9,1.475
57.9,1.475
57.9,1.475
57.9,1.475
57.9,1.475
57.9,1.475
57.9,1.475
57.9,1.475
57.9,1.475
57.9,1.475
57.9,1.475
57.9,1.475
57.9,1.475
57.9,1.475
57.9,1.475
57.9,1.475
57.9,1.475
57.9,1.475
57.9,1.475
57.9,1.475
57.9,1.475
57.9,1.475
57.9,1.480
57.9,1.480
57.9,1.480
57.9,1.480
57.9,1.480
57.9,1.480
57.9,1.480
57.9,1.480
57.9,1.480
57.9,1.480
57.9,1.480
57.9,1.480
57.9,1.480
57.9,1.480
57.9,1.480
57.9,1.480
57.9,1.480
57.9,1.480
57.9,1.480
57.9,1.480
57.9,1.480
57.9,1.480
57.9,1.480
57.9,1.480
57.9,1.485
57.9,1.485
57.9,1.485
57.9,1.485
57.9,1.485
57.9,1.485
57.9,1.485
57.9,1.485
57.9,1.485
57.9,1.485
57.9,1.485
57.9,1.485
57.9,1.485
58.0,1.485
58.0,1.485
58.0,1.485
58.0,1.485
58.0,1.485
58.0,1.485
58.0,1.485
58.0,1.485
57.9,1.485
57.9,1.485
57.9,1.485
57.9,1.485
57.9,1.490
57.9,1.490
57.9,1.490
57.9,1.490
57.9,1.490
57.9,1.490
57.9,1.490
57.9,1.490
57.9,1.490
57.9,1.490
57.9,1.490
57.9,1.490
57.9,1.490
57.9,1.490
57.9,1.490
57.9,1.490
57.9,1.490
57.9,1.490
57.9,1.490
57.9,1.490
57.9,1.490
57.9,1.490
57.9,1.490
57.9,1.490
57.9,1.490
57.9,1.495
57.9,1.495
57.9,1.495
57.9,1.495
57.9,1.495
57.9,1.495
57.9,1.495
57.9,1.495
57.9,1.495
57.9,1.495
57.9,1.495
57.9,1.495
57.9,1.495
57.9,1.495
57.9,1.495
57.9,1.495
57.9,1.495
57.9,1.495
57.9,1.495
57.9,1.495
57.9,1.495
57.9,1.495
57.9,1.495
57.9,1.495
57.9,1.495
57.9,1.500
57.9,1.500
57.9,1.500
57.9,1.500
57.9,1.500
57.9,1.500
57.9,1.500
57.9,1.500
57.9,1.500
57.9,1.500
57.9,1.500
57.9,1.500
57.9,1.500
57.9,1.500
57.9,1.500
57.9,1.500
57.9,1.500
58.0,1.500
58.0,1.500
58.0,1.500
58.0,1.500
58.0,1.500
58.0,1.505
58.0,1.505
58.0,1.505
58.0,1.505
58.0,1.505
58.0,1.505
58.0,1.505
58.0,1.505
58.0,1.505
58.0,1.505
58.0,1.505
58.0,1.505
58.0,1.505
58.0,1.505
58.0,1.505
58.0,1.505
58.0,1.505
58.1,1.505
58.1,1.505
58.1,1.505
58.1,1.505
58.1,1.505
58.1,1.505
58.1,1.505
58.1,1.510
58.1,1.510
58.1,1.510
58.1,1.510
58.1,1.510
58.1,1.510
58.1,1.510
58.1,1.510
58.1,1.510
58.1,1.510
58.1,1.510
58.1,1.510
58.1,1.510
58.1,1.510
58.1,1.510
58.1,1.510
58.1,1.510
58.1,1.510
58.1,1.510
58.1,1.510
58.1,1.510
58.1,1.510
58.1,1.510
58.1,1.515
58.1,1.515
58.1,1.515
58.1,1.515
58.1,1.515
58.1,1.515
58.1,1.515
58.1,1.515
58.1,1.515
58.1,1.515
58.1,1.515
58.1,1.515
58.1,1.515
58.1,1.515
58.1,1.515
58.1,1.515
58.1,1.515
58.1,1.515
58.1,1.515
58.1,1.515
58.1,1.515
58.1,1.515
58.1,1.520
58.1,1.520
58.1,1.520
58.1,1.520
58.1,1.520
58.1,1.520
58.1,1.520
58.1,1.520
58.1,1.520
58.1,1.520
58.0,1.520
58.0,1.520
58.0,1.520
58.0,1.520
58.0,1.520
58.0,1.520
58.0,1.520
58.0,1.520
58.0,1.520
58.0,1.520
58.0,1.520
58.0,1.520
58.0,1.525
58.0,1.525
58.0,1.525
58.0,1.525
58.0,1.525
58.0,1.525
58.0,1.525
58.0,1.525
58.0,1.525
58.0,1.525
58.0,1.525
57.9,1.525
57.9,1.525
57.9,1.525
57.9,1.525
57.9,1.525
57.9,1.525
57.9,1.525
57.9,1.525
57.9,1.525
57.9,1.525
57.9,1.525
57.9,1.525
57.9,1.525
57.9,1.530
57.8,1.530
57.8,1.530
57.8,1.530
57.8,1.530
57.8,1.530
57.8,1.530
57.8,1.530
57.8,1.530
57.8,1.530
57.8,1.530
57.8,1.530
57.7,1.530
57.7,1.530
57.7,1.530
57.7,1.530
57.7,1.530
57.7,1.530
57.7,1.530
57.7,1.530
57.7,1.530
57.7,1.530
57.7,1.530
57.7,1.530
57.7,1.530
57.7,1.535
57.7,1.535
57.7,1.535
57.7,1.535
57.7,1.535
57.7,1.535
57.7,1.535
57.7,1.535
57.7,1.535
57.6,1.535
57.6,1.535
57.6,1.535
57.6,1.535
57.6,1.535
57.6,1.535
57.6,1.535
57.6,1.535
57.6,1.535
57.6,1.535
57.6,1.535
57.6,1.535
57.6,1.535
57.6,1.535
57.6,1.535
57.6,1.540
57.7,1.540
57.7,1.540
57.7,1.540
57.7,1.540
57.7,1.540
57.7,1.540
57.7,1.540
57.7,1.540
57.7,1.540
57.7,1.540
57.7,1.540
57.7,1.540
57.7,1.540
57.8,1.540
57.8,1.540
57.8,1.540
57.8,1.540
57.8,1.540
57.8,1.540
57.8,1.540
57.8,1.540
57.8,1.540
57.8,1.540
57.8,1.540
57.8,1.540
57.8,1.540
57.8,1.545
57.8,1.545
57.8,1.545
57.8,1.545
57.8,1.545
57.8,1.545
57.8,1.545
57.8,1.545
57.8,1.545
57.8,1.545
57.8,1.545
57.8,1.545
57.8,1.545
57.8,1.545
57.7,1.545
57.7,1.545
57.7,1.545
57.7,1.545
57.7,1.545
57.7,1.545
57.7,1.545
57.7,1.545
57.7,1.545
57.7,1.545
57.7,1.545
57.7,1.545
57.7,1.545
57.7,1.550
57.7,1.550
57.7,1.550
57.7,1.550
57.7,1.550
57.7,1.550
57.7,1.550
57.7,1.550
57.7,1.550
57.7,1.550
57.7,1.550
57.7,1.550
57.7,1.550
57.7,1.550
57.7,1.550
57.7,1.550
57.7,1.550
57.7,1.550
57.7,1.550
57.7,1.550
57.7,1.550
57.7,1.550
57.7,1.550
57.7,1.550
57.7,1.550
57.7,1.550
57.7,1.550
57.7,1.550
57.7,1.555
57.7,1.555
57.7,1.555
57.7,1.555
57.7,1.555
57.7,1.555
57.7,1.555
57.7,1.555
57.7,1.555
57.7,1.555
57.7,1.555
57.7,1.555
57.7,1.555
57.7,1.555
57.7,1.555
57.6,1.555
57.6,1.555
57.6,1.555
57.6,1.555
57.6,1.555
57.6,1.555
57.6,1.555
57.6,1.555
57.6,1.555
57.5,1.555
57.5,1.555
57.5,1.555
57.5,1.555
57.5,1.560
57.5,1.560
57.5,1.560
57.5,1.560
57.5,1.560
57.5,1.560
57.5,1.560
57.5,1.560
57.5,1.560
57.5,1.560
57.5,1.560
57.5,1.560
57.5,1.560
57.5,1.560
57.5,1.560
57.5,1.560
57.5,1.560
57.5,1.560
57.5,1.560
57.5,1.560
57.5,1.560
57.5,1.560
57.5,1.560
57.5,1.560
57.5,1.560
57.5,1.560
57.5,1.560
57.5,1.560
57.4,1.565
57.4,1.565
57.4,1.565
57.4,1.565
57.4,1.565
57.4,1.565
57.4,1.565
57.4,1.565
57.4,1.565
57.4,1.565
57.4,1.565
57.4,1.565
57.4,1.565
57.4,1.565
57.4,1.565
57.4,1.565
57.4,1.565
57.4,1.565
57.4,1.565
57.4,1.565
57.4,1.565
57.4,1.565
57.4,1.565
57.4,1.565
57.4,1.565
57.4,1.565
57.4,1.565
57.4,1.565
57.4,1.565
57.4,1.570
57.4,1.570
57.3,1.570
57.3,1.570
57.3,1.570
57.3,1.570
57.3,1.570
57.3,1.570
57.3,1.570
57.3,1.570
57.3,1.570
57.3,1.570
57.3,1.570
57.3,1.570
57.3,1.570
57.3,1.570
57.3,1.570
57.3,1.570
57.3,1.570
57.3,1.570
57.3,1.570
57.3,1.570
57.3,1.570
57.3,1.570
57.3,1.570
57.2,1.570
57.2,1.570
57.2,1.570
57.2,1.575
57.2,1.575
57.2,1.575
57.2,1.575
57.2,1.575
57.2,1.575
57.2,1.575
57.2,1.575
57.2,1.575
57.2,1.575
57.2,1.575
57.2,1.575
57.2,1.575
57.2,1.575
57.2,1.575
57.2,1.575
57.2,1.575
57.2,1.575
57.2,1.575
57.2,1.575
57.2,1.575
57.2,1.575
57.2,1.575
57.2,1.575
57.2,1.575
57.2,1.575
57.2,1.575
57.2,1.580
57.2,1.580
57.2,1.580
57.2,1.580
57.2,1.580
57.2,1.580
57.3,1.580
57.3,1.580
57.3,1.580
57.3,1.580
57.3,1.580
57.3,1.580
57.3,1.580
57.3,1.580
57.3,1.580
57.3,1.580
57.3,1.580
57.3,1.580
57.3,1.580
57.3,1.580
57.3,1.580
57.3,1.580
57.3,1.580
57.3,1.580
57.3,1.580
57.3,1.580
57.3,1.585
57.3,1.585
57.3,1.585
57.3,1.585
57.3,1.585
57.3,1.585
57.3,1.585
57.3,1.585
57.3,1.585
57.3,1.585
57.4,1.585
57.4,1.585
57.4,1.585
57.4,1.585
57.4,1.585
57.4,1.585
57.4,1.585
57.4,1.585
57.4,1.585
57.4,1.585
57.4,1.585
57.4,1.585
57.4,1.585
57.4,1.585
57.4,1.585
57.4,1.585
57.4,1.585
57.4,1.585
57.4,1.590
57.4,1.590
57.4,1.590
57.4,1.590
57.4,1.590
57.4,1.590
57.4,1.590
57.4,1.590
57.4,1.590
57.4,1.590
57.4,1.590
57.4,1.590
57.4,1.590
57.4,1.590
57.4,1.590
57.4,1.590
57.4,1.590
57.4,1.590
57.4,1.590
57.4,1.590
57.4,1.590
57.4,1.590
57.4,1.590
57.4,1.590
57.4,1.590
57.4,1.590
57.4,1.590
57.4,1.590
57.4,1.595
57.4,1.595
57.4,1.595
57.4,1.595
57.4,1.595
57.4,1.595
57.4,1.595
57.4,1.595
57.4,1.595
57.4,1.595
57.4,1.595
57.4,1.595
57.4,1.595
57.4,1.595
57.4,1.595
57.3,1.595
57.3,1.595
57.3,1.595
57.3,1.595
57.3,1.595
57.3,1.595
57.3,1.595
57.3,1.595
57.3,1.595
57.3,1.595
57.3,1.595
57.3,1.600
57.3,1.600
57.3,1.600
57.3,1.600
57.3,1.600
57.3,1.600
57.3,1.600
57.3,1.600
57.3,1.600
57.3,1.600
57.3,1.600
57.3,1.600
57.3,1.600
57.3,1.600
57.3,1.600
57.3,1.600
57.3,1.600
57.3,1.600
57.3,1.600
57.3,1.600
57.3,1.600
57.2,1.600
57.2,1.600
57.2,1.600
57.2,1.600
57.2,1.600
57.2,1.600
57.2,1.600
57.2,1.605
57.2,1.605
57.2,1.605
57.2,1.605
57.2,1.605
57.2,1.605
57.2,1.605
57.2,1.605
57.2,1.605
57.2,1.605
57.2,1.605
57.2,1.605
57.2,1.605
57.2,1.605
57.2,1.605
57.2,1.605
57.2,1.605
57.2,1.605
57.2,1.605
57.2,1.605
57.2,1.605
57.2,1.605
57.2,1.605
57.2,1.605
57.2,1.605
57.2,1.605
57.2,1.605
57.2,1.605
57.2,1.605
57.2,1.610
57.2,1.610
57.2,1.610
57.2,1.610
57.2,1.610
57.2,1.610
57.2,1.610
57.2,1.610
57.2,1.610
57.2,1.610
57.2,1.610
57.2,1.610
57.2,1.610
57.2,1.610
57.2,1.610
57.2,1.610
57.2,1.610
57.2,1.610
57.2,1.610
57.2,1.610
57.2,1.610
57.2,1.610
57.2,1.610
57.2,1.610
57.2,1.610
57.2,1.610
57.2,1.610
57.2,1.610
57.2,1.610
57.2,1.610
57.2,1.615
57.2,1.615
57.2,1.615
57.2,1.615
57.2,1.615
57.2,1.615
57.2,1.615
57.2,1.615
57.2,1.615
57.2,1.615
57.2,1.615
57.2,1.615
57.2,1.615
57.2,1.615
57.2,1.615
57.2,1.615
57.2,1.615
57.2,1.615
57.2,1.615
57.2,1.615
57.2,1.615
57.2,1.615
57.2,1.615
57.2,1.615
57.2,1.615
57.2,1.615
57.2,1.615
57.2,1.615
57.2,1.620
57.2,1.620
57.2,1.620
57.2,1.620
57.2,1.620
57.2,1.620
57.2,1.620
57.2,1.620
57.2,1.620
57.2,1.620
57.2,1.620
57.2,1.620
57.2,1.620
57.2,1.620
57.2,1.620
57.2,1.620
57.2,1.620
57.2,1.620
57.2,1.620
57.2,1.620
57.2,1.620
57.2,1.620
57.2,1.620
57.2,1.620
57.2,1.620
57.2,1.620
57.2,1.620
57.2,1.620
57.2,1.620
57.2,1.620
57.2,1.620
57.2,1.625
57.2,1.625
57.2,1.625
57.2,1.625
57.2,1.625
57.2,1.625
57.2,1.625
57.2,1.625
57.2,1.625
57.2,1.625
57.1,1.625
57.1,1.625
57.1,1.625
57.1,1.625
57.1,1.625
57.1,1.625
57.1,1.625
57.1,1.625
57.1,1.625
57.1,1.625
57.1,1.625
57.1,1.625
57.1,1.625
57.1,1.625
57.1,1.625
57.1,1.625
57.1,1.625
57.1,1.625
57.1,1.625
57.1,1.625
57.1,1.630
57.1,1.630
57.1,1.630
57.1,1.630
57.1,1.630
57.1,1.630
57.1,1.630
57.1,1.630
57.1,1.630
57.1,1.630
57.1,1.630
57.1,1.630
57.1,1.630
57.1,1.630
57.1,1.630
57.1,1.630
57.1,1.630
57.1,1.630
57.1,1.630
57.1,1.630
57.1,1.630
57.1,1.630
57.1,1.630
57.1,1.630
57.1,1.630
57.1,1.630
57.1,1.630
57.1,1.630
57.1,1.630
57.1,1.630
57.1,1.630
57.1,1.630
57.1,1.630
57.1,1.635
57.1,1.635
57.1,1.635
57.1,1.635
57.1,1.635
57.1,1.635
57.1,1.635
57.1,1.635
57.1,1.635
57.1,1.635
57.1,1.635
57.1,1.635
57.1,1.635
57.1,1.635
57.1,1.635
57.1,1.635
57.1,1.635
57.1,1.635
57.1,1.635
57.1,1.635
57.1,1.635
57.1,1.635
57.1,1.635
57.1,1.635
57.1,1.635
57.1,1.635
57.1,1.635
57.1,1.635
57.1,1.635
57.1,1.635
57.1,1.635
57.1,1.640
57.1,1.640
57.1,1.640
57.1,1.640
57.1,1.640
57.1,1.640
57.1,1.640
57.1,1.640
57.1,1.640
57.1,1.640
57.1,1.640
57.1,1.640
57.1,1.640
57.1,1.640
57.1,1.640
57.1,1.640
57.1,1.640
57.1,1.640
57.1,1.640
57.1,1.640
57.1,1.640
57.1,1.640
57.1,1.640
57.1,1.640
57.1,1.640
57.1,1.640
57.1,1.640
57.1,1.640
57.1,1.640
57.1,1.640
57.1,1.640
57.1,1.645
57.1,1.645
57.1,1.645
57.1,1.645
57.1,1.645
57.1,1.645
57.1,1.645
57.0,1.645
57.0,1.645
57.0,1.645
57.0,1.645
57.0,1.645
57.0,1.645
57.0,1.645
57.0,1.645
57.0,1.645
57.0,1.645
57.0,1.645
57.0,1.645
56.9,1.645
56.9,1.645
56.9,1.645
56.9,1.645
56.9,1.645
56.9,1.645
56.9,1.645
56.9,1.645
56.9,1.645
56.9,1.645
56.9,1.645
56.9,1.645
56.9,1.645
56.9,1.645
56.9,1.650
56.9,1.650
56.9,1.650
56.9,1.650
56.9,1.650
56.9,1.650
56.9,1.650
56.9,1.650
56.9,1.650
56.9,1.650
56.9,1.650
56.9,1.650
56.9,1.650
56.9,1.650
56.9,1.650
56.9,1.650
56.9,1.650
56.9,1.650
56.9,1.650
56.9,1.650
56.9,1.650
56.9,1.650
56.9,1.650
56.9,1.650
56.9,1.650
56.9,1.650
56.9,1.650
56.9,1.650
56.9,1.650
56.9,1.650
56.9,1.650
56.9,1.655
56.9,1.655
56.9,1.655
56.9,1.655
56.9,1.655
56.9,1.655
56.9,1.655
56.9,1.655
56.9,1.655
56.9,1.655
56.9,1.655
56.9,1.655
56.9,1.655
56.9,1.655
56.9,1.655
56.9,1.655
56.9,1.655
56.9,1.655
56.9,1.655
56.9,1.655
56.9,1.655
56.9,1.655
56.9,1.655
56.9,1.655
56.9,1.655
56.9,1.655
56.9,1.655
56.9,1.655
56.9,1.655
56.9,1.660
56.9,1.660
56.9,1.660
56.9,1.660
56.9,1.660
56.9,1.660
56.9,1.660
56.9,1.660
56.9,1.660
56.9,1.660
56.9,1.660
56.9,1.660
56.9,1.660
56.9,1.660
56.9,1.660
56.9,1.660
56.9,1.660
56.9,1.660
56.9,1.660
56.9,1.660
56.9,1.660
56.9,1.660
56.9,1.660
56.9,1.660
56.9,1.660
56.9,1.665
56.9,1.665
56.9,1.665
56.9,1.665
56.9,1.665
56.9,1.665
56.9,1.665
56.9,1.665
56.9,1.665
56.9,1.665
57.0,1.665
57.0,1.665
57.0,1.665
57.0,1.665
57.0,1.665
57.0,1.665
57.0,1.665
57.0,1.665
57.0,1.665
57.0,1.665
57.0,1.665
57.0,1.665
57.0,1.665
57.0,1.665
57.0,1.665
57.0,1.665
57.0,1.665
57.0,1.665
57.0,1.670
57.0,1.670
57.0,1.670
57.0,1.670
57.0,1.670
57.0,1.670
57.0,1.670
57.0,1.670
57.0,1.670
57.0,1.670
57.0,1.670
57.0,1.670
57.0,1.670
57.0,1.670
57.0,1.670
57.0,1.670
57.0,1.670
57.0,1.670
57.0,1.670
57.0,1.670
57.0,1.670
57.0,1.670
57.0,1.670
57.0,1.670
57.0,1.670
57.0,1.670
57.0,1.675
57.0,1.675
57.0,1.675
57.0,1.675
57.0,1.675
57.0,1.675
57.0,1.675
57.0,1.675
57.0,1.675
57.0,1.675
57.0,1.675
57.0,1.675
57.0,1.675
57.0,1.675
57.0,1.675
57.0,1.675
57.0,1.675
57.0,1.675
57.0,1.675
57.0,1.675
57.0,1.675
57.0,1.675
57.0,1.675
57.0,1.675
57.0,1.680
57.0,1.680
57.0,1.680
57.0,1.680
57.0,1.680
57.0,1.680
57.0,1.680
57.0,1.680
57.0,1.680
57.0,1.680
57.0,1.680
57.0,1.680
57.0,1.680
57.0,1.680
57.0,1.680
57.0,1.680
57.0,1.680
57.0,1.680
57.0,1.680
57.0,1.680
57.0,1.680
57.0,1.680
57.0,1.680
57.0,1.680
56.9,1.685
56.9,1.685
56.9,1.685
56.9,1.685
56.9,1.685
56.9,1.685
56.9,1.685
56.9,1.685
56.9,1.685
56.9,1.685
56.9,1.685
56.9,1.685
56.9,1.685
56.9,1.685
56.9,1.685
56.9,1.685
56.9,1.685
56.9,1.685
56.9,1.685
56.8,1.685
56.8,1.685
56.8,1.685
56.8,1.685
56.8,1.685
56.8,1.685
56.8,1.685
56.8,1.690
56.8,1.690
56.8,1.690
56.8,1.690
56.8,1.690
56.8,1.690
56.8,1.690
56.8,1.690
56.8,1.690
56.8,1.690
56.8,1.690
56.8,1.690
56.8,1.690
56.8,1.690
56.8,1.690
56.8,1.690
56.8,1.690
56.8,1.690
56.8,1.690
56.7,1.690
56.7,1.690
56.7,1.690
56.7,1.690
56.7,1.690
56.7,1.690
56.7,1.690
56.7,1.695
56.7,1.695
56.7,1.695
56.7,1.695
56.7,1.695
56.7,1.695
56.7,1.695
56.7,1.695
56.7,1.695
56.7,1.695
56.7,1.695
56.7,1.695
56.7,1.695
56.7,1.695
56.7,1.695
56.7,1.695
56.7,1.695
56.7,1.695
56.7,1.695
56.7,1.695
56.7,1.695
56.7,1.695
56.7,1.695
56.7,1.695
56.7,1.695
56.7,1.700
56.7,1.700
56.7,1.700
56.7,1.700
56.7,1.700
56.7,1.700
56.7,1.700
56.6,1.700
56.6,1.700
56.6,1.700
56.6,1.700
56.6,1.700
56.6,1.700
56.6,1.700
56.6,1.700
56.6,1.700
56.5,1.700
56.5,1.700
56.5,1.700
56.5,1.700
56.5,1.700
56.5,1.700
56.5,1.700
56.5,1.700
56.5,1.700
56.5,1.700
56.5,1.700
56.5,1.700
56.5,1.700
56.5,1.705
56.5,1.705
56.5,1.705
56.5,1.705
56.5,1.705
56.5,1.705
56.5,1.705
56.5,1.705
56.5,1.705
56.5,1.705
56.5,1.705
56.5,1.705
56.4,1.705
56.4,1.705
56.4,1.705
56.4,1.705
56.4,1.705
56.4,1.705
56.4,1.705
56.4,1.705
56.4,1.705
56.4,1.705
56.4,1.705
56.4,1.705
56.4,1.705
56.4,1.705
56.4,1.705
56.4,1.710
56.4,1.710
56.4,1.710
56.4,1.710
56.4,1.710
56.4,1.710
56.4,1.710
56.4,1.710
56.4,1.710
56.4,1.710
56.4,1.710
56.4,1.710
56.4,1.710
56.4,1.710
56.5,1.710
56.5,1.710
56.5,1.710
56.5,1.710
56.5,1.710
56.5,1.710
56.5,1.710
56.5,1.710
56.5,1.710
56.5,1.710
56.5,1.710
56.5,1.710
56.5,1.715
56.5,1.715
56.5,1.715
56.5,1.715
56.5,1.715
56.5,1.715
56.5,1.715
56.5,1.715
56.5,1.715
56.5,1.715
56.5,1.715
56.5,1.715
56.5,1.715
56.5,1.715
56.5,1.715
56.5,1.715
56.5,1.715
56.5,1.715
56.5,1.715
56.5,1.715
56.5,1.715
56.5,1.715
56.5,1.715
56.5,1.720
56.5,1.720
56.5,1.720
56.5,1.720
56.5,1.720
56.5,1.720
56.5,1.720
56.5,1.720
56.5,1.720
56.5,1.720
56.4,1.720
56.4,1.720
56.4,1.720
56.4,1.720
56.4,1.720
56.4,1.720
56.4,1.720
56.4,1.720
56.5,1.720
56.5,1.720
56.5,1.725
56.5,1.725
56.5,1.725
56.5,1.725
56.5,1.725
56.5,1.725
56.5,1.725
56.5,1.725
56.5,1.725
56.5,1.725
56.5,1.725
56.5,1.725
56.5,1.725
56.5,1.725
56.5,1.725
56.5,1.725
56.5,1.725
56.5,1.725
56.5,1.725
56.5,1.725
56.5,1.730
56.5,1.730
56.5,1.730
56.5,1.730
56.5,1.730
56.5,1.730
56.4,1.730
56.4,1.730
56.4,1.730
56.4,1.730
56.4,1.730
56.4,1.730
56.3,1.730
56.3,1.730
56.3,1.730
56.3,1.730
56.3,1.730
56.3,1.730
56.3,1.730
56.3,1.735
56.3,1.735
56.3,1.735
56.3,1.735
56.3,1.735
56.3,1.735
56.3,1.735
56.3,1.735
56.3,1.735
56.3,1.735
56.3,1.735
56.3,1.735
56.3,1.735
56.3,1.735
56.3,1.735
56.2,1.735
56.2,1.735
56.2,1.735
56.2,1.735
56.2,1.740
56.2,1.740
56.2,1.740
56.2,1.740
56.2,1.740
56.2,1.740
56.2,1.740
56.2,1.740
56.2,1.740
56.2,1.740
56.2,1.740
56.2,1.740
56.2,1.740
56.2,1.740
56.2,1.740
56.2,1.740
56.2,1.745
56.2,1.745
56.2,1.745
56.2,1.745
56.2,1.745
56.2,1.745
56.1,1.745
56.1,1.745
56.1,1.745
56.1,1.745
56.1,1.745
56.1,1.745
56.1,1.745
56.1,1.745
56.1,1.745
56.1,1.745
56.0,1.745
56.0,1.745
56.0,1.750
56.0,1.750
56.0,1.750
56.0,1.750
56.0,1.750
56.0,1.750
56.0,1.750
56.0,1.750
56.0,1.750
56.0,1.750
56.0,1.750
56.0,1.750
56.0,1.750
56.0,1.750
56.0,1.750
56.0,1.750
56.0,1.750
56.0,1.750
56.0,1.755
55.9,1.755
55.9,1.755
55.9,1.755
55.9,1.755
55.9,1.755
55.9,1.755
55.9,1.755
55.9,1.755
55.9,1.755
55.9,1.755
55.9,1.755
55.9,1.755
55.9,1.755
55.9,1.755
55.9,1.755
55.9,1.755
55.9,1.760
55.9,1.760
55.9,1.760
55.9,1.760
55.9,1.760
55.9,1.760
55.9,1.760
56.0,1.760
56.0,1.760
56.1,1.760
56.1,1.760
56.1,1.760
56.1,1.760
56.1,1.760
56.1,1.760
56.1,1.765
56.1,1.765
56.1,1.765
56.1,1.765
56.1,1.765
56.1,1.765
56.1,1.765
56.0,1.765
56.0,1.765
56.0,1.765
56.0,1.765
56.0,1.765
56.0,1.765
56.0,1.765
56.0,1.765
56.0,1.765
56.1,1.770
56.1,1.770
56.1,1.770
56.1,1.770
56.1,1.770
56.1,1.770
56.1,1.770
56.1,1.770
56.1,1.770
56.1,1.770
56.0,1.770
56.0,1.770
56.0,1.770
56.0,1.770
56.0,1.770
56.0,1.775
56.0,1.775
56.0,1.775
56.0,1.775
56.0,1.775
56.0,1.775
56.0,1.775
56.0,1.775
56.0,1.775
56.0,1.775
56.0,1.775
56.0,1.775
56.1,1.775
56.1,1.775
56.1,1.780
56.1,1.780
56.1,1.780
56.0,1.780
56.1,1.780
56.1,1.780
56.0,1.780
56.0,1.780
56.0,1.780
56.0,1.780
56.0,1.780
56.0,1.780
56.0,1.780
56.0,1.780
56.0,1.785
56.0,1.785
56.0,1.785
56.0,1.785
56.0,1.785
56.0,1.785
56.0,1.785
56.0,1.785
56.0,1.785
56.0,1.785
56.0,1.785
56.0,1.785
56.0,1.785
56.0,1.785
56.0,1.790
55.9,1.790
55.9,1.790
55.9,1.790
55.9,1.790
55.9,1.790
55.9,1.790
55.9,1.790
55.9,1.790
55.9,1.790
55.9,1.790
55.9,1.790
55.9,1.790
55.9,1.790
55.9,1.790
55.9,1.795
55.9,1.795
55.9,1.795
55.9,1.795
55.9,1.795
55.9,1.795
55.9,1.795
55.9,1.795
55.9,1.795
55.9,1.795
55.9,1.795
55.8,1.795
55.8,1.795
55.8,1.795
55.8,1.800
55.8,1.800
55.8,1.800
55.8,1.800
55.8,1.800
55.8,1.800
55.8,1.800
55.8,1.800
55.8,1.800
55.8,1.800
55.8,1.800
55.8,1.800
55.8,1.800
55.8,1.805
55.8,1.805
55.8,1.805
55.8,1.805
55.8,1.805
55.8,1.805
55.8,1.805
55.8,1.805
55.8,1.805
55.8,1.805
55.8,1.805
55.8,1.805
55.8,1.805
55.8,1.805
55.8,1.805
55.7,1.810
55.7,1.810
55.7,1.810
55.7,1.810
55.7,1.810
55.7,1.810
55.7,1.810
55.7,1.810
55.7,1.810
55.7,1.810
55.8,1.810
55.8,1.810
55.8,1.810
55.8,1.810
55.8,1.815
55.8,1.815
55.8,1.815
55.8,1.815
55.8,1.815
55.8,1.815
55.8,1.815
55.8,1.815
55.8,1.815
55.8,1.815
55.8,1.815
55.8,1.815
55.8,1.815
55.8,1.815
55.8,1.820
55.8,1.820
55.8,1.820
55.7,1.820
55.7,1.820
55.7,1.820
55.7,1.820
55.7,1.820
55.7,1.820
55.7,1.820
55.7,1.820
55.7,1.820
55.7,1.820
55.7,1.825
55.7,1.825
55.7,1.825
55.7,1.825
55.7,1.825
55.7,1.825
55.7,1.825
55.7,1.825
55.7,1.825
55.7,1.825
55.7,1.825
55.7,1.825
55.7,1.825
55.6,1.825
55.6,1.830
55.6,1.830
55.6,1.830
55.6,1.830
55.6,1.830
55.6,1.830
55.6,1.830
55.6,1.830
55.6,1.830
55.6,1.830
55.6,1.830
55.6,1.830
55.6,1.830
55.6,1.830
55.6,1.835
55.6,1.835
55.6,1.835
55.5,1.835
55.5,1.835
55.5,1.835
55.5,1.835
55.5,1.835
55.5,1.835
55.5,1.835
55.5,1.835
55.5,1.835
55.5,1.835
55.5,1.835
55.5,1.840
55.4,1.840
55.4,1.840
55.4,1.840
55.4,1.840
55.4,1.840
55.4,1.840
55.4,1.840
55.4,1.840
55.4,1.840
55.4,1.840
55.4,1.840
55.4,1.840
55.4,1.840
55.4,1.840
55.4,1.845
55.5,1.845
55.5,1.845
55.5,1.845
55.5,1.845
55.5,1.845
55.5,1.845
55.5,1.845
55.5,1.845
55.5,1.845
55.5,1.845
55.5,1.845
55.5,1.845
55.5,1.845
55.5,1.845
55.4,1.845
55.4,1.850
55.4,1.850
55.4,1.850
55.4,1.850
55.4,1.850
55.4,1.850
55.4,1.850
55.4,1.850
55.4,1.850
55.4,1.850
55.4,1.850
55.4,1.850
55.4,1.850
55.4,1.850
55.4,1.850
55.4,1.850
55.4,1.855
55.4,1.855
55.4,1.855
55.4,1.855
55.4,1.855
55.4,1.855
55.4,1.855
55.4,1.855
55.4,1.855
55.4,1.855
55.4,1.855
55.4,1.855
55.4,1.855
55.4,1.855
55.4,1.855
55.3,1.855
55.3,1.860
55.3,1.860
55.3,1.860
55.3,1.860
55.3,1.860
55.3,1.860
55.3,1.860
55.3,1.860
55.3,1.860
55.3,1.860
55.2,1.860
55.2,1.860
55.2,1.860
55.2,1.860
55.2,1.860
55.2,1.860
55.2,1.860
55.2,1.865
55.2,1.865
55.2,1.865
55.2,1.865
55.2,1.865
55.2,1.865
55.2,1.865
55.2,1.865
55.2,1.865
55.2,1.865
55.2,1.865
55.2,1.865
55.2,1.865
55.2,1.865
55.2,1.865
55.2,1.865
55.2,1.865
55.2,1.865
55.1,1.865
55.1,1.870
55.1,1.870
55.1,1.870
55.1,1.870
55.1,1.870
55.1,1.870
55.1,1.870
55.1,1.870
55.1,1.870
55.1,1.870
55.1,1.870
55.1,1.870
55.1,1.870
55.1,1.870
55.1,1.870
55.1,1.870
55.1,1.870
55.1,1.870
55.1,1.870
55.1,1.875
55.1,1.875
55.1,1.875
55.1,1.875
55.1,1.875
55.1,1.875
55.1,1.875
55.1,1.875
55.1,1.875
55.0,1.875
55.0,1.875
55.0,1.875
55.0,1.875
55.0,1.875
55.0,1.875
55.0,1.875
55.0,1.875
55.0,1.875
54.9,1.875
54.9,1.875
54.9,1.880
54.9,1.880
54.9,1.880
54.9,1.880
54.9,1.880
54.9,1.880
54.9,1.880
54.9,1.880
54.9,1.880
54.9,1.880
54.9,1.880
54.9,1.880
54.9,1.880
54.9,1.880
54.9,1.880
54.9,1.880
54.9,1.880
54.9,1.880
54.9,1.880
54.9,1.880
54.9,1.885
54.9,1.885
54.9,1.885
54.9,1.885
54.9,1.885
54.9,1.885
54.9,1.885
54.9,1.885
54.9,1.885
54.9,1.885
54.9,1.885
54.9,1.885
54.9,1.885
54.9,1.885
54.9,1.885
54.9,1.885
54.9,1.885
54.9,1.885
54.9,1.885
54.9,1.885
54.9,1.885
54.9,1.885
54.9,1.890
54.9,1.890
54.9,1.890
54.9,1.890
54.9,1.890
54.9,1.890
54.9,1.890
54.9,1.890
54.9,1.890
54.9,1.890
54.9,1.890
54.9,1.890
54.9,1.890
54.9,1.890
54.8,1.890
54.8,1.890
54.8,1.890
54.8,1.890
54.8,1.890
54.8,1.890
54.8,1.890
54.8,1.890
54.8,1.895
54.8,1.895
54.8,1.895
54.8,1.895
54.8,1.895
54.8,1.895
54.8,1.895
54.8,1.895
54.8,1.895
54.8,1.895
54.8,1.895
54.8,1.895
54.8,1.895
54.8,1.895
54.8,1.895
54.8,1.895
54.8,1.895
54.8,1.895
54.8,1.895
54.7,1.895
54.7,1.895
54.7,1.900
54.7,1.900
54.7,1.900
54.7,1.900
54.7,1.900
54.7,1.900
54.7,1.900
54.7,1.900
54.7,1.900
54.7,1.900
54.7,1.900
54.7,1.900
54.7,1.900
54.7,1.900
54.7,1.900
54.7,1.900
54.7,1.900
54.7,1.900
54.7,1.900
54.7,1.905
54.7,1.905
54.7,1.905
54.6,1.905
54.6,1.905
54.6,1.905
54.6,1.905
54.6,1.905
54.6,1.905
54.6,1.905
54.6,1.905
54.6,1.905
54.6,1.905
54.6,1.905
54.6,1.905
54.6,1.905
54.6,1.905
54.6,1.905
54.6,1.905
54.6,1.905
54.6,1.910
54.6,1.910
54.6,1.910
54.6,1.910
54.6,1.910
54.6,1.910
54.6,1.910
54.6,1.910
54.6,1.910
54.6,1.910
54.6,1.910
54.6,1.910
54.6,1.910
54.6,1.910
54.6,1.910
54.6,1.910
54.6,1.910
54.6,1.910
54.6,1.910
54.6,1.910
54.6,1.915
54.6,1.915
54.6,1.915
54.6,1.915
54.6,1.915
54.6,1.915
54.6,1.915
54.6,1.915
54.6,1.915
54.6,1.915
54.6,1.915
54.6,1.915
54.5,1.915
54.5,1.915
54.5,1.915
54.5,1.915
54.5,1.915
54.5,1.915
54.5,1.920
54.5,1.920
54.4,1.920
54.1,1.920
53.3,1.920
44.7,1.920
42.1,1.920
34.1,1.920
31.7,1.920
29.7,1.920
28.2,1.920
27.1,1.920
26.5,1.920
26.4,1.920
25.6,1.920
26.0,1.920
27.4,1.920
29.5,1.920
32.1,1.925
34.8,1.925
37.2,1.925
39.1,1.925
40.4,1.925
41.1,1.925
41.0,1.925
40.4,1.925
39.4,1.925
38.2,1.925
37.0,1.925
35.9,1.925
35.1,1.925
34.6,1.925
34.5,1.925
34.6,1.925
35.0,1.925
35.5,1.925
36.0,1.925
36.5,1.930
36.8,1.930
37.1,1.930
37.3,1.930
37.4,1.930
37.6,1.930
37.8,1.930
38.0,1.930
38.2,1.930
38.4,1.930
38.6,1.930
38.8,1.930
38.9,1.930
39.0,1.930
39.0,1.930
39.1,1.930
39.1,1.930
39.1,1.930
39.1,1.930
39.1,1.935
39.1,1.935
39.1,1.935
39.1,1.935
39.1,1.935
39.1,1.935
39.1,1.935
39.1,1.935
39.1,1.935
39.1,1.935
39.1,1.935
39.1,1.935
39.1,1.935
39.1,1.935
39.1,1.935
39.1,1.935
39.1,1.935
39.1,1.940
39.1,1.940
39.2,1.940
39.2,1.940
39.2,1.940
39.2,1.940
39.2,1.940
39.2,1.940
39.2,1.940
39.2,1.940
39.2,1.940
39.2,1.940
39.2,1.940
39.2,1.940
39.2,1.940
39.2,1.940
39.2,1.940
39.2,1.940
39.2,1.940
39.2,1.945
39.2,1.945
39.2,1.945
39.2,1.945
39.2,1.945
39.3,1.945
39.3,1.945
39.3,1.945
39.3,1.945
39.3,1.945
39.3,1.945
39.3,1.945
39.3,1.945
39.3,1.945
39.3,1.945
39.3,1.945
39.3,1.945
39.3,1.945
39.3,1.950
39.3,1.950
39.4,1.950
39.4,1.950
39.4,1.950
39.4,1.950
39.4,1.950
39.4,1.950
39.4,1.950
39.4,1.950
39.4,1.950
39.4,1.950
39.4,1.950
39.4,1.950
39.4,1.950
39.4,1.950
39.4,1.950
39.4,1.950
39.4,1.955
39.5,1.955
39.5,1.955
39.5,1.955
39.5,1.955
39.5,1.955
39.5,1.955
39.5,1.955
39.5,1.955
39.5,1.955
39.5,1.955
39.5,1.955
39.5,1.955
39.5,1.955
39.5,1.955
39.5,1.955
39.5,1.955
39.5,1.955
39.5,1.960
39.5,1.960
39.5,1.960
39.5,1.960
39.5,1.960
39.5,1.960
39.5,1.960
39.5,1.960
39.6,1.960
39.6,1.960
39.6,1.960
39.6,1.960
39.6,1.960
39.6,1.960
39.6,1.960
39.6,1.960
39.6,1.960
39.6,1.965
39.6,1.965
39.6,1.965
39.6,1.965
39.6,1.965
39.6,1.965
39.6,1.965
39.6,1.965
39.6,1.965
39.6,1.965
39.6,1.965
39.6,1.965
39.6,1.965
39.6,1.965
39.6,1.965
39.6,1.965
39.6,1.965
39.6,1.965
39.6,1.965
39.6,1.970
39.6,1.970
39.6,1.970
39.6,1.970
39.7,1.970
39.7,1.970
39.7,1.970
39.7,1.970
39.7,1.970
39.7,1.970
39.7,1.970
39.7,1.970
39.7,1.970
39.7,1.970
39.7,1.970
39.8,1.970
39.8,1.970
39.8,1.970
39.8,1.975
39.8,1.975
39.8,1.975
39.8,1.975
39.8,1.975
39.8,1.975
39.8,1.975
39.8,1.975
39.8,1.975
39.8,1.975
39.8,1.975
39.8,1.975
39.8,1.975
39.8,1.975
39.8,1.975
39.8,1.975
39.8,1.975
39.8,1.980
39.8,1.980
39.8,1.980
39.8,1.980
39.8,1.980
39.8,1.980
39.8,1.980
39.8,1.980
39.8,1.980
39.8,1.980
39.8,1.980
39.8,1.980
39.8,1.980
39.8,1.980
39.8,1.980
39.8,1.980
39.8,1.985
39.8,1.985
39.8,1.985
39.8,1.985
39.8,1.985
39.8,1.985
39.8,1.985
39.8,1.985
39.8,1.985
39.8,1.985
39.9,1.985
39.9,1.985
39.9,1.985
39.9,1.985
39.9,1.985
39.9,1.985
39.9,1.985
39.9,1.985
39.9,1.990
39.9,1.990
39.9,1.990
39.9,1.990
39.9,1.990
39.9,1.990
39.9,1.990
39.9,1.990
39.9,1.990
39.9,1.990
39.9,1.990
39.9,1.990
39.9,1.990
39.9,1.990
39.9,1.990
39.9,1.990
39.9,1.990
39.9,1.995
39.9,1.995
39.9,1.995
39.9,1.995
39.9,1.995
39.9,1.995
39.9,1.995
39.9,1.995
39.9,1.995
39.9,1.995
39.9,1.995
39.9,1.995
39.9,1.995
39.9,1.995
39.9,1.995
39.9,1.995
39.9,1.995
39.9,2.000
39.9,2.000
40.0,2.000
40.0,2.000
40.0,2.000
40.0,2.000
40.0,2.000
40.0,2.000
40.0,2.000
40.0,2.000
40.0,2.000
40.0,2.000
40.0,2.000
40.0,2.000
40.0,2.000
40.0,2.000
40.0,2.005
40.1,2.005
40.1,2.005
40.1,2.005
40.1,2.005
40.1,2.005
40.1,2.005
40.1,2.005
40.1,2.005
40.1,2.005
40.1,2.005
40.1,2.005
40.1,2.005
40.1,2.005
40.1,2.005
40.1,2.005
40.1,2.005
40.1,2.005
40.1,2.010
40.1,2.010
40.1,2.010
40.1,2.010
40.1,2.010
40.1,2.010
40.1,2.010
40.1,2.010
40.1,2.010
40.1,2.010
40.1,2.010
40.1,2.010
40.1,2.010
40.2,2.010
40.2,2.010
40.2,2.010
40.2,2.010
40.2,2.015
40.2,2.015
40.2,2.015
40.2,2.015
40.2,2.015
40.2,2.015
40.2,2.015
40.2,2.015
40.2,2.015
40.2,2.015
40.2,2.015
40.2,2.015
40.2,2.015
40.2,2.015
40.2,2.015
40.2,2.015
40.2,2.020
40.2,2.020
40.2,2.020
40.2,2.020
40.2,2.020
40.3,2.020
40.3,2.020
40.3,2.020
40.3,2.020
40.3,2.020
40.3,2.020
40.3,2.020
40.3,2.020
40.2,2.020
40.2,2.020
40.2,2.020
40.2,2.020
40.2,2.025
40.2,2.025
40.2,2.025
40.2,2.025
40.2,2.025
40.2,2.025
40.2,2.025
40.2,2.025
40.2,2.025
40.2,2.025
40.2,2.025
40.2,2.025
40.2,2.025
40.2,2.025
40.2,2.025
40.2,2.025
40.2,2.025
40.2,2.025
40.2,2.030
40.2,2.030
40.2,2.030
40.2,2.030
40.2,2.030
40.2,2.030
40.2,2.030
40.2,2.030
40.2,2.030
40.2,2.030
40.3,2.030
40.3,2.030
40.3,2.030
40.3,2.030
40.3,2.030
40.3,2.030
40.3,2.030
40.3,2.030
40.3,2.035
40.3,2.035
40.3,2.035
40.3,2.035
40.3,2.035
40.3,2.035
40.3,2.035
40.3,2.035
40.3,2.035
40.3,2.035
40.3,2.035
40.3,2.035
40.3,2.035
40.3,2.035
40.3,2.035
40.3,2.035
40.3,2.035
40.3,2.035
40.3,2.040
40.3,2.040
40.3,2.040
40.3,2.040
40.3,2.040
40.3,2.040
40.3,2.040
40.3,2.040
40.3,2.040
40.3,2.040
40.3,2.040
40.3,2.040
40.3,2.040
40.3,2.040
40.3,2.040
40.3,2.040
40.3,2.040
40.3,2.040
40.3,2.045
40.3,2.045
40.3,2.045
40.3,2.045
40.3,2.045
40.3,2.045
40.3,2.045
40.3,2.045
40.3,2.045
40.3,2.045
40.3,2.045
40.3,2.045
40.3,2.045
40.3,2.045
40.3,2.045
40.3,2.045
40.3,2.045
40.4,2.045
40.4,2.045
40.4,2.050
40.4,2.050
40.4,2.050
40.4,2.050
40.4,2.050
40.4,2.050
40.4,2.050
40.4,2.050
40.4,2.050
40.4,2.050
40.4,2.050
40.4,2.050
40.4,2.050
40.4,2.050
40.4,2.050
40.4,2.050
40.4,2.050
40.5,2.050
40.5,2.050
40.5,2.050
40.5,2.055
40.5,2.055
40.5,2.055
40.5,2.055
40.5,2.055
40.5,2.055
40.4,2.055
40.4,2.055
40.4,2.055
40.4,2.055
40.4,2.055
40.4,2.055
40.4,2.055
40.4,2.055
40.4,2.055
40.4,2.055
40.4,2.055
40.4,2.055
40.4,2.055
40.4,2.060
40.4,2.060
40.4,2.060
40.4,2.060
40.4,2.060
40.4,2.060
40.4,2.060
40.4,2.060
40.4,2.060
40.4,2.060
40.4,2.060
40.4,2.060
40.4,2.060
40.4,2.060
40.4,2.060
40.4,2.060
40.4,2.060
40.4,2.060
40.4,2.065
40.4,2.065
40.4,2.065
40.4,2.065
40.4,2.065
40.4,2.065
40.4,2.065
40.4,2.065
40.4,2.065
40.4,2.065
40.5,2.065
40.5,2.065
40.5,2.065
40.5,2.065
40.5,2.065
40.5,2.065
40.5,2.065
40.5,2.065
40.5,2.065
40.5,2.070
40.5,2.070
40.5,2.070
40.5,2.070
40.5,2.070
40.5,2.070
40.5,2.070
40.5,2.070
40.5,2.070
40.5,2.070
40.5,2.070
40.5,2.070
40.5,2.070
40.5,2.070
40.5,2.070
40.5,2.070
40.5,2.070
40.5,2.070
40.5,2.070
40.5,2.075
40.5,2.075
40.5,2.075
40.5,2.075
40.5,2.075
40.5,2.075
40.5,2.075
40.5,2.075
40.5,2.075
40.5,2.075
40.5,2.075
40.5,2.075
40.5,2.075
40.5,2.075
40.5,2.075
40.5,2.075
40.5,2.075
40.5,2.075
40.5,2.080
40.5,2.080
40.5,2.080
40.5,2.080
40.5,2.080
40.5,2.080
40.5,2.080
40.5,2.080
40.5,2.080
40.5,2.080
40.5,2.080
40.5,2.080
40.5,2.080
40.5,2.080
40.5,2.080
40.5,2.080
40.5,2.080
40.5,2.085
40.5,2.085
40.5,2.085
40.6,2.085
40.6,2.085
40.6,2.085
40.6,2.085
40.6,2.085
40.6,2.085
40.6,2.085
40.6,2.085
40.6,2.085
40.6,2.085
40.6,2.085
40.6,2.085
40.6,2.085
40.6,2.085
40.6,2.085
40.6,2.085
40.6,2.090
40.6,2.090
40.6,2.090
40.6,2.090
40.6,2.090
40.6,2.090
40.6,2.090
40.6,2.090
40.6,2.090
40.6,2.090
40.6,2.090
40.6,2.090
40.6,2.090
40.6,2.090
40.6,2.090
40.6,2.090
40.6,2.090
40.6,2.090
40.6,2.095
40.6,2.095
40.6,2.095
40.6,2.095
40.6,2.095
40.6,2.095
40.6,2.095
40.6,2.095
40.6,2.095
40.6,2.095
40.6,2.095
40.7,2.095
40.7,2.095
40.7,2.095
40.7,2.095
40.7,2.095
40.7,2.095
40.7,2.100
40.7,2.100
40.7,2.100
40.7,2.100
40.7,2.100
40.7,2.100
40.7,2.100
40.7,2.100
40.7,2.100
40.7,2.100
40.7,2.100
40.7,2.100
40.7,2.100
40.7,2.100
40.7,2.100
40.7,2.100
40.7,2.100
40.7,2.100
40.7,2.100
40.7,2.105
40.7,2.105
40.7,2.105
40.7,2.105
40.7,2.105
40.7,2.105
40.7,2.105
40.7,2.105
40.7,2.105
40.7,2.105
40.7,2.105
40.7,2.105
40.7,2.105
40.7,2.105
40.7,2.105
40.7,2.105
40.7,2.105
40.8,2.110
40.8,2.110
40.8,2.110
40.8,2.110
40.8,2.110
40.8,2.110
40.8,2.110
40.8,2.110
40.8,2.110
40.8,2.110
40.8,2.110
40.8,2.110
40.8,2.110
40.8,2.110
40.8,2.110
40.8,2.110
40.8,2.110
40.8,2.110
40.8,2.115
40.8,2.115
40.8,2.115
40.8,2.115
40.8,2.115
40.8,2.115
40.8,2.115
40.8,2.115
40.8,2.115
40.8,2.115
40.8,2.115
40.8,2.115
40.9,2.115
40.9,2.115
40.9,2.115
40.9,2.115
40.9,2.115
40.9,2.115
40.9,2.120
40.9,2.120
40.9,2.120
40.9,2.120
40.9,2.120
40.9,2.120
40.9,2.120
40.9,2.120
40.9,2.120
40.9,2.120
40.9,2.120
41.0,2.120
41.0,2.120
41.0,2.120
41.0,2.120
41.0,2.120
41.0,2.125
41.0,2.125
41.0,2.125
41.0,2.125
41.0,2.125
41.0,2.125
41.0,2.125
41.0,2.125
41.0,2.125
41.0,2.125
41.0,2.125
41.0,2.125
41.0,2.125
41.0,2.125
41.0,2.125
41.0,2.125
41.0,2.130
41.0,2.130
41.0,2.130
41.0,2.130
41.0,2.130
41.0,2.130
41.0,2.130
41.0,2.130
41.0,2.130
41.0,2.130
41.0,2.130
41.0,2.130
41.0,2.130
41.0,2.130
41.0,2.130
41.0,2.130
41.0,2.130
41.0,2.135
41.0,2.135
41.0,2.135
41.0,2.135
41.0,2.135
41.0,2.135
41.0,2.135
41.0,2.135
41.0,2.135
41.0,2.135
41.0,2.135
41.1,2.135
41.1,2.135
41.1,2.135
41.1,2.135
41.1,2.135
41.1,2.140
41.1,2.140
41.1,2.140
41.1,2.140
41.1,2.140
41.1,2.140
41.1,2.140
41.1,2.140
41.1,2.140
41.1,2.140
41.1,2.140
41.1,2.140
41.1,2.140
41.1,2.140
41.1,2.145
41.1,2.145
41.1,2.145
41.1,2.145
41.1,2.145
41.1,2.145
41.1,2.145
41.1,2.145
41.1,2.145
41.1,2.145
41.1,2.145
41.1,2.145
41.1,2.145
41.1,2.145
41.1,2.145
41.1,2.145
41.1,2.150
41.1,2.150
41.1,2.150
41.1,2.150
41.1,2.150
41.1,2.150
41.1,2.150
41.1,2.150
41.2,2.150
41.2,2.150
41.2,2.150
41.2,2.150
41.2,2.150
41.2,2.150
41.2,2.150
41.2,2.150
41.2,2.155
41.2,2.155
41.2,2.155
41.2,2.155
41.2,2.155
41.2,2.155
41.2,2.155
41.2,2.155
41.2,2.155
41.2,2.155
41.2,2.155
41.2,2.155
41.2,2.155
41.2,2.155
41.2,2.155
41.2,2.160
41.2,2.160
41.2,2.160
41.2,2.160
41.2,2.160
41.2,2.160
41.2,2.160
41.2,2.160
41.2,2.160
41.2,2.160
41.2,2.160
41.2,2.160
41.2,2.160
41.2,2.160
41.2,2.160
41.2,2.165
41.2,2.165
41.3,2.165
41.3,2.165
41.3,2.165
41.3,2.165
41.3,2.165
41.3,2.165
41.3,2.165
41.3,2.165
41.3,2.165
41.3,2.165
41.3,2.165
41.3,2.165
41.3,2.165
41.3,2.165
41.3,2.170
41.3,2.170
41.2,2.170
41.2,2.170
41.2,2.170
41.2,2.170
41.2,2.170
41.2,2.170
41.2,2.170
41.2,2.170
41.2,2.170
41.2,2.170
41.2,2.170
41.2,2.170
41.2,2.170
41.2,2.175
41.2,2.175
41.2,2.175
41.2,2.175
41.2,2.175
41.2,2.175
41.2,2.175
41.2,2.175
41.2,2.175
41.2,2.175
41.2,2.175
41.2,2.175
41.2,2.175
41.2,2.175
41.2,2.180
41.2,2.180
41.2,2.180
41.2,2.180
41.2,2.180
41.2,2.180
41.2,2.180
41.2,2.180
41.2,2.180
41.2,2.180
41.2,2.180
41.2,2.180
41.2,2.180
41.2,2.180
41.2,2.180
41.2,2.185
41.2,2.185
41.2,2.185
41.2,2.185
41.2,2.185
41.2,2.185
41.2,2.185
41.2,2.185
41.2,2.185
41.2,2.185
41.2,2.185
41.2,2.185
41.3,2.185
41.3,2.185
41.3,2.185
41.3,2.190
41.3,2.190
41.3,2.190
41.3,2.190
41.3,2.190
41.3,2.190
41.3,2.190
41.3,2.190
41.3,2.190
41.3,2.190
41.3,2.190
41.3,2.190
41.3,2.190
41.3,2.190
41.3,2.195
41.3,2.195
41.3,2.195
41.3,2.195
41.3,2.195
41.3,2.195
41.3,2.195
41.3,2.195
41.3,2.195
41.3,2.195
41.3,2.195
41.3,2.195
41.3,2.195
41.3,2.195
41.3,2.200
41.3,2.200
41.3,2.200
41.3,2.200
41.3,2.200
41.3,2.200
41.3,2.200
41.3,2.200
41.3,2.200
41.3,2.200
41.3,2.200
41.3,2.200
41.3,2.200
41.3,2.205
41.3,2.205
41.3,2.205
41.3,2.205
41.3,2.205
41.3,2.205
41.4,2.205
41.4,2.205
41.4,2.205
41.4,2.205
41.4,2.205
41.4,2.205
41.4,2.205
41.4,2.205
41.4,2.210
41.4,2.210
41.3,2.210
41.3,2.210
41.3,2.210
41.3,2.210
41.4,2.210
41.4,2.210
41.4,2.210
41.4,2.210
41.4,2.210
41.4,2.210
41.4,2.210
41.4,2.215
41.4,2.215
41.4,2.215
41.4,2.215
41.4,2.215
41.4,2.215
41.4,2.215
41.4,2.215
41.5,2.215
41.5,2.215
41.5,2.215
41.5,2.215
41.5,2.215
41.5,2.215
41.5,2.220
41.5,2.220
41.5,2.220
41.5,2.220
41.5,2.220
41.5,2.220
41.5,2.220
41.5,2.220
41.6,2.220
41.6,2.220
41.6,2.220
41.6,2.220
41.6,2.225
41.6,2.225
41.6,2.225
41.6,2.225
41.6,2.225
41.6,2.225
41.6,2.225
41.6,2.225
41.6,2.225
41.6,2.225
41.6,2.225
41.6,2.225
41.6,2.225
41.6,2.225
41.6,2.230
41.6,2.230
41.6,2.230
41.6,2.230
41.6,2.230
41.6,2.230
41.7,2.230
41.7,2.230
41.7,2.230
41.7,2.230
41.7,2.230
41.7,2.230
41.7,2.230
41.7,2.230
41.7,2.235
41.7,2.235
41.7,2.235
41.7,2.235
41.7,2.235
41.7,2.235
41.7,2.235
41.7,2.235
41.7,2.235
41.7,2.235
41.7,2.235
41.7,2.235
41.7,2.235
41.7,2.235
41.7,2.240
41.7,2.240
41.7,2.240
41.7,2.240
41.7,2.240
41.7,2.240
41.8,2.240
41.8,2.240
41.8,2.240
41.8,2.240
41.8,2.240
41.8,2.240
41.8,2.240
41.8,2.240
41.8,2.245
41.8,2.245
41.8,2.245
41.8,2.245
41.8,2.245
41.8,2.245
41.8,2.245
41.8,2.245
41.9,2.245
41.9,2.245
41.9,2.245
41.9,2.245
41.9,2.245
41.9,2.245
41.9,2.245
42.0,2.250
42.0,2.250
42.0,2.250
42.0,2.250
42.0,2.250
42.0,2.250
42.0,2.250
42.0,2.250
42.0,2.250
42.0,2.250
42.0,2.250
42.0,2.250
42.0,2.250
42.0,2.250
42.1,2.250
42.1,2.255
42.1,2.255
42.1,2.255
42.1,2.255
42.1,2.255
42.1,2.255
42.1,2.255
42.1,2.255
42.1,2.255
42.1,2.255
42.1,2.255
42.1,2.255
42.1,2.255
42.2,2.255
42.3,2.260
42.3,2.260
42.3,2.260
42.3,2.260
42.3,2.260
42.3,2.260
42.3,2.260
42.3,2.260
42.3,2.260
42.3,2.260
42.3,2.260
42.3,2.260
42.3,2.260
42.4,2.260
42.4,2.260
42.4,2.260
42.4,2.265
42.4,2.265
42.4,2.265
42.4,2.265
42.4,2.265
42.4,2.265
42.4,2.265
42.4,2.265
42.4,2.265
42.4,2.265
42.4,2.265
42.4,2.265
42.5,2.265
42.5,2.265
42.5,2.265
42.5,2.270
42.5,2.270
42.5,2.270
42.5,2.270
42.5,2.270
42.5,2.270
42.5,2.270
42.5,2.270
42.6,2.270
42.6,2.270
42.6,2.270
42.6,2.270
42.6,2.270
42.6,2.270
42.6,2.270
42.6,2.270
42.6,2.275
42.7,2.275
42.7,2.275
42.7,2.275
42.7,2.275
42.7,2.275
42.7,2.275
42.7,2.275
42.8,2.275
42.8,2.275
42.8,2.275
42.8,2.275
42.8,2.275
42.8,2.275
42.8,2.275
42.8,2.280
42.8,2.280
42.8,2.280
42.8,2.280
42.8,2.280
42.8,2.280
42.8,2.280
42.8,2.280
42.9,2.280
42.9,2.280
42.9,2.280
42.9,2.280
42.9,2.280
42.9,2.280
42.9,2.285
42.9,2.285
43.0,2.285
43.0,2.285
43.0,2.285
43.0,2.285
43.0,2.285
43.0,2.285
43.0,2.285
43.0,2.285
43.0,2.285
43.0,2.285
43.1,2.285
43.1,2.285
43.1,2.285
43.1,2.285
43.1,2.290
43.1,2.290
43.1,2.290
43.1,2.290
43.2,2.290
43.2,2.290
43.2,2.290
43.2,2.290
43.3,2.290
43.3,2.290
43.3,2.290
43.3,2.290
43.3,2.290
43.3,2.290
43.3,2.290
43.3,2.295
43.3,2.295
43.3,2.295
43.3,2.295
43.3,2.295
43.3,2.295
43.4,2.295
43.4,2.295
43.4,2.295
43.4,2.295
43.4,2.295
43.4,2.295
43.5,2.295
43.5,2.295
43.5,2.295
43.5,2.295
43.5,2.300
43.5,2.300
43.5,2.300
43.5,2.300
43.5,2.300
43.6,2.300
43.6,2.300
43.6,2.300
43.6,2.300
43.6,2.300
43.6,2.300
43.6,2.300
43.6,2.300
43.6,2.300
43.6,2.305
43.6,2.305
43.7,2.305
43.7,2.305
43.7,2.305
43.7,2.305
43.7,2.305
43.7,2.305
43.7,2.305
43.7,2.305
43.7,2.305
43.7,2.305
43.8,2.305
43.8,2.305
43.8,2.305
43.8,2.305
43.8,2.310
43.8,2.310
43.8,2.310
43.8,2.310
43.9,2.310
43.9,2.310
43.9,2.310
43.9,2.310
43.9,2.310
43.9,2.310
43.9,2.310
43.9,2.310
44.0,2.310
44.0,2.310
44.0,2.310
44.0,2.310
44.0,2.310
44.0,2.315
44.0,2.315
44.0,2.315
44.0,2.315
44.0,2.315
44.0,2.315
44.0,2.315
44.0,2.315
44.1,2.315
44.2,2.315
44.2,2.315
44.2,2.315
44.2,2.315
44.2,2.315
44.2,2.315
44.2,2.320
44.2,2.320
44.2,2.320
44.2,2.320
44.2,2.320
44.2,2.320
44.2,2.320
44.2,2.320
44.2,2.320
44.2,2.320
44.2,2.320
44.2,2.320
44.3,2.320
44.4,2.320
44.3,2.320
44.3,2.320
44.3,2.325
44.4,2.325
44.4,2.325
44.4,2.325
44.4,2.325
44.4,2.325
44.4,2.325
44.4,2.325
44.4,2.325
44.5,2.325
44.5,2.325
44.5,2.325
44.5,2.325
44.5,2.325
44.5,2.325
44.5,2.325
44.5,2.325
44.5,2.330
44.5,2.330
44.6,2.330
44.6,2.330
44.6,2.330
44.6,2.330
44.6,2.330
44.6,2.330
44.6,2.330
44.6,2.330
44.6,2.330
44.6,2.330
44.6,2.330
44.6,2.330
44.6,2.330
44.6,2.330
44.7,2.330
44.7,2.330
44.7,2.335
44.7,2.335
44.7,2.335
44.7,2.335
44.7,2.335
44.7,2.335
44.7,2.335
44.7,2.335
44.7,2.335
44.7,2.335
44.7,2.335
44.7,2.335
44.7,2.335
44.7,2.335
44.7,2.335
44.7,2.335
44.7,2.335
44.7,2.340
44.7,2.340
44.7,2.340
44.7,2.340
44.7,2.340
44.7,2.340
44.7,2.340
44.7,2.340
44.7,2.340
44.7,2.340
44.7,2.340
44.7,2.340
44.7,2.340
44.7,2.340
44.7,2.340
44.7,2.340
44.7,2.340
44.7,2.340
44.7,2.345
44.7,2.345
44.8,2.345
44.8,2.345
44.8,2.345
44.8,2.345
44.8,2.345
44.8,2.345
44.8,2.345
44.8,2.345
44.8,2.345
44.8,2.345
44.8,2.345
44.8,2.345
44.8,2.345
44.8,2.345
44.8,2.345
44.8,2.345
44.8,2.345
44.8,2.350
44.8,2.350
44.8,2.350
44.8,2.350
44.8,2.350
44.8,2.350
44.8,2.350
44.8,2.350
44.9,2.350
44.9,2.350
44.9,2.350
44.9,2.350
44.9,2.350
44.9,2.350
44.9,2.350
44.8,2.350
44.8,2.350
44.8,2.350
44.8,2.350
44.8,2.355
44.8,2.355
44.8,2.355
44.8,2.355
44.8,2.355
44.8,2.355
44.8,2.355
44.9,2.355
44.9,2.355
44.9,2.355
44.9,2.355
44.9,2.355
44.9,2.355
44.9,2.355
44.9,2.355
44.9,2.355
44.9,2.355
44.9,2.360
44.9,2.360
44.9,2.360
44.9,2.360
44.9,2.360
44.9,2.360
44.9,2.360
44.9,2.360
44.9,2.360
44.9,2.360
44.9,2.360
44.9,2.360
44.9,2.360
44.9,2.360
44.9,2.360
44.9,2.360
44.9,2.360
44.9,2.360
44.9,2.365
44.9,2.365
44.9,2.365
44.9,2.365
44.9,2.365
44.9,2.365
44.9,2.365
44.9,2.365
44.9,2.365
44.9,2.365
44.9,2.365
44.9,2.365
44.9,2.365
44.9,2.365
44.9,2.365
45.0,2.365
45.0,2.365
45.0,2.365
45.0,2.370
45.0,2.370
45.0,2.370
45.0,2.370
45.0,2.370
45.0,2.370
45.0,2.370
45.0,2.370
45.0,2.370
45.0,2.370
45.0,2.370
45.0,2.370
45.0,2.370
45.0,2.370
45.0,2.370
45.0,2.370
45.0,2.370
45.0,2.375
45.0,2.375
45.0,2.375
45.0,2.375
45.0,2.375
45.0,2.375
45.0,2.375
45.0,2.375
45.0,2.375
45.0,2.375
45.0,2.375
45.0,2.375
45.0,2.375
45.0,2.375
45.0,2.375
45.0,2.375
45.0,2.375
45.0,2.380
45.0,2.380
45.0,2.380
45.0,2.380
45.0,2.380
45.0,2.380
45.0,2.380
45.0,2.380
45.0,2.380
45.0,2.380
45.0,2.380
45.0,2.380
45.0,2.380
45.0,2.380
45.0,2.380
45.0,2.380
45.0,2.385
45.0,2.385
45.0,2.385
45.0,2.385
45.0,2.385
45.0,2.385
45.0,2.385
45.1,2.385
45.1,2.385
45.1,2.385
45.1,2.385
45.1,2.385
45.1,2.385
45.1,2.385
45.1,2.385
45.1,2.385
45.1,2.385
45.1,2.390
45.1,2.390
45.1,2.390
45.1,2.390
45.1,2.390
45.1,2.390
45.1,2.390
45.1,2.390
45.1,2.390
45.1,2.390
45.1,2.390
45.1,2.390
45.1,2.390
45.1,2.390
45.1,2.390
45.1,2.390
45.1,2.395
45.1,2.395
45.1,2.395
45.1,2.395
45.0,2.395
45.0,2.395
45.0,2.395
45.0,2.395
45.0,2.395
45.0,2.395
45.0,2.395
45.0,2.395
45.0,2.395
45.1,2.395
45.1,2.395
45.1,2.395
45.1,2.395
45.1,2.400
45.1,2.400
45.1,2.400
45.1,2.400
45.1,2.400
45.1,2.400
45.1,2.400
45.0,2.400
45.0,2.400
45.0,2.400
45.0,2.400
45.0,2.400
45.0,2.400
45.0,2.400
45.0,2.400
45.0,2.405
45.0,2.405
45.0,2.405
45.0,2.405
45.1,2.405
45.1,2.405
45.1,2.405
45.1,2.405
45.1,2.405
45.1,2.405
45.1,2.405
45.1,2.405
45.1,2.405
45.0,2.405
45.0,2.405
45.0,2.405
45.0,2.405
45.0,2.410
45.0,2.410
45.0,2.410
45.0,2.410
45.0,2.410
45.0,2.410
45.0,2.410
45.0,2.410
45.0,2.410
45.0,2.410
45.1,2.410
45.1,2.410
45.1,2.410
45.1,2.410
45.1,2.410
45.1,2.410
45.1,2.410
45.1,2.415
45.1,2.415
45.1,2.415
45.1,2.415
45.1,2.415
45.1,2.415
45.1,2.415
45.1,2.415
45.1,2.415
45.1,2.415
45.1,2.415
45.1,2.415
45.1,2.415
45.1,2.415
45.1,2.415
45.1,2.420
45.1,2.420
45.1,2.420
45.1,2.420
45.1,2.420
45.1,2.420
45.1,2.420
45.1,2.420
45.1,2.420
45.1,2.420
45.1,2.420
45.1,2.420
45.1,2.420
45.1,2.420
45.1,2.420
45.1,2.420
45.1,2.425
45.1,2.425
45.1,2.425
45.1,2.425
45.1,2.425
45.1,2.425
45.1,2.425
45.1,2.425
45.1,2.425
45.1,2.425
45.1,2.425
45.1,2.425
45.1,2.425
45.1,2.425
45.1,2.425
45.1,2.425
45.1,2.430
45.2,2.430
45.2,2.430
45.2,2.430
45.2,2.430
45.2,2.430
45.2,2.430
45.2,2.430
45.1,2.430
45.1,2.430
45.1,2.430
45.1,2.430
45.1,2.430
45.1,2.430
45.1,2.430
45.1,2.430
45.1,2.430
45.1,2.435
45.1,2.435
45.1,2.435
45.1,2.435
45.1,2.435
45.1,2.435
45.1,2.435
45.1,2.435
45.1,2.435
45.1,2.435
45.1,2.435
45.1,2.435
45.1,2.435
45.1,2.435
45.2,2.435
45.2,2.440
45.2,2.440
45.2,2.440
45.2,2.440
45.2,2.440
45.2,2.440
45.2,2.440
45.2,2.440
45.2,2.440
45.2,2.440
45.2,2.440
45.2,2.440
45.2,2.440
45.2,2.440
45.2,2.445
45.2,2.445
45.2,2.445
45.2,2.445
45.2,2.445
45.2,2.445
45.2,2.445
45.2,2.445
45.2,2.445
45.2,2.445
45.2,2.445
45.2,2.445
45.2,2.445
45.2,2.445
45.2,2.445
45.2,2.450
45.2,2.450
45.2,2.450
45.2,2.450
45.2,2.450
45.2,2.450
45.2,2.450
45.2,2.450
45.2,2.450
45.2,2.450
45.2,2.450
45.2,2.450
45.2,2.450
45.2,2.450
45.2,2.450
45.2,2.455
45.2,2.455
45.1,2.455
45.1,2.455
45.1,2.455
45.1,2.455
45.1,2.455
45.1,2.455
45.1,2.455
45.2,2.455
45.2,2.455
45.2,2.455
45.2,2.455
45.2,2.455
45.2,2.460
45.2,2.460
45.2,2.460
45.2,2.460
45.2,2.460
45.2,2.460
45.2,2.460
45.2,2.460
45.2,2.460
45.2,2.460
45.2,2.460
45.2,2.460
45.2,2.460
45.2,2.465
45.2,2.465
45.2,2.465
45.2,2.465
45.2,2.465
45.2,2.465
45.3,2.465
45.3,2.465
45.3,2.465
45.3,2.465
45.3,2.465
45.3,2.465
45.3,2.465
45.3,2.465
45.3,2.465
45.3,2.470
45.3,2.470
45.2,2.470
45.2,2.470
45.2,2.470
45.2,2.470
45.2,2.470
45.2,2.470
45.2,2.470
45.2,2.470
45.2,2.470
45.2,2.470
45.2,2.470
45.2,2.470
45.2,2.475
45.2,2.475
45.2,2.475
45.3,2.475
45.3,2.475
45.3,2.475
45.3,2.475
45.3,2.475
45.3,2.475
45.3,2.475
45.3,2.475
45.3,2.475
45.3,2.475
45.3,2.475
45.3,2.480
45.3,2.480
45.3,2.480
45.3,2.480
45.3,2.480
45.3,2.480
45.3,2.480
45.3,2.480
45.3,2.480
45.3,2.480
45.3,2.480
45.3,2.480
45.3,2.480
45.3,2.480
45.3,2.485
45.3,2.485
45.3,2.485
45.3,2.485
45.3,2.485
45.3,2.485
45.3,2.485
45.3,2.485
45.3,2.485
45.3,2.485
45.3,2.485
45.3,2.485
45.3,2.485
45.3,2.485
45.3,2.485
45.3,2.490
45.3,2.490
45.3,2.490
45.3,2.490
45.3,2.490
45.3,2.490
45.3,2.490
45.3,2.490
45.3,2.490
45.3,2.490
45.3,2.490
45.3,2.490
45.3,2.490
45.3,2.490
45.3,2.495
45.3,2.495
45.3,2.495
45.3,2.495
45.3,2.495
45.3,2.495
45.3,2.495
45.4,2.495
45.4,2.495
45.4,2.495
45.4,2.495
45.4,2.495
45.4,2.495
45.4,2.500
45.4,2.500
45.4,2.500
45.4,2.500
45.4,2.500
45.4,2.500
45.4,2.500
45.4,2.500
45.4,2.500
45.4,2.500
45.4,2.500
45.4,2.500
45.4,2.500
45.4,2.500
45.4,2.500
45.4,2.505
45.4,2.505
45.4,2.505
45.4,2.505
45.4,2.505
45.4,2.505
45.4,2.505
45.4,2.505
45.4,2.505
45.4,2.505
45.4,2.505
45.4,2.505
45.4,2.505
45.4,2.505
45.4,2.510
45.4,2.510
45.4,2.510
45.4,2.510
45.4,2.510
45.4,2.510
45.4,2.510
45.4,2.510
45.4,2.510
45.4,2.510
45.4,2.510
45.4,2.510
45.4,2.510
45.4,2.510
45.4,2.515
45.4,2.515
45.4,2.515
45.4,2.515
45.4,2.515
45.4,2.515
45.4,2.515
45.4,2.515
45.4,2.515
45.4,2.515
45.4,2.515
45.4,2.515
45.4,2.515
45.4,2.520
45.4,2.520
45.4,2.520
45.4,2.520
45.4,2.520
45.4,2.520
45.4,2.520
45.4,2.520
45.4,2.520
45.4,2.520
45.4,2.520
45.4,2.520
45.4,2.525
45.4,2.525
45.4,2.525
45.4,2.525
45.4,2.525
45.4,2.525
45.4,2.525
45.4,2.525
45.4,2.525
45.5,2.525
45.5,2.525
45.5,2.525
45.5,2.525
45.5,2.530
45.4,2.530
45.4,2.530
45.4,2.530
45.4,2.530
45.4,2.530
45.4,2.530
45.4,2.530
45.4,2.530
45.4,2.530
45.4,2.530
45.5,2.530
45.5,2.535
45.5,2.535
45.5,2.535
45.5,2.535
45.5,2.535
45.5,2.535
45.5,2.535
45.5,2.535
45.5,2.535
45.5,2.535
45.5,2.535
45.5,2.535
45.5,2.540
45.5,2.540
45.5,2.540
45.5,2.540
45.5,2.540
45.5,2.540
45.5,2.540
45.5,2.540
45.5,2.540
45.5,2.540
45.5,2.540
45.5,2.545
45.5,2.545
45.5,2.545
45.5,2.545
45.5,2.545
45.5,2.545
45.5,2.545
45.5,2.545
45.5,2.545
45.5,2.545
45.5,2.545
45.5,2.545
45.5,2.550
45.5,2.550
45.5,2.550
45.5,2.550
45.5,2.550
45.5,2.550
45.5,2.550
45.5,2.550
45.5,2.550
45.5,2.550
45.5,2.550
45.6,2.555
45.6,2.555
45.6,2.555
45.6,2.555
45.6,2.555
45.6,2.555
45.6,2.555
45.6,2.555
45.6,2.555
45.6,2.555
45.5,2.555
45.5,2.560
45.5,2.560
45.5,2.560
45.5,2.560
45.5,2.560
45.5,2.560
45.5,2.560
45.5,2.560
45.5,2.560
45.5,2.560
45.5,2.560
45.5,2.565
45.5,2.565
45.5,2.565
45.5,2.565
45.5,2.565
45.5,2.565
45.5,2.565
45.5,2.565
45.5,2.565
45.5,2.565
45.5,2.565
45.5,2.565
45.5,2.570
45.5,2.570
45.5,2.570
45.5,2.570
45.5,2.570
45.5,2.570
45.5,2.570
45.5,2.570
45.5,2.570
45.5,2.570
45.5,2.570
45.5,2.575
45.5,2.575
45.5,2.575
45.5,2.575
45.5,2.575
45.5,2.575
45.5,2.575
45.5,2.575
45.5,2.575
45.5,2.575
45.5,2.575
45.5,2.580
45.5,2.580
45.5,2.580
45.5,2.580
45.5,2.580
45.5,2.580
45.6,2.580
45.6,2.580
45.6,2.580
45.6,2.580
45.6,2.580
45.6,2.585
45.6,2.585
45.6,2.585
45.6,2.585
45.6,2.585
45.5,2.585
45.5,2.585
45.5,2.585
45.5,2.585
45.6,2.585
45.6,2.585
45.6,2.585
45.6,2.590
45.6,2.590
45.6,2.590
45.6,2.590
45.6,2.590
45.6,2.590
45.6,2.590
45.6,2.590
45.6,2.590
45.6,2.590
45.6,2.590
45.6,2.595
45.6,2.595
45.6,2.595
45.6,2.595
45.6,2.595
45.6,2.595
45.6,2.595
45.6,2.595
45.6,2.595
45.6,2.595
45.6,2.595
45.6,2.600
45.6,2.600
45.6,2.600
45.6,2.600
45.6,2.600
45.6,2.600
45.6,2.600
45.6,2.600
45.6,2.600
45.6,2.600
45.6,2.600
45.6,2.605
45.6,2.605
45.6,2.605
45.6,2.605
45.5,2.605
45.5,2.605
45.6,2.605
45.6,2.605
45.6,2.605
45.6,2.605
45.6,2.605
45.6,2.610
45.6,2.610
45.6,2.610
45.6,2.610
45.6,2.610
45.6,2.610
45.6,2.610
45.6,2.610
45.6,2.610
45.6,2.610
45.6,2.610
45.6,2.615
45.6,2.615
45.6,2.615
45.6,2.615
45.6,2.615
45.6,2.615
45.6,2.615
45.6,2.615
45.7,2.615
45.7,2.615
45.7,2.615
45.7,2.620
45.7,2.620
45.7,2.620
45.7,2.620
45.6,2.620
45.6,2.620
45.6,2.620
45.6,2.620
45.6,2.620
45.6,2.620
45.6,2.625
45.6,2.625
45.6,2.625
45.7,2.625
45.7,2.625
45.7,2.625
45.7,2.625
45.7,2.625
45.7,2.625
45.7,2.625
45.7,2.625
45.7,2.625
45.7,2.630
45.7,2.630
45.7,2.630
45.7,2.630
45.7,2.630
45.7,2.630
45.7,2.630
45.7,2.630
45.7,2.630
45.7,2.630
45.7,2.630
45.7,2.635
45.7,2.635
45.7,2.635
45.7,2.635
45.7,2.635
45.7,2.635
45.7,2.635
45.7,2.635
45.8,2.635
45.8,2.635
45.8,2.635
45.8,2.640
45.8,2.640
45.8,2.640
45.8,2.640
45.8,2.640
45.8,2.640
45.8,2.640
45.8,2.640
45.8,2.640
45.8,2.640
45.9,2.640
45.9,2.640
45.9,2.645
45.9,2.645
45.9,2.645
45.9,2.645
45.9,2.645
45.9,2.645
45.9,2.645
45.9,2.645
45.9,2.645
45.9,2.645
45.9,2.645
45.9,2.645
45.9,2.650
45.9,2.650
45.9,2.650
45.9,2.650
45.9,2.650
45.9,2.650
45.9,2.650
45.9,2.650
45.9,2.650
45.9,2.650
45.9,2.650
45.9,2.650
45.9,2.655
45.9,2.655
45.9,2.655
45.9,2.655
45.9,2.655
45.9,2.655
45.9,2.655
45.9,2.655
45.9,2.655
45.9,2.655
45.9,2.655
45.9,2.655
45.9,2.660
46.0,2.660
46.0,2.660
46.0,2.660
46.0,2.660
46.0,2.660
46.0,2.660
46.0,2.660
46.0,2.660
46.0,2.660
46.0,2.660
46.0,2.660
46.0,2.660
46.0,2.665
46.0,2.665
46.0,2.665
46.0,2.665
46.0,2.665
46.0,2.665
46.0,2.665
46.0,2.665
46.0,2.665
46.0,2.665
46.0,2.665
46.0,2.665
46.0,2.665
46.0,2.670
46.0,2.670
46.0,2.670
46.0,2.670
46.0,2.670
46.0,2.670
46.0,2.670
46.0,2.670
46.0,2.670
46.0,2.670
46.0,2.670
46.0,2.670
46.0,2.670
46.0,2.675
46.0,2.675
46.0,2.675
46.0,2.675
46.0,2.675
46.0,2.675
46.0,2.675
46.0,2.675
46.0,2.675
46.0,2.675
46.0,2.675
46.0,2.675
46.0,2.680
45.9,2.680
46.0,2.680
46.0,2.680
46.0,2.680
46.0,2.680
46.0,2.680
46.0,2.680
46.0,2.680
46.0,2.680
46.0,2.680
46.0,2.680
46.0,2.685
46.0,2.685
46.0,2.685
46.0,2.685
46.0,2.685
46.0,2.685
46.0,2.685
46.0,2.685
46.0,2.685
46.0,2.685
46.0,2.685
46.0,2.685
46.0,2.690
46.0,2.690
46.0,2.690
46.0,2.690
46.0,2.690
46.0,2.690
46.0,2.690
46.0,2.690
46.0,2.690
46.0,2.690
46.0,2.690
46.0,2.690
46.0,2.690
46.1,2.695
46.1,2.695
46.1,2.695
46.1,2.695
46.1,2.695
46.1,2.695
46.1,2.695
46.1,2.695
46.1,2.695
46.1,2.695
46.1,2.695
46.1,2.695
46.1,2.700
46.1,2.700
46.1,2.700
46.1,2.700
46.1,2.700
46.1,2.700
46.1,2.700
46.1,2.700
46.1,2.700
46.1,2.700
46.1,2.700
46.1,2.705
46.1,2.705
46.1,2.705
46.1,2.705
46.1,2.705
46.1,2.705
46.1,2.705
46.1,2.705
46.1,2.705
46.1,2.705
46.1,2.705
46.1,2.705
46.1,2.705
46.1,2.710
46.1,2.710
46.2,2.710
46.2,2.710
46.2,2.710
46.2,2.710
46.2,2.710
46.2,2.710
46.2,2.710
46.2,2.710
46.2,2.710
46.2,2.710
46.2,2.715
46.2,2.715
46.2,2.715
46.2,2.715
46.2,2.715
46.2,2.715
46.2,2.715
46.1,2.715
46.1,2.715
46.1,2.715
46.1,2.715
46.1,2.715
46.1,2.715
46.2,2.720
46.2,2.720
46.2,2.720
46.2,2.720
46.2,2.720
46.2,2.720
46.2,2.720
46.2,2.720
46.2,2.720
46.3,2.720
46.3,2.720
46.3,2.720
46.3,2.725
46.3,2.725
46.3,2.725
46.3,2.725
46.3,2.725
46.3,2.725
46.3,2.725
46.3,2.725
46.3,2.725
46.3,2.725
46.3,2.725
46.3,2.725
46.3,2.725
46.3,2.725
46.3,2.730
46.3,2.730
46.3,2.730
46.3,2.730
46.3,2.730
46.3,2.730
46.3,2.730
46.3,2.730
46.3,2.730
46.3,2.730
46.3,2.730
46.3,2.730
46.3,2.730
46.3,2.735
46.3,2.735
46.3,2.735
46.3,2.735
46.4,2.735
46.3,2.735
46.3,2.735
46.3,2.735
46.3,2.735
46.4,2.735
46.4,2.735
46.4,2.735
46.4,2.735
46.4,2.740
46.4,2.740
46.4,2.740
46.4,2.740
46.4,2.740
46.4,2.740
46.4,2.740
46.4,2.740
46.4,2.740
46.4,2.740
46.4,2.740
46.4,2.740
46.4,2.740
46.4,2.745
46.4,2.745
46.4,2.745
46.4,2.745
46.4,2.745
46.4,2.745
46.4,2.745
46.4,2.745
46.4,2.745
46.4,2.745
46.4,2.745
46.4,2.745
46.4,2.745
46.4,2.745
46.4,2.750
46.4,2.750
46.4,2.750
46.3,2.750
46.3,2.750
46.3,2.750
46.3,2.750
46.3,2.750
46.3,2.750
46.3,2.750
46.3,2.750
46.3,2.750
46.4,2.750
46.4,2.750
46.4,2.755
46.4,2.755
46.4,2.755
46.4,2.755
46.4,2.755
46.4,2.755
46.4,2.755
46.3,2.755
46.3,2.755
46.3,2.755
46.3,2.755
46.3,2.755
46.3,2.755
46.3,2.755
46.3,2.760
46.4,2.760
46.4,2.760
46.4,2.760
46.4,2.760
46.4,2.760
46.4,2.760
46.4,2.760
46.4,2.760
46.4,2.760
46.4,2.760
46.4,2.760
46.4,2.760
46.4,2.765
46.4,2.765
46.4,2.765
46.4,2.765
46.4,2.765
46.4,2.765
46.4,2.765
46.4,2.765
46.4,2.765
46.4,2.765
46.4,2.765
46.4,2.765
46.4,2.765
46.4,2.765
46.4,2.770
46.4,2.770
46.4,2.770
46.4,2.770
46.4,2.770
46.4,2.770
46.4,2.770
46.4,2.770
46.4,2.770
46.4,2.770
46.4,2.770
46.4,2.770
46.4,2.770
46.4,2.770
46.4,2.770
46.4,2.775
46.4,2.775
46.4,2.775
46.4,2.775
46.4,2.775
46.4,2.775
46.4,2.775
46.4,2.775
46.4,2.775
46.4,2.775
46.4,2.775
46.4,2.775
46.4,2.775
46.4,2.775
46.4,2.780
46.4,2.780
46.4,2.780
46.4,2.780
46.4,2.780
46.4,2.780
46.4,2.780
46.4,2.780
46.4,2.780
46.4,2.780
46.4,2.780
46.4,2.780
46.4,2.780
46.4,2.785
46.4,2.785
46.4,2.785
46.4,2.785
46.4,2.785
46.4,2.785
46.4,2.785
46.4,2.785
46.4,2.785
46.4,2.785
46.4,2.785
46.5,2.785
46.5,2.785
46.5,2.785
46.5,2.785
46.5,2.790
46.5,2.790
46.5,2.790
46.5,2.790
46.5,2.790
46.5,2.790
46.5,2.790
46.5,2.790
46.4,2.790
46.4,2.790
46.4,2.790
46.4,2.790
46.4,2.790
46.4,2.790
46.4,2.790
46.4,2.795
46.5,2.795
46.5,2.795
46.5,2.795
46.5,2.795
46.5,2.795
46.5,2.795
46.5,2.795
46.5,2.795
46.5,2.795
46.5,2.795
46.5,2.795
46.5,2.795
46.5,2.795
46.5,2.800
46.5,2.800
46.5,2.800
46.5,2.800
46.5,2.800
46.5,2.800
46.5,2.800
46.5,2.800
46.5,2.800
46.5,2.800
46.5,2.800
46.5,2.800
46.5,2.800
46.5,2.800
46.5,2.805
46.5,2.805
46.5,2.805
46.5,2.805
46.5,2.805
46.5,2.805
46.5,2.805
46.5,2.805
46.5,2.805
46.5,2.805
46.5,2.805
46.5,2.805
46.5,2.805
46.5,2.805
46.6,2.805
46.6,2.805
46.6,2.810
46.6,2.810
46.6,2.810
46.6,2.810
46.6,2.810
46.6,2.810
46.6,2.810
46.6,2.810
46.6,2.810
46.6,2.810
46.6,2.810
46.6,2.810
46.6,2.810
46.6,2.810
46.6,2.810
46.6,2.810
46.6,2.815
46.6,2.815
46.6,2.815
46.6,2.815
46.6,2.815
46.6,2.815
46.7,2.815
46.7,2.815
46.7,2.815
46.7,2.815
46.7,2.815
46.7,2.815
46.7,2.815
46.7,2.815
46.7,2.815
46.7,2.820
46.7,2.820
46.7,2.820
46.7,2.820
46.7,2.820
46.7,2.820
46.7,2.820
46.7,2.820
46.7,2.820
46.7,2.820
46.7,2.820
46.7,2.820
46.7,2.820
46.7,2.820
46.7,2.820
46.7,2.820
46.7,2.820
46.7,2.825
46.7,2.825
46.7,2.825
46.7,2.825
46.7,2.825
46.7,2.825
46.7,2.825
46.7,2.825
46.7,2.825
46.7,2.825
46.7,2.825
46.7,2.825
46.7,2.825
46.7,2.825
46.7,2.825
46.7,2.825
46.7,2.825
46.7,2.830
46.7,2.830
46.7,2.830
46.7,2.830
46.7,2.830
46.7,2.830
46.7,2.830
46.7,2.830
46.7,2.830
46.8,2.830
46.8,2.830
46.8,2.830
46.8,2.830
46.8,2.830
46.8,2.830
46.8,2.830
46.8,2.830
46.8,2.830
46.8,2.835
46.8,2.835
46.8,2.835
46.8,2.835
46.8,2.835
46.8,2.835
46.8,2.835
46.8,2.835
46.8,2.835
46.8,2.835
46.8,2.835
46.8,2.835
46.8,2.835
46.8,2.835
46.8,2.835
46.8,2.835
46.8,2.835
46.8,2.840
46.8,2.840
46.8,2.840
46.8,2.840
46.8,2.840
46.8,2.840
46.8,2.840
46.8,2.840
46.8,2.840
46.8,2.840
46.8,2.840
46.8,2.840
46.8,2.840
46.8,2.840
46.8,2.840
46.8,2.840
46.8,2.840
46.8,2.845
46.8,2.845
46.8,2.845
46.8,2.845
46.8,2.845
46.8,2.845
46.8,2.845
46.8,2.845
46.8,2.845
46.8,2.845
46.8,2.845
46.8,2.845
46.8,2.845
46.8,2.845
46.8,2.845
46.8,2.845
46.8,2.845
46.8,2.845
46.8,2.850
46.8,2.850
46.8,2.850
46.8,2.850
46.8,2.850
46.8,2.850
46.8,2.850
46.8,2.850
46.8,2.850
46.8,2.850
46.8,2.850
46.8,2.850
46.8,2.850
46.8,2.850
46.8,2.850
46.8,2.850
46.8,2.850
46.8,2.855
46.8,2.855
46.8,2.855
46.8,2.855
46.9,2.855
46.9,2.855
46.9,2.855
46.9,2.855
46.9,2.855
46.9,2.855
46.9,2.855
46.9,2.855
46.9,2.855
46.9,2.855
46.9,2.855
46.9,2.855
46.9,2.855
46.9,2.860
46.9,2.860
46.9,2.860
46.9,2.860
46.9,2.860
46.9,2.860
46.9,2.860
46.9,2.860
46.9,2.860
46.9,2.860
46.9,2.860
46.9,2.860
46.9,2.860
47.0,2.860
47.0,2.860
47.0,2.865
47.0,2.865
47.0,2.865
47.0,2.865
47.0,2.865
47.0,2.865
47.0,2.865
47.0,2.865
47.0,2.865
47.0,2.865
47.0,2.865
47.0,2.865
47.0,2.865
47.0,2.865
47.0,2.865
47.0,2.865
47.0,2.865
47.0,2.865
47.0,2.870
47.0,2.870
47.0,2.870
47.0,2.870
47.0,2.870
47.0,2.870
47.0,2.870
47.0,2.870
47.0,2.870
47.0,2.870
47.0,2.870
47.0,2.870
47.0,2.870
47.0,2.870
47.0,2.870
47.0,2.870
47.0,2.870
47.0,2.875
47.0,2.875
47.0,2.875
47.0,2.875
47.0,2.875
47.0,2.875
47.0,2.875
47.0,2.875
47.0,2.875
47.0,2.875
47.0,2.875
47.0,2.875
47.0,2.875
47.0,2.875
47.0,2.875
47.0,2.875
47.0,2.875
47.0,2.880
47.0,2.880
47.0,2.880
47.0,2.880
47.0,2.880
47.0,2.880
47.0,2.880
47.0,2.880
47.0,2.880
47.0,2.880
47.0,2.880
47.0,2.880
47.0,2.880
47.0,2.880
47.0,2.880
47.0,2.880
47.0,2.880
47.0,2.885
47.0,2.885
47.0,2.885
47.0,2.885
47.0,2.885
47.0,2.885
47.0,2.885
47.0,2.885
47.0,2.885
47.0,2.885
47.0,2.885
47.0,2.885
47.0,2.885
47.0,2.885
47.0,2.885
47.0,2.885
47.0,2.885
47.0,2.885
47.0,2.890
47.0,2.890
47.0,2.890
47.0,2.890
47.0,2.890
47.0,2.890
47.0,2.890
47.0,2.890
47.0,2.890
47.0,2.890
47.0,2.890
47.0,2.890
47.0,2.890
47.0,2.890
47.0,2.890
47.0,2.890
47.0,2.890
47.0,2.890
47.0,2.890
47.0,2.895
47.0,2.895
47.0,2.895
47.0,2.895
47.0,2.895
47.0,2.895
47.0,2.895
47.0,2.895
47.0,2.895
47.0,2.895
47.0,2.895
47.0,2.895
47.0,2.895
47.0,2.895
47.0,2.895
47.0,2.895
47.0,2.895
47.0,2.895
47.0,2.900
47.0,2.900
47.0,2.900
47.0,2.900
47.0,2.900
47.0,2.900
47.0,2.900
47.0,2.900
47.0,2.900
47.0,2.900
47.0,2.900
47.0,2.900
47.0,2.900
47.0,2.900
47.0,2.900
47.0,2.900
47.0,2.900
47.0,2.900
47.0,2.900
47.0,2.905
47.0,2.905
47.0,2.905
47.0,2.905
47.0,2.905
47.1,2.905
47.1,2.905
47.1,2.905
47.1,2.905
47.1,2.905
47.1,2.905
47.1,2.905
47.1,2.905
47.1,2.905
47.1,2.905
47.1,2.905
47.1,2.905
47.1,2.905
47.1,2.905
47.0,2.910
47.0,2.910
47.0,2.910
47.0,2.910
47.0,2.910
47.0,2.910
47.0,2.910
47.0,2.910
47.0,2.910
47.0,2.910
47.0,2.910
47.0,2.910
47.0,2.910
47.0,2.910
47.0,2.910
47.0,2.910
47.0,2.910
47.0,2.910
47.0,2.910
47.0,2.910
47.0,2.915
47.0,2.915
47.0,2.915
47.0,2.915
47.0,2.915
47.0,2.915
47.0,2.915
47.0,2.915
47.0,2.915
47.0,2.915
47.0,2.915
47.0,2.915
47.0,2.915
47.0,2.915
47.0,2.915
47.0,2.915
47.0,2.915
47.1,2.915
47.1,2.920
47.1,2.920
47.1,2.920
47.1,2.920
47.1,2.920
47.1,2.920
47.1,2.920
47.1,2.920
47.1,2.920
47.1,2.920
47.1,2.920
47.1,2.920
47.1,2.920
47.1,2.920
47.1,2.920
47.1,2.920
47.1,2.920
47.0,2.920
47.0,2.925
47.0,2.925
47.0,2.925
47.0,2.925
47.0,2.925
47.0,2.925
47.0,2.925
47.0,2.925
47.0,2.925
47.0,2.925
47.0,2.925
47.0,2.925
47.0,2.925
47.0,2.925
47.0,2.925
47.0,2.925
47.0,2.925
47.0,2.925
47.0,2.925
47.0,2.930
47.0,2.930
47.0,2.930
47.0,2.930
47.0,2.930
47.0,2.930
47.0,2.930
47.0,2.930
47.0,2.930
47.0,2.930
47.0,2.930
47.0,2.930
47.0,2.930
47.0,2.930
47.0,2.930
47.0,2.930
47.0,2.930
47.1,2.930
47.1,2.930
47.1,2.930
47.1,2.935
47.1,2.935
47.1,2.935
47.1,2.935
47.1,2.935
47.1,2.935
47.1,2.935
47.1,2.935
47.1,2.935
47.1,2.935
47.1,2.935
47.1,2.935
47.1,2.935
47.1,2.935
47.1,2.935
47.1,2.935
47.1,2.935
47.1,2.935
47.1,2.940
47.1,2.940
47.1,2.940
47.1,2.940
47.1,2.940
47.1,2.940
47.1,2.940
47.1,2.940
47.1,2.940
47.1,2.940
47.1,2.940
47.1,2.940
47.1,2.940
47.1,2.940
47.1,2.940
47.1,2.940
47.2,2.940
47.2,2.945
47.2,2.945
47.2,2.945
47.2,2.945
47.2,2.945
47.2,2.945
47.2,2.945
47.2,2.945
47.2,2.945
47.2,2.945
47.2,2.945
47.2,2.945
47.2,2.945
47.2,2.945
47.2,2.945
47.2,2.945
47.2,2.945
47.2,2.945
47.2,2.945
47.2,2.945
47.2,2.950
47.2,2.950
47.2,2.950
47.2,2.950
47.2,2.950
47.2,2.950
47.2,2.950
47.2,2.950
47.2,2.950
47.2,2.950
47.2,2.950
47.2,2.950
47.2,2.950
47.2,2.950
47.2,2.950
47.2,2.950
47.2,2.950
47.2,2.950
47.2,2.950
47.2,2.955
47.1,2.955
47.1,2.955
47.1,2.955
47.1,2.955
47.1,2.955
47.1,2.955
47.1,2.955
47.1,2.955
47.1,2.955
47.1,2.955
47.1,2.955
47.2,2.955
47.2,2.955
47.2,2.955
47.2,2.955
47.2,2.955
47.2,2.955
47.2,2.955
47.2,2.960
47.2,2.960
47.2,2.960
47.2,2.960
47.2,2.960
47.2,2.960
47.2,2.960
47.1,2.960
47.1,2.960
47.1,2.960
47.2,2.960
47.2,2.960
47.2,2.960
47.3,2.960
47.2,2.960
47.2,2.960
47.2,2.960
47.2,2.960
47.2,2.960
47.2,2.965
47.2,2.965
47.2,2.965
47.2,2.965
47.2,2.965
47.2,2.965
47.2,2.965
47.2,2.965
47.2,2.965
47.2,2.965
47.2,2.965
47.2,2.965
47.2,2.965
47.2,2.965
47.2,2.965
47.2,2.965
47.2,2.965
47.2,2.965
47.2,2.965
47.2,2.965
47.2,2.965
47.2,2.970
47.2,2.970
47.2,2.970
47.2,2.970
47.2,2.970
47.2,2.970
47.2,2.970
47.2,2.970
47.2,2.970
47.2,2.970
47.2,2.970
47.2,2.970
47.2,2.970
47.2,2.970
47.2,2.970
47.2,2.970
47.2,2.970
47.2,2.970
47.2,2.970
47.2,2.970
47.2,2.970
47.2,2.975
47.2,2.975
47.2,2.975
47.2,2.975
47.2,2.975
47.2,2.975
47.2,2.975
47.2,2.975
47.2,2.975
47.2,2.975
47.2,2.975
47.2,2.975
47.2,2.975
47.2,2.975
47.2,2.975
47.2,2.975
47.2,2.975
47.2,2.975
47.2,2.975
47.3,2.975
47.3,2.980
47.3,2.980
47.3,2.980
47.3,2.980
47.3,2.980
47.3,2.980
47.3,2.980
47.3,2.980
47.3,2.980
47.2,2.980
47.2,2.980
47.2,2.980
47.2,2.980
47.2,2.980
47.2,2.980
47.2,2.980
47.2,2.980
47.2,2.980
47.3,2.980
47.3,2.980
47.3,2.980
47.3,2.985
47.3,2.985
47.3,2.985
47.3,2.985
47.3,2.985
47.3,2.985
47.3,2.985
47.3,2.985
47.3,2.985
47.3,2.985
47.3,2.985
47.3,2.985
47.3,2.985
47.3,2.985
47.3,2.985
47.3,2.985
47.3,2.985
47.3,2.985
47.3,2.985
47.3,2.985
47.3,2.985
47.3,2.990
47.3,2.990
47.3,2.990
47.3,2.990
47.3,2.990
47.3,2.990
47.2,2.990
47.2,2.990
47.2,2.990
47.2,2.990
47.2,2.990
47.2,2.990
47.2,2.990
47.2,2.990
47.2,2.990
47.2,2.990
47.3,2.990
47.3,2.990
47.3,2.990
47.3,2.990
47.3,2.990
47.3,2.990
47.3,2.995
47.3,2.995
47.3,2.995
47.3,2.995
47.3,2.995
47.2,2.995
47.2,2.995
47.2,2.995
47.2,2.995
47.2,2.995
47.2,2.995
47.2,2.995
47.2,2.995
47.3,2.995
47.3,2.995
47.3,2.995
47.3,2.995
47.3,2.995
47.3,2.995
47.3,3.000
47.3,3.000
47.3,3.000
47.3,3.000
47.3,3.000
47.3,3.000
47.3,3.000
47.3,3.000
47.3,3.000
47.3,3.000
47.3,3.000
47.3,3.000
47.3,3.000
47.3,3.000
47.3,3.000
47.3,3.000
47.3,3.000
47.4,3.000
47.4,3.000
47.4,3.000
47.4,3.005
47.3,3.005
47.3,3.005
47.3,3.005
47.2,3.005
47.3,3.005
47.3,3.005
47.3,3.005
47.3,3.005
47.3,3.005
47.3,3.005
47.3,3.005
47.3,3.005
47.3,3.005
47.3,3.005
47.3,3.005
47.3,3.005
47.3,3.005
47.3,3.005
47.4,3.005
47.4,3.010
47.4,3.010
47.3,3.010
47.3,3.010
47.3,3.010
47.3,3.010
47.3,3.010
47.3,3.010
47.3,3.010
47.3,3.010
47.3,3.010
47.3,3.010
47.3,3.010
47.3,3.010
47.3,3.010
47.3,3.010
47.3,3.010
47.3,3.010
47.4,3.010
47.4,3.010
47.4,3.015
47.4,3.015
47.4,3.015
47.3,3.015
47.3,3.015
47.3,3.015
47.3,3.015
47.3,3.015
47.3,3.015
47.3,3.015
47.3,3.015
47.3,3.015
47.3,3.015
47.3,3.015
47.3,3.015
47.3,3.015
47.3,3.015
47.3,3.015
47.4,3.015
47.4,3.020
47.4,3.020
47.4,3.020
47.4,3.020
47.4,3.020
47.4,3.020
47.4,3.020
47.4,3.020
47.4,3.020
47.4,3.020
47.4,3.020
47.4,3.020
47.4,3.020
47.4,3.020
47.4,3.020
47.4,3.020
47.4,3.020
47.4,3.020
47.4,3.020
47.4,3.025
47.4,3.025
47.4,3.025
47.4,3.025
47.4,3.025
47.4,3.025
47.4,3.025
47.4,3.025
47.4,3.025
47.4,3.025
47.4,3.025
47.4,3.025
47.4,3.025
47.4,3.025
47.4,3.025
47.4,3.025
47.4,3.025
47.4,3.025
47.4,3.025
47.4,3.025
47.4,3.030
47.4,3.030
47.4,3.030
47.4,3.030
47.4,3.030
47.4,3.030
47.4,3.030
47.4,3.030
47.4,3.030
47.4,3.030
47.4,3.030
47.4,3.030
47.4,3.030
47.4,3.030
47.4,3.030
47.4,3.030
47.4,3.030
47.4,3.030
47.4,3.030
47.4,3.030
47.4,3.030
47.4,3.035
47.4,3.035
47.5,3.035
47.5,3.035
47.5,3.035
47.5,3.035
47.5,3.035
47.5,3.035
47.5,3.035
47.5,3.035
47.5,3.035
47.5,3.035
47.4,3.035
47.4,3.035
47.4,3.035
47.4,3.035
47.4,3.035
47.4,3.035
47.4,3.035
47.4,3.040
47.4,3.040
47.5,3.040
47.5,3.040
47.5,3.040
47.5,3.040
47.5,3.040
47.5,3.040
47.5,3.040
47.5,3.040
47.5,3.040
47.5,3.040
47.4,3.040
47.4,3.040
47.4,3.040
47.4,3.040
47.4,3.040
47.4,3.040
47.4,3.040
47.4,3.040
47.4,3.045
47.4,3.045
47.5,3.045
47.5,3.045
47.5,3.045
47.5,3.045
47.5,3.045
47.5,3.045
47.5,3.045
47.5,3.045
47.5,3.045
47.5,3.045
47.5,3.045
47.5,3.045
47.5,3.045
47.5,3.045
47.5,3.045
47.5,3.045
47.5,3.045
47.5,3.045
47.5,3.045
47.5,3.050
47.5,3.050
47.5,3.050
47.5,3.050
47.5,3.050
47.5,3.050
47.5,3.050
47.5,3.050
47.5,3.050
47.5,3.050
47.5,3.050
47.5,3.050
47.5,3.050
47.5,3.050
47.5,3.050
47.5,3.050
47.5,3.050
47.5,3.050
47.5,3.050
47.5,3.050
47.5,3.055
47.5,3.055
47.5,3.055
47.5,3.055
47.5,3.055
47.5,3.055
47.5,3.055
47.5,3.055
47.5,3.055
47.5,3.055
47.5,3.055
47.5,3.055
47.5,3.055
47.5,3.055
47.5,3.055
47.5,3.055
47.5,3.055
47.5,3.055
47.5,3.055
47.5,3.060
47.5,3.060
47.5,3.060
47.5,3.060
47.5,3.060
47.5,3.060
47.5,3.060
47.5,3.060
47.5,3.060
47.5,3.060
47.5,3.060
47.5,3.060
47.5,3.060
47.5,3.060
47.5,3.060
47.5,3.060
47.5,3.060
47.5,3.060
47.5,3.060
47.5,3.060
47.5,3.060
47.5,3.065
47.5,3.065
47.5,3.065
47.5,3.065
47.5,3.065
47.5,3.065
47.5,3.065
47.5,3.065
47.6,3.065
47.6,3.065
47.6,3.065
47.6,3.065
47.6,3.065
47.6,3.065
47.6,3.065
47.6,3.065
47.6,3.065
47.6,3.065
47.6,3.065
47.6,3.065
47.6,3.070
47.6,3.070
47.6,3.070
47.6,3.070
47.6,3.070
47.6,3.070
47.6,3.070
47.6,3.070
47.6,3.070
47.6,3.070
47.6,3.070
47.6,3.070
47.6,3.070
47.6,3.070
47.6,3.070
47.6,3.070
47.6,3.070
47.6,3.070
47.6,3.070
47.6,3.070
47.6,3.075
47.6,3.075
47.6,3.075
47.6,3.075
47.6,3.075
47.7,3.075
47.7,3.075
47.7,3.075
47.7,3.075
47.7,3.075
47.7,3.075
47.7,3.075
47.7,3.075
47.7,3.075
47.7,3.075
47.7,3.075
47.7,3.075
47.7,3.075
47.7,3.075
47.6,3.080
47.6,3.080
47.6,3.080
47.6,3.080
47.6,3.080
47.6,3.080
47.7,3.080
47.7,3.080
47.7,3.080
47.7,3.080
47.7,3.080
47.7,3.080
47.7,3.080
47.7,3.080
47.7,3.080
47.7,3.080
47.7,3.080
47.7,3.080
47.7,3.080
47.7,3.085
47.7,3.085
47.7,3.085
47.7,3.085
47.7,3.085
47.7,3.085
47.7,3.085
47.7,3.085
47.7,3.085
47.7,3.085
47.7,3.085
47.7,3.085
47.7,3.085
47.7,3.085
47.7,3.085
47.7,3.085
47.7,3.085
47.7,3.085
47.7,3.085
47.7,3.085
47.7,3.090
47.7,3.090
47.7,3.090
47.7,3.090
47.7,3.090
47.7,3.090
47.7,3.090
47.7,3.090
47.7,3.090
47.7,3.090
47.7,3.090
47.7,3.090
47.7,3.090
47.7,3.090
47.7,3.090
47.7,3.090
47.7,3.090
47.7,3.090
47.7,3.090
47.7,3.090
47.7,3.095
47.7,3.095
47.7,3.095
47.7,3.095
47.7,3.095
47.7,3.095
47.7,3.095
47.7,3.095
47.7,3.095
47.7,3.095
47.7,3.095
47.7,3.095
47.7,3.095
47.7,3.095
47.7,3.095
47.7,3.095
47.7,3.095
47.7,3.095
47.7,3.100
47.7,3.100
47.7,3.100
47.7,3.100
47.7,3.100
47.7,3.100
47.7,3.100
47.7,3.100
47.7,3.100
47.7,3.100
47.7,3.100
47.7,3.100
47.7,3.100
47.7,3.100
47.7,3.100
47.7,3.100
47.7,3.100
47.7,3.100
47.7,3.105
47.7,3.105
47.7,3.105
47.7,3.105
47.7,3.105
47.7,3.105
47.7,3.105
47.7,3.105
47.7,3.105
47.7,3.105
47.7,3.105
47.7,3.105
47.7,3.105
47.7,3.105
47.7,3.105
47.8,3.105
47.8,3.105
47.8,3.105
47.8,3.105
47.8,3.110
47.8,3.110
47.8,3.110
47.8,3.110
47.8,3.110
47.8,3.110
47.8,3.110
47.8,3.110
47.7,3.110
47.7,3.110
47.7,3.110
47.7,3.110
47.7,3.110
47.7,3.110
47.7,3.110
47.7,3.110
47.7,3.110
47.7,3.110
47.7,3.110
47.8,3.115
47.8,3.115
47.8,3.115
47.8,3.115
47.8,3.115
47.8,3.115
47.8,3.115
47.8,3.115
47.8,3.115
47.8,3.115
47.8,3.115
47.7,3.115
47.7,3.115
47.7,3.115
47.7,3.115
47.7,3.115
47.7,3.115
47.7,3.115
47.8,3.115
47.8,3.120
47.8,3.120
47.8,3.120
47.8,3.120
47.8,3.120
47.8,3.120
47.8,3.120
47.8,3.120
47.8,3.120
47.8,3.120
47.8,3.120
47.7,3.120
47.7,3.120
47.7,3.120
47.7,3.120
47.7,3.120
47.7,3.120
47.7,3.120
47.7,3.125
47.7,3.125
47.8,3.125
47.8,3.125
47.8,3.125
47.8,3.125
47.8,3.125
47.8,3.125
47.8,3.125
47.8,3.125
47.8,3.125
47.8,3.125
47.8,3.125
47.8,3.125
47.8,3.125
47.7,3.125
47.7,3.125
47.7,3.125
47.8,3.125
47.8,3.125
47.8,3.130
47.8,3.130
47.8,3.130
47.8,3.130
47.8,3.130
47.8,3.130
47.9,3.130
47.9,3.130
47.9,3.130
47.9,3.130
47.9,3.130
47.9,3.130
47.9,3.130
47.9,3.130
47.9,3.130
47.9,3.130
47.9,3.130
47.9,3.130
47.9,3.130
48.0,3.130
48.0,3.135
48.0,3.135
48.0,3.135
48.0,3.135
48.1,3.135
48.0,3.135
48.0,3.135
48.0,3.135
48.0,3.135
48.0,3.135
48.0,3.135
48.0,3.135
48.0,3.135
48.0,3.135
48.0,3.135
48.0,3.135
48.0,3.135
48.0,3.135
48.0,3.135
48.0,3.140
48.1,3.140
48.1,3.140
48.1,3.140
48.1,3.140
48.1,3.140
48.1,3.140
48.1,3.140
48.1,3.140
48.1,3.140
48.1,3.140
48.1,3.140
48.1,3.140
48.1,3.140
48.1,3.140
48.1,3.140
48.1,3.140
48.1,3.140
48.1,3.140
48.1,3.140
48.1,3.145
48.1,3.145
48.1,3.145
48.1,3.145
48.2,3.145
48.2,3.145
48.2,3.145
48.2,3.145
48.2,3.145
48.2,3.145
48.2,3.145
48.2,3.145
48.2,3.145
48.2,3.145
48.2,3.145
48.2,3.145
48.2,3.145
48.2,3.145
48.2,3.145
48.2,3.145
48.2,3.150
48.2,3.150
48.2,3.150
48.2,3.150
48.2,3.150
48.2,3.150
48.2,3.150
48.2,3.150
48.2,3.150
48.3,3.150
48.3,3.150
48.3,3.150
48.3,3.150
48.3,3.150
48.3,3.150
48.3,3.150
48.3,3.150
48.3,3.150
48.3,3.150
48.3,3.150
48.3,3.155
48.3,3.155
48.3,3.155
48.3,3.155
48.3,3.155
48.3,3.155
48.3,3.155
48.3,3.155
48.3,3.155
48.3,3.155
48.3,3.155
48.3,3.155
48.3,3.155
48.3,3.155
48.3,3.155
48.3,3.155
48.3,3.155
48.3,3.155
48.3,3.155
48.3,3.160
48.3,3.160
48.3,3.160
48.3,3.160
48.3,3.160
48.4,3.160
48.4,3.160
48.4,3.160
48.4,3.160
48.4,3.160
48.4,3.160
48.4,3.160
48.4,3.160
48.4,3.160
48.4,3.160
48.3,3.160
48.3,3.160
48.3,3.160
48.3,3.160
48.3,3.165
48.3,3.165
48.3,3.165
48.3,3.165
48.3,3.165
48.3,3.165
48.3,3.165
48.4,3.165
48.4,3.165
48.4,3.165
48.4,3.165
48.4,3.165
48.4,3.165
48.4,3.165
48.4,3.165
48.4,3.165
48.4,3.165
48.4,3.165
48.4,3.165
48.4,3.165
48.4,3.170
48.4,3.170
48.4,3.170
48.4,3.170
48.4,3.170
48.4,3.170
48.4,3.170
48.4,3.170
48.4,3.170
48.4,3.170
48.4,3.170
48.4,3.170
48.4,3.170
48.4,3.170
48.4,3.170
48.4,3.170
48.4,3.170
48.4,3.170
48.4,3.170
48.4,3.170
48.4,3.175
48.4,3.175
48.4,3.175
48.4,3.175
48.3,3.175
48.3,3.175
48.3,3.175
48.3,3.175
48.3,3.175
48.3,3.175
48.3,3.175
48.3,3.175
48.3,3.175
48.4,3.175
48.4,3.175
48.4,3.175
48.4,3.175
48.4,3.175
48.4,3.175
48.4,3.180
48.4,3.180
48.4,3.180
48.4,3.180
48.4,3.180
48.4,3.180
48.4,3.180
48.4,3.180
48.4,3.180
48.4,3.180
48.4,3.180
48.4,3.180
48.4,3.180
48.4,3.180
48.4,3.180
48.4,3.180
48.4,3.180
48.4,3.180
48.4,3.185
48.4,3.185
48.4,3.185
48.4,3.185
48.4,3.185
48.4,3.185
48.4,3.185
48.4,3.185
48.4,3.185
48.4,3.185
48.4,3.185
48.4,3.185
48.4,3.185
48.4,3.185
48.4,3.185
48.4,3.185
48.4,3.185
48.4,3.185
48.4,3.185
48.4,3.185
48.4,3.190
48.4,3.190
48.4,3.190
48.4,3.190
48.4,3.190
48.4,3.190
48.4,3.190
48.4,3.190
48.4,3.190
48.4,3.190
48.4,3.190
48.4,3.190
48.4,3.190
48.4,3.190
48.4,3.190
48.4,3.190
48.4,3.190
48.4,3.190
48.4,3.190
48.4,3.190
48.4,3.195
48.4,3.195
48.4,3.195
48.4,3.195
48.4,3.195
48.4,3.195
48.4,3.195
48.4,3.195
48.4,3.195
48.4,3.195
48.4,3.195
48.4,3.195
48.4,3.195
48.4,3.195
48.4,3.195
48.4,3.195
48.4,3.195
48.4,3.195
48.4,3.195
48.4,3.195
48.4,3.200
48.4,3.200
48.4,3.200
48.4,3.200
48.4,3.200
48.4,3.200
48.4,3.200
48.4,3.200
48.4,3.200
48.4,3.200
48.4,3.200
48.4,3.200
48.4,3.200
48.4,3.200
48.4,3.200
48.4,3.200
48.4,3.200
48.4,3.200
48.4,3.200
48.4,3.200
48.4,3.205
48.4,3.205
48.4,3.205
48.4,3.205
48.5,3.205
48.5,3.205
48.5,3.205
48.5,3.205
48.5,3.205
48.5,3.205
48.5,3.205
48.5,3.205
48.5,3.205
48.5,3.205
48.5,3.205
48.5,3.205
48.5,3.205
48.5,3.205
48.5,3.205
48.5,3.205
48.5,3.205
48.5,3.210
48.5,3.210
48.5,3.210
48.5,3.210
48.5,3.210
48.5,3.210
48.5,3.210
48.5,3.210
48.5,3.210
48.5,3.210
48.5,3.210
48.5,3.210
48.4,3.210
48.4,3.210
48.4,3.210
48.4,3.210
48.4,3.210
48.4,3.210
48.4,3.210
48.4,3.210
48.4,3.210
48.4,3.210
48.4,3.215
48.4,3.215
48.4,3.215
48.4,3.215
48.4,3.215
48.4,3.215
48.4,3.215
48.4,3.215
48.4,3.215
48.4,3.215
48.4,3.215
48.4,3.215
48.4,3.215
48.4,3.215
48.4,3.215
48.4,3.215
48.4,3.215
48.4,3.215
48.4,3.215
48.5,3.215
48.5,3.220
48.5,3.220
48.5,3.220
48.5,3.220
48.5,3.220
48.5,3.220
48.5,3.220
48.5,3.220
48.5,3.220
48.5,3.220
48.5,3.220
48.5,3.220
48.5,3.220
48.5,3.220
48.5,3.220
48.5,3.220
48.5,3.220
48.5,3.220
48.5,3.220
48.5,3.220
48.5,3.220
48.5,3.220
48.5,3.225
48.5,3.225
48.5,3.225
48.5,3.225
48.5,3.225
48.5,3.225
48.5,3.225
48.5,3.225
48.5,3.225
48.5,3.225
48.5,3.225
48.5,3.225
48.5,3.225
48.5,3.225
48.5,3.225
48.5,3.225
48.5,3.225
48.5,3.225
48.5,3.225
48.5,3.225
48.6,3.225
48.6,3.230
48.6,3.230
48.6,3.230
48.6,3.230
48.6,3.230
48.6,3.230
48.5,3.230
48.5,3.230
48.5,3.230
48.5,3.230
48.5,3.230
48.5,3.230
48.5,3.230
48.5,3.230
48.5,3.230
48.5,3.230
48.5,3.230
48.5,3.230
48.5,3.230
48.5,3.230
48.5,3.230
48.5,3.230
48.5,3.235
48.5,3.235
48.5,3.235
48.5,3.235
48.5,3.235
48.5,3.235
48.5,3.235
48.5,3.235
48.5,3.235
48.5,3.235
48.6,3.235
48.6,3.235
48.6,3.235
48.6,3.235
48.6,3.235
48.6,3.235
48.6,3.235
48.6,3.235
48.6,3.235
48.6,3.235
48.6,3.235
48.6,3.240
48.6,3.240
48.6,3.240
48.6,3.240
48.6,3.240
48.6,3.240
48.6,3.240
48.6,3.240
48.6,3.240
48.6,3.240
48.6,3.240
48.6,3.240
48.6,3.240
48.6,3.240
48.6,3.240
48.6,3.240
48.6,3.240
48.6,3.240
48.6,3.240
48.6,3.240
48.6,3.245
48.6,3.245
48.6,3.245
48.6,3.245
48.6,3.245
48.6,3.245
48.6,3.245
48.6,3.245
48.6,3.245
48.6,3.245
48.6,3.245
48.6,3.245
48.6,3.245
48.6,3.245
48.6,3.245
48.6,3.245
48.6,3.245
48.6,3.245
48.6,3.245
48.6,3.245
48.6,3.245
48.6,3.250
48.6,3.250
48.6,3.250
48.6,3.250
48.6,3.250
48.6,3.250
48.6,3.250
48.6,3.250
48.6,3.250
48.6,3.250
48.6,3.250
48.6,3.250
48.6,3.250
48.6,3.250
48.6,3.250
48.6,3.250
48.6,3.250
48.6,3.250
48.6,3.250
48.6,3.250
48.6,3.255
48.6,3.255
48.6,3.255
48.6,3.255
48.6,3.255
48.6,3.255
48.6,3.255
48.6,3.255
48.6,3.255
48.6,3.255
48.6,3.255
48.6,3.255
48.6,3.255
48.6,3.255
48.6,3.255
48.6,3.255
48.6,3.255
48.6,3.255
48.6,3.255
48.6,3.255
48.6,3.260
48.6,3.260
48.6,3.260
48.6,3.260
48.6,3.260
48.6,3.260
48.6,3.260
48.6,3.260
48.6,3.260
48.6,3.260
48.6,3.260
48.6,3.260
48.6,3.260
48.6,3.260
48.6,3.260
48.6,3.260
48.6,3.260
48.6,3.260
48.6,3.260
48.6,3.265
48.6,3.265
48.6,3.265
48.6,3.265
48.6,3.265
48.6,3.265
48.6,3.265
48.6,3.265
48.6,3.265
48.6,3.265
48.6,3.265
48.6,3.265
48.6,3.265
48.6,3.265
48.6,3.265
48.6,3.265
48.6,3.265
48.6,3.265
48.6,3.265
48.6,3.265
48.6,3.265
48.6,3.265
48.6,3.270
48.6,3.270
48.6,3.270
48.6,3.270
48.6,3.270
48.6,3.270
48.6,3.270
48.6,3.270
48.6,3.270
48.6,3.270
48.6,3.270
48.6,3.270
48.6,3.270
48.6,3.270
48.6,3.270
48.6,3.270
48.6,3.270
48.6,3.270
48.6,3.270
48.6,3.270
48.6,3.270
48.6,3.275
48.6,3.275
48.6,3.275
48.6,3.275
48.6,3.275
48.6,3.275
48.6,3.275
48.6,3.275
48.6,3.275
48.6,3.275
48.6,3.275
48.6,3.275
48.6,3.275
48.7,3.275
48.7,3.275
48.7,3.275
48.7,3.275
48.7,3.275
48.7,3.275
48.7,3.275
48.7,3.280
48.7,3.280
48.7,3.280
48.7,3.280
48.7,3.280
48.7,3.280
48.7,3.280
48.7,3.280
48.7,3.280
48.7,3.280
48.7,3.280
48.7,3.280
48.7,3.280
48.7,3.280
48.7,3.280
48.7,3.280
48.7,3.280
48.7,3.280
48.7,3.280
48.7,3.280
48.7,3.280
48.7,3.285
48.7,3.285
48.7,3.285
48.7,3.285
48.7,3.285
48.7,3.285
48.7,3.285
48.7,3.285
48.7,3.285
48.7,3.285
48.7,3.285
48.7,3.285
48.7,3.285
48.7,3.285
48.7,3.285
48.7,3.285
48.7,3.285
48.7,3.285
48.7,3.285
48.7,3.285
48.7,3.285
48.7,3.290
48.7,3.290
48.7,3.290
48.7,3.290
48.7,3.290
48.7,3.290
48.7,3.290
48.7,3.290
48.7,3.290
48.7,3.290
48.7,3.290
48.7,3.290
48.7,3.290
48.7,3.290
48.8,3.290
48.8,3.290
48.8,3.290
48.8,3.290
48.8,3.290
48.8,3.290
48.8,3.290
48.8,3.290
48.7,3.295
48.7,3.295
48.7,3.295
48.7,3.295
48.7,3.295
48.7,3.295
48.8,3.295
48.8,3.295
48.8,3.295
48.8,3.295
48.8,3.295
48.8,3.295
48.8,3.295
48.8,3.295
48.8,3.295
48.8,3.295
48.8,3.295
48.8,3.295
48.8,3.295
48.8,3.295
48.8,3.300
48.8,3.300
48.8,3.300
48.8,3.300
48.8,3.300
48.7,3.300
48.7,3.300
48.7,3.300
48.7,3.300
48.7,3.300
48.7,3.300
48.7,3.300
48.7,3.300
48.7,3.300
48.7,3.300
48.7,3.300
48.8,3.300
48.8,3.300
48.8,3.300
48.7,3.300
48.7,3.300
48.7,3.300
48.7,3.305
48.7,3.305
48.7,3.305
48.7,3.305
48.7,3.305
48.7,3.305
48.7,3.305
48.7,3.305
48.7,3.305
48.7,3.305
48.7,3.305
48.8,3.305
48.8,3.305
48.8,3.305
48.8,3.305
48.8,3.305
48.8,3.305
48.8,3.305
48.8,3.305
48.8,3.305
48.8,3.305
48.8,3.305
48.9,3.305
48.9,3.310
48.9,3.310
48.9,3.310
48.9,3.310
48.9,3.310
48.9,3.310
48.9,3.310
48.9,3.310
48.9,3.310
48.9,3.310
48.9,3.310
48.9,3.310
48.9,3.310
48.9,3.310
48.8,3.310
48.8,3.310
48.8,3.310
48.8,3.310
48.8,3.310
48.8,3.310
48.8,3.310
48.8,3.310
48.8,3.310
48.8,3.315
48.8,3.315
48.8,3.315
48.8,3.315
48.8,3.315
48.8,3.315
48.8,3.315
48.8,3.315
48.8,3.315
48.8,3.315
48.8,3.315
48.8,3.315
48.8,3.315
48.8,3.315
48.8,3.315
48.8,3.315
48.8,3.315
48.8,3.315
48.8,3.315
48.8,3.315
48.8,3.315
48.8,3.315
48.8,3.320
48.8,3.320
48.8,3.320
48.8,3.320
48.8,3.320
48.8,3.320
48.8,3.320
48.8,3.320
48.8,3.320
48.8,3.320
48.8,3.320
48.8,3.320
48.8,3.320
48.8,3.320
48.8,3.320
48.8,3.320
48.8,3.320
48.8,3.320
48.9,3.320
48.9,3.320
48.9,3.320
48.9,3.325
48.9,3.325
48.9,3.325
48.9,3.325
48.9,3.325
48.9,3.325
48.9,3.325
48.9,3.325
48.8,3.325
48.8,3.325
48.8,3.325
48.8,3.325
48.8,3.325
48.8,3.325
48.8,3.325
48.8,3.325
48.8,3.325
48.8,3.325
48.8,3.325
48.8,3.325
48.8,3.325
48.8,3.325
48.8,3.325
48.8,3.330
48.8,3.330
48.8,3.330
48.8,3.330
48.8,3.330
48.8,3.330
48.8,3.330
48.8,3.330
48.8,3.330
48.8,3.330
48.8,3.330
48.8,3.330
48.8,3.330
48.8,3.330
48.8,3.330
48.8,3.330
48.8,3.330
48.8,3.330
48.8,3.330
48.8,3.330
48.8,3.330
48.8,3.330
48.8,3.330
48.8,3.335
48.8,3.335
48.8,3.335
48.8,3.335
48.8,3.335
48.8,3.335
48.8,3.335
48.8,3.335
48.8,3.335
48.8,3.335
48.8,3.335
48.8,3.335
48.9,3.335
48.9,3.335
48.9,3.335
48.9,3.335
48.9,3.335
48.9,3.335
48.9,3.335
48.9,3.335
48.9,3.335
48.9,3.335
48.9,3.335
48.9,3.340
48.8,3.340
48.8,3.340
48.8,3.340
48.9,3.340
48.9,3.340
48.9,3.340
48.9,3.340
48.9,3.340
48.9,3.340
48.9,3.340
48.9,3.340
48.9,3.340
48.9,3.340
48.9,3.340
48.9,3.340
48.9,3.340
48.9,3.340
48.9,3.340
48.9,3.340
48.9,3.345
48.9,3.345
48.9,3.345
48.9,3.345
48.9,3.345
48.9,3.345
48.9,3.345
48.9,3.345
48.9,3.345
48.9,3.345
48.9,3.345
48.9,3.345
48.9,3.345
48.9,3.345
48.9,3.345
48.9,3.345
48.9,3.345
48.9,3.345
48.9,3.345
48.9,3.345
48.9,3.345
48.9,3.345
48.9,3.345
48.9,3.345
48.9,3.350
48.9,3.350
48.9,3.350
48.9,3.350
48.9,3.350
48.9,3.350
48.9,3.350
48.9,3.350
48.9,3.350
48.9,3.350
48.9,3.350
48.9,3.350
48.9,3.350
48.9,3.350
48.9,3.350
48.9,3.350
49.0,3.350
49.0,3.350
49.0,3.350
49.0,3.350
49.0,3.350
49.0,3.350
49.0,3.350
49.0,3.350
49.0,3.350
48.9,3.355
48.9,3.355
48.9,3.355
48.9,3.355
48.9,3.355
48.9,3.355
48.9,3.355
48.9,3.355
48.9,3.355
48.9,3.355
48.9,3.355
48.9,3.355
48.9,3.355
48.9,3.355
49.0,3.355
49.0,3.355
49.0,3.355
49.0,3.355
49.0,3.355
49.0,3.355
49.0,3.355
49.0,3.355
49.0,3.355
48.9,3.355
48.9,3.360
48.9,3.360
48.9,3.360
48.9,3.360
48.9,3.360
48.9,3.360
48.9,3.360
48.9,3.360
48.9,3.360
48.9,3.360
48.9,3.360
48.9,3.360
48.9,3.360
48.9,3.360
48.9,3.360
48.9,3.360
48.9,3.360
48.9,3.360
48.9,3.360
48.9,3.360
48.9,3.360
48.9,3.360
48.9,3.360
48.9,3.360
48.9,3.360
48.9,3.360
49.0,3.365
49.0,3.365
49.0,3.365
49.0,3.365
49.0,3.365
49.0,3.365
49.0,3.365
49.0,3.365
49.0,3.365
49.0,3.365
49.0,3.365
49.0,3.365
49.0,3.365
49.0,3.365
48.9,3.365
48.9,3.365
48.9,3.365
48.9,3.365
48.9,3.365
48.9,3.365
48.9,3.365
49.0,3.365
49.0,3.365
49.0,3.365
49.0,3.365
49.0,3.365
49.0,3.365
49.0,3.370
49.0,3.370
49.0,3.370
49.0,3.370
49.0,3.370
48.9,3.370
48.9,3.370
48.9,3.370
48.9,3.370
48.9,3.370
48.9,3.370
48.9,3.370
49.0,3.370
49.0,3.370
49.0,3.370
49.0,3.370
49.0,3.370
49.0,3.370
49.0,3.370
49.1,3.370
49.1,3.370
49.1,3.370
49.1,3.370
49.1,3.370
49.1,3.370
49.0,3.370
49.0,3.370
49.0,3.370
49.0,3.375
49.0,3.375
49.0,3.375
49.0,3.375
49.0,3.375
49.0,3.375
49.0,3.375
49.0,3.375
49.0,3.375
49.0,3.375
49.0,3.375
49.0,3.375
49.0,3.375
49.0,3.375
49.0,3.375
49.0,3.375
49.0,3.375
49.0,3.375
49.0,3.375
48.9,3.375
48.9,3.375
48.9,3.375
49.0,3.375
49.1,3.375
49.1,3.375
49.1,3.375
49.1,3.380
49.1,3.380
49.1,3.380
49.1,3.380
49.1,3.380
49.1,3.380
49.1,3.380
49.1,3.380
49.1,3.380
49.0,3.380
49.0,3.380
49.0,3.380
49.0,3.380
49.0,3.380
49.0,3.380
49.0,3.380
49.0,3.380
49.0,3.380
49.0,3.380
49.0,3.380
49.1,3.380
49.0,3.380
49.0,3.380
49.0,3.380
49.0,3.380
49.0,3.380
49.0,3.380
49.0,3.380
49.0,3.380
49.0,3.385
49.0,3.385
49.0,3.385
49.0,3.385
49.0,3.385
49.0,3.385
49.0,3.385
49.0,3.385
49.0,3.385
49.0,3.385
49.0,3.385
49.0,3.385
49.0,3.385
49.0,3.385
49.0,3.385
49.0,3.385
49.0,3.385
49.0,3.385
49.0,3.385
49.0,3.385
49.0,3.385
49.0,3.385
49.0,3.385
49.0,3.385
49.0,3.385
49.0,3.385
49.0,3.385
49.0,3.385
49.0,3.385
49.0,3.385
49.0,3.390
49.0,3.390
49.0,3.390
49.0,3.390
49.0,3.390
49.0,3.390
49.0,3.390
49.0,3.390
49.0,3.390
49.0,3.390
49.0,3.390
49.0,3.390
49.0,3.390
49.0,3.390
49.0,3.390
49.0,3.390
49.0,3.390
49.0,3.390
49.0,3.390
49.0,3.390
49.0,3.390
49.1,3.390
49.1,3.390
49.1,3.390
49.1,3.390
49.1,3.390
49.1,3.390
49.1,3.390
49.1,3.390
49.1,3.390
49.1,3.395
49.1,3.395
49.1,3.395
49.1,3.395
49.1,3.395
49.1,3.395
49.1,3.395
49.0,3.395
49.0,3.395
49.0,3.395
49.0,3.395
49.0,3.395
49.0,3.395
49.0,3.395
49.0,3.395
49.0,3.395
49.0,3.395
49.0,3.395
49.0,3.395
49.1,3.395
49.1,3.395
49.1,3.395
49.1,3.395
49.1,3.395
49.1,3.395
49.1,3.395
49.0,3.395
49.0,3.395
49.0,3.395
49.0,3.400
49.0,3.400
49.0,3.400
49.0,3.400
49.0,3.400
49.1,3.400
49.1,3.400
49.1,3.400
49.1,3.400
49.1,3.400
49.1,3.400
49.1,3.400
49.1,3.400
49.1,3.400
49.1,3.400
49.1,3.400
49.1,3.400
49.1,3.400
49.0,3.400
49.0,3.400
49.0,3.400
49.0,3.400
49.0,3.400
49.0,3.400
49.0,3.400
49.1,3.400
49.1,3.400
49.1,3.400
49.1,3.400
49.1,3.405
49.1,3.405
49.1,3.405
49.1,3.405
49.1,3.405
49.1,3.405
49.1,3.405
49.1,3.405
49.1,3.405
49.1,3.405
49.1,3.405
49.1,3.405
49.0,3.405
49.0,3.405
49.0,3.405
49.0,3.405
49.0,3.405
49.0,3.405
49.1,3.405
49.1,3.405
49.1,3.405
49.1,3.405
49.1,3.405
49.1,3.405
49.1,3.405
49.1,3.405
49.1,3.405
49.1,3.405
49.1,3.405
49.1,3.405
49.1,3.410
49.1,3.410
49.1,3.410
49.1,3.410
49.1,3.410
49.1,3.410
49.1,3.410
49.1,3.410
49.1,3.410
49.1,3.410
49.1,3.410
49.1,3.410
49.1,3.410
49.1,3.410
49.1,3.410
49.1,3.410
49.1,3.410
49.1,3.410
49.1,3.410
49.0,3.410
49.0,3.410
49.0,3.410
49.0,3.410
49.0,3.410
49.0,3.410
49.0,3.410
49.0,3.410
49.0,3.410
49.0,3.410
49.0,3.410
49.0,3.410
49.0,3.415
49.0,3.415
49.0,3.415
49.0,3.415
49.0,3.415
49.0,3.415
49.0,3.415
49.0,3.415
49.0,3.415
49.0,3.415
49.0,3.415
49.0,3.415
49.0,3.415
49.1,3.415
49.1,3.415
49.1,3.415
49.1,3.415
49.1,3.415
49.1,3.415
49.1,3.415
49.1,3.415
49.1,3.415
49.1,3.415
49.1,3.415
49.1,3.415
49.1,3.415
49.1,3.415
49.1,3.415
49.1,3.415
49.1,3.415
49.1,3.415
49.1,3.415
49.1,3.420
49.1,3.420
49.1,3.420
49.1,3.420
49.1,3.420
49.1,3.420
49.1,3.420
49.1,3.420
49.1,3.420
49.1,3.420
49.1,3.420
49.1,3.420
49.1,3.420
49.1,3.420
49.1,3.420
49.1,3.420
49.1,3.420
49.1,3.420
49.1,3.420
49.1,3.420
49.1,3.420
49.1,3.420
49.1,3.420
49.1,3.420
49.1,3.420
49.1,3.420
49.1,3.420
49.1,3.420
49.1,3.420
49.1,3.420
49.1,3.425
49.1,3.425
49.1,3.425
49.1,3.425
49.1,3.425
49.1,3.425
49.1,3.425
49.1,3.425
49.1,3.425
49.1,3.425
49.1,3.425
49.1,3.425
49.1,3.425
49.1,3.425
49.1,3.425
49.1,3.425
49.1,3.425
49.1,3.425
49.1,3.425
49.1,3.425
49.1,3.425
49.1,3.425
49.1,3.425
49.1,3.425
49.1,3.425
49.2,3.425
49.2,3.425
49.2,3.425
49.2,3.425
49.2,3.425
49.2,3.425
49.2,3.425
49.2,3.425
49.2,3.425
49.2,3.425
49.1,3.425
49.1,3.430
49.1,3.430
49.1,3.430
49.1,3.430
49.1,3.430
49.1,3.430
49.1,3.430
49.1,3.430
49.1,3.430
49.1,3.430
49.1,3.430
49.1,3.430
49.1,3.430
49.1,3.430
49.1,3.430
49.1,3.430
49.1,3.430
49.1,3.430
49.1,3.430
49.1,3.430
49.1,3.430
49.1,3.430
49.1,3.430
49.1,3.430
49.1,3.430
49.1,3.430
49.1,3.430
49.1,3.430
49.1,3.430
49.1,3.430
49.1,3.430
49.1,3.430
49.1,3.430
49.1,3.430
49.1,3.430
49.1,3.430
49.1,3.430
49.1,3.430
49.1,3.435
49.1,3.435
49.1,3.435
49.1,3.435
49.1,3.435
49.1,3.435
49.1,3.435
49.2,3.435
49.2,3.435
49.2,3.435
49.2,3.435
49.2,3.435
49.2,3.435
49.2,3.435
49.2,3.435
49.1,3.435
49.1,3.435
49.1,3.435
49.1,3.435
49.1,3.435
49.1,3.435
49.1,3.435
49.1,3.435
49.1,3.435
49.1,3.435
49.1,3.435
49.1,3.435
49.1,3.435
49.1,3.435
49.1,3.435
49.1,3.435
49.2,3.435
49.2,3.435
49.2,3.435
49.2,3.435
49.2,3.435
49.2,3.440
49.2,3.440
49.2,3.440
49.2,3.440
49.2,3.440
49.2,3.440
49.2,3.440
49.2,3.440
49.2,3.440
49.2,3.440
49.2,3.440
49.2,3.440
49.2,3.440
49.2,3.440
49.2,3.440
49.2,3.440
49.2,3.440
49.2,3.440
49.2,3.440
49.2,3.440
49.2,3.440
49.2,3.440
49.2,3.440
49.2,3.440
49.2,3.440
49.2,3.440
49.2,3.440
49.2,3.440
49.2,3.440
49.2,3.440
49.2,3.440
49.2,3.440
49.2,3.440
49.2,3.440
49.2,3.440
49.2,3.440
49.2,3.440
49.2,3.445
49.2,3.445
49.2,3.445
49.2,3.445
49.2,3.445
49.2,3.445
49.2,3.445
49.2,3.445
49.2,3.445
49.2,3.445
49.2,3.445
49.2,3.445
49.2,3.445
49.2,3.445
49.2,3.445
49.2,3.445
49.2,3.445
49.2,3.445
49.2,3.445
49.2,3.445
49.3,3.445
49.3,3.445
49.3,3.445
49.3,3.445
49.3,3.445
49.3,3.445
49.3,3.445
49.3,3.445
49.2,3.445
49.2,3.445
49.2,3.445
49.2,3.445
49.2,3.445
49.2,3.445
49.2,3.445
49.2,3.445
49.2,3.445
49.2,3.445
49.2,3.445
49.2,3.445
49.3,3.450
49.3,3.450
49.3,3.450
49.3,3.450
49.3,3.450
49.3,3.450
49.3,3.450
49.2,3.450
49.2,3.450
49.2,3.450
49.2,3.450
49.2,3.450
49.2,3.450
49.2,3.450
49.2,3.450
49.2,3.450
49.2,3.450
49.2,3.450
49.2,3.450
49.2,3.450
49.2,3.450
49.2,3.450
49.2,3.450
49.2,3.450
49.2,3.450
49.2,3.450
49.2,3.450
49.2,3.450
49.2,3.450
49.2,3.450
49.2,3.450
49.2,3.450
49.2,3.450
49.2,3.450
49.2,3.450
49.2,3.450
49.2,3.450
49.2,3.450
49.2,3.450
49.2,3.450
49.2,3.455
49.2,3.455
49.2,3.455
49.3,3.455
49.3,3.455
49.3,3.455
49.3,3.455
49.3,3.455
49.3,3.455
49.3,3.455
49.3,3.455
49.3,3.455
49.3,3.455
49.3,3.455
49.2,3.455
49.2,3.455
49.2,3.455
49.2,3.455
49.2,3.455
49.2,3.455
49.2,3.455
49.2,3.455
49.3,3.455
49.3,3.455
49.3,3.455
49.3,3.455
49.3,3.455
49.3,3.455
49.3,3.455
49.3,3.455
49.3,3.455
49.3,3.455
49.3,3.455
49.3,3.455
49.3,3.455
49.3,3.455
49.3,3.455
49.3,3.455
49.3,3.460
49.3,3.460
49.3,3.460
49.3,3.460
49.3,3.460
49.3,3.460
49.3,3.460
49.3,3.460
49.3,3.460
49.3,3.460
49.3,3.460
49.3,3.460
49.3,3.460
49.3,3.460
49.3,3.460
49.3,3.460
49.2,3.460
49.2,3.460
49.2,3.460
49.2,3.460
49.2,3.460
49.2,3.460
49.2,3.460
49.2,3.460
49.2,3.460
49.2,3.460
49.2,3.460
49.2,3.460
49.2,3.460
49.2,3.460
49.2,3.460
49.2,3.460
49.2,3.460
49.2,3.460
49.2,3.460
49.3,3.460
49.3,3.460
49.3,3.460
49.3,3.460
49.3,3.460
49.3,3.465
49.3,3.465
49.3,3.465
49.3,3.465
49.3,3.465
49.3,3.465
49.3,3.465
49.3,3.465
49.3,3.465
49.3,3.465
49.3,3.465
49.3,3.465
49.3,3.465
49.3,3.465
49.3,3.465
49.2,3.465
49.2,3.465
49.2,3.465
49.2,3.465
49.2,3.465
49.2,3.465
49.2,3.465
49.2,3.465
49.3,3.465
49.3,3.465
49.3,3.465
49.3,3.465
49.3,3.465
49.3,3.465
49.4,3.465
49.4,3.465
49.4,3.465
49.4,3.465
49.3,3.465
49.2,3.465
49.2,3.465
49.3,3.465
49.3,3.465
49.3,3.465
49.3,3.470
49.3,3.470
49.3,3.470
49.3,3.470
49.3,3.470
49.3,3.470
49.3,3.470
49.3,3.470
49.3,3.470
49.3,3.470
49.3,3.470
49.3,3.470
49.3,3.470
49.3,3.470
49.3,3.470
49.3,3.470
49.3,3.470
49.3,3.470
49.3,3.470
49.3,3.470
49.3,3.470
49.3,3.470
49.4,3.470
49.3,3.470
49.3,3.470
49.3,3.470
49.3,3.470
49.3,3.470
49.3,3.470
49.3,3.470
49.3,3.470
49.3,3.470
49.3,3.470
49.3,3.470
49.3,3.470
49.3,3.470
49.3,3.470
49.3,3.470
49.3,3.470
49.3,3.470
49.3,3.470
49.3,3.475
49.3,3.475
49.3,3.475
49.3,3.475
49.3,3.475
49.3,3.475
49.3,3.475
49.3,3.475
49.3,3.475
49.3,3.475
49.3,3.475
49.3,3.475
49.3,3.475
49.3,3.475
49.3,3.475
49.3,3.475
49.3,3.475
49.3,3.475
49.3,3.475
49.3,3.475
49.3,3.475
49.3,3.475
49.3,3.475
49.3,3.475
49.3,3.475
49.4,3.475
49.4,3.475
49.4,3.475
49.4,3.475
49.4,3.475
49.4,3.475
49.4,3.475
49.3,3.475
49.3,3.475
49.3,3.475
49.3,3.475
49.3,3.475
49.3,3.475
49.3,3.475
49.3,3.480
49.3,3.480
49.3,3.480
49.3,3.480
49.3,3.480
49.3,3.480
49.3,3.480
49.3,3.480
49.3,3.480
49.3,3.480
49.3,3.480
49.3,3.480
49.3,3.480
49.3,3.480
49.3,3.480
49.3,3.480
49.3,3.480
49.3,3.480
49.3,3.480
49.3,3.480
49.3,3.480
49.4,3.480
49.4,3.480
49.4,3.480
49.4,3.480
49.4,3.480
49.4,3.480
49.4,3.480
49.4,3.480
49.4,3.480
49.4,3.480
49.4,3.480
49.4,3.480
49.4,3.480
49.4,3.480
49.4,3.480
49.4,3.480
49.4,3.485
49.4,3.485
49.4,3.485
49.4,3.485
49.4,3.485
49.3,3.485
49.3,3.485
49.3,3.485
49.3,3.485
49.3,3.485
49.3,3.485
49.3,3.485
49.3,3.485
49.3,3.485
49.3,3.485
49.3,3.485
49.3,3.485
49.3,3.485
49.3,3.485
49.3,3.485
49.3,3.485
49.3,3.485
49.3,3.485
49.3,3.485
49.3,3.485
49.3,3.485
49.3,3.485
49.3,3.485
49.3,3.485
49.3,3.485
49.4,3.485
49.4,3.485
49.4,3.485
49.4,3.485
49.4,3.485
49.4,3.485
49.4,3.485
49.4,3.485
49.4,3.490
49.4,3.490
49.4,3.490
49.4,3.490
49.4,3.490
49.4,3.490
49.4,3.490
49.4,3.490
49.4,3.490
49.4,3.490
49.4,3.490
49.4,3.490
49.4,3.490
49.4,3.490
49.4,3.490
49.4,3.490
49.4,3.490
49.4,3.490
49.4,3.490
49.4,3.490
49.4,3.490
49.4,3.490
49.4,3.490
49.4,3.490
49.4,3.490
49.4,3.490
49.4,3.490
49.4,3.490
49.4,3.490
49.4,3.490
49.4,3.490
49.4,3.490
49.4,3.490
49.4,3.490
49.4,3.490
49.4,3.490
49.4,3.490
49.4,3.490
49.4,3.490
49.4,3.495
49.4,3.495
49.4,3.495
49.4,3.495
49.4,3.495
49.4,3.495
49.4,3.495
49.4,3.495
49.4,3.495
49.4,3.495
49.4,3.495
49.4,3.495
49.4,3.495
49.4,3.495
49.4,3.495
49.4,3.495
49.4,3.495
49.4,3.495
49.4,3.495
49.4,3.495
49.4,3.495
49.4,3.495
49.4,3.495
49.4,3.495
49.4,3.495
49.4,3.495
49.4,3.495
49.4,3.495
49.4,3.495
49.4,3.495
49.4,3.495
49.4,3.495
49.4,3.495
49.4,3.495
49.4,3.495
49.4,3.495
49.4,3.495
49.4,3.495
49.4,3.495
49.4,3.500
49.4,3.500
49.4,3.500
49.4,3.500
49.4,3.500
49.4,3.500
49.4,3.500
49.4,3.500
49.4,3.500
49.4,3.500
49.4,3.500
49.4,3.500
49.4,3.500
49.4,3.500
49.4,3.500
49.4,3.500
49.4,3.500
49.4,3.500
49.4,3.500
49.4,3.500
49.4,3.500
49.4,3.500
49.4,3.500
49.4,3.500
49.4,3.500
49.4,3.500
49.4,3.500
49.4,3.500
49.4,3.500
49.4,3.500
49.4,3.500
49.4,3.500
49.4,3.500
49.4,3.500
49.4,3.500
49.4,3.505
49.4,3.505
49.4,3.505
49.4,3.505
49.4,3.505
49.4,3.505
49.4,3.505
49.4,3.505
49.4,3.505
49.4,3.505
49.4,3.505
49.4,3.505
49.4,3.505
49.4,3.505
49.4,3.505
49.4,3.505
49.4,3.505
49.4,3.505
49.5,3.505
49.5,3.505
49.5,3.505
49.5,3.505
49.5,3.505
49.5,3.505
49.4,3.505
49.4,3.505
49.4,3.505
49.4,3.505
49.4,3.505
49.4,3.505
49.4,3.505
49.4,3.505
49.4,3.505
49.4,3.505
49.4,3.505
49.4,3.505
49.4,3.505
49.4,3.505
49.4,3.510
49.4,3.510
49.4,3.510
49.4,3.510
49.4,3.510
49.4,3.510
49.4,3.510
49.4,3.510
49.4,3.510
49.4,3.510
49.4,3.510
49.4,3.510
49.4,3.510
49.4,3.510
49.4,3.510
49.4,3.510
49.4,3.510
49.4,3.510
49.4,3.510
49.4,3.510
49.4,3.510
49.4,3.510
49.4,3.510
49.4,3.510
49.4,3.510
49.4,3.510
49.4,3.510
49.4,3.510
49.4,3.510
49.4,3.510
49.4,3.510
49.5,3.510
49.5,3.510
49.5,3.510
49.5,3.510
49.5,3.510
49.4,3.510
49.5,3.510
49.5,3.510
49.5,3.515
49.4,3.515
49.4,3.515
49.4,3.515
49.4,3.515
49.4,3.515
49.4,3.515
49.4,3.515
49.4,3.515
49.4,3.515
49.5,3.515
49.5,3.515
49.5,3.515
49.5,3.515
49.5,3.515
49.5,3.515
49.5,3.515
49.5,3.515
49.5,3.515
49.5,3.515
49.5,3.515
49.5,3.515
49.5,3.515
49.4,3.515
49.4,3.515
49.4,3.515
49.4,3.515
49.4,3.515
49.4,3.515
49.4,3.515
49.4,3.515
49.4,3.515
49.4,3.515
49.4,3.515
49.4,3.515
49.4,3.515
49.4,3.515
49.5,3.515
49.5,3.515
49.5,3.520
49.5,3.520
49.5,3.520
49.5,3.520
49.5,3.520
49.5,3.520
49.5,3.520
49.5,3.520
49.5,3.520
49.5,3.520
49.5,3.520
49.5,3.520
49.5,3.520
49.5,3.520
49.5,3.520
49.5,3.520
49.5,3.520
49.5,3.520
49.5,3.520
49.5,3.520
49.5,3.520
49.5,3.520
49.5,3.520
49.5,3.520
49.4,3.520
49.4,3.520
49.4,3.520
49.4,3.520
49.4,3.520
49.4,3.520
49.5,3.520
49.5,3.520
49.5,3.520
49.5,3.520
49.5,3.520
49.5,3.520
49.5,3.520
49.5,3.520
49.5,3.520
49.5,3.520
49.5,3.520
49.5,3.525
49.5,3.525
49.5,3.525
49.5,3.525
49.5,3.525
49.5,3.525
49.5,3.525
49.5,3.525
49.5,3.525
49.5,3.525
49.5,3.525
49.5,3.525
49.5,3.525
49.5,3.525
49.5,3.525
49.5,3.525
49.5,3.525
49.5,3.525
49.5,3.525
49.5,3.525
49.5,3.525
49.5,3.525
49.5,3.525
49.5,3.525
49.5,3.525
49.5,3.525
49.5,3.525
49.5,3.525
49.5,3.525
49.5,3.525
49.5,3.525
49.5,3.525
49.5,3.525
49.5,3.525
49.5,3.525
49.5,3.525
49.5,3.525
49.5,3.525
49.5,3.525
49.5,3.525
49.5,3.525
49.5,3.525
49.5,3.525
49.5,3.530
49.5,3.530
49.5,3.530
49.5,3.530
49.5,3.530
49.5,3.530
49.5,3.530
49.5,3.530
49.5,3.530
49.5,3.530
49.5,3.530
49.5,3.530
49.5,3.530
49.5,3.530
49.5,3.530
49.5,3.530
49.5,3.530
49.5,3.530
49.5,3.530
49.5,3.530
49.5,3.530
49.5,3.530
49.5,3.530
49.5,3.530
49.5,3.530
49.5,3.530
49.5,3.530
49.5,3.530
49.5,3.530
49.6,3.530
49.6,3.530
49.6,3.530
49.6,3.530
49.6,3.530
49.6,3.530
49.6,3.530
49.6,3.530
49.5,3.530
49.5,3.530
49.5,3.530
49.5,3.530
49.5,3.530
49.5,3.530
49.5,3.530
49.5,3.535
49.5,3.535
49.5,3.535
49.5,3.535
49.5,3.535
49.5,3.535
49.5,3.535
49.5,3.535
49.5,3.535
49.5,3.535
49.6,3.535
49.6,3.535
49.6,3.535
49.6,3.535
49.6,3.535
49.6,3.535
49.6,3.535
49.6,3.535
49.6,3.535
49.6,3.535
49.5,3.535
49.5,3.535
49.5,3.535
49.5,3.535
49.5,3.535
49.5,3.535
49.5,3.535
49.6,3.535
49.6,3.535
49.6,3.535
49.6,3.535
49.6,3.535
49.6,3.535
49.6,3.535
49.6,3.535
49.6,3.535
49.6,3.535
49.6,3.535
49.6,3.535
49.6,3.535
49.6,3.535
49.6,3.535
49.6,3.535
49.6,3.540
49.6,3.540
49.6,3.540
49.6,3.540
49.6,3.540
49.6,3.540
49.6,3.540
49.6,3.540
49.5,3.540
49.5,3.540
49.5,3.540
49.5,3.540
49.5,3.540
49.5,3.540
49.5,3.540
49.5,3.540
49.5,3.540
49.5,3.540
49.5,3.540
49.5,3.540
49.5,3.540
49.6,3.540
49.6,3.540
49.6,3.540
49.6,3.540
49.6,3.540
49.6,3.540
49.6,3.540
49.6,3.540
49.6,3.540
49.6,3.540
49.6,3.540
49.6,3.540
49.6,3.540
49.5,3.540
49.5,3.540
49.5,3.540
49.5,3.540
49.5,3.540
49.5,3.540
49.5,3.540
49.5,3.540
49.5,3.540
49.6,3.540
49.6,3.540
49.6,3.540
49.6,3.540
49.6,3.540
49.6,3.545
49.6,3.545
49.6,3.545
49.6,3.545
49.6,3.545
49.6,3.545
49.6,3.545
49.6,3.545
49.6,3.545
49.6,3.545
49.6,3.545
49.6,3.545
49.6,3.545
49.6,3.545
49.6,3.545
49.6,3.545
49.6,3.545
49.6,3.545
49.6,3.545
49.6,3.545
49.6,3.545
49.6,3.545
49.6,3.545
49.6,3.545
49.6,3.545
49.6,3.545
49.6,3.545
49.6,3.545
49.5,3.545
49.5,3.545
49.5,3.545
49.5,3.545
49.5,3.545
49.5,3.545
49.5,3.545
49.6,3.545
49.6,3.545
49.6,3.545
49.6,3.545
49.6,3.545
49.6,3.545
49.6,3.545
49.6,3.545
49.6,3.545
49.6,3.545
49.6,3.545
49.6,3.550
49.6,3.550
49.6,3.550
49.6,3.550
49.6,3.550
49.6,3.550
49.6,3.550
49.6,3.550
49.6,3.550
49.6,3.550
49.6,3.550
49.6,3.550
49.6,3.550
49.6,3.550
49.6,3.550
49.6,3.550
49.6,3.550
49.6,3.550
49.6,3.550
49.6,3.550
49.6,3.550
49.6,3.550
49.6,3.550
49.6,3.550
49.6,3.550
49.6,3.550
49.6,3.550
49.6,3.550
49.6,3.550
49.6,3.550
49.6,3.550
49.6,3.550
49.6,3.550
49.6,3.550
49.6,3.550
49.6,3.550
49.6,3.550
49.6,3.550
49.6,3.550
49.6,3.550
49.6,3.550
49.6,3.550
49.6,3.550
49.6,3.550
49.6,3.550
49.6,3.550
49.6,3.550
49.6,3.550
49.6,3.550
49.6,3.555
49.6,3.555
49.6,3.555
49.6,3.555
49.6,3.555
49.6,3.555
49.6,3.555
49.6,3.555
49.6,3.555
49.6,3.555
49.6,3.555
49.6,3.555
49.6,3.555
49.6,3.555
49.6,3.555
49.6,3.555
49.6,3.555
49.6,3.555
49.6,3.555
49.6,3.555
49.6,3.555
49.6,3.555
49.6,3.555
49.6,3.555
49.6,3.555
49.6,3.555
49.6,3.555
49.6,3.555
49.6,3.555
49.6,3.555
49.6,3.555
49.6,3.555
49.6,3.555
49.6,3.555
49.6,3.555
49.6,3.555
49.6,3.555
49.6,3.555
49.6,3.555
49.6,3.555
49.6,3.555
49.6,3.555
49.6,3.555
49.6,3.555
49.6,3.555
49.6,3.555
49.6,3.555
49.6,3.555
49.6,3.560
49.6,3.560
49.6,3.560
49.6,3.560
49.6,3.560
49.6,3.560
49.6,3.560
49.6,3.560
49.6,3.560
49.6,3.560
49.6,3.560
49.6,3.560
49.6,3.560
49.6,3.560
49.6,3.560
49.6,3.560
49.6,3.560
49.6,3.560
49.6,3.560
49.6,3.560
49.6,3.560
49.6,3.560
49.6,3.560
49.6,3.560
49.6,3.560
49.6,3.560
49.6,3.560
49.6,3.560
49.6,3.560
49.6,3.560
49.6,3.560
49.6,3.560
49.6,3.560
49.6,3.560
49.6,3.560
49.6,3.560
49.6,3.560
49.6,3.560
49.6,3.560
49.6,3.560
49.6,3.560
49.6,3.560
49.6,3.560
49.6,3.560
49.6,3.560
49.6,3.565
49.6,3.565
49.6,3.565
49.6,3.565
49.6,3.565
49.6,3.565
49.6,3.565
49.6,3.565
49.6,3.565
49.6,3.565
49.6,3.565
49.6,3.565
49.6,3.565
49.6,3.565
49.7,3.565
49.7,3.565
49.7,3.565
49.7,3.565
49.7,3.565
49.7,3.565
49.6,3.565
49.6,3.565
49.6,3.565
49.6,3.565
49.6,3.565
49.6,3.565
49.6,3.565
49.6,3.565
49.6,3.565
49.6,3.565
49.6,3.565
49.6,3.565
49.6,3.565
49.6,3.565
49.6,3.565
49.6,3.565
49.6,3.565
49.6,3.565
49.6,3.565
49.6,3.565
49.6,3.565
49.6,3.565
49.6,3.565
49.6,3.565
49.6,3.565
49.6,3.565
49.6,3.565
49.6,3.565
49.6,3.570
49.6,3.570
49.6,3.570
49.6,3.570
49.6,3.570
49.6,3.570
49.6,3.570
49.6,3.570
49.6,3.570
49.6,3.570
49.6,3.570
49.7,3.570
49.7,3.570
49.7,3.570
49.7,3.570
49.7,3.570
49.7,3.570
49.7,3.570
49.7,3.570
49.7,3.570
49.7,3.570
49.7,3.570
49.7,3.570
49.7,3.570
49.7,3.570
49.7,3.570
49.7,3.570
49.7,3.570
49.7,3.570
49.7,3.570
49.7,3.570
49.7,3.570
49.7,3.570
49.7,3.570
49.7,3.570
49.7,3.570
49.7,3.570
49.7,3.570
49.7,3.570
49.7,3.570
49.7,3.570
49.7,3.570
49.7,3.570
49.7,3.570
49.7,3.570
49.7,3.570
49.7,3.570
49.7,3.570
49.7,3.570
49.7,3.575
49.7,3.575
49.7,3.575
49.7,3.575
49.7,3.575
49.7,3.575
49.7,3.575
49.7,3.575
49.7,3.575
49.7,3.575
49.7,3.575
49.7,3.575
49.7,3.575
49.7,3.575
49.7,3.575
49.7,3.575
49.7,3.575
49.7,3.575
49.7,3.575
49.7,3.575
49.7,3.575
49.7,3.575
49.7,3.575
49.7,3.575
49.7,3.575
49.7,3.575
49.7,3.575
49.7,3.575
49.7,3.575
49.7,3.575
49.7,3.575
49.7,3.575
49.7,3.575
49.7,3.575
49.7,3.575
49.7,3.575
49.7,3.575
49.7,3.575
49.7,3.575
49.7,3.575
49.7,3.575
49.7,3.575
49.7,3.575
49.7,3.575
49.7,3.575
49.7,3.575
49.7,3.575
49.7,3.580
49.7,3.580
49.7,3.580
49.7,3.580
49.7,3.580
49.7,3.580
49.7,3.580
49.6,3.580
49.6,3.580
49.6,3.580
49.6,3.580
49.6,3.580
49.6,3.580
49.6,3.580
49.6,3.580
49.7,3.580
49.7,3.580
49.7,3.580
49.7,3.580
49.7,3.580
49.7,3.580
49.7,3.580
49.7,3.580
49.7,3.580
49.7,3.580
49.7,3.580
49.7,3.580
49.7,3.580
49.7,3.580
49.7,3.580
49.7,3.580
49.7,3.580
49.7,3.580
49.7,3.580
49.7,3.580
49.7,3.580
49.7,3.580
49.7,3.580
49.7,3.580
49.7,3.580
49.7,3.580
49.7,3.580
49.7,3.580
49.7,3.580
49.7,3.580
49.7,3.580
49.7,3.580
49.7,3.585
49.7,3.585
49.7,3.585
49.7,3.585
49.7,3.585
49.7,3.585
49.7,3.585
49.7,3.585
49.7,3.585
49.7,3.585
49.7,3.585
49.7,3.585
49.7,3.585
49.7,3.585
49.7,3.585
49.7,3.585
49.7,3.585
49.7,3.585
49.7,3.585
49.7,3.585
49.7,3.585
49.7,3.585
49.7,3.585
49.7,3.585
49.7,3.585
49.7,3.585
49.7,3.585
49.7,3.585
49.7,3.585
49.7,3.585
49.7,3.585
49.7,3.585
49.7,3.585
49.7,3.585
49.7,3.585
49.7,3.585
49.7,3.585
49.7,3.585
49.7,3.585
49.7,3.585
49.7,3.585
49.7,3.585
49.7,3.585
49.7,3.585
49.7,3.585
49.7,3.585
49.7,3.585
49.7,3.585
49.7,3.585
49.7,3.585
49.7,3.585
49.7,3.585
49.7,3.585
49.7,3.585
49.7,3.585
49.7,3.585
49.7,3.585
49.7,3.590
49.7,3.590
49.7,3.590
49.7,3.590
49.7,3.590
49.7,3.590
49.7,3.590
49.7,3.590
49.7,3.590
49.7,3.590
49.7,3.590
49.7,3.590
49.7,3.590
49.7,3.590
49.7,3.590
49.7,3.590
49.7,3.590
49.7,3.590
49.7,3.590
49.7,3.590
49.7,3.590
49.7,3.590
49.7,3.590
49.7,3.590
49.7,3.590
49.7,3.590
49.7,3.590
49.7,3.590
49.7,3.590
49.7,3.590
49.7,3.590
49.7,3.590
49.7,3.590
49.7,3.590
49.7,3.590
49.7,3.590
49.7,3.590
49.7,3.590
49.7,3.590
49.7,3.590
49.7,3.590
49.7,3.590
49.7,3.590
49.7,3.590
49.7,3.590
49.7,3.590
49.7,3.590
49.7,3.590
49.7,3.590
49.7,3.590
49.7,3.590
49.7,3.590
49.7,3.590
49.7,3.590
49.7,3.590
49.7,3.590
49.7,3.590
49.7,3.595
49.7,3.595
49.7,3.595
49.7,3.595
49.7,3.595
49.7,3.595
49.7,3.595
49.7,3.595
49.7,3.595
49.7,3.595
49.7,3.595
49.7,3.595
49.7,3.595
49.7,3.595
49.7,3.595
49.7,3.595
49.7,3.595
49.7,3.595
49.7,3.595
49.8,3.595
49.8,3.595
49.8,3.595
49.8,3.595
49.8,3.595
49.8,3.595
49.8,3.595
49.8,3.595
49.7,3.595
49.7,3.595
49.7,3.595
49.7,3.595
49.7,3.595
49.7,3.595
49.7,3.595
49.7,3.595
49.7,3.595
49.7,3.595
49.7,3.595
49.7,3.595
49.8,3.595
49.8,3.595
49.8,3.595
49.8,3.595
49.8,3.595
49.8,3.595
49.8,3.595
49.8,3.595
49.8,3.595
49.7,3.595
49.7,3.595
49.7,3.600
49.7,3.600
49.7,3.600
49.7,3.600
49.7,3.600
49.7,3.600
49.7,3.600
49.7,3.600
49.7,3.600
49.7,3.600
49.7,3.600
49.7,3.600
49.8,3.600
49.8,3.600
49.8,3.600
49.8,3.600
49.8,3.600
49.8,3.600
49.8,3.600
49.8,3.600
49.8,3.600
49.8,3.600
49.8,3.600
49.7,3.600
49.7,3.600
49.7,3.600
49.7,3.600
49.7,3.600
49.7,3.600
49.7,3.600
49.8,3.600
49.8,3.600
49.8,3.600
49.8,3.600
49.8,3.600
49.8,3.600
49.8,3.600
49.8,3.600
49.8,3.600
49.8,3.600
49.8,3.600
49.8,3.600
49.8,3.600
49.7,3.600
49.7,3.600
49.7,3.600
49.7,3.600
49.7,3.600
49.7,3.605
49.7,3.605
49.7,3.605
49.8,3.605
49.8,3.605
49.8,3.605
49.8,3.605
49.8,3.605
49.8,3.605
49.8,3.605
49.8,3.605
49.8,3.605
49.8,3.605
49.8,3.605
49.7,3.605
49.7,3.605
49.7,3.605
49.7,3.605
49.7,3.605
49.7,3.605
49.7,3.605
49.7,3.605
49.7,3.605
49.8,3.605
49.8,3.605
49.8,3.605
49.8,3.605
49.8,3.605
49.8,3.605
49.8,3.605
49.8,3.605
49.8,3.605
49.8,3.605
49.8,3.605
49.8,3.605
49.8,3.605
49.7,3.605
49.7,3.605
49.7,3.605
49.7,3.605
49.7,3.605
49.7,3.605
49.7,3.605
49.7,3.605
49.7,3.605
49.8,3.605
49.8,3.605
49.8,3.610
49.8,3.610
49.8,3.610
49.8,3.610
49.8,3.610
49.8,3.610
49.8,3.610
49.8,3.610
49.8,3.610
49.8,3.610
49.8,3.610
49.8,3.610
49.8,3.610
49.8,3.610
49.8,3.610
49.8,3.610
49.8,3.610
49.8,3.610
49.8,3.610
49.8,3.610
49.8,3.610
49.8,3.610
49.8,3.610
49.8,3.610
49.8,3.610
49.8,3.610
49.8,3.610
49.8,3.610
49.8,3.610
49.8,3.610
49.8,3.610
49.8,3.610
49.8,3.610
49.8,3.610
49.8,3.610
49.8,3.610
49.8,3.610
49.8,3.610
49.8,3.610
49.8,3.610
49.8,3.610
49.8,3.610
49.8,3.610
49.8,3.610
49.8,3.615
49.8,3.615
49.8,3.615
49.8,3.615
49.8,3.615
49.8,3.615
49.8,3.615
49.8,3.615
49.8,3.615
49.8,3.615
49.8,3.615
49.8,3.615
49.8,3.615
49.8,3.615
49.8,3.615
49.8,3.615
49.8,3.615
49.8,3.615
49.8,3.615
49.8,3.615
49.8,3.615
49.8,3.615
49.8,3.615
49.8,3.615
49.8,3.615
49.8,3.615
49.8,3.615
49.8,3.615
49.8,3.615
49.8,3.615
49.8,3.615
49.8,3.615
49.8,3.615
49.8,3.615
49.8,3.615
49.8,3.615
49.8,3.615
49.8,3.615
49.8,3.615
49.8,3.615
49.8,3.615
49.8,3.615
49.8,3.620
49.8,3.620
49.8,3.620
49.8,3.620
49.8,3.620
49.8,3.620
49.8,3.620
49.8,3.620
49.8,3.620
49.8,3.620
49.8,3.620
49.8,3.620
49.8,3.620
49.8,3.620
49.8,3.620
49.8,3.620
49.8,3.620
49.8,3.620
49.8,3.620
49.8,3.620
49.8,3.620
49.8,3.620
49.8,3.620
49.8,3.620
49.8,3.620
49.8,3.620
49.8,3.620
49.8,3.620
49.8,3.620
49.8,3.620
49.8,3.620
49.8,3.620
49.8,3.620
49.8,3.620
49.8,3.620
49.8,3.620
49.8,3.620
49.8,3.620
49.8,3.620
49.8,3.620
49.8,3.620
49.8,3.620
49.8,3.620
49.8,3.620
49.8,3.620
49.8,3.620
49.8,3.620
49.8,3.625
49.8,3.625
49.8,3.625
49.8,3.625
49.8,3.625
49.8,3.625
49.8,3.625
49.8,3.625
49.8,3.625
49.8,3.625
49.8,3.625
49.8,3.625
49.8,3.625
49.8,3.625
49.8,3.625
49.8,3.625
49.8,3.625
49.8,3.625
49.8,3.625
49.8,3.625
49.8,3.625
49.8,3.625
49.9,3.625
49.9,3.625
49.9,3.625
49.9,3.625
49.9,3.625
49.9,3.625
49.9,3.625
49.9,3.625
49.9,3.625
49.9,3.625
49.9,3.625
49.9,3.625
49.9,3.625
49.9,3.625
49.8,3.625
49.8,3.625
49.8,3.625
49.8,3.625
49.8,3.625
49.8,3.625
49.8,3.625
49.8,3.625
49.8,3.625
49.8,3.625
49.8,3.630
49.8,3.630
49.9,3.630
49.9,3.630
49.9,3.630
49.9,3.630
49.9,3.630
49.9,3.630
49.9,3.630
49.9,3.630
49.9,3.630
49.9,3.630
49.9,3.630
49.9,3.630
49.9,3.630
49.9,3.630
49.9,3.630
49.9,3.630
49.9,3.630
49.9,3.630
49.9,3.630
49.9,3.630
49.9,3.630
49.9,3.630
49.9,3.630
49.9,3.630
49.9,3.630
49.9,3.630
49.9,3.630
49.9,3.630
49.9,3.630
49.9,3.630
49.9,3.630
49.9,3.630
49.9,3.630
49.9,3.630
49.9,3.630
49.9,3.630
49.9,3.630
49.9,3.630
49.9,3.630
49.9,3.630
49.9,3.630
49.9,3.630
49.9,3.630
49.9,3.630
49.9,3.630
49.9,3.630
49.9,3.630
49.9,3.630
49.9,3.635
49.9,3.635
49.9,3.635
49.9,3.635
49.9,3.635
49.9,3.635
49.9,3.635
49.9,3.635
49.9,3.635
49.9,3.635
49.9,3.635
49.9,3.635
49.9,3.635
49.9,3.635
49.9,3.635
49.9,3.635
49.9,3.635
49.9,3.635
49.9,3.635
49.9,3.635
49.9,3.635
49.9,3.635
49.9,3.635
49.9,3.635
49.9,3.635
49.9,3.635
49.9,3.635
49.9,3.635
49.9,3.635
49.9,3.635
49.9,3.635
49.9,3.635
49.9,3.635
49.9,3.635
49.9,3.635
49.9,3.635
49.9,3.635
49.9,3.635
49.9,3.635
49.9,3.635
49.9,3.635
49.9,3.635
49.9,3.635
49.9,3.635
49.9,3.635
49.9,3.635
49.9,3.635
49.9,3.635
49.9,3.635
49.9,3.635
49.9,3.635
49.9,3.635
49.9,3.635
49.9,3.635
49.9,3.635
49.9,3.635
49.9,3.635
49.9,3.640
49.9,3.640
49.9,3.640
49.9,3.640
49.9,3.640
49.9,3.640
49.9,3.640
49.9,3.640
49.9,3.640
49.9,3.640
49.9,3.640
49.9,3.640
49.9,3.640
49.9,3.640
49.9,3.640
49.9,3.640
49.9,3.640
49.9,3.640
49.9,3.640
49.9,3.640
49.9,3.640
49.9,3.640
49.9,3.640
49.9,3.640
49.9,3.640
49.9,3.640
49.9,3.640
49.9,3.640
49.9,3.640
49.9,3.640
49.9,3.640
49.9,3.640
49.9,3.640
49.9,3.640
49.9,3.640
49.9,3.640
49.9,3.640
49.9,3.640
49.9,3.640
49.9,3.640
49.9,3.640
49.9,3.640
49.9,3.640
49.9,3.640
49.9,3.640
49.9,3.640
49.9,3.640
49.9,3.640
49.9,3.640
49.9,3.640
49.9,3.640
49.9,3.640
49.9,3.640
49.9,3.640
49.9,3.640
49.9,3.640
49.9,3.640
49.9,3.640
49.9,3.640
49.9,3.640
49.9,3.640
49.9,3.640
49.9,3.640
49.9,3.640
49.9,3.640
49.9,3.640
49.9,3.640
49.9,3.640
49.9,3.645
49.9,3.645
49.9,3.645
49.9,3.645
49.9,3.645
49.9,3.645
49.9,3.645
49.9,3.645
49.9,3.645
49.9,3.645
49.9,3.645
49.9,3.645
49.9,3.645
49.9,3.645
49.9,3.645
49.9,3.645
49.9,3.645
50.0,3.645
50.0,3.645
50.0,3.645
50.0,3.645
50.0,3.645
50.0,3.645
50.0,3.645
50.0,3.645
50.0,3.645
50.0,3.645
49.9,3.645
49.9,3.645
49.9,3.645
49.9,3.645
49.9,3.645
49.9,3.645
49.9,3.645
49.9,3.645
49.9,3.645
49.9,3.645
49.9,3.645
49.9,3.645
49.9,3.645
49.9,3.645
49.9,3.645
49.9,3.645
49.9,3.645
49.9,3.645
49.9,3.645
49.9,3.645
49.9,3.645
49.9,3.645
49.9,3.645
49.9,3.645
49.9,3.645
49.9,3.645
49.9,3.645
49.9,3.645
49.9,3.645
49.9,3.645
49.9,3.645
49.9,3.645
49.9,3.645
49.9,3.645
49.9,3.645
49.9,3.645
49.9,3.645
49.9,3.645
49.9,3.645
49.9,3.645
49.9,3.645
49.9,3.645
49.9,3.650
49.9,3.650
49.9,3.650
49.9,3.650
49.9,3.650
49.9,3.650
49.9,3.650
49.9,3.650
49.9,3.650
49.9,3.650
49.9,3.650
49.9,3.650
49.9,3.650
49.9,3.650
49.9,3.650
49.9,3.650
49.9,3.650
49.9,3.650
49.9,3.650
49.9,3.650
49.9,3.650
49.9,3.650
49.9,3.650
49.9,3.650
49.9,3.650
49.9,3.650
49.9,3.650
49.9,3.650
49.9,3.650
50.0,3.650
50.0,3.650
50.0,3.650
50.0,3.650
50.0,3.650
50.0,3.650
50.0,3.650
50.0,3.650
50.0,3.650
50.0,3.650
50.0,3.650
49.9,3.650
49.9,3.650
49.9,3.650
49.9,3.650
49.9,3.650
49.9,3.650
49.9,3.650
49.9,3.650
49.9,3.650
50.0,3.650
50.0,3.650
50.0,3.650
50.0,3.650
50.0,3.650
50.0,3.650
50.0,3.650
50.0,3.650
50.0,3.650
50.0,3.650
50.0,3.650
50.0,3.650
50.0,3.650
50.0,3.655
50.0,3.655
50.0,3.655
50.0,3.655
50.0,3.655
50.0,3.655
50.0,3.655
50.0,3.655
50.0,3.655
50.0,3.655
50.0,3.655
50.0,3.655
50.0,3.655
50.0,3.655
50.0,3.655
50.0,3.655
50.0,3.655
50.0,3.655
50.0,3.655
50.0,3.655
50.0,3.655
50.0,3.655
50.0,3.655
50.0,3.655
50.0,3.655
50.0,3.655
50.0,3.655
50.0,3.655
50.0,3.655
50.0,3.655
50.0,3.655
50.0,3.655
50.0,3.655
49.9,3.655
49.9,3.655
49.9,3.655
49.9,3.655
49.9,3.655
49.9,3.655
49.9,3.655
49.9,3.655
49.9,3.655
49.9,3.655
49.9,3.655
49.9,3.655
49.9,3.655
49.9,3.655
49.9,3.655
49.9,3.655
49.9,3.655
49.9,3.655
49.9,3.655
49.9,3.655
49.9,3.655
49.9,3.655
49.9,3.655
49.9,3.655
49.9,3.660
49.9,3.660
49.9,3.660
49.9,3.660
49.9,3.660
49.9,3.660
49.9,3.660
49.9,3.660
49.9,3.660
49.9,3.660
49.9,3.660
49.9,3.660
49.9,3.660
49.9,3.660
49.9,3.660
50.0,3.660
50.0,3.660
50.0,3.660
50.0,3.660
50.0,3.660
50.0,3.660
50.0,3.660
50.0,3.660
50.0,3.660
50.0,3.660
50.0,3.660
50.0,3.660
50.0,3.660
50.0,3.660
50.0,3.660
50.0,3.660
50.0,3.660
50.0,3.660
50.0,3.660
50.0,3.660
50.0,3.660
50.0,3.660
50.0,3.660
50.0,3.660
50.0,3.660
50.0,3.660
50.0,3.660
50.0,3.660
49.9,3.660
49.9,3.660
49.9,3.660
49.9,3.660
49.9,3.660
49.9,3.660
49.9,3.660
49.9,3.665
49.9,3.665
49.9,3.665
49.9,3.665
49.9,3.665
49.9,3.665
49.9,3.665
49.9,3.665
49.9,3.665
49.9,3.665
49.9,3.665
49.9,3.665
49.9,3.665
49.9,3.665
49.9,3.665
49.9,3.665
49.9,3.665
49.9,3.665
49.9,3.665
49.9,3.665
49.9,3.665
49.9,3.665
49.9,3.665
49.9,3.665
49.9,3.665
49.9,3.665
49.9,3.665
49.9,3.665
49.9,3.665
49.9,3.665
50.0,3.665
50.0,3.665
50.0,3.665
50.0,3.665
50.0,3.665
50.0,3.665
50.0,3.665
50.0,3.665
50.0,3.665
50.0,3.665
50.0,3.665
50.0,3.665
50.0,3.665
50.0,3.665
50.0,3.665
49.9,3.665
49.9,3.665
49.9,3.665
49.9,3.665
49.9,3.665
49.9,3.665
49.9,3.665
49.9,3.665
49.9,3.670
49.9,3.670
49.9,3.670
49.9,3.670
50.0,3.670
50.0,3.670
50.0,3.670
50.0,3.670
50.0,3.670
50.0,3.670
50.0,3.670
50.0,3.670
50.0,3.670
50.0,3.670
50.0,3.670
50.0,3.670
50.0,3.670
50.0,3.670
50.0,3.670
50.0,3.670
50.0,3.670
50.0,3.670
50.0,3.670
50.0,3.670
50.0,3.670
50.0,3.670
50.0,3.670
50.0,3.670
50.0,3.670
50.0,3.670
50.0,3.670
50.0,3.670
50.0,3.670
50.0,3.670
50.0,3.670
50.0,3.670
50.0,3.670
50.0,3.670
50.0,3.670
50.0,3.670
50.0,3.670
50.0,3.670
50.0,3.670
50.0,3.670
50.0,3.670
50.0,3.670
50.0,3.670
50.0,3.670
50.0,3.670
50.0,3.670
50.0,3.675
50.0,3.675
50.0,3.675
50.0,3.675
50.0,3.675
50.0,3.675
50.0,3.675
50.0,3.675
50.0,3.675
50.0,3.675
50.0,3.675
50.0,3.675
50.0,3.675
50.0,3.675
50.0,3.675
50.0,3.675
50.0,3.675
50.0,3.675
50.0,3.675
50.0,3.675
50.0,3.675
50.0,3.675
50.0,3.675
50.0,3.675
50.0,3.675
50.0,3.675
50.0,3.675
50.0,3.675
50.0,3.675
50.0,3.675
50.0,3.675
50.0,3.675
50.0,3.675
50.0,3.675
50.0,3.675
50.0,3.675
50.0,3.675
50.0,3.675
50.0,3.675
50.0,3.675
50.0,3.675
50.0,3.675
50.0,3.675
50.0,3.675
50.0,3.675
50.0,3.680
50.0,3.680
50.0,3.680
50.0,3.680
50.0,3.680
50.0,3.680
50.0,3.680
50.0,3.680
50.0,3.680
50.0,3.680
50.0,3.680
50.0,3.680
50.0,3.680
50.0,3.680
50.0,3.680
50.0,3.680
50.0,3.680
50.0,3.680
50.0,3.680
50.0,3.680
50.0,3.680
50.0,3.680
50.0,3.680
50.0,3.680
50.0,3.680
50.0,3.680
50.0,3.680
50.0,3.680
50.0,3.680
50.0,3.680
50.0,3.680
50.0,3.680
50.0,3.680
50.0,3.680
50.0,3.680
50.0,3.680
50.0,3.680
50.0,3.680
50.0,3.680
50.0,3.680
50.0,3.680
50.0,3.680
50.0,3.680
50.0,3.680
50.0,3.680
50.0,3.680
50.0,3.680
50.0,3.685
50.0,3.685
50.0,3.685
50.0,3.685
50.0,3.685
50.0,3.685
50.0,3.685
50.0,3.685
50.0,3.685
50.0,3.685
50.0,3.685
50.0,3.685
50.0,3.685
50.0,3.685
50.0,3.685
50.0,3.685
50.0,3.685
50.0,3.685
50.0,3.685
50.0,3.685
50.0,3.685
50.0,3.685
50.0,3.685
50.0,3.685
50.0,3.685
50.0,3.685
50.0,3.685
50.0,3.685
50.0,3.685
50.0,3.685
50.0,3.685
50.0,3.685
50.0,3.685
50.0,3.685
50.0,3.685
50.0,3.685
50.0,3.685
50.0,3.685
50.0,3.685
50.0,3.685
50.0,3.685
50.0,3.685
50.0,3.685
50.0,3.685
50.0,3.685
50.0,3.685
50.0,3.685
50.0,3.685
50.0,3.685
50.0,3.685
50.0,3.685
50.0,3.685
50.0,3.685
50.0,3.690
50.0,3.690
50.0,3.690
50.0,3.690
50.0,3.690
50.0,3.690
50.0,3.690
50.0,3.690
50.0,3.690
50.0,3.690
50.1,3.690
50.1,3.690
50.1,3.690
50.1,3.690
50.1,3.690
50.1,3.690
50.1,3.690
50.1,3.690
50.1,3.690
50.1,3.690
50.1,3.690
50.1,3.690
50.1,3.690
50.1,3.690
50.1,3.690
50.1,3.690
50.1,3.690
50.1,3.690
50.1,3.690
50.1,3.690
50.1,3.690
50.1,3.690
50.1,3.690
50.1,3.690
50.1,3.690
50.1,3.690
50.1,3.690
50.1,3.690
50.1,3.690
50.1,3.690
50.1,3.690
50.1,3.690
50.1,3.690
50.1,3.690
50.1,3.690
50.1,3.690
50.1,3.690
50.1,3.690
50.1,3.690
50.1,3.690
50.1,3.690
50.1,3.690
50.1,3.690
50.1,3.690
50.1,3.690
50.1,3.690
50.1,3.695
50.1,3.695
50.1,3.695
50.1,3.695
50.1,3.695
50.1,3.695
50.1,3.695
50.1,3.695
50.1,3.695
50.1,3.695
50.1,3.695
50.1,3.695
50.1,3.695
50.1,3.695
50.1,3.695
50.1,3.695
50.1,3.695
50.1,3.695
50.1,3.695
50.1,3.695
50.1,3.695
50.1,3.695
50.1,3.695
50.1,3.695
50.1,3.695
50.1,3.695
50.1,3.695
50.1,3.695
50.1,3.695
50.1,3.695
50.1,3.695
50.1,3.695
50.1,3.695
50.1,3.695
50.1,3.695
50.1,3.695
50.1,3.695
50.1,3.695
50.1,3.695
50.1,3.695
50.1,3.695
50.1,3.695
50.1,3.695
50.1,3.695
50.1,3.695
50.1,3.695
50.1,3.695
50.1,3.695
50.1,3.695
50.1,3.695
50.1,3.695
50.1,3.695
50.1,3.695
50.1,3.695
50.1,3.695
50.1,3.695
50.1,3.695
50.1,3.695
50.1,3.695
50.1,3.700
50.1,3.700
50.1,3.700
50.1,3.700
50.1,3.700
50.1,3.700
50.1,3.700
50.1,3.700
50.1,3.700
50.1,3.700
50.1,3.700
50.1,3.700
50.1,3.700
50.1,3.700
50.1,3.700
50.1,3.700
50.1,3.700
50.1,3.700
50.1,3.700
50.1,3.700
50.1,3.700
50.1,3.700
50.1,3.700
50.1,3.700
50.1,3.700
50.1,3.700
50.1,3.700
50.1,3.700
50.1,3.700
50.1,3.700
50.1,3.700
50.1,3.700
50.1,3.700
50.1,3.700
50.1,3.700
50.1,3.700
50.1,3.700
50.1,3.700
50.1,3.700
50.1,3.700
50.1,3.700
50.1,3.700
50.1,3.700
50.1,3.700
50.1,3.700
50.1,3.700
50.1,3.700
50.1,3.700
50.1,3.700
50.1,3.700
50.1,3.700
50.1,3.700
50.1,3.700
50.1,3.700
50.1,3.700
50.1,3.700
50.1,3.700
50.1,3.700
50.1,3.700
50.1,3.700
50.1,3.700
50.1,3.700
50.1,3.700
50.1,3.700
50.1,3.700
50.1,3.700
50.1,3.700
50.1,3.700
50.1,3.700
50.1,3.700
50.1,3.700
50.1,3.705
50.1,3.705
50.1,3.705
50.1,3.705
50.1,3.705
50.1,3.705
50.1,3.705
50.1,3.705
50.1,3.705
50.1,3.705
50.1,3.705
50.1,3.705
50.1,3.705
50.1,3.705
50.1,3.705
50.1,3.705
50.1,3.705
50.1,3.705
50.1,3.705
50.1,3.705
50.1,3.705
50.1,3.705
50.2,3.705
50.2,3.705
50.2,3.705
50.2,3.705
50.2,3.705
50.2,3.705
50.2,3.705
50.2,3.705
50.2,3.705
50.1,3.705
50.1,3.705
50.1,3.705
50.1,3.705
50.1,3.705
50.1,3.705
50.1,3.705
50.1,3.705
50.1,3.705
50.1,3.705
50.1,3.705
50.1,3.705
50.1,3.705
50.1,3.705
50.1,3.705
50.1,3.705
50.1,3.705
50.1,3.705
50.1,3.705
50.1,3.705
50.1,3.705
50.1,3.705
50.1,3.705
50.1,3.705
50.1,3.705
50.1,3.705
50.1,3.705
50.1,3.705
50.1,3.705
50.1,3.705
50.1,3.705
50.1,3.705
50.1,3.705
50.1,3.705
50.1,3.705
50.1,3.705
50.1,3.705
50.1,3.705
50.1,3.705
50.1,3.705
50.1,3.710
50.1,3.710
50.1,3.710
50.1,3.710
50.1,3.710
50.1,3.710
50.1,3.710
50.1,3.710
50.1,3.710
50.1,3.710
50.1,3.710
50.1,3.710
50.1,3.710
50.1,3.710
50.1,3.710
50.1,3.710
50.1,3.710
50.1,3.710
50.1,3.710
50.1,3.710
50.1,3.710
50.1,3.710
50.1,3.710
50.1,3.710
50.1,3.710
50.1,3.710
50.1,3.710
50.1,3.710
50.1,3.710
50.1,3.710
50.1,3.710
50.2,3.710
50.2,3.710
50.2,3.710
50.2,3.710
50.2,3.710
50.2,3.710
50.2,3.710
50.2,3.710
50.2,3.710
50.2,3.710
50.1,3.710
50.1,3.710
50.1,3.710
50.1,3.710
50.1,3.710
50.1,3.710
50.1,3.710
50.1,3.710
50.1,3.710
50.2,3.710
50.2,3.710
50.2,3.710
50.2,3.710
50.2,3.710
50.2,3.710
50.2,3.710
50.2,3.710
50.2,3.710
50.2,3.710
50.2,3.710
50.2,3.710
50.1,3.710
50.1,3.710
50.1,3.710
50.1,3.710
50.1,3.710
50.1,3.710
50.1,3.710
50.1,3.710
50.1,3.710
50.1,3.710
50.1,3.710
50.1,3.710
50.1,3.710
50.1,3.715
50.1,3.715
50.1,3.715
50.1,3.715
50.1,3.715
50.1,3.715
50.1,3.715
50.1,3.715
50.2,3.715
50.2,3.715
50.2,3.715
50.2,3.715
50.2,3.715
50.2,3.715
50.2,3.715
50.2,3.715
50.2,3.715
50.2,3.715
50.2,3.715
50.2,3.715
50.2,3.715
50.2,3.715
50.2,3.715
50.2,3.715
50.2,3.715
50.2,3.715
50.2,3.715
50.2,3.715
50.2,3.715
50.2,3.715
50.2,3.715
50.2,3.715
50.2,3.715
50.2,3.715
50.3,3.715
50.3,3.715
50.3,3.715
50.3,3.715
50.3,3.715
50.3,3.715
50.3,3.715
50.3,3.715
50.3,3.715
50.3,3.715
50.3,3.715
50.3,3.715
50.3,3.715
50.3,3.715
50.3,3.715
50.3,3.715
50.3,3.715
50.4,3.715
50.4,3.715
50.4,3.715
50.4,3.715
50.4,3.715
50.4,3.715
50.4,3.715
50.5,3.715
50.5,3.715
50.5,3.715
50.5,3.715
50.5,3.715
50.5,3.715
50.5,3.715
50.5,3.720
50.5,3.720
50.5,3.720
50.5,3.720
50.5,3.720
50.5,3.720
50.5,3.720
50.6,3.720
50.6,3.720
50.7,3.720
50.6,3.720
50.6,3.720
50.6,3.720
50.6,3.720
50.6,3.720
50.7,3.720
50.7,3.720
50.7,3.720
50.7,3.720
50.7,3.720
50.7,3.720
50.7,3.720
50.7,3.720
50.7,3.720
50.7,3.720
50.7,3.720
50.7,3.720
50.7,3.720
50.7,3.720
50.8,3.720
50.8,3.720
50.8,3.720
50.8,3.720
50.8,3.720
50.8,3.720
50.8,3.720
50.8,3.720
50.8,3.720
50.8,3.720
50.8,3.720
50.8,3.720
50.8,3.720
50.9,3.720
50.9,3.720
50.9,3.720
50.9,3.720
50.9,3.720
50.9,3.720
51.0,3.720
51.0,3.720
51.0,3.720
51.1,3.720
51.1,3.720
51.1,3.720
51.1,3.720
51.1,3.720
51.1,3.720
51.1,3.720
51.1,3.720
51.1,3.725
51.1,3.725
51.1,3.725
51.1,3.725
51.1,3.725
51.1,3.725
51.1,3.725
51.1,3.725
51.2,3.725
51.2,3.725
51.2,3.725
51.3,3.725
51.2,3.725
51.2,3.725
51.2,3.725
51.3,3.725
51.3,3.725
51.3,3.725
51.3,3.725
51.3,3.725
51.3,3.725
51.4,3.725
51.4,3.725
51.4,3.725
51.4,3.725
51.4,3.725
51.4,3.725
51.4,3.725
51.4,3.725
51.4,3.725
51.5,3.725
51.5,3.725
51.6,3.725
51.6,3.725
51.6,3.725
51.6,3.725
51.6,3.725
51.6,3.725
51.6,3.725
51.6,3.725
51.7,3.725
51.7,3.725
51.7,3.725
51.7,3.725
51.7,3.725
51.7,3.725
51.7,3.725
51.7,3.725
51.7,3.725
51.7,3.725
51.8,3.725
51.8,3.725
51.8,3.725
51.8,3.725
51.8,3.725
51.8,3.725
51.9,3.725
51.9,3.725
51.9,3.725
51.9,3.725
52.0,3.725
52.0,3.725
52.0,3.725
52.0,3.725
52.0,3.730
52.0,3.730
52.0,3.730
52.0,3.730
52.0,3.730
52.0,3.730
52.0,3.730
52.2,3.730
52.2,3.730
52.2,3.730
52.2,3.730
52.2,3.730
52.2,3.730
52.2,3.730
52.2,3.730
52.2,3.730
52.2,3.730
52.3,3.730
52.3,3.730
52.3,3.730
52.4,3.730
52.3,3.730
52.3,3.730
52.3,3.730
52.4,3.730
52.4,3.730
52.4,3.730
52.4,3.730
52.4,3.730
52.5,3.730
52.5,3.730
52.5,3.730
52.5,3.730
52.5,3.730
52.5,3.730
52.5,3.730
52.5,3.730
52.5,3.730
52.5,3.730
52.6,3.730
52.6,3.730
52.7,3.730
52.6,3.730
52.6,3.730
52.6,3.730
52.7,3.730
52.7,3.730
52.7,3.730
52.7,3.730
52.7,3.730
52.7,3.730
52.7,3.730
52.8,3.730
52.8,3.730
52.9,3.730
52.9,3.730
52.9,3.730
52.9,3.730
52.9,3.730
52.9,3.730
52.9,3.730
52.9,3.730
52.9,3.730
52.9,3.735
52.9,3.735
53.0,3.735
53.0,3.735
53.0,3.735
53.0,3.735
53.0,3.735
53.1,3.735
53.2,3.735
53.2,3.735
53.2,3.735
53.2,3.735
53.2,3.735
53.2,3.735
53.2,3.735
53.2,3.735
53.2,3.735
53.2,3.735
53.3,3.735
53.3,3.735
53.3,3.735
53.3,3.735
53.4,3.735
53.4,3.735
53.4,3.735
53.4,3.735
53.4,3.735
53.4,3.735
53.4,3.735
53.4,3.735
53.4,3.735
53.5,3.735
53.5,3.735
53.5,3.735
53.5,3.735
53.5,3.735
53.5,3.735
53.5,3.735
53.6,3.735
53.6,3.735
53.6,3.735
53.6,3.735
53.6,3.735
53.6,3.735
53.7,3.735
53.7,3.735
53.7,3.735
53.7,3.735
53.7,3.735
53.7,3.735
53.8,3.735
53.8,3.735
53.9,3.735
53.9,3.735
53.9,3.735
53.9,3.735
53.9,3.735
53.9,3.735
53.9,3.735
53.9,3.735
53.9,3.735
53.9,3.735
53.9,3.735
54.0,3.735
54.0,3.735
54.0,3.740
54.0,3.740
54.1,3.740
54.1,3.740
54.1,3.740
54.1,3.740
54.2,3.740
54.2,3.740
54.2,3.740
54.2,3.740
54.2,3.740
54.2,3.740
54.2,3.740
54.2,3.740
54.2,3.740
54.3,3.740
54.3,3.740
54.3,3.740
54.3,3.740
54.3,3.740
54.3,3.740
54.3,3.740
54.3,3.740
54.4,3.740
54.4,3.740
54.4,3.740
54.5,3.740
54.5,3.740
54.6,3.740
54.6,3.740
54.6,3.740
54.6,3.740
54.6,3.740
54.6,3.740
54.6,3.740
54.6,3.740
54.6,3.740
54.6,3.740
54.7,3.740
54.7,3.740
54.7,3.740
54.7,3.740
54.7,3.740
54.7,3.740
54.7,3.740
54.9,3.740
54.8,3.740
54.9,3.740
54.9,3.740
54.9,3.740
54.9,3.740
54.9,3.740
54.9,3.740
54.9,3.740
55.0,3.740
55.0,3.740
55.0,3.740
55.0,3.740
55.0,3.740
55.1,3.740
55.1,3.740
55.1,3.745
55.1,3.745
55.1,3.745
55.1,3.745
55.1,3.745
55.1,3.745
55.1,3.745
55.2,3.745
55.3,3.745
55.3,3.745
55.3,3.745
55.3,3.745
55.3,3.745
55.4,3.745
55.3,3.745
55.3,3.745
55.3,3.745
55.3,3.745
55.4,3.745
55.4,3.745
55.4,3.745
55.4,3.745
55.4,3.745
55.4,3.745
55.4,3.745
55.4,3.745
55.5,3.745
55.5,3.745
55.6,3.745
55.6,3.745
55.7,3.745
55.7,3.745
55.7,3.745
55.7,3.745
55.8,3.745
55.8,3.745
55.8,3.745
55.8,3.745
55.8,3.745
55.8,3.745
55.8,3.745
55.8,3.745
55.8,3.745
55.8,3.745
55.8,3.745
55.9,3.745
55.9,3.745
55.9,3.745
55.9,3.745
55.9,3.745
55.9,3.745
56.0,3.745
56.0,3.745
56.1,3.745
56.1,3.745
56.1,3.745
56.1,3.745
56.1,3.745
56.1,3.745
56.1,3.745
56.1,3.745
56.2,3.745
56.2,3.745
56.3,3.745
56.3,3.745
56.3,3.745
56.3,3.750
56.3,3.750
56.3,3.750
56.3,3.750
56.3,3.750
56.4,3.750
56.4,3.750
56.4,3.750
56.4,3.750
56.4,3.750
56.4,3.750
56.5,3.750
56.5,3.750
56.5,3.750
56.6,3.750
56.6,3.750
56.6,3.750
56.6,3.750
56.6,3.750
56.6,3.750
56.6,3.750
56.6,3.750
56.6,3.750
56.6,3.750
56.7,3.750
56.7,3.750
56.7,3.750
56.7,3.750
56.7,3.750
56.7,3.750
56.7,3.750
56.8,3.750
56.8,3.750
56.9,3.750
56.9,3.750
56.9,3.750
56.9,3.750
56.9,3.750
56.9,3.750
56.9,3.750
56.9,3.750
56.9,3.750
57.1,3.750
57.1,3.750
57.1,3.750
57.1,3.750
57.1,3.750
57.1,3.750
57.1,3.750
57.1,3.750
57.1,3.750
57.1,3.750
57.1,3.750
57.1,3.750
57.2,3.750
57.2,3.750
57.2,3.750
57.2,3.750
57.2,3.750
57.3,3.750
57.3,3.750
57.3,3.750
57.3,3.750
57.3,3.750
57.4,3.750
57.4,3.750
57.5,3.750
57.5,3.755
57.5,3.755
57.5,3.755
57.5,3.755
57.5,3.755
57.5,3.755
57.5,3.755
57.5,3.755
57.5,3.755
57.6,3.755
57.6,3.755
57.6,3.755
57.7,3.755
57.7,3.755
57.7,3.755
57.7,3.755
57.7,3.755
57.7,3.755
57.7,3.755
57.7,3.755
57.7,3.755
57.9,3.755
57.9,3.755
57.9,3.755
57.9,3.755
57.9,3.755
58.0,3.755
58.0,3.755
58.0,3.755
58.0,3.755
58.0,3.755
58.1,3.755
58.1,3.755
58.1,3.755
58.1,3.755
58.1,3.755
58.1,3.755
58.1,3.755
58.1,3.755
58.1,3.755
58.2,3.755
58.3,3.755
58.2,3.755
58.2,3.755
58.2,3.755
58.3,3.755
58.3,3.755
58.3,3.755
58.3,3.755
58.3,3.755
58.4,3.755
58.4,3.755
58.5,3.755
58.5,3.755
58.5,3.755
58.6,3.755
58.6,3.755
58.6,3.755
58.6,3.755
58.6,3.755
58.7,3.755
58.7,3.760
58.7,3.760
58.7,3.760
58.7,3.760
58.7,3.760
58.7,3.760
58.7,3.760
58.7,3.760
58.7,3.760
58.7,3.760
58.8,3.760
58.9,3.760
58.9,3.760
58.9,3.760
59.0,3.760
59.0,3.760
59.0,3.760
59.0,3.760
59.1,3.760
59.0,3.760
59.0,3.760
59.1,3.760
59.1,3.760
59.1,3.760
59.1,3.760
59.1,3.760
59.1,3.760
59.1,3.760
59.2,3.760
59.3,3.760
59.3,3.760
59.3,3.760
59.3,3.760
59.4,3.760
59.4,3.760
59.4,3.760
59.4,3.760
59.4,3.760
59.4,3.760
59.5,3.760
59.5,3.760
59.6,3.760
59.6,3.760
59.6,3.760
59.6,3.760
59.6,3.760
59.7,3.760
59.7,3.760
59.7,3.760
59.7,3.760
59.7,3.760
59.8,3.760
59.8,3.760
59.8,3.760
59.8,3.760
59.9,3.765
59.9,3.765
59.9,3.765
59.9,3.765
60.0,3.765
60.0,3.765
60.0,3.765
60.0,3.765
60.0,3.765
60.1,3.765
60.1,3.765
60.1,3.765
60.1,3.765
60.1,3.765
60.2,3.765
60.3,3.765
60.3,3.765
60.3,3.765
60.3,3.765
60.3,3.765
60.3,3.765
60.4,3.765
60.4,3.765
60.5,3.765
60.5,3.765
60.5,3.765
60.5,3.765
60.5,3.765
60.6,3.765
60.6,3.765
60.6,3.765
60.6,3.765
60.6,3.765
60.7,3.765
60.7,3.765
60.7,3.765
60.8,3.765
60.8,3.765
60.8,3.765
60.8,3.765
60.8,3.765
60.9,3.765
60.9,3.765
60.9,3.765
61.0,3.765
61.0,3.765
61.0,3.765
61.0,3.765
61.1,3.765
61.1,3.765
61.1,3.765
61.1,3.765
61.2,3.765
61.2,3.770
61.2,3.770
61.2,3.770
61.3,3.770
61.3,3.770
61.3,3.770
61.3,3.770
61.4,3.770
61.4,3.770
61.4,3.770
61.4,3.770
61.4,3.770
61.5,3.770
61.5,3.770
61.5,3.770
61.5,3.770
61.6,3.770
61.6,3.770
61.6,3.770
61.6,3.770
61.7,3.770
61.7,3.770
61.7,3.770
61.7,3.770
61.8,3.770
61.8,3.770
61.8,3.770
61.9,3.770
61.9,3.770
61.9,3.770
61.9,3.770
62.0,3.770
62.0,3.770
62.0,3.770
62.0,3.770
62.0,3.770
62.1,3.770
62.1,3.770
62.1,3.770
62.1,3.770
62.1,3.770
62.1,3.770
62.2,3.770
62.2,3.770
62.2,3.770
62.3,3.770
62.3,3.770
62.4,3.770
62.4,3.770
62.4,3.770
62.4,3.770
62.4,3.770
62.5,3.770
62.5,3.775
62.6,3.775
62.6,3.775
62.6,3.775
62.6,3.775
62.6,3.775
62.7,3.775
62.7,3.775
62.7,3.775
62.7,3.775
62.7,3.775
62.7,3.775
62.7,3.775
62.7,3.775
62.8,3.775
62.8,3.775
62.9,3.775
62.9,3.775
62.9,3.775
62.9,3.775
63.0,3.775
63.0,3.775
63.0,3.775
63.0,3.775
63.1,3.775
63.1,3.775
63.1,3.775
63.1,3.775
63.2,3.775
63.2,3.775
63.2,3.775
63.2,3.775
63.3,3.775
63.3,3.775
63.3,3.775
63.3,3.775
63.4,3.775
63.4,3.775
63.4,3.775
63.4,3.775
63.5,3.775
63.5,3.775
63.5,3.775
63.5,3.775
63.5,3.775
63.5,3.775
63.6,3.775
63.6,3.775
63.7,3.775
63.7,3.775
63.7,3.775
63.8,3.775
63.8,3.780
63.8,3.780
63.8,3.780
63.8,3.780
63.9,3.780
63.9,3.780
63.9,3.780
63.9,3.780
63.9,3.780
64.0,3.780
63.9,3.780
63.9,3.780
64.0,3.780
64.0,3.780
64.1,3.780
64.1,3.780
64.2,3.780
64.2,3.780
64.2,3.780
64.2,3.780
64.2,3.780
64.3,3.780
64.3,3.780
64.4,3.780
64.4,3.780
64.4,3.780
64.4,3.780
64.4,3.780
64.4,3.780
64.5,3.780
64.4,3.780
64.4,3.780
64.4,3.780
64.5,3.780
64.5,3.780
64.6,3.780
64.6,3.780
64.7,3.780
64.7,3.780
64.7,3.780
64.7,3.780
64.7,3.780
64.7,3.780
64.7,3.780
64.8,3.780
64.8,3.780
64.8,3.780
64.9,3.780
64.9,3.780
64.9,3.780
65.0,3.780
65.0,3.780
65.0,3.780
65.1,3.780
65.1,3.780
65.1,3.780
65.1,3.780
65.1,3.780
65.1,3.780
65.1,3.785
65.1,3.785
65.2,3.785
65.1,3.785
65.2,3.785
65.2,3.785
65.3,3.785
65.3,3.785
65.4,3.785
65.4,3.785
65.4,3.785
65.4,3.785
65.4,3.785
65.5,3.785
65.5,3.785
65.5,3.785
65.5,3.785
65.6,3.785
65.6,3.785
65.6,3.785
65.6,3.785
65.6,3.785
65.6,3.785
65.6,3.785
65.6,3.785
65.6,3.785
65.6,3.785
65.7,3.785
65.7,3.785
65.7,3.785
65.8,3.785
65.9,3.785
65.9,3.785
65.9,3.785
65.9,3.785
65.9,3.785
66.0,3.785
66.0,3.785
66.0,3.785
66.0,3.785
66.1,3.785
66.1,3.785
66.1,3.785
66.1,3.785
66.1,3.785
66.2,3.785
66.2,3.785
66.2,3.785
66.2,3.785
66.2,3.785
66.2,3.785
66.2,3.785
66.2,3.785
66.3,3.785
66.4,3.785
66.4,3.785
66.4,3.785
66.4,3.785
66.5,3.785
66.5,3.785
66.5,3.785
66.5,3.785
66.5,3.790
66.5,3.790
66.5,3.790
66.5,3.790
66.6,3.790
66.6,3.790
66.6,3.790
66.7,3.790
66.7,3.790
66.8,3.790
66.8,3.790
66.8,3.790
66.8,3.790
66.8,3.790
66.9,3.790
66.9,3.790
66.9,3.790
66.9,3.790
67.0,3.790
66.9,3.790
66.9,3.790
66.9,3.790
67.0,3.790
67.0,3.790
67.0,3.790
67.0,3.790
67.0,3.790
67.1,3.790
67.2,3.790
67.2,3.790
67.2,3.790
67.2,3.790
67.3,3.790
67.3,3.790
67.3,3.790
67.4,3.790
67.4,3.790
67.4,3.790
67.4,3.790
67.4,3.790
67.4,3.790
67.4,3.790
67.4,3.790
67.5,3.790
67.5,3.790
67.5,3.790
67.5,3.790
67.5,3.790
67.5,3.790
67.6,3.790
67.6,3.790
67.6,3.790
67.7,3.790
67.7,3.790
67.7,3.790
67.7,3.790
67.8,3.790
67.8,3.790
67.8,3.790
67.9,3.790
67.9,3.790
67.9,3.790
67.9,3.790
68.0,3.790
68.0,3.790
68.0,3.790
68.0,3.795
68.0,3.795
68.0,3.795
68.1,3.795
68.0,3.795
68.1,3.795
68.2,3.795
68.2,3.795
68.2,3.795
68.2,3.795
68.2,3.795
68.3,3.795
68.2,3.795
68.3,3.795
68.3,3.795
68.4,3.795
68.4,3.795
68.4,3.795
68.4,3.795
68.4,3.795
68.4,3.795
68.4,3.795
68.4,3.795
68.4,3.795
68.4,3.795
68.5,3.795
68.6,3.795
68.6,3.795
68.6,3.795
68.6,3.795
68.6,3.795
68.6,3.795
68.6,3.795
68.7,3.795
68.7,3.795
68.8,3.795
68.8,3.795
68.8,3.795
68.8,3.795
68.9,3.795
68.9,3.795
68.9,3.795
68.9,3.795
68.9,3.795
69.0,3.795
68.9,3.795
68.9,3.795
68.9,3.795
69.0,3.795
69.1,3.795
69.1,3.795
69.1,3.795
69.1,3.795
69.1,3.795
69.1,3.795
69.1,3.795
69.1,3.795
69.2,3.795
69.2,3.795
69.2,3.795
69.2,3.795
69.2,3.795
69.2,3.795
69.2,3.795
69.4,3.795
69.4,3.800
69.4,3.800
69.4,3.800
69.4,3.800
69.4,3.800
69.4,3.800
69.4,3.800
69.5,3.800
69.5,3.800
69.6,3.800
69.6,3.800
69.6,3.800
69.6,3.800
69.7,3.800
69.7,3.800
69.7,3.800
69.8,3.800
69.8,3.800
69.8,3.800
69.8,3.800
69.8,3.800
69.8,3.800
69.8,3.800
69.8,3.800
69.9,3.800
69.9,3.800
70.0,3.800
70.0,3.800
70.0,3.800
70.0,3.800
70.0,3.800
70.1,3.800
70.1,3.800
70.1,3.800
70.1,3.800
70.1,3.800
70.1,3.800
70.2,3.800
70.2,3.800
70.3,3.800
70.3,3.800
70.4,3.800
70.4,3.800
70.4,3.800
70.4,3.800
70.4,3.800
70.5,3.800
70.5,3.800
70.5,3.800
70.5,3.800
70.5,3.800
70.6,3.800
70.6,3.800
70.7,3.800
70.7,3.800
70.7,3.800
70.7,3.800
70.7,3.800
70.8,3.805
70.8,3.805
70.8,3.805
70.8,3.805
70.8,3.805
70.8,3.805
70.9,3.805
70.8,3.805
70.9,3.805
70.9,3.805
71.0,3.805
71.0,3.805
71.0,3.805
71.0,3.805
71.1,3.805
71.0,3.805
71.0,3.805
71.0,3.805
71.1,3.805
71.1,3.805
71.2,3.805
71.2,3.805
71.3,3.805
71.3,3.805
71.4,3.805
71.4,3.805
71.4,3.805
71.4,3.805
71.4,3.805
71.5,3.805
71.5,3.805
71.5,3.805
71.6,3.805
71.6,3.805
71.6,3.805
71.7,3.805
71.7,3.805
71.7,3.805
71.7,3.805
71.8,3.805
71.8,3.805
71.8,3.805
71.8,3.805
71.8,3.805
71.9,3.805
71.9,3.805
71.9,3.805
72.0,3.805
72.0,3.805
72.0,3.805
72.0,3.805
72.1,3.805
72.1,3.805
72.1,3.805
72.1,3.805
72.1,3.805
72.2,3.805
72.2,3.805
72.2,3.805
72.2,3.810
72.3,3.810
72.2,3.810
72.2,3.810
72.2,3.810
72.2,3.810
72.3,3.810
72.3,3.810
72.4,3.810
72.5,3.810
72.5,3.810
72.5,3.810
72.6,3.810
72.6,3.810
72.6,3.810
72.6,3.810
72.6,3.810
72.7,3.810
72.7,3.810
72.7,3.810
72.8,3.810
72.8,3.810
72.8,3.810
72.8,3.810
72.9,3.810
72.9,3.810
72.9,3.810
72.9,3.810
72.9,3.810
72.9,3.810
72.9,3.810
72.9,3.810
72.9,3.810
73.0,3.810
73.1,3.810
73.1,3.810
73.1,3.810
73.1,3.810
73.2,3.810
73.2,3.810
73.2,3.810
73.3,3.810
73.3,3.810
73.3,3.810
73.4,3.810
73.4,3.810
73.5,3.810
73.5,3.810
73.5,3.810
73.5,3.810
73.5,3.810
73.5,3.810
73.5,3.810
73.6,3.810
73.6,3.810
73.6,3.810
73.6,3.810
73.7,3.810
73.7,3.815
73.7,3.815
73.7,3.815
73.7,3.815
73.8,3.815
73.8,3.815
73.8,3.815
73.9,3.815
73.9,3.815
73.9,3.815
73.9,3.815
74.0,3.815
74.0,3.815
74.1,3.815
74.1,3.815
74.1,3.815
74.1,3.815
74.2,3.815
74.2,3.815
74.2,3.815
74.2,3.815
74.2,3.815
74.3,3.815
74.3,3.815
74.3,3.815
74.3,3.815
74.3,3.815
74.4,3.815
74.4,3.815
74.4,3.815
74.5,3.815
74.5,3.815
74.5,3.815
74.6,3.815
74.6,3.815
74.6,3.815
74.6,3.815
74.7,3.815
74.7,3.815
74.7,3.815
74.8,3.815
74.8,3.815
74.8,3.815
74.8,3.815
74.8,3.815
74.9,3.815
74.9,3.815
74.9,3.815
75.0,3.815
75.0,3.815
75.0,3.815
75.0,3.815
75.1,3.815
75.1,3.815
75.1,3.815
75.1,3.815
75.1,3.815
75.2,3.820
75.2,3.820
75.2,3.820
75.2,3.820
75.3,3.820
75.3,3.820
75.3,3.820
75.3,3.820
75.3,3.820
75.3,3.820
75.3,3.820
75.4,3.820
75.4,3.820
75.5,3.820
75.5,3.820
75.6,3.820
75.6,3.820
75.6,3.820
75.6,3.820
75.7,3.820
75.7,3.820
75.7,3.820
75.7,3.820
75.8,3.820
75.8,3.820
75.8,3.820
75.9,3.820
75.9,3.820
75.9,3.820
75.9,3.820
75.9,3.820
75.9,3.820
76.0,3.820
76.0,3.820
76.0,3.820
76.1,3.820
76.1,3.820
76.1,3.820
76.2,3.820
76.2,3.820
76.2,3.820
76.3,3.820
76.3,3.820
76.3,3.820
76.3,3.820
76.4,3.820
76.4,3.820
76.4,3.820
76.5,3.820
76.5,3.820
76.5,3.820
76.5,3.820
76.5,3.825
76.5,3.825
76.5,3.825
76.6,3.825
76.7,3.825
76.7,3.825
76.7,3.825
76.7,3.825
76.8,3.825
76.8,3.825
76.8,3.825
76.8,3.825
76.8,3.825
76.8,3.825
76.8,3.825
76.8,3.825
76.9,3.825
76.9,3.825
77.0,3.825
77.0,3.825
77.1,3.825
77.1,3.825
77.1,3.825
77.2,3.825
77.2,3.825
77.2,3.825
77.2,3.825
77.3,3.825
77.2,3.825
77.2,3.825
77.3,3.825
77.3,3.825
77.4,3.825
77.4,3.825
77.5,3.825
77.5,3.825
77.5,3.825
77.5,3.825
77.6,3.825
77.6,3.825
77.6,3.825
77.7,3.825
77.7,3.825
77.7,3.825
77.7,3.825
77.7,3.825
77.8,3.825
77.8,3.825
77.8,3.825
77.9,3.825
77.9,3.825
77.9,3.825
77.9,3.825
77.9,3.825
78.0,3.825
78.0,3.825
78.0,3.825
78.1,3.830
78.0,3.830
78.0,3.830
78.1,3.830
78.1,3.830
78.1,3.830
78.2,3.830
78.2,3.830
78.2,3.830
78.2,3.830
78.3,3.830
78.3,3.830
78.4,3.830
78.4,3.830
78.4,3.830
78.4,3.830
78.4,3.830
78.5,3.830
78.5,3.830
78.5,3.830
78.6,3.830
78.6,3.830
78.6,3.830
78.6,3.830
78.7,3.830
78.7,3.830
78.7,3.830
78.8,3.830
78.8,3.830
78.8,3.830
78.8,3.830
78.9,3.830
78.9,3.830
78.9,3.830
79.0,3.830
79.0,3.830
79.0,3.830
79.0,3.830
79.0,3.830
79.1,3.830
79.0,3.830
79.1,3.830
79.1,3.830
79.1,3.830
79.2,3.830
79.1,3.830
79.1,3.830
79.2,3.830
79.2,3.830
79.3,3.830
79.3,3.830
79.3,3.830
79.3,3.830
79.4,3.830
79.4,3.830
79.4,3.830
79.5,3.830
79.5,3.830
79.5,3.830
79.5,3.830
79.5,3.835
79.6,3.835
79.6,3.835
79.6,3.835
79.6,3.835
79.7,3.835
79.7,3.835
79.7,3.835
79.8,3.835
79.8,3.835
79.8,3.835
79.8,3.835
79.9,3.835
79.9,3.835
79.9,3.835
79.9,3.835
79.9,3.835
79.9,3.835
79.9,3.835
79.9,3.835
80.0,3.835
80.0,3.835
80.1,3.835
80.1,3.835
80.1,3.835
80.1,3.835
80.2,3.835
80.2,3.835
80.1,3.835
80.1,3.835
80.2,3.835
80.3,3.835
80.3,3.835
80.3,3.835
80.3,3.835
80.3,3.835
80.3,3.835
80.3,3.835
80.3,3.835
80.3,3.835
80.4,3.835
80.5,3.835
80.5,3.835
80.5,3.835
80.5,3.835
80.6,3.835
80.6,3.835
80.6,3.835
80.6,3.835
80.6,3.835
80.6,3.835
80.6,3.835
80.6,3.835
80.6,3.835
80.7,3.835
80.7,3.835
80.7,3.835
80.8,3.835
80.8,3.835
80.8,3.835
80.8,3.835
80.9,3.835
80.9,3.835
81.0,3.835
81.0,3.835
81.0,3.835
81.0,3.840
81.0,3.840
81.0,3.840
81.0,3.840
81.0,3.840
81.0,3.840
81.1,3.840
81.1,3.840
81.1,3.840
81.2,3.840
81.1,3.840
81.1,3.840
81.2,3.840
81.2,3.840
81.3,3.840
81.3,3.840
81.3,3.840
81.4,3.840
81.4,3.840
81.4,3.840
81.4,3.840
81.4,3.840
81.4,3.840
81.4,3.840
81.4,3.840
81.4,3.840
81.5,3.840
81.5,3.840
81.5,3.840
81.6,3.840
81.6,3.840
81.6,3.840
81.6,3.840
81.6,3.840
81.6,3.840
81.6,3.840
81.7,3.840
81.7,3.840
81.7,3.840
81.7,3.840
81.7,3.840
81.8,3.840
81.8,3.840
81.8,3.840
81.9,3.840
81.9,3.840
81.9,3.840
81.9,3.840
81.9,3.840
81.9,3.840
81.9,3.840
81.9,3.840
82.0,3.840
82.1,3.840
82.1,3.840
82.1,3.840
82.1,3.840
82.1,3.840
82.2,3.840
82.2,3.840
82.2,3.840
82.3,3.840
82.3,3.840
82.3,3.840
82.3,3.840
82.3,3.840
82.3,3.840
82.3,3.840
82.3,3.840
82.3,3.840
82.4,3.840
82.5,3.845
82.5,3.845
82.5,3.845
82.5,3.845
82.6,3.845
82.6,3.845
82.6,3.845
82.6,3.845
82.7,3.845
82.7,3.845
82.7,3.845
82.7,3.845
82.7,3.845
82.7,3.845
82.7,3.845
82.7,3.845
82.7,3.845
82.9,3.845
82.9,3.845
82.9,3.845
82.9,3.845
83.0,3.845
83.0,3.845
83.0,3.845
83.0,3.845
83.0,3.845
83.0,3.845
83.0,3.845
83.0,3.845
83.0,3.845
83.2,3.845
83.2,3.845
83.2,3.845
83.2,3.845
83.2,3.845
83.3,3.845
83.3,3.845
83.3,3.845
83.3,3.845
83.3,3.845
83.3,3.845
83.3,3.845
83.3,3.845
83.4,3.845
83.4,3.845
83.4,3.845
83.5,3.845
83.5,3.845
83.5,3.845
83.5,3.845
83.5,3.845
83.6,3.845
83.6,3.845
83.6,3.845
83.7,3.845
83.7,3.845
83.7,3.845
83.7,3.845
83.7,3.845
83.8,3.845
83.8,3.845
83.8,3.845
83.8,3.845
83.9,3.845
83.9,3.845
83.9,3.845
83.9,3.845
83.9,3.845
84.0,3.845
84.0,3.845
84.0,3.845
84.1,3.845
84.1,3.845
84.1,3.850
84.1,3.850
84.2,3.850
84.2,3.850
84.2,3.850
84.2,3.850
84.2,3.850
84.2,3.850
84.2,3.850
84.2,3.850
84.3,3.850
84.3,3.850
84.4,3.850
84.4,3.850
84.4,3.850
84.4,3.850
84.4,3.850
84.4,3.850
84.4,3.850
84.4,3.850
84.4,3.850
84.5,3.850
84.5,3.850
84.5,3.850
84.5,3.850
84.6,3.850
84.6,3.850
84.7,3.850
84.7,3.850
84.7,3.850
84.7,3.850
84.7,3.850
84.7,3.850
84.7,3.850
84.7,3.850
84.7,3.850
84.8,3.850
84.8,3.850
84.9,3.850
84.9,3.850
84.9,3.850
84.9,3.850
84.9,3.850
84.9,3.850
85.0,3.850
85.0,3.850
85.0,3.850
85.1,3.850
85.1,3.850
85.1,3.850
85.1,3.850
85.1,3.850
85.2,3.850
85.2,3.850
85.2,3.850
85.2,3.850
85.2,3.850
85.2,3.850
85.3,3.850
85.3,3.850
85.4,3.850
85.4,3.850
85.4,3.850
85.4,3.850
85.4,3.850
85.4,3.850
85.4,3.850
85.5,3.850
85.5,3.850
85.6,3.850
85.6,3.850
85.6,3.850
85.6,3.850
85.6,3.850
85.6,3.850
85.6,3.850
85.6,3.850
85.6,3.850
85.6,3.850
85.6,3.855
85.6,3.855
85.7,3.855
85.7,3.855
85.7,3.855
85.7,3.855
85.8,3.855
85.8,3.855
85.9,3.855
85.9,3.855
85.9,3.855
85.9,3.855
86.0,3.855
86.0,3.855
86.0,3.855
86.0,3.855
86.0,3.855
86.0,3.855
86.0,3.855
86.1,3.855
86.1,3.855
86.2,3.855
86.2,3.855
86.2,3.855
86.2,3.855
86.3,3.855
86.2,3.855
86.2,3.855
86.2,3.855
86.2,3.855
86.3,3.855
86.3,3.855
86.3,3.855
86.3,3.855
86.3,3.855
86.4,3.855
86.4,3.855
86.4,3.855
86.5,3.855
86.6,3.855
86.6,3.855
86.6,3.855
86.6,3.855
86.6,3.855
86.7,3.855
86.7,3.855
86.7,3.855
86.7,3.855
86.7,3.855
86.7,3.855
86.7,3.855
86.8,3.855
86.8,3.855
86.8,3.855
86.8,3.855
86.8,3.855
86.9,3.855
86.9,3.855
86.9,3.855
86.9,3.855
86.9,3.855
87.0,3.855
87.0,3.855
87.0,3.855
87.1,3.855
87.1,3.855
87.1,3.855
87.1,3.855
87.1,3.855
87.2,3.855
87.1,3.855
87.2,3.855
87.2,3.855
87.2,3.855
87.2,3.860
87.2,3.860
87.2,3.860
87.3,3.860
87.3,3.860
87.3,3.860
87.4,3.860
87.4,3.860
87.4,3.860
87.4,3.860
87.5,3.860
87.5,3.860
87.6,3.860
87.6,3.860
87.6,3.860
87.6,3.860
87.6,3.860
87.7,3.860
87.7,3.860
87.7,3.860
87.7,3.860
87.7,3.860
87.8,3.860
87.8,3.860
87.8,3.860
87.9,3.860
87.9,3.860
87.9,3.860
87.9,3.860
87.9,3.860
88.0,3.860
87.9,3.860
87.9,3.860
88.0,3.860
88.1,3.860
88.1,3.860
88.1,3.860
88.1,3.860
88.2,3.860
88.2,3.860
88.3,3.860
88.3,3.860
88.2,3.860
88.2,3.860
88.2,3.860
88.2,3.860
88.3,3.860
88.3,3.860
88.3,3.860
88.3,3.860
88.4,3.860
88.4,3.860
88.5,3.860
88.5,3.860
88.5,3.860
88.5,3.860
88.5,3.860
88.6,3.860
88.6,3.860
88.6,3.860
88.6,3.860
88.7,3.860
88.7,3.860
88.7,3.860
88.7,3.860
88.8,3.860
88.8,3.860
88.8,3.860
88.9,3.860
88.9,3.860
88.9,3.860
88.9,3.860
88.9,3.860
88.9,3.860
89.0,3.865
89.0,3.865
89.0,3.865
89.0,3.865
89.1,3.865
89.1,3.865
89.1,3.865
89.2,3.865
89.2,3.865
89.3,3.865
89.3,3.865
89.3,3.865
89.3,3.865
89.4,3.865
89.4,3.865
89.4,3.865
89.4,3.865
89.4,3.865
89.4,3.865
89.4,3.865
89.5,3.865
89.5,3.865
89.6,3.865
89.6,3.865
89.6,3.865
89.7,3.865
89.7,3.865
89.7,3.865
89.7,3.865
89.8,3.865
89.8,3.865
89.8,3.865
89.9,3.865
89.9,3.865
89.9,3.865
89.9,3.865
90.0,3.865
90.0,3.865
90.0,3.865
90.0,3.865
90.1,3.865
90.1,3.865
90.1,3.865
90.2,3.865
90.2,3.865
90.2,3.865
90.2,3.865
90.2,3.865
90.3,3.865
90.3,3.865
90.3,3.865
90.4,3.865
90.4,3.865
90.4,3.865
90.5,3.865
90.5,3.865
90.5,3.865
90.5,3.865
90.6,3.865
90.6,3.865
90.6,3.865
90.6,3.865
90.6,3.865
90.7,3.865
90.7,3.865
90.7,3.865
90.8,3.865
90.8,3.870
90.9,3.870
90.9,3.870
90.9,3.870
90.9,3.870
90.9,3.870
91.0,3.870
91.0,3.870
91.0,3.870
91.0,3.870
91.1,3.870
91.1,3.870
91.1,3.870
91.1,3.870
91.2,3.870
91.2,3.870
91.2,3.870
91.3,3.870
91.3,3.870
91.3,3.870
91.3,3.870
91.3,3.870
91.4,3.870
91.4,3.870
91.5,3.870
91.5,3.870
91.5,3.870
91.5,3.870
91.6,3.870
91.6,3.870
91.6,3.870
91.6,3.870
91.6,3.870
91.6,3.870
91.6,3.870
91.6,3.870
91.7,3.870
91.8,3.870
91.8,3.870
91.9,3.870
91.9,3.870
91.9,3.870
91.9,3.870
92.0,3.870
92.0,3.870
92.1,3.870
92.1,3.870
92.1,3.870
92.1,3.870
92.2,3.870
92.2,3.870
92.2,3.870
92.3,3.870
92.3,3.870
92.3,3.870
92.3,3.870
92.4,3.870
92.4,3.870
92.4,3.870
92.4,3.870
92.5,3.870
92.4,3.870
92.4,3.870
92.4,3.875
92.5,3.875
92.6,3.875
92.6,3.875
92.7,3.875
92.7,3.875
92.7,3.875
92.7,3.875
92.8,3.875
92.8,3.875
92.8,3.875
92.9,3.875
92.9,3.875
92.9,3.875
92.9,3.875
93.0,3.875
93.0,3.875
93.1,3.875
93.1,3.875
93.1,3.875
93.1,3.875
93.1,3.875
93.1,3.875
93.1,3.875
93.1,3.875
93.2,3.875
93.2,3.875
93.3,3.875
93.3,3.875
93.4,3.875
93.4,3.875
93.4,3.875
93.5,3.875
93.5,3.875
93.5,3.875
93.6,3.875
93.6,3.875
93.6,3.875
93.7,3.875
93.7,3.875
93.7,3.875
93.7,3.875
93.8,3.875
93.8,3.875
93.9,3.875
93.9,3.875
93.9,3.875
93.9,3.875
93.9,3.875
93.9,3.875
93.9,3.875
94.0,3.875
94.0,3.875
94.1,3.875
94.1,3.875
94.1,3.875
94.1,3.875
94.2,3.875
94.2,3.875
94.2,3.875
94.3,3.875
94.3,3.880
94.3,3.880
94.4,3.880
94.4,3.880
94.4,3.880
94.4,3.880
94.4,3.880
94.4,3.880
94.5,3.880
94.5,3.880
94.5,3.880
94.6,3.880
94.6,3.880
94.6,3.880
94.7,3.880
94.7,3.880
94.7,3.880
94.7,3.880
94.7,3.880
94.8,3.880
94.8,3.880
94.8,3.880
94.9,3.880
94.9,3.880
94.9,3.880
94.9,3.880
95.0,3.880
95.0,3.880
95.1,3.880
95.1,3.880
95.1,3.880
95.1,3.880
95.1,3.880
95.1,3.880
95.1,3.880
95.1,3.880
95.1,3.880
95.1,3.880
95.3,3.880
95.3,3.880
95.3,3.880
95.3,3.880
95.4,3.880
95.4,3.880
95.4,3.880
95.4,3.880
95.4,3.880
95.5,3.880
95.5,3.880
95.5,3.880
95.5,3.880
95.5,3.880
95.6,3.880
95.6,3.880
95.6,3.880
95.6,3.880
95.6,3.880
95.7,3.880
95.7,3.880
95.8,3.880
95.8,3.880
95.8,3.880
95.8,3.880
95.8,3.880
95.9,3.880
95.9,3.880
95.9,3.885
95.9,3.885
95.9,3.885
96.0,3.885
96.0,3.885
96.0,3.885
96.0,3.885
96.1,3.885
96.1,3.885
96.1,3.885
96.1,3.885
96.1,3.885
96.2,3.885
96.2,3.885
96.2,3.885
96.2,3.885
96.2,3.885
96.2,3.885
96.2,3.885
96.2,3.885
96.2,3.885
96.4,3.885
96.4,3.885
96.4,3.885
96.5,3.885
96.5,3.885
96.5,3.885
96.5,3.885
96.5,3.885
96.6,3.885
96.6,3.885
96.6,3.885
96.6,3.885
96.6,3.885
96.7,3.885
96.7,3.885
96.7,3.885
96.7,3.885
96.8,3.885
96.8,3.885
96.8,3.885
96.8,3.885
96.9,3.885
96.9,3.885
96.9,3.885
96.9,3.885
97.0,3.885
97.0,3.885
97.0,3.885
97.0,3.885
97.1,3.885
97.1,3.885
97.1,3.885
97.1,3.885
97.1,3.885
97.1,3.885
97.1,3.885
97.1,3.885
97.1,3.885
97.2,3.885
97.3,3.885
97.3,3.885
97.3,3.885
97.3,3.885
97.3,3.885
97.4,3.885
97.3,3.885
97.3,3.885
97.3,3.885
97.4,3.885
97.4,3.885
97.4,3.885
97.5,3.885
97.5,3.885
97.6,3.885
97.6,3.885
97.6,3.885
97.6,3.885
97.6,3.885
97.6,3.890
97.6,3.890
97.6,3.890
97.6,3.890
97.7,3.890
97.7,3.890
97.7,3.890
97.7,3.890
97.7,3.890
97.7,3.890
97.7,3.890
97.8,3.890
97.8,3.890
97.8,3.890
97.9,3.890
97.9,3.890
98.0,3.890
98.0,3.890
98.0,3.890
98.0,3.890
98.0,3.890
98.0,3.890
98.0,3.890
98.0,3.890
98.1,3.890
98.1,3.890
98.1,3.890
98.1,3.890
98.2,3.890
98.2,3.890
98.2,3.890
98.2,3.890
98.3,3.890
98.3,3.890
98.3,3.890
98.3,3.890
98.3,3.890
98.3,3.890
98.3,3.890
98.3,3.890
98.3,3.890
98.3,3.890
98.4,3.890
98.4,3.890
98.4,3.890
98.4,3.890
98.4,3.890
98.4,3.890
98.5,3.890
98.5,3.890
98.5,3.890
98.6,3.890
98.5,3.890
98.5,3.890
98.5,3.890
98.6,3.890
98.6,3.890
98.6,3.890
98.6,3.890
98.6,3.890
98.6,3.890
98.6,3.890
98.6,3.890
98.7,3.890
98.7,3.890
98.7,3.890
98.7,3.890
98.7,3.890
98.8,3.890
98.8,3.890
98.9,3.890
98.9,3.890
98.9,3.890
98.9,3.890
98.9,3.890
98.9,3.890
98.9,3.890
98.9,3.890
98.9,3.890
99.0,3.890
99.0,3.890
99.0,3.890
99.0,3.890
99.1,3.890
99.1,3.890
99.1,3.890
99.1,3.890
99.1,3.890
99.1,3.890
99.1,3.890
99.1,3.890
99.1,3.890
99.1,3.890
99.1,3.890
99.2,3.890
99.2,3.890
99.2,3.890
99.2,3.890
99.2,3.890
99.3,3.890
99.3,3.895
99.3,3.895
99.3,3.895
99.3,3.895
99.3,3.895
99.3,3.895
99.3,3.895
99.3,3.895
99.4,3.895
99.4,3.895
99.4,3.895
99.4,3.895
99.4,3.895
99.5,3.895
99.5,3.895
99.6,3.895
99.6,3.895
99.6,3.895
99.6,3.895
99.6,3.895
99.6,3.895
99.6,3.895
99.6,3.895
99.6,3.895
99.6,3.895
99.7,3.895
99.8,3.895
99.8,3.895
99.8,3.895
99.8,3.895
99.8,3.895
99.8,3.895
99.8,3.895
99.8,3.895
99.8,3.895
99.8,3.895
99.9,3.895
99.9,3.895
99.9,3.895
99.9,3.895
99.9,3.895
99.9,3.895
99.9,3.895
100.0,3.895
100.0,3.895
100.0,3.895
100.0,3.895
100.0,3.895
100.1,3.895
100.1,3.895
100.1,3.895
100.2,3.895
100.1,3.895
100.2,3.895
100.2,3.895
100.2,3.895
100.2,3.895
100.2,3.895
100.3,3.895
100.3,3.895
100.3,3.895
100.3,3.895
100.3,3.895
100.3,3.895
100.4,3.895
100.4,3.895
100.5,3.895
100.4,3.895
100.4,3.895
100.4,3.895
100.5,3.895
100.5,3.895
100.5,3.895
100.5,3.895
100.5,3.895
100.6,3.895
100.6,3.895
100.7,3.895
100.7,3.895
100.7,3.895
100.7,3.895
100.7,3.895
100.7,3.895
100.7,3.895
100.7,3.895
100.7,3.895
100.8,3.895
100.8,3.895
100.8,3.895
100.8,3.895
100.8,3.895
100.8,3.895
100.8,3.895
100.8,3.895
100.8,3.895
100.9,3.895
100.9,3.895
100.9,3.895
100.9,3.895
101.0,3.895
101.0,3.895
101.0,3.895
101.0,3.895
101.0,3.900
101.0,3.900
101.0,3.900
101.0,3.900
101.0,3.900
101.0,3.900
101.1,3.900
101.1,3.900
101.2,3.900
101.2,3.900
101.2,3.900
101.2,3.900
101.3,3.900
101.2,3.900
101.2,3.900
101.2,3.900
101.2,3.900
101.2,3.900
101.3,3.900
101.3,3.900
101.3,3.900
101.3,3.900
101.3,3.900
101.3,3.900
101.3,3.900
101.4,3.900
101.4,3.900
101.5,3.900
101.5,3.900
101.5,3.900
101.6,3.900
101.6,3.900
101.5,3.900
101.5,3.900
101.5,3.900
101.5,3.900
101.6,3.900
101.6,3.900
101.6,3.900
101.6,3.900
101.6,3.900
101.6,3.900
101.6,3.900
101.7,3.900
101.7,3.900
101.7,3.900
101.7,3.900
101.7,3.900
101.7,3.900
101.7,3.900
101.8,3.900
101.8,3.900
101.8,3.900
101.8,3.900
101.8,3.900
101.8,3.900
101.9,3.900
101.9,3.900
101.9,3.900
101.9,3.900
101.9,3.900
101.9,3.900
101.9,3.900
101.9,3.900
101.9,3.900
102.0,3.900
102.0,3.900
102.0,3.900
102.0,3.900
102.0,3.900
102.0,3.900
102.0,3.900
102.1,3.900
102.1,3.900
102.1,3.900
102.1,3.900
102.1,3.900
102.1,3.900
102.1,3.900
102.2,3.900
102.2,3.900
102.3,3.900
102.3,3.900
102.2,3.900
102.2,3.900
102.2,3.900
102.2,3.900
102.3,3.900
102.3,3.900
102.3,3.900
102.3,3.900
102.3,3.900
102.3,3.900
102.3,3.900
102.4,3.900
102.4,3.900
102.4,3.900
102.4,3.900
102.4,3.900
102.4,3.900
102.4,3.900
102.5,3.900
102.5,3.900
102.5,3.900
102.5,3.900
102.5,3.900
102.5,3.905
102.5,3.905
102.5,3.905
102.6,3.905
102.6,3.905
102.6,3.905
102.6,3.905
102.6,3.905
102.6,3.905
102.6,3.905
102.7,3.905
102.7,3.905
102.7,3.905
102.7,3.905
102.7,3.905
102.8,3.905
102.8,3.905
102.8,3.905
102.8,3.905
102.8,3.905
102.8,3.905
102.8,3.905
102.8,3.905
102.8,3.905
102.8,3.905
102.8,3.905
102.8,3.905
102.9,3.905
102.9,3.905
103.0,3.905
103.0,3.905
103.0,3.905
103.0,3.905
103.0,3.905
103.0,3.905
103.0,3.905
103.0,3.905
103.0,3.905
103.0,3.905
103.0,3.905
103.1,3.905
103.1,3.905
103.1,3.905
103.1,3.905
103.1,3.905
103.1,3.905
103.1,3.905
103.1,3.905
103.2,3.905
103.2,3.905
103.2,3.905
103.2,3.905
103.2,3.905
103.2,3.905
103.2,3.905
103.3,3.905
103.3,3.905
103.3,3.905
103.3,3.905
103.3,3.905
103.3,3.905
103.3,3.905
103.4,3.905
103.4,3.905
103.4,3.905
103.4,3.905
103.4,3.905
103.4,3.905
103.4,3.905
103.6,3.905
103.6,3.905
103.6,3.905
103.6,3.905
103.6,3.905
103.7,3.905
103.7,3.905
103.7,3.905
103.7,3.905
103.7,3.905
103.7,3.905
103.7,3.905
103.7,3.905
103.7,3.905
103.7,3.905
103.7,3.905
103.8,3.905
103.8,3.905
103.8,3.905
103.8,3.905
103.8,3.905
103.8,3.905
103.8,3.905
103.9,3.905
103.9,3.905
103.9,3.905
103.9,3.905
103.9,3.905
103.9,3.905
103.9,3.905
103.9,3.905
103.9,3.905
103.9,3.905
103.9,3.905
104.0,3.905
104.0,3.905
104.0,3.905
104.0,3.905
104.0,3.905
104.1,3.905
104.1,3.905
104.2,3.905
104.2,3.905
104.2,3.905
104.2,3.905
104.2,3.905
104.2,3.905
104.2,3.905
104.2,3.905
104.2,3.905
104.2,3.905
104.2,3.905
104.2,3.905
104.2,3.905
104.2,3.905
104.3,3.905
104.3,3.910
104.3,3.910
104.4,3.910
104.4,3.910
104.4,3.910
104.4,3.910
104.4,3.910
104.4,3.910
104.4,3.910
104.5,3.910
104.5,3.910
104.5,3.910
104.5,3.910
104.5,3.910
104.5,3.910
104.5,3.910
104.6,3.910
104.6,3.910
104.6,3.910
104.6,3.910
104.6,3.910
104.6,3.910
104.6,3.910
104.7,3.910
104.7,3.910
104.7,3.910
104.7,3.910
104.7,3.910
104.7,3.910
104.8,3.910
104.8,3.910
104.8,3.910
104.8,3.910
104.8,3.910
104.8,3.910
104.8,3.910
104.8,3.910
104.9,3.910
104.9,3.910
105.0,3.910
105.0,3.910
105.0,3.910
105.0,3.910
105.0,3.910
105.0,3.910
105.0,3.910
105.0,3.910
105.0,3.910
105.1,3.910
105.1,3.910
105.1,3.910
105.1,3.910
105.1,3.910
105.1,3.910
105.1,3.910
105.3,3.910
105.3,3.910
105.3,3.910
105.3,3.910
105.3,3.910
105.3,3.910
105.3,3.910
105.3,3.910
105.3,3.910
105.3,3.910
105.4,3.910
105.4,3.910
105.4,3.910
105.5,3.910
105.4,3.910
105.4,3.910
105.5,3.910
105.5,3.910
105.6,3.910
105.6,3.910
105.6,3.910
105.6,3.910
105.6,3.910
105.7,3.910
105.7,3.910
105.7,3.910
105.7,3.910
105.8,3.910
105.8,3.910
105.8,3.910
105.8,3.910
105.8,3.910
105.8,3.910
105.8,3.910
105.8,3.910
105.8,3.910
105.8,3.910
105.9,3.910
105.9,3.910
105.9,3.910
106.0,3.910
106.0,3.910
106.0,3.910
106.0,3.910
106.1,3.910
106.1,3.910
106.1,3.910
106.1,3.910
106.1,3.910
106.1,3.910
106.1,3.915
106.1,3.915
106.2,3.915
106.2,3.915
106.2,3.915
106.2,3.915
106.2,3.915
106.3,3.915
106.3,3.915
106.4,3.915
106.4,3.915
106.4,3.915
106.5,3.915
106.5,3.915
106.5,3.915
106.5,3.915
106.5,3.915
106.5,3.915
106.6,3.915
106.6,3.915
106.7,3.915
106.7,3.915
106.7,3.915
106.7,3.915
106.7,3.915
106.7,3.915
106.7,3.915
106.7,3.915
106.7,3.915
106.7,3.915
106.7,3.915
106.8,3.915
106.9,3.915
106.8,3.915
106.8,3.915
106.8,3.915
106.9,3.915
106.9,3.915
106.9,3.915
106.9,3.915
107.0,3.915
106.9,3.915
106.9,3.915
106.9,3.915
107.0,3.915
107.0,3.915
107.0,3.915
107.1,3.915
107.1,3.915
107.2,3.915
107.2,3.915
107.2,3.915
107.2,3.915
107.2,3.915
107.2,3.915
107.2,3.915
107.2,3.915
107.2,3.915
107.3,3.915
107.4,3.915
107.4,3.915
107.4,3.915
107.4,3.915
107.4,3.915
107.5,3.915
107.5,3.915
107.5,3.915
107.5,3.915
107.5,3.915
107.5,3.915
107.5,3.915
107.5,3.915
107.5,3.915
107.5,3.915
107.6,3.915
107.6,3.915
107.6,3.915
107.7,3.915
107.6,3.915
107.6,3.915
107.6,3.915
107.7,3.915
107.7,3.915
107.7,3.915
107.7,3.915
107.7,3.915
107.7,3.915
107.8,3.915
107.8,3.915
107.8,3.915
107.9,3.915
107.9,3.915
107.9,3.915
107.9,3.920
107.9,3.920
107.9,3.920
107.9,3.920
107.9,3.920
107.9,3.920
108.0,3.920
108.0,3.920
108.0,3.920
108.0,3.920
108.0,3.920
108.0,3.920
108.0,3.920
108.1,3.920
108.1,3.920
108.2,3.920
108.2,3.920
108.2,3.920
108.2,3.920
108.2,3.920
108.3,3.920
108.3,3.920
108.3,3.920
108.3,3.920
108.3,3.920
108.3,3.920
108.3,3.920
108.3,3.920
108.4,3.920
108.4,3.920
108.4,3.920
108.5,3.920
108.5,3.920
108.5,3.920
108.5,3.920
108.5,3.920
108.5,3.920
108.5,3.920
108.5,3.920
108.6,3.920
108.6,3.920
108.6,3.920
108.6,3.920
108.6,3.920
108.6,3.920
108.7,3.920
108.7,3.920
108.7,3.920
108.7,3.920
108.7,3.920
108.7,3.920
108.7,3.920
108.7,3.920
108.8,3.920
108.8,3.920
108.8,3.920
108.9,3.920
108.9,3.920
108.9,3.920
109.0,3.920
109.0,3.920
109.0,3.920
109.0,3.920
109.0,3.920
109.0,3.920
109.0,3.920
109.0,3.920
109.0,3.920
109.0,3.920
109.0,3.920
109.1,3.920
109.1,3.920
109.1,3.920
109.1,3.920
109.1,3.920
109.1,3.920
109.1,3.920
109.1,3.920
109.2,3.920
109.2,3.920
109.3,3.920
109.3,3.920
109.3,3.920
109.3,3.920
109.3,3.920
109.3,3.920
109.3,3.920
109.3,3.920
109.3,3.920
109.3,3.920
109.4,3.920
109.4,3.920
109.5,3.920
109.5,3.920
109.5,3.920
109.5,3.920
109.5,3.920
109.6,3.920
109.6,3.920
109.6,3.920
109.6,3.920
109.7,3.925
109.7,3.925
109.7,3.925
109.7,3.925
109.7,3.925
109.8,3.925
109.8,3.925
109.8,3.925
109.8,3.925
109.8,3.925
109.8,3.925
109.9,3.925
109.9,3.925
109.9,3.925
109.9,3.925
109.9,3.925
109.9,3.925
109.9,3.925
110.0,3.925
110.0,3.925
110.1,3.925
110.1,3.925
110.1,3.925
110.1,3.925
110.1,3.925
110.1,3.925
110.2,3.925
110.2,3.925
110.3,3.925
110.3,3.925
110.3,3.925
110.3,3.925
110.3,3.925
110.3,3.925
110.3,3.925
110.4,3.925
110.4,3.925
110.4,3.925
110.4,3.925
110.4,3.925
110.4,3.925
110.4,3.925
110.4,3.925
110.4,3.925
110.5,3.925
110.6,3.925
110.6,3.925
110.6,3.925
110.6,3.925
110.6,3.925
110.6,3.925
110.6,3.925
110.6,3.925
110.6,3.925
110.6,3.925
110.7,3.925
110.8,3.925
110.8,3.925
110.8,3.925
110.8,3.925
110.8,3.925
110.9,3.925
110.9,3.925
110.9,3.925
110.9,3.925
111.0,3.925
111.0,3.925
111.0,3.925
111.0,3.925
111.0,3.925
111.1,3.925
111.1,3.925
111.1,3.925
111.1,3.925
111.1,3.925
111.1,3.925
111.1,3.925
111.1,3.925
111.1,3.925
111.1,3.925
111.2,3.925
111.2,3.925
111.2,3.925
111.2,3.925
111.2,3.925
111.3,3.925
111.3,3.925
111.4,3.925
111.4,3.925
111.4,3.925
111.4,3.925
111.5,3.925
111.5,3.925
111.5,3.925
111.5,3.925
111.5,3.925
111.5,3.925
111.5,3.930
111.5,3.930
111.5,3.930
111.6,3.930
111.6,3.930
111.6,3.930
111.6,3.930
111.7,3.930
111.7,3.930
111.7,3.930
111.8,3.930
111.7,3.930
111.7,3.930
111.7,3.930
111.7,3.930
111.7,3.930
111.8,3.930
111.8,3.930
111.8,3.930
111.8,3.930
111.9,3.930
111.9,3.930
111.9,3.930
111.9,3.930
111.9,3.930
111.9,3.930
111.9,3.930
112.0,3.930
112.0,3.930
112.0,3.930
112.1,3.930
112.1,3.930
112.1,3.930
112.1,3.930
112.1,3.930
112.1,3.930
112.2,3.930
112.2,3.930
112.2,3.930
112.2,3.930
112.2,3.930
112.2,3.930
112.2,3.930
112.3,3.930
112.3,3.930
112.3,3.930
112.3,3.930
112.3,3.930
112.3,3.930
112.3,3.930
112.4,3.930
112.4,3.930
112.4,3.930
112.5,3.930
112.5,3.930
112.5,3.930
112.5,3.930
112.6,3.930
112.6,3.930
112.6,3.930
112.6,3.930
112.6,3.930
112.6,3.930
112.6,3.930
112.6,3.930
112.6,3.930
112.6,3.930
112.7,3.930
112.7,3.930
112.7,3.930
112.7,3.930
112.7,3.930
112.7,3.930
112.7,3.930
112.7,3.930
112.7,3.930
112.8,3.930
112.8,3.930
112.9,3.930
112.9,3.930
113.0,3.930
113.0,3.930
113.0,3.930
113.0,3.930
113.0,3.930
113.0,3.930
113.0,3.930
113.0,3.930
113.0,3.930
113.0,3.930
113.0,3.930
113.1,3.930
113.2,3.930
113.2,3.930
113.2,3.930
113.2,3.930
113.3,3.930
113.3,3.930
113.3,3.930
113.4,3.930
113.4,3.930
113.4,3.930
113.4,3.930
113.4,3.930
113.4,3.930
113.4,3.930
113.4,3.930
113.4,3.935
113.4,3.935
113.4,3.935
113.4,3.935
113.4,3.935
113.4,3.935
113.5,3.935
113.6,3.935
113.6,3.935
113.6,3.935
113.6,3.935
113.6,3.935
113.6,3.935
113.6,3.935
113.6,3.935
113.6,3.935
113.6,3.935
113.7,3.935
113.7,3.935
113.7,3.935
113.7,3.935
113.7,3.935
113.7,3.935
113.8,3.935
113.8,3.935
113.9,3.935
113.9,3.935
113.9,3.935
114.0,3.935
114.0,3.935
114.0,3.935
114.0,3.935
114.1,3.935
114.1,3.935
114.1,3.935
114.1,3.935
114.1,3.935
114.1,3.935
114.1,3.935
114.1,3.935
114.1,3.935
114.1,3.935
114.2,3.935
114.2,3.935
114.2,3.935
114.2,3.935
114.2,3.935
114.2,3.935
114.2,3.935
114.3,3.935
114.3,3.935
114.3,3.935
114.4,3.935
114.4,3.935
114.4,3.935
114.4,3.935
114.4,3.935
114.4,3.935
114.4,3.935
114.4,3.935
114.4,3.935
114.6,3.935
114.6,3.935
114.6,3.935
114.6,3.935
114.7,3.935
114.7,3.935
114.7,3.935
114.7,3.935
114.7,3.935
114.7,3.935
114.7,3.935
114.7,3.935
114.7,3.935
114.7,3.935
114.7,3.935
114.8,3.935
114.8,3.935
114.8,3.935
114.8,3.935
114.9,3.935
114.9,3.935
114.9,3.935
115.0,3.935
115.0,3.935
115.0,3.935
115.0,3.935
115.0,3.935
115.1,3.935
115.1,3.935
115.1,3.935
115.1,3.935
115.2,3.935
115.2,3.935
115.2,3.935
115.2,3.935
115.2,3.940
115.2,3.940
115.2,3.940
115.2,3.940
115.2,3.940
115.3,3.940
115.3,3.940
115.4,3.940
115.4,3.940
115.4,3.940
115.4,3.940
115.4,3.940
115.4,3.940
115.4,3.940
115.4,3.940
115.4,3.940
115.4,3.940
115.4,3.940
115.4,3.940
115.5,3.940
115.6,3.940
115.6,3.940
115.7,3.940
115.7,3.940
115.7,3.940
115.7,3.940
115.7,3.940
115.7,3.940
115.7,3.940
115.7,3.940
115.7,3.940
115.8,3.940
115.9,3.940
115.9,3.940
115.9,3.940
115.9,3.940
115.9,3.940
115.9,3.940
115.9,3.940
115.9,3.940
115.9,3.940
115.9,3.940
116.0,3.940
116.0,3.940
116.0,3.940
116.1,3.940
116.1,3.940
116.1,3.940
116.1,3.940
116.2,3.940
116.2,3.940
116.2,3.940
116.2,3.940
116.2,3.940
116.2,3.940
116.3,3.940
116.3,3.940
116.4,3.940
116.4,3.940
116.4,3.940
116.4,3.940
116.5,3.940
116.5,3.940
116.4,3.940
116.5,3.940
116.5,3.940
116.5,3.940
116.5,3.940
116.5,3.940
116.5,3.940
116.5,3.940
116.5,3.940
116.5,3.940
116.5,3.940
116.7,3.940
116.7,3.940
116.7,3.940
116.7,3.940
116.7,3.940
116.8,3.940
116.8,3.940
116.8,3.940
116.9,3.940
116.9,3.940
116.9,3.940
116.9,3.940
116.9,3.940
116.9,3.940
116.9,3.940
116.9,3.940
116.9,3.940
117.0,3.940
117.1,3.940
117.1,3.940
117.1,3.940
117.1,3.940
117.1,3.940
117.2,3.940
117.2,3.940
117.2,3.945
117.3,3.945
117.3,3.945
117.3,3.945
117.3,3.945
117.3,3.945
117.3,3.945
117.3,3.945
117.3,3.945
117.3,3.945
117.4,3.945
117.3,3.945
117.4,3.945
117.4,3.945
117.4,3.945
117.5,3.945
117.5,3.945
117.5,3.945
117.5,3.945
117.6,3.945
117.6,3.945
117.6,3.945
117.6,3.945
117.7,3.945
117.7,3.945
117.7,3.945
117.7,3.945
117.7,3.945
117.8,3.945
117.8,3.945
117.8,3.945
117.8,3.945
117.9,3.945
117.9,3.945
117.9,3.945
117.9,3.945
117.9,3.945
117.9,3.945
118.0,3.945
118.0,3.945
118.0,3.945
118.1,3.945
118.1,3.945
118.1,3.945
118.1,3.945
118.1,3.945
118.2,3.945
118.2,3.945
118.2,3.945
118.2,3.945
118.3,3.945
118.3,3.945
118.3,3.945
118.3,3.945
118.3,3.945
118.3,3.945
118.3,3.945
118.3,3.945
118.3,3.945
118.4,3.945
118.4,3.945
118.4,3.945
118.4,3.945
118.5,3.945
118.5,3.945
118.6,3.945
118.6,3.945
118.6,3.945
118.7,3.945
118.7,3.945
118.7,3.945
118.7,3.945
118.7,3.945
118.7,3.945
118.8,3.945
118.8,3.945
118.8,3.945
118.8,3.945
118.8,3.945
118.9,3.945
118.8,3.945
118.8,3.945
118.8,3.945
118.9,3.945
118.9,3.945
119.0,3.945
119.0,3.945
119.0,3.945
119.0,3.945
119.1,3.945
119.1,3.945
119.1,3.945
119.1,3.945
119.2,3.945
119.2,3.950
119.2,3.950
119.2,3.950
119.2,3.950
119.3,3.950
119.3,3.950
119.3,3.950
119.3,3.950
119.3,3.950
119.4,3.950
119.4,3.950
119.4,3.950
119.4,3.950
119.5,3.950
119.5,3.950
119.5,3.950
119.5,3.950
119.5,3.950
119.6,3.950
119.6,3.950
119.6,3.950
119.7,3.950
119.7,3.950
119.7,3.950
119.7,3.950
119.7,3.950
119.7,3.950
119.7,3.950
119.7,3.950
119.7,3.950
119.7,3.950
119.8,3.950
119.8,3.950
119.8,3.950
119.8,3.950
119.9,3.950
120.0,3.950
120.0,3.950
120.0,3.950
120.1,3.950
120.1,3.950
120.1,3.950
120.1,3.950
120.1,3.950
120.1,3.950
120.1,3.950
120.1,3.950
120.2,3.950
120.2,3.950
120.3,3.950
120.2,3.950
120.2,3.950
120.3,3.950
120.3,3.950
120.4,3.950
120.4,3.950
120.4,3.950
120.4,3.950
120.4,3.950
120.5,3.950
120.5,3.950
120.6,3.950
120.6,3.950
120.6,3.950
120.6,3.950
120.6,3.950
120.6,3.950
120.6,3.950
120.7,3.950
120.7,3.950
120.7,3.950
120.7,3.950
120.7,3.950
120.7,3.950
120.7,3.950
120.7,3.950
120.7,3.950
120.8,3.950
120.8,3.950
120.9,3.950
120.9,3.950
120.9,3.950
121.0,3.950
121.0,3.950
121.0,3.950
121.0,3.950
121.0,3.950
121.1,3.950
121.1,3.950
121.1,3.950
121.2,3.950
121.2,3.955
121.2,3.955
121.2,3.955
121.2,3.955
121.2,3.955
121.2,3.955
121.2,3.955
121.2,3.955
121.3,3.955
121.4,3.955
121.4,3.955
121.4,3.955
121.5,3.955
121.5,3.955
121.6,3.955
121.6,3.955
121.6,3.955
121.6,3.955
121.6,3.955
121.7,3.955
121.7,3.955
121.7,3.955
121.7,3.955
121.7,3.955
121.7,3.955
121.7,3.955
121.7,3.955
121.7,3.955
121.8,3.955
121.9,3.955
121.9,3.955
121.9,3.955
122.0,3.955
122.0,3.955
122.0,3.955
122.0,3.955
122.0,3.955
122.1,3.955
122.1,3.955
122.1,3.955
122.1,3.955
122.1,3.955
122.2,3.955
122.2,3.955
122.2,3.955
122.3,3.955
122.3,3.955
122.3,3.955
122.3,3.955
122.3,3.955
122.3,3.955
122.3,3.955
122.3,3.955
122.3,3.955
122.4,3.955
122.4,3.955
122.4,3.955
122.4,3.955
122.4,3.955
122.4,3.955
122.5,3.955
122.5,3.955
122.6,3.955
122.6,3.955
122.7,3.955
122.7,3.955
122.7,3.955
122.7,3.955
122.8,3.955
122.8,3.955
122.8,3.955
122.8,3.955
122.9,3.955
122.9,3.955
122.9,3.955
122.9,3.955
123.0,3.955
123.0,3.955
123.0,3.955
123.0,3.955
123.0,3.955
123.0,3.955
123.0,3.955
123.0,3.955
123.0,3.955
123.0,3.960
123.2,3.960
123.2,3.960
123.2,3.960
123.2,3.960
123.2,3.960
123.3,3.960
123.3,3.960
123.3,3.960
123.3,3.960
123.4,3.960
123.4,3.960
123.4,3.960
123.4,3.960
123.4,3.960
123.5,3.960
123.5,3.960
123.5,3.960
123.5,3.960
123.6,3.960
123.6,3.960
123.6,3.960
123.6,3.960
123.6,3.960
123.6,3.960
123.6,3.960
123.6,3.960
123.7,3.960
123.7,3.960
123.7,3.960
123.7,3.960
123.7,3.960
123.7,3.960
123.8,3.960
123.9,3.960
123.9,3.960
123.9,3.960
123.9,3.960
124.0,3.960
124.0,3.960
124.0,3.960
124.1,3.960
124.1,3.960
124.1,3.960
124.1,3.960
124.1,3.960
124.1,3.960
124.1,3.960
124.1,3.960
124.1,3.960
124.1,3.960
124.2,3.960
124.2,3.960
124.3,3.960
124.3,3.960
124.3,3.960
124.3,3.960
124.3,3.960
124.3,3.960
124.3,3.960
124.3,3.960
124.3,3.960
124.3,3.960
124.4,3.960
124.4,3.960
124.5,3.960
124.5,3.960
124.6,3.960
124.6,3.960
124.6,3.960
124.6,3.960
124.6,3.960
124.6,3.960
124.6,3.960
124.6,3.960
124.7,3.960
124.7,3.960
124.7,3.960
124.8,3.960
124.8,3.960
124.8,3.960
124.8,3.960
124.9,3.960
124.9,3.960
124.9,3.960
124.9,3.960
124.9,3.960
124.9,3.960
124.9,3.960
124.9,3.965
125.0,3.965
125.0,3.965
125.0,3.965
125.1,3.965
125.1,3.965
125.2,3.965
125.2,3.965
125.2,3.965
125.2,3.965
125.2,3.965
125.2,3.965
125.2,3.965
125.2,3.965
125.2,3.965
125.3,3.965
125.3,3.965
125.3,3.965
125.3,3.965
125.3,3.965
125.3,3.965
125.4,3.965
125.4,3.965
125.4,3.965
125.4,3.965
125.4,3.965
125.4,3.965
125.4,3.965
125.5,3.965
125.6,3.965
125.6,3.965
125.6,3.965
125.7,3.965
125.7,3.965
125.7,3.965
125.7,3.965
125.7,3.965
125.8,3.965
125.8,3.965
125.8,3.965
125.8,3.965
125.8,3.965
125.8,3.965
125.8,3.965
125.8,3.965
125.8,3.965
125.8,3.965
125.9,3.965
125.9,3.965
125.9,3.965
126.0,3.965
126.0,3.965
126.0,3.965
126.0,3.965
126.0,3.965
126.0,3.965
126.1,3.965
126.1,3.965
126.1,3.965
126.1,3.965
126.1,3.965
126.1,3.965
126.2,3.965
126.2,3.965
126.2,3.965
126.2,3.965
126.3,3.965
126.3,3.965
126.4,3.965
126.4,3.965
126.4,3.965
126.4,3.965
126.5,3.965
126.5,3.965
126.5,3.965
126.5,3.965
126.5,3.965
126.5,3.965
126.5,3.965
126.5,3.965
126.5,3.965
126.5,3.965
126.6,3.965
126.6,3.965
126.6,3.965
126.7,3.965
126.7,3.965
126.8,3.965
126.8,3.965
126.8,3.965
126.8,3.965
126.8,3.965
126.9,3.965
126.8,3.965
126.8,3.965
126.8,3.965
126.9,3.965
127.0,3.965
126.9,3.965
127.0,3.970
127.0,3.970
127.0,3.970
127.0,3.970
127.0,3.970
127.0,3.970
127.1,3.970
127.1,3.970
127.1,3.970
127.2,3.970
127.2,3.970
127.2,3.970
127.3,3.970
127.3,3.970
127.3,3.970
127.3,3.970
127.3,3.970
127.3,3.970
127.3,3.970
127.3,3.970
127.3,3.970
127.4,3.970
127.5,3.970
127.5,3.970
127.5,3.970
127.5,3.970
127.5,3.970
127.6,3.970
127.6,3.970
127.6,3.970
127.6,3.970
127.6,3.970
127.6,3.970
127.7,3.970
127.6,3.970
127.6,3.970
127.7,3.970
127.7,3.970
127.8,3.970
127.8,3.970
127.8,3.970
127.8,3.970
127.8,3.970
127.8,3.970
127.8,3.970
127.8,3.970
127.8,3.970
127.9,3.970
128.0,3.970
128.0,3.970
128.0,3.970
128.0,3.970
128.1,3.970
128.1,3.970
128.1,3.970
128.1,3.970
128.1,3.970
128.1,3.970
128.1,3.970
128.1,3.970
128.1,3.970
128.1,3.970
128.1,3.970
128.1,3.970
128.2,3.970
128.2,3.970
128.2,3.970
128.3,3.970
128.3,3.970
128.3,3.970
128.4,3.970
128.4,3.970
128.4,3.970
128.4,3.970
128.5,3.970
128.5,3.970
128.5,3.970
128.5,3.970
128.6,3.970
128.6,3.970
128.6,3.970
128.6,3.970
128.6,3.970
128.6,3.970
128.6,3.970
128.6,3.970
128.6,3.970
128.6,3.970
128.6,3.970
128.7,3.970
128.7,3.970
128.7,3.970
128.7,3.970
128.7,3.970
128.8,3.970
128.8,3.970
128.9,3.970
128.9,3.970
128.9,3.970
128.9,3.970
128.9,3.970
128.9,3.970
128.9,3.975
128.9,3.975
128.9,3.975
128.9,3.975
129.1,3.975
129.1,3.975
129.1,3.975
129.1,3.975
129.1,3.975
129.1,3.975
129.1,3.975
129.1,3.975
129.1,3.975
129.2,3.975
129.3,3.975
129.3,3.975
129.3,3.975
129.3,3.975
129.3,3.975
129.4,3.975
129.4,3.975
129.4,3.975
129.4,3.975
129.4,3.975
129.5,3.975
129.5,3.975
129.5,3.975
129.5,3.975
129.5,3.975
129.5,3.975
129.5,3.975
129.6,3.975
129.6,3.975
129.6,3.975
129.7,3.975
129.7,3.975
129.7,3.975
129.7,3.975
129.7,3.975
129.8,3.975
129.8,3.975
129.9,3.975
129.9,3.975
129.9,3.975
129.9,3.975
129.9,3.975
129.9,3.975
129.9,3.975
129.9,3.975
129.9,3.975
130.0,3.975
130.0,3.975
130.1,3.975
130.1,3.975
130.1,3.975
130.2,3.975
130.2,3.975
130.2,3.975
130.2,3.975
130.2,3.975
130.3,3.975
130.2,3.975
130.2,3.975
130.2,3.975
130.2,3.975
130.3,3.975
130.3,3.975
130.3,3.975
130.4,3.975
130.4,3.975
130.5,3.975
130.5,3.975
130.5,3.975
130.5,3.975
130.5,3.975
130.6,3.975
130.6,3.975
130.6,3.975
130.6,3.975
130.7,3.975
130.7,3.975
130.7,3.975
130.8,3.975
130.8,3.975
130.8,3.975
130.8,3.975
130.8,3.975
130.9,3.975
130.9,3.975
130.9,3.975
130.9,3.980
130.9,3.980
130.9,3.980
131.0,3.980
131.0,3.980
131.1,3.980
131.1,3.980
131.1,3.980
131.1,3.980
131.2,3.980
131.2,3.980
131.2,3.980
131.3,3.980
131.3,3.980
131.3,3.980
131.3,3.980
131.3,3.980
131.3,3.980
131.4,3.980
131.4,3.980
131.4,3.980
131.5,3.980
131.5,3.980
131.5,3.980
131.5,3.980
131.6,3.980
131.6,3.980
131.6,3.980
131.6,3.980
131.7,3.980
131.7,3.980
131.7,3.980
131.8,3.980
131.8,3.980
131.8,3.980
131.8,3.980
131.9,3.980
131.9,3.980
131.9,3.980
131.9,3.980
131.9,3.980
132.0,3.980
132.0,3.980
132.0,3.980
132.1,3.980
132.1,3.980
132.1,3.980
132.1,3.980
132.2,3.980
132.2,3.980
132.3,3.980
132.3,3.980
132.3,3.980
132.3,3.980
132.3,3.980
132.4,3.980
132.3,3.980
132.4,3.980
132.4,3.980
132.4,3.980
132.5,3.980
132.5,3.980
132.5,3.980
132.6,3.980
132.6,3.980
132.6,3.980
132.7,3.980
132.7,3.980
132.7,3.980
132.8,3.980
132.8,3.980
132.8,3.985
132.9,3.985
132.9,3.985
132.9,3.985
132.9,3.985
132.9,3.985
132.9,3.985
132.9,3.985
133.0,3.985
133.0,3.985
133.1,3.985
133.1,3.985
133.1,3.985
133.1,3.985
133.2,3.985
133.2,3.985
133.2,3.985
133.2,3.985
133.2,3.985
133.3,3.985
133.3,3.985
133.3,3.985
133.4,3.985
133.4,3.985
133.4,3.985
133.5,3.985
133.5,3.985
133.5,3.985
133.6,3.985
133.6,3.985
133.6,3.985
133.6,3.985
133.6,3.985
133.6,3.985
133.7,3.985
133.7,3.985
133.8,3.985
133.8,3.985
133.8,3.985
133.8,3.985
133.8,3.985
133.9,3.985
133.9,3.985
133.9,3.985
133.9,3.985
134.0,3.985
134.0,3.985
134.0,3.985
134.0,3.985
134.0,3.985
134.1,3.985
134.1,3.985
134.2,3.985
134.2,3.985
134.2,3.985
134.2,3.985
134.2,3.985
134.3,3.985
134.3,3.985
134.3,3.985
134.4,3.985
134.4,3.985
134.4,3.985
134.5,3.985
134.5,3.985
134.5,3.985
134.5,3.985
134.5,3.985
134.5,3.985
134.6,3.985
134.6,3.985
134.6,3.985
134.7,3.985
134.7,3.985
134.7,3.985
134.7,3.985
134.8,3.985
134.8,3.985
134.9,3.985
134.9,3.985
134.9,3.990
134.9,3.990
134.9,3.990
135.0,3.990
135.0,3.990
135.0,3.990
135.0,3.990
135.0,3.990
135.1,3.990
135.0,3.990
135.0,3.990
135.1,3.990
135.1,3.990
135.2,3.990
135.2,3.990
135.2,3.990
135.3,3.990
135.3,3.990
135.3,3.990
135.3,3.990
135.4,3.990
135.4,3.990
135.4,3.990
135.4,3.990
135.4,3.990
135.4,3.990
135.5,3.990
135.5,3.990
135.5,3.990
135.5,3.990
135.5,3.990
135.6,3.990
135.6,3.990
135.6,3.990
135.7,3.990
135.7,3.990
135.8,3.990
135.8,3.990
135.8,3.990
135.8,3.990
135.9,3.990
135.9,3.990
135.9,3.990
135.9,3.990
136.0,3.990
136.0,3.990
136.0,3.990
136.1,3.990
136.1,3.990
136.1,3.990
136.1,3.990
136.1,3.990
136.2,3.990
136.2,3.990
136.2,3.990
136.3,3.990
136.3,3.990
136.3,3.990
136.3,3.990
136.4,3.990
136.4,3.990
136.4,3.990
136.4,3.990
136.4,3.990
136.4,3.990
136.4,3.990
136.5,3.990
136.5,3.990
136.6,3.990
136.6,3.990
136.6,3.990
136.6,3.990
136.7,3.990
136.7,3.990
136.8,3.990
136.8,3.990
136.8,3.990
136.9,3.995
136.9,3.995
136.9,3.995
137.0,3.995
137.0,3.995
137.0,3.995
137.0,3.995
137.0,3.995
137.0,3.995
137.1,3.995
137.1,3.995
137.2,3.995
137.2,3.995
137.3,3.995
137.3,3.995
137.3,3.995
137.3,3.995
137.4,3.995
137.4,3.995
137.4,3.995
137.4,3.995
137.5,3.995
137.5,3.995
137.6,3.995
137.6,3.995
137.6,3.995
137.6,3.995
137.6,3.995
137.7,3.995
137.7,3.995
137.7,3.995
137.8,3.995
137.8,3.995
137.8,3.995
137.9,3.995
137.9,3.995
137.9,3.995
138.0,3.995
138.0,3.995
138.1,3.995
138.1,3.995
138.1,3.995
138.1,3.995
138.1,3.995
138.1,3.995
138.1,3.995
138.1,3.995
138.2,3.995
138.2,3.995
138.3,3.995
138.3,3.995
138.3,3.995
138.4,3.995
138.4,3.995
138.4,3.995
138.5,3.995
138.5,3.995
138.5,3.995
138.5,3.995
138.6,3.995
138.6,3.995
138.6,3.995
138.7,3.995
138.7,3.995
138.7,3.995
138.7,3.995
138.8,3.995
138.8,3.995
138.8,4.000
138.9,4.000
138.9,4.000
138.9,4.000
138.9,4.000
139.0,4.000
139.0,4.000
139.1,4.000
139.1,4.000
139.1,4.000
139.1,4.000
139.2,4.000
139.2,4.000
139.2,4.000
139.2,4.000
139.3,4.000
139.3,4.000
139.3,4.000
139.3,4.000
139.4,4.000
139.4,4.000
139.4,4.000
139.4,4.000
139.5,4.000
139.5,4.000
139.5,4.000
139.5,4.000
139.6,4.000
139.6,4.000
139.7,4.000
139.7,4.000
139.7,4.000
139.7,4.000
139.8,4.000
139.8,4.000
139.8,4.000
139.8,4.000
139.9,4.000
139.9,4.000
140.0,4.000
140.0,4.000
140.0,4.000
140.0,4.000
140.0,4.000
140.0,4.000
140.0,4.000
140.1,4.000
140.1,4.000
140.2,4.000
140.2,4.000
140.2,4.000
140.2,4.000
140.2,4.000
140.2,4.000
140.3,4.000
140.3,4.000
140.4,4.000
140.4,4.000
140.5,4.000
140.5,4.000
140.5,4.000
140.5,4.000
140.5,4.000
140.5,4.000
140.5,4.000
140.5,4.000
140.5,4.000
140.5,4.000
140.7,4.000
140.7,4.000
140.8,4.000
140.8,4.000
140.8,4.000
140.9,4.005
140.9,4.005
140.9,4.005
140.9,4.005
140.9,4.005
140.9,4.005
140.9,4.005
140.9,4.005
141.0,4.005
141.0,4.005
141.1,4.005
141.1,4.005
141.1,4.005
141.1,4.005
141.1,4.005
141.2,4.005
141.2,4.005
141.2,4.005
141.2,4.005
141.3,4.005
141.3,4.005
141.3,4.005
141.3,4.005
141.3,4.005
141.3,4.005
141.4,4.005
141.4,4.005
141.4,4.005
141.5,4.005
141.5,4.005
141.5,4.005
141.5,4.005
141.6,4.005
141.6,4.005
141.6,4.005
141.6,4.005
141.7,4.005
141.6,4.005
141.7,4.005
141.7,4.005
141.8,4.005
141.8,4.005
141.8,4.005
141.9,4.005
141.9,4.005
141.9,4.005
141.9,4.005
141.9,4.005
141.9,4.005
141.9,4.005
142.0,4.005
142.1,4.005
142.1,4.005
142.1,4.005
142.1,4.005
142.2,4.005
142.2,4.005
142.2,4.005
142.2,4.005
142.2,4.005
142.2,4.005
142.2,4.005
142.2,4.005
142.2,4.005
142.2,4.005
142.3,4.005
142.3,4.005
142.4,4.005
142.4,4.005
142.4,4.005
142.4,4.005
142.4,4.005
142.4,4.005
142.4,4.005
142.5,4.005
142.6,4.005
142.6,4.005
142.6,4.005
142.7,4.005
142.7,4.005
142.7,4.005
142.7,4.005
142.7,4.005
142.7,4.005
142.7,4.005
142.7,4.005
142.7,4.005
142.7,4.005
142.8,4.005
142.8,4.005
142.9,4.010
142.9,4.010
142.9,4.010
142.9,4.010
142.9,4.010
142.9,4.010
142.9,4.010
142.9,4.010
143.0,4.010
143.0,4.010
143.0,4.010
143.0,4.010
143.0,4.010
143.1,4.010
143.1,4.010
143.1,4.010
143.1,4.010
143.2,4.010
143.2,4.010
143.2,4.010
143.2,4.010
143.3,4.010
143.3,4.010
143.3,4.010
143.4,4.010
143.4,4.010
143.4,4.010
143.4,4.010
143.5,4.010
143.5,4.010
143.5,4.010
143.4,4.010
143.5,4.010
143.5,4.010
143.5,4.010
143.5,4.010
143.5,4.010
143.5,4.010
143.5,4.010
143.6,4.010
143.6,4.010
143.6,4.010
143.6,4.010
143.6,4.010
143.6,4.010
143.7,4.010
143.7,4.010
143.7,4.010
143.7,4.010
143.8,4.010
143.8,4.010
143.9,4.010
143.9,4.010
143.9,4.010
143.9,4.010
143.9,4.010
143.9,4.010
143.9,4.010
143.9,4.010
143.9,4.010
143.9,4.010
144.0,4.010
144.0,4.010
144.0,4.010
144.0,4.010
144.0,4.010
144.1,4.010
144.2,4.010
144.2,4.010
144.2,4.010
144.2,4.010
144.2,4.010
144.2,4.010
144.2,4.010
144.2,4.010
144.2,4.010
144.2,4.010
144.3,4.010
144.3,4.010
144.4,4.010
144.4,4.010
144.4,4.010
144.5,4.010
144.5,4.010
144.4,4.010
144.4,4.010
144.4,4.010
144.4,4.010
144.5,4.010
144.5,4.010
144.5,4.010
144.5,4.010
144.5,4.010
144.6,4.010
144.6,4.010
144.6,4.010
144.6,4.010
144.6,4.010
144.6,4.010
144.6,4.010
144.7,4.010
144.7,4.010
144.7,4.010
144.7,4.010
144.7,4.010
144.7,4.010
144.7,4.010
144.8,4.010
144.8,4.010
144.8,4.010
144.8,4.015
144.9,4.015
144.9,4.015
144.9,4.015
144.9,4.015
144.9,4.015
144.9,4.015
145.0,4.015
145.0,4.015
145.0,4.015
145.0,4.015
145.0,4.015
145.0,4.015
145.0,4.015
145.0,4.015
145.1,4.015
145.1,4.015
145.1,4.015
145.1,4.015
145.1,4.015
145.1,4.015
145.1,4.015
145.2,4.015
145.2,4.015
145.3,4.015
145.2,4.015
145.2,4.015
145.2,4.015
145.2,4.015
145.3,4.015
145.3,4.015
145.3,4.015
145.3,4.015
145.3,4.015
145.3,4.015
145.4,4.015
145.4,4.015
145.5,4.015
145.5,4.015
145.5,4.015
145.5,4.015
145.5,4.015
145.5,4.015
145.5,4.015
145.5,4.015
145.5,4.015
145.6,4.015
145.6,4.015
145.6,4.015
145.6,4.015
145.6,4.015
145.6,4.015
145.6,4.015
145.7,4.015
145.7,4.015
145.7,4.015
145.7,4.015
145.7,4.015
145.7,4.015
145.7,4.015
145.7,4.015
145.8,4.015
145.8,4.015
145.8,4.015
145.8,4.015
145.8,4.015
145.8,4.015
145.8,4.015
145.9,4.015
146.0,4.015
145.9,4.015
145.9,4.015
145.9,4.015
146.0,4.015
146.0,4.015
146.0,4.015
146.0,4.015
146.0,4.015
146.0,4.015
146.0,4.015
146.0,4.015
146.0,4.015
146.1,4.015
146.1,4.015
146.1,4.015
146.1,4.015
146.1,4.015
146.1,4.015
146.1,4.015
146.1,4.015
146.1,4.015
146.1,4.015
146.2,4.015
146.2,4.015
146.2,4.015
146.2,4.015
146.2,4.015
146.3,4.015
146.3,4.015
146.3,4.015
146.3,4.015
146.3,4.015
146.3,4.015
146.3,4.015
146.4,4.015
146.4,4.015
146.4,4.015
146.4,4.015
146.4,4.015
146.4,4.015
146.4,4.015
146.4,4.015
146.4,4.015
146.4,4.015
146.5,4.015
146.5,4.015
146.5,4.015
146.5,4.015
146.5,4.015
146.5,4.015
146.5,4.015
146.5,4.015
146.5,4.015
146.5,4.015
146.6,4.015
146.6,4.015
146.6,4.015
146.6,4.015
146.6,4.015
146.6,4.015
146.7,4.015
146.8,4.015
146.7,4.015
146.7,4.015
146.7,4.020
146.7,4.020
146.7,4.020
146.7,4.020
146.7,4.020
146.8,4.020
146.8,4.020
146.8,4.020
146.8,4.020
146.8,4.020
146.9,4.020
146.8,4.020
146.8,4.020
146.8,4.020
146.9,4.020
146.9,4.020
146.9,4.020
146.9,4.020
146.9,4.020
146.9,4.020
146.9,4.020
146.9,4.020
146.9,4.020
147.0,4.020
147.0,4.020
147.0,4.020
147.0,4.020
147.0,4.020
147.0,4.020
147.0,4.020
147.0,4.020
147.1,4.020
147.1,4.020
147.1,4.020
147.1,4.020
147.1,4.020
147.1,4.020
147.1,4.020
147.1,4.020
147.1,4.020
147.1,4.020
147.1,4.020
147.2,4.020
147.2,4.020
147.2,4.020
147.2,4.020
147.2,4.020
147.2,4.020
147.2,4.020
147.3,4.020
147.3,4.020
147.3,4.020
147.3,4.020
147.3,4.020
147.3,4.020
147.3,4.020
147.4,4.020
147.4,4.020
147.4,4.020
147.4,4.020
147.5,4.020
147.5,4.020
147.5,4.020
147.5,4.020
147.6,4.020
147.5,4.020
147.5,4.020
147.5,4.020
147.6,4.020
147.6,4.020
147.6,4.020
147.6,4.020
147.6,4.020
147.6,4.020
147.6,4.020
147.6,4.020
147.6,4.020
147.6,4.020
147.7,4.020
147.7,4.020
147.7,4.020
147.7,4.020
147.7,4.020
147.7,4.020
147.7,4.020
147.7,4.020
147.8,4.020
147.8,4.020
147.8,4.020
147.8,4.020
147.8,4.020
147.8,4.020
147.8,4.020
147.9,4.020
147.9,4.020
147.9,4.020
147.9,4.020
147.9,4.020
147.9,4.020
147.9,4.020
147.9,4.020
148.0,4.020
148.0,4.020
148.0,4.020
148.0,4.020
148.0,4.020
148.0,4.020
148.0,4.020
148.0,4.020
148.1,4.020
148.1,4.020
148.1,4.020
148.1,4.020
148.2,4.020
148.2,4.020
148.2,4.020
148.2,4.020
148.2,4.020
148.2,4.020
148.2,4.020
148.2,4.020
148.2,4.020
148.2,4.020
148.3,4.020
148.3,4.020
148.3,4.020
148.3,4.020
148.3,4.020
148.3,4.020
148.4,4.020
148.4,4.020
148.4,4.020
148.4,4.020
148.4,4.020
148.4,4.020
148.5,4.020
148.5,4.020
148.5,4.020
148.5,4.020
148.5,4.020
148.5,4.020
148.5,4.020
148.5,4.020
148.5,4.020
148.6,4.020
148.6,4.020
148.6,4.020
148.6,4.020
148.7,4.020
148.7,4.020
148.7,4.020
148.7,4.020
148.7,4.020
148.7,4.020
148.7,4.020
148.7,4.020
148.7,4.020
148.8,4.020
148.8,4.020
148.8,4.020
148.8,4.025
148.8,4.025
148.8,4.025
148.8,4.025
148.9,4.025
148.9,4.025
148.9,4.025
148.9,4.025
148.9,4.025
148.9,4.025
148.9,4.025
148.9,4.025
148.9,4.025
149.0,4.025
149.1,4.025
149.0,4.025
149.0,4.025
149.1,4.025
149.1,4.025
149.1,4.025
149.1,4.025
149.1,4.025
149.1,4.025
149.1,4.025
149.1,4.025
149.1,4.025
149.2,4.025
149.2,4.025
149.2,4.025
149.2,4.025
149.3,4.025
149.3,4.025
149.3,4.025
149.3,4.025
149.3,4.025
149.3,4.025
149.3,4.025
149.3,4.025
149.3,4.025
149.3,4.025
149.3,4.025
149.3,4.025
149.3,4.025
149.3,4.025
149.3,4.025
149.4,4.025
149.4,4.025
149.4,4.025
149.4,4.025
149.5,4.025
149.5,4.025
149.6,4.025
149.6,4.025
149.6,4.025
149.6,4.025
149.6,4.025
149.6,4.025
149.6,4.025
149.6,4.025
149.6,4.025
149.7,4.025
149.7,4.025
149.7,4.025
149.7,4.025
149.7,4.025
149.7,4.025
149.7,4.025
149.7,4.025
149.8,4.025
149.8,4.025
149.9,4.025
149.9,4.025
149.9,4.025
149.9,4.025
149.9,4.025
149.9,4.025
149.9,4.025
149.9,4.025
149.9,4.025
149.9,4.025
149.9,4.025
150.0,4.025
150.1,4.025
150.1,4.025
150.1,4.025
150.1,4.025
150.1,4.025
150.1,4.025
150.1,4.025
150.1,4.025
150.1,4.025
150.1,4.025
150.1,4.025
150.1,4.025
150.2,4.025
150.3,4.025
150.3,4.025
150.3,4.025
150.3,4.025
150.3,4.025
150.4,4.025
150.4,4.025
150.4,4.025
150.4,4.025
150.5,4.025
150.5,4.025
150.5,4.025
150.6,4.025
150.6,4.025
150.6,4.025
150.6,4.025
150.6,4.025
150.6,4.025
150.6,4.025
150.6,4.025
150.6,4.025
150.7,4.025
150.8,4.025
150.7,4.025
150.8,4.025
150.8,4.025
150.8,4.025
150.8,4.025
150.8,4.025
150.8,4.025
150.9,4.025
150.9,4.025
150.9,4.025
151.0,4.025
151.0,4.025
151.0,4.025
151.0,4.025
151.0,4.025
151.1,4.025
151.1,4.025
151.1,4.030
151.1,4.030
151.2,4.030
151.2,4.030
151.2,4.030
151.2,4.030
151.3,4.030
151.3,4.030
151.3,4.030
151.3,4.030
151.3,4.030
151.4,4.030
151.4,4.030
151.4,4.030
151.5,4.030
151.5,4.030
151.5,4.030
151.5,4.030
151.5,4.030
151.5,4.030
151.5,4.030
151.5,4.030
151.5,4.030
151.5,4.030
151.6,4.030
151.7,4.030
151.7,4.030
151.7,4.030
151.7,4.030
151.8,4.030
151.8,4.030
151.8,4.030
151.8,4.030
151.8,4.030
151.8,4.030
151.8,4.030
151.8,4.030
151.8,4.030
151.9,4.030
151.9,4.030
151.9,4.030
151.9,4.030
151.9,4.030
152.0,4.030
152.0,4.030
152.1,4.030
152.1,4.030
152.1,4.030
152.1,4.030
152.1,4.030
152.2,4.030
152.2,4.030
152.2,4.030
152.3,4.030
152.3,4.030
152.3,4.030
152.3,4.030
152.3,4.030
152.3,4.030
152.3,4.030
152.3,4.030
152.3,4.030
152.4,4.030
152.4,4.030
152.4,4.030
152.5,4.030
152.5,4.030
152.6,4.030
152.6,4.030
152.6,4.030
152.6,4.030
152.6,4.030
152.6,4.030
152.6,4.030
152.6,4.030
152.6,4.030
152.7,4.030
152.7,4.030
152.8,4.030
152.8,4.030
152.8,4.030
152.8,4.030
152.8,4.030
152.8,4.030
152.8,4.030
152.8,4.030
152.8,4.030
152.8,4.030
153.0,4.030
153.0,4.030
153.0,4.030
153.0,4.030
153.0,4.030
153.1,4.030
153.1,4.030
153.1,4.030
153.2,4.030
153.2,4.030
153.2,4.030
153.2,4.030
153.2,4.030
153.2,4.030
153.2,4.030
153.2,4.030
153.2,4.030
153.2,4.030
153.2,4.030
153.3,4.030
153.3,4.030
153.3,4.030
153.4,4.030
153.4,4.030
153.4,4.035
153.4,4.035
153.5,4.035
153.5,4.035
153.5,4.035
153.6,4.035
153.6,4.035
153.5,4.035
153.5,4.035
153.5,4.035
153.5,4.035
153.6,4.035
153.6,4.035
153.6,4.035
153.6,4.035
153.7,4.035
153.7,4.035
153.7,4.035
153.7,4.035
153.7,4.035
153.7,4.035
153.7,4.035
153.7,4.035
153.8,4.035
153.9,4.035
153.8,4.035
153.9,4.035
153.9,4.035
153.9,4.035
153.9,4.035
153.9,4.035
153.9,4.035
153.9,4.035
153.9,4.035
153.9,4.035
153.9,4.035
153.9,4.035
154.0,4.035
154.0,4.035
154.0,4.035
154.0,4.035
154.1,4.035
154.1,4.035
154.2,4.035
154.2,4.035
154.2,4.035
154.2,4.035
154.3,4.035
154.2,4.035
154.2,4.035
154.2,4.035
154.2,4.035
154.2,4.035
154.2,4.035
154.2,4.035
154.2,4.035
154.2,4.035
154.2,4.035
154.2,4.035
154.2,4.035
154.4,4.035
154.4,4.035
154.4,4.035
154.4,4.035
154.4,4.035
154.4,4.035
154.4,4.035
154.4,4.035
154.4,4.035
154.5,4.035
154.5,4.035
154.5,4.035
154.5,4.035
154.5,4.035
154.5,4.035
154.5,4.035
154.5,4.035
154.6,4.035
154.6,4.035
154.6,4.035
154.6,4.035
154.6,4.035
154.6,4.035
154.6,4.035
154.6,4.035
154.6,4.035
154.6,4.035
154.6,4.035
154.6,4.035
154.6,4.035
154.8,4.035
154.8,4.035
154.8,4.035
154.8,4.035
154.8,4.035
154.8,4.035
154.8,4.035
154.8,4.035
154.8,4.035
154.8,4.035
154.8,4.035
154.8,4.035
154.9,4.035
154.9,4.035
154.9,4.035
155.0,4.035
155.0,4.035
155.0,4.035
155.0,4.035
155.0,4.035
155.1,4.035
155.1,4.035
155.1,4.035
155.1,4.035
155.1,4.035
155.1,4.035
155.1,4.035
155.1,4.035
155.1,4.035
155.1,4.035
155.1,4.035
155.1,4.035
155.2,4.035
155.2,4.035
155.2,4.035
155.2,4.035
155.2,4.035
155.3,4.035
155.2,4.035
155.3,4.035
155.3,4.035
155.3,4.035
155.3,4.035
155.3,4.035
155.3,4.035
155.4,4.035
155.4,4.035
155.4,4.035
155.4,4.035
155.4,4.040
155.4,4.040
155.4,4.040
155.5,4.040
155.5,4.040
155.5,4.040
155.5,4.040
155.5,4.040
155.5,4.040
155.5,4.040
155.5,4.040
155.5,4.040
155.6,4.040
155.6,4.040
155.6,4.040
155.7,4.040
155.7,4.040
155.7,4.040
155.7,4.040
155.7,4.040
155.7,4.040
155.7,4.040
155.7,4.040
155.7,4.040
155.7,4.040
155.8,4.040
155.8,4.040
155.9,4.040
155.8,4.040
155.8,4.040
155.9,4.040
155.9,4.040
155.9,4.040
155.9,4.040
155.9,4.040
155.9,4.040
155.9,4.040
156.0,4.040
156.0,4.040
156.0,4.040
156.0,4.040
156.0,4.040
156.0,4.040
156.0,4.040
156.0,4.040
156.0,4.040
156.1,4.040
156.1,4.040
156.1,4.040
156.1,4.040
156.1,4.040
156.1,4.040
156.1,4.040
156.2,4.040
156.2,4.040
156.2,4.040
156.2,4.040
156.2,4.040
156.2,4.040
156.2,4.040
156.3,4.040
156.3,4.040
156.3,4.040
156.3,4.040
156.3,4.040
156.3,4.040
156.3,4.040
156.3,4.040
156.4,4.040
156.4,4.040
156.4,4.040
156.4,4.040
156.4,4.040
156.4,4.040
156.4,4.040
156.4,4.040
156.4,4.040
156.5,4.040
156.5,4.040
156.5,4.040
156.5,4.040
156.5,4.040
156.5,4.040
156.6,4.040
156.6,4.040
156.6,4.040
156.6,4.040
156.6,4.040
156.6,4.040
156.6,4.040
156.7,4.040
156.7,4.040
156.7,4.040
156.7,4.040
156.7,4.040
156.8,4.040
156.8,4.040
156.8,4.040
156.8,4.040
156.8,4.040
156.8,4.040
156.8,4.040
156.8,4.040
156.8,4.040
156.8,4.040
156.8,4.040
156.9,4.040
156.9,4.040
156.9,4.040
156.9,4.040
156.9,4.040
156.9,4.040
156.9,4.040
156.9,4.040
156.9,4.040
156.9,4.040
156.9,4.040
156.9,4.040
156.9,4.040
157.0,4.040
157.0,4.040
157.0,4.040
157.0,4.040
157.0,4.040
157.0,4.040
157.1,4.040
157.1,4.040
157.1,4.040
157.2,4.040
157.2,4.040
157.2,4.040
157.2,4.040
157.2,4.040
157.2,4.040
157.2,4.040
157.2,4.040
157.2,4.040
157.2,4.040
157.2,4.040
157.2,4.040
157.2,4.040
157.2,4.040
157.2,4.040
157.3,4.040
157.3,4.040
157.3,4.040
157.3,4.040
157.3,4.040
157.3,4.040
157.3,4.040
157.3,4.040
157.4,4.040
157.4,4.040
157.4,4.040
157.4,4.040
157.4,4.040
157.4,4.040
157.4,4.045
157.4,4.045
157.4,4.045
157.4,4.045
157.5,4.045
157.5,4.045
157.5,4.045
157.5,4.045
157.5,4.045
157.5,4.045
157.5,4.045
157.5,4.045
157.5,4.045
157.5,4.045
157.5,4.045
157.5,4.045
157.5,4.045
157.6,4.045
157.6,4.045
157.6,4.045
157.7,4.045
157.6,4.045
157.6,4.045
157.7,4.045
157.8,4.045
157.8,4.045
157.7,4.045
157.7,4.045
157.7,4.045
157.7,4.045
157.7,4.045
157.8,4.045
157.8,4.045
157.8,4.045
157.8,4.045
157.8,4.045
157.8,4.045
157.8,4.045
157.8,4.045
157.8,4.045
157.8,4.045
157.9,4.045
157.9,4.045
157.9,4.045
157.9,4.045
158.0,4.045
158.0,4.045
158.0,4.045
158.0,4.045
158.0,4.045
158.0,4.045
158.0,4.045
158.0,4.045
158.0,4.045
158.0,4.045
158.1,4.045
158.1,4.045
158.1,4.045
158.2,4.045
158.1,4.045
158.1,4.045
158.1,4.045
158.1,4.045
158.1,4.045
158.1,4.045
158.1,4.045
158.2,4.045
158.2,4.045
158.2,4.045
158.2,4.045
158.2,4.045
158.2,4.045
158.2,4.045
158.2,4.045
158.2,4.045
158.3,4.045
158.3,4.045
158.3,4.045
158.3,4.045
158.3,4.045
158.3,4.045
158.3,4.045
158.3,4.045
158.3,4.045
158.4,4.045
158.4,4.045
158.4,4.045
158.4,4.045
158.4,4.045
158.4,4.045
158.4,4.045
158.5,4.045
158.5,4.045
158.5,4.045
158.5,4.045
158.6,4.045
158.6,4.045
158.6,4.045
158.6,4.045
158.6,4.045
158.6,4.045
158.6,4.045
158.6,4.045
158.6,4.045
158.7,4.045
158.7,4.045
158.7,4.045
158.7,4.045
158.7,4.045
158.7,4.045
158.7,4.045
158.7,4.045
158.7,4.045
158.7,4.045
158.8,4.045
158.8,4.045
158.8,4.045
158.8,4.045
158.8,4.045
158.8,4.045
158.8,4.045
158.8,4.045
158.8,4.045
158.8,4.045
158.8,4.045
158.9,4.045
158.9,4.045
158.9,4.045
158.9,4.045
158.9,4.045
158.9,4.045
158.9,4.045
158.9,4.045
158.9,4.045
158.9,4.045
158.9,4.045
158.9,4.045
159.1,4.045
159.1,4.045
159.1,4.045
159.0,4.045
159.0,4.045
159.0,4.045
159.0,4.045
159.0,4.045
159.1,4.045
159.1,4.045
159.1,4.045
159.1,4.045
159.1,4.045
159.1,4.045
159.1,4.045
159.1,4.045
159.1,4.045
159.1,4.045
159.1,4.045
159.1,4.045
159.2,4.045
159.2,4.045
159.2,4.045
159.2,4.045
159.2,4.045
159.2,4.045
159.3,4.045
159.3,4.045
159.3,4.045
159.3,4.045
159.3,4.045
159.3,4.045
159.3,4.045
159.3,4.045
159.3,4.045
159.3,4.045
159.4,4.045
159.4,4.045
159.5,4.045
159.4,4.045
159.4,4.045
159.4,4.045
159.4,4.045
159.4,4.045
159.5,4.045
159.5,4.045
159.5,4.045
159.5,4.045
159.5,4.045
159.5,4.045
159.5,4.045
159.5,4.045
159.5,4.050
159.5,4.050
159.5,4.050
159.5,4.050
159.5,4.050
159.5,4.050
159.5,4.050
159.5,4.050
159.5,4.050
159.6,4.050
159.6,4.050
159.6,4.050
159.6,4.050
159.6,4.050
159.6,4.050
159.6,4.050
159.7,4.050
159.7,4.050
159.7,4.050
159.7,4.050
159.7,4.050
159.7,4.050
159.7,4.050
159.8,4.050
159.8,4.050
159.8,4.050
159.8,4.050
159.8,4.050
159.8,4.050
159.8,4.050
159.8,4.050
159.8,4.050
159.8,4.050
159.8,4.050
159.8,4.050
159.8,4.050
159.9,4.050
159.9,4.050
159.9,4.050
159.9,4.050
159.9,4.050
159.9,4.050
159.9,4.050
159.9,4.050
159.9,4.050
159.9,4.050
160.0,4.050
160.0,4.050
160.0,4.050
160.0,4.050
160.0,4.050
160.0,4.050
160.0,4.050
160.0,4.050
160.0,4.050
160.0,4.050
160.0,4.050
160.0,4.050
160.0,4.050
160.0,4.050
160.1,4.050
160.1,4.050
160.1,4.050
160.1,4.050
160.1,4.050
160.1,4.050
160.1,4.050
160.1,4.050
160.1,4.050
160.2,4.050
160.2,4.050
160.2,4.050
160.2,4.050
160.2,4.050
160.2,4.050
160.2,4.050
160.2,4.050
160.2,4.050
160.2,4.050
160.2,4.050
160.3,4.050
160.3,4.050
160.3,4.050
160.3,4.050
160.3,4.050
160.3,4.050
160.3,4.050
160.4,4.050
160.4,4.050
160.4,4.050
160.4,4.050
160.4,4.050
160.4,4.050
160.4,4.050
160.4,4.050
160.4,4.050
160.4,4.050
160.4,4.050
160.4,4.050
160.4,4.050
160.5,4.050
160.6,4.050
160.6,4.050
160.6,4.050
160.6,4.050
160.6,4.050
160.6,4.050
160.6,4.050
160.6,4.050
160.6,4.050
160.6,4.050
160.6,4.050
160.6,4.050
160.6,4.050
160.6,4.050
160.6,4.050
160.6,4.050
160.6,4.050
160.7,4.050
160.7,4.050
160.7,4.050
160.7,4.050
160.7,4.050
160.7,4.050
160.7,4.050
160.7,4.050
160.7,4.050
160.7,4.050
160.8,4.050
160.8,4.050
160.9,4.050
160.9,4.050
160.9,4.050
160.9,4.050
160.9,4.050
160.9,4.050
160.9,4.050
160.9,4.050
160.9,4.050
160.9,4.050
160.9,4.050
160.9,4.050
160.9,4.050
160.9,4.050
161.0,4.050
161.0,4.050
161.0,4.050
161.0,4.050
161.0,4.050
161.0,4.050
161.0,4.050
161.0,4.050
161.0,4.050
161.0,4.050
161.1,4.050
161.1,4.050
161.2,4.050
161.2,4.050
161.2,4.050
161.2,4.050
161.2,4.050
161.2,4.050
161.2,4.050
161.2,4.050
161.2,4.050
161.2,4.050
161.2,4.050
161.2,4.050
161.2,4.050
161.2,4.050
161.2,4.050
161.2,4.050
161.2,4.050
161.2,4.050
161.2,4.050
161.2,4.050
161.3,4.050
161.3,4.050
161.3,4.050
161.3,4.050
161.3,4.050
161.3,4.050
161.3,4.050
161.3,4.050
161.3,4.050
161.4,4.050
161.4,4.050
161.4,4.050
161.4,4.050
161.4,4.050
161.4,4.050
161.4,4.050
161.4,4.050
161.4,4.050
161.5,4.050
161.5,4.050
161.5,4.050
161.5,4.050
161.5,4.050
161.5,4.050
161.6,4.050
161.6,4.050
161.6,4.050
161.6,4.050
161.6,4.050
161.6,4.050
161.6,4.050
161.6,4.050
161.6,4.050
161.6,4.050
161.6,4.050
161.6,4.055
161.6,4.055
161.7,4.055
161.7,4.055
161.7,4.055
161.7,4.055
161.7,4.055
161.8,4.055
161.8,4.055
161.8,4.055
161.8,4.055
161.8,4.055
161.8,4.055
161.8,4.055
161.8,4.055
161.8,4.055
161.8,4.055
161.8,4.055
161.8,4.055
161.8,4.055
161.8,4.055
161.8,4.055
161.8,4.055
161.9,4.055
161.9,4.055
161.9,4.055
161.9,4.055
161.9,4.055
161.9,4.055
161.9,4.055
161.9,4.055
161.9,4.055
161.9,4.055
161.9,4.055
162.0,4.055
162.0,4.055
162.0,4.055
162.0,4.055
162.0,4.055
162.0,4.055
162.0,4.055
162.0,4.055
162.0,4.055
162.1,4.055
162.1,4.055
162.1,4.055
162.1,4.055
162.1,4.055
162.1,4.055
162.1,4.055
162.1,4.055
162.1,4.055
162.1,4.055
162.2,4.055
162.2,4.055
162.2,4.055
162.2,4.055
162.2,4.055
162.2,4.055
162.3,4.055
162.3,4.055
162.3,4.055
162.3,4.055
162.3,4.055
162.3,4.055
162.3,4.055
162.3,4.055
162.3,4.055
162.3,4.055
162.3,4.055
162.4,4.055
162.4,4.055
162.4,4.055
162.4,4.055
162.4,4.055
162.4,4.055
162.4,4.055
162.4,4.055
162.4,4.055
162.4,4.055
162.4,4.055
162.4,4.055
162.5,4.055
162.5,4.055
162.5,4.055
162.5,4.055
162.5,4.055
162.5,4.055
162.5,4.055
162.5,4.055
162.5,4.055
162.5,4.055
162.6,4.055
162.6,4.055
162.6,4.055
162.6,4.055
162.6,4.055
162.6,4.055
162.6,4.055
162.6,4.055
162.6,4.055
162.6,4.055
162.6,4.055
162.6,4.055
162.6,4.055
162.6,4.055
162.6,4.055
162.7,4.055
162.8,4.055
162.7,4.055
162.7,4.055
162.7,4.055
162.7,4.055
162.8,4.055
162.8,4.055
162.8,4.055
162.8,4.055
162.8,4.055
162.8,4.055
162.8,4.055
162.9,4.055
162.9,4.055
162.9,4.055
162.9,4.055
162.9,4.055
162.9,4.055
162.9,4.055
162.9,4.055
162.9,4.055
162.9,4.055
162.9,4.055
163.0,4.055
163.0,4.055
163.0,4.055
163.0,4.055
163.0,4.055
163.0,4.055
163.0,4.055
163.0,4.055
163.0,4.055
163.0,4.055
163.0,4.055
163.1,4.055
163.1,4.055
163.1,4.055
163.1,4.055
163.1,4.055
163.1,4.055
163.1,4.055
163.1,4.055
163.1,4.055
163.2,4.055
163.2,4.055
163.2,4.055
163.2,4.055
163.2,4.055
163.2,4.055
163.2,4.055
163.2,4.055
163.2,4.055
163.2,4.055
163.2,4.055
163.2,4.055
163.3,4.055
163.3,4.055
163.3,4.055
163.3,4.055
163.3,4.055
163.3,4.055
163.3,4.055
163.4,4.055
163.4,4.055
163.4,4.055
163.5,4.055
163.4,4.055
163.4,4.055
163.4,4.055
163.4,4.055
163.4,4.055
163.5,4.055
163.5,4.055
163.5,4.055
163.5,4.055
163.5,4.055
163.5,4.055
163.5,4.055
163.6,4.055
163.6,4.055
163.6,4.055
163.6,4.055
163.6,4.055
163.6,4.055
163.6,4.055
163.6,4.055
163.6,4.055
163.6,4.055
163.7,4.055
163.7,4.055
163.7,4.055
163.7,4.055
163.7,4.055
163.7,4.055
163.7,4.055
163.7,4.055
163.7,4.060
163.7,4.060
163.7,4.060
163.8,4.060
163.8,4.060
163.8,4.060
163.8,4.060
163.8,4.060
163.8,4.060
163.8,4.060
163.8,4.060
163.8,4.060
163.8,4.060
163.9,4.060
163.9,4.060
163.9,4.060
163.9,4.060
163.9,4.060
163.9,4.060
163.9,4.060
163.9,4.060
163.9,4.060
163.9,4.060
163.9,4.060
163.9,4.060
163.9,4.060
163.9,4.060
164.0,4.060
164.1,4.060
164.1,4.060
164.0,4.060
164.0,4.060
164.1,4.060
164.1,4.060
164.1,4.060
164.1,4.060
164.1,4.060
164.1,4.060
164.2,4.060
164.2,4.060
164.2,4.060
164.2,4.060
164.2,4.060
164.2,4.060
164.2,4.060
164.2,4.060
164.2,4.060
164.2,4.060
164.2,4.060
164.2,4.060
164.3,4.060
164.3,4.060
164.3,4.060
164.3,4.060
164.3,4.060
164.3,4.060
164.4,4.060
164.4,4.060
164.4,4.060
164.4,4.060
164.4,4.060
164.4,4.060
164.4,4.060
164.4,4.060
164.4,4.060
164.4,4.060
164.4,4.060
164.5,4.060
164.5,4.060
164.5,4.060
164.5,4.060
164.5,4.060
164.5,4.060
164.5,4.060
164.5,4.060
164.5,4.060
164.5,4.060
164.6,4.060
164.6,4.060
164.6,4.060
164.6,4.060
164.6,4.060
164.6,4.060
164.6,4.060
164.6,4.060
164.6,4.060
164.6,4.060
164.7,4.060
164.7,4.060
164.7,4.060
164.7,4.060
164.7,4.060
164.7,4.060
164.7,4.060
164.7,4.060
164.7,4.060
164.8,4.060
164.8,4.060
164.8,4.060
164.8,4.060
164.8,4.060
164.8,4.060
164.8,4.060
164.8,4.060
164.8,4.060
164.8,4.060
164.8,4.060
164.8,4.060
164.9,4.060
164.9,4.060
164.9,4.060
164.9,4.060
164.9,4.060
165.0,4.060
165.0,4.060
165.0,4.060
165.0,4.060
165.0,4.060
165.0,4.060
165.1,4.060
165.1,4.060
165.1,4.060
165.1,4.060
165.1,4.060
165.1,4.060
165.1,4.060
165.1,4.060
165.1,4.060
165.1,4.060
165.1,4.060
165.2,4.060
165.2,4.060
165.2,4.060
165.2,4.060
165.2,4.060
165.2,4.060
165.2,4.060
165.2,4.060
165.2,4.060
165.3,4.060
165.3,4.060
165.3,4.060
165.3,4.060
165.3,4.060
165.3,4.060
165.3,4.060
165.3,4.060
165.4,4.060
165.4,4.060
165.4,4.060
165.4,4.060
165.4,4.060
165.4,4.060
165.4,4.060
165.4,4.060
165.4,4.060
165.4,4.060
165.4,4.060
165.4,4.060
165.4,4.060
165.4,4.060
165.4,4.060
165.4,4.060
165.5,4.060
165.5,4.060
165.5,4.060
165.5,4.060
165.5,4.060
165.5,4.060
165.5,4.060
165.5,4.060
165.6,4.060
165.6,4.060
165.6,4.060
165.6,4.060
165.6,4.060
165.6,4.060
165.6,4.060
165.7,4.060
165.7,4.060
165.7,4.060
165.7,4.060
165.7,4.060
165.7,4.060
165.7,4.065
165.7,4.065
165.7,4.065
165.7,4.065
165.7,4.065
165.7,4.065
165.8,4.065
165.8,4.065
165.8,4.065
165.8,4.065
165.8,4.065
165.8,4.065
165.8,4.065
165.8,4.065
165.8,4.065
165.8,4.065
165.8,4.065
165.9,4.065
165.9,4.065
165.9,4.065
165.9,4.065
165.9,4.065
165.9,4.065
165.9,4.065
165.9,4.065
165.9,4.065
166.0,4.065
166.0,4.065
166.0,4.065
166.0,4.065
166.0,4.065
166.0,4.065
166.0,4.065
166.0,4.065
166.0,4.065
166.0,4.065
166.0,4.065
166.1,4.065
166.1,4.065
166.1,4.065
166.1,4.065
166.1,4.065
166.1,4.065
166.1,4.065
166.1,4.065
166.1,4.065
166.2,4.065
166.2,4.065
166.2,4.065
166.2,4.065
166.2,4.065
166.2,4.065
166.2,4.065
166.2,4.065
166.3,4.065
166.3,4.065
166.3,4.065
166.3,4.065
166.3,4.065
166.3,4.065
166.3,4.065
166.3,4.065
166.4,4.065
166.4,4.065
166.4,4.065
166.4,4.065
166.4,4.065
166.4,4.065
166.4,4.065
166.4,4.065
166.4,4.065
166.4,4.065
166.4,4.065
166.5,4.065
166.5,4.065
166.5,4.065
166.5,4.065
166.5,4.065
166.5,4.065
166.5,4.065
166.5,4.065
166.5,4.065
166.5,4.065
166.5,4.065
166.5,4.065
166.5,4.065
166.5,4.065
166.5,4.065
166.5,4.065
166.5,4.065
166.6,4.065
166.6,4.065
166.6,4.065
166.6,4.065
166.6,4.065
166.6,4.065
166.6,4.065
166.7,4.065
166.7,4.065
166.7,4.065
166.7,4.065
166.7,4.065
166.7,4.065
166.7,4.065
166.7,4.065
166.7,4.065
166.7,4.065
166.7,4.065
166.7,4.065
166.7,4.065
166.7,4.065
166.7,4.065
166.8,4.065
166.8,4.065
166.8,4.065
166.8,4.065
166.8,4.065
166.8,4.065
166.8,4.065
166.8,4.065
166.8,4.065
166.8,4.065
166.8,4.065
166.8,4.065
166.8,4.065
166.8,4.065
166.9,4.065
166.9,4.065
166.9,4.065
166.9,4.065
166.9,4.065
166.9,4.065
166.9,4.065
166.9,4.065
166.9,4.065
167.0,4.065
167.0,4.065
167.0,4.065
167.0,4.065
167.0,4.065
167.0,4.065
167.0,4.065
167.0,4.065
167.0,4.065
167.1,4.065
167.1,4.065
167.1,4.065
167.1,4.065
167.1,4.065
167.1,4.065
167.1,4.065
167.1,4.065
167.1,4.065
167.1,4.065
167.1,4.065
167.1,4.065
167.1,4.065
167.2,4.065
167.2,4.065
167.2,4.065
167.2,4.065
167.2,4.065
167.2,4.065
167.2,4.065
167.2,4.065
167.2,4.065
167.2,4.065
167.2,4.065
167.2,4.065
167.2,4.065
167.2,4.065
167.2,4.065
167.3,4.065
167.3,4.065
167.3,4.065
167.3,4.065
167.3,4.065
167.3,4.065
167.3,4.065
167.3,4.065
167.3,4.065
167.4,4.065
167.4,4.065
167.4,4.065
167.4,4.065
167.4,4.065
167.4,4.065
167.4,4.065
167.5,4.065
167.5,4.065
167.5,4.065
167.5,4.065
167.5,4.065
167.5,4.065
167.5,4.065
167.5,4.065
167.5,4.065
167.5,4.065
167.6,4.065
167.6,4.065
167.6,4.065
167.6,4.065
167.6,4.065
167.6,4.065
167.6,4.065
167.6,4.065
167.7,4.065
167.7,4.065
167.7,4.065
167.7,4.065
167.7,4.065
167.7,4.065
167.7,4.065
167.7,4.065
167.7,4.065
167.7,4.065
167.7,4.065
167.7,4.065
167.7,4.065
167.7,4.065
167.7,4.065
167.8,4.065
167.8,4.065
167.8,4.065
167.8,4.065
167.8,4.065
167.8,4.065
167.8,4.065
167.8,4.065
167.8,4.065
167.8,4.070
167.8,4.070
167.8,4.070
167.9,4.070
167.9,4.070
167.9,4.070
167.9,4.070
167.9,4.070
167.9,4.070
167.9,4.070
167.9,4.070
167.9,4.070
167.9,4.070
167.9,4.070
167.9,4.070
168.0,4.070
168.0,4.070
168.0,4.070
168.0,4.070
168.0,4.070
168.0,4.070
168.0,4.070
168.1,4.070
168.1,4.070
168.1,4.070
168.1,4.070
168.1,4.070
168.1,4.070
168.1,4.070
168.1,4.070
168.1,4.070
168.1,4.070
168.2,4.070
168.2,4.070
168.2,4.070
168.2,4.070
168.2,4.070
168.2,4.070
168.2,4.070
168.2,4.070
168.2,4.070
168.2,4.070
168.2,4.070
168.2,4.070
168.2,4.070
168.2,4.070
168.3,4.070
168.3,4.070
168.3,4.070
168.3,4.070
168.3,4.070
168.3,4.070
168.3,4.070
168.3,4.070
168.3,4.070
168.3,4.070
168.4,4.070
168.4,4.070
168.4,4.070
168.4,4.070
168.4,4.070
168.4,4.070
168.4,4.070
168.4,4.070
168.4,4.070
168.4,4.070
168.4,4.070
168.4,4.070
168.4,4.070
168.4,4.070
168.4,4.070
168.4,4.070
168.4,4.070
168.4,4.070
168.4,4.070
168.4,4.070
168.5,4.070
168.5,4.070
168.5,4.070
168.5,4.070
168.5,4.070
168.5,4.070
168.5,4.070
168.5,4.070
168.5,4.070
168.5,4.070
168.5,4.070
168.5,4.070
168.5,4.070
168.5,4.070
168.5,4.070
168.5,4.070
168.6,4.070
168.6,4.070
168.6,4.070
168.6,4.070
168.6,4.070
168.6,4.070
168.6,4.070
168.6,4.070
168.6,4.070
168.6,4.070
168.6,4.070
168.7,4.070
168.7,4.070
168.7,4.070
168.7,4.070
168.7,4.070
168.7,4.070
168.7,4.070
168.7,4.070
168.7,4.070
168.7,4.070
168.7,4.070
168.7,4.070
168.7,4.070
168.7,4.070
168.7,4.070
168.7,4.070
168.7,4.070
168.7,4.070
168.7,4.070
168.8,4.070
168.8,4.070
168.8,4.070
168.8,4.070
168.8,4.070
168.8,4.070
168.8,4.070
168.8,4.070
168.8,4.070
168.9,4.070
168.9,4.070
168.9,4.070
168.9,4.070
168.9,4.070
168.9,4.070
168.9,4.070
168.9,4.070
168.9,4.070
168.9,4.070
168.9,4.070
168.9,4.070
168.9,4.070
168.9,4.070
168.9,4.070
168.9,4.070
168.9,4.070
168.9,4.070
168.9,4.070
169.0,4.070
169.0,4.070
169.0,4.070
169.0,4.070
169.1,4.070
169.1,4.070
169.1,4.070
169.1,4.070
169.1,4.070
169.1,4.070
169.1,4.070
169.1,4.070
169.1,4.070
169.1,4.070
169.1,4.070
169.1,4.070
169.1,4.070
169.1,4.070
169.1,4.070
169.1,4.070
169.2,4.070
169.2,4.070
169.2,4.070
169.2,4.070
169.2,4.070
169.2,4.070
169.2,4.070
169.2,4.070
169.2,4.070
169.3,4.070
169.3,4.070
169.3,4.070
169.3,4.070
169.3,4.070
169.3,4.070
169.3,4.070
169.3,4.070
169.3,4.070
169.3,4.070
169.3,4.070
169.3,4.070
169.4,4.070
169.4,4.070
169.4,4.070
169.4,4.070
169.4,4.070
169.4,4.070
169.4,4.070
169.4,4.070
169.4,4.070
169.4,4.070
169.4,4.070
169.4,4.070
169.5,4.070
169.5,4.070
169.5,4.070
169.5,4.070
169.5,4.070
169.5,4.070
169.5,4.070
169.5,4.070
169.5,4.070
169.5,4.070
169.5,4.070
169.5,4.070
169.6,4.070
169.6,4.070
169.6,4.070
169.6,4.070
169.6,4.070
169.6,4.070
169.6,4.070
169.6,4.070
169.6,4.070
169.6,4.070
169.6,4.070
169.6,4.070
169.6,4.070
169.6,4.070
169.6,4.070
169.7,4.070
169.7,4.070
169.7,4.070
169.7,4.070
169.7,4.070
169.7,4.070
169.7,4.070
169.7,4.070
169.7,4.070
169.7,4.070
169.7,4.070
169.7,4.070
169.7,4.070
169.7,4.070
169.8,4.070
169.8,4.070
169.8,4.070
169.8,4.070
169.8,4.070
169.8,4.070
169.8,4.070
169.8,4.070
169.8,4.070
169.9,4.070
169.9,4.070
169.9,4.070
169.9,4.070
169.9,4.070
169.9,4.070
169.9,4.070
169.9,4.070
169.9,4.070
169.9,4.075
169.9,4.075
169.9,4.075
169.9,4.075
169.9,4.075
170.0,4.075
170.0,4.075
170.0,4.075
170.0,4.075
170.0,4.075
170.0,4.075
170.0,4.075
170.0,4.075
170.0,4.075
170.0,4.075
170.0,4.075
170.0,4.075
170.0,4.075
170.0,4.075
170.1,4.075
170.1,4.075
170.1,4.075
170.1,4.075
170.1,4.075
170.1,4.075
170.1,4.075
170.1,4.075
170.1,4.075
170.1,4.075
170.2,4.075
170.2,4.075
170.2,4.075
170.2,4.075
170.2,4.075
170.2,4.075
170.2,4.075
170.2,4.075
170.2,4.075
170.2,4.075
170.2,4.075
170.2,4.075
170.2,4.075
170.2,4.075
170.2,4.075
170.3,4.075
170.3,4.075
170.3,4.075
170.3,4.075
170.3,4.075
170.3,4.075
170.3,4.075
170.3,4.075
170.3,4.075
170.3,4.075
170.3,4.075
170.3,4.075
170.3,4.075
170.3,4.075
170.3,4.075
170.3,4.075
170.4,4.075
170.4,4.075
170.4,4.075
170.4,4.075
170.4,4.075
170.4,4.075
170.4,4.075
170.4,4.075
170.4,4.075
170.4,4.075
170.4,4.075
170.4,4.075
170.5,4.075
170.5,4.075
170.5,4.075
170.5,4.075
170.5,4.075
170.5,4.075
170.5,4.075
170.5,4.075
170.5,4.075
170.5,4.075
170.5,4.075
170.5,4.075
170.5,4.075
170.5,4.075
170.5,4.075
170.6,4.075
170.6,4.075
170.6,4.075
170.6,4.075
170.6,4.075
170.6,4.075
170.6,4.075
170.6,4.075
170.6,4.075
170.6,4.075
170.6,4.075
170.6,4.075
170.6,4.075
170.6,4.075
170.6,4.075
170.6,4.075
170.6,4.075
170.6,4.075
170.6,4.075
170.7,4.075
170.7,4.075
170.7,4.075
170.7,4.075
170.7,4.075
170.7,4.075
170.7,4.075
170.7,4.075
170.8,4.075
170.8,4.075
170.8,4.075
170.8,4.075
170.8,4.075
170.8,4.075
170.8,4.075
170.8,4.075
170.8,4.075
170.8,4.075
170.8,4.075
170.8,4.075
170.8,4.075
170.8,4.075
170.8,4.075
170.8,4.075
170.8,4.075
170.8,4.075
170.8,4.075
170.8,4.075
170.8,4.075
170.8,4.075
170.9,4.075
170.9,4.075
170.9,4.075
170.9,4.075
170.9,4.075
170.9,4.075
171.0,4.075
171.0,4.075
171.0,4.075
171.0,4.075
171.0,4.075
171.0,4.075
171.0,4.075
171.0,4.075
171.1,4.075
171.1,4.075
171.1,4.075
171.1,4.075
171.1,4.075
171.1,4.075
171.1,4.075
171.1,4.075
171.1,4.075
171.1,4.075
171.1,4.075
171.1,4.075
171.2,4.075
171.2,4.075
171.1,4.075
171.1,4.075
171.2,4.075
171.2,4.075
171.2,4.075
171.2,4.075
171.2,4.075
171.2,4.075
171.2,4.075
171.2,4.075
171.2,4.075
171.2,4.075
171.2,4.075
171.2,4.075
171.3,4.075
171.3,4.075
171.3,4.075
171.3,4.075
171.3,4.075
171.3,4.075
171.3,4.075
171.3,4.075
171.3,4.075
171.4,4.075
171.4,4.075
171.4,4.075
171.4,4.075
171.4,4.075
171.4,4.075
171.4,4.075
171.4,4.075
171.4,4.075
171.4,4.075
171.4,4.075
171.4,4.075
171.4,4.075
171.4,4.075
171.4,4.075
171.4,4.075
171.5,4.075
171.5,4.075
171.5,4.075
171.5,4.075
171.5,4.075
171.5,4.075
171.5,4.075
171.5,4.075
171.5,4.075
171.6,4.075
171.6,4.075
171.6,4.075
171.6,4.075
171.6,4.075
171.6,4.075
171.6,4.075
171.6,4.075
171.6,4.075
171.6,4.075
171.6,4.075
171.7,4.075
171.7,4.075
171.7,4.075
171.7,4.075
171.7,4.075
171.7,4.075
171.7,4.075
171.7,4.075
171.7,4.075
171.8,4.075
171.8,4.075
171.8,4.075
171.8,4.075
171.8,4.075
171.8,4.075
171.8,4.075
171.8,4.075
171.8,4.075
171.8,4.075
171.8,4.075
171.8,4.075
171.8,4.075
171.8,4.075
171.8,4.075
171.9,4.075
171.9,4.075
171.9,4.075
171.9,4.075
171.9,4.075
171.9,4.075
171.9,4.075
171.9,4.075
171.9,4.075
171.9,4.075
171.9,4.075
171.9,4.075
172.0,4.080
172.0,4.080
172.0,4.080
172.0,4.080
172.0,4.080
172.1,4.080
172.1,4.080
172.1,4.080
172.2,4.080
172.2,4.080
172.2,4.080
172.2,4.080
172.2,4.080
172.2,4.080
172.2,4.080
172.2,4.080
172.2,4.080
172.2,4.080
172.2,4.080
172.2,4.080
172.2,4.080
172.2,4.080
172.2,4.080
172.3,4.080
172.3,4.080
172.3,4.080
172.3,4.080
172.3,4.080
172.3,4.080
172.3,4.080
172.3,4.080
172.3,4.080
172.3,4.080
172.4,4.080
172.4,4.080
172.4,4.080
172.4,4.080
172.4,4.080
172.4,4.080
172.4,4.080
172.5,4.080
172.5,4.080
172.5,4.080
172.5,4.080
172.5,4.080
172.5,4.080
172.5,4.080
172.5,4.080
172.5,4.080
172.5,4.080
172.5,4.080
172.6,4.080
172.6,4.080
172.6,4.080
172.6,4.080
172.6,4.080
172.6,4.080
172.6,4.080
172.7,4.080
172.7,4.080
172.7,4.080
172.7,4.080
172.7,4.080
172.7,4.080
172.8,4.080
172.8,4.080
172.8,4.080
172.8,4.080
172.8,4.080
172.9,4.080
172.9,4.080
172.9,4.080
172.9,4.080
172.9,4.080
172.9,4.080
172.9,4.080
172.9,4.080
172.9,4.080
173.0,4.080
173.0,4.080
173.0,4.080
173.0,4.080
173.0,4.080
173.0,4.080
173.0,4.080
173.0,4.080
173.0,4.080
173.0,4.080
173.0,4.080
173.0,4.080
173.0,4.080
173.0,4.080
173.1,4.080
173.1,4.080
173.1,4.080
173.1,4.080
173.2,4.080
173.2,4.080
173.2,4.080
173.2,4.080
173.3,4.080
173.3,4.080
173.3,4.080
173.3,4.080
173.3,4.080
173.3,4.080
173.3,4.080
173.3,4.080
173.4,4.080
173.4,4.080
173.4,4.080
173.4,4.080
173.4,4.080
173.4,4.080
173.4,4.080
173.4,4.080
173.5,4.080
173.5,4.080
173.5,4.080
173.5,4.080
173.5,4.080
173.5,4.080
173.5,4.080
173.5,4.080
173.6,4.080
173.6,4.080
173.6,4.080
173.6,4.080
173.6,4.080
173.6,4.080
173.6,4.080
173.6,4.080
173.7,4.080
173.7,4.080
173.7,4.080
173.8,4.080
173.8,4.080
173.8,4.080
173.8,4.080
173.8,4.080
173.8,4.080
173.8,4.080
173.8,4.080
173.8,4.080
173.8,4.080
173.8,4.080
173.8,4.080
173.9,4.080
173.9,4.080
173.9,4.080
173.9,4.080
173.9,4.080
173.9,4.080
174.0,4.080
174.0,4.080
174.0,4.080
174.0,4.080
174.0,4.080
174.0,4.080
174.0,4.080
174.1,4.080
174.1,4.080
174.1,4.080
174.1,4.080
174.1,4.080
174.1,4.080
174.1,4.080
174.1,4.080
174.1,4.080
174.1,4.080
174.1,4.080
174.2,4.080
174.2,4.080
174.2,4.080
174.2,4.080
174.2,4.080
174.2,4.080
174.2,4.080
174.2,4.080
174.2,4.080
174.3,4.080
174.3,4.080
174.3,4.080
174.3,4.080
174.3,4.085
174.3,4.085
174.4,4.085
174.4,4.085
174.4,4.085
174.4,4.085
174.4,4.085
174.4,4.085
174.4,4.085
174.4,4.085
174.4,4.085
174.4,4.085
174.5,4.085
174.5,4.085
174.5,4.085
174.5,4.085
174.5,4.085
174.6,4.085
174.6,4.085
174.6,4.085
174.6,4.085
174.6,4.085
174.7,4.085
174.7,4.085
174.7,4.085
174.7,4.085
174.7,4.085
174.7,4.085
174.7,4.085
174.7,4.085
174.8,4.085
174.8,4.085
174.9,4.085
174.8,4.085
174.8,4.085
174.8,4.085
174.8,4.085
174.8,4.085
174.9,4.085
174.9,4.085
174.9,4.085
174.9,4.085
174.9,4.085
174.9,4.085
174.9,4.085
174.9,4.085
174.9,4.085
175.0,4.085
175.0,4.085
175.1,4.085
175.1,4.085
175.1,4.085
175.1,4.085
175.1,4.085
175.1,4.085
175.1,4.085
175.1,4.085
175.1,4.085
175.2,4.085
175.2,4.085
175.2,4.085
175.2,4.085
175.2,4.085
175.2,4.085
175.2,4.085
175.2,4.085
175.2,4.085
175.2,4.085
175.3,4.085
175.3,4.085
175.3,4.085
175.4,4.085
175.4,4.085
175.4,4.085
175.4,4.085
175.4,4.085
175.4,4.085
175.4,4.085
175.4,4.085
175.5,4.085
175.5,4.085
175.5,4.085
175.5,4.085
175.5,4.085
175.5,4.085
175.5,4.085
175.5,4.085
175.5,4.085
175.5,4.085
175.5,4.085
175.5,4.085
175.6,4.085
175.6,4.085
175.6,4.085
175.6,4.085
175.6,4.085
175.6,4.085
175.6,4.085
175.6,4.085
175.6,4.085
175.7,4.085
175.7,4.085
175.8,4.085
175.7,4.085
175.7,4.085
175.7,4.085
175.8,4.085
175.8,4.085
175.8,4.085
175.8,4.085
175.8,4.085
175.8,4.085
175.8,4.085
175.8,4.085
175.8,4.085
175.8,4.085
175.8,4.085
175.8,4.085
175.8,4.085
175.9,4.085
175.9,4.085
175.9,4.085
176.0,4.085
176.0,4.085
176.0,4.085
176.0,4.085
176.0,4.085
176.0,4.085
176.0,4.085
176.0,4.085
176.0,4.085
176.0,4.085
176.0,4.085
176.0,4.085
176.0,4.085
176.0,4.085
176.0,4.085
176.0,4.085
176.1,4.085
176.1,4.085
176.1,4.085
176.1,4.085
176.1,4.085
176.1,4.085
176.1,4.085
176.1,4.085
176.2,4.085
176.2,4.085
176.2,4.085
176.2,4.085
176.2,4.085
176.2,4.085
176.2,4.085
176.2,4.085
176.2,4.085
176.2,4.085
176.2,4.085
176.2,4.085
176.2,4.085
176.2,4.085
176.3,4.085
176.3,4.085
176.3,4.085
176.3,4.085
176.3,4.085
176.3,4.085
176.3,4.085
176.3,4.085
176.3,4.085
176.4,4.085
176.4,4.085
176.4,4.085
176.4,4.085
176.4,4.085
176.4,4.085
176.4,4.085
176.4,4.085
176.4,4.085
176.4,4.085
176.4,4.085
176.4,4.085
176.4,4.085
176.4,4.085
176.4,4.085
176.4,4.085
176.5,4.085
176.5,4.085
176.5,4.085
176.5,4.085
176.5,4.085
176.5,4.085
176.5,4.085
176.6,4.085
176.6,4.085
176.6,4.085
176.6,4.085
176.6,4.085
176.6,4.085
176.6,4.085
176.6,4.085
176.6,4.085
176.6,4.085
176.6,4.090
176.6,4.090
176.6,4.090
176.7,4.090
176.7,4.090
176.7,4.090
176.7,4.090
176.7,4.090
176.7,4.090
176.7,4.090
176.7,4.090
176.7,4.090
176.7,4.090
176.8,4.090
176.8,4.090
176.8,4.090
176.8,4.090
176.8,4.090
176.8,4.090
176.8,4.090
176.8,4.090
176.8,4.090
176.8,4.090
176.8,4.090
176.8,4.090
176.8,4.090
176.9,4.090
176.9,4.090
176.9,4.090
176.9,4.090
176.9,4.090
176.9,4.090
176.9,4.090
176.9,4.090
176.9,4.090
176.9,4.090
176.9,4.090
177.0,4.090
177.0,4.090
177.0,4.090
177.0,4.090
177.0,4.090
177.0,4.090
177.0,4.090
177.0,4.090
177.0,4.090
177.1,4.090
177.1,4.090
177.1,4.090
177.1,4.090
177.1,4.090
177.1,4.090
177.1,4.090
177.1,4.090
177.1,4.090
177.1,4.090
177.1,4.090
177.2,4.090
177.2,4.090
177.2,4.090
177.2,4.090
177.2,4.090
177.2,4.090
177.2,4.090
177.2,4.090
177.2,4.090
177.2,4.090
177.2,4.090
177.2,4.090
177.2,4.090
177.2,4.090
177.2,4.090
177.3,4.090
177.3,4.090
177.3,4.090
177.3,4.090
177.3,4.090
177.3,4.090
177.3,4.090
177.3,4.090
177.3,4.090
177.3,4.090
177.3,4.090
177.3,4.090
177.3,4.090
177.4,4.090
177.4,4.090
177.4,4.090
177.4,4.090
177.4,4.090
177.4,4.090
177.4,4.090
177.4,4.090
177.4,4.090
177.4,4.090
177.4,4.090
177.4,4.090
177.4,4.090
177.4,4.090
177.4,4.090
177.4,4.090
177.4,4.090
177.4,4.090
177.5,4.090
177.5,4.090
177.5,4.090
177.6,4.090
177.5,4.090
177.5,4.090
177.5,4.090
177.6,4.090
177.6,4.090
177.6,4.090
177.6,4.090
177.6,4.090
177.6,4.090
177.6,4.090
177.6,4.090
177.6,4.090
177.6,4.090
177.6,4.090
177.6,4.090
177.6,4.090
177.6,4.090
177.6,4.090
177.6,4.090
177.6,4.090
177.6,4.090
177.6,4.090
177.6,4.090
177.6,4.090
177.6,4.090
177.6,4.090
177.6,4.090
177.6,4.090
177.6,4.090
177.6,4.090
177.6,4.090
177.6,4.090
177.7,4.090
177.7,4.090
177.7,4.090
177.7,4.090
177.7,4.090
177.7,4.090
177.7,4.090
177.7,4.090
177.8,4.090
177.8,4.090
177.8,4.090
177.8,4.090
177.8,4.090
177.8,4.090
177.8,4.090
177.8,4.090
177.8,4.090
177.8,4.090
177.8,4.090
177.8,4.090
177.8,4.090
177.8,4.090
177.8,4.090
177.8,4.090
177.8,4.090
177.8,4.090
177.9,4.090
177.9,4.090
177.9,4.090
177.9,4.090
177.9,4.090
178.0,4.090
177.9,4.090
177.9,4.090
177.9,4.090
177.9,4.090
177.9,4.090
178.0,4.090
178.0,4.090
178.0,4.090
178.0,4.090
178.0,4.090
178.0,4.090
178.0,4.090
178.0,4.090
178.0,4.090
178.0,4.090
178.0,4.090
178.0,4.090
178.0,4.090
178.0,4.090
178.0,4.090
178.0,4.090
178.0,4.090
178.0,4.090
178.0,4.090
178.1,4.090
178.1,4.090
178.1,4.090
178.1,4.090
178.1,4.090
178.1,4.090
178.1,4.090
178.1,4.090
178.1,4.090
178.1,4.090
178.1,4.090
178.1,4.090
178.1,4.090
178.1,4.090
178.2,4.090
178.2,4.090
178.2,4.090
178.2,4.090
178.2,4.090
178.2,4.090
178.2,4.090
178.2,4.090
178.2,4.090
178.3,4.090
178.3,4.090
178.3,4.090
178.3,4.090
178.3,4.090
178.3,4.090
178.3,4.090
178.3,4.090
178.3,4.090
178.3,4.090
178.3,4.090
178.3,4.090
178.3,4.090
178.4,4.090
178.4,4.090
178.4,4.090
178.4,4.090
178.4,4.090
178.5,4.090
178.5,4.090
178.5,4.090
178.5,4.090
178.5,4.090
178.5,4.090
178.5,4.090
178.5,4.090
178.5,4.090
178.5,4.090
178.5,4.090
178.5,4.090
178.5,4.090
178.5,4.090
178.5,4.090
178.5,4.090
178.5,4.090
178.5,4.090
178.5,4.090
178.5,4.090
178.5,4.090
178.5,4.090
178.6,4.090
178.6,4.090
178.6,4.090
178.6,4.090
178.6,4.090
178.6,4.090
178.6,4.090
178.6,4.090
178.6,4.090
178.6,4.090
178.6,4.090
178.6,4.090
178.6,4.090
178.6,4.090
178.6,4.090
178.7,4.090
178.7,4.090
178.7,4.090
178.7,4.090
178.7,4.090
178.7,4.090
178.7,4.090
178.7,4.090
178.7,4.090
178.7,4.090
178.7,4.090
178.7,4.090
178.7,4.090
178.7,4.090
178.7,4.090
178.7,4.090
178.7,4.090
178.7,4.090
178.7,4.095
178.7,4.095
178.7,4.095
178.7,4.095
178.8,4.095
178.8,4.095
178.8,4.095
178.8,4.095
178.8,4.095
178.8,4.095
178.8,4.095
178.8,4.095
178.8,4.095
178.8,4.095
178.8,4.095
178.8,4.095
178.8,4.095
178.9,4.095
178.9,4.095
178.9,4.095
178.9,4.095
178.9,4.095
178.9,4.095
178.9,4.095
178.9,4.095
178.9,4.095
178.9,4.095
178.9,4.095
178.9,4.095
179.0,4.095
179.0,4.095
179.0,4.095
179.0,4.095
179.0,4.095
179.0,4.095
179.0,4.095
179.0,4.095
179.0,4.095
179.0,4.095
179.0,4.095
179.0,4.095
179.0,4.095
179.0,4.095
179.0,4.095
179.0,4.095
179.0,4.095
179.0,4.095
179.0,4.095
179.0,4.095
179.0,4.095
179.0,4.095
179.0,4.095
179.1,4.095
179.1,4.095
179.1,4.095
179.1,4.095
179.1,4.095
179.1,4.095
179.1,4.095
179.1,4.095
179.1,4.095
179.1,4.095
179.1,4.095
179.1,4.095
179.1,4.095
179.1,4.095
179.1,4.095
179.1,4.095
179.1,4.095
179.1,4.095
179.1,4.095
179.2,4.095
179.2,4.095
179.2,4.095
179.2,4.095
179.2,4.095
179.2,4.095
179.2,4.095
179.2,4.095
179.2,4.095
179.2,4.095
179.2,4.095
179.2,4.095
179.2,4.095
179.2,4.095
179.3,4.095
179.3,4.095
179.3,4.095
179.3,4.095
179.3,4.095
179.3,4.095
179.3,4.095
179.3,4.095
179.3,4.095
179.3,4.095
179.3,4.095
179.3,4.095
179.3,4.095
179.3,4.095
179.3,4.095
179.3,4.095
179.4,4.095
179.4,4.095
179.4,4.095
179.4,4.095
179.4,4.095
179.4,4.095
179.4,4.095
179.4,4.095
179.4,4.095
179.4,4.095
179.4,4.095
179.4,4.095
179.4,4.095
179.4,4.095
179.4,4.095
179.4,4.095
179.4,4.095
179.5,4.095
179.5,4.095
179.5,4.095
179.5,4.095
179.5,4.095
179.5,4.095
179.5,4.095
179.5,4.095
179.5,4.095
179.5,4.095
179.5,4.095
179.5,4.095
179.6,4.095
179.6,4.095
179.6,4.095
179.6,4.095
179.6,4.095
179.6,4.095
179.6,4.095
179.6,4.095
179.6,4.095
179.6,4.095
179.6,4.095
179.6,4.095
179.6,4.095
179.6,4.095
179.7,4.095
179.7,4.095
179.7,4.095
179.7,4.095
179.7,4.095
179.7,4.095
179.7,4.095
179.7,4.095
179.7,4.095
179.7,4.095
179.7,4.095
179.7,4.095
179.7,4.095
179.7,4.095
179.7,4.095
179.7,4.095
179.8,4.095
179.8,4.095
179.8,4.095
179.8,4.095
179.8,4.095
179.8,4.095
179.8,4.095
179.8,4.095
179.8,4.095
179.9,4.095
179.9,4.095
179.9,4.095
179.9,4.095
179.9,4.095
179.9,4.095
179.9,4.095
179.9,4.095
179.9,4.095
179.9,4.095
179.9,4.095
179.9,4.095
180.0,4.095
180.0,4.095
180.0,4.095
180.0,4.095
180.0,4.095
180.0,4.095
180.0,4.095
180.0,4.095
180.1,4.095
180.1,4.095
180.1,4.095
180.1,4.095
180.1,4.095
180.1,4.095
180.1,4.095
180.1,4.095
180.2,4.095
180.2,4.095
180.2,4.095
180.2,4.095
180.2,4.095
180.2,4.095
180.2,4.095
180.2,4.095
180.2,4.095
180.2,4.095
180.3,4.095
180.3,4.095
180.3,4.095
180.3,4.095
180.3,4.095
180.3,4.095
180.3,4.095
180.3,4.095
180.4,4.095
180.5,4.095
180.5,4.095
180.5,4.095
180.5,4.095
180.5,4.095
180.5,4.095
180.5,4.095
180.5,4.095
180.5,4.095
180.5,4.095
180.5,4.095
180.5,4.095
180.6,4.095
180.6,4.095
180.6,4.095
180.6,4.095
180.6,4.095
180.6,4.095
180.6,4.095
180.6,4.095
180.7,4.095
180.7,4.095
180.7,4.095
180.7,4.095
180.7,4.095
180.7,4.095
180.8,4.095
180.8,4.095
180.8,4.095
180.8,4.095
180.8,4.095
180.8,4.095
180.8,4.095
180.9,4.095
180.9,4.095
180.9,4.095
180.9,4.095
180.9,4.095
180.9,4.095
181.0,4.095
181.0,4.095
181.0,4.095
181.1,4.100
181.1,4.100
181.1,4.100
181.1,4.100
181.1,4.100
181.1,4.100
181.1,4.100
181.1,4.100
181.1,4.100
181.1,4.100
181.2,4.100
181.2,4.100
181.2,4.100
181.3,4.100
181.2,4.100
181.3,4.100
181.3,4.100
181.3,4.100
181.3,4.100
181.3,4.100
181.3,4.100
181.3,4.100
181.4,4.100
181.4,4.100
181.4,4.100
181.4,4.100
181.4,4.100
181.4,4.100
181.4,4.100
181.4,4.100
181.4,4.100
181.4,4.100
181.5,4.100
181.5,4.100
181.5,4.100
181.5,4.100
181.5,4.100
181.5,4.100
181.5,4.100
181.5,4.100
181.6,4.100
181.6,4.100
181.6,4.100
181.6,4.100
181.6,4.100
181.6,4.100
181.6,4.100
181.6,4.100
181.6,4.100
181.7,4.100
181.7,4.100
181.7,4.100
181.7,4.100
181.8,4.100
181.8,4.100
181.8,4.100
181.8,4.100
181.8,4.100
181.8,4.100
181.8,4.100
181.8,4.100
181.8,4.100
181.8,4.100
181.8,4.100
181.9,4.100
181.9,4.100
182.0,4.100
182.0,4.100
182.0,4.100
182.0,4.100
182.0,4.100
182.1,4.100
182.1,4.100
182.1,4.100
182.1,4.100
182.1,4.100
182.1,4.100
182.1,4.100
182.1,4.100
182.1,4.100
182.1,4.100
182.2,4.100
182.2,4.100
182.2,4.100
182.2,4.100
182.2,4.100
182.2,4.100
182.2,4.100
182.2,4.100
182.2,4.100
182.2,4.100
182.2,4.100
182.2,4.100
182.2,4.100
182.3,4.100
182.3,4.100
182.3,4.100
182.3,4.100
182.3,4.100
182.3,4.100
182.4,4.100
182.4,4.100
182.4,4.100
182.4,4.100
182.4,4.100
182.4,4.100
182.5,4.100
182.5,4.100
182.5,4.100
182.5,4.100
182.5,4.100
182.5,4.100
182.5,4.100
182.5,4.100
182.5,4.100
182.6,4.100
182.6,4.100
182.6,4.100
182.6,4.100
182.6,4.100
182.6,4.100
182.6,4.100
182.6,4.100
182.7,4.100
182.7,4.100
182.7,4.100
182.7,4.100
182.7,4.100
182.7,4.100
182.7,4.100
182.7,4.100
182.7,4.100
182.8,4.100
182.7,4.100
182.8,4.100
182.8,4.100
182.8,4.100
182.9,4.100
182.9,4.100
182.9,4.100
182.9,4.100
182.9,4.100
182.9,4.100
182.9,4.100
182.9,4.100
182.9,4.100
182.9,4.100
182.9,4.100
182.9,4.100
183.0,4.100
183.0,4.100
183.0,4.100
183.0,4.100
183.0,4.100
183.0,4.100
183.0,4.100
183.0,4.100
183.1,4.100
183.1,4.100
183.1,4.100
183.1,4.100
183.1,4.100
183.1,4.100
183.1,4.100
183.1,4.100
183.1,4.100
183.1,4.100
183.1,4.100
183.1,4.100
183.2,4.100
183.2,4.100
183.2,4.100
183.2,4.100
183.2,4.100
183.2,4.100
183.2,4.100
183.3,4.100
183.3,4.100
183.3,4.100
183.3,4.100
183.3,4.100
183.3,4.100
183.3,4.100
183.3,4.100
183.3,4.100
183.3,4.100
183.3,4.100
183.3,4.100
183.3,4.100
183.3,4.100
183.3,4.100
183.3,4.100
183.3,4.100
183.4,4.100
183.4,4.100
183.4,4.100
183.5,4.100
183.5,4.100
183.5,4.100
183.5,4.100
183.5,4.100
183.5,4.100
183.5,4.100
183.5,4.100
183.5,4.100
183.5,4.100
183.5,4.100
183.5,4.105
183.5,4.105
183.5,4.105
183.5,4.105
183.5,4.105
183.5,4.105
183.5,4.105
183.5,4.105
183.5,4.105
183.5,4.105
183.5,4.105
183.5,4.105
183.6,4.105
183.6,4.105
183.6,4.105
183.6,4.105
183.6,4.105
183.6,4.105
183.6,4.105
183.6,4.105
183.6,4.105
183.6,4.105
183.6,4.105
183.6,4.105
183.6,4.105
183.6,4.105
183.6,4.105
183.7,4.105
183.7,4.105
183.7,4.105
183.7,4.105
183.7,4.105
183.7,4.105
183.7,4.105
183.7,4.105
183.7,4.105
183.7,4.105
183.7,4.105
183.7,4.105
183.7,4.105
183.7,4.105
183.7,4.105
183.7,4.105
183.7,4.105
183.7,4.105
183.7,4.105
183.7,4.105
183.7,4.105
183.7,4.105
183.8,4.105
183.8,4.105
183.8,4.105
183.8,4.105
183.8,4.105
183.8,4.105
183.8,4.105
183.8,4.105
183.8,4.105
183.8,4.105
183.8,4.105
183.8,4.105
183.8,4.105
183.8,4.105
183.8,4.105
183.8,4.105
183.8,4.105
183.8,4.105
183.8,4.105
183.8,4.105
183.8,4.105
183.8,4.105
183.8,4.105
183.8,4.105
183.8,4.105
183.8,4.105
183.8,4.105
183.9,4.105
183.9,4.105
183.9,4.105
183.9,4.105
183.9,4.105
183.9,4.105
183.9,4.105
183.9,4.105
183.9,4.105
183.9,4.105
183.9,4.105
183.9,4.105
183.9,4.105
183.9,4.105
183.9,4.105
183.9,4.105
183.9,4.105
183.9,4.105
183.9,4.105
183.9,4.105
183.9,4.105
183.9,4.105
183.9,4.105
183.9,4.105
183.9,4.105
183.9,4.105
183.9,4.105
183.9,4.105
183.9,4.105
183.9,4.105
184.0,4.105
184.0,4.105
184.0,4.105
184.0,4.105
184.0,4.105
184.0,4.105
184.0,4.105
184.0,4.105
184.0,4.105
184.0,4.105
184.0,4.105
184.0,4.105
184.0,4.105
184.0,4.105
184.0,4.105
184.0,4.105
184.0,4.105
184.0,4.105
184.0,4.105
184.0,4.105
184.1,4.105
184.1,4.105
184.1,4.105
184.1,4.105
184.1,4.105
184.1,4.105
184.1,4.105
184.1,4.105
184.1,4.105
184.1,4.105
184.1,4.105
184.1,4.105
184.1,4.105
184.1,4.105
184.1,4.105
184.1,4.105
184.1,4.105
184.1,4.105
184.1,4.105
184.1,4.105
184.1,4.105
184.1,4.105
184.1,4.105
184.1,4.105
184.1,4.105
184.1,4.105
184.1,4.105
184.1,4.105
184.1,4.105
184.1,4.105
184.1,4.105
184.1,4.105
184.1,4.105
184.1,4.105
184.2,4.105
184.2,4.105
184.2,4.105
184.2,4.105
184.2,4.105
184.2,4.105
184.2,4.105
184.2,4.105
184.2,4.105
184.2,4.105
184.2,4.105
184.2,4.105
184.2,4.105
184.2,4.105
184.2,4.105
184.2,4.105
184.2,4.105
184.2,4.105
184.2,4.105
184.2,4.105
184.2,4.105
184.2,4.105
184.2,4.105
184.2,4.105
184.2,4.105
184.2,4.105
184.2,4.105
184.2,4.105
184.2,4.105
184.2,4.105
184.2,4.105
184.2,4.105
184.2,4.105
184.2,4.105
184.3,4.105
184.3,4.105
184.3,4.105
184.3,4.105
184.3,4.105
184.3,4.105
184.3,4.105
184.3,4.105
184.3,4.105
184.3,4.105
184.3,4.105
184.3,4.105
184.3,4.105
184.3,4.105
184.3,4.105
184.3,4.105
184.3,4.105
184.3,4.105
184.3,4.105
184.3,4.105
184.3,4.105
184.3,4.105
184.3,4.105
184.3,4.105
184.3,4.105
184.3,4.105
184.3,4.105
184.3,4.105
184.3,4.105
184.3,4.105
184.3,4.105
184.3,4.105
184.3,4.105
184.3,4.105
184.4,4.105
184.4,4.105
184.4,4.105
184.4,4.105
184.4,4.105
184.4,4.105
184.4,4.105
184.4,4.105
184.4,4.105
184.4,4.105
184.4,4.105
184.4,4.105
184.4,4.105
184.4,4.105
184.4,4.105
184.4,4.105
184.4,4.105
184.4,4.105
184.4,4.105
184.4,4.105
184.4,4.105
184.4,4.105
184.4,4.105
184.4,4.105
184.4,4.105
184.5,4.105
184.5,4.105
184.5,4.105
184.5,4.105
184.5,4.105
184.5,4.105
184.5,4.105
184.5,4.105
184.5,4.105
184.5,4.105
184.5,4.105
184.5,4.105
184.5,4.105
184.5,4.105
184.5,4.105
184.5,4.105
184.5,4.105
184.5,4.105
184.5,4.105
184.5,4.105
184.5,4.105
184.5,4.105
184.5,4.105
184.5,4.105
184.5,4.105
184.5,4.105
184.5,4.105
184.5,4.105
184.5,4.105
184.5,4.105
184.5,4.105
184.5,4.105
184.5,4.105
184.5,4.105
184.5,4.105
184.5,4.105
184.5,4.105
184.5,4.105
184.5,4.105
184.5,4.105
184.5,4.105
184.5,4.105
184.6,4.105
184.6,4.105
184.6,4.105
184.6,4.105
184.6,4.105
184.6,4.105
184.6,4.105
184.6,4.105
184.6,4.105
184.6,4.105
184.6,4.105
184.6,4.105
184.6,4.105
184.6,4.105
184.6,4.105
184.6,4.105
184.6,4.105
184.6,4.105
184.6,4.105
184.6,4.105
184.6,4.105
184.6,4.105
184.6,4.105
184.6,4.105
184.6,4.105
184.6,4.105
184.6,4.105
184.6,4.105
184.6,4.105
184.6,4.105
184.6,4.105
184.6,4.105
184.6,4.105
184.6,4.105
184.6,4.105
184.6,4.105
184.6,4.105
184.6,4.105
184.6,4.105
184.6,4.105
184.6,4.105
184.7,4.105
184.7,4.105
184.7,4.105
184.7,4.105
184.7,4.105
184.7,4.105
184.7,4.105
184.7,4.105
184.7,4.105
184.7,4.105
184.7,4.105
184.7,4.105
184.7,4.105
184.7,4.105
184.7,4.105
184.7,4.105
184.7,4.105
184.7,4.105
184.7,4.105
184.7,4.105
184.7,4.105
184.7,4.105
184.7,4.105
184.7,4.105
184.7,4.105
184.8,4.105
184.8,4.105
184.8,4.105
184.8,4.105
184.8,4.105
184.8,4.105
184.8,4.105
184.8,4.105
184.8,4.105
184.8,4.105
184.8,4.105
184.8,4.105
184.8,4.105
184.8,4.105
184.8,4.105
184.8,4.105
184.8,4.105
184.8,4.105
184.8,4.105
184.8,4.105
184.8,4.105
184.8,4.105
184.8,4.105
184.8,4.105
184.8,4.105
184.8,4.105
184.8,4.105
184.8,4.105
184.9,4.105
184.9,4.105
184.9,4.105
184.9,4.105
184.9,4.105
184.9,4.105
184.9,4.105
184.9,4.105
184.9,4.105
184.9,4.105
184.9,4.105
184.9,4.105
184.9,4.105
184.9,4.105
184.9,4.105
184.9,4.105
184.9,4.105
184.9,4.105
184.9,4.105
184.9,4.105
184.9,4.105
184.9,4.105
184.9,4.105
184.9,4.105
184.9,4.105
184.9,4.105
185.0,4.105
185.0,4.105
185.0,4.105
185.0,4.105
185.0,4.105
185.1,4.105
185.1,4.105
185.1,4.105
185.1,4.105
185.1,4.105
185.1,4.105
185.1,4.105
185.1,4.105
185.1,4.105
185.1,4.105
185.1,4.105
185.1,4.105
185.1,4.105
185.1,4.105
185.1,4.105
185.1,4.105
185.1,4.105
185.1,4.105
185.1,4.105
185.1,4.105
185.1,4.105
185.1,4.105
185.1,4.105
185.1,4.105
185.1,4.105
185.1,4.105
185.1,4.105
185.1,4.105
185.1,4.105
185.1,4.105
185.1,4.105
185.1,4.105
185.2,4.105
185.2,4.105
185.2,4.105
185.2,4.105
185.2,4.105
185.2,4.105
185.2,4.105
185.2,4.105
185.2,4.105
185.2,4.105
185.2,4.105
185.2,4.105
185.2,4.105
185.2,4.105
185.2,4.105
185.2,4.105
185.2,4.105
185.3,4.105
185.3,4.105
185.3,4.105
185.3,4.105
185.3,4.105
185.3,4.105
185.3,4.105
185.3,4.105
185.3,4.105
185.3,4.105
185.3,4.105
185.3,4.105
185.3,4.105
185.3,4.105
185.3,4.105
185.3,4.105
185.4,4.105
185.4,4.105
185.4,4.105
185.4,4.105
185.4,4.105
185.4,4.110
185.4,4.110
185.4,4.110
185.4,4.110
185.4,4.110
185.4,4.110
185.4,4.110
185.4,4.110
185.4,4.110
185.4,4.110
185.4,4.110
185.4,4.110
185.4,4.110
185.5,4.110
185.5,4.110
185.5,4.110
185.5,4.110
185.5,4.110
185.5,4.110
185.5,4.110
185.5,4.110
185.5,4.110
185.5,4.110
185.5,4.110
185.5,4.110
185.5,4.110
185.5,4.110
185.5,4.110
185.5,4.110
185.5,4.110
185.5,4.110
185.5,4.110
185.5,4.110
185.5,4.110
185.5,4.110
185.5,4.110
185.5,4.110
185.5,4.110
185.5,4.110
185.5,4.110
185.5,4.110
185.6,4.110
185.6,4.110
185.6,4.110
185.6,4.110
185.6,4.110
185.6,4.110
185.6,4.110
185.6,4.110
185.6,4.110
185.6,4.110
185.6,4.110
185.6,4.110
185.7,4.110
185.7,4.110
185.7,4.110
185.7,4.110
185.7,4.110
185.7,4.110
185.7,4.110
185.7,4.110
185.7,4.110
185.7,4.110
185.7,4.110
185.7,4.110
185.7,4.110
185.7,4.110
185.7,4.110
185.7,4.110
185.7,4.110
185.7,4.110
185.7,4.110
185.8,4.110
185.8,4.110
185.8,4.110
185.8,4.110
185.8,4.110
185.8,4.110
185.8,4.110
185.8,4.110
185.8,4.110
185.8,4.110
185.8,4.110
185.8,4.110
185.8,4.110
185.8,4.110
185.8,4.110
185.8,4.110
185.8,4.110
185.9,4.110
185.9,4.110
185.9,4.110
185.9,4.110
185.9,4.110
185.9,4.110
185.9,4.110
185.9,4.110
185.9,4.110
185.9,4.110
185.9,4.110
185.9,4.110
185.9,4.110
185.9,4.110
185.9,4.110
185.9,4.110
186.0,4.110
186.0,4.110
186.0,4.110
186.0,4.110
186.0,4.110
186.0,4.110
186.0,4.110
186.0,4.110
186.0,4.110
186.0,4.110
186.0,4.110
186.0,4.110
186.0,4.110
186.0,4.110
186.1,4.110
186.1,4.110
186.1,4.110
186.1,4.110
186.1,4.110
186.1,4.110
186.1,4.110
186.1,4.110
186.1,4.110
186.1,4.110
186.1,4.110
186.1,4.110
186.1,4.110
186.1,4.110
186.1,4.110
186.1,4.110
186.1,4.110
186.1,4.110
186.1,4.110
186.1,4.110
186.2,4.110
186.2,4.110
186.2,4.110
186.2,4.110
186.2,4.110
186.2,4.110
186.2,4.110
186.2,4.110
186.2,4.110
186.2,4.110
186.2,4.110
186.2,4.110
186.2,4.110
186.2,4.110
186.2,4.110
186.2,4.110
186.2,4.110
186.2,4.110
186.2,4.110
186.2,4.110
186.3,4.110
186.3,4.110
186.3,4.110
186.3,4.110
186.3,4.110
186.3,4.110
186.3,4.110
186.3,4.110
186.3,4.110
186.3,4.110
186.3,4.110
186.3,4.110
186.3,4.110
186.3,4.110
186.3,4.110
186.3,4.110
186.3,4.110
186.4,4.110
186.4,4.110
186.4,4.110
186.4,4.110
186.4,4.110
186.4,4.110
186.4,4.110
186.4,4.110
186.4,4.110
186.4,4.110
186.4,4.110
186.4,4.110
186.4,4.110
186.4,4.110
186.4,4.110
186.4,4.110
186.4,4.110
186.4,4.110
186.4,4.110
186.4,4.110
186.4,4.110
186.5,4.110
186.5,4.110
186.5,4.110
186.5,4.110
186.5,4.110
186.5,4.110
186.5,4.110
186.5,4.110
186.5,4.110
186.5,4.110
186.5,4.110
186.6,4.110
186.6,4.110
186.6,4.110
186.6,4.110
186.6,4.110
186.6,4.110
186.6,4.110
186.6,4.110
186.6,4.110
186.6,4.110
186.6,4.110
186.6,4.110
186.6,4.110
186.6,4.110
186.6,4.110
186.6,4.110
186.6,4.110
186.6,4.110
186.7,4.110
186.7,4.110
186.7,4.110
186.7,4.110
186.7,4.110
186.7,4.110
186.7,4.110
186.7,4.110
186.7,4.110
186.7,4.110
186.7,4.110
186.7,4.110
186.7,4.110
186.7,4.110
186.7,4.110
186.8,4.110
186.8,4.110
186.8,4.110
186.8,4.110
186.8,4.110
186.8,4.110
186.8,4.110
186.8,4.110
186.8,4.110
186.8,4.110
186.8,4.110
186.8,4.110
186.8,4.110
186.8,4.110
186.8,4.110
186.8,4.110
186.8,4.110
186.8,4.110
186.8,4.110
186.8,4.110
186.9,4.110
186.9,4.110
186.9,4.110
186.9,4.110
186.9,4.110
186.9,4.110
186.9,4.110
186.9,4.110
186.9,4.110
186.9,4.110
186.9,4.110
187.0,4.110
187.0,4.110
187.0,4.110
187.0,4.110
187.0,4.110
187.0,4.110
187.0,4.110
187.0,4.110
187.0,4.110
187.0,4.110
187.0,4.110
187.0,4.110
187.0,4.110
187.0,4.110
187.0,4.110
187.0,4.110
187.1,4.110
187.1,4.110
187.1,4.110
187.1,4.110
187.1,4.110
187.1,4.110
187.1,4.110
187.1,4.110
187.1,4.110
187.1,4.110
187.1,4.110
187.1,4.110
187.1,4.110
187.1,4.110
187.1,4.110
187.1,4.110
187.1,4.110
187.1,4.110
187.1,4.110
187.1,4.110
187.1,4.110
187.1,4.110
187.1,4.110
187.1,4.110
187.1,4.110
187.1,4.110
187.1,4.110
187.1,4.110
187.1,4.110
187.2,4.110
187.2,4.110
187.2,4.110
187.2,4.110
187.2,4.110
187.2,4.110
187.2,4.110
187.2,4.110
187.2,4.110
187.2,4.110
187.2,4.110
187.2,4.110
187.2,4.110
187.2,4.110
187.2,4.110
187.2,4.110
187.2,4.110
187.2,4.110
187.2,4.110
187.2,4.110
187.2,4.110
187.2,4.110
187.2,4.110
187.2,4.110
187.2,4.110
187.2,4.110
187.2,4.110
187.2,4.110
187.2,4.110
187.2,4.110
187.2,4.110
187.2,4.110
187.2,4.110
187.2,4.110
187.3,4.110
187.3,4.110
187.3,4.110
187.3,4.110
187.3,4.110
187.3,4.110
187.3,4.110
187.3,4.110
187.3,4.110
187.3,4.110
187.3,4.110
187.3,4.110
187.3,4.110
187.3,4.110
187.3,4.110
187.3,4.110
187.3,4.110
187.3,4.110
187.3,4.110
187.3,4.110
187.3,4.110
187.3,4.110
187.3,4.110
187.3,4.110
187.3,4.110
187.4,4.110
187.4,4.110
187.4,4.110
187.4,4.110
187.4,4.110
187.4,4.110
187.5,4.110
187.5,4.110
187.5,4.110
187.5,4.110
187.5,4.110
187.5,4.110
187.5,4.110
187.5,4.110
187.5,4.110
187.5,4.110
187.5,4.110
187.5,4.110
187.5,4.110
187.5,4.110
187.5,4.110
187.5,4.110
187.5,4.110
187.5,4.110
187.5,4.110
187.6,4.110
187.6,4.110
187.6,4.110
187.6,4.110
187.6,4.110
187.6,4.110
187.6,4.110
187.6,4.110
187.6,4.110
187.6,4.110
187.6,4.110
187.6,4.110
187.6,4.110
187.6,4.110
187.6,4.110
187.6,4.110
187.6,4.110
187.6,4.110
187.6,4.110
187.6,4.110
187.6,4.110
187.6,4.110
187.6,4.110
187.6,4.110
187.6,4.110
187.6,4.110
187.6,4.110
187.6,4.110
187.7,4.110
187.7,4.110
187.7,4.110
187.7,4.110
187.7,4.110
187.7,4.110
187.7,4.110
187.7,4.110
187.7,4.110
187.7,4.110
187.8,4.115
187.8,4.115
187.8,4.115
187.8,4.115
187.8,4.115
187.8,4.115
187.8,4.115
187.8,4.115
187.8,4.115
187.8,4.115
187.8,4.115
187.8,4.115
187.8,4.115
187.8,4.115
187.8,4.115
187.8,4.115
187.8,4.115
187.8,4.115
187.8,4.115
187.8,4.115
187.8,4.115
187.8,4.115
187.8,4.115
187.8,4.115
187.9,4.115
187.9,4.115
187.9,4.115
187.9,4.115
187.9,4.115
187.9,4.115
187.9,4.115
187.9,4.115
187.9,4.115
187.9,4.115
188.0,4.115
188.0,4.115
188.0,4.115
188.0,4.115
188.0,4.115
188.0,4.115
188.0,4.115
188.0,4.115
188.0,4.115
188.0,4.115
188.0,4.115
188.0,4.115
188.0,4.115
188.0,4.115
188.0,4.115
188.0,4.115
188.0,4.115
188.0,4.115
188.0,4.115
188.0,4.115
188.0,4.115
188.0,4.115
188.0,4.115
188.1,4.115
188.1,4.115
188.1,4.115
188.1,4.115
188.1,4.115
188.1,4.115
188.1,4.115
188.1,4.115
188.1,4.115
188.1,4.115
188.1,4.115
188.1,4.115
188.1,4.115
188.1,4.115
188.1,4.115
188.1,4.115
188.2,4.115
188.2,4.115
188.2,4.115
188.2,4.115
188.2,4.115
188.2,4.115
188.2,4.115
188.2,4.115
188.2,4.115
188.2,4.115
188.2,4.115
188.2,4.115
188.2,4.115
188.2,4.115
188.2,4.115
188.2,4.115
188.2,4.115
188.2,4.115
188.2,4.115
188.2,4.115
188.2,4.115
188.2,4.115
188.2,4.115
188.2,4.115
188.2,4.115
188.2,4.115
188.2,4.115
188.2,4.115
188.2,4.115
188.2,4.115
188.2,4.115
188.2,4.115
188.2,4.115
188.3,4.115
188.3,4.115
188.3,4.115
188.3,4.115
188.3,4.115
188.3,4.115
188.3,4.115
188.3,4.115
188.3,4.115
188.3,4.115
188.3,4.115
188.3,4.115
188.3,4.115
188.3,4.115
188.3,4.115
188.3,4.115
188.4,4.115
188.4,4.115
188.4,4.115
188.4,4.115
188.4,4.115
188.4,4.115
188.4,4.115
188.4,4.115
188.4,4.115
188.4,4.115
188.4,4.115
188.4,4.115
188.4,4.115
188.4,4.115
188.4,4.115
188.4,4.115
188.4,4.115
188.4,4.115
188.4,4.115
188.4,4.115
188.4,4.115
188.4,4.115
188.4,4.115
188.5,4.115
188.5,4.115
188.5,4.115
188.5,4.115
188.5,4.115
188.5,4.115
188.5,4.115
188.5,4.115
188.5,4.115
188.5,4.115
188.5,4.115
188.5,4.115
188.5,4.115
188.5,4.115
188.5,4.115
188.5,4.115
188.5,4.115
188.5,4.115
188.5,4.115
188.5,4.115
188.5,4.115
188.5,4.115
188.5,4.115
188.5,4.115
188.5,4.115
188.5,4.115
188.5,4.115
188.5,4.115
188.5,4.115
188.6,4.115
188.6,4.115
188.6,4.115
188.6,4.115
188.6,4.115
188.6,4.115
188.6,4.115
188.6,4.115
188.6,4.115
188.6,4.115
188.6,4.115
188.6,4.115
188.6,4.115
188.6,4.115
188.6,4.115
188.6,4.115
188.6,4.115
188.6,4.115
188.6,4.115
188.6,4.115
188.6,4.115
188.6,4.115
188.6,4.115
188.6,4.115
188.6,4.115
188.6,4.115
188.6,4.115
188.6,4.115
188.6,4.115
188.6,4.115
188.6,4.115
188.6,4.115
188.6,4.115
188.6,4.115
188.6,4.115
188.6,4.115
188.6,4.115
188.6,4.115
188.6,4.115
188.6,4.115
188.6,4.115
188.6,4.115
188.7,4.115
188.7,4.115
188.7,4.115
188.7,4.115
188.7,4.115
188.7,4.115
188.7,4.115
188.7,4.115
188.7,4.115
188.7,4.115
188.7,4.115
188.7,4.115
188.7,4.115
188.7,4.115
188.7,4.115
188.7,4.115
188.7,4.115
188.7,4.115
188.7,4.115
188.7,4.115
188.7,4.115
188.7,4.115
188.7,4.115
188.7,4.115
188.7,4.115
188.7,4.115
188.7,4.115
188.7,4.115
188.7,4.115
188.7,4.115
188.7,4.115
188.7,4.115
188.7,4.115
188.7,4.115
188.7,4.115
188.8,4.115
188.8,4.115
188.8,4.115
188.8,4.115
188.8,4.115
188.8,4.115
188.8,4.115
188.8,4.115
188.8,4.115
188.8,4.115
188.8,4.115
188.8,4.115
188.8,4.115
188.8,4.115
188.8,4.115
188.8,4.115
188.8,4.115
188.8,4.115
188.8,4.115
188.8,4.115
188.8,4.115
188.8,4.115
188.8,4.115
188.8,4.115
188.8,4.115
188.8,4.115
188.8,4.115
188.8,4.115
188.8,4.115
188.8,4.115
188.8,4.115
188.8,4.115
188.8,4.115
188.8,4.115
188.8,4.115
188.8,4.115
188.8,4.115
188.8,4.115
188.8,4.115
188.8,4.115
188.8,4.115
188.8,4.115
188.8,4.115
188.8,4.115
188.9,4.115
188.9,4.115
188.9,4.115
188.9,4.115
188.9,4.115
188.9,4.115
188.9,4.115
188.9,4.115
188.9,4.115
188.9,4.115
188.9,4.115
188.9,4.115
188.9,4.115
188.9,4.115
188.9,4.115
188.9,4.115
189.0,4.115
189.0,4.115
189.0,4.115
189.0,4.115
189.0,4.115
189.0,4.115
189.0,4.115
189.0,4.115
189.0,4.115
189.0,4.115
189.0,4.115
189.0,4.115
189.0,4.115
189.0,4.115
189.0,4.115
189.0,4.115
189.0,4.115
189.0,4.115
189.0,4.115
189.0,4.115
189.0,4.115
189.0,4.115
189.0,4.115
189.0,4.115
189.0,4.115
189.0,4.115
189.0,4.115
189.0,4.115
189.0,4.115
189.0,4.115
189.0,4.115
189.0,4.115
189.1,4.115
189.1,4.115
189.1,4.115
189.1,4.115
189.1,4.115
189.1,4.115
189.1,4.115
189.1,4.115
189.1,4.115
189.1,4.115
189.1,4.115
189.1,4.115
189.1,4.115
189.1,4.115
189.1,4.115
189.1,4.115
189.1,4.115
189.1,4.115
189.1,4.115
189.1,4.115
189.1,4.115
189.1,4.115
189.1,4.115
189.1,4.115
189.1,4.115
189.1,4.115
189.1,4.115
189.1,4.115
189.1,4.115
189.2,4.115
189.2,4.115
189.2,4.115
189.2,4.115
189.2,4.115
189.2,4.115
189.2,4.115
189.2,4.115
189.2,4.115
189.2,4.115
189.2,4.115
189.2,4.115
189.2,4.115
189.2,4.115
189.2,4.115
189.3,4.115
189.3,4.115
189.3,4.115
189.3,4.115
189.3,4.115
189.3,4.115
189.3,4.115
189.3,4.115
189.3,4.115
189.3,4.115
189.3,4.115
189.3,4.115
189.3,4.115
189.3,4.115
189.3,4.115
189.3,4.115
189.3,4.115
189.3,4.115
189.3,4.115
189.3,4.115
189.3,4.115
189.4,4.115
189.4,4.115
189.4,4.115
189.4,4.115
189.4,4.115
189.4,4.115
189.4,4.115
189.4,4.115
189.4,4.115
189.4,4.115
189.4,4.115
189.4,4.115
189.4,4.115
189.4,4.115
189.4,4.115
189.4,4.115
189.4,4.115
189.4,4.115
189.4,4.115
189.4,4.115
189.4,4.115
189.5,4.115
189.5,4.115
189.5,4.115
189.5,4.115
189.5,4.115
189.5,4.115
189.5,4.115
189.5,4.115
189.5,4.115
189.5,4.115
189.5,4.115
189.5,4.115
189.5,4.115
189.5,4.115
189.6,4.115
189.6,4.115
189.6,4.115
189.6,4.115
189.6,4.115
189.6,4.115
189.6,4.115
189.6,4.115
189.6,4.115
189.6,4.115
189.6,4.115
189.6,4.115
189.6,4.115
189.6,4.115
189.6,4.115
189.6,4.115
189.6,4.115
189.6,4.115
189.6,4.115
189.6,4.115
189.6,4.115
189.7,4.115
189.7,4.115
189.7,4.115
189.7,4.115
189.7,4.115
189.7,4.115
189.7,4.115
189.7,4.115
189.7,4.115
189.7,4.115
189.7,4.115
189.7,4.115
189.7,4.115
189.7,4.115
189.7,4.115
189.7,4.115
189.7,4.115
189.7,4.115
189.8,4.115
189.8,4.115
189.8,4.115
189.8,4.115
189.8,4.115
189.8,4.115
189.8,4.115
189.8,4.115
189.9,4.115
189.9,4.115
189.9,4.115
189.9,4.115
189.9,4.115
189.9,4.115
189.9,4.115
189.9,4.115
189.9,4.115
189.9,4.115
189.9,4.115
189.9,4.115
189.9,4.115
189.9,4.115
190.0,4.115
190.0,4.120
190.0,4.120
190.0,4.120
190.0,4.120
190.0,4.120
190.0,4.120
190.0,4.120
190.0,4.120
190.0,4.120
190.0,4.120
190.0,4.120
190.0,4.120
190.0,4.120
190.0,4.120
190.0,4.120
190.0,4.120
190.0,4.120
190.0,4.120
190.0,4.120
190.0,4.120
190.1,4.120
190.1,4.120
190.1,4.120
190.1,4.120
190.1,4.120
190.1,4.120
190.1,4.120
190.1,4.120
190.1,4.120
190.1,4.120
190.1,4.120
190.1,4.120
190.1,4.120
190.1,4.120
190.2,4.120
190.2,4.120
190.2,4.120
190.2,4.120
190.2,4.120
190.2,4.120
190.2,4.120
190.2,4.120
190.2,4.120
190.2,4.120
190.2,4.120
190.3,4.120
190.3,4.120
190.3,4.120
190.3,4.120
190.3,4.120
190.3,4.120
190.3,4.120
190.3,4.120
190.3,4.120
190.3,4.120
190.3,4.120
190.3,4.120
190.3,4.120
190.3,4.120
190.3,4.120
190.3,4.120
190.4,4.120
190.4,4.120
190.4,4.120
190.4,4.120
190.4,4.120
190.4,4.120
190.4,4.120
190.4,4.120
190.4,4.120
190.4,4.120
190.4,4.120
190.4,4.120
190.5,4.120
190.5,4.120
190.5,4.120
190.5,4.120
190.5,4.120
190.5,4.120
190.5,4.120
190.5,4.120
190.5,4.120
190.6,4.120
190.6,4.120
190.6,4.120
190.6,4.120
190.6,4.120
190.6,4.120
190.6,4.120
190.6,4.120
190.6,4.120
190.6,4.120
190.6,4.120
190.6,4.120
190.6,4.120
190.6,4.120
190.6,4.120
190.6,4.120
190.6,4.120
190.6,4.120
190.6,4.120
190.6,4.120
190.6,4.120
190.6,4.120
190.6,4.120
190.7,4.120
190.7,4.120
190.7,4.120
190.7,4.120
190.7,4.120
190.7,4.120
190.8,4.120
190.8,4.120
190.8,4.120
190.8,4.120
190.8,4.120
190.8,4.120
190.8,4.120
190.8,4.120
190.8,4.120
190.8,4.120
190.8,4.120
190.8,4.120
190.8,4.120
190.8,4.120
190.8,4.120
190.8,4.120
190.8,4.120
190.8,4.120
190.8,4.120
190.8,4.120
190.8,4.120
190.8,4.120
190.8,4.120
190.8,4.120
190.9,4.120
190.9,4.120
190.9,4.120
190.9,4.120
190.9,4.120
190.9,4.120
191.0,4.120
191.0,4.120
191.0,4.120
191.0,4.120
191.0,4.120
191.0,4.120
191.0,4.120
191.0,4.120
191.0,4.120
191.0,4.120
191.0,4.120
191.0,4.120
191.0,4.120
191.0,4.120
191.0,4.120
191.0,4.120
191.0,4.120
191.0,4.120
191.0,4.120
191.0,4.120
191.0,4.120
191.0,4.120
191.0,4.120
191.0,4.120
191.0,4.120
191.1,4.120
191.1,4.120
191.1,4.120
191.1,4.120
191.1,4.120
191.1,4.120
191.1,4.120
191.1,4.120
191.1,4.120
191.1,4.120
191.1,4.120
191.1,4.120
191.1,4.120
191.1,4.120
191.1,4.120
191.1,4.120
191.1,4.120
191.1,4.120
191.1,4.120
191.1,4.120
191.1,4.120
191.2,4.120
191.2,4.120
191.2,4.120
191.2,4.120
191.2,4.120
191.2,4.120
191.2,4.120
191.2,4.120
191.2,4.120
191.2,4.120
191.2,4.120
191.2,4.120
191.2,4.120
191.2,4.120
191.2,4.120
191.2,4.120
191.2,4.120
191.2,4.120
191.2,4.120
191.2,4.120
191.2,4.120
191.2,4.120
191.2,4.120
191.2,4.120
191.2,4.120
191.2,4.120
191.2,4.120
191.2,4.120
191.2,4.120
191.2,4.120
191.2,4.120
191.2,4.120
191.2,4.120
191.2,4.120
191.2,4.120
191.2,4.120
191.2,4.120
191.2,4.120
191.2,4.120
191.2,4.120
191.2,4.120
191.2,4.120
191.2,4.120
191.2,4.120
191.2,4.120
191.2,4.120
191.2,4.120
191.2,4.120
191.2,4.120
191.2,4.120
191.2,4.120
191.2,4.120
191.3,4.120
191.3,4.120
191.3,4.120
191.3,4.120
191.3,4.120
191.3,4.120
191.3,4.120
191.3,4.120
191.3,4.120
191.3,4.120
191.3,4.120
191.3,4.120
191.3,4.120
191.3,4.120
191.3,4.120
191.3,4.120
191.3,4.120
191.3,4.120
191.3,4.120
191.3,4.120
191.3,4.120
191.3,4.120
191.3,4.120
191.3,4.120
191.3,4.120
191.3,4.120
191.3,4.120
191.3,4.120
191.3,4.120
191.3,4.120
191.3,4.120
191.4,4.120
191.4,4.120
191.4,4.120
191.4,4.120
191.4,4.120
191.4,4.120
191.4,4.120
191.4,4.120
191.4,4.120
191.4,4.120
191.4,4.120
191.4,4.120
191.4,4.120
191.4,4.120
191.4,4.120
191.4,4.120
191.4,4.120
191.4,4.120
191.4,4.120
191.4,4.120
191.4,4.120
191.4,4.120
191.4,4.120
191.4,4.120
191.4,4.120
191.4,4.120
191.4,4.120
191.4,4.120
191.4,4.120
191.4,4.120
191.4,4.120
191.4,4.120
191.4,4.120
191.4,4.120
191.4,4.120
191.4,4.120
191.4,4.120
191.4,4.120
191.5,4.120
191.5,4.120
191.5,4.120
191.5,4.120
191.5,4.120
191.5,4.120
191.5,4.120
191.5,4.120
191.5,4.120
191.5,4.120
191.5,4.120
191.5,4.120
191.5,4.120
191.5,4.120
191.5,4.120
191.5,4.120
191.5,4.120
191.5,4.120
191.5,4.120
191.5,4.120
191.5,4.120
191.5,4.120
191.5,4.120
191.5,4.120
191.5,4.120
191.5,4.120
191.5,4.120
191.5,4.120
191.5,4.120
191.5,4.120
191.5,4.120
191.5,4.120
191.5,4.120
191.5,4.120
191.6,4.120
191.6,4.120
191.6,4.120
191.6,4.120
191.6,4.120
191.6,4.120
191.6,4.120
191.6,4.120
191.6,4.120
191.6,4.120
191.6,4.120
191.6,4.120
191.6,4.120
191.6,4.120
191.6,4.120
191.6,4.120
191.6,4.120
191.6,4.120
191.6,4.120
191.6,4.120
191.6,4.120
191.7,4.120
191.7,4.120
191.7,4.120
191.7,4.120
191.7,4.120
191.7,4.120
191.7,4.120
191.7,4.120
191.7,4.120
191.7,4.120
191.7,4.120
191.7,4.120
191.7,4.120
191.7,4.120
191.7,4.120
191.7,4.120
191.7,4.120
191.7,4.120
191.7,4.120
191.7,4.120
191.8,4.120
191.8,4.120
191.8,4.120
191.8,4.120
191.8,4.120
191.8,4.120
191.8,4.120
191.8,4.120
191.8,4.120
191.8,4.120
191.8,4.120
191.8,4.120
191.8,4.120
191.8,4.120
191.8,4.120
191.8,4.120
191.8,4.120
191.8,4.120
191.8,4.120
191.8,4.120
191.8,4.120
191.8,4.120
191.8,4.120
191.8,4.120
191.8,4.120
191.8,4.120
191.8,4.120
191.9,4.120
191.9,4.120
191.9,4.120
191.9,4.120
191.9,4.120
191.9,4.120
191.9,4.120
191.9,4.120
191.9,4.120
191.9,4.120
191.9,4.120
191.9,4.120
191.9,4.120
191.9,4.120
191.9,4.120
191.9,4.120
191.9,4.120
191.9,4.120
191.9,4.120
191.9,4.120
191.9,4.120
192.0,4.120
192.0,4.120
192.0,4.120
192.0,4.120
192.0,4.120
192.0,4.120
192.0,4.120
192.0,4.120
192.0,4.120
192.0,4.120
192.0,4.120
192.0,4.120
192.0,4.120
192.0,4.120
192.0,4.120
192.0,4.120
192.0,4.120
192.0,4.120
192.0,4.120
192.0,4.120
192.0,4.120
192.0,4.120
192.0,4.120
192.0,4.120
192.0,4.120
192.0,4.120
192.1,4.120
192.1,4.120
192.1,4.120
192.1,4.120
192.1,4.120
192.1,4.120
192.1,4.120
192.1,4.120
192.1,4.120
192.1,4.120
192.1,4.120
192.1,4.120
192.1,4.120
192.1,4.120
192.1,4.120
192.1,4.125
192.1,4.125
192.1,4.125
192.1,4.125
192.1,4.125
192.1,4.125
192.1,4.125
192.1,4.125
192.1,4.125
192.1,4.125
192.1,4.125
192.1,4.125
192.1,4.125
192.1,4.125
192.1,4.125
192.1,4.125
192.1,4.125
192.1,4.125
192.1,4.125
192.1,4.125
192.1,4.125
192.1,4.125
192.1,4.125
192.1,4.125
192.1,4.125
192.1,4.125
192.1,4.125
192.1,4.125
192.1,4.125
192.1,4.125
192.1,4.125
192.1,4.125
192.1,4.125
192.1,4.125
192.1,4.125
192.1,4.125
192.1,4.125
192.1,4.125
192.1,4.125
192.1,4.125
192.1,4.125
192.1,4.125
192.1,4.125
192.1,4.125
192.1,4.125
192.1,4.125
192.1,4.125
192.1,4.125
192.1,4.125
192.1,4.125
192.1,4.125
192.1,4.125
192.1,4.125
192.1,4.125
192.1,4.125
192.1,4.125
192.1,4.125
192.1,4.125
192.1,4.125
192.1,4.125
192.1,4.125
192.1,4.125
192.1,4.125
192.1,4.125
192.1,4.125
192.1,4.125
192.1,4.125
192.1,4.125
192.1,4.125
192.1,4.125
192.1,4.125
192.1,4.125
192.1,4.125
192.1,4.125
192.1,4.125
192.1,4.125
192.1,4.125
192.1,4.125
192.1,4.125
192.1,4.125
192.1,4.125
192.1,4.125
192.1,4.125
192.1,4.125
192.1,4.125
192.1,4.125
192.1,4.125
192.1,4.125
192.1,4.125
192.1,4.125
192.1,4.125
192.1,4.125
192.1,4.125
192.1,4.125
192.1,4.125
192.1,4.125
192.1,4.125
192.1,4.125
192.1,4.125
192.1,4.125
192.1,4.125
192.1,4.125
192.1,4.125
192.1,4.125
192.1,4.125
192.1,4.125
192.1,4.125
192.1,4.125
192.1,4.125
192.1,4.125
192.1,4.125
192.1,4.125
192.1,4.125
192.1,4.125
192.1,4.125
192.1,4.125
192.1,4.125
192.1,4.125
192.1,4.125
192.1,4.125
192.1,4.125
192.1,4.125
192.1,4.125
192.1,4.125
192.1,4.125
192.1,4.125
192.1,4.125
192.1,4.125
192.1,4.125
192.1,4.125
192.1,4.125
192.1,4.125
192.1,4.125
192.1,4.125
192.1,4.125
192.1,4.125
192.1,4.125
192.1,4.125
192.1,4.125
192.1,4.125
192.1,4.125
192.1,4.125
192.1,4.125
192.1,4.125
192.1,4.125
192.1,4.125
192.1,4.125
192.1,4.125
192.1,4.125
192.1,4.125
192.1,4.125
192.1,4.125
192.1,4.125
192.1,4.125
192.1,4.125
192.1,4.125
192.1,4.125
192.1,4.125
192.1,4.125
192.1,4.125
192.1,4.125
192.1,4.125
192.1,4.125
192.1,4.125
192.1,4.125
192.1,4.125
192.1,4.125
192.1,4.125
192.1,4.125
192.1,4.125
192.1,4.125
192.1,4.125
192.1,4.125
192.1,4.125
192.1,4.125
192.0,4.125
192.0,4.125
192.0,4.125
192.0,4.125
192.0,4.125
192.0,4.125
192.0,4.125
192.0,4.125
192.0,4.125
192.0,4.125
192.0,4.125
192.0,4.125
192.0,4.125
192.0,4.125
192.0,4.125
192.0,4.125
192.0,4.125
192.0,4.125
192.0,4.125
192.0,4.125
192.0,4.125
192.0,4.125
192.0,4.125
192.0,4.125
192.0,4.125
192.0,4.125
192.0,4.125
192.0,4.125
192.0,4.125
192.0,4.125
192.0,4.125
192.0,4.125
192.0,4.125
192.0,4.125
192.0,4.125
192.0,4.125
192.0,4.125
192.0,4.125
192.0,4.125
192.0,4.125
192.0,4.125
192.0,4.125
192.0,4.125
192.0,4.125
192.0,4.125
192.0,4.125
192.0,4.125
192.0,4.125
192.0,4.125
192.0,4.125
192.0,4.125
192.0,4.125
192.0,4.125
192.0,4.125
192.0,4.125
192.0,4.125
192.0,4.125
192.0,4.125
192.0,4.125
192.0,4.125
192.0,4.125
192.0,4.125
192.0,4.125
192.0,4.125
192.0,4.125
192.0,4.125
192.0,4.125
191.9,4.125
191.9,4.125
191.9,4.125
191.9,4.125
191.9,4.125
191.9,4.125
191.9,4.125
191.9,4.125
191.9,4.125
191.9,4.125
191.9,4.125
191.9,4.125
191.9,4.125
191.9,4.125
191.9,4.125
191.9,4.125
191.9,4.125
191.9,4.125
191.9,4.125
191.9,4.125
191.9,4.125
191.9,4.125
191.9,4.125
191.9,4.125
191.9,4.125
191.9,4.125
191.9,4.125
191.9,4.125
191.9,4.125
191.9,4.125
191.8,4.125
191.8,4.125
191.8,4.125
191.8,4.125
191.8,4.125
191.8,4.125
191.8,4.125
191.8,4.125
191.8,4.125
191.8,4.125
191.8,4.125
191.8,4.125
191.8,4.125
191.8,4.125
191.8,4.125
191.8,4.125
191.8,4.125
191.8,4.125
191.8,4.125
191.8,4.125
191.8,4.125
191.8,4.125
191.8,4.125
191.8,4.125
191.8,4.125
191.8,4.125
191.8,4.125
191.8,4.125
191.8,4.125
191.8,4.125
191.8,4.125
191.8,4.125
191.8,4.125
191.8,4.125
191.8,4.125
191.8,4.125
191.8,4.125
191.8,4.125
191.8,4.125
191.8,4.125
191.8,4.125
191.8,4.125
191.8,4.125
191.8,4.125
191.8,4.125
191.8,4.125
191.8,4.125
191.8,4.125
191.8,4.125
191.8,4.125
191.8,4.125
191.8,4.125
191.8,4.125
191.8,4.125
191.8,4.125
191.8,4.125
191.8,4.125
191.8,4.125
191.8,4.125
191.8,4.125
191.8,4.125
191.8,4.125
191.8,4.125
191.7,4.125
191.7,4.125
191.7,4.125
191.7,4.125
191.7,4.125
191.7,4.125
191.7,4.125
191.7,4.125
191.7,4.125
191.7,4.125
191.7,4.125
191.7,4.125
191.7,4.125
191.7,4.125
191.7,4.125
191.7,4.125
191.7,4.125
191.7,4.125
191.7,4.125
191.7,4.125
191.7,4.125
191.7,4.125
191.7,4.125
191.7,4.125
191.7,4.125
191.7,4.125
191.7,4.125
191.7,4.125
191.7,4.125
191.7,4.125
191.7,4.125
191.7,4.125
191.7,4.125
191.7,4.125
191.7,4.125
191.7,4.125
191.7,4.125
191.7,4.125
191.7,4.125
191.7,4.125
191.7,4.125
191.7,4.125
191.7,4.125
191.7,4.125
191.7,4.125
191.7,4.125
191.7,4.125
191.7,4.125
191.7,4.125
191.7,4.125
191.7,4.125
191.7,4.125
191.7,4.125
191.7,4.125
191.7,4.125
191.7,4.125
191.7,4.125
191.7,4.125
191.7,4.125
191.7,4.125
191.7,4.125
191.7,4.125
191.7,4.125
191.7,4.125
191.7,4.125
191.7,4.125
191.7,4.125
191.7,4.125
191.7,4.125
191.7,4.125
191.7,4.125
191.7,4.125
191.7,4.125
191.7,4.125
191.7,4.125
191.7,4.125
191.6,4.125
191.6,4.125
191.6,4.125
191.6,4.125
191.6,4.125
191.6,4.125
191.6,4.125
191.6,4.125
191.6,4.125
191.6,4.125
191.6,4.125
191.6,4.125
191.6,4.125
191.6,4.125
191.6,4.125
191.6,4.125
191.6,4.125
191.6,4.125
191.6,4.125
191.6,4.125
191.6,4.125
191.6,4.125
191.6,4.125
191.6,4.125
191.6,4.125
191.6,4.125
191.6,4.125
191.6,4.125
191.6,4.125
191.6,4.125
191.6,4.125
191.6,4.125
191.6,4.125
191.6,4.125
191.6,4.125
191.6,4.125
191.6,4.125
191.6,4.125
191.6,4.125
191.6,4.125
191.5,4.125
191.5,4.125
191.5,4.125
191.5,4.125
191.5,4.125
191.5,4.125
191.5,4.125
191.5,4.125
191.5,4.125
191.5,4.125
191.5,4.125
191.5,4.125
191.5,4.125
191.5,4.125
191.5,4.125
191.5,4.125
191.5,4.125
191.5,4.125
191.5,4.125
191.5,4.125
191.5,4.125
191.5,4.125
191.5,4.125
191.5,4.125
191.5,4.125
191.5,4.125
191.5,4.125
191.5,4.125
191.5,4.125
191.5,4.125
191.5,4.125
191.5,4.125
191.5,4.125
191.5,4.125
191.5,4.125
191.5,4.125
191.5,4.125
191.5,4.125
191.5,4.125
191.5,4.125
191.5,4.125
191.5,4.125
191.5,4.125
191.5,4.125
191.5,4.125
191.5,4.125
191.5,4.125
191.5,4.125
191.5,4.125
191.5,4.125
191.5,4.125
191.5,4.125
191.5,4.125
191.5,4.125
191.5,4.125
191.5,4.125
191.5,4.125
191.5,4.125
191.5,4.125
191.5,4.125
191.5,4.125
191.5,4.125
191.5,4.125
191.5,4.125
191.5,4.125
191.5,4.125
191.5,4.125
191.5,4.125
191.5,4.125
191.5,4.125
191.5,4.125
191.5,4.125
191.5,4.125
191.5,4.125
191.5,4.125
191.5,4.125
191.5,4.125
191.5,4.125
191.5,4.125
191.5,4.125
191.5,4.125
191.5,4.125
191.5,4.125
191.5,4.125
191.5,4.125
191.5,4.125
191.5,4.125
191.5,4.125
191.5,4.125
191.5,4.125
191.5,4.125
191.5,4.125
191.4,4.125
191.4,4.125
191.4,4.125
191.4,4.125
191.4,4.125
191.4,4.125
191.4,4.125
191.4,4.125
191.4,4.125
191.4,4.125
191.4,4.125
191.4,4.125
191.4,4.125
191.4,4.125
191.4,4.125
191.4,4.125
191.4,4.125
191.4,4.125
191.4,4.125
191.4,4.125
191.4,4.125
191.4,4.125
191.4,4.125
191.4,4.125
191.4,4.125
191.4,4.125
191.4,4.125
191.4,4.125
191.4,4.125
191.4,4.125
191.4,4.125
191.4,4.125
191.4,4.125
191.4,4.125
191.4,4.125
191.4,4.125
191.3,4.125
191.3,4.125
191.3,4.125
191.3,4.125
191.3,4.125
191.3,4.125
191.3,4.125
191.3,4.125
191.3,4.125
191.3,4.125
191.3,4.125
191.3,4.125
191.3,4.125
191.3,4.125
191.3,4.125
191.3,4.125
191.3,4.125
191.3,4.125
191.3,4.125
191.3,4.125
191.3,4.125
191.3,4.125
191.3,4.125
191.3,4.125
191.3,4.125
191.3,4.125
191.3,4.125
191.3,4.125
191.3,4.125
191.3,4.125
191.3,4.125
191.3,4.125
191.3,4.125
191.3,4.125
191.3,4.125
191.3,4.125
191.3,4.125
191.3,4.125
191.3,4.125
191.3,4.125
191.3,4.125
191.3,4.125
191.3,4.125
191.3,4.125
191.3,4.125
191.3,4.125
191.3,4.125
191.3,4.125
191.3,4.125
191.3,4.125
191.3,4.125
191.3,4.125
191.3,4.125
191.3,4.125
191.3,4.125
191.3,4.125
191.3,4.125
191.3,4.125
191.3,4.125
191.3,4.125
191.3,4.125
191.3,4.125
191.3,4.125
191.3,4.125
191.3,4.125
191.3,4.125
191.3,4.125
191.3,4.125
191.3,4.125
191.3,4.125
191.3,4.125
191.3,4.125
191.3,4.125
191.3,4.125
191.3,4.125
191.3,4.125
191.3,4.125
191.3,4.125
191.3,4.125
191.3,4.125
191.3,4.125
191.3,4.125
191.3,4.125
191.3,4.125
191.3,4.125
191.3,4.125
191.3,4.125
191.3,4.125
191.3,4.125
191.3,4.125
191.3,4.125
191.3,4.125
191.3,4.125
191.3,4.125
191.3,4.125
191.3,4.125
191.3,4.125
191.3,4.125
191.3,4.125
191.3,4.125
191.3,4.125
191.3,4.125
191.3,4.125
191.3,4.125
191.3,4.125
191.3,4.125
191.3,4.125
191.3,4.125
191.3,4.125
191.3,4.125
191.3,4.125
191.3,4.125
191.3,4.125
191.3,4.125
191.3,4.125
191.3,4.125
191.3,4.125
191.3,4.125
191.3,4.125
191.3,4.125
191.3,4.125
191.3,4.125
191.3,4.125
191.3,4.125
191.3,4.125
191.3,4.125
191.3,4.125
191.3,4.125
191.3,4.125
191.3,4.125
191.3,4.125
191.3,4.125
191.3,4.125
191.3,4.125
191.3,4.125
191.3,4.125
191.3,4.125
191.3,4.125
191.2,4.125
191.2,4.125
191.2,4.125
191.2,4.125
191.2,4.125
191.2,4.125
191.2,4.125
191.2,4.125
191.2,4.125
191.2,4.125
191.2,4.125
191.2,4.125
191.2,4.125
191.2,4.125
191.2,4.125
191.2,4.125
191.2,4.125
191.2,4.125
191.2,4.125
191.2,4.125
191.2,4.125
191.2,4.125
191.2,4.125
191.2,4.125
191.2,4.125
191.2,4.125
191.2,4.125
191.2,4.125
191.2,4.125
191.2,4.125
191.2,4.125
191.2,4.125
191.2,4.125
191.2,4.125
191.2,4.125
191.2,4.125
191.2,4.125
191.2,4.125
191.2,4.125
191.2,4.125
191.2,4.125
191.2,4.125
191.2,4.125
191.2,4.125
191.2,4.125
191.2,4.125
191.2,4.125
191.2,4.125
191.2,4.125
191.2,4.125
191.2,4.125
191.2,4.125
191.2,4.125
191.2,4.125
191.2,4.125
191.2,4.125
191.2,4.125
191.2,4.125
191.2,4.125
191.1,4.125
191.1,4.125
191.1,4.125
191.1,4.125
191.1,4.125
191.1,4.125
191.1,4.125
191.1,4.125
191.1,4.125
191.1,4.125
191.1,4.125
191.1,4.125
191.1,4.125
191.1,4.125
191.1,4.125
191.1,4.125
191.1,4.125
191.1,4.125
191.1,4.125
191.1,4.125
191.1,4.125
191.1,4.125
191.1,4.125
191.1,4.125
191.1,4.125
191.1,4.125
191.1,4.125
191.1,4.125
191.1,4.125
191.1,4.125
191.1,4.125
191.1,4.125
191.1,4.125
191.1,4.125
191.1,4.125
191.1,4.125
191.1,4.125
191.1,4.125
191.1,4.125
191.1,4.125
191.1,4.125
191.1,4.125
191.1,4.125
191.1,4.125
191.1,4.125
191.1,4.125
191.1,4.125
191.1,4.125
191.0,4.125
191.0,4.125
191.0,4.125
191.0,4.125
191.0,4.125
191.0,4.125
191.0,4.125
191.0,4.125
191.0,4.125
191.0,4.125
191.0,4.125
191.0,4.125
191.0,4.125
191.0,4.125
191.0,4.125
191.0,4.125
191.0,4.125
191.0,4.125
191.0,4.125
191.0,4.125
191.0,4.125
191.0,4.125
191.0,4.125
191.0,4.125
191.0,4.125
191.0,4.125
191.0,4.125
191.0,4.125
191.0,4.125
191.0,4.125
191.0,4.125
191.0,4.125
191.0,4.125
191.0,4.125
191.0,4.125
191.0,4.125
191.0,4.125
191.0,4.125
191.0,4.125
191.0,4.125
191.0,4.125
191.0,4.125
191.0,4.125
191.0,4.125
191.0,4.125
191.0,4.125
190.9,4.125
190.9,4.125
190.9,4.125
190.9,4.125
190.9,4.125
190.9,4.125
190.9,4.125
190.9,4.125
190.9,4.125
190.9,4.125
190.9,4.125
190.9,4.125
190.9,4.125
190.9,4.125
190.9,4.125
190.9,4.125
190.9,4.125
190.9,4.125
190.9,4.125
190.9,4.125
190.9,4.125
190.9,4.125
190.9,4.125
190.9,4.125
190.9,4.125
190.9,4.125
190.9,4.125
190.9,4.125
190.9,4.125
190.9,4.125
190.9,4.125
190.9,4.125
190.9,4.125
190.9,4.125
190.9,4.125
190.9,4.125
190.9,4.125
190.9,4.125
190.9,4.125
190.9,4.125
190.9,4.125
190.9,4.125
190.9,4.125
190.9,4.125
190.9,4.125
190.9,4.125
190.9,4.125
190.8,4.125
190.8,4.125
190.8,4.125
190.8,4.125
190.8,4.125
190.8,4.125
190.8,4.125
190.8,4.125
190.8,4.125
190.8,4.125
190.8,4.125
190.8,4.125
190.8,4.125
190.8,4.125
190.8,4.125
190.8,4.125
190.8,4.125
190.8,4.125
190.8,4.125
190.8,4.125
190.7,4.125
190.7,4.125
190.7,4.125
190.7,4.125
190.7,4.125
190.7,4.125
190.7,4.125
190.7,4.125
190.7,4.125
190.7,4.125
190.7,4.125
190.7,4.125
190.7,4.125
190.7,4.125
190.7,4.125
190.7,4.125
190.7,4.125
190.7,4.125
190.7,4.125
190.7,4.125
190.7,4.125
190.6,4.125
190.6,4.125
190.6,4.125
190.6,4.125
190.6,4.125
190.6,4.125
190.6,4.125
190.6,4.125
190.6,4.125
190.6,4.125
190.6,4.125
190.6,4.125
190.6,4.125
190.5,4.125
190.5,4.125
190.5,4.125
190.5,4.125
190.5,4.125
190.5,4.125
190.5,4.125
190.5,4.125
190.5,4.125
190.5,4.125
190.5,4.125
190.5,4.125
190.5,4.125
190.4,4.125
190.4,4.125
190.4,4.125
190.4,4.125
190.4,4.125
190.4,4.125
190.4,4.125
190.4,4.125
190.4,4.125
190.4,4.125
190.4,4.125
190.4,4.125
190.3,4.125
190.3,4.125
190.3,4.125
190.3,4.125
190.2,4.125
190.2,4.125
190.2,4.125
190.2,4.125
190.2,4.125
190.2,4.125
190.2,4.125
190.2,4.125
190.2,4.125
190.2,4.125
190.1,4.125
190.1,4.125
190.1,4.125
190.1,4.125
190.1,4.125
190.1,4.125
190.1,4.125
190.1,4.125
190.1,4.125
190.0,4.125
190.0,4.125
190.0,4.125
190.0,4.120
190.0,4.120
189.9,4.120
189.9,4.120
189.9,4.120
189.9,4.120
189.9,4.120
189.9,4.120
189.9,4.120
189.9,4.120
189.9,4.120
189.8,4.120
189.8,4.120
189.8,4.120
189.8,4.120
189.8,4.120
189.7,4.120
189.7,4.120
189.7,4.120
189.7,4.120
189.7,4.120
189.7,4.120
189.7,4.120
189.7,4.120
189.7,4.120
189.6,4.120
189.6,4.120
189.6,4.120
189.6,4.120
189.6,4.120
189.5,4.120
189.4,4.120
189.4,4.120
189.4,4.120
189.4,4.120
189.4,4.120
189.4,4.120
189.4,4.120
189.4,4.120
189.4,4.120
189.4,4.120
189.4,4.120
189.4,4.120
189.4,4.120
189.3,4.120
189.2,4.120
189.2,4.120
189.2,4.120
189.2,4.120
189.2,4.120
189.1,4.120
189.1,4.120
189.1,4.120
189.1,4.120
189.1,4.120
189.0,4.120
189.0,4.120
189.0,4.120
189.0,4.120
189.0,4.120
189.0,4.120
189.0,4.120
189.0,4.120
189.0,4.120
188.9,4.120
188.8,4.120
188.8,4.120
188.8,4.120
188.8,4.120
188.8,4.120
188.8,4.120
188.8,4.120
188.8,4.120
188.8,4.120
188.8,4.120
188.8,4.120
188.7,4.120
188.7,4.120
188.6,4.120
188.6,4.120
188.5,4.120
188.5,4.120
188.5,4.120
188.5,4.120
188.5,4.120
188.5,4.120
188.5,4.120
188.5,4.120
188.4,4.120
188.4,4.120
188.3,4.120
188.3,4.120
188.3,4.120
188.2,4.120
188.2,4.120
188.2,4.120
188.2,4.120
188.2,4.120
188.2,4.120
188.1,4.120
188.1,4.120
188.1,4.120
188.1,4.120
188.1,4.120
188.1,4.120
188.1,4.120
188.1,4.120
188.1,4.120
188.0,4.120
188.0,4.120
187.9,4.120
187.9,4.120
187.9,4.120
187.9,4.120
187.9,4.120
187.9,4.120
187.8,4.120
187.8,4.120
187.8,4.120
187.8,4.120
187.8,4.120
187.8,4.120
187.8,4.120
187.8,4.120
187.7,4.120
187.7,4.120
187.7,4.120
187.6,4.120
187.7,4.120
187.7,4.120
187.7,4.120
187.7,4.120
187.6,4.120
187.6,4.120
187.6,4.120
187.5,4.120
187.5,4.120
187.5,4.120
187.5,4.120
187.5,4.120
187.5,4.120
187.5,4.120
187.5,4.120
187.4,4.120
187.3,4.120
187.3,4.120
187.3,4.120
187.3,4.120
187.3,4.120
187.3,4.120
187.3,4.120
187.3,4.120
187.3,4.120
187.2,4.120
187.2,4.120
187.2,4.120
187.2,4.120
187.2,4.120
187.2,4.120
187.1,4.120
187.1,4.120
187.1,4.120
187.1,4.120
187.1,4.120
187.1,4.120
187.1,4.120
187.0,4.120
187.0,4.120
187.0,4.120
187.0,4.120
187.0,4.120
187.0,4.120
186.9,4.120
186.9,4.120
186.9,4.120
186.9,4.120
186.9,4.120
186.9,4.120
186.9,4.120
186.7,4.120
186.8,4.120
186.7,4.120
186.7,4.120
186.7,4.120
186.7,4.120
186.7,4.120
186.7,4.120
186.7,4.120
186.7,4.120
186.7,4.120
186.7,4.120
186.7,4.120
186.7,4.120
186.7,4.120
186.7,4.120
186.7,4.120
186.7,4.120
186.6,4.120
186.5,4.120
186.5,4.120
186.5,4.120
186.5,4.120
186.5,4.120
186.5,4.120
186.5,4.120
186.5,4.120
186.5,4.120
186.4,4.120
186.4,4.120
186.4,4.120
186.4,4.120
186.3,4.120
186.3,4.120
186.3,4.120
186.3,4.120
186.3,4.120
186.3,4.120
186.3,4.120
186.3,4.120
186.3,4.120
186.3,4.120
186.3,4.120
186.3,4.120
186.1,4.120
186.1,4.120
186.1,4.120
186.1,4.120
186.1,4.120
186.1,4.120
186.1,4.120
186.1,4.120
186.1,4.120
186.1,4.120
186.1,4.120
186.0,4.120
186.0,4.120
186.0,4.120
186.0,4.120
185.9,4.120
185.9,4.120
185.9,4.120
185.9,4.120
185.9,4.120
185.9,4.120
185.8,4.120
185.8,4.120
185.8,4.120
185.8,4.120
185.7,4.120
185.7,4.120
185.7,4.120
185.7,4.120
185.7,4.120
185.7,4.120
185.7,4.120
185.7,4.120
185.7,4.120
185.6,4.120
185.6,4.120
185.6,4.120
185.6,4.120
185.6,4.120
185.6,4.120
185.6,4.120
185.6,4.120
185.6,4.115
185.6,4.115
185.5,4.115
185.5,4.115
185.5,4.115
185.5,4.115
185.5,4.115
185.5,4.115
185.5,4.115
185.3,4.115
185.3,4.115
185.3,4.115
185.3,4.115
185.3,4.115
185.2,4.115
185.2,4.115
185.2,4.115
185.2,4.115
185.2,4.115
185.2,4.115
185.2,4.115
185.1,4.115
185.1,4.115
185.1,4.115
185.1,4.115
185.1,4.115
185.1,4.115
185.1,4.115
185.1,4.115
185.1,4.115
185.1,4.115
185.1,4.115
185.1,4.115
185.1,4.115
185.0,4.115
185.0,4.115
184.9,4.115
184.9,4.115
184.9,4.115
184.9,4.115
184.9,4.115
184.8,4.115
184.9,4.115
184.9,4.115
184.8,4.115
184.8,4.115
184.8,4.115
184.8,4.115
184.8,4.115
184.8,4.115
184.8,4.115
184.8,4.115
184.7,4.115
184.7,4.115
184.7,4.115
184.7,4.115
184.7,4.115
184.7,4.115
184.6,4.115
184.5,4.115
184.5,4.115
184.5,4.115
184.5,4.115
184.5,4.115
184.5,4.115
184.5,4.115
184.4,4.115
184.4,4.115
184.4,4.115
184.4,4.115
184.4,4.115
184.4,4.115
184.4,4.115
184.4,4.115
184.3,4.115
184.3,4.115
184.3,4.115
184.3,4.115
184.3,4.115
184.3,4.115
184.3,4.115
184.2,4.115
184.2,4.115
184.2,4.115
184.2,4.115
184.1,4.115
184.1,4.115
184.1,4.115
184.0,4.115
184.0,4.115
184.0,4.115
184.0,4.115
183.9,4.115
183.9,4.115
183.9,4.115
183.9,4.115
183.9,4.115
183.9,4.115
183.9,4.115
183.9,4.115
183.9,4.115
183.9,4.115
183.9,4.115
183.9,4.115
183.7,4.115
183.7,4.115
183.7,4.115
183.7,4.115
183.7,4.115
183.7,4.115
183.7,4.115
183.7,4.115
183.7,4.115
183.7,4.115
183.6,4.115
183.6,4.115
183.6,4.115
183.6,4.115
183.6,4.115
183.5,4.115
183.5,4.115
183.4,4.115
183.4,4.115
183.3,4.115
183.3,4.115
183.3,4.115
183.3,4.115
183.3,4.115
183.3,4.115
183.3,4.115
183.3,4.115
183.3,4.115
183.3,4.115
183.3,4.115
183.2,4.115
183.1,4.115
183.2,4.115
183.2,4.115
183.1,4.115
183.1,4.115
183.0,4.115
183.0,4.115
183.0,4.115
182.9,4.115
182.9,4.115
182.9,4.115
182.9,4.115
182.9,4.115
182.9,4.115
182.9,4.115
182.9,4.115
182.9,4.115
182.9,4.115
182.8,4.115
182.8,4.115
182.7,4.115
182.7,4.115
182.6,4.115
182.6,4.115
182.6,4.115
182.6,4.115
182.6,4.115
182.6,4.115
182.5,4.115
182.5,4.115
182.5,4.115
182.5,4.115
182.4,4.115
182.4,4.115
182.4,4.115
182.4,4.115
182.3,4.115
182.3,4.115
182.3,4.115
182.2,4.115
182.2,4.115
182.2,4.115
182.2,4.115
182.2,4.115
182.2,4.115
182.2,4.115
182.2,4.115
182.2,4.115
182.2,4.115
182.2,4.115
182.2,4.115
182.0,4.115
182.0,4.115
182.0,4.115
181.9,4.115
181.9,4.110
181.9,4.110
181.9,4.110
181.9,4.110
181.8,4.110
181.8,4.110
181.8,4.110
181.7,4.110
181.7,4.110
181.7,4.110
181.6,4.110
181.6,4.110
181.6,4.110
181.6,4.110
181.6,4.110
181.5,4.110
181.5,4.110
181.5,4.110
181.5,4.110
181.5,4.110
181.4,4.110
181.4,4.110
181.4,4.110
181.3,4.110
181.3,4.110
181.3,4.110
181.2,4.110
181.2,4.110
181.2,4.110
181.2,4.110
181.1,4.110
181.1,4.110
181.1,4.110
181.0,4.110
181.0,4.110
181.0,4.110
181.0,4.110
180.9,4.110
180.9,4.110
180.9,4.110
180.9,4.110
180.8,4.110
180.8,4.110
180.8,4.110
180.7,4.110
180.7,4.110
180.7,4.110
180.6,4.110
180.6,4.110
180.6,4.110
180.5,4.110
180.5,4.110
180.5,4.110
180.4,4.110
180.4,4.110
180.4,4.110
180.4,4.110
180.3,4.110
180.3,4.110
180.3,4.110
180.3,4.110
180.2,4.110
180.1,4.110
180.1,4.110
180.0,4.110
180.0,4.110
180.0,4.110
179.9,4.110
179.9,4.110
179.9,4.110
179.8,4.110
179.8,4.110
179.8,4.110
179.8,4.110
179.7,4.110
179.7,4.110
179.7,4.110
179.6,4.110
179.6,4.110
179.5,4.110
179.5,4.110
179.5,4.110
179.5,4.110
179.4,4.110
179.3,4.110
179.3,4.110
179.3,4.110
179.2,4.110
179.2,4.110
179.2,4.110
179.2,4.110
179.1,4.110
179.1,4.110
179.1,4.110
179.0,4.110
179.0,4.110
178.9,4.110
178.9,4.110
178.8,4.110
178.8,4.110
178.7,4.110
178.7,4.110
178.7,4.110
178.6,4.110
178.6,4.110
178.6,4.110
178.5,4.110
178.5,4.110
178.4,4.110
178.4,4.110
178.4,4.110
178.3,4.105
178.2,4.105
178.2,4.105
178.1,4.105
178.1,4.105
178.0,4.105
178.0,4.105
178.0,4.105
177.9,4.105
177.9,4.105
177.9,4.105
177.8,4.105
177.8,4.105
177.7,4.105
177.7,4.105
177.7,4.105
177.6,4.105
177.5,4.105
177.5,4.105
177.5,4.105
177.4,4.105
177.3,4.105
177.3,4.105
177.3,4.105
177.3,4.105
177.2,4.105
177.1,4.105
177.1,4.105
177.1,4.105
177.0,4.105
177.0,4.105
176.9,4.105
176.9,4.105
176.9,4.105
176.8,4.105
176.7,4.105
176.7,4.105
176.7,4.105
176.6,4.105
176.6,4.105
176.5,4.105
176.5,4.105
176.5,4.105
176.4,4.105
176.3,4.105
176.3,4.105
176.2,4.105
176.2,4.105
176.2,4.105
176.1,4.105
176.1,4.105
176.0,4.105
176.0,4.105
175.9,4.105
175.9,4.105
175.8,4.105
175.8,4.105
175.7,4.105
175.7,4.105
175.6,4.105
175.6,4.105
175.5,4.105
175.5,4.105
175.5,4.105
175.4,4.105
175.4,4.105
175.3,4.105
175.2,4.105
175.2,4.105
175.1,4.105
175.0,4.105
175.0,4.105
174.9,4.105
174.9,4.105
174.9,4.100
174.9,4.100
174.8,4.100
174.7,4.100
174.7,4.100
174.6,4.100
174.6,4.100
174.5,4.100
174.4,4.100
174.4,4.100
174.3,4.100
174.3,4.100
174.2,4.100
174.1,4.100
174.1,4.100
174.0,4.100
174.0,4.100
174.0,4.100
173.9,4.100
173.8,4.100
173.8,4.100
173.8,4.100
173.7,4.100
173.7,4.100
173.6,4.100
173.6,4.100
173.5,4.100
173.4,4.100
173.4,4.100
173.3,4.100
173.2,4.100
173.2,4.100
173.1,4.100
173.1,4.100
173.0,4.100
172.9,4.100
172.9,4.100
172.8,4.100
172.7,4.100
172.7,4.100
172.6,4.100
172.6,4.100
172.6,4.100
172.5,4.100
172.4,4.100
172.4,4.100
172.3,4.100
172.3,4.100
172.2,4.100
172.1,4.100
172.1,4.100
172.0,4.100
172.0,4.100
171.9,4.100
171.8,4.100
171.8,4.100
171.7,4.100
171.6,4.100
171.6,4.100
171.5,4.095
171.4,4.095
171.4,4.095
171.3,4.095
171.2,4.095
171.2,4.095
171.1,4.095
171.0,4.095
171.0,4.095
170.9,4.095
170.9,4.095
170.8,4.095
170.7,4.095
170.7,4.095
170.6,4.095
170.6,4.095
170.5,4.095
170.4,4.095
170.4,4.095
170.3,4.095
170.3,4.095
170.2,4.095
170.1,4.095
170.1,4.095
170.0,4.095
169.9,4.095
169.8,4.095
169.8,4.095
169.7,4.095
169.6,4.095
169.6,4.095
169.5,4.095
169.5,4.095
169.4,4.095
169.3,4.095
169.3,4.095
169.2,4.095
169.1,4.095
169.1,4.095
169.0,4.095
168.9,4.095
168.9,4.095
168.8,4.095
168.7,4.095
168.7,4.095
168.6,4.095
168.5,4.090
168.4,4.090
168.4,4.090
168.3,4.090
168.2,4.090
168.2,4.090
168.1,4.090
168.0,4.090
168.0,4.090
167.9,4.090
167.8,4.090
167.8,4.090
167.7,4.090
167.6,4.090
167.6,4.090
167.5,4.090
167.4,4.090
167.3,4.090
167.2,4.090
167.2,4.090
167.1,4.090
167.0,4.090
167.0,4.090
166.9,4.090
166.8,4.090
166.8,4.090
166.7,4.090
166.6,4.090
166.5,4.090
166.4,4.090
166.4,4.090
166.3,4.090
166.2,4.090
166.1,4.090
166.0,4.090
166.0,4.090
165.9,4.090
165.9,4.090
165.8,4.090
165.7,4.090
165.6,4.090
165.6,4.090
165.5,4.085
165.4,4.085
165.3,4.085
165.2,4.085
165.2,4.085
165.1,4.085
165.0,4.085
164.9,4.085
164.8,4.085
164.7,4.085
164.7,4.085
164.6,4.085
164.5,4.085
164.4,4.085
164.4,4.085
164.3,4.085
164.2,4.085
164.1,4.085
164.1,4.085
164.0,4.085
163.9,4.085
163.9,4.085
163.8,4.085
163.7,4.085
163.6,4.085
163.5,4.085
163.4,4.085
163.3,4.085
163.2,4.085
163.2,4.085
163.1,4.085
163.0,4.085
162.9,4.085
162.8,4.085
162.8,4.085
162.7,4.085
162.6,4.085
162.5,4.080
162.4,4.080
162.4,4.080
162.3,4.080
162.2,4.080
162.1,4.080
162.0,4.080
161.9,4.080
161.8,4.080
161.7,4.080
161.7,4.080
161.6,4.080
161.5,4.080
161.4,4.080
161.3,4.080
161.2,4.080
161.1,4.080
161.0,4.080
160.9,4.080
160.8,4.080
160.7,4.080
160.6,4.080
160.5,4.080
160.5,4.080
160.4,4.080
160.2,4.080
160.1,4.080
160.1,4.080
160.0,4.080
159.9,4.080
159.8,4.075
159.7,4.075
159.6,4.075
159.5,4.075
159.4,4.075
159.3,4.075
159.2,4.075
159.1,4.075
159.0,4.075
158.9,4.075
158.8,4.075
158.7,4.075
158.6,4.075
158.6,4.075
158.5,4.075
158.3,4.075
158.2,4.075
158.2,4.075
158.0,4.075
157.9,4.075
157.8,4.075
157.7,4.075
157.6,4.075
157.5,4.075
157.4,4.075
157.3,4.075
157.3,4.075
157.1,4.070
157.0,4.070
156.9,4.070
156.8,4.070
156.7,4.070
156.6,4.070
156.5,4.070
156.4,4.070
156.3,4.070
156.2,4.070
156.1,4.070
156.0,4.070
155.9,4.070
155.8,4.070
155.7,4.070
155.6,4.070
155.5,4.070
155.4,4.070
155.2,4.070
155.1,4.070
155.0,4.070
154.9,4.070
154.8,4.070
154.7,4.070
154.6,4.070
154.5,4.070
154.4,4.065
154.3,4.065
154.2,4.065
154.1,4.065
154.0,4.065
153.9,4.065
153.8,4.065
153.7,4.065
153.5,4.065
153.4,4.065
153.3,4.065
153.2,4.065
153.1,4.065
153.0,4.065
152.9,4.065
152.8,4.065
152.7,4.065
152.6,4.065
152.5,4.065
152.4,4.065
152.3,4.065
152.1,4.065
152.0,4.065
151.9,4.065
151.8,4.060
151.7,4.060
151.6,4.060
151.5,4.060
151.4,4.060
151.3,4.060
151.1,4.060
151.0,4.060
150.9,4.060
150.8,4.060
150.7,4.060
150.6,4.060
150.5,4.060
150.4,4.060
150.3,4.060
150.2,4.060
150.1,4.060
150.0,4.060
149.9,4.060
149.8,4.060
149.6,4.060
149.5,4.060
149.4,4.055
149.3,4.055
149.2,4.055
149.1,4.055
149.0,4.055
148.9,4.055
148.8,4.055
148.7,4.055
148.6,4.055
148.4,4.055
148.4,4.055
148.2,4.055
148.1,4.055
148.0,4.055
147.9,4.055
147.8,4.055
147.7,4.055
147.6,4.055
147.5,4.055
147.4,4.055
147.3,4.055
147.2,4.055
147.1,4.055
147.0,4.055
146.9,4.050
146.8,4.050
146.6,4.050
146.5,4.050
146.4,4.050
146.3,4.050
146.2,4.050
146.1,4.050
146.0,4.050
145.9,4.050
145.7,4.050
145.6,4.050
145.5,4.050
145.4,4.050
145.3,4.050
145.2,4.050
145.1,4.050
145.0,4.050
144.9,4.050
144.8,4.050
144.7,4.050
144.6,4.050
144.5,4.050
144.4,4.050
144.2,4.045
144.1,4.045
144.0,4.045
143.9,4.045
143.8,4.045
143.7,4.045
143.6,4.045
143.5,4.045
143.4,4.045
143.3,4.045
143.1,4.045
143.0,4.045
142.9,4.045
142.8,4.045
142.7,4.045
142.6,4.045
142.5,4.045
142.4,4.045
142.3,4.045
142.2,4.045
142.1,4.045
142.0,4.045
141.9,4.045
141.8,4.040
141.7,4.040
141.6,4.040
141.5,4.040
141.4,4.040
141.3,4.040
141.2,4.040
141.1,4.040
141.0,4.040
140.9,4.040
140.8,4.040
140.7,4.040
140.6,4.040
140.5,4.040
140.4,4.040
140.3,4.040
140.1,4.040
140.0,4.040
139.9,4.040
139.8,4.040
139.7,4.040
139.6,4.040
139.5,4.040
139.4,4.035
139.3,4.035
139.2,4.035
139.1,4.035
139.0,4.035
138.9,4.035
138.8,4.035
138.7,4.035
138.7,4.035
138.6,4.035
138.4,4.035
138.3,4.035
138.2,4.035
138.1,4.035
138.0,4.035
137.9,4.035
137.8,4.035
137.7,4.035
137.6,4.035
137.5,4.035
137.4,4.035
137.3,4.035
137.1,4.035
137.0,4.030
137.0,4.030
136.9,4.030
136.8,4.030
136.6,4.030
136.6,4.030
136.5,4.030
136.4,4.030
136.2,4.030
136.2,4.030
136.0,4.030
135.9,4.030
135.8,4.030
135.7,4.030
135.6,4.030
135.5,4.030
135.4,4.030
135.3,4.030
135.2,4.030
135.1,4.030
135.0,4.030
134.9,4.030
134.8,4.030
134.7,4.030
134.6,4.025
134.5,4.025
134.4,4.025
134.3,4.025
134.2,4.025
134.1,4.025
134.0,4.025
133.9,4.025
133.8,4.025
133.7,4.025
133.6,4.025
133.5,4.025
133.4,4.025
133.3,4.025
133.2,4.025
133.1,4.025
133.0,4.025
132.9,4.025
132.8,4.025
132.6,4.025
132.5,4.025
132.4,4.025
132.3,4.025
132.2,4.020
132.1,4.020
132.0,4.020
131.9,4.020
131.8,4.020
131.7,4.020
131.6,4.020
131.5,4.020
131.4,4.020
131.3,4.020
131.2,4.020
131.1,4.020
131.0,4.020
130.9,4.020
130.8,4.020
130.7,4.020
130.6,4.020
130.5,4.020
130.4,4.020
130.3,4.020
130.2,4.020
130.1,4.020
129.9,4.020
129.8,4.015
129.7,4.015
129.6,4.015
129.5,4.015
129.4,4.015
129.3,4.015
129.2,4.015
129.1,4.015
129.0,4.015
128.9,4.015
128.8,4.015
128.7,4.015
128.6,4.015
128.5,4.015
128.4,4.015
128.3,4.015
128.2,4.015
128.1,4.015
128.0,4.015
127.9,4.015
127.8,4.015
127.7,4.010
127.6,4.010
127.5,4.010
127.4,4.010
127.3,4.010
127.2,4.010
127.1,4.010
127.0,4.010
126.9,4.010
126.7,4.010
126.6,4.010
126.5,4.010
126.4,4.010
126.3,4.010
126.2,4.010
126.1,4.010
126.0,4.010
125.9,4.010
125.8,4.010
125.7,4.010
125.6,4.010
125.5,4.005
125.4,4.005
125.3,4.005
125.2,4.005
125.1,4.005
125.0,4.005
124.9,4.005
124.8,4.005
124.7,4.005
124.6,4.005
124.5,4.005
124.4,4.005
124.3,4.005
124.2,4.005
124.1,4.005
124.0,4.005
123.9,4.005
123.8,4.005
123.7,4.005
123.6,4.005
123.5,4.005
123.4,4.000
123.3,4.000
123.2,4.000
123.1,4.000
123.0,4.000
122.9,4.000
122.7,4.000
122.6,4.000
122.5,4.000
122.4,4.000
122.3,4.000
122.2,4.000
122.1,4.000
122.0,4.000
121.9,4.000
121.9,4.000
121.8,4.000
121.7,4.000
121.6,4.000
121.5,4.000
121.4,4.000
121.3,3.995
121.2,3.995
121.1,3.995
121.0,3.995
120.9,3.995
120.8,3.995
120.7,3.995
120.6,3.995
120.5,3.995
120.4,3.995
120.3,3.995
120.2,3.995
120.1,3.995
120.0,3.995
120.0,3.995
119.9,3.995
119.8,3.995
119.7,3.995
119.6,3.995
119.5,3.995
119.4,3.995
119.3,3.990
119.2,3.990
119.1,3.990
119.1,3.990
119.0,3.990
118.9,3.990
118.8,3.990
118.7,3.990
118.6,3.990
118.5,3.990
118.4,3.990
118.3,3.990
118.2,3.990
118.1,3.990
118.0,3.990
117.9,3.990
117.8,3.990
117.7,3.990
117.7,3.990
117.6,3.990
117.5,3.990
117.4,3.990
117.3,3.985
117.2,3.985
117.1,3.985
117.0,3.985
117.0,3.985
116.9,3.985
116.8,3.985
116.7,3.985
116.6,3.985
116.5,3.985
116.4,3.985
116.3,3.985
116.2,3.985
116.1,3.985
116.1,3.985
116.0,3.985
115.9,3.985
115.8,3.985
115.7,3.985
115.7,3.985
115.6,3.985
115.5,3.985
115.4,3.985
115.3,3.980
115.2,3.980
115.2,3.980
115.1,3.980
115.0,3.980
114.9,3.980
114.8,3.980
114.8,3.980
114.7,3.980
114.6,3.980
114.5,3.980
114.5,3.980
114.4,3.980
114.3,3.980
114.2,3.980
114.2,3.980
114.1,3.980
114.0,3.980
113.9,3.980
113.9,3.980
113.8,3.980
113.7,3.980
113.6,3.980
113.6,3.975
113.5,3.975
113.4,3.975
113.3,3.975
113.2,3.975
113.2,3.975
113.1,3.975
113.0,3.975
112.9,3.975
112.9,3.975
112.8,3.975
112.7,3.975
112.6,3.975
112.5,3.975
112.5,3.975
112.4,3.975
112.3,3.975
112.3,3.975
112.2,3.975
112.1,3.975
112.1,3.975
112.0,3.975
111.9,3.975
111.8,3.975
111.8,3.975
111.7,3.975
111.6,3.970
111.5,3.970
111.4,3.970
111.4,3.970
111.3,3.970
111.2,3.970
111.1,3.970
111.1,3.970
111.0,3.970
110.9,3.970
110.9,3.970
110.8,3.970
110.8,3.970
110.7,3.970
110.6,3.970
110.6,3.970
110.5,3.970
110.4,3.970
110.4,3.970
110.3,3.970
110.2,3.970
110.2,3.970
110.1,3.970
110.0,3.970
109.9,3.970
109.8,3.970
109.8,3.970
109.7,3.970
109.7,3.965
109.6,3.965
109.5,3.965
109.5,3.965
109.4,3.965
109.3,3.965
109.3,3.965
109.2,3.965
109.2,3.965
109.1,3.965
109.0,3.965
108.9,3.965
108.8,3.965
108.7,3.965
108.7,3.965
108.6,3.965
108.5,3.965
108.5,3.965
108.4,3.965
108.4,3.965
108.3,3.965
108.3,3.965
108.2,3.965
108.1,3.965
108.1,3.965
108.0,3.965
108.0,3.965
107.9,3.965
107.8,3.960
107.7,3.960
107.7,3.960
107.6,3.960
107.5,3.960
107.4,3.960
107.4,3.960
107.3,3.960
107.3,3.960
107.2,3.960
107.1,3.960
107.1,3.960
107.0,3.960
106.9,3.960
106.9,3.960
106.8,3.960
106.8,3.960
106.7,3.960
106.7,3.960
106.6,3.960
106.5,3.960
106.5,3.960
106.5,3.960
106.4,3.960
106.3,3.960
106.3,3.960
106.2,3.960
106.1,3.960
106.1,3.960
106.0,3.955
106.0,3.955
105.9,3.955
105.8,3.955
105.8,3.955
105.7,3.955
105.6,3.955
105.6,3.955
105.5,3.955
105.4,3.955
105.4,3.955
105.3,3.955
105.3,3.955
105.2,3.955
105.1,3.955
105.1,3.955
105.0,3.955
105.0,3.955
104.9,3.955
104.8,3.955
104.8,3.955
104.7,3.955
104.7,3.955
104.6,3.955
104.6,3.955
104.5,3.955
104.5,3.955
104.4,3.955
104.4,3.955
104.3,3.955
104.2,3.955
104.2,3.950
104.1,3.950
104.1,3.950
104.0,3.950
103.9,3.950
103.9,3.950
103.8,3.950
103.7,3.950
103.7,3.950
103.6,3.950
103.6,3.950
103.5,3.950
103.5,3.950
103.4,3.950
103.4,3.950
103.3,3.950
103.3,3.950
103.2,3.950
103.2,3.950
103.2,3.950
103.1,3.950
103.0,3.950
103.0,3.950
103.0,3.950
102.9,3.950
102.8,3.950
102.7,3.950
102.7,3.950
102.6,3.950
102.6,3.950
102.5,3.950
102.5,3.950
102.5,3.950
102.4,3.950
102.4,3.950
102.3,3.950
102.2,3.945
102.2,3.945
102.1,3.945
102.1,3.945
102.0,3.945
102.0,3.945
102.0,3.945
101.9,3.945
101.9,3.945
101.8,3.945
101.8,3.945
101.8,3.945
101.7,3.945
101.7,3.945
101.6,3.945
101.5,3.945
101.5,3.945
101.4,3.945
101.4,3.945
101.4,3.945
101.3,3.945
101.2,3.945
101.2,3.945
101.2,3.945
101.1,3.945
101.0,3.945
101.0,3.945
100.9,3.945
100.9,3.945
100.8,3.945
100.8,3.945
100.7,3.945
100.7,3.945
100.7,3.945
100.6,3.945
100.6,3.945
100.6,3.945
100.5,3.940
100.4,3.940
100.4,3.940
100.4,3.940
100.3,3.940
100.2,3.940
100.2,3.940
100.2,3.940
100.1,3.940
100.1,3.940
100.0,3.940
100.0,3.940
99.9,3.940
99.9,3.940
99.9,3.940
99.8,3.940
99.7,3.940
99.7,3.940
99.7,3.940
99.6,3.940
99.6,3.940
99.6,3.940
99.5,3.940
99.5,3.940
99.4,3.940
99.4,3.940
99.3,3.940
99.3,3.940
99.2,3.940
99.2,3.940
99.1,3.940
99.1,3.940
99.1,3.940
99.0,3.940
99.0,3.940
98.9,3.940
98.9,3.940
98.8,3.940
98.8,3.940
98.8,3.940
98.7,3.940
98.7,3.935
98.7,3.935
98.6,3.935
98.6,3.935
98.6,3.935
98.5,3.935
98.5,3.935
98.4,3.935
98.4,3.935
98.4,3.935
98.3,3.935
98.3,3.935
98.2,3.935
98.2,3.935
98.2,3.935
98.1,3.935
98.1,3.935
98.0,3.935
98.0,3.935
98.0,3.935
97.9,3.935
97.9,3.935
97.8,3.935
97.8,3.935
97.7,3.935
97.7,3.935
97.7,3.935
97.7,3.935
97.6,3.935
97.6,3.935
97.6,3.935
97.5,3.935
97.5,3.935
97.4,3.935
97.4,3.935
97.4,3.935
97.3,3.935
97.3,3.935
97.3,3.935
97.2,3.935
97.1,3.935
97.1,3.935
97.1,3.935
97.0,3.930
97.0,3.930
96.9,3.930
96.9,3.930
96.9,3.930
96.8,3.930
96.8,3.930
96.8,3.930
96.8,3.930
96.7,3.930
96.7,3.930
96.7,3.930
96.6,3.930
96.6,3.930
96.5,3.930
96.5,3.930
96.5,3.930
96.4,3.930
96.4,3.930
96.4,3.930
96.3,3.930
96.3,3.930
96.3,3.930
96.2,3.930
96.2,3.930
96.1,3.930
96.1,3.930
96.1,3.930
96.1,3.930
96.0,3.930
96.0,3.930
96.0,3.930
96.0,3.930
95.9,3.930
95.9,3.930
95.8,3.930
95.8,3.930
95.8,3.930
95.7,3.930
95.7,3.930
95.7,3.930
95.6,3.930
95.5,3.930
95.5,3.930
95.4,3.930
95.4,3.930
95.4,3.930
95.3,3.925
95.3,3.925
95.3,3.925
95.3,3.925
95.2,3.925
95.1,3.925
95.1,3.925
95.1,3.925
95.1,3.925
95.0,3.925
94.9,3.925
94.9,3.925
94.9,3.925
94.9,3.925
94.8,3.925
94.8,3.925
94.8,3.925
94.8,3.925
94.8,3.925
94.7,3.925
94.7,3.925
94.6,3.925
94.6,3.925
94.5,3.925
94.5,3.925
94.4,3.925
94.4,3.925
94.4,3.925
94.4,3.925
94.3,3.925
94.3,3.925
94.3,3.925
94.3,3.925
94.2,3.925
94.1,3.925
94.1,3.925
94.1,3.925
94.0,3.925
94.0,3.925
94.0,3.925
94.0,3.925
94.0,3.925
93.9,3.925
93.8,3.925
93.8,3.925
93.8,3.925
93.7,3.925
93.7,3.925
93.7,3.920
93.6,3.920
93.6,3.920
93.6,3.920
93.5,3.920
93.5,3.920
93.4,3.920
93.4,3.920
93.4,3.920
93.3,3.920
93.3,3.920
93.3,3.920
93.3,3.920
93.2,3.920
93.2,3.920
93.1,3.920
93.1,3.920
93.1,3.920
93.0,3.920
93.0,3.920
93.0,3.920
93.0,3.920
92.9,3.920
92.9,3.920
92.9,3.920
92.9,3.920
92.8,3.920
92.8,3.920
92.8,3.920
92.7,3.920
92.7,3.920
92.7,3.920
92.6,3.920
92.6,3.920
92.5,3.920
92.5,3.920
92.5,3.920
92.4,3.920
92.4,3.920
92.3,3.920
92.3,3.920
92.3,3.920
92.3,3.920
92.2,3.920
92.2,3.920
92.2,3.920
92.1,3.920
92.1,3.915
92.0,3.915
92.0,3.915
91.9,3.915
91.9,3.915
91.9,3.915
91.8,3.915
91.8,3.915
91.8,3.915
91.8,3.915
91.8,3.915
91.7,3.915
91.7,3.915
91.7,3.915
91.6,3.915
91.6,3.915
91.5,3.915
91.5,3.915
91.5,3.915
91.4,3.915
91.4,3.915
91.4,3.915
91.4,3.915
91.4,3.915
91.3,3.915
91.3,3.915
91.3,3.915
91.3,3.915
91.2,3.915
91.2,3.915
91.1,3.915
91.1,3.915
91.1,3.915
91.0,3.915
91.0,3.915
91.0,3.915
91.0,3.915
91.0,3.915
90.9,3.915
90.9,3.915
90.8,3.915
90.8,3.915
90.8,3.915
90.8,3.915
90.7,3.915
90.7,3.915
90.7,3.915
90.7,3.915
90.7,3.910
90.6,3.910
90.6,3.910
90.6,3.910
90.6,3.910
90.5,3.910
90.5,3.910
90.4,3.910
90.4,3.910
90.4,3.910
90.3,3.910
90.3,3.910
90.3,3.910
90.3,3.910
90.2,3.910
90.2,3.910
90.2,3.910
90.2,3.910
90.2,3.910
90.1,3.910
90.1,3.910
90.1,3.910
90.1,3.910
90.0,3.910
90.0,3.910
89.9,3.910
89.9,3.910
89.9,3.910
89.8,3.910
89.8,3.910
89.8,3.910
89.8,3.910
89.7,3.910
89.7,3.910
89.7,3.910
89.6,3.910
89.6,3.910
89.6,3.910
89.6,3.910
89.6,3.910
89.6,3.910
89.5,3.910
89.5,3.910
89.4,3.910
89.4,3.910
89.4,3.910
89.3,3.910
89.3,3.910
89.3,3.910
89.3,3.910
89.2,3.910
89.2,3.910
89.2,3.910
89.2,3.910
89.2,3.910
89.1,3.910
89.1,3.910
89.1,3.910
89.1,3.905
89.0,3.905
89.0,3.905
89.0,3.905
88.9,3.905
88.9,3.905
88.9,3.905
88.9,3.905
88.8,3.905
88.8,3.905
88.8,3.905
88.8,3.905
88.8,3.905
88.7,3.905
88.7,3.905
88.7,3.905
88.7,3.905
88.7,3.905
88.6,3.905
88.6,3.905
88.6,3.905
88.5,3.905
88.5,3.905
88.5,3.905
88.5,3.905
88.4,3.905
88.4,3.905
88.4,3.905
88.4,3.905
88.3,3.905
88.3,3.905
88.2,3.905
88.2,3.905
88.2,3.905
88.2,3.905
88.2,3.905
88.1,3.905
88.1,3.905
88.1,3.905
88.0,3.905
88.0,3.905
88.0,3.905
88.0,3.905
88.0,3.905
88.0,3.905
87.9,3.905
87.9,3.905
87.9,3.905
87.9,3.905
87.8,3.905
87.8,3.905
87.8,3.905
87.7,3.905
87.7,3.905
87.7,3.905
87.7,3.905
87.6,3.905
87.6,3.905
87.6,3.905
87.5,3.905
87.5,3.905
87.5,3.900
87.5,3.900
87.5,3.900
87.5,3.900
87.4,3.900
87.4,3.900
87.4,3.900
87.3,3.900
87.3,3.900
87.3,3.900
87.3,3.900
87.3,3.900
87.2,3.900
87.2,3.900
87.2,3.900
87.2,3.900
87.2,3.900
87.1,3.900
87.1,3.900
87.1,3.900
87.1,3.900
87.0,3.900
87.0,3.900
87.0,3.900
86.9,3.900
86.9,3.900
86.9,3.900
86.9,3.900
86.8,3.900
86.8,3.900
86.8,3.900
86.7,3.900
86.7,3.900
86.7,3.900
86.7,3.900
86.7,3.900
86.6,3.900
86.6,3.900
86.6,3.900
86.6,3.900
86.5,3.900
86.5,3.900
86.5,3.900
86.5,3.900
86.5,3.900
86.4,3.900
86.4,3.900
86.4,3.900
86.3,3.900
86.3,3.900
86.2,3.900
86.2,3.900
86.2,3.900
86.2,3.900
86.1,3.900
86.1,3.900
86.1,3.900
86.1,3.895
86.1,3.895
86.0,3.895
86.1,3.895
86.1,3.895
86.1,3.895
85.9,3.895
85.9,3.895
85.9,3.895
85.9,3.895
85.8,3.895
85.8,3.895
85.8,3.895
85.8,3.895
85.8,3.895
85.7,3.895
85.7,3.895
85.7,3.895
85.7,3.895
85.6,3.895
85.6,3.895
85.6,3.895
85.6,3.895
85.5,3.895
85.5,3.895
85.4,3.895
85.4,3.895
85.4,3.895
85.4,3.895
85.3,3.895
85.3,3.895
85.3,3.895
85.3,3.895
85.2,3.895
85.2,3.895
85.2,3.895
85.2,3.895
85.2,3.895
85.1,3.895
85.1,3.895
85.0,3.895
85.0,3.895
85.0,3.895
85.0,3.895
85.0,3.895
85.0,3.895
85.0,3.895
84.9,3.895
84.9,3.895
84.8,3.895
84.8,3.895
84.8,3.895
84.7,3.895
84.7,3.895
84.7,3.895
84.7,3.895
84.6,3.895
84.6,3.895
84.6,3.890
84.5,3.890
84.5,3.890
84.5,3.890
84.5,3.890
84.5,3.890
84.4,3.890
84.4,3.890
84.4,3.890
84.4,3.890
84.3,3.890
84.3,3.890
84.3,3.890
84.2,3.890
84.2,3.890
84.2,3.890
84.2,3.890
84.1,3.890
84.1,3.890
84.1,3.890
84.0,3.890
84.0,3.890
84.0,3.890
84.0,3.890
84.0,3.890
84.0,3.890
84.0,3.890
84.0,3.890
84.0,3.890
83.8,3.890
83.8,3.890
83.8,3.890
83.8,3.890
83.7,3.890
83.7,3.890
83.7,3.890
83.7,3.890
83.6,3.890
83.6,3.890
83.6,3.890
83.6,3.890
83.5,3.890
83.5,3.890
83.4,3.890
83.4,3.890
83.3,3.890
83.3,3.890
83.3,3.890
83.3,3.890
83.3,3.890
83.2,3.890
83.2,3.890
83.2,3.890
83.2,3.890
83.1,3.890
83.1,3.890
83.1,3.890
83.1,3.885
83.0,3.885
83.0,3.885
83.0,3.885
83.0,3.885
82.9,3.885
82.9,3.885
82.9,3.885
82.9,3.885
82.9,3.885
82.8,3.885
82.8,3.885
82.8,3.885
82.7,3.885
82.7,3.885
82.7,3.885
82.6,3.885
82.6,3.885
82.6,3.885
82.6,3.885
82.6,3.885
82.5,3.885
82.5,3.885
82.5,3.885
82.4,3.885
82.4,3.885
82.4,3.885
82.3,3.885
82.3,3.885
82.3,3.885
82.3,3.885
82.2,3.885
82.2,3.885
82.2,3.885
82.2,3.885
82.2,3.885
82.2,3.885
82.2,3.885
82.1,3.885
82.1,3.885
82.0,3.885
82.0,3.885
81.9,3.885
81.9,3.885
81.9,3.885
81.8,3.885
81.8,3.885
81.8,3.885
81.8,3.885
81.8,3.885
81.8,3.885
81.8,3.885
81.8,3.885
81.7,3.885
81.6,3.885
81.6,3.885
81.5,3.885
81.5,3.880
81.5,3.880
81.5,3.880
81.5,3.880
81.4,3.880
81.4,3.880
81.3,3.880
81.3,3.880
81.3,3.880
81.3,3.880
81.3,3.880
81.3,3.880
81.2,3.880
81.3,3.880
81.2,3.880
81.2,3.880
81.2,3.880
81.2,3.880
81.1,3.880
81.1,3.880
81.0,3.880
81.0,3.880
81.0,3.880
81.0,3.880
81.0,3.880
81.0,3.880
81.0,3.880
81.0,3.880
80.9,3.880
80.8,3.880
80.8,3.880
80.7,3.880
80.7,3.880
80.7,3.880
80.7,3.880
80.7,3.880
80.6,3.880
80.6,3.880
80.6,3.880
80.5,3.880
80.5,3.880
80.5,3.880
80.4,3.880
80.4,3.880
80.4,3.880
80.3,3.880
80.3,3.880
80.3,3.880
80.2,3.880
80.2,3.880
80.2,3.880
80.1,3.880
80.1,3.880
80.1,3.875
80.1,3.875
80.1,3.875
80.0,3.875
80.0,3.875
80.0,3.875
79.9,3.875
79.9,3.875
79.9,3.875
79.8,3.875
79.8,3.875
79.8,3.875
79.8,3.875
79.8,3.875
79.7,3.875
79.7,3.875
79.7,3.875
79.6,3.875
79.6,3.875
79.6,3.875
79.6,3.875
79.5,3.875
79.5,3.875
79.5,3.875
79.4,3.875
79.4,3.875
79.3,3.875
79.3,3.875
79.3,3.875
79.3,3.875
79.3,3.875
79.2,3.875
79.2,3.875
79.2,3.875
79.2,3.875
79.2,3.875
79.2,3.875
79.2,3.875
79.2,3.875
79.2,3.875
79.2,3.875
79.1,3.875
79.0,3.875
79.0,3.875
78.9,3.875
78.9,3.875
78.8,3.875
78.8,3.875
78.8,3.875
78.8,3.875
78.7,3.875
78.7,3.875
78.7,3.870
78.7,3.870
78.7,3.870
78.6,3.870
78.7,3.870
78.7,3.870
78.5,3.870
78.5,3.870
78.5,3.870
78.4,3.870
78.4,3.870
78.3,3.870
78.3,3.870
78.3,3.870
78.3,3.870
78.3,3.870
78.3,3.870
78.2,3.870
78.2,3.870
78.2,3.870
78.1,3.870
78.1,3.870
78.1,3.870
78.1,3.870
78.0,3.870
78.0,3.870
78.0,3.870
78.0,3.870
77.9,3.870
77.9,3.870
77.9,3.870
77.9,3.870
77.9,3.870
77.9,3.870
77.9,3.870
77.9,3.870
77.8,3.870
77.7,3.870
77.7,3.870
77.7,3.870
77.7,3.870
77.6,3.870
77.6,3.870
77.6,3.870
77.5,3.870
77.5,3.870
77.5,3.870
77.5,3.870
77.5,3.870
77.4,3.870
77.4,3.870
77.4,3.870
77.3,3.870
77.3,3.870
77.3,3.870
77.3,3.870
77.3,3.870
77.2,3.870
77.2,3.865
77.2,3.865
77.1,3.865
77.1,3.865
77.1,3.865
77.1,3.865
77.1,3.865
77.0,3.865
77.0,3.865
77.0,3.865
77.0,3.865
77.0,3.865
77.0,3.865
77.0,3.865
77.0,3.865
77.0,3.865
76.9,3.865
76.9,3.865
76.9,3.865
76.9,3.865
76.8,3.865
76.8,3.865
76.8,3.865
76.7,3.865
76.7,3.865
76.7,3.865
76.7,3.865
76.7,3.865
76.6,3.865
76.6,3.865
76.6,3.865
76.6,3.865
76.6,3.865
76.6,3.865
76.6,3.865
76.6,3.865
76.6,3.865
76.6,3.865
76.6,3.865
76.5,3.865
76.5,3.865
76.5,3.865
76.5,3.865
76.5,3.865
76.5,3.865
76.5,3.865
76.5,3.865
76.5,3.865
76.4,3.865
76.4,3.865
76.4,3.865
76.4,3.865
76.4,3.865
76.4,3.865
76.4,3.865
76.4,3.865
76.4,3.865
76.3,3.865
76.3,3.865
76.3,3.865
76.3,3.865
76.3,3.865
76.3,3.865
76.3,3.865
76.2,3.865
76.2,3.865
76.2,3.865
76.2,3.865
76.2,3.865
76.2,3.865
76.2,3.865
76.2,3.865
76.1,3.865
76.0,3.865
76.0,3.865
76.0,3.865
76.0,3.865
76.0,3.865
76.0,3.865
76.0,3.865
76.0,3.865
76.0,3.865
76.0,3.865
76.0,3.865
76.0,3.865
76.0,3.865
76.0,3.865
76.0,3.860
76.0,3.860
75.9,3.860
75.9,3.860
75.9,3.860
75.9,3.860
75.9,3.860
75.9,3.860
75.9,3.860
75.9,3.860
75.9,3.860
75.9,3.860
75.9,3.860
75.9,3.860
75.9,3.860
75.9,3.860
75.9,3.860
75.8,3.860
75.8,3.860
75.8,3.860
75.8,3.860
75.8,3.860
75.8,3.860
75.8,3.860
75.8,3.860
75.8,3.860
75.8,3.860
75.8,3.860
75.7,3.860
75.7,3.860
75.7,3.860
75.7,3.860
75.7,3.860
75.7,3.860
75.7,3.860
75.7,3.860
75.7,3.860
75.7,3.860
75.6,3.860
75.6,3.860
75.6,3.860
75.6,3.860
75.6,3.860
75.6,3.860
75.6,3.860
75.6,3.860
75.6,3.860
75.6,3.860
75.6,3.860
75.6,3.860
75.5,3.860
75.5,3.860
75.5,3.860
75.5,3.860
75.5,3.860
75.5,3.860
75.5,3.860
75.5,3.860
75.5,3.860
75.5,3.860
75.5,3.860
75.5,3.860
75.5,3.860
75.5,3.860
75.5,3.860
75.4,3.860
75.4,3.860
75.4,3.860
75.4,3.860
75.4,3.860
75.4,3.860
75.4,3.860
75.4,3.860
75.4,3.860
75.4,3.860
75.3,3.860
75.3,3.860
75.3,3.860
75.3,3.860
75.3,3.860
75.3,3.860
75.3,3.860
75.3,3.860
75.3,3.860
75.3,3.860
75.3,3.860
75.3,3.860
75.2,3.860
75.2,3.860
75.2,3.860
75.2,3.860
75.2,3.860
75.2,3.860
75.2,3.860
75.2,3.860
75.2,3.860
75.2,3.860
75.2,3.860
75.2,3.860
75.2,3.860
75.2,3.860
75.2,3.860
75.2,3.860
75.2,3.860
75.1,3.860
75.1,3.860
75.1,3.860
75.1,3.860
75.1,3.860
75.1,3.860
75.1,3.860
75.0,3.860
75.0,3.860
75.0,3.860
75.0,3.860
75.0,3.860
75.0,3.860
75.0,3.860
75.0,3.860
75.0,3.860
75.0,3.860
75.0,3.860
74.9,3.860
74.9,3.860
74.9,3.860
74.8,3.860
74.8,3.860
74.8,3.860
74.8,3.860
74.8,3.860
74.8,3.860
74.8,3.860
74.8,3.860
74.8,3.860
74.8,3.860
74.8,3.860
74.7,3.860
74.7,3.860
74.7,3.860
74.7,3.860
74.7,3.860
74.7,3.860
74.7,3.860
74.7,3.860
74.7,3.860
74.7,3.860
74.7,3.855
74.7,3.855
74.6,3.855
74.6,3.855
74.6,3.855
74.6,3.855
74.6,3.855
74.6,3.855
74.6,3.855
74.6,3.855
74.6,3.855
74.6,3.855
74.6,3.855
74.5,3.855
74.5,3.855
74.5,3.855
74.5,3.855
74.5,3.855
74.4,3.855
74.4,3.855
74.4,3.855
74.3,3.855
74.3,3.855
74.3,3.855
74.3,3.855
74.3,3.855
74.3,3.855
74.3,3.855
74.3,3.855
74.3,3.855
74.3,3.855
74.3,3.855
74.3,3.855
74.3,3.855
74.3,3.855
74.2,3.855
74.2,3.855
74.2,3.855
74.2,3.855
74.2,3.855
74.2,3.855
74.2,3.855
74.2,3.855
74.2,3.855
74.2,3.855
74.0,3.855
74.0,3.855
74.0,3.855
74.0,3.855
74.0,3.855
74.0,3.855
74.0,3.855
74.0,3.855
74.0,3.855
74.0,3.855
74.0,3.855
74.0,3.855
74.0,3.855
73.9,3.855
73.9,3.855
73.9,3.855
73.9,3.855
73.9,3.855
73.9,3.855
73.9,3.855
73.9,3.855
73.8,3.855
73.8,3.855
73.8,3.855
73.8,3.855
73.8,3.855
73.8,3.855
73.8,3.855
73.8,3.855
73.7,3.855
73.7,3.855
73.7,3.855
73.7,3.855
73.6,3.855
73.6,3.855
73.6,3.855
73.6,3.855
73.6,3.855
73.6,3.855
73.6,3.855
73.6,3.855
73.6,3.855
73.5,3.855
73.5,3.855
73.5,3.855
73.5,3.855
73.5,3.855
73.5,3.855
73.5,3.855
73.5,3.855
73.5,3.855
73.4,3.855
73.4,3.855
73.4,3.855
73.4,3.855
73.3,3.855
73.3,3.855
73.3,3.855
73.3,3.850
73.3,3.850
73.3,3.850
73.3,3.850
73.3,3.850
73.3,3.850
73.2,3.850
73.2,3.850
73.1,3.850
73.1,3.850
73.1,3.850
73.1,3.850
73.1,3.850
73.1,3.850
73.1,3.850
73.1,3.850
73.1,3.850
73.1,3.850
73.1,3.850
73.1,3.850
73.1,3.850
73.1,3.850
73.1,3.850
73.1,3.850
73.1,3.850
73.1,3.850
73.0,3.850
73.0,3.850
73.0,3.850
73.0,3.850
72.9,3.850
72.9,3.850
72.9,3.850
72.9,3.850
72.9,3.850
72.9,3.850
72.9,3.850
72.9,3.850
72.8,3.850
72.8,3.850
72.8,3.850
72.8,3.850
72.8,3.850
72.8,3.850
72.8,3.850
72.8,3.850
72.8,3.850
72.6,3.850
72.6,3.850
72.6,3.850
72.6,3.850
72.6,3.850
72.5,3.850
72.5,3.850
72.5,3.850
72.5,3.850
72.5,3.850
72.5,3.850
72.5,3.850
72.5,3.850
72.5,3.850
72.5,3.850
72.5,3.850
72.5,3.850
72.5,3.850
72.5,3.850
72.4,3.850
72.4,3.850
72.4,3.850
72.4,3.850
72.4,3.850
72.4,3.850
72.4,3.850
72.3,3.850
72.3,3.850
72.3,3.850
72.3,3.850
72.3,3.850
72.3,3.850
72.3,3.850
72.2,3.850
72.2,3.850
72.2,3.850
72.2,3.850
72.1,3.850
72.1,3.850
72.1,3.850
72.0,3.850
72.0,3.850
72.0,3.850
72.0,3.850
72.0,3.850
72.0,3.850
72.0,3.850
72.0,3.850
72.0,3.850
72.0,3.845
71.9,3.845
71.9,3.845
71.9,3.845
71.9,3.845
71.9,3.845
71.9,3.845
71.8,3.845
71.8,3.845
71.8,3.845
71.8,3.845
71.8,3.845
71.8,3.845
71.8,3.845
71.7,3.845
71.7,3.845
71.7,3.845
71.7,3.845
71.7,3.845
71.7,3.845
71.7,3.845
71.6,3.845
71.5,3.845
71.6,3.845
71.5,3.845
71.5,3.845
71.5,3.845
71.5,3.845
71.5,3.845
71.5,3.845
71.5,3.845
71.5,3.845
71.5,3.845
71.4,3.845
71.4,3.845
71.3,3.845
71.3,3.845
71.3,3.845
71.3,3.845
71.3,3.845
71.2,3.845
71.3,3.845
71.2,3.845
71.2,3.845
71.2,3.845
71.1,3.845
71.1,3.845
71.1,3.845
71.0,3.845
71.0,3.845
71.0,3.845
71.0,3.845
71.0,3.845
71.0,3.845
71.0,3.845
71.0,3.845
71.0,3.845
71.0,3.845
71.0,3.845
71.0,3.845
71.0,3.845
71.0,3.845
70.9,3.845
70.8,3.845
70.8,3.845
70.8,3.845
70.8,3.845
70.8,3.845
70.8,3.845
70.8,3.845
70.8,3.845
70.8,3.845
70.8,3.845
70.7,3.845
70.7,3.845
70.7,3.845
70.7,3.845
70.6,3.840
70.6,3.840
70.6,3.840
70.6,3.840
70.5,3.840
70.5,3.840
70.5,3.840
70.5,3.840
70.4,3.840
70.4,3.840
70.4,3.840
70.4,3.840
70.4,3.840
70.4,3.840
70.4,3.840
70.4,3.840
70.4,3.840
70.4,3.840
70.3,3.840
70.3,3.840
70.3,3.840
70.3,3.840
70.3,3.840
70.3,3.840
70.2,3.840
70.1,3.840
70.1,3.840
70.1,3.840
70.1,3.840
70.0,3.840
70.0,3.840
70.0,3.840
70.0,3.840
70.0,3.840
70.0,3.840
70.0,3.840
70.0,3.840
70.0,3.840
70.0,3.840
70.0,3.840
69.9,3.840
69.9,3.840
69.9,3.840
69.8,3.840
69.8,3.840
69.8,3.840
69.8,3.840
69.8,3.840
69.8,3.840
69.8,3.840
69.8,3.840
69.7,3.840
69.7,3.840
69.7,3.840
69.7,3.840
69.6,3.840
69.6,3.840
69.5,3.840
69.5,3.840
69.5,3.840
69.5,3.840
69.5,3.840
69.5,3.840
69.5,3.840
69.5,3.840
69.5,3.840
69.5,3.840
69.5,3.840
69.5,3.840
69.5,3.840
69.5,3.840
69.4,3.835
69.3,3.835
69.3,3.835
69.3,3.835
69.3,3.835
69.3,3.835
69.3,3.835
69.3,3.835
69.3,3.835
69.3,3.835
69.2,3.835
69.2,3.835
69.2,3.835
69.2,3.835
69.2,3.835
69.2,3.835
69.2,3.835
69.2,3.835
69.2,3.835
69.0,3.835
69.0,3.835
69.0,3.835
69.0,3.835
69.0,3.835
69.0,3.835
69.0,3.835
69.0,3.835
69.0,3.835
69.0,3.835
69.0,3.835
69.0,3.835
69.0,3.835
69.0,3.835
69.0,3.835
69.0,3.835
69.0,3.835
68.9,3.835
68.9,3.835
68.9,3.835
68.8,3.835
68.8,3.835
68.8,3.835
68.8,3.835
68.8,3.835
68.8,3.835
68.8,3.835
68.8,3.835
68.7,3.835
68.7,3.835
68.7,3.835
68.7,3.835
68.7,3.835
68.7,3.835
68.7,3.835
68.6,3.835
68.6,3.835
68.6,3.835
68.6,3.835
68.6,3.835
68.6,3.835
68.6,3.835
68.6,3.835
68.6,3.835
68.6,3.835
68.6,3.835
68.6,3.835
68.6,3.835
68.5,3.835
68.5,3.835
68.5,3.835
68.5,3.835
68.5,3.835
68.5,3.835
68.5,3.835
68.4,3.835
68.4,3.835
68.4,3.835
68.4,3.835
68.4,3.835
68.4,3.835
68.4,3.835
68.4,3.835
68.4,3.835
68.3,3.835
68.3,3.835
68.3,3.830
68.3,3.830
68.3,3.830
68.3,3.830
68.2,3.830
68.2,3.830
68.2,3.830
68.2,3.830
68.2,3.830
68.2,3.830
68.2,3.830
68.2,3.830
68.2,3.830
68.2,3.830
68.2,3.830
68.2,3.830
68.1,3.830
68.0,3.830
68.0,3.830
68.0,3.830
68.0,3.830
68.0,3.830
68.0,3.830
68.0,3.830
68.0,3.830
68.0,3.830
68.0,3.830
68.0,3.830
68.0,3.830
68.0,3.830
67.9,3.830
67.9,3.830
67.9,3.830
67.9,3.830
67.9,3.830
67.9,3.830
67.8,3.830
67.8,3.830
67.8,3.830
67.8,3.830
67.8,3.830
67.8,3.830
67.8,3.830
67.8,3.830
67.8,3.830
67.7,3.830
67.7,3.830
67.7,3.830
67.7,3.830
67.7,3.830
67.7,3.830
67.7,3.830
67.7,3.830
67.7,3.830
67.6,3.830
67.6,3.830
67.6,3.830
67.5,3.830
67.6,3.830
67.5,3.830
67.5,3.830
67.5,3.830
67.5,3.830
67.5,3.830
67.5,3.830
67.5,3.830
67.5,3.830
67.4,3.830
67.4,3.830
67.4,3.830
67.4,3.830
67.4,3.830
67.4,3.830
67.4,3.830
67.4,3.830
67.4,3.830
67.4,3.830
67.4,3.830
67.3,3.830
67.3,3.830
67.3,3.830
67.3,3.830
67.3,3.830
67.3,3.830
67.3,3.830
67.2,3.830
67.2,3.830
67.2,3.830
67.2,3.830
67.1,3.830
67.1,3.830
67.1,3.830
67.1,3.830
67.1,3.830
67.1,3.825
67.1,3.825
67.1,3.825
67.1,3.825
67.1,3.825
67.0,3.825
67.0,3.825
67.0,3.825
67.0,3.825
67.0,3.825
67.0,3.825
66.9,3.825
66.9,3.825
66.9,3.825
66.9,3.825
66.9,3.825
66.9,3.825
66.9,3.825
66.8,3.825
66.8,3.825
66.8,3.825
66.8,3.825
66.8,3.825
66.7,3.825
66.7,3.825
66.7,3.825
66.7,3.825
66.7,3.825
66.7,3.825
66.7,3.825
66.7,3.825
66.5,3.825
66.5,3.825
66.5,3.825
66.5,3.825
66.5,3.825
66.5,3.825
66.5,3.825
66.5,3.825
66.5,3.825
66.5,3.825
66.5,3.825
66.5,3.825
66.4,3.825
66.4,3.825
66.4,3.825
66.4,3.825
66.4,3.825
66.4,3.825
66.4,3.825
66.3,3.825
66.3,3.825
66.3,3.825
66.3,3.825
66.3,3.825
66.3,3.825
66.3,3.825
66.1,3.825
66.1,3.825
66.1,3.825
66.1,3.825
66.1,3.825
66.1,3.825
66.1,3.825
66.1,3.825
66.1,3.825
66.1,3.825
66.0,3.825
66.0,3.825
66.0,3.825
66.0,3.825
66.0,3.825
66.0,3.825
65.9,3.825
65.9,3.825
65.9,3.825
65.9,3.825
65.8,3.825
65.8,3.820
65.8,3.820
65.8,3.820
65.8,3.820
65.8,3.820
65.8,3.820
65.8,3.820
65.8,3.820
65.8,3.820
65.7,3.820
65.7,3.820
65.6,3.820
65.6,3.820
65.6,3.820
65.6,3.820
65.6,3.820
65.6,3.820
65.6,3.820
65.6,3.820
65.6,3.820
65.6,3.820
65.5,3.820
65.5,3.820
65.5,3.820
65.5,3.820
65.4,3.820
65.4,3.820
65.4,3.820
65.4,3.820
65.4,3.820
65.4,3.820
65.4,3.820
65.4,3.820
65.4,3.820
65.4,3.820
65.3,3.820
65.3,3.820
65.3,3.820
65.3,3.820
65.3,3.820
65.3,3.820
65.3,3.820
65.3,3.820
65.2,3.820
65.2,3.820
65.1,3.820
65.1,3.820
65.1,3.820
65.1,3.820
65.1,3.820
65.0,3.820
65.0,3.820
65.0,3.820
65.0,3.820
65.0,3.820
65.0,3.820
65.0,3.820
65.0,3.820
65.0,3.820
65.0,3.820
64.9,3.820
64.9,3.820
64.9,3.820
64.9,3.820
64.9,3.820
64.8,3.820
64.8,3.815
64.8,3.815
64.7,3.815
64.7,3.815
64.7,3.815
64.7,3.815
64.6,3.815
64.6,3.815
64.6,3.815
64.6,3.815
64.6,3.815
64.6,3.815
64.6,3.815
64.6,3.815
64.6,3.815
64.6,3.815
64.6,3.815
64.6,3.815
64.6,3.815
64.6,3.815
64.5,3.815
64.5,3.815
64.5,3.815
64.5,3.815
64.5,3.815
64.5,3.815
64.4,3.815
64.4,3.815
64.4,3.815
64.4,3.815
64.4,3.815
64.4,3.815
64.3,3.815
64.3,3.815
64.3,3.815
64.3,3.815
64.3,3.815
64.3,3.815
64.3,3.815
64.3,3.815
64.2,3.815
64.1,3.815
64.1,3.815
64.1,3.815
64.1,3.815
64.1,3.815
64.1,3.815
64.1,3.815
64.1,3.815
64.1,3.815
64.1,3.815
64.0,3.815
64.0,3.815
64.0,3.815
64.0,3.815
64.0,3.815
64.0,3.815
64.0,3.815
64.0,3.815
63.9,3.815
63.9,3.815
63.9,3.815
63.9,3.815
63.9,3.815
63.8,3.815
63.8,3.815
63.8,3.815
63.8,3.815
63.8,3.815
63.8,3.815
63.8,3.815
63.8,3.815
63.8,3.815
63.7,3.810
63.6,3.810
63.6,3.810
63.6,3.810
63.6,3.810
63.6,3.810
63.6,3.810
63.6,3.810
63.6,3.810
63.6,3.810
63.5,3.810
63.5,3.810
63.5,3.810
63.5,3.810
63.5,3.810
63.5,3.810
63.5,3.810
63.5,3.810
63.5,3.810
63.5,3.810
63.5,3.810
63.4,3.810
63.4,3.810
63.4,3.810
63.4,3.810
63.4,3.810
63.4,3.810
63.4,3.810
63.2,3.810
63.2,3.810
63.2,3.810
63.1,3.810
63.1,3.810
63.1,3.810
63.1,3.810
63.1,3.810
63.1,3.810
63.1,3.810
63.1,3.810
63.1,3.810
63.1,3.810
63.1,3.810
63.1,3.810
63.1,3.810
63.0,3.810
63.0,3.810
63.0,3.810
62.9,3.810
62.9,3.810
62.9,3.810
62.9,3.810
62.9,3.810
62.9,3.810
62.9,3.810
62.9,3.810
62.9,3.810
62.9,3.810
62.9,3.810
62.9,3.810
62.9,3.810
62.8,3.810
62.8,3.810
62.8,3.810
62.8,3.810
62.8,3.810
62.8,3.810
62.8,3.810
62.8,3.810
62.7,3.810
62.7,3.810
62.7,3.810
62.7,3.810
62.6,3.810
62.6,3.810
62.6,3.810
62.6,3.810
62.6,3.805
62.6,3.805
62.6,3.805
62.6,3.805
62.5,3.805
62.5,3.805
62.5,3.805
62.5,3.805
62.5,3.805
62.5,3.805
62.5,3.805
62.4,3.805
62.4,3.805
62.4,3.805
62.4,3.805
62.3,3.805
62.3,3.805
62.3,3.805
62.3,3.805
62.3,3.805
62.3,3.805
62.3,3.805
62.3,3.805
62.2,3.805
62.2,3.805
62.2,3.805
62.2,3.805
62.2,3.805
62.2,3.805
62.2,3.805
62.2,3.805
62.2,3.805
62.2,3.805
62.1,3.805
62.1,3.805
62.1,3.805
62.1,3.805
62.1,3.805
62.1,3.805
62.0,3.805
62.0,3.805
62.0,3.805
62.0,3.805
62.0,3.805
62.0,3.805
62.0,3.805
61.9,3.805
61.9,3.805
61.9,3.805
61.9,3.805
61.9,3.805
61.9,3.805
61.9,3.805
61.9,3.805
61.9,3.805
61.9,3.805
61.9,3.805
61.8,3.805
61.8,3.805
61.7,3.805
61.7,3.805
61.6,3.805
61.6,3.805
61.6,3.805
61.6,3.805
61.6,3.805
61.6,3.805
61.6,3.805
61.6,3.805
61.6,3.805
61.6,3.805
61.6,3.805
61.6,3.805
61.5,3.805
61.5,3.805
61.5,3.800
61.4,3.800
61.4,3.800
61.5,3.800
61.4,3.800
61.4,3.800
61.4,3.800
61.3,3.800
61.3,3.800
61.3,3.800
61.3,3.800
61.3,3.800
61.3,3.800
61.3,3.800
61.3,3.800
61.2,3.800
61.2,3.800
61.1,3.800
61.1,3.800
61.1,3.800
61.1,3.800
61.1,3.800
61.1,3.800
61.1,3.800
61.0,3.800
61.1,3.800
61.1,3.800
61.0,3.800
61.0,3.800
60.9,3.800
60.9,3.800
60.9,3.800
60.9,3.800
60.9,3.800
60.9,3.800
60.8,3.800
60.9,3.800
60.8,3.800
60.8,3.800
60.8,3.800
60.8,3.800
60.8,3.800
60.8,3.800
60.8,3.800
60.8,3.800
60.7,3.800
60.7,3.800
60.7,3.800
60.7,3.800
60.7,3.800
60.6,3.800
60.6,3.800
60.6,3.800
60.5,3.800
60.5,3.800
60.5,3.800
60.4,3.800
60.4,3.800
60.4,3.800
60.4,3.800
60.4,3.800
60.4,3.800
60.4,3.795
60.4,3.795
60.4,3.795
60.4,3.795
60.4,3.795
60.4,3.795
60.3,3.795
60.3,3.795
60.3,3.795
60.2,3.795
60.2,3.795
60.2,3.795
60.2,3.795
60.1,3.795
60.1,3.795
60.1,3.795
60.1,3.795
60.1,3.795
60.1,3.795
60.1,3.795
60.1,3.795
60.0,3.795
60.0,3.795
59.9,3.795
59.9,3.795
59.9,3.795
59.9,3.795
59.9,3.795
59.9,3.795
59.9,3.795
59.9,3.795
59.9,3.795
59.8,3.795
59.8,3.795
59.8,3.795
59.8,3.795
59.7,3.795
59.7,3.795
59.7,3.795
59.7,3.795
59.7,3.795
59.6,3.795
59.6,3.795
59.6,3.795
59.6,3.795
59.5,3.795
59.6,3.795
59.6,3.795
59.5,3.795
59.5,3.795
59.5,3.795
59.5,3.795
59.5,3.795
59.5,3.795
59.4,3.795
59.4,3.795
59.4,3.790
59.4,3.790
59.3,3.790
59.3,3.790
59.2,3.790
59.2,3.790
59.2,3.790
59.2,3.790
59.2,3.790
59.1,3.790
59.1,3.790
59.0,3.790
59.0,3.790
59.0,3.790
59.0,3.790
59.0,3.790
59.0,3.790
59.0,3.790
59.0,3.790
59.0,3.790
59.0,3.790
59.0,3.790
58.9,3.790
58.8,3.790
58.9,3.790
58.8,3.790
58.8,3.790
58.7,3.790
58.7,3.790
58.7,3.790
58.7,3.790
58.6,3.790
58.6,3.790
58.6,3.790
58.6,3.790
58.5,3.790
58.5,3.790
58.5,3.790
58.5,3.790
58.4,3.790
58.4,3.790
58.4,3.790
58.4,3.790
58.4,3.790
58.4,3.790
58.4,3.790
58.4,3.790
58.4,3.790
58.3,3.790
58.3,3.790
58.2,3.785
58.2,3.785
58.2,3.785
58.2,3.785
58.1,3.785
58.1,3.785
58.1,3.785
58.1,3.785
58.1,3.785
58.1,3.785
58.1,3.785
58.1,3.785
58.1,3.785
58.0,3.785
57.9,3.785
57.9,3.785
57.9,3.785
57.9,3.785
57.9,3.785
57.9,3.785
57.9,3.785
57.8,3.785
57.7,3.785
57.7,3.785
57.7,3.785
57.6,3.785
57.6,3.785
57.6,3.785
57.6,3.785
57.5,3.785
57.5,3.785
57.5,3.785
57.5,3.785
57.5,3.785
57.4,3.785
57.4,3.785
57.4,3.785
57.4,3.785
57.4,3.785
57.4,3.785
57.4,3.785
57.3,3.785
57.3,3.785
57.2,3.780
57.2,3.780
57.2,3.780
57.1,3.780
57.1,3.780
57.1,3.780
57.0,3.780
57.0,3.780
57.0,3.780
57.0,3.780
57.0,3.780
56.9,3.780
56.9,3.780
56.9,3.780
56.8,3.780
56.8,3.780
56.8,3.780
56.7,3.780
56.7,3.780
56.7,3.780
56.7,3.780
56.7,3.780
56.7,3.780
56.7,3.780
56.7,3.780
56.7,3.780
56.7,3.780
56.5,3.780
56.5,3.780
56.5,3.780
56.4,3.780
56.4,3.780
56.4,3.780
56.4,3.780
56.4,3.780
56.3,3.780
56.3,3.780
56.3,3.780
56.2,3.780
56.2,3.780
56.2,3.780
56.2,3.775
56.2,3.775
56.2,3.775
56.2,3.775
56.2,3.775
56.2,3.775
56.2,3.775
56.0,3.775
56.0,3.775
56.0,3.775
56.0,3.775
55.9,3.775
55.9,3.775
55.9,3.775
55.9,3.775
55.9,3.775
55.8,3.775
55.8,3.775
55.8,3.775
55.7,3.775
55.7,3.775
55.7,3.775
55.7,3.775
55.7,3.775
55.6,3.775
55.6,3.775
55.6,3.775
55.6,3.775
55.6,3.775
55.6,3.775
55.6,3.775
55.5,3.775
55.5,3.775
55.5,3.775
55.5,3.775
55.4,3.775
55.4,3.775
55.4,3.775
55.4,3.775
55.3,3.770
55.3,3.770
55.3,3.770
55.3,3.770
55.2,3.770
55.2,3.770
55.2,3.770
55.2,3.770
55.2,3.770
55.2,3.770
55.1,3.770
55.1,3.770
55.0,3.770
55.0,3.770
55.0,3.770
55.0,3.770
55.0,3.770
55.0,3.770
55.0,3.770
55.0,3.770
54.9,3.770
54.9,3.770
54.9,3.770
54.8,3.770
54.8,3.770
54.8,3.770
54.8,3.770
54.8,3.770
54.7,3.770
54.7,3.770
54.7,3.770
54.7,3.770
54.7,3.770
54.6,3.770
54.6,3.770
54.6,3.770
54.6,3.770
54.5,3.770
54.5,3.770
54.5,3.770
54.5,3.770
54.5,3.770
54.5,3.770
54.5,3.770
54.5,3.770
54.5,3.765
54.4,3.765
54.4,3.765
54.4,3.765
54.3,3.765
54.3,3.765
54.3,3.765
54.2,3.765
54.2,3.765
54.2,3.765
54.2,3.765
54.2,3.765
54.1,3.765
54.2,3.765
54.1,3.765
54.1,3.765
54.1,3.765
54.0,3.765
54.0,3.765
54.0,3.765
54.0,3.765
54.0,3.765
53.9,3.765
53.9,3.765
53.9,3.765
53.9,3.765
53.8,3.765
53.8,3.765
53.8,3.765
53.8,3.765
53.8,3.765
53.7,3.765
53.8,3.765
53.8,3.765
53.7,3.765
53.7,3.765
53.6,3.765
53.6,3.765
53.6,3.765
53.5,3.760
53.5,3.760
53.5,3.760
53.5,3.760
53.5,3.760
53.5,3.760
53.4,3.760
53.4,3.760
53.3,3.760
53.3,3.760
53.3,3.760
53.2,3.760
53.2,3.760
53.2,3.760
53.2,3.760
53.2,3.760
53.2,3.760
53.2,3.760
53.2,3.760
53.1,3.760
53.1,3.760
53.0,3.760
53.0,3.760
53.0,3.760
52.9,3.760
52.9,3.760
52.9,3.760
52.9,3.760
52.9,3.760
52.8,3.760
52.8,3.760
52.8,3.760
52.8,3.760
52.8,3.755
52.8,3.755
52.8,3.755
52.8,3.755
52.7,3.755
52.6,3.755
52.6,3.755
52.6,3.755
52.6,3.755
52.6,3.755
52.5,3.755
52.5,3.755
52.5,3.755
52.4,3.755
52.4,3.755
52.4,3.755
52.3,3.755
52.3,3.755
52.3,3.755
52.3,3.755
52.3,3.755
52.3,3.755
52.3,3.755
52.3,3.755
52.2,3.755
52.2,3.755
52.2,3.755
52.2,3.755
52.2,3.755
52.1,3.755
52.1,3.755
52.0,3.750
52.0,3.750
52.0,3.750
51.9,3.750
51.9,3.750
51.9,3.750
51.8,3.750
51.8,3.750
51.8,3.750
51.8,3.750
51.7,3.750
51.7,3.750
51.7,3.750
51.7,3.750
51.7,3.750
51.7,3.750
51.7,3.750
51.7,3.750
51.6,3.750
51.5,3.750
51.5,3.750
51.5,3.750
51.5,3.750
51.5,3.750
51.4,3.750
51.4,3.750
51.4,3.750
51.3,3.750
51.3,3.750
51.3,3.750
51.3,3.745
51.2,3.745
51.2,3.745
51.2,3.745
51.2,3.745
51.2,3.745
51.2,3.745
51.2,3.745
51.2,3.745
51.1,3.745
51.1,3.745
51.0,3.745
51.0,3.745
51.0,3.745
51.0,3.745
50.9,3.745
50.9,3.745
50.9,3.745
50.9,3.745
50.9,3.745
50.9,3.745
50.9,3.745
50.9,3.745
50.9,3.745
50.8,3.745
50.8,3.745
50.8,3.745
50.8,3.745
50.8,3.745
50.7,3.740
50.7,3.740
50.6,3.740
50.6,3.740
50.6,3.740
50.6,3.740
50.5,3.740
50.5,3.740
50.5,3.740
50.5,3.740
50.5,3.740
50.5,3.740
50.5,3.740
50.5,3.740
50.5,3.740
50.5,3.740
50.5,3.740
50.4,3.740
50.4,3.740
50.4,3.740
50.3,3.740
50.2,3.740
50.2,3.740
50.2,3.740
50.2,3.740
50.2,3.740
50.2,3.740
50.2,3.735
50.2,3.735
50.2,3.735
50.2,3.735
50.2,3.735
50.2,3.735
50.2,3.735
50.2,3.735
50.2,3.735
50.2,3.735
50.2,3.735
50.2,3.735
50.2,3.735
50.0,3.735
50.1,3.735
50.1,3.735
50.1,3.735
50.1,3.735
50.1,3.735
50.1,3.735
50.0,3.735
50.0,3.735
49.9,3.735
49.9,3.735
49.9,3.735
49.9,3.735
49.9,3.735
49.9,3.735
49.9,3.735
49.9,3.735
49.9,3.735
49.9,3.730
49.9,3.730
49.9,3.730
49.9,3.730
49.9,3.730
49.9,3.730
49.9,3.730
49.9,3.730
49.9,3.730
49.8,3.730
49.8,3.730
49.8,3.730
49.8,3.730
49.8,3.730
49.8,3.730
49.8,3.730
49.8,3.730
49.8,3.730
49.7,3.730
49.7,3.730
49.7,3.730
49.7,3.730
49.7,3.730
49.7,3.730
49.7,3.730
49.7,3.730
49.7,3.730
49.7,3.730
49.7,3.730
49.7,3.730
49.7,3.730
49.7,3.730
49.7,3.725
49.7,3.725
49.7,3.725
49.7,3.725
49.7,3.725
49.7,3.725
49.7,3.725
49.7,3.725
49.7,3.725
49.7,3.725
49.7,3.725
49.7,3.725
49.7,3.725
49.7,3.725
49.7,3.725
49.7,3.725
49.7,3.725
49.7,3.725
49.7,3.725
49.7,3.725
49.7,3.725
49.7,3.725
49.7,3.725
49.7,3.725
49.7,3.725
49.7,3.725
49.7,3.725
49.7,3.725
49.7,3.725
49.7,3.725
49.7,3.725
49.7,3.725
49.7,3.720
49.7,3.720
49.7,3.720
49.7,3.720
49.7,3.720
49.7,3.720
49.7,3.720
49.7,3.720
49.7,3.720
49.7,3.720
49.7,3.720
49.7,3.720
49.6,3.720
49.6,3.720
49.6,3.720
49.6,3.720
49.6,3.720
49.6,3.720
49.6,3.720
49.6,3.720
49.6,3.720
49.6,3.720
49.6,3.720
49.6,3.720
49.6,3.720
49.6,3.720
49.6,3.720
49.6,3.720
49.6,3.720
49.6,3.720
49.6,3.720
49.6,3.720
49.6,3.715
49.6,3.715
49.6,3.715
49.6,3.715
49.6,3.715
49.6,3.715
49.6,3.715
49.6,3.715
49.6,3.715
49.6,3.715
49.6,3.715
49.6,3.715
49.6,3.715
49.6,3.715
49.6,3.715
49.6,3.715
49.6,3.715
49.6,3.715
49.6,3.715
49.6,3.715
49.6,3.715
49.6,3.715
49.6,3.715
49.6,3.715
49.6,3.715
49.6,3.715
49.6,3.715
49.6,3.715
49.6,3.715
49.6,3.715
49.6,3.715
49.6,3.710
49.6,3.710
49.6,3.710
49.6,3.710
49.6,3.710
49.6,3.710
49.6,3.710
49.6,3.710
49.6,3.710
49.6,3.710
49.6,3.710
49.6,3.710
49.6,3.710
49.6,3.710
49.6,3.710
49.6,3.710
49.6,3.710
49.6,3.710
49.6,3.710
49.6,3.710
49.6,3.710
49.6,3.710
49.6,3.710
49.6,3.710
49.6,3.710
49.6,3.710
49.6,3.710
49.6,3.710
49.6,3.710
49.5,3.710
49.5,3.705
49.5,3.705
49.5,3.705
49.5,3.705
49.5,3.705
49.5,3.705
49.5,3.705
49.5,3.705
49.5,3.705
49.5,3.705
49.5,3.705
49.5,3.705
49.5,3.705
49.5,3.705
49.5,3.705
49.5,3.705
49.5,3.705
49.5,3.705
49.5,3.705
49.5,3.705
49.5,3.705
49.5,3.705
49.5,3.705
49.5,3.705
49.5,3.705
49.5,3.705
49.5,3.705
49.5,3.705
49.5,3.700
49.5,3.700
49.5,3.700
49.5,3.700
49.5,3.700
49.5,3.700
49.5,3.700
49.5,3.700
49.5,3.700
49.5,3.700
49.5,3.700
49.5,3.700
49.5,3.700
49.5,3.700
49.5,3.700
49.5,3.700
49.5,3.700
49.5,3.700
49.5,3.700
49.5,3.700
49.5,3.700
49.5,3.700
49.5,3.700
49.5,3.700
49.5,3.700
49.5,3.700
49.5,3.695
49.5,3.695
49.5,3.695
49.5,3.695
49.5,3.695
49.5,3.695
49.5,3.695
49.5,3.695
49.5,3.695
49.5,3.695
49.5,3.695
49.5,3.695
49.5,3.695
49.5,3.695
49.5,3.695
49.5,3.695
49.5,3.695
49.5,3.695
49.5,3.695
49.5,3.695
49.5,3.695
49.5,3.695
49.5,3.695
49.5,3.690
49.5,3.690
49.5,3.690
49.4,3.690
49.4,3.690
49.4,3.690
49.4,3.690
49.4,3.690
49.4,3.690
49.4,3.690
49.4,3.690
49.4,3.690
49.4,3.690
49.4,3.690
49.5,3.690
49.5,3.690
49.5,3.690
49.5,3.690
49.5,3.690
49.5,3.690
49.5,3.690
49.5,3.690
49.5,3.690
49.5,3.685
49.5,3.685
49.5,3.685
49.5,3.685
49.5,3.685
49.5,3.685
49.5,3.685
49.5,3.685
49.5,3.685
49.5,3.685
49.5,3.685
49.5,3.685
49.5,3.685
49.5,3.685
49.5,3.685
49.5,3.685
49.5,3.685
49.5,3.685
49.5,3.685
49.5,3.685
49.5,3.685
49.4,3.680
49.4,3.680
49.4,3.680
49.4,3.680
49.4,3.680
49.4,3.680
49.4,3.680
49.4,3.680
49.4,3.680
49.4,3.680
49.4,3.680
49.4,3.680
49.4,3.680
49.4,3.680
49.4,3.680
49.4,3.680
49.4,3.680
49.4,3.680
49.4,3.675
49.4,3.675
49.4,3.675
49.4,3.675
49.4,3.675
49.4,3.675
49.4,3.675
49.4,3.675
49.4,3.675
49.4,3.675
49.4,3.675
49.4,3.675
49.4,3.675
49.4,3.675
49.4,3.675
49.4,3.675
49.4,3.675
49.4,3.675
49.4,3.670
49.4,3.670
49.5,3.670
49.5,3.670
49.5,3.670
49.5,3.670
49.5,3.670
49.5,3.670
49.5,3.670
49.5,3.670
49.4,3.670
49.4,3.670
49.4,3.670
49.4,3.670
49.4,3.670
49.4,3.670
49.4,3.670
49.4,3.665
49.4,3.665
49.4,3.665
49.4,3.665
49.4,3.665
49.4,3.665
49.4,3.665
49.4,3.665
49.4,3.665
49.4,3.665
49.4,3.665
49.4,3.665
49.4,3.665
49.4,3.665
49.4,3.665
49.4,3.665
49.4,3.665
49.4,3.660
49.4,3.660
49.4,3.660
49.4,3.660
49.4,3.660
49.4,3.660
49.4,3.660
49.4,3.660
49.4,3.660
49.4,3.660
49.4,3.660
49.4,3.660
49.4,3.660
49.4,3.660
49.4,3.660
49.4,3.655
49.4,3.655
49.4,3.655
49.4,3.655
49.4,3.655
49.4,3.655
49.4,3.655
49.4,3.655
49.4,3.655
49.4,3.655
49.4,3.655
49.4,3.655
49.4,3.655
49.4,3.655
49.4,3.655
49.4,3.655
49.4,3.650
49.4,3.650
49.4,3.650
49.4,3.650
49.4,3.650
49.4,3.650
49.4,3.650
49.4,3.650
49.4,3.650
49.4,3.650
49.4,3.650
49.4,3.650
49.4,3.650
49.4,3.650
49.4,3.650
49.4,3.650
49.4,3.650
49.4,3.645
49.4,3.645
49.4,3.645
49.4,3.645
49.4,3.645
49.4,3.645
49.4,3.645
49.4,3.645
49.4,3.645
49.4,3.645
49.4,3.645
49.4,3.645
49.4,3.645
49.4,3.645
49.4,3.645
49.4,3.645
49.4,3.645
49.4,3.640
49.4,3.640
49.4,3.640
49.4,3.640
49.4,3.640
49.4,3.640
49.4,3.640
49.4,3.640
49.4,3.640
49.4,3.640
49.4,3.640
49.4,3.640
49.4,3.640
49.3,3.640
49.3,3.640
49.3,3.640
49.3,3.635
49.3,3.635
49.3,3.635
49.3,3.635
49.3,3.635
49.3,3.635
49.3,3.635
49.3,3.635
49.3,3.635
49.3,3.635
49.3,3.635
49.3,3.635
49.3,3.635
49.3,3.635
49.3,3.635
49.3,3.635
49.3,3.635
49.3,3.630
49.3,3.630
49.3,3.630
49.3,3.630
49.3,3.630
49.3,3.630
49.3,3.630
49.3,3.630
49.3,3.630
49.3,3.630
49.3,3.630
49.3,3.630
49.3,3.630
49.3,3.630
49.3,3.630
49.3,3.630
49.3,3.630
49.3,3.625
49.3,3.625
49.3,3.625
49.3,3.625
49.3,3.625
49.3,3.625
49.3,3.625
49.3,3.625
49.3,3.625
49.3,3.625
49.3,3.625
49.3,3.625
49.3,3.625
49.3,3.625
49.3,3.625
49.3,3.625
49.3,3.620
49.3,3.620
49.3,3.620
49.3,3.620
49.3,3.620
49.3,3.620
49.2,3.620
49.2,3.620
49.2,3.620
49.2,3.620
49.2,3.620
49.2,3.620
49.2,3.620
49.2,3.620
49.2,3.620
49.2,3.620
49.2,3.615
49.2,3.615
49.3,3.615
49.3,3.615
49.3,3.615
49.3,3.615
49.3,3.615
49.3,3.615
49.3,3.615
49.2,3.615
49.2,3.615
49.2,3.615
49.2,3.615
49.2,3.615
49.2,3.615
49.2,3.615
49.2,3.610
49.2,3.610
49.2,3.610
49.2,3.610
49.2,3.610
49.2,3.610
49.2,3.610
49.2,3.610
49.2,3.610
49.2,3.610
49.2,3.610
49.2,3.610
49.2,3.610
49.2,3.610
49.2,3.610
49.2,3.605
49.2,3.605
49.1,3.605
49.1,3.605
49.1,3.605
49.1,3.605
49.1,3.605
49.1,3.605
49.1,3.605
49.1,3.605
49.1,3.605
49.1,3.605
49.1,3.605
49.1,3.605
49.2,3.605
49.2,3.600
49.2,3.600
49.2,3.600
49.2,3.600
49.2,3.600
49.2,3.600
49.2,3.600
49.2,3.600
49.2,3.600
49.2,3.600
49.2,3.600
49.2,3.600
49.2,3.600
49.2,3.600
49.2,3.595
49.2,3.595
49.2,3.595
49.2,3.595
49.2,3.595
49.2,3.595
49.2,3.595
49.2,3.595
49.2,3.595
49.2,3.595
49.2,3.595
49.2,3.595
49.2,3.595
49.2,3.590
49.2,3.590
49.2,3.590
49.1,3.590
49.1,3.590
49.1,3.590
49.1,3.590
49.1,3.590
49.1,3.590
49.1,3.590
49.1,3.590
49.1,3.590
49.1,3.590
49.1,3.590
49.1,3.585
49.1,3.585
49.1,3.585
49.1,3.585
49.1,3.585
49.1,3.585
49.1,3.585
49.1,3.585
49.1,3.585
49.1,3.585
49.1,3.585
49.1,3.585
49.1,3.585
49.1,3.580
49.1,3.580
49.1,3.580
49.1,3.580
49.1,3.580
49.1,3.580
49.1,3.580
49.1,3.580
49.1,3.580
49.1,3.580
49.1,3.580
49.1,3.580
49.1,3.575
49.1,3.575
49.1,3.575
49.1,3.575
49.1,3.575
49.1,3.575
49.1,3.575
49.1,3.575
49.1,3.575
49.1,3.575
49.1,3.575
49.1,3.575
49.1,3.575
49.1,3.570
49.1,3.570
49.1,3.570
49.1,3.570
49.1,3.570
49.1,3.570
49.1,3.570
49.1,3.570
49.1,3.570
49.1,3.570
49.1,3.570
49.1,3.570
49.1,3.570
49.1,3.565
49.1,3.565
49.1,3.565
49.1,3.565
49.1,3.565
49.1,3.565
49.1,3.565
49.1,3.565
49.1,3.565
49.1,3.565
49.1,3.565
49.1,3.565
49.1,3.565
49.1,3.560
49.1,3.560
49.1,3.560
49.1,3.560
49.1,3.560
49.1,3.560
49.1,3.560
49.1,3.560
49.1,3.560
49.1,3.560
49.1,3.560
49.1,3.560
49.1,3.560
49.1,3.555
49.1,3.555
49.0,3.555
49.0,3.555
49.0,3.555
49.0,3.555
49.0,3.555
49.0,3.555
49.0,3.555
49.0,3.555
49.0,3.555
49.0,3.555
49.0,3.555
49.0,3.550
49.0,3.550
49.0,3.550
49.0,3.550
49.0,3.550
49.0,3.550
49.0,3.550
49.0,3.550
49.0,3.550
49.0,3.550
49.0,3.550
49.0,3.550
49.0,3.550
49.0,3.545
49.0,3.545
49.0,3.545
49.0,3.545
49.0,3.545
49.0,3.545
49.0,3.545
49.0,3.545
49.0,3.545
49.0,3.545
49.0,3.545
49.0,3.545
49.0,3.545
49.0,3.540
49.0,3.540
49.0,3.540
49.0,3.540
49.0,3.540
49.0,3.540
49.0,3.540
49.0,3.540
49.0,3.540
49.0,3.540
48.9,3.540
48.9,3.540
48.9,3.540
48.9,3.535
48.9,3.535
48.9,3.535
48.9,3.535
48.9,3.535
48.9,3.535
49.0,3.535
49.0,3.535
49.0,3.535
49.0,3.535
49.0,3.535
49.0,3.535
49.0,3.530
49.0,3.530
48.9,3.530
48.8,3.530
48.8,3.530
48.9,3.530
48.9,3.530
48.9,3.530
48.9,3.530
48.9,3.530
49.0,3.530
48.9,3.530
49.0,3.525
49.0,3.525
49.0,3.525
49.0,3.525
49.0,3.525
49.0,3.525
49.0,3.525
49.0,3.525
49.0,3.525
49.0,3.525
48.9,3.525
48.9,3.520
48.9,3.520
48.9,3.520
48.9,3.520
48.9,3.520
48.9,3.520
48.9,3.520
48.9,3.520
48.9,3.520
48.9,3.520
48.9,3.515
48.9,3.515
48.9,3.515
48.9,3.515
48.9,3.515
48.9,3.515
48.9,3.515
48.9,3.515
48.9,3.515
48.9,3.515
48.9,3.510
48.9,3.510
48.9,3.510
48.9,3.510
48.9,3.510
48.9,3.510
48.9,3.510
48.9,3.510
48.9,3.510
48.9,3.510
48.9,3.505
48.9,3.505
48.9,3.505
48.9,3.505
48.9,3.505
48.8,3.505
48.8,3.505
48.8,3.505
48.8,3.505
48.8,3.505
48.8,3.500
48.8,3.500
48.8,3.500
48.8,3.500
48.8,3.500
48.8,3.500
48.8,3.500
48.8,3.500
48.8,3.500
48.8,3.495
48.8,3.495
48.8,3.495
48.8,3.495
48.8,3.495
48.8,3.495
48.8,3.495
48.8,3.495
48.8,3.495
48.8,3.495
48.8,3.490
48.8,3.490
48.8,3.490
48.8,3.490
48.8,3.490
48.8,3.490
48.8,3.490
48.8,3.490
48.8,3.490
48.8,3.490
48.8,3.485
48.8,3.485
48.8,3.485
48.8,3.485
48.9,3.485
48.9,3.485
48.9,3.485
48.9,3.485
48.8,3.485
48.8,3.485
48.8,3.480
48.8,3.480
48.8,3.480
48.8,3.480
48.8,3.480
48.8,3.480
48.8,3.480
48.8,3.480
48.8,3.480
48.8,3.475
48.8,3.475
48.8,3.475
48.8,3.475
48.8,3.475
48.8,3.475
48.8,3.475
48.8,3.475
48.8,3.475
48.8,3.470
48.8,3.470
48.8,3.470
48.8,3.470
48.8,3.470
48.7,3.470
48.7,3.470
48.7,3.470
48.7,3.470
48.7,3.470
48.7,3.465
48.7,3.465
48.7,3.465
48.7,3.465
48.7,3.465
48.7,3.465
48.7,3.465
48.7,3.465
48.8,3.465
48.8,3.460
48.8,3.460
48.7,3.460
48.7,3.460
48.7,3.460
48.7,3.460
48.7,3.460
48.7,3.460
48.7,3.460
48.7,3.455
48.7,3.455
48.7,3.455
48.7,3.455
48.7,3.455
48.7,3.455
48.7,3.455
48.7,3.455
48.7,3.450
48.7,3.450
48.7,3.450
48.7,3.450
48.7,3.450
48.7,3.450
48.7,3.450
48.7,3.450
48.7,3.450
48.7,3.445
48.6,3.445
48.6,3.445
48.6,3.445
48.6,3.445
48.6,3.445
48.6,3.445
48.6,3.445
48.6,3.440
48.6,3.440
48.6,3.440
48.6,3.440
48.6,3.440
48.6,3.440
48.6,3.440
48.6,3.440
48.6,3.435
48.6,3.435
48.6,3.435
48.6,3.435
48.6,3.435
48.6,3.435
48.6,3.435
48.6,3.435
48.6,3.430
48.6,3.430
48.6,3.430
48.6,3.430
48.6,3.430
48.6,3.430
48.6,3.430
48.6,3.430
48.6,3.425
48.6,3.425
48.6,3.425
48.6,3.425
48.6,3.425
48.6,3.425
48.6,3.425
48.6,3.425
48.6,3.420
48.6,3.420
48.6,3.420
48.6,3.420
48.5,3.420
48.5,3.420
48.5,3.420
48.5,3.415
48.6,3.415
48.6,3.415
48.6,3.415
48.6,3.415
48.6,3.415
48.6,3.415
48.6,3.415
48.6,3.410
48.6,3.410
48.6,3.410
48.6,3.410
48.6,3.410
48.5,3.410
48.5,3.410
48.5,3.410
48.5,3.405
48.5,3.405
48.5,3.405
48.5,3.405
48.5,3.405
48.5,3.405
48.5,3.405
48.5,3.405
48.5,3.400
48.5,3.400
48.5,3.400
48.5,3.400
48.5,3.400
48.5,3.400
48.5,3.400
48.5,3.400
48.5,3.395
48.5,3.395
48.5,3.395
48.5,3.395
48.5,3.395
48.5,3.395
48.4,3.395
48.4,3.395
48.4,3.390
48.4,3.390
48.4,3.390
48.4,3.390
48.4,3.390
48.4,3.390
48.5,3.390
48.5,3.390
48.5,3.385
48.5,3.385
48.5,3.385
48.5,3.385
48.5,3.385
48.5,3.385
48.5,3.385
48.5,3.385
48.4,3.380
48.4,3.380
48.4,3.380
48.4,3.380
48.4,3.380
48.4,3.380
48.4,3.380
48.4,3.380
48.4,3.375
48.4,3.375
48.4,3.375
48.4,3.375
48.4,3.375
48.4,3.375
48.4,3.375
48.4,3.370
48.4,3.370
48.4,3.370
48.4,3.370
48.4,3.370
48.3,3.370
48.3,3.370
48.3,3.370
48.3,3.365
48.3,3.365
48.3,3.365
48.3,3.365
48.3,3.365
48.3,3.365
48.3,3.365
48.3,3.365
48.3,3.360
48.3,3.360
48.3,3.360
48.3,3.360
48.3,3.360
48.3,3.360
48.3,3.360
48.3,3.355
48.3,3.355
48.3,3.355
48.3,3.355
48.3,3.355
48.3,3.355
48.3,3.355
48.3,3.350
48.3,3.350
48.3,3.350
48.3,3.350
48.3,3.350
48.3,3.350
48.3,3.350
48.3,3.350
48.3,3.345
48.3,3.345
48.3,3.345
48.3,3.345
48.3,3.345
48.3,3.345
48.3,3.345
48.3,3.340
48.3,3.340
48.3,3.340
48.3,3.340
48.3,3.340
48.3,3.340
48.3,3.340
48.3,3.335
48.3,3.335
48.3,3.335
48.3,3.335
48.3,3.335
48.3,3.335
48.2,3.335
48.2,3.330
48.2,3.330
48.2,3.330
48.2,3.330
48.2,3.330
48.2,3.330
48.2,3.330
48.2,3.330
48.2,3.325
48.3,3.325
48.3,3.325
48.3,3.325
48.2,3.325
48.3,3.325
48.3,3.325
48.2,3.320
48.2,3.320
48.2,3.320
48.2,3.320
48.2,3.320
48.2,3.320
48.2,3.320
48.2,3.315
48.2,3.315
48.2,3.315
48.2,3.315
48.2,3.315
48.2,3.315
48.3,3.315
48.3,3.315
48.3,3.310
48.3,3.310
48.3,3.310
48.2,3.310
48.2,3.310
48.2,3.310
48.2,3.310
48.2,3.310
48.2,3.305
48.1,3.305
48.1,3.305
48.1,3.305
48.1,3.305
48.1,3.305
48.1,3.305
48.1,3.305
48.2,3.300
48.2,3.300
48.2,3.300
48.2,3.300
48.2,3.300
48.2,3.300
48.2,3.300
48.2,3.300
48.2,3.295
48.2,3.295
48.2,3.295
48.2,3.295
48.2,3.295
48.1,3.295
48.1,3.295
48.1,3.290
48.1,3.290
48.1,3.290
48.1,3.290
48.1,3.290
48.1,3.290
48.2,3.290
48.2,3.290
48.2,3.290
48.2,3.285
48.2,3.285
48.2,3.285
48.1,3.285
48.1,3.285
48.1,3.285
48.0,3.285
48.0,3.285
48.0,3.280
48.0,3.280
48.0,3.280
48.0,3.280
48.0,3.280
48.0,3.280
48.0,3.280
48.1,3.280
48.1,3.275
48.1,3.275
48.1,3.275
48.1,3.275
48.1,3.275
48.1,3.275
48.1,3.275
48.1,3.275
48.1,3.270
48.1,3.270
48.0,3.270
48.0,3.270
48.0,3.270
48.0,3.270
48.0,3.270
48.0,3.270
48.0,3.265
48.0,3.265
48.0,3.265
48.0,3.265
48.0,3.265
48.0,3.265
48.1,3.265
48.1,3.265
48.1,3.265
48.1,3.260
48.1,3.260
48.1,3.260
48.1,3.260
48.1,3.260
48.1,3.260
48.1,3.260
48.0,3.260
48.0,3.255
48.0,3.255
48.0,3.255
48.0,3.255
48.0,3.255
48.0,3.255
48.0,3.255
48.0,3.255
48.0,3.255
48.0,3.250
48.0,3.250
48.1,3.250
48.1,3.250
48.1,3.250
47.9,3.250
47.9,3.250
47.9,3.250
47.9,3.250
47.9,3.245
47.9,3.245
47.9,3.245
47.9,3.245
47.9,3.245
47.9,3.245
47.9,3.245
48.0,3.245
48.0,3.245
48.0,3.240
48.0,3.240
48.0,3.240
48.0,3.240
48.0,3.240
48.0,3.240
48.0,3.240
47.9,3.240
47.9,3.240
47.9,3.235
47.9,3.235
47.9,3.235
47.9,3.235
47.9,3.235
47.9,3.235
47.9,3.235
47.9,3.235
47.9,3.235
47.9,3.235
47.9,3.230
47.9,3.230
47.9,3.230
47.9,3.230
47.9,3.230
47.9,3.230
47.9,3.230
47.9,3.230
47.9,3.230
47.9,3.230
47.9,3.225
47.8,3.225
47.8,3.225
47.8,3.225
47.8,3.225
47.8,3.225
47.8,3.225
47.8,3.225
47.8,3.225
47.8,3.220
47.9,3.220
47.9,3.220
47.9,3.220
47.9,3.220
47.9,3.220
47.9,3.220
47.8,3.220
47.9,3.220
47.9,3.220
47.9,3.215
47.8,3.215
47.8,3.215
47.8,3.215
47.8,3.215
47.8,3.215
47.8,3.215
47.8,3.215
47.8,3.215
47.8,3.210
47.8,3.210
47.8,3.210
47.8,3.210
47.8,3.210
47.8,3.210
47.8,3.210
47.8,3.210
47.8,3.210
47.8,3.205
47.7,3.205
47.7,3.205
47.7,3.205
47.7,3.205
47.7,3.205
47.7,3.205
47.7,3.205
47.7,3.205
47.7,3.200
47.7,3.200
47.7,3.200
47.7,3.200
47.8,3.200
47.8,3.200
47.8,3.200
47.8,3.200
47.8,3.200
47.8,3.195
47.8,3.195
47.8,3.195
47.8,3.195
47.8,3.195
47.8,3.195
47.7,3.195
47.7,3.195
47.7,3.195
47.7,3.190
47.7,3.190
47.7,3.190
47.7,3.190
47.7,3.190
47.7,3.190
47.7,3.190
47.7,3.190
47.7,3.190
47.7,3.185
47.7,3.185
47.7,3.185
47.7,3.185
47.7,3.185
47.7,3.185
47.7,3.185
47.7,3.185
47.6,3.185
47.6,3.180
47.7,3.180
47.7,3.180
47.7,3.180
47.7,3.180
47.6,3.180
47.6,3.180
47.6,3.180
47.6,3.175
47.6,3.175
47.6,3.175
47.6,3.175
47.6,3.175
47.6,3.175
47.6,3.175
47.6,3.175
47.6,3.175
47.6,3.170
47.6,3.170
47.6,3.170
47.6,3.170
47.5,3.170
47.5,3.170
47.5,3.170
47.5,3.170
47.5,3.170
47.5,3.170
47.5,3.165
47.5,3.165
47.5,3.165
47.5,3.165
47.5,3.165
47.5,3.165
47.5,3.165
47.5,3.165
47.5,3.165
47.4,3.160
47.4,3.160
47.4,3.160
47.4,3.160
47.4,3.160
47.4,3.160
47.4,3.160
47.4,3.160
47.4,3.160
47.4,3.160
47.4,3.155
47.4,3.155
47.4,3.155
47.4,3.155
47.4,3.155
47.4,3.155
47.4,3.155
47.4,3.155
47.4,3.155
47.4,3.150
47.4,3.150
47.4,3.150
47.4,3.150
47.4,3.150
47.4,3.150
47.4,3.150
47.4,3.150
47.4,3.150
47.4,3.150
47.3,3.145
47.3,3.145
47.3,3.145
47.3,3.145
47.3,3.145
47.3,3.145
47.3,3.145
47.3,3.145
47.2,3.145
47.2,3.145
47.2,3.140
47.2,3.140
47.2,3.140
47.2,3.140
47.2,3.140
47.2,3.140
47.2,3.140
47.2,3.140
47.1,3.140
47.1,3.135
47.0,3.135
47.0,3.135
47.0,3.135
46.9,3.135
46.9,3.135
46.9,3.135
46.9,3.135
46.9,3.135
46.9,3.130
46.9,3.130
46.9,3.130
46.9,3.130
46.9,3.130
46.9,3.130
46.9,3.130
46.9,3.130
46.8,3.130
46.8,3.125
46.8,3.125
46.8,3.125
46.7,3.125
46.7,3.125
46.7,3.125
46.7,3.125
46.7,3.125
46.7,3.125
46.7,3.120
46.7,3.120
46.7,3.120
46.7,3.120
46.7,3.120
46.6,3.120
46.6,3.120
46.6,3.120
46.6,3.120
46.6,3.115
46.6,3.115
46.6,3.115
46.6,3.115
46.6,3.115
46.6,3.115
46.6,3.115
46.6,3.115
46.7,3.110
46.7,3.110
46.7,3.110
46.7,3.110
46.7,3.110
46.7,3.110
46.7,3.110
46.7,3.110
46.7,3.110
46.7,3.105
46.7,3.105
46.7,3.105
46.7,3.105
46.7,3.105
46.7,3.105
46.7,3.105
46.7,3.105
46.7,3.100
46.7,3.100
46.7,3.100
46.7,3.100
46.7,3.100
46.7,3.100
46.7,3.100
46.7,3.100
46.7,3.095
46.7,3.095
46.7,3.095
46.7,3.095
46.7,3.095
46.7,3.095
46.7,3.095
46.7,3.095
46.7,3.090
46.7,3.090
46.7,3.090
46.7,3.090
46.7,3.090
46.7,3.090
46.7,3.090
46.7,3.090
46.7,3.085
46.7,3.085
46.7,3.085
46.7,3.085
46.7,3.085
46.7,3.085
46.7,3.085
46.7,3.085
46.7,3.080
46.7,3.080
46.7,3.080
46.7,3.080
46.7,3.080
46.7,3.080
46.7,3.080
46.7,3.080
46.7,3.075
46.7,3.075
46.7,3.075
46.7,3.075
46.7,3.075
46.7,3.075
46.7,3.075
46.7,3.075
46.7,3.070
46.7,3.070
46.7,3.070
46.7,3.070
46.7,3.070
46.7,3.070
46.7,3.070
46.7,3.070
46.7,3.070
46.7,3.065
46.7,3.065
46.7,3.065
46.7,3.065
46.7,3.065
46.7,3.065
46.7,3.065
46.6,3.065
46.6,3.060
46.6,3.060
46.6,3.060
46.6,3.060
46.6,3.060
46.6,3.060
46.6,3.060
46.7,3.060
46.7,3.060
46.7,3.055
46.7,3.055
46.7,3.055
46.8,3.055
46.8,3.055
46.8,3.055
46.8,3.055
46.8,3.055
46.8,3.055
46.8,3.050
46.7,3.050
46.7,3.050
46.6,3.050
46.6,3.050
46.6,3.050
46.6,3.050
46.6,3.050
46.6,3.050
46.6,3.045
46.6,3.045
46.7,3.045
46.7,3.045
46.7,3.045
46.8,3.045
46.8,3.045
46.8,3.045
46.8,3.045
46.8,3.040
46.8,3.040
46.7,3.040
46.7,3.040
46.6,3.040
46.6,3.040
46.6,3.040
46.5,3.040
46.5,3.035
46.6,3.035
46.6,3.035
46.6,3.035
46.6,3.035
46.6,3.035
46.6,3.035
46.6,3.035
46.6,3.030
46.6,3.030
46.6,3.030
46.6,3.030
46.6,3.030
46.6,3.030
46.6,3.030
46.6,3.030
46.5,3.025
46.5,3.025
46.5,3.025
46.5,3.025
46.5,3.025
46.5,3.025
46.5,3.025
46.5,3.020
46.5,3.020
46.5,3.020
46.6,3.020
46.6,3.020
46.7,3.020
46.6,3.015
46.6,3.015
46.6,3.015
46.6,3.015
46.6,3.015
46.5,3.015
46.5,3.015
46.5,3.010
46.5,3.010
46.5,3.010
46.5,3.010
46.5,3.010
46.5,3.010
46.5,3.010
46.5,3.005
46.6,3.005
46.6,3.005
46.7,3.005
46.7,3.005
46.7,3.005
46.7,3.005
46.7,3.000
46.7,3.000
46.7,3.000
46.6,3.000
46.6,3.000
46.6,3.000
46.5,3.000
46.5,2.995
46.5,2.995
46.5,2.995
46.5,2.995
46.5,2.995
46.6,2.995
46.5,2.995
46.6,2.990
46.6,2.990
46.7,2.990
46.7,2.990
46.7,2.990
46.7,2.990
46.7,2.990
46.7,2.985
46.7,2.985
46.6,2.985
46.6,2.985
46.5,2.985
46.5,2.985
46.5,2.985
46.5,2.985
46.4,2.980
46.4,2.980
46.4,2.980
46.4,2.980
46.4,2.980
46.5,2.980
46.6,2.980
46.6,2.975
46.6,2.975
46.6,2.975
46.6,2.975
46.6,2.975
46.6,2.975
46.6,2.975
46.5,2.970
46.5,2.970
46.5,2.970
46.4,2.970
46.4,2.970
46.4,2.970
46.4,2.970
46.4,2.970
46.4,2.965
46.4,2.965
46.4,2.965
46.5,2.965
46.5,2.965
46.6,2.965
46.6,2.965
46.6,2.965
46.6,2.960
46.6,2.960
46.6,2.960
46.6,2.960
46.6,2.960
46.5,2.960
46.5,2.960
46.4,2.955
46.4,2.955
46.4,2.955
46.4,2.955
46.4,2.955
46.4,2.955
46.4,2.955
46.4,2.955
46.5,2.950
46.5,2.950
46.5,2.950
46.5,2.950
46.5,2.950
46.5,2.950
46.5,2.950
46.5,2.950
46.5,2.945
46.5,2.945
46.4,2.945
46.4,2.945
46.4,2.945
46.4,2.945
46.4,2.945
46.4,2.945
46.4,2.940
46.4,2.940
46.4,2.940
46.4,2.940
46.4,2.940
46.4,2.940
46.4,2.940
46.4,2.935
46.4,2.935
46.4,2.935
46.4,2.935
46.4,2.935
46.4,2.935
46.4,2.935
46.4,2.935
46.3,2.930
46.3,2.930
46.3,2.930
46.3,2.930
46.3,2.930
46.3,2.930
46.3,2.930
46.3,2.930
46.3,2.925
46.3,2.925
46.3,2.925
46.3,2.925
46.4,2.925
46.4,2.925
46.4,2.925
46.4,2.925
46.4,2.920
46.4,2.920
46.4,2.920
46.3,2.920
46.3,2.920
46.2,2.920
46.2,2.920
46.2,2.920
46.2,2.915
46.2,2.915
46.2,2.915
46.2,2.915
46.2,2.915
46.2,2.915
46.2,2.915
46.2,2.910
46.2,2.910
46.2,2.910
46.2,2.910
46.2,2.910
46.2,2.910
46.2,2.910
46.2,2.910
46.1,2.905
46.1,2.905
46.1,2.905
46.0,2.905
46.0,2.905
46.0,2.905
46.0,2.905
46.0,2.905
46.0,2.900
46.0,2.900
46.0,2.900
46.0,2.900
46.0,2.900
46.0,2.900
46.0,2.900
46.0,2.895
46.1,2.895
46.1,2.895
46.1,2.895
46.1,2.895
46.0,2.895
45.9,2.890
45.9,2.890
45.9,2.890
45.9,2.890
45.8,2.890
45.8,2.890
45.8,2.890
45.8,2.885
45.8,2.885
45.8,2.885
45.8,2.885
45.8,2.885
45.8,2.885
45.9,2.880
45.9,2.880
45.9,2.880
45.9,2.880
45.9,2.880
45.8,2.880
45.8,2.875
45.7,2.875
45.7,2.875
45.7,2.875
45.7,2.875
45.7,2.875
45.7,2.870
45.7,2.870
45.7,2.870
45.7,2.870
45.7,2.870
45.7,2.870
45.7,2.865
45.7,2.865
45.7,2.865
45.7,2.865
45.7,2.865
45.7,2.865
45.7,2.860
45.7,2.860
45.7,2.860
45.7,2.860
45.6,2.860
45.6,2.855
45.6,2.855
45.5,2.855
45.5,2.855
45.5,2.855
45.5,2.855
45.5,2.850
45.5,2.850
45.5,2.850
45.5,2.850
45.5,2.850
45.5,2.850
45.5,2.845
45.5,2.845
45.5,2.845
45.5,2.845
45.5,2.845
45.5,2.845
45.5,2.840
45.5,2.840
45.5,2.840
45.4,2.840
45.4,2.840
45.4,2.840
45.4,2.835
45.4,2.835
45.4,2.835
45.4,2.835
45.4,2.835
45.3,2.835
45.3,2.830
45.3,2.830
45.3,2.830
45.3,2.830
45.3,2.830
45.3,2.830
45.3,2.825
45.3,2.825
45.3,2.825
45.3,2.825
45.3,2.825
45.3,2.825
45.3,2.820
45.3,2.820
45.3,2.820
45.2,2.820
45.2,2.820
45.2,2.820
45.2,2.820
45.2,2.815
45.2,2.815
45.2,2.815
45.2,2.815
45.2,2.815
45.2,2.815
45.1,2.810
45.1,2.810
45.1,2.810
45.0,2.810
45.0,2.810
45.0,2.810
44.9,2.805
44.9,2.805
44.9,2.805
44.9,2.805
44.9,2.805
44.9,2.805
44.9,2.805
44.9,2.800
44.9,2.800
44.9,2.800
44.9,2.800
44.9,2.800
44.9,2.800
44.9,2.795
44.8,2.795
44.8,2.795
44.8,2.795
44.8,2.795
44.7,2.795
44.7,2.790
44.7,2.790
44.6,2.790
44.6,2.790
44.6,2.790
44.6,2.790
44.6,2.790
44.6,2.785
44.6,2.785
44.6,2.785
44.6,2.785
44.5,2.785
44.5,2.785
44.5,2.785
44.5,2.780
44.5,2.780
44.5,2.780
44.5,2.780
44.4,2.780
44.4,2.780
44.4,2.780
44.4,2.775
44.4,2.775
44.3,2.775
44.3,2.775
44.3,2.775
44.3,2.775
44.3,2.775
44.3,2.770
44.3,2.770
44.3,2.770
44.2,2.770
44.2,2.770
44.1,2.770
44.1,2.770
44.0,2.765
44.0,2.765
44.0,2.765
44.0,2.765
44.0,2.765
44.0,2.765
44.0,2.765
44.0,2.765
44.0,2.760
44.0,2.760
44.0,2.760
44.0,2.760
44.0,2.760
44.0,2.760
44.0,2.760
44.0,2.760
44.0,2.755
44.0,2.755
44.0,2.755
43.9,2.755
43.9,2.755
43.8,2.755
43.8,2.755
43.8,2.755
43.8,2.750
43.8,2.750
43.8,2.750
43.8,2.750
43.8,2.750
43.8,2.750
43.8,2.750
43.8,2.750
43.8,2.750
43.8,2.745
43.8,2.745
43.8,2.745
43.8,2.745
43.8,2.745
43.8,2.745
43.7,2.745
43.7,2.745
43.7,2.745
43.7,2.740
43.7,2.740
43.7,2.740
43.7,2.740
43.7,2.740
43.7,2.740
43.6,2.740
43.6,2.740
43.6,2.740
43.6,2.735
43.6,2.735
43.6,2.735
43.6,2.735
43.6,2.735
43.6,2.735
43.6,2.735
43.6,2.735
43.6,2.735
43.6,2.730
43.5,2.730
43.5,2.730
43.5,2.730
43.5,2.730
43.5,2.730
43.5,2.730
43.5,2.730
43.5,2.730
43.5,2.730
43.5,2.725
43.5,2.725
43.5,2.725
43.5,2.725
43.4,2.725
43.4,2.725
43.4,2.725
43.4,2.725
43.4,2.725
43.4,2.725
43.4,2.720
43.4,2.720
43.4,2.720
43.4,2.720
43.4,2.720
43.4,2.720
43.4,2.720
43.4,2.720
43.4,2.720
43.4,2.720
43.4,2.715
43.3,2.715
43.3,2.715
43.2,2.715
43.2,2.715
43.2,2.715
43.2,2.715
43.2,2.715
43.2,2.715
43.2,2.715
43.2,2.710
43.2,2.710
43.2,2.710
43.2,2.710
43.2,2.710
43.2,2.710
43.2,2.710
43.2,2.710
43.2,2.710
43.2,2.710
43.2,2.710
43.1,2.705
43.1,2.705
43.1,2.705
43.1,2.705
43.1,2.705
43.1,2.705
43.1,2.705
43.1,2.705
43.1,2.705
43.1,2.705
43.1,2.705
43.1,2.700
43.1,2.700
43.1,2.700
43.1,2.700
43.0,2.700
43.0,2.700
43.0,2.700
43.0,2.700
43.0,2.700
43.0,2.700
43.0,2.695
43.0,2.695
43.0,2.695
43.0,2.695
43.0,2.695
43.0,2.695
43.0,2.695
43.0,2.695
43.0,2.695
43.0,2.695
43.0,2.695
43.0,2.690
43.0,2.690
42.9,2.690
42.9,2.690
42.9,2.690
42.9,2.690
42.9,2.690
42.9,2.690
42.9,2.690
42.9,2.690
42.9,2.690
42.9,2.690
42.9,2.685
42.9,2.685
42.9,2.685
42.8,2.685
42.9,2.685
42.9,2.685
42.9,2.685
42.8,2.685
42.7,2.685
42.8,2.685
42.8,2.685
42.8,2.685
42.8,2.680
42.8,2.680
42.8,2.680
42.8,2.680
42.8,2.680
42.8,2.680
42.8,2.680
42.8,2.680
42.8,2.680
42.8,2.680
42.8,2.680
42.8,2.680
42.8,2.675
42.8,2.675
42.8,2.675
42.8,2.675
42.7,2.675
42.7,2.675
42.7,2.675
42.7,2.675
42.7,2.675
42.7,2.675
42.7,2.675
42.7,2.675
42.6,2.675
42.6,2.670
42.6,2.670
42.6,2.670
42.6,2.670
42.6,2.670
42.6,2.670
42.6,2.670
42.6,2.670
42.6,2.670
42.6,2.670
42.6,2.670
42.6,2.670
42.6,2.670
42.6,2.670
42.6,2.665
42.6,2.665
42.6,2.665
42.6,2.665
42.6,2.665
42.6,2.665
42.6,2.665
42.5,2.665
42.5,2.665
42.5,2.665
42.5,2.665
42.5,2.665
42.4,2.665
42.4,2.665
42.4,2.660
42.4,2.660
42.4,2.660
42.4,2.660
42.4,2.660
42.4,2.660
42.4,2.660
42.4,2.660
42.4,2.660
42.4,2.660
42.4,2.660
42.4,2.660
42.4,2.660
42.4,2.660
42.4,2.660
42.4,2.655
42.4,2.655
42.4,2.655
42.3,2.655
42.3,2.655
42.3,2.655
42.3,2.655
42.3,2.655
42.3,2.655
42.3,2.655
42.3,2.655
42.3,2.655
42.3,2.655
42.3,2.655
42.3,2.650
42.3,2.650
42.3,2.650
42.3,2.650
42.3,2.650
42.3,2.650
42.3,2.650
42.3,2.650
42.3,2.650
42.3,2.650
42.3,2.650
42.3,2.650
42.3,2.650
42.3,2.650
42.3,2.650
42.3,2.645
42.3,2.645
42.3,2.645
42.3,2.645
42.3,2.645
42.3,2.645
42.3,2.645
42.3,2.645
42.2,2.645
42.2,2.645
42.2,2.645
42.2,2.645
42.2,2.645
42.2,2.645
42.2,2.640
42.2,2.640
42.2,2.640
42.2,2.640
42.2,2.640
42.2,2.640
42.2,2.640
42.2,2.640
42.2,2.640
42.2,2.640
42.2,2.640
42.2,2.640
42.2,2.640
42.2,2.640
42.2,2.640
42.2,2.635
42.2,2.635
42.2,2.635
42.2,2.635
42.2,2.635
42.2,2.635
42.2,2.635
42.2,2.635
42.2,2.635
42.2,2.635
42.2,2.635
42.2,2.635
42.2,2.635
42.2,2.630
42.2,2.630
42.2,2.630
42.2,2.630
42.2,2.630
42.2,2.630
42.2,2.630
42.2,2.630
42.2,2.630
42.1,2.630
42.1,2.630
42.1,2.630
42.1,2.630
42.1,2.630
42.1,2.630
42.1,2.625
42.1,2.625
42.1,2.625
42.1,2.625
42.1,2.625
42.1,2.625
42.1,2.625
42.1,2.625
42.1,2.625
42.1,2.625
42.1,2.625
42.1,2.625
42.1,2.625
42.1,2.625
42.1,2.620
42.1,2.620
42.1,2.620
42.1,2.620
42.1,2.620
42.2,2.620
42.2,2.620
42.2,2.620
42.2,2.620
42.2,2.620
42.2,2.620
42.2,2.620
42.2,2.620
42.2,2.615
42.2,2.615
42.2,2.615
42.2,2.615
42.2,2.615
42.2,2.615
42.2,2.615
42.2,2.615
42.2,2.615
42.2,2.615
42.2,2.615
42.2,2.615
42.2,2.615
42.2,2.615
42.2,2.615
42.2,2.610
42.2,2.610
42.2,2.610
42.2,2.610
42.2,2.610
42.2,2.610
42.2,2.610
42.2,2.610
42.2,2.610
42.2,2.610
42.2,2.610
42.2,2.610
42.2,2.610
42.2,2.610
42.2,2.605
42.2,2.605
42.2,2.605
42.2,2.605
42.2,2.605
42.2,2.605
42.2,2.605
42.2,2.605
42.2,2.605
42.2,2.605
42.2,2.605
42.2,2.605
42.2,2.605
42.2,2.605
42.2,2.605
42.2,2.600
42.2,2.600
42.2,2.600
42.2,2.600
42.3,2.600
42.3,2.600
42.3,2.600
42.3,2.600
42.3,2.600
42.3,2.600
42.3,2.600
42.3,2.600
42.3,2.600
42.3,2.600
42.3,2.595
42.3,2.595
42.3,2.595
42.3,2.595
42.3,2.595
42.3,2.595
42.2,2.595
42.2,2.595
42.2,2.595
42.3,2.595
42.3,2.595
42.3,2.595
42.3,2.595
42.3,2.595
42.3,2.590
42.3,2.590
42.3,2.590
42.3,2.590
42.3,2.590
42.3,2.590
42.3,2.590
42.3,2.590
42.2,2.590
42.2,2.590
42.2,2.590
42.2,2.590
42.2,2.590
42.2,2.590
42.2,2.585
42.2,2.585
42.2,2.585
42.2,2.585
42.2,2.585
42.2,2.585
42.2,2.585
42.2,2.585
42.2,2.585
42.2,2.585
42.2,2.585
42.2,2.585
42.2,2.585
42.2,2.585
42.2,2.580
42.2,2.580
42.2,2.580
42.2,2.580
42.2,2.580
42.2,2.580
42.2,2.580
42.2,2.580
42.2,2.580
42.2,2.580
42.2,2.580
42.2,2.580
42.2,2.580
42.2,2.575
42.1,2.575
42.1,2.575
42.1,2.575
42.1,2.575
42.1,2.575
42.1,2.575
42.1,2.575
42.1,2.575
42.1,2.575
42.1,2.575
42.1,2.570
42.1,2.570
42.1,2.570
42.1,2.570
42.1,2.570
42.1,2.570
42.1,2.570
42.1,2.570
42.1,2.570
42.1,2.570
42.1,2.570
42.1,2.570
42.1,2.565
42.1,2.565
42.1,2.565
42.1,2.565
42.0,2.565
42.0,2.565
42.0,2.565
42.0,2.565
42.0,2.565
42.0,2.565
42.1,2.565
42.1,2.560
42.1,2.560
42.1,2.560
42.1,2.560
42.1,2.560
42.1,2.560
42.1,2.560
42.1,2.560
42.1,2.560
42.1,2.560
42.1,2.555
42.1,2.555
42.0,2.555
42.0,2.555
42.0,2.555
42.0,2.555
42.0,2.555
42.0,2.555
42.0,2.555
42.0,2.555
42.0,2.550
42.1,2.550
42.1,2.550
42.1,2.550
42.1,2.550
42.1,2.550
42.1,2.550
42.1,2.550
42.1,2.550
42.1,2.550
42.0,2.545
42.0,2.545
42.0,2.545
42.0,2.545
42.0,2.545
42.0,2.545
42.0,2.545
42.0,2.545
42.1,2.545
42.1,2.545
42.1,2.540
42.1,2.540
42.1,2.540
42.1,2.540
42.1,2.540
42.1,2.540
42.1,2.540
42.1,2.540
41.9,2.540
41.9,2.535
41.9,2.535
41.9,2.535
41.9,2.535
41.9,2.535
41.9,2.535
41.9,2.535
41.9,2.535
42.0,2.535
42.0,2.530
42.0,2.530
42.0,2.530
42.0,2.530
42.0,2.530
42.0,2.530
42.0,2.530
42.0,2.530
42.0,2.530
42.0,2.530
42.0,2.525
42.0,2.525
42.0,2.525
42.0,2.525
42.0,2.525
42.0,2.525
42.0,2.525
42.0,2.525
42.0,2.525
42.0,2.520
42.0,2.520
42.0,2.520
42.0,2.520
42.0,2.520
42.0,2.520
42.0,2.520
42.0,2.520
42.0,2.520
42.0,2.515
42.0,2.515
42.0,2.515
42.0,2.515
42.0,2.515
42.0,2.515
41.9,2.515
41.9,2.515
41.9,2.515
41.9,2.510
41.9,2.510
41.9,2.510
41.9,2.510
41.9,2.510
41.9,2.510
41.9,2.510
41.9,2.510
41.9,2.510
41.9,2.510
41.9,2.505
41.9,2.505
41.9,2.505
41.9,2.505
41.9,2.505
41.9,2.505
41.9,2.505
41.9,2.505
41.9,2.505
41.9,2.500
41.9,2.500
41.9,2.500
41.9,2.500
41.9,2.500
41.9,2.500
41.9,2.500
41.9,2.500
41.9,2.500
41.9,2.500
41.9,2.495
41.9,2.495
41.9,2.495
41.9,2.495
41.9,2.495
41.9,2.495
41.9,2.495
41.9,2.495
41.9,2.495
41.9,2.490
41.9,2.490
41.9,2.490
41.9,2.490
41.9,2.490
41.9,2.490
41.9,2.490
41.9,2.490
41.9,2.490
41.9,2.485
41.9,2.485
41.9,2.485
41.9,2.485
41.9,2.485
41.9,2.485
41.9,2.485
41.9,2.485
41.9,2.485
41.9,2.485
41.9,2.480
41.9,2.480
41.9,2.480
41.9,2.480
41.9,2.480
41.9,2.480
41.9,2.480
41.9,2.480
41.9,2.480
41.9,2.475
41.9,2.475
41.9,2.475
41.9,2.475
41.9,2.475
41.9,2.475
41.9,2.475
41.9,2.475
41.9,2.475
41.9,2.470
41.9,2.470
41.9,2.470
41.9,2.470
41.9,2.470
41.9,2.470
41.9,2.470
41.9,2.470
41.8,2.470
41.8,2.470
41.8,2.465
41.8,2.465
41.8,2.465
41.8,2.465
41.8,2.465
41.8,2.465
41.8,2.465
41.8,2.465
41.8,2.465
41.8,2.465
41.8,2.460
41.8,2.460
41.8,2.460
41.8,2.460
41.8,2.460
41.8,2.460
41.7,2.460
41.7,2.460
41.7,2.460
41.7,2.460
41.7,2.455
41.7,2.455
41.7,2.455
41.7,2.455
41.7,2.455
41.7,2.455
41.7,2.455
41.7,2.455
41.7,2.455
41.7,2.455
41.7,2.455
41.7,2.450
41.7,2.450
41.7,2.450
41.7,2.450
41.7,2.450
41.7,2.450
41.7,2.450
41.7,2.450
41.7,2.450
41.7,2.450
41.7,2.450
41.7,2.445
41.7,2.445
41.7,2.445
41.7,2.445
41.7,2.445
41.7,2.445
41.7,2.445
41.7,2.445
41.7,2.445
41.7,2.445
41.7,2.445
41.7,2.445
41.7,2.440
41.6,2.440
41.6,2.440
41.6,2.440
41.6,2.440
41.6,2.440
41.6,2.440
41.6,2.440
41.6,2.440
41.7,2.440
41.7,2.440
41.7,2.435
41.7,2.435
41.7,2.435
41.7,2.435
41.7,2.435
41.6,2.435
41.6,2.435
41.6,2.435
41.6,2.435
41.6,2.435
41.6,2.435
41.6,2.435
41.6,2.435
41.6,2.430
41.6,2.430
41.6,2.430
41.6,2.430
41.6,2.430
41.6,2.430
41.6,2.430
41.6,2.430
41.6,2.430
41.6,2.430
41.6,2.430
41.6,2.430
41.6,2.430
41.6,2.425
41.6,2.425
41.6,2.425
41.6,2.425
41.6,2.425
41.6,2.425
41.6,2.425
41.6,2.425
41.6,2.425
41.6,2.425
41.6,2.425
41.6,2.425
41.6,2.420
41.6,2.420
41.5,2.420
41.5,2.420
41.5,2.420
41.5,2.420
41.5,2.420
41.5,2.420
41.5,2.420
41.5,2.420
41.5,2.420
41.5,2.420
41.5,2.420
41.5,2.415
41.5,2.415
41.5,2.415
41.5,2.415
41.5,2.415
41.5,2.415
41.5,2.415
41.5,2.415
41.5,2.415
41.5,2.415
41.5,2.415
41.5,2.415
41.5,2.410
41.5,2.410
41.5,2.410
41.5,2.410
41.5,2.410
41.5,2.410
41.5,2.410
41.5,2.410
41.5,2.410
41.5,2.410
41.5,2.410
41.5,2.410
41.5,2.410
41.5,2.405
41.5,2.405
41.5,2.405
41.5,2.405
41.5,2.405
41.5,2.405
41.5,2.405
41.5,2.405
41.5,2.405
41.5,2.405
41.5,2.405
41.5,2.405
41.5,2.405
41.5,2.400
41.5,2.400
41.5,2.400
41.5,2.400
41.5,2.400
41.5,2.400
41.4,2.400
41.4,2.400
41.4,2.400
41.4,2.400
41.4,2.400
41.4,2.400
41.4,2.395
41.4,2.395
41.4,2.395
41.4,2.395
41.4,2.395
41.4,2.395
41.4,2.395
41.4,2.395
41.4,2.395
41.4,2.395
41.4,2.395
41.4,2.395
41.4,2.390
41.4,2.390
41.4,2.390
41.4,2.390
41.4,2.390
41.4,2.390
41.4,2.390
41.4,2.390
41.4,2.390
41.4,2.390
41.4,2.390
41.4,2.390
41.3,2.390
41.3,2.385
41.3,2.385
41.3,2.385
41.3,2.385
41.3,2.385
41.3,2.385
41.4,2.385
41.4,2.385
41.4,2.385
41.4,2.385
41.4,2.385
41.4,2.385
41.4,2.380
41.4,2.380
41.4,2.380
41.3,2.380
41.3,2.380
41.3,2.380
41.3,2.380
41.3,2.380
41.3,2.380
41.3,2.380
41.3,2.380
41.3,2.375
41.3,2.375
41.3,2.375
41.4,2.375
41.4,2.375
41.4,2.375
41.4,2.375
41.4,2.375
41.4,2.375
41.4,2.375
41.4,2.375
41.4,2.375
41.4,2.375
41.4,2.370
41.4,2.370
41.4,2.370
41.4,2.370
41.4,2.370
41.4,2.370
41.4,2.370
41.4,2.370
41.4,2.370
41.4,2.370
41.4,2.370
41.4,2.370
41.4,2.365
41.4,2.365
41.4,2.365
41.4,2.365
41.4,2.365
41.4,2.365
41.4,2.365
41.3,2.365
41.3,2.365
41.3,2.365
41.3,2.365
41.3,2.365
41.3,2.365
41.3,2.360
41.3,2.360
41.3,2.360
41.3,2.360
41.3,2.360
41.3,2.360
41.3,2.360
41.3,2.360
41.3,2.360
41.3,2.360
41.3,2.360
41.3,2.360
41.2,2.355
41.2,2.355
41.2,2.355
41.2,2.355
41.2,2.355
41.2,2.355
41.2,2.355
41.1,2.355
41.0,2.355
41.0,2.355
40.9,2.355
40.8,2.355
40.8,2.355
40.7,2.350
40.6,2.350
40.6,2.350
40.5,2.350
40.4,2.350
40.4,2.350
40.4,2.350
40.3,2.350
40.3,2.350
40.3,2.350
40.3,2.350
40.3,2.350
40.3,2.350
40.3,2.350
40.2,2.345
40.2,2.345
40.1,2.345
40.0,2.345
40.0,2.345
39.9,2.345
39.9,2.345
39.8,2.345
39.8,2.345
39.8,2.345
39.7,2.345
39.7,2.345
39.7,2.345
39.7,2.340
39.7,2.340
39.7,2.340
39.6,2.340
39.6,2.340
39.5,2.340
39.5,2.340
39.5,2.340
39.4,2.340
39.4,2.340
39.3,2.340
39.3,2.340
39.3,2.340
39.2,2.340
39.2,2.335
39.2,2.335
39.1,2.335
39.1,2.335
39.0,2.335
39.0,2.335
39.0,2.335
39.0,2.335
38.9,2.335
38.9,2.335
38.9,2.335
38.8,2.335
38.8,2.335
38.8,2.335
38.8,2.330
38.7,2.330
38.7,2.330
38.6,2.330
38.6,2.330
38.6,2.330
38.6,2.330
38.5,2.330
38.5,2.330
38.4,2.330
38.4,2.330
38.4,2.330
38.4,2.330
38.3,2.330
38.3,2.330
38.3,2.325
38.2,2.325
38.2,2.325
38.2,2.325
38.2,2.325
38.2,2.325
38.1,2.325
38.1,2.325
38.1,2.325
38.1,2.325
38.1,2.325
38.1,2.325
38.1,2.325
38.1,2.325
38.1,2.325
38.1,2.320
38.0,2.320
38.0,2.320
38.0,2.320
38.0,2.320
38.0,2.320
38.0,2.320
37.9,2.320
37.9,2.320
37.9,2.320
37.9,2.320
37.9,2.320
37.9,2.320
37.8,2.320
37.8,2.320
37.8,2.315
37.8,2.315
37.8,2.315
37.8,2.315
37.8,2.315
37.8,2.315
37.7,2.315
37.7,2.315
37.7,2.315
37.7,2.315
37.7,2.315
37.7,2.315
37.7,2.315
37.7,2.315
37.7,2.310
37.7,2.310
37.7,2.310
37.7,2.310
37.7,2.310
37.7,2.310
37.7,2.310
37.8,2.310
37.9,2.310
37.8,2.310
37.8,2.310
37.8,2.310
37.8,2.310
37.9,2.310
37.9,2.310
37.9,2.305
37.9,2.305
37.9,2.305
37.9,2.305
37.9,2.305
37.8,2.305
37.8,2.305
37.8,2.305
37.8,2.305
37.8,2.305
37.8,2.305
37.8,2.305
37.8,2.305
37.8,2.305
37.8,2.300
37.8,2.300
37.8,2.300
37.8,2.300
37.8,2.300
37.8,2.300
37.8,2.300
37.8,2.300
37.8,2.300
37.8,2.300
37.8,2.300
37.8,2.300
37.7,2.295
37.7,2.295
37.7,2.295
37.7,2.295
37.7,2.295
37.7,2.295
37.7,2.295
37.6,2.295
37.6,2.295
37.6,2.295
37.6,2.295
37.6,2.295
37.6,2.290
37.6,2.290
37.6,2.290
37.6,2.290
37.6,2.290
37.6,2.290
37.6,2.290
37.6,2.290
37.6,2.290
37.6,2.290
37.6,2.290
37.6,2.290
37.6,2.290
37.5,2.285
37.5,2.285
37.5,2.285
37.5,2.285
37.5,2.285
37.5,2.285
37.5,2.285
37.5,2.285
37.4,2.285
37.4,2.285
37.4,2.285
37.4,2.285
37.4,2.285
37.3,2.280
37.3,2.280
37.3,2.280
37.3,2.280
37.3,2.280
37.3,2.280
37.3,2.280
37.3,2.280
37.2,2.280
37.2,2.280
37.2,2.280
37.2,2.275
37.2,2.275
37.2,2.275
37.2,2.275
37.2,2.275
37.1,2.275
37.1,2.275
37.1,2.275
37.0,2.275
37.0,2.275
37.0,2.275
37.0,2.275
37.0,2.275
37.0,2.270
37.0,2.270
37.0,2.270
37.0,2.270
37.0,2.270
37.0,2.270
37.0,2.270
37.0,2.270
37.0,2.270
37.0,2.270
37.0,2.270
37.0,2.270
37.0,2.265
36.9,2.265
36.9,2.265
36.9,2.265
36.9,2.265
36.9,2.265
36.9,2.265
36.9,2.265
36.8,2.265
36.8,2.265
36.7,2.265
36.7,2.265
36.7,2.265
36.7,2.260
36.7,2.260
36.7,2.260
36.7,2.260
36.7,2.260
36.7,2.260
36.7,2.260
36.7,2.260
36.7,2.260
36.7,2.260
36.7,2.260
36.7,2.260
36.7,2.260
36.6,2.255
36.6,2.255
36.6,2.255
36.5,2.255
36.5,2.255
36.5,2.255
36.4,2.255
36.5,2.255
36.5,2.255
36.5,2.255
36.5,2.255
36.5,2.255
36.5,2.250
36.5,2.250
36.5,2.250
36.5,2.250
36.4,2.250
36.4,2.250
36.4,2.250
36.4,2.250
36.4,2.250
36.4,2.250
36.4,2.250
36.4,2.250
36.4,2.250
36.4,2.245
36.4,2.245
36.4,2.245
36.4,2.245
36.4,2.245
36.4,2.245
36.4,2.245
36.4,2.245
36.4,2.245
36.4,2.245
36.4,2.245
36.3,2.245
36.3,2.240
36.3,2.240
36.3,2.240
36.3,2.240
36.3,2.240
36.2,2.240
36.2,2.240
36.2,2.240
36.2,2.240
36.2,2.240
36.2,2.240
36.1,2.240
36.1,2.235
36.1,2.235
36.1,2.235
36.1,2.235
36.1,2.235
36.1,2.235
36.1,2.235
36.1,2.235
36.1,2.235
36.1,2.235
36.1,2.235
36.1,2.230
36.1,2.230
36.0,2.230
36.0,2.230
36.0,2.230
36.0,2.230
36.0,2.230
36.0,2.230
36.0,2.230
36.0,2.230
36.0,2.230
36.0,2.230
36.0,2.225
36.0,2.225
36.0,2.225
36.0,2.225
36.0,2.225
36.0,2.225
35.9,2.225
36.0,2.225
35.9,2.225
35.8,2.225
35.8,2.225
35.8,2.225
35.8,2.220
35.8,2.220
35.8,2.220
35.8,2.220
35.8,2.220
35.8,2.220
35.8,2.220
35.8,2.220
35.8,2.220
35.8,2.220
35.8,2.215
35.8,2.215
35.8,2.215
35.8,2.215
35.8,2.215
35.8,2.215
35.7,2.215
35.6,2.215
35.6,2.215
35.6,2.215
35.6,2.215
35.6,2.215
35.6,2.215
35.6,2.210
35.6,2.210
35.6,2.210
35.6,2.210
35.6,2.210
35.6,2.210
35.6,2.210
35.6,2.210
35.6,2.210
35.6,2.210
35.6,2.210
35.6,2.210
35.6,2.205
35.6,2.205
35.6,2.205
35.6,2.205
35.6,2.205
35.6,2.205
35.6,2.205
35.6,2.205
35.6,2.205
35.6,2.205
35.6,2.205
35.6,2.205
35.6,2.205
35.6,2.200
35.6,2.200
35.6,2.200
35.6,2.200
35.6,2.200
35.6,2.200
35.6,2.200
35.6,2.200
35.6,2.200
35.6,2.200
35.6,2.200
35.6,2.200
35.6,2.195
35.6,2.195
35.6,2.195
35.6,2.195
35.6,2.195
35.5,2.195
35.5,2.195
35.5,2.195
35.5,2.195
35.5,2.195
35.5,2.195
35.5,2.195
35.5,2.195
35.4,2.190
35.4,2.190
35.4,2.190
35.4,2.190
35.4,2.190
35.4,2.190
35.4,2.190
35.4,2.190
35.4,2.190
35.4,2.190
35.4,2.190
35.4,2.190
35.4,2.190
35.4,2.185
35.4,2.185
35.4,2.185
35.4,2.185
35.4,2.185
35.4,2.185
35.4,2.185
35.3,2.185
35.3,2.185
35.3,2.185
35.3,2.185
35.3,2.185
35.3,2.185
35.3,2.180
35.3,2.180
35.3,2.180
35.3,2.180
35.3,2.180
35.3,2.180
35.3,2.180
35.2,2.180
35.2,2.180
35.2,2.180
35.2,2.180
35.2,2.180
35.2,2.180
35.2,2.180
35.2,2.175
35.2,2.175
35.2,2.175
35.2,2.175
35.3,2.175
35.3,2.175
35.3,2.175
35.3,2.175
35.3,2.175
35.3,2.175
35.3,2.175
35.3,2.175
35.3,2.170
35.3,2.170
35.3,2.170
35.2,2.170
35.2,2.170
35.2,2.170
35.2,2.170
35.2,2.170
35.2,2.170
35.2,2.170
35.2,2.170
35.2,2.170
35.2,2.170
35.2,2.165
35.2,2.165
35.2,2.165
35.2,2.165
35.2,2.165
35.2,2.165
35.2,2.165
35.2,2.165
35.2,2.165
35.1,2.165
35.1,2.165
35.1,2.165
35.1,2.165
35.1,2.165
35.1,2.160
35.1,2.160
35.1,2.160
35.1,2.160
35.1,2.160
35.1,2.160
35.1,2.160
35.1,2.160
35.1,2.160
35.1,2.160
35.1,2.160
35.1,2.160
35.1,2.160
35.1,2.155
35.1,2.155
35.1,2.155
35.1,2.155
35.1,2.155
35.1,2.155
35.1,2.155
35.1,2.155
35.1,2.155
35.1,2.155
35.1,2.155
35.0,2.155
35.0,2.155
35.0,2.150
35.0,2.150
35.0,2.150
35.0,2.150
35.0,2.150
34.9,2.150
34.9,2.150
34.9,2.150
34.9,2.150
34.9,2.150
34.9,2.150
34.9,2.150
34.9,2.150
34.9,2.145
34.9,2.145
34.9,2.145
34.9,2.145
34.9,2.145
34.9,2.145
34.9,2.145
34.9,2.145
34.9,2.145
34.9,2.145
34.9,2.145
34.8,2.145
34.8,2.145
34.8,2.145
34.8,2.140
34.8,2.140
34.8,2.140
34.8,2.140
34.8,2.140
34.8,2.140
34.8,2.140
34.8,2.140
34.8,2.140
34.8,2.140
34.8,2.140
34.8,2.135
34.8,2.135
34.8,2.135
34.8,2.135
34.8,2.135
34.8,2.135
34.8,2.135
34.8,2.135
34.8,2.135
34.7,2.135
34.7,2.135
34.7,2.135
34.7,2.135
34.7,2.130
34.6,2.130
34.6,2.130
34.6,2.130
34.6,2.130
34.6,2.130
34.5,2.130
34.5,2.130
34.5,2.130
34.5,2.130
34.5,2.130
34.5,2.130
34.5,2.130
34.5,2.125
34.5,2.125
34.5,2.125
34.5,2.125
34.5,2.125
34.5,2.125
34.4,2.125
34.3,2.125
34.3,2.125
34.3,2.125
34.3,2.125
34.3,2.125
34.3,2.125
34.3,2.120
34.3,2.120
34.3,2.120
34.3,2.120
34.3,2.120
34.3,2.120
34.3,2.120
34.3,2.120
34.3,2.120
34.3,2.120
34.3,2.120
34.3,2.120
34.3,2.120
34.3,2.115
34.2,2.115
34.2,2.115
34.2,2.115
34.2,2.115
34.2,2.115
34.2,2.115
34.2,2.115
34.2,2.115
34.2,2.115
34.2,2.115
34.2,2.115
34.2,2.115
34.2,2.110
34.2,2.110
34.2,2.110
34.2,2.110
34.2,2.110
34.2,2.110
34.2,2.110
34.1,2.110
34.1,2.110
34.1,2.110
34.1,2.110
34.1,2.110
34.1,2.110
34.1,2.110
34.1,2.105
34.1,2.105
34.1,2.105
34.1,2.105
34.1,2.105
34.1,2.105
34.1,2.105
34.1,2.105
34.0,2.105
34.0,2.105
34.0,2.105
33.9,2.105
33.9,2.105
33.9,2.105
33.8,2.100
33.8,2.100
33.8,2.100
33.8,2.100
33.7,2.100
33.7,2.100
33.7,2.100
33.7,2.100
33.7,2.100
33.7,2.100
33.7,2.100
33.7,2.100
33.7,2.100
33.7,2.100
33.7,2.095
33.7,2.095
33.6,2.095
33.6,2.095
33.6,2.095
33.6,2.095
33.6,2.095
33.6,2.095
33.6,2.095
33.6,2.095
33.6,2.095
33.6,2.095
33.5,2.095
33.5,2.090
33.5,2.090
33.5,2.090
33.5,2.090
33.5,2.090
33.5,2.090
33.5,2.090
33.5,2.090
33.5,2.090
33.5,2.090
33.5,2.090
33.5,2.090
33.5,2.090
33.5,2.085
33.5,2.085
33.5,2.085
33.5,2.085
33.5,2.085
33.5,2.085
33.4,2.085
33.4,2.085
33.4,2.085
33.4,2.085
33.4,2.085
33.4,2.085
33.4,2.085
33.4,2.085
33.4,2.080
33.4,2.080
33.4,2.080
33.4,2.080
33.4,2.080
33.3,2.080
33.3,2.080
33.3,2.080
33.3,2.080
33.3,2.080
33.3,2.080
33.3,2.080
33.3,2.075
33.3,2.075
33.3,2.075
33.3,2.075
33.2,2.075
33.2,2.075
33.2,2.075
33.2,2.075
33.2,2.075
33.2,2.075
33.2,2.075
33.2,2.075
33.2,2.075
33.2,2.070
33.2,2.070
33.2,2.070
33.2,2.070
33.2,2.070
33.2,2.070
33.2,2.070
33.2,2.070
33.2,2.070
33.2,2.070
33.2,2.070
33.2,2.070
33.2,2.070
33.2,2.065
33.2,2.065
33.2,2.065
33.2,2.065
33.1,2.065
33.1,2.065
33.1,2.065
33.1,2.065
33.1,2.065
33.1,2.065
33.1,2.065
33.1,2.065
33.1,2.065
33.1,2.060
33.1,2.060
33.1,2.060
33.0,2.060
33.0,2.060
33.0,2.060
33.0,2.060
33.0,2.060
33.0,2.060
33.0,2.060
33.0,2.060
33.0,2.055
33.0,2.055
33.0,2.055
33.0,2.055
33.0,2.055
33.0,2.055
33.0,2.055
33.0,2.055
33.0,2.055
33.0,2.055
32.9,2.055
32.9,2.055
32.9,2.055
32.9,2.050
32.9,2.050
32.9,2.050
32.9,2.050
32.9,2.050
32.9,2.050
32.9,2.050
32.9,2.050
32.9,2.050
32.9,2.050
32.9,2.050
32.9,2.050
32.9,2.050
32.9,2.045
32.9,2.045
32.9,2.045
32.8,2.045
32.8,2.045
32.8,2.045
32.8,2.045
32.8,2.045
32.8,2.045
32.8,2.045
32.9,2.045
32.9,2.045
32.9,2.045
32.9,2.045
32.9,2.040
32.9,2.040
32.9,2.040
32.9,2.040
32.9,2.040
32.9,2.040
32.9,2.040
32.9,2.040
32.9,2.040
32.9,2.040
32.9,2.040
32.9,2.040
32.9,2.040
32.9,2.035
32.9,2.035
32.9,2.035
32.9,2.035
32.9,2.035
32.9,2.035
32.9,2.035
32.9,2.035
32.9,2.035
32.9,2.035
32.9,2.035
32.9,2.035
32.9,2.035
32.9,2.035
32.9,2.030
32.9,2.030
32.9,2.030
32.9,2.030
32.9,2.030
32.8,2.030
32.8,2.030
32.8,2.030
32.8,2.030
32.8,2.030
32.8,2.030
32.8,2.030
32.8,2.030
32.8,2.030
32.8,2.030
32.8,2.025
32.8,2.025
32.8,2.025
32.8,2.025
32.8,2.025
32.8,2.025
32.8,2.025
32.8,2.025
32.8,2.025
32.7,2.025
32.7,2.025
32.7,2.025
32.7,2.025
32.7,2.025
32.7,2.025
32.7,2.020
32.7,2.020
32.7,2.020
32.7,2.020
32.7,2.020
32.7,2.020
32.7,2.020
32.7,2.020
32.7,2.020
32.7,2.020
32.7,2.020
32.6,2.020
32.6,2.020
32.6,2.020
32.6,2.015
32.6,2.015
32.6,2.015
32.6,2.015
32.6,2.015
32.6,2.015
32.6,2.015
32.6,2.015
32.6,2.015
32.6,2.015
32.6,2.015
32.6,2.015
32.6,2.015
32.6,2.010
32.6,2.010
32.6,2.010
32.6,2.010
32.6,2.010
32.5,2.010
32.5,2.010
32.5,2.010
32.5,2.010
32.5,2.010
32.5,2.010
32.5,2.010
32.5,2.010
32.5,2.005
32.5,2.005
32.5,2.005
32.5,2.005
32.5,2.005
32.5,2.005
32.5,2.005
32.5,2.005
32.5,2.005
32.5,2.005
32.5,2.005
32.5,2.005
32.5,2.005
32.5,2.000
32.5,2.000
32.5,2.000
32.5,2.000
32.5,2.000
32.5,2.000
32.4,2.000
32.4,2.000
32.4,2.000
32.4,2.000
32.4,2.000
32.4,2.000
32.4,2.000
32.4,1.995
32.4,1.995
32.4,1.995
32.4,1.995
32.4,1.995
32.4,1.995
32.4,1.995
32.4,1.995
32.4,1.995
32.4,1.995
32.4,1.995
32.4,1.995
32.4,1.990
32.4,1.990
32.4,1.990
32.3,1.990
32.3,1.990
32.3,1.990
32.3,1.990
32.3,1.990
32.3,1.990
32.3,1.990
32.3,1.990
32.3,1.990
32.3,1.985
32.2,1.985
32.2,1.985
32.2,1.985
32.2,1.985
32.2,1.985
32.2,1.985
32.1,1.985
32.1,1.985
32.1,1.985
32.1,1.985
32.1,1.980
32.1,1.980
32.1,1.980
32.1,1.980
32.1,1.980
32.1,1.980
32.1,1.980
32.1,1.980
32.1,1.980
32.1,1.980
32.1,1.975
32.1,1.975
32.1,1.975
32.1,1.975
32.1,1.975
32.1,1.975
32.1,1.975
32.1,1.975
32.1,1.975
32.1,1.975
32.1,1.975
32.1,1.970
32.1,1.970
32.1,1.970
32.1,1.970
32.1,1.970
32.1,1.970
32.1,1.970
32.1,1.970
32.1,1.970
32.1,1.970
32.1,1.965
32.1,1.965
32.0,1.965
32.0,1.965
32.0,1.965
32.0,1.965
32.0,1.965
31.9,1.965
31.9,1.965
31.9,1.965
31.9,1.960
31.9,1.960
31.9,1.960
31.9,1.960
31.9,1.960
31.9,1.960
31.9,1.960
31.9,1.960
31.9,1.960
31.9,1.955
31.9,1.955
31.9,1.955
31.9,1.955
31.9,1.955
31.9,1.955
31.9,1.955
31.8,1.955
31.8,1.955
31.8,1.950
31.8,1.950
31.8,1.950
31.8,1.950
31.8,1.950
31.8,1.950
31.8,1.950
31.8,1.950
31.8,1.950
31.8,1.950
31.8,1.945
31.8,1.945
31.8,1.945
31.8,1.945
31.8,1.945
31.8,1.945
31.8,1.945
31.8,1.945
31.8,1.945
31.8,1.945
31.7,1.940
31.7,1.940
31.7,1.940
31.7,1.940
31.7,1.940
31.7,1.940
31.7,1.940
31.7,1.940
31.7,1.940
31.7,1.940
31.7,1.935
31.7,1.935
31.7,1.935
31.7,1.935
31.7,1.935
31.7,1.935
31.7,1.935
31.7,1.935
31.7,1.935
31.7,1.935
31.6,1.930
31.6,1.930
31.6,1.930
31.6,1.930
31.6,1.930
31.6,1.930
31.6,1.930
31.6,1.930
31.6,1.930
31.6,1.930
31.6,1.925
31.6,1.925
31.6,1.925
31.6,1.925
31.6,1.925
31.5,1.925
31.5,1.925
31.5,1.925
31.5,1.925
31.5,1.925
31.5,1.925
31.5,1.920
31.5,1.920
31.5,1.920
31.5,1.920
31.5,1.920
31.5,1.920
31.5,1.920
31.5,1.920
31.5,1.920
31.5,1.920
31.5,1.920
31.5,1.915
31.5,1.915
31.5,1.915
31.5,1.915
31.5,1.915
31.5,1.915
31.5,1.915
31.4,1.915
31.4,1.915
31.4,1.915
31.4,1.915
31.4,1.915
31.4,1.910
31.4,1.910
31.4,1.910
31.4,1.910
31.4,1.910
31.4,1.910
31.3,1.910
31.3,1.910
31.4,1.910
31.4,1.910
31.3,1.910
31.3,1.910
31.3,1.910
31.3,1.905
31.3,1.905
31.3,1.905
31.3,1.905
31.3,1.905
31.3,1.905
31.3,1.905
31.3,1.905
31.3,1.905
31.3,1.905
31.3,1.905
31.3,1.905
31.3,1.905
31.3,1.900
31.3,1.900
31.3,1.900
31.2,1.900
31.2,1.900
31.2,1.900
31.2,1.900
31.2,1.900
31.2,1.900
31.2,1.900
31.2,1.900
31.2,1.900
31.2,1.895
31.2,1.895
31.2,1.895
31.2,1.895
31.2,1.895
31.2,1.895
31.2,1.895
31.2,1.895
31.2,1.895
31.2,1.895
31.2,1.895
31.2,1.895
31.2,1.895
31.2,1.895
31.2,1.895
31.2,1.890
31.2,1.890
31.2,1.890
31.2,1.890
31.2,1.890
31.2,1.890
31.1,1.890
31.1,1.890
31.1,1.890
31.1,1.890
31.1,1.890
31.1,1.890
31.1,1.890
31.1,1.890
31.1,1.885
31.1,1.885
31.1,1.885
31.1,1.885
31.1,1.885
31.1,1.885
31.1,1.885
31.1,1.885
31.1,1.885
31.1,1.885
31.1,1.885
31.0,1.885
31.0,1.885
31.0,1.885
31.0,1.885
31.0,1.880
31.0,1.880
31.0,1.880
31.0,1.880
31.0,1.880
31.0,1.880
31.0,1.880
31.0,1.880
31.0,1.880
31.0,1.880
31.0,1.880
31.0,1.880
31.0,1.880
31.0,1.880
31.0,1.875
31.0,1.875
31.0,1.875
31.0,1.875
31.0,1.875
31.0,1.875
30.9,1.875
30.9,1.875
30.9,1.875
30.9,1.875
30.9,1.875
30.9,1.875
30.9,1.875
30.9,1.875
30.9,1.875
30.9,1.870
30.9,1.870
30.9,1.870
30.9,1.870
30.9,1.870
30.9,1.870
30.9,1.870
30.9,1.870
30.9,1.870
30.9,1.870
30.9,1.870
30.9,1.870
30.8,1.870
30.8,1.870
30.8,1.870
30.8,1.870
30.8,1.865
30.8,1.865
30.8,1.865
30.8,1.865
30.8,1.865
30.8,1.865
30.8,1.865
30.8,1.865
30.8,1.865
30.8,1.865
30.8,1.865
30.8,1.865
30.8,1.865
30.8,1.865
30.8,1.865
30.8,1.860
30.8,1.860
30.8,1.860
30.8,1.860
30.8,1.860
30.7,1.860
30.7,1.860
30.7,1.860
30.7,1.860
30.6,1.860
30.6,1.860
30.6,1.860
30.6,1.860
30.6,1.860
30.6,1.860
30.6,1.860
30.6,1.855
30.7,1.855
30.7,1.855
30.7,1.855
30.7,1.855
30.7,1.855
30.7,1.855
30.7,1.855
30.7,1.855
30.7,1.855
30.7,1.855
30.7,1.855
30.7,1.855
30.6,1.855
30.6,1.850
30.6,1.850
30.6,1.850
30.6,1.850
30.6,1.850
30.6,1.850
30.6,1.850
30.6,1.850
30.6,1.850
30.6,1.850
30.6,1.850
30.6,1.850
30.6,1.850
30.6,1.850
30.6,1.850
30.6,1.845
30.6,1.845
30.6,1.845
30.5,1.845
30.5,1.845
30.5,1.845
30.5,1.845
30.5,1.845
30.5,1.845
30.5,1.845
30.5,1.845
30.5,1.845
30.5,1.845
30.5,1.845
30.5,1.845
30.5,1.845
30.5,1.845
30.5,1.840
30.5,1.840
30.5,1.840
30.5,1.840
30.5,1.840
30.4,1.840
30.4,1.840
30.4,1.840
30.4,1.840
30.4,1.840
30.4,1.840
30.4,1.840
30.4,1.840
30.4,1.840
30.3,1.840
30.3,1.840
30.3,1.835
30.3,1.835
30.3,1.835
30.3,1.835
30.3,1.835
30.3,1.835
30.3,1.835
30.3,1.835
30.3,1.835
30.3,1.835
30.3,1.835
30.3,1.835
30.3,1.835
30.3,1.835
30.3,1.835
30.3,1.835
30.3,1.835
30.3,1.830
30.3,1.830
30.3,1.830
30.3,1.830
30.2,1.830
30.2,1.830
30.2,1.830
30.2,1.830
30.2,1.830
30.2,1.830
30.2,1.830
30.2,1.830
30.2,1.830
30.2,1.830
30.2,1.830
30.2,1.830
30.3,1.830
30.3,1.830
30.3,1.830
30.3,1.825
30.3,1.825
30.3,1.825
30.3,1.825
30.3,1.825
30.3,1.825
30.3,1.825
30.3,1.825
30.3,1.825
30.3,1.825
30.3,1.825
30.3,1.825
30.3,1.825
30.3,1.825
30.3,1.825
30.3,1.825
30.3,1.825
30.3,1.825
30.3,1.825
30.3,1.820
30.3,1.820
30.3,1.820
30.3,1.820
30.3,1.820
30.3,1.820
30.3,1.820
30.3,1.820
30.3,1.820
30.3,1.820
30.3,1.820
30.3,1.820
30.3,1.820
30.3,1.820
30.3,1.820
30.3,1.820
30.3,1.820
30.3,1.820
30.3,1.815
30.3,1.815
30.3,1.815
30.3,1.815
30.3,1.815
30.3,1.815
30.3,1.815
30.3,1.815
30.3,1.815
30.3,1.815
30.3,1.815
30.3,1.815
30.3,1.815
30.3,1.815
30.3,1.815
30.3,1.815
30.3,1.815
30.3,1.815
30.3,1.815
30.3,1.815
30.3,1.810
30.3,1.810
30.3,1.810
30.3,1.810
30.3,1.810
30.3,1.810
30.3,1.810
30.3,1.810
30.3,1.810
30.3,1.810
30.3,1.810
30.3,1.810
30.3,1.810
30.3,1.810
30.3,1.810
30.3,1.810
30.3,1.810
30.3,1.810
30.3,1.810
30.3,1.810
30.3,1.810
30.3,1.805
30.3,1.805
30.3,1.805
30.3,1.805
30.3,1.805
30.3,1.805
30.3,1.805
30.3,1.805
30.3,1.805
30.3,1.805
30.3,1.805
30.3,1.805
30.3,1.805
30.3,1.805
30.3,1.805
30.3,1.805
30.3,1.805
30.3,1.805
30.3,1.805
30.3,1.805
30.3,1.800
30.3,1.800
30.3,1.800
30.3,1.800
30.3,1.800
30.3,1.800
30.3,1.800
30.3,1.800
30.3,1.800
30.3,1.800
30.3,1.800
30.3,1.800
30.3,1.800
30.3,1.800
30.3,1.800
30.3,1.800
30.3,1.800
30.3,1.800
30.3,1.795
30.2,1.795
30.2,1.795
30.2,1.795
30.2,1.795
30.2,1.795
30.2,1.795
30.2,1.795
30.2,1.795
30.2,1.795
30.2,1.795
30.2,1.795
30.2,1.795
30.2,1.795
30.1,1.795
30.1,1.795
30.1,1.795
30.1,1.795
30.1,1.790
30.1,1.790
30.1,1.790
30.1,1.790
30.1,1.790
30.1,1.790
30.1,1.790
30.1,1.790
30.1,1.790
30.1,1.790
30.1,1.790
30.1,1.790
30.1,1.790
30.1,1.790
30.1,1.790
30.1,1.790
30.1,1.790
30.1,1.785
30.1,1.785
30.1,1.785
30.1,1.785
30.1,1.785
30.1,1.785
30.1,1.785
30.1,1.785
30.1,1.785
30.1,1.785
30.1,1.785
30.1,1.785
30.1,1.785
30.1,1.785
30.1,1.785
30.0,1.785
30.0,1.780
30.0,1.780
30.0,1.780
30.0,1.780
30.0,1.780
30.0,1.780
30.0,1.780
30.0,1.780
30.1,1.780
30.1,1.780
30.1,1.780
30.1,1.780
30.1,1.780
30.1,1.780
30.1,1.780
30.1,1.780
30.1,1.775
30.1,1.775
30.1,1.775
30.1,1.775
30.1,1.775
30.1,1.775
30.1,1.775
30.1,1.775
30.1,1.775
30.1,1.775
30.1,1.775
30.1,1.775
30.1,1.775
30.1,1.775
30.1,1.770
30.1,1.770
30.1,1.770
30.1,1.770
30.1,1.770
30.1,1.770
30.1,1.770
30.1,1.770
30.1,1.770
30.1,1.770
30.1,1.770
30.1,1.770
30.1,1.770
30.1,1.770
30.1,1.770
30.1,1.770
30.1,1.765
30.1,1.765
30.1,1.765
30.1,1.765
30.1,1.765
30.1,1.765
30.1,1.765
30.1,1.765
30.1,1.765
30.1,1.765
30.1,1.765
30.1,1.765
30.1,1.765
30.1,1.765
30.1,1.765
30.1,1.765
30.1,1.760
30.1,1.760
30.1,1.760
30.1,1.760
30.0,1.760
30.0,1.760
30.0,1.760
30.0,1.760
30.0,1.760
29.9,1.760
29.8,1.760
29.8,1.760
29.8,1.760
29.8,1.760
29.8,1.760
29.8,1.755
29.8,1.755
29.8,1.755
29.8,1.755
29.8,1.755
29.9,1.755
29.8,1.755
29.8,1.755
29.8,1.755
29.8,1.755
29.9,1.755
29.9,1.755
29.9,1.755
29.9,1.755
29.9,1.755
29.9,1.750
29.9,1.750
29.9,1.750
29.9,1.750
29.9,1.750
29.9,1.750
29.9,1.750
29.9,1.750
29.9,1.750
29.9,1.750
29.9,1.750
29.8,1.750
29.8,1.750
29.8,1.750
29.8,1.750
29.8,1.750
29.8,1.750
29.8,1.745
29.8,1.745
29.8,1.745
29.8,1.745
29.8,1.745
29.8,1.745
29.8,1.745
29.8,1.745
29.8,1.745
29.8,1.745
29.8,1.745
29.8,1.745
29.8,1.745
29.8,1.745
29.8,1.745
29.8,1.745
29.8,1.740
29.8,1.740
29.8,1.740
29.8,1.740
29.8,1.740
29.8,1.740
29.8,1.740
29.8,1.740
29.8,1.740
29.8,1.740
29.8,1.740
29.8,1.740
29.8,1.740
29.8,1.740
29.8,1.740
29.8,1.735
29.8,1.735
29.8,1.735
29.8,1.735
29.8,1.735
29.7,1.735
29.7,1.735
29.7,1.735
29.7,1.735
29.7,1.735
29.7,1.735
29.7,1.735
29.7,1.735
29.7,1.735
29.7,1.735
29.7,1.735
29.7,1.735
29.7,1.735
29.7,1.730
29.7,1.730
29.7,1.730
29.7,1.730
29.7,1.730
29.7,1.730
29.7,1.730
29.7,1.730
29.7,1.730
29.7,1.730
29.7,1.730
29.7,1.730
29.7,1.730
29.7,1.730
29.7,1.730
29.7,1.730
29.7,1.730
29.7,1.730
29.7,1.725
29.7,1.725
29.7,1.725
29.7,1.725
29.7,1.725
29.7,1.725
29.7,1.725
29.7,1.725
29.7,1.725
29.7,1.725
29.7,1.725
29.7,1.725
29.7,1.725
29.7,1.725
29.7,1.725
29.7,1.725
29.7,1.725
29.7,1.725
29.7,1.720
29.7,1.720
29.7,1.720
29.6,1.720
29.6,1.720
29.6,1.720
29.6,1.720
29.6,1.720
29.6,1.720
29.6,1.720
29.6,1.720
29.6,1.720
29.6,1.720
29.6,1.720
29.5,1.720
29.5,1.720
29.5,1.720
29.5,1.715
29.5,1.715
29.5,1.715
29.5,1.715
29.5,1.715
29.5,1.715
29.5,1.715
29.5,1.715
29.4,1.715
29.4,1.715
29.4,1.715
29.4,1.715
29.4,1.715
29.4,1.715
29.4,1.715
29.4,1.715
29.4,1.715
29.4,1.710
29.4,1.710
29.4,1.710
29.4,1.710
29.3,1.710
29.3,1.710
29.3,1.710
29.3,1.710
29.3,1.710
29.3,1.710
29.3,1.710
29.3,1.710
29.3,1.710
29.3,1.710
29.3,1.710
29.3,1.710
29.3,1.710
29.2,1.705
29.2,1.705
29.2,1.705
29.2,1.705
29.2,1.705
29.2,1.705
29.2,1.705
29.2,1.705
29.2,1.705
29.2,1.705
29.2,1.705
29.2,1.705
29.2,1.705
29.2,1.705
29.2,1.705
29.2,1.700
29.2,1.700
29.2,1.700
29.2,1.700
29.2,1.700
29.1,1.700
29.1,1.700
29.1,1.700
29.1,1.700
29.1,1.700
29.1,1.700
29.1,1.700
29.1,1.700
29.1,1.700
29.1,1.700
29.1,1.700
29.1,1.695
29.1,1.695
29.1,1.695
29.1,1.695
29.1,1.695
29.1,1.695
29.1,1.695
29.1,1.695
29.2,1.695
29.2,1.695
29.2,1.695
29.2,1.695
29.2,1.695
29.2,1.695
29.2,1.690
29.2,1.690
29.2,1.690
29.2,1.690
29.2,1.690
29.2,1.690
29.2,1.690
29.2,1.690
29.2,1.690
29.2,1.690
29.2,1.690
29.2,1.690
29.2,1.690
29.2,1.690
29.2,1.690
29.2,1.685
29.2,1.685
29.2,1.685
29.2,1.685
29.2,1.685
29.2,1.685
29.2,1.685
29.2,1.685
29.2,1.685
29.2,1.685
29.2,1.685
29.2,1.685
29.2,1.685
29.2,1.685
29.3,1.685
29.3,1.680
29.3,1.680
29.3,1.680
29.3,1.680
29.3,1.680
29.3,1.680
29.3,1.680
29.3,1.680
29.3,1.680
29.3,1.680
29.3,1.680
29.3,1.680
29.3,1.680
29.3,1.680
29.3,1.675
29.3,1.675
29.3,1.675
29.3,1.675
29.3,1.675
29.3,1.675
29.3,1.675
29.3,1.675
29.3,1.675
29.4,1.675
29.4,1.675
29.4,1.675
29.4,1.675
29.4,1.675
29.4,1.670
29.4,1.670
29.4,1.670
29.4,1.670
29.4,1.670
29.4,1.670
29.4,1.670
29.4,1.670
29.4,1.670
29.4,1.670
29.4,1.670
29.4,1.670
29.4,1.670
29.4,1.670
29.4,1.665
29.4,1.665
29.4,1.665
29.4,1.665
29.4,1.665
29.4,1.665
29.4,1.665
29.4,1.665
29.4,1.665
29.4,1.665
29.4,1.665
29.4,1.665
29.4,1.665
29.4,1.665
29.4,1.660
29.4,1.660
29.4,1.660
29.4,1.660
29.4,1.660
29.4,1.660
29.4,1.660
29.4,1.660
29.4,1.660
29.4,1.660
29.4,1.660
29.4,1.660
29.4,1.660
29.4,1.655
29.4,1.655
29.4,1.655
29.4,1.655
29.4,1.655
29.4,1.655
29.4,1.655
29.4,1.655
29.4,1.655
29.4,1.655
29.4,1.655
29.4,1.655
29.4,1.655
29.4,1.650
29.4,1.650
29.4,1.650
29.4,1.650
29.4,1.650
29.4,1.650
29.4,1.650
29.4,1.650
29.4,1.650
29.4,1.650
29.4,1.650
29.4,1.650
29.4,1.650
29.4,1.650
29.3,1.650
29.3,1.645
29.3,1.645
29.3,1.645
29.3,1.645
29.3,1.645
29.3,1.645
29.3,1.645
29.3,1.645
29.3,1.645
29.3,1.645
29.3,1.645
29.3,1.645
29.3,1.645
29.3,1.640
29.3,1.640
29.3,1.640
29.2,1.640
29.2,1.640
29.1,1.640
29.1,1.640
29.0,1.640
29.0,1.640
29.0,1.640
29.0,1.640
29.0,1.640
29.0,1.640
29.0,1.635
29.0,1.635
29.0,1.635
29.0,1.635
29.0,1.635
29.0,1.635
29.0,1.635
29.0,1.635
28.9,1.635
28.9,1.635
28.8,1.635
28.8,1.635
28.9,1.630
28.9,1.630
28.9,1.630
28.8,1.630
28.8,1.630
28.8,1.630
28.8,1.630
28.8,1.630
28.8,1.630
28.8,1.630
28.7,1.630
28.6,1.630
28.6,1.625
28.6,1.625
28.6,1.625
28.5,1.625
28.5,1.625
28.5,1.625
28.5,1.625
28.5,1.625
28.5,1.625
28.5,1.625
28.5,1.625
28.5,1.625
28.5,1.620
28.5,1.620
28.5,1.620
28.5,1.620
28.5,1.620
28.6,1.620
28.6,1.620
28.6,1.620
28.6,1.620
28.6,1.620
28.6,1.620
28.6,1.615
28.6,1.615
28.6,1.615
28.6,1.615
28.6,1.615
28.6,1.615
28.6,1.615
28.6,1.615
28.6,1.615
28.6,1.615
28.6,1.610
28.6,1.610
28.6,1.610
28.6,1.610
28.6,1.610
28.6,1.610
28.6,1.610
28.6,1.610
28.6,1.610
28.6,1.610
28.6,1.610
28.6,1.605
28.6,1.605
28.6,1.605
28.6,1.605
28.6,1.605
28.6,1.605
28.6,1.605
28.6,1.605
28.6,1.605
28.6,1.605
28.6,1.600
28.6,1.600
28.6,1.600
28.6,1.600
28.6,1.600
28.6,1.600
28.6,1.600
28.6,1.600
28.6,1.600
28.6,1.600
28.6,1.595
28.6,1.595
28.6,1.595
28.6,1.595
28.6,1.595
28.6,1.595
28.6,1.595
28.5,1.595
28.5,1.595
28.5,1.590
28.5,1.590
28.5,1.590
28.5,1.590
28.5,1.590
28.5,1.590
28.5,1.590
28.5,1.590
28.5,1.590
28.5,1.590
28.5,1.585
28.4,1.585
28.4,1.585
28.4,1.585
28.4,1.585
28.4,1.585
28.4,1.585
28.4,1.585
28.4,1.585
28.4,1.585
28.4,1.580
28.4,1.580
28.4,1.580
28.4,1.580
28.4,1.580
28.4,1.580
28.4,1.580
28.4,1.580
28.4,1.580
28.4,1.575
28.4,1.575
28.4,1.575
28.4,1.575
28.4,1.575
28.4,1.575
28.4,1.575
28.4,1.575
28.4,1.575
28.4,1.575
28.4,1.570
28.4,1.570
28.4,1.570
28.4,1.570
28.4,1.570
28.4,1.570
28.4,1.570
28.4,1.570
28.4,1.570
28.5,1.570
28.5,1.570
28.5,1.565
28.5,1.565
28.5,1.565
28.5,1.565
28.5,1.565
28.5,1.565
28.5,1.565
28.5,1.565
28.5,1.565
28.5,1.565
28.5,1.560
28.5,1.560
28.5,1.560
28.5,1.560
28.5,1.560
28.5,1.560
28.5,1.560
28.4,1.560
28.4,1.560
28.4,1.560
28.4,1.560
28.4,1.555
28.4,1.555
28.4,1.555
28.4,1.555
28.4,1.555
28.4,1.555
28.4,1.555
28.4,1.555
28.4,1.555
28.4,1.555
28.4,1.550
28.4,1.550
28.4,1.550
28.4,1.550
28.5,1.550
28.5,1.550
28.5,1.550
28.5,1.550
28.5,1.550
28.5,1.550
28.5,1.550
28.5,1.550
28.5,1.545
28.5,1.545
28.5,1.545
28.5,1.545
28.5,1.545
28.4,1.545
28.4,1.545
28.4,1.545
28.4,1.545
28.4,1.545
28.4,1.545
28.4,1.540
28.4,1.540
28.4,1.540
28.4,1.540
28.4,1.540
28.4,1.540
28.4,1.540
28.4,1.540
28.4,1.540
28.4,1.540
28.4,1.540
28.4,1.540
28.4,1.535
28.4,1.535
28.4,1.535
28.4,1.535
28.4,1.535
28.4,1.535
28.4,1.535
28.4,1.535
28.4,1.535
28.4,1.535
28.4,1.535
28.4,1.530
28.4,1.530
28.4,1.530
28.4,1.530
28.4,1.530
28.4,1.530
28.4,1.530
28.4,1.530
28.4,1.530
28.4,1.530
28.4,1.530
28.4,1.530
28.3,1.525
28.3,1.525
28.3,1.525
28.3,1.525
28.3,1.525
28.3,1.525
28.3,1.525
28.3,1.525
28.3,1.525
28.3,1.525
28.3,1.525
28.3,1.525
28.2,1.520
28.2,1.520
28.2,1.520
28.1,1.520
28.1,1.520
28.1,1.520
28.1,1.520
28.0,1.520
28.0,1.520
28.0,1.520
28.0,1.520
28.0,1.515
28.0,1.515
28.0,1.515
28.0,1.515
28.0,1.515
28.0,1.515
28.0,1.515
28.0,1.515
28.0,1.515
28.0,1.515
28.0,1.515
28.0,1.510
28.0,1.510
28.0,1.510
28.0,1.510
28.0,1.510
28.0,1.510
28.0,1.510
28.0,1.510
27.9,1.510
27.9,1.510
27.9,1.510
27.9,1.510
27.9,1.505
27.9,1.505
27.9,1.505
27.9,1.505
27.9,1.505
27.9,1.505
28.0,1.505
28.0,1.505
28.0,1.505
28.0,1.505
28.0,1.505
28.0,1.505
28.0,1.500
28.0,1.500
28.0,1.500
28.0,1.500
28.0,1.500
28.0,1.500
28.0,1.500
28.0,1.500
28.0,1.500
28.0,1.500
28.0,1.500
28.0,1.495
28.0,1.495
28.0,1.495
28.0,1.495
28.0,1.495
28.0,1.495
28.0,1.495
28.0,1.495
28.0,1.495
28.0,1.495
28.0,1.495
28.0,1.495
28.0,1.490
28.0,1.490
28.0,1.490
28.0,1.490
27.9,1.490
27.9,1.490
27.9,1.490
27.9,1.490
27.9,1.490
27.9,1.490
27.8,1.490
27.8,1.490
27.8,1.485
27.8,1.485
27.8,1.485
27.8,1.485
27.8,1.485
27.8,1.485
27.8,1.485
27.8,1.485
27.8,1.485
27.8,1.485
27.8,1.485
27.8,1.485
27.8,1.480
27.8,1.480
27.8,1.480
27.8,1.480
27.8,1.480
27.8,1.480
27.8,1.480
27.8,1.480
27.8,1.480
27.8,1.480
27.8,1.480
27.8,1.480
27.8,1.475
27.8,1.475
27.8,1.475
27.8,1.475
27.8,1.475
27.8,1.475
27.8,1.475
27.8,1.475
27.7,1.475
27.7,1.475
27.7,1.475
27.7,1.475
27.7,1.470
27.7,1.470
27.7,1.470
27.7,1.470
27.7,1.470
27.7,1.470
27.7,1.470
27.7,1.470
27.7,1.470
27.7,1.470
27.7,1.470
27.7,1.470
27.7,1.470
27.6,1.465
27.6,1.465
27.6,1.465
27.6,1.465
27.6,1.465
27.6,1.465
27.5,1.465
27.5,1.465
27.5,1.465
27.5,1.465
27.5,1.465
27.5,1.465
27.5,1.465
27.5,1.460
27.5,1.460
27.5,1.460
27.5,1.460
27.5,1.460
27.5,1.460
27.6,1.460
27.5,1.460
27.6,1.460
27.6,1.460
27.6,1.460
27.6,1.460
27.6,1.460
27.6,1.455
27.6,1.455
27.6,1.455
27.5,1.455
27.5,1.455
27.5,1.455
27.5,1.455
27.5,1.455
27.5,1.455
27.5,1.455
27.5,1.455
27.5,1.455
27.5,1.450
27.5,1.450
27.5,1.450
27.5,1.450
27.5,1.450
27.5,1.450
27.5,1.450
27.5,1.450
27.5,1.450
27.5,1.450
27.5,1.450
27.5,1.450
27.5,1.450
27.5,1.445
27.5,1.445
27.5,1.445
27.5,1.445
27.5,1.445
27.5,1.445
27.5,1.445
27.5,1.445
27.5,1.445
27.5,1.445
27.5,1.445
27.5,1.445
27.4,1.440
27.4,1.440
27.4,1.440
27.4,1.440
27.4,1.440
27.4,1.440
27.4,1.440
27.4,1.440
27.4,1.440
27.4,1.440
27.4,1.440
27.4,1.440
27.4,1.435
27.3,1.435
27.3,1.435
27.3,1.435
27.3,1.435
27.3,1.435
27.3,1.435
27.3,1.435
27.3,1.435
27.3,1.435
27.3,1.435
27.3,1.435
27.3,1.430
27.3,1.430
27.3,1.430
27.3,1.430
27.3,1.430
27.3,1.430
27.3,1.430
27.3,1.430
27.3,1.430
27.3,1.430
27.3,1.430
27.3,1.430
27.3,1.425
27.3,1.425
27.3,1.425
27.3,1.425
27.3,1.425
27.3,1.425
27.3,1.425
27.3,1.425
27.3,1.425
27.3,1.425
27.3,1.425
27.3,1.420
27.3,1.420
27.3,1.420
27.3,1.420
27.3,1.420
27.2,1.420
27.2,1.420
27.2,1.420
27.2,1.420
27.2,1.420
27.2,1.415
27.2,1.415
27.2,1.415
27.2,1.415
27.2,1.415
27.2,1.415
27.2,1.415
27.2,1.415
27.2,1.415
27.2,1.415
27.2,1.415
27.2,1.410
27.2,1.410
27.2,1.410
27.2,1.410
27.2,1.410
27.2,1.410
27.2,1.410
27.2,1.410
27.2,1.410
27.2,1.410
27.2,1.405
27.2,1.405
27.2,1.405
27.2,1.405
27.2,1.405
27.2,1.405
27.2,1.405
27.2,1.405
27.2,1.405
27.2,1.405
27.2,1.400
27.0,1.400
27.0,1.400
27.0,1.400
27.0,1.400
27.0,1.400
27.0,1.400
27.0,1.400
27.0,1.400
27.0,1.400
27.2,1.395
27.1,1.395
27.1,1.395
27.1,1.395
27.1,1.395
27.2,1.395
27.2,1.395
27.2,1.395
27.1,1.395
27.1,1.390
27.1,1.390
27.1,1.390
27.1,1.390
27.1,1.390
27.1,1.390
27.1,1.390
27.1,1.390
27.1,1.390
27.1,1.385
27.1,1.385
27.1,1.385
27.1,1.385
27.1,1.385
27.1,1.385
27.1,1.385
27.1,1.385
27.1,1.385
27.1,1.385
27.1,1.380
27.1,1.380
27.0,1.380
26.9,1.380
26.9,1.380
26.9,1.380
26.9,1.380
26.9,1.380
26.9,1.380
26.9,1.375
26.9,1.375
26.9,1.375
26.9,1.375
26.9,1.375
26.9,1.375
26.9,1.375
26.9,1.375
26.9,1.375
26.9,1.370
26.9,1.370
26.9,1.370
26.9,1.370
26.9,1.370
26.9,1.370
26.9,1.370
26.9,1.370
26.9,1.370
26.9,1.370
26.9,1.365
26.9,1.365
26.9,1.365
26.9,1.365
26.9,1.365
26.9,1.365
26.9,1.365
26.9,1.365
26.9,1.365
26.9,1.360
26.9,1.360
26.9,1.360
26.9,1.360
26.9,1.360
26.9,1.360
26.9,1.360
26.9,1.360
26.9,1.360
26.9,1.360
26.9,1.355
26.9,1.355
26.9,1.355
26.9,1.355
26.9,1.355
26.9,1.355
26.9,1.355
26.9,1.355
26.9,1.355
26.9,1.355
26.9,1.350
26.9,1.350
26.9,1.350
26.9,1.350
26.9,1.350
26.9,1.350
26.9,1.350
26.9,1.350
26.9,1.350
26.9,1.350
26.9,1.350
26.8,1.345
26.8,1.345
26.8,1.345
26.9,1.345
26.9,1.345
26.9,1.345
26.9,1.345
26.9,1.345
26.9,1.345
26.9,1.345
26.9,1.345
26.9,1.340
26.9,1.340
26.9,1.340
26.9,1.340
26.9,1.340
26.9,1.340
26.9,1.340
26.9,1.340
26.9,1.340
26.9,1.340
26.9,1.340
26.9,1.335
26.9,1.335
26.9,1.335
26.9,1.335
26.8,1.335
26.8,1.335
26.8,1.335
26.8,1.335
26.8,1.335
26.8,1.335
26.8,1.335
26.8,1.335
26.8,1.335
26.8,1.330
26.8,1.330
26.8,1.330
26.8,1.330
26.8,1.330
26.8,1.330
26.7,1.330
26.7,1.330
26.7,1.330
26.7,1.330
26.7,1.330
26.7,1.330
26.7,1.330
26.7,1.330
26.7,1.325
26.7,1.325
26.7,1.325
26.7,1.325
26.7,1.325
26.7,1.325
26.7,1.325
26.7,1.325
26.7,1.325
26.7,1.325
26.7,1.325
26.7,1.325
26.7,1.325
26.7,1.325
26.7,1.320
26.7,1.320
26.7,1.320
26.7,1.320
26.7,1.320
26.7,1.320
26.7,1.320
26.7,1.320
26.7,1.320
26.7,1.320
26.7,1.320
26.7,1.320
26.7,1.320
26.7,1.320
26.7,1.315
26.7,1.315
26.7,1.315
26.7,1.315
26.7,1.315
26.7,1.315
26.7,1.315
26.7,1.315
26.7,1.315
26.7,1.315
26.7,1.315
26.7,1.315
26.7,1.315
26.7,1.310
26.7,1.310
26.7,1.310
26.7,1.310
26.7,1.310
26.7,1.310
26.7,1.310
26.7,1.310
26.7,1.310
26.8,1.310
26.8,1.310
26.8,1.310
26.8,1.310
26.8,1.310
26.8,1.305
26.8,1.305
26.8,1.305
26.8,1.305
26.8,1.305
26.8,1.305
26.8,1.305
26.8,1.305
26.8,1.305
26.8,1.305
26.8,1.305
26.8,1.305
26.8,1.305
26.8,1.305
26.8,1.300
26.8,1.300
26.8,1.300
26.8,1.300
26.8,1.300
26.8,1.300
26.8,1.300
26.8,1.300
26.8,1.300
26.8,1.300
26.8,1.300
26.8,1.300
26.8,1.300
26.7,1.300
26.7,1.295
26.7,1.295
26.7,1.295
26.7,1.295
26.7,1.295
26.7,1.295
26.7,1.295
26.7,1.295
26.7,1.295
26.7,1.295
26.7,1.295
26.7,1.295
26.7,1.290
26.7,1.290
26.7,1.290
26.7,1.290
26.7,1.290
26.7,1.290
26.7,1.290
26.7,1.290
26.7,1.290
26.7,1.290
26.7,1.290
26.7,1.290
26.7,1.290
26.7,1.285
26.7,1.285
26.7,1.285
26.7,1.285
26.7,1.285
26.7,1.285
26.7,1.285
26.7,1.285
26.7,1.285
26.7,1.285
26.7,1.285
26.7,1.285
26.7,1.280
26.7,1.280
26.7,1.280
26.7,1.280
26.6,1.280
26.6,1.280
26.6,1.280
26.6,1.280
26.6,1.280
26.6,1.280
26.6,1.280
26.6,1.275
26.6,1.275
26.6,1.275
26.5,1.275
26.5,1.275
26.5,1.275
26.5,1.275
26.5,1.275
26.5,1.275
26.5,1.275
26.5,1.275
26.5,1.275
26.5,1.270
26.5,1.270
26.5,1.270
26.5,1.270
26.5,1.270
26.5,1.270
26.5,1.270
26.5,1.270
26.5,1.270
26.5,1.270
26.4,1.270
26.4,1.270
26.4,1.265
26.4,1.265
26.4,1.265
26.4,1.265
26.4,1.265
26.4,1.265
26.3,1.265
26.3,1.265
26.3,1.265
26.3,1.265
26.3,1.265
26.3,1.265
26.3,1.260
26.3,1.260
26.3,1.260
26.3,1.260
26.3,1.260
26.3,1.260
26.3,1.260
26.3,1.260
26.3,1.260
26.3,1.260
26.3,1.260
26.4,1.255
26.4,1.255
26.4,1.255
26.4,1.255
26.4,1.255
26.4,1.255
26.4,1.255
26.4,1.255
26.4,1.255
26.4,1.255
26.4,1.255
26.4,1.255
26.4,1.250
26.4,1.250
26.4,1.250
26.4,1.250
26.4,1.250
26.4,1.250
26.4,1.250
26.4,1.250
26.4,1.250
26.4,1.250
26.4,1.250
26.4,1.250
26.4,1.250
26.4,1.245
26.4,1.245
26.4,1.245
26.4,1.245
26.4,1.245
26.4,1.245
26.4,1.245
26.4,1.245
26.4,1.245
26.4,1.245
26.4,1.245
26.4,1.245
26.4,1.245
26.4,1.240
26.4,1.240
26.4,1.240
26.3,1.240
26.3,1.240
26.3,1.240
26.3,1.240
26.3,1.240
26.3,1.240
26.3,1.240
26.3,1.240
26.3,1.240
26.3,1.240
26.3,1.240
26.3,1.235
26.3,1.235
26.3,1.235
26.3,1.235
26.2,1.235
26.2,1.235
26.2,1.235
26.2,1.235
26.2,1.235
26.2,1.235
26.2,1.235
26.2,1.235
26.2,1.235
26.2,1.235
26.2,1.230
26.2,1.230
26.2,1.230
26.2,1.230
26.1,1.230
26.1,1.230
26.1,1.230
26.1,1.230
26.1,1.230
26.1,1.230
26.1,1.230
26.1,1.230
26.1,1.230
26.1,1.230
26.1,1.230
26.1,1.225
26.1,1.225
26.1,1.225
26.1,1.225
26.1,1.225
26.1,1.225
26.1,1.225
26.1,1.225
26.1,1.225
26.1,1.225
26.1,1.225
26.1,1.225
26.1,1.225
26.1,1.225
26.1,1.225
26.0,1.220
26.0,1.220
26.0,1.220
26.0,1.220
26.0,1.220
26.0,1.220
26.0,1.220
26.0,1.220
26.0,1.220
26.0,1.220
26.0,1.220
26.0,1.220
26.0,1.220
26.0,1.220
26.0,1.220
26.0,1.220
26.1,1.215
26.1,1.215
26.1,1.215
26.1,1.215
26.1,1.215
26.1,1.215
26.1,1.215
26.1,1.215
26.1,1.215
26.1,1.215
26.1,1.215
26.1,1.215
26.1,1.215
26.1,1.215
26.1,1.215
26.1,1.210
26.1,1.210
26.1,1.210
26.1,1.210
26.1,1.210
26.1,1.210
26.1,1.210
26.1,1.210
26.1,1.210
26.1,1.210
26.1,1.210
26.1,1.210
26.1,1.210
26.1,1.210
26.1,1.210
26.1,1.210
26.1,1.210
26.1,1.205
26.1,1.205
26.1,1.205
26.1,1.205
26.1,1.205
26.1,1.205
26.1,1.205
26.1,1.205
26.1,1.205
26.1,1.205
26.1,1.205
26.1,1.205
26.1,1.205
26.1,1.205
26.1,1.205
26.1,1.205
26.1,1.205
26.1,1.200
26.1,1.200
26.1,1.200
26.1,1.200
26.1,1.200
26.1,1.200
26.1,1.200
26.1,1.200
26.1,1.200
26.1,1.200
26.1,1.200
26.1,1.200
26.1,1.200
26.1,1.200
26.1,1.200
26.1,1.200
26.1,1.200
26.1,1.200
26.1,1.195
26.1,1.195
26.1,1.195
26.1,1.195
26.1,1.195
26.1,1.195
26.1,1.195
26.1,1.195
26.1,1.195
26.1,1.195
26.1,1.195
26.1,1.195
26.1,1.195
26.1,1.195
26.1,1.195
26.1,1.195
26.1,1.195
26.1,1.190
26.1,1.190
26.1,1.190
26.1,1.190
26.1,1.190
26.1,1.190
26.1,1.190
26.1,1.190
26.1,1.190
26.1,1.190
26.1,1.190
26.1,1.190
26.1,1.190
26.1,1.190
26.1,1.190
26.1,1.190
26.1,1.190
26.1,1.190
26.1,1.185
26.1,1.185
26.1,1.185
26.1,1.185
26.1,1.185
26.1,1.185
26.1,1.185
26.1,1.185
26.1,1.185
26.1,1.185
26.1,1.185
26.1,1.185
26.1,1.185
26.1,1.185
26.1,1.185
26.1,1.185
26.1,1.185
26.1,1.185
26.1,1.185
26.1,1.180
26.1,1.180
26.1,1.180
26.1,1.180
26.1,1.180
26.1,1.180
26.1,1.180
26.1,1.180
26.1,1.180
26.1,1.180
26.1,1.180
26.1,1.180
26.1,1.180
26.1,1.180
26.0,1.180
26.0,1.180
26.0,1.180
26.0,1.180
26.0,1.175
26.0,1.175
26.0,1.175
26.0,1.175
26.0,1.175
26.0,1.175
26.0,1.175
26.0,1.175
26.0,1.175
26.0,1.175
26.0,1.175
26.0,1.175
26.0,1.175
26.0,1.175
26.0,1.175
26.0,1.175
26.0,1.175
26.0,1.175
26.0,1.175
26.0,1.170
26.0,1.170
26.0,1.170
26.0,1.170
26.0,1.170
26.0,1.170
26.0,1.170
26.0,1.170
26.0,1.170
26.0,1.170
26.0,1.170
26.0,1.170
26.0,1.170
26.0,1.170
26.0,1.170
26.0,1.170
26.0,1.170
26.0,1.170
26.0,1.170
26.0,1.170
26.0,1.165
26.0,1.165
26.0,1.165
26.0,1.165
26.0,1.165
26.0,1.165
26.0,1.165
26.0,1.165
26.0,1.165
26.0,1.165
26.0,1.165
26.0,1.165
26.0,1.165
26.0,1.165
26.0,1.165
26.0,1.165
26.0,1.165
26.0,1.165
26.0,1.160
26.0,1.160
26.0,1.160
26.0,1.160
26.1,1.160
26.1,1.160
26.1,1.160
26.1,1.160
26.1,1.160
26.1,1.160
26.1,1.160
26.1,1.160
26.1,1.160
26.1,1.160
26.1,1.160
26.1,1.160
26.0,1.160
26.0,1.155
26.0,1.155
26.0,1.155
26.0,1.155
26.0,1.155
26.0,1.155
26.0,1.155
26.0,1.155
26.0,1.155
26.0,1.155
26.0,1.155
26.0,1.155
26.0,1.155
26.0,1.155
26.0,1.155
26.0,1.155
26.0,1.155
26.0,1.150
26.0,1.150
26.0,1.150
26.0,1.150
26.0,1.150
26.0,1.150
26.0,1.150
26.0,1.150
26.0,1.150
26.0,1.150
26.0,1.150
26.0,1.150
26.0,1.150
26.0,1.150
26.0,1.150
26.0,1.150
26.0,1.150
26.0,1.150
26.0,1.145
26.0,1.145
26.0,1.145
26.0,1.145
26.0,1.145
26.0,1.145
26.0,1.145
26.0,1.145
26.0,1.145
26.0,1.145
26.0,1.145
26.0,1.145
26.0,1.145
26.0,1.145
26.0,1.145
26.0,1.145
26.0,1.145
26.0,1.140
26.0,1.140
26.0,1.140
26.0,1.140
26.0,1.140
26.0,1.140
26.0,1.140
26.0,1.140
26.0,1.140
25.9,1.140
25.9,1.140
25.9,1.140
25.9,1.140
25.9,1.140
25.9,1.140
25.9,1.140
25.9,1.140
25.9,1.135
25.9,1.135
25.9,1.135
25.9,1.135
25.9,1.135
25.9,1.135
25.9,1.135
25.9,1.135
25.9,1.135
25.9,1.135
25.9,1.135
25.9,1.135
25.9,1.135
25.9,1.135
25.9,1.135
25.9,1.135
25.9,1.130
26.0,1.130
26.0,1.130
26.0,1.130
26.1,1.130
26.1,1.130
26.1,1.130
26.1,1.130
26.1,1.130
26.1,1.130
26.1,1.130
26.1,1.130
26.1,1.130
26.1,1.130
26.1,1.130
26.1,1.130
26.1,1.125
26.1,1.125
26.1,1.125
26.2,1.125
26.2,1.125
26.2,1.125
26.2,1.125
26.3,1.125
26.3,1.125
26.3,1.125
26.3,1.125
26.3,1.125
26.3,1.125
26.3,1.125
26.3,1.125
26.3,1.125
26.3,1.120
26.3,1.120
26.3,1.120
26.4,1.120
26.4,1.120
26.4,1.120
26.4,1.120
26.4,1.120
26.4,1.120
26.4,1.120
26.4,1.120
26.4,1.120
26.4,1.120
26.4,1.120
26.4,1.115
26.4,1.115
26.4,1.115
26.4,1.115
26.4,1.115
26.4,1.115
26.4,1.115
26.4,1.115
26.4,1.115
26.4,1.115
26.4,1.115
26.4,1.115
26.4,1.115
26.4,1.115
26.4,1.115
26.4,1.110
26.4,1.110
26.4,1.110
26.4,1.110
26.4,1.110
26.4,1.110
26.4,1.110
26.5,1.110
26.5,1.110
26.5,1.110
26.5,1.110
26.5,1.110
26.5,1.110
26.5,1.110
26.5,1.110
26.5,1.105
26.5,1.105
26.6,1.105
26.6,1.105
26.6,1.105
26.6,1.105
26.6,1.105
26.6,1.105
26.7,1.105
26.7,1.105
26.7,1.105
26.7,1.105
26.7,1.105
26.7,1.105
26.7,1.105
26.7,1.105
26.7,1.100
26.7,1.100
26.7,1.100
26.7,1.100
26.7,1.100
26.7,1.100
26.8,1.100
26.8,1.100
26.8,1.100
26.9,1.100
26.9,1.100
26.9,1.100
26.9,1.100
26.9,1.100
27.0,1.095
27.0,1.095
27.0,1.095
27.0,1.095
27.0,1.095
27.0,1.095
27.0,1.095
27.0,1.095
27.0,1.095
27.0,1.095
27.0,1.095
27.0,1.095
27.0,1.095
27.0,1.095
27.0,1.095
27.0,1.090
27.0,1.090
27.0,1.090
27.0,1.090
27.0,1.090
27.0,1.090
27.0,1.090
27.0,1.090
27.0,1.090
27.0,1.090
27.0,1.090
27.0,1.090
27.1,1.090
27.1,1.090
27.1,1.090
27.1,1.090
27.1,1.085
27.1,1.085
27.1,1.085
27.1,1.085
27.1,1.085
27.1,1.085
27.1,1.085
27.2,1.085
27.2,1.085
27.2,1.085
27.2,1.085
27.2,1.085
27.2,1.085
27.2,1.085
27.2,1.085
27.2,1.080
27.2,1.080
27.2,1.080
27.2,1.080
27.2,1.080
27.2,1.080
27.2,1.080
27.2,1.080
27.3,1.080
27.3,1.080
27.3,1.080
27.3,1.080
27.3,1.080
27.4,1.080
27.4,1.080
27.4,1.075
27.4,1.075
27.4,1.075
27.4,1.075
27.4,1.075
27.5,1.075
27.5,1.075
27.5,1.075
27.5,1.075
27.5,1.075
27.5,1.075
27.5,1.075
27.5,1.075
27.5,1.075
27.5,1.075
27.5,1.075
27.5,1.070
27.5,1.070
27.6,1.070
27.6,1.070
27.6,1.070
27.6,1.070
27.6,1.070
27.6,1.070
27.6,1.070
27.6,1.070
27.7,1.070
27.7,1.070
27.7,1.070
27.7,1.070
27.7,1.070
27.7,1.070
27.7,1.070
27.7,1.065
27.8,1.065
27.8,1.065
27.8,1.065
27.9,1.065
27.9,1.065
28.0,1.065
28.0,1.065
28.0,1.065
28.0,1.065
28.0,1.065
28.0,1.065
28.0,1.065
28.0,1.065
28.0,1.065
28.0,1.065
28.0,1.060
28.0,1.060
28.0,1.060
28.0,1.060
28.1,1.060
28.1,1.060
28.1,1.060
28.2,1.060
28.1,1.060
28.1,1.060
28.2,1.060
28.2,1.060
28.2,1.060
28.2,1.060
28.2,1.060
28.2,1.060
28.2,1.060
28.2,1.055
28.2,1.055
28.2,1.055
28.2,1.055
28.2,1.055
28.2,1.055
28.2,1.055
28.1,1.055
28.1,1.055
28.1,1.055
28.1,1.055
28.1,1.055
28.1,1.055
28.1,1.055
28.2,1.055
28.2,1.055
28.2,1.050
28.2,1.050
28.2,1.050
28.2,1.050
28.2,1.050
28.2,1.050
28.2,1.050
28.2,1.050
28.2,1.050
28.2,1.050
28.2,1.050
28.2,1.050
28.2,1.050
28.2,1.050
28.2,1.050
28.3,1.050
28.3,1.050
28.3,1.045
28.3,1.045
28.3,1.045
28.3,1.045
28.3,1.045
28.3,1.045
28.3,1.045
28.3,1.045
28.3,1.045
28.3,1.045
28.4,1.045
28.4,1.045
28.4,1.045
28.4,1.045
28.4,1.045
28.4,1.045
28.4,1.045
28.4,1.045
28.4,1.040
28.4,1.040
28.4,1.040
28.5,1.040
28.5,1.040
28.5,1.040
28.5,1.040
28.5,1.040
28.5,1.040
28.5,1.040
28.5,1.040
28.5,1.040
28.5,1.040
28.5,1.040
28.5,1.040
28.5,1.040
28.5,1.040
28.5,1.040
28.5,1.035
28.5,1.035
28.5,1.035
28.5,1.035
28.5,1.035
28.5,1.035
28.5,1.035
28.5,1.035
28.5,1.035
28.5,1.035
28.6,1.035
28.6,1.035
28.6,1.035
28.6,1.035
28.6,1.035
28.6,1.035
28.6,1.035
28.6,1.035
28.6,1.030
28.6,1.030
28.6,1.030
28.6,1.030
28.6,1.030
28.6,1.030
28.6,1.030
28.6,1.030
28.6,1.030
28.6,1.030
28.6,1.030
28.6,1.030
28.7,1.030
28.7,1.030
28.7,1.030
28.7,1.030
28.7,1.030
28.7,1.030
28.7,1.025
28.7,1.025
28.7,1.025
28.7,1.025
28.7,1.025
28.7,1.025
28.7,1.025
28.7,1.025
28.7,1.025
28.7,1.025
28.7,1.025
28.8,1.025
28.8,1.025
28.8,1.025
28.8,1.025
28.8,1.025
29.0,1.025
29.0,1.025
29.0,1.020
28.9,1.020
29.0,1.020
29.0,1.020
29.0,1.020
29.0,1.020
29.0,1.020
29.0,1.020
29.0,1.020
29.0,1.020
29.0,1.020
29.0,1.020
29.0,1.020
29.0,1.020
29.1,1.020
29.1,1.015
29.1,1.015
29.1,1.015
29.1,1.015
29.1,1.015
29.2,1.015
29.2,1.015
29.2,1.015
29.2,1.015
29.2,1.015
29.2,1.015
29.2,1.015
29.2,1.015
29.2,1.015
29.2,1.015
29.2,1.010
29.2,1.010
29.2,1.010
29.2,1.010
29.2,1.010
29.3,1.010
29.3,1.010
29.3,1.010
29.3,1.010
29.3,1.010
29.3,1.010
29.3,1.010
29.4,1.010
29.4,1.010
29.4,1.005
29.4,1.005
29.4,1.005
29.4,1.005
29.4,1.005
29.4,1.005
29.4,1.005
29.4,1.005
29.4,1.005
29.4,1.005
29.4,1.005
29.4,1.005
29.4,1.005
29.5,1.000
29.4,1.000
29.4,1.000
29.5,1.000
29.5,1.000
29.5,1.000
29.5,1.000
29.5,1.000
29.5,1.000
29.5,1.000
29.5,1.000
29.5,0.995
29.5,0.995
29.5,0.995
29.6,0.995
29.6,0.995
29.6,0.995
29.6,0.995
29.6,0.995
29.6,0.995
29.6,0.995
29.6,0.995
29.6,0.995
29.6,0.990
29.6,0.990
29.6,0.990
29.6,0.990
29.6,0.990
29.6,0.990
29.6,0.990
29.6,0.990
29.6,0.990
29.6,0.990
29.6,0.990
29.6,0.985
29.6,0.985
29.6,0.985
29.6,0.985
29.6,0.985
29.6,0.985
29.7,0.985
29.8,0.985
29.8,0.985
29.8,0.985
29.9,0.980
29.9,0.980
29.9,0.980
30.0,0.980
30.0,0.980
30.0,0.980
30.0,0.980
30.0,0.980
30.0,0.980
30.0,0.980
30.0,0.980
30.0,0.975
30.1,0.975
30.2,0.975
30.2,0.975
30.2,0.975
30.2,0.975
30.2,0.975
30.2,0.975
30.2,0.975
30.2,0.970
30.2,0.970
30.2,0.970
30.2,0.970
30.2,0.970
30.2,0.970
30.2,0.970
30.2,0.970
30.3,0.970
30.3,0.970
30.3,0.970
30.3,0.965
30.3,0.965
30.3,0.965
30.3,0.965
30.3,0.965
30.3,0.965
30.3,0.965
30.4,0.965
30.4,0.965
30.4,0.965
30.4,0.960
30.4,0.960
30.5,0.960
30.5,0.960
30.6,0.960
30.6,0.960
30.6,0.960
30.6,0.960
30.6,0.960
30.6,0.960
30.6,0.955
30.6,0.955
30.6,0.955
30.6,0.955
30.6,0.955
30.7,0.955
30.7,0.955
30.8,0.955
30.7,0.955
30.7,0.955
30.7,0.950
30.8,0.950
30.8,0.950
30.8,0.950
30.8,0.950
30.8,0.950
30.8,0.950
30.8,0.950
30.8,0.950
30.9,0.950
30.9,0.950
30.9,0.945
31.0,0.945
31.0,0.945
31.0,0.945
31.0,0.945
31.0,0.945
31.0,0.945
31.0,0.945
31.0,0.945
31.0,0.945
31.0,0.945
31.0,0.940
31.0,0.940
31.0,0.940
31.0,0.940
31.0,0.940
31.0,0.940
31.1,0.940
31.1,0.940
31.1,0.940
31.1,0.940
31.1,0.935
31.1,0.935
31.1,0.935
31.1,0.935
31.1,0.935
31.1,0.935
31.2,0.935
31.2,0.935
31.2,0.935
31.2,0.935
31.2,0.935
31.2,0.930
31.2,0.930
31.2,0.930
31.2,0.930
31.2,0.930
31.2,0.930
31.2,0.930
31.2,0.930
31.2,0.930
31.2,0.930
31.2,0.930
31.2,0.930
31.2,0.925
31.2,0.925
31.2,0.925
31.2,0.925
31.2,0.925
31.2,0.925
31.2,0.925
31.2,0.925
31.2,0.925
31.2,0.925
31.3,0.925
31.3,0.925
31.3,0.920
31.3,0.920
31.3,0.920
31.3,0.920
31.3,0.920
31.3,0.920
31.3,0.920
31.3,0.920
31.3,0.920
31.3,0.920
31.3,0.920
31.3,0.920
31.3,0.915
31.3,0.915
31.3,0.915
31.3,0.915
31.3,0.915
31.3,0.915
31.3,0.915
31.3,0.915
31.3,0.915
31.3,0.915
31.3,0.915
31.3,0.915
31.3,0.915
31.3,0.915
31.3,0.910
31.3,0.910
31.3,0.910
31.3,0.910
31.4,0.910
31.4,0.910
31.4,0.910
31.4,0.910
31.4,0.910
31.4,0.910
31.4,0.910
31.4,0.910
31.4,0.910
31.4,0.910
31.4,0.905
31.4,0.905
31.4,0.905
31.4,0.905
31.4,0.905
31.4,0.905
31.4,0.905
31.4,0.905
31.4,0.905
31.4,0.905
31.4,0.905
31.4,0.905
31.4,0.905
31.5,0.905
31.5,0.905
31.5,0.900
31.5,0.900
31.5,0.900
31.5,0.900
31.5,0.900
31.5,0.900
31.5,0.900
31.6,0.900
31.6,0.900
31.6,0.900
31.6,0.900
31.6,0.900
31.6,0.900
31.6,0.900
31.6,0.900
31.6,0.895
31.6,0.895
31.6,0.895
31.6,0.895
31.6,0.895
31.6,0.895
31.7,0.895
31.7,0.895
31.7,0.895
31.7,0.895
31.7,0.895
31.7,0.895
31.7,0.895
31.7,0.895
31.7,0.895
31.7,0.890
31.7,0.890
31.7,0.890
31.7,0.890
31.7,0.890
31.7,0.890
31.7,0.890
31.7,0.890
31.7,0.890
31.7,0.890
31.7,0.890
31.7,0.890
31.7,0.890
31.7,0.890
31.7,0.890
31.7,0.890
31.7,0.885
31.7,0.885
31.8,0.885
31.8,0.885
31.8,0.885
31.8,0.885
31.8,0.885
31.8,0.885
31.8,0.885
31.8,0.885
31.8,0.885
31.8,0.885
31.8,0.885
31.8,0.885
31.8,0.885
31.8,0.880
31.8,0.880
31.8,0.880
31.8,0.880
31.8,0.880
31.8,0.880
31.8,0.880
31.9,0.880
31.9,0.880
31.9,0.880
31.9,0.880
31.9,0.880
32.0,0.880
32.0,0.880
32.0,0.880
32.0,0.875
32.0,0.875
32.1,0.875
32.1,0.875
32.1,0.875
32.1,0.875
32.2,0.875
32.2,0.875
32.3,0.875
32.3,0.875
32.3,0.875
32.3,0.875
32.3,0.875
32.4,0.875
32.4,0.870
32.4,0.870
32.4,0.870
32.4,0.870
32.4,0.870
32.4,0.870
32.4,0.870
32.4,0.870
32.5,0.870
32.5,0.870
32.5,0.870
32.5,0.870
32.6,0.870
32.6,0.870
32.6,0.870
32.6,0.865
32.7,0.865
32.7,0.865
32.7,0.865
32.7,0.865
32.7,0.865
32.7,0.865
32.7,0.865
32.7,0.865
32.7,0.865
32.7,0.865
32.8,0.865
32.8,0.865
32.8,0.865
32.8,0.865
32.8,0.860
32.8,0.860
32.9,0.860
32.9,0.860
32.9,0.860
32.9,0.860
32.9,0.860
32.9,0.860
32.9,0.860
33.0,0.860
33.0,0.860
33.0,0.860
33.0,0.860
33.0,0.855
33.1,0.855
33.1,0.855
33.2,0.855
33.2,0.855
33.3,0.855
33.3,0.855
33.3,0.855
33.4,0.855
33.4,0.855
33.4,0.855
33.4,0.855
33.4,0.855
33.4,0.855
33.4,0.855
33.4,0.850
33.4,0.850
33.5,0.850
33.6,0.850
33.6,0.850
33.6,0.850
33.6,0.850
33.6,0.850
33.6,0.850
33.6,0.850
33.6,0.850
33.6,0.850
33.6,0.850
33.7,0.850
33.8,0.845
33.7,0.845
33.8,0.845
33.8,0.845
33.8,0.845
33.8,0.845
33.8,0.845
33.8,0.845
33.8,0.845
33.8,0.845
33.8,0.845
33.9,0.845
33.9,0.845
34.0,0.845
34.0,0.845
34.0,0.840
34.0,0.840
34.0,0.840
34.1,0.840
34.1,0.840
34.1,0.840
34.1,0.840
34.2,0.840
34.2,0.840
34.2,0.840
34.3,0.840
34.3,0.840
34.3,0.840
34.4,0.835
34.4,0.835
34.4,0.835
34.4,0.835
34.4,0.835
34.5,0.835
34.5,0.835
34.5,0.835
34.6,0.835
34.6,0.835
34.6,0.835
34.6,0.835
34.7,0.835
34.7,0.835
34.8,0.830
34.8,0.830
34.9,0.830
34.9,0.830
34.9,0.830
35.0,0.830
35.0,0.830
35.1,0.830
35.1,0.830
35.2,0.830
35.2,0.830
35.3,0.830
35.3,0.830
35.4,0.830
35.4,0.830
35.4,0.825
35.4,0.825
35.4,0.825
35.4,0.825
35.4,0.825
35.4,0.825
35.4,0.825
35.5,0.825
35.6,0.825
35.6,0.825
35.6,0.825
35.7,0.825
35.7,0.825
35.7,0.825
35.7,0.825
35.7,0.820
35.7,0.820
35.8,0.820
35.8,0.820
35.8,0.820
35.8,0.820
35.9,0.820
35.9,0.820
35.9,0.820
35.9,0.820
36.0,0.820
36.0,0.820
36.0,0.820
36.1,0.815
36.2,0.815
36.2,0.815
36.3,0.815
36.4,0.815
36.4,0.815
36.5,0.815
36.5,0.815
36.6,0.815
36.6,0.815
36.7,0.815
36.8,0.815
36.9,0.815
37.0,0.810
37.0,0.810
37.1,0.810
37.2,0.810
37.3,0.810
37.5,0.810
37.7,0.810
38.0,0.810
38.4,0.810
38.8,0.810
39.3,0.810
39.7,0.810
40.1,0.810
40.3,0.805
40.3,0.805
40.2,0.805
39.9,0.805
39.6,0.805
39.2,0.805
38.8,0.805
38.5,0.805
38.2,0.805
37.9,0.805
37.7,0.805
37.5,0.805
37.3,0.805
37.0,0.800
36.9,0.800
36.8,0.800
36.7,0.800
36.7,0.800
36.7,0.800
36.7,0.800
36.8,0.800
36.9,0.800
37.0,0.800
37.0,0.800
37.0,0.800
37.1,0.800
37.1,0.795
37.1,0.795
37.0,0.795
37.0,0.795
36.9,0.795
36.8,0.795
36.8,0.795
36.7,0.795
36.6,0.795
36.6,0.795
36.6,0.795
36.6,0.795
36.6,0.795
36.6,0.790
36.7,0.790
36.7,0.790
36.7,0.790
36.8,0.790
36.8,0.790
36.8,0.790
36.8,0.790
36.8,0.790
36.8,0.790
36.8,0.790
36.8,0.790
36.8,0.790
36.7,0.790
36.7,0.785
36.6,0.785
36.6,0.785
36.6,0.785
36.6,0.785
36.6,0.785
36.6,0.785
36.6,0.785
36.6,0.785
36.6,0.785
36.6,0.785
36.6,0.785
36.6,0.785
36.6,0.785
36.6,0.780
36.6,0.780
36.6,0.780
36.6,0.780
36.6,0.780
36.6,0.780
36.6,0.780
36.5,0.780
36.5,0.780
36.5,0.780
36.5,0.780
36.5,0.780
36.5,0.780
36.5,0.780
36.5,0.775
36.5,0.775
36.5,0.775
36.5,0.775
36.5,0.775
36.5,0.775
36.5,0.775
36.5,0.775
36.5,0.775
36.5,0.775
36.5,0.775
36.5,0.775
36.4,0.775
36.4,0.775
36.4,0.775
36.4,0.770
36.4,0.770
36.4,0.770
36.4,0.770
36.4,0.770
36.4,0.770
36.4,0.770
36.4,0.770
36.4,0.770
36.4,0.770
36.4,0.770
36.4,0.770
36.4,0.770
36.4,0.770
36.4,0.770
36.4,0.770
36.4,0.765
36.4,0.765
36.4,0.765
36.4,0.765
36.4,0.765
36.4,0.765
36.4,0.765
36.3,0.765
36.4,0.765
36.4,0.765
36.4,0.765
36.4,0.765
36.4,0.765
36.4,0.765
36.4,0.765
36.4,0.765
36.4,0.760
36.4,0.760
36.4,0.760
36.4,0.760
36.4,0.760
36.3,0.760
36.3,0.760
36.3,0.760
36.3,0.760
36.3,0.760
36.3,0.760
36.3,0.760
36.3,0.760
36.3,0.760
36.3,0.760
36.2,0.760
36.2,0.760
36.2,0.760
36.2,0.755
36.2,0.755
36.2,0.755
36.2,0.755
36.2,0.755
36.2,0.755
36.2,0.755
36.2,0.755
36.1,0.755
36.1,0.755
36.1,0.755
36.1,0.755
36.1,0.755
36.1,0.755
36.1,0.755
36.1,0.755
36.1,0.755
36.1,0.755
36.1,0.750
36.0,0.750
36.0,0.750
36.0,0.750
36.0,0.750
36.0,0.750
36.0,0.750
36.0,0.750
36.0,0.750
36.0,0.750
36.0,0.750
36.0,0.750
36.0,0.750
36.0,0.750
35.9,0.750
35.8,0.750
35.9,0.750
35.9,0.750
35.9,0.745
35.9,0.745
35.8,0.745
35.8,0.745
35.8,0.745
35.8,0.745
35.8,0.745
35.8,0.745
35.8,0.745
35.8,0.745
35.8,0.745
35.8,0.745
35.8,0.745
35.8,0.745
35.8,0.745
35.8,0.745
35.8,0.745
35.8,0.745
35.8,0.740
35.8,0.740
35.8,0.740
35.8,0.740
35.7,0.740
35.7,0.740
35.7,0.740
35.7,0.740
35.7,0.740
35.7,0.740
35.7,0.740
35.7,0.740
35.7,0.740
35.7,0.740
35.7,0.740
35.7,0.740
35.7,0.740
35.7,0.740
35.7,0.740
35.7,0.735
35.7,0.735
35.7,0.735
35.7,0.735
35.7,0.735
35.7,0.735
35.6,0.735
35.6,0.735
35.5,0.735
35.5,0.735
35.5,0.735
35.5,0.735
35.5,0.735
35.5,0.735
35.5,0.735
35.5,0.735
35.5,0.735
35.5,0.735
35.5,0.730
35.5,0.730
35.5,0.730
35.5,0.730
35.5,0.730
35.4,0.730
35.4,0.730
35.4,0.730
35.4,0.730
35.4,0.730
35.4,0.730
35.4,0.730
35.4,0.730
35.4,0.730
35.3,0.730
35.3,0.730
35.3,0.730
35.3,0.730
35.3,0.730
35.3,0.730
35.3,0.725
35.3,0.725
35.2,0.725
35.2,0.725
35.2,0.725
35.2,0.725
35.2,0.725
35.2,0.725
35.1,0.725
35.1,0.725
35.1,0.725
35.1,0.725
35.0,0.725
35.0,0.725
35.0,0.725
34.9,0.725
34.9,0.725
34.9,0.725
34.9,0.725
34.9,0.725
34.9,0.725
34.9,0.720
34.9,0.720
34.9,0.720
34.9,0.720
34.8,0.720
34.8,0.720
34.8,0.720
34.8,0.720
34.8,0.720
34.8,0.720
34.8,0.720
34.7,0.720
34.7,0.720
34.7,0.720
34.7,0.720
34.6,0.720
34.6,0.720
34.6,0.720
34.5,0.720
34.5,0.720
34.4,0.720
34.4,0.715
34.4,0.715
34.4,0.715
34.3,0.715
34.3,0.715
34.3,0.715
34.3,0.715
34.3,0.715
34.3,0.715
34.2,0.715
34.2,0.715
34.2,0.715
34.2,0.715
34.2,0.715
34.2,0.715
34.2,0.715
34.2,0.715
34.1,0.715
34.1,0.715
34.1,0.715
34.0,0.710
34.0,0.710
34.0,0.710
33.9,0.710
33.9,0.710
33.9,0.710
33.9,0.710
33.8,0.710
33.8,0.710
33.8,0.710
33.7,0.710
33.7,0.710
33.7,0.710
33.7,0.710
33.6,0.710
33.6,0.710
33.6,0.710
33.6,0.710
33.6,0.710
33.6,0.710
33.5,0.705
33.5,0.705
33.5,0.705
33.4,0.705
33.4,0.705
33.4,0.705
33.4,0.705
33.4,0.705
33.4,0.705
33.3,0.705
33.3,0.705
33.2,0.705
33.2,0.705
33.2,0.705
33.2,0.705
33.1,0.705
33.1,0.705
33.1,0.705
33.0,0.705
33.0,0.705
33.0,0.700
33.0,0.700
32.9,0.700
32.9,0.700
32.8,0.700
32.8,0.700
32.8,0.700
32.7,0.700
32.7,0.700
32.6,0.700
32.6,0.700
32.6,0.700
32.6,0.700
32.5,0.700
32.5,0.700
32.5,0.700
32.5,0.700
32.4,0.700
32.4,0.700
32.3,0.695
32.3,0.695
32.3,0.695
32.3,0.695
32.2,0.695
32.2,0.695
32.1,0.695
32.0,0.695
32.0,0.695
32.0,0.695
31.9,0.695
31.8,0.695
31.8,0.695
31.8,0.695
31.8,0.695
31.7,0.695
31.7,0.695
31.7,0.695
31.6,0.695
31.6,0.695
31.6,0.695
31.6,0.690
31.5,0.690
31.5,0.690
31.4,0.690
31.4,0.690
31.4,0.690
31.3,0.690
31.3,0.690
31.2,0.690
31.2,0.690
31.1,0.690
31.0,0.690
31.0,0.690
31.0,0.690
30.9,0.690
30.9,0.690
30.8,0.690
30.8,0.690
30.7,0.690
30.7,0.690
30.6,0.690
30.6,0.690
30.6,0.685
30.5,0.685
30.5,0.685
30.4,0.685
30.4,0.685
30.4,0.685
30.3,0.685
30.3,0.685
30.2,0.685
30.2,0.685
30.2,0.685
30.2,0.685
30.1,0.685
30.1,0.685
30.0,0.685
30.0,0.685
30.0,0.685
29.9,0.685
29.9,0.685
29.8,0.685
29.8,0.685
29.7,0.680
29.6,0.680
29.6,0.680
29.5,0.680
29.5,0.680
29.5,0.680
29.4,0.680
29.4,0.680
29.4,0.680
29.4,0.680
29.4,0.680
29.5,0.680
29.6,0.680
29.6,0.680
29.6,0.680
29.6,0.680
29.6,0.680
29.6,0.680
29.6,0.680
29.6,0.680
29.6,0.680
29.6,0.675
29.6,0.675
29.6,0.675
29.6,0.675
29.6,0.675
29.6,0.675
29.6,0.675
29.6,0.675
29.6,0.675
29.6,0.675
29.6,0.675
29.6,0.675
29.6,0.675
29.6,0.675
29.6,0.675
29.6,0.675
29.6,0.675
29.6,0.675
29.6,0.675
29.6,0.675
29.6,0.675
29.6,0.675
29.6,0.670
29.6,0.670
29.6,0.670
29.6,0.670
29.6,0.670
29.6,0.670
29.6,0.670
29.6,0.670
29.6,0.670
29.6,0.670
29.6,0.670
29.5,0.670
29.5,0.670
29.5,0.670
29.5,0.670
29.5,0.670
29.5,0.670
29.5,0.670
29.5,0.670
29.5,0.670
29.5,0.670
29.5,0.665
29.5,0.665
29.5,0.665
29.5,0.665
29.4,0.665
29.4,0.665
29.4,0.665
29.4,0.665
29.4,0.665
29.4,0.665
29.4,0.665
29.4,0.665
29.4,0.665
29.4,0.665
29.4,0.665
29.4,0.665
29.4,0.665
29.4,0.665
29.4,0.665
29.4,0.665
29.4,0.660
29.4,0.660
29.4,0.660
29.4,0.660
29.4,0.660
29.4,0.660
29.4,0.660
29.4,0.660
29.4,0.660
29.4,0.660
29.4,0.660
29.4,0.660
29.4,0.660
29.4,0.660
29.4,0.660
29.4,0.660
29.4,0.660
29.4,0.660
29.4,0.660
29.4,0.660
29.4,0.660
29.4,0.655
29.4,0.655
29.4,0.655
29.4,0.655
29.4,0.655
29.4,0.655
29.4,0.655
29.4,0.655
29.4,0.655
29.4,0.655
29.4,0.655
29.4,0.655
29.3,0.655
29.3,0.655
29.3,0.655
29.3,0.655
29.3,0.655
29.3,0.655
29.3,0.655
29.3,0.655
29.3,0.650
29.3,0.650
29.3,0.650
29.3,0.650
29.3,0.650
29.3,0.650
29.3,0.650
29.3,0.650
29.3,0.650
29.3,0.650
29.3,0.650
29.3,0.650
29.3,0.650
29.3,0.650
29.3,0.650
29.3,0.650
29.3,0.650
29.3,0.650
29.3,0.650
29.3,0.650
29.3,0.650
29.3,0.645
29.3,0.645
29.3,0.645
29.3,0.645
29.3,0.645
29.3,0.645
29.3,0.645
29.3,0.645
29.3,0.645
29.3,0.645
29.3,0.645
29.3,0.645
29.3,0.645
29.3,0.645
29.3,0.645
29.3,0.645
29.3,0.645
29.3,0.645
29.3,0.645
29.3,0.645
29.3,0.640
29.3,0.640
29.3,0.640
29.3,0.640
29.3,0.640
29.3,0.640
29.2,0.640
29.2,0.640
29.2,0.640
29.2,0.640
29.2,0.640
29.2,0.640
29.2,0.640
29.2,0.640
29.2,0.640
29.2,0.640
29.2,0.640
29.2,0.635
29.2,0.635
29.2,0.635
29.2,0.635
29.2,0.635
29.2,0.635
29.1,0.635
29.1,0.635
29.1,0.635
29.1,0.635
29.1,0.635
29.1,0.635
29.1,0.635
29.1,0.635
29.1,0.630
29.1,0.630
29.1,0.630
29.1,0.630
29.1,0.630
29.1,0.630
29.1,0.630
29.1,0.630
29.1,0.630
29.1,0.630
29.1,0.630
29.1,0.630
29.1,0.630
29.1,0.630
29.1,0.630
29.1,0.625
29.1,0.625
29.1,0.625
29.1,0.625
29.2,0.625
29.2,0.625
29.2,0.625
29.2,0.625
29.2,0.625
29.2,0.625
29.2,0.625
29.2,0.625
29.2,0.625
29.2,0.625
29.2,0.625
29.2,0.625
29.2,0.620
29.2,0.620
29.2,0.620
29.2,0.620
29.2,0.620
29.2,0.620
29.2,0.620
29.2,0.620
29.2,0.620
29.2,0.620
29.2,0.620
29.2,0.620
29.2,0.620
29.2,0.620
29.2,0.615
29.2,0.615
29.2,0.615
29.2,0.615
29.2,0.615
29.2,0.615
29.2,0.615
29.2,0.615
29.2,0.615
29.2,0.615
29.2,0.615
29.2,0.615
29.2,0.615
29.2,0.615
29.2,0.615
29.2,0.615
29.2,0.610
29.2,0.610
29.2,0.610
29.2,0.610
29.2,0.610
29.2,0.610
29.2,0.610
29.2,0.610
29.2,0.610
29.2,0.610
29.2,0.610
29.2,0.610
29.2,0.610
29.3,0.610
29.3,0.610
29.3,0.610
29.3,0.610
29.3,0.605
29.3,0.605
29.3,0.605
29.3,0.605
29.3,0.605
29.3,0.605
29.3,0.605
29.3,0.605
29.3,0.605
29.3,0.605
29.3,0.605
29.3,0.605
29.3,0.605
29.3,0.605
29.3,0.605
29.3,0.605
29.3,0.605
29.3,0.605
29.3,0.605
29.3,0.600
29.3,0.600
29.3,0.600
29.4,0.600
29.4,0.600
29.4,0.600
29.4,0.600
29.4,0.600
29.4,0.600
29.4,0.600
29.4,0.600
29.4,0.600
29.4,0.600
29.4,0.600
29.4,0.600
29.4,0.600
29.4,0.600
29.4,0.600
29.4,0.600
29.4,0.595
29.3,0.595
29.3,0.595
29.3,0.595
29.3,0.595
29.3,0.595
29.3,0.595
29.3,0.595
29.3,0.595
29.3,0.595
29.3,0.595
29.3,0.595
29.3,0.595
29.3,0.595
29.2,0.595
29.2,0.595
29.2,0.595
29.2,0.595
29.2,0.595
29.2,0.595
29.2,0.590
29.2,0.590
29.2,0.590
29.2,0.590
29.2,0.590
29.2,0.590
29.2,0.590
29.2,0.590
29.2,0.590
29.2,0.590
29.2,0.590
29.2,0.590
29.2,0.590
29.2,0.590
29.2,0.590
29.2,0.590
29.2,0.590
29.2,0.590
29.2,0.590
29.2,0.590
29.2,0.585
29.2,0.585
29.2,0.585
29.2,0.585
29.2,0.585
29.2,0.585
29.2,0.585
29.2,0.585
29.2,0.585
29.2,0.585
29.2,0.585
29.2,0.585
29.2,0.585
29.2,0.585
29.2,0.585
29.2,0.585
29.2,0.585
29.2,0.585
29.2,0.585
29.2,0.585
29.2,0.580
29.2,0.580
29.2,0.580
29.2,0.580
29.2,0.580
29.2,0.580
29.2,0.580
29.2,0.580
29.2,0.580
29.2,0.580
29.2,0.580
29.2,0.580
29.2,0.580
29.2,0.580
29.2,0.580
29.2,0.580
29.2,0.580
29.2,0.580
29.2,0.580
29.2,0.580
29.2,0.575
29.2,0.575
29.2,0.575
29.2,0.575
29.2,0.575
29.2,0.575
29.2,0.575
29.2,0.575
29.2,0.575
29.2,0.575
29.2,0.575
29.2,0.575
29.2,0.575
29.2,0.575
29.2,0.575
29.2,0.575
29.2,0.575
29.1,0.575
29.1,0.575
29.1,0.575
29.1,0.570
29.1,0.570
29.1,0.570
29.1,0.570
29.1,0.570
29.1,0.570
29.1,0.570
29.1,0.570
29.1,0.570
29.1,0.570
29.1,0.570
29.1,0.570
29.1,0.570
29.1,0.570
29.1,0.570
29.1,0.570
29.1,0.570
29.1,0.570
29.1,0.570
29.1,0.570
29.1,0.570
29.1,0.570
29.1,0.565
29.1,0.565
29.1,0.565
29.1,0.565
29.1,0.565
29.1,0.565
29.1,0.565
29.1,0.565
29.1,0.565
29.1,0.565
29.1,0.565
29.1,0.565
29.1,0.565
29.1,0.565
29.1,0.565
29.1,0.565
29.1,0.565
29.1,0.565
29.1,0.565
29.1,0.565
29.1,0.565
29.1,0.565
29.1,0.560
29.1,0.560
29.1,0.560
29.1,0.560
29.1,0.560
29.1,0.560
29.1,0.560
29.1,0.560
29.1,0.560
29.1,0.560
29.1,0.560
29.1,0.560
29.1,0.560
29.1,0.560
29.1,0.560
29.1,0.560
29.1,0.560
29.1,0.560
29.1,0.560
29.1,0.560
29.1,0.560
29.1,0.560
29.1,0.560
29.1,0.555
29.1,0.555
29.1,0.555
29.1,0.555
29.1,0.555
29.1,0.555
29.1,0.555
29.1,0.555
29.1,0.555
29.0,0.555
29.0,0.555
29.0,0.555
29.0,0.555
29.0,0.555
29.0,0.555
29.0,0.555
29.0,0.555
29.0,0.555
29.0,0.555
29.0,0.555
29.0,0.555
29.0,0.555
29.0,0.555
29.0,0.555
29.0,0.550
29.0,0.550
29.0,0.550
29.0,0.550
29.0,0.550
29.0,0.550
29.0,0.550
29.0,0.550
29.0,0.550
29.0,0.550
29.0,0.550
29.0,0.550
29.0,0.550
29.0,0.550
29.0,0.550
29.0,0.550
29.0,0.550
29.0,0.550
29.0,0.550
29.0,0.550
29.0,0.550
29.0,0.550
29.0,0.550
29.0,0.550
29.0,0.545
29.0,0.545
29.0,0.545
29.0,0.545
29.0,0.545
29.0,0.545
29.0,0.545
29.0,0.545
29.0,0.545
29.0,0.545
29.0,0.545
29.0,0.545
29.0,0.545
29.0,0.545
29.0,0.545
29.0,0.545
29.0,0.545
29.0,0.545
29.0,0.545
29.0,0.545
29.0,0.545
29.0,0.545
29.0,0.545
29.0,0.545
29.0,0.545
29.0,0.540
29.0,0.540
29.0,0.540
29.0,0.540
29.0,0.540
29.0,0.540
29.0,0.540
29.0,0.540
29.0,0.540
29.0,0.540
29.0,0.540
29.0,0.540
29.0,0.540
29.0,0.540
29.0,0.540
29.0,0.540
29.0,0.540
28.9,0.540
28.9,0.540
28.9,0.540
28.9,0.540
28.9,0.540
28.9,0.535
28.9,0.535
28.9,0.535
28.9,0.535
28.9,0.535
28.9,0.535
28.9,0.535
28.9,0.535
28.9,0.535
28.9,0.535
28.9,0.535
28.9,0.535
28.8,0.535
28.8,0.535
28.8,0.535
28.8,0.535
28.8,0.535
28.8,0.535
28.8,0.535
28.8,0.535
28.8,0.535
28.8,0.535
28.8,0.530
28.8,0.530
28.8,0.530
28.8,0.530
28.8,0.530
28.8,0.530
28.8,0.530
28.8,0.530
28.8,0.530
28.8,0.530
28.8,0.530
28.8,0.530
28.8,0.530
28.8,0.530
28.8,0.530
28.8,0.530
28.8,0.530
28.8,0.530
28.8,0.530
28.8,0.530
28.8,0.525
28.8,0.525
28.8,0.525
28.8,0.525
28.8,0.525
28.8,0.525
28.7,0.525
28.7,0.525
28.7,0.525
28.7,0.525
28.7,0.525
28.7,0.525
28.6,0.525
28.6,0.525
28.6,0.525
28.6,0.525
28.6,0.525
28.6,0.525
28.6,0.520
28.6,0.520
28.6,0.520
28.6,0.520
28.6,0.520
28.6,0.520
28.6,0.520
28.6,0.520
28.6,0.520
28.6,0.520
28.6,0.520
28.6,0.520
28.6,0.520
28.6,0.520
28.6,0.520
28.6,0.520
28.6,0.520
28.6,0.515
28.6,0.515
28.6,0.515
28.6,0.515
28.6,0.515
28.6,0.515
28.6,0.515
28.6,0.515
28.6,0.515
28.6,0.515
28.6,0.515
28.6,0.515
28.6,0.515
28.6,0.515
28.6,0.515
28.6,0.515
28.5,0.510
28.5,0.510
28.5,0.510
28.5,0.510
28.5,0.510
28.5,0.510
28.5,0.510
28.5,0.510
28.5,0.510
28.5,0.510
28.5,0.510
28.5,0.510
28.5,0.510
28.5,0.510
28.5,0.510
28.5,0.510
28.5,0.510
28.5,0.505
28.5,0.505
28.5,0.505
28.5,0.505
28.5,0.505
28.5,0.505
28.5,0.505
28.5,0.505
28.5,0.505
28.5,0.505
28.5,0.505
28.5,0.505
28.5,0.505
28.5,0.505
28.5,0.505
28.5,0.505
28.5,0.505
28.5,0.500
28.4,0.500
28.4,0.500
28.4,0.500
28.5,0.500
28.5,0.500
28.5,0.500
28.5,0.500
28.5,0.500
28.5,0.500
28.5,0.500
28.5,0.500
28.5,0.500
28.5,0.500
28.5,0.500
28.5,0.500
28.5,0.500
28.5,0.500
28.5,0.495
28.5,0.495
28.5,0.495
28.5,0.495
28.5,0.495
28.5,0.495
28.5,0.495
28.5,0.495
28.5,0.495
28.5,0.495
28.5,0.495
28.5,0.495
28.5,0.495
28.5,0.495
28.5,0.495
28.4,0.495
28.4,0.495
28.4,0.490
28.4,0.490
28.4,0.490
28.4,0.490
28.4,0.490
28.4,0.490
28.4,0.490
28.4,0.490
28.4,0.490
28.4,0.490
28.4,0.490
28.4,0.490
28.4,0.490
28.4,0.490
28.4,0.490
28.4,0.490
28.4,0.490
28.4,0.490
28.4,0.490
28.4,0.490
28.4,0.490
28.4,0.485
28.4,0.485
28.4,0.485
28.4,0.485
28.4,0.485
28.4,0.485
28.4,0.485
28.4,0.485
28.4,0.485
28.4,0.485
28.4,0.485
28.4,0.485
28.4,0.485
28.4,0.485
28.4,0.485
28.4,0.485
28.4,0.485
28.4,0.485
28.4,0.485
28.5,0.485
28.5,0.485
28.5,0.485
28.5,0.485
28.5,0.480
28.5,0.480
28.5,0.480
28.5,0.480
28.5,0.480
28.5,0.480
28.5,0.480
28.5,0.480
28.5,0.480
28.5,0.480
28.5,0.480
28.5,0.480
28.5,0.480
28.5,0.480
28.5,0.480
28.5,0.480
28.5,0.480
28.5,0.480
28.5,0.480
28.5,0.480
28.5,0.480
28.5,0.480
28.5,0.480
28.5,0.480
28.5,0.480
28.5,0.480
28.5,0.480
28.5,0.480
28.5,0.475
28.5,0.475
28.5,0.475
28.5,0.475
28.5,0.475
28.5,0.475
28.5,0.475
28.5,0.475
28.5,0.475
28.5,0.475
28.5,0.475
28.5,0.475
28.5,0.475
28.5,0.475
28.5,0.475
28.5,0.475
28.5,0.475
28.5,0.475
28.5,0.475
28.5,0.475
28.5,0.475
28.5,0.475
28.5,0.475
28.5,0.475
28.4,0.475
28.4,0.475
28.4,0.475
28.4,0.475
28.4,0.475
28.4,0.475
28.4,0.475
28.4,0.470
28.4,0.470
28.4,0.470
28.4,0.470
28.4,0.470
28.4,0.470
28.4,0.470
28.4,0.470
28.4,0.470
28.4,0.470
28.4,0.470
28.4,0.470
28.4,0.470
28.4,0.470
28.4,0.470
28.4,0.470
28.4,0.470
28.4,0.470
28.4,0.470
28.4,0.470
28.4,0.470
28.4,0.470
28.4,0.470
28.4,0.470
28.4,0.470
28.4,0.470
28.4,0.470
28.4,0.470
28.4,0.470
28.4,0.470
28.4,0.470
28.4,0.470
28.4,0.470
28.4,0.465
28.4,0.465
28.4,0.465
28.4,0.465
28.4,0.465
28.4,0.465
28.4,0.465
28.4,0.465
28.4,0.465
28.4,0.465
28.4,0.465
28.4,0.465
28.4,0.465
28.4,0.465
28.4,0.465
28.4,0.465
28.4,0.465
28.4,0.465
28.4,0.465
28.4,0.465
28.4,0.465
28.4,0.465
28.4,0.465
28.4,0.465
28.4,0.465
28.4,0.465
28.3,0.465
28.4,0.465
28.4,0.465
28.4,0.465
28.4,0.465
28.4,0.465
28.3,0.460
28.3,0.460
28.3,0.460
28.3,0.460
28.3,0.460
28.3,0.460
28.3,0.460
28.3,0.460
28.3,0.460
28.3,0.460
28.3,0.460
28.4,0.460
28.4,0.460
28.4,0.460
28.4,0.460
28.4,0.460
28.4,0.460
28.4,0.460
28.4,0.460
28.4,0.460
28.4,0.460
28.4,0.460
28.4,0.460
28.4,0.460
28.4,0.460
28.4,0.460
28.4,0.460
28.4,0.460
28.4,0.455
28.4,0.455
28.4,0.455
28.4,0.455
28.4,0.455
28.3,0.455
28.3,0.455
28.3,0.455
28.3,0.455
28.3,0.455
28.3,0.455
28.3,0.455
28.3,0.455
28.3,0.455
28.3,0.455
28.3,0.455
28.3,0.455
28.3,0.455
28.3,0.455
28.3,0.455
28.3,0.455
28.3,0.455
28.3,0.455
28.3,0.455
28.3,0.455
28.3,0.455
28.3,0.455
28.3,0.450
28.3,0.450
28.3,0.450
28.3,0.450
28.3,0.450
28.3,0.450
28.3,0.450
28.3,0.450
28.3,0.450
28.3,0.450
28.3,0.450
28.3,0.450
28.3,0.450
28.3,0.450
28.3,0.450
28.3,0.450
28.3,0.450
28.3,0.450
28.3,0.450
28.3,0.450
28.3,0.450
28.3,0.450
28.3,0.450
28.3,0.445
28.3,0.445
28.3,0.445
28.3,0.445
28.3,0.445
28.3,0.445
28.3,0.445
28.3,0.445
28.3,0.445
28.3,0.445
28.3,0.445
28.3,0.445
28.3,0.445
28.3,0.445
28.3,0.445
28.3,0.445
28.3,0.445
28.3,0.445
28.3,0.445
28.3,0.445
28.3,0.445
28.3,0.445
28.3,0.440
28.3,0.440
28.3,0.440
28.3,0.440
28.3,0.440
28.3,0.440
28.3,0.440
28.3,0.440
28.3,0.440
28.3,0.440
28.3,0.440
28.3,0.440
28.3,0.440
28.3,0.440
28.3,0.440
28.3,0.440
28.3,0.440
28.3,0.440
28.3,0.440
28.3,0.440
28.3,0.440
28.3,0.440
28.3,0.435
28.3,0.435
28.3,0.435
28.2,0.435
28.2,0.435
28.2,0.435
28.2,0.435
28.2,0.435
28.2,0.435
28.2,0.435
28.2,0.435
28.2,0.435
28.2,0.435
28.2,0.435
28.2,0.435
28.2,0.435
28.2,0.435
28.2,0.435
28.2,0.435
28.2,0.435
28.2,0.435
28.2,0.435
28.2,0.430
28.2,0.430
28.2,0.430
28.2,0.430
28.2,0.430
28.2,0.430
28.2,0.430
28.2,0.430
28.2,0.430
28.2,0.430
28.2,0.430
28.2,0.430
28.2,0.430
28.1,0.430
28.1,0.430
28.1,0.430
28.1,0.430
28.1,0.430
28.1,0.430
28.1,0.430
28.1,0.430
28.1,0.430
28.1,0.430
28.1,0.430
28.1,0.430
28.1,0.425
28.1,0.425
28.1,0.425
28.1,0.425
28.1,0.425
28.1,0.425
28.1,0.425
28.1,0.425
28.1,0.425
28.1,0.425
28.1,0.425
28.1,0.425
28.1,0.425
28.1,0.425
28.1,0.425
28.1,0.425
28.1,0.425
28.1,0.425
28.1,0.425
28.1,0.425
28.1,0.425
28.1,0.425
28.1,0.425
28.1,0.425
28.1,0.425
28.1,0.425
28.1,0.420
28.1,0.420
28.1,0.420
28.1,0.420
28.1,0.420
28.1,0.420
28.1,0.420
28.1,0.420
28.1,0.420
28.1,0.420
28.1,0.420
28.1,0.420
28.1,0.420
28.1,0.420
28.1,0.420
28.1,0.420
28.1,0.420
28.1,0.420
28.1,0.420
28.1,0.420
28.1,0.420
28.1,0.420
28.1,0.420
28.1,0.420
28.1,0.420
28.1,0.420
28.1,0.420
28.1,0.420
28.1,0.420
28.1,0.420
28.1,0.420
28.1,0.415
28.1,0.415
28.1,0.415
28.1,0.415
28.1,0.415
28.0,0.415
28.0,0.415
28.0,0.415
28.0,0.415
28.0,0.415
28.0,0.415
28.0,0.415
28.0,0.415
28.0,0.415
28.0,0.415
28.0,0.415
28.0,0.415
28.0,0.415
28.0,0.415
28.0,0.415
28.0,0.415
28.0,0.415
28.0,0.415
28.0,0.415
28.0,0.415
28.0,0.415
28.0,0.415
28.0,0.415
28.0,0.415
28.0,0.415
28.0,0.415
28.0,0.415
28.0,0.410
28.0,0.410
28.0,0.410
28.0,0.410
28.0,0.410
28.0,0.410
28.0,0.410
28.0,0.410
28.0,0.410
28.0,0.410
28.0,0.410
28.0,0.410
28.0,0.410
28.0,0.410
28.0,0.410
28.0,0.410
28.0,0.410
28.0,0.410
28.0,0.410
28.0,0.410
28.0,0.410
28.0,0.410
28.0,0.410
28.0,0.410
28.0,0.410
28.0,0.410
28.0,0.410
28.0,0.410
28.0,0.410
28.0,0.410
28.0,0.410
28.0,0.410
28.0,0.410
28.0,0.410
28.0,0.410
28.0,0.410
28.0,0.410
28.0,0.405
28.0,0.405
28.0,0.405
28.0,0.405
28.0,0.405
28.0,0.405
28.0,0.405
28.0,0.405
28.0,0.405
28.0,0.405
28.0,0.405
28.0,0.405
28.0,0.405
28.0,0.405
28.0,0.405
28.0,0.405
28.0,0.405
28.0,0.405
28.0,0.405
28.0,0.405
28.0,0.405
28.0,0.405
28.0,0.405
28.0,0.405
28.0,0.405
28.0,0.405
28.0,0.405
28.0,0.405
28.0,0.405
28.0,0.405
28.0,0.405
28.0,0.405
28.0,0.405
28.0,0.405
28.0,0.405
28.0,0.405
28.0,0.400
28.0,0.400
28.0,0.400
28.0,0.400
28.0,0.400
28.0,0.400
28.0,0.400
28.0,0.400
28.0,0.400
28.0,0.400
28.0,0.400
28.0,0.400
28.0,0.400
28.0,0.400
28.0,0.400
28.0,0.400
28.0,0.400
28.0,0.400
28.0,0.400
28.0,0.400
28.0,0.400
28.0,0.400
28.0,0.400
28.0,0.400
28.0,0.400
28.0,0.400
28.0,0.400
28.0,0.400
28.0,0.400
28.0,0.400
28.0,0.400
28.0,0.400
28.0,0.400
28.0,0.400
28.0,0.400
27.9,0.400
27.9,0.400
27.9,0.395
27.9,0.395
27.9,0.395
27.9,0.395
27.9,0.395
27.9,0.395
27.9,0.395
27.9,0.395
27.9,0.395
27.9,0.395
27.9,0.395
28.0,0.395
28.0,0.395
28.0,0.395
28.0,0.395
28.0,0.395
28.0,0.395
28.0,0.395
28.0,0.395
28.0,0.395
28.0,0.395
28.0,0.395
28.0,0.395
28.0,0.395
28.0,0.395
28.0,0.395
28.0,0.395
28.0,0.395
28.0,0.395
28.0,0.395
28.0,0.395
28.0,0.395
28.0,0.395
28.0,0.395
28.0,0.395
28.0,0.395
28.0,0.390
28.0,0.390
28.0,0.390
28.0,0.390
28.0,0.390
28.0,0.390
28.0,0.390
28.0,0.390
28.0,0.390
28.0,0.390
28.0,0.390
28.0,0.390
28.0,0.390
28.0,0.390
28.0,0.390
28.0,0.390
28.0,0.390
28.0,0.390
28.0,0.390
28.0,0.390
28.0,0.390
28.0,0.390
28.0,0.390
28.0,0.390
28.0,0.390
28.0,0.390
28.0,0.390
28.0,0.390
28.0,0.390
28.0,0.390
28.0,0.390
28.0,0.390
28.0,0.390
28.0,0.390
28.0,0.390
28.0,0.390
28.0,0.390
28.0,0.390
28.0,0.390
28.0,0.390
28.0,0.390
28.0,0.390
28.0,0.385
28.0,0.385
28.0,0.385
28.0,0.385
28.0,0.385
28.0,0.385
28.0,0.385
28.0,0.385
28.0,0.385
28.0,0.385
28.0,0.385
28.0,0.385
28.0,0.385
28.0,0.385
28.0,0.385
28.0,0.385
28.0,0.385
28.0,0.385
28.0,0.385
28.0,0.385
28.0,0.385
28.0,0.385
28.0,0.385
28.0,0.385
28.0,0.385
28.0,0.385
28.0,0.385
28.0,0.385
28.0,0.385
28.0,0.385
28.0,0.385
28.0,0.385
28.0,0.385
28.0,0.385
28.0,0.385
28.0,0.385
28.0,0.385
28.0,0.385
28.0,0.385
28.0,0.385
28.0,0.385
28.0,0.385
28.0,0.385
28.0,0.385
28.0,0.380
28.0,0.380
27.9,0.380
27.9,0.380
27.9,0.380
27.9,0.380
27.9,0.380
27.9,0.380
27.9,0.380
27.9,0.380
27.9,0.380
27.9,0.380
27.9,0.380
27.9,0.380
27.9,0.380
27.9,0.380
27.9,0.380
27.9,0.380
27.9,0.380
27.9,0.380
27.9,0.380
27.9,0.380
27.9,0.380
27.9,0.380
27.9,0.380
27.9,0.380
27.9,0.380
27.9,0.380
27.9,0.380
27.9,0.380
27.9,0.380
27.9,0.380
27.9,0.380
27.9,0.380
27.9,0.380
27.9,0.380
27.9,0.380
27.9,0.380
27.9,0.380
27.9,0.375
27.9,0.375
27.9,0.375
27.9,0.375
27.9,0.375
27.9,0.375
27.9,0.375
27.9,0.375
27.9,0.375
27.9,0.375
27.9,0.375
27.9,0.375
27.9,0.375
27.9,0.375
27.9,0.375
27.9,0.375
28.0,0.375
28.0,0.375
28.0,0.375
28.0,0.375
28.0,0.375
28.0,0.375
28.0,0.375
28.0,0.375
28.0,0.375
28.0,0.375
28.0,0.375
28.0,0.375
28.0,0.375
28.0,0.375
28.0,0.375
28.0,0.375
28.0,0.375
28.0,0.375
28.0,0.375
28.0,0.375
28.0,0.375
28.0,0.375
28.0,0.375
28.0,0.375
28.0,0.375
28.0,0.375
28.0,0.375
28.0,0.370
28.0,0.370
28.0,0.370
28.0,0.370
28.0,0.370
28.0,0.370
28.0,0.370
28.0,0.370
28.0,0.370
28.0,0.370
28.0,0.370
28.0,0.370
28.0,0.370
28.0,0.370
28.0,0.370
28.0,0.370
28.0,0.370
28.0,0.370
28.0,0.370
28.0,0.370
28.0,0.370
28.0,0.370
28.0,0.370
28.0,0.370
28.0,0.370
28.0,0.370
28.0,0.370
28.0,0.370
28.0,0.370
28.0,0.370
27.9,0.370
27.9,0.370
27.9,0.370
27.9,0.370
27.9,0.370
27.9,0.370
27.9,0.370
27.9,0.370
27.9,0.370
27.9,0.370
27.9,0.370
27.9,0.370
27.9,0.370
27.9,0.370
27.9,0.365
27.9,0.365
27.9,0.365
27.9,0.365
27.9,0.365
27.9,0.365
27.9,0.365
27.8,0.365
27.8,0.365
27.8,0.365
27.8,0.365
27.8,0.365
27.8,0.365
27.8,0.365
27.8,0.365
27.8,0.365
27.8,0.365
27.8,0.365
27.8,0.365
27.8,0.365
27.8,0.365
27.8,0.365
27.8,0.365
27.8,0.365
27.8,0.365
27.8,0.365
27.8,0.365
27.8,0.365
27.8,0.365
27.8,0.365
27.8,0.365
27.8,0.365
27.8,0.365
27.8,0.365
27.8,0.365
27.8,0.360
27.8,0.360
27.8,0.360
27.8,0.360
27.8,0.360
27.8,0.360
27.8,0.360
27.8,0.360
27.8,0.360
27.8,0.360
27.8,0.360
27.8,0.360
27.8,0.360
27.8,0.360
27.8,0.360
27.8,0.360
27.8,0.360
27.8,0.360
27.8,0.360
27.8,0.360
27.8,0.360
27.8,0.360
27.8,0.360
27.8,0.360
27.8,0.360
27.8,0.360
27.8,0.360
27.8,0.360
27.8,0.360
27.8,0.355
27.8,0.355
27.8,0.355
27.8,0.355
27.8,0.355
27.8,0.355
27.7,0.355
27.7,0.355
27.7,0.355
27.7,0.355
27.7,0.355
27.7,0.355
27.7,0.355
27.7,0.355
27.7,0.355
27.7,0.355
27.7,0.355
27.7,0.355
27.7,0.355
27.7,0.355
27.7,0.355
27.7,0.355
27.7,0.355
27.7,0.355
27.7,0.355
27.7,0.355
27.7,0.355
27.7,0.355
27.7,0.355
27.7,0.350
27.7,0.350
27.7,0.350
27.7,0.350
27.7,0.350
27.7,0.350
27.7,0.350
27.7,0.350
27.7,0.350
27.7,0.350
27.7,0.350
27.7,0.350
27.7,0.350
27.7,0.350
27.7,0.350
27.7,0.350
27.7,0.350
27.7,0.350
27.7,0.350
27.7,0.350
27.7,0.350
27.7,0.350
27.7,0.350
27.7,0.350
27.7,0.350
27.7,0.350
27.7,0.350
27.7,0.350
27.7,0.350
27.7,0.345
27.7,0.345
27.7,0.345
27.7,0.345
27.7,0.345
27.7,0.345
27.7,0.345
27.7,0.345
27.7,0.345
27.7,0.345
27.7,0.345
27.8,0.345
27.8,0.345
27.8,0.345
27.8,0.345
27.8,0.345
27.8,0.345
27.8,0.345
27.8,0.345
27.8,0.345
27.8,0.345
27.8,0.345
27.8,0.345
27.8,0.345
27.8,0.345
27.8,0.345
27.8,0.345
27.8,0.345
27.8,0.345
27.8,0.345
27.8,0.340
27.8,0.340
27.8,0.340
27.8,0.340
27.8,0.340
27.8,0.340
27.8,0.340
27.8,0.340
27.8,0.340
27.8,0.340
27.8,0.340
27.7,0.340
27.7,0.340
27.7,0.340
27.7,0.340
27.7,0.340
27.7,0.340
27.7,0.340
27.7,0.340
27.7,0.340
27.7,0.340
27.7,0.340
27.8,0.340
27.8,0.340
27.8,0.340
27.8,0.340
27.8,0.340
27.8,0.340
27.8,0.340
27.8,0.340
27.8,0.340
27.8,0.340
27.8,0.340
27.8,0.335
27.8,0.335
27.8,0.335
27.8,0.335
27.8,0.335
27.8,0.335
27.8,0.335
27.8,0.335
27.8,0.335
27.8,0.335
27.8,0.335
27.8,0.335
27.8,0.335
27.8,0.335
27.8,0.335
27.8,0.335
27.8,0.335
27.8,0.335
27.8,0.335
27.8,0.335
27.8,0.335
27.8,0.335
27.8,0.335
27.8,0.335
27.8,0.335
27.8,0.335
27.8,0.335
27.8,0.335
27.8,0.335
27.8,0.335
27.8,0.335
27.8,0.335
27.8,0.335
27.8,0.335
27.8,0.335
27.8,0.335
27.8,0.335
27.8,0.335
27.8,0.330
27.8,0.330
27.8,0.330
27.8,0.330
27.8,0.330
27.8,0.330
27.8,0.330
27.8,0.330
27.8,0.330
27.8,0.330
27.8,0.330
27.8,0.330
27.8,0.330
27.8,0.330
27.8,0.330
27.8,0.330
27.8,0.330
27.8,0.330
27.8,0.330
27.8,0.330
27.8,0.330
27.8,0.330
27.8,0.330
27.8,0.330
27.8,0.330
27.8,0.330
27.8,0.330
27.8,0.330
27.8,0.330
27.8,0.330
27.8,0.330
27.8,0.330
27.8,0.330
27.8,0.330
27.8,0.330
27.8,0.330
27.8,0.330
27.8,0.330
27.8,0.330
27.8,0.330
27.8,0.330
27.8,0.330
27.8,0.330
27.8,0.330
27.8,0.330
27.8,0.330
27.8,0.330
27.8,0.330
27.8,0.330
27.8,0.330
27.9,0.330
27.9,0.330
27.9,0.325
27.9,0.325
27.9,0.325
27.9,0.325
27.9,0.325
27.9,0.325
27.9,0.325
27.9,0.325
27.9,0.325
27.9,0.325
27.9,0.325
27.9,0.325
27.9,0.325
27.9,0.325
27.9,0.325
27.9,0.325
27.9,0.325
27.9,0.325
27.9,0.325
27.9,0.325
27.9,0.325
27.9,0.325
27.9,0.325
27.9,0.325
27.9,0.325
27.9,0.325
27.9,0.325
27.9,0.325
27.9,0.325
27.9,0.325
27.9,0.325
27.9,0.325
27.9,0.325
27.9,0.325
27.9,0.325
27.9,0.325
27.9,0.325
27.9,0.325
27.9,0.325
27.9,0.325
27.9,0.325
27.9,0.325
27.9,0.325
27.9,0.325
27.9,0.325
27.9,0.325
27.9,0.325
27.9,0.325
27.9,0.325
27.9,0.325
27.9,0.325
27.9,0.325
27.9,0.325
27.9,0.325
27.9,0.325
27.9,0.325
27.9,0.325
27.9,0.325
27.9,0.325
27.9,0.325
27.9,0.325
27.9,0.325
27.9,0.325
27.9,0.325
27.9,0.325
27.9,0.325
27.9,0.325
27.9,0.325
27.9,0.325
27.9,0.325
27.9,0.325
27.9,0.320
27.9,0.320
27.9,0.320
27.9,0.320
27.9,0.320
27.9,0.320
27.9,0.320
27.9,0.320
27.9,0.320
27.9,0.320
27.9,0.320
27.9,0.320
27.9,0.320
27.9,0.320
27.9,0.320
27.9,0.320
27.9,0.320
27.9,0.320
27.9,0.320
27.9,0.320
27.9,0.320
27.9,0.320
27.9,0.320
27.9,0.320
27.9,0.320
27.9,0.320
27.9,0.320
27.9,0.320
27.9,0.320
27.9,0.320
27.9,0.320
27.9,0.320
27.9,0.320
27.9,0.320
27.9,0.320
27.9,0.320
27.9,0.320
27.9,0.320
27.9,0.320
27.9,0.320
27.9,0.320
27.9,0.320
27.9,0.320
27.9,0.320
27.9,0.320
27.9,0.320
27.9,0.320
27.9,0.320
27.9,0.320
27.9,0.320
27.9,0.320
27.9,0.320
27.9,0.320
27.9,0.320
27.9,0.320
27.9,0.320
27.9,0.320
27.9,0.320
27.9,0.320
27.9,0.320
27.9,0.320
27.9,0.320
27.9,0.320
27.9,0.320
27.9,0.320
27.9,0.320
27.9,0.320
27.9,0.320
27.9,0.320
27.9,0.320
27.9,0.320
27.9,0.320
27.9,0.320
27.9,0.320
27.9,0.320
27.9,0.320
27.9,0.320
27.9,0.320
28.0,0.320
27.9,0.320
27.9,0.320
27.9,0.320
27.9,0.320
27.9,0.320
27.9,0.320
27.9,0.320
27.9,0.320
27.9,0.320
27.9,0.320
27.9,0.320
27.9,0.320
27.9,0.320
27.9,0.320
27.9,0.320
27.9,0.320
27.9,0.315
27.9,0.315
27.9,0.315
27.9,0.315
27.9,0.315
27.9,0.315
27.9,0.315
27.9,0.315
27.9,0.315
27.9,0.315
27.9,0.315
27.9,0.315
27.9,0.315
27.9,0.315
27.9,0.315
27.9,0.315
27.9,0.315
27.9,0.315
27.9,0.315
27.9,0.315
27.9,0.315
27.9,0.315
27.9,0.315
27.9,0.315
27.9,0.315
27.9,0.315
27.9,0.315
27.9,0.315
27.9,0.315
27.9,0.315
27.9,0.315
27.9,0.315
27.9,0.315
27.9,0.315
27.8,0.315
27.8,0.315
27.8,0.315
27.8,0.315
27.8,0.315
27.8,0.315
27.8,0.315
27.8,0.315
27.8,0.315
27.8,0.315
27.8,0.315
27.8,0.315
27.8,0.315
27.8,0.315
27.8,0.315
27.8,0.315
27.8,0.315
27.8,0.315
27.8,0.315
27.8,0.315
27.8,0.315
27.8,0.315
27.8,0.315
27.8,0.315
27.8,0.315
27.8,0.315
27.8,0.315
27.8,0.315
27.8,0.315
27.8,0.315
27.8,0.315
27.8,0.315
27.8,0.315
27.8,0.315
27.8,0.315
27.8,0.315
27.8,0.315
27.8,0.315
27.8,0.315
27.8,0.315
27.8,0.315
27.8,0.315
27.8,0.315
27.8,0.315
27.7,0.315
27.7,0.315
27.7,0.315
27.7,0.315
27.7,0.315
27.7,0.315
27.7,0.315
27.7,0.315
27.7,0.315
27.7,0.315
27.7,0.315
27.7,0.315
27.7,0.315
27.7,0.315
27.7,0.315
27.7,0.315
27.7,0.315
27.7,0.315
27.7,0.315
27.7,0.315
27.7,0.315
27.7,0.315
27.7,0.315
27.7,0.315
27.7,0.315
27.7,0.315
27.7,0.315
27.7,0.315
27.7,0.315
27.7,0.315
27.7,0.315
27.7,0.315
27.7,0.315
27.7,0.315
27.7,0.315
27.7,0.315
27.7,0.315
27.7,0.315
27.7,0.315
27.7,0.315
27.7,0.315
27.7,0.315
27.7,0.315
27.7,0.310
27.7,0.310
27.7,0.310
27.7,0.310
27.7,0.310
27.7,0.310
27.7,0.310
27.7,0.310
27.7,0.310
27.6,0.310
27.6,0.310
27.6,0.310
27.6,0.310
27.6,0.310
27.6,0.310
27.6,0.310
27.6,0.310
27.6,0.310
27.6,0.310
27.6,0.310
27.6,0.310
27.6,0.310
27.6,0.310
27.6,0.310
27.6,0.310
27.6,0.310
27.6,0.310
27.6,0.310
27.6,0.310
27.6,0.310
27.6,0.310
27.6,0.310
27.6,0.310
27.6,0.310
27.6,0.310
27.6,0.310
27.6,0.310
27.6,0.310
27.6,0.310
27.6,0.310
27.6,0.310
27.6,0.310
27.6,0.310
27.6,0.310
27.6,0.310
27.6,0.310
27.6,0.310
27.6,0.310
27.6,0.310
27.6,0.310
27.5,0.310
27.5,0.310
27.5,0.310
27.5,0.310
27.5,0.310
27.5,0.310
27.5,0.310
27.5,0.310
27.5,0.310
27.5,0.310
27.5,0.310
27.5,0.310
27.5,0.310
27.5,0.310
27.5,0.310
27.5,0.310
27.5,0.310
27.5,0.310
27.5,0.310
27.5,0.310
27.5,0.310
27.5,0.310
27.5,0.310
27.5,0.310
27.5,0.310
27.5,0.310
27.5,0.310
27.5,0.310
27.5,0.310
27.5,0.310
27.5,0.310
27.5,0.310
27.5,0.310
27.5,0.310
27.5,0.310
27.5,0.310
27.5,0.310
27.5,0.310
27.5,0.310
27.5,0.310
27.5,0.310
27.5,0.310
27.5,0.310
27.5,0.310
27.5,0.310
27.5,0.310
27.5,0.305
27.5,0.305
27.5,0.305
27.5,0.305
27.5,0.305
27.5,0.305
27.5,0.305
27.5,0.305
27.5,0.305
27.5,0.305
27.5,0.305
27.5,0.305
27.5,0.305
27.5,0.305
27.5,0.305
27.5,0.305
27.5,0.305
27.5,0.305
27.5,0.305
27.5,0.305
27.5,0.305
27.5,0.305
27.5,0.305
27.5,0.305
27.5,0.305
27.5,0.305
27.5,0.305
27.5,0.305
27.5,0.305
27.5,0.305
27.5,0.305
27.5,0.305
27.5,0.305
27.5,0.305
27.5,0.305
27.5,0.305
27.5,0.305
27.5,0.305
27.5,0.305
27.5,0.305
27.5,0.305
27.5,0.305
27.5,0.305
27.5,0.305
27.5,0.305
27.5,0.305
27.5,0.305
27.5,0.305
27.5,0.305
27.5,0.305
27.5,0.305
27.5,0.305
27.4,0.305
27.4,0.305
27.4,0.305
27.4,0.305
27.4,0.305
27.4,0.305
27.4,0.305
27.4,0.305
27.4,0.305
27.4,0.305
27.4,0.305
27.4,0.305
27.4,0.305
27.4,0.305
27.4,0.305
27.4,0.305
27.4,0.305
27.4,0.305
27.4,0.305
27.4,0.305
27.4,0.305
27.4,0.305
27.4,0.305
27.4,0.305
27.4,0.305
27.4,0.305
27.4,0.305
27.4,0.305
27.4,0.305
27.4,0.305
27.4,0.305
27.4,0.300
27.4,0.300
27.4,0.300
27.4,0.300
27.4,0.300
27.4,0.300
27.4,0.300
27.4,0.300
27.4,0.300
27.4,0.300
27.4,0.300
27.4,0.300
27.4,0.300
27.4,0.300
27.4,0.300
27.4,0.300
27.4,0.300
27.4,0.300
27.4,0.300
27.4,0.300
27.4,0.300
27.4,0.300
27.4,0.300
27.4,0.300
27.4,0.300
27.4,0.300
27.4,0.300
27.4,0.300
27.4,0.300
27.4,0.300
27.4,0.300
27.4,0.300
27.4,0.300
27.4,0.300
27.4,0.300
27.4,0.300
27.4,0.300
27.4,0.300
27.4,0.300
27.4,0.300
27.4,0.300
27.4,0.300
27.4,0.300
27.4,0.300
27.4,0.300
27.4,0.300
27.4,0.300
27.4,0.300
27.4,0.300
27.4,0.300
27.4,0.300
27.4,0.300
27.4,0.300
27.4,0.300
27.4,0.300
27.4,0.300
27.4,0.300
27.4,0.300
27.4,0.300
27.4,0.300
27.4,0.300
27.4,0.300
27.3,0.295
27.3,0.295
27.3,0.295
27.3,0.295
27.3,0.295
27.3,0.295
27.4,0.295
27.4,0.295
27.4,0.295
27.4,0.295
27.4,0.295
27.4,0.295
27.4,0.295
27.4,0.295
27.4,0.295
27.4,0.295
27.4,0.295
27.4,0.295
27.4,0.295
27.4,0.295
27.4,0.295
27.3,0.295
27.3,0.295
27.3,0.295
27.3,0.295
27.3,0.295
27.3,0.295
27.3,0.295
27.3,0.295
27.3,0.295
27.3,0.295
27.3,0.295
27.3,0.295
27.3,0.295
27.3,0.295
27.3,0.295
27.3,0.295
27.3,0.295
27.3,0.295
27.3,0.295
27.3,0.295
27.3,0.295
27.3,0.295
27.3,0.295
27.3,0.295
27.3,0.295
27.3,0.295
27.3,0.295
27.3,0.295
27.3,0.295
27.3,0.295
27.3,0.295
27.3,0.295
27.3,0.295
27.3,0.295
27.3,0.295
27.3,0.295
27.3,0.295
27.3,0.295
27.3,0.295
27.3,0.295
27.3,0.295
27.3,0.295
27.3,0.290
27.3,0.290
27.3,0.290
27.3,0.290
27.3,0.290
27.3,0.290
27.3,0.290
27.3,0.290
27.3,0.290
27.3,0.290
27.3,0.290
27.2,0.290
27.2,0.290
27.2,0.290
27.2,0.290
27.2,0.290
27.2,0.290
27.2,0.290
27.2,0.290
27.2,0.290
27.1,0.290
27.1,0.290
27.1,0.290
27.1,0.290
27.1,0.290
27.1,0.290
27.1,0.290
27.1,0.290
27.1,0.290
27.1,0.290
27.1,0.290
27.1,0.290
27.1,0.290
27.1,0.290
27.1,0.290
27.1,0.290
27.1,0.290
27.1,0.290
27.1,0.290
27.1,0.290
27.1,0.290
27.1,0.290
27.1,0.290
27.1,0.290
27.1,0.290
27.1,0.290
27.1,0.290
27.1,0.290
27.1,0.290
27.1,0.290
27.1,0.290
27.1,0.290
27.1,0.290
27.1,0.290
27.1,0.290
27.1,0.290
27.1,0.285
27.1,0.285
27.0,0.285
27.0,0.285
27.0,0.285
27.0,0.285
27.0,0.285
27.0,0.285
27.0,0.285
27.0,0.285
27.0,0.285
27.0,0.285
27.1,0.285
27.1,0.285
27.1,0.285
27.1,0.285
27.1,0.285
27.1,0.285
27.1,0.285
27.1,0.285
27.1,0.285
27.1,0.285
27.1,0.285
27.1,0.285
27.1,0.285
27.1,0.285
27.1,0.285
27.1,0.285
27.1,0.285
27.1,0.285
27.1,0.285
27.1,0.285
27.1,0.285
27.1,0.285
27.1,0.285
27.1,0.285
27.1,0.285
27.1,0.285
27.1,0.285
27.1,0.285
27.1,0.285
27.1,0.285
27.1,0.285
27.1,0.285
27.1,0.285
27.1,0.285
27.1,0.285
27.0,0.285
27.0,0.285
27.0,0.285
27.0,0.280
27.0,0.280
27.0,0.280
27.0,0.280
26.9,0.280
26.9,0.280
26.9,0.280
26.9,0.280
26.9,0.280
26.9,0.280
26.9,0.280
26.9,0.280
26.9,0.280
26.9,0.280
26.9,0.280
26.9,0.280
26.9,0.280
26.9,0.280
26.9,0.280
26.9,0.280
26.9,0.280
26.9,0.280
26.9,0.280
26.9,0.280
26.9,0.280
26.9,0.280
26.9,0.280
26.9,0.280
26.9,0.280
26.9,0.280
26.9,0.280
26.9,0.280
26.8,0.280
26.8,0.280
26.8,0.280
26.8,0.280
26.8,0.280
26.8,0.280
26.8,0.280
26.8,0.280
26.8,0.280
26.8,0.280
26.8,0.280
26.8,0.280
26.8,0.280
26.8,0.280
26.8,0.280
26.8,0.280
26.8,0.280
26.8,0.280
26.8,0.275
26.8,0.275
26.8,0.275
26.8,0.275
26.8,0.275
26.8,0.275
26.8,0.275
26.8,0.275
26.8,0.275
26.8,0.275
26.8,0.275
26.8,0.275
26.8,0.275
26.8,0.275
26.8,0.275
26.8,0.275
26.8,0.275
26.8,0.275
26.8,0.275
26.8,0.275
26.8,0.275
26.8,0.275
26.8,0.275
26.8,0.275
26.8,0.275
26.8,0.275
26.8,0.275
26.7,0.275
26.7,0.275
26.7,0.275
26.7,0.275
26.7,0.275
26.7,0.275
26.7,0.275
26.7,0.275
26.7,0.275
26.7,0.275
26.7,0.275
26.7,0.275
26.6,0.275
26.6,0.275
26.6,0.275
26.6,0.275
26.6,0.275
26.6,0.275
26.6,0.275
26.6,0.275
26.6,0.275
26.6,0.270
26.6,0.270
26.6,0.270
26.6,0.270
26.6,0.270
26.6,0.270
26.6,0.270
26.5,0.270
26.5,0.270
26.4,0.270
26.4,0.270
26.4,0.270
26.3,0.270
26.3,0.270
26.2,0.270
26.2,0.270
26.1,0.270
26.1,0.270
26.1,0.270
26.0,0.270
25.9,0.270
25.9,0.270
25.8,0.270
25.8,0.270
25.7,0.270
25.7,0.270
25.6,0.270
25.6,0.270
25.5,0.270
25.4,0.270
25.4,0.270
25.3,0.270
25.2,0.270
25.2,0.270
25.1,0.270
25.1,0.270
25.0,0.270
25.0,0.270
24.9,0.270
24.9,0.270
24.8,0.270
24.7,0.270
24.7,0.270
24.6,0.270
24.6,0.270
24.5,0.270
24.5,0.270
24.5,0.270
24.4,0.270
24.4,0.270
24.3,0.270
24.3,0.265
24.2,0.265
24.2,0.265
24.1,0.265
24.1,0.265
24.0,0.265
23.9,0.265
23.9,0.265
23.8,0.265
23.8,0.265
23.7,0.265
23.6,0.265
23.6,0.265
23.5,0.265
23.5,0.265
23.4,0.265
23.4,0.265
23.4,0.265
23.3,0.265
23.3,0.265
23.2,0.265
23.2,0.265
23.1,0.265
23.1,0.265
23.0,0.265
23.0,0.265
23.0,0.265
22.9,0.265
22.9,0.265
22.8,0.265
22.8,0.265
22.7,0.265
22.7,0.265
22.6,0.265
22.6,0.265
22.5,0.265
22.5,0.265
22.5,0.265
22.4,0.265
22.4,0.265
22.3,0.265
22.3,0.265
22.3,0.265
22.2,0.265
22.2,0.265
22.1,0.265
22.1,0.265
22.0,0.265
22.0,0.265
22.0,0.265
21.9,0.265
21.9,0.265
21.8,0.265
21.8,0.260
21.8,0.260
21.7,0.260
21.7,0.260
21.6,0.260
21.6,0.260
21.6,0.260
21.5,0.260
21.5,0.260
21.4,0.260
21.3,0.260
21.3,0.260
21.2,0.260
21.2,0.260
21.1,0.260
21.1,0.260
21.0,0.260
21.0,0.260
20.9,0.260
20.9,0.260
20.8,0.260
20.8,0.260
20.7,0.260
20.7,0.260
20.6,0.260
20.6,0.260
20.5,0.260
20.5,0.260
20.4,0.260
20.3,0.260
20.3,0.260
20.2,0.260
20.2,0.260
20.1,0.260
20.1,0.260
20.0,0.260
20.0,0.260
19.9,0.260
19.9,0.260
19.9,0.260
19.8,0.260
19.7,0.260
19.6,0.260
19.6,0.260
19.5,0.260
19.5,0.260
19.4,0.260
19.4,0.260
19.3,0.260
19.3,0.260
19.3,0.260
19.2,0.260
19.1,0.260
19.1,0.260
19.1,0.260
19.0,0.260
19.0,0.260
18.9,0.260
18.9,0.260
18.9,0.260
18.8,0.260
18.8,0.260
18.7,0.260
18.7,0.260
18.6,0.260
18.6,0.260
18.6,0.260
18.5,0.260
18.5,0.260
18.4,0.255
18.4,0.255
18.3,0.255
18.3,0.255
18.3,0.255
18.2,0.255
18.2,0.255
18.1,0.255
18.1,0.255
18.0,0.255
18.0,0.255
17.9,0.255
17.9,0.255
17.8,0.255
17.8,0.255
17.7,0.255
17.7,0.255
17.7,0.255
17.6,0.255
17.6,0.255
17.5,0.255
17.5,0.255
17.5,0.255
17.4,0.255
17.4,0.255
17.4,0.255
17.3,0.255
17.3,0.255
17.2,0.255
17.2,0.255
17.1,0.255
17.1,0.255
17.1,0.255
17.0,0.255
17.0,0.255
17.0,0.255
16.9,0.255
16.9,0.255
16.8,0.255
16.8,0.255
16.8,0.255
16.7,0.255
16.7,0.255
16.6,0.255
16.6,0.255
16.6,0.255
16.6,0.255
16.5,0.255
16.5,0.255
16.4,0.255
16.4,0.255
16.3,0.255
16.3,0.255
16.3,0.255
16.3,0.255
16.2,0.255
16.1,0.255
16.1,0.255
16.1,0.255
16.0,0.255
16.0,0.255
15.9,0.255
15.9,0.255
15.9,0.255
15.8,0.255
15.8,0.255
15.8,0.255
15.7,0.255
15.7,0.255
15.6,0.255
15.6,0.255
15.6,0.255
15.5,0.255
15.5,0.255
15.4,0.255
15.4,0.255
15.4,0.255
15.3,0.255
15.3,0.255
15.2,0.255
15.2,0.255
15.2,0.255
15.1,0.255
15.1,0.250
15.0,0.250
15.0,0.250
15.0,0.250
14.9,0.250
14.9,0.250
14.9,0.250
14.8,0.250
14.8,0.250
14.8,0.250
14.7,0.250
14.7,0.250
14.7,0.250
14.6,0.250
14.6,0.250
14.5,0.250
14.5,0.250
14.5,0.250
14.4,0.250
14.4,0.250
14.3,0.250
14.3,0.250
14.3,0.250
14.3,0.250
14.2,0.250
14.2,0.250
14.1,0.250
14.1,0.250
14.1,0.250
14.0,0.250
14.0,0.250
13.9,0.250
13.9,0.250
13.9,0.250
13.8,0.250
13.8,0.250
13.8,0.250
13.8,0.250
13.7,0.250
13.7,0.250
13.7,0.250
13.6,0.250
13.6,0.250
13.5,0.250
13.5,0.250
13.4,0.250
13.4,0.250
13.3,0.250
13.3,0.250
13.2,0.250
13.2,0.250
13.2,0.250
13.2,0.250
13.1,0.250
13.1,0.250
13.1,0.250
13.0,0.250
13.0,0.250
13.0,0.250
12.9,0.250
12.9,0.250
12.9,0.250
12.8,0.250
12.8,0.250
12.8,0.250
12.8,0.250
12.7,0.250
12.7,0.250
12.7,0.250
12.6,0.250
12.6,0.250
12.6,0.250
12.5,0.250
12.5,0.250
12.5,0.250
12.5,0.250
12.4,0.250
12.4,0.250
12.4,0.250
12.4,0.250
12.4,0.250
12.3,0.250
12.3,0.250
12.3,0.250
12.2,0.250
12.2,0.250
12.1,0.250
12.1,0.250
12.1,0.250
12.0,0.250
12.0,0.250
12.0,0.250
12.0,0.250
11.9,0.250
11.9,0.250
11.9,0.250
11.9,0.250
11.9,0.250
11.8,0.250
11.8,0.250
11.8,0.250
11.7,0.250
11.7,0.245
11.7,0.245
11.7,0.245
11.7,0.245
11.6,0.245
11.6,0.245
11.6,0.245
11.5,0.245
11.5,0.245
11.5,0.245
11.4,0.245
11.4,0.245
11.4,0.245
11.4,0.245
11.4,0.245
11.4,0.245
11.3,0.245
11.3,0.245
11.3,0.245
11.2,0.245
11.2,0.245
11.2,0.245
11.2,0.245
11.2,0.245
11.2,0.245
11.2,0.245
11.2,0.245
11.1,0.245
11.0,0.245
11.0,0.245
11.0,0.245
11.0,0.245
11.0,0.245
10.9,0.245
11.0,0.245
11.0,0.245
11.0,0.245
10.9,0.245
10.9,0.245
10.9,0.245
10.9,0.245
10.9,0.245
10.8,0.245
10.7,0.245
10.7,0.245
10.7,0.245
10.7,0.245
10.6,0.245
10.6,0.245
10.6,0.245
10.6,0.245
10.6,0.245
10.6,0.245
10.6,0.245
10.5,0.245
10.5,0.245
10.4,0.245
10.4,0.245
10.3,0.245
10.3,0.245
10.3,0.245
10.3,0.245
10.3,0.245
10.3,0.245
10.3,0.245
10.3,0.245
10.2,0.245
10.2,0.245
10.2,0.245
10.2,0.245
10.2,0.245
10.2,0.245
10.2,0.245
10.2,0.245
10.1,0.245
10.1,0.245
10.1,0.245
10.0,0.245
10.0,0.245
10.0,0.245
9.9,0.245
9.9,0.245
9.9,0.245
9.8,0.245
9.8,0.245
9.8,0.245
9.8,0.245
9.8,0.245
9.8,0.245
9.8,0.245
9.8,0.245
9.7,0.245
9.7,0.245
9.7,0.245
9.6,0.245
9.6,0.245
9.6,0.245
9.6,0.245
9.6,0.245
9.6,0.245
9.6,0.245
9.6,0.245
9.6,0.245
9.6,0.245
9.5,0.245
9.5,0.245
9.4,0.245
9.5,0.245
9.5,0.245
9.4,0.245
9.3,0.245
9.3,0.245
9.3,0.245
9.3,0.245
9.3,0.245
9.3,0.245
9.3,0.245
9.3,0.245
9.3,0.245
9.3,0.245
9.2,0.245
9.2,0.245
9.1,0.245
9.1,0.245
9.1,0.245
9.1,0.245
9.0,0.245
9.0,0.245
9.1,0.245
9.0,0.245
9.0,0.245
9.0,0.245
9.0,0.245
9.0,0.245
8.9,0.245
8.9,0.245
8.8,0.245
8.8,0.245
8.8,0.245
8.7,0.245
8.7,0.245
8.7,0.245
8.6,0.245
8.6,0.245
8.6,0.245
8.6,0.245
8.6,0.245
8.5,0.245
8.5,0.245
8.5,0.245
8.5,0.240
8.5,0.240
8.5,0.240
8.5,0.240
8.3,0.240
8.3,0.240
8.3,0.240
8.3,0.240
8.3,0.240
8.2,0.240
8.2,0.240
8.2,0.240
8.1,0.240
8.1,0.240
8.1,0.240
8.0,0.240
8.0,0.240
8.0,0.240
7.9,0.240
7.9,0.240
7.9,0.240
7.9,0.240
7.8,0.240
7.8,0.240
7.7,0.240
7.7,0.240
7.7,0.240
7.6,0.240
7.6,0.240
7.6,0.240
7.6,0.240
7.6,0.240
7.5,0.240
7.5,0.240
7.5,0.240
7.5,0.240
7.4,0.240
7.4,0.240
7.3,0.240
7.3,0.240
7.3,0.240
7.2,0.240
7.2,0.240
7.2,0.240
7.2,0.240
7.2,0.240
7.1,0.240
7.0,0.240
7.0,0.240
7.0,0.240
6.9,0.240
6.9,0.240
6.9,0.240
6.8,0.240
6.8,0.240
6.8,0.240
6.8,0.240
6.7,0.240
6.7,0.240
6.6,0.240
6.6,0.240
6.6,0.240
6.5,0.240
6.5,0.240
6.5,0.240
6.5,0.240
6.5,0.240
6.4,0.240
6.4,0.240
6.4,0.240
6.3,0.240
6.3,0.240
6.2,0.240
6.2,0.240
6.2,0.240
6.1,0.240
6.1,0.240
6.1,0.240
6.1,0.240
6.0,0.240
6.0,0.240
5.9,0.240
5.9,0.240
5.9,0.240
5.9,0.240
5.8,0.240
5.8,0.240
5.8,0.240
5.8,0.240
5.7,0.240
5.7,0.240
5.7,0.240
5.6,0.240
5.6,0.240
5.6,0.240
5.6,0.240
5.5,0.240
5.5,0.240
5.4,0.240
5.4,0.240
5.4,0.240
5.4,0.240
5.4,0.240
5.3,0.240
5.3,0.240
5.2,0.240
5.2,0.235
5.1,0.235
5.1,0.235
5.1,0.235
5.1,0.235
5.1,0.235
5.1,0.235
5.0,0.235
5.1,0.235
5.0,0.235
5.0,0.235
5.0,0.235
4.9,0.235
5.0,0.235
5.0,0.235
4.9,0.235
4.9,0.235
4.8,0.235
4.8,0.235
4.8,0.235
4.7,0.235
4.7,0.235
4.6,0.235
4.6,0.235
4.6,0.235
4.6,0.235
4.5,0.235
4.5,0.235
4.5,0.235
4.5,0.235
4.5,0.235
4.4,0.235
4.4,0.235
4.4,0.235
4.3,0.235
4.3,0.235
4.3,0.235
4.3,0.235
4.3,0.235
4.3,0.235
4.2,0.235
4.2,0.235
4.2,0.235
4.2,0.235
4.2,0.235
4.1,0.235
4.1,0.235
4.1,0.235
4.1,0.235
4.0,0.235
4.0,0.235
4.0,0.235
4.0,0.235
4.0,0.235
4.0,0.235
4.0,0.235
3.9,0.235
3.9,0.235
3.9,0.235
3.9,0.235
3.9,0.235
3.8,0.235
3.7,0.235
3.7,0.235
3.7,0.235
3.7,0.235
3.6,0.235
3.6,0.235
3.6,0.235
3.6,0.235
3.6,0.235
3.6,0.235
3.6,0.235
3.6,0.235
3.6,0.235
3.5,0.235
3.5,0.235
3.5,0.235
3.4,0.235
3.4,0.235
3.4,0.235
3.4,0.235
3.3,0.235
3.3,0.235
3.3,0.235
3.3,0.235
3.2,0.235
3.2,0.235
3.2,0.235
3.2,0.235
3.2,0.235
3.2,0.235
3.2,0.235
3.2,0.235
3.1,0.235
3.1,0.235
3.0,0.235
3.0,0.235
3.0,0.235
3.0,0.235
3.0,0.235
3.0,0.235
3.0,0.235
3.0,0.235
3.0,0.235
3.0,0.235
3.0,0.235
3.0,0.235
2.9,0.235
2.9,0.235
2.8,0.235
2.8,0.235
2.8,0.235
2.7,0.235
2.7,0.235
2.7,0.235
2.7,0.235
2.6,0.235
2.6,0.235
2.6,0.235
2.6,0.235
2.6,0.235
2.5,0.235
2.5,0.235
2.5,0.235
2.5,0.235
2.5,0.235
2.5,0.235
2.5,0.235
2.5,0.235
2.4,0.235
2.4,0.235
2.4,0.235
2.4,0.235
2.4,0.235
2.3,0.235
2.3,0.235
2.3,0.235
2.3,0.235
2.3,0.235
2.3,0.235
2.3,0.235
2.3,0.235
2.3,0.235
2.2,0.235
2.2,0.235
2.2,0.235
2.2,0.235
2.2,0.235
2.2,0.230
2.2,0.230
2.2,0.230
2.0,0.230
2.0,0.230
2.0,0.230
2.0,0.230
2.0,0.230
2.0,0.230
2.0,0.230
2.0,0.230
2.0,0.230
2.0,0.230
2.0,0.230
1.9,0.230
1.9,0.230
1.8,0.230
1.8,0.230
1.8,0.230
1.8,0.230
1.7,0.230
1.7,0.230
1.7,0.230
1.7,0.230
1.7,0.230
1.7,0.230
1.7,0.230
1.7,0.230
1.7,0.230
1.7,0.230
1.7,0.230
1.7,0.230
1.7,0.230
1.7,0.230
1.7,0.230
1.6,0.230
1.6,0.230
1.6,0.230
1.6,0.230
1.6,0.230
1.6,0.230
1.5,0.230
1.5,0.230
1.4,0.230
1.4,0.230
1.4,0.230
1.4,0.230
1.4,0.230
1.4,0.230
1.4,0.230
1.4,0.230
1.4,0.230
1.4,0.230
1.4,0.230
1.4,0.230
1.3,0.230
1.3,0.230
1.3,0.230
1.3,0.230
1.3,0.230
1.3,0.230
1.2,0.230
1.2,0.230
1.2,0.230
1.2,0.230
1.2,0.230
1.2,0.230
1.2,0.230
1.2,0.230
1.2,0.230
1.1,0.230
1.1,0.230
1.1,0.230
1.1,0.230
1.1,0.230
1.1,0.230
1.1,0.230
1.1,0.230
1.0,0.230
1.0,0.230
1.0,0.230
1.0,0.230
1.0,0.230
1.0,0.230
1.0,0.230
0.9,0.230
0.9,0.230
0.8,0.230
0.9,0.230
0.9,0.230
0.9,0.230
0.9,0.230
0.9,0.230
0.8,0.230
0.8,0.230
0.8,0.230
0.8,0.230
0.8,0.230
0.8,0.230
0.8,0.230
0.8,0.230
0.7,0.230
0.7,0.230
0.7,0.230
0.7,0.230
0.7,0.230
0.7,0.230
0.7,0.230
0.7,0.230
0.6,0.230
0.6,0.230
0.6,0.230
0.6,0.230
0.6,0.230
0.5,0.230
0.5,0.230
0.5,0.230
0.5,0.230
0.5,0.230
0.5,0.230
0.5,0.230
0.5,0.230
0.5,0.230
0.5,0.230
0.5,0.230
0.4,0.230
0.4,0.230
0.4,0.230
0.4,0.230
0.4,0.230
0.4,0.230
0.4,0.230
0.4,0.230
0.4,0.230
0.4,0.230
0.3,0.230
0.3,0.230
0.3,0.230
0.3,0.230
0.3,0.230
0.3,0.230
0.3,0.230
0.2,0.230
0.2,0.230
0.2,0.230
0.2,0.230
0.2,0.230
0.2,0.230
0.1,0.230
0.1,0.230
0.1,0.230
0.1,0.230
0.1,0.230
0.1,0.230
0.1,0.230
0.1,0.230
0.1,0.230
0.0,0.230
0.0,0.230
0.0,0.230
0.0,0.230
0.0,0.230
0.0,0.230
0.0,0.230
0.0,0.230
0.0,0.230
0.0,0.230
0.0,0.230
0.0,0.230
0.0,0.230
0.0,0.230
0.0,0.230
0.0,0.230
0.0,0.230
0.0,0.230
0.0,0.230
0.0,0.230
0.0,0.230
0.0,0.230
0.0,0.230
0.0,0.230
0.0,0.230
0.0,0.230
0.0,0.230
0.0,0.230
0.0,0.230
0.0,0.230
0.0,0.230
0.0,0.230
0.0,0.230
0.0,0.230
0.0,0.230
0.0,0.230
0.0,0.230
0.0,0.230
0.0,0.230
0.0,0.230
0.0,0.230
0.0,0.230
0.0,0.230
0.0,0.230
0.0,0.230
0.0,0.230
0.0,0.230
0.0,0.230
0.0,0.225
0.0,0.225
0.0,0.225
0.0,0.225
0.0,0.225
0.0,0.225
0.0,0.225
0.0,0.225
0.0,0.225
0.0,0.225
0.0,0.225
0.0,0.225
0.0,0.225
0.0,0.225
0.0,0.225
0.0,0.225
0.0,0.225
0.0,0.225
0.0,0.225
0.0,0.225
0.0,0.225
0.0,0.225
0.0,0.225
0.0,0.225
0.0,0.225
0.0,0.225
0.0,0.225
0.0,0.225
0.0,0.225
0.0,0.225
0.0,0.225
0.0,0.225
0.0,0.225
0.0,0.225
0.0,0.225
0.0,0.225
0.0,0.225
0.1,0.225
0.1,0.225
0.1,0.225
0.1,0.225
0.1,0.225
0.1,0.225
0.1,0.225
0.1,0.225
0.1,0.225
0.1,0.225
0.1,0.225
0.1,0.225
0.0,0.225
0.0,0.225
0.0,0.225
0.0,0.225
0.0,0.225
0.0,0.225
0.0,0.225
0.0,0.225
0.0,0.225
0.0,0.225
0.0,0.225
0.0,0.225
0.0,0.225
0.0,0.225
0.1,0.225
0.1,0.225
0.1,0.225
0.1,0.225
0.1,0.225
0.0,0.225
0.0,0.225
0.0,0.225
0.0,0.225
0.0,0.225
0.0,0.225
0.0,0.225
0.0,0.225
0.0,0.225
0.0,0.225
0.0,0.225
0.0,0.225
0.0,0.225
0.0,0.225
0.0,0.225
0.0,0.225
0.0,0.225
0.0,0.225
0.0,0.225
0.0,0.225
0.0,0.225
0.0,0.225
0.0,0.225
0.0,0.225
0.0,0.225
0.0,0.225
0.0,0.225
0.0,0.225
0.0,0.225
0.0,0.225
0.0,0.225
0.0,0.225
0.0,0.225
0.0,0.225
0.0,0.225
0.0,0.225
0.0,0.225
0.0,0.225
0.0,0.225
0.0,0.225
0.0,0.225
0.0,0.220
0.0,0.220
0.0,0.220
0.0,0.220
0.0,0.220
0.0,0.220
0.0,0.220
0.0,0.220
0.0,0.220
0.0,0.220
0.0,0.220
0.1,0.220
0.1,0.220
0.1,0.220
0.1,0.220
0.1,0.220
0.1,0.220
0.1,0.220
0.1,0.220
0.1,0.220
0.1,0.220
0.1,0.220
0.1,0.220
0.0,0.220
0.0,0.220
0.0,0.220
0.0,0.220
0.1,0.220
0.1,0.220
0.1,0.220
0.1,0.220
0.1,0.220
0.1,0.220
0.1,0.220
0.1,0.220
0.1,0.220
0.1,0.220
0.1,0.220
0.1,0.220
0.0,0.220
0.0,0.220
0.0,0.220
0.0,0.220
0.0,0.220
0.0,0.220
0.0,0.220
0.0,0.220
0.0,0.220
0.1,0.220
0.1,0.220
0.1,0.220
0.1,0.220
0.1,0.220
0.1,0.220
0.1,0.220
0.1,0.220
0.1,0.220
0.1,0.220
0.1,0.220
0.0,0.220
0.0,0.220
0.0,0.220
0.0,0.220
0.0,0.220
0.0,0.220
0.0,0.220
0.0,0.220
0.0,0.215
0.0,0.215
0.0,0.215
0.1,0.215
0.1,0.215
0.1,0.215
0.1,0.215
0.1,0.215
0.1,0.215
0.1,0.215
0.1,0.215
0.1,0.215
0.0,0.215
0.0,0.215
0.0,0.215
0.0,0.215
0.0,0.215
0.0,0.215
0.0,0.215
0.1,0.215
0.0,0.215
0.0,0.215
0.0,0.215
0.1,0.215
0.1,0.215
0.1,0.215
0.1,0.215
0.1,0.215
0.1,0.215
0.1,0.215
0.1,0.215
0.1,0.215
0.0,0.215
0.0,0.215
0.0,0.215
0.0,0.215
0.0,0.215
0.0,0.215
0.0,0.215
0.0,0.215
0.0,0.215
0.1,0.215
0.1,0.215
0.1,0.215
0.1,0.215
0.1,0.215
0.1,0.215
0.1,0.215
0.1,0.210
0.1,0.210
0.1,0.210
0.1,0.210
0.1,0.210
0.1,0.210
0.1,0.210
0.1,0.210
0.1,0.210
0.0,0.210
0.0,0.210
0.0,0.210
0.0,0.210
0.1,0.210
0.1,0.210
0.1,0.210
0.1,0.210
0.1,0.210
0.1,0.210
0.1,0.210
0.1,0.210
0.1,0.210
0.1,0.210
0.0,0.210
0.0,0.210
0.0,0.210
0.0,0.210
0.0,0.210
0.0,0.210
0.0,0.210
0.0,0.210
0.0,0.210
0.0,0.210
0.0,0.210
0.0,0.210
0.1,0.210
0.1,0.210
0.1,0.210
0.1,0.210
0.1,0.210
0.1,0.210
0.1,0.205
0.1,0.205
0.1,0.205
0.0,0.205
0.0,0.205
0.0,0.205
0.0,0.205
0.0,0.205
0.0,0.205
0.0,0.205
0.0,0.205
0.0,0.205
0.0,0.205
0.0,0.205
0.0,0.205
0.1,0.205
0.1,0.205
0.1,0.205
0.1,0.205
0.1,0.205
0.1,0.205
0.1,0.205
0.1,0.205
0.1,0.205
0.1,0.205
0.1,0.205
0.1,0.205
0.0,0.205
0.0,0.205
0.0,0.205
0.0,0.205
0.0,0.205
0.0,0.205
0.0,0.205
0.0,0.205
0.0,0.205
0.0,0.205
0.0,0.200
0.0,0.200
0.0,0.200
0.0,0.200
0.0,0.200
0.0,0.200
0.0,0.200
0.0,0.200
0.0,0.200
0.0,0.200
0.0,0.200
0.0,0.200
0.0,0.200
0.0,0.200
0.0,0.200
0.0,0.200
0.0,0.200
0.0,0.200
0.1,0.200
0.1,0.200
0.1,0.200
0.1,0.200
0.1,0.200
0.1,0.200
0.1,0.200
0.1,0.200
0.1,0.200
0.1,0.200
0.1,0.200
0.0,0.200
0.0,0.200
0.0,0.200
0.0,0.195
0.0,0.195
0.0,0.195
0.0,0.195
0.0,0.195
0.0,0.195
0.0,0.195
0.0,0.195
0.0,0.195
0.0,0.195
0.0,0.195
0.0,0.195
0.0,0.195
0.0,0.195
0.0,0.195
0.0,0.195
0.0,0.195
0.0,0.195
0.0,0.195
0.0,0.195
0.0,0.195
0.0,0.195
0.0,0.195
0.0,0.195
0.0,0.195
0.1,0.195
0.1,0.195
0.1,0.195
0.1,0.195
0.1,0.195
0.1,0.195
0.1,0.190
0.1,0.190
0.1,0.190
0.1,0.190
0.1,0.190
0.1,0.190
0.1,0.190
0.1,0.190
0.1,0.190
0.1,0.190
0.1,0.190
0.1,0.190
0.1,0.190
0.1,0.190
0.1,0.190
0.1,0.190
0.1,0.190
0.0,0.190
0.0,0.190
0.0,0.190
0.0,0.190
0.0,0.190
0.0,0.190
0.0,0.190
0.0,0.190
0.0,0.190
0.0,0.190
0.0,0.190
0.0,0.190
0.0,0.190
0.0,0.190
0.0,0.190
0.0,0.190
0.0,0.185
0.0,0.185
0.0,0.185
0.0,0.185
0.0,0.185
0.0,0.185
0.0,0.185
0.0,0.185
0.0,0.185
0.0,0.185
0.0,0.185
0.0,0.185
0.0,0.185
0.0,0.185
0.0,0.185
0.0,0.185
0.0,0.185
0.0,0.185
0.0,0.185
0.0,0.185
0.0,0.185
0.0,0.185
0.0,0.185
0.0,0.185
0.0,0.185
0.0,0.185
0.0,0.185
0.0,0.185
0.0,0.185
0.0,0.185
0.0,0.185
0.0,0.185
0.0,0.180
0.0,0.180
0.0,0.180
0.1,0.180
0.1,0.180
0.1,0.180
0.1,0.180
0.1,0.180
0.1,0.180
0.1,0.180
0.1,0.180
0.1,0.180
0.0,0.180
0.0,0.180
0.0,0.180
0.0,0.180
0.0,0.180
0.0,0.180
0.0,0.180
0.0,0.180
0.0,0.180
0.0,0.180
0.0,0.180
0.0,0.180
0.0,0.180
0.0,0.180
0.0,0.180
0.0,0.180
0.0,0.180
0.0,0.180
0.0,0.180
0.0,0.180
0.0,0.180
0.0,0.180
0.0,0.180
0.0,0.180
0.0,0.180
0.0,0.175
0.0,0.175
0.0,0.175
0.1,0.175
0.1,0.175
0.1,0.175
0.1,0.175
0.1,0.175
0.1,0.175
0.1,0.175
0.1,0.175
0.1,0.175
0.1,0.175
0.1,0.175
0.0,0.175
0.0,0.175
0.0,0.175
0.0,0.175
0.0,0.175
0.0,0.175
0.0,0.175
0.0,0.175
0.0,0.175
0.1,0.175
0.1,0.175
0.1,0.175
0.1,0.175
0.1,0.175
0.1,0.175
0.1,0.175
0.1,0.175
0.1,0.175
0.1,0.175
0.0,0.175
0.0,0.175
0.0,0.175
0.0,0.175
0.0,0.175
0.0,0.170
0.0,0.170
0.0,0.170
0.0,0.170
0.0,0.170
0.0,0.170
0.0,0.170
0.0,0.170
0.0,0.170
0.0,0.170
0.0,0.170
0.0,0.170
0.0,0.170
0.0,0.170
0.0,0.170
0.0,0.170
0.0,0.170
0.0,0.170
0.0,0.170
0.0,0.170
0.0,0.170
0.0,0.170
0.0,0.170
0.0,0.170
0.0,0.170
0.0,0.170
0.0,0.170
0.0,0.170
0.0,0.170
0.0,0.170
0.0,0.170
0.0,0.170
0.0,0.170
0.0,0.170
0.0,0.170
0.0,0.170
0.0,0.170
0.0,0.170
0.0,0.170
0.0,0.170
0.0,0.170
0.0,0.170
0.0,0.170
0.0,0.170
0.0,0.165
0.0,0.165
0.0,0.165
0.1,0.165
0.1,0.165
0.1,0.165
0.1,0.165
0.1,0.165
0.1,0.165
0.1,0.165
0.1,0.165
0.1,0.165
0.1,0.165
0.1,0.165
0.0,0.165
0.0,0.165
0.0,0.165
0.0,0.165
0.0,0.165
0.0,0.165
0.0,0.165
0.0,0.165
0.0,0.165
0.1,0.165
0.1,0.165
0.1,0.165
0.1,0.165
0.1,0.165
0.1,0.165
0.0,0.165
0.0,0.165
0.0,0.165
-0.1,0.165
-0.1,0.165
-0.1,0.165
-0.1,0.165
-0.1,0.165
-0.1,0.165
0.0,0.165
0.0,0.165
0.1,0.165
0.1,0.165
0.1,0.165
0.1,0.165
0.1,0.160
0.1,0.160
0.1,0.160
0.1,0.160
0.1,0.160
0.1,0.160
0.1,0.160
0.1,0.160
0.1,0.160
0.0,0.160
0.0,0.160
0.0,0.160
0.0,0.160
0.0,0.160
0.0,0.160
0.0,0.160
0.0,0.160
0.1,0.160
0.1,0.160
0.1,0.160
0.1,0.160
0.1,0.160
0.1,0.160
0.1,0.160
0.1,0.160
0.1,0.160
0.1,0.160
0.0,0.160
0.0,0.160
0.0,0.160
0.0,0.160
0.0,0.160
0.0,0.160
0.0,0.160
0.0,0.160
0.0,0.160
0.0,0.160
0.0,0.160
0.0,0.160
0.0,0.160
0.0,0.160
0.1,0.160
0.1,0.160
0.1,0.160
0.1,0.160
0.1,0.160
0.1,0.155
0.1,0.155
0.0,0.155
0.0,0.155
0.0,0.155
0.0,0.155
-0.1,0.155
0.0,0.155
0.0,0.155
0.0,0.155
0.0,0.155
0.1,0.155
0.1,0.155
0.1,0.155
0.1,0.155
0.1,0.155
0.1,0.155
0.1,0.155
0.1,0.155
0.1,0.155
0.1,0.155
0.0,0.155
0.1,0.155
0.0,0.155
0.0,0.155
0.0,0.155
0.0,0.155
0.0,0.155
0.0,0.155
0.0,0.155
0.0,0.155
0.1,0.155
0.0,0.155
0.0,0.155
0.0,0.155
0.1,0.155
0.1,0.155
0.1,0.155
0.1,0.155
0.1,0.155
0.1,0.150
0.1,0.150
0.1,0.150
0.0,0.150
0.0,0.150
0.0,0.150
0.0,0.150
0.0,0.150
0.0,0.150
0.0,0.150
0.0,0.150
0.0,0.150
0.0,0.150
0.0,0.150
0.1,0.150
0.1,0.150
0.1,0.150
0.1,0.150
0.1,0.150
0.1,0.150
0.1,0.150
0.1,0.150
0.1,0.150
0.1,0.150
0.1,0.150
0.0,0.150
0.0,0.150
0.0,0.150
0.0,0.150
0.0,0.150
0.0,0.150
0.0,0.150
0.0,0.150
0.0,0.150
0.0,0.150
0.0,0.150
0.0,0.150
0.0,0.150
0.0,0.150
0.0,0.145
0.0,0.145
0.0,0.145
0.0,0.145
0.0,0.145
0.0,0.145
0.0,0.145
0.0,0.145
0.0,0.145
0.0,0.145
0.0,0.145
0.0,0.145
0.0,0.145
0.0,0.145
0.0,0.145
0.0,0.145
0.0,0.145
0.0,0.145
0.1,0.145
0.1,0.145
0.1,0.145
0.1,0.145
0.1,0.145
0.1,0.145
0.1,0.145
0.1,0.145
0.0,0.145
0.0,0.145
0.0,0.145
0.0,0.145
0.0,0.145
0.0,0.145
0.0,0.145
0.0,0.145
0.0,0.145
0.0,0.145
0.0,0.145
0.0,0.145
0.1,0.145
0.1,0.145
0.1,0.140
0.1,0.140
0.1,0.140
0.1,0.140
0.1,0.140
0.1,0.140
0.1,0.140
0.1,0.140
0.0,0.140
0.0,0.140
0.0,0.140
0.0,0.140
0.0,0.140
0.0,0.140
0.0,0.140
0.0,0.140
0.0,0.140
0.0,0.140
0.0,0.140
0.0,0.140
0.0,0.140
0.0,0.140
0.0,0.140
0.0,0.140
0.0,0.140
0.0,0.140
0.0,0.140
0.0,0.140
0.0,0.140
0.0,0.140
0.0,0.140
0.0,0.140
0.0,0.140
0.0,0.140
0.0,0.140
0.0,0.140
0.0,0.135
0.0,0.135
0.0,0.135
0.0,0.135
0.0,0.135
0.0,0.135
0.0,0.135
0.0,0.135
0.0,0.135
0.0,0.135
0.0,0.135
0.0,0.135
0.0,0.135
0.0,0.135
0.0,0.135
0.0,0.135
0.0,0.135
0.0,0.135
0.0,0.135
0.0,0.135
0.0,0.135
0.0,0.135
0.0,0.135
0.0,0.135
0.0,0.135
0.0,0.135
0.0,0.135
0.0,0.135
0.0,0.135
0.0,0.135
0.0,0.135
0.0,0.135
0.0,0.135
0.0,0.135
0.0,0.135
0.0,0.135
0.0,0.130
0.0,0.130
0.0,0.130
0.0,0.130
0.0,0.130
0.0,0.130
0.0,0.130
0.0,0.130
0.0,0.130
0.0,0.130
0.0,0.130
0.0,0.130
0.0,0.130
0.0,0.130
0.0,0.130
0.0,0.130
0.0,0.130
0.0,0.130
0.0,0.130
0.0,0.130
0.0,0.130
0.0,0.130
0.0,0.130
0.0,0.130
0.0,0.130
0.0,0.130
0.0,0.130
0.0,0.130
0.0,0.130
0.0,0.130
0.0,0.130
0.0,0.130
0.0,0.130
0.0,0.130
0.0,0.130
0.0,0.130
0.0,0.125
0.0,0.125
0.0,0.125
0.0,0.125
0.0,0.125
0.0,0.125
0.0,0.125
0.0,0.125
0.0,0.125
0.0,0.125
0.0,0.125
0.0,0.125
0.0,0.125
0.0,0.125
0.0,0.125
0.0,0.125
0.0,0.125
0.0,0.125
0.0,0.125
0.0,0.125
0.0,0.125
0.0,0.125
0.0,0.125
0.0,0.125
0.0,0.125
0.0,0.125
0.0,0.125
0.0,0.125
0.0,0.125
0.0,0.125
0.0,0.125
0.0,0.125
0.0,0.125
0.0,0.125
0.0,0.125
0.0,0.125
0.0,0.120
0.0,0.120
0.0,0.120
0.0,0.120
0.0,0.120
0.0,0.120
0.0,0.120
0.0,0.120
0.0,0.120
0.0,0.120
0.0,0.120
0.0,0.120
0.0,0.120
0.0,0.120
0.0,0.120
0.0,0.120
0.0,0.120
0.0,0.120
0.0,0.120
0.0,0.120
0.0,0.120
0.0,0.120
0.0,0.120
0.0,0.120
0.0,0.120
0.0,0.120
0.0,0.120
0.0,0.120
0.0,0.120
0.0,0.120
0.0,0.120
0.0,0.120
0.0,0.115
0.0,0.115
0.0,0.115
0.0,0.115
0.0,0.115
0.0,0.115
0.0,0.115
0.0,0.115
0.0,0.115
0.0,0.115
0.0,0.115
0.0,0.115
0.0,0.115
0.0,0.115
0.0,0.115
0.0,0.115
0.0,0.115
0.0,0.115
0.0,0.115
0.0,0.115
0.0,0.115
0.0,0.115
0.0,0.115
0.0,0.115
0.0,0.115
0.0,0.115
0.0,0.115
0.0,0.115
0.0,0.115
0.0,0.115
0.0,0.115
0.0,0.115
0.0,0.115
0.0,0.110
0.0,0.110
0.0,0.110
0.0,0.110
0.0,0.110
0.0,0.110
0.0,0.110
0.0,0.110
0.0,0.110
0.0,0.110
0.0,0.110
0.0,0.110
0.0,0.110
0.0,0.110
0.0,0.110
0.0,0.110
0.0,0.110
0.0,0.110
0.0,0.110
0.0,0.110
0.0,0.110
0.0,0.110
0.1,0.110
0.1,0.110
0.1,0.110
0.1,0.110
0.1,0.110
0.1,0.110
0.1,0.110
0.0,0.110
0.0,0.110
0.0,0.110
0.0,0.110
0.0,0.110
0.0,0.110
0.0,0.110
0.0,0.105
0.0,0.105
0.0,0.105
0.0,0.105
0.1,0.105
0.1,0.105
0.1,0.105
0.1,0.105
0.1,0.105
0.1,0.105
0.1,0.105
0.1,0.105
0.1,0.105
0.1,0.105
0.1,0.105
0.1,0.105
0.1,0.105
0.1,0.105
0.1,0.105
0.1,0.105
0.1,0.105
0.1,0.105
0.1,0.105
0.1,0.105
0.1,0.105
0.1,0.105
0.1,0.105
0.1,0.105
0.1,0.105
0.1,0.105
0.1,0.105
0.1,0.105
0.1,0.105
0.1,0.105
0.1,0.105
0.0,0.105
0.0,0.105
0.0,0.105
0.0,0.105
0.0,0.105
0.0,0.105
0.0,0.100
0.0,0.100
0.0,0.100
0.0,0.100
0.1,0.100
0.1,0.100
0.1,0.100
0.1,0.100
0.1,0.100
0.1,0.100
0.1,0.100
0.1,0.100
0.1,0.100
0.1,0.100
0.1,0.100
0.1,0.100
0.0,0.100
0.0,0.100
0.0,0.100
0.0,0.100
0.0,0.100
0.0,0.100
0.0,0.100
0.0,0.100
0.0,0.100
0.1,0.100
0.1,0.100
0.1,0.100
0.1,0.100
0.1,0.100
0.1,0.100
0.0,0.100
0.0,0.100
0.0,0.100
0.0,0.100
0.0,0.100
0.0,0.100
0.0,0.100
0.0,0.100
0.0,0.100
0.0,0.100
0.0,0.100
0.1,0.100
0.0,0.100
0.0,0.100
0.0,0.100
0.0,0.100
0.0,0.100
0.0,0.100
0.0,0.100
0.0,0.095
0.0,0.095
0.0,0.095
0.0,0.095
0.0,0.095
0.0,0.095
0.0,0.095
0.0,0.095
0.0,0.095
0.0,0.095
0.0,0.095
0.0,0.095
0.1,0.095
0.0,0.095
0.0,0.095
0.0,0.095
0.0,0.095
0.1,0.095
0.1,0.095
0.1,0.095
0.1,0.095
0.1,0.095
0.1,0.095
0.1,0.095
0.1,0.095
0.1,0.095
0.0,0.095
0.0,0.095
0.0,0.095
0.0,0.095
0.0,0.095
0.0,0.095
0.0,0.095
0.1,0.095
0.1,0.095
0.1,0.095
0.1,0.095
0.1,0.095
0.1,0.095
0.1,0.095
0.1,0.095
0.1,0.095
0.1,0.095
0.1,0.095
0.1,0.095
0.0,0.095
0.0,0.095
0.0,0.090
0.0,0.090
0.0,0.090
0.0,0.090
0.0,0.090
0.0,0.090
0.0,0.090
0.0,0.090
0.1,0.090
0.1,0.090
0.1,0.090
0.1,0.090
0.1,0.090
0.1,0.090
0.1,0.090
0.1,0.090
0.0,0.090
0.0,0.090
0.0,0.090
0.0,0.090
0.0,0.090
0.0,0.090
0.0,0.090
0.0,0.090
0.0,0.090
0.1,0.090
0.1,0.090
0.1,0.090
0.1,0.090
0.1,0.090
0.1,0.090
0.1,0.090
0.1,0.090
0.1,0.090
0.0,0.090
0.0,0.090
0.0,0.090
0.0,0.090
0.0,0.090
0.0,0.090
0.0,0.090
0.0,0.090
0.0,0.090
0.0,0.085
0.0,0.085
0.0,0.085
0.1,0.085
0.1,0.085
0.1,0.085
0.1,0.085
0.1,0.085
0.1,0.085
0.1,0.085
0.1,0.085
0.1,0.085
0.1,0.085
0.0,0.085
0.0,0.085
0.0,0.085
0.0,0.085
0.0,0.085
0.0,0.085
0.0,0.085
0.0,0.085
0.0,0.085
0.1,0.085
0.0,0.085
0.0,0.085
0.1,0.085
0.1,0.085
0.1,0.085
0.1,0.085
0.1,0.085
0.1,0.085
0.1,0.085
0.0,0.085
0.0,0.085
0.0,0.085
0.0,0.085
0.0,0.085
0.0,0.085
0.0,0.085
0.0,0.080
0.0,0.080
0.0,0.080
0.0,0.080
0.1,0.080
0.0,0.080
0.0,0.080
0.0,0.080
0.0,0.080
0.0,0.080
0.0,0.080
0.0,0.080
0.0,0.080
0.0,0.080
0.0,0.080
0.0,0.080
0.0,0.080
0.0,0.080
0.0,0.080
0.0,0.080
0.0,0.080
0.0,0.080
0.0,0.080
0.0,0.080
0.0,0.080
0.0,0.080
0.0,0.080
0.0,0.080
0.0,0.080
0.0,0.080
0.0,0.080
0.0,0.080
0.0,0.080
0.0,0.080
0.0,0.080
0.0,0.080
0.0,0.080
0.0,0.080
0.0,0.080
0.0,0.080
0.0,0.080
0.0,0.080
0.0,0.075
0.0,0.075
0.0,0.075
0.0,0.075
0.0,0.075
0.0,0.075
0.0,0.075
0.0,0.075
0.0,0.075
0.0,0.075
0.0,0.075
0.0,0.075
0.0,0.075
0.0,0.075
0.0,0.075
0.0,0.075
0.0,0.075
0.0,0.075
0.0,0.075
0.0,0.075
0.0,0.075
0.0,0.075
0.0,0.075
0.0,0.075
0.1,0.075
0.1,0.075
0.1,0.075
0.1,0.075
0.1,0.075
0.1,0.075
0.1,0.075
0.0,0.075
0.0,0.075
0.0,0.075
0.0,0.075
0.0,0.075
0.0,0.075
0.0,0.075
0.0,0.075
0.1,0.075
0.1,0.075
0.1,0.075
0.1,0.075
0.1,0.075
0.1,0.075
0.1,0.075
0.1,0.070
0.1,0.070
0.1,0.070
0.1,0.070
0.1,0.070
0.1,0.070
0.1,0.070
0.1,0.070
0.1,0.070
0.1,0.070
0.1,0.070
0.1,0.070
0.1,0.070
0.1,0.070
0.1,0.070
0.1,0.070
0.1,0.070
0.1,0.070
0.1,0.070
0.1,0.070
0.1,0.070
0.1,0.070
0.1,0.070
0.1,0.070
0.1,0.070
0.0,0.070
0.0,0.070
0.0,0.070
0.0,0.070
0.0,0.070
0.0,0.070
0.0,0.070
0.0,0.070
0.0,0.070
0.0,0.070
0.0,0.070
0.0,0.070
0.0,0.070
0.1,0.070
0.1,0.070
0.1,0.070
0.1,0.070
0.1,0.070
0.1,0.070
0.1,0.070
0.1,0.070
0.1,0.070
0.0,0.070
0.0,0.070
0.0,0.070
0.0,0.070
0.0,0.070
0.0,0.070
0.0,0.065
0.0,0.065
0.0,0.065
0.0,0.065
0.0,0.065
0.0,0.065
0.0,0.065
0.0,0.065
0.0,0.065
0.0,0.065
0.0,0.065
0.0,0.065
0.0,0.065
0.0,0.065
0.0,0.065
0.0,0.065
0.0,0.065
0.0,0.065
0.0,0.065
0.0,0.065
0.0,0.065
0.0,0.065
0.0,0.065
0.0,0.065
0.0,0.065
0.0,0.065
0.0,0.065
0.0,0.065
0.0,0.065
0.0,0.065
0.0,0.065
0.0,0.065
0.0,0.065
0.0,0.065
0.0,0.065
0.0,0.065
0.0,0.065
0.0,0.065
0.0,0.065
0.0,0.065
0.0,0.065
0.0,0.065
0.0,0.065
0.0,0.065
0.0,0.065
0.0,0.065
0.0,0.065
0.0,0.065
0.0,0.060
0.0,0.060
0.0,0.060
0.0,0.060
0.0,0.060
0.0,0.060
0.0,0.060
0.0,0.060
0.0,0.060
0.0,0.060
0.0,0.060
0.0,0.060
0.0,0.060
0.0,0.060
0.0,0.060
0.1,0.060
0.1,0.060
0.0,0.060
0.1,0.060
0.1,0.060
0.0,0.060
0.0,0.060
0.0,0.060
0.0,0.060
0.0,0.060
0.0,0.060
0.0,0.060
0.0,0.060
0.0,0.060
0.0,0.060
0.0,0.060
0.0,0.060
0.0,0.060
0.0,0.060
0.1,0.060
0.1,0.060
0.1,0.060
0.1,0.060
0.1,0.060
0.1,0.060
0.0,0.060
0.0,0.060
0.0,0.060
0.0,0.060
0.0,0.060
0.0,0.060
0.0,0.060
0.0,0.055
0.0,0.055
0.0,0.055
0.0,0.055
0.0,0.055
0.0,0.055
0.0,0.055
0.0,0.055
0.0,0.055
0.0,0.055
0.1,0.055
0.1,0.055
0.1,0.055
0.1,0.055
0.1,0.055
0.1,0.055
0.0,0.055
0.0,0.055
0.0,0.055
0.0,0.055
0.0,0.055
0.0,0.055
0.0,0.055
0.0,0.055
0.0,0.055
0.0,0.055
0.0,0.055
0.1,0.055
0.1,0.055
0.1,0.055
0.1,0.055
0.1,0.055
0.1,0.055
0.0,0.055
0.0,0.055
0.0,0.055
0.0,0.055
0.0,0.055
0.0,0.055
0.0,0.055
0.0,0.055
0.0,0.055
0.0,0.055
0.0,0.055
0.0,0.055
0.0,0.055
0.0,0.055
0.0,0.055
0.0,0.055
0.0,0.055
0.0,0.055
0.0,0.055
0.1,0.055
0.1,0.055
0.1,0.055
0.1,0.050
0.0,0.050
0.0,0.050
0.0,0.050
0.0,0.050
0.0,0.050
0.0,0.050
0.0,0.050
0.0,0.050
0.0,0.050
0.0,0.050
0.0,0.050
0.0,0.050
0.0,0.050
0.0,0.050
0.0,0.050
0.0,0.050
0.0,0.050
0.0,0.050
0.0,0.050
0.0,0.050
0.0,0.050
0.0,0.050
0.0,0.050
0.0,0.050
0.0,0.050
0.0,0.050
0.0,0.050
0.0,0.050
0.0,0.050
0.0,0.050
0.0,0.050
0.0,0.050
0.0,0.050
0.0,0.050
0.0,0.050
0.0,0.050
0.0,0.050
0.0,0.050
0.0,0.050
0.0,0.050
0.0,0.050
0.0,0.050
0.0,0.050
0.0,0.050
0.0,0.050
0.0,0.050
0.0,0.050
0.0,0.050
0.1,0.050
0.1,0.050
0.1,0.050
0.1,0.050
0.1,0.050
0.1,0.050
0.1,0.050
0.1,0.050
0.1,0.050
0.1,0.050
0.1,0.050
0.0,0.050
0.0,0.050
0.0,0.050
0.0,0.050
0.0,0.045
0.0,0.045
0.0,0.045
0.0,0.045
0.0,0.045
0.0,0.045
0.1,0.045
0.1,0.045
0.1,0.045
0.1,0.045
0.1,0.045
0.1,0.045
0.1,0.045
0.0,0.045
0.0,0.045
0.0,0.045
0.0,0.045
0.0,0.045
0.0,0.045
0.0,0.045
0.0,0.045
0.0,0.045
0.0,0.045
0.0,0.045
0.0,0.045
0.0,0.045
0.1,0.045
0.1,0.045
0.1,0.045
0.1,0.045
0.1,0.045
0.1,0.045
0.1,0.045
0.1,0.045
0.1,0.045
0.1,0.045
0.1,0.045
0.0,0.045
0.0,0.045
0.0,0.045
0.0,0.045
0.0,0.045
0.0,0.045
0.0,0.045
0.0,0.045
0.0,0.045
0.0,0.045
0.0,0.045
0.0,0.045
0.0,0.045
0.1,0.045
0.1,0.045
0.1,0.045
0.1,0.045
0.1,0.045
0.1,0.045
0.0,0.045
0.0,0.045
0.0,0.045
0.0,0.045
0.0,0.045
0.0,0.045
0.0,0.045
0.0,0.045
0.0,0.045
0.1,0.045
0.1,0.045
0.1,0.045
0.1,0.045
0.1,0.045
0.1,0.045
0.1,0.045
0.1,0.045
0.1,0.045
0.1,0.045
0.1,0.045
0.1,0.045
0.1,0.040
0.1,0.040
0.1,0.040
0.1,0.040
0.1,0.040
0.1,0.040
0.1,0.040
0.1,0.040
0.1,0.040
0.1,0.040
0.1,0.040
0.1,0.040
0.0,0.040
0.0,0.040
0.0,0.040
0.0,0.040
0.0,0.040
0.0,0.040
0.0,0.040
0.0,0.040
0.0,0.040
0.0,0.040
0.0,0.040
0.0,0.040
0.0,0.040
0.0,0.040
0.0,0.040
0.0,0.040
0.0,0.040
0.0,0.040
0.0,0.040
0.0,0.040
0.0,0.040
0.0,0.040
0.0,0.040
0.0,0.040
0.0,0.040
0.0,0.040
0.0,0.040
0.0,0.040
0.0,0.040
0.0,0.040
0.0,0.040
0.0,0.040
0.0,0.040
0.0,0.040
0.0,0.040
0.0,0.040
0.0,0.040
0.1,0.040
0.1,0.040
0.1,0.040
0.1,0.040
0.1,0.040
0.1,0.040
0.0,0.040
0.0,0.040
0.0,0.040
0.0,0.040
0.0,0.040
0.0,0.040
0.0,0.040
0.0,0.040
0.0,0.040
0.0,0.040
0.0,0.040
0.1,0.040
0.1,0.040
0.1,0.040
0.1,0.040
0.1,0.040
0.1,0.040
0.1,0.040
0.1,0.040
0.1,0.040
0.1,0.040
0.1,0.040
0.1,0.040
0.1,0.040
0.0,0.040
0.0,0.040
0.0,0.040
0.0,0.040
0.0,0.040
0.0,0.040
0.0,0.040
0.0,0.040
0.0,0.040
0.1,0.040
0.1,0.040
0.1,0.040
0.1,0.040
0.1,0.040
0.1,0.040
0.1,0.040
0.1,0.040
0.0,0.040
0.0,0.040
0.0,0.035
0.0,0.035
0.0,0.035
0.0,0.035
0.0,0.035
0.0,0.035
0.0,0.035
0.0,0.035
0.0,0.035
0.0,0.035
0.0,0.035
0.0,0.035
0.1,0.035
0.1,0.035
0.1,0.035
0.1,0.035
0.1,0.035
0.0,0.035
0.0,0.035
-0.1,0.035
-0.1,0.035
0.0,0.035
0.0,0.035
0.0,0.035
0.0,0.035
0.0,0.035
0.0,0.035
0.0,0.035
0.0,0.035
0.1,0.035
0.1,0.035
0.1,0.035
0.1,0.035
0.1,0.035
0.1,0.035
0.1,0.035
0.1,0.035
0.1,0.035
0.1,0.035
0.0,0.035
0.0,0.035
0.0,0.035
0.0,0.035
0.0,0.035
0.0,0.035
0.0,0.035
0.0,0.035
0.0,0.035
0.1,0.035
0.1,0.035
0.1,0.035
0.1,0.035
0.1,0.035
0.1,0.035
0.1,0.035
0.1,0.035
0.1,0.035
0.0,0.035
0.0,0.035
0.0,0.035
0.0,0.035
0.0,0.035
0.0,0.035
0.0,0.035
0.0,0.035
0.0,0.035
0.0,0.035
0.0,0.035
0.1,0.035
0.1,0.035
0.1,0.035
0.1,0.035
0.1,0.035
0.1,0.035
0.1,0.035
0.1,0.035
0.1,0.035
0.1,0.035
0.1,0.035
0.1,0.035
0.0,0.035
0.0,0.035
0.0,0.035
0.0,0.035
0.0,0.035
0.0,0.035
0.0,0.035
0.0,0.035
0.0,0.030
0.0,0.030
0.0,0.030
0.0,0.030
0.0,0.030
0.0,0.030
0.0,0.030
0.0,0.030
0.0,0.030
0.0,0.030
0.0,0.030
0.0,0.030
0.0,0.030
0.0,0.030
0.0,0.030
0.0,0.030
0.0,0.030
0.0,0.030
0.0,0.030
0.1,0.030
0.1,0.030
0.1,0.030
0.1,0.030
0.1,0.030
0.1,0.030
0.1,0.030
0.1,0.030
0.1,0.030
0.1,0.030
0.1,0.030
0.1,0.030
0.0,0.030
0.0,0.030
0.0,0.030
0.0,0.030
0.0,0.030
0.0,0.030
0.0,0.030
0.0,0.030
0.0,0.030
0.1,0.030
0.1,0.030
0.1,0.030
0.1,0.030
0.1,0.030
0.1,0.030
0.1,0.030
0.1,0.030
0.1,0.030
0.1,0.030
0.0,0.030
0.0,0.030
0.0,0.030
0.0,0.030
0.0,0.030
0.0,0.030
0.0,0.030
0.0,0.030
0.0,0.030
0.0,0.030
0.1,0.030
0.1,0.030
0.1,0.030
0.1,0.030
0.1,0.030
0.1,0.030
0.1,0.030
0.1,0.030
0.0,0.030
0.0,0.030
0.0,0.030
0.0,0.030
0.0,0.030
0.0,0.030
0.0,0.030
0.0,0.030
0.0,0.030
0.0,0.030
0.0,0.030
0.0,0.030
0.0,0.030
0.0,0.030
0.1,0.030
0.1,0.030
0.1,0.030
0.1,0.030
0.1,0.030
0.1,0.030
0.1,0.030
0.0,0.030
0.0,0.030
0.0,0.030
0.0,0.030
0.0,0.030
0.0,0.030
0.0,0.030
0.0,0.030
0.0,0.030
0.0,0.030
0.0,0.030
0.0,0.025
0.0,0.025
0.0,0.025
0.0,0.025
0.0,0.025
0.1,0.025
0.1,0.025
0.1,0.025
0.1,0.025
0.1,0.025
0.1,0.025
0.0,0.025
0.0,0.025
0.0,0.025
0.0,0.025
0.0,0.025
0.0,0.025
0.0,0.025
0.0,0.025
0.0,0.025
0.0,0.025
0.0,0.025
0.0,0.025
0.0,0.025
0.0,0.025
0.0,0.025
0.0,0.025
0.0,0.025
0.0,0.025
0.0,0.025
0.0,0.025
0.0,0.025
0.0,0.025
0.0,0.025
0.0,0.025
0.0,0.025
0.0,0.025
0.0,0.025
0.0,0.025
0.0,0.025
0.0,0.025
0.0,0.025
0.0,0.025
0.0,0.025
0.0,0.025
0.0,0.025
0.0,0.025
0.0,0.025
0.0,0.025
0.0,0.025
0.0,0.025
0.0,0.025
0.0,0.025
0.0,0.025
0.0,0.025
0.0,0.025
0.0,0.025
0.0,0.025
0.0,0.025
0.0,0.025
0.0,0.025
0.0,0.025
0.0,0.025
0.0,0.025
0.0,0.025
0.0,0.025
0.1,0.025
0.1,0.020
0.1,0.020
0.1,0.020
0.1,0.020
0.1,0.020
0.1,0.020
0.0,0.020
0.0,0.020
0.0,0.020
0.0,0.020
0.0,0.020
0.0,0.020
0.0,0.020
0.0,0.020
0.0,0.020
0.0,0.020
0.0,0.020
0.0,0.020
0.0,0.020
0.0,0.020
0.0,0.020
0.0,0.020
0.0,0.020
0.0,0.020
0.0,0.020
0.0,0.020
0.0,0.020
0.0,0.020
0.0,0.020
0.0,0.020
0.0,0.020
0.0,0.020
0.0,0.020
0.0,0.020
0.0,0.020
0.0,0.020
0.0,0.020
0.0,0.020
0.0,0.020
0.0,0.020
0.0,0.020
0.0,0.020
0.0,0.020
0.0,0.020
0.0,0.020
0.0,0.020
0.0,0.020
0.0,0.020
0.0,0.020
0.0,0.020
0.0,0.020
0.0,0.020
0.0,0.020
0.0,0.020
0.0,0.020
0.0,0.020
0.0,0.020
0.0,0.020
0.0,0.020
0.0,0.020
0.0,0.020
0.0,0.020
0.0,0.020
0.0,0.020
0.0,0.020
0.0,0.020
0.0,0.020
0.0,0.020
0.0,0.020
0.0,0.020
0.0,0.020
0.0,0.020
0.0,0.020
0.0,0.020
0.0,0.020
0.0,0.015
0.0,0.015
0.0,0.015
0.0,0.015
0.0,0.015
0.0,0.015
0.0,0.015
0.0,0.015
0.0,0.015
0.0,0.015
0.0,0.015
0.0,0.015
0.0,0.015
0.0,0.015
0.0,0.015
0.0,0.015
0.0,0.015
0.0,0.015
0.0,0.015
0.0,0.015
0.0,0.015
0.0,0.015
0.1,0.015
0.1,0.015
0.1,0.015
0.1,0.015
0.1,0.015
0.1,0.015
0.1,0.015
0.0,0.015
0.0,0.015
0.0,0.015
0.0,0.015
0.0,0.015
0.0,0.015
0.0,0.015
0.0,0.015
0.0,0.015
0.0,0.015
0.0,0.015
0.0,0.015
0.0,0.015
0.0,0.015
0.0,0.015
0.0,0.015
0.0,0.015
0.0,0.015
0.0,0.015
0.0,0.015
0.1,0.015
0.1,0.015
0.1,0.015
0.1,0.015
0.1,0.015
0.1,0.015
0.1,0.015
0.1,0.015
0.1,0.015
0.1,0.015
0.1,0.015
0.0,0.015
0.0,0.015
0.0,0.015
0.0,0.015
0.0,0.015
0.0,0.015
0.0,0.015
0.0,0.015
0.0,0.015
0.0,0.015
0.0,0.015
0.0,0.015
0.1,0.010
0.1,0.010
0.1,0.010
0.1,0.010
0.1,0.010
0.1,0.010
0.1,0.010
0.0,0.010
0.0,0.010
0.0,0.010
0.0,0.010
0.0,0.010
0.0,0.010
0.0,0.010
0.0,0.010
0.0,0.010
0.0,0.010
0.0,0.010
0.0,0.010
0.0,0.010
0.0,0.010
0.0,0.010
0.1,0.010
0.1,0.010
0.1,0.010
0.1,0.010
0.1,0.010
0.1,0.010
0.1,0.010
0.1,0.010
0.0,0.010
0.0,0.010
0.0,0.010
0.0,0.010
0.0,0.010
0.0,0.010
0.0,0.010
0.0,0.010
0.0,0.010
0.0,0.010
0.1,0.010
0.1,0.010
0.1,0.010
0.1,0.010
0.1,0.010
0.1,0.010
0.1,0.010
0.1,0.010
0.1,0.010
0.1,0.010
-0.1,0.010
0.0,0.010
0.0,0.010
0.0,0.010
0.0,0.010
0.0,0.010
0.0,0.010
0.1,0.010
0.1,0.010
0.1,0.010
0.1,0.010
0.1,0.010
0.1,0.010
0.1,0.010
0.1,0.010
0.1,0.010
0.1,0.010
0.1,0.010
0.1,0.010
0.0,0.010
0.0,0.010
0.0,0.010
0.0,0.010
0.0,0.010
0.0,0.010
0.0,0.010
0.0,0.010
0.0,0.010
0.0,0.010
0.1,0.010
0.1,0.010
0.1,0.010
0.1,0.010
0.1,0.010
0.1,0.010
0.1,0.010
0.0,0.010
0.0,0.010
0.0,0.005
-0.1,0.005
-0.1,0.005
-0.1,0.005
-0.1,0.005
-0.1,0.005
-0.1,0.005
-0.1,0.005
0.0,0.005
0.0,0.005
0.1,0.005
0.1,0.005
0.1,0.005
0.1,0.005
0.1,0.005
0.1,0.005
0.1,0.005
0.1,0.005
0.1,0.005
0.1,0.005
0.1,0.005
0.0,0.005
0.0,0.005
0.0,0.005
0.0,0.005
0.0,0.005
0.0,0.005
0.0,0.005
0.0,0.005
0.0,0.005
0.0,0.005
0.0,0.005
0.0,0.005
0.0,0.005
0.0,0.005
0.0,0.005
0.0,0.005
0.0,0.005
0.0,0.005
0.0,0.005
0.0,0.005
0.0,0.005
0.0,0.005
0.0,0.005
0.0,0.005
0.0,0.005
0.0,0.005
0.0,0.005
0.0,0.005
0.0,0.005
0.0,0.005
0.0,0.005
0.0,0.005
0.0,0.005
0.1,0.005
0.1,0.005
0.1,0.005
0.1,0.005
0.1,0.005
0.1,0.005
0.1,0.005
0.1,0.005
0.0,0.005
0.0,0.005
0.0,0.005
0.0,0.005
0.0,0.005
0.0,0.005
0.0,0.005
0.0,0.005
0.0,0.005
0.0,0.005
0.0,0.005
0.0,0.005
0.0,0.005
0.1,0.005
0.1,0.005
0.1,0.005
0.1,0.005
0.1,0.000
0.1,0.000
0.1,0.000
0.1,0.000
0.1,0.000
0.1,0.000
0.1,0.000
0.0,0.000
0.0,0.000
0.0,0.000
0.0,0.000
0.0,0.000
0.0,0.000
0.0,0.000
0.0,0.000
0.0,0.000
0.0,0.000
0.0,0.000
0.0,0.000
0.0,0.000
0.0,0.000
0.0,0.000
0.0,0.000
0.0,0.000
0.0,0.000
0.0,0.000
0.0,0.000
0.0,0.000
0.0,0.000
0.0,0.000
0.0,0.000
0.0,0.000
0.0,0.000
0.0,0.000
0.0,0.000
0.0,0.000
0.0,0.000
0.0,0.000
0.0,0.000
0.0,0.000
0.0,0.000
0.0,0.000
0.0,0.000
0.0,0.000
0.0,0.000
0.0,0.000
0.0,0.000
0.0,0.000
0.0,0.000
0.0,0.000
0.0,0.000
0.0,0.000
0.0,0.000
0.0,0.000
0.0,0.000
0.0,0.000
0.0,0.000
0.0,0.000
0.0,0.000
0.0,0.000
0.0,0.000
0.0,0.000
0.0,0.000
0.0,0.000
0.0,0.000
0.0,0.000
0.0,0.000
0.0,0.000
0.0,0.000
0.0,0.000
0.0,0.000
0.0,0.000
0.0,0.000
0.0,0.000
0.0,0.000
0.0,0.000
0.0,0.000
0.0,0.000
0.0,0.000
0.0,0.000
0.0,0.000
0.0,0.000
0.0,0.000
0.0,0.000
0.0,0.000
0.0,0.000
0.0,0.000
0.0,0.000
0.0,0.000
0.0,0.000
0.0,0.000
0.0,0.000
0.0,0.000
0.0,0.000
0.0,0.000
0.0,0.000
0.0,0.000
0.0,0.000
0.0,0.000
0.1,0.000
0.1,0.000
0.1,0.000
0.1,0.000
0.1,0.000
0.1,0.000
0.1,0.000
0.1,0.000
0.1,0.000
0.1,0.000
0.0,0.000
0.0,0.000
0.0,0.000
0.0,0.000
0.0,0.000
0.0,0.000
0.0,0.000
0.0,0.000
0.0,0.000
0.0,0.000
0.0,0.000
0.0,0.000
0.0,0.000
0.0,0.000
0.0,0.000
0.0,0.000
0.0,0.000
0.0,0.000
0.0,0.000
0.0,0.000
0.0,0.000
0.0,0.000
0.0,0.000
0.0,0.000
0.0,0.000
0.0,0.000
0.0,0.000
0.0,0.000
0.0,0.000
0.0,0.000
0.0,0.000
0.0,0.000
0.0,0.000
0.0,0.000
0.0,0.000
0.0,0.000
0.0,0.000
0.0,0.000
0.0,0.000
0.0,0.000
0.0,0.000
0.0,0.000
0.0,0.000
0.0,0.000
0.0,0.000
0.0,0.000
0.0,0.000
0.0,0.000
0.1,0.000
0.1,0.000
0.1,0.000
0.1,0.000
0.1,0.000
0.1,0.000
0.1,0.000
0.1,0.000
0.1,0.000
0.0,0.000
0.0,0.000
0.0,0.000
0.0,0.000
0.0,0.000
0.0,0.000
0.0,0.000
0.0,0.000
0.0,0.000
0.0,0.000
0.0,0.000
0.0,0.000
0.0,0.000
0.0,0.000
0.0,0.000
0.0,0.000
0.0,0.000
0.0,0.000
0.0,0.000
0.0,0.000
0.0,0.000
0.0,0.000
0.0,0.000
0.0,0.000
0.0,0.000
0.0,0.000
0.0,0.000
0.0,0.000
0.0,0.000
0.0,0.000
0.0,0.000
0.0,0.000
0.0,0.000
0.0,0.000
0.0,0.000
0.0,0.000
0.0,0.000
0.0,0.000
0.0,0.000
0.0,0.000
0.0,0.000
0.0,0.000
0.0,0.000
0.0,0.000
0.0,0.000
0.0,0.000
0.0,0.000
0.0,0.000
0.0,0.000
0.0,0.000
0.0,0.000
0.0,0.000
0.0,0.000
0.0,0.000
0.0,0.000
0.0,0.000
0.0,0.000
0.0,0.000
0.0,0.000
0.0,0.000
0.1,0.000
0.1,0.000
0.1,0.000
0.1,0.000
0.1,0.000
0.1,0.000
0.1,-0.005
0.1,-0.005
0.1,-0.005
0.0,-0.005
0.0,-0.005
0.0,-0.005
0.0,-0.005
0.0,-0.005
0.0,-0.005
0.0,-0.005
0.0,-0.005
0.0,-0.005
0.0,-0.005
0.0,-0.005
0.0,-0.005
0.0,-0.005
0.0,-0.005
0.0,-0.005
0.0,-0.005
0.0,-0.005
0.0,-0.005
0.0,-0.005
0.0,-0.005
0.0,-0.005
0.0,-0.005
0.0,-0.005
0.0,-0.005
0.0,-0.005
0.0,-0.005
0.0,-0.005
0.0,-0.005
0.0,-0.005
0.0,-0.005
0.0,-0.005
0.0,-0.005
0.0,-0.005
0.0,-0.005
0.0,-0.005
0.0,-0.005
0.0,-0.005
0.0,-0.005
0.0,-0.005
0.0,-0.005
0.0,-0.005
0.0,-0.005
0.0,-0.005
0.1,-0.005
0.0,-0.005
0.0,-0.005
0.0,-0.005
0.0,-0.005
0.0,-0.005
0.0,-0.005
0.0,-0.005
0.0,-0.005
0.0,-0.005
0.0,-0.005
0.0,-0.005
0.0,-0.005
0.0,-0.005
0.0,-0.005
0.0,-0.005
0.0,-0.005
0.0,-0.005
0.0,-0.005
0.0,-0.005
0.0,-0.005
0.0,-0.005
0.0,-0.005
0.0,-0.005
0.0,-0.005
0.0,-0.005
0.0,-0.005
0.0,-0.005
0.0,-0.005
0.0,-0.005
0.0,-0.005
0.0,-0.005
0.0,-0.005
0.0,-0.005
0.0,-0.005
0.0,-0.005
0.0,-0.005
0.0,-0.005
0.0,-0.005
0.0,-0.005
0.0,-0.005
0.0,-0.005
0.0,-0.005
0.0,-0.005
0.0,-0.005
0.0,-0.005
0.0,-0.005
0.0,-0.005
0.0,-0.005
0.0,-0.005
0.0,-0.005
0.0,-0.005
0.0,-0.005
0.0,-0.005
0.0,-0.005
0.0,-0.005
0.0,-0.005
0.0,-0.005
0.0,-0.005
0.0,-0.005
0.0,-0.005
0.0,-0.005
0.0,-0.005
0.0,-0.005
0.0,-0.005
0.0,-0.005
0.0,-0.005
0.0,-0.005
0.0,-0.005
0.0,-0.005
0.0,-0.005
0.0,-0.005
0.0,-0.005
0.0,-0.005
0.0,-0.005
0.1,-0.005
0.1,-0.005
0.1,-0.005
0.1,-0.005
0.1,-0.005
0.1,-0.005
0.1,-0.005
0.0,-0.005
0.0,-0.005
0.0,-0.005
0.0,-0.005
0.0,-0.005
0.0,-0.005
0.0,-0.005
0.0,-0.005
0.0,-0.005
0.0,-0.005
0.0,-0.005
0.0,-0.005
0.0,-0.005
0.0,-0.005
0.0,-0.005
0.0,-0.005
0.0,-0.005
0.0,-0.005
0.0,-0.005
0.0,-0.005
0.0,-0.005
0.0,-0.005
0.0,-0.005
0.0,-0.005
0.0,-0.005
0.0,-0.005
0.0,-0.005
0.0,-0.005
0.0,-0.005
0.0,-0.005
0.0,-0.005
0.0,-0.005
0.0,-0.005
0.1,-0.005
0.1,-0.005
0.0,-0.005
0.0,-0.005
-0.1,-0.005
-0.1,-0.005
0.0,-0.005
0.0,-0.005
0.0,-0.005
0.0,-0.005
0.0,-0.005
0.0,-0.005
0.0,-0.005
0.0,-0.005
0.1,-0.005
0.1,-0.005
0.1,-0.005
0.1,-0.005
0.1,-0.005
0.1,-0.005
0.1,-0.005
0.1,-0.005
0.1,-0.005
0.1,-0.005
0.1,-0.005
0.1,-0.005
0.0,-0.005
0.0,-0.005
0.0,-0.005
0.0,-0.005
0.0,-0.005
0.0,-0.005
0.0,-0.005
0.0,-0.005
0.0,-0.005
0.0,-0.005
0.0,-0.005
0.0,-0.005
0.0,-0.005
0.0,-0.005
0.0,-0.005
0.0,-0.005
0.0,-0.005
0.0,-0.005
0.0,-0.005
-0.1,-0.005
-0.1,-0.005
-0.1,-0.005
-0.1,-0.005
-0.1,-0.005
-0.1,-0.005
-0.1,-0.005
-0.1,-0.005
-0.1,-0.005
0.0,-0.005
0.0,-0.005
0.0,-0.005
0.1,-0.005
0.1,-0.005
0.1,-0.005
0.1,-0.005
0.1,-0.005
0.1,-0.005
0.1,-0.005
0.1,-0.005
-0.1,-0.005
0.0,-0.005
0.0,-0.005
0.0,-0.005
0.0,-0.005
0.0,-0.005
-0.1,-0.005
0.0,-0.005
0.0,-0.005
0.1,-0.005
0.1,-0.005
0.1,-0.005
0.1,-0.005
0.1,-0.005
0.1,-0.005
0.1,-0.005
0.1,-0.005
0.1,-0.005
0.1,-0.005
0.0,-0.005
0.0,-0.005
0.0,-0.005
-0.1,-0.005
-0.1,-0.005
-0.1,-0.005
-0.1,-0.005
-0.1,-0.005
-0.1,-0.005
-0.1,-0.005
-0.1,-0.005
0.0,-0.010
0.0,-0.010
0.1,-0.010
0.1,-0.010
0.1,-0.010
0.1,-0.010
0.1,-0.010
0.1,-0.010
0.1,-0.010
0.1,-0.010
0.0,-0.010
0.0,-0.010
0.0,-0.010
-0.1,-0.010
-0.1,-0.010
0.0,-0.010
0.0,-0.010
0.0,-0.010
0.0,-0.010
0.0,-0.010
0.1,-0.010
0.1,-0.010
0.1,-0.010
0.1,-0.010
0.1,-0.010
0.1,-0.010
0.1,-0.010
0.1,-0.010
0.1,-0.010
0.1,-0.010
0.1,-0.010
0.0,-0.010
0.0,-0.010
0.0,-0.010
0.0,-0.010
0.0,-0.010
0.0,-0.010
0.0,-0.010
0.0,-0.010
0.0,-0.010
0.1,-0.010
0.1,-0.010
0.1,-0.010
0.1,-0.010
0.1,-0.010
0.1,-0.010
0.1,-0.010
0.1,-0.010
0.0,-0.010
0.0,-0.010
0.0,-0.010
-0.1,-0.010
-0.1,-0.010
-0.1,-0.010
-0.1,-0.010
-0.1,-0.010
-0.1,-0.010
-0.1,-0.010
-0.1,-0.010
0.0,-0.010
0.0,-0.010
0.0,-0.010
0.0,-0.010
0.0,-0.010
0.1,-0.010
0.1,-0.010
0.1,-0.010
0.1,-0.010
0.1,-0.010
0.1,-0.010
-0.1,-0.010
-0.1,-0.010
-0.1,-0.010
-0.1,-0.010
-0.1,-0.010
-0.1,-0.010
-0.1,-0.010
-0.1,-0.010
-0.1,-0.010
0.0,-0.010
0.0,-0.010
0.0,-0.010
0.0,-0.010
0.1,-0.010
0.1,-0.010
0.1,-0.010
0.1,-0.010
0.1,-0.010
0.1,-0.010
0.1,-0.010
0.1,-0.010
0.1,-0.010
0.0,-0.010
0.0,-0.010
0.0,-0.010
0.0,-0.010
0.0,-0.010
0.0,-0.010
0.0,-0.010
0.0,-0.010
0.0,-0.010
0.0,-0.010
0.0,-0.010
0.0,-0.010
0.0,-0.010
0.0,-0.010
0.0,-0.010
0.0,-0.010
0.1,-0.010
0.1,-0.010
0.1,-0.010
0.0,-0.010
0.0,-0.010
0.0,-0.010
0.0,-0.010
0.0,-0.010
0.0,-0.010
0.0,-0.010
0.0,-0.010
0.0,-0.010
0.0,-0.010
0.1,-0.010
0.1,-0.010
0.1,-0.010
0.1,-0.010
0.1,-0.010
0.1,-0.010
0.1,-0.010
0.1,-0.010
0.1,-0.010
0.1,-0.010
0.0,-0.010
0.0,-0.010
0.0,-0.010
0.0,-0.010
0.0,-0.010
0.0,-0.010
0.0,-0.010
0.0,-0.010
0.0,-0.010
0.0,-0.010
0.0,-0.010
0.0,-0.010
0.0,-0.010
0.0,-0.010
0.0,-0.010
0.0,-0.010
0.0,-0.010
0.0,-0.010
0.0,-0.010
0.0,-0.010
0.0,-0.010
0.0,-0.010
0.0,-0.010
0.0,-0.010
0.0,-0.010
0.0,-0.010
0.0,-0.010
0.0,-0.010
0.0,-0.010
0.1,-0.010
0.1,-0.010
0.1,-0.010
0.1,-0.010
0.1,-0.010
0.1,-0.010
0.1,-0.010
0.1,-0.010
0.0,-0.010
0.0,-0.010
0.0,-0.010
-0.1,-0.010
0.0,-0.010
0.0,-0.010
0.0,-0.010
0.0,-0.010
0.0,-0.010
0.0,-0.010
0.0,-0.010
0.0,-0.010
0.0,-0.010
0.0,-0.010
0.0,-0.010
0.0,-0.010
0.0,-0.010
0.0,-0.010
0.0,-0.010
0.0,-0.010
0.0,-0.010
0.0,-0.010
0.0,-0.010
0.0,-0.010
0.0,-0.010
0.0,-0.010
0.0,-0.010
0.0,-0.010
0.0,-0.010
0.0,-0.010
0.0,-0.010
0.0,-0.010
0.0,-0.010
0.0,-0.010
0.1,-0.010
0.1,-0.010
0.1,-0.010
0.1,-0.010
0.1,-0.010
0.1,-0.010
0.1,-0.010
0.1,-0.010
0.0,-0.010
0.0,-0.010
0.0,-0.010
0.0,-0.010
0.0,-0.010
0.0,-0.010
0.0,-0.010
0.1,-0.010
0.0,-0.010
0.0,-0.010
0.0,-0.010
0.0,-0.010
0.0,-0.010
0.0,-0.010
0.0,-0.010
0.0,-0.010
0.0,-0.010
0.0,-0.010
0.0,-0.010
0.0,-0.010
0.0,-0.010
0.0,-0.010
0.0,-0.010
0.0,-0.010
0.0,-0.010
0.0,-0.010
0.0,-0.010
0.0,-0.015
0.0,-0.015
0.0,-0.015
0.0,-0.015
0.0,-0.015
0.1,-0.015
0.1,-0.015
0.1,-0.015
0.1,-0.015
0.1,-0.015
0.1,-0.015
0.1,-0.015
0.1,-0.015
0.1,-0.015
0.1,-0.015
0.0,-0.015
0.0,-0.015
0.0,-0.015
0.0,-0.015
0.0,-0.015
0.0,-0.015
0.0,-0.015
0.0,-0.015
0.0,-0.015
0.0,-0.015
0.0,-0.015
0.0,-0.015
0.0,-0.015
0.0,-0.015
0.0,-0.015
0.0,-0.015
0.0,-0.015
0.0,-0.015
0.0,-0.015
0.0,-0.015
0.0,-0.015
0.0,-0.015
0.0,-0.015
0.0,-0.015
0.0,-0.015
0.0,-0.015
0.0,-0.015
0.0,-0.015
0.0,-0.015
0.0,-0.015
0.0,-0.015
0.0,-0.015
0.0,-0.015
0.0,-0.015
0.0,-0.015
0.0,-0.015
0.0,-0.015
0.0,-0.015
0.0,-0.015
0.0,-0.015
0.0,-0.015
0.0,-0.015
0.0,-0.015
0.0,-0.015
0.0,-0.015
0.0,-0.015
0.0,-0.015
0.0,-0.015
0.0,-0.015
0.0,-0.015
0.0,-0.015
0.0,-0.015
0.0,-0.015
0.0,-0.015
0.0,-0.015
0.0,-0.015
0.0,-0.015
0.0,-0.015
0.0,-0.015
0.0,-0.015
0.0,-0.015
0.0,-0.015
0.0,-0.015
0.0,-0.015
0.0,-0.015
0.0,-0.015
0.0,-0.015
0.0,-0.015
0.0,-0.015
0.0,-0.015
0.0,-0.015
0.0,-0.015
0.0,-0.015
0.0,-0.015
0.0,-0.015
0.0,-0.015
0.0,-0.015
0.0,-0.015
0.0,-0.015
0.0,-0.015
0.0,-0.015
0.0,-0.015
0.0,-0.015
0.0,-0.015
0.0,-0.015
0.0,-0.015
0.0,-0.015
0.0,-0.015
0.0,-0.015
0.0,-0.015
0.0,-0.015
0.0,-0.015
0.0,-0.015
0.0,-0.015
0.0,-0.015
0.0,-0.015
0.0,-0.015
0.0,-0.015
0.0,-0.015
0.0,-0.015
0.0,-0.015
0.0,-0.015
0.0,-0.015
0.0,-0.015
0.0,-0.015
0.0,-0.015
0.0,-0.015
0.0,-0.015
0.0,-0.015
0.0,-0.015
0.0,-0.015
0.0,-0.015
0.0,-0.015
0.0,-0.015
0.0,-0.015
0.0,-0.015
0.0,-0.015
0.0,-0.015
0.0,-0.015
0.0,-0.015
0.0,-0.015
0.0,-0.015
0.0,-0.015
0.0,-0.015
0.0,-0.015
0.0,-0.015
0.0,-0.015
0.0,-0.015
0.0,-0.015
0.0,-0.015
0.0,-0.015
0.0,-0.015
0.0,-0.015
0.0,-0.015
0.0,-0.015
0.0,-0.015
0.0,-0.015
0.0,-0.015
0.0,-0.015
0.0,-0.015
0.0,-0.015
0.0,-0.015
0.0,-0.015
0.0,-0.015
0.0,-0.015
0.0,-0.015
0.0,-0.015
0.0,-0.015
0.0,-0.015
0.0,-0.015
0.0,-0.015
0.0,-0.015
0.0,-0.015
0.0,-0.015
0.0,-0.015
0.0,-0.015
0.0,-0.015
0.0,-0.015
0.0,-0.015
0.0,-0.015
0.0,-0.015
0.0,-0.015
0.0,-0.015
0.0,-0.015
0.0,-0.015
0.0,-0.015
0.0,-0.015
0.0,-0.015
0.0,-0.015
0.0,-0.015
0.0,-0.015
0.0,-0.015
0.0,-0.015
0.0,-0.015
0.0,-0.015
0.0,-0.015
0.0,-0.020
0.0,-0.020
0.0,-0.020
0.0,-0.020
0.0,-0.020
0.0,-0.020
0.0,-0.020
0.0,-0.020
0.0,-0.020
0.0,-0.020
0.0,-0.020
0.0,-0.020
0.0,-0.020
0.0,-0.020
0.0,-0.020
0.0,-0.020
0.0,-0.020
0.0,-0.020
0.0,-0.020
0.0,-0.020
0.0,-0.020
0.0,-0.020
0.0,-0.020
0.0,-0.020
0.0,-0.020
0.0,-0.020
0.0,-0.020
0.0,-0.020
0.0,-0.020
0.0,-0.020
0.0,-0.020
0.0,-0.020
0.0,-0.020
0.0,-0.020
0.0,-0.020
0.0,-0.020
0.0,-0.020
0.0,-0.020
0.0,-0.020
0.0,-0.020
0.0,-0.020
0.0,-0.020
0.0,-0.020
0.0,-0.020
0.0,-0.020
0.0,-0.020
0.0,-0.020
0.0,-0.020
0.0,-0.020
0.0,-0.020
0.0,-0.020
0.0,-0.020
0.0,-0.020
0.0,-0.020
0.0,-0.020
0.0,-0.020
0.0,-0.020
0.0,-0.020
0.0,-0.020
0.0,-0.020
0.0,-0.020
0.0,-0.020
0.0,-0.020
0.0,-0.020
0.0,-0.020
0.0,-0.020
0.0,-0.020
0.1,-0.020
0.1,-0.020
0.1,-0.020
0.1,-0.020
0.1,-0.020
0.1,-0.020
0.1,-0.020
0.1,-0.020
0.1,-0.020
0.0,-0.020
0.0,-0.020
0.0,-0.020
0.0,-0.020
0.0,-0.020
0.0,-0.020
0.0,-0.020
0.0,-0.020
0.0,-0.020
0.0,-0.020
0.0,-0.020
0.0,-0.020
0.0,-0.020
0.1,-0.020
0.1,-0.020
0.1,-0.020
0.1,-0.020
0.1,-0.020
0.1,-0.020
0.1,-0.020
0.1,-0.020
0.1,-0.020
0.0,-0.020
0.0,-0.020
0.0,-0.020
0.0,-0.020
0.0,-0.020
0.0,-0.020
0.0,-0.020
0.0,-0.020
0.0,-0.020
0.0,-0.020
0.0,-0.020
0.0,-0.020
0.0,-0.020
0.1,-0.020
0.1,-0.020
0.0,-0.020
0.0,-0.020
0.0,-0.020
0.0,-0.020
0.0,-0.020
0.0,-0.020
0.0,-0.020
0.0,-0.020
0.0,-0.020
0.0,-0.020
0.0,-0.020
0.1,-0.020
0.1,-0.020
0.1,-0.020
0.1,-0.020
0.1,-0.020
0.1,-0.020
0.1,-0.020
0.1,-0.020
0.1,-0.020
0.0,-0.020
0.0,-0.020
0.0,-0.020
0.0,-0.020
-0.1,-0.020
-0.1,-0.020
-0.1,-0.020
-0.1,-0.020
-0.1,-0.020
-0.1,-0.020
-0.1,-0.020
0.0,-0.020
0.0,-0.020
0.0,-0.020
0.0,-0.020
0.0,-0.020
0.0,-0.020
0.0,-0.020
0.1,-0.020
0.1,-0.020
0.1,-0.020
0.1,-0.020
0.1,-0.020
0.1,-0.020
0.1,-0.020
0.1,-0.020
0.0,-0.020
0.0,-0.020
0.0,-0.020
0.0,-0.020
0.0,-0.020
0.0,-0.020
0.0,-0.020
0.1,-0.020
0.1,-0.020
0.1,-0.020
0.1,-0.020
0.1,-0.020
0.1,-0.020
0.1,-0.020
0.0,-0.020
0.0,-0.020
0.0,-0.020
-0.1,-0.020
-0.1,-0.020
-0.1,-0.020
-0.1,-0.020
-0.1,-0.020
-0.1,-0.020
-0.1,-0.020
-0.1,-0.020
-0.1,-0.020
0.1,-0.020
0.0,-0.020
0.0,-0.020
0.0,-0.020
0.0,-0.020
0.1,-0.020
0.1,-0.020
0.1,-0.020
0.1,-0.020
0.1,-0.020
0.0,-0.020
-0.1,-0.020
0.0,-0.020
0.0,-0.020
0.0,-0.020
0.0,-0.020
0.0,-0.020
0.0,-0.020
0.0,-0.020
0.0,-0.020
0.0,-0.020
0.0,-0.020
0.0,-0.020
0.0,-0.020
0.0,-0.020
0.0,-0.020
0.0,-0.020
0.0,-0.020
0.0,-0.020
0.0,-0.020
0.0,-0.020
0.0,-0.020
0.0,-0.020
-0.1,-0.020
0.0,-0.020
0.0,-0.020
0.0,-0.020
0.0,-0.020
0.0,-0.020
0.0,-0.020
0.0,-0.020
0.1,-0.020
0.1,-0.020
0.1,-0.020
0.1,-0.020
0.1,-0.020
0.1,-0.020
0.1,-0.020
0.1,-0.020
0.1,-0.020
0.0,-0.020
0.0,-0.020
0.0,-0.020
0.0,-0.020
0.0,-0.020
0.0,-0.020
0.0,-0.020
0.0,-0.020
0.1,-0.020
0.0,-0.020
0.0,-0.020
0.0,-0.020
0.1,-0.020
0.1,-0.020
0.1,-0.020
0.1,-0.020
0.1,-0.020
0.1,-0.020
0.1,-0.020
0.0,-0.020
0.0,-0.020
0.0,-0.020
0.0,-0.020
0.0,-0.020
0.0,-0.020
0.0,-0.020
0.0,-0.020
0.0,-0.020
0.0,-0.020
0.0,-0.020
0.0,-0.020
0.0,-0.020
0.0,-0.020
0.0,-0.020
0.0,-0.020
0.0,-0.020
0.0,-0.020
0.0,-0.020
0.0,-0.020
0.0,-0.020
0.0,-0.020
0.0,-0.020
0.0,-0.020
0.0,-0.020
0.0,-0.020
-0.1,-0.020
-0.1,-0.020
0.0,-0.020
0.0,-0.020
0.1,-0.020
0.1,-0.020
0.1,-0.020
0.1,-0.020
0.1,-0.020
0.1,-0.020
0.1,-0.020
0.1,-0.020
0.1,-0.020
0.1,-0.020
0.1,-0.020
0.1,-0.020
-0.1,-0.020
0.0,-0.020
0.0,-0.020
0.0,-0.020
0.0,-0.020
0.0,-0.020
0.0,-0.020
0.0,-0.020
0.0,-0.020
0.1,-0.020
0.1,-0.020
0.1,-0.020
0.1,-0.020
0.1,-0.020
0.1,-0.020
0.1,-0.020
0.1,-0.020
0.1,-0.020
0.1,-0.020
0.0,-0.020
0.0,-0.020
0.0,-0.020
0.0,-0.020
0.0,-0.020
0.0,-0.020
0.0,-0.020
0.0,-0.020
0.0,-0.020
0.0,-0.020
0.0,-0.020
0.0,-0.020
0.0,-0.020
0.0,-0.020
0.0,-0.020
0.0,-0.020
0.0,-0.020
0.0,-0.020
0.0,-0.020
0.0,-0.020
0.0,-0.020
0.0,-0.020
0.0,-0.020
0.0,-0.020
0.0,-0.020
0.0,-0.020
0.0,-0.020
0.0,-0.020
0.0,-0.020
0.0,-0.020
0.0,-0.020
0.0,-0.020
0.0,-0.020
0.0,-0.020
0.0,-0.020
0.0,-0.020
0.0,-0.020
0.0,-0.020
0.0,-0.020
0.0,-0.020
0.0,-0.020
0.0,-0.020
0.0,-0.020
0.0,-0.020
0.0,-0.020
0.0,-0.020
0.0,-0.020
0.0,-0.020
0.0,-0.020
0.0,-0.020
0.0,-0.020
0.0,-0.020
0.0,-0.020
0.0,-0.020
0.0,-0.020
0.0,-0.020
0.0,-0.020
0.0,-0.020
0.0,-0.020
0.0,-0.020
0.0,-0.020
0.0,-0.020
0.0,-0.020
0.0,-0.020
0.0,-0.020
0.0,-0.020
0.0,-0.020
0.0,-0.020
0.0,-0.020
0.0,-0.020
0.0,-0.020
0.0,-0.020
0.0,-0.020
0.0,-0.020
0.0,-0.020
0.0,-0.020
0.0,-0.020
0.0,-0.020
0.0,-0.020
0.0,-0.020
0.0,-0.020
0.0,-0.020
0.0,-0.020
0.0,-0.020
0.0,-0.020
0.0,-0.020
0.0,-0.020
0.0,-0.020
0.0,-0.020
0.0,-0.020
0.0,-0.020
0.0,-0.020
0.0,-0.020
0.0,-0.020
0.0,-0.020
0.0,-0.020
0.0,-0.020
0.0,-0.020
0.0,-0.020
0.0,-0.020
0.0,-0.020
0.0,-0.020
0.0,-0.020
0.0,-0.020
0.0,-0.020
0.0,-0.020
0.0,-0.020
0.0,-0.020
0.0,-0.020
0.0,-0.020
0.0,-0.020
0.0,-0.020
0.0,-0.020
0.0,-0.020
0.0,-0.020
0.0,-0.020
0.0,-0.020
0.0,-0.020
0.0,-0.020
0.0,-0.020
0.0,-0.020
0.0,-0.020
0.0,-0.020
0.0,-0.020
0.0,-0.020
0.0,-0.020
0.0,-0.020
0.0,-0.020
0.0,-0.020
0.0,-0.020
0.0,-0.020
0.0,-0.020
0.0,-0.020
0.0,-0.020
0.0,-0.020
0.0,-0.020
0.0,-0.020
0.0,-0.020
0.0,-0.020
0.0,-0.020
0.0,-0.020
0.0,-0.020
0.0,-0.020
0.0,-0.020
0.0,-0.020
0.0,-0.020
0.0,-0.020
0.0,-0.020
0.0,-0.020
0.0,-0.020
0.0,-0.020
0.0,-0.020
0.0,-0.020
0.0,-0.020
0.0,-0.020
0.0,-0.020
0.0,-0.020
0.0,-0.020
0.0,-0.020
0.0,-0.020
0.0,-0.020
0.0,-0.020
0.0,-0.020
0.0,-0.020
0.0,-0.020
0.0,-0.020
0.0,-0.020
0.0,-0.020
0.0,-0.020
0.0,-0.020
0.0,-0.020
0.0,-0.020
0.0,-0.020
0.0,-0.020
0.0,-0.020
0.0,-0.020
0.0,-0.020
0.0,-0.020
0.0,-0.020
0.0,-0.020
0.0,-0.020
0.0,-0.020
0.0,-0.020
0.0,-0.020
0.0,-0.020
0.0,-0.020
0.0,-0.020
0.0,-0.020
0.0,-0.020
0.0,-0.020
0.0,-0.020
0.0,-0.020
0.0,-0.020
0.0,-0.020
0.0,-0.020
0.0,-0.020
0.0,-0.020
0.0,-0.020
0.0,-0.020
0.0,-0.020
0.0,-0.020
0.0,-0.020
0.0,-0.020
0.0,-0.020
0.0,-0.020
0.0,-0.020
0.0,-0.020
0.0,-0.020
0.0,-0.020
0.0,-0.020
0.0,-0.020
0.0,-0.020
0.0,-0.020
0.0,-0.020
0.0,-0.020
0.0,-0.020
0.0,-0.020
0.0,-0.020
0.0,-0.020
0.0,-0.020
0.0,-0.020
0.0,-0.020
0.0,-0.020
0.0,-0.020
0.0,-0.020
0.0,-0.020
0.0,-0.020
0.0,-0.020
0.0,-0.020
0.0,-0.020
0.0,-0.020
0.0,-0.020
0.0,-0.020
0.0,-0.020
0.0,-0.020
0.0,-0.020
0.0,-0.020
0.0,-0.020
0.0,-0.020
0.0,-0.020
0.0,-0.020
0.0,-0.020
0.0,-0.020
0.0,-0.020
0.0,-0.020
0.1,-0.020
0.1,-0.020
0.1,-0.020
0.1,-0.020
0.1,-0.020
0.1,-0.020
0.1,-0.020
0.1,-0.020
0.1,-0.020
0.1,-0.020
0.0,-0.020
0.0,-0.020
0.0,-0.020
0.0,-0.020
0.0,-0.020
0.0,-0.020
0.0,-0.020
0.0,-0.020
0.0,-0.020
0.1,-0.020
0.1,-0.020
0.2,-0.020
0.2,-0.020
0.3,-0.020
0.3,-0.020
0.2,-0.020
0.2,-0.020
0.1,-0.020
0.0,-0.020
0.0,-0.020
-0.1,-0.020
-0.2,-0.020
-0.2,-0.020
-0.2,-0.020
-0.2,-0.020
-0.2,-0.020
-0.2,-0.020
-0.1,-0.020
0.0,-0.020
0.0,-0.020
0.1,-0.020
0.2,-0.020
0.2,-0.020
0.2,-0.020
0.2,-0.020
0.2,-0.020
0.2,-0.020
0.2,-0.020
0.1,-0.020
0.0,-0.020
0.0,-0.020
-0.1,-0.020
-0.2,-0.020
-0.2,-0.020
-0.2,-0.020
-0.2,-0.020
-0.2,-0.020
-0.2,-0.020
-0.1,-0.020
0.0,-0.020
0.0,-0.020
0.1,-0.020
0.2,-0.020
0.2,-0.020
0.2,-0.020
0.2,-0.020
0.2,-0.020
0.2,-0.020
0.1,-0.020
0.1,-0.020
0.0,-0.020
-0.1,-0.020
-0.2,-0.020
-0.2,-0.020
-0.2,-0.020
-0.2,-0.020
-0.2,-0.020
-0.2,-0.020
-0.1,-0.020
0.0,-0.020
0.1,-0.020
0.1,-0.020
0.2,-0.020
0.2,-0.020
0.3,-0.020
0.2,-0.020
0.2,-0.020
0.2,-0.020
0.1,-0.020
0.0,-0.020
-0.1,-0.020
-0.1,-0.020
-0.2,-0.020
-0.2,-0.020
-0.2,-0.020
-0.2,-0.020
-0.2,-0.020
-0.1,-0.020
0.0,-0.020
0.0,-0.020
0.1,-0.020
0.2,-0.020
0.2,-0.020
0.2,-0.020
0.2,-0.020
0.2,-0.020
0.2,-0.020
0.1,-0.020
0.1,-0.020
0.0,-0.020
-0.1,-0.020
-0.1,-0.020
-0.2,-0.020
-0.2,-0.020
-0.2,-0.020
-0.2,-0.020
-0.2,-0.020
-0.1,-0.020
0.0,-0.020
0.0,-0.020
0.1,-0.020
0.2,-0.020
0.2,-0.020
0.2,-0.020
0.2,-0.020
0.2,-0.020
0.2,-0.020
0.1,-0.020
0.1,-0.020
0.0,-0.020
-0.1,-0.020
-0.1,-0.020
-0.2,-0.020
-0.2,-0.020
-0.2,-0.020
-0.2,-0.020
-0.2,-0.020
-0.1,-0.020
0.0,-0.020
0.0,-0.020
0.1,-0.020
0.1,-0.020
0.1,-0.020
0.2,-0.020
0.2,-0.020
0.2,-0.020
0.2,-0.020
0.1,-0.020
0.0,-0.020
0.0,-0.020
-0.1,-0.020
-0.1,-0.020
-0.1,-0.020
-0.2,-0.020
-0.2,-0.020
-0.2,-0.020
-0.2,-0.020
-0.1,-0.020
0.0,-0.020
0.0,-0.020
0.1,-0.020
0.1,-0.020
0.1,-0.020
0.1,-0.020
0.1,-0.020
0.1,-0.020
0.1,-0.020
0.1,-0.020
0.0,-0.020
0.0,-0.020
-0.1,-0.020
-0.1,-0.020
-0.1,-0.020
-0.1,-0.020
-0.1,-0.020
-0.1,-0.020
-0.1,-0.020
0.0,-0.020
0.0,-0.020
0.0,-0.020
0.1,-0.020
0.1,-0.020
0.2,-0.020
0.2,-0.020
0.1,-0.020
0.1,-0.020
0.1,-0.020
0.0,-0.020
0.0,-0.020
0.0,-0.020
0.0,-0.020
-0.1,-0.020
-0.1,-0.020
-0.1,-0.020
-0.1,-0.020
-0.1,-0.020
-0.1,-0.020
0.0,-0.020
0.0,-0.020
0.1,-0.020
0.1,-0.020
0.1,-0.020
0.1,-0.020
0.1,-0.020
0.1,-0.020
0.1,-0.020
0.1,-0.020
0.1,-0.020
0.0,-0.020
-0.1,-0.020
-0.1,-0.020
-0.1,-0.020
-0.1,-0.020
-0.1,-0.020
-0.1,-0.020
-0.1,-0.020
-0.1,-0.020
0.0,-0.020
0.0,-0.020
0.1,-0.020
0.1,-0.020
0.1,-0.020
0.1,-0.020
0.1,-0.020
0.1,-0.020
0.1,-0.020
0.1,-0.020
0.1,-0.020
0.0,-0.020
0.0,-0.020
-0.1,-0.020
-0.1,-0.020
-0.1,-0.020
-0.1,-0.020
-0.1,-0.020
-0.1,-0.020
-0.1,-0.020
0.0,-0.020
0.1,-0.020
0.1,-0.020
0.1,-0.020
0.1,-0.020
0.1,-0.020
0.1,-0.020
0.1,-0.020
0.1,-0.020
0.1,-0.020
0.0,-0.020
0.0,-0.020
0.0,-0.020
0.0,-0.020
0.0,-0.020
0.0,-0.020
-0.1,-0.020
0.0,-0.020
0.0,-0.020
-0.1,-0.020
0.0,-0.020
0.1,-0.020
0.1,-0.020
0.1,-0.020
0.1,-0.020
0.1,-0.020
0.1,-0.020
0.1,-0.020
0.1,-0.020
0.1,-0.020
0.1,-0.020
0.1,-0.020
0.0,-0.020
0.0,-0.020
0.0,-0.020
0.0,-0.020
0.0,-0.020
0.0,-0.020
0.0,-0.020
0.0,-0.020
0.0,-0.020
0.0,-0.020
0.0,-0.020
0.1,-0.020
0.1,-0.020
0.1,-0.020
0.1,-0.020
0.1,-0.020
0.1,-0.020
0.1,-0.020
0.1,-0.020
0.1,-0.020
0.1,-0.020
0.0,-0.020
0.0,-0.020
0.0,-0.020
0.0,-0.020
0.0,-0.020
0.0,-0.020
-0.1,-0.020
-0.1,-0.020
0.0,-0.020
0.0,-0.020
0.0,-0.020
0.0,-0.020
0.0,-0.020
0.0,-0.020
0.0,-0.020
0.0,-0.020
0.0,-0.020
0.0,-0.020
0.0,-0.020
0.0,-0.020
0.0,-0.020
0.0,-0.020
0.0,-0.020
0.0,-0.020
0.0,-0.020
0.0,-0.020
0.0,-0.020
0.0,-0.020
0.0,-0.020
0.0,-0.020
0.0,-0.020
0.0,-0.020
0.0,-0.020
0.0,-0.020
0.0,-0.020
0.0,-0.020
0.0,-0.020
0.0,-0.020
0.0,-0.020
0.0,-0.020
0.0,-0.020
0.0,-0.020
0.0,-0.020
0.0,-0.020
0.0,-0.020
0.0,-0.020
0.0,-0.020
0.0,-0.020
0.0,-0.020
0.0,-0.020
0.0,-0.020
0.0,-0.020
0.0,-0.020
0.0,-0.020
0.0,-0.020
0.0,-0.020
0.0,-0.020
0.0,-0.020
0.0,-0.020
0.0,-0.020
0.0,-0.020
0.0,-0.020
0.0,-0.020
0.0,-0.020
0.0,-0.020
0.0,-0.020
0.0,-0.020
0.0,-0.020
0.0,-0.020
0.0,-0.020
0.0,-0.020
0.0,-0.020
0.1,-0.020
0.1,-0.020
0.1,-0.020
0.1,-0.020
0.1,-0.020
0.1,-0.020
0.1,-0.020
0.1,-0.020
0.0,-0.020
0.0,-0.020
0.0,-0.020
0.0,-0.020
0.0,-0.020
0.0,-0.020
0.0,-0.020
0.0,-0.020
0.0,-0.020
0.0,-0.020
0.0,-0.020
0.0,-0.020
0.0,-0.020
0.0,-0.020
0.0,-0.020
0.0,-0.020
0.0,-0.020
0.0,-0.020
0.0,-0.020
0.0,-0.020
0.0,-0.020
0.0,-0.020
0.0,-0.020
0.0,-0.020
0.0,-0.020
0.0,-0.020
0.0,-0.020
0.0,-0.020
0.0,-0.020
0.0,-0.020
0.0,-0.020
0.0,-0.020
0.0,-0.020
0.0,-0.020
0.0,-0.020
0.0,-0.020
0.0,-0.020
0.0,-0.015
0.0,-0.015
0.0,-0.015
0.0,-0.015
0.0,-0.015
0.0,-0.015
0.0,-0.015
0.0,-0.015
0.0,-0.015
0.0,-0.015
0.0,-0.015
0.0,-0.015
0.0,-0.015
0.0,-0.015
0.0,-0.015
0.0,-0.015
0.0,-0.015
0.0,-0.015
0.0,-0.015
0.0,-0.015
0.0,-0.015
0.0,-0.015
0.0,-0.015
0.0,-0.015
0.0,-0.015
0.0,-0.015
0.0,-0.015
0.0,-0.015
0.0,-0.015
0.0,-0.015
0.0,-0.015
0.0,-0.015
0.0,-0.015
0.0,-0.015
0.0,-0.015
0.0,-0.015
0.0,-0.015
0.0,-0.015
0.0,-0.015
0.0,-0.015
0.0,-0.015
0.0,-0.015
0.0,-0.015
0.0,-0.015
0.0,-0.015
0.0,-0.015
0.0,-0.015
0.0,-0.015
0.1,-0.015
0.0,-0.015
0.0,-0.015
0.0,-0.015
0.0,-0.015
0.0,-0.015
0.0,-0.015
0.0,-0.015
0.0,-0.015
0.0,-0.015
0.0,-0.015
0.0,-0.015
0.0,-0.015
0.0,-0.015
0.0,-0.015
0.0,-0.015
0.0,-0.015
0.0,-0.015
0.0,-0.015
0.0,-0.015
0.0,-0.015
0.0,-0.015
0.0,-0.015
0.0,-0.015
0.0,-0.015
0.0,-0.015
0.0,-0.015
0.0,-0.015
0.0,-0.015
0.0,-0.015
0.0,-0.015
0.0,-0.015
0.1,-0.015
0.0,-0.015
0.0,-0.015
0.0,-0.015
0.0,-0.015
0.1,-0.015
0.1,-0.015
0.1,-0.015
0.1,-0.015
0.1,-0.015
0.1,-0.015
0.0,-0.015
0.0,-0.015
0.0,-0.015
0.0,-0.015
0.0,-0.015
0.0,-0.015
0.0,-0.015
0.0,-0.015
0.1,-0.015
0.0,-0.015
0.1,-0.015
0.1,-0.015
0.1,-0.015
0.1,-0.015
0.1,-0.015
0.1,-0.015
0.1,-0.015
0.1,-0.015
0.1,-0.015
0.1,-0.015
0.0,-0.015
0.0,-0.015
0.0,-0.015
0.0,-0.015
0.0,-0.015
0.0,-0.015
0.0,-0.015
0.0,-0.015
0.0,-0.015
0.0,-0.015
0.0,-0.015
0.0,-0.015
0.0,-0.015
0.0,-0.015
0.0,-0.015
0.0,-0.015
0.0,-0.015
0.0,-0.015
0.0,-0.015
0.0,-0.015
0.0,-0.015
0.0,-0.015
0.0,-0.015
0.0,-0.015
0.0,-0.015
0.0,-0.015
0.0,-0.015
0.0,-0.015
0.0,-0.015
0.0,-0.015
0.0,-0.015
0.0,-0.015
0.0,-0.015
0.0,-0.015
0.0,-0.015
0.0,-0.015
0.0,-0.015
0.0,-0.015
0.0,-0.015
0.0,-0.015
0.0,-0.015
0.0,-0.015
0.0,-0.015
0.0,-0.015
0.0,-0.015
0.0,-0.015
0.0,-0.015
0.0,-0.015
0.0,-0.015
0.0,-0.015
0.1,-0.015
0.1,-0.015
0.1,-0.015
0.1,-0.015
0.1,-0.015
0.1,-0.015
0.1,-0.015
0.1,-0.015
0.1,-0.015
0.1,-0.015
0.1,-0.015
0.0,-0.015
0.0,-0.015
0.0,-0.015
0.0,-0.015
0.0,-0.015
0.0,-0.015
0.0,-0.015
0.0,-0.015
0.0,-0.015
0.0,-0.015
0.0,-0.015
0.0,-0.015
0.0,-0.015
0.0,-0.015
0.0,-0.015
0.0,-0.015
0.0,-0.015
0.0,-0.015
0.0,-0.015
0.0,-0.015
0.0,-0.015
0.0,-0.015
0.0,-0.015
0.0,-0.015
0.0,-0.015
0.0,-0.015
0.0,-0.015
0.0,-0.015
0.0,-0.015
0.0,-0.015
0.0,-0.015
0.0,-0.015
0.0,-0.015
0.0,-0.015
0.0,-0.015
0.0,-0.015
0.0,-0.015
0.0,-0.015
0.0,-0.015
0.0,-0.015
0.0,-0.015
0.0,-0.015
0.0,-0.015
0.0,-0.015
0.0,-0.015
0.0,-0.015
0.0,-0.015
0.0,-0.015
0.0,-0.015
0.0,-0.015
0.0,-0.015
0.0,-0.015
0.0,-0.015
0.0,-0.015
0.0,-0.015
0.0,-0.015
0.0,-0.015
0.0,-0.015
0.0,-0.015
0.0,-0.015
0.0,-0.015
0.0,-0.015
0.0,-0.015
0.0,-0.015
0.0,-0.015
0.0,-0.015
0.0,-0.015
0.0,-0.015
0.0,-0.015
0.0,-0.015
0.0,-0.015
0.0,-0.010
0.0,-0.010
0.0,-0.010
0.0,-0.010
0.0,-0.010
0.0,-0.010
0.0,-0.010
0.0,-0.010
0.0,-0.010
0.0,-0.010
0.0,-0.010
0.1,-0.010
0.1,-0.010
0.1,-0.010
0.1,-0.010
0.1,-0.010
0.0,-0.010
0.0,-0.010
0.0,-0.010
0.0,-0.010
0.0,-0.010
0.0,-0.010
0.0,-0.010
0.0,-0.010
0.0,-0.010
0.0,-0.010
0.0,-0.010
0.0,-0.010
0.0,-0.010
0.0,-0.010
0.0,-0.010
0.0,-0.010
0.0,-0.010
0.0,-0.010
0.0,-0.010
0.0,-0.010
0.0,-0.010
0.0,-0.010
0.0,-0.010
0.0,-0.010
0.0,-0.010
0.0,-0.010
0.0,-0.010
0.0,-0.010
0.0,-0.010
0.0,-0.010
0.0,-0.010
0.0,-0.010
0.0,-0.010
0.0,-0.010
0.0,-0.010
0.0,-0.010
0.0,-0.010
0.0,-0.010
0.0,-0.010
0.0,-0.010
0.0,-0.010
0.0,-0.010
0.0,-0.010
0.0,-0.010
0.0,-0.010
0.0,-0.010
0.0,-0.010
0.0,-0.010
0.0,-0.010
0.0,-0.010
0.0,-0.010
0.0,-0.010
0.0,-0.010
0.0,-0.010
0.0,-0.010
0.0,-0.010
0.0,-0.010
0.0,-0.010
0.0,-0.010
0.0,-0.010
0.0,-0.010
0.0,-0.010
0.0,-0.010
0.0,-0.010
0.0,-0.010
0.0,-0.010
0.0,-0.010
0.0,-0.010
0.0,-0.010
0.0,-0.010
0.0,-0.010
0.0,-0.010
0.0,-0.010
0.0,-0.010
0.1,-0.010
0.1,-0.010
0.1,-0.010
0.1,-0.010
0.1,-0.010
0.1,-0.010
0.1,-0.010
0.1,-0.010
0.1,-0.010
0.1,-0.010
0.0,-0.010
0.0,-0.010
0.0,-0.010
0.0,-0.010
0.0,-0.010
0.0,-0.010
0.0,-0.010
0.0,-0.010
0.0,-0.010
0.0,-0.010
0.0,-0.010
0.0,-0.010
0.0,-0.010
0.0,-0.010
0.0,-0.010
0.0,-0.010
0.0,-0.010
0.0,-0.010
0.0,-0.010
0.0,-0.010
0.0,-0.010
0.0,-0.010
0.0,-0.010
0.0,-0.010
0.0,-0.010
0.0,-0.010
0.0,-0.010
0.0,-0.010
0.0,-0.010
0.0,-0.010
0.0,-0.010
0.0,-0.010
0.0,-0.010
-0.1,-0.010
-0.2,-0.010
-0.3,-0.010
-0.3,-0.010
-0.3,-0.010
-0.3,-0.010
-0.2,-0.010
0.0,-0.010
0.1,-0.010
0.3,-0.010
0.5,-0.010
0.6,-0.010
0.7,-0.010
0.7,-0.010
0.7,-0.010
0.6,-0.010
0.4,-0.010
0.2,-0.010
-0.1,-0.010
-0.3,-0.010
-0.6,-0.010
-0.7,-0.010
-0.9,-0.010
-0.9,-0.010
-0.9,-0.010
-0.7,-0.010
-0.6,-0.010
-0.3,-0.010
-0.1,-0.010
0.2,-0.010
0.4,-0.010
0.6,-0.010
0.7,-0.010
0.8,-0.010
0.8,-0.010
0.7,-0.010
0.5,-0.010
0.3,-0.010
0.1,-0.010
-0.2,-0.010
-0.4,-0.010
-0.6,-0.010
-0.7,-0.010
-0.7,-0.010
-0.7,-0.010
-0.6,-0.010
-0.4,-0.010
-0.2,-0.010
0.1,-0.010
0.3,-0.010
0.5,-0.010
0.6,-0.010
0.7,-0.010
0.7,-0.010
0.7,-0.010
0.6,-0.010
0.4,-0.010
0.2,-0.010
0.0,-0.010
-0.2,-0.010
-0.4,-0.010
-0.5,-0.010
-0.6,-0.010
-0.6,-0.010
-0.6,-0.010
-0.5,-0.010
-0.3,-0.010
-0.2,-0.010
0.1,-0.010
0.3,-0.010
0.5,-0.010
0.6,-0.010
0.7,-0.010
0.7,-0.010
0.7,-0.010
0.6,-0.010
0.4,-0.010
0.2,-0.010
0.0,-0.010
-0.2,-0.010
-0.4,-0.010
-0.6,-0.010
-0.6,-0.010
-0.6,-0.010
-0.5,-0.010
-0.4,-0.010
-0.2,-0.010
0.0,-0.010
0.2,-0.010
0.5,-0.010
0.6,-0.010
0.7,-0.010
0.8,-0.010
0.8,-0.010
0.7,-0.010
0.5,-0.010
0.3,-0.010
0.0,-0.010
-0.2,-0.010
-0.4,-0.010
-0.6,-0.010
-0.7,-0.010
-0.7,-0.010
-0.7,-0.010
-0.5,-0.010
-0.4,-0.010
-0.1,-0.010
0.1,-0.010
0.3,-0.010
0.5,-0.010
0.6,-0.010
0.7,-0.010
0.7,-0.010
0.6,-0.010
0.4,-0.010
0.2,-0.010
-0.1,-0.010
-0.3,-0.010
-0.5,-0.010
-0.7,-0.010
-0.8,-0.010
-0.8,-0.010
-0.8,-0.010
-0.7,-0.010
-0.5,-0.010
-0.3,-0.010
0.0,-0.010
0.2,-0.010
0.4,-0.010
0.6,-0.005
0.7,-0.005
0.7,-0.005
0.7,-0.005
0.6,-0.005
0.4,-0.005
0.2,-0.005
-0.1,-0.005
-0.3,-0.005
-0.5,-0.005
-0.6,-0.005
-0.7,-0.005
-0.7,-0.005
-0.6,-0.005
-0.4,-0.005
-0.2,-0.005
0.0,-0.005
0.2,-0.005
0.4,-0.005
0.6,-0.005
0.7,-0.005
0.7,-0.005
0.7,-0.005
0.6,-0.005
0.4,-0.005
0.2,-0.005
0.0,-0.005
-0.2,-0.005
-0.4,-0.005
-0.5,-0.005
-0.6,-0.005
-0.6,-0.005
-0.6,-0.005
-0.4,-0.005
-0.3,-0.005
-0.1,-0.005
0.2,-0.005
0.4,-0.005
0.6,-0.005
0.7,-0.005
0.7,-0.005
0.7,-0.005
0.6,-0.005
0.5,-0.005
0.3,-0.005
0.1,-0.005
-0.1,-0.005
-0.3,-0.005
-0.5,-0.005
-0.6,-0.005
-0.6,-0.005
-0.6,-0.005
-0.5,-0.005
-0.4,-0.005
-0.2,-0.005
0.0,-0.005
0.2,-0.005
0.4,-0.005
0.5,-0.005
0.6,-0.005
0.6,-0.005
0.6,-0.005
0.5,-0.005
0.3,-0.005
0.2,-0.005
0.0,-0.005
-0.2,-0.005
-0.4,-0.005
-0.5,-0.005
-0.6,-0.005
-0.6,-0.005
-0.5,-0.005
-0.4,-0.005
-0.3,-0.005
-0.1,-0.005
0.1,-0.005
0.3,-0.005
0.4,-0.005
0.5,-0.005
0.6,-0.005
0.6,-0.005
0.5,-0.005
0.4,-0.005
0.2,-0.005
0.1,-0.005
-0.1,-0.005
-0.2,-0.005
-0.4,-0.005
-0.4,-0.005
-0.5,-0.005
-0.5,-0.005
-0.4,-0.005
-0.3,-0.005
-0.2,-0.005
0.0,-0.005
0.1,-0.005
0.3,-0.005
0.4,-0.005
0.4,-0.005
0.4,-0.005
0.4,-0.005
0.3,-0.005
0.2,-0.005
0.1,-0.005
0.0,-0.005
-0.2,-0.005
-0.3,-0.005
-0.3,-0.005
-0.3,-0.005
-0.3,-0.005
-0.3,-0.005
-0.2,-0.005
-0.1,-0.005
0.0,-0.005
0.1,-0.005
0.2,-0.005
0.2,-0.005
0.3,-0.005
0.3,-0.005
0.3,-0.005
0.3,-0.005
0.2,-0.005
0.1,-0.005
0.1,-0.005
-0.1,-0.005
-0.2,-0.005
-0.2,-0.005
-0.3,-0.005
-0.3,-0.005
-0.3,-0.005
-0.2,-0.005
-0.2,-0.005
0.0,-0.005
0.0,-0.005
0.1,-0.005
0.2,-0.005
0.3,-0.005
0.3,-0.005
0.3,-0.005
0.3,-0.005
0.3,-0.005
0.2,-0.005
0.1,-0.005
0.0,-0.005
-0.1,-0.005
-0.2,-0.005
-0.3,-0.005
-0.3,-0.005
-0.3,-0.005
-0.3,-0.005
-0.2,-0.005
-0.1,-0.005
0.0,-0.005
0.1,-0.005
0.2,-0.005
0.3,-0.005
0.3,-0.005
0.3,-0.005
0.3,-0.005
0.3,-0.005
0.2,-0.005
0.1,-0.005
0.1,-0.005
0.0,-0.005
-0.1,-0.005
-0.2,-0.005
-0.2,-0.005
-0.2,-0.005
-0.2,-0.005
-0.2,-0.005
-0.1,-0.005
0.0,-0.005
0.0,-0.005
0.1,-0.005
0.2,-0.005
0.2,-0.005
0.2,-0.005
0.2,-0.005
0.2,-0.005
0.2,-0.005
0.1,-0.005
0.0,-0.005
0.0,-0.005
-0.1,-0.005
-0.2,-0.005
-0.2,-0.005
-0.3,-0.005
-0.3,-0.005
-0.2,-0.005
-0.2,-0.005
-0.1,-0.005
0.0,-0.005
0.1,-0.005
0.1,-0.005
0.2,-0.005
0.2,-0.005
0.2,-0.005
0.2,-0.005
0.2,-0.005
0.2,-0.005
0.1,-0.005
0.0,-0.005
0.0,-0.005
-0.1,-0.005
-0.2,-0.005
-0.2,-0.005
-0.2,-0.005
-0.2,-0.005
-0.2,-0.005
-0.1,-0.005
-0.1,-0.005
0.0,-0.005
0.1,-0.005
0.1,-0.005
0.2,-0.005
0.2,-0.005
0.2,-0.005
0.2,-0.005
0.2,-0.005
0.1,-0.005
0.1,-0.005
0.0,-0.005
-0.1,-0.005
-0.1,-0.005
-0.1,-0.005
-0.2,-0.005
-0.2,-0.005
-0.2,-0.005
-0.2,-0.005
-0.2,-0.005
-0.1,-0.005
0.0,-0.005
0.0,-0.005
0.1,-0.005
0.1,-0.005
0.2,-0.005
0.2,-0.005
0.2,-0.005
0.2,-0.005
0.1,-0.005
0.1,-0.005
0.0,-0.005
0.0,-0.005
-0.1,-0.005
-0.1,-0.005
-0.1,-0.005
-0.1,-0.005
-0.1,-0.005
-0.1,-0.005
-0.1,-0.005
-0.1,-0.005
0.0,-0.005
0.0,-0.005
0.1,-0.005
0.1,-0.005
0.1,-0.005
0.1,-0.005
0.1,-0.005
0.1,-0.005
0.1,-0.005
0.0,-0.005
0.0,-0.005
-0.1,0.000
-0.1,0.000
-0.1,0.000
-0.2,0.000
-0.2,0.000
-0.2,0.000
-0.1,0.000
-0.1,0.000
0.0,0.000
0.0,0.000
0.1,0.000
0.1,0.000
0.1,0.000
0.1,0.000
0.2,0.000
0.2,0.000
0.1,0.000
0.1,0.000
0.1,0.000
0.1,0.000
0.0,0.000
0.0,0.000
0.0,0.000
0.0,0.000
-0.1,0.000
-0.1,0.000
-0.1,0.000
-0.1,0.000
-0.1,0.000
-0.1,0.000
-0.1,0.000
0.0,0.000
0.0,0.000
0.0,0.000
0.1,0.000
0.1,0.000
0.1,0.000
0.1,0.000
0.1,0.000
0.1,0.000
0.1,0.000
0.1,0.000
-0.1,0.000
-0.1,0.000
-0.1,0.000
-0.1,0.000
-0.1,0.000
-0.1,0.000
-0.1,0.000
-0.1,0.000
0.0,0.000
0.1,0.000
0.1,0.000
0.1,0.000
0.1,0.000
0.1,0.000
0.1,0.000
0.1,0.000
0.1,0.000
0.1,0.000
0.0,0.000
0.0,0.000
0.0,0.000
0.0,0.000
0.0,0.000
0.0,0.000
0.0,0.000
0.0,0.000
0.0,0.000
0.0,0.000
0.1,0.000
0.1,0.000
0.1,0.000
0.1,0.000
0.1,0.000
0.1,0.000
0.1,0.000
0.1,0.000
0.1,0.000
0.1,0.000
0.1,0.000
0.0,0.000
0.0,0.000
0.0,0.000
0.0,0.000
0.0,0.000
0.0,0.000
0.0,0.000
0.0,0.000
0.0,0.000
0.0,0.000
0.0,0.000
0.1,0.000
0.1,0.000
0.1,0.000
0.1,0.000
0.1,0.000
0.1,0.000
0.1,0.000
0.0,0.000
0.0,0.000
0.0,0.000
-0.1,0.000
-0.1,0.000
-0.1,0.000
-0.1,0.000
-0.1,0.000
-0.1,0.000
-0.1,0.000
0.0,0.000
0.0,0.000
0.1,0.000
0.1,0.000
0.0,0.000
0.0,0.000
0.0,0.000
0.0,0.000
0.0,0.000
0.0,0.000
0.0,0.000
0.0,0.000
-0.1,0.000
-0.1,0.000
-0.1,0.000
-0.1,0.000
-0.1,0.000
-0.1,0.000
-0.1,0.000
-0.1,0.000
0.0,0.000
0.0,0.000
0.1,0.000
0.1,0.000
0.1,0.000
0.1,0.000
0.1,0.000
0.1,0.000
0.1,0.000
0.1,0.000
0.0,0.000
0.0,0.000
0.0,0.000
-0.1,0.000
-0.1,0.000
-0.1,0.000
-0.1,0.000
-0.1,0.000
-0.1,0.000
-0.1,0.000
-0.1,0.000
-0.1,0.000
0.0,0.000
0.0,0.000
0.0,0.000
0.0,0.000
0.0,0.000
0.0,0.000
0.0,0.000
0.0,0.000
0.0,0.000
0.0,0.000
0.0,0.000
0.0,0.000
0.0,0.000
0.0,0.000
0.0,0.000
0.0,0.000
0.0,0.000
0.0,0.000
0.0,0.000
0.0,0.000
0.0,0.000
0.0,0.000
0.0,0.000
0.0,0.000
0.0,0.000
0.0,0.000
0.0,0.000
0.0,0.000
0.0,0.000
0.0,0.000
0.0,0.000
0.0,0.000
0.0,0.000
0.0,0.000
0.0,0.000
0.0,0.000
0.0,0.000
0.0,0.000
0.0,0.000
0.0,0.000
0.0,0.000
0.0,0.000
0.0,0.000
0.0,0.000
0.0,0.000
0.1,0.000
0.1,0.000
0.0,0.000
0.0,0.000
0.0,0.000
0.1,0.000
0.1,0.000
0.1,0.000
0.1,0.000
0.1,0.000
0.1,0.000
0.1,0.000
0.0,0.000
0.0,0.000
0.0,0.000
0.0,0.000
0.0,0.000
0.0,0.000
0.0,0.000
0.0,0.000
0.0,0.000
0.0,0.000
0.0,0.000
0.0,0.000
0.0,0.000
0.0,0.000
0.0,0.000
0.0,0.000
0.0,0.000
0.0,0.000
0.0,0.000
0.0,0.000
0.0,0.000
0.0,0.000
0.0,0.000
0.0,0.000
0.0,0.000
0.0,0.000
0.0,0.000
0.0,0.000
0.0,0.000
0.0,0.000
0.0,0.000
0.0,0.000
0.0,0.000
0.0,0.000
0.0,0.000
0.1,0.000
0.1,0.000
0.1,0.000
0.1,0.000
0.1,0.000
0.1,0.000
0.1,0.000
0.0,0.000
0.0,0.000
0.0,0.000
0.0,0.000
0.0,0.000
0.0,0.000
0.0,0.000
0.0,0.000
0.0,0.000
0.0,0.000
0.0,0.000
0.0,0.000
0.0,0.000
0.0,0.000
0.0,0.000
0.0,0.000
0.0,0.000
0.0,0.000
0.0,0.000
0.0,0.000
0.0,0.000
0.0,0.000
0.0,0.000
0.0,0.000
0.0,0.000
0.0,0.000
0.0,0.005
0.0,0.005
0.0,0.005
0.0,0.005
0.0,0.005
0.0,0.005
0.0,0.005
0.0,0.005
0.0,0.005
0.0,0.005
0.0,0.005
0.0,0.005
0.0,0.005
0.0,0.005
0.0,0.005
0.0,0.005
0.0,0.005
0.0,0.005
0.0,0.005
0.0,0.005
0.0,0.005
0.0,0.005
0.0,0.005
0.0,0.005
0.0,0.005
0.0,0.005
0.0,0.005
0.0,0.005
0.0,0.005
0.0,0.005
0.0,0.005
0.0,0.005
0.0,0.005
0.0,0.005
0.0,0.005
0.0,0.005
0.0,0.005
0.0,0.005
0.0,0.005
0.0,0.005
0.0,0.005
0.0,0.005
0.0,0.005
0.0,0.005
0.0,0.005
0.0,0.005
0.0,0.005
0.1,0.005
0.1,0.005
0.1,0.005
0.1,0.005
0.1,0.005
0.1,0.005
0.1,0.005
0.1,0.005
0.1,0.005
0.1,0.005
0.0,0.005
0.0,0.005
0.0,0.005
0.0,0.005
0.0,0.005
0.0,0.005
0.0,0.005
0.0,0.005
0.0,0.005
0.1,0.005
0.1,0.005
0.1,0.005
0.1,0.005
0.1,0.005
0.1,0.005
0.1,0.005
0.0,0.005
0.0,0.005
0.0,0.005
0.0,0.005
0.0,0.005
0.0,0.005
0.0,0.005
0.0,0.005
0.0,0.005
0.0,0.005
0.0,0.005
0.0,0.005
0.1,0.005
0.0,0.005
0.0,0.005
0.0,0.005
0.0,0.005
0.0,0.005
0.0,0.005
0.0,0.005
0.0,0.005
0.0,0.005
0.0,0.005
0.0,0.005
0.0,0.005
0.0,0.005
0.0,0.005
0.0,0.005
0.0,0.005
0.0,0.005
0.0,0.005
0.1,0.005
0.0,0.005
0.0,0.005
0.0,0.005
0.0,0.005
0.0,0.005
0.0,0.005
0.0,0.005
0.0,0.005
0.0,0.005
0.0,0.005
0.0,0.005
0.0,0.005
0.0,0.005
-0.1,0.005
-0.1,0.005
-0.1,0.005
-0.1,0.005
-0.1,0.005
-0.1,0.005
-0.1,0.005
0.1,0.005
0.1,0.005
0.1,0.005
0.1,0.005
0.1,0.005
0.1,0.005
0.1,0.005
0.1,0.005
0.1,0.005
0.0,0.005
0.0,0.005
0.0,0.005
0.0,0.005
0.0,0.005
0.0,0.005
0.0,0.005
0.0,0.005
0.0,0.005
0.0,0.005
0.0,0.005
0.0,0.005
0.0,0.005
0.0,0.005
0.0,0.005
0.0,0.005
0.0,0.005
0.0,0.005
0.0,0.005
0.0,0.005
0.0,0.005
0.0,0.005
-0.1,0.005
-0.1,0.005
-0.1,0.005
-0.1,0.005
-0.1,0.005
-0.1,0.005
-0.1,0.005
-0.1,0.005
-0.1,0.005
0.0,0.005
0.0,0.005
0.0,0.005
0.0,0.005
0.0,0.005
0.0,0.005
0.0,0.005
0.0,0.005
0.0,0.005
0.0,0.005
0.1,0.005
0.1,0.005
0.1,0.005
0.1,0.005
0.1,0.005
0.0,0.005
0.0,0.005
0.0,0.005
0.0,0.005
0.0,0.005
0.0,0.005
0.0,0.005
0.0,0.005
0.0,0.005
0.0,0.005
0.0,0.005
0.0,0.005
0.0,0.005
0.0,0.005
0.0,0.005
0.0,0.005
0.0,0.005
0.0,0.005
0.0,0.005
0.0,0.005
0.0,0.005
0.0,0.005
0.0,0.005
0.0,0.005
0.0,0.005
0.0,0.005
0.0,0.005
0.0,0.005
0.0,0.005
0.0,0.005
0.0,0.005
0.0,0.005
0.0,0.005
0.0,0.005
0.0,0.005
0.0,0.005
0.0,0.005
0.0,0.005
0.0,0.005
0.0,0.005
0.0,0.005
0.0,0.005
0.0,0.005
0.0,0.005
0.0,0.005
0.0,0.005
0.0,0.005
0.0,0.005
0.0,0.005
0.0,0.005
0.0,0.005
0.0,0.005
0.0,0.005
0.0,0.005
0.0,0.005
0.0,0.005
0.0,0.005
0.0,0.005
0.0,0.005
0.0,0.005
0.0,0.005
-0.1,0.005
-0.1,0.005
-0.1,0.005
-0.1,0.005
0.0,0.005
0.0,0.005
0.0,0.005
0.0,0.005
0.0,0.005
0.0,0.005
0.0,0.005
0.0,0.005
0.0,0.005
0.0,0.005
0.0,0.005
0.0,0.005
0.0,0.005
0.0,0.005
0.0,0.005
0.1,0.005
0.2,0.005
0.2,0.005
0.2,0.005
0.2,0.005
0.2,0.005
0.1,0.005
0.1,0.005
0.0,0.005
-0.1,0.005
-0.1,0.005
-0.2,0.005
-0.2,0.005
-0.2,0.005
-0.2,0.005
-0.2,0.005
-0.1,0.005
0.0,0.005
0.0,0.005
0.1,0.005
0.1,0.005
0.2,0.005
0.2,0.005
0.2,0.005
0.2,0.005
0.2,0.005
0.1,0.005
0.1,0.005
0.0,0.005
0.0,0.005
-0.1,0.005
-0.2,0.005
-0.2,0.005
-0.2,0.005
-0.2,0.005
-0.2,0.005
-0.1,0.005
0.0,0.005
0.0,0.005
0.1,0.005
0.1,0.010
0.2,0.010
0.2,0.010
0.2,0.010
0.2,0.010
0.1,0.010
0.1,0.010
0.0,0.010
-0.1,0.010
-0.1,0.010
-0.1,0.010
-0.2,0.010
-0.2,0.010
-0.2,0.010
-0.1,0.010
-0.1,0.010
-0.1,0.010
0.0,0.010
0.1,0.010
0.1,0.010
0.1,0.010
0.1,0.010
0.1,0.010
0.1,0.010
0.1,0.010
0.1,0.010
0.1,0.010
0.0,0.010
0.0,0.010
-0.1,0.010
-0.2,0.010
-0.2,0.010
-0.2,0.010
-0.2,0.010
-0.2,0.010
-0.1,0.010
0.0,0.010
0.1,0.010
0.1,0.010
0.2,0.010
0.2,0.010
0.2,0.010
0.2,0.010
0.2,0.010
0.1,0.010
0.1,0.010
0.0,0.010
0.0,0.010
-0.1,0.010
-0.1,0.010
-0.2,0.010
-0.2,0.010
-0.2,0.010
-0.2,0.010
-0.1,0.010
0.0,0.010
0.1,0.010
0.1,0.010
0.2,0.010
0.2,0.010
0.2,0.010
0.2,0.010
0.2,0.010
0.2,0.010
0.1,0.010
0.1,0.010
0.0,0.010
-0.1,0.010
-0.1,0.010
-0.2,0.010
-0.2,0.010
-0.2,0.010
-0.2,0.010
-0.2,0.010
-0.2,0.010
-0.1,0.010
0.0,0.010
0.1,0.010
0.1,0.010
0.1,0.010
0.2,0.010
0.2,0.010
0.2,0.010
0.2,0.010
0.1,0.010
0.0,0.010
0.0,0.010
-0.1,0.010
-0.2,0.010
-0.2,0.010
-0.2,0.010
-0.2,0.010
-0.2,0.010
-0.2,0.010
-0.1,0.010
0.0,0.010
0.1,0.010
0.1,0.010
0.2,0.010
0.2,0.010
0.2,0.010
0.2,0.010
0.2,0.010
0.2,0.010
0.1,0.010
0.0,0.010
0.0,0.010
-0.1,0.010
-0.1,0.010
-0.1,0.010
-0.2,0.010
-0.2,0.010
-0.1,0.010
-0.1,0.010
0.0,0.010
0.0,0.010
0.1,0.010
0.1,0.010
0.2,0.010
0.2,0.010
0.2,0.010
0.2,0.010
0.2,0.010
0.2,0.010
0.1,0.010
0.0,0.010
0.0,0.010
-0.1,0.010
-0.1,0.010
-0.2,0.010
-0.2,0.010
-0.2,0.010
-0.2,0.010
-0.1,0.010
0.0,0.010
0.0,0.010
0.1,0.010
0.1,0.010
0.2,0.010
0.2,0.010
0.2,0.010
0.2,0.010
0.2,0.010
0.2,0.010
0.1,0.010
0.0,0.010
0.0,0.010
-0.1,0.010
-0.1,0.010
-0.1,0.010
-0.2,0.010
-0.2,0.010
-0.1,0.010
-0.1,0.010
0.0,0.010
0.0,0.010
0.0,0.010
0.1,0.010
0.1,0.010
0.1,0.010
0.1,0.010
0.1,0.010
0.1,0.010
0.1,0.010
0.0,0.010
0.0,0.010
0.0,0.010
-0.1,0.010
-0.1,0.010
-0.1,0.010
-0.1,0.010
-0.1,0.010
-0.1,0.010
-0.1,0.010
0.0,0.010
0.0,0.010
0.1,0.010
0.1,0.010
0.2,0.010
0.2,0.010
0.2,0.010
0.2,0.010
0.2,0.010
0.2,0.010
0.1,0.010
0.0,0.010
0.0,0.010
0.0,0.010
-0.1,0.010
-0.1,0.010
-0.1,0.010
-0.1,0.010
-0.1,0.010
-0.1,0.010
-0.1,0.010
0.0,0.010
0.0,0.010
0.1,0.010
0.1,0.010
0.1,0.010
0.1,0.010
0.1,0.010
0.1,0.010
0.1,0.010
0.1,0.010
0.1,0.010
0.1,0.010
0.0,0.010
0.0,0.010
0.0,0.010
0.0,0.010
0.0,0.010
0.0,0.010
0.0,0.010
0.0,0.010
0.0,0.010
0.0,0.010
0.0,0.010
0.0,0.010
0.1,0.010
0.1,0.010
0.1,0.010
0.1,0.010
0.1,0.010
0.1,0.010
0.1,0.010
0.0,0.010
0.0,0.010
0.0,0.010
0.0,0.010
-0.1,0.010
0.0,0.010
0.0,0.010
0.0,0.010
0.0,0.010
0.0,0.010
0.0,0.010
0.0,0.010
0.1,0.010
0.0,0.010
0.0,0.010
0.1,0.010
0.1,0.010
0.1,0.010
0.1,0.010
0.1,0.010
0.1,0.010
0.1,0.010
0.1,0.010
0.0,0.010
0.0,0.010
0.0,0.010
0.0,0.010
0.0,0.010
0.0,0.010
0.0,0.010
0.0,0.010
0.0,0.010
0.0,0.010
0.0,0.010
0.1,0.010
0.1,0.010
0.1,0.010
0.1,0.010
0.1,0.010
0.1,0.010
0.0,0.010
0.0,0.010
0.0,0.010
0.0,0.010
0.0,0.010
0.0,0.010
0.0,0.010
0.0,0.010
0.0,0.010
0.0,0.010
0.0,0.010
0.0,0.010
0.0,0.010
0.1,0.010
0.1,0.010
0.1,0.010
0.1,0.010
0.1,0.010
0.0,0.010
0.0,0.010
0.0,0.010
0.0,0.010
0.0,0.010
0.0,0.010
0.0,0.010
0.0,0.010
0.0,0.010
0.0,0.010
0.0,0.010
0.0,0.010
0.0,0.010
0.0,0.010
0.0,0.010
0.0,0.010
0.0,0.010
0.0,0.010
0.0,0.010
0.0,0.010
0.0,0.010
0.0,0.010
0.0,0.010
0.0,0.010
0.0,0.010
0.0,0.010
0.0,0.010
0.0,0.010
0.0,0.010
0.0,0.010
0.0,0.010
0.0,0.010
0.0,0.010
0.0,0.010
0.0,0.010
0.0,0.010
0.0,0.015
0.0,0.015
0.0,0.015
0.0,0.015
0.0,0.015
0.0,0.015
0.0,0.015
0.0,0.015
0.0,0.015
0.0,0.015
0.0,0.015
0.0,0.015
0.0,0.015
0.0,0.015
0.0,0.015
0.0,0.015
0.0,0.015
0.0,0.015
0.0,0.015
0.0,0.015
0.0,0.015
0.0,0.015
0.0,0.015
0.0,0.015
0.0,0.015
0.0,0.015
0.0,0.015
0.0,0.015
0.0,0.015
0.0,0.015
0.0,0.015
0.0,0.015
0.0,0.015
0.0,0.015
0.0,0.015
0.0,0.015
0.0,0.015
0.0,0.015
0.0,0.015
0.0,0.015
0.0,0.015
0.0,0.015
0.0,0.015
0.0,0.015
0.0,0.015
0.0,0.015
0.0,0.015
0.0,0.015
0.0,0.015
0.0,0.015
0.0,0.015
0.0,0.015
0.0,0.015
0.0,0.015
0.0,0.015
0.0,0.015
0.0,0.015
0.0,0.015
0.0,0.015
0.0,0.015
0.0,0.015
0.0,0.015
0.0,0.015
0.0,0.015
0.0,0.015
0.0,0.015
0.0,0.015
0.0,0.015
0.0,0.015
0.0,0.015
0.0,0.015
0.0,0.015
0.0,0.015
0.0,0.015
0.0,0.015
0.0,0.015
0.0,0.015
0.0,0.015
0.0,0.015
0.0,0.015
0.0,0.015
0.0,0.015
-0.1,0.015
-0.1,0.015
-0.1,0.015
-0.1,0.015
-0.1,0.015
-0.1,0.015
0.1,0.015
0.0,0.015
0.0,0.015
0.0,0.015
0.0,0.015
0.0,0.015
0.0,0.015
0.0,0.015
0.0,0.015
0.0,0.015
0.0,0.015
0.0,0.015
0.0,0.015
0.0,0.015
0.0,0.015
0.0,0.015
0.0,0.015
0.0,0.015
0.0,0.015
0.0,0.015
0.0,0.015
0.0,0.015
0.0,0.015
0.0,0.015
0.0,0.015
0.0,0.015
0.0,0.015
0.0,0.015
0.0,0.015
0.0,0.015
0.0,0.015
0.0,0.015
0.0,0.015
0.0,0.015
0.0,0.015
0.0,0.015
0.0,0.015
0.0,0.015
0.1,0.015
0.1,0.015
0.1,0.015
0.1,0.015
0.1,0.015
0.1,0.015
0.1,0.015
0.1,0.015
0.1,0.015
0.1,0.015
0.1,0.015
0.0,0.015
0.0,0.015
0.0,0.015
0.0,0.015
0.0,0.015
0.0,0.015
0.0,0.015
0.0,0.015
0.0,0.015
0.0,0.015
0.0,0.015
0.1,0.015
0.1,0.015
0.1,0.015
0.1,0.015
0.1,0.015
0.1,0.015
0.0,0.015
0.0,0.015
0.0,0.015
0.0,0.015
0.0,0.015
0.0,0.015
0.0,0.015
0.0,0.015
0.0,0.015
0.0,0.015
0.0,0.015
0.0,0.015
0.0,0.015
0.0,0.015
0.0,0.015
0.0,0.015
0.0,0.015
0.0,0.015
0.0,0.015
0.0,0.015
0.0,0.015
0.0,0.015
0.0,0.015
0.0,0.015
0.0,0.015
0.0,0.015
0.0,0.015
0.0,0.015
0.0,0.015
0.0,0.015
0.0,0.015
0.0,0.015
0.0,0.015
0.0,0.015
0.1,0.015
0.1,0.015
0.1,0.015
0.1,0.015
0.1,0.015
0.1,0.015
0.1,0.015
0.1,0.015
0.1,0.015
0.0,0.015
-0.1,0.015
0.0,0.015
0.0,0.015
0.0,0.015
0.0,0.015
0.0,0.015
0.0,0.015
0.0,0.015
0.0,0.015
0.0,0.015
0.0,0.015
0.0,0.015
0.0,0.015
0.0,0.015
0.0,0.015
0.0,0.015
0.0,0.015
0.0,0.015
0.0,0.015
0.0,0.015
0.0,0.015
0.0,0.015
0.0,0.015
0.0,0.015
0.0,0.015
0.0,0.015
0.1,0.015
0.1,0.015
0.1,0.015
0.1,0.015
0.1,0.015
0.1,0.015
0.1,0.015
0.1,0.015
0.1,0.015
0.1,0.015
0.0,0.015
0.0,0.015
0.0,0.015
0.0,0.015
0.0,0.015
0.0,0.015
0.0,0.015
0.0,0.015
0.0,0.015
0.0,0.015
0.0,0.015
0.0,0.015
0.0,0.015
0.0,0.015
0.0,0.015
0.0,0.015
0.0,0.015
0.0,0.015
0.0,0.015
0.0,0.015
0.0,0.015
0.0,0.015
0.0,0.015
0.0,0.015
0.0,0.015
-0.1,0.015
-0.1,0.015
-0.1,0.015
-0.1,0.015
-0.1,0.015
-0.1,0.015
-0.1,0.015
-0.1,0.015
0.0,0.015
0.1,0.015
0.1,0.015
0.1,0.015
0.1,0.015
0.1,0.015
0.1,0.015
0.1,0.015
0.0,0.015
0.0,0.015
0.0,0.015
0.0,0.015
0.0,0.015
0.0,0.015
0.0,0.015
0.0,0.015
0.0,0.015
0.0,0.015
0.0,0.015
0.0,0.015
0.0,0.015
0.0,0.015
0.0,0.015
0.0,0.015
0.0,0.015
0.0,0.015
0.0,0.015
0.0,0.015
0.0,0.015
0.0,0.015
0.0,0.015
0.0,0.015
0.0,0.015
0.0,0.015
0.0,0.015
0.0,0.015
0.0,0.015
0.0,0.015
0.0,0.015
0.0,0.015
0.0,0.015
0.0,0.015
0.1,0.015
0.1,0.015
0.1,0.015
0.1,0.015
0.1,0.020
-0.1,0.020
-0.1,0.020
-0.1,0.020
0.0,0.020
0.0,0.020
0.0,0.020
0.0,0.020
0.0,0.020
0.0,0.020
0.0,0.020
0.0,0.020
0.0,0.020
0.0,0.020
0.0,0.020
0.0,0.020
0.0,0.020
0.0,0.020
0.0,0.020
0.0,0.020
0.0,0.020
0.0,0.020
0.0,0.020
0.0,0.020
0.0,0.020
0.0,0.020
0.0,0.020
0.0,0.020
0.0,0.020
0.1,0.020
0.1,0.020
0.1,0.020
0.1,0.020
0.1,0.020
0.1,0.020
0.1,0.020
0.1,0.020
0.1,0.020
0.1,0.020
0.0,0.020
0.0,0.020
0.0,0.020
0.0,0.020
0.0,0.020
0.0,0.020
0.0,0.020
0.0,0.020
0.0,0.020
0.0,0.020
0.0,0.020
0.0,0.020
0.0,0.020
0.0,0.020
0.0,0.020
0.0,0.020
0.0,0.020
0.0,0.020
0.0,0.020
0.0,0.020
0.0,0.020
0.0,0.020
0.0,0.020
0.0,0.020
0.0,0.020
0.0,0.020
0.0,0.020
0.0,0.020
0.0,0.020
0.0,0.020
0.0,0.020
0.0,0.020
0.0,0.020
0.0,0.020
0.0,0.020
0.0,0.020
0.0,0.020
0.0,0.020
0.0,0.020
0.0,0.020
0.0,0.020
0.0,0.020
-0.1,0.020
-0.1,0.020
-0.1,0.020
-0.1,0.020
0.0,0.020
0.0,0.020
0.0,0.020
0.0,0.020
0.0,0.020
0.0,0.020
0.0,0.020
0.0,0.020
0.0,0.020
0.0,0.020
0.0,0.020
0.0,0.020
0.0,0.020
0.0,0.020
0.0,0.020
0.0,0.020
0.0,0.020
0.0,0.020
0.0,0.020
0.0,0.020
0.0,0.020
0.0,0.020
0.0,0.020
0.0,0.020
0.0,0.020
0.0,0.020
0.0,0.020
0.0,0.020
0.0,0.020
0.0,0.020
0.0,0.020
0.0,0.020
0.0,0.020
0.0,0.020
0.0,0.020
0.0,0.020
0.0,0.020
0.0,0.020
0.0,0.020
0.0,0.020
0.0,0.020
0.0,0.020
0.0,0.020
0.0,0.020
0.0,0.020
0.0,0.020
0.0,0.020
0.0,0.020
0.0,0.020
-0.1,0.020
-0.1,0.020
-0.1,0.020
-0.1,0.020
-0.1,0.020
-0.1,0.020
0.0,0.020
0.0,0.020
0.0,0.020
0.1,0.020
0.1,0.020
0.1,0.020
0.1,0.020
0.1,0.020
0.1,0.020
0.1,0.020
0.0,0.020
0.0,0.020
0.0,0.020
-0.1,0.020
-0.1,0.020
-0.1,0.020
-0.1,0.020
-0.1,0.020
-0.1,0.020
-0.1,0.020
-0.1,0.020
-0.1,0.020
0.0,0.020
0.0,0.020
0.0,0.020
0.1,0.020
0.1,0.020
0.1,0.020
0.1,0.020
0.1,0.020
0.1,0.020
0.1,0.020
0.1,0.020
0.0,0.020
0.0,0.020
-0.1,0.020
-0.1,0.020
-0.1,0.020
-0.1,0.020
-0.1,0.020
-0.1,0.020
0.0,0.020
0.0,0.020
0.1,0.020
0.1,0.020
0.1,0.020
0.1,0.020
0.1,0.020
0.1,0.020
0.1,0.020
0.1,0.020
0.1,0.020
0.0,0.020
0.0,0.020
0.0,0.020
0.0,0.020
0.0,0.020
0.0,0.020
0.0,0.020
0.0,0.020
0.0,0.020
0.0,0.020
0.1,0.020
0.1,0.020
0.1,0.020
0.1,0.020
0.1,0.020
0.1,0.020
0.1,0.020
0.1,0.020
0.1,0.020
0.0,0.020
0.0,0.020
-0.1,0.020
-0.1,0.020
-0.1,0.020
-0.1,0.020
-0.1,0.020
-0.1,0.020
-0.1,0.020
-0.1,0.020
-0.1,0.020
0.0,0.020
0.0,0.020
0.1,0.020
0.1,0.020
0.1,0.020
0.1,0.020
0.1,0.020
0.1,0.020
0.1,0.020
0.1,0.020
0.1,0.020
0.1,0.020
0.1,0.020
0.0,0.020
0.0,0.020
0.0,0.020
0.0,0.020
0.0,0.020
0.0,0.020
0.0,0.020
0.0,0.020
0.0,0.020
0.0,0.020
0.0,0.020
0.0,0.020
0.1,0.020
0.1,0.020
0.1,0.020
0.1,0.020
0.1,0.020
0.1,0.020
0.1,0.020
0.0,0.020
0.0,0.020
-0.1,0.020
-0.1,0.020
-0.1,0.020
-0.1,0.020
-0.1,0.020
-0.1,0.020
-0.1,0.020
-0.1,0.020
-0.1,0.020
-0.1,0.020
-0.1,0.020
0.0,0.020
0.0,0.020
0.0,0.020
0.0,0.020
0.0,0.020
0.0,0.020
0.0,0.020
0.0,0.020
0.0,0.020
0.0,0.020
0.0,0.020
0.0,0.020
0.0,0.020
0.0,0.020
0.0,0.020
0.0,0.020
0.0,0.020
0.0,0.020
0.0,0.020
0.0,0.020
0.0,0.020
0.0,0.020
0.0,0.020
0.0,0.020
0.0,0.020
0.0,0.020
0.0,0.020
0.0,0.020
0.0,0.020
0.0,0.020
0.0,0.020
0.0,0.020
0.0,0.020
0.0,0.020
0.0,0.020
0.0,0.020
0.0,0.020
0.0,0.020
0.0,0.020
0.1,0.020
0.1,0.020
0.1,0.020
0.1,0.020
0.1,0.020
0.1,0.020
0.0,0.020
0.0,0.020
0.0,0.020
0.0,0.020
0.0,0.020
0.0,0.020
0.0,0.020
0.0,0.020
0.0,0.020
0.0,0.020
0.0,0.020
0.0,0.020
0.1,0.020
0.1,0.020
0.1,0.020
0.1,0.020
0.1,0.020
0.1,0.020
0.1,0.020
0.1,0.020
0.1,0.020
0.1,0.020
0.1,0.020
0.1,0.020
0.0,0.020
0.0,0.020
0.0,0.020
0.0,0.020
0.0,0.020
0.0,0.020
0.0,0.020
0.0,0.020
0.0,0.020
0.0,0.020
0.1,0.020
0.1,0.020
0.1,0.020
0.1,0.020
0.1,0.020
0.1,0.020
0.1,0.020
0.1,0.020
0.1,0.020
0.1,0.020
0.0,0.020
0.0,0.020
-0.1,0.020
0.0,0.025
0.0,0.025
0.0,0.025
0.0,0.025
0.0,0.025
0.0,0.025
0.0,0.025
0.1,0.025
0.1,0.025
0.1,0.025
0.1,0.025
0.1,0.025
0.1,0.025
0.1,0.025
0.1,0.025
0.1,0.025
0.1,0.025
0.1,0.025
0.1,0.025
0.0,0.025
0.0,0.025
0.0,0.025
0.0,0.025
0.0,0.025
0.0,0.025
0.0,0.025
0.0,0.025
0.0,0.025
0.0,0.025
0.0,0.025
0.1,0.025
0.0,0.025
0.0,0.025
0.0,0.025
0.0,0.025
0.0,0.025
0.0,0.025
0.0,0.025
0.0,0.025
0.0,0.025
0.0,0.025
0.0,0.025
0.0,0.025
0.0,0.025
0.0,0.025
0.0,0.025
0.0,0.025
0.0,0.025
0.0,0.025
0.0,0.025
0.0,0.025
0.0,0.025
0.0,0.025
0.0,0.025
0.0,0.025
0.0,0.025
0.0,0.025
0.0,0.025
0.0,0.025
0.0,0.025
0.0,0.025
0.0,0.025
0.0,0.025
0.0,0.025
0.0,0.025
0.0,0.025
0.0,0.025
0.0,0.025
0.0,0.025
0.0,0.025
0.0,0.025
0.0,0.025
0.0,0.025
0.0,0.025
0.0,0.025
0.0,0.025
0.0,0.025
0.0,0.025
0.0,0.025
0.0,0.025
0.0,0.025
0.0,0.025
0.0,0.025
0.0,0.025
0.0,0.025
0.0,0.025
0.0,0.025
0.0,0.025
0.0,0.025
0.0,0.025
0.0,0.025
0.0,0.025
0.0,0.025
0.0,0.025
0.0,0.025
0.0,0.025
0.0,0.025
0.0,0.025
0.0,0.025
0.0,0.025
0.0,0.025
0.0,0.025
0.0,0.025
0.0,0.025
0.0,0.025
0.0,0.025
0.0,0.025
0.0,0.025
0.0,0.025
0.0,0.025
0.0,0.025
0.0,0.025
0.1,0.025
0.1,0.025
0.1,0.025
0.1,0.025
0.1,0.025
0.1,0.025
0.1,0.025
-0.1,0.025
-0.1,0.025
-0.1,0.025
-0.1,0.025
-0.1,0.025
-0.1,0.025
-0.1,0.025
-0.1,0.025
-0.1,0.025
-0.1,0.025
0.0,0.025
0.0,0.025
0.0,0.025
0.1,0.025
0.1,0.025
0.1,0.025
0.1,0.025
0.1,0.025
0.1,0.025
0.1,0.025
0.0,0.025
0.0,0.025
-0.1,0.025
-0.1,0.025
0.0,0.025
0.0,0.025
0.0,0.025
0.0,0.025
0.0,0.025
0.1,0.025
0.1,0.025
0.1,0.025
0.1,0.025
0.1,0.025
0.1,0.025
0.1,0.025
0.1,0.025
0.1,0.025
0.1,0.025
0.0,0.025
0.0,0.025
-0.1,0.025
-0.1,0.025
-0.1,0.025
-0.1,0.025
-0.1,0.025
-0.1,0.025
-0.1,0.025
-0.1,0.025
0.0,0.025
0.0,0.025
0.1,0.025
0.1,0.025
0.1,0.025
0.1,0.025
0.1,0.025
0.1,0.025
0.1,0.025
0.1,0.025
0.1,0.025
0.0,0.025
0.0,0.025
0.0,0.025
0.0,0.025
0.0,0.025
0.0,0.025
0.0,0.025
0.0,0.025
0.0,0.025
0.0,0.025
0.1,0.025
0.1,0.025
0.1,0.025
0.1,0.025
0.1,0.025
0.1,0.025
0.1,0.025
0.1,0.025
0.0,0.025
-0.1,0.025
-0.1,0.025
-0.1,0.025
-0.1,0.025
-0.1,0.025
-0.1,0.025
-0.1,0.025
0.0,0.025
-0.1,0.025
0.0,0.025
0.0,0.025
0.0,0.025
0.1,0.025
0.1,0.025
0.1,0.025
0.1,0.025
0.1,0.025
0.1,0.025
0.1,0.025
0.1,0.025
0.1,0.025
0.0,0.025
-0.1,0.025
-0.1,0.025
-0.1,0.025
-0.1,0.025
-0.1,0.025
-0.1,0.025
-0.1,0.025
-0.1,0.025
0.0,0.025
0.0,0.025
0.1,0.025
0.1,0.025
0.1,0.025
0.1,0.025
0.2,0.025
0.1,0.025
0.1,0.025
0.1,0.025
0.0,0.025
0.0,0.025
0.0,0.025
0.0,0.025
0.0,0.025
0.0,0.025
0.0,0.025
0.0,0.025
0.1,0.025
0.0,0.025
0.0,0.025
0.0,0.025
0.1,0.025
0.1,0.025
0.1,0.025
0.1,0.025
0.1,0.025
0.1,0.025
0.1,0.025
0.1,0.025
0.0,0.025
0.0,0.025
-0.1,0.025
-0.1,0.025
-0.1,0.025
-0.1,0.025
-0.1,0.025
-0.1,0.025
-0.1,0.025
-0.1,0.025
-0.1,0.025
0.1,0.025
0.1,0.025
0.1,0.025
0.1,0.025
0.1,0.025
0.1,0.025
0.1,0.025
0.1,0.025
0.1,0.025
0.0,0.025
0.0,0.025
0.0,0.025
0.0,0.025
0.0,0.025
0.0,0.025
0.0,0.025
0.0,0.025
0.0,0.025
0.0,0.025
0.0,0.025
0.1,0.025
0.1,0.025
0.1,0.025
0.1,0.025
0.1,0.025
0.1,0.025
0.1,0.025
0.1,0.025
0.0,0.025
0.0,0.025
-0.1,0.025
-0.1,0.025
-0.1,0.025
-0.1,0.025
-0.1,0.025
-0.1,0.025
-0.1,0.025
0.0,0.025
0.0,0.025
0.1,0.025
0.1,0.025
0.0,0.025
0.1,0.025
0.1,0.025
0.1,0.025
0.1,0.025
0.1,0.025
0.1,0.025
0.1,0.025
0.1,0.025
0.1,0.025
0.1,0.025
0.1,0.025
0.1,0.025
0.1,0.025
0.0,0.025
0.0,0.025
0.0,0.025
0.0,0.025
0.0,0.025
0.0,0.025
0.0,0.025
0.0,0.025
0.0,0.025
0.0,0.025
0.0,0.025
0.0,0.025
0.0,0.025
0.0,0.025
0.0,0.025
0.0,0.025
0.0,0.025
0.0,0.025
0.0,0.025
0.0,0.025
0.0,0.025
0.0,0.025
0.0,0.025
0.0,0.025
0.0,0.025
0.0,0.025
0.0,0.025
0.0,0.025
0.0,0.025
0.0,0.025
0.0,0.025
0.0,0.025
0.0,0.025
0.0,0.025
0.0,0.025
0.0,0.025
0.0,0.025
0.0,0.025
0.0,0.025
0.0,0.025
0.0,0.025
0.0,0.025
0.0,0.025
0.0,0.025
0.0,0.030
0.0,0.030
0.0,0.030
0.0,0.030
0.0,0.030
0.0,0.030
0.0,0.030
0.0,0.030
0.0,0.030
0.0,0.030
0.0,0.030
0.0,0.030
0.0,0.030
0.0,0.030
0.0,0.030
0.0,0.030
0.0,0.030
0.0,0.030
0.0,0.030
0.0,0.030
0.0,0.030
0.0,0.030
0.0,0.030
0.0,0.030
0.0,0.030
0.0,0.030
0.0,0.030
0.0,0.030
0.0,0.030
0.0,0.030
0.0,0.030
0.0,0.030
0.0,0.030
0.0,0.030
0.0,0.030
0.0,0.030
0.0,0.030
0.0,0.030
0.0,0.030
0.0,0.030
0.0,0.030
0.0,0.030
0.0,0.030
0.0,0.030
0.0,0.030
0.0,0.030
0.0,0.030
0.0,0.030
0.0,0.030
0.0,0.030
0.0,0.030
0.0,0.030
0.0,0.030
0.0,0.030
0.0,0.030
0.0,0.030
0.0,0.030
0.0,0.030
0.1,0.030
0.1,0.030
0.1,0.030
0.1,0.030
0.1,0.030
0.1,0.030
0.0,0.030
0.0,0.030
0.0,0.030
0.0,0.030
0.0,0.030
0.0,0.030
0.0,0.030
0.0,0.030
0.0,0.030
0.0,0.030
0.0,0.030
0.0,0.030
0.0,0.030
0.0,0.030
0.1,0.030
0.1,0.030
0.1,0.030
0.1,0.030
0.1,0.030
0.0,0.030
0.0,0.030
0.0,0.030
0.0,0.030
0.0,0.030
0.0,0.030
0.0,0.030
0.0,0.030
0.0,0.030
0.0,0.030
0.0,0.030
0.0,0.030
0.0,0.030
0.0,0.030
0.1,0.030
0.1,0.030
0.1,0.030
0.1,0.030
0.1,0.030
0.1,0.030
0.1,0.030
0.1,0.030
-0.1,0.030
0.0,0.030
0.0,0.030
0.0,0.030
0.0,0.030
0.0,0.030
0.0,0.030
0.0,0.030
0.1,0.030
0.1,0.030
0.1,0.030
0.1,0.030
0.1,0.030
0.1,0.030
0.1,0.030
0.1,0.030
0.1,0.030
0.1,0.030
0.1,0.030
0.1,0.030
0.1,0.030
0.0,0.030
0.0,0.030
0.0,0.030
0.0,0.030
0.0,0.030
0.0,0.030
0.1,0.030
0.0,0.030
0.0,0.030
0.0,0.030
0.0,0.030
0.0,0.030
0.1,0.030
0.1,0.030
0.1,0.030
0.1,0.030
0.1,0.030
0.1,0.030
0.0,0.030
0.0,0.030
0.0,0.030
0.0,0.030
0.0,0.030
0.0,0.030
0.0,0.030
0.0,0.030
0.0,0.030
0.0,0.030
0.0,0.030
0.0,0.030
0.0,0.030
0.0,0.030
0.0,0.030
0.0,0.030
0.0,0.030
0.0,0.030
0.0,0.030
0.0,0.030
0.0,0.030
0.0,0.030
0.0,0.030
0.0,0.030
0.0,0.030
0.0,0.030
0.0,0.030
0.0,0.030
0.0,0.030
0.0,0.030
0.0,0.030
0.0,0.030
0.0,0.030
0.0,0.030
0.0,0.030
0.0,0.030
0.0,0.030
0.0,0.030
0.0,0.030
0.0,0.030
0.0,0.030
0.0,0.030
0.0,0.030
0.0,0.030
0.0,0.030
0.0,0.030
0.0,0.030
0.0,0.030
0.0,0.030
0.0,0.030
0.0,0.030
0.0,0.030
0.0,0.030
0.0,0.030
0.0,0.030
0.0,0.030
0.1,0.030
0.1,0.030
0.1,0.030
0.1,0.030
0.1,0.030
0.1,0.030
0.1,0.030
0.1,0.030
0.1,0.030
0.0,0.030
0.0,0.030
0.0,0.030
0.0,0.030
0.0,0.030
0.0,0.030
0.0,0.030
0.0,0.030
0.1,0.030
0.1,0.030
0.1,0.030
0.1,0.030
0.1,0.030
0.1,0.030
0.1,0.030
0.0,0.030
0.0,0.030
0.0,0.030
-0.1,0.030
-0.1,0.030
-0.1,0.030
-0.1,0.030
-0.1,0.030
-0.1,0.030
-0.1,0.030
-0.1,0.030
0.0,0.030
0.0,0.030
0.1,0.030
0.1,0.030
0.1,0.030
0.1,0.030
0.1,0.030
0.1,0.030
0.1,0.030
0.1,0.030
0.1,0.030
0.0,0.030
0.0,0.030
0.0,0.030
-0.1,0.030
-0.1,0.030
-0.1,0.030
-0.1,0.030
-0.1,0.030
-0.1,0.030
-0.1,0.030
0.1,0.030
0.1,0.030
0.1,0.030
0.1,0.030
0.1,0.030
0.1,0.030
0.1,0.030
0.1,0.030
0.1,0.030
0.1,0.030
0.0,0.030
-0.1,0.030
-0.1,0.030
-0.1,0.030
-0.1,0.030
-0.1,0.030
-0.1,0.030
