MAX FORCE = 192.1,4.610
MIN FORCE = -0.3,0.000
AVERAGE FORCE = 53.95,
UNIT = gf,mm
DATA COUNT = 46906,
RECORDING RATE = 0.0005,
FILE DATE = 8/19/2026 6:53:49 PM,
COMMENT = ,
MARK POINT ON = ---,---
MARK POINT OFF = ---,---
THRESHOLD = ---,
1ST PEAK FORCE = ---,---
2ND PEAK FORCE = ---,---
-0.2,0.000
-0.2,0.000
-0.2,0.000
-0.1,0.000
-0.1,0.000
0.0,0.000
0.1,0.000
0.1,0.000
0.2,0.000
0.2,0.000
0.2,0.000
0.2,0.000
0.2,0.000
0.2,0.000
0.1,0.000
0.1,0.000
0.0,0.000
-0.1,0.000
-0.2,0.000
-0.2,0.000
-0.2,0.000
-0.2,0.000
-0.2,0.000
-0.2,0.000
-0.1,0.000
0.0,0.000
0.1,0.000
0.2,0.000
0.2,0.000
0.3,0.000
0.3,0.000
0.3,0.000
0.2,0.000
0.1,0.000
0.1,0.000
0.0,0.000
-0.1,0.000
-0.1,0.000
-0.2,0.000
-0.2,0.000
-0.2,0.000
-0.2,0.000
-0.2,0.000
-0.1,0.000
-0.1,0.000
0.0,0.000
0.1,0.000
0.2,0.000
0.2,0.000
0.3,0.000
0.3,0.000
0.3,0.000
0.3,0.000
0.2,0.000
0.1,0.000
0.0,0.000
-0.1,0.000
-0.2,0.000
-0.2,0.000
-0.2,0.000
-0.3,0.000
-0.3,0.000
-0.2,0.000
-0.1,0.000
0.0,0.000
0.0,0.000
0.1,0.000
0.2,0.000
0.3,0.000
0.3,0.000
0.3,0.000
0.3,0.000
0.2,0.000
0.1,0.000
0.1,0.000
-0.1,0.000
-0.2,0.000
-0.2,0.000
-0.3,0.000
-0.3,0.000
-0.3,0.000
-0.3,0.000
-0.2,0.000
-0.1,0.000
0.0,0.000
0.1,0.000
0.1,0.000
0.2,0.000
0.2,0.000
0.2,0.000
0.2,0.000
0.2,0.000
0.1,0.000
0.1,0.000
0.0,0.000
-0.1,0.000
-0.2,0.000
-0.2,0.000
-0.2,0.000
-0.2,0.000
-0.2,0.000
-0.2,0.000
-0.1,0.000
0.0,0.000
0.0,0.000
0.1,0.000
0.2,0.000
0.2,0.000
0.2,0.000
0.2,0.000
0.2,0.000
0.2,0.000
0.1,0.000
0.0,0.000
-0.1,0.000
-0.2,0.000
-0.3,0.000
-0.3,0.000
-0.3,0.000
-0.3,0.000
-0.3,0.000
-0.2,0.000
-0.1,0.000
0.0,0.000
0.1,0.000
0.2,0.000
0.2,0.000
0.3,0.000
0.3,0.000
0.3,0.000
0.3,0.000
0.2,0.000
0.1,0.000
0.0,0.000
-0.1,0.000
-0.2,0.000
-0.2,0.000
-0.2,0.000
-0.2,0.000
-0.2,0.000
-0.2,0.000
-0.1,0.000
0.0,0.000
0.1,0.000
0.2,0.000
0.2,0.000
0.3,0.000
0.3,0.000
0.3,0.000
0.2,0.000
0.1,0.000
0.0,0.000
0.0,0.000
-0.1,0.000
-0.2,0.000
-0.3,0.000
-0.3,0.000
-0.3,0.000
-0.3,0.000
-0.2,0.000
-0.1,0.000
0.0,0.000
0.1,0.000
0.2,0.000
0.3,0.000
0.3,0.000
0.3,0.000
0.3,0.000
0.2,0.000
0.2,0.000
0.1,0.000
0.0,0.000
-0.1,0.000
-0.2,0.000
-0.2,0.000
-0.2,0.000
-0.2,0.000
-0.2,0.000
-0.2,0.000
-0.1,0.000
-0.1,0.000
0.0,0.000
0.1,0.000
0.2,0.000
0.2,0.000
0.3,0.000
0.3,0.000
0.3,0.000
0.2,0.000
0.1,0.000
0.1,0.000
0.0,0.000
-0.1,0.000
-0.2,0.000
-0.2,0.000
-0.3,0.000
-0.3,0.000
-0.3,0.000
-0.2,0.000
-0.1,0.000
0.0,0.000
0.1,0.000
0.2,0.000
0.2,0.000
0.3,0.000
0.3,0.000
0.3,0.000
0.3,0.000
0.2,0.000
0.1,0.000
0.0,0.000
0.0,0.000
-0.1,0.000
-0.2,0.000
-0.3,0.000
-0.3,0.000
-0.3,0.000
-0.2,0.000
-0.2,0.000
-0.1,0.000
0.0,0.000
0.1,0.000
0.2,0.000
0.2,0.000
0.2,0.000
0.3,0.000
0.3,0.000
0.2,0.000
0.2,0.000
0.1,0.000
0.0,0.000
-0.1,0.000
-0.2,0.000
-0.2,0.000
-0.2,0.000
-0.2,0.000
-0.2,0.000
-0.2,0.000
-0.1,0.000
0.0,0.000
0.0,0.000
0.1,0.000
0.2,0.000
0.3,0.000
0.3,0.000
0.3,0.000
0.3,0.000
0.2,0.000
0.2,0.000
0.1,0.000
0.0,0.000
-0.1,0.000
-0.2,0.000
-0.2,0.000
-0.2,0.000
-0.2,0.000
-0.2,0.000
-0.2,0.000
-0.1,0.000
0.0,0.000
0.0,0.000
0.1,0.000
0.2,0.000
0.2,0.000
0.3,0.000
0.3,0.000
0.2,0.000
0.2,0.000
0.1,0.000
0.0,0.000
-0.1,0.000
-0.2,0.000
-0.2,0.000
-0.2,0.000
-0.2,0.000
-0.2,0.000
-0.2,0.000
-0.1,0.000
-0.1,0.000
0.0,0.000
0.1,0.000
0.1,0.000
0.2,0.000
0.2,0.000
0.2,0.000
0.2,0.000
0.2,0.000
0.1,0.000
0.0,0.000
-0.1,0.000
-0.1,0.000
-0.2,0.000
-0.2,0.000
-0.2,0.000
-0.2,0.000
-0.2,0.000
-0.1,0.000
-0.1,0.000
0.0,0.000
0.1,0.000
0.1,0.000
0.2,0.000
0.2,0.000
0.2,0.000
0.2,0.000
0.2,0.000
0.1,0.000
0.0,0.000
0.0,0.000
-0.1,0.000
-0.1,0.000
-0.2,0.000
-0.2,0.000
-0.2,0.000
-0.2,0.000
-0.2,0.000
-0.1,0.000
-0.1,0.000
0.0,0.000
0.0,0.000
0.1,0.000
0.1,0.000
0.1,0.000
0.2,0.000
0.2,0.000
0.2,0.000
0.1,0.000
0.0,0.000
-0.1,0.000
-0.1,0.000
-0.2,0.000
-0.2,0.000
-0.2,0.000
-0.2,0.000
-0.2,0.000
-0.2,0.000
-0.1,0.000
0.0,0.000
0.0,0.000
0.0,0.000
0.1,0.000
0.1,0.000
0.2,0.000
0.2,0.000
0.2,0.000
0.1,0.000
0.1,0.000
0.0,0.000
0.0,0.000
-0.1,0.000
-0.1,0.000
-0.1,0.000
-0.2,0.000
-0.2,0.000
-0.2,0.000
-0.2,0.000
-0.1,0.000
-0.1,0.000
0.0,0.000
0.1,0.000
0.1,0.000
0.1,0.000
0.2,0.000
0.2,0.000
0.2,0.000
0.2,0.000
0.1,0.000
0.0,0.000
0.0,0.000
-0.1,0.000
-0.1,0.000
-0.2,0.000
-0.2,0.000
-0.2,0.000
-0.2,0.000
-0.2,0.000
-0.1,0.000
-0.1,0.000
0.0,0.000
0.1,0.000
0.1,0.000
0.1,0.000
0.2,0.000
0.2,0.000
0.2,0.000
0.2,0.000
0.1,0.000
0.1,0.000
0.0,0.000
-0.1,0.000
-0.2,0.000
-0.2,0.000
-0.2,0.000
-0.2,0.000
-0.2,0.000
-0.1,0.000
-0.1,0.000
0.0,0.000
0.0,0.000
0.1,0.000
0.1,0.000
0.2,0.000
0.2,0.000
0.2,0.000
0.2,0.000
0.1,0.000
0.1,0.000
0.0,0.000
0.0,0.000
-0.1,0.000
-0.1,0.000
-0.1,0.000
-0.1,0.000
-0.1,0.000
-0.1,0.000
0.0,0.000
0.0,0.000
0.1,0.000
0.1,0.000
0.1,0.000
0.1,0.000
0.1,0.000
0.1,0.000
0.1,0.000
0.1,0.000
0.0,0.000
0.0,0.000
-0.1,0.000
-0.1,0.000
-0.1,0.000
-0.1,0.000
-0.2,0.000
-0.2,0.000
-0.1,0.000
-0.1,0.000
-0.1,0.000
0.0,0.000
0.0,0.000
0.1,0.000
0.1,0.000
0.1,0.000
0.1,0.000
0.1,0.000
0.1,0.000
0.1,0.000
0.1,0.000
0.1,0.000
0.1,0.000
0.1,0.000
0.0,0.000
0.0,0.000
0.0,0.000
0.0,0.000
0.0,0.000
0.0,0.000
0.0,0.000
0.0,0.000
0.0,0.000
0.0,0.000
0.0,0.000
0.0,0.000
0.0,0.000
0.0,0.000
0.0,0.000
0.0,0.000
0.0,0.000
0.1,0.000
0.1,0.000
0.1,0.000
0.1,0.000
0.0,0.000
0.0,0.000
0.0,0.000
0.0,0.000
0.0,0.000
0.0,0.000
0.0,0.000
0.0,0.000
0.0,0.000
0.1,0.000
0.1,0.000
0.1,0.000
0.1,0.000
0.1,0.000
0.1,0.000
0.1,0.000
0.1,0.000
0.1,0.000
0.1,0.000
0.0,0.000
0.0,0.000
0.0,0.000
0.0,0.000
0.0,0.000
0.0,0.000
0.0,0.000
0.0,0.000
0.0,0.000
0.0,0.000
0.1,0.000
0.1,0.000
0.1,0.000
0.1,0.000
0.1,0.000
0.1,0.000
0.0,0.000
0.0,0.000
0.0,0.000
-0.1,0.000
-0.1,0.000
-0.1,0.000
-0.1,0.000
-0.1,0.000
-0.1,0.000
-0.1,0.000
-0.1,0.000
0.0,0.000
0.0,0.000
0.1,0.000
0.1,0.000
0.1,0.000
0.1,0.000
0.1,0.000
0.1,0.000
0.0,0.000
-0.1,0.000
-0.1,0.000
-0.1,0.000
-0.1,0.000
-0.1,0.000
-0.1,0.000
0.0,0.000
0.0,0.000
0.0,0.000
0.1,0.000
0.1,0.000
0.1,0.000
0.1,0.000
0.1,0.000
0.1,0.000
0.1,0.000
0.1,0.000
0.1,0.000
0.1,0.000
0.1,0.000
0.0,0.000
0.0,0.000
-0.1,0.000
-0.1,0.000
-0.1,0.000
-0.1,0.000
-0.1,0.000
-0.1,0.000
-0.1,0.000
-0.1,0.000
0.0,0.000
0.0,0.000
0.1,0.000
0.1,0.000
0.1,0.000
0.1,0.000
0.1,0.000
0.1,0.000
0.1,0.000
0.0,0.000
0.0,0.000
0.0,0.000
-0.1,0.000
-0.1,0.000
-0.1,0.000
-0.1,0.000
-0.1,0.000
-0.1,0.000
-0.1,0.000
-0.1,0.000
0.0,0.000
0.0,0.000
0.0,0.000
0.1,0.000
0.1,0.000
0.1,0.000
0.1,0.000
0.1,0.000
0.1,0.000
0.1,0.000
0.0,0.000
0.0,0.000
-0.1,0.000
0.0,0.000
0.0,0.000
0.0,0.000
0.0,0.000
0.0,0.000
0.0,0.000
0.1,0.000
0.1,0.000
0.1,0.000
0.1,0.000
0.1,0.000
0.1,0.000
0.1,0.000
0.1,0.000
0.1,0.000
0.0,0.000
-0.1,0.000
-0.1,0.000
-0.1,0.000
-0.1,0.000
-0.1,0.000
-0.1,0.000
-0.1,0.000
-0.1,0.000
0.0,0.000
0.0,0.000
0.1,0.000
0.1,0.000
0.1,0.000
0.1,0.000
0.1,0.000
0.1,0.000
0.1,0.000
0.0,0.000
0.0,0.000
0.0,0.000
-0.1,0.000
-0.1,0.000
-0.1,0.000
-0.1,0.000
-0.1,0.000
-0.1,0.000
-0.1,0.000
-0.1,0.000
0.0,0.000
0.0,0.000
0.1,0.000
0.1,0.000
0.1,0.000
0.1,0.000
0.1,0.000
0.1,0.000
0.0,0.000
0.0,0.000
0.0,0.000
-0.1,0.000
-0.1,0.000
-0.2,0.000
-0.2,0.000
-0.2,0.000
-0.2,0.000
-0.1,0.000
-0.1,0.000
-0.1,0.000
0.0,0.000
0.1,0.000
0.1,0.000
0.1,0.000
0.1,0.000
0.1,0.000
0.1,0.000
0.1,0.000
0.1,0.000
0.0,0.000
0.0,0.000
-0.1,0.000
-0.1,0.000
-0.1,0.000
-0.1,0.000
-0.1,0.000
-0.1,0.000
-0.1,0.000
-0.1,0.000
-0.1,0.000
-0.1,0.000
0.0,0.000
0.0,0.000
0.0,0.000
0.1,0.000
0.1,0.000
0.1,0.000
0.1,0.000
0.1,0.000
0.1,0.000
0.1,0.000
-0.1,0.000
-0.1,0.000
-0.1,0.000
-0.1,0.000
-0.1,0.000
-0.1,0.000
-0.1,0.000
-0.1,0.000
-0.1,0.000
-0.1,0.000
0.0,0.000
0.0,0.000
0.1,0.000
0.1,0.000
0.1,0.000
0.1,0.000
0.1,0.000
0.1,0.000
0.0,0.000
0.1,0.000
0.0,0.000
0.0,0.000
0.0,0.000
-0.1,0.000
-0.1,0.000
-0.1,0.000
-0.1,0.000
-0.1,0.000
-0.1,0.000
-0.1,0.000
0.0,0.000
0.1,0.000
0.1,0.000
0.1,0.000
0.1,0.000
0.1,0.000
0.1,0.000
0.1,0.000
0.1,0.000
0.1,0.000
0.1,0.000
0.0,0.000
0.0,0.000
0.0,0.000
-0.1,0.000
-0.1,0.000
-0.1,0.000
-0.1,0.000
-0.1,0.000
0.0,0.000
-0.1,0.000
0.0,0.000
0.1,0.000
0.1,0.000
0.1,0.000
0.1,0.000
0.1,0.000
0.1,0.000
0.1,0.000
0.0,0.000
0.0,0.000
-0.1,0.000
-0.1,0.000
-0.1,0.000
-0.1,0.000
-0.1,0.000
-0.1,0.000
-0.1,0.000
0.0,0.000
0.0,0.000
0.0,0.000
0.1,0.000
0.1,0.000
0.1,0.000
0.1,0.000
0.1,0.000
0.1,0.000
0.1,0.000
0.1,0.000
0.1,0.000
0.0,0.000
0.0,0.000
0.0,0.000
0.0,0.000
0.0,0.000
0.0,0.000
0.0,0.000
0.0,0.000
0.0,0.000
0.1,0.000
0.0,0.000
0.0,0.000
0.0,0.000
0.0,0.000
0.1,0.000
0.1,0.000
0.1,0.000
0.1,0.000
0.1,0.000
0.0,0.000
0.0,0.000
0.0,0.000
-0.1,0.000
0.0,0.000
0.0,0.000
0.0,0.000
0.0,0.000
0.0,0.000
0.0,0.000
0.0,0.000
0.0,0.000
0.1,0.000
0.0,0.000
0.0,0.000
0.0,0.000
0.0,0.000
0.0,0.000
0.0,0.000
0.0,0.000
-0.1,0.000
-0.1,0.000
-0.1,0.000
-0.1,0.000
-0.1,0.000
-0.1,0.000
-0.1,0.000
0.0,0.000
0.0,0.000
0.1,0.000
0.1,0.000
0.1,0.000
0.1,0.000
0.1,0.000
0.1,0.000
0.1,0.000
0.0,0.000
0.0,0.000
0.0,0.000
-0.1,0.000
-0.1,0.000
-0.1,0.000
-0.1,0.000
-0.1,0.000
-0.1,0.000
-0.1,0.000
0.0,0.000
0.0,0.000
0.1,0.000
0.1,0.000
0.2,0.000
0.2,0.000
0.2,0.000
0.2,0.000
0.1,0.000
0.1,0.000
0.0,0.000
0.0,0.000
-0.1,0.000
-0.2,0.000
-0.2,0.000
-0.2,0.000
-0.2,0.000
-0.2,0.000
-0.1,0.000
-0.1,0.000
0.0,0.000
0.1,0.000
0.1,0.000
0.2,0.000
0.2,0.000
0.2,0.000
0.2,0.000
0.2,0.000
0.2,0.000
0.1,0.000
0.0,0.000
0.0,0.000
-0.1,0.000
-0.1,0.000
-0.2,0.000
-0.2,0.000
-0.2,0.000
-0.2,0.000
-0.1,0.000
-0.1,0.000
0.0,0.000
0.0,0.000
0.1,0.000
0.1,0.000
0.1,0.000
0.1,0.000
0.1,0.000
0.1,0.000
0.1,0.000
0.0,0.000
-0.1,0.000
-0.1,0.000
-0.2,0.000
-0.2,0.000
-0.2,0.000
-0.2,0.000
-0.1,0.000
-0.1,0.000
0.0,0.000
0.0,0.000
0.1,0.000
0.2,0.000
0.2,0.000
0.2,0.000
0.2,0.000
0.2,0.000
0.1,0.000
0.1,0.000
0.0,0.000
0.0,0.000
-0.1,0.000
-0.1,0.000
-0.1,0.000
-0.1,0.000
-0.1,0.000
-0.1,0.000
-0.1,0.000
0.0,0.000
0.0,0.000
0.1,0.000
0.1,0.000
0.1,0.000
0.1,0.000
0.1,0.000
0.1,0.000
0.1,0.000
0.1,0.000
0.0,0.000
0.0,0.000
0.0,0.000
-0.1,0.000
-0.1,0.000
-0.2,0.000
-0.2,0.000
-0.2,0.000
-0.1,0.000
-0.1,0.000
0.0,0.000
0.0,0.000
0.1,0.000
0.1,0.000
0.2,0.000
0.2,0.000
0.2,0.000
0.2,0.000
0.1,0.000
0.1,0.000
0.0,0.000
-0.1,0.000
-0.2,0.000
-0.2,0.000
-0.2,0.000
-0.2,0.000
-0.2,0.000
-0.2,0.000
-0.1,0.000
-0.1,0.000
0.0,0.000
0.0,0.000
0.1,0.000
0.2,0.000
0.2,0.000
0.2,0.000
0.2,0.000
0.2,0.000
0.2,0.000
0.1,0.000
0.1,0.000
0.0,0.000
-0.1,0.000
-0.1,0.000
-0.2,0.000
-0.2,0.000
-0.2,0.000
-0.2,0.000
-0.2,0.000
-0.1,0.000
0.0,0.000
0.1,0.000
0.1,0.000
0.2,0.000
0.2,0.000
0.2,0.000
0.2,0.000
0.2,0.000
0.2,0.000
0.1,0.000
0.0,0.000
0.0,0.000
-0.1,0.000
-0.2,0.000
-0.2,0.000
-0.2,0.000
-0.2,0.000
-0.2,0.000
-0.1,0.000
-0.1,0.000
0.0,0.000
0.1,0.000
0.1,0.000
0.1,0.000
0.2,0.000
0.2,0.000
0.2,0.000
0.2,0.000
0.1,0.000
0.1,0.000
0.0,0.000
-0.1,0.000
-0.1,0.000
-0.2,0.000
-0.2,0.000
-0.2,0.000
-0.2,0.000
-0.2,0.000
-0.1,0.000
0.0,0.000
0.0,0.000
0.1,0.000
0.1,0.000
0.2,0.000
0.2,0.000
0.2,0.000
0.2,0.000
0.2,0.000
0.2,0.000
0.1,0.000
0.0,0.000
0.0,0.000
-0.1,0.000
-0.2,0.000
-0.2,0.000
-0.2,0.000
-0.2,0.000
-0.2,0.000
-0.1,0.000
0.0,0.000
0.0,0.000
0.1,0.000
0.2,0.000
0.2,0.000
0.2,0.000
0.2,0.000
0.2,0.000
0.2,0.000
0.1,0.000
0.1,0.000
0.0,0.000
-0.1,0.000
-0.1,0.000
-0.1,0.000
-0.2,0.000
-0.2,0.000
-0.2,0.000
-0.2,0.000
-0.1,0.000
0.0,0.000
0.0,0.000
0.1,0.000
0.2,0.000
0.2,0.000
0.2,0.000
0.2,0.000
0.1,0.000
0.1,0.000
0.0,0.000
-0.1,0.000
-0.1,0.000
-0.1,0.000
-0.1,0.000
-0.1,0.000
-0.1,0.000
-0.1,0.000
-0.1,0.000
-0.1,0.000
-0.1,0.000
0.0,0.000
0.1,0.000
0.1,0.000
0.1,0.000
0.2,0.000
0.2,0.000
0.2,0.000
0.1,0.000
0.0,0.000
0.0,0.000
-0.1,0.000
-0.1,0.000
-0.1,0.000
-0.2,0.000
-0.2,0.000
-0.2,0.000
-0.1,0.000
-0.1,0.000
0.0,0.000
0.0,0.000
0.1,0.000
0.1,0.000
0.1,0.000
0.2,0.000
0.2,0.000
0.2,0.000
0.2,0.000
0.2,0.000
0.1,0.000
0.0,0.000
0.0,0.000
0.0,0.000
0.0,0.000
-0.1,0.000
0.0,0.000
0.0,0.000
0.0,0.000
0.0,0.000
0.1,0.000
0.1,0.000
0.1,0.000
0.2,0.000
0.2,0.000
0.2,0.000
0.2,0.000
0.2,0.000
0.1,0.000
0.1,0.000
0.0,0.000
-0.1,0.000
-0.1,0.000
-0.2,0.000
-0.2,0.000
-0.2,0.000
-0.2,0.000
-0.1,0.000
-0.1,0.000
0.0,0.000
0.0,0.000
0.1,0.000
0.2,0.000
0.2,0.000
0.2,0.000
0.2,0.000
0.2,0.000
0.1,0.000
0.1,0.000
0.0,0.000
-0.1,0.000
-0.1,0.000
-0.2,0.000
-0.2,0.000
-0.2,0.000
-0.2,0.000
-0.2,0.000
-0.1,0.000
0.0,0.000
0.0,0.000
0.1,0.000
0.2,0.000
0.2,0.000
0.2,0.000
0.2,0.000
0.2,0.000
0.1,0.000
0.1,0.000
0.0,0.000
-0.1,0.000
-0.1,0.000
-0.1,0.000
-0.2,0.000
-0.2,0.000
-0.2,0.000
-0.1,0.000
-0.1,0.000
0.0,0.000
0.1,0.000
0.1,0.000
0.1,0.000
0.2,0.000
0.2,0.000
0.2,0.000
0.2,0.000
0.2,0.000
0.1,0.000
0.0,0.000
0.0,0.000
-0.1,0.000
-0.1,0.000
-0.1,0.000
-0.2,0.000
-0.2,0.000
-0.2,0.000
-0.2,0.000
-0.1,0.000
0.0,0.000
0.0,0.000
0.1,0.000
0.1,0.000
0.2,0.000
0.2,0.000
0.2,0.000
0.1,0.000
0.1,0.000
0.1,0.000
0.0,0.000
-0.1,0.000
-0.1,0.000
-0.2,0.000
-0.2,0.000
-0.2,0.000
-0.2,0.000
-0.2,0.000
-0.1,0.000
-0.1,0.000
0.0,0.000
0.1,0.000
0.1,0.000
0.1,0.000
0.1,0.000
0.1,0.000
0.1,0.000
0.1,0.000
0.1,0.000
0.0,0.000
-0.1,0.000
-0.1,0.000
-0.1,0.000
-0.1,0.000
-0.1,0.000
-0.1,0.000
-0.1,0.000
-0.1,0.000
0.0,0.000
0.0,0.000
0.0,0.000
0.1,0.000
0.1,0.000
0.1,0.000
0.1,0.000
0.1,0.000
0.1,0.000
0.1,0.000
0.0,0.000
0.0,0.000
-0.1,0.000
-0.1,0.000
-0.1,0.000
-0.1,0.000
-0.1,0.000
-0.1,0.000
-0.1,0.000
0.0,0.000
0.0,0.000
0.1,0.000
0.1,0.000
0.1,0.000
0.2,0.000
0.2,0.000
0.2,0.000
0.1,0.000
0.1,0.000
0.1,0.000
0.0,0.000
-0.1,0.000
-0.1,0.000
-0.1,0.000
-0.1,0.000
-0.1,0.000
-0.1,0.000
-0.1,0.000
-0.1,0.000
0.0,0.000
0.0,0.000
0.1,0.000
0.1,0.000
0.2,0.000
0.2,0.000
0.2,0.000
0.2,0.000
0.2,0.000
0.1,0.000
0.0,0.000
0.0,0.000
0.0,0.000
-0.1,0.000
-0.2,0.000
-0.2,0.000
-0.2,0.000
-0.1,0.000
-0.1,0.000
-0.1,0.000
0.0,0.000
0.0,0.000
0.1,0.005
0.1,0.005
0.1,0.005
0.2,0.005
0.2,0.005
0.1,0.005
0.1,0.005
0.0,0.005
0.0,0.005
0.0,0.005
-0.1,0.005
-0.1,0.005
-0.1,0.005
-0.2,0.005
-0.2,0.005
-0.1,0.005
-0.1,0.005
-0.1,0.005
0.0,0.005
0.1,0.005
0.2,0.005
0.2,0.005
0.2,0.005
0.2,0.005
0.2,0.005
0.1,0.005
0.1,0.005
0.0,0.005
-0.1,0.005
-0.1,0.005
-0.1,0.005
-0.2,0.005
-0.2,0.005
-0.2,0.005
-0.2,0.005
-0.2,0.005
-0.1,0.005
0.0,0.005
0.1,0.005
0.1,0.005
0.1,0.005
0.1,0.005
0.1,0.005
0.1,0.005
0.1,0.005
0.1,0.005
0.0,0.005
0.0,0.005
0.0,0.005
-0.1,0.005
-0.1,0.005
-0.1,0.005
-0.1,0.005
-0.1,0.005
-0.1,0.005
0.0,0.005
0.0,0.005
0.1,0.005
0.1,0.005
0.2,0.005
0.2,0.005
0.2,0.005
0.2,0.005
0.2,0.005
0.2,0.005
0.0,0.005
0.0,0.005
-0.1,0.005
-0.1,0.005
-0.1,0.005
-0.1,0.005
-0.1,0.005
-0.1,0.005
-0.1,0.005
-0.1,0.005
0.0,0.005
0.0,0.005
0.1,0.005
0.1,0.005
0.2,0.005
0.2,0.005
0.2,0.005
0.2,0.005
0.1,0.005
0.1,0.005
0.1,0.005
0.0,0.005
-0.1,0.005
-0.1,0.005
-0.1,0.005
-0.1,0.005
-0.1,0.005
-0.1,0.005
-0.1,0.005
0.0,0.005
0.0,0.005
0.1,0.005
0.1,0.005
0.1,0.005
0.2,0.005
0.2,0.005
0.2,0.005
0.2,0.005
0.1,0.005
0.1,0.005
0.0,0.005
-0.1,0.005
-0.1,0.005
-0.2,0.005
-0.2,0.005
-0.2,0.005
-0.2,0.005
-0.2,0.005
-0.2,0.005
-0.1,0.005
0.0,0.005
0.0,0.005
0.1,0.005
0.1,0.005
0.2,0.005
0.2,0.005
0.2,0.005
0.2,0.005
0.2,0.005
0.1,0.005
0.0,0.005
-0.1,0.005
-0.1,0.005
-0.2,0.005
-0.2,0.005
-0.2,0.005
-0.2,0.005
-0.2,0.005
-0.1,0.005
-0.1,0.005
0.0,0.005
0.1,0.005
0.1,0.005
0.1,0.005
0.2,0.005
0.2,0.005
0.2,0.005
0.2,0.005
0.1,0.005
0.1,0.005
0.0,0.005
-0.1,0.005
-0.1,0.005
-0.1,0.005
-0.1,0.005
-0.1,0.005
-0.1,0.005
-0.1,0.005
0.0,0.005
0.0,0.005
0.1,0.005
0.1,0.005
0.2,0.005
0.2,0.005
0.2,0.005
0.2,0.005
0.2,0.005
0.1,0.005
0.1,0.005
0.0,0.005
0.0,0.005
0.0,0.005
-0.1,0.005
-0.1,0.005
-0.1,0.005
-0.1,0.005
-0.1,0.005
-0.1,0.005
-0.1,0.005
-0.1,0.005
0.0,0.005
0.0,0.005
0.1,0.005
0.1,0.005
0.1,0.005
0.1,0.005
0.1,0.005
0.1,0.005
0.1,0.005
0.0,0.005
0.1,0.005
0.0,0.005
0.0,0.005
-0.1,0.005
-0.1,0.005
-0.1,0.005
-0.1,0.005
-0.1,0.005
-0.1,0.005
-0.1,0.005
0.0,0.005
0.0,0.005
0.1,0.005
0.1,0.005
0.1,0.005
0.1,0.005
0.1,0.005
0.1,0.005
0.1,0.005
0.1,0.005
0.0,0.005
0.0,0.005
-0.1,0.005
-0.1,0.005
-0.1,0.005
-0.2,0.005
-0.2,0.005
-0.2,0.005
-0.2,0.005
-0.2,0.005
0.0,0.005
0.0,0.005
0.1,0.005
0.1,0.005
0.2,0.005
0.2,0.005
0.2,0.005
0.2,0.005
0.1,0.005
0.1,0.005
0.0,0.005
-0.1,0.005
-0.1,0.005
-0.2,0.005
-0.2,0.005
-0.2,0.005
-0.2,0.005
-0.2,0.005
-0.1,0.005
-0.1,0.005
0.0,0.005
0.1,0.005
0.1,0.005
0.1,0.005
0.2,0.005
0.2,0.005
0.2,0.005
0.2,0.005
0.0,0.005
0.0,0.005
-0.1,0.005
-0.1,0.005
-0.2,0.005
-0.2,0.005
-0.2,0.005
-0.2,0.005
-0.2,0.005
-0.1,0.005
0.0,0.005
0.0,0.005
0.1,0.005
0.2,0.005
0.2,0.005
0.2,0.005
0.2,0.005
0.2,0.005
0.2,0.005
0.1,0.005
0.0,0.005
0.0,0.005
-0.1,0.005
-0.2,0.005
-0.2,0.005
-0.2,0.005
-0.2,0.005
-0.2,0.005
-0.2,0.005
-0.1,0.005
0.0,0.005
0.1,0.005
0.1,0.005
0.2,0.005
0.2,0.005
0.2,0.005
0.2,0.005
0.2,0.005
0.2,0.005
0.1,0.005
0.0,0.005
-0.1,0.005
-0.1,0.005
-0.2,0.005
-0.2,0.005
-0.2,0.005
-0.2,0.005
-0.2,0.005
-0.1,0.005
-0.1,0.005
0.0,0.005
0.0,0.005
0.1,0.005
0.2,0.005
0.2,0.005
0.2,0.005
0.2,0.005
0.2,0.005
0.2,0.005
0.1,0.005
0.0,0.005
-0.1,0.005
-0.1,0.005
-0.2,0.005
-0.2,0.005
-0.2,0.005
-0.2,0.005
-0.2,0.005
-0.1,0.005
-0.1,0.005
0.0,0.005
0.1,0.005
0.1,0.005
0.2,0.005
0.2,0.005
0.2,0.005
0.2,0.005
0.2,0.005
0.1,0.005
0.1,0.005
0.0,0.005
-0.1,0.005
-0.1,0.005
-0.2,0.005
-0.2,0.005
-0.2,0.005
-0.2,0.005
-0.2,0.005
-0.2,0.005
-0.1,0.005
0.0,0.005
0.1,0.005
0.1,0.005
0.1,0.005
0.2,0.005
0.2,0.005
0.2,0.005
0.2,0.005
0.1,0.005
0.0,0.005
0.0,0.005
-0.1,0.005
-0.2,0.005
-0.2,0.005
-0.2,0.005
-0.2,0.005
-0.2,0.005
-0.2,0.005
-0.1,0.005
0.0,0.005
0.0,0.005
0.1,0.005
0.2,0.005
0.2,0.005
0.2,0.005
0.2,0.005
0.2,0.005
0.1,0.005
0.1,0.005
0.0,0.005
-0.1,0.005
-0.1,0.005
-0.2,0.005
-0.2,0.005
-0.2,0.005
-0.2,0.005
-0.2,0.005
-0.1,0.005
0.0,0.005
0.0,0.005
0.1,0.005
0.1,0.005
0.2,0.005
0.2,0.005
0.2,0.005
0.2,0.005
0.2,0.005
0.2,0.005
0.0,0.005
0.0,0.005
-0.1,0.005
-0.1,0.005
-0.1,0.005
-0.2,0.005
-0.2,0.005
-0.2,0.005
-0.1,0.005
-0.1,0.005
0.0,0.005
0.0,0.005
0.1,0.005
0.1,0.005
0.1,0.005
0.1,0.005
0.1,0.005
0.1,0.005
0.1,0.005
0.0,0.005
0.0,0.005
-0.1,0.005
-0.1,0.005
-0.2,0.005
-0.2,0.005
-0.2,0.005
-0.2,0.005
-0.2,0.005
-0.1,0.005
0.0,0.005
0.0,0.005
0.1,0.005
0.1,0.005
0.1,0.005
0.1,0.005
0.1,0.005
0.1,0.005
0.1,0.005
0.0,0.005
0.0,0.005
0.0,0.005
-0.1,0.005
-0.1,0.005
-0.1,0.005
-0.1,0.005
-0.1,0.005
-0.1,0.005
-0.1,0.005
-0.1,0.005
-0.1,0.005
0.0,0.005
0.0,0.005
0.1,0.005
0.1,0.005
0.1,0.005
0.1,0.005
0.2,0.005
0.2,0.005
0.2,0.005
0.2,0.005
0.0,0.005
0.0,0.005
0.0,0.005
-0.1,0.005
-0.1,0.005
-0.1,0.005
-0.1,0.005
-0.1,0.005
-0.1,0.005
0.0,0.005
0.0,0.005
0.1,0.005
0.1,0.005
0.2,0.005
0.2,0.005
0.2,0.005
0.2,0.005
0.1,0.005
0.1,0.005
0.0,0.005
0.0,0.005
-0.1,0.005
-0.1,0.005
-0.1,0.005
-0.1,0.005
-0.1,0.005
-0.1,0.005
-0.1,0.005
-0.1,0.005
0.0,0.005
0.0,0.005
0.1,0.005
0.1,0.005
0.2,0.005
0.2,0.005
0.2,0.005
0.1,0.005
0.1,0.005
0.0,0.005
-0.1,0.005
-0.1,0.005
-0.1,0.005
-0.2,0.005
-0.2,0.005
-0.2,0.005
-0.2,0.005
-0.1,0.005
-0.1,0.005
0.0,0.005
0.1,0.005
0.1,0.005
0.1,0.005
0.2,0.005
0.2,0.005
0.2,0.005
0.1,0.005
0.1,0.005
0.0,0.005
0.0,0.005
-0.1,0.005
-0.1,0.005
-0.1,0.005
-0.1,0.005
-0.1,0.005
-0.1,0.005
-0.1,0.005
0.0,0.005
0.0,0.005
0.1,0.005
0.1,0.005
0.1,0.005
0.1,0.005
0.1,0.005
0.1,0.005
0.1,0.005
0.1,0.005
0.1,0.005
0.0,0.005
0.0,0.005
0.0,0.005
-0.1,0.005
-0.1,0.005
-0.1,0.005
-0.1,0.005
-0.1,0.005
0.0,0.005
0.0,0.005
0.1,0.005
0.1,0.005
0.1,0.005
0.1,0.005
0.1,0.005
0.1,0.005
0.1,0.005
0.1,0.005
0.0,0.005
-0.1,0.005
-0.1,0.005
-0.1,0.005
-0.1,0.005
-0.1,0.005
-0.1,0.005
-0.1,0.005
-0.1,0.005
0.0,0.005
0.0,0.005
0.0,0.005
0.1,0.005
0.1,0.005
0.1,0.005
0.1,0.005
0.1,0.005
0.1,0.005
0.1,0.005
0.1,0.005
0.1,0.005
0.1,0.005
0.1,0.005
0.0,0.005
-0.1,0.005
-0.1,0.005
-0.1,0.005
-0.1,0.005
-0.1,0.005
-0.1,0.005
-0.1,0.005
-0.1,0.005
0.0,0.005
0.0,0.005
0.0,0.005
0.1,0.005
0.1,0.005
0.1,0.005
0.1,0.005
0.1,0.005
0.1,0.005
0.1,0.005
0.1,0.005
0.1,0.005
0.1,0.005
0.0,0.005
0.0,0.005
0.0,0.005
0.0,0.005
0.0,0.005
0.0,0.005
0.0,0.005
0.0,0.005
0.0,0.005
0.0,0.005
0.1,0.005
0.1,0.005
0.1,0.005
0.1,0.005
0.1,0.005
0.1,0.005
0.1,0.005
0.1,0.005
0.1,0.005
-0.1,0.005
-0.1,0.005
-0.1,0.005
-0.1,0.005
-0.1,0.005
-0.1,0.005
-0.1,0.005
-0.1,0.005
-0.1,0.005
-0.1,0.005
0.0,0.005
0.0,0.005
0.1,0.005
0.1,0.005
0.1,0.005
0.1,0.005
0.1,0.005
0.1,0.005
0.1,0.005
0.1,0.005
0.1,0.005
0.1,0.005
-0.1,0.005
0.0,0.005
0.0,0.005
0.0,0.005
0.0,0.005
0.0,0.005
0.0,0.005
0.0,0.005
0.1,0.005
0.1,0.005
0.1,0.005
0.1,0.005
0.1,0.005
0.1,0.005
0.1,0.005
0.1,0.005
0.1,0.005
0.1,0.005
0.0,0.005
0.0,0.005
-0.1,0.005
0.0,0.005
0.0,0.005
0.0,0.005
0.0,0.005
0.0,0.005
0.0,0.005
0.0,0.005
0.0,0.005
0.1,0.005
0.0,0.005
0.0,0.005
0.0,0.005
0.0,0.005
0.0,0.005
0.0,0.005
0.1,0.005
0.1,0.005
0.1,0.005
0.0,0.005
0.0,0.005
-0.1,0.005
-0.1,0.005
0.0,0.005
0.0,0.005
-0.1,0.005
-0.1,0.005
-0.1,0.005
-0.1,0.005
-0.1,0.005
0.0,0.005
0.1,0.005
0.1,0.005
0.1,0.005
0.1,0.005
0.1,0.005
0.1,0.005
0.1,0.005
0.1,0.005
0.1,0.005
0.0,0.005
0.0,0.005
0.0,0.005
0.0,0.005
0.0,0.005
0.0,0.005
0.0,0.005
0.0,0.005
0.0,0.005
0.0,0.005
0.0,0.005
0.1,0.005
0.1,0.005
0.1,0.005
0.1,0.005
0.1,0.005
0.1,0.005
0.1,0.005
0.1,0.005
0.1,0.005
0.1,0.005
-0.1,0.005
-0.1,0.005
0.0,0.005
0.0,0.005
0.0,0.005
0.0,0.005
0.0,0.005
0.0,0.005
0.0,0.005
0.0,0.005
0.0,0.005
0.0,0.005
0.0,0.005
0.0,0.005
0.0,0.005
0.0,0.005
0.0,0.005
0.0,0.005
0.0,0.005
0.0,0.005
0.0,0.005
0.0,0.005
0.0,0.005
0.0,0.005
0.0,0.005
0.0,0.005
0.0,0.005
0.0,0.005
0.0,0.005
0.0,0.005
0.1,0.005
0.1,0.005
0.1,0.005
0.1,0.005
0.1,0.005
0.1,0.005
0.1,0.005
0.1,0.005
0.0,0.005
-0.1,0.005
-0.1,0.005
-0.1,0.005
-0.1,0.005
-0.1,0.005
-0.1,0.005
-0.1,0.005
-0.1,0.005
-0.1,0.005
-0.1,0.005
-0.1,0.005
0.0,0.005
0.0,0.005
0.0,0.005
0.0,0.005
0.0,0.005
0.0,0.005
0.0,0.005
0.0,0.005
0.0,0.005
0.0,0.005
0.0,0.005
0.0,0.005
0.0,0.005
0.0,0.005
0.0,0.005
0.0,0.005
0.0,0.005
0.0,0.005
0.0,0.005
0.0,0.005
0.0,0.005
0.0,0.005
0.0,0.005
0.0,0.005
0.0,0.005
0.0,0.005
0.0,0.005
0.0,0.005
0.0,0.005
0.0,0.005
0.0,0.005
0.0,0.005
0.0,0.005
0.0,0.005
0.0,0.005
0.0,0.005
0.0,0.005
0.0,0.005
0.0,0.005
0.0,0.005
0.0,0.005
0.0,0.005
0.0,0.005
0.0,0.005
0.0,0.005
0.0,0.005
0.0,0.005
0.0,0.005
0.0,0.005
0.0,0.005
0.0,0.005
0.0,0.010
0.0,0.010
0.0,0.010
0.0,0.010
0.0,0.010
0.0,0.010
0.0,0.010
0.0,0.010
0.0,0.010
0.0,0.010
0.0,0.010
0.0,0.010
0.0,0.010
0.0,0.010
0.0,0.010
0.0,0.010
0.0,0.010
0.0,0.010
0.0,0.010
0.0,0.010
0.0,0.010
0.0,0.010
0.0,0.010
0.0,0.010
0.0,0.010
0.0,0.010
0.0,0.010
0.0,0.010
0.0,0.010
0.0,0.010
0.0,0.010
0.0,0.010
0.0,0.010
-0.1,0.010
-0.1,0.010
-0.1,0.010
-0.1,0.010
-0.1,0.010
-0.1,0.010
-0.1,0.010
-0.1,0.010
-0.1,0.010
0.0,0.010
0.0,0.010
0.0,0.010
0.0,0.010
0.0,0.010
0.0,0.010
0.0,0.010
0.0,0.010
0.0,0.010
0.0,0.010
0.0,0.010
0.0,0.010
0.0,0.010
0.0,0.010
0.0,0.010
0.0,0.010
0.0,0.010
0.0,0.010
0.0,0.010
0.0,0.010
0.1,0.010
0.0,0.010
0.0,0.010
0.0,0.010
0.0,0.010
0.0,0.010
0.0,0.010
0.0,0.010
0.0,0.010
0.0,0.010
0.0,0.010
0.0,0.010
0.0,0.010
0.0,0.010
0.0,0.010
0.0,0.010
0.0,0.010
0.0,0.010
0.0,0.010
0.0,0.010
0.0,0.010
0.0,0.010
0.0,0.010
0.0,0.010
0.0,0.010
0.0,0.010
0.0,0.010
0.0,0.010
0.0,0.010
0.0,0.010
0.0,0.010
0.0,0.010
0.0,0.010
0.0,0.010
0.0,0.010
0.0,0.010
0.0,0.010
0.0,0.010
0.0,0.010
0.0,0.010
0.0,0.010
0.0,0.010
0.0,0.010
0.0,0.010
0.0,0.010
0.0,0.010
0.0,0.010
0.0,0.010
0.0,0.010
0.0,0.010
0.0,0.010
0.0,0.010
0.0,0.010
0.0,0.010
0.0,0.010
0.0,0.010
0.0,0.010
0.0,0.010
0.0,0.010
0.0,0.010
0.0,0.010
0.0,0.010
0.0,0.010
0.0,0.010
0.0,0.010
0.0,0.010
0.0,0.010
0.0,0.010
0.0,0.010
0.0,0.010
0.0,0.010
0.0,0.010
0.0,0.010
0.0,0.010
0.0,0.010
0.0,0.010
0.0,0.010
0.0,0.010
0.0,0.010
0.0,0.010
0.0,0.010
0.0,0.010
0.0,0.010
0.0,0.010
0.0,0.010
0.0,0.010
0.0,0.010
0.0,0.010
0.0,0.010
0.0,0.010
0.0,0.010
0.0,0.010
0.0,0.010
0.0,0.010
0.0,0.010
0.0,0.010
0.1,0.010
0.1,0.010
0.1,0.010
0.1,0.010
0.1,0.010
0.1,0.010
0.1,0.010
0.1,0.010
0.1,0.010
0.1,0.010
0.1,0.010
0.0,0.010
0.0,0.010
-0.1,0.010
-0.1,0.010
-0.1,0.010
-0.1,0.010
-0.1,0.010
-0.1,0.010
-0.1,0.010
-0.1,0.010
-0.1,0.010
-0.1,0.010
0.0,0.010
0.0,0.010
0.0,0.010
0.0,0.010
0.0,0.010
0.0,0.010
0.0,0.010
0.0,0.010
0.0,0.010
-0.1,0.010
-0.1,0.010
0.0,0.010
0.0,0.010
0.0,0.010
0.0,0.010
0.0,0.010
0.0,0.010
0.1,0.010
0.1,0.010
0.1,0.010
0.1,0.010
0.1,0.010
0.1,0.010
0.1,0.010
0.1,0.010
0.1,0.010
0.0,0.010
-0.1,0.010
-0.1,0.010
-0.1,0.010
-0.1,0.010
-0.1,0.010
-0.1,0.010
-0.1,0.010
0.0,0.010
0.0,0.010
0.0,0.010
0.0,0.010
0.1,0.010
0.1,0.010
0.1,0.010
0.1,0.010
0.1,0.010
0.1,0.010
0.1,0.010
0.1,0.010
0.0,0.010
0.0,0.010
0.0,0.010
0.0,0.010
0.0,0.010
0.0,0.010
0.0,0.010
0.0,0.010
0.0,0.010
0.0,0.010
0.0,0.010
0.0,0.010
0.0,0.010
0.0,0.010
0.0,0.010
0.0,0.010
0.0,0.010
0.0,0.010
0.0,0.010
0.0,0.010
0.0,0.010
0.0,0.010
0.0,0.010
0.0,0.010
0.0,0.010
0.0,0.010
0.0,0.010
0.0,0.010
0.0,0.010
0.0,0.010
0.0,0.010
0.0,0.010
0.0,0.010
0.0,0.010
0.0,0.010
0.0,0.010
0.0,0.010
0.0,0.010
0.0,0.010
0.0,0.010
0.0,0.010
0.0,0.010
0.0,0.010
0.0,0.010
0.0,0.010
0.0,0.010
0.0,0.010
0.0,0.010
0.0,0.010
0.0,0.010
0.0,0.010
0.0,0.010
0.0,0.010
0.0,0.010
0.0,0.010
0.0,0.010
0.0,0.010
0.0,0.010
0.0,0.010
0.0,0.010
0.0,0.010
0.0,0.010
0.0,0.010
0.0,0.010
0.0,0.010
0.0,0.010
0.0,0.010
0.0,0.010
0.0,0.010
0.0,0.010
0.0,0.010
0.1,0.010
0.1,0.010
0.1,0.010
0.1,0.010
0.1,0.010
0.1,0.010
0.1,0.010
0.1,0.010
0.1,0.010
0.0,0.010
0.0,0.010
0.0,0.010
0.0,0.010
0.0,0.010
0.0,0.010
0.0,0.010
0.0,0.010
0.0,0.010
0.1,0.010
0.1,0.010
0.1,0.010
0.1,0.010
0.1,0.010
0.1,0.010
0.1,0.010
0.1,0.010
0.0,0.010
0.0,0.010
0.0,0.010
0.0,0.010
-0.1,0.010
-0.1,0.010
-0.1,0.010
-0.1,0.010
-0.1,0.010
-0.1,0.010
-0.1,0.010
0.0,0.010
0.0,0.010
0.0,0.010
0.0,0.010
0.0,0.010
0.0,0.010
0.0,0.010
0.0,0.010
0.0,0.010
0.0,0.010
0.0,0.010
-0.1,0.010
-0.1,0.010
-0.1,0.010
-0.1,0.010
-0.1,0.010
-0.1,0.010
-0.1,0.010
-0.1,0.010
0.0,0.010
0.0,0.010
0.1,0.010
0.1,0.010
0.0,0.010
0.0,0.010
0.0,0.010
0.0,0.010
0.0,0.010
0.0,0.010
0.0,0.010
0.0,0.010
0.0,0.010
0.0,0.010
0.0,0.010
0.0,0.010
0.0,0.010
0.0,0.010
0.0,0.010
0.0,0.010
0.0,0.010
0.0,0.010
0.1,0.010
0.1,0.010
0.1,0.010
0.1,0.010
0.1,0.010
0.1,0.010
0.1,0.010
0.0,0.010
0.0,0.010
-0.1,0.010
-0.1,0.010
-0.1,0.010
-0.1,0.010
-0.1,0.010
-0.1,0.010
-0.1,0.010
-0.1,0.010
0.1,0.010
0.1,0.010
0.1,0.010
0.1,0.010
0.1,0.010
0.1,0.010
0.1,0.010
0.1,0.010
0.1,0.010
0.1,0.010
0.0,0.010
0.0,0.010
-0.1,0.010
-0.1,0.010
-0.1,0.010
-0.1,0.010
-0.1,0.010
-0.1,0.010
-0.1,0.010
0.0,0.010
0.0,0.010
0.1,0.010
0.1,0.010
0.1,0.010
0.1,0.010
0.2,0.010
0.2,0.010
0.1,0.010
0.1,0.010
0.0,0.010
0.0,0.010
-0.1,0.010
-0.1,0.010
-0.1,0.010
-0.1,0.010
-0.1,0.010
-0.1,0.010
-0.1,0.010
0.0,0.010
0.0,0.010
0.1,0.010
0.1,0.010
0.2,0.010
0.2,0.010
0.2,0.010
0.2,0.010
0.1,0.010
0.1,0.010
0.0,0.010
0.0,0.010
-0.1,0.010
-0.1,0.010
-0.2,0.010
-0.2,0.010
-0.2,0.010
-0.1,0.010
-0.1,0.010
0.0,0.010
0.0,0.010
0.1,0.010
0.1,0.010
0.2,0.010
0.2,0.010
0.2,0.010
0.2,0.010
0.2,0.010
0.2,0.010
0.1,0.010
0.0,0.010
0.0,0.010
-0.1,0.010
-0.1,0.010
-0.1,0.010
-0.1,0.010
-0.1,0.010
-0.1,0.010
0.0,0.010
0.0,0.010
0.0,0.010
0.1,0.010
0.1,0.010
0.1,0.010
0.1,0.010
0.1,0.010
0.1,0.010
0.1,0.010
0.1,0.010
0.0,0.010
-0.1,0.010
-0.1,0.010
-0.1,0.010
-0.1,0.010
-0.2,0.010
-0.2,0.010
-0.1,0.010
-0.1,0.010
0.0,0.010
0.0,0.010
0.0,0.010
0.1,0.010
0.1,0.010
0.1,0.010
0.2,0.010
0.1,0.010
0.1,0.010
0.1,0.010
0.1,0.010
0.0,0.010
0.0,0.010
-0.1,0.010
-0.1,0.010
-0.1,0.010
-0.1,0.010
-0.1,0.010
-0.1,0.010
-0.1,0.010
-0.1,0.010
0.0,0.010
0.0,0.010
0.0,0.010
0.1,0.010
0.1,0.010
0.1,0.010
0.1,0.010
0.1,0.010
0.1,0.010
0.1,0.010
0.0,0.010
0.0,0.010
0.0,0.010
-0.1,0.010
-0.1,0.010
-0.1,0.010
-0.1,0.010
-0.1,0.010
-0.1,0.010
-0.1,0.010
-0.1,0.010
-0.1,0.010
0.1,0.010
0.1,0.010
0.1,0.010
0.1,0.010
0.1,0.010
0.1,0.010
0.1,0.010
0.0,0.010
0.0,0.010
-0.1,0.010
-0.1,0.010
-0.1,0.010
-0.1,0.010
-0.1,0.010
-0.1,0.010
-0.1,0.010
0.0,0.010
0.0,0.010
0.0,0.010
0.0,0.010
0.1,0.010
0.1,0.010
0.1,0.010
0.1,0.015
0.1,0.015
0.1,0.015
0.1,0.015
0.0,0.015
-0.1,0.015
-0.1,0.015
-0.1,0.015
-0.1,0.015
-0.1,0.015
-0.1,0.015
-0.1,0.015
-0.1,0.015
0.1,0.015
0.1,0.015
0.1,0.015
0.1,0.015
0.1,0.015
0.1,0.015
0.1,0.015
0.1,0.015
0.0,0.015
0.0,0.015
-0.1,0.015
-0.1,0.015
-0.1,0.015
-0.1,0.015
-0.1,0.015
-0.1,0.015
-0.1,0.015
0.0,0.015
0.0,0.015
0.1,0.015
0.1,0.015
0.1,0.015
0.1,0.015
0.1,0.015
0.1,0.015
0.1,0.015
0.1,0.015
0.0,0.015
-0.1,0.015
-0.1,0.015
-0.1,0.015
-0.1,0.015
-0.1,0.015
-0.1,0.015
0.0,0.015
0.0,0.015
0.0,0.015
0.0,0.015
0.0,0.015
0.1,0.015
0.0,0.015
0.0,0.015
0.0,0.015
0.0,0.015
0.0,0.015
0.0,0.015
-0.1,0.015
-0.1,0.015
-0.1,0.015
-0.1,0.015
-0.1,0.015
-0.1,0.015
-0.1,0.015
0.0,0.015
0.0,0.015
0.1,0.015
0.1,0.015
0.1,0.015
0.1,0.015
0.1,0.015
0.1,0.015
0.1,0.015
0.1,0.015
0.1,0.015
0.1,0.015
0.0,0.015
0.0,0.015
-0.1,0.015
-0.1,0.015
-0.1,0.015
-0.1,0.015
-0.1,0.015
-0.1,0.015
-0.1,0.015
0.0,0.015
0.0,0.015
0.1,0.015
0.1,0.015
0.1,0.015
0.1,0.015
0.1,0.015
0.1,0.015
0.1,0.015
0.1,0.015
0.0,0.015
-0.1,0.015
-0.1,0.015
-0.1,0.015
-0.1,0.015
-0.1,0.015
-0.1,0.015
-0.1,0.015
-0.1,0.015
-0.1,0.015
0.0,0.015
0.0,0.015
0.0,0.015
0.1,0.015
0.1,0.015
0.1,0.015
0.1,0.015
0.1,0.015
0.1,0.015
0.1,0.015
0.0,0.015
0.0,0.015
-0.1,0.015
-0.1,0.015
-0.1,0.015
-0.1,0.015
-0.1,0.015
-0.1,0.015
-0.1,0.015
0.0,0.015
0.0,0.015
0.1,0.015
0.1,0.015
0.1,0.015
0.1,0.015
0.1,0.015
0.1,0.015
0.1,0.015
0.1,0.015
0.0,0.015
0.0,0.015
0.0,0.015
-0.1,0.015
-0.1,0.015
-0.1,0.015
-0.1,0.015
-0.1,0.015
-0.1,0.015
-0.1,0.015
0.0,0.015
0.1,0.015
0.1,0.015
0.1,0.015
0.2,0.015
0.2,0.015
0.2,0.015
0.1,0.015
0.1,0.015
0.0,0.015
0.0,0.015
-0.1,0.015
-0.1,0.015
-0.2,0.015
-0.1,0.015
-0.1,0.015
-0.1,0.015
-0.1,0.015
0.0,0.015
0.0,0.015
0.0,0.015
0.1,0.015
0.1,0.015
0.1,0.015
0.1,0.015
0.1,0.015
0.1,0.015
0.1,0.015
0.1,0.015
0.1,0.015
0.0,0.015
0.0,0.015
0.0,0.015
-0.1,0.015
-0.1,0.015
-0.1,0.015
-0.1,0.015
-0.1,0.015
-0.1,0.015
0.0,0.015
0.0,0.015
0.1,0.015
0.1,0.015
0.1,0.015
0.1,0.015
0.1,0.015
0.1,0.015
0.1,0.015
0.1,0.015
0.0,0.015
0.0,0.015
-0.1,0.015
-0.1,0.015
-0.1,0.015
-0.1,0.015
-0.1,0.015
-0.1,0.015
-0.1,0.015
-0.1,0.015
-0.1,0.015
0.0,0.015
0.0,0.015
0.1,0.015
0.1,0.015
0.1,0.015
0.1,0.015
0.1,0.015
0.1,0.015
0.1,0.015
0.0,0.015
0.0,0.015
-0.1,0.015
-0.1,0.015
-0.1,0.015
-0.1,0.015
-0.1,0.015
-0.1,0.015
-0.1,0.015
-0.1,0.015
0.0,0.015
0.1,0.015
0.1,0.015
0.1,0.015
0.1,0.015
0.1,0.015
0.1,0.015
0.1,0.015
0.1,0.015
0.1,0.015
0.0,0.015
-0.1,0.015
-0.1,0.015
-0.1,0.015
-0.1,0.015
-0.2,0.015
-0.2,0.015
-0.1,0.015
-0.1,0.015
0.0,0.015
0.0,0.015
0.1,0.015
0.1,0.015
0.1,0.015
0.1,0.015
0.1,0.015
0.1,0.015
0.1,0.015
0.1,0.015
0.0,0.015
0.0,0.015
-0.1,0.015
-0.1,0.015
-0.1,0.015
-0.2,0.015
-0.2,0.015
-0.2,0.015
-0.1,0.015
-0.1,0.015
0.0,0.015
0.1,0.015
0.1,0.015
0.1,0.015
0.1,0.015
0.1,0.015
0.1,0.015
0.1,0.015
0.1,0.015
0.1,0.015
0.0,0.015
0.0,0.015
-0.1,0.015
-0.1,0.015
-0.1,0.015
-0.1,0.015
-0.1,0.015
-0.1,0.015
0.0,0.015
0.0,0.015
0.0,0.015
0.1,0.015
0.1,0.015
0.1,0.015
0.1,0.015
0.1,0.015
0.1,0.015
0.1,0.015
0.0,0.015
0.0,0.015
-0.1,0.015
-0.1,0.015
-0.1,0.015
-0.1,0.015
-0.1,0.015
-0.1,0.015
-0.1,0.015
-0.1,0.015
0.0,0.015
0.1,0.015
0.1,0.015
0.1,0.015
0.2,0.015
0.2,0.015
0.2,0.015
0.1,0.015
0.1,0.015
0.0,0.015
-0.1,0.015
-0.1,0.015
-0.1,0.015
-0.1,0.015
-0.2,0.015
-0.2,0.015
-0.2,0.015
-0.2,0.015
-0.1,0.015
0.0,0.015
0.0,0.015
0.1,0.015
0.1,0.015
0.1,0.015
0.2,0.015
0.2,0.015
0.1,0.015
0.1,0.015
0.0,0.015
0.0,0.015
-0.1,0.015
-0.2,0.015
-0.2,0.015
-0.2,0.015
-0.2,0.015
-0.2,0.015
-0.2,0.015
-0.1,0.015
0.0,0.015
0.0,0.015
0.1,0.015
0.1,0.015
0.2,0.015
0.2,0.015
0.2,0.015
0.2,0.015
0.2,0.015
0.1,0.015
0.1,0.015
0.0,0.015
-0.1,0.015
-0.1,0.015
-0.1,0.015
-0.2,0.015
-0.2,0.015
-0.2,0.015
-0.2,0.015
-0.2,0.015
-0.1,0.015
-0.1,0.015
0.0,0.015
0.1,0.015
0.1,0.015
0.1,0.015
0.1,0.015
0.1,0.015
0.1,0.015
0.1,0.015
0.1,0.015
0.0,0.015
-0.1,0.015
-0.1,0.015
-0.1,0.015
-0.1,0.015
-0.2,0.015
-0.2,0.015
-0.2,0.015
-0.2,0.015
-0.1,0.015
-0.1,0.015
0.0,0.015
0.1,0.015
0.1,0.015
0.2,0.015
0.2,0.015
0.2,0.015
0.2,0.015
0.2,0.015
0.1,0.015
0.1,0.015
0.0,0.015
0.0,0.015
-0.1,0.015
-0.1,0.015
-0.2,0.015
-0.2,0.015
-0.2,0.015
-0.2,0.015
-0.1,0.015
-0.1,0.015
0.0,0.015
0.1,0.015
0.1,0.015
0.2,0.015
0.2,0.015
0.2,0.015
0.2,0.015
0.1,0.015
0.1,0.015
0.0,0.015
-0.1,0.015
-0.1,0.015
-0.1,0.015
-0.2,0.015
-0.2,0.015
-0.2,0.015
-0.1,0.015
-0.1,0.015
-0.1,0.015
0.0,0.015
0.0,0.015
0.1,0.015
0.2,0.015
0.2,0.015
0.2,0.015
0.2,0.015
0.2,0.015
0.2,0.015
0.1,0.015
0.0,0.015
0.0,0.015
-0.1,0.015
-0.1,0.015
-0.2,0.015
-0.2,0.015
-0.2,0.015
-0.2,0.015
-0.1,0.015
0.0,0.015
0.0,0.015
0.1,0.015
0.1,0.015
0.2,0.015
0.2,0.015
0.2,0.015
0.2,0.015
0.2,0.015
0.1,0.015
0.1,0.015
0.0,0.015
-0.1,0.015
-0.1,0.015
-0.1,0.015
-0.1,0.015
-0.1,0.015
-0.1,0.015
-0.1,0.015
-0.1,0.015
0.0,0.015
0.0,0.015
0.1,0.015
0.1,0.015
0.1,0.015
0.1,0.015
0.1,0.015
0.1,0.015
0.1,0.015
0.1,0.015
0.1,0.015
0.0,0.015
0.0,0.015
0.0,0.015
0.0,0.015
-0.1,0.015
-0.1,0.015
-0.1,0.015
-0.1,0.015
-0.1,0.015
-0.1,0.015
-0.1,0.015
0.0,0.015
0.1,0.015
0.1,0.015
0.1,0.015
0.1,0.015
0.1,0.015
0.1,0.015
0.1,0.015
0.1,0.015
0.1,0.015
0.0,0.015
0.0,0.015
-0.1,0.015
-0.1,0.015
-0.1,0.015
-0.1,0.015
-0.1,0.015
-0.1,0.015
-0.1,0.015
-0.1,0.015
0.0,0.015
0.1,0.015
0.1,0.015
0.1,0.015
0.1,0.015
0.1,0.015
0.1,0.015
0.1,0.015
0.1,0.015
0.0,0.015
0.0,0.015
-0.1,0.015
-0.1,0.015
-0.1,0.015
-0.1,0.015
-0.1,0.015
-0.1,0.015
-0.1,0.015
-0.1,0.015
0.1,0.015
0.1,0.015
0.1,0.015
0.1,0.015
0.2,0.015
0.2,0.015
0.2,0.015
0.2,0.015
0.2,0.015
0.0,0.015
0.0,0.015
-0.1,0.015
-0.1,0.015
-0.1,0.015
-0.1,0.015
-0.1,0.015
-0.1,0.015
-0.1,0.015
0.0,0.015
-0.1,0.015
0.0,0.015
0.1,0.015
0.1,0.015
0.1,0.015
0.1,0.015
0.1,0.015
0.1,0.015
0.1,0.015
0.1,0.015
0.0,0.015
0.0,0.015
0.0,0.015
0.0,0.015
0.0,0.015
0.0,0.015
0.0,0.015
0.0,0.015
0.0,0.015
0.1,0.015
0.1,0.015
0.1,0.015
0.1,0.015
0.1,0.015
0.1,0.015
0.0,0.015
0.0,0.020
0.0,0.020
-0.1,0.020
-0.1,0.020
-0.1,0.020
-0.2,0.020
-0.1,0.020
-0.1,0.020
-0.1,0.020
-0.1,0.020
-0.1,0.020
0.0,0.020
0.0,0.020
0.0,0.020
0.0,0.020
0.0,0.020
0.0,0.020
0.0,0.020
0.0,0.020
0.0,0.020
0.0,0.020
0.0,0.020
-0.1,0.020
-0.1,0.020
-0.1,0.020
-0.1,0.020
-0.1,0.020
-0.1,0.020
-0.1,0.020
-0.1,0.020
-0.1,0.020
-0.1,0.020
0.0,0.020
0.0,0.020
0.1,0.020
0.1,0.020
0.1,0.020
0.1,0.020
0.1,0.020
0.1,0.020
0.1,0.020
0.1,0.020
0.0,0.020
0.0,0.020
-0.1,0.020
-0.1,0.020
-0.1,0.020
-0.1,0.020
-0.1,0.020
-0.1,0.020
-0.1,0.020
0.0,0.020
0.0,0.020
0.1,0.020
0.1,0.020
0.1,0.020
0.1,0.020
0.1,0.020
0.1,0.020
0.1,0.020
0.1,0.020
0.0,0.020
-0.1,0.020
-0.1,0.020
-0.1,0.020
-0.1,0.020
-0.1,0.020
-0.1,0.020
-0.1,0.020
-0.1,0.020
0.0,0.020
0.0,0.020
0.1,0.020
0.1,0.020
0.1,0.020
0.1,0.020
0.1,0.020
0.1,0.020
0.1,0.020
0.1,0.020
0.0,0.020
0.0,0.020
0.0,0.020
-0.1,0.020
-0.1,0.020
-0.1,0.020
-0.1,0.020
-0.1,0.020
-0.1,0.020
-0.1,0.020
0.0,0.020
0.0,0.020
0.1,0.020
0.1,0.020
0.1,0.020
0.2,0.020
0.2,0.020
0.2,0.020
0.2,0.020
0.2,0.020
0.0,0.020
0.0,0.020
-0.1,0.020
-0.1,0.020
-0.1,0.020
-0.2,0.020
-0.2,0.020
-0.2,0.020
-0.1,0.020
-0.1,0.020
-0.1,0.020
0.0,0.020
0.1,0.020
0.1,0.020
0.1,0.020
0.1,0.020
0.1,0.020
0.1,0.020
0.1,0.020
0.0,0.020
0.0,0.020
-0.1,0.020
-0.1,0.020
-0.1,0.020
-0.2,0.020
-0.2,0.020
-0.1,0.020
-0.1,0.020
-0.1,0.020
0.0,0.020
0.0,0.020
0.0,0.020
0.1,0.020
0.1,0.020
0.1,0.020
0.1,0.020
0.1,0.020
0.1,0.020
0.1,0.020
0.0,0.020
0.1,0.020
-0.1,0.020
-0.1,0.020
-0.1,0.020
-0.1,0.020
-0.1,0.020
-0.1,0.020
-0.1,0.020
-0.1,0.020
-0.1,0.020
0.0,0.020
0.0,0.020
0.1,0.020
0.1,0.020
0.1,0.020
0.1,0.020
0.1,0.020
0.1,0.020
0.1,0.020
0.1,0.020
0.0,0.020
0.0,0.020
-0.1,0.020
-0.1,0.020
-0.2,0.020
-0.2,0.020
-0.2,0.020
-0.2,0.020
-0.2,0.020
-0.1,0.020
0.0,0.020
0.0,0.020
0.1,0.020
0.1,0.020
0.1,0.020
0.1,0.020
0.1,0.020
0.1,0.020
0.1,0.020
0.1,0.020
0.0,0.020
0.0,0.020
-0.1,0.020
-0.1,0.020
-0.1,0.020
-0.1,0.020
-0.2,0.020
-0.1,0.020
-0.1,0.020
-0.1,0.020
0.0,0.020
0.0,0.020
0.0,0.020
0.1,0.020
0.1,0.020
0.1,0.020
0.1,0.020
0.1,0.020
0.1,0.020
0.1,0.020
0.0,0.020
-0.1,0.020
-0.1,0.020
-0.1,0.020
-0.2,0.020
-0.2,0.020
-0.2,0.020
-0.2,0.020
-0.1,0.020
0.0,0.020
0.1,0.020
0.1,0.020
0.2,0.020
0.2,0.020
0.2,0.020
0.2,0.020
0.2,0.020
0.2,0.020
0.1,0.020
0.0,0.020
0.0,0.020
-0.1,0.020
-0.1,0.020
-0.1,0.020
-0.1,0.020
-0.1,0.020
-0.1,0.020
-0.1,0.020
0.0,0.020
0.0,0.020
0.1,0.020
0.1,0.020
0.1,0.020
0.1,0.020
0.1,0.020
0.1,0.020
0.1,0.020
0.1,0.020
0.1,0.020
0.0,0.020
-0.1,0.020
-0.1,0.020
-0.1,0.020
-0.2,0.020
-0.2,0.020
-0.1,0.020
-0.1,0.020
-0.1,0.020
0.0,0.020
0.0,0.020
0.0,0.020
0.1,0.020
0.1,0.020
0.1,0.020
0.1,0.020
0.1,0.020
0.0,0.020
0.1,0.020
0.0,0.020
-0.1,0.020
-0.1,0.020
-0.1,0.020
-0.1,0.020
-0.1,0.020
-0.1,0.020
-0.1,0.020
-0.1,0.020
-0.1,0.020
0.0,0.020
0.0,0.020
0.1,0.020
0.1,0.020
0.1,0.020
0.1,0.020
0.1,0.020
0.0,0.020
0.1,0.020
0.0,0.020
-0.1,0.020
-0.1,0.020
-0.1,0.020
-0.1,0.020
-0.1,0.020
-0.1,0.020
-0.1,0.020
-0.1,0.020
-0.1,0.020
0.0,0.025
0.0,0.025
0.1,0.025
0.1,0.025
0.1,0.025
0.1,0.025
0.1,0.025
0.1,0.025
0.1,0.025
0.1,0.025
0.1,0.025
0.1,0.025
0.1,0.025
0.1,0.025
0.0,0.025
0.0,0.025
0.0,0.025
0.0,0.025
0.0,0.025
0.0,0.025
0.0,0.025
0.0,0.025
0.1,0.025
0.1,0.025
0.1,0.025
0.1,0.025
0.1,0.025
0.1,0.025
0.1,0.025
0.0,0.025
0.0,0.025
0.0,0.025
-0.1,0.025
-0.1,0.025
-0.1,0.025
-0.1,0.025
-0.1,0.025
-0.1,0.025
-0.1,0.025
0.0,0.025
0.0,0.025
0.1,0.025
0.1,0.025
0.1,0.025
0.1,0.025
0.1,0.025
0.1,0.025
0.1,0.025
0.1,0.025
0.0,0.025
0.0,0.025
-0.1,0.025
-0.1,0.025
-0.1,0.025
-0.1,0.025
-0.1,0.025
-0.1,0.025
-0.1,0.025
0.0,0.025
-0.1,0.025
0.0,0.025
0.1,0.025
0.1,0.025
0.1,0.025
0.1,0.025
0.1,0.025
0.1,0.025
0.1,0.025
0.0,0.025
0.0,0.025
-0.1,0.025
-0.1,0.025
-0.1,0.025
-0.1,0.025
-0.1,0.025
-0.1,0.025
-0.1,0.025
0.0,0.025
0.1,0.025
0.1,0.025
0.1,0.025
0.1,0.025
0.1,0.025
0.1,0.025
0.1,0.025
0.1,0.025
0.1,0.025
0.0,0.025
0.0,0.025
0.0,0.025
0.0,0.025
0.0,0.025
0.0,0.025
0.0,0.025
0.0,0.025
0.0,0.025
0.0,0.025
0.0,0.025
0.0,0.025
0.1,0.025
0.1,0.025
0.1,0.025
0.1,0.025
0.1,0.025
0.1,0.025
0.1,0.025
0.1,0.025
0.0,0.025
0.0,0.025
0.0,0.025
0.0,0.025
0.0,0.025
0.0,0.025
0.0,0.025
0.0,0.025
0.0,0.025
0.0,0.025
0.0,0.025
0.0,0.025
0.0,0.025
0.0,0.025
0.0,0.025
0.0,0.025
0.0,0.025
0.1,0.025
0.1,0.025
0.1,0.025
0.1,0.025
0.1,0.025
0.1,0.025
0.1,0.025
0.0,0.025
0.0,0.025
0.0,0.025
0.0,0.025
0.0,0.025
0.0,0.025
0.0,0.025
0.0,0.025
0.1,0.025
0.1,0.025
0.1,0.025
0.1,0.025
0.1,0.025
0.1,0.025
0.1,0.025
0.0,0.025
0.0,0.025
-0.1,0.025
-0.1,0.025
-0.1,0.025
-0.1,0.025
-0.1,0.025
-0.1,0.025
-0.1,0.025
-0.1,0.025
0.0,0.025
0.0,0.025
0.1,0.025
0.1,0.025
0.1,0.025
0.1,0.025
0.1,0.025
0.1,0.025
0.1,0.025
0.1,0.025
-0.1,0.025
-0.1,0.025
-0.1,0.025
-0.2,0.025
-0.2,0.025
-0.2,0.025
-0.2,0.025
-0.1,0.025
-0.1,0.025
0.0,0.025
0.0,0.025
0.1,0.025
0.1,0.025
0.2,0.025
0.2,0.025
0.2,0.025
0.2,0.025
0.2,0.025
0.1,0.025
0.0,0.025
0.0,0.025
-0.1,0.025
-0.1,0.025
-0.2,0.025
-0.2,0.030
-0.2,0.030
-0.2,0.030
-0.2,0.030
-0.1,0.030
0.0,0.030
0.0,0.030
0.1,0.030
0.1,0.030
0.2,0.030
0.2,0.030
0.2,0.030
0.2,0.030
0.1,0.030
0.1,0.030
0.0,0.030
-0.1,0.030
-0.1,0.030
-0.2,0.030
-0.2,0.030
-0.2,0.030
-0.2,0.030
-0.2,0.030
-0.2,0.030
0.0,0.030
0.0,0.030
0.1,0.030
0.1,0.030
0.2,0.030
0.2,0.030
0.2,0.030
0.2,0.030
0.2,0.030
0.2,0.030
0.1,0.030
0.1,0.030
0.0,0.030
-0.1,0.030
-0.1,0.030
-0.1,0.030
-0.2,0.030
-0.2,0.030
-0.2,0.030
-0.2,0.030
-0.1,0.030
0.0,0.030
0.0,0.030
0.1,0.030
0.1,0.030
0.2,0.030
0.2,0.030
0.2,0.030
0.2,0.030
0.2,0.030
0.1,0.030
0.1,0.030
0.0,0.030
-0.1,0.030
-0.1,0.030
-0.2,0.030
-0.2,0.030
-0.2,0.030
-0.2,0.030
-0.1,0.030
-0.1,0.030
0.0,0.030
0.0,0.030
0.1,0.030
0.1,0.030
0.1,0.030
0.1,0.030
0.1,0.030
0.1,0.030
0.1,0.030
0.1,0.030
0.0,0.030
0.0,0.030
-0.1,0.030
-0.1,0.030
-0.1,0.030
-0.1,0.030
-0.1,0.030
-0.1,0.030
-0.1,0.030
0.0,0.030
0.0,0.030
0.0,0.030
0.1,0.030
0.1,0.030
0.1,0.030
0.2,0.030
0.2,0.030
0.2,0.030
0.2,0.030
0.2,0.030
0.0,0.030
0.0,0.030
-0.1,0.030
-0.1,0.030
-0.1,0.030
-0.1,0.030
-0.1,0.030
-0.1,0.030
-0.1,0.030
0.0,0.030
0.1,0.030
0.1,0.030
0.1,0.030
0.1,0.030
0.1,0.030
0.1,0.030
0.1,0.030
0.1,0.030
0.1,0.030
0.0,0.030
0.0,0.030
0.0,0.030
-0.1,0.030
-0.1,0.030
-0.1,0.030
-0.1,0.030
-0.1,0.030
-0.1,0.030
-0.1,0.030
-0.1,0.030
-0.1,0.030
0.1,0.030
0.1,0.030
0.1,0.030
0.1,0.030
0.1,0.030
0.1,0.030
0.1,0.030
0.1,0.030
0.1,0.030
0.0,0.030
0.0,0.030
-0.1,0.030
-0.1,0.030
-0.1,0.030
-0.1,0.030
-0.1,0.030
-0.1,0.030
-0.1,0.030
0.0,0.030
0.1,0.030
0.1,0.030
0.1,0.030
0.1,0.035
0.1,0.035
0.1,0.035
0.1,0.035
0.0,0.035
0.0,0.035
-0.1,0.035
-0.1,0.035
-0.1,0.035
-0.1,0.035
-0.1,0.035
-0.1,0.035
0.0,0.035
0.1,0.035
0.1,0.035
0.0,0.035
0.0,0.035
0.0,0.035
0.0,0.035
0.0,0.035
0.0,0.035
0.0,0.035
0.0,0.035
0.0,0.035
0.0,0.035
0.0,0.035
0.0,0.035
0.0,0.035
0.0,0.035
0.0,0.035
0.0,0.035
0.0,0.035
0.0,0.035
0.0,0.035
0.0,0.035
0.0,0.035
0.0,0.035
0.0,0.035
0.0,0.035
0.0,0.035
0.0,0.035
0.0,0.035
0.0,0.035
0.0,0.035
0.0,0.035
0.0,0.035
0.0,0.035
0.0,0.035
0.0,0.035
0.0,0.035
0.0,0.035
0.0,0.035
0.0,0.035
0.0,0.035
0.0,0.035
0.0,0.035
0.0,0.035
0.0,0.035
0.0,0.035
0.0,0.035
0.0,0.035
0.0,0.035
0.0,0.035
0.0,0.035
0.0,0.035
0.0,0.035
0.0,0.035
-0.1,0.035
-0.1,0.035
-0.1,0.035
-0.1,0.035
-0.1,0.035
-0.1,0.035
-0.1,0.035
0.0,0.035
0.0,0.035
0.0,0.035
0.0,0.035
0.0,0.035
0.0,0.035
0.0,0.035
0.0,0.035
0.0,0.035
0.0,0.035
0.0,0.035
0.0,0.035
0.0,0.035
0.0,0.035
0.0,0.035
0.0,0.035
0.0,0.035
0.1,0.035
0.1,0.035
0.1,0.035
0.1,0.035
0.1,0.035
0.1,0.035
0.0,0.035
0.1,0.035
0.0,0.035
0.0,0.035
0.0,0.035
-0.1,0.035
-0.1,0.035
-0.1,0.035
-0.1,0.035
-0.1,0.035
-0.1,0.035
-0.1,0.035
0.0,0.035
0.0,0.035
0.1,0.035
0.1,0.035
0.1,0.035
0.1,0.035
0.1,0.035
0.0,0.035
0.0,0.035
-0.1,0.035
-0.1,0.035
-0.2,0.035
-0.2,0.035
-0.2,0.035
-0.2,0.035
-0.2,0.035
-0.1,0.035
-0.1,0.035
0.0,0.035
0.0,0.035
0.0,0.035
0.1,0.035
0.1,0.035
0.1,0.035
0.1,0.035
0.1,0.035
0.1,0.040
0.0,0.040
0.0,0.040
-0.1,0.040
-0.1,0.040
-0.1,0.040
-0.2,0.040
-0.2,0.040
-0.2,0.040
-0.1,0.040
-0.1,0.040
0.0,0.040
0.0,0.040
0.1,0.040
0.1,0.040
0.1,0.040
0.1,0.040
0.2,0.040
0.2,0.040
0.2,0.040
0.1,0.040
0.0,0.040
0.0,0.040
-0.1,0.040
-0.1,0.040
-0.1,0.040
-0.1,0.040
-0.1,0.040
-0.1,0.040
-0.1,0.040
0.0,0.040
0.0,0.040
0.1,0.040
0.1,0.040
0.1,0.040
0.2,0.040
0.2,0.040
0.2,0.040
0.1,0.040
0.1,0.040
0.1,0.040
0.0,0.040
0.0,0.040
0.0,0.040
-0.1,0.040
-0.1,0.040
-0.1,0.040
-0.1,0.040
-0.1,0.040
-0.1,0.040
-0.1,0.040
0.0,0.040
0.1,0.040
0.1,0.040
0.1,0.040
0.1,0.040
0.1,0.040
0.1,0.040
0.0,0.040
0.1,0.040
0.0,0.040
0.0,0.040
-0.1,0.040
-0.1,0.040
-0.1,0.040
-0.1,0.040
-0.1,0.040
-0.1,0.040
-0.1,0.040
-0.1,0.040
-0.1,0.040
-0.1,0.040
-0.1,0.040
0.0,0.040
0.0,0.040
0.0,0.040
0.0,0.040
0.0,0.040
0.0,0.040
0.0,0.040
0.0,0.040
0.0,0.040
0.0,0.040
0.0,0.040
0.0,0.040
0.0,0.040
0.0,0.040
0.0,0.040
0.0,0.040
0.0,0.040
0.0,0.040
0.0,0.040
0.1,0.040
0.1,0.040
0.1,0.040
0.1,0.040
0.1,0.040
0.1,0.040
0.1,0.040
0.0,0.040
0.0,0.040
0.0,0.040
0.0,0.045
0.0,0.045
0.0,0.045
0.0,0.045
0.0,0.045
0.0,0.045
0.0,0.045
0.0,0.045
0.0,0.045
0.0,0.045
0.0,0.045
0.0,0.045
0.0,0.045
0.0,0.045
0.0,0.045
0.0,0.045
0.0,0.045
0.0,0.045
0.0,0.045
0.0,0.045
0.0,0.045
0.0,0.045
-0.1,0.045
-0.1,0.045
-0.1,0.045
-0.1,0.045
-0.1,0.045
-0.1,0.045
-0.1,0.045
-0.1,0.045
0.0,0.045
0.0,0.045
0.0,0.045
0.0,0.045
0.0,0.045
0.0,0.045
0.0,0.045
0.0,0.045
0.0,0.045
0.0,0.045
0.0,0.045
0.0,0.045
0.0,0.045
0.0,0.045
0.0,0.045
0.0,0.045
0.0,0.045
0.0,0.045
0.0,0.045
0.0,0.045
0.0,0.045
0.0,0.045
0.0,0.045
0.0,0.045
0.0,0.045
0.0,0.045
0.0,0.045
0.0,0.045
0.0,0.045
0.0,0.045
0.0,0.045
0.0,0.045
0.0,0.045
0.0,0.045
0.0,0.045
0.0,0.045
0.0,0.045
0.0,0.045
0.0,0.045
0.0,0.045
-0.1,0.045
-0.1,0.045
-0.1,0.045
-0.1,0.045
-0.1,0.045
0.1,0.045
0.1,0.045
0.1,0.045
0.1,0.045
0.1,0.045
0.1,0.045
0.1,0.045
0.1,0.045
0.1,0.045
0.0,0.045
0.0,0.045
0.0,0.045
-0.1,0.050
-0.1,0.050
-0.1,0.050
-0.1,0.050
-0.1,0.050
-0.1,0.050
-0.1,0.050
0.1,0.050
0.1,0.050
0.1,0.050
0.1,0.050
0.1,0.050
0.1,0.050
0.1,0.050
0.0,0.050
0.1,0.050
0.0,0.050
-0.1,0.050
-0.1,0.050
-0.1,0.050
-0.1,0.050
-0.1,0.050
-0.1,0.050
-0.1,0.050
-0.1,0.050
0.0,0.050
0.1,0.050
0.1,0.050
0.1,0.050
0.2,0.050
0.2,0.050
0.2,0.050
0.2,0.050
0.1,0.050
0.0,0.050
-0.1,0.050
-0.1,0.050
-0.2,0.050
-0.2,0.050
-0.2,0.050
-0.2,0.050
-0.2,0.050
-0.2,0.050
-0.2,0.050
0.0,0.050
0.0,0.050
0.1,0.050
0.1,0.050
0.2,0.050
0.2,0.050
0.2,0.050
0.2,0.050
0.1,0.050
0.0,0.050
0.0,0.050
0.0,0.050
0.0,0.050
-0.1,0.050
-0.1,0.050
-0.1,0.050
-0.1,0.050
-0.1,0.050
-0.1,0.050
-0.1,0.050
0.0,0.050
0.0,0.050
0.1,0.050
0.1,0.050
0.1,0.050
0.1,0.050
0.1,0.050
0.1,0.050
0.1,0.050
0.1,0.050
0.0,0.050
0.0,0.055
-0.1,0.055
-0.1,0.055
-0.1,0.055
-0.1,0.055
-0.1,0.055
-0.1,0.055
-0.1,0.055
0.0,0.055
0.0,0.055
0.1,0.055
0.1,0.055
0.1,0.055
0.1,0.055
0.1,0.055
0.1,0.055
0.1,0.055
0.0,0.055
0.0,0.055
0.0,0.055
0.0,0.055
0.0,0.055
-0.1,0.055
-0.1,0.055
-0.1,0.055
-0.1,0.055
-0.1,0.055
-0.1,0.055
-0.1,0.055
0.1,0.055
0.1,0.055
0.1,0.055
0.1,0.055
0.1,0.055
0.1,0.055
0.1,0.055
0.1,0.055
0.0,0.055
0.0,0.055
-0.1,0.055
-0.1,0.055
-0.1,0.055
-0.1,0.055
-0.1,0.055
-0.1,0.055
-0.1,0.055
-0.1,0.055
0.0,0.055
0.0,0.055
0.1,0.055
0.1,0.055
0.1,0.055
0.1,0.055
0.1,0.055
0.1,0.055
0.1,0.055
0.1,0.055
0.0,0.055
0.0,0.055
-0.1,0.055
-0.1,0.055
-0.1,0.055
-0.1,0.055
-0.1,0.055
0.0,0.055
0.0,0.055
0.0,0.055
0.1,0.055
0.1,0.055
0.2,0.055
0.2,0.055
0.2,0.055
0.1,0.055
0.1,0.055
0.0,0.055
0.0,0.055
-0.1,0.055
-0.1,0.055
-0.2,0.055
-0.2,0.060
-0.2,0.060
-0.2,0.060
-0.1,0.060
-0.1,0.060
-0.1,0.060
0.0,0.060
0.1,0.060
0.1,0.060
0.1,0.060
0.2,0.060
0.1,0.060
0.1,0.060
0.1,0.060
0.0,0.060
0.0,0.060
-0.1,0.060
-0.2,0.060
-0.2,0.060
-0.2,0.060
-0.2,0.060
-0.2,0.060
-0.2,0.060
-0.1,0.060
-0.1,0.060
0.0,0.060
0.1,0.060
0.2,0.060
0.2,0.060
0.2,0.060
0.2,0.060
0.2,0.060
0.2,0.060
0.1,0.060
0.0,0.060
0.0,0.060
-0.1,0.060
-0.1,0.060
-0.2,0.060
-0.2,0.060
-0.2,0.060
-0.1,0.060
-0.1,0.060
0.0,0.060
0.1,0.060
0.1,0.060
0.2,0.060
0.2,0.060
0.2,0.060
0.2,0.060
0.2,0.060
0.2,0.060
0.1,0.060
0.1,0.060
0.0,0.060
-0.1,0.060
-0.2,0.060
-0.2,0.060
-0.2,0.060
-0.2,0.060
-0.2,0.060
-0.2,0.060
-0.1,0.060
-0.1,0.060
0.0,0.060
0.1,0.060
0.1,0.060
0.1,0.065
0.2,0.065
0.2,0.065
0.2,0.065
0.2,0.065
0.1,0.065
0.0,0.065
0.0,0.065
-0.1,0.065
-0.1,0.065
-0.2,0.065
-0.2,0.065
-0.2,0.065
-0.2,0.065
-0.2,0.065
-0.2,0.065
-0.1,0.065
0.0,0.065
0.1,0.065
0.1,0.065
0.2,0.065
0.2,0.065
0.2,0.065
0.2,0.065
0.2,0.065
0.2,0.065
0.1,0.065
0.1,0.065
0.0,0.065
0.0,0.065
-0.1,0.065
-0.1,0.065
-0.2,0.065
-0.2,0.065
-0.2,0.065
-0.1,0.065
-0.1,0.065
0.0,0.065
0.1,0.065
0.1,0.065
0.1,0.065
0.2,0.065
0.2,0.065
0.2,0.065
0.2,0.065
0.1,0.065
0.1,0.065
0.0,0.065
0.0,0.065
-0.1,0.065
-0.2,0.065
-0.2,0.065
-0.2,0.065
-0.2,0.065
-0.2,0.065
-0.1,0.065
-0.1,0.065
0.0,0.065
0.1,0.070
0.1,0.070
0.2,0.070
0.2,0.070
0.2,0.070
0.2,0.070
0.2,0.070
0.1,0.070
0.0,0.070
0.0,0.070
-0.1,0.070
-0.1,0.070
-0.1,0.070
-0.1,0.070
-0.2,0.070
-0.2,0.070
-0.2,0.070
-0.1,0.070
0.0,0.070
0.0,0.070
0.1,0.070
0.1,0.070
0.1,0.070
0.1,0.070
0.1,0.070
0.1,0.070
0.1,0.070
0.0,0.070
-0.1,0.070
-0.1,0.070
-0.1,0.070
-0.1,0.070
-0.1,0.070
-0.1,0.070
-0.1,0.070
-0.1,0.070
-0.1,0.070
0.0,0.070
0.0,0.070
0.1,0.070
0.1,0.070
0.1,0.070
0.1,0.070
0.2,0.070
0.2,0.070
0.1,0.070
0.1,0.070
0.1,0.070
0.0,0.070
0.0,0.075
0.0,0.075
0.0,0.075
-0.1,0.075
-0.1,0.075
0.0,0.075
0.0,0.075
0.0,0.075
0.0,0.075
0.1,0.075
0.1,0.075
0.1,0.075
0.1,0.075
0.1,0.075
0.1,0.075
0.1,0.075
0.1,0.075
0.1,0.075
0.0,0.075
0.0,0.075
0.0,0.075
-0.1,0.075
0.0,0.075
-0.1,0.075
-0.1,0.075
-0.1,0.075
-0.1,0.075
-0.1,0.075
-0.1,0.075
0.0,0.075
0.1,0.075
0.0,0.075
0.0,0.075
0.0,0.075
0.0,0.075
0.0,0.075
0.0,0.075
0.0,0.075
0.0,0.075
0.0,0.075
0.0,0.075
0.0,0.075
0.0,0.075
0.0,0.075
0.0,0.075
0.0,0.075
0.0,0.080
0.0,0.080
0.0,0.080
0.0,0.080
0.0,0.080
0.0,0.080
0.0,0.080
0.0,0.080
0.0,0.080
0.0,0.080
0.0,0.080
0.0,0.080
0.0,0.080
0.0,0.080
0.0,0.080
0.0,0.080
0.0,0.080
0.0,0.080
0.0,0.080
0.0,0.080
0.0,0.080
0.0,0.080
0.0,0.080
0.0,0.080
0.0,0.080
0.0,0.080
0.1,0.080
0.1,0.080
0.1,0.080
0.1,0.080
0.1,0.080
0.0,0.080
-0.1,0.080
-0.1,0.080
-0.1,0.080
-0.1,0.080
-0.1,0.080
-0.1,0.080
-0.1,0.080
0.0,0.080
0.0,0.080
0.0,0.085
0.0,0.085
0.0,0.085
0.0,0.085
0.0,0.085
0.1,0.085
0.1,0.085
0.1,0.085
0.1,0.085
0.1,0.085
0.1,0.085
0.1,0.085
-0.1,0.085
-0.1,0.085
-0.1,0.085
0.0,0.085
0.0,0.085
0.0,0.085
0.0,0.085
0.0,0.085
0.0,0.085
0.0,0.085
0.0,0.085
0.0,0.085
0.0,0.085
0.0,0.085
0.0,0.085
0.0,0.085
0.0,0.085
0.0,0.085
0.0,0.085
0.0,0.085
0.0,0.085
0.0,0.085
0.0,0.085
0.0,0.085
0.0,0.090
0.0,0.090
0.0,0.090
0.0,0.090
0.0,0.090
0.0,0.090
0.0,0.090
0.0,0.090
0.0,0.090
0.0,0.090
0.0,0.090
0.0,0.090
0.0,0.090
0.1,0.090
0.1,0.090
0.1,0.090
0.1,0.090
0.1,0.090
0.0,0.090
0.0,0.090
0.0,0.090
0.0,0.090
0.0,0.090
0.0,0.090
0.0,0.090
0.0,0.090
-0.1,0.090
-0.1,0.090
-0.1,0.090
0.0,0.090
0.0,0.090
0.0,0.090
0.0,0.090
0.0,0.090
0.0,0.090
0.0,0.090
0.0,0.090
0.0,0.090
0.0,0.090
0.0,0.095
0.0,0.095
0.0,0.095
0.0,0.095
0.0,0.095
0.0,0.095
0.0,0.095
0.0,0.095
0.0,0.095
0.0,0.095
0.1,0.095
0.1,0.095
0.0,0.095
0.0,0.095
0.0,0.095
0.0,0.095
0.0,0.095
0.0,0.095
0.0,0.095
0.0,0.095
0.0,0.095
0.0,0.095
0.0,0.095
-0.1,0.095
-0.1,0.095
-0.1,0.095
-0.1,0.095
-0.1,0.095
-0.1,0.095
-0.1,0.095
-0.1,0.095
-0.1,0.095
0.0,0.095
0.0,0.095
0.0,0.095
0.0,0.095
0.0,0.100
0.0,0.100
0.0,0.100
0.0,0.100
0.0,0.100
0.0,0.100
0.0,0.100
0.0,0.100
0.0,0.100
0.0,0.100
0.0,0.100
0.0,0.100
0.0,0.100
0.0,0.100
0.0,0.100
0.0,0.100
0.0,0.100
0.0,0.100
0.0,0.100
0.0,0.100
0.0,0.100
0.0,0.100
0.0,0.100
0.0,0.100
0.0,0.100
0.0,0.100
0.0,0.100
0.0,0.100
0.0,0.100
0.0,0.100
0.0,0.100
0.0,0.100
0.0,0.100
0.0,0.100
0.0,0.100
0.0,0.100
0.0,0.100
0.0,0.105
0.0,0.105
0.0,0.105
0.0,0.105
0.0,0.105
0.0,0.105
0.1,0.105
0.1,0.105
0.1,0.105
0.1,0.105
0.1,0.105
0.1,0.105
0.1,0.105
0.0,0.105
0.0,0.105
0.0,0.105
-0.1,0.105
-0.1,0.105
-0.1,0.105
-0.1,0.105
-0.1,0.105
-0.1,0.105
-0.1,0.105
0.0,0.105
0.0,0.105
0.0,0.105
0.1,0.105
0.1,0.105
0.1,0.105
0.1,0.105
0.1,0.105
0.1,0.105
0.0,0.105
-0.1,0.105
-0.1,0.105
-0.1,0.105
-0.1,0.105
-0.1,0.110
-0.1,0.110
-0.1,0.110
0.0,0.110
0.0,0.110
0.0,0.110
0.1,0.110
0.1,0.110
0.1,0.110
0.1,0.110
0.1,0.110
0.1,0.110
0.1,0.110
0.1,0.110
0.0,0.110
0.0,0.110
0.0,0.110
-0.1,0.110
-0.1,0.110
-0.1,0.110
-0.1,0.110
-0.1,0.110
-0.1,0.110
-0.1,0.110
-0.1,0.110
-0.1,0.110
-0.1,0.110
-0.1,0.110
0.0,0.110
0.1,0.110
0.0,0.110
0.0,0.110
0.0,0.110
0.0,0.110
0.0,0.110
0.0,0.110
0.0,0.110
0.0,0.110
0.0,0.115
0.0,0.115
0.0,0.115
0.0,0.115
0.0,0.115
0.0,0.115
0.0,0.115
0.0,0.115
0.0,0.115
0.0,0.115
0.0,0.115
0.0,0.115
0.1,0.115
0.0,0.115
0.0,0.115
0.0,0.115
0.0,0.115
0.0,0.115
0.0,0.115
-0.1,0.115
-0.1,0.115
-0.1,0.115
-0.1,0.115
-0.1,0.115
-0.1,0.115
-0.1,0.115
-0.1,0.115
-0.1,0.115
0.0,0.115
0.1,0.115
0.1,0.115
0.1,0.115
0.1,0.115
0.1,0.115
0.1,0.115
0.1,0.115
0.1,0.115
0.1,0.115
0.1,0.115
0.0,0.115
0.0,0.115
-0.1,0.120
-0.1,0.120
-0.1,0.120
-0.1,0.120
-0.1,0.120
-0.1,0.120
-0.1,0.120
-0.1,0.120
-0.1,0.120
0.0,0.120
0.0,0.120
0.0,0.120
0.0,0.120
0.0,0.120
0.0,0.120
0.0,0.120
0.0,0.120
0.0,0.120
0.0,0.120
0.0,0.120
0.0,0.120
0.0,0.120
0.0,0.120
0.0,0.120
0.0,0.120
0.0,0.120
0.0,0.120
0.0,0.120
0.0,0.120
0.1,0.120
0.1,0.120
0.1,0.120
0.1,0.120
0.1,0.120
0.1,0.120
0.1,0.120
0.1,0.120
0.1,0.120
0.0,0.120
0.0,0.120
0.0,0.120
-0.1,0.120
-0.1,0.120
-0.1,0.120
-0.1,0.120
-0.1,0.125
-0.1,0.125
-0.1,0.125
0.0,0.125
0.0,0.125
0.0,0.125
0.0,0.125
0.0,0.125
0.0,0.125
0.0,0.125
0.0,0.125
0.0,0.125
0.0,0.125
0.0,0.125
0.0,0.125
0.0,0.125
0.0,0.125
0.0,0.125
0.0,0.125
0.0,0.125
0.0,0.125
0.0,0.125
0.0,0.125
0.0,0.125
0.0,0.125
0.0,0.125
0.0,0.125
0.0,0.125
0.0,0.125
0.0,0.125
0.0,0.125
0.0,0.125
0.0,0.125
0.0,0.125
0.0,0.125
0.0,0.125
0.0,0.125
0.0,0.125
0.0,0.125
0.0,0.125
0.0,0.125
0.0,0.125
0.0,0.125
0.0,0.125
0.0,0.130
0.0,0.130
0.0,0.130
0.0,0.130
0.0,0.130
0.0,0.130
0.0,0.130
0.0,0.130
0.0,0.130
0.0,0.130
0.0,0.130
0.0,0.130
-0.1,0.130
0.0,0.130
0.0,0.130
0.0,0.130
0.0,0.130
0.0,0.130
0.0,0.130
0.0,0.130
0.0,0.130
0.0,0.130
0.0,0.130
0.1,0.130
0.0,0.130
0.0,0.130
0.0,0.130
0.0,0.130
0.0,0.130
-0.1,0.130
-0.1,0.130
-0.1,0.130
-0.1,0.130
-0.1,0.130
-0.1,0.130
-0.1,0.130
-0.1,0.130
-0.1,0.130
-0.1,0.130
-0.1,0.130
0.0,0.130
0.0,0.130
0.0,0.135
0.0,0.135
0.0,0.135
0.0,0.135
0.0,0.135
0.0,0.135
0.0,0.135
0.0,0.135
0.0,0.135
0.0,0.135
0.0,0.135
0.0,0.135
0.0,0.135
0.0,0.135
0.0,0.135
0.0,0.135
0.0,0.135
0.0,0.135
0.0,0.135
0.0,0.135
0.0,0.135
0.0,0.135
0.0,0.135
0.0,0.135
0.0,0.135
0.0,0.135
0.0,0.135
0.0,0.135
0.0,0.135
0.0,0.135
0.0,0.135
0.0,0.135
0.0,0.135
0.0,0.135
0.0,0.135
0.0,0.135
0.0,0.135
0.0,0.135
0.0,0.135
0.0,0.135
0.0,0.135
0.0,0.135
0.0,0.135
0.0,0.135
0.0,0.135
0.0,0.135
0.0,0.135
0.0,0.135
0.0,0.135
0.0,0.135
0.0,0.140
0.0,0.140
0.0,0.140
0.0,0.140
0.0,0.140
0.0,0.140
0.0,0.140
0.0,0.140
0.0,0.140
0.0,0.140
0.0,0.140
0.0,0.140
0.0,0.140
0.0,0.140
0.0,0.140
0.0,0.140
0.0,0.140
0.0,0.140
0.0,0.140
0.0,0.140
0.0,0.140
0.0,0.140
0.0,0.140
0.0,0.140
0.0,0.140
0.0,0.140
0.0,0.140
0.0,0.140
0.0,0.140
0.0,0.140
0.0,0.140
0.0,0.140
0.0,0.140
0.0,0.140
0.0,0.140
-0.1,0.140
-0.1,0.140
-0.1,0.140
-0.1,0.140
-0.1,0.140
-0.1,0.140
-0.1,0.140
0.0,0.140
0.1,0.140
0.1,0.140
0.1,0.140
0.1,0.140
0.1,0.140
0.1,0.140
0.1,0.140
0.1,0.140
0.1,0.140
0.1,0.140
0.1,0.140
0.0,0.145
0.0,0.145
-0.1,0.145
-0.1,0.145
-0.1,0.145
-0.1,0.145
-0.1,0.145
0.0,0.145
0.0,0.145
0.1,0.145
0.1,0.145
0.1,0.145
0.1,0.145
0.1,0.145
0.1,0.145
0.1,0.145
0.1,0.145
0.1,0.145
0.0,0.145
0.0,0.145
-0.1,0.145
-0.1,0.145
-0.1,0.145
-0.1,0.145
-0.1,0.145
-0.1,0.145
0.0,0.145
0.0,0.145
0.1,0.145
0.1,0.145
0.1,0.145
0.1,0.145
0.2,0.145
0.2,0.145
0.2,0.145
0.2,0.145
0.1,0.145
0.0,0.145
-0.1,0.145
-0.1,0.145
-0.2,0.145
-0.2,0.145
-0.2,0.145
-0.2,0.145
-0.2,0.145
-0.2,0.145
-0.1,0.145
0.0,0.145
0.1,0.145
0.1,0.145
0.1,0.145
0.1,0.145
0.2,0.145
0.2,0.145
0.1,0.145
0.1,0.145
0.1,0.150
0.0,0.150
0.0,0.150
-0.1,0.150
-0.1,0.150
-0.1,0.150
-0.1,0.150
-0.1,0.150
-0.1,0.150
-0.1,0.150
-0.1,0.150
0.0,0.150
0.1,0.150
0.1,0.150
0.1,0.150
0.1,0.150
0.1,0.150
0.1,0.150
0.1,0.150
0.1,0.150
0.1,0.150
0.0,0.150
-0.1,0.150
-0.1,0.150
-0.1,0.150
-0.1,0.150
-0.1,0.150
-0.1,0.150
-0.1,0.150
0.0,0.150
-0.1,0.150
0.1,0.150
0.1,0.150
0.1,0.150
0.1,0.150
0.1,0.150
0.1,0.150
0.1,0.150
0.1,0.150
0.1,0.150
0.0,0.150
0.0,0.150
-0.1,0.150
-0.1,0.150
-0.1,0.150
-0.1,0.150
-0.1,0.150
-0.1,0.150
-0.1,0.150
-0.1,0.150
0.0,0.150
0.1,0.150
0.1,0.150
0.1,0.150
0.1,0.150
0.1,0.150
0.2,0.150
0.1,0.150
0.1,0.150
0.1,0.155
0.0,0.155
0.0,0.155
0.0,0.155
-0.1,0.155
-0.1,0.155
-0.1,0.155
-0.1,0.155
-0.1,0.155
0.0,0.155
0.0,0.155
0.1,0.155
0.1,0.155
0.1,0.155
0.2,0.155
0.2,0.155
0.2,0.155
0.2,0.155
0.1,0.155
0.1,0.155
0.0,0.155
-0.1,0.155
-0.1,0.155
-0.2,0.155
-0.2,0.155
-0.2,0.155
-0.2,0.155
-0.2,0.155
-0.2,0.155
-0.2,0.155
-0.1,0.155
0.0,0.155
0.1,0.155
0.1,0.155
0.1,0.155
0.1,0.155
0.1,0.155
0.1,0.155
0.1,0.155
0.0,0.155
0.0,0.155
-0.1,0.155
-0.1,0.155
-0.2,0.155
-0.2,0.155
-0.2,0.155
-0.2,0.155
-0.2,0.155
-0.1,0.155
-0.1,0.155
0.0,0.155
0.0,0.155
0.1,0.155
0.1,0.155
0.1,0.155
0.1,0.155
0.1,0.155
0.1,0.155
0.1,0.155
0.0,0.155
-0.1,0.155
-0.1,0.155
-0.2,0.155
-0.2,0.160
-0.2,0.160
-0.2,0.160
-0.2,0.160
-0.1,0.160
-0.1,0.160
0.0,0.160
0.0,0.160
0.1,0.160
0.1,0.160
0.1,0.160
0.1,0.160
0.1,0.160
0.1,0.160
0.1,0.160
0.1,0.160
0.1,0.160
0.0,0.160
0.0,0.160
0.0,0.160
0.0,0.160
-0.1,0.160
-0.1,0.160
-0.1,0.160
-0.1,0.160
-0.1,0.160
-0.1,0.160
0.0,0.160
0.1,0.160
0.1,0.160
0.1,0.160
0.1,0.160
0.1,0.160
0.1,0.160
0.1,0.160
0.1,0.160
0.1,0.160
0.0,0.160
0.0,0.160
-0.1,0.160
-0.1,0.160
-0.1,0.160
-0.1,0.160
-0.1,0.160
-0.1,0.160
-0.1,0.160
-0.1,0.160
-0.1,0.160
-0.1,0.160
0.1,0.160
0.1,0.160
0.1,0.160
0.1,0.160
0.1,0.160
0.1,0.160
0.1,0.160
0.1,0.160
0.0,0.160
0.0,0.160
0.0,0.160
-0.1,0.160
-0.1,0.160
-0.1,0.160
-0.1,0.160
-0.1,0.160
-0.1,0.165
-0.1,0.165
0.0,0.165
-0.1,0.165
0.0,0.165
0.0,0.165
0.1,0.165
0.1,0.165
0.1,0.165
0.1,0.165
0.1,0.165
0.1,0.165
0.0,0.165
0.0,0.165
-0.1,0.165
-0.1,0.165
-0.1,0.165
-0.1,0.165
-0.1,0.165
-0.1,0.165
-0.1,0.165
-0.1,0.165
0.0,0.165
0.0,0.165
0.0,0.165
0.0,0.165
0.0,0.165
0.0,0.165
0.0,0.165
0.0,0.165
0.0,0.165
0.0,0.165
0.0,0.165
0.0,0.165
0.0,0.165
0.0,0.165
-0.1,0.165
-0.1,0.165
-0.1,0.165
-0.1,0.165
-0.1,0.165
-0.1,0.165
0.0,0.165
0.0,0.165
0.0,0.165
0.0,0.165
0.0,0.165
0.0,0.165
0.0,0.165
0.0,0.165
0.0,0.165
0.0,0.165
0.0,0.165
0.0,0.165
0.0,0.165
0.0,0.165
0.0,0.165
0.0,0.170
0.0,0.170
0.0,0.170
0.0,0.170
0.0,0.170
0.0,0.170
0.0,0.170
0.0,0.170
0.0,0.170
0.0,0.170
0.0,0.170
0.0,0.170
0.0,0.170
0.0,0.170
0.0,0.170
0.0,0.170
0.0,0.170
0.0,0.170
0.0,0.170
0.0,0.170
0.0,0.170
0.0,0.170
0.0,0.170
0.0,0.170
0.0,0.170
0.0,0.170
0.0,0.170
0.0,0.170
0.0,0.170
0.0,0.170
0.0,0.170
0.0,0.170
0.0,0.170
0.0,0.170
0.0,0.170
0.0,0.170
0.0,0.170
0.0,0.170
0.0,0.170
0.0,0.170
0.0,0.170
0.0,0.170
0.0,0.170
0.0,0.170
0.0,0.170
0.0,0.170
0.0,0.170
0.0,0.170
0.0,0.170
0.0,0.170
0.0,0.170
0.0,0.170
0.0,0.170
0.0,0.170
0.0,0.170
0.0,0.175
0.0,0.175
0.0,0.175
0.0,0.175
0.0,0.175
0.0,0.175
0.0,0.175
0.0,0.175
0.0,0.175
0.0,0.175
0.0,0.175
0.0,0.175
0.0,0.175
0.1,0.175
0.1,0.175
0.1,0.175
0.1,0.175
0.1,0.175
-0.1,0.175
0.0,0.175
0.0,0.175
-0.1,0.175
-0.1,0.175
-0.1,0.175
-0.1,0.175
-0.1,0.175
-0.1,0.175
-0.1,0.175
0.0,0.175
0.0,0.175
0.0,0.175
0.0,0.175
0.0,0.175
0.0,0.175
0.0,0.175
0.0,0.175
0.0,0.175
0.0,0.175
0.0,0.175
0.0,0.175
0.0,0.175
0.0,0.175
0.0,0.175
0.0,0.175
0.0,0.175
0.0,0.175
0.1,0.175
0.1,0.175
0.1,0.175
0.1,0.175
0.1,0.175
0.1,0.180
0.1,0.180
0.1,0.180
0.1,0.180
0.0,0.180
0.0,0.180
-0.1,0.180
-0.1,0.180
-0.1,0.180
0.0,0.180
0.0,0.180
0.0,0.180
-0.1,0.180
-0.1,0.180
0.0,0.180
0.1,0.180
0.1,0.180
0.1,0.180
0.1,0.180
0.1,0.180
0.1,0.180
0.1,0.180
0.1,0.180
0.1,0.180
0.1,0.180
0.1,0.180
0.0,0.180
0.0,0.180
0.0,0.180
0.0,0.180
0.0,0.180
0.0,0.180
0.0,0.180
0.0,0.180
0.0,0.180
0.0,0.180
0.0,0.180
0.0,0.180
0.0,0.180
0.0,0.180
0.0,0.180
0.0,0.180
0.0,0.180
0.0,0.180
0.0,0.180
0.0,0.180
0.0,0.180
-0.1,0.180
-0.1,0.180
-0.1,0.180
-0.1,0.180
-0.1,0.185
-0.1,0.185
-0.1,0.185
-0.1,0.185
0.0,0.185
0.0,0.185
0.1,0.185
0.1,0.185
0.1,0.185
0.1,0.185
0.1,0.185
0.1,0.185
0.1,0.185
0.0,0.185
0.0,0.185
-0.1,0.185
-0.1,0.185
-0.1,0.185
-0.1,0.185
-0.1,0.185
-0.1,0.185
-0.1,0.185
-0.1,0.185
-0.1,0.185
0.0,0.185
0.1,0.185
0.1,0.185
0.1,0.185
0.2,0.185
0.2,0.185
0.2,0.185
0.1,0.185
0.1,0.185
0.0,0.185
0.0,0.185
-0.1,0.185
-0.1,0.185
-0.1,0.185
-0.1,0.185
-0.1,0.185
-0.1,0.185
-0.1,0.185
0.0,0.185
0.1,0.185
0.1,0.185
0.1,0.185
0.1,0.190
0.1,0.190
0.1,0.190
0.1,0.190
0.1,0.190
0.0,0.190
0.0,0.190
-0.1,0.190
-0.1,0.190
-0.1,0.190
-0.1,0.190
-0.2,0.190
-0.2,0.190
-0.1,0.190
-0.1,0.190
0.0,0.190
0.0,0.190
0.1,0.190
0.1,0.190
0.1,0.190
0.1,0.190
0.1,0.190
0.1,0.190
0.1,0.190
0.1,0.190
0.1,0.190
0.0,0.190
0.0,0.190
-0.1,0.190
-0.1,0.190
-0.1,0.190
-0.1,0.190
-0.1,0.190
-0.1,0.190
-0.1,0.190
0.0,0.190
0.0,0.190
0.1,0.190
0.1,0.190
0.1,0.190
0.1,0.190
0.1,0.195
0.1,0.195
0.1,0.195
0.1,0.195
0.0,0.195
0.0,0.195
-0.1,0.195
-0.1,0.195
-0.1,0.195
-0.1,0.195
-0.1,0.195
-0.1,0.195
-0.1,0.195
-0.1,0.195
-0.1,0.195
-0.1,0.195
0.0,0.195
0.0,0.195
0.1,0.195
0.1,0.195
0.1,0.195
0.1,0.195
0.1,0.195
0.1,0.195
0.1,0.195
0.0,0.195
0.0,0.195
-0.1,0.195
-0.1,0.195
-0.1,0.195
-0.1,0.195
-0.1,0.195
-0.1,0.195
-0.1,0.195
-0.1,0.195
-0.1,0.195
-0.1,0.195
0.0,0.195
0.0,0.195
0.0,0.195
0.0,0.195
0.0,0.195
0.0,0.195
0.0,0.200
0.0,0.200
0.0,0.200
-0.1,0.200
-0.1,0.200
-0.1,0.200
-0.1,0.200
-0.1,0.200
-0.1,0.200
-0.1,0.200
-0.1,0.200
0.0,0.200
0.0,0.200
0.1,0.200
0.1,0.200
0.1,0.200
0.1,0.200
0.1,0.200
0.1,0.200
0.1,0.200
0.0,0.200
0.0,0.200
-0.1,0.200
-0.1,0.200
-0.1,0.200
-0.1,0.200
-0.1,0.200
-0.1,0.200
-0.1,0.200
0.0,0.200
-0.1,0.200
0.0,0.200
0.0,0.200
0.0,0.200
0.1,0.200
0.1,0.200
0.1,0.200
0.1,0.200
0.1,0.200
0.1,0.200
0.1,0.200
0.0,0.200
0.0,0.200
-0.1,0.205
-0.1,0.205
-0.1,0.205
-0.1,0.205
-0.1,0.205
-0.1,0.205
-0.1,0.205
0.0,0.205
0.0,0.205
0.1,0.205
0.1,0.205
0.1,0.205
0.1,0.205
0.1,0.205
0.1,0.205
0.1,0.205
0.1,0.205
0.0,0.205
0.0,0.205
0.0,0.205
0.0,0.205
0.0,0.205
0.0,0.205
0.0,0.205
0.0,0.205
0.0,0.205
0.0,0.205
0.1,0.205
0.1,0.205
0.1,0.205
0.1,0.205
0.1,0.205
0.1,0.205
0.1,0.205
0.1,0.205
0.1,0.205
0.1,0.205
0.1,0.205
0.0,0.205
0.0,0.205
0.0,0.210
0.0,0.210
0.0,0.210
0.0,0.210
0.0,0.210
0.0,0.210
0.0,0.210
0.0,0.210
0.0,0.210
0.0,0.210
0.0,0.210
0.0,0.210
0.0,0.210
0.0,0.210
0.0,0.210
0.0,0.210
0.0,0.210
0.0,0.210
0.0,0.210
0.0,0.210
0.0,0.210
0.0,0.210
0.0,0.210
0.0,0.210
0.0,0.210
0.0,0.210
0.0,0.210
0.0,0.210
0.0,0.210
0.0,0.210
0.0,0.210
0.0,0.210
0.0,0.210
0.0,0.210
0.0,0.210
0.0,0.215
0.0,0.215
0.0,0.215
0.0,0.215
0.0,0.215
0.0,0.215
0.0,0.215
0.0,0.215
0.0,0.215
0.0,0.215
0.0,0.215
0.0,0.215
0.0,0.215
0.0,0.215
0.0,0.215
0.0,0.215
0.0,0.215
0.0,0.215
0.0,0.215
-0.1,0.215
-0.1,0.215
-0.1,0.215
-0.1,0.215
-0.1,0.215
-0.1,0.215
-0.1,0.215
-0.1,0.215
0.0,0.215
0.0,0.215
0.0,0.215
0.1,0.215
0.0,0.215
0.0,0.215
0.0,0.215
0.0,0.215
0.0,0.215
0.0,0.215
-0.1,0.215
-0.1,0.215
-0.1,0.215
-0.1,0.215
-0.1,0.220
-0.1,0.220
-0.1,0.220
-0.1,0.220
-0.1,0.220
0.0,0.220
0.0,0.220
0.1,0.220
0.0,0.220
0.0,0.220
0.0,0.220
0.0,0.220
0.0,0.220
0.0,0.220
-0.1,0.220
-0.1,0.220
-0.1,0.220
-0.1,0.220
-0.1,0.220
-0.1,0.220
-0.1,0.220
-0.1,0.220
0.0,0.220
0.0,0.220
0.0,0.220
0.1,0.220
0.1,0.220
0.1,0.220
0.2,0.220
0.2,0.220
0.2,0.220
0.1,0.220
0.0,0.220
0.0,0.220
-0.1,0.220
-0.1,0.220
-0.1,0.220
-0.1,0.220
-0.1,0.220
-0.1,0.220
-0.1,0.220
-0.1,0.225
-0.1,0.225
0.0,0.225
0.0,0.225
0.1,0.225
0.1,0.225
0.1,0.225
0.1,0.225
0.1,0.225
0.1,0.225
0.1,0.225
0.1,0.225
0.1,0.225
0.0,0.225
0.0,0.225
0.0,0.225
-0.1,0.225
-0.1,0.225
-0.1,0.225
-0.1,0.225
-0.1,0.225
-0.1,0.225
-0.1,0.225
0.1,0.225
0.1,0.225
0.1,0.225
0.1,0.225
0.1,0.225
0.1,0.225
0.1,0.225
0.1,0.225
0.1,0.225
0.1,0.225
0.0,0.225
0.0,0.225
0.0,0.225
-0.1,0.225
-0.1,0.225
-0.1,0.225
-0.1,0.225
-0.1,0.225
-0.1,0.225
0.0,0.230
0.0,0.230
0.0,0.230
0.0,0.230
0.0,0.230
0.0,0.230
0.0,0.230
0.0,0.230
0.0,0.230
0.0,0.230
0.0,0.230
0.0,0.230
0.0,0.230
0.0,0.230
0.0,0.230
0.0,0.230
0.0,0.230
0.0,0.230
0.0,0.230
0.0,0.230
0.0,0.230
0.1,0.230
0.1,0.230
0.1,0.230
0.1,0.230
0.1,0.230
0.1,0.230
0.1,0.230
0.1,0.230
0.1,0.230
0.0,0.230
0.0,0.230
0.0,0.230
-0.1,0.230
0.0,0.230
0.0,0.230
0.0,0.230
0.0,0.230
0.0,0.230
0.0,0.230
0.0,0.230
0.0,0.230
0.1,0.230
0.0,0.230
0.0,0.230
0.0,0.235
0.0,0.235
0.1,0.235
0.1,0.235
0.0,0.235
0.0,0.235
0.0,0.235
0.0,0.235
-0.1,0.235
-0.1,0.235
-0.1,0.235
-0.1,0.235
-0.1,0.235
-0.1,0.235
-0.1,0.235
-0.1,0.235
0.0,0.235
0.0,0.235
0.0,0.235
0.0,0.235
0.0,0.235
0.0,0.235
0.0,0.235
0.0,0.235
0.0,0.235
0.0,0.235
0.0,0.235
0.0,0.235
0.0,0.235
-0.1,0.235
-0.1,0.235
-0.1,0.235
0.0,0.235
0.0,0.235
0.1,0.235
0.1,0.235
0.1,0.235
0.2,0.235
0.1,0.235
0.1,0.235
0.1,0.235
0.1,0.235
0.0,0.235
0.0,0.235
-0.1,0.235
-0.1,0.235
-0.1,0.235
-0.1,0.240
-0.1,0.240
-0.1,0.240
-0.1,0.240
-0.1,0.240
0.0,0.240
0.0,0.240
0.1,0.240
0.1,0.240
0.1,0.240
0.1,0.240
0.2,0.240
0.1,0.240
0.1,0.240
0.0,0.240
0.0,0.240
0.0,0.240
0.0,0.240
-0.1,0.240
-0.1,0.240
-0.1,0.240
-0.1,0.240
-0.1,0.240
-0.1,0.240
-0.1,0.240
-0.1,0.240
0.0,0.240
0.0,0.240
0.1,0.240
0.1,0.240
0.1,0.240
0.1,0.240
0.1,0.240
0.1,0.240
0.1,0.240
0.1,0.240
0.0,0.240
0.0,0.240
-0.1,0.240
-0.1,0.240
-0.1,0.240
-0.1,0.240
-0.1,0.240
-0.1,0.240
-0.1,0.240
-0.1,0.240
0.0,0.240
0.0,0.240
0.0,0.240
0.0,0.240
0.0,0.240
0.0,0.245
0.0,0.245
0.0,0.245
0.0,0.245
0.0,0.245
0.0,0.245
0.0,0.245
0.0,0.245
0.0,0.245
0.0,0.245
0.0,0.245
0.0,0.245
0.0,0.245
0.0,0.245
0.0,0.245
0.0,0.245
0.0,0.245
0.0,0.245
0.1,0.245
0.1,0.245
0.1,0.245
0.0,0.245
0.0,0.245
0.0,0.245
-0.1,0.245
-0.1,0.245
-0.1,0.245
-0.2,0.245
-0.1,0.245
-0.1,0.245
-0.1,0.245
-0.1,0.245
-0.1,0.245
0.0,0.245
0.0,0.245
0.0,0.245
0.0,0.245
0.0,0.245
0.0,0.245
0.0,0.245
0.0,0.245
0.0,0.245
0.0,0.245
0.0,0.245
0.0,0.245
0.0,0.245
0.0,0.245
0.0,0.245
0.0,0.245
0.0,0.245
0.0,0.245
0.0,0.250
0.0,0.250
0.0,0.250
0.0,0.250
0.1,0.250
0.1,0.250
0.1,0.250
0.1,0.250
0.1,0.250
0.1,0.250
0.1,0.250
0.0,0.250
-0.1,0.250
-0.1,0.250
-0.1,0.250
-0.1,0.250
-0.1,0.250
-0.1,0.250
-0.1,0.250
0.0,0.250
0.0,0.250
0.1,0.250
0.1,0.250
0.1,0.250
0.1,0.250
0.1,0.250
0.1,0.250
0.1,0.250
0.1,0.250
0.1,0.250
0.0,0.250
-0.1,0.250
-0.1,0.250
-0.1,0.250
-0.1,0.250
-0.1,0.250
-0.1,0.250
-0.1,0.250
0.0,0.250
-0.1,0.250
0.0,0.250
0.0,0.250
0.0,0.250
0.0,0.250
0.0,0.250
0.0,0.250
0.0,0.250
0.0,0.250
0.0,0.250
0.0,0.250
-0.1,0.250
-0.1,0.250
-0.1,0.250
-0.1,0.250
-0.1,0.255
-0.1,0.255
-0.1,0.255
-0.1,0.255
0.0,0.255
0.0,0.255
0.0,0.255
0.0,0.255
0.0,0.255
0.1,0.255
0.0,0.255
0.1,0.255
0.1,0.255
0.1,0.255
0.0,0.255
0.0,0.255
-0.1,0.255
-0.1,0.255
-0.1,0.255
-0.1,0.255
-0.1,0.255
-0.1,0.255
-0.1,0.255
-0.1,0.255
-0.1,0.255
0.0,0.255
0.0,0.255
0.1,0.255
0.1,0.255
0.1,0.255
0.1,0.255
0.1,0.255
0.1,0.255
0.1,0.255
0.1,0.255
0.0,0.255
0.0,0.255
-0.1,0.255
-0.1,0.255
-0.1,0.255
-0.1,0.255
-0.1,0.255
-0.1,0.255
-0.1,0.255
-0.1,0.255
-0.1,0.255
0.0,0.255
0.0,0.255
0.1,0.255
0.1,0.255
0.1,0.255
0.1,0.255
0.2,0.255
0.1,0.260
0.1,0.260
0.0,0.260
0.0,0.260
0.0,0.260
-0.1,0.260
-0.1,0.260
-0.1,0.260
-0.1,0.260
-0.1,0.260
-0.1,0.260
-0.1,0.260
-0.1,0.260
0.0,0.260
0.0,0.260
0.1,0.260
0.1,0.260
0.1,0.260
0.1,0.260
0.1,0.260
0.1,0.260
0.1,0.260
0.0,0.260
0.0,0.260
-0.1,0.260
-0.1,0.260
-0.1,0.260
-0.2,0.260
-0.2,0.260
-0.2,0.260
-0.1,0.260
-0.1,0.260
0.0,0.260
0.0,0.260
0.1,0.260
0.1,0.260
0.1,0.260
0.1,0.260
0.2,0.260
0.2,0.260
0.1,0.260
0.1,0.260
0.0,0.260
0.0,0.260
0.0,0.260
-0.1,0.260
-0.1,0.260
-0.1,0.260
-0.1,0.260
-0.1,0.260
-0.1,0.260
-0.1,0.260
0.0,0.260
0.0,0.260
0.1,0.260
0.1,0.265
0.1,0.265
0.1,0.265
0.1,0.265
0.1,0.265
0.1,0.265
0.1,0.265
0.0,0.265
0.0,0.265
-0.1,0.265
-0.1,0.265
-0.2,0.265
-0.2,0.265
-0.2,0.265
-0.2,0.265
-0.2,0.265
-0.2,0.265
-0.1,0.265
0.0,0.265
0.0,0.265
0.1,0.265
0.1,0.265
0.2,0.265
0.2,0.265
0.2,0.265
0.2,0.265
0.2,0.265
0.0,0.265
0.0,0.265
-0.1,0.265
-0.2,0.265
-0.2,0.265
-0.2,0.265
-0.2,0.265
-0.2,0.265
-0.1,0.265
-0.1,0.265
-0.1,0.265
0.0,0.265
0.1,0.265
0.1,0.265
0.2,0.265
0.2,0.265
0.2,0.265
0.2,0.265
0.2,0.265
0.2,0.265
0.1,0.265
0.0,0.265
-0.1,0.265
-0.1,0.265
-0.2,0.265
-0.2,0.265
-0.2,0.265
-0.2,0.265
-0.2,0.265
-0.1,0.265
-0.1,0.265
0.0,0.270
0.1,0.270
0.2,0.270
0.2,0.270
0.2,0.270
0.2,0.270
0.2,0.270
0.2,0.270
0.1,0.270
0.0,0.270
-0.1,0.270
-0.1,0.270
-0.2,0.270
-0.2,0.270
-0.2,0.270
-0.2,0.270
-0.2,0.270
-0.1,0.270
0.0,0.270
0.0,0.270
0.1,0.270
0.2,0.270
0.2,0.270
0.2,0.270
0.2,0.270
0.2,0.270
0.2,0.270
0.1,0.270
0.0,0.270
0.0,0.270
-0.1,0.270
-0.2,0.270
-0.2,0.270
-0.2,0.270
-0.2,0.270
-0.2,0.270
-0.2,0.270
-0.1,0.270
0.0,0.270
0.1,0.270
0.1,0.270
0.1,0.270
0.2,0.270
0.2,0.270
0.2,0.270
0.1,0.270
0.1,0.270
0.0,0.270
0.0,0.270
-0.1,0.270
-0.1,0.270
-0.2,0.270
-0.2,0.270
-0.2,0.270
-0.2,0.275
-0.2,0.275
-0.1,0.275
0.0,0.275
0.0,0.275
0.1,0.275
0.2,0.275
0.2,0.275
0.2,0.275
0.2,0.275
0.2,0.275
0.1,0.275
0.0,0.275
0.0,0.275
0.0,0.275
-0.1,0.275
-0.1,0.275
-0.1,0.275
-0.1,0.275
-0.1,0.275
-0.1,0.275
-0.1,0.275
0.0,0.275
0.0,0.275
0.1,0.275
0.1,0.275
0.1,0.275
0.1,0.275
0.1,0.275
0.1,0.275
0.1,0.275
0.0,0.275
0.0,0.275
-0.1,0.275
-0.1,0.275
-0.1,0.275
-0.2,0.275
-0.2,0.275
-0.2,0.275
-0.2,0.275
-0.1,0.275
0.0,0.275
0.0,0.275
0.1,0.275
0.1,0.275
0.2,0.275
0.2,0.275
0.2,0.275
0.2,0.275
0.2,0.275
0.1,0.275
0.0,0.280
-0.1,0.280
-0.1,0.280
-0.1,0.280
-0.2,0.280
-0.2,0.280
-0.2,0.280
-0.2,0.280
-0.2,0.280
-0.1,0.280
0.0,0.280
0.1,0.280
0.1,0.280
0.2,0.280
0.2,0.280
0.2,0.280
0.2,0.280
0.2,0.280
0.1,0.280
0.1,0.280
0.0,0.280
-0.1,0.280
-0.2,0.280
-0.2,0.280
-0.2,0.280
-0.2,0.280
-0.2,0.280
-0.2,0.280
-0.1,0.280
-0.1,0.280
0.0,0.280
0.1,0.280
0.1,0.280
0.2,0.280
0.3,0.280
0.3,0.280
0.3,0.280
0.2,0.280
0.2,0.280
0.1,0.280
0.0,0.280
-0.1,0.280
-0.2,0.280
-0.3,0.280
-0.3,0.280
-0.3,0.280
-0.3,0.280
-0.3,0.280
-0.2,0.280
-0.1,0.280
0.0,0.280
0.1,0.285
0.1,0.285
0.2,0.285
0.3,0.285
0.3,0.285
0.3,0.285
0.3,0.285
0.2,0.285
0.1,0.285
0.0,0.285
-0.1,0.285
-0.2,0.285
-0.3,0.285
-0.3,0.285
-0.3,0.285
-0.3,0.285
-0.3,0.285
-0.2,0.285
-0.1,0.285
0.0,0.285
0.1,0.285
0.2,0.285
0.2,0.285
0.3,0.285
0.3,0.285
0.3,0.285
0.2,0.285
0.1,0.285
0.0,0.285
0.0,0.285
-0.1,0.285
-0.2,0.285
-0.3,0.285
-0.3,0.285
-0.3,0.285
-0.3,0.285
-0.2,0.285
-0.1,0.285
0.0,0.285
0.0,0.285
0.1,0.285
0.2,0.285
0.2,0.285
0.2,0.285
0.2,0.285
0.2,0.285
0.2,0.285
0.1,0.285
0.0,0.285
-0.1,0.285
-0.2,0.285
-0.2,0.290
-0.2,0.290
-0.2,0.290
-0.2,0.290
-0.2,0.290
-0.2,0.290
-0.1,0.290
0.0,0.290
0.0,0.290
0.1,0.290
0.1,0.290
0.2,0.290
0.2,0.290
0.2,0.290
0.2,0.290
0.1,0.290
0.1,0.290
0.0,0.290
0.0,0.290
-0.1,0.290
-0.2,0.290
-0.2,0.290
-0.2,0.290
-0.2,0.290
-0.2,0.290
-0.1,0.290
-0.1,0.290
0.0,0.290
0.1,0.290
0.1,0.290
0.1,0.290
0.2,0.290
0.2,0.290
0.2,0.290
0.2,0.290
0.2,0.290
0.1,0.290
0.0,0.290
0.0,0.290
-0.1,0.290
-0.1,0.290
-0.2,0.290
-0.2,0.290
-0.2,0.290
-0.2,0.290
-0.1,0.290
0.0,0.295
0.0,0.295
0.1,0.295
0.1,0.295
0.1,0.295
0.1,0.295
0.1,0.295
0.1,0.295
0.1,0.295
0.0,0.295
0.0,0.295
-0.1,0.295
-0.1,0.295
-0.2,0.295
-0.2,0.295
-0.2,0.295
-0.2,0.295
-0.2,0.295
-0.2,0.295
-0.2,0.295
0.0,0.295
0.0,0.295
0.1,0.295
0.1,0.295
0.1,0.295
0.1,0.295
0.1,0.295
0.1,0.295
0.1,0.295
0.0,0.295
0.0,0.295
0.0,0.295
-0.1,0.295
-0.1,0.295
-0.1,0.295
-0.1,0.295
-0.1,0.295
-0.1,0.295
-0.1,0.295
0.0,0.295
0.0,0.295
0.1,0.295
0.1,0.295
0.1,0.295
0.1,0.295
0.1,0.295
0.1,0.295
0.1,0.295
0.1,0.295
0.1,0.295
0.0,0.300
-0.1,0.300
-0.1,0.300
-0.1,0.300
-0.1,0.300
-0.1,0.300
-0.1,0.300
-0.1,0.300
0.0,0.300
0.0,0.300
0.1,0.300
0.1,0.300
0.1,0.300
0.1,0.300
0.1,0.300
0.1,0.300
0.1,0.300
0.1,0.300
0.0,0.300
0.0,0.300
-0.1,0.300
-0.1,0.300
-0.1,0.300
-0.1,0.300
-0.1,0.300
-0.1,0.300
-0.1,0.300
-0.1,0.300
-0.1,0.300
-0.1,0.300
0.1,0.300
0.1,0.300
0.1,0.300
0.1,0.300
0.1,0.300
0.1,0.300
0.1,0.300
0.1,0.300
0.1,0.300
0.1,0.300
-0.1,0.300
-0.1,0.300
-0.1,0.300
-0.1,0.300
-0.1,0.300
-0.1,0.300
-0.1,0.300
-0.1,0.300
-0.1,0.305
0.0,0.305
0.0,0.305
0.1,0.305
0.1,0.305
0.1,0.305
0.1,0.305
0.1,0.305
0.1,0.305
0.1,0.305
0.1,0.305
0.0,0.305
0.0,0.305
0.0,0.305
-0.1,0.305
-0.1,0.305
-0.1,0.305
-0.1,0.305
-0.1,0.305
-0.1,0.305
-0.1,0.305
0.0,0.305
0.1,0.305
0.1,0.305
0.1,0.305
0.2,0.305
0.2,0.305
0.2,0.305
0.2,0.305
0.2,0.305
0.1,0.305
0.0,0.305
-0.1,0.305
-0.1,0.305
-0.2,0.305
-0.2,0.305
-0.3,0.305
-0.3,0.305
-0.2,0.305
-0.2,0.305
-0.1,0.305
0.0,0.305
0.1,0.305
0.2,0.305
0.2,0.305
0.2,0.310
0.2,0.310
0.2,0.310
0.2,0.310
0.1,0.310
0.0,0.310
-0.1,0.310
-0.1,0.310
-0.2,0.310
-0.2,0.310
-0.2,0.310
-0.2,0.310
-0.2,0.310
-0.2,0.310
-0.1,0.310
0.0,0.310
0.1,0.310
0.2,0.310
0.2,0.310
0.3,0.310
0.3,0.310
0.3,0.310
0.2,0.310
0.1,0.310
0.0,0.310
0.0,0.310
-0.1,0.310
-0.2,0.310
-0.2,0.310
-0.2,0.310
-0.2,0.310
-0.2,0.310
-0.2,0.310
-0.1,0.310
0.0,0.310
0.0,0.310
0.1,0.310
0.2,0.310
0.2,0.310
0.2,0.310
0.2,0.310
0.2,0.310
0.1,0.310
0.1,0.310
0.0,0.310
0.0,0.310
-0.1,0.315
-0.1,0.315
-0.2,0.315
-0.2,0.315
-0.2,0.315
-0.2,0.315
-0.1,0.315
-0.1,0.315
0.0,0.315
0.0,0.315
0.1,0.315
0.1,0.315
0.2,0.315
0.2,0.315
0.2,0.315
0.1,0.315
0.1,0.315
0.0,0.315
0.0,0.315
-0.1,0.315
-0.1,0.315
-0.1,0.315
-0.2,0.315
-0.2,0.315
-0.2,0.315
-0.2,0.315
-0.1,0.315
0.0,0.315
0.0,0.315
0.1,0.315
0.2,0.315
0.2,0.315
0.2,0.315
0.2,0.315
0.2,0.315
0.2,0.315
0.2,0.315
0.1,0.315
0.0,0.315
0.0,0.315
-0.1,0.315
-0.1,0.315
-0.2,0.315
-0.2,0.315
-0.2,0.315
-0.2,0.315
-0.1,0.315
0.0,0.315
0.0,0.320
0.1,0.320
0.1,0.320
0.2,0.320
0.2,0.320
0.2,0.320
0.2,0.320
0.2,0.320
0.1,0.320
0.1,0.320
0.0,0.320
-0.1,0.320
-0.1,0.320
-0.1,0.320
-0.2,0.320
-0.2,0.320
-0.1,0.320
-0.1,0.320
0.0,0.320
0.0,0.320
0.1,0.320
0.1,0.320
0.2,0.320
0.2,0.320
0.2,0.320
0.2,0.320
0.2,0.320
0.2,0.320
0.1,0.320
0.0,0.320
-0.1,0.320
-0.1,0.320
-0.2,0.320
-0.2,0.320
-0.2,0.320
-0.2,0.320
-0.2,0.320
-0.2,0.320
-0.1,0.320
0.0,0.320
0.0,0.320
0.0,0.320
0.1,0.320
0.1,0.320
0.1,0.320
0.1,0.320
0.1,0.325
0.1,0.325
0.1,0.325
0.0,0.325
-0.1,0.325
-0.1,0.325
-0.2,0.325
-0.2,0.325
-0.2,0.325
-0.1,0.325
-0.1,0.325
0.0,0.325
0.0,0.325
0.1,0.325
0.2,0.325
0.2,0.325
0.2,0.325
0.2,0.325
0.2,0.325
0.2,0.325
0.1,0.325
0.0,0.325
-0.1,0.325
-0.1,0.325
-0.1,0.325
-0.1,0.325
-0.2,0.325
-0.2,0.325
-0.1,0.325
-0.1,0.325
-0.1,0.325
-0.1,0.325
0.0,0.325
0.0,0.325
0.0,0.325
0.0,0.325
0.1,0.325
0.0,0.325
0.0,0.325
0.0,0.325
0.0,0.325
0.0,0.325
0.0,0.325
0.0,0.330
0.0,0.330
0.0,0.330
0.0,0.330
0.0,0.330
0.0,0.330
0.0,0.330
-0.1,0.330
-0.1,0.330
-0.1,0.330
-0.1,0.330
-0.1,0.330
0.0,0.330
0.0,0.330
0.1,0.330
0.0,0.330
0.0,0.330
0.0,0.330
0.0,0.330
0.0,0.330
0.0,0.330
-0.1,0.330
-0.1,0.330
-0.1,0.330
-0.1,0.330
-0.1,0.330
-0.1,0.330
-0.1,0.330
-0.1,0.330
0.0,0.330
0.0,0.330
0.0,0.330
0.0,0.330
0.1,0.330
0.1,0.330
0.1,0.330
0.1,0.330
0.1,0.330
0.1,0.330
0.1,0.330
0.1,0.330
0.1,0.330
0.1,0.330
0.0,0.330
0.0,0.330
0.0,0.330
0.0,0.330
0.0,0.330
0.0,0.330
0.0,0.335
0.0,0.335
0.0,0.335
0.0,0.335
0.0,0.335
0.0,0.335
0.0,0.335
0.0,0.335
0.0,0.335
0.0,0.335
0.0,0.335
0.0,0.335
0.0,0.335
0.0,0.335
0.0,0.335
0.0,0.335
0.0,0.335
0.0,0.335
0.0,0.335
0.0,0.335
0.0,0.335
0.0,0.335
0.0,0.335
0.1,0.335
0.1,0.335
0.1,0.335
0.1,0.335
0.1,0.335
0.1,0.335
0.1,0.335
0.1,0.335
0.0,0.335
0.0,0.335
0.0,0.335
-0.1,0.335
-0.1,0.335
-0.1,0.335
-0.1,0.335
-0.1,0.335
-0.1,0.335
-0.1,0.335
-0.1,0.335
-0.1,0.335
0.0,0.335
0.0,0.335
0.0,0.340
0.0,0.340
0.0,0.340
0.0,0.340
0.0,0.340
0.0,0.340
0.0,0.340
0.0,0.340
0.0,0.340
0.0,0.340
-0.1,0.340
-0.1,0.340
-0.1,0.340
-0.1,0.340
-0.1,0.340
-0.1,0.340
-0.1,0.340
-0.1,0.340
0.0,0.340
0.0,0.340
0.0,0.340
0.0,0.340
0.0,0.340
0.0,0.340
0.0,0.340
0.0,0.340
0.0,0.340
0.0,0.340
0.0,0.340
0.0,0.340
0.0,0.340
0.0,0.340
0.0,0.340
0.0,0.340
0.0,0.340
0.0,0.340
0.0,0.340
0.0,0.340
0.0,0.340
0.0,0.340
0.0,0.340
0.0,0.340
0.0,0.340
0.0,0.345
0.0,0.345
0.0,0.345
0.0,0.345
0.0,0.345
0.0,0.345
0.0,0.345
0.0,0.345
0.0,0.345
0.0,0.345
0.0,0.345
0.0,0.345
0.0,0.345
0.0,0.345
0.0,0.345
0.0,0.345
0.1,0.345
0.1,0.345
0.1,0.345
0.1,0.345
0.1,0.345
0.1,0.345
0.0,0.345
-0.1,0.345
-0.1,0.345
-0.1,0.345
-0.1,0.345
-0.1,0.345
-0.1,0.345
-0.1,0.345
-0.1,0.345
0.0,0.345
0.0,0.345
0.0,0.345
0.1,0.345
0.0,0.345
0.0,0.345
0.0,0.345
0.0,0.345
0.0,0.345
0.0,0.350
-0.1,0.350
-0.1,0.350
-0.1,0.350
-0.1,0.350
-0.1,0.350
-0.1,0.350
-0.1,0.350
-0.1,0.350
0.0,0.350
-0.1,0.350
-0.1,0.350
-0.1,0.350
0.0,0.350
0.0,0.350
0.1,0.350
0.1,0.350
0.1,0.350
0.1,0.350
0.1,0.350
0.1,0.350
0.1,0.350
0.1,0.350
0.1,0.350
0.0,0.350
0.0,0.350
0.0,0.350
0.0,0.350
0.0,0.350
0.0,0.350
0.0,0.350
0.0,0.350
0.0,0.350
0.1,0.350
0.1,0.350
0.1,0.350
0.1,0.350
0.1,0.350
0.0,0.350
0.0,0.355
0.0,0.355
0.0,0.355
0.0,0.355
0.0,0.355
0.0,0.355
0.0,0.355
0.0,0.355
0.0,0.355
0.0,0.355
0.0,0.355
0.0,0.355
0.0,0.355
0.0,0.355
0.0,0.355
0.0,0.355
0.0,0.355
0.0,0.355
0.0,0.355
0.0,0.355
0.0,0.355
0.0,0.355
0.0,0.355
0.0,0.355
0.0,0.355
0.0,0.355
0.0,0.355
0.0,0.355
0.0,0.355
0.0,0.355
0.0,0.355
0.0,0.355
0.0,0.355
0.0,0.355
0.0,0.355
0.0,0.355
0.0,0.355
0.0,0.355
0.0,0.355
0.0,0.355
0.0,0.355
0.0,0.355
0.0,0.355
0.0,0.355
0.0,0.355
0.0,0.360
0.0,0.360
-0.1,0.360
-0.1,0.360
-0.1,0.360
-0.1,0.360
-0.1,0.360
-0.1,0.360
0.0,0.360
0.0,0.360
0.0,0.360
0.0,0.360
0.0,0.360
0.0,0.360
0.0,0.360
0.0,0.360
0.0,0.360
0.0,0.360
0.0,0.360
0.0,0.360
0.0,0.360
0.0,0.360
0.0,0.360
0.0,0.360
0.0,0.360
0.0,0.360
0.0,0.360
0.0,0.360
0.0,0.360
0.0,0.360
0.0,0.360
0.0,0.360
0.0,0.360
0.0,0.360
0.0,0.360
0.0,0.360
0.0,0.360
0.0,0.360
0.0,0.360
0.0,0.360
0.0,0.360
0.0,0.360
0.0,0.360
0.0,0.360
0.0,0.360
0.1,0.360
0.1,0.360
0.1,0.360
0.1,0.360
0.1,0.365
0.1,0.365
0.1,0.365
0.1,0.365
0.0,0.365
0.0,0.365
0.0,0.365
-0.1,0.365
-0.1,0.365
-0.1,0.365
-0.1,0.365
-0.1,0.365
-0.1,0.365
-0.1,0.365
0.0,0.365
0.0,0.365
0.0,0.365
0.0,0.365
0.1,0.365
0.0,0.365
0.0,0.365
0.0,0.365
0.0,0.365
0.0,0.365
-0.1,0.365
-0.1,0.365
-0.1,0.365
-0.1,0.365
-0.1,0.365
-0.1,0.365
-0.1,0.365
-0.1,0.365
-0.1,0.365
0.0,0.365
0.1,0.365
0.1,0.365
0.1,0.365
0.1,0.365
0.1,0.365
0.1,0.365
0.1,0.365
0.1,0.365
0.0,0.365
0.0,0.365
-0.1,0.365
-0.1,0.365
-0.1,0.365
-0.1,0.365
-0.1,0.365
-0.1,0.365
-0.1,0.370
-0.1,0.370
0.0,0.370
0.0,0.370
0.0,0.370
0.1,0.370
0.1,0.370
0.1,0.370
0.1,0.370
0.1,0.370
0.1,0.370
0.1,0.370
0.0,0.370
0.0,0.370
0.0,0.370
0.0,0.370
0.0,0.370
0.0,0.370
0.0,0.370
-0.1,0.370
-0.1,0.370
-0.1,0.370
-0.1,0.370
0.0,0.370
0.1,0.370
0.1,0.370
0.1,0.370
0.1,0.370
0.1,0.370
0.1,0.370
0.1,0.370
0.1,0.370
0.0,0.370
0.0,0.370
0.0,0.370
-0.1,0.370
-0.1,0.370
-0.1,0.370
-0.1,0.370
-0.1,0.370
-0.1,0.370
-0.1,0.370
0.0,0.370
0.0,0.370
0.1,0.375
0.1,0.375
0.1,0.375
0.1,0.375
0.1,0.375
0.1,0.375
0.1,0.375
0.1,0.375
0.0,0.375
-0.1,0.375
-0.1,0.375
-0.2,0.375
-0.2,0.375
-0.2,0.375
-0.2,0.375
-0.2,0.375
-0.1,0.375
0.0,0.375
0.0,0.375
0.1,0.375
0.1,0.375
0.1,0.375
0.1,0.375
0.2,0.375
0.2,0.375
0.2,0.375
0.1,0.375
0.0,0.375
0.0,0.375
0.0,0.375
-0.1,0.375
-0.1,0.375
-0.1,0.375
-0.1,0.375
-0.1,0.375
-0.1,0.375
0.0,0.375
0.1,0.375
0.1,0.375
0.1,0.375
0.2,0.375
0.2,0.375
0.2,0.375
0.2,0.375
0.1,0.375
0.0,0.375
-0.1,0.375
-0.1,0.380
-0.2,0.380
-0.2,0.380
-0.2,0.380
-0.2,0.380
-0.2,0.380
-0.1,0.380
-0.1,0.380
0.0,0.380
0.1,0.380
0.1,0.380
0.2,0.380
0.2,0.380
0.2,0.380
0.2,0.380
0.1,0.380
0.1,0.380
0.0,0.380
0.0,0.380
0.0,0.380
-0.1,0.380
-0.1,0.380
-0.1,0.380
-0.1,0.380
-0.1,0.380
0.0,0.380
0.0,0.380
0.0,0.380
0.0,0.380
0.1,0.380
0.1,0.380
0.2,0.380
0.2,0.380
0.2,0.380
0.1,0.380
0.0,0.380
0.0,0.380
-0.1,0.380
-0.1,0.380
-0.1,0.380
-0.2,0.380
-0.2,0.380
-0.2,0.380
-0.1,0.380
-0.1,0.385
0.0,0.385
0.0,0.385
0.1,0.385
0.1,0.385
0.1,0.385
0.1,0.385
0.1,0.385
0.1,0.385
0.1,0.385
0.1,0.385
0.0,0.385
0.0,0.385
-0.1,0.385
-0.1,0.385
-0.1,0.385
-0.1,0.385
-0.1,0.385
-0.1,0.385
-0.1,0.385
-0.1,0.385
0.0,0.385
0.0,0.385
0.1,0.385
0.1,0.385
0.1,0.385
0.2,0.385
0.2,0.385
0.2,0.385
0.1,0.385
0.1,0.385
0.0,0.385
0.0,0.385
0.0,0.385
-0.1,0.385
-0.1,0.385
-0.1,0.385
-0.1,0.385
-0.1,0.385
-0.1,0.385
-0.1,0.385
0.0,0.385
0.0,0.390
0.0,0.390
0.0,0.390
0.1,0.390
0.1,0.390
0.1,0.390
0.1,0.390
0.1,0.390
0.1,0.390
0.1,0.390
-0.1,0.390
-0.1,0.390
-0.1,0.390
-0.1,0.390
-0.1,0.390
-0.1,0.390
-0.1,0.390
-0.1,0.390
-0.1,0.390
0.0,0.390
0.0,0.390
0.0,0.390
0.1,0.390
0.1,0.390
0.1,0.390
0.1,0.390
0.1,0.390
0.1,0.390
0.1,0.390
0.0,0.390
0.0,0.390
-0.1,0.390
-0.1,0.390
-0.1,0.390
-0.1,0.390
-0.1,0.390
-0.1,0.390
-0.1,0.390
0.0,0.390
0.1,0.390
0.1,0.390
0.1,0.390
0.1,0.395
0.1,0.395
0.1,0.395
0.1,0.395
0.0,0.395
0.0,0.395
-0.1,0.395
-0.1,0.395
-0.1,0.395
-0.1,0.395
-0.2,0.395
-0.2,0.395
-0.1,0.395
-0.1,0.395
-0.1,0.395
0.0,0.395
0.0,0.395
0.1,0.395
0.1,0.395
0.1,0.395
0.1,0.395
0.1,0.395
0.1,0.395
0.1,0.395
0.0,0.395
0.0,0.395
0.0,0.395
-0.1,0.395
-0.1,0.395
-0.1,0.395
-0.1,0.395
-0.1,0.395
-0.1,0.395
-0.1,0.395
0.0,0.395
0.0,0.395
0.1,0.395
0.1,0.395
0.1,0.395
0.1,0.395
0.2,0.395
0.2,0.395
0.2,0.395
0.1,0.395
0.1,0.395
0.0,0.395
0.0,0.400
-0.1,0.400
-0.1,0.400
-0.1,0.400
0.0,0.400
0.0,0.400
0.0,0.400
0.0,0.400
0.0,0.400
0.0,0.400
0.0,0.400
0.0,0.400
0.0,0.400
0.0,0.400
0.0,0.400
0.0,0.400
0.0,0.400
0.0,0.400
0.0,0.400
0.0,0.400
0.0,0.400
0.0,0.400
0.0,0.400
0.0,0.400
0.0,0.400
0.0,0.400
0.0,0.400
0.0,0.400
0.0,0.400
0.0,0.400
0.0,0.400
0.0,0.400
0.0,0.400
0.0,0.400
0.0,0.400
0.0,0.400
0.0,0.400
0.0,0.400
0.0,0.400
0.0,0.400
0.0,0.400
0.0,0.400
-0.1,0.400
0.0,0.400
0.0,0.405
0.0,0.405
0.0,0.405
0.0,0.405
0.0,0.405
0.0,0.405
0.0,0.405
0.0,0.405
0.0,0.405
0.0,0.405
0.0,0.405
0.0,0.405
0.0,0.405
0.0,0.405
0.0,0.405
0.0,0.405
0.0,0.405
0.0,0.405
0.0,0.405
0.0,0.405
0.0,0.405
0.0,0.405
0.0,0.405
0.0,0.405
0.0,0.405
0.0,0.405
0.0,0.405
0.1,0.405
0.1,0.405
0.1,0.405
0.1,0.405
0.1,0.405
0.1,0.405
0.1,0.405
-0.1,0.405
-0.1,0.405
-0.1,0.405
-0.1,0.405
-0.1,0.405
-0.1,0.405
-0.1,0.405
0.0,0.410
0.0,0.410
0.0,0.410
0.1,0.410
0.1,0.410
0.1,0.410
0.2,0.410
0.2,0.410
0.2,0.410
0.2,0.410
0.1,0.410
0.0,0.410
0.0,0.410
-0.1,0.410
-0.1,0.410
-0.1,0.410
-0.2,0.410
-0.2,0.410
-0.2,0.410
-0.1,0.410
0.0,0.410
0.0,0.410
0.1,0.410
0.1,0.410
0.1,0.410
0.1,0.410
0.2,0.410
0.1,0.410
0.1,0.410
0.1,0.410
0.0,0.410
0.0,0.410
-0.1,0.410
-0.2,0.410
-0.2,0.410
-0.2,0.410
-0.2,0.410
-0.2,0.410
-0.2,0.410
-0.1,0.410
0.0,0.410
0.0,0.410
0.0,0.410
0.1,0.410
0.1,0.415
0.2,0.415
0.2,0.415
0.1,0.415
0.1,0.415
0.0,0.415
0.0,0.415
0.0,0.415
-0.1,0.415
-0.2,0.415
-0.2,0.415
-0.2,0.415
-0.2,0.415
-0.2,0.415
-0.1,0.415
0.0,0.415
0.0,0.415
0.0,0.415
0.1,0.415
0.1,0.415
0.2,0.415
0.2,0.415
0.2,0.415
0.1,0.415
0.1,0.415
0.0,0.415
0.0,0.415
-0.1,0.415
-0.1,0.415
-0.2,0.415
-0.2,0.415
-0.2,0.415
-0.2,0.415
-0.1,0.415
-0.1,0.415
0.0,0.415
0.0,0.415
0.1,0.415
0.1,0.415
0.2,0.415
0.2,0.415
0.2,0.415
0.2,0.415
0.1,0.415
0.0,0.415
0.0,0.420
-0.1,0.420
-0.1,0.420
-0.1,0.420
-0.1,0.420
-0.1,0.420
-0.1,0.420
-0.1,0.420
-0.1,0.420
-0.1,0.420
0.0,0.420
0.0,0.420
0.0,0.420
0.1,0.420
0.1,0.420
0.1,0.420
0.1,0.420
0.1,0.420
0.1,0.420
0.1,0.420
0.0,0.420
0.0,0.420
0.0,0.420
-0.1,0.420
-0.1,0.420
-0.1,0.420
-0.1,0.420
-0.1,0.420
-0.1,0.420
-0.1,0.420
0.0,0.420
0.0,0.420
0.0,0.420
0.1,0.420
0.1,0.420
0.1,0.420
0.1,0.420
0.1,0.420
0.1,0.420
0.1,0.420
0.1,0.420
0.0,0.420
-0.1,0.420
-0.1,0.420
-0.1,0.420
-0.1,0.420
-0.1,0.425
-0.1,0.425
-0.1,0.425
-0.1,0.425
0.0,0.425
0.0,0.425
0.0,0.425
0.1,0.425
0.1,0.425
0.1,0.425
0.1,0.425
0.1,0.425
0.1,0.425
0.1,0.425
0.1,0.425
0.0,0.425
0.0,0.425
0.0,0.425
-0.1,0.425
-0.1,0.425
-0.1,0.425
-0.1,0.425
-0.1,0.425
-0.1,0.425
-0.1,0.425
-0.1,0.425
0.0,0.425
0.0,0.425
0.0,0.425
0.0,0.425
0.0,0.425
0.0,0.425
0.0,0.425
0.0,0.425
0.0,0.425
0.0,0.425
0.0,0.425
0.0,0.425
-0.1,0.425
0.0,0.425
0.0,0.425
0.0,0.425
0.0,0.430
0.0,0.430
0.0,0.430
0.0,0.430
0.0,0.430
0.0,0.430
0.0,0.430
0.0,0.430
0.0,0.430
0.0,0.430
0.0,0.430
0.0,0.430
0.0,0.430
0.0,0.430
0.0,0.430
0.0,0.430
0.0,0.430
0.0,0.430
0.0,0.430
0.0,0.430
0.0,0.430
0.0,0.430
0.0,0.430
0.0,0.430
0.0,0.430
0.0,0.430
0.1,0.430
0.1,0.430
0.1,0.430
0.1,0.430
0.1,0.430
0.1,0.430
0.1,0.430
0.1,0.430
0.1,0.430
0.1,0.430
0.0,0.430
0.0,0.430
0.0,0.430
0.0,0.430
0.0,0.435
0.0,0.435
0.0,0.435
0.0,0.435
0.0,0.435
0.0,0.435
0.0,0.435
0.0,0.435
0.0,0.435
0.0,0.435
0.0,0.435
0.0,0.435
0.0,0.435
0.0,0.435
0.0,0.435
0.0,0.435
0.0,0.435
0.0,0.435
0.0,0.435
0.0,0.435
0.0,0.435
0.0,0.435
0.0,0.435
0.0,0.435
0.0,0.435
0.1,0.435
0.1,0.435
0.1,0.435
0.1,0.435
0.1,0.435
0.1,0.435
0.1,0.435
0.1,0.435
0.1,0.435
0.0,0.435
-0.1,0.435
-0.1,0.435
0.0,0.435
0.0,0.435
0.0,0.435
0.0,0.440
0.0,0.440
0.0,0.440
0.0,0.440
0.0,0.440
0.0,0.440
0.0,0.440
0.0,0.440
0.0,0.440
0.0,0.440
0.0,0.440
0.0,0.440
0.0,0.440
0.0,0.440
0.0,0.440
0.0,0.440
0.0,0.440
0.0,0.440
0.0,0.440
0.0,0.440
0.0,0.440
0.0,0.440
0.0,0.440
0.0,0.440
0.1,0.440
0.0,0.440
0.0,0.440
0.0,0.440
0.0,0.440
0.0,0.440
0.0,0.440
0.0,0.440
0.0,0.440
0.0,0.440
0.0,0.440
0.0,0.440
0.0,0.440
0.0,0.440
0.0,0.440
0.0,0.440
0.0,0.440
0.0,0.445
0.0,0.445
0.0,0.445
0.0,0.445
0.0,0.445
0.0,0.445
0.0,0.445
0.0,0.445
0.0,0.445
0.0,0.445
0.0,0.445
0.0,0.445
0.0,0.445
0.0,0.445
0.0,0.445
0.0,0.445
0.0,0.445
0.0,0.445
0.0,0.445
0.0,0.445
0.0,0.445
0.0,0.445
0.0,0.445
0.0,0.445
0.0,0.445
0.0,0.445
0.0,0.445
0.0,0.445
0.0,0.445
0.0,0.445
0.0,0.445
0.0,0.445
0.0,0.445
0.0,0.445
0.0,0.445
0.0,0.445
0.0,0.445
0.0,0.445
0.0,0.445
0.0,0.445
0.1,0.445
0.1,0.450
0.1,0.450
0.1,0.450
0.1,0.450
0.1,0.450
0.1,0.450
0.1,0.450
0.1,0.450
0.0,0.450
-0.1,0.450
-0.1,0.450
-0.1,0.450
-0.1,0.450
-0.1,0.450
-0.1,0.450
-0.1,0.450
-0.1,0.450
0.0,0.450
0.0,0.450
0.1,0.450
0.1,0.450
0.1,0.450
0.1,0.450
0.1,0.450
0.1,0.450
0.1,0.450
0.0,0.450
0.0,0.450
-0.1,0.450
-0.1,0.450
-0.1,0.450
-0.1,0.450
-0.1,0.450
-0.1,0.450
-0.1,0.450
0.0,0.450
0.0,0.455
0.1,0.455
0.2,0.455
0.2,0.455
0.2,0.455
0.2,0.455
0.2,0.455
0.2,0.455
0.1,0.455
0.0,0.455
0.0,0.455
-0.1,0.455
-0.1,0.455
-0.2,0.455
-0.2,0.455
-0.2,0.455
-0.1,0.455
-0.1,0.455
-0.1,0.455
0.0,0.455
0.1,0.455
0.1,0.455
0.1,0.455
0.2,0.455
0.2,0.455
0.2,0.455
0.1,0.455
0.1,0.455
0.0,0.455
0.0,0.455
-0.1,0.455
-0.2,0.455
-0.2,0.455
-0.2,0.455
-0.2,0.455
-0.1,0.455
-0.1,0.455
0.0,0.455
0.0,0.455
0.1,0.460
0.1,0.460
0.2,0.460
0.2,0.460
0.2,0.460
0.2,0.460
0.2,0.460
0.1,0.460
0.0,0.460
0.0,0.460
-0.1,0.460
-0.2,0.460
-0.2,0.460
-0.2,0.460
-0.2,0.460
-0.2,0.460
-0.2,0.460
-0.1,0.460
0.0,0.460
0.1,0.460
0.1,0.460
0.2,0.460
0.2,0.460
0.2,0.460
0.2,0.460
0.1,0.460
0.1,0.460
0.0,0.460
0.0,0.460
-0.1,0.460
-0.1,0.460
-0.2,0.460
-0.2,0.460
-0.2,0.460
-0.2,0.460
-0.1,0.460
-0.1,0.460
0.0,0.460
0.0,0.460
0.0,0.465
0.1,0.465
0.1,0.465
0.1,0.465
0.2,0.465
0.2,0.465
0.2,0.465
0.1,0.465
0.0,0.465
0.0,0.465
-0.1,0.465
-0.2,0.465
-0.2,0.465
-0.2,0.465
-0.2,0.465
-0.2,0.465
-0.2,0.465
-0.1,0.465
0.0,0.465
0.0,0.465
0.1,0.465
0.2,0.465
0.2,0.465
0.2,0.465
0.2,0.465
0.2,0.465
0.2,0.465
0.1,0.465
0.1,0.465
0.0,0.465
-0.1,0.465
-0.1,0.465
-0.1,0.465
-0.2,0.465
-0.2,0.465
-0.2,0.465
-0.1,0.465
-0.1,0.465
0.0,0.465
0.0,0.465
0.1,0.465
0.2,0.470
0.2,0.470
0.2,0.470
0.2,0.470
0.2,0.470
0.1,0.470
0.1,0.470
0.0,0.470
-0.1,0.470
-0.1,0.470
-0.2,0.470
-0.2,0.470
-0.2,0.470
-0.2,0.470
-0.2,0.470
-0.1,0.470
-0.1,0.470
0.0,0.470
0.1,0.470
0.2,0.470
0.2,0.470
0.2,0.470
0.2,0.470
0.2,0.470
0.2,0.470
0.1,0.470
0.0,0.470
0.0,0.470
-0.1,0.470
-0.1,0.470
-0.1,0.470
-0.2,0.470
-0.2,0.470
-0.1,0.470
-0.1,0.470
-0.1,0.470
0.0,0.470
0.1,0.470
0.1,0.470
0.1,0.470
0.2,0.470
0.2,0.470
0.2,0.470
0.2,0.470
0.2,0.470
0.1,0.475
0.0,0.475
-0.1,0.475
-0.1,0.475
-0.2,0.475
-0.2,0.475
-0.2,0.475
-0.2,0.475
-0.2,0.475
-0.1,0.475
0.0,0.475
0.0,0.475
0.0,0.475
0.1,0.475
0.2,0.475
0.2,0.475
0.2,0.475
0.2,0.475
0.2,0.475
0.1,0.475
0.0,0.475
-0.1,0.475
-0.1,0.475
-0.1,0.475
-0.1,0.475
-0.2,0.475
-0.2,0.475
-0.2,0.475
-0.1,0.475
-0.1,0.475
0.0,0.475
0.0,0.475
0.1,0.475
0.2,0.475
0.2,0.475
0.2,0.475
0.2,0.475
0.2,0.475
0.2,0.475
0.2,0.475
0.1,0.475
0.0,0.475
0.0,0.475
-0.1,0.475
-0.1,0.475
-0.1,0.475
-0.1,0.475
-0.1,0.480
-0.1,0.480
-0.1,0.480
0.0,0.480
0.1,0.480
0.1,0.480
0.1,0.480
0.1,0.480
0.1,0.480
0.1,0.480
0.1,0.480
0.1,0.480
0.1,0.480
0.0,0.480
0.0,0.480
-0.1,0.480
-0.1,0.480
-0.1,0.480
-0.1,0.480
-0.1,0.480
-0.1,0.480
-0.1,0.480
-0.1,0.480
0.0,0.480
0.0,0.480
0.0,0.480
0.1,0.480
0.1,0.480
0.1,0.480
0.1,0.480
0.1,0.480
0.0,0.480
0.1,0.480
0.0,0.480
-0.1,0.480
-0.1,0.480
-0.2,0.480
-0.2,0.480
-0.2,0.480
-0.1,0.480
-0.1,0.480
-0.1,0.480
0.0,0.480
0.0,0.480
0.1,0.480
0.1,0.485
0.1,0.485
0.1,0.485
0.1,0.485
0.1,0.485
0.1,0.485
0.0,0.485
0.0,0.485
0.0,0.485
-0.1,0.485
-0.1,0.485
-0.1,0.485
0.0,0.485
0.0,0.485
0.0,0.485
0.0,0.485
0.0,0.485
0.0,0.485
0.1,0.485
0.1,0.485
0.1,0.485
0.1,0.485
0.1,0.485
0.1,0.485
0.1,0.485
0.1,0.485
0.0,0.485
0.0,0.485
0.0,0.485
-0.1,0.485
-0.1,0.485
-0.1,0.485
-0.1,0.485
-0.1,0.485
0.0,0.485
-0.1,0.485
0.0,0.485
0.1,0.485
0.1,0.490
0.1,0.490
0.1,0.490
0.1,0.490
0.1,0.490
0.0,0.490
0.0,0.490
0.0,0.490
0.0,0.490
0.0,0.490
0.0,0.490
0.0,0.490
0.0,0.490
0.0,0.490
0.0,0.490
0.1,0.490
0.1,0.490
0.1,0.490
0.1,0.490
0.1,0.490
0.1,0.490
0.1,0.490
0.1,0.490
0.1,0.490
0.1,0.490
-0.1,0.490
-0.1,0.490
-0.1,0.490
-0.1,0.490
-0.1,0.490
-0.1,0.490
-0.1,0.490
0.0,0.490
0.0,0.490
0.1,0.490
0.1,0.490
0.1,0.490
0.1,0.490
0.1,0.490
0.1,0.490
0.1,0.490
0.1,0.490
0.1,0.495
0.1,0.495
0.1,0.495
0.0,0.495
-0.1,0.495
-0.1,0.495
-0.1,0.495
-0.1,0.495
-0.1,0.495
-0.1,0.495
-0.1,0.495
-0.1,0.495
-0.1,0.495
-0.1,0.495
-0.1,0.495
-0.1,0.495
0.0,0.495
0.0,0.495
0.0,0.495
0.0,0.495
0.0,0.495
0.0,0.495
0.0,0.495
0.0,0.495
0.0,0.495
0.0,0.495
0.0,0.495
0.0,0.495
0.0,0.495
-0.1,0.495
-0.1,0.495
-0.1,0.495
-0.1,0.495
-0.1,0.495
-0.1,0.495
0.0,0.495
0.1,0.495
0.1,0.495
0.1,0.495
0.1,0.495
0.1,0.495
0.1,0.495
0.1,0.500
0.1,0.500
0.0,0.500
0.0,0.500
0.0,0.500
0.0,0.500
0.0,0.500
0.0,0.500
0.0,0.500
0.0,0.500
0.0,0.500
0.1,0.500
0.1,0.500
0.1,0.500
0.2,0.500
0.2,0.500
0.3,0.500
0.3,0.500
0.4,0.500
0.4,0.500
0.5,0.500
0.6,0.500
0.6,0.500
0.7,0.500
0.9,0.500
1.0,0.500
1.1,0.500
1.2,0.500
1.2,0.500
1.3,0.500
1.4,0.500
1.5,0.500
1.6,0.500
1.7,0.500
1.8,0.500
1.9,0.500
2.0,0.500
2.1,0.500
2.2,0.500
2.3,0.500
2.3,0.500
2.4,0.500
2.5,0.500
2.6,0.500
2.8,0.500
2.9,0.500
3.0,0.500
3.1,0.505
3.2,0.505
3.2,0.505
3.3,0.505
3.4,0.505
3.5,0.505
3.6,0.505
3.8,0.505
3.9,0.505
4.0,0.505
4.1,0.505
4.2,0.505
4.3,0.505
4.4,0.505
4.6,0.505
4.7,0.505
4.8,0.505
4.9,0.505
5.0,0.505
5.1,0.505
5.2,0.505
5.3,0.505
5.4,0.505
5.5,0.505
5.6,0.505
5.7,0.505
5.8,0.505
5.9,0.505
6.0,0.505
6.1,0.505
6.2,0.505
6.3,0.505
6.4,0.505
6.5,0.505
6.6,0.505
6.7,0.505
6.9,0.505
7.0,0.505
7.1,0.505
7.2,0.505
7.3,0.505
7.4,0.505
7.5,0.505
7.6,0.505
7.7,0.505
7.8,0.505
7.9,0.510
8.0,0.510
8.1,0.510
8.2,0.510
8.3,0.510
8.4,0.510
8.5,0.510
8.6,0.510
8.7,0.510
8.8,0.510
8.9,0.510
9.0,0.510
9.1,0.510
9.2,0.510
9.3,0.510
9.4,0.510
9.5,0.510
9.6,0.510
9.7,0.510
9.8,0.510
9.9,0.510
10.1,0.510
10.2,0.510
10.3,0.510
10.4,0.510
10.5,0.510
10.6,0.510
10.7,0.510
10.8,0.510
10.9,0.510
11.0,0.510
11.1,0.510
11.2,0.510
11.3,0.510
11.5,0.510
11.6,0.510
11.7,0.510
11.8,0.510
11.9,0.510
12.0,0.510
12.1,0.510
12.2,0.510
12.3,0.510
12.4,0.510
12.5,0.515
12.6,0.515
12.7,0.515
12.8,0.515
12.9,0.515
13.0,0.515
13.1,0.515
13.2,0.515
13.3,0.515
13.4,0.515
13.6,0.515
13.7,0.515
13.8,0.515
13.9,0.515
14.0,0.515
14.1,0.515
14.2,0.515
14.3,0.515
14.4,0.515
14.5,0.515
14.7,0.515
14.8,0.515
14.9,0.515
15.0,0.515
15.1,0.515
15.2,0.515
15.3,0.515
15.4,0.515
15.5,0.515
15.6,0.515
15.7,0.515
15.8,0.515
15.9,0.515
16.0,0.515
16.1,0.515
16.3,0.515
16.3,0.515
16.4,0.515
16.6,0.515
16.7,0.515
16.8,0.515
16.9,0.515
17.0,0.515
17.1,0.515
17.2,0.515
17.3,0.515
17.4,0.515
17.5,0.520
17.6,0.520
17.7,0.520
17.9,0.520
18.0,0.520
18.1,0.520
18.2,0.520
18.3,0.520
18.4,0.520
18.5,0.520
18.6,0.520
18.7,0.520
18.8,0.520
18.8,0.520
18.9,0.520
19.0,0.520
19.2,0.520
19.3,0.520
19.4,0.520
19.4,0.520
19.5,0.520
19.7,0.520
19.7,0.520
19.9,0.520
20.0,0.520
20.1,0.520
20.2,0.520
20.3,0.520
20.4,0.520
20.5,0.520
20.6,0.520
20.7,0.520
20.8,0.520
20.9,0.520
21.0,0.520
21.1,0.520
21.2,0.520
21.3,0.520
21.4,0.520
21.5,0.520
21.6,0.520
21.6,0.520
21.8,0.520
21.8,0.520
21.9,0.520
22.0,0.520
22.1,0.520
22.2,0.520
22.3,0.520
22.4,0.520
22.5,0.525
22.6,0.525
22.7,0.525
22.8,0.525
22.9,0.525
23.0,0.525
23.0,0.525
23.1,0.525
23.2,0.525
23.3,0.525
23.4,0.525
23.4,0.525
23.5,0.525
23.6,0.525
23.7,0.525
23.8,0.525
23.9,0.525
24.0,0.525
24.1,0.525
24.1,0.525
24.2,0.525
24.3,0.525
24.4,0.525
24.5,0.525
24.6,0.525
24.7,0.525
24.8,0.525
24.9,0.525
25.0,0.525
25.0,0.525
25.1,0.525
25.2,0.525
25.3,0.525
25.4,0.525
25.5,0.525
25.6,0.525
25.7,0.525
25.7,0.525
25.8,0.525
25.9,0.525
26.0,0.525
26.1,0.525
26.1,0.525
26.2,0.525
26.3,0.525
26.4,0.525
26.4,0.525
26.5,0.525
26.6,0.525
26.7,0.525
26.8,0.525
26.9,0.525
27.0,0.525
27.1,0.525
27.1,0.525
27.2,0.525
27.3,0.530
27.4,0.530
27.4,0.530
27.5,0.530
27.6,0.530
27.7,0.530
27.8,0.530
27.9,0.530
27.9,0.530
28.1,0.530
28.1,0.530
28.2,0.530
28.3,0.530
28.4,0.530
28.5,0.530
28.6,0.530
28.6,0.530
28.7,0.530
28.8,0.530
28.9,0.530
28.9,0.530
29.0,0.530
29.1,0.530
29.2,0.530
29.2,0.530
29.3,0.530
29.4,0.530
29.5,0.530
29.6,0.530
29.6,0.530
29.7,0.530
29.8,0.530
29.8,0.530
29.9,0.530
30.0,0.530
30.1,0.530
30.2,0.530
30.3,0.530
30.4,0.530
30.5,0.530
30.5,0.530
30.6,0.530
30.7,0.530
30.7,0.530
30.8,0.530
30.9,0.530
30.9,0.530
31.0,0.530
31.1,0.530
31.2,0.530
31.2,0.530
31.3,0.530
31.4,0.530
31.5,0.530
31.6,0.535
31.7,0.535
31.7,0.535
31.8,0.535
31.9,0.535
31.9,0.535
32.0,0.535
32.1,0.535
32.1,0.535
32.2,0.535
32.3,0.535
32.3,0.535
32.4,0.535
32.5,0.535
32.6,0.535
32.7,0.535
32.7,0.535
32.8,0.535
32.9,0.535
32.9,0.535
33.0,0.535
33.1,0.535
33.1,0.535
33.2,0.535
33.3,0.535
33.4,0.535
33.4,0.535
33.5,0.535
33.6,0.535
33.6,0.535
33.7,0.535
33.8,0.535
33.8,0.535
33.9,0.535
34.0,0.535
34.0,0.535
34.1,0.535
34.2,0.535
34.2,0.535
34.3,0.535
34.4,0.535
34.4,0.535
34.5,0.535
34.6,0.535
34.6,0.535
34.7,0.535
34.7,0.535
34.8,0.535
34.8,0.535
34.9,0.535
35.0,0.535
35.0,0.535
35.1,0.535
35.2,0.535
35.2,0.535
35.3,0.535
35.3,0.535
35.4,0.535
35.5,0.535
35.5,0.535
35.6,0.535
35.6,0.535
35.7,0.535
35.7,0.535
35.7,0.535
35.8,0.535
35.9,0.535
35.9,0.535
35.9,0.535
35.9,0.540
36.0,0.540
36.0,0.540
36.1,0.540
36.1,0.540
36.2,0.540
36.2,0.540
36.3,0.540
36.3,0.540
36.3,0.540
36.4,0.540
36.4,0.540
36.5,0.540
36.5,0.540
36.5,0.540
36.6,0.540
36.6,0.540
36.6,0.540
36.7,0.540
36.7,0.540
36.7,0.540
36.7,0.540
36.8,0.540
36.8,0.540
36.8,0.540
36.9,0.540
36.9,0.540
36.9,0.540
36.9,0.540
37.0,0.540
37.0,0.540
37.1,0.540
37.1,0.540
37.1,0.540
37.1,0.540
37.1,0.540
37.2,0.540
37.2,0.540
37.2,0.540
37.2,0.540
37.2,0.540
37.2,0.540
37.2,0.540
37.2,0.540
37.2,0.540
37.2,0.540
37.2,0.540
37.2,0.540
37.2,0.540
37.2,0.540
37.2,0.540
37.1,0.540
37.1,0.540
37.1,0.540
37.0,0.540
37.0,0.540
36.9,0.540
36.9,0.540
36.9,0.540
36.8,0.540
36.8,0.540
36.7,0.540
36.7,0.540
36.7,0.540
36.6,0.540
36.6,0.540
36.6,0.540
36.5,0.540
36.5,0.540
36.5,0.540
36.4,0.540
36.4,0.540
36.4,0.540
36.4,0.540
36.4,0.540
36.4,0.540
36.4,0.540
36.4,0.540
36.4,0.540
36.4,0.540
36.4,0.540
36.3,0.540
36.3,0.540
36.3,0.540
36.3,0.540
36.3,0.540
36.3,0.540
36.3,0.540
36.3,0.540
36.3,0.540
36.3,0.545
36.3,0.545
36.3,0.545
36.3,0.545
36.3,0.545
36.3,0.545
36.3,0.545
36.3,0.545
36.3,0.545
36.3,0.545
36.3,0.545
36.3,0.545
36.3,0.545
36.3,0.545
36.3,0.545
36.3,0.545
36.3,0.545
36.3,0.545
36.3,0.545
36.3,0.545
36.3,0.545
36.3,0.545
36.3,0.545
36.3,0.545
36.3,0.545
36.3,0.545
36.4,0.545
36.4,0.545
36.4,0.545
36.4,0.545
36.4,0.545
36.4,0.545
36.4,0.545
36.3,0.545
36.3,0.545
36.3,0.545
36.3,0.545
36.3,0.545
36.3,0.545
36.3,0.545
36.3,0.545
36.3,0.545
36.3,0.545
36.3,0.545
36.3,0.545
36.3,0.545
36.3,0.545
36.3,0.545
36.3,0.545
36.3,0.545
36.3,0.545
36.3,0.545
36.3,0.545
36.3,0.545
36.3,0.545
36.3,0.545
36.3,0.545
36.3,0.545
36.3,0.545
36.3,0.545
36.3,0.545
36.3,0.545
36.3,0.545
36.3,0.545
36.3,0.545
36.4,0.545
36.4,0.545
36.4,0.545
36.4,0.545
36.4,0.545
36.4,0.545
36.4,0.545
36.4,0.545
36.4,0.545
36.4,0.545
36.4,0.545
36.4,0.545
36.4,0.545
36.4,0.545
36.4,0.545
36.4,0.545
36.4,0.545
36.4,0.545
36.4,0.545
36.4,0.550
36.4,0.550
36.4,0.550
36.4,0.550
36.4,0.550
36.4,0.550
36.4,0.550
36.4,0.550
36.4,0.550
36.4,0.550
36.3,0.550
36.3,0.550
36.3,0.550
36.3,0.550
36.3,0.550
36.3,0.550
36.3,0.550
36.3,0.550
36.3,0.550
36.3,0.550
36.3,0.550
36.3,0.550
36.3,0.550
36.3,0.550
36.3,0.550
36.3,0.550
36.3,0.550
36.3,0.550
36.3,0.550
36.3,0.550
36.3,0.550
36.3,0.550
36.3,0.550
36.4,0.550
36.4,0.550
36.4,0.550
36.4,0.550
36.4,0.550
36.4,0.550
36.5,0.550
36.5,0.550
36.5,0.550
36.5,0.550
36.5,0.550
36.5,0.550
36.6,0.550
36.6,0.550
36.6,0.550
36.6,0.550
36.6,0.550
36.6,0.550
36.7,0.550
36.7,0.550
36.8,0.550
36.8,0.550
36.8,0.550
36.8,0.550
36.8,0.550
36.9,0.550
36.9,0.550
36.9,0.550
37.0,0.550
37.0,0.550
37.0,0.550
37.0,0.550
37.0,0.550
37.0,0.550
37.0,0.550
36.9,0.550
36.9,0.550
36.8,0.550
36.7,0.550
36.7,0.550
36.6,0.550
36.6,0.550
36.6,0.550
36.6,0.550
36.5,0.550
36.5,0.550
36.5,0.550
36.5,0.550
36.5,0.550
36.5,0.550
36.5,0.550
36.5,0.550
36.5,0.550
36.5,0.550
36.6,0.550
36.6,0.550
36.6,0.550
36.6,0.555
36.6,0.555
36.6,0.555
36.6,0.555
36.6,0.555
36.6,0.555
36.6,0.555
36.6,0.555
36.6,0.555
36.6,0.555
36.6,0.555
36.6,0.555
36.6,0.555
36.6,0.555
36.6,0.555
36.6,0.555
36.6,0.555
36.6,0.555
36.6,0.555
36.6,0.555
36.6,0.555
36.6,0.555
36.6,0.555
36.6,0.555
36.6,0.555
36.6,0.555
36.6,0.555
36.6,0.555
36.6,0.555
36.7,0.555
36.7,0.555
36.7,0.555
36.7,0.555
36.7,0.555
36.7,0.555
36.7,0.555
36.7,0.555
36.7,0.555
36.7,0.555
36.7,0.555
36.7,0.555
36.7,0.555
36.7,0.555
36.7,0.555
36.7,0.555
36.7,0.555
36.7,0.555
36.8,0.555
36.8,0.555
36.8,0.555
36.8,0.555
36.8,0.555
36.8,0.555
36.8,0.555
36.8,0.555
36.8,0.555
36.8,0.555
36.8,0.555
36.8,0.555
36.8,0.555
36.8,0.555
36.8,0.555
36.8,0.555
36.8,0.555
36.8,0.555
36.8,0.555
36.8,0.555
36.8,0.555
36.8,0.555
36.8,0.555
36.8,0.555
36.8,0.555
36.8,0.555
36.8,0.555
36.8,0.555
36.8,0.555
36.8,0.555
36.8,0.555
36.8,0.555
36.8,0.555
36.7,0.555
36.7,0.555
36.7,0.560
36.7,0.560
36.7,0.560
36.7,0.560
36.7,0.560
36.7,0.560
36.8,0.560
36.8,0.560
36.8,0.560
36.8,0.560
36.8,0.560
36.8,0.560
36.8,0.560
36.8,0.560
36.8,0.560
36.8,0.560
36.8,0.560
36.8,0.560
36.8,0.560
36.8,0.560
36.8,0.560
36.8,0.560
36.8,0.560
36.8,0.560
36.8,0.560
36.8,0.560
36.8,0.560
36.8,0.560
36.8,0.560
36.8,0.560
36.8,0.560
36.8,0.560
36.8,0.560
36.8,0.560
36.9,0.560
36.9,0.560
36.9,0.560
36.9,0.560
36.9,0.560
36.9,0.560
36.9,0.560
36.9,0.560
36.9,0.560
36.9,0.560
36.9,0.560
36.9,0.560
36.9,0.560
36.9,0.560
36.9,0.560
37.0,0.560
37.0,0.560
37.0,0.560
37.0,0.560
37.1,0.560
37.1,0.560
37.1,0.560
37.1,0.560
37.2,0.560
37.2,0.560
37.2,0.560
37.2,0.560
37.2,0.560
37.2,0.560
37.2,0.560
37.2,0.560
37.3,0.560
37.3,0.560
37.3,0.560
37.3,0.560
37.3,0.560
37.3,0.560
37.3,0.560
37.3,0.560
37.3,0.565
37.3,0.565
37.3,0.565
37.3,0.565
37.4,0.565
37.4,0.565
37.4,0.565
37.4,0.565
37.4,0.565
37.4,0.565
37.4,0.565
37.4,0.565
37.4,0.565
37.4,0.565
37.5,0.565
37.5,0.565
37.5,0.565
37.5,0.565
37.5,0.565
37.5,0.565
37.5,0.565
37.5,0.565
37.6,0.565
37.5,0.565
37.6,0.565
37.6,0.565
37.6,0.565
37.6,0.565
37.6,0.565
37.6,0.565
37.6,0.565
37.6,0.565
37.6,0.565
37.6,0.565
37.6,0.565
37.6,0.565
37.6,0.565
37.6,0.565
37.6,0.565
37.6,0.565
37.6,0.565
37.6,0.565
37.5,0.565
37.5,0.565
37.5,0.565
37.5,0.565
37.5,0.565
37.5,0.565
37.5,0.565
37.5,0.565
37.5,0.565
37.5,0.565
37.5,0.565
37.5,0.565
37.5,0.565
37.5,0.565
37.5,0.565
37.5,0.565
37.5,0.565
37.5,0.565
37.5,0.565
37.5,0.565
37.5,0.565
37.5,0.565
37.5,0.565
37.5,0.565
37.6,0.565
37.6,0.565
37.6,0.570
37.6,0.570
37.6,0.570
37.6,0.570
37.6,0.570
37.6,0.570
37.6,0.570
37.6,0.570
37.6,0.570
37.7,0.570
37.7,0.570
37.7,0.570
37.7,0.570
37.7,0.570
37.7,0.570
37.7,0.570
37.8,0.570
37.8,0.570
37.8,0.570
37.8,0.570
37.8,0.570
37.8,0.570
37.8,0.570
37.8,0.570
37.8,0.570
37.8,0.570
37.8,0.570
37.8,0.570
37.8,0.570
37.8,0.570
37.8,0.570
37.8,0.570
37.8,0.570
37.8,0.570
37.9,0.570
37.9,0.570
37.9,0.570
37.9,0.570
37.9,0.570
37.9,0.570
37.9,0.570
37.9,0.570
37.9,0.570
37.9,0.570
38.0,0.570
38.0,0.570
38.0,0.570
38.0,0.570
38.0,0.570
38.0,0.570
38.0,0.570
38.0,0.570
38.1,0.570
38.1,0.570
38.1,0.570
38.1,0.570
38.1,0.570
38.1,0.570
38.1,0.570
38.2,0.570
38.2,0.570
38.2,0.570
38.2,0.570
38.2,0.575
38.2,0.575
38.2,0.575
38.3,0.575
38.3,0.575
38.3,0.575
38.4,0.575
38.4,0.575
38.5,0.575
38.5,0.575
38.6,0.575
38.7,0.575
38.7,0.575
38.8,0.575
38.8,0.575
38.8,0.575
38.9,0.575
39.0,0.575
39.0,0.575
39.0,0.575
39.0,0.575
39.1,0.575
39.1,0.575
39.2,0.575
39.3,0.575
39.3,0.575
39.4,0.575
39.4,0.575
39.4,0.575
39.5,0.575
39.5,0.575
39.6,0.575
39.6,0.575
39.7,0.575
39.7,0.575
39.7,0.575
39.7,0.575
39.7,0.575
39.7,0.575
39.7,0.575
39.7,0.575
39.7,0.575
39.7,0.575
39.7,0.575
39.7,0.575
39.7,0.575
39.7,0.575
39.7,0.575
39.7,0.575
39.7,0.575
39.7,0.575
39.7,0.575
39.7,0.575
39.7,0.575
39.7,0.575
39.7,0.575
39.7,0.575
39.7,0.575
39.7,0.580
39.7,0.580
39.7,0.580
39.7,0.580
39.7,0.580
39.7,0.580
39.7,0.580
39.6,0.580
39.6,0.580
39.5,0.580
39.5,0.580
39.4,0.580
39.4,0.580
39.4,0.580
39.4,0.580
39.4,0.580
39.4,0.580
39.4,0.580
39.4,0.580
39.4,0.580
39.4,0.580
39.3,0.580
39.3,0.580
39.3,0.580
39.3,0.580
39.3,0.580
39.3,0.580
39.2,0.580
39.2,0.580
39.2,0.580
39.1,0.580
39.1,0.580
39.1,0.580
39.0,0.580
39.0,0.580
39.0,0.580
38.9,0.580
38.9,0.580
38.9,0.580
38.9,0.580
38.9,0.580
38.9,0.580
38.9,0.580
38.9,0.580
38.9,0.580
38.9,0.580
38.9,0.580
38.9,0.580
38.9,0.580
38.9,0.580
38.9,0.580
38.9,0.580
38.9,0.580
38.9,0.585
38.9,0.585
38.8,0.585
38.8,0.585
38.8,0.585
38.8,0.585
38.8,0.585
38.8,0.585
38.8,0.585
38.8,0.585
38.8,0.585
38.8,0.585
38.8,0.585
38.8,0.585
38.8,0.585
38.8,0.585
38.8,0.585
38.8,0.585
38.8,0.585
38.8,0.585
38.8,0.585
38.8,0.585
38.7,0.585
38.7,0.585
38.7,0.585
38.7,0.585
38.7,0.585
38.7,0.585
38.7,0.585
38.7,0.585
38.7,0.585
38.7,0.585
38.7,0.585
38.7,0.585
38.7,0.585
38.7,0.585
38.7,0.585
38.7,0.585
38.7,0.585
38.7,0.585
38.7,0.585
38.7,0.585
38.7,0.585
38.7,0.585
38.7,0.585
38.7,0.590
38.7,0.590
38.7,0.590
38.7,0.590
38.7,0.590
38.7,0.590
38.7,0.590
38.7,0.590
38.7,0.590
38.7,0.590
38.7,0.590
38.7,0.590
38.7,0.590
38.7,0.590
38.7,0.590
38.7,0.590
38.7,0.590
38.7,0.590
38.7,0.590
38.7,0.590
38.7,0.590
38.7,0.590
38.7,0.590
38.7,0.590
38.7,0.590
38.7,0.590
38.7,0.590
38.7,0.590
38.7,0.590
38.7,0.590
38.7,0.590
38.7,0.590
38.7,0.590
38.7,0.590
38.7,0.590
38.7,0.590
38.7,0.590
38.7,0.590
38.7,0.590
38.7,0.590
38.6,0.590
38.6,0.590
38.6,0.595
38.6,0.595
38.6,0.595
38.6,0.595
38.6,0.595
38.6,0.595
38.6,0.595
38.6,0.595
38.6,0.595
38.6,0.595
38.6,0.595
38.6,0.595
38.6,0.595
38.6,0.595
38.6,0.595
38.6,0.595
38.6,0.595
38.6,0.595
38.6,0.595
38.6,0.595
38.6,0.595
38.6,0.595
38.6,0.595
38.6,0.595
38.6,0.595
38.6,0.595
38.6,0.595
38.6,0.595
38.6,0.595
38.6,0.595
38.6,0.595
38.6,0.595
38.6,0.595
38.6,0.595
38.6,0.595
38.6,0.595
38.6,0.595
38.6,0.595
38.6,0.595
38.6,0.595
38.6,0.595
38.6,0.595
38.6,0.595
38.6,0.595
38.6,0.595
38.6,0.600
38.6,0.600
38.6,0.600
38.6,0.600
38.6,0.600
38.6,0.600
38.6,0.600
38.6,0.600
38.6,0.600
38.6,0.600
38.6,0.600
38.7,0.600
38.7,0.600
38.7,0.600
38.7,0.600
38.7,0.600
38.7,0.600
38.7,0.600
38.6,0.600
38.6,0.600
38.6,0.600
38.6,0.600
38.6,0.600
38.6,0.600
38.6,0.600
38.6,0.600
38.6,0.600
38.6,0.600
38.6,0.600
38.6,0.600
38.7,0.600
38.7,0.600
38.7,0.600
38.7,0.600
38.7,0.600
38.7,0.600
38.6,0.600
38.6,0.600
38.6,0.600
38.6,0.600
38.6,0.600
38.6,0.600
38.6,0.605
38.6,0.605
38.6,0.605
38.6,0.605
38.6,0.605
38.7,0.605
38.7,0.605
38.7,0.605
38.7,0.605
38.7,0.605
38.7,0.605
38.7,0.605
38.7,0.605
38.7,0.605
38.7,0.605
38.7,0.605
38.6,0.605
38.6,0.605
38.6,0.605
38.6,0.605
38.6,0.605
38.6,0.605
38.6,0.605
38.6,0.605
38.6,0.605
38.6,0.605
38.6,0.605
38.6,0.605
38.6,0.605
38.7,0.605
38.7,0.605
38.7,0.605
38.7,0.605
38.7,0.605
38.7,0.605
38.7,0.605
38.7,0.605
38.7,0.610
38.7,0.610
38.7,0.610
38.7,0.610
38.7,0.610
38.7,0.610
38.7,0.610
38.7,0.610
38.7,0.610
38.7,0.610
38.7,0.610
38.7,0.610
38.7,0.610
38.7,0.610
38.7,0.610
38.7,0.610
38.7,0.610
38.7,0.610
38.7,0.610
38.7,0.610
38.7,0.610
38.7,0.610
38.7,0.610
38.7,0.610
38.7,0.610
38.7,0.610
38.6,0.610
38.6,0.610
38.6,0.610
38.6,0.610
38.6,0.610
38.6,0.610
38.6,0.610
38.6,0.615
38.7,0.615
38.7,0.615
38.8,0.615
38.8,0.615
38.8,0.615
38.8,0.615
38.8,0.615
38.8,0.615
38.7,0.615
38.7,0.615
38.7,0.615
38.7,0.615
38.7,0.615
38.7,0.615
38.7,0.615
38.7,0.615
38.7,0.615
38.7,0.615
38.7,0.615
38.7,0.615
38.7,0.615
38.7,0.615
38.7,0.615
38.7,0.615
38.7,0.615
38.7,0.615
38.7,0.615
38.7,0.615
38.7,0.615
38.7,0.615
38.7,0.615
38.7,0.615
38.7,0.620
38.7,0.620
38.7,0.620
38.7,0.620
38.7,0.620
38.7,0.620
38.7,0.620
38.7,0.620
38.7,0.620
38.7,0.620
38.7,0.620
38.7,0.620
38.8,0.620
38.8,0.620
38.8,0.620
38.8,0.620
38.8,0.620
38.8,0.620
38.8,0.620
38.8,0.620
38.8,0.620
38.7,0.620
38.7,0.620
38.7,0.620
38.7,0.620
38.7,0.620
38.7,0.620
38.7,0.620
38.8,0.620
38.8,0.620
38.8,0.620
38.9,0.625
38.9,0.625
38.9,0.625
38.9,0.625
38.9,0.625
38.9,0.625
38.9,0.625
38.8,0.625
38.8,0.625
38.7,0.625
38.7,0.625
38.7,0.625
38.7,0.625
38.7,0.625
38.7,0.625
38.7,0.625
38.8,0.625
38.7,0.625
38.8,0.625
38.8,0.625
38.8,0.625
38.8,0.625
38.9,0.625
38.9,0.625
38.9,0.625
38.9,0.625
38.9,0.630
38.9,0.630
38.9,0.630
38.9,0.630
38.7,0.630
38.7,0.630
38.7,0.630
38.7,0.630
38.7,0.630
38.7,0.630
38.7,0.630
38.7,0.630
38.8,0.630
38.9,0.630
38.9,0.630
38.9,0.630
38.9,0.630
38.9,0.630
38.9,0.630
38.9,0.630
38.9,0.630
38.9,0.630
38.8,0.630
38.8,0.630
38.8,0.630
38.7,0.635
38.7,0.635
38.7,0.635
38.7,0.635
38.7,0.635
38.7,0.635
38.7,0.635
38.8,0.635
38.8,0.635
38.9,0.635
38.9,0.635
38.9,0.635
38.9,0.635
38.9,0.635
38.9,0.635
38.9,0.635
38.8,0.635
38.7,0.635
38.7,0.635
38.7,0.635
38.7,0.635
38.7,0.635
38.7,0.635
38.8,0.635
38.8,0.635
38.8,0.635
38.9,0.640
38.9,0.640
39.0,0.640
39.0,0.640
39.0,0.640
39.0,0.640
39.0,0.640
39.0,0.640
39.0,0.640
38.9,0.640
38.9,0.640
38.8,0.640
38.8,0.640
38.8,0.640
38.8,0.640
38.8,0.640
38.8,0.640
38.8,0.640
38.8,0.640
38.8,0.640
38.8,0.640
38.9,0.640
38.9,0.640
39.0,0.640
39.0,0.640
39.0,0.640
39.0,0.645
39.0,0.645
39.0,0.645
39.0,0.645
39.0,0.645
38.9,0.645
38.9,0.645
38.8,0.645
38.8,0.645
38.8,0.645
38.8,0.645
38.8,0.645
38.8,0.645
38.9,0.645
39.0,0.645
39.0,0.645
39.0,0.645
39.0,0.645
39.0,0.645
39.0,0.645
39.0,0.645
39.0,0.645
38.9,0.645
38.9,0.645
38.8,0.645
38.8,0.650
38.8,0.650
38.8,0.650
38.8,0.650
38.8,0.650
38.8,0.650
38.8,0.650
38.9,0.650
39.0,0.650
39.0,0.650
39.0,0.650
39.1,0.650
39.1,0.650
39.1,0.650
39.1,0.650
39.1,0.650
39.1,0.650
39.0,0.650
38.9,0.650
38.9,0.650
38.9,0.650
38.9,0.650
38.9,0.650
38.9,0.650
38.9,0.650
38.9,0.650
38.9,0.655
39.0,0.655
39.0,0.655
39.0,0.655
39.0,0.655
39.1,0.655
39.1,0.655
39.1,0.655
39.1,0.655
39.1,0.655
39.0,0.655
39.0,0.655
39.0,0.655
39.0,0.655
38.9,0.655
38.9,0.655
38.8,0.655
38.8,0.655
38.9,0.655
38.9,0.655
38.9,0.655
39.0,0.655
39.0,0.655
39.0,0.655
39.0,0.655
39.0,0.655
39.0,0.655
39.0,0.660
39.0,0.660
39.0,0.660
39.0,0.660
39.0,0.660
39.0,0.660
39.0,0.660
39.0,0.660
39.0,0.660
39.0,0.660
39.0,0.660
39.0,0.660
39.0,0.660
38.9,0.660
38.9,0.660
38.9,0.660
39.0,0.660
39.0,0.660
39.0,0.660
39.0,0.660
39.0,0.660
39.0,0.660
39.0,0.660
39.0,0.660
39.0,0.660
39.0,0.660
39.0,0.660
39.0,0.660
39.0,0.665
39.0,0.665
39.0,0.665
39.0,0.665
39.0,0.665
39.0,0.665
39.0,0.665
39.0,0.665
39.0,0.665
39.0,0.665
39.0,0.665
39.0,0.665
39.0,0.665
39.0,0.665
39.0,0.665
39.0,0.665
39.0,0.665
39.0,0.665
39.0,0.665
39.0,0.665
39.0,0.665
39.0,0.665
39.0,0.665
39.0,0.665
39.0,0.665
39.0,0.665
39.0,0.670
39.0,0.670
39.0,0.670
39.0,0.670
39.1,0.670
39.0,0.670
39.0,0.670
39.0,0.670
39.0,0.670
39.1,0.670
39.1,0.670
39.1,0.670
39.1,0.670
39.1,0.670
39.1,0.670
39.1,0.670
39.1,0.670
39.1,0.670
39.1,0.670
39.1,0.670
39.1,0.670
39.0,0.670
39.0,0.670
39.0,0.670
39.0,0.670
39.0,0.675
39.0,0.675
39.0,0.675
39.0,0.675
39.0,0.675
39.0,0.675
39.0,0.675
39.0,0.675
39.1,0.675
39.1,0.675
39.1,0.675
39.1,0.675
39.1,0.675
39.1,0.675
39.1,0.675
39.1,0.675
39.1,0.675
39.1,0.675
39.1,0.675
39.1,0.675
39.1,0.675
39.1,0.675
39.1,0.675
39.1,0.675
39.1,0.675
39.1,0.675
39.1,0.680
39.1,0.680
39.1,0.680
39.1,0.680
39.1,0.680
39.1,0.680
39.1,0.680
39.1,0.680
39.1,0.680
39.1,0.680
39.1,0.680
39.1,0.680
39.1,0.680
39.1,0.680
39.1,0.680
39.1,0.680
39.1,0.680
39.1,0.680
39.1,0.680
39.1,0.680
39.1,0.680
39.1,0.680
39.1,0.680
39.1,0.680
39.1,0.680
39.1,0.680
39.1,0.685
39.1,0.685
39.1,0.685
39.1,0.685
39.1,0.685
39.1,0.685
39.1,0.685
39.1,0.685
39.1,0.685
39.1,0.685
39.1,0.685
39.1,0.685
39.1,0.685
39.1,0.685
39.1,0.685
39.1,0.685
39.1,0.685
39.1,0.685
39.1,0.685
39.1,0.685
39.1,0.685
39.1,0.685
39.1,0.685
39.1,0.685
39.1,0.685
39.1,0.685
39.1,0.690
39.1,0.690
39.1,0.690
39.1,0.690
39.1,0.690
39.1,0.690
39.1,0.690
39.1,0.690
39.1,0.690
39.1,0.690
39.1,0.690
39.1,0.690
39.1,0.690
39.1,0.690
39.1,0.690
39.1,0.690
39.1,0.690
39.1,0.690
39.1,0.690
39.1,0.690
39.1,0.690
39.2,0.690
39.2,0.690
39.2,0.690
39.2,0.690
39.2,0.695
39.2,0.695
39.2,0.695
39.2,0.695
39.2,0.695
39.2,0.695
39.2,0.695
39.1,0.695
39.1,0.695
39.1,0.695
39.1,0.695
39.1,0.695
39.1,0.695
39.2,0.695
39.2,0.695
39.2,0.695
39.2,0.695
39.2,0.695
39.2,0.695
39.2,0.695
39.2,0.695
39.1,0.695
39.1,0.695
39.1,0.695
39.1,0.695
39.1,0.695
39.1,0.695
39.1,0.695
39.1,0.700
39.1,0.700
39.1,0.700
39.2,0.700
39.2,0.700
39.2,0.700
39.2,0.700
39.2,0.700
39.2,0.700
39.2,0.700
39.2,0.700
39.2,0.700
39.2,0.700
39.2,0.700
39.2,0.700
39.2,0.700
39.2,0.700
39.2,0.700
39.1,0.700
39.1,0.700
39.1,0.700
39.1,0.700
39.1,0.700
39.3,0.700
39.3,0.700
39.3,0.700
39.3,0.700
39.3,0.700
39.3,0.705
39.3,0.705
39.2,0.705
39.2,0.705
39.2,0.705
39.1,0.705
39.1,0.705
39.1,0.705
39.1,0.705
39.1,0.705
39.1,0.705
39.1,0.705
39.1,0.705
39.1,0.705
39.3,0.705
39.3,0.705
39.3,0.705
39.3,0.705
39.3,0.705
39.3,0.705
39.3,0.705
39.3,0.705
39.3,0.705
39.3,0.705
39.3,0.705
39.3,0.705
39.3,0.710
39.3,0.710
39.3,0.710
39.2,0.710
39.2,0.710
39.2,0.710
39.2,0.710
39.2,0.710
39.3,0.710
39.3,0.710
39.3,0.710
39.3,0.710
39.3,0.710
39.3,0.710
39.3,0.710
39.3,0.710
39.3,0.710
39.3,0.710
39.2,0.710
39.2,0.710
39.2,0.710
39.2,0.710
39.2,0.710
39.2,0.710
39.2,0.710
39.2,0.710
39.3,0.715
39.3,0.715
39.3,0.715
39.3,0.715
39.3,0.715
39.3,0.715
39.3,0.715
39.3,0.715
39.3,0.715
39.3,0.715
39.3,0.715
39.3,0.715
39.3,0.715
39.3,0.715
39.3,0.715
39.3,0.715
39.3,0.715
39.3,0.715
39.3,0.715
39.3,0.715
39.3,0.715
39.3,0.715
39.3,0.715
39.3,0.715
39.3,0.715
39.3,0.715
39.3,0.715
39.3,0.720
39.3,0.720
39.3,0.720
39.3,0.720
39.3,0.720
39.3,0.720
39.3,0.720
39.3,0.720
39.3,0.720
39.3,0.720
39.3,0.720
39.3,0.720
39.3,0.720
39.3,0.720
39.4,0.720
39.3,0.720
39.4,0.720
39.4,0.720
39.4,0.720
39.4,0.720
39.4,0.720
39.4,0.720
39.4,0.720
39.4,0.720
39.4,0.720
39.3,0.720
39.3,0.725
39.3,0.725
39.3,0.725
39.3,0.725
39.3,0.725
39.3,0.725
39.3,0.725
39.3,0.725
39.3,0.725
39.4,0.725
39.4,0.725
39.4,0.725
39.4,0.725
39.4,0.725
39.4,0.725
39.4,0.725
39.4,0.725
39.4,0.725
39.3,0.725
39.3,0.725
39.3,0.725
39.3,0.725
39.3,0.725
39.3,0.725
39.3,0.725
39.4,0.730
39.4,0.730
39.4,0.730
39.4,0.730
39.4,0.730
39.4,0.730
39.4,0.730
39.4,0.730
39.4,0.730
39.4,0.730
39.4,0.730
39.4,0.730
39.4,0.730
39.4,0.730
39.4,0.730
39.4,0.730
39.3,0.730
39.3,0.730
39.3,0.730
39.5,0.730
39.5,0.730
39.5,0.730
39.5,0.730
39.5,0.730
39.5,0.730
39.5,0.730
39.5,0.730
39.5,0.735
39.5,0.735
39.4,0.735
39.4,0.735
39.4,0.735
39.4,0.735
39.4,0.735
39.4,0.735
39.4,0.735
39.4,0.735
39.4,0.735
39.4,0.735
39.4,0.735
39.4,0.735
39.4,0.735
39.4,0.735
39.5,0.735
39.5,0.735
39.5,0.735
39.5,0.735
39.5,0.735
39.5,0.735
39.5,0.735
39.5,0.735
39.5,0.735
39.5,0.735
39.4,0.735
39.4,0.740
39.4,0.740
39.4,0.740
39.4,0.740
39.4,0.740
39.4,0.740
39.5,0.740
39.5,0.740
39.5,0.740
39.5,0.740
39.5,0.740
39.5,0.740
39.5,0.740
39.5,0.740
39.5,0.740
39.5,0.740
39.4,0.740
39.5,0.740
39.4,0.740
39.4,0.740
39.4,0.740
39.4,0.740
39.4,0.740
39.4,0.740
39.5,0.740
39.5,0.740
39.5,0.745
39.6,0.745
39.6,0.745
39.6,0.745
39.6,0.745
39.6,0.745
39.6,0.745
39.6,0.745
39.5,0.745
39.5,0.745
39.5,0.745
39.5,0.745
39.5,0.745
39.5,0.745
39.5,0.745
39.5,0.745
39.5,0.745
39.5,0.745
39.6,0.745
39.6,0.745
39.7,0.745
39.7,0.745
39.7,0.745
39.7,0.745
39.7,0.745
39.6,0.745
39.6,0.750
39.6,0.750
39.5,0.750
39.5,0.750
39.4,0.750
39.4,0.750
39.4,0.750
39.4,0.750
39.4,0.750
39.4,0.750
39.5,0.750
39.5,0.750
39.6,0.750
39.6,0.750
39.7,0.750
39.7,0.750
39.7,0.750
39.6,0.750
39.6,0.750
39.6,0.750
39.6,0.750
39.6,0.750
39.6,0.755
39.6,0.755
39.6,0.755
39.6,0.755
39.6,0.755
39.6,0.755
39.6,0.755
39.6,0.755
39.6,0.755
39.6,0.755
39.6,0.755
39.7,0.755
39.6,0.755
39.6,0.755
39.6,0.755
39.6,0.755
39.6,0.755
39.6,0.755
39.6,0.755
39.5,0.755
39.5,0.755
39.5,0.755
39.5,0.755
39.5,0.760
39.5,0.760
39.5,0.760
39.5,0.760
39.5,0.760
39.7,0.760
39.7,0.760
39.7,0.760
39.7,0.760
39.7,0.760
39.7,0.760
39.7,0.760
39.7,0.760
39.7,0.760
39.7,0.760
39.7,0.760
39.6,0.760
39.6,0.760
39.6,0.760
39.6,0.760
39.6,0.760
39.6,0.760
39.6,0.765
39.6,0.765
39.6,0.765
39.6,0.765
39.6,0.765
39.7,0.765
39.7,0.765
39.7,0.765
39.7,0.765
39.7,0.765
39.7,0.765
39.7,0.765
39.7,0.765
39.7,0.765
39.7,0.765
39.7,0.765
39.7,0.765
39.6,0.765
39.6,0.765
39.6,0.770
39.6,0.770
39.6,0.770
39.6,0.770
39.6,0.770
39.6,0.770
39.6,0.770
39.7,0.770
39.8,0.770
39.8,0.770
39.8,0.770
39.8,0.770
39.8,0.770
39.8,0.770
39.7,0.770
39.7,0.770
39.7,0.770
39.6,0.770
39.6,0.775
39.6,0.775
39.6,0.775
39.6,0.775
39.6,0.775
39.6,0.775
39.7,0.775
39.8,0.775
39.8,0.775
39.8,0.775
39.8,0.775
39.8,0.775
39.8,0.775
39.8,0.775
39.8,0.775
39.8,0.775
39.8,0.775
39.7,0.775
39.7,0.775
39.7,0.780
39.7,0.780
39.7,0.780
39.7,0.780
39.7,0.780
39.8,0.780
39.7,0.780
39.8,0.780
39.8,0.780
39.8,0.780
39.9,0.780
39.8,0.780
39.8,0.780
39.8,0.780
39.8,0.780
39.8,0.780
39.7,0.780
39.7,0.785
39.7,0.785
39.7,0.785
39.7,0.785
39.7,0.785
39.7,0.785
39.7,0.785
39.7,0.785
39.8,0.785
39.8,0.785
39.8,0.785
39.8,0.785
39.8,0.785
39.8,0.785
39.8,0.785
39.8,0.785
39.8,0.785
39.8,0.790
39.8,0.790
39.7,0.790
39.7,0.790
39.7,0.790
39.7,0.790
39.7,0.790
39.7,0.790
39.7,0.790
39.8,0.790
39.8,0.790
39.9,0.790
39.8,0.790
39.8,0.790
39.8,0.790
39.9,0.790
39.9,0.795
39.9,0.795
39.9,0.795
39.9,0.795
39.9,0.795
39.9,0.795
39.9,0.795
39.9,0.795
39.9,0.795
39.9,0.795
39.9,0.795
39.9,0.795
39.9,0.795
39.9,0.795
39.9,0.795
39.9,0.795
39.9,0.800
39.9,0.800
39.9,0.800
39.9,0.800
39.9,0.800
39.9,0.800
39.9,0.800
39.9,0.800
39.9,0.800
39.9,0.800
39.9,0.800
39.9,0.800
39.9,0.800
39.9,0.800
39.9,0.800
39.9,0.800
39.9,0.805
39.9,0.805
39.9,0.805
39.9,0.805
39.9,0.805
39.9,0.805
39.9,0.805
39.9,0.805
39.9,0.805
39.9,0.805
39.9,0.805
39.9,0.805
39.9,0.805
39.9,0.805
39.9,0.810
39.9,0.810
39.9,0.810
39.9,0.810
39.9,0.810
39.9,0.810
39.9,0.810
39.9,0.810
39.9,0.810
40.0,0.810
40.0,0.810
40.0,0.810
40.0,0.810
40.0,0.810
40.0,0.810
40.0,0.815
40.0,0.815
40.0,0.815
40.0,0.815
40.0,0.815
40.0,0.815
40.0,0.815
40.0,0.815
40.0,0.815
40.0,0.815
40.0,0.815
40.0,0.815
40.0,0.815
40.1,0.815
40.1,0.815
40.1,0.820
40.1,0.820
40.1,0.820
40.1,0.820
40.1,0.820
40.1,0.820
40.1,0.820
40.1,0.820
40.1,0.820
40.1,0.820
40.0,0.820
40.0,0.820
40.0,0.820
40.0,0.820
40.1,0.820
40.1,0.825
40.1,0.825
40.1,0.825
40.1,0.825
40.1,0.825
40.1,0.825
40.1,0.825
40.1,0.825
40.1,0.825
40.1,0.825
40.0,0.825
40.0,0.825
40.0,0.825
40.0,0.825
40.0,0.830
40.0,0.830
40.0,0.830
40.0,0.830
40.0,0.830
40.1,0.830
40.1,0.830
40.1,0.830
40.1,0.830
40.1,0.830
40.1,0.830
40.1,0.830
40.2,0.830
40.2,0.835
40.2,0.835
40.2,0.835
40.2,0.835
40.2,0.835
40.1,0.835
40.1,0.835
40.1,0.835
40.1,0.835
40.1,0.835
40.1,0.835
40.1,0.835
40.1,0.835
40.2,0.835
40.2,0.840
40.2,0.840
40.2,0.840
40.2,0.840
40.2,0.840
40.2,0.840
40.2,0.840
40.2,0.840
40.2,0.840
40.2,0.840
40.2,0.840
40.2,0.840
40.2,0.840
40.2,0.840
40.2,0.845
40.2,0.845
40.2,0.845
40.2,0.845
40.2,0.845
40.2,0.845
40.2,0.845
40.2,0.845
40.2,0.845
40.2,0.845
40.2,0.845
40.2,0.845
40.2,0.845
40.2,0.850
40.2,0.850
40.2,0.850
40.2,0.850
40.2,0.850
40.2,0.850
40.2,0.850
40.2,0.850
40.2,0.850
40.2,0.850
40.2,0.850
40.2,0.850
40.2,0.855
40.2,0.855
40.2,0.855
40.2,0.855
40.2,0.855
40.2,0.855
40.2,0.855
40.2,0.855
40.3,0.855
40.3,0.855
40.3,0.855
40.3,0.855
40.3,0.855
40.3,0.855
40.3,0.860
40.3,0.860
40.3,0.860
40.3,0.860
40.3,0.860
40.3,0.860
40.3,0.860
40.3,0.860
40.3,0.860
40.3,0.860
40.3,0.860
40.3,0.860
40.3,0.860
40.3,0.865
40.3,0.865
40.3,0.865
40.3,0.865
40.3,0.865
40.3,0.865
40.3,0.865
40.3,0.865
40.3,0.865
40.3,0.865
40.3,0.865
40.3,0.865
40.3,0.865
40.3,0.870
40.3,0.870
40.3,0.870
40.3,0.870
40.3,0.870
40.3,0.870
40.3,0.870
40.3,0.870
40.3,0.870
40.3,0.870
40.4,0.870
40.4,0.870
40.4,0.875
40.4,0.875
40.4,0.875
40.4,0.875
40.4,0.875
40.4,0.875
40.4,0.875
40.4,0.875
40.4,0.875
40.4,0.875
40.4,0.875
40.3,0.875
40.3,0.875
40.3,0.875
40.3,0.880
40.3,0.880
40.3,0.880
40.4,0.880
40.4,0.880
40.4,0.880
40.4,0.880
40.4,0.880
40.4,0.880
40.4,0.880
40.4,0.880
40.4,0.880
40.4,0.880
40.4,0.885
40.4,0.885
40.4,0.885
40.4,0.885
40.4,0.885
40.4,0.885
40.4,0.885
40.4,0.885
40.4,0.885
40.4,0.885
40.5,0.885
40.5,0.885
40.5,0.885
40.5,0.890
40.5,0.890
40.5,0.890
40.5,0.890
40.5,0.890
40.5,0.890
40.5,0.890
40.5,0.890
40.5,0.890
40.5,0.890
40.5,0.890
40.5,0.890
40.5,0.890
40.5,0.890
40.5,0.895
40.5,0.895
40.5,0.895
40.5,0.895
40.5,0.895
40.5,0.895
40.6,0.895
40.6,0.895
40.6,0.895
40.6,0.895
40.6,0.895
40.6,0.895
40.6,0.895
40.6,0.895
40.6,0.900
40.6,0.900
40.5,0.900
40.5,0.900
40.5,0.900
40.5,0.900
40.5,0.900
40.5,0.900
40.5,0.900
40.5,0.900
40.5,0.900
40.5,0.900
40.5,0.900
40.5,0.900
40.5,0.905
40.5,0.905
40.5,0.905
40.5,0.905
40.5,0.905
40.5,0.905
40.5,0.905
40.5,0.905
40.5,0.905
40.5,0.905
40.5,0.905
40.5,0.905
40.5,0.905
40.5,0.905
40.5,0.910
40.5,0.910
40.5,0.910
40.5,0.910
40.6,0.910
40.6,0.910
40.6,0.910
40.6,0.910
40.6,0.910
40.6,0.910
40.6,0.910
40.6,0.910
40.6,0.910
40.6,0.910
40.6,0.915
40.6,0.915
40.6,0.915
40.6,0.915
40.6,0.915
40.6,0.915
40.6,0.915
40.6,0.915
40.6,0.915
40.6,0.915
40.6,0.915
40.6,0.915
40.6,0.915
40.6,0.915
40.6,0.920
40.6,0.920
40.6,0.920
40.6,0.920
40.6,0.920
40.6,0.920
40.6,0.920
40.7,0.920
40.7,0.920
40.7,0.920
40.7,0.920
40.7,0.920
40.7,0.920
40.7,0.920
40.7,0.920
40.7,0.925
40.7,0.925
40.7,0.925
40.7,0.925
40.7,0.925
40.7,0.925
40.7,0.925
40.7,0.925
40.7,0.925
40.7,0.925
40.7,0.925
40.7,0.925
40.7,0.925
40.7,0.925
40.7,0.930
40.7,0.930
40.7,0.930
40.7,0.930
40.7,0.930
40.7,0.930
40.7,0.930
40.7,0.930
40.7,0.930
40.7,0.930
40.7,0.930
40.7,0.930
40.7,0.930
40.7,0.935
40.7,0.935
40.8,0.935
40.8,0.935
40.8,0.935
40.8,0.935
40.8,0.935
40.8,0.935
40.8,0.935
40.8,0.935
40.8,0.935
40.8,0.935
40.8,0.935
40.7,0.935
40.7,0.935
40.7,0.940
40.7,0.940
40.7,0.940
40.7,0.940
40.7,0.940
40.7,0.940
40.7,0.940
40.7,0.940
40.7,0.940
40.8,0.940
40.8,0.940
40.8,0.940
40.8,0.940
40.8,0.940
40.8,0.945
40.8,0.945
40.8,0.945
40.8,0.945
40.8,0.945
40.8,0.945
40.8,0.945
40.8,0.945
40.8,0.945
40.8,0.945
40.8,0.945
40.8,0.945
40.8,0.945
40.8,0.945
40.8,0.945
40.8,0.950
40.8,0.950
40.8,0.950
40.8,0.950
40.8,0.950
40.8,0.950
40.8,0.950
40.8,0.950
40.8,0.950
40.8,0.950
40.8,0.950
40.8,0.950
40.8,0.950
40.8,0.950
40.8,0.955
40.8,0.955
40.8,0.955
40.8,0.955
40.8,0.955
40.8,0.955
40.8,0.955
40.8,0.955
40.8,0.955
40.8,0.955
40.8,0.955
40.8,0.955
40.8,0.955
40.8,0.955
40.8,0.955
40.8,0.960
40.8,0.960
40.8,0.960
40.9,0.960
40.9,0.960
40.9,0.960
40.9,0.960
40.9,0.960
40.9,0.960
40.9,0.960
40.9,0.960
40.9,0.960
40.9,0.960
40.9,0.960
40.9,0.960
40.9,0.960
40.9,0.965
40.9,0.965
40.9,0.965
40.9,0.965
40.9,0.965
40.9,0.965
40.9,0.965
40.9,0.965
40.9,0.965
40.9,0.965
40.9,0.965
41.0,0.965
41.0,0.965
41.0,0.965
41.0,0.965
41.0,0.970
41.0,0.970
40.9,0.970
40.9,0.970
40.9,0.970
40.9,0.970
40.9,0.970
40.9,0.970
40.9,0.970
40.9,0.970
41.0,0.970
41.0,0.970
41.0,0.970
41.0,0.970
41.0,0.970
41.0,0.970
41.0,0.975
41.0,0.975
41.0,0.975
41.0,0.975
41.0,0.975
41.0,0.975
41.0,0.975
41.0,0.975
41.0,0.975
41.0,0.975
41.0,0.975
41.0,0.975
41.0,0.975
41.0,0.975
41.0,0.975
41.0,0.975
41.0,0.980
41.0,0.980
41.0,0.980
41.0,0.980
41.0,0.980
41.0,0.980
41.0,0.980
41.0,0.980
40.9,0.980
40.9,0.980
40.9,0.980
40.9,0.980
40.9,0.980
41.0,0.980
41.0,0.980
41.0,0.980
41.0,0.985
41.0,0.985
41.0,0.985
41.0,0.985
41.0,0.985
41.0,0.985
41.0,0.985
41.0,0.985
41.0,0.985
41.0,0.985
41.0,0.985
41.0,0.985
41.0,0.985
41.0,0.985
41.0,0.985
41.0,0.985
41.0,0.990
41.0,0.990
41.0,0.990
41.0,0.990
41.0,0.990
41.0,0.990
41.1,0.990
41.1,0.990
41.1,0.990
41.1,0.990
41.1,0.990
41.1,0.990
41.1,0.990
41.1,0.990
41.1,0.990
41.1,0.990
41.1,0.995
41.1,0.995
41.1,0.995
41.1,0.995
41.1,0.995
41.1,0.995
41.1,0.995
41.1,0.995
41.1,0.995
41.1,0.995
41.1,0.995
41.1,0.995
41.1,0.995
41.1,0.995
41.1,0.995
41.1,0.995
41.1,1.000
41.1,1.000
41.1,1.000
41.1,1.000
41.1,1.000
41.1,1.000
41.1,1.000
41.1,1.000
41.1,1.000
41.1,1.000
41.1,1.000
41.1,1.000
41.1,1.000
41.1,1.000
41.1,1.000
41.1,1.000
41.1,1.005
41.2,1.005
41.2,1.005
41.2,1.005
41.2,1.005
41.2,1.005
41.2,1.005
41.2,1.005
41.2,1.005
41.2,1.005
41.2,1.005
41.2,1.005
41.2,1.005
41.2,1.005
41.2,1.005
41.2,1.005
41.2,1.010
41.2,1.010
41.2,1.010
41.2,1.010
41.2,1.010
41.2,1.010
41.2,1.010
41.2,1.010
41.2,1.010
41.2,1.010
41.2,1.010
41.2,1.010
41.2,1.010
41.2,1.010
41.2,1.010
41.2,1.015
41.2,1.015
41.2,1.015
41.2,1.015
41.2,1.015
41.2,1.015
41.2,1.015
41.2,1.015
41.2,1.015
41.2,1.015
41.2,1.015
41.2,1.015
41.2,1.015
41.2,1.015
41.2,1.015
41.2,1.015
41.2,1.020
41.2,1.020
41.2,1.020
41.2,1.020
41.3,1.020
41.3,1.020
41.4,1.020
41.4,1.020
41.4,1.020
41.3,1.020
41.3,1.020
41.3,1.020
41.3,1.020
41.3,1.020
41.3,1.020
41.3,1.020
41.3,1.025
41.3,1.025
41.3,1.025
41.3,1.025
41.3,1.025
41.3,1.025
41.3,1.025
41.3,1.025
41.3,1.025
41.3,1.025
41.3,1.025
41.3,1.025
41.3,1.025
41.3,1.025
41.4,1.030
41.4,1.030
41.4,1.030
41.4,1.030
41.4,1.030
41.4,1.030
41.4,1.030
41.4,1.030
41.4,1.030
41.4,1.030
41.4,1.030
41.3,1.030
41.3,1.030
41.3,1.030
41.3,1.030
41.3,1.035
41.3,1.035
41.4,1.035
41.4,1.035
41.5,1.035
41.5,1.035
41.5,1.035
41.5,1.035
41.5,1.035
41.5,1.035
41.5,1.035
41.5,1.035
41.4,1.035
41.4,1.035
41.3,1.035
41.3,1.035
41.3,1.040
41.3,1.040
41.3,1.040
41.3,1.040
41.3,1.040
41.3,1.040
41.3,1.040
41.5,1.040
41.5,1.040
41.5,1.040
41.5,1.040
41.5,1.040
41.5,1.040
41.5,1.040
41.5,1.040
41.5,1.045
41.5,1.045
41.4,1.045
41.4,1.045
41.4,1.045
41.4,1.045
41.4,1.045
41.4,1.045
41.5,1.045
41.5,1.045
41.5,1.045
41.6,1.045
41.6,1.045
41.6,1.045
41.6,1.050
41.6,1.050
41.6,1.050
41.6,1.050
41.6,1.050
41.5,1.050
41.5,1.050
41.5,1.050
41.5,1.050
41.5,1.050
41.5,1.050
41.5,1.050
41.5,1.050
41.5,1.050
41.5,1.050
41.6,1.050
41.6,1.055
41.6,1.055
41.6,1.055
41.6,1.055
41.6,1.055
41.6,1.055
41.6,1.055
41.6,1.055
41.6,1.055
41.6,1.055
41.6,1.055
41.6,1.055
41.6,1.055
41.6,1.055
41.6,1.060
41.6,1.060
41.6,1.060
41.6,1.060
41.6,1.060
41.6,1.060
41.6,1.060
41.6,1.060
41.6,1.060
41.6,1.060
41.6,1.060
41.6,1.060
41.6,1.060
41.6,1.060
41.6,1.060
41.6,1.060
41.6,1.065
41.6,1.065
41.6,1.065
41.6,1.065
41.6,1.065
41.6,1.065
41.6,1.065
41.6,1.065
41.6,1.065
41.6,1.065
41.6,1.065
41.6,1.065
41.6,1.065
41.6,1.065
41.6,1.070
41.7,1.070
41.7,1.070
41.7,1.070
41.7,1.070
41.7,1.070
41.7,1.070
41.7,1.070
41.7,1.070
41.7,1.070
41.7,1.070
41.7,1.070
41.7,1.070
41.7,1.075
41.7,1.075
41.7,1.075
41.7,1.075
41.8,1.075
41.8,1.075
41.8,1.075
41.8,1.075
41.8,1.075
41.8,1.075
41.8,1.075
41.8,1.075
41.8,1.075
41.8,1.075
41.8,1.080
41.7,1.080
41.7,1.080
41.7,1.080
41.7,1.080
41.7,1.080
41.7,1.080
41.7,1.080
41.7,1.080
41.7,1.080
41.7,1.080
41.8,1.080
41.8,1.080
41.8,1.080
41.8,1.085
41.8,1.085
41.8,1.085
41.8,1.085
41.8,1.085
41.8,1.085
41.8,1.085
41.8,1.085
41.8,1.085
41.8,1.085
41.8,1.085
41.8,1.085
41.8,1.085
41.8,1.085
41.8,1.090
41.8,1.090
41.8,1.090
41.8,1.090
41.8,1.090
41.8,1.090
41.8,1.090
41.8,1.090
41.8,1.090
41.8,1.090
41.8,1.090
41.8,1.090
41.8,1.095
41.8,1.095
41.8,1.095
41.8,1.095
41.8,1.095
41.8,1.095
41.8,1.095
41.8,1.095
41.8,1.095
41.8,1.095
41.8,1.095
41.8,1.095
41.8,1.095
41.8,1.095
41.8,1.100
41.8,1.100
41.8,1.100
41.8,1.100
41.8,1.100
41.8,1.100
41.8,1.100
41.8,1.100
41.8,1.100
41.8,1.100
41.8,1.100
41.8,1.100
41.8,1.100
41.8,1.105
41.8,1.105
41.8,1.105
41.8,1.105
41.8,1.105
41.9,1.105
41.9,1.105
41.9,1.105
41.9,1.105
41.9,1.105
41.9,1.105
41.9,1.105
41.9,1.105
41.9,1.110
41.9,1.110
41.9,1.110
41.9,1.110
41.9,1.110
41.9,1.110
41.9,1.110
41.9,1.110
41.9,1.110
41.9,1.110
41.9,1.110
41.9,1.110
41.9,1.110
41.9,1.110
41.9,1.115
41.9,1.115
41.9,1.115
41.9,1.115
41.9,1.115
41.9,1.115
41.9,1.115
41.9,1.115
41.9,1.115
41.9,1.115
41.9,1.115
41.9,1.115
41.9,1.115
41.9,1.115
41.9,1.120
41.9,1.120
42.0,1.120
42.0,1.120
42.0,1.120
42.0,1.120
42.0,1.120
42.0,1.120
42.0,1.120
42.0,1.120
42.0,1.120
42.0,1.120
42.0,1.120
42.0,1.120
42.0,1.120
42.0,1.125
42.0,1.125
42.0,1.125
42.0,1.125
42.0,1.125
42.0,1.125
42.1,1.125
42.1,1.125
42.1,1.125
42.1,1.125
42.1,1.125
42.1,1.125
42.1,1.125
42.1,1.125
42.1,1.130
42.1,1.130
42.1,1.130
42.1,1.130
42.1,1.130
42.1,1.130
42.0,1.130
42.0,1.130
42.0,1.130
42.0,1.130
42.0,1.130
42.0,1.130
42.1,1.130
42.1,1.130
42.1,1.130
42.1,1.135
42.1,1.135
42.1,1.135
42.1,1.135
42.1,1.135
42.1,1.135
42.1,1.135
42.1,1.135
42.0,1.135
42.0,1.135
42.0,1.135
42.0,1.135
42.0,1.135
42.0,1.135
42.0,1.135
42.0,1.140
42.1,1.140
42.1,1.140
42.1,1.140
42.1,1.140
42.1,1.140
42.1,1.140
42.1,1.140
42.1,1.140
42.1,1.140
42.1,1.140
42.1,1.140
42.1,1.140
42.1,1.140
42.1,1.140
42.1,1.145
42.2,1.145
42.2,1.145
42.2,1.145
42.2,1.145
42.2,1.145
42.2,1.145
42.2,1.145
42.2,1.145
42.2,1.145
42.2,1.145
42.2,1.145
42.1,1.145
42.1,1.145
42.1,1.150
42.1,1.150
42.1,1.150
42.1,1.150
42.1,1.150
42.1,1.150
42.1,1.150
42.1,1.150
42.1,1.150
42.1,1.150
42.2,1.150
42.2,1.150
42.2,1.150
42.2,1.150
42.2,1.155
42.2,1.155
42.2,1.155
42.2,1.155
42.2,1.155
42.2,1.155
42.2,1.155
42.2,1.155
42.2,1.155
42.2,1.155
42.2,1.155
42.2,1.155
42.2,1.155
42.2,1.155
42.2,1.160
42.2,1.160
42.2,1.160
42.2,1.160
42.2,1.160
42.3,1.160
42.3,1.160
42.3,1.160
42.3,1.160
42.2,1.160
42.3,1.160
42.3,1.160
42.2,1.160
42.2,1.165
42.2,1.165
42.2,1.165
42.2,1.165
42.2,1.165
42.2,1.165
42.2,1.165
42.2,1.165
42.3,1.165
42.3,1.165
42.3,1.165
42.3,1.165
42.3,1.165
42.3,1.165
42.3,1.170
42.3,1.170
42.3,1.170
42.2,1.170
42.2,1.170
42.2,1.170
42.2,1.170
42.2,1.170
42.2,1.170
42.2,1.170
42.2,1.170
42.2,1.170
42.3,1.175
42.3,1.175
42.3,1.175
42.3,1.175
42.3,1.175
42.3,1.175
42.3,1.175
42.3,1.175
42.3,1.175
42.3,1.175
42.3,1.175
42.3,1.175
42.3,1.175
42.3,1.175
42.3,1.175
42.3,1.180
42.3,1.180
42.3,1.180
42.3,1.180
42.4,1.180
42.4,1.180
42.4,1.180
42.4,1.180
42.4,1.180
42.4,1.180
42.4,1.180
42.4,1.180
42.4,1.180
42.4,1.180
42.4,1.185
42.4,1.185
42.3,1.185
42.3,1.185
42.3,1.185
42.3,1.185
42.3,1.185
42.3,1.185
42.3,1.185
42.3,1.185
42.4,1.185
42.4,1.185
42.4,1.185
42.4,1.185
42.4,1.190
42.4,1.190
42.4,1.190
42.4,1.190
42.4,1.190
42.4,1.190
42.4,1.190
42.4,1.190
42.4,1.190
42.4,1.190
42.4,1.190
42.4,1.190
42.4,1.190
42.4,1.190
42.5,1.195
42.5,1.195
42.5,1.195
42.5,1.195
42.5,1.195
42.5,1.195
42.5,1.195
42.5,1.195
42.5,1.195
42.5,1.195
42.5,1.195
42.5,1.195
42.4,1.195
42.4,1.195
42.4,1.195
42.4,1.195
42.4,1.200
42.4,1.200
42.4,1.200
42.4,1.200
42.4,1.200
42.4,1.200
42.5,1.200
42.5,1.200
42.5,1.200
42.5,1.200
42.5,1.200
42.5,1.200
42.5,1.200
42.5,1.200
42.5,1.200
42.5,1.205
42.5,1.205
42.5,1.205
42.5,1.205
42.5,1.205
42.5,1.205
42.5,1.205
42.5,1.205
42.5,1.205
42.5,1.205
42.5,1.205
42.5,1.205
42.5,1.205
42.5,1.205
42.5,1.205
42.6,1.205
42.6,1.210
42.6,1.210
42.6,1.210
42.6,1.210
42.6,1.210
42.6,1.210
42.6,1.210
42.6,1.210
42.6,1.210
42.6,1.210
42.6,1.210
42.6,1.210
42.6,1.210
42.6,1.210
42.6,1.210
42.6,1.210
42.6,1.215
42.6,1.215
42.6,1.215
42.6,1.215
42.6,1.215
42.6,1.215
42.5,1.215
42.5,1.215
42.5,1.215
42.5,1.215
42.5,1.215
42.5,1.215
42.5,1.215
42.5,1.215
42.6,1.215
42.6,1.215
42.6,1.215
42.7,1.220
42.7,1.220
42.7,1.220
42.7,1.220
42.7,1.220
42.7,1.220
42.7,1.220
42.7,1.220
42.5,1.220
42.6,1.220
42.6,1.220
42.6,1.220
42.6,1.220
42.6,1.220
42.6,1.220
42.6,1.220
42.6,1.220
42.6,1.220
42.7,1.225
42.7,1.225
42.8,1.225
42.8,1.225
42.7,1.225
42.7,1.225
42.7,1.225
42.7,1.225
42.6,1.225
42.6,1.225
42.6,1.225
42.6,1.225
42.6,1.225
42.6,1.225
42.6,1.225
42.6,1.225
42.6,1.230
42.6,1.230
42.7,1.230
42.7,1.230
42.8,1.230
42.8,1.230
42.8,1.230
42.8,1.230
42.8,1.230
42.8,1.230
42.8,1.230
42.8,1.230
42.8,1.230
42.7,1.230
42.7,1.230
42.7,1.230
42.6,1.230
42.6,1.235
42.6,1.235
42.6,1.235
42.6,1.235
42.6,1.235
42.6,1.235
42.7,1.235
42.7,1.235
42.7,1.235
42.7,1.235
42.7,1.235
42.7,1.235
42.7,1.235
42.7,1.235
42.7,1.235
42.6,1.235
42.7,1.235
42.7,1.235
42.7,1.240
42.7,1.240
42.7,1.240
42.7,1.240
42.7,1.240
42.7,1.240
42.7,1.240
42.7,1.240
42.7,1.240
42.8,1.240
42.8,1.240
42.8,1.240
42.8,1.240
42.8,1.240
42.8,1.240
42.8,1.240
42.8,1.240
42.8,1.245
42.8,1.245
42.8,1.245
42.8,1.245
42.7,1.245
42.7,1.245
42.7,1.245
42.7,1.245
42.7,1.245
42.8,1.245
42.8,1.245
42.9,1.245
42.9,1.245
42.9,1.245
42.9,1.245
42.9,1.245
42.9,1.245
42.9,1.245
42.8,1.250
42.7,1.250
42.7,1.250
42.7,1.250
42.7,1.250
42.7,1.250
42.7,1.250
42.7,1.250
42.7,1.250
42.7,1.250
42.8,1.250
42.9,1.250
42.9,1.250
42.9,1.250
42.9,1.250
42.9,1.255
42.9,1.255
42.9,1.255
42.9,1.255
42.9,1.255
42.9,1.255
42.9,1.255
42.8,1.255
42.8,1.255
42.7,1.255
42.7,1.255
42.7,1.255
42.7,1.255
42.7,1.255
42.8,1.255
42.8,1.255
42.9,1.255
42.9,1.255
42.9,1.260
42.9,1.260
42.9,1.260
42.9,1.260
42.9,1.260
42.9,1.260
42.9,1.260
42.9,1.260
42.9,1.260
42.9,1.260
42.9,1.260
42.9,1.260
42.9,1.260
42.8,1.260
42.8,1.260
42.8,1.260
42.8,1.260
42.8,1.260
42.8,1.265
42.8,1.265
42.8,1.265
42.8,1.265
42.8,1.265
42.9,1.265
42.9,1.265
42.9,1.265
42.9,1.265
42.9,1.265
42.9,1.265
42.9,1.265
42.9,1.265
42.9,1.265
42.9,1.265
42.9,1.265
42.9,1.270
42.9,1.270
42.9,1.270
42.9,1.270
43.0,1.270
43.0,1.270
43.0,1.270
43.0,1.270
43.0,1.270
43.0,1.270
43.0,1.270
43.0,1.270
43.0,1.270
43.0,1.270
43.0,1.270
43.0,1.270
43.0,1.270
43.0,1.275
43.0,1.275
43.0,1.275
43.0,1.275
43.0,1.275
43.0,1.275
43.0,1.275
43.0,1.275
43.0,1.275
43.0,1.275
43.0,1.275
43.0,1.275
43.0,1.275
43.0,1.275
43.0,1.275
43.0,1.275
43.0,1.275
43.0,1.280
43.0,1.280
43.0,1.280
43.0,1.280
43.0,1.280
43.0,1.280
43.0,1.280
43.0,1.280
43.0,1.280
43.0,1.280
43.0,1.280
43.0,1.280
43.0,1.280
43.0,1.280
43.0,1.280
43.0,1.280
43.0,1.280
43.1,1.280
43.1,1.285
43.1,1.285
43.1,1.285
43.1,1.285
43.1,1.285
43.1,1.285
43.0,1.285
43.0,1.285
43.0,1.285
43.0,1.285
43.0,1.285
43.0,1.285
43.0,1.285
43.0,1.285
43.0,1.285
43.0,1.285
43.1,1.290
43.1,1.290
43.1,1.290
43.1,1.290
43.1,1.290
43.1,1.290
43.1,1.290
43.1,1.290
43.0,1.290
43.0,1.290
43.0,1.290
43.0,1.290
43.0,1.290
43.1,1.290
43.1,1.290
43.2,1.290
43.2,1.290
43.2,1.295
43.2,1.295
43.2,1.295
43.2,1.295
43.2,1.295
43.2,1.295
43.2,1.295
43.2,1.295
43.1,1.295
43.1,1.295
43.1,1.295
43.1,1.295
43.1,1.295
43.1,1.295
43.1,1.295
43.1,1.295
43.1,1.295
43.1,1.300
43.2,1.300
43.2,1.300
43.3,1.300
43.3,1.300
43.3,1.300
43.3,1.300
43.3,1.300
43.3,1.300
43.2,1.300
43.1,1.300
43.1,1.300
43.1,1.300
43.1,1.300
43.1,1.300
43.1,1.300
43.1,1.305
43.1,1.305
43.2,1.305
43.2,1.305
43.3,1.305
43.3,1.305
43.3,1.305
43.3,1.305
43.3,1.305
43.3,1.305
43.3,1.305
43.3,1.305
43.3,1.305
43.2,1.305
43.2,1.305
43.2,1.305
43.1,1.310
43.1,1.310
43.1,1.310
43.1,1.310
43.2,1.310
43.2,1.310
43.3,1.310
43.3,1.310
43.3,1.310
43.4,1.310
43.4,1.310
43.4,1.310
43.4,1.310
43.4,1.310
43.4,1.310
43.4,1.315
43.2,1.315
43.2,1.315
43.2,1.315
43.2,1.315
43.2,1.315
43.2,1.315
43.2,1.315
43.2,1.315
43.2,1.315
43.2,1.315
43.3,1.315
43.3,1.315
43.4,1.315
43.4,1.315
43.3,1.320
43.3,1.320
43.3,1.320
43.3,1.320
43.3,1.320
43.3,1.320
43.3,1.320
43.3,1.320
43.2,1.320
43.3,1.320
43.3,1.320
43.2,1.320
43.2,1.320
43.2,1.320
43.3,1.320
43.3,1.325
43.3,1.325
43.4,1.325
43.5,1.325
43.5,1.325
43.5,1.325
43.5,1.325
43.5,1.325
43.5,1.325
43.5,1.325
43.5,1.325
43.4,1.325
43.3,1.325
43.3,1.325
43.3,1.325
43.3,1.330
43.3,1.330
43.3,1.330
43.3,1.330
43.3,1.330
43.4,1.330
43.4,1.330
43.4,1.330
43.4,1.330
43.5,1.330
43.5,1.330
43.5,1.330
43.5,1.330
43.5,1.335
43.5,1.335
43.5,1.335
43.4,1.335
43.4,1.335
43.3,1.335
43.3,1.335
43.3,1.335
43.3,1.335
43.3,1.335
43.3,1.335
43.3,1.335
43.4,1.335
43.5,1.335
43.5,1.335
43.5,1.335
43.5,1.340
43.5,1.340
43.5,1.340
43.5,1.340
43.5,1.340
43.4,1.340
43.4,1.340
43.4,1.340
43.3,1.340
43.3,1.340
43.3,1.340
43.3,1.340
43.3,1.340
43.3,1.340
43.3,1.340
43.3,1.345
43.4,1.345
43.5,1.345
43.5,1.345
43.5,1.345
43.5,1.345
43.6,1.345
43.5,1.345
43.5,1.345
43.5,1.345
43.5,1.345
43.5,1.345
43.5,1.345
43.4,1.345
43.4,1.345
43.4,1.350
43.4,1.350
43.4,1.350
43.4,1.350
43.4,1.350
43.4,1.350
43.4,1.350
43.4,1.350
43.4,1.350
43.4,1.350
43.4,1.350
43.4,1.350
43.5,1.350
43.5,1.350
43.5,1.350
43.5,1.350
43.5,1.355
43.5,1.355
43.5,1.355
43.5,1.355
43.5,1.355
43.5,1.355
43.5,1.355
43.5,1.355
43.5,1.355
43.5,1.355
43.5,1.355
43.5,1.355
43.5,1.355
43.5,1.355
43.5,1.355
43.6,1.355
43.6,1.355
43.6,1.360
43.6,1.360
43.6,1.360
43.6,1.360
43.6,1.360
43.6,1.360
43.6,1.360
43.6,1.360
43.6,1.360
43.6,1.360
43.6,1.360
43.6,1.360
43.6,1.360
43.6,1.360
43.6,1.360
43.6,1.360
43.6,1.360
43.6,1.360
43.6,1.365
43.6,1.365
43.6,1.365
43.6,1.365
43.6,1.365
43.6,1.365
43.6,1.365
43.6,1.365
43.6,1.365
43.6,1.365
43.6,1.365
43.6,1.365
43.6,1.365
43.6,1.365
43.6,1.365
43.6,1.365
43.6,1.365
43.6,1.370
43.6,1.370
43.6,1.370
43.6,1.370
43.6,1.370
43.6,1.370
43.6,1.370
43.6,1.370
43.6,1.370
43.6,1.370
43.6,1.370
43.6,1.370
43.6,1.370
43.6,1.370
43.6,1.370
43.6,1.370
43.6,1.370
43.6,1.370
43.6,1.370
43.6,1.375
43.7,1.375
43.6,1.375
43.6,1.375
43.6,1.375
43.6,1.375
43.6,1.375
43.6,1.375
43.6,1.375
43.6,1.375
43.6,1.375
43.6,1.375
43.6,1.375
43.6,1.375
43.6,1.375
43.6,1.375
43.6,1.375
43.7,1.375
43.7,1.375
43.7,1.380
43.7,1.380
43.7,1.380
43.7,1.380
43.7,1.380
43.7,1.380
43.7,1.380
43.7,1.380
43.7,1.380
43.7,1.380
43.7,1.380
43.7,1.380
43.7,1.380
43.7,1.380
43.7,1.380
43.7,1.380
43.7,1.380
43.7,1.380
43.7,1.385
43.7,1.385
43.7,1.385
43.7,1.385
43.7,1.385
43.7,1.385
43.7,1.385
43.7,1.385
43.7,1.385
43.7,1.385
43.7,1.385
43.7,1.385
43.7,1.385
43.7,1.385
43.7,1.385
43.7,1.385
43.7,1.390
43.7,1.390
43.7,1.390
43.7,1.390
43.7,1.390
43.7,1.390
43.7,1.390
43.7,1.390
43.7,1.390
43.7,1.390
43.7,1.390
43.7,1.390
43.7,1.390
43.7,1.390
43.7,1.390
43.7,1.390
43.7,1.395
43.7,1.395
43.7,1.395
43.7,1.395
43.7,1.395
43.7,1.395
43.7,1.395
43.7,1.395
43.7,1.395
43.7,1.395
43.7,1.395
43.7,1.395
43.8,1.395
43.8,1.395
43.8,1.395
43.8,1.395
43.8,1.395
43.8,1.400
43.8,1.400
43.8,1.400
43.8,1.400
43.8,1.400
43.8,1.400
43.8,1.400
43.8,1.400
43.8,1.400
43.8,1.400
43.8,1.400
43.8,1.400
43.8,1.400
43.8,1.400
43.8,1.400
43.8,1.400
43.8,1.405
43.8,1.405
43.8,1.405
43.8,1.405
43.8,1.405
43.8,1.405
43.8,1.405
43.8,1.405
43.8,1.405
43.8,1.405
43.8,1.405
43.8,1.405
43.8,1.405
43.9,1.405
43.9,1.405
43.9,1.410
43.9,1.410
43.9,1.410
43.9,1.410
43.9,1.410
43.9,1.410
43.9,1.410
43.9,1.410
43.9,1.410
43.9,1.410
43.9,1.410
43.9,1.410
43.9,1.410
43.9,1.410
43.9,1.415
43.9,1.415
43.9,1.415
43.9,1.415
44.0,1.415
44.0,1.415
44.0,1.415
44.0,1.415
44.0,1.415
44.0,1.415
44.0,1.415
44.0,1.415
44.0,1.415
44.0,1.415
43.9,1.415
43.9,1.415
43.9,1.420
43.9,1.420
43.9,1.420
43.9,1.420
43.9,1.420
43.9,1.420
43.9,1.420
43.9,1.420
44.0,1.420
44.0,1.420
44.0,1.420
44.0,1.420
44.0,1.420
44.0,1.420
44.0,1.420
44.0,1.420
44.0,1.425
44.0,1.425
44.0,1.425
44.0,1.425
43.9,1.425
43.9,1.425
43.9,1.425
43.9,1.425
43.9,1.425
43.9,1.425
43.9,1.425
44.0,1.425
43.9,1.425
43.9,1.425
44.0,1.425
44.0,1.430
44.0,1.430
44.0,1.430
44.0,1.430
44.0,1.430
44.0,1.430
44.0,1.430
44.0,1.430
44.0,1.430
44.0,1.430
44.0,1.430
44.0,1.430
44.0,1.430
44.0,1.430
44.0,1.430
44.0,1.430
44.0,1.435
44.0,1.435
44.0,1.435
44.0,1.435
44.0,1.435
44.0,1.435
44.0,1.435
44.0,1.435
44.0,1.435
44.0,1.435
44.0,1.435
44.0,1.435
44.0,1.435
43.9,1.435
44.0,1.435
44.0,1.435
44.0,1.435
44.0,1.440
44.0,1.440
44.0,1.440
44.1,1.440
44.1,1.440
44.1,1.440
44.1,1.440
44.2,1.440
44.2,1.440
44.2,1.440
44.2,1.440
44.2,1.440
44.2,1.440
44.1,1.440
44.0,1.440
44.0,1.440
44.0,1.440
44.0,1.440
44.0,1.445
44.0,1.445
44.0,1.445
44.0,1.445
44.0,1.445
44.1,1.445
44.2,1.445
44.2,1.445
44.2,1.445
44.2,1.445
44.2,1.445
44.2,1.445
44.2,1.445
44.2,1.445
44.2,1.445
44.1,1.445
44.1,1.445
44.1,1.450
44.1,1.450
44.1,1.450
44.1,1.450
44.1,1.450
44.1,1.450
44.2,1.450
44.2,1.450
44.2,1.450
44.2,1.450
44.2,1.450
44.2,1.450
44.2,1.450
44.2,1.450
44.2,1.450
44.2,1.450
44.2,1.450
44.2,1.450
44.2,1.450
44.2,1.455
44.2,1.455
44.2,1.455
44.1,1.455
44.1,1.455
44.1,1.455
44.2,1.455
44.2,1.455
44.2,1.455
44.2,1.455
44.2,1.455
44.2,1.455
44.2,1.455
44.2,1.455
44.2,1.455
44.2,1.455
44.2,1.455
44.2,1.455
44.2,1.460
44.2,1.460
44.2,1.460
44.2,1.460
44.2,1.460
44.2,1.460
44.2,1.460
44.2,1.460
44.2,1.460
44.2,1.460
44.2,1.460
44.3,1.460
44.3,1.460
44.3,1.460
44.3,1.460
44.3,1.460
44.3,1.460
44.3,1.460
44.3,1.460
44.3,1.465
44.2,1.465
44.2,1.465
44.2,1.465
44.2,1.465
44.2,1.465
44.2,1.465
44.2,1.465
44.2,1.465
44.2,1.465
44.2,1.465
44.3,1.465
44.3,1.465
44.3,1.465
44.3,1.465
44.3,1.465
44.3,1.465
44.3,1.465
44.3,1.470
44.3,1.470
44.3,1.470
44.3,1.470
44.3,1.470
44.3,1.470
44.3,1.470
44.3,1.470
44.2,1.470
44.2,1.470
44.2,1.470
44.2,1.470
44.2,1.470
44.2,1.470
44.2,1.470
44.4,1.470
44.4,1.470
44.3,1.475
44.3,1.475
44.3,1.475
44.3,1.475
44.3,1.475
44.3,1.475
44.3,1.475
44.3,1.475
44.3,1.475
44.3,1.475
44.3,1.475
44.3,1.475
44.3,1.475
44.3,1.475
44.3,1.475
44.3,1.475
44.3,1.475
44.4,1.475
44.3,1.480
44.3,1.480
44.3,1.480
44.3,1.480
44.3,1.480
44.3,1.480
44.2,1.480
44.2,1.480
44.2,1.480
44.2,1.480
44.2,1.480
44.2,1.480
44.2,1.480
44.2,1.480
44.2,1.480
44.4,1.480
44.4,1.480
44.4,1.485
44.4,1.485
44.4,1.485
44.4,1.485
44.4,1.485
44.4,1.485
44.4,1.485
44.4,1.485
44.4,1.485
44.4,1.485
44.4,1.485
44.4,1.485
44.4,1.485
44.4,1.485
44.4,1.485
44.5,1.485
44.5,1.485
44.5,1.490
44.5,1.490
44.5,1.490
44.5,1.490
44.5,1.490
44.5,1.490
44.5,1.490
44.5,1.490
44.4,1.490
44.4,1.490
44.4,1.490
44.3,1.490
44.3,1.490
44.3,1.490
44.3,1.490
44.3,1.490
44.3,1.495
44.3,1.495
44.3,1.495
44.5,1.495
44.5,1.495
44.5,1.495
44.5,1.495
44.5,1.495
44.5,1.495
44.5,1.495
44.5,1.495
44.4,1.495
44.4,1.495
44.4,1.495
44.4,1.495
44.4,1.495
44.4,1.500
44.4,1.500
44.4,1.500
44.4,1.500
44.4,1.500
44.4,1.500
44.4,1.500
44.4,1.500
44.5,1.500
44.5,1.500
44.5,1.500
44.5,1.500
44.5,1.500
44.5,1.500
44.5,1.500
44.5,1.500
44.4,1.505
44.4,1.505
44.4,1.505
44.4,1.505
44.4,1.505
44.4,1.505
44.4,1.505
44.5,1.505
44.5,1.505
44.5,1.505
44.5,1.505
44.5,1.505
44.5,1.505
44.5,1.505
44.5,1.505
44.5,1.510
44.5,1.510
44.5,1.510
44.5,1.510
44.5,1.510
44.5,1.510
44.5,1.510
44.5,1.510
44.5,1.510
44.5,1.510
44.6,1.510
44.6,1.510
44.6,1.510
44.6,1.510
44.6,1.510
44.6,1.515
44.6,1.515
44.6,1.515
44.6,1.515
44.6,1.515
44.6,1.515
44.6,1.515
44.6,1.515
44.5,1.515
44.5,1.515
44.5,1.515
44.5,1.515
44.5,1.515
44.5,1.515
44.6,1.515
44.6,1.515
44.6,1.520
44.6,1.520
44.6,1.520
44.6,1.520
44.6,1.520
44.6,1.520
44.6,1.520
44.6,1.520
44.6,1.520
44.6,1.520
44.6,1.520
44.6,1.520
44.6,1.520
44.6,1.520
44.6,1.520
44.6,1.525
44.6,1.525
44.6,1.525
44.6,1.525
44.6,1.525
44.6,1.525
44.6,1.525
44.6,1.525
44.6,1.525
44.6,1.525
44.6,1.525
44.6,1.525
44.6,1.525
44.6,1.525
44.6,1.530
44.6,1.530
44.6,1.530
44.6,1.530
44.6,1.530
44.6,1.530
44.6,1.530
44.6,1.530
44.6,1.530
44.6,1.530
44.6,1.530
44.6,1.530
44.7,1.530
44.7,1.530
44.7,1.530
44.7,1.530
44.7,1.535
44.7,1.535
44.7,1.535
44.7,1.535
44.7,1.535
44.7,1.535
44.7,1.535
44.7,1.535
44.7,1.535
44.7,1.535
44.7,1.535
44.7,1.535
44.7,1.535
44.7,1.535
44.7,1.535
44.7,1.540
44.7,1.540
44.7,1.540
44.7,1.540
44.7,1.540
44.7,1.540
44.7,1.540
44.7,1.540
44.7,1.540
44.7,1.540
44.7,1.540
44.7,1.540
44.7,1.540
44.7,1.540
44.7,1.540
44.7,1.540
44.7,1.545
44.7,1.545
44.7,1.545
44.7,1.545
44.7,1.545
44.7,1.545
44.7,1.545
44.7,1.545
44.7,1.545
44.7,1.545
44.7,1.545
44.7,1.545
44.7,1.545
44.8,1.545
44.8,1.545
44.8,1.550
44.8,1.550
44.8,1.550
44.8,1.550
44.8,1.550
44.8,1.550
44.8,1.550
44.8,1.550
44.8,1.550
44.8,1.550
44.8,1.550
44.8,1.550
44.8,1.550
44.8,1.550
44.8,1.550
44.8,1.550
44.8,1.555
44.8,1.555
44.9,1.555
44.8,1.555
44.8,1.555
44.8,1.555
44.8,1.555
44.8,1.555
44.8,1.555
44.8,1.555
44.7,1.555
44.8,1.555
44.8,1.555
44.8,1.555
44.8,1.555
44.8,1.555
44.8,1.560
44.9,1.560
44.9,1.560
44.9,1.560
44.9,1.560
44.9,1.560
44.9,1.560
44.9,1.560
44.9,1.560
44.9,1.560
44.8,1.560
44.8,1.560
44.7,1.560
44.7,1.560
44.7,1.560
44.7,1.560
44.8,1.560
44.8,1.565
44.8,1.565
44.8,1.565
44.9,1.565
44.9,1.565
44.9,1.565
44.9,1.565
44.9,1.565
44.9,1.565
44.9,1.565
44.9,1.565
44.9,1.565
44.8,1.565
44.8,1.565
44.8,1.565
44.8,1.565
44.8,1.565
44.8,1.570
44.8,1.570
44.8,1.570
44.9,1.570
44.9,1.570
44.9,1.570
44.9,1.570
44.9,1.570
44.9,1.570
44.9,1.570
44.9,1.570
44.9,1.570
44.9,1.570
44.9,1.570
44.9,1.570
44.9,1.570
44.9,1.570
44.9,1.575
44.9,1.575
44.9,1.575
44.9,1.575
44.9,1.575
44.9,1.575
45.0,1.575
45.0,1.575
45.0,1.575
45.0,1.575
45.0,1.575
45.0,1.575
45.0,1.575
45.0,1.575
45.0,1.575
45.0,1.575
45.0,1.575
45.0,1.575
44.9,1.575
44.9,1.580
44.9,1.580
44.9,1.580
44.9,1.580
44.9,1.580
44.9,1.580
45.0,1.580
45.0,1.580
45.1,1.580
45.1,1.580
45.1,1.580
45.1,1.580
45.1,1.580
45.1,1.580
45.1,1.580
45.1,1.580
45.0,1.580
45.0,1.580
45.0,1.580
45.0,1.585
45.0,1.585
45.0,1.585
45.0,1.585
45.0,1.585
45.0,1.585
45.0,1.585
45.0,1.585
45.0,1.585
45.0,1.585
45.0,1.585
45.0,1.585
45.0,1.585
45.0,1.585
45.0,1.585
45.0,1.585
45.0,1.585
45.0,1.585
45.0,1.585
45.0,1.590
45.0,1.590
45.0,1.590
45.0,1.590
45.0,1.590
45.0,1.590
45.0,1.590
45.0,1.590
45.0,1.590
45.0,1.590
45.0,1.590
45.0,1.590
45.0,1.590
45.0,1.590
45.0,1.590
45.0,1.590
45.0,1.590
45.0,1.590
45.0,1.590
44.9,1.590
44.9,1.595
44.9,1.595
44.9,1.595
44.9,1.595
45.0,1.595
45.0,1.595
45.0,1.595
45.0,1.595
45.1,1.595
45.1,1.595
45.1,1.595
45.1,1.595
45.1,1.595
45.1,1.595
45.1,1.595
45.1,1.595
45.1,1.595
45.1,1.595
45.1,1.595
45.0,1.595
45.0,1.600
45.0,1.600
45.0,1.600
45.0,1.600
45.0,1.600
45.0,1.600
45.0,1.600
45.1,1.600
45.1,1.600
45.1,1.600
45.1,1.600
45.1,1.600
45.1,1.600
45.1,1.600
45.1,1.600
45.1,1.600
45.1,1.600
45.0,1.600
45.0,1.600
45.0,1.600
45.0,1.600
45.0,1.605
45.0,1.605
45.1,1.605
45.1,1.605
45.1,1.605
45.1,1.605
45.2,1.605
45.2,1.605
45.2,1.605
45.2,1.605
45.2,1.605
45.2,1.605
45.2,1.605
45.0,1.605
45.0,1.605
45.1,1.605
45.1,1.605
45.1,1.605
45.1,1.605
45.0,1.605
45.0,1.610
45.1,1.610
45.2,1.610
45.2,1.610
45.2,1.610
45.2,1.610
45.2,1.610
45.2,1.610
45.2,1.610
45.2,1.610
45.2,1.610
45.2,1.610
45.1,1.610
45.1,1.610
45.1,1.610
45.1,1.610
45.1,1.610
45.1,1.610
45.1,1.610
45.1,1.610
45.1,1.610
45.1,1.610
45.2,1.615
45.2,1.615
45.2,1.615
45.2,1.615
45.2,1.615
45.2,1.615
45.2,1.615
45.2,1.615
45.2,1.615
45.2,1.615
45.2,1.615
45.2,1.615
45.2,1.615
45.2,1.615
45.2,1.615
45.2,1.615
45.2,1.615
45.2,1.615
45.2,1.615
45.2,1.615
45.2,1.620
45.2,1.620
45.2,1.620
45.2,1.620
45.2,1.620
45.2,1.620
45.2,1.620
45.2,1.620
45.2,1.620
45.2,1.620
45.2,1.620
45.2,1.620
45.2,1.620
45.2,1.620
45.2,1.620
45.2,1.620
45.2,1.620
45.2,1.620
45.2,1.620
45.2,1.620
45.2,1.625
45.2,1.625
45.2,1.625
45.2,1.625
45.2,1.625
45.2,1.625
45.2,1.625
45.2,1.625
45.2,1.625
45.2,1.625
45.2,1.625
45.2,1.625
45.2,1.625
45.2,1.625
45.2,1.625
45.2,1.625
45.2,1.625
45.2,1.625
45.2,1.625
45.2,1.630
45.2,1.630
45.2,1.630
45.2,1.630
45.2,1.630
45.2,1.630
45.2,1.630
45.2,1.630
45.2,1.630
45.2,1.630
45.2,1.630
45.2,1.630
45.2,1.630
45.2,1.630
45.3,1.630
45.3,1.630
45.3,1.630
45.3,1.630
45.3,1.635
45.3,1.635
45.3,1.635
45.3,1.635
45.3,1.635
45.3,1.635
45.3,1.635
45.3,1.635
45.3,1.635
45.3,1.635
45.3,1.635
45.3,1.635
45.3,1.635
45.3,1.635
45.3,1.635
45.3,1.635
45.3,1.635
45.3,1.635
45.3,1.635
45.3,1.640
45.3,1.640
45.3,1.640
45.3,1.640
45.3,1.640
45.3,1.640
45.3,1.640
45.3,1.640
45.3,1.640
45.3,1.640
45.3,1.640
45.3,1.640
45.3,1.640
45.3,1.640
45.4,1.640
45.4,1.640
45.4,1.640
45.4,1.640
45.4,1.645
45.4,1.645
45.4,1.645
45.4,1.645
45.4,1.645
45.4,1.645
45.4,1.645
45.4,1.645
45.4,1.645
45.4,1.645
45.4,1.645
45.4,1.645
45.4,1.645
45.4,1.645
45.4,1.645
45.4,1.645
45.4,1.645
45.4,1.645
45.4,1.650
45.4,1.650
45.4,1.650
45.4,1.650
45.4,1.650
45.4,1.650
45.4,1.650
45.4,1.650
45.4,1.650
45.4,1.650
45.4,1.650
45.4,1.650
45.4,1.650
45.4,1.650
45.4,1.650
45.4,1.655
45.4,1.655
45.5,1.655
45.5,1.655
45.5,1.655
45.5,1.655
45.5,1.655
45.5,1.655
45.5,1.655
45.4,1.655
45.4,1.655
45.4,1.655
45.4,1.655
45.4,1.655
45.5,1.655
45.5,1.655
45.5,1.655
45.5,1.660
45.5,1.660
45.5,1.660
45.5,1.660
45.5,1.660
45.5,1.660
45.5,1.660
45.5,1.660
45.5,1.660
45.5,1.660
45.4,1.660
45.4,1.660
45.4,1.660
45.4,1.660
45.4,1.660
45.5,1.660
45.5,1.665
45.6,1.665
45.6,1.665
45.6,1.665
45.6,1.665
45.6,1.665
45.6,1.665
45.6,1.665
45.5,1.665
45.5,1.665
45.4,1.665
45.4,1.665
45.4,1.665
45.4,1.665
45.4,1.665
45.4,1.665
45.4,1.670
45.4,1.670
45.5,1.670
45.5,1.670
45.6,1.670
45.6,1.670
45.6,1.670
45.6,1.670
45.6,1.670
45.6,1.670
45.6,1.670
45.6,1.670
45.6,1.670
45.6,1.670
45.5,1.670
45.5,1.675
45.5,1.675
45.5,1.675
45.5,1.675
45.5,1.675
45.5,1.675
45.5,1.675
45.5,1.675
45.5,1.675
45.6,1.675
45.6,1.675
45.6,1.675
45.6,1.675
45.6,1.675
45.6,1.675
45.6,1.675
45.6,1.675
45.6,1.680
45.6,1.680
45.5,1.680
45.5,1.680
45.5,1.680
45.5,1.680
45.5,1.680
45.5,1.680
45.5,1.680
45.6,1.680
45.6,1.680
45.6,1.680
45.7,1.680
45.6,1.680
45.6,1.680
45.6,1.685
45.6,1.685
45.6,1.685
45.6,1.685
45.6,1.685
45.6,1.685
45.6,1.685
45.6,1.685
45.6,1.685
45.6,1.685
45.6,1.685
45.6,1.685
45.6,1.685
45.6,1.685
45.6,1.685
45.6,1.690
45.6,1.690
45.6,1.690
45.6,1.690
45.6,1.690
45.6,1.690
45.6,1.690
45.6,1.690
45.6,1.690
45.6,1.690
45.6,1.690
45.6,1.690
45.6,1.690
45.6,1.690
45.7,1.690
45.7,1.695
45.7,1.695
45.7,1.695
45.7,1.695
45.7,1.695
45.7,1.695
45.7,1.695
45.7,1.695
45.8,1.695
45.8,1.695
45.8,1.695
45.8,1.695
45.8,1.695
45.8,1.695
45.8,1.695
45.7,1.700
45.7,1.700
45.7,1.700
45.7,1.700
45.7,1.700
45.7,1.700
45.7,1.700
45.7,1.700
45.7,1.700
45.7,1.700
45.7,1.700
45.7,1.700
45.8,1.700
45.9,1.700
45.8,1.705
45.8,1.705
45.8,1.705
45.8,1.705
45.8,1.705
45.8,1.705
45.8,1.705
45.8,1.705
45.8,1.705
45.8,1.705
45.8,1.705
45.8,1.705
45.8,1.705
45.8,1.705
45.8,1.710
45.8,1.710
45.8,1.710
45.8,1.710
45.8,1.710
45.8,1.710
45.8,1.710
45.8,1.710
45.8,1.710
45.8,1.710
45.8,1.710
45.8,1.710
45.8,1.710
45.8,1.715
45.8,1.715
45.8,1.715
45.8,1.715
45.8,1.715
45.9,1.715
45.9,1.715
45.9,1.715
45.9,1.715
45.9,1.715
45.9,1.715
45.9,1.715
45.9,1.715
45.9,1.720
45.9,1.720
45.9,1.720
45.9,1.720
45.9,1.720
45.9,1.720
45.9,1.720
45.9,1.720
45.9,1.720
45.9,1.720
45.9,1.720
45.9,1.720
45.9,1.720
45.9,1.725
45.9,1.725
45.9,1.725
45.9,1.725
45.9,1.725
45.9,1.725
45.9,1.725
45.9,1.725
45.9,1.725
45.9,1.725
45.9,1.725
45.9,1.725
45.9,1.725
45.9,1.730
45.9,1.730
45.9,1.730
45.9,1.730
45.9,1.730
45.9,1.730
45.9,1.730
45.9,1.730
45.9,1.730
45.9,1.730
45.9,1.730
46.0,1.735
46.0,1.735
46.1,1.735
46.0,1.735
46.0,1.735
46.0,1.735
46.0,1.735
46.0,1.735
46.0,1.735
46.0,1.735
46.0,1.735
46.0,1.735
46.0,1.735
46.0,1.740
46.0,1.740
46.0,1.740
46.0,1.740
46.0,1.740
46.0,1.740
46.0,1.740
46.0,1.740
46.0,1.740
46.0,1.740
46.0,1.740
46.0,1.740
46.0,1.745
46.0,1.745
46.0,1.745
46.0,1.745
46.0,1.745
46.1,1.745
46.1,1.745
46.1,1.745
46.1,1.745
46.1,1.745
46.1,1.745
46.1,1.745
46.1,1.750
46.1,1.750
46.1,1.750
46.1,1.750
46.1,1.750
46.1,1.750
46.1,1.750
46.1,1.750
46.1,1.750
46.1,1.750
46.1,1.750
46.1,1.750
46.1,1.755
46.1,1.755
46.1,1.755
46.1,1.755
46.1,1.755
46.1,1.755
46.1,1.755
46.1,1.755
46.1,1.755
46.1,1.755
46.1,1.755
46.1,1.755
46.1,1.760
46.1,1.760
46.1,1.760
46.1,1.760
46.1,1.760
46.1,1.760
46.2,1.760
46.2,1.760
46.2,1.760
46.2,1.760
46.2,1.760
46.2,1.760
46.2,1.760
46.2,1.765
46.2,1.765
46.2,1.765
46.2,1.765
46.2,1.765
46.2,1.765
46.2,1.765
46.2,1.765
46.2,1.765
46.1,1.765
46.1,1.765
46.1,1.770
46.3,1.770
46.3,1.770
46.3,1.770
46.3,1.770
46.3,1.770
46.3,1.770
46.3,1.770
46.3,1.770
46.3,1.770
46.3,1.770
46.2,1.770
46.1,1.770
46.1,1.775
46.1,1.775
46.1,1.775
46.1,1.775
46.1,1.775
46.1,1.775
46.1,1.775
46.3,1.775
46.3,1.775
46.3,1.775
46.4,1.775
46.4,1.775
46.4,1.780
46.4,1.780
46.4,1.780
46.3,1.780
46.2,1.780
46.2,1.780
46.3,1.780
46.2,1.780
46.2,1.780
46.2,1.780
46.2,1.780
46.2,1.780
46.2,1.780
46.2,1.785
46.2,1.785
46.2,1.785
46.2,1.785
46.3,1.785
46.3,1.785
46.3,1.785
46.3,1.785
46.3,1.785
46.3,1.785
46.3,1.785
46.3,1.785
46.3,1.790
46.3,1.790
46.3,1.790
46.3,1.790
46.3,1.790
46.3,1.790
46.3,1.790
46.3,1.790
46.3,1.790
46.3,1.790
46.3,1.790
46.3,1.795
46.3,1.795
46.3,1.795
46.3,1.795
46.3,1.795
46.3,1.795
46.4,1.795
46.4,1.795
46.4,1.795
46.4,1.795
46.4,1.795
46.4,1.795
46.4,1.800
46.4,1.800
46.4,1.800
46.4,1.800
46.4,1.800
46.4,1.800
46.4,1.800
46.4,1.800
46.4,1.800
46.4,1.800
46.4,1.800
46.4,1.800
46.4,1.805
46.4,1.805
46.4,1.805
46.4,1.805
46.4,1.805
46.4,1.805
46.4,1.805
46.5,1.805
46.5,1.805
46.5,1.805
46.5,1.805
46.5,1.810
46.5,1.810
46.4,1.810
46.4,1.810
46.4,1.810
46.4,1.810
46.4,1.810
46.4,1.810
46.4,1.810
46.5,1.810
46.5,1.810
46.5,1.815
46.5,1.815
46.5,1.815
46.5,1.815
46.5,1.815
46.5,1.815
46.5,1.815
46.5,1.815
46.5,1.815
46.5,1.815
46.5,1.815
46.5,1.820
46.5,1.820
46.5,1.820
46.5,1.820
46.5,1.820
46.5,1.820
46.5,1.820
46.5,1.820
46.6,1.820
46.6,1.820
46.6,1.820
46.6,1.820
46.6,1.825
46.6,1.825
46.6,1.825
46.6,1.825
46.6,1.825
46.6,1.825
46.6,1.825
46.6,1.825
46.6,1.825
46.5,1.825
46.5,1.825
46.5,1.830
46.5,1.830
46.5,1.830
46.5,1.830
46.5,1.830
46.7,1.830
46.7,1.830
46.7,1.830
46.6,1.830
46.6,1.830
46.6,1.830
46.6,1.835
46.6,1.835
46.6,1.835
46.6,1.835
46.6,1.835
46.6,1.835
46.6,1.835
46.6,1.835
46.6,1.835
46.6,1.835
46.6,1.835
46.6,1.835
46.6,1.840
46.6,1.840
46.6,1.840
46.6,1.840
46.6,1.840
46.6,1.840
46.6,1.840
46.6,1.840
46.6,1.840
46.6,1.840
46.6,1.840
46.6,1.845
46.6,1.845
46.6,1.845
46.6,1.845
46.6,1.845
46.6,1.845
46.7,1.845
46.7,1.845
46.7,1.845
46.7,1.845
46.7,1.845
46.7,1.850
46.7,1.850
46.7,1.850
46.7,1.850
46.7,1.850
46.7,1.850
46.7,1.850
46.7,1.850
46.7,1.850
46.7,1.850
46.7,1.850
46.7,1.850
46.7,1.855
46.7,1.855
46.7,1.855
46.7,1.855
46.7,1.855
46.7,1.855
46.7,1.855
46.7,1.855
46.7,1.855
46.7,1.855
46.7,1.855
46.7,1.855
46.7,1.860
46.7,1.860
46.7,1.860
46.7,1.860
46.7,1.860
46.7,1.860
46.7,1.860
46.7,1.860
46.8,1.860
46.8,1.860
46.8,1.860
46.8,1.860
46.8,1.865
46.8,1.865
46.8,1.865
46.8,1.865
46.8,1.865
46.8,1.865
46.8,1.865
46.8,1.865
46.8,1.865
46.8,1.865
46.8,1.865
46.8,1.865
46.8,1.870
46.8,1.870
46.8,1.870
46.8,1.870
46.9,1.870
46.9,1.870
46.9,1.870
46.9,1.870
46.9,1.870
46.9,1.870
46.9,1.870
46.9,1.870
46.9,1.875
46.9,1.875
46.9,1.875
46.8,1.875
46.8,1.875
46.8,1.875
46.8,1.875
46.8,1.875
46.8,1.875
46.8,1.875
46.8,1.875
46.9,1.875
46.9,1.880
46.9,1.880
46.9,1.880
46.9,1.880
46.9,1.880
46.9,1.880
46.9,1.880
46.9,1.880
46.9,1.880
46.9,1.880
46.8,1.880
46.9,1.880
46.8,1.880
46.8,1.885
46.8,1.885
46.8,1.885
46.8,1.885
47.0,1.885
47.0,1.885
47.0,1.885
47.0,1.885
47.0,1.885
47.0,1.885
47.0,1.885
47.0,1.885
47.0,1.890
47.0,1.890
47.0,1.890
47.0,1.890
46.9,1.890
46.9,1.890
46.9,1.890
46.9,1.890
46.9,1.890
46.9,1.890
46.9,1.890
46.9,1.895
46.9,1.895
47.0,1.895
47.1,1.895
47.1,1.895
47.1,1.895
47.1,1.895
47.1,1.895
47.1,1.895
47.1,1.895
47.1,1.895
47.1,1.895
47.1,1.900
47.0,1.900
47.0,1.900
47.0,1.900
47.0,1.900
47.0,1.900
47.0,1.900
47.0,1.900
47.0,1.900
47.0,1.900
47.0,1.900
47.0,1.900
47.1,1.900
47.2,1.905
47.2,1.905
47.2,1.905
47.2,1.905
47.2,1.905
47.2,1.905
47.2,1.905
47.2,1.905
47.2,1.905
47.2,1.905
47.0,1.905
47.0,1.910
47.0,1.910
47.0,1.910
47.0,1.910
47.0,1.910
47.0,1.910
47.0,1.910
47.0,1.910
47.0,1.910
47.0,1.910
47.1,1.910
47.2,1.910
47.2,1.915
47.2,1.915
47.2,1.915
47.2,1.915
47.2,1.915
47.2,1.915
47.2,1.915
47.1,1.915
47.1,1.915
47.0,1.915
47.0,1.915
47.0,1.915
47.0,1.915
47.0,1.920
47.0,1.920
47.0,1.920
47.2,1.920
47.2,1.920
47.2,1.920
47.2,1.920
47.3,1.920
47.3,1.920
47.3,1.920
47.3,1.920
47.3,1.920
47.3,1.920
47.2,1.925
47.2,1.925
47.2,1.925
47.2,1.925
47.2,1.925
47.2,1.925
47.2,1.925
47.2,1.925
47.2,1.925
47.2,1.925
47.3,1.925
47.3,1.925
47.3,1.930
47.3,1.930
47.3,1.930
47.3,1.930
47.3,1.930
47.3,1.930
47.3,1.930
47.3,1.930
47.3,1.930
47.2,1.930
47.2,1.930
47.2,1.930
47.2,1.935
47.2,1.935
47.2,1.935
47.2,1.935
47.2,1.935
47.3,1.935
47.3,1.935
47.4,1.935
47.4,1.935
47.4,1.935
47.4,1.935
47.4,1.935
47.4,1.935
47.4,1.940
47.4,1.940
47.4,1.940
47.4,1.940
47.3,1.940
47.3,1.940
47.3,1.940
47.3,1.940
47.3,1.940
47.3,1.940
47.3,1.940
47.3,1.940
47.3,1.940
47.3,1.945
47.4,1.945
47.4,1.945
47.4,1.945
47.4,1.945
47.4,1.945
47.4,1.945
47.4,1.945
47.3,1.945
47.3,1.945
47.3,1.945
47.3,1.945
47.3,1.945
47.3,1.950
47.3,1.950
47.4,1.950
47.4,1.950
47.4,1.950
47.4,1.950
47.4,1.950
47.4,1.950
47.4,1.950
47.4,1.950
47.4,1.950
47.4,1.950
47.4,1.950
47.4,1.955
47.4,1.955
47.4,1.955
47.4,1.955
47.4,1.955
47.4,1.955
47.4,1.955
47.4,1.955
47.4,1.955
47.4,1.955
47.4,1.955
47.4,1.955
47.4,1.955
47.5,1.960
47.5,1.960
47.5,1.960
47.5,1.960
47.5,1.960
47.5,1.960
47.5,1.960
47.5,1.960
47.5,1.960
47.5,1.960
47.5,1.960
47.4,1.960
47.4,1.960
47.4,1.960
47.4,1.965
47.4,1.965
47.4,1.965
47.4,1.965
47.4,1.965
47.4,1.965
47.4,1.965
47.5,1.965
47.5,1.965
47.5,1.965
47.5,1.965
47.5,1.965
47.5,1.965
47.5,1.970
47.5,1.970
47.5,1.970
47.5,1.970
47.4,1.970
47.4,1.970
47.4,1.970
47.4,1.970
47.4,1.970
47.4,1.970
47.4,1.970
47.4,1.970
47.5,1.970
47.6,1.975
47.6,1.975
47.6,1.975
47.6,1.975
47.6,1.975
47.6,1.975
47.6,1.975
47.6,1.975
47.6,1.975
47.6,1.975
47.6,1.975
47.6,1.975
47.6,1.975
47.6,1.975
47.5,1.980
47.5,1.980
47.5,1.980
47.5,1.980
47.5,1.980
47.6,1.980
47.6,1.980
47.6,1.980
47.6,1.980
47.6,1.980
47.6,1.980
47.6,1.980
47.6,1.980
47.6,1.985
47.6,1.985
47.6,1.985
47.6,1.985
47.6,1.985
47.6,1.985
47.6,1.985
47.6,1.985
47.6,1.985
47.6,1.985
47.6,1.985
47.6,1.985
47.6,1.985
47.6,1.985
47.6,1.990
47.6,1.990
47.6,1.990
47.6,1.990
47.6,1.990
47.6,1.990
47.6,1.990
47.6,1.990
47.6,1.990
47.6,1.990
47.6,1.990
47.6,1.990
47.7,1.990
47.7,1.995
47.7,1.995
47.7,1.995
47.7,1.995
47.7,1.995
47.7,1.995
47.7,1.995
47.7,1.995
47.7,1.995
47.7,1.995
47.7,1.995
47.7,1.995
47.7,1.995
47.7,1.995
47.7,2.000
47.7,2.000
47.7,2.000
47.7,2.000
47.7,2.000
47.8,2.000
47.7,2.000
47.7,2.000
47.7,2.000
47.7,2.000
47.7,2.000
47.7,2.000
47.7,2.000
47.7,2.000
47.7,2.005
47.7,2.005
47.7,2.005
47.7,2.005
47.7,2.005
47.7,2.005
47.7,2.005
47.7,2.005
47.7,2.005
47.7,2.005
47.7,2.005
47.7,2.005
47.7,2.005
47.7,2.010
47.7,2.010
47.7,2.010
47.7,2.010
47.7,2.010
47.7,2.010
47.7,2.010
47.7,2.010
47.7,2.010
47.7,2.010
47.7,2.010
47.7,2.010
47.7,2.010
47.7,2.010
47.7,2.015
47.7,2.015
47.7,2.015
47.8,2.015
47.8,2.015
47.8,2.015
47.8,2.015
47.8,2.015
47.8,2.015
47.8,2.015
47.8,2.015
47.8,2.015
47.8,2.015
47.8,2.015
47.8,2.020
47.8,2.020
47.8,2.020
47.8,2.020
47.8,2.020
47.8,2.020
47.8,2.020
47.8,2.020
47.8,2.020
47.8,2.020
47.8,2.020
47.8,2.020
47.8,2.020
47.8,2.020
47.8,2.025
47.8,2.025
47.8,2.025
47.8,2.025
47.8,2.025
47.8,2.025
47.8,2.025
47.8,2.025
47.8,2.025
47.8,2.025
47.8,2.025
47.8,2.025
47.8,2.025
47.8,2.025
47.8,2.030
47.8,2.030
47.8,2.030
47.8,2.030
47.8,2.030
47.9,2.030
47.9,2.030
47.9,2.030
47.9,2.030
47.9,2.030
47.9,2.030
47.9,2.030
47.9,2.030
47.9,2.030
47.9,2.035
47.9,2.035
47.9,2.035
47.9,2.035
47.9,2.035
47.9,2.035
47.9,2.035
47.9,2.035
47.9,2.035
47.9,2.035
47.9,2.035
47.9,2.035
47.9,2.035
47.9,2.035
47.9,2.035
47.9,2.040
47.9,2.040
48.0,2.040
48.0,2.040
48.0,2.040
48.0,2.040
48.0,2.040
48.0,2.040
47.9,2.040
47.9,2.040
47.9,2.040
47.9,2.040
47.9,2.040
47.9,2.040
47.9,2.045
47.9,2.045
47.9,2.045
48.0,2.045
48.0,2.045
48.1,2.045
48.1,2.045
48.1,2.045
48.1,2.045
48.1,2.045
48.1,2.045
48.1,2.045
48.0,2.045
47.9,2.045
47.9,2.045
47.9,2.050
47.9,2.050
47.9,2.050
47.9,2.050
47.9,2.050
47.9,2.050
48.0,2.050
48.0,2.050
48.1,2.050
48.1,2.050
48.1,2.050
48.1,2.050
48.1,2.050
48.1,2.050
48.1,2.055
48.1,2.055
48.0,2.055
48.0,2.055
47.9,2.055
47.9,2.055
47.9,2.055
47.9,2.055
47.9,2.055
47.9,2.055
47.9,2.055
48.0,2.055
48.1,2.055
48.1,2.055
48.2,2.055
48.2,2.055
48.2,2.060
48.2,2.060
48.2,2.060
48.2,2.060
48.2,2.060
48.1,2.060
48.1,2.060
48.0,2.060
48.0,2.060
48.0,2.060
48.0,2.060
48.0,2.060
48.0,2.060
48.0,2.060
48.1,2.060
48.1,2.060
48.2,2.060
48.2,2.065
48.2,2.065
48.2,2.065
48.2,2.065
48.2,2.065
48.2,2.065
48.2,2.065
48.1,2.065
48.1,2.065
48.1,2.065
48.1,2.065
48.0,2.065
48.0,2.065
48.0,2.065
48.0,2.065
48.0,2.065
48.0,2.065
48.0,2.070
48.1,2.070
48.2,2.070
48.2,2.070
48.2,2.070
48.2,2.070
48.2,2.070
48.2,2.070
48.2,2.070
48.2,2.070
48.2,2.070
48.1,2.070
48.1,2.070
48.1,2.070
48.0,2.070
48.0,2.070
48.0,2.070
48.0,2.075
48.0,2.075
48.2,2.075
48.2,2.075
48.2,2.075
48.3,2.075
48.3,2.075
48.3,2.075
48.3,2.075
48.3,2.075
48.3,2.075
48.3,2.075
48.3,2.075
48.2,2.075
48.2,2.075
48.1,2.075
48.1,2.075
48.1,2.075
48.1,2.075
48.1,2.080
48.1,2.080
48.1,2.080
48.1,2.080
48.2,2.080
48.3,2.080
48.3,2.080
48.3,2.080
48.3,2.080
48.3,2.080
48.3,2.080
48.3,2.080
48.3,2.080
48.3,2.080
48.2,2.080
48.1,2.080
48.1,2.080
48.1,2.080
48.1,2.080
48.1,2.080
48.1,2.085
48.2,2.085
48.2,2.085
48.2,2.085
48.3,2.085
48.3,2.085
48.3,2.085
48.3,2.085
48.3,2.085
48.3,2.085
48.3,2.085
48.3,2.085
48.3,2.085
48.3,2.085
48.3,2.085
48.3,2.085
48.2,2.085
48.2,2.085
48.2,2.085
48.2,2.090
48.2,2.090
48.2,2.090
48.2,2.090
48.2,2.090
48.2,2.090
48.3,2.090
48.3,2.090
48.4,2.090
48.4,2.090
48.4,2.090
48.4,2.090
48.3,2.090
48.3,2.090
48.3,2.090
48.2,2.090
48.2,2.090
48.2,2.090
48.2,2.090
48.2,2.090
48.2,2.090
48.2,2.090
48.2,2.095
48.2,2.095
48.3,2.095
48.4,2.095
48.4,2.095
48.4,2.095
48.4,2.095
48.4,2.095
48.4,2.095
48.4,2.095
48.3,2.095
48.3,2.095
48.3,2.095
48.2,2.095
48.2,2.095
48.2,2.095
48.2,2.095
48.2,2.095
48.2,2.095
48.2,2.095
48.3,2.095
48.3,2.095
48.4,2.095
48.5,2.100
48.5,2.100
48.5,2.100
48.5,2.100
48.5,2.100
48.5,2.100
48.5,2.100
48.4,2.100
48.4,2.100
48.4,2.100
48.4,2.100
48.3,2.100
48.3,2.100
48.3,2.100
48.3,2.100
48.3,2.100
48.3,2.100
48.3,2.100
48.4,2.100
48.4,2.100
48.4,2.100
48.4,2.100
48.4,2.100
48.4,2.100
48.4,2.100
48.4,2.105
48.4,2.105
48.4,2.105
48.4,2.105
48.3,2.105
48.3,2.105
48.3,2.105
48.3,2.105
48.3,2.105
48.3,2.105
48.3,2.105
48.3,2.105
48.3,2.105
48.4,2.105
48.4,2.105
48.4,2.105
48.4,2.105
48.4,2.105
48.4,2.105
48.4,2.105
48.4,2.105
48.4,2.105
48.4,2.105
48.4,2.105
48.4,2.110
48.4,2.110
48.4,2.110
48.4,2.110
48.4,2.110
48.4,2.110
48.4,2.110
48.4,2.110
48.4,2.110
48.4,2.110
48.4,2.110
48.4,2.110
48.4,2.110
48.4,2.110
48.4,2.110
48.4,2.110
48.4,2.110
48.4,2.110
48.4,2.110
48.4,2.110
48.4,2.110
48.4,2.110
48.4,2.110
48.4,2.115
48.4,2.115
48.4,2.115
48.4,2.115
48.4,2.115
48.4,2.115
48.5,2.115
48.5,2.115
48.5,2.115
48.5,2.115
48.5,2.115
48.5,2.115
48.5,2.115
48.5,2.115
48.5,2.115
48.5,2.115
48.5,2.115
48.5,2.115
48.5,2.115
48.5,2.115
48.5,2.115
48.5,2.115
48.5,2.115
48.5,2.115
48.5,2.115
48.5,2.115
48.5,2.120
48.5,2.120
48.5,2.120
48.5,2.120
48.5,2.120
48.5,2.120
48.5,2.120
48.5,2.120
48.5,2.120
48.5,2.120
48.5,2.120
48.5,2.120
48.5,2.120
48.5,2.120
48.5,2.120
48.5,2.120
48.5,2.120
48.5,2.120
48.5,2.120
48.5,2.120
48.5,2.120
48.5,2.120
48.5,2.120
48.5,2.120
48.5,2.120
48.5,2.125
48.5,2.125
48.5,2.125
48.5,2.125
48.5,2.125
48.5,2.125
48.5,2.125
48.5,2.125
48.5,2.125
48.5,2.125
48.5,2.125
48.5,2.125
48.5,2.125
48.5,2.125
48.5,2.125
48.5,2.125
48.5,2.125
48.5,2.125
48.5,2.125
48.5,2.125
48.5,2.125
48.5,2.125
48.6,2.125
48.6,2.125
48.6,2.130
48.6,2.130
48.6,2.130
48.6,2.130
48.6,2.130
48.6,2.130
48.6,2.130
48.6,2.130
48.6,2.130
48.5,2.130
48.5,2.130
48.5,2.130
48.5,2.130
48.5,2.130
48.5,2.130
48.5,2.130
48.5,2.130
48.5,2.130
48.5,2.130
48.6,2.130
48.6,2.130
48.6,2.130
48.6,2.130
48.6,2.135
48.6,2.135
48.6,2.135
48.6,2.135
48.6,2.135
48.6,2.135
48.6,2.135
48.6,2.135
48.6,2.135
48.6,2.135
48.6,2.135
48.6,2.135
48.6,2.135
48.6,2.135
48.6,2.135
48.6,2.135
48.6,2.135
48.6,2.135
48.6,2.135
48.6,2.135
48.6,2.135
48.6,2.135
48.6,2.135
48.6,2.135
48.6,2.135
48.6,2.140
48.6,2.140
48.6,2.140
48.6,2.140
48.6,2.140
48.6,2.140
48.6,2.140
48.6,2.140
48.6,2.140
48.6,2.140
48.6,2.140
48.6,2.140
48.6,2.140
48.6,2.140
48.6,2.140
48.6,2.140
48.6,2.140
48.6,2.140
48.6,2.140
48.6,2.140
48.6,2.140
48.6,2.140
48.7,2.140
48.7,2.140
48.7,2.140
48.7,2.145
48.7,2.145
48.7,2.145
48.6,2.145
48.7,2.145
48.6,2.145
48.6,2.145
48.5,2.145
48.5,2.145
48.5,2.145
48.5,2.145
48.5,2.145
48.5,2.145
48.5,2.145
48.5,2.145
48.6,2.145
48.6,2.145
48.6,2.145
48.6,2.145
48.6,2.145
48.6,2.145
48.6,2.145
48.6,2.150
48.6,2.150
48.6,2.150
48.6,2.150
48.6,2.150
48.6,2.150
48.6,2.150
48.6,2.150
48.6,2.150
48.7,2.150
48.7,2.150
48.7,2.150
48.7,2.150
48.7,2.150
48.7,2.150
48.7,2.150
48.7,2.150
48.7,2.150
48.7,2.150
48.7,2.150
48.7,2.150
48.7,2.150
48.7,2.150
48.7,2.155
48.7,2.155
48.6,2.155
48.6,2.155
48.6,2.155
48.6,2.155
48.6,2.155
48.6,2.155
48.6,2.155
48.7,2.155
48.7,2.155
48.7,2.155
48.7,2.155
48.7,2.155
48.7,2.155
48.7,2.155
48.7,2.155
48.7,2.155
48.7,2.155
48.7,2.155
48.7,2.155
48.7,2.155
48.7,2.160
48.7,2.160
48.7,2.160
48.7,2.160
48.7,2.160
48.7,2.160
48.7,2.160
48.7,2.160
48.7,2.160
48.8,2.160
48.8,2.160
48.8,2.160
48.8,2.160
48.8,2.160
48.8,2.160
48.8,2.160
48.8,2.160
48.8,2.160
48.8,2.160
48.8,2.160
48.8,2.160
48.8,2.160
48.8,2.165
48.8,2.165
48.8,2.165
48.8,2.165
48.8,2.165
48.8,2.165
48.8,2.165
48.8,2.165
48.8,2.165
48.8,2.165
48.8,2.165
48.8,2.165
48.8,2.165
48.8,2.165
48.8,2.165
48.8,2.165
48.8,2.165
48.8,2.165
48.8,2.165
48.7,2.165
48.7,2.170
48.7,2.170
48.7,2.170
48.7,2.170
48.7,2.170
48.7,2.170
48.8,2.170
48.8,2.170
48.8,2.170
48.8,2.170
48.8,2.170
48.8,2.170
48.8,2.170
48.8,2.170
48.8,2.170
48.8,2.170
48.8,2.170
48.8,2.170
48.8,2.170
48.8,2.170
48.8,2.170
48.8,2.170
48.8,2.175
48.8,2.175
48.8,2.175
48.8,2.175
48.8,2.175
48.8,2.175
48.8,2.175
48.9,2.175
48.9,2.175
48.9,2.175
48.9,2.175
48.9,2.175
48.9,2.175
48.9,2.175
48.9,2.175
48.9,2.175
48.9,2.175
48.9,2.175
48.9,2.175
48.9,2.175
48.9,2.175
49.0,2.180
49.0,2.180
49.0,2.180
49.0,2.180
49.0,2.180
49.0,2.180
49.0,2.180
49.0,2.180
49.0,2.180
49.0,2.180
49.0,2.180
48.9,2.180
48.9,2.180
48.9,2.180
48.9,2.180
48.9,2.180
48.9,2.180
48.9,2.180
48.9,2.180
48.9,2.180
49.0,2.180
49.0,2.180
49.0,2.185
49.0,2.185
49.0,2.185
49.0,2.185
49.0,2.185
49.0,2.185
49.0,2.185
49.0,2.185
49.0,2.185
49.0,2.185
49.0,2.185
49.0,2.185
49.0,2.185
49.0,2.185
49.0,2.185
49.0,2.185
49.0,2.185
49.0,2.185
49.0,2.185
49.0,2.185
49.0,2.190
49.0,2.190
49.0,2.190
49.0,2.190
49.0,2.190
49.0,2.190
49.0,2.190
49.0,2.190
49.0,2.190
49.0,2.190
49.0,2.190
49.0,2.190
49.0,2.190
49.0,2.190
49.0,2.190
49.0,2.190
49.0,2.190
49.0,2.190
49.0,2.190
49.0,2.195
49.0,2.195
49.0,2.195
49.0,2.195
49.0,2.195
49.0,2.195
49.0,2.195
49.0,2.195
49.0,2.195
49.0,2.195
49.0,2.195
49.0,2.195
49.0,2.195
49.0,2.195
49.0,2.195
49.0,2.195
49.1,2.195
49.1,2.195
49.1,2.195
49.1,2.200
49.1,2.200
49.1,2.200
49.1,2.200
49.1,2.200
49.1,2.200
49.1,2.200
49.1,2.200
49.1,2.200
49.1,2.200
49.1,2.200
49.1,2.200
49.1,2.200
49.1,2.200
49.1,2.200
49.1,2.200
49.1,2.200
49.1,2.200
49.1,2.200
49.1,2.205
49.1,2.205
49.1,2.205
49.1,2.205
49.1,2.205
49.1,2.205
49.1,2.205
49.1,2.205
49.1,2.205
49.1,2.205
49.1,2.205
49.1,2.205
49.1,2.205
49.1,2.205
49.1,2.205
49.1,2.205
49.1,2.205
49.1,2.210
49.1,2.210
49.1,2.210
49.2,2.210
49.2,2.210
49.2,2.210
49.2,2.210
49.2,2.210
49.2,2.210
49.2,2.210
49.2,2.210
49.2,2.210
49.2,2.210
49.2,2.210
49.1,2.210
49.1,2.215
49.1,2.215
49.1,2.215
49.1,2.215
49.1,2.215
49.1,2.215
49.1,2.215
49.1,2.215
49.2,2.215
49.2,2.215
49.2,2.215
49.2,2.215
49.2,2.215
49.2,2.215
49.2,2.215
49.2,2.215
49.2,2.215
49.2,2.220
49.2,2.220
49.2,2.220
49.2,2.220
49.2,2.220
49.2,2.220
49.2,2.220
49.2,2.220
49.2,2.220
49.2,2.220
49.2,2.220
49.2,2.220
49.2,2.220
49.2,2.220
49.2,2.220
49.2,2.220
49.2,2.220
49.2,2.225
49.2,2.225
49.2,2.225
49.2,2.225
49.2,2.225
49.2,2.225
49.2,2.225
49.2,2.225
49.2,2.225
49.2,2.225
49.2,2.225
49.2,2.225
49.2,2.225
49.2,2.225
49.2,2.225
49.2,2.225
49.2,2.230
49.2,2.230
49.3,2.230
49.3,2.230
49.3,2.230
49.3,2.230
49.3,2.230
49.3,2.230
49.3,2.230
49.3,2.230
49.3,2.230
49.3,2.230
49.3,2.230
49.3,2.230
49.3,2.230
49.3,2.230
49.3,2.230
49.3,2.235
49.3,2.235
49.3,2.235
49.3,2.235
49.3,2.235
49.3,2.235
49.3,2.235
49.3,2.235
49.3,2.235
49.3,2.235
49.4,2.235
49.4,2.235
49.4,2.235
49.4,2.235
49.4,2.235
49.4,2.235
49.4,2.235
49.4,2.235
49.3,2.240
49.3,2.240
49.3,2.240
49.3,2.240
49.3,2.240
49.3,2.240
49.3,2.240
49.3,2.240
49.3,2.240
49.3,2.240
49.4,2.240
49.4,2.240
49.4,2.240
49.4,2.240
49.4,2.240
49.4,2.240
49.4,2.240
49.4,2.240
49.4,2.245
49.4,2.245
49.4,2.245
49.4,2.245
49.4,2.245
49.4,2.245
49.4,2.245
49.4,2.245
49.4,2.245
49.4,2.245
49.4,2.245
49.4,2.245
49.4,2.245
49.4,2.245
49.4,2.245
49.4,2.245
49.4,2.245
49.4,2.245
49.4,2.250
49.4,2.250
49.4,2.250
49.4,2.250
49.4,2.250
49.4,2.250
49.4,2.250
49.4,2.250
49.4,2.250
49.4,2.250
49.4,2.250
49.4,2.250
49.4,2.250
49.4,2.250
49.4,2.250
49.4,2.250
49.4,2.250
49.4,2.250
49.4,2.250
49.4,2.250
49.4,2.255
49.4,2.255
49.4,2.255
49.4,2.255
49.4,2.255
49.4,2.255
49.4,2.255
49.4,2.255
49.4,2.255
49.4,2.255
49.4,2.255
49.4,2.255
49.4,2.255
49.4,2.255
49.4,2.255
49.4,2.255
49.4,2.255
49.4,2.255
49.4,2.255
49.4,2.260
49.4,2.260
49.4,2.260
49.4,2.260
49.4,2.260
49.4,2.260
49.4,2.260
49.4,2.260
49.4,2.260
49.4,2.260
49.4,2.260
49.4,2.260
49.4,2.260
49.4,2.260
49.4,2.260
49.4,2.260
49.4,2.260
49.4,2.260
49.4,2.260
49.4,2.260
49.4,2.260
49.4,2.265
49.4,2.265
49.4,2.265
49.4,2.265
49.4,2.265
49.4,2.265
49.4,2.265
49.4,2.265
49.4,2.265
49.4,2.265
49.4,2.265
49.4,2.265
49.4,2.265
49.4,2.265
49.4,2.265
49.4,2.265
49.4,2.265
49.4,2.265
49.4,2.265
49.4,2.265
49.4,2.270
49.4,2.270
49.4,2.270
49.4,2.270
49.4,2.270
49.4,2.270
49.5,2.270
49.5,2.270
49.5,2.270
49.5,2.270
49.5,2.270
49.5,2.270
49.5,2.270
49.5,2.270
49.5,2.270
49.5,2.270
49.4,2.270
49.4,2.270
49.4,2.270
49.4,2.270
49.4,2.270
49.4,2.275
49.5,2.275
49.5,2.275
49.6,2.275
49.6,2.275
49.6,2.275
49.6,2.275
49.6,2.275
49.6,2.275
49.6,2.275
49.5,2.275
49.5,2.275
49.5,2.275
49.5,2.275
49.4,2.275
49.4,2.275
49.4,2.275
49.4,2.275
49.4,2.275
49.4,2.275
49.4,2.275
49.6,2.275
49.6,2.275
49.6,2.280
49.6,2.280
49.6,2.280
49.6,2.280
49.6,2.280
49.6,2.280
49.6,2.280
49.6,2.280
49.6,2.280
49.5,2.280
49.5,2.280
49.5,2.280
49.5,2.280
49.5,2.280
49.5,2.280
49.5,2.280
49.5,2.280
49.5,2.280
49.5,2.280
49.5,2.280
49.5,2.280
49.6,2.280
49.6,2.280
49.6,2.285
49.6,2.285
49.6,2.285
49.5,2.285
49.5,2.285
49.5,2.285
49.5,2.285
49.5,2.285
49.5,2.285
49.5,2.285
49.5,2.285
49.5,2.285
49.5,2.285
49.5,2.285
49.6,2.285
49.6,2.285
49.6,2.285
49.6,2.285
49.6,2.285
49.6,2.285
49.6,2.285
49.6,2.285
49.6,2.285
49.6,2.285
49.6,2.290
49.6,2.290
49.6,2.290
49.6,2.290
49.6,2.290
49.5,2.290
49.5,2.290
49.5,2.290
49.5,2.290
49.5,2.290
49.5,2.290
49.6,2.290
49.6,2.290
49.6,2.290
49.6,2.290
49.6,2.290
49.6,2.290
49.6,2.290
49.6,2.290
49.6,2.290
49.6,2.290
49.6,2.290
49.6,2.295
49.6,2.295
49.6,2.295
49.6,2.295
49.6,2.295
49.6,2.295
49.6,2.295
49.6,2.295
49.6,2.295
49.6,2.295
49.6,2.295
49.6,2.295
49.7,2.295
49.7,2.295
49.7,2.295
49.7,2.295
49.7,2.295
49.7,2.295
49.6,2.295
49.7,2.295
49.7,2.295
49.6,2.295
49.6,2.295
49.6,2.300
49.6,2.300
49.6,2.300
49.6,2.300
49.6,2.300
49.7,2.300
49.7,2.300
49.7,2.300
49.7,2.300
49.7,2.300
49.7,2.300
49.7,2.300
49.7,2.300
49.7,2.300
49.7,2.300
49.7,2.300
49.7,2.300
49.7,2.300
49.7,2.300
49.7,2.300
49.6,2.300
49.6,2.300
49.6,2.300
49.6,2.305
49.6,2.305
49.7,2.305
49.7,2.305
49.8,2.305
49.8,2.305
49.8,2.305
49.8,2.305
49.8,2.305
49.8,2.305
49.8,2.305
49.8,2.305
49.7,2.305
49.7,2.305
49.6,2.305
49.6,2.305
49.6,2.305
49.6,2.305
49.6,2.305
49.6,2.305
49.6,2.310
49.6,2.310
49.7,2.310
49.7,2.310
49.7,2.310
49.7,2.310
49.7,2.310
49.7,2.310
49.7,2.310
49.7,2.310
49.7,2.310
49.8,2.310
49.8,2.310
49.8,2.310
49.8,2.310
49.8,2.310
49.8,2.310
49.8,2.310
49.7,2.310
49.7,2.310
49.7,2.315
49.7,2.315
49.7,2.315
49.7,2.315
49.7,2.315
49.7,2.315
49.7,2.315
49.7,2.315
49.8,2.315
49.8,2.315
49.8,2.315
49.8,2.315
49.8,2.315
49.8,2.315
49.8,2.315
49.8,2.315
49.8,2.315
49.8,2.315
49.8,2.315
49.8,2.315
49.8,2.320
49.8,2.320
49.8,2.320
49.9,2.320
49.9,2.320
49.9,2.320
49.9,2.320
49.9,2.320
49.9,2.320
49.9,2.320
49.9,2.320
49.9,2.320
49.9,2.320
49.9,2.320
49.9,2.320
49.9,2.320
49.9,2.320
49.9,2.320
49.9,2.320
49.9,2.320
49.9,2.325
49.9,2.325
49.9,2.325
49.9,2.325
49.9,2.325
49.8,2.325
49.8,2.325
49.8,2.325
49.8,2.325
49.8,2.325
49.8,2.325
49.8,2.325
49.8,2.325
49.8,2.325
49.8,2.325
49.8,2.325
49.8,2.325
49.8,2.325
49.8,2.330
49.8,2.330
49.8,2.330
49.8,2.330
49.8,2.330
49.8,2.330
49.8,2.330
49.8,2.330
49.8,2.330
49.8,2.330
49.8,2.330
49.8,2.330
49.8,2.330
49.8,2.330
49.8,2.330
49.8,2.330
49.8,2.330
49.8,2.330
49.9,2.330
49.9,2.335
49.9,2.335
49.9,2.335
49.9,2.335
49.9,2.335
49.9,2.335
49.9,2.335
49.9,2.335
49.9,2.335
49.9,2.335
49.9,2.335
49.9,2.335
49.9,2.335
49.9,2.335
49.9,2.335
49.9,2.335
49.9,2.335
49.9,2.335
49.9,2.335
49.9,2.340
49.9,2.340
49.9,2.340
49.9,2.340
49.9,2.340
49.9,2.340
49.9,2.340
49.9,2.340
49.9,2.340
49.9,2.340
49.9,2.340
49.9,2.340
49.9,2.340
49.9,2.340
49.9,2.340
49.9,2.340
50.0,2.340
50.0,2.340
50.0,2.340
50.0,2.345
50.0,2.345
50.0,2.345
50.0,2.345
50.0,2.345
50.0,2.345
50.0,2.345
50.0,2.345
50.0,2.345
50.0,2.345
50.0,2.345
50.0,2.345
50.0,2.345
50.0,2.345
50.0,2.345
50.1,2.345
50.1,2.345
50.1,2.345
50.1,2.350
50.1,2.350
50.1,2.350
50.1,2.350
50.1,2.350
50.1,2.350
50.1,2.350
50.1,2.350
50.1,2.350
50.1,2.350
50.0,2.350
50.0,2.350
50.0,2.350
50.0,2.350
50.0,2.350
50.0,2.350
50.0,2.355
50.1,2.355
50.1,2.355
50.1,2.355
50.1,2.355
50.1,2.355
50.1,2.355
50.1,2.355
50.1,2.355
50.1,2.355
50.1,2.355
50.1,2.355
50.1,2.355
50.1,2.355
50.1,2.355
50.1,2.355
50.1,2.355
50.1,2.360
50.1,2.360
50.1,2.360
50.1,2.360
50.1,2.360
50.1,2.360
50.1,2.360
50.1,2.360
50.1,2.360
50.1,2.360
50.1,2.360
50.1,2.360
50.1,2.360
50.1,2.360
50.1,2.360
50.1,2.360
50.1,2.365
50.1,2.365
50.1,2.365
50.1,2.365
50.1,2.365
50.1,2.365
50.1,2.365
50.1,2.365
50.1,2.365
50.1,2.365
50.1,2.365
50.1,2.365
50.2,2.365
50.2,2.365
50.2,2.365
50.2,2.370
50.2,2.370
50.2,2.370
50.2,2.370
50.2,2.370
50.2,2.370
50.2,2.370
50.2,2.370
50.2,2.370
50.2,2.370
50.2,2.370
50.2,2.370
50.2,2.370
50.2,2.375
50.2,2.375
50.2,2.375
50.3,2.375
50.3,2.375
50.3,2.375
50.2,2.375
50.2,2.375
50.2,2.375
50.2,2.375
50.2,2.375
50.2,2.375
50.2,2.375
50.2,2.375
50.2,2.375
50.2,2.380
50.2,2.380
50.2,2.380
50.2,2.380
50.2,2.380
50.2,2.380
50.2,2.380
50.3,2.380
50.3,2.380
50.3,2.380
50.3,2.380
50.3,2.380
50.3,2.380
50.3,2.380
50.3,2.385
50.3,2.385
50.3,2.385
50.3,2.385
50.3,2.385
50.3,2.385
50.2,2.385
50.2,2.385
50.2,2.385
50.2,2.385
50.2,2.385
50.2,2.385
50.2,2.385
50.2,2.385
50.2,2.390
50.3,2.390
50.3,2.390
50.4,2.390
50.4,2.390
50.4,2.390
50.4,2.390
50.4,2.390
50.4,2.390
50.4,2.390
50.4,2.390
50.3,2.390
50.4,2.390
50.4,2.395
50.4,2.395
50.4,2.395
50.4,2.395
50.3,2.395
50.3,2.395
50.3,2.395
50.3,2.395
50.3,2.395
50.3,2.395
50.4,2.395
50.4,2.395
50.4,2.395
50.4,2.395
50.4,2.395
50.4,2.400
50.4,2.400
50.4,2.400
50.4,2.400
50.4,2.400
50.4,2.400
50.3,2.400
50.3,2.400
50.3,2.400
50.3,2.400
50.3,2.400
50.3,2.400
50.3,2.400
50.3,2.400
50.4,2.405
50.4,2.405
50.4,2.405
50.4,2.405
50.5,2.405
50.5,2.405
50.5,2.405
50.4,2.405
50.4,2.405
50.4,2.405
50.3,2.405
50.3,2.405
50.3,2.405
50.3,2.405
50.3,2.410
50.3,2.410
50.3,2.410
50.3,2.410
50.3,2.410
50.3,2.410
50.3,2.410
50.3,2.410
50.3,2.410
50.4,2.410
50.4,2.410
50.4,2.410
50.4,2.410
50.4,2.410
50.4,2.410
50.4,2.415
50.4,2.415
50.4,2.415
50.4,2.415
50.4,2.415
50.4,2.415
50.4,2.415
50.4,2.415
50.4,2.415
50.4,2.415
50.4,2.415
50.4,2.415
50.4,2.415
50.4,2.415
50.4,2.415
50.4,2.420
50.5,2.420
50.5,2.420
50.5,2.420
50.5,2.420
50.5,2.420
50.5,2.420
50.5,2.420
50.5,2.420
50.5,2.420
50.5,2.420
50.5,2.420
50.5,2.420
50.5,2.420
50.5,2.420
50.5,2.420
50.5,2.425
50.5,2.425
50.5,2.425
50.5,2.425
50.5,2.425
50.5,2.425
50.5,2.425
50.5,2.425
50.5,2.425
50.5,2.425
50.5,2.425
50.5,2.425
50.5,2.425
50.5,2.425
50.5,2.425
50.5,2.430
50.5,2.430
50.5,2.430
50.5,2.430
50.5,2.430
50.5,2.430
50.5,2.430
50.5,2.430
50.5,2.430
50.5,2.430
50.5,2.430
50.5,2.430
50.5,2.430
50.5,2.430
50.5,2.430
50.5,2.435
50.5,2.435
50.5,2.435
50.5,2.435
50.5,2.435
50.5,2.435
50.5,2.435
50.6,2.435
50.6,2.435
50.6,2.435
50.6,2.435
50.6,2.435
50.6,2.435
50.6,2.435
50.6,2.435
50.6,2.435
50.6,2.435
50.6,2.440
50.6,2.440
50.6,2.440
50.6,2.440
50.6,2.440
50.6,2.440
50.6,2.440
50.6,2.440
50.6,2.440
50.6,2.440
50.6,2.440
50.6,2.440
50.6,2.440
50.6,2.440
50.6,2.440
50.5,2.440
50.6,2.445
50.6,2.445
50.5,2.445
50.5,2.445
50.5,2.445
50.6,2.445
50.7,2.445
50.7,2.445
50.7,2.445
50.7,2.445
50.7,2.445
50.7,2.445
50.7,2.445
50.7,2.445
50.7,2.445
50.6,2.445
50.6,2.445
50.6,2.450
50.6,2.450
50.6,2.450
50.6,2.450
50.6,2.450
50.6,2.450
50.7,2.450
50.6,2.450
50.7,2.450
50.7,2.450
50.7,2.450
50.7,2.450
50.7,2.450
50.7,2.450
50.7,2.450
50.7,2.450
50.7,2.455
50.7,2.455
50.7,2.455
50.7,2.455
50.7,2.455
50.7,2.455
50.7,2.455
50.7,2.455
50.6,2.455
50.6,2.455
50.6,2.455
50.6,2.455
50.7,2.455
50.7,2.455
50.8,2.455
50.8,2.455
50.8,2.455
50.8,2.460
50.8,2.460
50.8,2.460
50.8,2.460
50.8,2.460
50.8,2.460
50.7,2.460
50.7,2.460
50.7,2.460
50.7,2.460
50.7,2.460
50.7,2.460
50.7,2.460
50.7,2.460
50.7,2.460
50.7,2.460
50.8,2.460
50.8,2.460
50.8,2.465
50.8,2.465
50.8,2.465
50.8,2.465
50.8,2.465
50.8,2.465
50.8,2.465
50.8,2.465
50.8,2.465
50.7,2.465
50.7,2.465
50.7,2.465
50.7,2.465
50.7,2.465
50.7,2.465
50.7,2.465
50.8,2.465
50.8,2.470
50.8,2.470
50.9,2.470
50.9,2.470
50.9,2.470
50.9,2.470
50.9,2.470
50.9,2.470
50.9,2.470
50.9,2.470
50.9,2.470
50.8,2.470
50.8,2.470
50.8,2.470
50.7,2.470
50.8,2.470
50.8,2.470
50.8,2.470
50.7,2.475
50.8,2.475
50.8,2.475
50.9,2.475
50.9,2.475
50.9,2.475
50.9,2.475
51.0,2.475
50.9,2.475
50.9,2.475
50.9,2.475
50.9,2.475
50.9,2.475
50.8,2.475
50.8,2.475
50.8,2.475
50.8,2.475
50.8,2.475
50.8,2.475
50.8,2.480
50.8,2.480
50.8,2.480
50.9,2.480
50.9,2.480
51.0,2.480
51.0,2.480
51.0,2.480
51.0,2.480
51.0,2.480
50.9,2.480
50.9,2.480
50.9,2.480
50.9,2.480
50.9,2.480
50.8,2.480
50.9,2.480
50.9,2.480
50.9,2.480
50.9,2.480
50.9,2.485
50.8,2.485
50.8,2.485
50.8,2.485
50.8,2.485
50.8,2.485
50.9,2.485
50.9,2.485
51.0,2.485
51.0,2.485
51.0,2.485
51.0,2.485
51.0,2.485
51.0,2.485
51.0,2.485
50.9,2.485
50.8,2.485
50.8,2.485
50.8,2.490
50.8,2.490
50.8,2.490
50.8,2.490
50.9,2.490
51.0,2.490
51.0,2.490
51.0,2.490
51.0,2.490
51.0,2.490
51.0,2.490
51.0,2.490
51.0,2.490
51.0,2.490
51.0,2.490
51.0,2.490
51.0,2.490
51.0,2.490
51.0,2.490
50.9,2.490
50.9,2.490
50.9,2.495
50.9,2.495
50.9,2.495
50.9,2.495
50.9,2.495
50.9,2.495
50.9,2.495
51.0,2.495
51.0,2.495
51.0,2.495
51.0,2.495
51.0,2.495
51.0,2.495
51.0,2.495
51.0,2.495
51.0,2.495
51.0,2.495
51.0,2.495
51.0,2.495
51.0,2.495
51.0,2.500
51.0,2.500
51.0,2.500
51.0,2.500
51.0,2.500
51.0,2.500
51.0,2.500
51.0,2.500
51.0,2.500
51.0,2.500
51.0,2.500
51.0,2.500
51.0,2.500
51.0,2.500
51.0,2.500
51.0,2.500
51.0,2.500
50.9,2.500
50.9,2.500
50.9,2.500
50.9,2.500
50.9,2.505
51.1,2.505
51.1,2.505
51.1,2.505
51.1,2.505
51.1,2.505
51.1,2.505
51.1,2.505
51.1,2.505
51.0,2.505
51.0,2.505
51.0,2.505
51.0,2.505
51.0,2.505
51.0,2.505
51.0,2.505
51.0,2.505
51.1,2.505
51.1,2.505
51.1,2.510
51.1,2.510
51.1,2.510
51.1,2.510
51.1,2.510
51.1,2.510
51.1,2.510
51.1,2.510
51.1,2.510
51.1,2.510
51.1,2.510
51.0,2.510
51.0,2.510
51.0,2.510
51.0,2.510
51.0,2.510
51.0,2.510
51.0,2.510
51.0,2.510
51.0,2.510
51.0,2.515
51.0,2.515
51.0,2.515
51.0,2.515
51.1,2.515
51.1,2.515
51.1,2.515
51.1,2.515
51.1,2.515
51.1,2.515
51.1,2.515
51.1,2.515
51.1,2.515
51.1,2.515
51.1,2.515
51.1,2.515
51.1,2.515
51.1,2.515
51.1,2.515
51.1,2.515
51.1,2.515
51.1,2.520
51.1,2.520
51.1,2.520
51.2,2.520
51.2,2.520
51.2,2.520
51.2,2.520
51.2,2.520
51.2,2.520
51.2,2.520
51.2,2.520
51.2,2.520
51.2,2.520
51.1,2.520
51.1,2.520
51.1,2.520
51.1,2.520
51.1,2.520
51.1,2.520
51.1,2.520
51.1,2.520
51.1,2.525
51.2,2.525
51.2,2.525
51.2,2.525
51.3,2.525
51.2,2.525
51.2,2.525
51.2,2.525
51.2,2.525
51.2,2.525
51.2,2.525
51.2,2.525
51.2,2.525
51.2,2.525
51.2,2.525
51.2,2.525
51.2,2.525
51.2,2.525
51.2,2.525
51.2,2.525
51.3,2.530
51.3,2.530
51.3,2.530
51.3,2.530
51.3,2.530
51.3,2.530
51.3,2.530
51.3,2.530
51.2,2.530
51.2,2.530
51.2,2.530
51.2,2.530
51.2,2.530
51.2,2.530
51.2,2.530
51.2,2.530
51.2,2.530
51.2,2.530
51.3,2.535
51.3,2.535
51.3,2.535
51.3,2.535
51.3,2.535
51.3,2.535
51.3,2.535
51.3,2.535
51.3,2.535
51.3,2.535
51.3,2.535
51.2,2.535
51.2,2.535
51.2,2.535
51.2,2.535
51.2,2.535
51.2,2.535
51.2,2.535
51.2,2.535
51.2,2.535
51.2,2.540
51.2,2.540
51.2,2.540
51.3,2.540
51.3,2.540
51.3,2.540
51.3,2.540
51.3,2.540
51.3,2.540
51.3,2.540
51.3,2.540
51.3,2.540
51.2,2.540
51.2,2.540
51.2,2.540
51.2,2.540
51.2,2.540
51.2,2.540
51.2,2.540
51.2,2.540
51.2,2.545
51.3,2.545
51.3,2.545
51.3,2.545
51.3,2.545
51.3,2.545
51.3,2.545
51.3,2.545
51.3,2.545
51.3,2.545
51.3,2.545
51.3,2.545
51.3,2.545
51.3,2.545
51.3,2.545
51.3,2.545
51.3,2.545
51.3,2.545
51.3,2.545
51.3,2.550
51.3,2.550
51.3,2.550
51.3,2.550
51.4,2.550
51.4,2.550
51.4,2.550
51.4,2.550
51.4,2.550
51.4,2.550
51.4,2.550
51.4,2.550
51.4,2.550
51.4,2.550
51.3,2.550
51.3,2.550
51.3,2.550
51.3,2.550
51.3,2.550
51.3,2.555
51.3,2.555
51.4,2.555
51.4,2.555
51.5,2.555
51.5,2.555
51.4,2.555
51.4,2.555
51.4,2.555
51.4,2.555
51.4,2.555
51.3,2.555
51.3,2.555
51.3,2.555
51.3,2.555
51.3,2.555
51.3,2.555
51.3,2.555
51.3,2.555
51.4,2.555
51.4,2.555
51.5,2.560
51.5,2.560
51.5,2.560
51.5,2.560
51.5,2.560
51.5,2.560
51.5,2.560
51.5,2.560
51.5,2.560
51.5,2.560
51.4,2.560
51.4,2.560
51.4,2.560
51.4,2.560
51.4,2.560
51.4,2.560
51.4,2.560
51.4,2.560
51.4,2.560
51.4,2.560
51.5,2.565
51.5,2.565
51.5,2.565
51.6,2.565
51.6,2.565
51.5,2.565
51.5,2.565
51.5,2.565
51.5,2.565
51.4,2.565
51.4,2.565
51.4,2.565
51.4,2.565
51.4,2.565
51.4,2.565
51.4,2.565
51.4,2.565
51.5,2.565
51.5,2.565
51.6,2.570
51.6,2.570
51.6,2.570
51.6,2.570
51.6,2.570
51.6,2.570
51.6,2.570
51.6,2.570
51.6,2.570
51.6,2.570
51.6,2.570
51.6,2.570
51.5,2.570
51.5,2.570
51.5,2.570
51.5,2.570
51.5,2.570
51.5,2.570
51.5,2.570
51.5,2.575
51.6,2.575
51.6,2.575
51.6,2.575
51.7,2.575
51.6,2.575
51.6,2.575
51.6,2.575
51.6,2.575
51.6,2.575
51.6,2.575
51.6,2.575
51.6,2.575
51.6,2.575
51.6,2.575
51.6,2.575
51.6,2.575
51.6,2.575
51.5,2.575
51.5,2.580
51.5,2.580
51.5,2.580
51.5,2.580
51.7,2.580
51.7,2.580
51.7,2.580
51.7,2.580
51.7,2.580
51.7,2.580
51.7,2.580
51.7,2.580
51.7,2.580
51.6,2.580
51.6,2.580
51.6,2.580
51.6,2.580
51.6,2.580
51.6,2.580
51.6,2.585
51.6,2.585
51.6,2.585
51.6,2.585
51.7,2.585
51.7,2.585
51.7,2.585
51.7,2.585
51.7,2.585
51.7,2.585
51.7,2.585
51.7,2.585
51.7,2.585
51.7,2.585
51.7,2.585
51.7,2.585
51.7,2.585
51.7,2.585
51.7,2.590
51.7,2.590
51.7,2.590
51.7,2.590
51.7,2.590
51.7,2.590
51.7,2.590
51.7,2.590
51.7,2.590
51.7,2.590
51.7,2.590
51.7,2.590
51.7,2.590
51.7,2.590
51.7,2.590
51.7,2.590
51.7,2.590
51.7,2.595
51.7,2.595
51.7,2.595
51.7,2.595
51.7,2.595
51.7,2.595
51.7,2.595
51.7,2.595
51.7,2.595
51.7,2.595
51.7,2.595
51.7,2.595
51.7,2.595
51.7,2.595
51.7,2.595
51.7,2.595
51.7,2.595
51.7,2.595
51.7,2.595
51.7,2.600
51.7,2.600
51.7,2.600
51.7,2.600
51.7,2.600
51.7,2.600
51.7,2.600
51.7,2.600
51.7,2.600
51.8,2.600
51.8,2.600
51.8,2.600
51.9,2.600
51.9,2.600
51.8,2.600
51.8,2.600
51.8,2.600
51.8,2.600
51.8,2.600
51.8,2.605
51.8,2.605
51.8,2.605
51.8,2.605
51.8,2.605
51.8,2.605
51.8,2.605
51.8,2.605
51.8,2.605
51.8,2.605
51.8,2.605
51.8,2.605
51.8,2.605
51.8,2.605
51.8,2.605
51.8,2.605
51.8,2.605
51.8,2.605
51.8,2.605
51.8,2.610
51.8,2.610
51.8,2.610
51.8,2.610
51.8,2.610
51.8,2.610
51.8,2.610
51.8,2.610
51.8,2.610
51.8,2.610
51.8,2.610
51.8,2.610
51.8,2.610
51.8,2.610
51.8,2.610
51.8,2.610
51.8,2.610
51.8,2.610
51.8,2.615
51.8,2.615
51.8,2.615
51.8,2.615
51.8,2.615
51.8,2.615
51.8,2.615
51.8,2.615
51.8,2.615
51.8,2.615
51.8,2.615
51.8,2.615
51.8,2.615
51.8,2.615
51.9,2.615
51.9,2.615
51.9,2.615
51.9,2.615
51.9,2.615
51.9,2.615
51.9,2.620
51.9,2.620
51.9,2.620
51.9,2.620
51.9,2.620
51.9,2.620
51.8,2.620
51.8,2.620
51.8,2.620
51.8,2.620
51.8,2.620
51.8,2.620
51.8,2.620
51.9,2.620
51.9,2.620
51.9,2.620
51.9,2.620
51.9,2.620
51.9,2.620
51.9,2.625
51.9,2.625
51.9,2.625
51.9,2.625
51.9,2.625
51.9,2.625
51.9,2.625
51.9,2.625
51.9,2.625
51.9,2.625
51.9,2.625
51.9,2.625
51.9,2.625
51.9,2.625
51.9,2.625
51.9,2.625
51.9,2.625
51.9,2.625
51.9,2.625
51.9,2.630
51.9,2.630
51.9,2.630
51.9,2.630
51.9,2.630
51.9,2.630
51.9,2.630
51.9,2.630
51.9,2.630
51.9,2.630
51.9,2.630
51.9,2.630
51.9,2.630
51.9,2.630
51.9,2.630
51.9,2.630
51.9,2.630
51.9,2.630
51.9,2.630
51.9,2.635
51.9,2.635
51.9,2.635
51.9,2.635
51.9,2.635
51.9,2.635
51.9,2.635
51.9,2.635
51.9,2.635
51.9,2.635
51.9,2.635
51.9,2.635
52.0,2.635
52.0,2.635
52.0,2.635
52.0,2.635
52.0,2.635
52.0,2.635
52.0,2.635
52.0,2.640
52.0,2.640
52.0,2.640
52.0,2.640
52.0,2.640
52.0,2.640
52.0,2.640
52.0,2.640
52.0,2.640
52.0,2.640
52.0,2.640
52.0,2.640
52.0,2.640
52.0,2.640
52.0,2.640
52.0,2.640
52.0,2.640
52.0,2.640
52.0,2.640
52.0,2.640
52.0,2.645
52.0,2.645
52.0,2.645
52.0,2.645
52.0,2.645
52.0,2.645
52.0,2.645
51.9,2.645
51.9,2.645
51.9,2.645
51.9,2.645
51.9,2.645
51.9,2.645
52.0,2.645
52.0,2.645
52.0,2.645
52.0,2.645
52.0,2.645
52.0,2.650
52.0,2.650
52.0,2.650
52.0,2.650
52.0,2.650
52.0,2.650
52.0,2.650
52.0,2.650
52.0,2.650
52.0,2.650
52.0,2.650
52.0,2.650
52.0,2.650
52.1,2.650
52.1,2.650
52.1,2.650
52.2,2.650
52.2,2.650
52.2,2.650
52.2,2.655
52.1,2.655
52.1,2.655
52.1,2.655
52.1,2.655
52.1,2.655
52.1,2.655
52.1,2.655
52.1,2.655
52.1,2.655
52.1,2.655
52.0,2.655
52.0,2.655
52.0,2.655
52.0,2.655
52.0,2.655
52.0,2.655
52.1,2.655
52.2,2.655
52.1,2.655
52.1,2.660
52.1,2.660
52.1,2.660
52.1,2.660
52.1,2.660
52.1,2.660
52.1,2.660
52.1,2.660
52.1,2.660
52.1,2.660
52.1,2.660
52.1,2.660
52.1,2.660
52.1,2.660
52.2,2.660
52.2,2.660
52.2,2.660
52.2,2.660
52.2,2.660
52.2,2.660
52.2,2.660
52.2,2.665
52.2,2.665
52.1,2.665
52.1,2.665
52.1,2.665
52.1,2.665
52.1,2.665
52.1,2.665
52.1,2.665
52.1,2.665
52.1,2.665
52.1,2.665
52.1,2.665
52.1,2.665
52.1,2.665
52.1,2.665
52.1,2.665
52.2,2.665
52.2,2.665
52.2,2.665
52.2,2.670
52.2,2.670
52.2,2.670
52.2,2.670
52.2,2.670
52.2,2.670
52.2,2.670
52.2,2.670
52.2,2.670
52.2,2.670
52.2,2.670
52.2,2.670
52.2,2.670
52.2,2.670
52.2,2.670
52.2,2.670
52.2,2.670
52.2,2.670
52.2,2.670
52.2,2.670
52.2,2.675
52.2,2.675
52.2,2.675
52.2,2.675
52.2,2.675
52.2,2.675
52.2,2.675
52.2,2.675
52.2,2.675
52.2,2.675
52.2,2.675
52.2,2.675
52.2,2.675
52.2,2.675
52.2,2.675
52.2,2.675
52.2,2.675
52.3,2.675
52.3,2.675
52.3,2.675
52.3,2.675
52.3,2.680
52.3,2.680
52.3,2.680
52.3,2.680
52.3,2.680
52.3,2.680
52.3,2.680
52.3,2.680
52.3,2.680
52.3,2.680
52.3,2.680
52.3,2.680
52.3,2.680
52.3,2.680
52.3,2.680
52.3,2.680
52.3,2.680
52.3,2.680
52.3,2.680
52.3,2.680
52.3,2.680
52.3,2.685
52.3,2.685
52.3,2.685
52.3,2.685
52.3,2.685
52.3,2.685
52.3,2.685
52.3,2.685
52.3,2.685
52.3,2.685
52.3,2.685
52.3,2.685
52.3,2.685
52.3,2.685
52.3,2.685
52.3,2.685
52.3,2.685
52.3,2.685
52.3,2.685
52.3,2.685
52.3,2.685
52.3,2.690
52.3,2.690
52.3,2.690
52.3,2.690
52.3,2.690
52.3,2.690
52.3,2.690
52.3,2.690
52.3,2.690
52.3,2.690
52.3,2.690
52.3,2.690
52.4,2.690
52.4,2.690
52.4,2.690
52.4,2.690
52.4,2.690
52.4,2.690
52.4,2.690
52.4,2.695
52.4,2.695
52.4,2.695
52.4,2.695
52.4,2.695
52.4,2.695
52.4,2.695
52.4,2.695
52.4,2.695
52.4,2.695
52.4,2.695
52.4,2.695
52.4,2.695
52.4,2.695
52.4,2.695
52.4,2.695
52.4,2.695
52.4,2.695
52.4,2.695
52.4,2.695
52.4,2.695
52.4,2.695
52.4,2.700
52.4,2.700
52.4,2.700
52.4,2.700
52.4,2.700
52.4,2.700
52.4,2.700
52.4,2.700
52.4,2.700
52.4,2.700
52.4,2.700
52.4,2.700
52.4,2.700
52.4,2.700
52.4,2.700
52.4,2.700
52.5,2.700
52.5,2.700
52.5,2.700
52.5,2.700
52.5,2.700
52.5,2.700
52.5,2.705
52.5,2.705
52.5,2.705
52.5,2.705
52.5,2.705
52.5,2.705
52.5,2.705
52.5,2.705
52.5,2.705
52.5,2.705
52.4,2.705
52.4,2.705
52.4,2.705
52.4,2.705
52.5,2.705
52.5,2.705
52.5,2.705
52.5,2.705
52.5,2.705
52.5,2.705
52.5,2.710
52.5,2.710
52.5,2.710
52.5,2.710
52.5,2.710
52.5,2.710
52.5,2.710
52.5,2.710
52.5,2.710
52.5,2.710
52.5,2.710
52.5,2.710
52.5,2.710
52.5,2.710
52.5,2.710
52.5,2.710
52.6,2.710
52.6,2.710
52.6,2.710
52.6,2.710
52.6,2.710
52.6,2.715
52.6,2.715
52.6,2.715
52.6,2.715
52.6,2.715
52.6,2.715
52.6,2.715
52.6,2.715
52.5,2.715
52.5,2.715
52.5,2.715
52.5,2.715
52.5,2.715
52.5,2.715
52.5,2.715
52.5,2.715
52.6,2.715
52.6,2.715
52.6,2.715
52.7,2.715
52.6,2.715
52.6,2.715
52.6,2.720
52.6,2.720
52.6,2.720
52.6,2.720
52.6,2.720
52.5,2.720
52.5,2.720
52.5,2.720
52.5,2.720
52.5,2.720
52.5,2.720
52.5,2.720
52.6,2.720
52.6,2.720
52.6,2.720
52.6,2.720
52.7,2.720
52.7,2.720
52.7,2.720
52.7,2.720
52.7,2.720
52.7,2.720
52.7,2.725
52.7,2.725
52.6,2.725
52.6,2.725
52.5,2.725
52.5,2.725
52.6,2.725
52.6,2.725
52.6,2.725
52.6,2.725
52.6,2.725
52.7,2.725
52.7,2.725
52.7,2.725
52.7,2.725
52.7,2.725
52.7,2.725
52.7,2.725
52.7,2.725
52.7,2.730
52.7,2.730
52.7,2.730
52.6,2.730
52.6,2.730
52.6,2.730
52.6,2.730
52.6,2.730
52.6,2.730
52.6,2.730
52.6,2.730
52.6,2.730
52.7,2.730
52.8,2.730
52.8,2.730
52.8,2.730
52.7,2.730
52.7,2.730
52.7,2.730
52.7,2.730
52.7,2.730
52.7,2.735
52.7,2.735
52.7,2.735
52.7,2.735
52.7,2.735
52.7,2.735
52.7,2.735
52.7,2.735
52.7,2.735
52.7,2.735
52.7,2.735
52.7,2.735
52.7,2.735
52.7,2.735
52.7,2.735
52.7,2.735
52.7,2.735
52.7,2.735
52.7,2.735
52.7,2.735
52.7,2.735
52.7,2.740
52.7,2.740
52.7,2.740
52.7,2.740
52.7,2.740
52.7,2.740
52.7,2.740
52.7,2.740
52.7,2.740
52.7,2.740
52.7,2.740
52.7,2.740
52.7,2.740
52.7,2.740
52.7,2.740
52.7,2.740
52.8,2.740
52.8,2.740
52.8,2.740
52.8,2.740
52.8,2.740
52.8,2.740
52.8,2.745
52.8,2.745
52.8,2.745
52.7,2.745
52.7,2.745
52.7,2.745
52.7,2.745
52.7,2.745
52.7,2.745
52.7,2.745
52.8,2.745
52.8,2.745
52.8,2.745
52.8,2.745
52.8,2.745
52.8,2.745
52.8,2.745
52.8,2.745
52.8,2.745
52.7,2.745
52.7,2.750
52.7,2.750
52.7,2.750
52.7,2.750
52.7,2.750
52.7,2.750
52.7,2.750
52.7,2.750
52.7,2.750
52.8,2.750
52.9,2.750
52.9,2.750
52.9,2.750
52.9,2.750
52.9,2.750
52.9,2.750
52.9,2.750
52.9,2.750
52.9,2.750
52.9,2.755
52.9,2.755
52.9,2.755
52.8,2.755
52.8,2.755
52.8,2.755
52.8,2.755
52.8,2.755
52.8,2.755
52.9,2.755
52.9,2.755
52.9,2.755
52.9,2.755
52.9,2.755
52.9,2.755
52.9,2.755
52.9,2.755
52.9,2.755
52.9,2.755
52.9,2.755
52.9,2.760
52.9,2.760
52.8,2.760
52.8,2.760
52.8,2.760
52.8,2.760
52.8,2.760
52.8,2.760
52.8,2.760
52.8,2.760
52.9,2.760
52.9,2.760
52.9,2.760
52.9,2.760
52.9,2.760
52.9,2.760
52.9,2.760
52.9,2.760
52.9,2.760
52.9,2.760
52.9,2.765
52.9,2.765
52.9,2.765
52.9,2.765
52.9,2.765
52.9,2.765
52.9,2.765
52.9,2.765
52.9,2.765
52.9,2.765
52.9,2.765
52.9,2.765
52.9,2.765
52.9,2.765
52.9,2.765
52.9,2.765
53.0,2.765
53.0,2.765
53.0,2.765
53.0,2.770
53.0,2.770
53.0,2.770
53.0,2.770
53.0,2.770
53.0,2.770
53.0,2.770
53.0,2.770
52.9,2.770
52.9,2.770
52.9,2.770
52.9,2.770
52.9,2.770
52.9,2.770
53.0,2.770
53.0,2.770
53.0,2.770
53.0,2.770
53.0,2.775
53.0,2.775
53.0,2.775
53.0,2.775
53.0,2.775
53.0,2.775
53.0,2.775
53.0,2.775
53.0,2.775
53.0,2.775
53.0,2.775
53.0,2.775
53.0,2.775
53.0,2.775
53.0,2.775
53.0,2.775
53.0,2.775
53.0,2.775
53.0,2.775
53.0,2.780
53.0,2.780
53.0,2.780
53.0,2.780
53.0,2.780
53.0,2.780
53.0,2.780
53.0,2.780
53.0,2.780
53.0,2.780
53.0,2.780
53.0,2.780
53.0,2.780
53.0,2.780
53.0,2.780
53.0,2.780
53.0,2.780
53.0,2.780
53.0,2.780
53.0,2.785
53.0,2.785
53.0,2.785
53.0,2.785
53.0,2.785
53.0,2.785
53.0,2.785
53.0,2.785
53.0,2.785
53.0,2.785
53.0,2.785
53.0,2.785
53.0,2.785
53.0,2.785
53.0,2.785
53.0,2.785
53.0,2.785
53.0,2.785
53.0,2.790
53.0,2.790
53.0,2.790
53.0,2.790
53.0,2.790
53.0,2.790
53.0,2.790
53.0,2.790
53.0,2.790
53.0,2.790
53.0,2.790
53.0,2.790
53.0,2.790
53.0,2.790
53.0,2.790
53.0,2.790
53.1,2.790
53.1,2.790
53.1,2.790
53.1,2.795
53.1,2.795
53.1,2.795
53.1,2.795
53.1,2.795
53.1,2.795
53.1,2.795
53.1,2.795
53.2,2.795
53.2,2.795
53.2,2.795
53.2,2.795
53.2,2.795
53.2,2.795
53.2,2.795
53.2,2.795
53.2,2.795
53.2,2.795
53.2,2.795
53.2,2.795
53.2,2.800
53.2,2.800
53.2,2.800
53.2,2.800
53.2,2.800
53.2,2.800
53.2,2.800
53.2,2.800
53.2,2.800
53.2,2.800
53.2,2.800
53.2,2.800
53.2,2.800
53.3,2.800
53.3,2.800
53.3,2.800
53.3,2.800
53.3,2.800
53.3,2.800
53.3,2.800
53.3,2.805
53.3,2.805
53.2,2.805
53.2,2.805
53.2,2.805
53.2,2.805
53.2,2.805
53.2,2.805
53.2,2.805
53.2,2.805
53.2,2.805
53.2,2.805
53.2,2.805
53.2,2.805
53.2,2.805
53.2,2.805
53.2,2.805
53.2,2.805
53.2,2.810
53.2,2.810
53.2,2.810
53.2,2.810
53.2,2.810
53.2,2.810
53.2,2.810
53.2,2.810
53.2,2.810
53.2,2.810
53.2,2.810
53.2,2.810
53.2,2.810
53.3,2.810
53.3,2.810
53.3,2.810
53.3,2.810
53.3,2.810
53.3,2.810
53.3,2.810
53.3,2.810
53.3,2.815
53.3,2.815
53.2,2.815
53.2,2.815
53.2,2.815
53.2,2.815
53.2,2.815
53.2,2.815
53.2,2.815
53.2,2.815
53.2,2.815
53.2,2.815
53.2,2.815
53.2,2.815
53.2,2.815
53.2,2.815
53.2,2.815
53.2,2.815
53.2,2.815
53.2,2.820
53.2,2.820
53.2,2.820
53.2,2.820
53.2,2.820
53.2,2.820
53.2,2.820
53.2,2.820
53.2,2.820
53.2,2.820
53.2,2.820
53.3,2.820
53.3,2.820
53.3,2.820
53.3,2.820
53.3,2.820
53.3,2.820
53.3,2.820
53.3,2.820
53.3,2.820
53.3,2.825
53.3,2.825
53.3,2.825
53.3,2.825
53.3,2.825
53.3,2.825
53.3,2.825
53.3,2.825
53.3,2.825
53.3,2.825
53.3,2.825
53.3,2.825
53.3,2.825
53.4,2.825
53.4,2.825
53.4,2.825
53.4,2.825
53.4,2.825
53.4,2.825
53.4,2.830
53.4,2.830
53.4,2.830
53.4,2.830
53.3,2.830
53.3,2.830
53.3,2.830
53.3,2.830
53.3,2.830
53.3,2.830
53.3,2.830
53.3,2.830
53.3,2.830
53.3,2.830
53.3,2.830
53.3,2.830
53.3,2.830
53.3,2.830
53.3,2.835
53.3,2.835
53.4,2.835
53.4,2.835
53.4,2.835
53.4,2.835
53.4,2.835
53.4,2.835
53.4,2.835
53.4,2.835
53.4,2.835
53.4,2.835
53.4,2.835
53.4,2.835
53.3,2.835
53.3,2.835
53.3,2.835
53.3,2.835
53.3,2.835
53.4,2.835
53.4,2.840
53.4,2.840
53.4,2.840
53.4,2.840
53.4,2.840
53.4,2.840
53.4,2.840
53.3,2.840
53.3,2.840
53.3,2.840
53.3,2.840
53.3,2.840
53.3,2.840
53.3,2.840
53.3,2.840
53.3,2.840
53.4,2.840
53.4,2.840
53.5,2.840
53.5,2.845
53.5,2.845
53.5,2.845
53.5,2.845
53.5,2.845
53.5,2.845
53.5,2.845
53.5,2.845
53.4,2.845
53.3,2.845
53.3,2.845
53.3,2.845
53.3,2.845
53.3,2.845
53.3,2.845
53.3,2.845
53.5,2.845
53.5,2.845
53.5,2.845
53.5,2.850
53.5,2.850
53.5,2.850
53.5,2.850
53.5,2.850
53.5,2.850
53.4,2.850
53.4,2.850
53.4,2.850
53.4,2.850
53.4,2.850
53.4,2.850
53.4,2.850
53.4,2.850
53.4,2.850
53.4,2.850
53.4,2.850
53.4,2.855
53.4,2.855
53.4,2.855
53.5,2.855
53.5,2.855
53.5,2.855
53.5,2.855
53.5,2.855
53.5,2.855
53.5,2.855
53.5,2.855
53.5,2.855
53.4,2.855
53.4,2.855
53.4,2.855
53.4,2.855
53.4,2.855
53.4,2.855
53.4,2.855
53.4,2.860
53.5,2.860
53.5,2.860
53.5,2.860
53.5,2.860
53.5,2.860
53.5,2.860
53.5,2.860
53.5,2.860
53.5,2.860
53.5,2.860
53.5,2.860
53.5,2.860
53.5,2.860
53.5,2.860
53.5,2.860
53.5,2.860
53.5,2.860
53.5,2.860
53.5,2.865
53.5,2.865
53.5,2.865
53.5,2.865
53.5,2.865
53.5,2.865
53.5,2.865
53.5,2.865
53.5,2.865
53.5,2.865
53.5,2.865
53.5,2.865
53.5,2.865
53.5,2.865
53.5,2.865
53.5,2.865
53.5,2.865
53.5,2.870
53.5,2.870
53.5,2.870
53.5,2.870
53.5,2.870
53.5,2.870
53.5,2.870
53.5,2.870
53.5,2.870
53.5,2.870
53.5,2.870
53.5,2.870
53.5,2.870
53.5,2.870
53.5,2.870
53.5,2.870
53.5,2.870
53.5,2.870
53.5,2.875
53.5,2.875
53.5,2.875
53.5,2.875
53.5,2.875
53.5,2.875
53.5,2.875
53.5,2.875
53.5,2.875
53.5,2.875
53.6,2.875
53.6,2.875
53.6,2.875
53.6,2.875
53.6,2.875
53.6,2.875
53.5,2.875
53.5,2.875
53.5,2.875
53.5,2.880
53.5,2.880
53.5,2.880
53.5,2.880
53.5,2.880
53.6,2.880
53.6,2.880
53.6,2.880
53.6,2.880
53.6,2.880
53.6,2.880
53.6,2.880
53.6,2.880
53.6,2.880
53.6,2.880
53.6,2.880
53.6,2.880
53.6,2.880
53.6,2.880
53.6,2.880
53.6,2.885
53.6,2.885
53.6,2.885
53.6,2.885
53.6,2.885
53.6,2.885
53.6,2.885
53.6,2.885
53.6,2.885
53.6,2.885
53.6,2.885
53.5,2.885
53.6,2.885
53.6,2.885
53.6,2.885
53.5,2.885
53.5,2.885
53.5,2.885
53.5,2.890
53.6,2.890
53.7,2.890
53.7,2.890
53.7,2.890
53.7,2.890
53.7,2.890
53.7,2.890
53.7,2.890
53.7,2.890
53.6,2.890
53.6,2.890
53.6,2.890
53.6,2.890
53.6,2.890
53.6,2.890
53.6,2.890
53.6,2.890
53.6,2.890
53.7,2.895
53.7,2.895
53.8,2.895
53.8,2.895
53.8,2.895
53.8,2.895
53.8,2.895
53.8,2.895
53.8,2.895
53.8,2.895
53.8,2.895
53.7,2.895
53.7,2.895
53.6,2.895
53.6,2.895
53.6,2.895
53.6,2.895
53.6,2.895
53.6,2.895
53.6,2.900
53.7,2.900
53.8,2.900
53.8,2.900
53.8,2.900
53.8,2.900
53.8,2.900
53.8,2.900
53.8,2.900
53.8,2.900
53.8,2.900
53.8,2.900
53.8,2.900
53.8,2.900
53.7,2.900
53.7,2.900
53.7,2.900
53.7,2.900
53.7,2.900
53.7,2.900
53.7,2.905
53.7,2.905
53.7,2.905
53.7,2.905
53.7,2.905
53.7,2.905
53.7,2.905
53.7,2.905
53.7,2.905
53.7,2.905
53.7,2.905
53.7,2.905
53.7,2.905
53.7,2.905
53.7,2.905
53.7,2.905
53.7,2.905
53.7,2.910
53.7,2.910
53.7,2.910
53.7,2.910
53.8,2.910
53.8,2.910
53.8,2.910
53.8,2.910
53.8,2.910
53.9,2.910
53.9,2.910
53.9,2.910
53.9,2.910
53.9,2.910
53.9,2.910
53.9,2.910
53.8,2.910
53.8,2.915
53.7,2.915
53.7,2.915
53.7,2.915
53.7,2.915
53.7,2.915
53.7,2.915
53.7,2.915
53.7,2.915
53.7,2.915
53.7,2.915
53.8,2.915
53.8,2.915
53.8,2.915
53.8,2.915
53.9,2.915
53.9,2.915
53.9,2.920
53.9,2.920
53.9,2.920
53.9,2.920
53.9,2.920
53.8,2.920
53.8,2.920
53.7,2.920
53.7,2.920
53.7,2.920
53.8,2.920
53.8,2.920
53.8,2.920
53.9,2.920
53.9,2.920
54.0,2.920
54.0,2.925
54.0,2.925
53.9,2.925
53.9,2.925
53.9,2.925
53.9,2.925
53.9,2.925
53.9,2.925
53.8,2.925
53.8,2.925
53.8,2.925
53.8,2.925
53.8,2.925
53.8,2.925
53.8,2.925
53.8,2.925
53.8,2.930
53.8,2.930
53.8,2.930
53.9,2.930
53.9,2.930
54.0,2.930
54.0,2.930
53.9,2.930
53.9,2.930
53.9,2.930
53.9,2.930
53.9,2.930
53.9,2.930
53.9,2.935
53.9,2.935
53.9,2.935
53.9,2.935
53.9,2.935
53.9,2.935
53.9,2.935
53.9,2.935
53.9,2.935
53.9,2.935
53.9,2.935
53.9,2.935
53.9,2.935
53.9,2.935
53.9,2.935
53.9,2.940
53.9,2.940
53.9,2.940
53.9,2.940
53.9,2.940
53.9,2.940
53.9,2.940
53.9,2.940
53.9,2.940
53.9,2.940
53.8,2.940
53.8,2.940
53.8,2.940
53.9,2.940
53.9,2.940
54.0,2.945
54.0,2.945
54.0,2.945
54.0,2.945
54.0,2.945
54.0,2.945
54.0,2.945
54.0,2.945
54.0,2.945
54.0,2.945
53.9,2.945
54.0,2.945
53.9,2.945
53.9,2.945
53.9,2.950
53.9,2.950
53.9,2.950
53.9,2.950
53.9,2.950
53.9,2.950
53.9,2.950
54.0,2.950
54.0,2.950
54.0,2.950
54.0,2.950
54.0,2.950
54.0,2.950
54.0,2.950
54.0,2.955
54.0,2.955
54.0,2.955
54.0,2.955
54.0,2.955
54.0,2.955
54.0,2.955
54.0,2.955
54.0,2.955
54.0,2.955
54.0,2.955
54.0,2.955
54.0,2.955
54.0,2.955
54.0,2.960
54.0,2.960
54.0,2.960
54.0,2.960
54.0,2.960
54.0,2.960
54.0,2.960
54.0,2.960
54.0,2.960
54.0,2.960
54.0,2.960
54.0,2.960
54.0,2.960
54.0,2.960
54.0,2.960
54.1,2.965
54.1,2.965
54.1,2.965
54.1,2.965
54.1,2.965
54.1,2.965
54.1,2.965
54.0,2.965
54.0,2.965
54.0,2.965
54.0,2.965
54.0,2.965
54.0,2.965
54.0,2.965
54.0,2.970
54.0,2.970
54.0,2.970
54.1,2.970
54.1,2.970
54.2,2.970
54.2,2.970
54.2,2.970
54.2,2.970
54.2,2.970
54.2,2.970
54.2,2.970
54.2,2.970
54.2,2.970
54.1,2.975
54.1,2.975
54.1,2.975
54.1,2.975
54.1,2.975
54.1,2.975
54.1,2.975
54.1,2.975
54.1,2.975
54.1,2.975
54.2,2.975
54.1,2.975
54.1,2.975
54.1,2.975
54.1,2.975
54.1,2.980
54.1,2.980
54.1,2.980
54.1,2.980
54.1,2.980
54.1,2.980
54.1,2.980
54.1,2.980
54.1,2.980
54.1,2.980
54.1,2.980
54.1,2.980
54.1,2.980
54.2,2.980
54.2,2.980
54.2,2.985
54.2,2.985
54.2,2.985
54.2,2.985
54.2,2.985
54.2,2.985
54.2,2.985
54.1,2.985
54.1,2.985
54.1,2.985
54.1,2.985
54.1,2.985
54.1,2.985
54.1,2.985
54.1,2.985
54.1,2.990
54.1,2.990
54.1,2.990
54.1,2.990
54.1,2.990
54.2,2.990
54.2,2.990
54.2,2.990
54.3,2.990
54.3,2.990
54.3,2.990
54.3,2.990
54.3,2.990
54.3,2.990
54.3,2.995
54.3,2.995
54.3,2.995
54.3,2.995
54.3,2.995
54.2,2.995
54.2,2.995
54.2,2.995
54.2,2.995
54.2,2.995
54.2,2.995
54.3,2.995
54.3,2.995
54.3,2.995
54.3,2.995
54.3,3.000
54.3,3.000
54.3,3.000
54.3,3.000
54.3,3.000
54.3,3.000
54.3,3.000
54.3,3.000
54.3,3.000
54.3,3.000
54.3,3.000
54.2,3.000
54.2,3.000
54.2,3.000
54.2,3.000
54.2,3.005
54.2,3.005
54.2,3.005
54.3,3.005
54.3,3.005
54.3,3.005
54.3,3.005
54.3,3.005
54.3,3.005
54.3,3.005
54.3,3.005
54.3,3.005
54.3,3.005
54.3,3.005
54.2,3.010
54.2,3.010
54.2,3.010
54.2,3.010
54.2,3.010
54.3,3.010
54.3,3.010
54.4,3.010
54.4,3.010
54.4,3.010
54.4,3.010
54.4,3.010
54.4,3.010
54.4,3.015
54.4,3.015
54.4,3.015
54.4,3.015
54.4,3.015
54.4,3.015
54.4,3.015
54.3,3.015
54.3,3.015
54.3,3.015
54.3,3.015
54.3,3.015
54.3,3.015
54.3,3.015
54.3,3.015
54.4,3.020
54.4,3.020
54.4,3.020
54.4,3.020
54.4,3.020
54.4,3.020
54.4,3.020
54.4,3.020
54.4,3.020
54.4,3.020
54.4,3.020
54.4,3.020
54.4,3.020
54.4,3.020
54.4,3.020
54.4,3.025
54.4,3.025
54.4,3.025
54.4,3.025
54.4,3.025
54.4,3.025
54.4,3.025
54.4,3.025
54.4,3.025
54.4,3.025
54.4,3.025
54.4,3.025
54.4,3.025
54.4,3.025
54.4,3.025
54.4,3.030
54.4,3.030
54.4,3.030
54.4,3.030
54.4,3.030
54.4,3.030
54.4,3.030
54.4,3.030
54.4,3.030
54.4,3.030
54.4,3.030
54.5,3.030
54.5,3.030
54.5,3.030
54.5,3.035
54.5,3.035
54.5,3.035
54.5,3.035
54.5,3.035
54.5,3.035
54.5,3.035
54.5,3.035
54.5,3.035
54.5,3.035
54.5,3.035
54.5,3.035
54.5,3.035
54.5,3.035
54.5,3.035
54.5,3.035
54.6,3.040
54.6,3.040
54.6,3.040
54.6,3.040
54.6,3.040
54.6,3.040
54.6,3.040
54.6,3.040
54.6,3.040
54.6,3.040
54.5,3.040
54.5,3.040
54.5,3.040
54.5,3.040
54.5,3.040
54.5,3.040
54.5,3.045
54.5,3.045
54.6,3.045
54.6,3.045
54.6,3.045
54.6,3.045
54.6,3.045
54.6,3.045
54.6,3.045
54.6,3.045
54.6,3.045
54.6,3.045
54.6,3.045
54.5,3.045
54.5,3.045
54.5,3.045
54.5,3.050
54.5,3.050
54.5,3.050
54.6,3.050
54.6,3.050
54.6,3.050
54.6,3.050
54.7,3.050
54.7,3.050
54.7,3.050
54.7,3.050
54.7,3.050
54.6,3.050
54.6,3.050
54.6,3.050
54.5,3.050
54.5,3.050
54.5,3.055
54.5,3.055
54.5,3.055
54.5,3.055
54.6,3.055
54.6,3.055
54.6,3.055
54.7,3.055
54.7,3.055
54.8,3.055
54.8,3.055
54.8,3.055
54.8,3.055
54.8,3.055
54.7,3.055
54.7,3.055
54.7,3.055
54.6,3.060
54.6,3.060
54.6,3.060
54.6,3.060
54.6,3.060
54.6,3.060
54.6,3.060
54.6,3.060
54.7,3.060
54.7,3.060
54.8,3.060
54.8,3.060
54.8,3.060
54.8,3.060
54.8,3.060
54.8,3.060
54.8,3.060
54.8,3.060
54.8,3.060
54.7,3.065
54.7,3.065
54.7,3.065
54.7,3.065
54.7,3.065
54.7,3.065
54.7,3.065
54.7,3.065
54.7,3.065
54.7,3.065
54.7,3.065
54.7,3.065
54.7,3.065
54.8,3.065
54.8,3.065
54.8,3.065
54.8,3.065
54.8,3.065
54.8,3.070
54.8,3.070
54.7,3.070
54.7,3.070
54.7,3.070
54.7,3.070
54.7,3.070
54.7,3.070
54.7,3.070
54.7,3.070
54.7,3.070
54.7,3.070
54.8,3.070
54.8,3.070
54.9,3.070
54.9,3.070
54.9,3.070
54.9,3.075
54.9,3.075
54.9,3.075
54.9,3.075
54.9,3.075
54.8,3.075
54.8,3.075
54.7,3.075
54.7,3.075
54.7,3.075
54.7,3.075
54.7,3.075
54.7,3.075
54.7,3.075
54.8,3.075
54.8,3.075
54.9,3.075
54.9,3.075
54.9,3.075
54.9,3.075
54.9,3.080
54.9,3.080
54.9,3.080
54.9,3.080
54.9,3.080
54.9,3.080
54.8,3.080
54.8,3.080
54.8,3.080
54.7,3.080
54.7,3.080
54.7,3.080
54.8,3.080
54.9,3.080
54.9,3.080
54.9,3.080
54.9,3.080
55.0,3.080
55.0,3.080
55.0,3.080
55.0,3.085
55.0,3.085
55.0,3.085
54.8,3.085
54.8,3.085
54.8,3.085
54.8,3.085
54.8,3.085
54.8,3.085
54.8,3.085
54.8,3.085
54.8,3.085
54.9,3.085
54.9,3.085
55.0,3.085
55.0,3.085
55.0,3.085
55.0,3.085
55.0,3.085
55.0,3.085
55.0,3.090
55.0,3.090
55.0,3.090
55.0,3.090
54.9,3.090
54.9,3.090
54.9,3.090
54.9,3.090
54.9,3.090
54.9,3.090
54.9,3.090
54.9,3.090
54.9,3.090
54.9,3.090
54.9,3.090
54.9,3.090
55.0,3.090
55.0,3.090
55.0,3.090
55.0,3.095
55.0,3.095
55.0,3.095
55.0,3.095
55.0,3.095
55.0,3.095
55.0,3.095
54.9,3.095
54.9,3.095
54.9,3.095
54.9,3.095
54.9,3.095
54.9,3.095
54.9,3.095
54.9,3.095
54.9,3.095
54.9,3.095
55.0,3.095
55.0,3.095
55.0,3.095
55.0,3.095
55.0,3.095
55.0,3.095
55.0,3.100
55.0,3.100
55.0,3.100
55.0,3.100
55.0,3.100
55.0,3.100
55.0,3.100
54.9,3.100
54.9,3.100
54.9,3.100
54.9,3.100
54.9,3.100
54.9,3.100
55.1,3.100
55.1,3.100
55.1,3.100
55.1,3.100
55.1,3.100
55.1,3.100
55.1,3.100
55.1,3.100
55.1,3.100
55.1,3.100
55.0,3.100
55.0,3.105
55.0,3.105
55.0,3.105
55.0,3.105
55.0,3.105
55.0,3.105
55.0,3.105
55.0,3.105
55.0,3.105
55.0,3.105
55.1,3.105
55.0,3.105
55.0,3.105
55.0,3.105
55.0,3.105
55.1,3.105
55.1,3.105
55.1,3.105
55.1,3.105
55.1,3.105
55.1,3.105
55.1,3.105
55.1,3.110
55.1,3.110
55.0,3.110
55.0,3.110
55.0,3.110
55.0,3.110
55.0,3.110
55.0,3.110
55.0,3.110
55.1,3.110
55.1,3.110
55.1,3.110
55.1,3.110
55.1,3.110
55.1,3.110
55.1,3.110
55.1,3.110
55.1,3.110
55.1,3.110
55.1,3.110
55.1,3.110
55.1,3.110
55.1,3.110
55.1,3.110
55.1,3.115
55.1,3.115
55.1,3.115
55.1,3.115
55.1,3.115
55.1,3.115
55.1,3.115
55.1,3.115
55.1,3.115
55.1,3.115
55.1,3.115
55.1,3.115
55.1,3.115
55.1,3.115
55.2,3.115
55.2,3.115
55.2,3.115
55.2,3.115
55.2,3.115
55.2,3.115
55.2,3.115
55.2,3.115
55.2,3.115
55.2,3.115
55.1,3.115
55.1,3.115
55.1,3.120
55.1,3.120
55.1,3.120
55.1,3.120
55.1,3.120
55.1,3.120
55.2,3.120
55.2,3.120
55.2,3.120
55.2,3.120
55.2,3.120
55.2,3.120
55.2,3.120
55.2,3.120
55.2,3.120
55.2,3.120
55.2,3.120
55.2,3.120
55.2,3.120
55.2,3.120
55.2,3.120
55.2,3.120
55.2,3.120
55.2,3.120
55.2,3.120
55.2,3.125
55.2,3.125
55.2,3.125
55.2,3.125
55.2,3.125
55.2,3.125
55.2,3.125
55.2,3.125
55.2,3.125
55.2,3.125
55.2,3.125
55.2,3.125
55.2,3.125
55.2,3.125
55.2,3.125
55.2,3.125
55.2,3.125
55.2,3.125
55.2,3.125
55.2,3.125
55.2,3.125
55.2,3.125
55.2,3.125
55.2,3.125
55.3,3.130
55.3,3.130
55.3,3.130
55.3,3.130
55.3,3.130
55.3,3.130
55.3,3.130
55.3,3.130
55.3,3.130
55.3,3.130
55.3,3.130
55.3,3.130
55.3,3.130
55.3,3.130
55.3,3.130
55.3,3.130
55.3,3.130
55.3,3.130
55.3,3.130
55.3,3.130
55.3,3.130
55.3,3.130
55.3,3.130
55.3,3.130
55.3,3.130
55.3,3.135
55.3,3.135
55.3,3.135
55.3,3.135
55.3,3.135
55.3,3.135
55.3,3.135
55.3,3.135
55.3,3.135
55.3,3.135
55.3,3.135
55.3,3.135
55.3,3.135
55.3,3.135
55.3,3.135
55.3,3.135
55.3,3.135
55.3,3.135
55.3,3.135
55.4,3.135
55.4,3.135
55.4,3.135
55.4,3.135
55.4,3.140
55.4,3.140
55.4,3.140
55.4,3.140
55.3,3.140
55.3,3.140
55.3,3.140
55.3,3.140
55.3,3.140
55.3,3.140
55.3,3.140
55.3,3.140
55.3,3.140
55.4,3.140
55.4,3.140
55.4,3.140
55.4,3.140
55.4,3.140
55.4,3.140
55.4,3.140
55.4,3.140
55.4,3.140
55.4,3.145
55.4,3.145
55.4,3.145
55.4,3.145
55.4,3.145
55.4,3.145
55.4,3.145
55.4,3.145
55.4,3.145
55.4,3.145
55.4,3.145
55.4,3.145
55.4,3.145
55.4,3.145
55.4,3.145
55.4,3.145
55.4,3.145
55.4,3.145
55.4,3.145
55.4,3.145
55.4,3.145
55.4,3.150
55.4,3.150
55.4,3.150
55.4,3.150
55.4,3.150
55.4,3.150
55.4,3.150
55.4,3.150
55.4,3.150
55.4,3.150
55.4,3.150
55.4,3.150
55.4,3.150
55.5,3.150
55.5,3.150
55.5,3.150
55.5,3.150
55.5,3.150
55.5,3.150
55.5,3.155
55.5,3.155
55.5,3.155
55.5,3.155
55.5,3.155
55.5,3.155
55.5,3.155
55.5,3.155
55.5,3.155
55.5,3.155
55.5,3.155
55.5,3.155
55.5,3.155
55.5,3.155
55.5,3.155
55.5,3.155
55.5,3.155
55.5,3.155
55.5,3.155
55.5,3.160
55.5,3.160
55.5,3.160
55.5,3.160
55.5,3.160
55.5,3.160
55.5,3.160
55.5,3.160
55.5,3.160
55.5,3.160
55.5,3.160
55.5,3.160
55.5,3.160
55.5,3.160
55.5,3.160
55.5,3.160
55.6,3.160
55.6,3.160
55.6,3.160
55.6,3.160
55.6,3.165
55.6,3.165
55.6,3.165
55.6,3.165
55.6,3.165
55.6,3.165
55.6,3.165
55.6,3.165
55.6,3.165
55.6,3.165
55.6,3.165
55.6,3.165
55.6,3.165
55.6,3.165
55.6,3.165
55.6,3.165
55.6,3.165
55.6,3.165
55.6,3.170
55.6,3.170
55.6,3.170
55.6,3.170
55.6,3.170
55.6,3.170
55.6,3.170
55.6,3.170
55.6,3.170
55.6,3.170
55.6,3.170
55.6,3.170
55.6,3.170
55.6,3.170
55.6,3.170
55.6,3.170
55.6,3.170
55.6,3.170
55.6,3.175
55.6,3.175
55.6,3.175
55.6,3.175
55.6,3.175
55.6,3.175
55.6,3.175
55.6,3.175
55.6,3.175
55.6,3.175
55.6,3.175
55.6,3.175
55.6,3.175
55.6,3.175
55.6,3.175
55.6,3.175
55.6,3.175
55.6,3.175
55.6,3.175
55.6,3.180
55.6,3.180
55.6,3.180
55.6,3.180
55.6,3.180
55.6,3.180
55.6,3.180
55.6,3.180
55.6,3.180
55.6,3.180
55.6,3.180
55.6,3.180
55.7,3.180
55.7,3.180
55.7,3.180
55.7,3.180
55.7,3.180
55.6,3.180
55.6,3.180
55.6,3.185
55.6,3.185
55.6,3.185
55.6,3.185
55.6,3.185
55.6,3.185
55.6,3.185
55.7,3.185
55.7,3.185
55.7,3.185
55.7,3.185
55.7,3.185
55.7,3.185
55.7,3.185
55.7,3.185
55.7,3.185
55.7,3.185
55.7,3.190
55.7,3.190
55.7,3.190
55.7,3.190
55.7,3.190
55.7,3.190
55.8,3.190
55.8,3.190
55.8,3.190
55.8,3.190
55.8,3.190
55.8,3.190
55.8,3.190
55.8,3.190
55.8,3.190
55.8,3.190
55.8,3.190
55.8,3.190
55.8,3.195
55.8,3.195
55.8,3.195
55.8,3.195
55.8,3.195
55.8,3.195
55.8,3.195
55.8,3.195
55.8,3.195
55.8,3.195
55.8,3.195
55.8,3.195
55.8,3.195
55.8,3.195
55.8,3.195
55.8,3.195
55.8,3.195
55.8,3.195
55.8,3.200
55.8,3.200
55.8,3.200
55.8,3.200
55.8,3.200
55.8,3.200
55.8,3.200
55.8,3.200
55.8,3.200
55.8,3.200
55.8,3.200
55.8,3.200
55.8,3.200
55.8,3.200
55.8,3.200
55.8,3.200
55.8,3.200
55.8,3.200
55.8,3.205
55.8,3.205
55.8,3.205
55.8,3.205
55.8,3.205
55.8,3.205
55.8,3.205
55.8,3.205
55.8,3.205
55.8,3.205
55.8,3.205
55.8,3.205
55.8,3.205
55.8,3.205
55.8,3.205
55.8,3.205
55.9,3.205
55.9,3.210
56.0,3.210
56.0,3.210
56.0,3.210
56.0,3.210
56.0,3.210
56.0,3.210
56.0,3.210
56.0,3.210
56.0,3.210
56.0,3.210
55.9,3.210
55.9,3.210
55.9,3.210
55.9,3.210
55.9,3.210
55.9,3.210
55.9,3.210
55.9,3.215
55.9,3.215
55.9,3.215
56.0,3.215
56.0,3.215
56.0,3.215
56.0,3.215
56.0,3.215
56.0,3.215
56.0,3.215
56.0,3.215
56.0,3.215
55.9,3.215
55.9,3.215
55.9,3.215
55.9,3.215
55.9,3.215
55.9,3.215
55.9,3.220
55.9,3.220
55.9,3.220
55.9,3.220
55.9,3.220
55.9,3.220
55.9,3.220
55.9,3.220
55.9,3.220
55.9,3.220
55.9,3.220
55.9,3.220
55.9,3.220
55.9,3.220
55.9,3.220
55.9,3.220
55.9,3.220
55.9,3.225
55.9,3.225
55.9,3.225
55.9,3.225
55.9,3.225
55.9,3.225
55.9,3.225
55.9,3.225
55.9,3.225
56.0,3.225
56.0,3.225
56.0,3.225
56.0,3.225
56.0,3.225
56.0,3.225
56.0,3.225
56.0,3.225
56.0,3.230
56.0,3.230
55.9,3.230
55.9,3.230
55.9,3.230
55.9,3.230
55.9,3.230
55.9,3.230
55.9,3.230
56.0,3.230
56.0,3.230
56.1,3.230
56.1,3.230
56.1,3.230
56.1,3.230
56.1,3.230
56.1,3.235
56.1,3.235
56.1,3.235
56.1,3.235
56.1,3.235
56.1,3.235
56.1,3.235
56.1,3.235
56.1,3.235
56.0,3.235
56.0,3.235
56.0,3.235
56.0,3.235
56.0,3.235
56.0,3.235
56.0,3.235
56.0,3.235
56.0,3.240
56.0,3.240
56.1,3.240
56.1,3.240
56.1,3.240
56.1,3.240
56.1,3.240
56.1,3.240
56.1,3.240
56.1,3.240
56.1,3.240
56.1,3.240
56.1,3.240
56.1,3.240
56.0,3.240
56.0,3.240
56.0,3.240
56.1,3.245
56.1,3.245
56.1,3.245
56.1,3.245
56.1,3.245
56.1,3.245
56.1,3.245
56.1,3.245
56.1,3.245
56.1,3.245
56.1,3.245
56.1,3.245
56.1,3.245
56.1,3.245
56.1,3.245
56.1,3.245
56.0,3.250
56.0,3.250
56.0,3.250
56.0,3.250
56.0,3.250
56.0,3.250
56.0,3.250
56.0,3.250
56.0,3.250
56.1,3.250
56.1,3.250
56.1,3.250
56.1,3.250
56.1,3.250
56.1,3.255
56.1,3.255
56.1,3.255
56.1,3.255
56.1,3.255
56.1,3.255
56.1,3.255
56.1,3.255
56.1,3.255
56.1,3.255
56.1,3.255
56.1,3.255
56.1,3.255
56.1,3.255
56.1,3.255
56.1,3.255
56.1,3.255
56.1,3.260
56.1,3.260
56.1,3.260
56.1,3.260
56.1,3.260
56.1,3.260
56.1,3.260
56.1,3.260
56.1,3.260
56.1,3.260
56.1,3.260
56.1,3.260
56.1,3.260
56.1,3.260
56.1,3.260
56.1,3.260
56.1,3.265
56.1,3.265
56.1,3.265
56.1,3.265
56.2,3.265
56.2,3.265
56.2,3.265
56.2,3.265
56.2,3.265
56.2,3.265
56.2,3.265
56.2,3.265
56.2,3.265
56.2,3.265
56.2,3.265
56.2,3.270
56.2,3.270
56.2,3.270
56.2,3.270
56.2,3.270
56.2,3.270
56.2,3.270
56.2,3.270
56.2,3.270
56.2,3.270
56.2,3.270
56.2,3.270
56.2,3.270
56.2,3.270
56.2,3.270
56.2,3.275
56.2,3.275
56.2,3.275
56.2,3.275
56.2,3.275
56.2,3.275
56.2,3.275
56.2,3.275
56.2,3.275
56.3,3.275
56.3,3.275
56.3,3.275
56.3,3.275
56.3,3.275
56.3,3.275
56.3,3.275
56.3,3.280
56.3,3.280
56.3,3.280
56.2,3.280
56.2,3.280
56.2,3.280
56.2,3.280
56.2,3.280
56.2,3.280
56.2,3.280
56.2,3.280
56.2,3.280
56.2,3.280
56.2,3.280
56.2,3.280
56.3,3.280
56.3,3.285
56.3,3.285
56.3,3.285
56.3,3.285
56.3,3.285
56.3,3.285
56.3,3.285
56.3,3.285
56.3,3.285
56.3,3.285
56.3,3.285
56.3,3.285
56.3,3.285
56.3,3.285
56.3,3.290
56.3,3.290
56.3,3.290
56.3,3.290
56.3,3.290
56.3,3.290
56.3,3.290
56.3,3.290
56.3,3.290
56.3,3.290
56.3,3.290
56.3,3.290
56.3,3.290
56.3,3.290
56.3,3.290
56.3,3.290
56.3,3.295
56.3,3.295
56.3,3.295
56.3,3.295
56.3,3.295
56.3,3.295
56.3,3.295
56.3,3.295
56.3,3.295
56.3,3.295
56.3,3.295
56.3,3.295
56.3,3.295
56.4,3.295
56.3,3.295
56.3,3.295
56.3,3.300
56.3,3.300
56.3,3.300
56.3,3.300
56.3,3.300
56.3,3.300
56.3,3.300
56.3,3.300
56.3,3.300
56.3,3.300
56.3,3.300
56.3,3.300
56.3,3.300
56.3,3.300
56.3,3.300
56.4,3.300
56.4,3.305
56.4,3.305
56.4,3.305
56.4,3.305
56.4,3.305
56.4,3.305
56.4,3.305
56.4,3.305
56.4,3.305
56.4,3.305
56.4,3.305
56.4,3.305
56.4,3.305
56.4,3.305
56.4,3.305
56.4,3.305
56.4,3.310
56.4,3.310
56.4,3.310
56.4,3.310
56.4,3.310
56.4,3.310
56.4,3.310
56.4,3.310
56.4,3.310
56.4,3.310
56.4,3.310
56.4,3.310
56.4,3.310
56.4,3.310
56.4,3.310
56.4,3.315
56.4,3.315
56.4,3.315
56.4,3.315
56.4,3.315
56.4,3.315
56.4,3.315
56.4,3.315
56.4,3.315
56.4,3.315
56.4,3.315
56.4,3.315
56.4,3.315
56.4,3.315
56.4,3.315
56.4,3.315
56.4,3.320
56.4,3.320
56.4,3.320
56.4,3.320
56.4,3.320
56.4,3.320
56.4,3.320
56.4,3.320
56.4,3.320
56.4,3.320
56.4,3.320
56.4,3.320
56.4,3.320
56.4,3.320
56.4,3.320
56.4,3.325
56.4,3.325
56.4,3.325
56.5,3.325
56.5,3.325
56.6,3.325
56.6,3.325
56.6,3.325
56.6,3.325
56.6,3.325
56.6,3.325
56.6,3.325
56.6,3.325
56.6,3.325
56.6,3.325
56.5,3.330
56.5,3.330
56.5,3.330
56.5,3.330
56.5,3.330
56.5,3.330
56.5,3.330
56.5,3.330
56.5,3.330
56.6,3.330
56.6,3.330
56.6,3.330
56.6,3.330
56.6,3.330
56.6,3.335
56.6,3.335
56.6,3.335
56.6,3.335
56.6,3.335
56.6,3.335
56.6,3.335
56.6,3.335
56.6,3.335
56.6,3.335
56.6,3.335
56.6,3.335
56.6,3.335
56.6,3.335
56.6,3.335
56.6,3.340
56.6,3.340
56.7,3.340
56.7,3.340
56.7,3.340
56.7,3.340
56.7,3.340
56.7,3.340
56.7,3.340
56.7,3.340
56.7,3.340
56.7,3.340
56.5,3.340
56.6,3.340
56.6,3.340
56.6,3.340
56.6,3.345
56.6,3.345
56.6,3.345
56.7,3.345
56.6,3.345
56.6,3.345
56.6,3.345
56.7,3.345
56.7,3.345
56.7,3.345
56.7,3.345
56.7,3.345
56.7,3.345
56.7,3.345
56.7,3.350
56.7,3.350
56.7,3.350
56.7,3.350
56.6,3.350
56.6,3.350
56.6,3.350
56.6,3.350
56.6,3.350
56.6,3.350
56.6,3.350
56.6,3.350
56.6,3.350
56.6,3.350
56.6,3.350
56.7,3.355
56.7,3.355
56.7,3.355
56.7,3.355
56.7,3.355
56.7,3.355
56.7,3.355
56.7,3.355
56.7,3.355
56.7,3.355
56.7,3.355
56.7,3.355
56.7,3.355
56.7,3.355
56.7,3.355
56.7,3.355
56.7,3.360
56.7,3.360
56.7,3.360
56.7,3.360
56.7,3.360
56.7,3.360
56.7,3.360
56.7,3.360
56.7,3.360
56.7,3.360
56.7,3.360
56.7,3.360
56.7,3.360
56.7,3.360
56.7,3.360
56.7,3.360
56.7,3.360
56.7,3.365
56.7,3.365
56.8,3.365
56.8,3.365
56.8,3.365
56.8,3.365
56.8,3.365
56.8,3.365
56.8,3.365
56.8,3.365
56.8,3.365
56.8,3.365
56.8,3.365
56.8,3.365
56.7,3.365
56.7,3.370
56.7,3.370
56.7,3.370
56.7,3.370
56.7,3.370
56.7,3.370
56.7,3.370
56.7,3.370
56.8,3.370
56.8,3.370
56.8,3.370
56.8,3.370
56.8,3.370
56.8,3.370
56.8,3.370
56.8,3.370
56.8,3.370
56.8,3.370
56.8,3.375
56.8,3.375
56.8,3.375
56.8,3.375
56.8,3.375
56.8,3.375
56.8,3.375
56.8,3.375
56.8,3.375
56.8,3.375
56.8,3.375
56.8,3.375
56.8,3.375
56.8,3.375
56.8,3.375
56.8,3.375
56.8,3.375
56.8,3.380
56.8,3.380
56.8,3.380
56.8,3.380
56.8,3.380
56.8,3.380
56.8,3.380
56.9,3.380
56.9,3.380
56.9,3.380
56.9,3.380
56.9,3.380
56.9,3.380
56.9,3.380
56.9,3.380
56.9,3.380
56.8,3.380
56.8,3.380
56.8,3.385
56.8,3.385
56.8,3.385
56.8,3.385
56.8,3.385
56.8,3.385
56.8,3.385
56.8,3.385
56.8,3.385
56.8,3.385
56.8,3.385
56.8,3.385
56.8,3.385
56.8,3.385
56.8,3.385
56.8,3.385
56.8,3.385
56.8,3.390
56.8,3.390
56.8,3.390
56.8,3.390
56.8,3.390
56.9,3.390
56.9,3.390
56.9,3.390
56.9,3.390
56.9,3.390
57.0,3.390
57.0,3.390
57.0,3.390
57.0,3.390
57.0,3.390
57.0,3.390
57.0,3.395
57.0,3.395
56.9,3.395
56.9,3.395
56.9,3.395
56.9,3.395
56.9,3.395
56.9,3.395
56.9,3.395
56.9,3.395
56.9,3.395
56.9,3.395
56.9,3.395
56.9,3.395
56.9,3.395
56.9,3.395
56.9,3.395
56.9,3.400
56.9,3.400
56.9,3.400
56.9,3.400
56.9,3.400
56.9,3.400
56.9,3.400
56.9,3.400
56.9,3.400
56.9,3.400
56.9,3.400
56.9,3.400
56.9,3.400
56.9,3.400
56.9,3.400
57.0,3.400
57.0,3.400
57.0,3.400
57.0,3.405
57.0,3.405
57.0,3.405
57.0,3.405
57.0,3.405
57.0,3.405
57.0,3.405
57.0,3.405
57.0,3.405
57.0,3.405
57.0,3.405
57.0,3.405
57.0,3.405
57.0,3.405
57.0,3.405
57.0,3.405
57.0,3.405
57.0,3.410
57.0,3.410
57.0,3.410
57.0,3.410
57.0,3.410
57.0,3.410
57.0,3.410
57.0,3.410
57.0,3.410
57.0,3.410
57.0,3.410
57.0,3.410
57.0,3.410
57.0,3.410
57.0,3.410
57.0,3.410
57.0,3.415
57.0,3.415
57.0,3.415
57.0,3.415
57.0,3.415
57.0,3.415
57.0,3.415
57.0,3.415
57.0,3.415
57.0,3.415
57.0,3.415
57.0,3.415
57.0,3.415
57.0,3.415
57.0,3.415
57.0,3.415
57.0,3.415
57.0,3.415
57.0,3.415
57.0,3.420
57.0,3.420
57.0,3.420
57.0,3.420
57.0,3.420
57.0,3.420
57.0,3.420
57.0,3.420
57.0,3.420
57.0,3.420
57.0,3.420
57.0,3.420
57.0,3.420
57.0,3.420
57.0,3.420
57.1,3.420
57.1,3.420
57.1,3.420
57.1,3.420
57.1,3.425
57.1,3.425
57.0,3.425
57.0,3.425
57.0,3.425
57.0,3.425
57.0,3.425
57.0,3.425
57.0,3.425
57.0,3.425
57.0,3.425
57.0,3.425
57.0,3.425
57.0,3.425
57.0,3.425
57.0,3.425
57.0,3.425
57.1,3.425
57.1,3.430
57.1,3.430
57.1,3.430
57.1,3.430
57.1,3.430
57.1,3.430
57.1,3.430
57.1,3.430
57.1,3.430
57.1,3.430
57.1,3.430
57.1,3.430
57.1,3.430
57.1,3.430
57.1,3.430
57.1,3.430
57.1,3.430
57.1,3.435
57.1,3.435
57.1,3.435
57.1,3.435
57.1,3.435
57.0,3.435
57.0,3.435
57.0,3.435
57.1,3.435
57.0,3.435
57.0,3.435
57.0,3.435
57.2,3.435
57.2,3.435
57.2,3.435
57.2,3.435
57.2,3.435
57.2,3.435
57.2,3.435
57.2,3.440
57.2,3.440
57.2,3.440
57.2,3.440
57.1,3.440
57.1,3.440
57.1,3.440
57.1,3.440
57.1,3.440
57.1,3.440
57.1,3.440
57.1,3.440
57.1,3.440
57.1,3.440
57.2,3.440
57.2,3.440
57.2,3.440
57.2,3.440
57.2,3.445
57.2,3.445
57.2,3.445
57.2,3.445
57.2,3.445
57.2,3.445
57.2,3.445
57.2,3.445
57.2,3.445
57.2,3.445
57.2,3.445
57.2,3.445
57.2,3.445
57.2,3.445
57.2,3.445
57.2,3.445
57.2,3.450
57.2,3.450
57.2,3.450
57.2,3.450
57.2,3.450
57.2,3.450
57.2,3.450
57.2,3.450
57.2,3.450
57.2,3.450
57.2,3.450
57.2,3.450
57.2,3.450
57.2,3.450
57.2,3.450
57.2,3.450
57.2,3.450
57.2,3.450
57.2,3.455
57.2,3.455
57.2,3.455
57.2,3.455
57.2,3.455
57.2,3.455
57.2,3.455
57.2,3.455
57.2,3.455
57.2,3.455
57.2,3.455
57.2,3.455
57.2,3.455
57.2,3.455
57.2,3.455
57.2,3.455
57.2,3.455
57.2,3.455
57.2,3.460
57.2,3.460
57.2,3.460
57.3,3.460
57.3,3.460
57.3,3.460
57.3,3.460
57.3,3.460
57.3,3.460
57.3,3.460
57.3,3.460
57.3,3.460
57.3,3.460
57.2,3.460
57.2,3.460
57.2,3.460
57.2,3.460
57.2,3.460
57.3,3.465
57.3,3.465
57.4,3.465
57.4,3.465
57.4,3.465
57.4,3.465
57.4,3.465
57.4,3.465
57.4,3.465
57.4,3.465
57.4,3.465
57.4,3.465
57.4,3.465
57.4,3.465
57.4,3.465
57.3,3.465
57.3,3.465
57.3,3.465
57.3,3.470
57.3,3.470
57.3,3.470
57.3,3.470
57.3,3.470
57.3,3.470
57.3,3.470
57.3,3.470
57.3,3.470
57.3,3.470
57.4,3.470
57.4,3.470
57.4,3.470
57.4,3.470
57.4,3.470
57.4,3.470
57.4,3.470
57.3,3.475
57.3,3.475
57.3,3.475
57.3,3.475
57.3,3.475
57.3,3.475
57.3,3.475
57.3,3.475
57.4,3.475
57.4,3.475
57.4,3.475
57.4,3.475
57.4,3.475
57.4,3.475
57.4,3.475
57.4,3.475
57.4,3.475
57.3,3.475
57.3,3.475
57.3,3.475
57.3,3.480
57.3,3.480
57.3,3.480
57.3,3.480
57.3,3.480
57.3,3.480
57.3,3.480
57.3,3.480
57.3,3.480
57.3,3.480
57.4,3.480
57.5,3.480
57.4,3.480
57.4,3.480
57.4,3.480
57.4,3.480
57.5,3.480
57.5,3.480
57.5,3.480
57.5,3.480
57.4,3.485
57.4,3.485
57.3,3.485
57.3,3.485
57.3,3.485
57.3,3.485
57.3,3.485
57.3,3.485
57.3,3.485
57.3,3.485
57.4,3.485
57.4,3.485
57.4,3.485
57.4,3.485
57.4,3.485
57.4,3.485
57.4,3.485
57.5,3.485
57.5,3.485
57.5,3.485
57.4,3.485
57.4,3.485
57.4,3.490
57.4,3.490
57.4,3.490
57.4,3.490
57.4,3.490
57.4,3.490
57.4,3.490
57.4,3.490
57.4,3.490
57.4,3.490
57.4,3.490
57.5,3.490
57.5,3.490
57.5,3.490
57.5,3.490
57.5,3.490
57.5,3.490
57.5,3.490
57.5,3.490
57.5,3.490
57.5,3.490
57.5,3.490
57.5,3.495
57.5,3.495
57.4,3.495
57.4,3.495
57.4,3.495
57.4,3.495
57.4,3.495
57.4,3.495
57.4,3.495
57.4,3.495
57.5,3.495
57.5,3.495
57.6,3.495
57.5,3.495
57.5,3.495
57.5,3.495
57.5,3.495
57.6,3.495
57.6,3.495
57.6,3.495
57.6,3.495
57.5,3.495
57.5,3.495
57.5,3.495
57.5,3.495
57.5,3.495
57.5,3.495
57.5,3.500
57.6,3.500
57.5,3.500
57.6,3.500
57.6,3.500
57.6,3.500
57.6,3.500
57.6,3.500
57.6,3.500
57.5,3.500
57.5,3.500
57.4,3.500
57.4,3.500
57.4,3.500
57.4,3.500
57.4,3.500
57.4,3.500
57.4,3.500
57.4,3.500
57.5,3.500
57.5,3.500
57.5,3.500
57.5,3.500
57.5,3.500
57.5,3.500
57.5,3.500
57.5,3.500
57.5,3.505
57.5,3.505
57.5,3.505
57.5,3.505
57.5,3.505
57.5,3.505
57.5,3.505
57.5,3.505
57.5,3.505
57.5,3.505
57.5,3.505
57.5,3.505
57.5,3.505
57.5,3.505
57.5,3.505
57.5,3.505
57.5,3.505
57.5,3.505
57.5,3.505
57.5,3.505
57.5,3.505
57.6,3.505
57.6,3.505
57.6,3.505
57.6,3.505
57.6,3.510
57.6,3.510
57.6,3.510
57.6,3.510
57.5,3.510
57.5,3.510
57.5,3.510
57.5,3.510
57.5,3.510
57.6,3.510
57.6,3.510
57.6,3.510
57.6,3.510
57.6,3.510
57.6,3.510
57.6,3.510
57.6,3.510
57.6,3.510
57.6,3.510
57.6,3.510
57.6,3.510
57.6,3.510
57.6,3.510
57.6,3.510
57.6,3.510
57.6,3.510
57.6,3.515
57.6,3.515
57.6,3.515
57.6,3.515
57.6,3.515
57.6,3.515
57.6,3.515
57.6,3.515
57.6,3.515
57.6,3.515
57.6,3.515
57.6,3.515
57.6,3.515
57.6,3.515
57.6,3.515
57.6,3.515
57.6,3.515
57.6,3.515
57.6,3.515
57.6,3.515
57.6,3.515
57.6,3.515
57.7,3.515
57.7,3.515
57.7,3.515
57.7,3.515
57.7,3.515
57.7,3.520
57.7,3.520
57.7,3.520
57.7,3.520
57.7,3.520
57.7,3.520
57.7,3.520
57.7,3.520
57.7,3.520
57.6,3.520
57.6,3.520
57.6,3.520
57.6,3.520
57.6,3.520
57.6,3.520
57.6,3.520
57.6,3.520
57.6,3.520
57.6,3.520
57.6,3.520
57.6,3.520
57.6,3.520
57.6,3.520
57.6,3.520
57.6,3.520
57.6,3.525
57.7,3.525
57.6,3.525
57.6,3.525
57.6,3.525
57.7,3.525
57.7,3.525
57.7,3.525
57.7,3.525
57.7,3.525
57.7,3.525
57.7,3.525
57.7,3.525
57.6,3.525
57.6,3.525
57.6,3.525
57.6,3.525
57.6,3.525
57.6,3.525
57.6,3.525
57.6,3.525
57.6,3.525
57.7,3.530
57.7,3.530
57.7,3.530
57.7,3.530
57.7,3.530
57.7,3.530
57.7,3.530
57.7,3.530
57.7,3.530
57.7,3.530
57.7,3.530
57.7,3.530
57.7,3.530
57.7,3.530
57.7,3.530
57.7,3.530
57.7,3.530
57.7,3.530
57.7,3.530
57.8,3.530
57.8,3.530
57.8,3.530
57.8,3.530
57.8,3.530
57.8,3.530
57.8,3.535
57.8,3.535
57.7,3.535
57.7,3.535
57.7,3.535
57.6,3.535
57.6,3.535
57.6,3.535
57.6,3.535
57.6,3.535
57.6,3.535
57.6,3.535
57.7,3.535
57.7,3.535
57.8,3.535
57.8,3.535
57.8,3.535
57.8,3.535
57.8,3.535
57.8,3.535
57.8,3.535
57.8,3.535
57.8,3.535
57.8,3.535
57.7,3.540
57.6,3.540
57.6,3.540
57.6,3.540
57.6,3.540
57.6,3.540
57.6,3.540
57.7,3.540
57.8,3.540
57.8,3.540
57.8,3.540
57.9,3.540
57.9,3.540
57.9,3.540
57.9,3.540
57.9,3.540
57.8,3.540
57.8,3.540
57.7,3.540
57.7,3.540
57.7,3.540
57.7,3.540
57.7,3.540
57.7,3.540
57.7,3.540
57.8,3.545
57.8,3.545
57.8,3.545
57.9,3.545
57.9,3.545
57.9,3.545
58.0,3.545
58.0,3.545
58.0,3.545
58.0,3.545
58.0,3.545
58.0,3.545
57.9,3.545
57.9,3.545
57.8,3.545
57.8,3.545
57.7,3.545
57.7,3.545
57.7,3.545
57.7,3.545
57.7,3.545
57.8,3.545
57.8,3.545
57.9,3.545
57.9,3.550
57.9,3.550
57.9,3.550
57.9,3.550
57.9,3.550
57.9,3.550
57.9,3.550
57.9,3.550
57.9,3.550
57.8,3.550
57.8,3.550
57.8,3.550
57.8,3.550
57.8,3.550
57.8,3.550
57.8,3.550
57.8,3.550
57.8,3.550
57.8,3.550
57.9,3.550
57.9,3.550
57.9,3.550
57.9,3.550
57.9,3.555
57.9,3.555
57.9,3.555
57.9,3.555
57.9,3.555
57.8,3.555
57.8,3.555
57.8,3.555
57.8,3.555
57.8,3.555
57.8,3.555
57.8,3.555
57.9,3.555
57.9,3.555
57.9,3.555
57.9,3.555
57.9,3.555
57.9,3.555
57.9,3.555
57.9,3.555
57.9,3.555
57.9,3.555
57.9,3.555
57.9,3.555
57.8,3.555
57.8,3.560
57.8,3.560
57.8,3.560
57.8,3.560
57.8,3.560
57.9,3.560
57.9,3.560
57.9,3.560
58.0,3.560
58.0,3.560
58.0,3.560
58.0,3.560
58.0,3.560
58.0,3.560
58.0,3.560
58.0,3.560
58.0,3.560
58.0,3.560
58.0,3.560
58.0,3.560
58.0,3.560
57.9,3.560
57.9,3.560
57.9,3.560
57.9,3.565
57.9,3.565
57.9,3.565
57.9,3.565
57.9,3.565
57.9,3.565
57.9,3.565
57.9,3.565
57.9,3.565
57.9,3.565
57.9,3.565
57.9,3.565
57.9,3.565
57.9,3.565
57.9,3.565
57.9,3.565
57.9,3.565
57.9,3.565
57.9,3.565
58.0,3.565
58.0,3.565
58.0,3.565
58.0,3.565
58.0,3.565
58.0,3.570
58.0,3.570
58.0,3.570
58.0,3.570
58.0,3.570
58.0,3.570
58.0,3.570
58.0,3.570
58.0,3.570
58.0,3.570
58.0,3.570
58.0,3.570
58.0,3.570
58.0,3.570
58.0,3.570
58.0,3.570
58.0,3.570
58.0,3.570
58.0,3.570
58.0,3.570
58.0,3.570
58.0,3.575
58.0,3.575
58.0,3.575
58.0,3.575
58.0,3.575
58.1,3.575
58.1,3.575
58.1,3.575
58.1,3.575
58.1,3.575
58.1,3.575
58.1,3.575
58.0,3.575
58.1,3.575
58.1,3.575
58.0,3.575
58.0,3.575
58.0,3.575
58.0,3.575
58.0,3.575
58.0,3.575
58.0,3.575
58.0,3.575
58.1,3.580
58.1,3.580
58.1,3.580
58.1,3.580
58.1,3.580
58.1,3.580
58.1,3.580
58.1,3.580
58.1,3.580
58.1,3.580
58.1,3.580
58.1,3.580
58.1,3.580
58.1,3.580
58.1,3.580
58.1,3.580
58.0,3.580
58.0,3.580
58.0,3.580
58.0,3.580
58.0,3.580
58.2,3.580
58.2,3.585
58.2,3.585
58.2,3.585
58.2,3.585
58.2,3.585
58.2,3.585
58.2,3.585
58.2,3.585
58.2,3.585
58.0,3.585
58.0,3.585
58.0,3.585
58.0,3.585
58.0,3.585
58.0,3.585
58.0,3.585
58.0,3.585
58.0,3.585
58.0,3.585
58.0,3.585
58.0,3.585
58.0,3.590
58.0,3.590
58.1,3.590
58.1,3.590
58.1,3.590
58.1,3.590
58.1,3.590
58.1,3.590
58.1,3.590
58.1,3.590
58.1,3.590
58.1,3.590
58.1,3.590
58.1,3.590
58.1,3.590
58.1,3.590
58.1,3.590
58.1,3.590
58.1,3.590
58.1,3.590
58.1,3.590
58.1,3.595
58.2,3.595
58.2,3.595
58.2,3.595
58.2,3.595
58.2,3.595
58.2,3.595
58.2,3.595
58.2,3.595
58.2,3.595
58.2,3.595
58.2,3.595
58.1,3.595
58.1,3.595
58.2,3.595
58.1,3.595
58.2,3.595
58.2,3.595
58.2,3.595
58.2,3.595
58.2,3.595
58.2,3.595
58.2,3.600
58.2,3.600
58.2,3.600
58.2,3.600
58.2,3.600
58.2,3.600
58.2,3.600
58.2,3.600
58.2,3.600
58.2,3.600
58.2,3.600
58.2,3.600
58.2,3.600
58.2,3.600
58.2,3.600
58.2,3.600
58.2,3.600
58.3,3.600
58.3,3.600
58.3,3.600
58.3,3.600
58.3,3.600
58.3,3.605
58.3,3.605
58.3,3.605
58.3,3.605
58.3,3.605
58.3,3.605
58.3,3.605
58.4,3.605
58.4,3.605
58.5,3.605
58.5,3.605
58.5,3.605
58.5,3.605
58.5,3.605
58.5,3.605
58.5,3.605
58.4,3.605
58.4,3.605
58.4,3.605
58.4,3.605
58.4,3.605
58.4,3.610
58.4,3.610
58.5,3.610
58.5,3.610
58.5,3.610
58.5,3.610
58.5,3.610
58.5,3.610
58.5,3.610
58.5,3.610
58.5,3.610
58.5,3.610
58.5,3.610
58.5,3.610
58.5,3.610
58.5,3.610
58.5,3.610
58.5,3.610
58.4,3.610
58.4,3.610
58.4,3.610
58.4,3.610
58.4,3.610
58.6,3.610
58.6,3.615
58.6,3.615
58.6,3.615
58.6,3.615
58.6,3.615
58.6,3.615
58.6,3.615
58.6,3.615
58.6,3.615
58.6,3.615
58.6,3.615
58.6,3.615
58.6,3.615
58.6,3.615
58.6,3.615
58.6,3.615
58.6,3.615
58.6,3.615
58.6,3.615
58.6,3.615
58.6,3.615
58.7,3.615
58.7,3.615
58.7,3.615
58.7,3.615
58.7,3.620
58.7,3.620
58.7,3.620
58.7,3.620
58.7,3.620
58.7,3.620
58.7,3.620
58.7,3.620
58.7,3.620
58.7,3.620
58.7,3.620
58.7,3.620
58.7,3.620
58.7,3.620
58.7,3.620
58.7,3.620
58.7,3.620
58.7,3.620
58.7,3.620
58.7,3.620
58.7,3.620
58.7,3.620
58.7,3.620
58.7,3.620
58.7,3.620
58.7,3.625
58.7,3.625
58.7,3.625
58.7,3.625
58.7,3.625
58.7,3.625
58.7,3.625
58.7,3.625
58.7,3.625
58.7,3.625
58.7,3.625
58.7,3.625
58.7,3.625
58.7,3.625
58.7,3.625
58.7,3.625
58.8,3.625
58.8,3.625
58.8,3.625
58.8,3.625
58.8,3.625
58.8,3.625
58.8,3.625
58.8,3.625
58.8,3.625
58.8,3.625
58.8,3.630
58.8,3.630
58.8,3.630
58.8,3.630
58.8,3.630
58.8,3.630
58.8,3.630
58.8,3.630
58.8,3.630
58.8,3.630
58.8,3.630
58.8,3.630
58.8,3.630
58.8,3.630
58.8,3.630
58.8,3.630
58.8,3.630
58.8,3.630
58.8,3.630
58.8,3.630
58.8,3.630
58.8,3.630
58.8,3.630
58.8,3.630
58.8,3.630
58.8,3.635
58.8,3.635
58.8,3.635
58.8,3.635
58.8,3.635
58.8,3.635
58.8,3.635
58.8,3.635
58.9,3.635
58.9,3.635
58.9,3.635
58.9,3.635
58.9,3.635
58.9,3.635
58.9,3.635
58.9,3.635
58.9,3.635
58.8,3.635
58.8,3.635
58.8,3.635
58.8,3.635
58.8,3.635
58.8,3.635
58.8,3.635
58.8,3.635
58.8,3.635
58.8,3.635
58.9,3.640
58.9,3.640
58.9,3.640
58.9,3.640
58.9,3.640
58.9,3.640
58.8,3.640
58.9,3.640
58.8,3.640
58.8,3.640
58.8,3.640
58.8,3.640
58.8,3.640
58.8,3.640
58.8,3.640
58.8,3.640
58.8,3.640
58.8,3.640
58.8,3.640
58.8,3.640
58.8,3.640
58.9,3.640
58.9,3.640
58.9,3.640
58.9,3.640
58.9,3.640
58.9,3.645
58.9,3.645
58.9,3.645
58.8,3.645
58.8,3.645
58.8,3.645
58.8,3.645
58.8,3.645
58.9,3.645
58.9,3.645
58.9,3.645
58.9,3.645
58.9,3.645
58.9,3.645
58.9,3.645
58.9,3.645
59.0,3.645
59.0,3.645
59.0,3.645
59.0,3.645
58.9,3.645
59.0,3.645
58.8,3.645
58.8,3.645
58.8,3.645
58.9,3.645
58.9,3.650
58.9,3.650
58.9,3.650
59.0,3.650
59.0,3.650
59.0,3.650
59.0,3.650
59.0,3.650
59.0,3.650
59.0,3.650
59.0,3.650
59.0,3.650
58.9,3.650
58.9,3.650
58.9,3.650
58.9,3.650
58.9,3.650
58.9,3.650
58.9,3.650
58.9,3.650
58.9,3.650
59.0,3.650
58.9,3.650
58.9,3.650
58.9,3.650
58.9,3.655
58.9,3.655
59.0,3.655
59.0,3.655
59.0,3.655
59.0,3.655
59.0,3.655
59.0,3.655
59.0,3.655
58.9,3.655
58.9,3.655
58.9,3.655
58.9,3.655
58.9,3.655
58.9,3.655
58.9,3.655
58.9,3.655
58.9,3.655
58.9,3.655
58.9,3.655
59.0,3.655
59.0,3.655
59.0,3.655
59.0,3.655
59.0,3.655
59.0,3.655
59.0,3.655
59.0,3.655
59.0,3.660
59.0,3.660
59.0,3.660
59.0,3.660
58.9,3.660
58.9,3.660
58.9,3.660
58.9,3.660
58.9,3.660
58.9,3.660
58.9,3.660
58.9,3.660
58.9,3.660
58.9,3.660
58.9,3.660
58.9,3.660
58.9,3.660
58.9,3.660
58.9,3.660
58.9,3.660
58.9,3.660
58.9,3.660
58.9,3.660
58.9,3.660
59.0,3.660
59.0,3.660
59.0,3.660
59.0,3.660
59.0,3.660
59.0,3.665
59.0,3.665
59.0,3.665
58.9,3.665
58.9,3.665
58.9,3.665
58.9,3.665
58.9,3.665
58.9,3.665
58.9,3.665
58.9,3.665
59.0,3.665
59.0,3.665
59.0,3.665
59.0,3.665
59.0,3.665
59.0,3.665
59.0,3.665
59.0,3.665
59.0,3.665
59.0,3.665
59.0,3.665
59.0,3.665
58.9,3.665
58.9,3.665
58.9,3.665
58.9,3.665
58.9,3.670
58.9,3.670
58.9,3.670
59.0,3.670
58.9,3.670
59.0,3.670
59.0,3.670
59.1,3.670
59.1,3.670
59.1,3.670
59.1,3.670
59.1,3.670
59.1,3.670
59.1,3.670
59.0,3.670
59.0,3.670
58.9,3.670
58.9,3.670
59.0,3.670
58.9,3.670
58.9,3.670
58.9,3.670
58.9,3.670
59.0,3.670
59.0,3.670
59.0,3.670
59.1,3.670
59.1,3.670
59.1,3.675
59.1,3.675
59.1,3.675
59.1,3.675
59.1,3.675
59.1,3.675
59.1,3.675
59.0,3.675
59.0,3.675
59.0,3.675
58.9,3.675
58.9,3.675
58.9,3.675
58.9,3.675
58.9,3.675
58.9,3.675
58.9,3.675
58.9,3.675
59.0,3.675
59.1,3.675
59.0,3.675
59.0,3.675
59.0,3.675
59.0,3.675
59.1,3.675
59.1,3.675
59.1,3.675
59.1,3.675
59.1,3.675
59.1,3.675
58.9,3.675
59.0,3.680
59.0,3.680
59.0,3.680
59.0,3.680
59.0,3.680
59.0,3.680
59.1,3.680
59.1,3.680
59.1,3.680
59.1,3.680
59.1,3.680
59.1,3.680
59.1,3.680
59.1,3.680
59.1,3.680
59.1,3.680
59.1,3.680
59.1,3.680
59.0,3.680
59.0,3.680
59.0,3.680
59.0,3.680
59.0,3.680
59.0,3.680
59.0,3.680
59.0,3.680
59.0,3.680
59.0,3.680
59.0,3.680
59.0,3.680
59.0,3.680
59.0,3.685
59.0,3.685
59.0,3.685
59.0,3.685
59.1,3.685
59.1,3.685
59.1,3.685
59.1,3.685
59.1,3.685
59.1,3.685
59.0,3.685
59.0,3.685
59.0,3.685
59.0,3.685
59.0,3.685
59.0,3.685
59.0,3.685
59.0,3.685
59.0,3.685
59.0,3.685
59.0,3.685
59.0,3.685
59.0,3.685
59.0,3.685
59.0,3.685
59.0,3.685
59.1,3.685
59.1,3.685
59.1,3.690
59.1,3.690
59.1,3.690
59.1,3.690
59.1,3.690
59.1,3.690
59.1,3.690
59.0,3.690
59.0,3.690
59.0,3.690
59.0,3.690
59.0,3.690
59.0,3.690
59.1,3.690
59.1,3.690
59.1,3.690
59.1,3.690
59.1,3.690
59.1,3.690
59.1,3.690
59.1,3.690
59.1,3.690
59.1,3.690
59.1,3.690
59.1,3.690
59.1,3.690
59.1,3.690
59.1,3.690
59.1,3.690
59.1,3.695
59.1,3.695
59.1,3.695
59.1,3.695
59.1,3.695
59.1,3.695
59.1,3.695
59.1,3.695
59.1,3.695
59.1,3.695
59.1,3.695
59.1,3.695
59.1,3.695
59.1,3.695
59.1,3.695
59.1,3.695
59.1,3.695
59.1,3.695
59.1,3.695
59.1,3.695
59.1,3.695
59.1,3.695
59.1,3.695
59.1,3.695
59.1,3.695
59.2,3.695
59.2,3.695
59.2,3.695
59.2,3.700
59.2,3.700
59.2,3.700
59.2,3.700
59.2,3.700
59.2,3.700
59.1,3.700
59.1,3.700
59.1,3.700
59.1,3.700
59.1,3.700
59.1,3.700
59.1,3.700
59.1,3.700
59.1,3.700
59.1,3.700
59.1,3.700
59.1,3.700
59.1,3.700
59.1,3.700
59.1,3.700
59.1,3.700
59.1,3.700
59.1,3.700
59.1,3.700
59.1,3.700
59.1,3.700
59.1,3.705
59.1,3.705
59.1,3.705
59.1,3.705
59.1,3.705
59.1,3.705
59.1,3.705
59.1,3.705
59.1,3.705
59.1,3.705
59.1,3.705
59.1,3.705
59.1,3.705
59.1,3.705
59.1,3.705
59.1,3.705
59.1,3.705
59.2,3.705
59.2,3.705
59.2,3.705
59.2,3.705
59.2,3.705
59.2,3.705
59.2,3.705
59.2,3.705
59.1,3.705
59.1,3.705
59.1,3.710
59.0,3.710
59.0,3.710
59.0,3.710
59.0,3.710
59.0,3.710
59.0,3.710
59.0,3.710
59.1,3.710
59.1,3.710
59.2,3.710
59.2,3.710
59.2,3.710
59.2,3.710
59.2,3.710
59.2,3.710
59.2,3.710
59.2,3.710
59.1,3.710
59.1,3.710
59.0,3.710
59.0,3.710
59.0,3.710
59.1,3.710
59.1,3.710
59.1,3.715
59.1,3.715
59.2,3.715
59.2,3.715
59.1,3.715
59.1,3.715
59.1,3.715
59.1,3.715
59.1,3.715
59.1,3.715
59.1,3.715
59.1,3.715
59.1,3.715
59.1,3.715
59.1,3.715
59.1,3.715
59.1,3.715
59.1,3.715
59.1,3.715
59.1,3.715
59.1,3.715
59.1,3.715
59.2,3.715
59.2,3.715
59.2,3.715
59.2,3.715
59.2,3.715
59.2,3.715
59.2,3.715
59.2,3.720
59.2,3.720
59.2,3.720
59.2,3.720
59.2,3.720
59.2,3.720
59.2,3.720
59.2,3.720
59.2,3.720
59.1,3.720
59.1,3.720
59.1,3.720
59.1,3.720
59.1,3.720
59.1,3.720
59.1,3.720
59.1,3.720
59.1,3.720
59.2,3.720
59.2,3.720
59.2,3.720
59.2,3.720
59.2,3.720
59.2,3.720
59.2,3.720
59.2,3.720
59.2,3.720
59.2,3.720
59.1,3.720
59.1,3.725
59.1,3.725
59.1,3.725
59.1,3.725
59.1,3.725
59.1,3.725
59.1,3.725
59.1,3.725
59.2,3.725
59.2,3.725
59.2,3.725
59.2,3.725
59.2,3.725
59.2,3.725
59.2,3.725
59.2,3.725
59.2,3.725
59.2,3.725
59.2,3.725
59.2,3.725
59.2,3.725
59.2,3.725
59.2,3.725
59.2,3.725
59.2,3.725
59.2,3.725
59.2,3.725
59.2,3.725
59.2,3.730
59.2,3.730
59.2,3.730
59.2,3.730
59.2,3.730
59.2,3.730
59.2,3.730
59.2,3.730
59.2,3.730
59.2,3.730
59.2,3.730
59.2,3.730
59.2,3.730
59.2,3.730
59.2,3.730
59.1,3.730
59.1,3.730
59.1,3.730
59.1,3.730
59.2,3.730
59.2,3.730
59.2,3.730
59.2,3.730
59.2,3.730
59.2,3.730
59.2,3.730
59.2,3.735
59.2,3.735
59.2,3.735
59.2,3.735
59.2,3.735
59.2,3.735
59.2,3.735
59.2,3.735
59.1,3.735
59.1,3.735
59.1,3.735
59.1,3.735
59.1,3.735
59.1,3.735
59.1,3.735
59.1,3.735
59.2,3.735
59.2,3.735
59.2,3.735
59.2,3.735
59.2,3.735
59.2,3.735
59.2,3.735
59.2,3.735
59.2,3.735
59.2,3.735
59.2,3.735
59.2,3.735
59.2,3.735
59.2,3.735
59.2,3.735
59.2,3.740
59.2,3.740
59.2,3.740
59.2,3.740
59.2,3.740
59.2,3.740
59.2,3.740
59.2,3.740
59.3,3.740
59.3,3.740
59.3,3.740
59.3,3.740
59.3,3.740
59.3,3.740
59.3,3.740
59.3,3.740
59.3,3.740
59.2,3.740
59.2,3.740
59.2,3.740
59.2,3.740
59.2,3.740
59.2,3.740
59.2,3.740
59.2,3.740
59.3,3.740
59.3,3.740
59.4,3.740
59.4,3.740
59.4,3.740
59.4,3.740
59.4,3.745
59.4,3.745
59.4,3.745
59.3,3.745
59.3,3.745
59.2,3.745
59.2,3.745
59.2,3.745
59.2,3.745
59.2,3.745
59.2,3.745
59.3,3.745
59.3,3.745
59.4,3.745
59.4,3.745
59.4,3.745
59.4,3.745
59.4,3.745
59.4,3.745
59.4,3.745
59.4,3.745
59.4,3.745
59.3,3.745
59.3,3.745
59.2,3.745
59.2,3.745
59.2,3.745
59.2,3.745
59.2,3.745
59.2,3.750
59.2,3.750
59.3,3.750
59.3,3.750
59.4,3.750
59.4,3.750
59.4,3.750
59.4,3.750
59.4,3.750
59.4,3.750
59.4,3.750
59.4,3.750
59.4,3.750
59.3,3.750
59.3,3.750
59.3,3.750
59.3,3.750
59.3,3.750
59.3,3.750
59.3,3.750
59.3,3.750
59.3,3.750
59.3,3.750
59.3,3.750
59.3,3.750
59.3,3.750
59.3,3.750
59.3,3.750
59.3,3.750
59.3,3.750
59.3,3.755
59.3,3.755
59.3,3.755
59.3,3.755
59.3,3.755
59.3,3.755
59.3,3.755
59.3,3.755
59.3,3.755
59.3,3.755
59.3,3.755
59.3,3.755
59.3,3.755
59.3,3.755
59.3,3.755
59.3,3.755
59.3,3.755
59.3,3.755
59.3,3.755
59.3,3.755
59.3,3.755
59.3,3.755
59.3,3.755
59.3,3.755
59.3,3.755
59.3,3.755
59.3,3.755
59.3,3.755
59.3,3.755
59.3,3.755
59.3,3.760
59.3,3.760
59.3,3.760
59.3,3.760
59.4,3.760
59.4,3.760
59.4,3.760
59.4,3.760
59.4,3.760
59.4,3.760
59.4,3.760
59.4,3.760
59.4,3.760
59.4,3.760
59.4,3.760
59.4,3.760
59.4,3.760
59.4,3.760
59.4,3.760
59.4,3.760
59.4,3.760
59.4,3.760
59.4,3.760
59.4,3.760
59.4,3.760
59.4,3.760
59.4,3.760
59.4,3.760
59.4,3.765
59.4,3.765
59.4,3.765
59.4,3.765
59.4,3.765
59.4,3.765
59.4,3.765
59.4,3.765
59.4,3.765
59.4,3.765
59.4,3.765
59.4,3.765
59.4,3.765
59.4,3.765
59.4,3.765
59.4,3.765
59.4,3.765
59.4,3.765
59.4,3.765
59.4,3.765
59.4,3.765
59.4,3.765
59.4,3.765
59.4,3.765
59.4,3.765
59.4,3.765
59.4,3.770
59.4,3.770
59.5,3.770
59.5,3.770
59.5,3.770
59.5,3.770
59.5,3.770
59.5,3.770
59.5,3.770
59.5,3.770
59.5,3.770
59.5,3.770
59.4,3.770
59.4,3.770
59.4,3.770
59.4,3.770
59.4,3.770
59.4,3.770
59.4,3.770
59.5,3.770
59.5,3.770
59.5,3.770
59.6,3.770
59.6,3.770
59.6,3.770
59.6,3.770
59.6,3.770
59.6,3.775
59.6,3.775
59.5,3.775
59.5,3.775
59.5,3.775
59.4,3.775
59.4,3.775
59.4,3.775
59.4,3.775
59.4,3.775
59.4,3.775
59.4,3.775
59.5,3.775
59.5,3.775
59.6,3.775
59.6,3.775
59.6,3.775
59.6,3.775
59.6,3.775
59.6,3.775
59.6,3.775
59.6,3.775
59.6,3.775
59.5,3.775
59.5,3.775
59.4,3.775
59.4,3.780
59.5,3.780
59.5,3.780
59.5,3.780
59.5,3.780
59.5,3.780
59.6,3.780
59.6,3.780
59.6,3.780
59.5,3.780
59.5,3.780
59.5,3.780
59.6,3.780
59.6,3.780
59.5,3.780
59.5,3.780
59.5,3.780
59.5,3.780
59.5,3.780
59.5,3.780
59.5,3.780
59.5,3.780
59.5,3.780
59.5,3.780
59.5,3.780
59.5,3.780
59.5,3.785
59.5,3.785
59.5,3.785
59.5,3.785
59.5,3.785
59.5,3.785
59.5,3.785
59.5,3.785
59.5,3.785
59.6,3.785
59.6,3.785
59.6,3.785
59.6,3.785
59.6,3.785
59.6,3.785
59.6,3.785
59.6,3.785
59.6,3.785
59.5,3.785
59.5,3.785
59.5,3.785
59.6,3.785
59.6,3.785
59.6,3.785
59.6,3.785
59.7,3.790
59.7,3.790
59.7,3.790
59.7,3.790
59.7,3.790
59.7,3.790
59.7,3.790
59.6,3.790
59.6,3.790
59.6,3.790
59.5,3.790
59.5,3.790
59.5,3.790
59.5,3.790
59.5,3.790
59.5,3.790
59.5,3.790
59.7,3.790
59.7,3.790
59.7,3.790
59.7,3.790
59.7,3.790
59.7,3.790
59.7,3.790
59.7,3.790
59.6,3.790
59.6,3.795
59.5,3.795
59.5,3.795
59.5,3.795
59.5,3.795
59.5,3.795
59.5,3.795
59.5,3.795
59.5,3.795
59.6,3.795
59.6,3.795
59.7,3.795
59.7,3.795
59.7,3.795
59.7,3.795
59.7,3.795
59.7,3.795
59.7,3.795
59.7,3.795
59.6,3.795
59.6,3.795
59.5,3.795
59.5,3.795
59.6,3.795
59.6,3.795
59.5,3.795
59.5,3.795
59.5,3.795
59.6,3.795
59.6,3.800
59.7,3.800
59.7,3.800
59.7,3.800
59.7,3.800
59.7,3.800
59.7,3.800
59.7,3.800
59.7,3.800
59.6,3.800
59.6,3.800
59.5,3.800
59.5,3.800
59.5,3.800
59.5,3.800
59.5,3.800
59.5,3.800
59.5,3.800
59.6,3.800
59.6,3.800
59.6,3.800
59.7,3.800
59.7,3.800
59.7,3.800
59.7,3.800
59.7,3.800
59.7,3.800
59.7,3.800
59.7,3.800
59.7,3.800
59.7,3.800
59.7,3.805
59.7,3.805
59.7,3.805
59.7,3.805
59.6,3.805
59.6,3.805
59.6,3.805
59.6,3.805
59.6,3.805
59.6,3.805
59.6,3.805
59.7,3.805
59.7,3.805
59.7,3.805
59.7,3.805
59.7,3.805
59.7,3.805
59.7,3.805
59.7,3.805
59.7,3.805
59.7,3.805
59.7,3.805
59.6,3.805
59.6,3.805
59.6,3.805
59.6,3.805
59.6,3.805
59.6,3.805
59.7,3.805
59.7,3.805
59.7,3.810
59.7,3.810
59.8,3.810
59.8,3.810
59.8,3.810
59.8,3.810
59.7,3.810
59.7,3.810
59.7,3.810
59.6,3.810
59.6,3.810
59.6,3.810
59.6,3.810
59.6,3.810
59.6,3.810
59.6,3.810
59.6,3.810
59.7,3.810
59.7,3.810
59.8,3.810
59.8,3.810
59.8,3.810
59.8,3.810
59.8,3.810
59.8,3.810
59.8,3.810
59.8,3.810
59.8,3.810
59.8,3.810
59.8,3.815
59.7,3.815
59.6,3.815
59.7,3.815
59.7,3.815
59.7,3.815
59.7,3.815
59.7,3.815
59.7,3.815
59.7,3.815
59.7,3.815
59.8,3.815
59.8,3.815
59.8,3.815
59.8,3.815
59.8,3.815
59.8,3.815
59.8,3.815
59.8,3.815
59.8,3.815
59.8,3.815
59.7,3.815
59.7,3.815
59.7,3.815
59.7,3.815
59.7,3.815
59.7,3.815
59.7,3.815
59.7,3.815
59.7,3.815
59.7,3.815
59.7,3.815
59.7,3.820
59.7,3.820
59.7,3.820
59.7,3.820
59.7,3.820
59.7,3.820
59.7,3.820
59.7,3.820
59.7,3.820
59.7,3.820
59.7,3.820
59.7,3.820
59.7,3.820
59.7,3.820
59.7,3.820
59.7,3.820
59.7,3.820
59.7,3.820
59.7,3.820
59.7,3.820
59.7,3.820
59.7,3.820
59.7,3.820
59.7,3.820
59.7,3.820
59.7,3.820
59.7,3.820
59.7,3.820
59.7,3.820
59.7,3.820
59.7,3.820
59.7,3.820
59.7,3.820
59.7,3.825
59.7,3.825
59.7,3.825
59.7,3.825
59.7,3.825
59.8,3.825
59.8,3.825
59.8,3.825
59.8,3.825
59.8,3.825
59.8,3.825
59.8,3.825
59.8,3.825
59.8,3.825
59.8,3.825
59.8,3.825
59.8,3.825
59.8,3.825
59.8,3.825
59.8,3.825
59.8,3.825
59.8,3.825
59.8,3.825
59.8,3.825
59.8,3.825
59.8,3.825
59.9,3.825
59.9,3.825
59.9,3.825
59.9,3.825
59.9,3.825
59.9,3.825
59.9,3.830
59.9,3.830
59.9,3.830
59.8,3.830
59.9,3.830
59.8,3.830
59.8,3.830
59.8,3.830
59.8,3.830
59.8,3.830
59.8,3.830
59.8,3.830
59.8,3.830
59.8,3.830
59.8,3.830
59.8,3.830
59.8,3.830
59.9,3.830
59.9,3.830
59.9,3.830
59.9,3.830
59.9,3.830
59.9,3.830
59.9,3.830
59.9,3.830
59.9,3.830
59.9,3.830
59.9,3.830
59.9,3.830
59.9,3.830
59.9,3.830
59.9,3.830
59.9,3.835
59.9,3.835
59.9,3.835
59.9,3.835
59.9,3.835
59.9,3.835
59.9,3.835
59.9,3.835
59.9,3.835
59.9,3.835
59.9,3.835
59.9,3.835
59.9,3.835
59.9,3.835
59.9,3.835
59.9,3.835
59.9,3.835
59.9,3.835
59.9,3.835
59.9,3.835
59.9,3.835
59.9,3.835
59.9,3.835
59.9,3.835
59.9,3.835
59.9,3.835
59.8,3.835
59.8,3.835
59.8,3.835
59.8,3.835
59.8,3.835
59.8,3.835
59.8,3.835
59.8,3.835
59.8,3.835
59.8,3.840
59.8,3.840
59.8,3.840
59.8,3.840
59.8,3.840
59.8,3.840
59.8,3.840
59.8,3.840
59.8,3.840
59.8,3.840
59.8,3.840
59.8,3.840
59.8,3.840
59.8,3.840
59.9,3.840
59.9,3.840
59.9,3.840
59.9,3.840
59.9,3.840
59.9,3.840
59.9,3.840
59.9,3.840
59.9,3.840
59.9,3.840
59.9,3.840
59.9,3.840
59.9,3.840
59.9,3.840
59.9,3.840
59.9,3.840
59.9,3.840
59.9,3.840
59.9,3.840
59.9,3.840
59.9,3.840
59.9,3.840
59.9,3.845
59.9,3.845
59.9,3.845
59.9,3.845
59.9,3.845
59.9,3.845
59.9,3.845
59.9,3.845
59.9,3.845
59.9,3.845
59.9,3.845
59.9,3.845
59.9,3.845
59.9,3.845
59.9,3.845
59.9,3.845
59.9,3.845
59.9,3.845
59.9,3.845
59.9,3.845
59.9,3.845
59.9,3.845
59.9,3.845
59.9,3.845
59.9,3.845
59.9,3.845
59.9,3.845
59.9,3.845
59.9,3.845
59.9,3.845
59.9,3.845
59.9,3.845
59.9,3.845
59.9,3.850
59.9,3.850
59.9,3.850
59.9,3.850
59.9,3.850
59.9,3.850
59.9,3.850
59.9,3.850
59.9,3.850
60.0,3.850
60.0,3.850
60.0,3.850
60.0,3.850
60.0,3.850
60.0,3.850
60.0,3.850
60.0,3.850
60.0,3.850
60.0,3.850
60.0,3.850
60.0,3.850
60.0,3.850
60.0,3.850
60.0,3.850
60.0,3.850
60.0,3.850
60.0,3.850
60.0,3.850
60.0,3.850
60.0,3.850
60.0,3.850
60.0,3.850
60.0,3.850
60.0,3.850
60.0,3.850
60.0,3.850
60.0,3.855
60.0,3.855
60.0,3.855
60.0,3.855
60.0,3.855
60.0,3.855
60.0,3.855
60.0,3.855
60.0,3.855
60.0,3.855
60.0,3.855
60.0,3.855
60.0,3.855
60.0,3.855
60.0,3.855
60.0,3.855
60.0,3.855
60.0,3.855
60.0,3.855
60.0,3.855
60.0,3.855
60.0,3.855
60.0,3.855
60.0,3.855
60.0,3.855
60.0,3.855
60.0,3.855
59.9,3.855
59.9,3.855
59.9,3.855
59.9,3.855
59.9,3.855
59.9,3.855
59.9,3.855
59.9,3.855
59.9,3.855
59.9,3.855
60.0,3.855
60.0,3.855
60.0,3.860
60.0,3.860
60.0,3.860
60.0,3.860
60.0,3.860
60.0,3.860
60.0,3.860
60.0,3.860
60.0,3.860
60.0,3.860
60.0,3.860
60.0,3.860
60.0,3.860
60.0,3.860
60.0,3.860
60.0,3.860
60.0,3.860
60.0,3.860
60.0,3.860
60.0,3.860
60.0,3.860
60.0,3.860
60.0,3.860
60.0,3.860
60.0,3.860
60.0,3.860
60.0,3.860
60.0,3.860
60.0,3.860
60.0,3.860
60.0,3.860
60.0,3.860
60.0,3.860
60.0,3.860
60.0,3.860
60.0,3.860
60.0,3.860
60.0,3.860
60.0,3.860
60.0,3.860
60.0,3.865
60.0,3.865
60.1,3.865
60.1,3.865
60.1,3.865
60.1,3.865
60.1,3.865
60.1,3.865
60.1,3.865
60.1,3.865
60.0,3.865
60.0,3.865
60.0,3.865
60.0,3.865
60.0,3.865
60.0,3.865
60.0,3.865
60.0,3.865
60.0,3.865
60.0,3.865
60.1,3.865
60.1,3.865
60.1,3.865
60.1,3.865
60.1,3.865
60.1,3.865
60.1,3.865
60.1,3.865
60.1,3.865
60.1,3.865
60.1,3.865
60.1,3.865
60.1,3.865
60.1,3.865
60.1,3.865
60.1,3.865
60.1,3.865
60.1,3.865
60.1,3.870
60.1,3.870
60.1,3.870
60.1,3.870
60.1,3.870
60.1,3.870
60.1,3.870
60.1,3.870
60.1,3.870
60.1,3.870
60.1,3.870
60.1,3.870
60.1,3.870
60.1,3.870
60.1,3.870
60.1,3.870
60.1,3.870
60.1,3.870
60.1,3.870
60.1,3.870
60.1,3.870
60.1,3.870
60.1,3.870
60.1,3.870
60.1,3.870
60.1,3.870
60.1,3.870
60.1,3.870
60.1,3.870
60.1,3.870
60.1,3.870
60.1,3.870
60.1,3.870
60.1,3.870
60.1,3.875
60.1,3.875
60.1,3.875
60.1,3.875
60.1,3.875
60.1,3.875
60.1,3.875
60.1,3.875
60.1,3.875
60.1,3.875
60.1,3.875
60.1,3.875
60.1,3.875
60.1,3.875
60.1,3.875
60.1,3.875
60.1,3.875
60.1,3.875
60.1,3.875
60.1,3.875
60.1,3.875
60.1,3.875
60.1,3.875
60.1,3.875
60.1,3.875
60.1,3.875
60.1,3.875
60.1,3.875
60.1,3.875
60.1,3.875
60.1,3.875
60.1,3.875
60.2,3.875
60.2,3.875
60.2,3.875
60.2,3.880
60.2,3.880
60.2,3.880
60.2,3.880
60.2,3.880
60.2,3.880
60.1,3.880
60.1,3.880
60.1,3.880
60.1,3.880
60.1,3.880
60.1,3.880
60.1,3.880
60.1,3.880
60.1,3.880
60.2,3.880
60.2,3.880
60.2,3.880
60.2,3.880
60.2,3.880
60.2,3.880
60.2,3.880
60.2,3.880
60.2,3.880
60.2,3.880
60.2,3.880
60.2,3.880
60.2,3.880
60.2,3.880
60.2,3.880
60.2,3.880
60.2,3.880
60.2,3.880
60.2,3.885
60.2,3.885
60.2,3.885
60.2,3.885
60.2,3.885
60.2,3.885
60.2,3.885
60.2,3.885
60.2,3.885
60.2,3.885
60.2,3.885
60.2,3.885
60.2,3.885
60.2,3.885
60.2,3.885
60.2,3.885
60.2,3.885
60.2,3.885
60.2,3.885
60.2,3.885
60.2,3.885
60.2,3.885
60.2,3.885
60.2,3.885
60.2,3.885
60.2,3.885
60.2,3.885
60.2,3.885
60.2,3.885
60.2,3.885
60.2,3.890
60.2,3.890
60.2,3.890
60.2,3.890
60.2,3.890
60.2,3.890
60.2,3.890
60.2,3.890
60.2,3.890
60.1,3.890
60.2,3.890
60.2,3.890
60.2,3.890
60.2,3.890
60.2,3.890
60.3,3.890
60.3,3.890
60.3,3.890
60.3,3.890
60.4,3.890
60.3,3.890
60.3,3.890
60.3,3.890
60.3,3.890
60.2,3.890
60.2,3.890
60.2,3.895
60.2,3.895
60.2,3.895
60.2,3.895
60.2,3.895
60.2,3.895
60.2,3.895
60.2,3.895
60.2,3.895
60.3,3.895
60.3,3.895
60.3,3.895
60.3,3.895
60.3,3.895
60.3,3.895
60.3,3.895
60.3,3.895
60.3,3.895
60.3,3.895
60.3,3.895
60.3,3.895
60.3,3.895
60.3,3.895
60.3,3.895
60.3,3.895
60.3,3.895
60.3,3.895
60.3,3.900
60.3,3.900
60.3,3.900
60.3,3.900
60.3,3.900
60.3,3.900
60.4,3.900
60.4,3.900
60.4,3.900
60.4,3.900
60.4,3.900
60.4,3.900
60.4,3.900
60.4,3.900
60.4,3.900
60.4,3.900
60.4,3.900
60.4,3.900
60.3,3.900
60.3,3.900
60.3,3.900
60.3,3.900
60.3,3.900
60.3,3.900
60.3,3.900
60.3,3.905
60.3,3.905
60.3,3.905
60.3,3.905
60.4,3.905
60.4,3.905
60.4,3.905
60.4,3.905
60.4,3.905
60.4,3.905
60.4,3.905
60.4,3.905
60.4,3.905
60.4,3.905
60.3,3.905
60.3,3.905
60.3,3.905
60.3,3.905
60.3,3.905
60.3,3.905
60.3,3.905
60.3,3.905
60.3,3.905
60.3,3.910
60.3,3.910
60.4,3.910
60.4,3.910
60.4,3.910
60.4,3.910
60.4,3.910
60.4,3.910
60.4,3.910
60.4,3.910
60.4,3.910
60.4,3.910
60.4,3.910
60.3,3.910
60.3,3.910
60.3,3.910
60.3,3.910
60.3,3.910
60.3,3.910
60.3,3.910
60.5,3.910
60.4,3.910
60.4,3.910
60.4,3.915
60.4,3.915
60.4,3.915
60.4,3.915
60.4,3.915
60.4,3.915
60.4,3.915
60.4,3.915
60.4,3.915
60.4,3.915
60.4,3.915
60.4,3.915
60.4,3.915
60.4,3.915
60.4,3.915
60.4,3.915
60.4,3.915
60.4,3.915
60.4,3.915
60.4,3.915
60.4,3.915
60.4,3.915
60.4,3.915
60.4,3.915
60.4,3.915
60.4,3.915
60.4,3.915
60.4,3.920
60.4,3.920
60.4,3.920
60.4,3.920
60.4,3.920
60.4,3.920
60.4,3.920
60.4,3.920
60.4,3.920
60.4,3.920
60.4,3.920
60.4,3.920
60.4,3.920
60.4,3.920
60.4,3.920
60.4,3.920
60.4,3.920
60.4,3.920
60.4,3.920
60.4,3.920
60.4,3.920
60.4,3.920
60.4,3.920
60.4,3.920
60.4,3.920
60.4,3.920
60.4,3.920
60.4,3.920
60.4,3.920
60.4,3.920
60.4,3.925
60.4,3.925
60.4,3.925
60.4,3.925
60.4,3.925
60.4,3.925
60.4,3.925
60.4,3.925
60.4,3.925
60.4,3.925
60.4,3.925
60.4,3.925
60.4,3.925
60.4,3.925
60.5,3.925
60.5,3.925
60.5,3.925
60.5,3.925
60.5,3.925
60.5,3.925
60.5,3.925
60.5,3.925
60.5,3.925
60.5,3.925
60.5,3.925
60.5,3.925
60.5,3.925
60.5,3.925
60.4,3.925
60.4,3.925
60.4,3.925
60.4,3.925
60.4,3.930
60.4,3.930
60.4,3.930
60.4,3.930
60.5,3.930
60.5,3.930
60.5,3.930
60.5,3.930
60.5,3.930
60.5,3.930
60.5,3.930
60.5,3.930
60.5,3.930
60.5,3.930
60.5,3.930
60.5,3.930
60.5,3.930
60.5,3.930
60.5,3.930
60.5,3.930
60.5,3.930
60.5,3.930
60.5,3.930
60.5,3.930
60.5,3.930
60.5,3.930
60.5,3.930
60.5,3.930
60.5,3.930
60.5,3.930
60.5,3.930
60.5,3.930
60.5,3.930
60.5,3.930
60.5,3.930
60.5,3.930
60.5,3.930
60.5,3.930
60.5,3.930
60.5,3.930
60.5,3.935
60.5,3.935
60.5,3.935
60.5,3.935
60.5,3.935
60.5,3.935
60.5,3.935
60.5,3.935
60.5,3.935
60.5,3.935
60.5,3.935
60.5,3.935
60.5,3.935
60.5,3.935
60.5,3.935
60.5,3.935
60.5,3.935
60.5,3.935
60.5,3.935
60.5,3.935
60.5,3.935
60.5,3.935
60.5,3.935
60.5,3.935
60.5,3.935
60.5,3.935
60.5,3.935
60.5,3.935
60.5,3.935
60.5,3.935
60.5,3.935
60.5,3.935
60.5,3.935
60.5,3.935
60.5,3.935
60.5,3.935
60.5,3.935
60.5,3.935
60.5,3.935
60.5,3.935
60.5,3.935
60.5,3.935
60.5,3.935
60.5,3.935
60.5,3.940
60.5,3.940
60.5,3.940
60.5,3.940
60.5,3.940
60.5,3.940
60.5,3.940
60.5,3.940
60.5,3.940
60.5,3.940
60.5,3.940
60.5,3.940
60.5,3.940
60.6,3.940
60.6,3.940
60.6,3.940
60.6,3.940
60.6,3.940
60.6,3.940
60.6,3.940
60.6,3.940
60.6,3.940
60.6,3.940
60.6,3.940
60.6,3.940
60.6,3.940
60.6,3.940
60.6,3.940
60.6,3.940
60.6,3.940
60.6,3.940
60.6,3.940
60.6,3.940
60.6,3.940
60.6,3.940
60.6,3.940
60.6,3.940
60.6,3.940
60.6,3.940
60.6,3.940
60.6,3.940
60.6,3.940
60.6,3.940
60.6,3.940
60.6,3.940
60.6,3.945
60.6,3.945
60.6,3.945
60.6,3.945
60.6,3.945
60.6,3.945
60.6,3.945
60.6,3.945
60.6,3.945
60.6,3.945
60.6,3.945
60.6,3.945
60.6,3.945
60.6,3.945
60.6,3.945
60.6,3.945
60.6,3.945
60.6,3.945
60.6,3.945
60.6,3.945
60.6,3.945
60.6,3.945
60.6,3.945
60.5,3.945
60.5,3.945
60.5,3.945
60.5,3.945
60.6,3.945
60.6,3.945
60.7,3.945
60.7,3.945
60.7,3.945
60.7,3.945
60.7,3.945
60.7,3.945
60.7,3.945
60.7,3.945
60.6,3.945
60.6,3.945
60.6,3.945
60.6,3.950
60.6,3.950
60.6,3.950
60.6,3.950
60.6,3.950
60.6,3.950
60.6,3.950
60.6,3.950
60.6,3.950
60.7,3.950
60.6,3.950
60.6,3.950
60.6,3.950
60.7,3.950
60.7,3.950
60.7,3.950
60.7,3.950
60.7,3.950
60.6,3.950
60.6,3.950
60.5,3.950
60.5,3.950
60.5,3.950
60.6,3.950
60.6,3.950
60.6,3.950
60.7,3.950
60.7,3.950
60.7,3.950
60.7,3.950
60.7,3.950
60.7,3.950
60.7,3.950
60.7,3.950
60.7,3.950
60.7,3.950
60.7,3.950
60.6,3.955
60.6,3.955
60.6,3.955
60.6,3.955
60.6,3.955
60.6,3.955
60.6,3.955
60.6,3.955
60.6,3.955
60.6,3.955
60.6,3.955
60.6,3.955
60.6,3.955
60.6,3.955
60.6,3.955
60.6,3.955
60.6,3.955
60.6,3.955
60.6,3.955
60.6,3.955
60.6,3.955
60.6,3.955
60.6,3.955
60.6,3.955
60.6,3.955
60.6,3.955
60.6,3.955
60.6,3.955
60.6,3.955
60.6,3.955
60.6,3.955
60.7,3.955
60.7,3.955
60.7,3.955
60.7,3.955
60.7,3.955
60.7,3.955
60.7,3.955
60.7,3.955
60.7,3.960
60.7,3.960
60.7,3.960
60.7,3.960
60.7,3.960
60.7,3.960
60.7,3.960
60.7,3.960
60.7,3.960
60.7,3.960
60.7,3.960
60.7,3.960
60.7,3.960
60.7,3.960
60.7,3.960
60.7,3.960
60.7,3.960
60.7,3.960
60.7,3.960
60.7,3.960
60.7,3.960
60.7,3.960
60.7,3.960
60.7,3.960
60.7,3.960
60.7,3.960
60.7,3.960
60.7,3.960
60.7,3.960
60.7,3.960
60.7,3.960
60.7,3.960
60.7,3.960
60.7,3.960
60.7,3.960
60.7,3.960
60.7,3.965
60.7,3.965
60.7,3.965
60.7,3.965
60.7,3.965
60.7,3.965
60.7,3.965
60.7,3.965
60.7,3.965
60.7,3.965
60.7,3.965
60.7,3.965
60.7,3.965
60.7,3.965
60.7,3.965
60.7,3.965
60.7,3.965
60.7,3.965
60.7,3.965
60.7,3.965
60.7,3.965
60.8,3.965
60.8,3.965
60.8,3.965
60.8,3.965
60.8,3.965
60.8,3.965
60.8,3.965
60.8,3.965
60.8,3.965
60.8,3.965
60.8,3.965
60.8,3.965
60.8,3.970
60.8,3.970
60.8,3.970
60.7,3.970
60.7,3.970
60.7,3.970
60.7,3.970
60.7,3.970
60.7,3.970
60.7,3.970
60.7,3.970
60.7,3.970
60.7,3.970
60.7,3.970
60.7,3.970
60.8,3.970
60.8,3.970
60.8,3.970
60.8,3.970
60.8,3.970
60.8,3.970
60.8,3.970
60.7,3.970
60.7,3.970
60.7,3.970
60.7,3.970
60.7,3.970
60.7,3.970
60.7,3.975
60.7,3.975
60.7,3.975
60.8,3.975
60.8,3.975
60.8,3.975
60.8,3.975
60.8,3.975
60.8,3.975
60.8,3.975
60.8,3.975
60.8,3.975
60.7,3.975
60.7,3.975
60.7,3.975
60.7,3.975
60.8,3.975
60.8,3.975
60.8,3.975
60.8,3.975
60.8,3.975
60.8,3.975
60.8,3.975
60.8,3.975
60.9,3.975
60.9,3.975
60.9,3.975
60.9,3.975
60.9,3.975
60.9,3.975
60.9,3.975
60.8,3.980
60.8,3.980
60.8,3.980
60.8,3.980
60.8,3.980
60.8,3.980
60.8,3.980
60.8,3.980
60.8,3.980
60.9,3.980
60.9,3.980
60.9,3.980
60.9,3.980
60.9,3.980
60.9,3.980
60.9,3.980
60.9,3.980
60.8,3.980
60.8,3.980
60.8,3.980
60.8,3.980
60.8,3.980
60.8,3.980
60.8,3.980
60.8,3.980
60.8,3.980
60.8,3.980
60.9,3.980
60.9,3.980
60.9,3.980
60.9,3.985
60.9,3.985
60.9,3.985
60.9,3.985
60.9,3.985
60.9,3.985
60.9,3.985
60.9,3.985
60.8,3.985
60.8,3.985
60.8,3.985
60.8,3.985
60.8,3.985
60.8,3.985
61.0,3.985
60.9,3.985
60.9,3.985
60.9,3.985
60.9,3.985
60.9,3.985
60.9,3.985
60.9,3.985
60.9,3.985
60.9,3.985
60.9,3.985
60.9,3.985
60.9,3.985
60.9,3.985
60.9,3.990
60.9,3.990
60.9,3.990
60.9,3.990
60.9,3.990
60.9,3.990
60.9,3.990
60.9,3.990
60.9,3.990
60.9,3.990
60.9,3.990
60.9,3.990
60.9,3.990
60.9,3.990
60.9,3.990
60.9,3.990
60.9,3.990
60.9,3.990
60.9,3.990
60.9,3.990
60.9,3.990
60.9,3.990
60.9,3.990
60.9,3.990
60.9,3.990
60.9,3.990
60.9,3.990
60.9,3.990
60.9,3.990
61.0,3.990
61.0,3.995
61.0,3.995
61.0,3.995
61.0,3.995
61.0,3.995
61.0,3.995
61.0,3.995
61.0,3.995
60.9,3.995
60.9,3.995
60.9,3.995
60.9,3.995
60.9,3.995
60.9,3.995
60.9,3.995
60.9,3.995
60.9,3.995
60.9,3.995
60.9,3.995
60.9,3.995
60.9,3.995
60.9,3.995
60.9,3.995
60.9,3.995
60.9,3.995
60.9,3.995
60.9,3.995
60.9,3.995
60.9,3.995
61.0,3.995
61.0,3.995
61.0,3.995
61.0,3.995
61.0,3.995
61.0,3.995
61.0,3.995
61.0,4.000
61.0,4.000
61.0,4.000
61.0,4.000
61.0,4.000
61.0,4.000
61.0,4.000
61.0,4.000
61.0,4.000
61.0,4.000
61.0,4.000
61.0,4.000
61.0,4.000
61.0,4.000
61.0,4.000
61.0,4.000
61.0,4.000
61.0,4.000
61.0,4.000
61.0,4.000
61.0,4.000
61.0,4.000
61.0,4.000
61.0,4.000
61.0,4.000
61.0,4.000
61.0,4.000
61.0,4.000
61.0,4.000
61.0,4.000
61.0,4.000
61.0,4.000
61.0,4.000
61.0,4.000
61.0,4.000
61.0,4.000
61.0,4.000
61.0,4.000
61.0,4.000
61.0,4.000
61.0,4.000
61.0,4.000
61.0,4.000
61.0,4.000
61.0,4.000
61.0,4.005
61.0,4.005
61.0,4.005
61.0,4.005
61.0,4.005
61.0,4.005
61.0,4.005
61.0,4.005
61.0,4.005
61.0,4.005
61.0,4.005
61.0,4.005
61.0,4.005
61.0,4.005
61.0,4.005
61.0,4.005
61.0,4.005
61.0,4.005
61.0,4.005
61.0,4.005
61.0,4.005
61.0,4.005
61.0,4.005
61.0,4.005
61.0,4.005
61.0,4.005
61.0,4.005
61.0,4.005
61.0,4.005
61.0,4.005
61.0,4.005
61.0,4.005
61.0,4.005
61.0,4.005
61.0,4.005
61.0,4.005
61.0,4.005
61.0,4.005
61.0,4.005
61.0,4.005
61.0,4.005
61.0,4.005
61.0,4.005
61.0,4.005
61.0,4.005
61.0,4.005
61.0,4.010
61.0,4.010
61.0,4.010
61.1,4.010
61.1,4.010
61.1,4.010
61.1,4.010
61.1,4.010
61.1,4.010
61.1,4.010
61.1,4.010
61.0,4.010
61.0,4.010
61.0,4.010
61.0,4.010
61.0,4.010
61.0,4.010
61.0,4.010
61.0,4.010
61.1,4.010
61.1,4.010
61.1,4.010
61.1,4.010
61.1,4.010
61.1,4.010
61.1,4.010
61.1,4.010
61.1,4.010
61.1,4.010
61.0,4.010
61.0,4.010
61.0,4.010
61.0,4.010
61.0,4.010
61.0,4.010
61.0,4.010
61.0,4.010
61.0,4.010
61.1,4.010
61.1,4.010
61.1,4.010
61.1,4.010
61.1,4.010
61.1,4.010
61.1,4.015
61.1,4.015
61.1,4.015
61.1,4.015
61.1,4.015
61.1,4.015
61.1,4.015
61.1,4.015
61.1,4.015
61.1,4.015
61.1,4.015
61.1,4.015
61.1,4.015
61.1,4.015
61.1,4.015
61.1,4.015
61.1,4.015
61.1,4.015
61.1,4.015
61.1,4.015
61.1,4.015
61.1,4.015
61.1,4.015
61.1,4.015
61.1,4.015
61.1,4.015
61.1,4.015
61.1,4.015
61.1,4.015
61.1,4.015
61.1,4.015
61.1,4.015
61.1,4.015
61.1,4.015
61.1,4.015
61.1,4.015
61.1,4.015
61.1,4.020
61.1,4.020
61.1,4.020
61.1,4.020
61.1,4.020
61.1,4.020
61.1,4.020
61.2,4.020
61.2,4.020
61.2,4.020
61.2,4.020
61.2,4.020
61.2,4.020
61.2,4.020
61.2,4.020
61.2,4.020
61.1,4.020
61.1,4.020
61.1,4.020
61.1,4.020
61.1,4.020
61.1,4.020
61.1,4.020
61.1,4.020
61.1,4.020
61.1,4.020
61.1,4.020
61.1,4.020
61.1,4.020
61.1,4.020
61.1,4.020
61.1,4.020
61.1,4.020
61.1,4.025
61.1,4.025
61.1,4.025
61.1,4.025
61.1,4.025
61.1,4.025
61.1,4.025
61.1,4.025
61.1,4.025
61.1,4.025
61.1,4.025
61.1,4.025
61.2,4.025
61.2,4.025
61.2,4.025
61.2,4.025
61.2,4.025
61.2,4.025
61.2,4.025
61.2,4.025
61.2,4.025
61.2,4.025
61.2,4.025
61.2,4.025
61.2,4.025
61.2,4.025
61.2,4.025
61.2,4.025
61.1,4.025
61.1,4.030
61.1,4.030
61.1,4.030
61.1,4.030
61.1,4.030
61.2,4.030
61.3,4.030
61.2,4.030
61.2,4.030
61.2,4.030
61.2,4.030
61.2,4.030
61.2,4.030
61.1,4.030
61.1,4.030
61.1,4.030
61.1,4.030
61.1,4.030
61.1,4.030
61.1,4.030
61.1,4.030
61.1,4.030
61.1,4.030
61.2,4.030
61.2,4.030
61.2,4.030
61.2,4.030
61.2,4.035
61.2,4.035
61.2,4.035
61.2,4.035
61.2,4.035
61.2,4.035
61.2,4.035
61.2,4.035
61.2,4.035
61.2,4.035
61.2,4.035
61.2,4.035
61.2,4.035
61.2,4.035
61.2,4.035
61.2,4.035
61.2,4.035
61.2,4.035
61.2,4.035
61.2,4.035
61.2,4.035
61.2,4.035
61.2,4.035
61.2,4.035
61.2,4.035
61.2,4.035
61.2,4.040
61.2,4.040
61.2,4.040
61.2,4.040
61.2,4.040
61.2,4.040
61.2,4.040
61.2,4.040
61.2,4.040
61.2,4.040
61.2,4.040
61.2,4.040
61.2,4.040
61.2,4.040
61.2,4.040
61.2,4.040
61.2,4.040
61.2,4.040
61.2,4.040
61.2,4.040
61.3,4.040
61.3,4.040
61.3,4.040
61.3,4.040
61.3,4.040
61.3,4.040
61.3,4.045
61.3,4.045
61.2,4.045
61.2,4.045
61.2,4.045
61.2,4.045
61.2,4.045
61.2,4.045
61.2,4.045
61.3,4.045
61.3,4.045
61.3,4.045
61.3,4.045
61.3,4.045
61.3,4.045
61.3,4.045
61.3,4.045
61.3,4.045
61.3,4.045
61.2,4.045
61.2,4.045
61.3,4.045
61.3,4.045
61.3,4.045
61.3,4.050
61.3,4.050
61.3,4.050
61.3,4.050
61.3,4.050
61.4,4.050
61.4,4.050
61.4,4.050
61.3,4.050
61.4,4.050
61.4,4.050
61.4,4.050
61.4,4.050
61.4,4.050
61.4,4.050
61.4,4.050
61.4,4.050
61.3,4.050
61.3,4.050
61.3,4.050
61.3,4.050
61.3,4.050
61.3,4.055
61.3,4.055
61.4,4.055
61.4,4.055
61.4,4.055
61.4,4.055
61.4,4.055
61.4,4.055
61.4,4.055
61.4,4.055
61.4,4.055
61.4,4.055
61.3,4.055
61.3,4.055
61.3,4.055
61.3,4.055
61.3,4.055
61.3,4.055
61.3,4.055
61.3,4.055
61.3,4.055
61.3,4.055
61.3,4.055
61.3,4.055
61.4,4.055
61.4,4.060
61.4,4.060
61.4,4.060
61.4,4.060
61.4,4.060
61.4,4.060
61.4,4.060
61.4,4.060
61.4,4.060
61.4,4.060
61.4,4.060
61.4,4.060
61.3,4.060
61.3,4.060
61.3,4.060
61.3,4.060
61.3,4.060
61.3,4.060
61.3,4.060
61.4,4.060
61.4,4.060
61.5,4.060
61.5,4.060
61.5,4.060
61.5,4.060
61.5,4.065
61.5,4.065
61.5,4.065
61.5,4.065
61.5,4.065
61.5,4.065
61.4,4.065
61.4,4.065
61.4,4.065
61.4,4.065
61.4,4.065
61.4,4.065
61.4,4.065
61.4,4.065
61.4,4.065
61.4,4.065
61.5,4.065
61.5,4.065
61.5,4.065
61.5,4.065
61.5,4.065
61.5,4.065
61.5,4.065
61.5,4.070
61.5,4.070
61.5,4.070
61.4,4.070
61.4,4.070
61.4,4.070
61.4,4.070
61.4,4.070
61.4,4.070
61.4,4.070
61.5,4.070
61.5,4.070
61.5,4.070
61.5,4.070
61.5,4.070
61.5,4.070
61.5,4.070
61.5,4.070
61.5,4.070
61.5,4.070
61.4,4.070
61.4,4.070
61.4,4.070
61.4,4.070
61.4,4.070
61.4,4.075
61.4,4.075
61.4,4.075
61.4,4.075
61.5,4.075
61.5,4.075
61.5,4.075
61.5,4.075
61.5,4.075
61.5,4.075
61.5,4.075
61.5,4.075
61.5,4.075
61.5,4.075
61.5,4.075
61.5,4.075
61.5,4.075
61.5,4.075
61.5,4.075
61.5,4.075
61.5,4.075
61.5,4.075
61.5,4.075
61.5,4.075
61.5,4.075
61.5,4.080
61.5,4.080
61.5,4.080
61.6,4.080
61.6,4.080
61.6,4.080
61.6,4.080
61.6,4.080
61.6,4.080
61.6,4.080
61.6,4.080
61.5,4.080
61.5,4.080
61.5,4.080
61.5,4.080
61.5,4.080
61.5,4.080
61.5,4.080
61.5,4.080
61.5,4.080
61.5,4.080
61.5,4.080
61.5,4.080
61.5,4.080
61.5,4.080
61.5,4.080
61.5,4.080
61.5,4.085
61.5,4.085
61.5,4.085
61.5,4.085
61.5,4.085
61.5,4.085
61.5,4.085
61.5,4.085
61.6,4.085
61.6,4.085
61.6,4.085
61.6,4.085
61.6,4.085
61.6,4.085
61.6,4.085
61.5,4.085
61.5,4.085
61.5,4.085
61.5,4.085
61.5,4.085
61.5,4.085
61.5,4.085
61.5,4.085
61.5,4.085
61.5,4.085
61.5,4.085
61.5,4.085
61.5,4.085
61.5,4.090
61.5,4.090
61.5,4.090
61.5,4.090
61.5,4.090
61.5,4.090
61.5,4.090
61.5,4.090
61.5,4.090
61.6,4.090
61.6,4.090
61.6,4.090
61.6,4.090
61.6,4.090
61.6,4.090
61.6,4.090
61.5,4.090
61.5,4.090
61.5,4.090
61.5,4.090
61.5,4.090
61.5,4.090
61.5,4.090
61.6,4.090
61.6,4.090
61.6,4.090
61.7,4.090
61.7,4.090
61.7,4.090
61.7,4.090
61.7,4.090
61.7,4.090
61.6,4.095
61.5,4.095
61.5,4.095
61.5,4.095
61.5,4.095
61.5,4.095
61.5,4.095
61.5,4.095
61.5,4.095
61.7,4.095
61.7,4.095
61.7,4.095
61.7,4.095
61.7,4.095
61.7,4.095
61.7,4.095
61.7,4.095
61.7,4.095
61.7,4.095
61.7,4.095
61.7,4.095
61.7,4.095
61.7,4.095
61.5,4.095
61.6,4.095
61.6,4.095
61.6,4.095
61.6,4.095
61.6,4.095
61.6,4.095
61.6,4.095
61.7,4.095
61.7,4.095
61.7,4.095
61.7,4.095
61.7,4.100
61.7,4.100
61.7,4.100
61.7,4.100
61.7,4.100
61.7,4.100
61.7,4.100
61.7,4.100
61.7,4.100
61.6,4.100
61.6,4.100
61.6,4.100
61.6,4.100
61.6,4.100
61.6,4.100
61.6,4.100
61.6,4.100
61.6,4.100
61.6,4.100
61.6,4.100
61.6,4.100
61.6,4.100
61.6,4.100
61.6,4.100
61.6,4.100
61.6,4.100
61.6,4.100
61.6,4.100
61.6,4.100
61.6,4.100
61.6,4.100
61.6,4.100
61.6,4.100
61.6,4.100
61.6,4.100
61.6,4.100
61.6,4.100
61.6,4.105
61.6,4.105
61.6,4.105
61.6,4.105
61.6,4.105
61.6,4.105
61.6,4.105
61.6,4.105
61.7,4.105
61.7,4.105
61.7,4.105
61.7,4.105
61.7,4.105
61.7,4.105
61.7,4.105
61.7,4.105
61.7,4.105
61.7,4.105
61.7,4.105
61.7,4.105
61.7,4.105
61.7,4.105
61.7,4.105
61.7,4.105
61.7,4.105
61.7,4.105
61.7,4.105
61.7,4.105
61.7,4.105
61.7,4.105
61.7,4.105
61.7,4.105
61.7,4.105
61.7,4.105
61.7,4.105
61.7,4.110
61.7,4.110
61.7,4.110
61.7,4.110
61.7,4.110
61.7,4.110
61.7,4.110
61.7,4.110
61.7,4.110
61.7,4.110
61.7,4.110
61.7,4.110
61.7,4.110
61.7,4.110
61.7,4.110
61.7,4.110
61.7,4.110
61.7,4.110
61.7,4.110
61.7,4.110
61.7,4.110
61.7,4.110
61.7,4.110
61.7,4.110
61.7,4.110
61.7,4.110
61.7,4.110
61.7,4.110
61.7,4.110
61.8,4.110
61.8,4.110
61.8,4.110
61.8,4.110
61.8,4.110
61.8,4.110
61.8,4.115
61.7,4.115
61.7,4.115
61.7,4.115
61.7,4.115
61.7,4.115
61.7,4.115
61.8,4.115
61.8,4.115
61.8,4.115
61.8,4.115
61.8,4.115
61.8,4.115
61.8,4.115
61.8,4.115
61.8,4.115
61.8,4.115
61.8,4.115
61.8,4.115
61.8,4.115
61.8,4.115
61.8,4.115
61.8,4.115
61.7,4.115
61.7,4.115
61.7,4.115
61.7,4.115
61.7,4.115
61.7,4.115
61.7,4.115
61.8,4.115
61.8,4.115
61.8,4.115
61.8,4.115
61.8,4.115
61.8,4.115
61.8,4.115
61.8,4.115
61.8,4.115
61.8,4.120
61.8,4.120
61.8,4.120
61.8,4.120
61.8,4.120
61.8,4.120
61.8,4.120
61.8,4.120
61.8,4.120
61.8,4.120
61.8,4.120
61.8,4.120
61.8,4.120
61.8,4.120
61.8,4.120
61.8,4.120
61.8,4.120
61.8,4.120
61.8,4.120
61.8,4.120
61.8,4.120
61.8,4.120
61.8,4.120
61.8,4.120
61.7,4.120
61.7,4.120
61.7,4.120
61.7,4.120
61.9,4.120
61.9,4.120
61.9,4.120
61.9,4.120
61.9,4.120
61.9,4.120
61.9,4.120
61.9,4.120
61.9,4.125
61.9,4.125
61.8,4.125
61.8,4.125
61.8,4.125
61.7,4.125
61.7,4.125
61.7,4.125
61.7,4.125
61.7,4.125
61.7,4.125
61.7,4.125
61.9,4.125
61.9,4.125
61.9,4.125
61.9,4.125
61.9,4.125
61.9,4.125
61.9,4.125
61.9,4.125
61.9,4.125
61.9,4.125
61.9,4.125
61.9,4.125
61.9,4.125
61.9,4.125
61.8,4.125
61.8,4.125
61.8,4.125
61.8,4.125
61.8,4.125
61.8,4.125
61.8,4.130
61.8,4.130
61.8,4.130
61.8,4.130
61.8,4.130
61.8,4.130
61.8,4.130
61.8,4.130
61.8,4.130
61.8,4.130
61.8,4.130
61.8,4.130
61.8,4.130
61.8,4.130
61.8,4.130
61.8,4.130
61.8,4.130
61.8,4.130
61.8,4.130
61.8,4.130
61.8,4.130
61.8,4.130
61.8,4.130
61.8,4.130
61.8,4.130
61.8,4.130
61.8,4.130
61.8,4.130
61.8,4.135
61.8,4.135
61.8,4.135
61.8,4.135
61.8,4.135
61.8,4.135
61.8,4.135
61.8,4.135
61.8,4.135
61.8,4.135
61.8,4.135
61.8,4.135
61.8,4.135
61.8,4.135
61.9,4.135
61.9,4.135
61.9,4.135
61.9,4.135
61.9,4.135
61.9,4.135
61.9,4.135
61.9,4.135
61.9,4.135
61.9,4.135
61.9,4.135
61.9,4.135
61.9,4.135
61.9,4.135
61.9,4.135
61.9,4.135
61.9,4.140
61.9,4.140
61.9,4.140
61.9,4.140
61.9,4.140
61.9,4.140
61.9,4.140
61.9,4.140
61.9,4.140
61.9,4.140
61.9,4.140
61.9,4.140
61.9,4.140
61.9,4.140
61.9,4.140
61.9,4.140
61.9,4.140
61.9,4.140
61.9,4.140
61.9,4.140
61.9,4.140
61.9,4.140
61.9,4.140
61.9,4.140
61.9,4.140
61.9,4.140
61.9,4.140
61.9,4.140
61.9,4.140
61.9,4.145
61.9,4.145
61.9,4.145
61.9,4.145
61.9,4.145
61.9,4.145
61.9,4.145
61.9,4.145
61.9,4.145
61.9,4.145
61.9,4.145
61.9,4.145
61.9,4.145
61.9,4.145
61.9,4.145
61.9,4.145
61.9,4.145
61.9,4.145
61.9,4.145
61.9,4.145
61.9,4.145
61.9,4.145
61.9,4.145
61.9,4.145
61.9,4.145
61.9,4.145
61.9,4.145
61.9,4.145
61.9,4.145
61.9,4.150
61.9,4.150
61.9,4.150
61.9,4.150
61.9,4.150
61.9,4.150
61.9,4.150
61.9,4.150
61.9,4.150
61.9,4.150
61.9,4.150
61.9,4.150
61.9,4.150
62.0,4.150
62.0,4.150
62.0,4.150
62.0,4.150
62.0,4.150
62.0,4.150
62.0,4.150
62.0,4.150
62.0,4.150
62.0,4.150
62.0,4.150
62.0,4.150
62.0,4.150
62.0,4.150
62.0,4.150
62.0,4.150
62.0,4.150
62.0,4.155
62.0,4.155
62.0,4.155
62.0,4.155
62.0,4.155
62.0,4.155
62.0,4.155
62.0,4.155
62.0,4.155
62.0,4.155
62.0,4.155
62.0,4.155
62.0,4.155
62.0,4.155
62.0,4.155
62.0,4.155
62.0,4.155
62.0,4.155
62.0,4.155
62.0,4.155
62.0,4.155
62.0,4.155
62.0,4.155
62.0,4.155
62.0,4.155
62.0,4.155
62.0,4.155
62.0,4.155
62.0,4.155
62.0,4.155
62.0,4.155
62.0,4.155
62.0,4.155
62.0,4.160
62.0,4.160
62.0,4.160
62.0,4.160
62.0,4.160
62.0,4.160
62.0,4.160
62.0,4.160
62.0,4.160
62.0,4.160
62.0,4.160
62.0,4.160
62.0,4.160
62.0,4.160
62.0,4.160
62.0,4.160
62.0,4.160
62.0,4.160
62.0,4.160
62.0,4.160
62.0,4.160
62.0,4.160
62.0,4.160
62.0,4.160
62.0,4.160
62.0,4.160
62.1,4.160
62.1,4.160
62.1,4.160
62.1,4.160
62.1,4.160
62.1,4.160
62.1,4.160
62.1,4.160
62.1,4.160
62.1,4.165
62.1,4.165
62.1,4.165
62.1,4.165
62.1,4.165
62.1,4.165
62.1,4.165
62.1,4.165
62.1,4.165
62.1,4.165
62.1,4.165
62.1,4.165
62.1,4.165
62.1,4.165
62.1,4.165
62.1,4.165
62.1,4.165
62.1,4.165
62.1,4.165
62.1,4.165
62.1,4.165
62.1,4.165
62.1,4.165
62.1,4.165
62.1,4.165
62.1,4.165
62.1,4.165
62.1,4.165
62.1,4.165
62.1,4.165
62.1,4.165
62.1,4.165
62.1,4.165
62.1,4.170
62.1,4.170
62.1,4.170
62.1,4.170
62.1,4.170
62.1,4.170
62.1,4.170
62.1,4.170
62.1,4.170
62.1,4.170
62.1,4.170
62.1,4.170
62.1,4.170
62.1,4.170
62.1,4.170
62.1,4.170
62.1,4.170
62.1,4.170
62.1,4.170
62.1,4.170
62.0,4.170
62.0,4.170
62.0,4.170
62.0,4.170
62.0,4.170
62.1,4.170
62.1,4.170
62.1,4.170
62.1,4.170
62.1,4.170
62.1,4.170
62.1,4.170
62.1,4.170
62.1,4.170
62.1,4.170
62.1,4.170
62.1,4.170
62.1,4.175
62.1,4.175
62.1,4.175
62.1,4.175
62.1,4.175
62.1,4.175
62.1,4.175
62.1,4.175
62.1,4.175
62.1,4.175
62.1,4.175
62.1,4.175
62.1,4.175
62.1,4.175
62.1,4.175
62.1,4.175
62.1,4.175
62.1,4.175
62.1,4.175
62.1,4.175
62.1,4.175
62.1,4.175
62.1,4.175
62.1,4.175
62.1,4.175
62.1,4.175
62.1,4.175
62.1,4.175
62.1,4.175
62.1,4.175
62.1,4.175
62.1,4.175
62.1,4.175
62.1,4.175
62.1,4.175
62.1,4.175
62.1,4.175
62.1,4.175
62.1,4.175
62.1,4.180
62.1,4.180
62.1,4.180
62.1,4.180
62.1,4.180
62.1,4.180
62.1,4.180
62.1,4.180
62.1,4.180
62.1,4.180
62.1,4.180
62.1,4.180
62.2,4.180
62.2,4.180
62.2,4.180
62.2,4.180
62.2,4.180
62.1,4.180
62.2,4.180
62.2,4.180
62.1,4.180
62.1,4.180
62.1,4.180
62.1,4.180
62.1,4.180
62.1,4.180
62.1,4.180
62.2,4.180
62.2,4.180
62.2,4.180
62.2,4.180
62.2,4.180
62.2,4.180
62.2,4.180
62.2,4.180
62.2,4.180
62.2,4.180
62.2,4.180
62.2,4.180
62.2,4.180
62.2,4.180
62.2,4.180
62.2,4.185
62.2,4.185
62.2,4.185
62.2,4.185
62.2,4.185
62.2,4.185
62.2,4.185
62.2,4.185
62.2,4.185
62.2,4.185
62.2,4.185
62.2,4.185
62.2,4.185
62.2,4.185
62.2,4.185
62.2,4.185
62.2,4.185
62.2,4.185
62.2,4.185
62.2,4.185
62.2,4.185
62.2,4.185
62.2,4.185
62.2,4.185
62.2,4.185
62.2,4.185
62.2,4.185
62.2,4.185
62.2,4.185
62.2,4.185
62.2,4.185
62.2,4.185
62.2,4.185
62.2,4.185
62.2,4.185
62.2,4.185
62.2,4.185
62.2,4.185
62.2,4.190
62.2,4.190
62.2,4.190
62.2,4.190
62.2,4.190
62.2,4.190
62.2,4.190
62.2,4.190
62.2,4.190
62.2,4.190
62.2,4.190
62.2,4.190
62.2,4.190
62.2,4.190
62.2,4.190
62.2,4.190
62.2,4.190
62.2,4.190
62.2,4.190
62.3,4.190
62.3,4.190
62.3,4.190
62.3,4.190
62.3,4.190
62.3,4.190
62.3,4.190
62.3,4.190
62.3,4.190
62.3,4.190
62.3,4.190
62.3,4.190
62.3,4.190
62.3,4.190
62.3,4.190
62.3,4.190
62.3,4.190
62.3,4.195
62.3,4.195
62.3,4.195
62.3,4.195
62.3,4.195
62.3,4.195
62.3,4.195
62.3,4.195
62.3,4.195
62.3,4.195
62.3,4.195
62.3,4.195
62.2,4.195
62.2,4.195
62.2,4.195
62.2,4.195
62.2,4.195
62.2,4.195
62.2,4.195
62.2,4.195
62.2,4.195
62.3,4.195
62.3,4.195
62.3,4.195
62.3,4.195
62.3,4.195
62.3,4.195
62.3,4.195
62.3,4.195
62.3,4.195
62.3,4.195
62.3,4.195
62.3,4.195
62.3,4.195
62.3,4.195
62.3,4.195
62.3,4.195
62.3,4.195
62.3,4.200
62.3,4.200
62.3,4.200
62.3,4.200
62.3,4.200
62.3,4.200
62.3,4.200
62.3,4.200
62.3,4.200
62.3,4.200
62.3,4.200
62.3,4.200
62.3,4.200
62.3,4.200
62.3,4.200
62.3,4.200
62.3,4.200
62.3,4.200
62.3,4.200
62.3,4.200
62.3,4.200
62.3,4.200
62.3,4.200
62.3,4.200
62.3,4.200
62.3,4.200
62.3,4.200
62.3,4.200
62.3,4.200
62.3,4.200
62.3,4.200
62.3,4.200
62.3,4.200
62.3,4.200
62.3,4.200
62.3,4.205
62.3,4.205
62.3,4.205
62.3,4.205
62.3,4.205
62.3,4.205
62.3,4.205
62.4,4.205
62.4,4.205
62.4,4.205
62.4,4.205
62.4,4.205
62.4,4.205
62.4,4.205
62.4,4.205
62.4,4.205
62.4,4.205
62.4,4.205
62.4,4.205
62.3,4.205
62.3,4.205
62.3,4.205
62.3,4.205
62.3,4.205
62.3,4.205
62.3,4.205
62.4,4.205
62.4,4.205
62.4,4.205
62.4,4.205
62.4,4.205
62.4,4.205
62.4,4.210
62.4,4.210
62.4,4.210
62.4,4.210
62.3,4.210
62.3,4.210
62.3,4.210
62.3,4.210
62.3,4.210
62.3,4.210
62.3,4.210
62.3,4.210
62.4,4.210
62.4,4.210
62.4,4.210
62.4,4.210
62.4,4.210
62.4,4.210
62.4,4.210
62.4,4.210
62.4,4.210
62.4,4.210
62.4,4.210
62.4,4.210
62.4,4.210
62.4,4.210
62.4,4.210
62.4,4.210
62.4,4.215
62.4,4.215
62.4,4.215
62.4,4.215
62.4,4.215
62.4,4.215
62.4,4.215
62.4,4.215
62.4,4.215
62.4,4.215
62.4,4.215
62.4,4.215
62.4,4.215
62.4,4.215
62.4,4.215
62.4,4.215
62.4,4.215
62.4,4.215
62.4,4.215
62.4,4.215
62.4,4.215
62.4,4.215
62.4,4.215
62.4,4.215
62.4,4.215
62.4,4.215
62.4,4.215
62.4,4.215
62.4,4.215
62.4,4.215
62.4,4.215
62.4,4.215
62.4,4.215
62.4,4.220
62.4,4.220
62.4,4.220
62.4,4.220
62.4,4.220
62.4,4.220
62.4,4.220
62.4,4.220
62.4,4.220
62.4,4.220
62.4,4.220
62.4,4.220
62.4,4.220
62.4,4.220
62.4,4.220
62.4,4.220
62.4,4.220
62.4,4.220
62.5,4.220
62.5,4.220
62.5,4.220
62.5,4.220
62.5,4.220
62.5,4.220
62.5,4.220
62.5,4.220
62.5,4.220
62.5,4.220
62.4,4.220
62.4,4.220
62.4,4.220
62.4,4.220
62.4,4.220
62.4,4.225
62.4,4.225
62.4,4.225
62.4,4.225
62.5,4.225
62.5,4.225
62.5,4.225
62.5,4.225
62.5,4.225
62.5,4.225
62.5,4.225
62.5,4.225
62.5,4.225
62.5,4.225
62.5,4.225
62.5,4.225
62.4,4.225
62.4,4.225
62.4,4.225
62.4,4.225
62.4,4.225
62.4,4.225
62.5,4.225
62.5,4.225
62.6,4.225
62.6,4.225
62.6,4.225
62.6,4.225
62.6,4.225
62.6,4.225
62.6,4.225
62.6,4.230
62.6,4.230
62.6,4.230
62.5,4.230
62.5,4.230
62.5,4.230
62.5,4.230
62.5,4.230
62.5,4.230
62.5,4.230
62.5,4.230
62.5,4.230
62.5,4.230
62.5,4.230
62.6,4.230
62.6,4.230
62.6,4.230
62.6,4.230
62.6,4.230
62.6,4.230
62.6,4.230
62.6,4.230
62.5,4.230
62.5,4.230
62.5,4.230
62.5,4.230
62.5,4.230
62.5,4.230
62.5,4.230
62.5,4.230
62.5,4.230
62.5,4.235
62.5,4.235
62.5,4.235
62.5,4.235
62.5,4.235
62.5,4.235
62.5,4.235
62.5,4.235
62.6,4.235
62.6,4.235
62.6,4.235
62.6,4.235
62.6,4.235
62.6,4.235
62.6,4.235
62.6,4.235
62.6,4.235
62.5,4.235
62.5,4.235
62.5,4.235
62.5,4.235
62.5,4.235
62.5,4.235
62.5,4.235
62.5,4.235
62.6,4.235
62.6,4.235
62.6,4.235
62.6,4.235
62.6,4.235
62.6,4.235
62.6,4.235
62.6,4.240
62.6,4.240
62.6,4.240
62.6,4.240
62.6,4.240
62.6,4.240
62.6,4.240
62.6,4.240
62.6,4.240
62.6,4.240
62.6,4.240
62.6,4.240
62.6,4.240
62.7,4.240
62.7,4.240
62.7,4.240
62.7,4.240
62.7,4.240
62.7,4.240
62.7,4.240
62.6,4.240
62.6,4.240
62.6,4.240
62.5,4.240
62.5,4.240
62.5,4.240
62.5,4.240
62.5,4.240
62.7,4.240
62.7,4.240
62.7,4.240
62.7,4.240
62.7,4.245
62.7,4.245
62.7,4.245
62.7,4.245
62.7,4.245
62.7,4.245
62.7,4.245
62.7,4.245
62.7,4.245
62.7,4.245
62.7,4.245
62.7,4.245
62.8,4.245
62.9,4.245
62.9,4.245
63.0,4.245
63.0,4.245
63.1,4.245
63.2,4.245
63.2,4.245
63.2,4.245
63.2,4.245
63.2,4.245
63.2,4.245
63.1,4.245
63.1,4.245
63.1,4.245
63.0,4.245
63.0,4.245
63.0,4.250
63.0,4.250
63.0,4.250
63.0,4.250
63.0,4.250
63.0,4.250
63.0,4.250
63.1,4.250
63.2,4.250
63.2,4.250
63.2,4.250
63.2,4.250
63.2,4.250
63.2,4.250
63.2,4.250
63.2,4.250
63.2,4.250
63.2,4.250
63.1,4.250
63.1,4.250
63.1,4.250
63.0,4.250
63.0,4.250
63.0,4.250
63.0,4.250
63.0,4.250
63.0,4.250
63.2,4.250
63.2,4.250
63.2,4.250
63.2,4.255
63.2,4.255
63.2,4.255
63.2,4.255
63.2,4.255
63.2,4.255
63.2,4.255
63.2,4.255
63.1,4.255
63.1,4.255
63.1,4.255
63.1,4.255
63.0,4.255
63.0,4.255
63.0,4.255
63.0,4.255
63.0,4.255
63.0,4.255
63.0,4.255
63.2,4.255
63.2,4.255
63.2,4.255
63.2,4.255
63.2,4.255
63.2,4.255
63.2,4.255
63.2,4.255
63.1,4.255
63.0,4.255
63.0,4.255
63.0,4.255
62.9,4.260
62.9,4.260
62.9,4.260
62.9,4.260
62.9,4.260
62.9,4.260
62.9,4.260
62.9,4.260
62.9,4.260
63.0,4.260
63.0,4.260
63.0,4.260
63.0,4.260
63.0,4.260
63.0,4.260
63.0,4.260
63.0,4.260
63.0,4.260
63.0,4.260
62.9,4.260
62.9,4.260
62.8,4.260
62.8,4.260
62.8,4.260
62.8,4.260
62.8,4.260
62.8,4.260
62.8,4.260
62.8,4.260
62.8,4.260
62.8,4.265
62.9,4.265
62.9,4.265
62.9,4.265
62.9,4.265
62.9,4.265
62.9,4.265
62.9,4.265
62.9,4.265
62.9,4.265
62.9,4.265
62.9,4.265
62.9,4.265
62.9,4.265
62.8,4.265
62.8,4.265
62.8,4.265
62.8,4.265
62.8,4.265
62.8,4.265
62.8,4.265
62.8,4.265
62.8,4.265
62.8,4.265
62.8,4.265
62.9,4.265
62.9,4.265
62.9,4.265
62.9,4.265
62.9,4.270
62.9,4.270
62.9,4.270
62.9,4.270
62.9,4.270
62.9,4.270
62.9,4.270
62.9,4.270
62.9,4.270
62.9,4.270
62.8,4.270
62.8,4.270
62.8,4.270
62.8,4.270
62.8,4.270
62.8,4.270
62.8,4.270
62.8,4.270
62.8,4.270
62.9,4.270
62.9,4.270
62.9,4.270
62.9,4.270
62.9,4.270
62.9,4.270
62.9,4.270
62.9,4.270
62.9,4.270
62.9,4.270
62.9,4.275
62.9,4.275
62.9,4.275
62.9,4.275
62.9,4.275
62.9,4.275
62.9,4.275
62.9,4.275
62.9,4.275
62.9,4.275
62.9,4.275
62.9,4.275
62.9,4.275
62.9,4.275
62.9,4.275
62.9,4.275
62.9,4.275
62.9,4.275
62.9,4.275
62.9,4.275
62.9,4.275
62.9,4.275
62.9,4.275
62.9,4.275
62.9,4.275
62.9,4.275
62.8,4.275
62.8,4.275
62.8,4.275
62.8,4.275
62.8,4.275
62.8,4.275
62.8,4.280
62.8,4.280
62.8,4.280
62.8,4.280
62.8,4.280
62.8,4.280
62.8,4.280
62.8,4.280
62.8,4.280
62.8,4.280
62.8,4.280
62.8,4.280
62.8,4.280
62.8,4.280
62.8,4.280
62.8,4.280
62.8,4.280
62.8,4.280
62.8,4.280
62.8,4.280
62.8,4.280
62.8,4.280
62.8,4.280
62.8,4.280
62.8,4.280
62.8,4.280
62.8,4.280
62.8,4.280
62.8,4.280
62.8,4.280
62.9,4.280
62.9,4.280
62.9,4.280
62.9,4.280
62.9,4.285
62.9,4.285
62.9,4.285
62.9,4.285
62.9,4.285
62.9,4.285
62.9,4.285
62.9,4.285
62.9,4.285
62.9,4.285
62.9,4.285
62.9,4.285
62.9,4.285
62.9,4.285
62.9,4.285
62.9,4.285
62.9,4.285
62.9,4.285
62.9,4.285
62.9,4.285
62.9,4.285
62.9,4.285
62.9,4.285
62.9,4.285
63.0,4.285
62.9,4.285
62.9,4.285
62.9,4.285
62.9,4.285
62.9,4.285
62.9,4.285
62.9,4.285
62.9,4.285
62.9,4.285
62.9,4.285
62.9,4.285
62.9,4.290
62.9,4.290
62.9,4.290
62.9,4.290
62.9,4.290
62.9,4.290
62.9,4.290
63.0,4.290
63.0,4.290
63.0,4.290
63.0,4.290
63.0,4.290
63.0,4.290
62.9,4.290
62.9,4.290
62.9,4.290
62.9,4.290
62.9,4.290
62.9,4.290
62.9,4.290
62.9,4.290
62.9,4.290
62.9,4.290
62.9,4.290
62.9,4.290
62.9,4.290
62.9,4.290
62.9,4.290
62.9,4.290
62.9,4.290
63.0,4.290
63.0,4.290
63.0,4.290
63.0,4.290
63.0,4.290
63.0,4.290
63.0,4.295
63.0,4.295
63.0,4.295
63.0,4.295
63.0,4.295
63.0,4.295
63.0,4.295
63.0,4.295
63.0,4.295
63.0,4.295
63.0,4.295
63.0,4.295
63.0,4.295
63.0,4.295
63.0,4.295
63.0,4.295
63.0,4.295
63.0,4.295
63.0,4.295
63.0,4.295
63.0,4.295
63.0,4.295
63.0,4.295
63.0,4.295
63.0,4.295
63.0,4.295
63.0,4.295
63.0,4.295
63.0,4.295
62.9,4.295
62.9,4.295
62.9,4.295
62.9,4.295
62.9,4.295
63.0,4.295
63.0,4.295
63.0,4.295
63.0,4.295
63.0,4.295
63.1,4.295
63.1,4.295
63.1,4.295
63.1,4.295
63.1,4.295
63.1,4.295
63.1,4.295
63.1,4.300
63.0,4.300
63.0,4.300
63.0,4.300
63.0,4.300
63.0,4.300
63.0,4.300
63.0,4.300
63.0,4.300
63.0,4.300
63.1,4.300
63.1,4.300
63.1,4.300
63.1,4.300
63.1,4.300
63.1,4.300
63.1,4.300
63.1,4.300
63.0,4.300
63.0,4.300
63.0,4.300
63.0,4.300
63.0,4.300
63.0,4.300
63.0,4.300
63.0,4.300
63.0,4.300
63.1,4.300
63.1,4.300
63.1,4.300
63.1,4.300
63.1,4.300
63.1,4.300
63.1,4.300
63.1,4.300
63.1,4.300
63.1,4.300
63.1,4.300
63.1,4.300
63.1,4.300
63.0,4.300
63.0,4.300
63.0,4.300
63.0,4.300
63.0,4.300
63.0,4.300
63.0,4.300
63.0,4.300
63.0,4.300
63.0,4.300
63.0,4.300
63.0,4.305
63.0,4.305
63.1,4.305
63.1,4.305
63.1,4.305
63.1,4.305
63.1,4.305
63.1,4.305
63.1,4.305
63.1,4.305
63.1,4.305
63.1,4.305
63.1,4.305
63.1,4.305
63.1,4.305
63.1,4.305
63.1,4.305
63.1,4.305
63.1,4.305
63.1,4.305
63.1,4.305
63.1,4.305
63.1,4.305
63.1,4.305
63.1,4.305
63.1,4.305
63.1,4.305
63.1,4.305
63.1,4.305
63.1,4.305
63.1,4.305
63.1,4.305
63.1,4.305
63.1,4.305
63.1,4.305
63.0,4.305
63.0,4.305
63.0,4.305
63.0,4.305
63.0,4.305
63.0,4.305
63.0,4.305
63.0,4.305
63.1,4.305
63.1,4.305
63.1,4.305
63.1,4.305
63.1,4.305
63.1,4.305
63.1,4.305
63.1,4.310
63.1,4.310
63.0,4.310
63.0,4.310
63.0,4.310
63.0,4.310
63.0,4.310
63.0,4.310
63.0,4.310
63.0,4.310
63.0,4.310
63.0,4.310
63.0,4.310
63.1,4.310
63.1,4.310
63.1,4.310
63.1,4.310
63.1,4.310
63.1,4.310
63.1,4.310
63.1,4.310
63.1,4.310
63.1,4.310
63.1,4.310
63.1,4.310
63.1,4.310
63.1,4.310
63.1,4.310
63.1,4.310
63.1,4.310
63.1,4.310
63.1,4.310
63.1,4.310
63.1,4.310
63.1,4.310
63.1,4.310
63.1,4.310
63.1,4.310
63.1,4.310
63.1,4.310
63.1,4.310
63.1,4.310
63.1,4.310
63.1,4.310
63.1,4.310
63.1,4.310
63.1,4.310
63.1,4.310
63.1,4.310
63.1,4.310
63.1,4.310
63.1,4.310
63.1,4.315
63.1,4.315
63.1,4.315
63.1,4.315
63.1,4.315
63.1,4.315
63.1,4.315
63.1,4.315
63.1,4.315
63.1,4.315
63.1,4.315
63.1,4.315
63.2,4.315
63.2,4.315
63.2,4.315
63.2,4.315
63.2,4.315
63.2,4.315
63.2,4.315
63.2,4.315
63.2,4.315
63.2,4.315
63.2,4.315
63.2,4.315
63.2,4.315
63.2,4.315
63.2,4.315
63.2,4.315
63.2,4.315
63.2,4.315
63.2,4.315
63.2,4.315
63.2,4.315
63.2,4.315
63.2,4.315
63.2,4.315
63.2,4.315
63.2,4.315
63.2,4.315
63.2,4.315
63.2,4.315
63.2,4.315
63.2,4.315
63.2,4.315
63.2,4.315
63.2,4.315
63.2,4.315
63.2,4.315
63.2,4.315
63.2,4.315
63.2,4.315
63.2,4.315
63.2,4.315
63.2,4.315
63.2,4.320
63.1,4.320
63.1,4.320
63.1,4.320
63.1,4.320
63.1,4.320
63.1,4.320
63.1,4.320
63.1,4.320
63.1,4.320
63.2,4.320
63.2,4.320
63.2,4.320
63.2,4.320
63.2,4.320
63.2,4.320
63.2,4.320
63.2,4.320
63.2,4.320
63.2,4.320
63.2,4.320
63.2,4.320
63.2,4.320
63.2,4.320
63.2,4.320
63.2,4.320
63.2,4.320
63.2,4.320
63.2,4.320
63.2,4.320
63.2,4.320
63.2,4.320
63.2,4.320
63.2,4.320
63.2,4.320
63.2,4.320
63.2,4.320
63.2,4.320
63.2,4.320
63.2,4.320
63.2,4.320
63.1,4.320
63.1,4.320
63.1,4.320
63.1,4.320
63.1,4.320
63.1,4.320
63.1,4.320
63.1,4.325
63.1,4.325
63.1,4.325
63.1,4.325
63.1,4.325
63.2,4.325
63.2,4.325
63.2,4.325
63.2,4.325
63.2,4.325
63.2,4.325
63.1,4.325
63.1,4.325
63.1,4.325
63.1,4.325
63.1,4.325
63.1,4.325
63.1,4.325
63.1,4.325
63.1,4.325
63.1,4.325
63.1,4.325
63.1,4.325
63.1,4.325
63.1,4.325
63.1,4.325
63.1,4.325
63.1,4.325
63.2,4.325
63.2,4.325
63.2,4.325
63.2,4.325
63.2,4.325
63.2,4.325
63.2,4.325
63.2,4.325
63.2,4.325
63.2,4.325
63.2,4.325
63.2,4.325
63.2,4.330
63.2,4.330
63.2,4.330
63.2,4.330
63.2,4.330
63.2,4.330
63.2,4.330
63.2,4.330
63.2,4.330
63.2,4.330
63.2,4.330
63.2,4.330
63.2,4.330
63.2,4.330
63.2,4.330
63.2,4.330
63.2,4.330
63.2,4.330
63.2,4.330
63.2,4.330
63.2,4.330
63.2,4.330
63.2,4.330
63.2,4.330
63.2,4.330
63.2,4.330
63.2,4.330
63.2,4.330
63.2,4.330
63.2,4.330
63.2,4.330
63.2,4.330
63.3,4.330
63.3,4.330
63.3,4.330
63.3,4.330
63.3,4.330
63.3,4.330
63.3,4.330
63.3,4.335
63.3,4.335
63.3,4.335
63.3,4.335
63.3,4.335
63.2,4.335
63.2,4.335
63.2,4.335
63.2,4.335
63.2,4.335
63.2,4.335
63.3,4.335
63.3,4.335
63.3,4.335
63.3,4.335
63.3,4.335
63.3,4.335
63.3,4.335
63.3,4.335
63.3,4.335
63.3,4.335
63.3,4.335
63.2,4.335
63.2,4.335
63.2,4.335
63.2,4.335
63.2,4.335
63.2,4.335
63.2,4.335
63.2,4.335
63.2,4.335
63.2,4.335
63.2,4.335
63.3,4.335
63.3,4.335
63.3,4.335
63.3,4.340
63.3,4.340
63.3,4.340
63.3,4.340
63.3,4.340
63.3,4.340
63.2,4.340
63.2,4.340
63.3,4.340
63.3,4.340
63.2,4.340
63.2,4.340
63.2,4.340
63.2,4.340
63.2,4.340
63.2,4.340
63.2,4.340
63.2,4.340
63.3,4.340
63.3,4.340
63.3,4.340
63.3,4.340
63.3,4.340
63.3,4.340
63.3,4.340
63.3,4.340
63.3,4.340
63.3,4.340
63.3,4.340
63.3,4.340
63.3,4.340
63.3,4.340
63.3,4.340
63.3,4.340
63.3,4.340
63.3,4.340
63.3,4.340
63.3,4.340
63.3,4.340
63.3,4.345
63.3,4.345
63.3,4.345
63.3,4.345
63.3,4.345
63.3,4.345
63.3,4.345
63.3,4.345
63.3,4.345
63.3,4.345
63.3,4.345
63.3,4.345
63.3,4.345
63.3,4.345
63.3,4.345
63.3,4.345
63.3,4.345
63.3,4.345
63.3,4.345
63.3,4.345
63.3,4.345
63.3,4.345
63.3,4.345
63.3,4.345
63.3,4.345
63.3,4.345
63.3,4.345
63.4,4.345
63.4,4.345
63.4,4.345
63.4,4.345
63.4,4.345
63.4,4.345
63.4,4.345
63.4,4.345
63.4,4.345
63.4,4.350
63.4,4.350
63.3,4.350
63.3,4.350
63.3,4.350
63.3,4.350
63.3,4.350
63.3,4.350
63.3,4.350
63.3,4.350
63.4,4.350
63.4,4.350
63.4,4.350
63.4,4.350
63.4,4.350
63.4,4.350
63.4,4.350
63.4,4.350
63.4,4.350
63.4,4.350
63.4,4.350
63.4,4.350
63.4,4.350
63.4,4.350
63.4,4.350
63.4,4.350
63.4,4.350
63.4,4.350
63.4,4.350
63.4,4.350
63.4,4.350
63.4,4.350
63.4,4.350
63.4,4.350
63.4,4.350
63.4,4.355
63.4,4.355
63.4,4.355
63.4,4.355
63.4,4.355
63.4,4.355
63.4,4.355
63.4,4.355
63.4,4.355
63.3,4.355
63.3,4.355
63.3,4.355
63.3,4.355
63.3,4.355
63.3,4.355
63.3,4.355
63.3,4.355
63.3,4.355
63.3,4.355
63.3,4.355
63.4,4.355
63.4,4.355
63.4,4.355
63.4,4.355
63.4,4.355
63.4,4.355
63.4,4.355
63.3,4.355
63.4,4.355
63.3,4.355
63.3,4.355
63.3,4.355
63.3,4.355
63.3,4.355
63.3,4.355
63.3,4.355
63.3,4.355
63.3,4.355
63.4,4.360
63.4,4.360
63.4,4.360
63.4,4.360
63.4,4.360
63.4,4.360
63.4,4.360
63.4,4.360
63.4,4.360
63.4,4.360
63.4,4.360
63.4,4.360
63.4,4.360
63.4,4.360
63.4,4.360
63.4,4.360
63.4,4.360
63.4,4.360
63.4,4.360
63.4,4.360
63.4,4.360
63.4,4.360
63.4,4.360
63.4,4.360
63.4,4.360
63.4,4.360
63.4,4.360
63.4,4.360
63.4,4.360
63.4,4.360
63.4,4.360
63.4,4.360
63.4,4.360
63.4,4.360
63.4,4.360
63.4,4.360
63.4,4.360
63.4,4.365
63.4,4.365
63.4,4.365
63.4,4.365
63.4,4.365
63.4,4.365
63.4,4.365
63.4,4.365
63.4,4.365
63.4,4.365
63.4,4.365
63.4,4.365
63.4,4.365
63.4,4.365
63.4,4.365
63.4,4.365
63.4,4.365
63.4,4.365
63.4,4.365
63.4,4.365
63.4,4.365
63.4,4.365
63.4,4.365
63.4,4.365
63.4,4.365
63.4,4.365
63.4,4.365
63.4,4.365
63.4,4.365
63.4,4.365
63.4,4.365
63.4,4.365
63.4,4.365
63.4,4.365
63.3,4.365
63.3,4.365
63.3,4.365
63.3,4.365
63.3,4.365
63.3,4.370
63.3,4.370
63.3,4.370
63.4,4.370
63.4,4.370
63.4,4.370
63.4,4.370
63.4,4.370
63.4,4.370
63.5,4.370
63.5,4.370
63.5,4.370
63.5,4.370
63.5,4.370
63.5,4.370
63.5,4.370
63.5,4.370
63.5,4.370
63.5,4.370
63.5,4.370
63.5,4.370
63.5,4.370
63.5,4.370
63.5,4.370
63.4,4.370
63.4,4.370
63.4,4.370
63.4,4.370
63.4,4.370
63.4,4.370
63.4,4.370
63.4,4.370
63.4,4.370
63.4,4.370
63.4,4.370
63.4,4.370
63.4,4.370
63.4,4.375
63.4,4.375
63.4,4.375
63.4,4.375
63.4,4.375
63.4,4.375
63.4,4.375
63.5,4.375
63.5,4.375
63.5,4.375
63.5,4.375
63.5,4.375
63.5,4.375
63.5,4.375
63.5,4.375
63.5,4.375
63.4,4.375
63.4,4.375
63.4,4.375
63.4,4.375
63.4,4.375
63.4,4.375
63.4,4.375
63.4,4.375
63.4,4.375
63.5,4.375
63.5,4.375
63.5,4.375
63.5,4.375
63.5,4.375
63.5,4.375
63.5,4.375
63.5,4.375
63.5,4.375
63.5,4.375
63.5,4.375
63.5,4.375
63.5,4.375
63.5,4.375
63.5,4.375
63.5,4.375
63.5,4.375
63.5,4.375
63.5,4.380
63.5,4.380
63.5,4.380
63.5,4.380
63.5,4.380
63.5,4.380
63.5,4.380
63.5,4.380
63.5,4.380
63.5,4.380
63.5,4.380
63.5,4.380
63.5,4.380
63.5,4.380
63.5,4.380
63.5,4.380
63.5,4.380
63.5,4.380
63.5,4.380
63.5,4.380
63.5,4.380
63.5,4.380
63.5,4.380
63.5,4.380
63.5,4.380
63.5,4.380
63.5,4.380
63.5,4.380
63.5,4.380
63.5,4.380
63.5,4.380
63.5,4.380
63.5,4.380
63.5,4.380
63.5,4.380
63.5,4.380
63.5,4.380
63.5,4.380
63.5,4.380
63.5,4.380
63.5,4.380
63.5,4.380
63.5,4.380
63.5,4.380
63.5,4.380
63.5,4.380
63.5,4.385
63.5,4.385
63.5,4.385
63.5,4.385
63.5,4.385
63.5,4.385
63.5,4.385
63.5,4.385
63.5,4.385
63.5,4.385
63.5,4.385
63.5,4.385
63.5,4.385
63.5,4.385
63.5,4.385
63.5,4.385
63.5,4.385
63.5,4.385
63.5,4.385
63.5,4.385
63.5,4.385
63.5,4.385
63.5,4.385
63.5,4.385
63.5,4.385
63.5,4.385
63.5,4.385
63.5,4.385
63.5,4.385
63.5,4.385
63.5,4.385
63.5,4.385
63.5,4.385
63.6,4.385
63.6,4.385
63.6,4.385
63.6,4.385
63.6,4.385
63.6,4.385
63.6,4.385
63.6,4.385
63.6,4.385
63.6,4.385
63.5,4.385
63.5,4.385
63.5,4.385
63.5,4.385
63.5,4.385
63.6,4.385
63.6,4.385
63.7,4.385
63.7,4.385
63.6,4.390
63.6,4.390
63.6,4.390
63.6,4.390
63.6,4.390
63.6,4.390
63.5,4.390
63.5,4.390
63.5,4.390
63.5,4.390
63.5,4.390
63.5,4.390
63.5,4.390
63.5,4.390
63.5,4.390
63.5,4.390
63.5,4.390
63.6,4.390
63.7,4.390
63.7,4.390
63.6,4.390
63.6,4.390
63.6,4.390
63.6,4.390
63.6,4.390
63.6,4.390
63.6,4.390
63.6,4.390
63.5,4.390
63.5,4.390
63.5,4.390
63.5,4.390
63.5,4.390
63.5,4.390
63.5,4.390
63.5,4.390
63.5,4.390
63.5,4.390
63.5,4.390
63.6,4.390
63.6,4.390
63.6,4.390
63.6,4.390
63.6,4.390
63.6,4.390
63.6,4.390
63.6,4.390
63.6,4.390
63.6,4.390
63.6,4.390
63.6,4.390
63.5,4.390
63.5,4.390
63.5,4.390
63.5,4.390
63.5,4.395
63.5,4.395
63.5,4.395
63.5,4.395
63.6,4.395
63.6,4.395
63.6,4.395
63.6,4.395
63.6,4.395
63.6,4.395
63.6,4.395
63.6,4.395
63.6,4.395
63.6,4.395
63.5,4.395
63.5,4.395
63.5,4.395
63.5,4.395
63.5,4.395
63.5,4.395
63.5,4.395
63.6,4.395
63.6,4.395
63.7,4.395
63.7,4.395
63.7,4.395
63.7,4.395
63.7,4.395
63.7,4.395
63.7,4.395
63.7,4.395
63.7,4.395
63.7,4.395
63.6,4.395
63.5,4.395
63.5,4.395
63.5,4.395
63.5,4.395
63.5,4.395
63.5,4.395
63.5,4.395
63.5,4.395
63.5,4.395
63.6,4.395
63.6,4.395
63.7,4.395
63.7,4.395
63.7,4.395
63.7,4.395
63.7,4.395
63.7,4.395
63.7,4.395
63.7,4.395
63.7,4.400
63.7,4.400
63.7,4.400
63.6,4.400
63.6,4.400
63.6,4.400
63.6,4.400
63.6,4.400
63.6,4.400
63.6,4.400
63.6,4.400
63.6,4.400
63.6,4.400
63.6,4.400
63.6,4.400
63.6,4.400
63.6,4.400
63.6,4.400
63.6,4.400
63.6,4.400
63.6,4.400
63.6,4.400
63.6,4.400
63.6,4.400
63.6,4.400
63.6,4.400
63.6,4.400
63.6,4.400
63.6,4.400
63.6,4.400
63.6,4.400
63.6,4.400
63.6,4.400
63.6,4.400
63.7,4.400
63.7,4.400
63.7,4.400
63.7,4.400
63.7,4.400
63.7,4.400
63.7,4.400
63.7,4.400
63.6,4.400
63.6,4.400
63.6,4.400
63.6,4.400
63.6,4.400
63.6,4.400
63.6,4.400
63.7,4.400
63.7,4.400
63.7,4.400
63.7,4.400
63.7,4.400
63.7,4.400
63.7,4.400
63.7,4.400
63.7,4.400
63.7,4.400
63.7,4.400
63.7,4.400
63.6,4.405
63.6,4.405
63.6,4.405
63.6,4.405
63.6,4.405
63.6,4.405
63.6,4.405
63.6,4.405
63.6,4.405
63.6,4.405
63.6,4.405
63.6,4.405
63.6,4.405
63.6,4.405
63.6,4.405
63.6,4.405
63.6,4.405
63.6,4.405
63.6,4.405
63.6,4.405
63.6,4.405
63.6,4.405
63.6,4.405
63.6,4.405
63.6,4.405
63.6,4.405
63.6,4.405
63.6,4.405
63.6,4.405
63.6,4.405
63.6,4.405
63.6,4.405
63.6,4.405
63.6,4.405
63.6,4.405
63.6,4.405
63.6,4.405
63.6,4.405
63.6,4.405
63.6,4.405
63.6,4.405
63.6,4.405
63.6,4.405
63.6,4.405
63.6,4.405
63.6,4.405
63.6,4.405
63.6,4.405
63.6,4.405
63.6,4.405
63.6,4.405
63.6,4.405
63.6,4.405
63.6,4.405
63.6,4.405
63.6,4.405
63.6,4.405
63.6,4.405
63.7,4.405
63.7,4.405
63.7,4.405
63.7,4.405
63.7,4.405
63.7,4.405
63.7,4.405
63.7,4.405
63.7,4.405
63.7,4.405
63.7,4.405
63.7,4.405
63.7,4.405
63.7,4.405
63.7,4.405
63.7,4.405
63.7,4.405
63.7,4.405
63.7,4.410
63.7,4.410
63.7,4.410
63.7,4.410
63.7,4.410
63.7,4.410
63.7,4.410
63.7,4.410
63.7,4.410
63.7,4.410
63.7,4.410
63.7,4.410
63.7,4.410
63.7,4.410
63.7,4.410
63.7,4.410
63.7,4.410
63.7,4.410
63.7,4.410
63.7,4.410
63.7,4.410
63.7,4.410
63.7,4.410
63.7,4.410
63.7,4.410
63.7,4.410
63.7,4.410
63.7,4.410
63.7,4.410
63.7,4.410
63.7,4.410
63.7,4.410
63.7,4.410
63.7,4.410
63.7,4.410
63.7,4.410
63.7,4.410
63.7,4.410
63.7,4.410
63.7,4.410
63.7,4.410
63.7,4.410
63.7,4.410
63.7,4.410
63.7,4.410
63.7,4.410
63.7,4.410
63.7,4.410
63.8,4.410
63.8,4.410
63.8,4.410
63.8,4.410
63.8,4.410
63.8,4.410
63.7,4.410
63.7,4.410
63.7,4.410
63.7,4.410
63.7,4.410
63.7,4.410
63.7,4.410
63.7,4.410
63.7,4.410
63.8,4.410
63.8,4.410
63.8,4.410
63.8,4.410
63.8,4.410
63.8,4.410
63.8,4.415
63.8,4.415
63.8,4.415
63.8,4.415
63.7,4.415
63.6,4.415
63.6,4.415
63.7,4.415
63.7,4.415
63.7,4.415
63.7,4.415
63.6,4.415
63.6,4.415
63.6,4.415
63.6,4.415
63.7,4.415
63.7,4.415
63.7,4.415
63.7,4.415
63.7,4.415
63.7,4.415
63.7,4.415
63.8,4.415
63.8,4.415
63.8,4.415
63.8,4.415
63.8,4.415
63.8,4.415
63.8,4.415
63.8,4.415
63.7,4.415
63.7,4.415
63.7,4.415
63.7,4.415
63.7,4.415
63.7,4.415
63.7,4.415
63.7,4.415
63.7,4.415
63.8,4.415
63.8,4.415
63.8,4.415
63.8,4.415
63.8,4.415
63.8,4.415
63.8,4.415
63.7,4.415
63.7,4.415
63.6,4.415
63.6,4.415
63.6,4.415
63.6,4.415
63.6,4.415
63.6,4.415
63.6,4.415
63.6,4.415
63.7,4.415
63.8,4.415
63.8,4.415
63.8,4.415
63.8,4.415
63.8,4.415
63.8,4.415
63.8,4.415
63.8,4.415
63.8,4.420
63.8,4.420
63.8,4.420
63.8,4.420
63.8,4.420
63.7,4.420
63.7,4.420
63.7,4.420
63.7,4.420
63.7,4.420
63.7,4.420
63.8,4.420
63.8,4.420
63.8,4.420
63.9,4.420
63.9,4.420
63.9,4.420
63.9,4.420
63.9,4.420
63.9,4.420
63.9,4.420
63.8,4.420
63.7,4.420
63.7,4.420
63.7,4.420
63.7,4.420
63.7,4.420
63.7,4.420
63.7,4.420
63.7,4.420
63.7,4.420
63.8,4.420
63.8,4.420
63.8,4.420
63.8,4.420
63.8,4.420
63.8,4.420
63.8,4.420
63.9,4.420
63.9,4.420
63.9,4.420
63.9,4.420
63.9,4.420
63.9,4.420
63.8,4.420
63.8,4.420
63.8,4.420
63.8,4.420
63.8,4.420
63.8,4.420
63.8,4.420
63.8,4.420
63.8,4.420
63.8,4.420
63.8,4.420
63.8,4.420
63.8,4.420
63.8,4.420
63.8,4.420
63.8,4.420
63.8,4.420
63.8,4.420
63.8,4.420
63.8,4.420
63.8,4.420
63.8,4.420
63.8,4.420
63.8,4.420
63.8,4.420
63.8,4.420
63.8,4.425
63.8,4.425
63.8,4.425
63.8,4.425
63.8,4.425
63.8,4.425
63.8,4.425
63.8,4.425
63.8,4.425
63.8,4.425
63.8,4.425
63.8,4.425
63.8,4.425
63.8,4.425
63.8,4.425
63.8,4.425
63.8,4.425
63.8,4.425
63.8,4.425
63.8,4.425
63.8,4.425
63.8,4.425
63.8,4.425
63.8,4.425
63.9,4.425
63.9,4.425
63.9,4.425
63.9,4.425
63.9,4.425
63.9,4.425
63.9,4.425
63.9,4.425
63.9,4.425
63.9,4.425
63.9,4.425
63.9,4.425
63.8,4.425
63.8,4.425
63.8,4.425
63.8,4.425
63.8,4.425
63.8,4.425
63.8,4.425
63.8,4.425
63.8,4.425
63.8,4.425
63.8,4.425
63.8,4.425
63.8,4.425
63.8,4.425
63.9,4.425
63.9,4.425
63.9,4.425
63.9,4.425
63.9,4.425
63.9,4.425
63.9,4.425
63.9,4.425
63.9,4.425
63.9,4.425
63.9,4.425
63.9,4.425
63.9,4.425
63.9,4.425
63.9,4.425
63.9,4.425
63.8,4.425
63.8,4.425
63.8,4.425
63.8,4.425
63.8,4.425
63.8,4.425
63.8,4.430
63.8,4.430
63.8,4.430
63.9,4.430
63.9,4.430
63.9,4.430
63.9,4.430
63.9,4.430
63.9,4.430
63.9,4.430
63.9,4.430
63.9,4.430
63.9,4.430
63.9,4.430
63.9,4.430
63.9,4.430
63.9,4.430
63.9,4.430
63.9,4.430
64.0,4.430
63.9,4.430
63.9,4.430
63.9,4.430
63.9,4.430
63.9,4.430
63.9,4.430
63.9,4.430
63.8,4.430
63.8,4.430
63.8,4.430
63.8,4.430
63.8,4.430
63.8,4.430
63.8,4.430
63.8,4.430
63.8,4.430
63.8,4.430
63.9,4.430
63.9,4.430
63.9,4.430
63.9,4.430
63.9,4.430
63.9,4.430
63.9,4.430
63.9,4.430
63.9,4.430
63.9,4.430
63.9,4.430
63.9,4.430
63.9,4.430
63.9,4.430
63.8,4.430
63.8,4.430
63.8,4.430
63.8,4.430
63.9,4.430
63.9,4.430
63.9,4.435
63.9,4.435
63.9,4.435
63.9,4.435
63.9,4.435
63.9,4.435
63.9,4.435
63.9,4.435
63.9,4.435
63.8,4.435
63.9,4.435
63.8,4.435
63.8,4.435
63.8,4.435
63.8,4.435
63.8,4.435
63.9,4.435
63.8,4.435
63.8,4.435
63.9,4.435
63.9,4.435
63.9,4.435
63.9,4.435
63.9,4.435
63.9,4.435
63.9,4.435
63.9,4.435
63.9,4.435
63.9,4.435
63.9,4.435
63.9,4.435
63.9,4.435
63.9,4.435
63.9,4.435
63.9,4.435
63.9,4.435
63.9,4.435
63.9,4.435
63.9,4.435
63.9,4.435
63.9,4.435
63.9,4.435
63.9,4.435
63.9,4.435
63.9,4.435
63.9,4.440
63.9,4.440
63.9,4.440
63.9,4.440
63.9,4.440
63.9,4.440
63.9,4.440
63.9,4.440
63.9,4.440
63.9,4.440
63.9,4.440
63.9,4.440
63.9,4.440
63.9,4.440
63.9,4.440
63.9,4.440
63.9,4.440
63.9,4.440
63.9,4.440
63.9,4.440
63.9,4.440
63.9,4.440
64.0,4.440
64.0,4.440
64.0,4.440
64.0,4.440
64.0,4.440
64.0,4.440
64.0,4.440
64.0,4.440
64.0,4.440
64.0,4.440
64.0,4.440
63.9,4.440
63.9,4.440
63.9,4.440
63.9,4.440
63.9,4.440
63.9,4.440
63.9,4.440
64.0,4.440
64.0,4.440
64.0,4.440
64.0,4.440
64.0,4.440
64.0,4.445
64.0,4.445
64.0,4.445
64.0,4.445
64.0,4.445
64.0,4.445
64.0,4.445
64.0,4.445
64.0,4.445
63.9,4.445
63.9,4.445
63.9,4.445
63.9,4.445
63.9,4.445
64.0,4.445
63.9,4.445
64.0,4.445
64.0,4.445
64.0,4.445
64.0,4.445
64.0,4.445
64.0,4.445
64.0,4.445
64.0,4.445
64.0,4.445
64.0,4.445
64.0,4.445
64.0,4.445
64.0,4.445
64.0,4.445
63.9,4.445
63.9,4.445
63.9,4.445
63.9,4.445
63.9,4.445
63.9,4.445
63.9,4.445
64.1,4.445
64.1,4.445
64.1,4.445
64.1,4.445
64.1,4.445
64.1,4.445
64.1,4.445
64.1,4.445
64.1,4.450
64.1,4.450
64.0,4.450
64.0,4.450
63.9,4.450
63.9,4.450
63.9,4.450
63.9,4.450
63.9,4.450
63.9,4.450
63.9,4.450
64.0,4.450
64.0,4.450
64.0,4.450
64.1,4.450
64.1,4.450
64.1,4.450
64.1,4.450
64.1,4.450
64.1,4.450
64.1,4.450
64.1,4.450
64.1,4.450
64.0,4.450
63.9,4.450
63.9,4.450
63.9,4.450
63.9,4.450
63.9,4.450
63.9,4.450
63.9,4.450
64.0,4.450
64.0,4.450
64.0,4.450
64.1,4.450
64.0,4.450
64.0,4.450
64.0,4.450
64.0,4.450
64.0,4.450
64.0,4.450
64.0,4.450
64.0,4.455
64.0,4.455
64.0,4.455
63.9,4.455
64.0,4.455
64.0,4.455
63.9,4.455
63.9,4.455
63.9,4.455
63.9,4.455
64.1,4.455
64.1,4.455
64.1,4.455
64.1,4.455
64.1,4.455
64.1,4.455
64.1,4.455
64.1,4.455
64.1,4.455
64.1,4.455
64.1,4.455
64.1,4.455
64.1,4.455
64.0,4.455
64.0,4.455
64.0,4.455
64.0,4.455
64.0,4.455
64.0,4.455
64.0,4.455
64.0,4.455
64.0,4.455
64.0,4.455
64.0,4.455
64.1,4.455
64.1,4.455
64.1,4.455
64.1,4.455
64.1,4.455
64.1,4.455
64.1,4.455
64.1,4.455
64.1,4.455
64.1,4.455
64.1,4.455
64.1,4.455
64.1,4.460
64.0,4.460
64.0,4.460
64.0,4.460
64.0,4.460
64.0,4.460
64.0,4.460
64.0,4.460
64.0,4.460
64.0,4.460
64.0,4.460
64.1,4.460
64.1,4.460
64.1,4.460
64.1,4.460
64.1,4.460
64.1,4.460
64.0,4.460
64.0,4.460
64.0,4.460
64.0,4.460
64.0,4.460
64.0,4.460
64.0,4.460
64.1,4.460
64.0,4.460
64.1,4.460
64.1,4.460
64.1,4.460
64.1,4.460
64.1,4.460
64.1,4.460
64.1,4.460
64.1,4.460
64.1,4.460
64.1,4.460
64.1,4.460
64.1,4.460
64.1,4.460
64.1,4.460
64.0,4.460
64.0,4.465
64.0,4.465
64.0,4.465
64.2,4.465
64.2,4.465
64.2,4.465
64.2,4.465
64.2,4.465
64.2,4.465
64.2,4.465
64.2,4.465
64.2,4.465
64.2,4.465
64.2,4.465
64.2,4.465
64.2,4.465
64.1,4.465
64.1,4.465
64.1,4.465
64.1,4.465
64.1,4.465
64.1,4.465
64.1,4.465
64.1,4.465
64.1,4.465
64.1,4.465
64.2,4.465
64.2,4.465
64.2,4.465
64.2,4.465
64.2,4.465
64.2,4.465
64.2,4.465
64.1,4.465
64.1,4.465
64.1,4.465
64.1,4.465
64.1,4.470
64.1,4.470
64.1,4.470
64.1,4.470
64.1,4.470
64.1,4.470
64.1,4.470
64.1,4.470
64.1,4.470
64.1,4.470
64.1,4.470
64.1,4.470
64.1,4.470
64.1,4.470
64.1,4.470
64.1,4.470
64.1,4.470
64.1,4.470
64.1,4.470
64.1,4.470
64.1,4.470
64.1,4.470
64.1,4.470
64.1,4.470
64.1,4.470
64.1,4.470
64.1,4.470
64.1,4.470
64.1,4.470
64.1,4.470
64.1,4.470
64.1,4.470
64.1,4.470
64.1,4.470
64.1,4.470
64.1,4.470
64.1,4.470
64.1,4.470
64.1,4.475
64.1,4.475
64.1,4.475
64.1,4.475
64.1,4.475
64.1,4.475
64.1,4.475
64.1,4.475
64.1,4.475
64.1,4.475
64.1,4.475
64.1,4.475
64.1,4.475
64.1,4.475
64.1,4.475
64.1,4.475
64.1,4.475
64.1,4.475
64.1,4.475
64.1,4.475
64.1,4.475
64.1,4.475
64.1,4.475
64.1,4.475
64.1,4.475
64.1,4.475
64.1,4.475
64.1,4.475
64.1,4.475
64.1,4.475
64.1,4.475
64.1,4.475
64.1,4.475
64.1,4.475
64.1,4.475
64.2,4.475
64.2,4.475
64.2,4.475
64.2,4.475
64.2,4.475
64.2,4.475
64.2,4.480
64.2,4.480
64.2,4.480
64.2,4.480
64.2,4.480
64.2,4.480
64.2,4.480
64.2,4.480
64.2,4.480
64.2,4.480
64.2,4.480
64.2,4.480
64.2,4.480
64.2,4.480
64.3,4.480
64.4,4.480
64.5,4.480
64.5,4.480
64.6,4.480
64.7,4.480
64.8,4.480
64.8,4.480
64.9,4.480
65.0,4.480
65.0,4.480
65.1,4.480
65.1,4.480
65.2,4.480
65.3,4.480
65.4,4.480
65.5,4.480
65.5,4.480
65.6,4.480
65.7,4.480
65.8,4.480
65.9,4.480
65.9,4.480
66.0,4.480
66.1,4.480
66.2,4.480
66.3,4.480
66.3,4.480
66.4,4.480
66.5,4.480
66.6,4.480
66.7,4.480
66.8,4.480
66.8,4.485
66.9,4.485
67.0,4.485
67.1,4.485
67.2,4.485
67.3,4.485
67.4,4.485
67.4,4.485
67.5,4.485
67.6,4.485
67.7,4.485
67.8,4.485
67.8,4.485
67.9,4.485
68.0,4.485
68.1,4.485
68.1,4.485
68.2,4.485
68.3,4.485
68.3,4.485
68.4,4.485
68.5,4.485
68.6,4.485
68.7,4.485
68.7,4.485
68.8,4.485
68.8,4.485
68.9,4.485
69.0,4.485
69.0,4.485
69.1,4.485
69.1,4.485
69.2,4.485
69.3,4.485
69.4,4.485
69.4,4.485
69.5,4.485
69.6,4.485
69.6,4.485
69.7,4.485
69.8,4.485
69.8,4.485
69.9,4.485
69.9,4.485
70.0,4.485
70.0,4.485
70.1,4.485
70.1,4.485
70.2,4.485
70.2,4.485
70.3,4.485
70.3,4.485
70.4,4.485
70.4,4.485
70.5,4.485
70.5,4.485
70.6,4.485
70.6,4.485
70.7,4.485
70.7,4.485
70.7,4.485
70.8,4.485
70.8,4.485
70.9,4.485
70.9,4.485
71.0,4.485
71.0,4.485
71.0,4.485
71.1,4.485
71.1,4.485
71.2,4.485
71.2,4.485
71.2,4.485
71.3,4.485
71.3,4.490
71.3,4.490
71.4,4.490
71.4,4.490
71.4,4.490
71.4,4.490
71.5,4.490
71.5,4.490
71.6,4.490
71.6,4.490
71.7,4.490
71.7,4.490
71.7,4.490
71.8,4.490
71.8,4.490
71.8,4.490
71.8,4.490
71.9,4.490
71.9,4.490
71.9,4.490
72.0,4.490
72.0,4.490
72.0,4.490
72.0,4.490
72.0,4.490
72.1,4.490
72.1,4.490
72.1,4.490
72.2,4.490
72.2,4.490
72.2,4.490
72.2,4.490
72.3,4.490
72.3,4.490
72.3,4.490
72.3,4.490
72.4,4.490
72.4,4.490
72.4,4.490
72.4,4.490
72.5,4.490
72.5,4.490
72.5,4.490
72.5,4.490
72.5,4.490
72.6,4.490
72.5,4.490
72.6,4.490
72.6,4.490
72.6,4.490
72.6,4.490
72.6,4.490
72.6,4.490
72.6,4.490
72.6,4.490
72.7,4.490
72.7,4.490
72.7,4.490
72.7,4.490
72.7,4.490
72.7,4.490
72.8,4.490
72.8,4.490
72.8,4.490
72.8,4.490
72.8,4.490
72.8,4.490
72.8,4.490
72.9,4.490
72.9,4.490
72.9,4.490
72.9,4.490
72.9,4.490
72.9,4.490
72.9,4.490
72.9,4.490
72.9,4.490
72.9,4.490
72.9,4.490
72.9,4.490
72.9,4.490
73.0,4.490
73.0,4.490
73.0,4.490
73.0,4.490
73.0,4.490
73.0,4.490
73.0,4.490
73.0,4.490
73.0,4.490
73.0,4.490
73.0,4.490
73.0,4.490
73.0,4.490
73.0,4.490
73.0,4.490
73.1,4.490
73.1,4.490
73.1,4.490
73.1,4.490
73.1,4.490
73.1,4.490
73.1,4.490
73.1,4.490
73.1,4.490
73.1,4.490
73.1,4.490
73.1,4.490
73.1,4.490
73.1,4.490
73.1,4.490
73.1,4.490
73.1,4.490
73.1,4.490
73.1,4.490
73.1,4.490
73.1,4.490
73.1,4.490
73.1,4.490
73.1,4.490
73.1,4.490
73.1,4.490
73.1,4.490
73.1,4.490
73.1,4.490
73.1,4.490
73.1,4.490
73.1,4.490
73.1,4.490
73.1,4.490
73.1,4.490
73.1,4.490
73.2,4.490
73.2,4.490
73.2,4.490
73.2,4.490
73.2,4.490
73.2,4.490
73.2,4.490
73.2,4.490
73.2,4.490
73.3,4.490
73.3,4.490
73.3,4.490
73.3,4.490
73.3,4.490
73.3,4.490
73.3,4.490
73.3,4.490
73.3,4.490
73.3,4.490
73.3,4.490
73.3,4.490
73.4,4.490
73.4,4.490
73.4,4.490
73.4,4.490
73.4,4.490
73.4,4.490
73.4,4.490
73.4,4.490
73.4,4.490
73.4,4.490
73.6,4.490
73.6,4.490
73.6,4.490
73.5,4.490
73.5,4.490
73.5,4.490
73.5,4.490
73.6,4.490
73.6,4.490
73.6,4.490
73.6,4.490
73.6,4.490
73.6,4.490
73.7,4.490
73.7,4.490
73.7,4.490
73.7,4.490
73.7,4.490
73.8,4.490
73.8,4.490
73.8,4.490
73.8,4.490
73.8,4.490
73.8,4.490
73.9,4.490
73.9,4.490
73.9,4.490
73.9,4.490
74.0,4.490
74.0,4.490
74.0,4.490
74.1,4.490
74.1,4.490
74.1,4.490
74.1,4.490
74.1,4.490
74.1,4.490
74.1,4.490
74.1,4.490
74.1,4.490
74.1,4.490
74.1,4.490
74.3,4.490
74.3,4.490
74.3,4.490
74.3,4.490
74.3,4.490
74.4,4.490
74.4,4.490
74.4,4.490
74.5,4.490
74.5,4.490
74.5,4.490
74.5,4.490
74.5,4.490
74.5,4.490
74.5,4.490
74.5,4.490
74.5,4.490
74.5,4.490
74.6,4.490
74.6,4.490
74.6,4.490
74.6,4.490
74.6,4.490
74.7,4.490
74.7,4.490
74.8,4.490
74.8,4.490
74.9,4.490
74.9,4.490
74.9,4.490
74.9,4.490
75.0,4.490
75.0,4.490
75.0,4.490
75.0,4.490
75.0,4.490
75.1,4.490
75.1,4.490
75.1,4.490
75.2,4.490
75.2,4.490
75.2,4.490
75.2,4.490
75.3,4.490
75.3,4.490
75.4,4.490
75.4,4.490
75.4,4.490
75.5,4.490
75.5,4.490
75.6,4.490
75.6,4.490
75.6,4.490
75.6,4.490
75.7,4.490
75.7,4.490
75.7,4.490
75.7,4.490
75.8,4.490
75.8,4.490
75.9,4.490
75.9,4.490
75.9,4.490
75.9,4.490
76.0,4.490
76.0,4.490
76.0,4.490
76.1,4.490
76.1,4.490
76.2,4.490
76.2,4.490
76.2,4.495
76.3,4.495
76.3,4.495
76.3,4.495
76.3,4.495
76.4,4.495
76.4,4.495
76.5,4.495
76.5,4.495
76.5,4.495
76.6,4.495
76.6,4.495
76.7,4.495
76.7,4.495
76.7,4.495
76.8,4.495
76.8,4.495
76.8,4.495
76.8,4.495
76.9,4.495
76.9,4.495
76.9,4.495
77.0,4.495
77.0,4.495
77.1,4.495
77.1,4.495
77.2,4.495
77.2,4.495
77.3,4.495
77.3,4.495
77.4,4.495
77.4,4.495
77.5,4.495
77.5,4.495
77.6,4.495
77.6,4.495
77.7,4.495
77.7,4.495
77.8,4.495
77.8,4.495
77.8,4.495
77.9,4.495
78.0,4.495
78.0,4.495
78.0,4.495
78.0,4.495
78.1,4.495
78.1,4.495
78.2,4.495
78.2,4.495
78.3,4.495
78.4,4.495
78.4,4.495
78.4,4.495
78.5,4.495
78.5,4.495
78.6,4.495
78.6,4.495
78.7,4.495
78.7,4.495
78.8,4.495
78.8,4.495
78.9,4.495
78.9,4.495
79.0,4.495
79.0,4.495
79.0,4.495
79.1,4.495
79.2,4.495
79.2,4.495
79.3,4.495
79.3,4.495
79.4,4.495
79.4,4.495
79.5,4.495
79.6,4.495
79.6,4.495
79.7,4.495
79.7,4.495
79.7,4.495
79.8,4.495
79.9,4.495
79.9,4.495
80.0,4.495
80.0,4.495
80.1,4.495
80.1,4.495
80.2,4.495
80.2,4.495
80.3,4.495
80.4,4.495
80.4,4.495
80.5,4.495
80.5,4.495
80.6,4.495
80.6,4.495
80.7,4.495
80.7,4.495
80.8,4.495
80.8,4.495
80.9,4.495
81.0,4.500
81.0,4.500
81.1,4.500
81.1,4.500
81.2,4.500
81.3,4.500
81.3,4.500
81.4,4.500
81.4,4.500
81.5,4.500
81.6,4.500
81.6,4.500
81.7,4.500
81.8,4.500
81.9,4.500
81.9,4.500
82.0,4.500
82.0,4.500
82.1,4.500
82.2,4.500
82.2,4.500
82.3,4.500
82.3,4.500
82.4,4.500
82.4,4.500
82.4,4.500
82.5,4.500
82.6,4.500
82.7,4.500
82.7,4.500
82.8,4.500
82.9,4.500
82.9,4.500
83.0,4.500
83.0,4.500
83.1,4.500
83.2,4.500
83.3,4.500
83.3,4.500
83.4,4.500
83.5,4.500
83.6,4.500
83.6,4.500
83.6,4.500
83.7,4.500
83.8,4.500
83.9,4.500
83.9,4.500
84.0,4.500
84.1,4.500
84.2,4.500
84.3,4.500
84.3,4.500
84.4,4.500
84.5,4.500
84.5,4.500
84.6,4.500
84.7,4.500
84.7,4.500
84.8,4.500
84.9,4.500
85.0,4.500
85.1,4.500
85.1,4.500
85.2,4.500
85.3,4.500
85.3,4.500
85.4,4.500
85.5,4.500
85.5,4.500
85.6,4.500
85.7,4.500
85.8,4.500
85.8,4.500
85.9,4.500
86.0,4.505
86.0,4.505
86.1,4.505
86.2,4.505
86.2,4.505
86.3,4.505
86.4,4.505
86.5,4.505
86.5,4.505
86.6,4.505
86.7,4.505
86.8,4.505
86.9,4.505
86.9,4.505
87.0,4.505
87.1,4.505
87.1,4.505
87.2,4.505
87.3,4.505
87.3,4.505
87.4,4.505
87.5,4.505
87.5,4.505
87.6,4.505
87.7,4.505
87.8,4.505
87.8,4.505
87.9,4.505
88.0,4.505
88.1,4.505
88.2,4.505
88.2,4.505
88.3,4.505
88.4,4.505
88.5,4.505
88.6,4.505
88.6,4.505
88.7,4.505
88.8,4.505
88.9,4.505
88.9,4.505
89.0,4.505
89.1,4.505
89.2,4.505
89.2,4.505
89.3,4.505
89.4,4.505
89.5,4.505
89.6,4.505
89.6,4.505
89.7,4.505
89.8,4.505
89.8,4.505
89.9,4.505
90.0,4.505
90.0,4.505
90.1,4.505
90.2,4.505
90.3,4.505
90.4,4.505
90.5,4.505
90.5,4.505
90.6,4.505
90.7,4.505
90.8,4.510
90.8,4.510
90.9,4.510
91.0,4.510
91.1,4.510
91.1,4.510
91.2,4.510
91.2,4.510
91.3,4.510
91.4,4.510
91.5,4.510
91.6,4.510
91.7,4.510
91.8,4.510
91.9,4.510
91.9,4.510
92.0,4.510
92.0,4.510
92.1,4.510
92.2,4.510
92.2,4.510
92.3,4.510
92.4,4.510
92.5,4.510
92.5,4.510
92.6,4.510
92.7,4.510
92.8,4.510
92.8,4.510
92.9,4.510
93.0,4.510
93.0,4.510
93.1,4.510
93.2,4.510
93.2,4.510
93.3,4.510
93.4,4.510
93.4,4.510
93.5,4.510
93.6,4.510
93.7,4.510
93.7,4.510
93.8,4.510
93.9,4.510
93.9,4.510
94.0,4.510
94.0,4.510
94.1,4.510
94.2,4.510
94.3,4.510
94.3,4.510
94.4,4.510
94.4,4.510
94.5,4.510
94.5,4.510
94.6,4.510
94.7,4.510
94.7,4.510
94.8,4.510
94.8,4.510
94.9,4.510
95.0,4.510
95.0,4.510
95.1,4.510
95.2,4.510
95.2,4.510
95.3,4.510
95.3,4.510
95.4,4.510
95.4,4.510
95.5,4.515
95.6,4.515
95.6,4.515
95.6,4.515
95.7,4.515
95.8,4.515
95.8,4.515
95.9,4.515
95.9,4.515
96.0,4.515
96.1,4.515
96.1,4.515
96.2,4.515
96.2,4.515
96.3,4.515
96.3,4.515
96.4,4.515
96.4,4.515
96.5,4.515
96.5,4.515
96.6,4.515
96.6,4.515
96.7,4.515
96.8,4.515
96.8,4.515
96.9,4.515
97.0,4.515
97.0,4.515
97.0,4.515
97.1,4.515
97.2,4.515
97.2,4.515
97.3,4.515
97.3,4.515
97.4,4.515
97.5,4.515
97.5,4.515
97.5,4.515
97.6,4.515
97.7,4.515
97.7,4.515
97.8,4.515
97.8,4.515
97.9,4.515
98.0,4.515
98.0,4.515
98.1,4.515
98.1,4.515
98.2,4.515
98.2,4.515
98.3,4.515
98.3,4.515
98.4,4.515
98.5,4.515
98.5,4.515
98.6,4.515
98.6,4.515
98.6,4.515
98.7,4.515
98.8,4.515
98.8,4.515
98.9,4.515
99.0,4.515
99.0,4.515
99.1,4.515
99.1,4.515
99.2,4.515
99.3,4.515
99.3,4.515
99.4,4.515
99.5,4.515
99.5,4.515
99.6,4.515
99.6,4.515
99.7,4.515
99.7,4.515
99.8,4.515
99.9,4.515
99.9,4.515
100.0,4.515
100.1,4.515
100.1,4.515
100.2,4.515
100.2,4.515
100.3,4.515
100.4,4.515
100.4,4.520
100.5,4.520
100.6,4.520
100.6,4.520
100.7,4.520
100.8,4.520
100.8,4.520
100.9,4.520
101.0,4.520
101.0,4.520
101.1,4.520
101.1,4.520
101.2,4.520
101.2,4.520
101.3,4.520
101.4,4.520
101.4,4.520
101.5,4.520
101.6,4.520
101.7,4.520
101.7,4.520
101.8,4.520
101.8,4.520
101.9,4.520
101.9,4.520
102.0,4.520
102.1,4.520
102.1,4.520
102.2,4.520
102.3,4.520
102.3,4.520
102.4,4.520
102.4,4.520
102.5,4.520
102.5,4.520
102.6,4.520
102.7,4.520
102.7,4.520
102.8,4.520
102.9,4.520
103.0,4.520
103.1,4.520
103.1,4.520
103.2,4.520
103.3,4.520
103.3,4.520
103.4,4.520
103.4,4.520
103.5,4.520
103.5,4.520
103.6,4.520
103.6,4.520
103.7,4.520
103.8,4.520
103.8,4.520
103.9,4.520
104.0,4.520
104.0,4.520
104.1,4.520
104.2,4.520
104.3,4.520
104.3,4.520
104.4,4.520
104.4,4.520
104.5,4.520
104.6,4.520
104.6,4.520
104.7,4.520
104.8,4.520
104.9,4.520
104.9,4.520
105.0,4.520
105.1,4.520
105.1,4.520
105.2,4.520
105.3,4.525
105.3,4.525
105.4,4.525
105.4,4.525
105.5,4.525
105.6,4.525
105.6,4.525
105.7,4.525
105.8,4.525
105.9,4.525
105.9,4.525
106.0,4.525
106.1,4.525
106.2,4.525
106.2,4.525
106.3,4.525
106.3,4.525
106.4,4.525
106.5,4.525
106.5,4.525
106.6,4.525
106.6,4.525
106.7,4.525
106.8,4.525
106.9,4.525
106.9,4.525
107.0,4.525
107.1,4.525
107.1,4.525
107.2,4.525
107.3,4.525
107.3,4.525
107.4,4.525
107.5,4.525
107.6,4.525
107.6,4.525
107.7,4.525
107.8,4.525
107.8,4.525
107.9,4.525
107.9,4.525
108.0,4.525
108.0,4.525
108.1,4.525
108.2,4.525
108.2,4.525
108.3,4.525
108.3,4.525
108.4,4.525
108.5,4.525
108.6,4.525
108.6,4.525
108.7,4.525
108.8,4.525
108.8,4.525
108.9,4.525
108.9,4.525
109.0,4.525
109.1,4.525
109.2,4.525
109.3,4.525
109.3,4.525
109.4,4.525
109.5,4.525
109.5,4.525
109.6,4.525
109.6,4.525
109.7,4.525
109.8,4.525
109.9,4.525
109.9,4.525
110.0,4.525
110.0,4.530
110.1,4.530
110.2,4.530
110.2,4.530
110.3,4.530
110.4,4.530
110.5,4.530
110.5,4.530
110.6,4.530
110.6,4.530
110.7,4.530
110.8,4.530
110.8,4.530
110.9,4.530
111.0,4.530
111.0,4.530
111.1,4.530
111.2,4.530
111.2,4.530
111.3,4.530
111.4,4.530
111.4,4.530
111.5,4.530
111.6,4.530
111.6,4.530
111.7,4.530
111.8,4.530
111.9,4.530
111.9,4.530
112.0,4.530
112.0,4.530
112.1,4.530
112.2,4.530
112.2,4.530
112.2,4.530
112.3,4.530
112.4,4.530
112.5,4.530
112.5,4.530
112.6,4.530
112.7,4.530
112.8,4.530
112.8,4.530
112.9,4.530
113.0,4.530
113.0,4.530
113.1,4.530
113.2,4.530
113.2,4.530
113.3,4.530
113.4,4.530
113.4,4.530
113.5,4.530
113.6,4.530
113.7,4.530
113.8,4.530
113.8,4.530
113.9,4.530
114.0,4.530
114.0,4.530
114.1,4.530
114.2,4.530
114.2,4.530
114.3,4.530
114.4,4.535
114.5,4.535
114.5,4.535
114.6,4.535
114.7,4.535
114.7,4.535
114.8,4.535
114.8,4.535
114.9,4.535
114.9,4.535
115.0,4.535
115.1,4.535
115.1,4.535
115.2,4.535
115.3,4.535
115.4,4.535
115.5,4.535
115.5,4.535
115.6,4.535
115.7,4.535
115.7,4.535
115.8,4.535
115.9,4.535
115.9,4.535
116.0,4.535
116.1,4.535
116.2,4.535
116.2,4.535
116.3,4.535
116.4,4.535
116.4,4.535
116.5,4.535
116.5,4.535
116.6,4.535
116.7,4.535
116.7,4.535
116.8,4.535
116.8,4.535
116.9,4.535
117.0,4.535
117.0,4.535
117.1,4.535
117.2,4.535
117.2,4.535
117.3,4.535
117.4,4.535
117.4,4.535
117.5,4.535
117.5,4.535
117.6,4.535
117.6,4.535
117.7,4.535
117.8,4.535
117.8,4.535
117.9,4.535
118.0,4.535
118.0,4.535
118.1,4.535
118.2,4.535
118.3,4.535
118.3,4.535
118.4,4.535
118.5,4.535
118.5,4.535
118.6,4.535
118.6,4.535
118.7,4.535
118.8,4.535
118.8,4.535
118.9,4.535
119.0,4.535
119.0,4.535
119.1,4.535
119.2,4.535
119.2,4.535
119.3,4.535
119.3,4.535
119.4,4.540
119.4,4.540
119.5,4.540
119.5,4.540
119.6,4.540
119.6,4.540
119.7,4.540
119.8,4.540
119.8,4.540
119.9,4.540
119.9,4.540
120.0,4.540
120.1,4.540
120.1,4.540
120.2,4.540
120.3,4.540
120.3,4.540
120.3,4.540
120.4,4.540
120.5,4.540
120.5,4.540
120.6,4.540
120.6,4.540
120.7,4.540
120.7,4.540
120.8,4.540
120.9,4.540
120.9,4.540
121.0,4.540
121.0,4.540
121.1,4.540
121.1,4.540
121.2,4.540
121.2,4.540
121.3,4.540
121.3,4.540
121.4,4.540
121.5,4.540
121.5,4.540
121.6,4.540
121.7,4.540
121.7,4.540
121.8,4.540
121.8,4.540
121.8,4.540
121.9,4.540
122.0,4.540
122.0,4.540
122.1,4.540
122.2,4.540
122.2,4.540
122.3,4.540
122.3,4.540
122.4,4.540
122.5,4.540
122.5,4.540
122.6,4.540
122.6,4.540
122.7,4.540
122.7,4.540
122.8,4.540
122.9,4.540
122.9,4.540
123.0,4.540
123.0,4.540
123.1,4.540
123.1,4.540
123.2,4.540
123.2,4.540
123.3,4.540
123.3,4.540
123.4,4.540
123.5,4.540
123.5,4.540
123.6,4.540
123.7,4.540
123.7,4.540
123.8,4.540
123.8,4.540
123.8,4.540
123.9,4.540
123.9,4.540
123.9,4.540
124.0,4.540
124.1,4.540
124.1,4.545
124.2,4.545
124.2,4.545
124.3,4.545
124.4,4.545
124.4,4.545
124.5,4.545
124.6,4.545
124.6,4.545
124.7,4.545
124.7,4.545
124.8,4.545
124.8,4.545
124.9,4.545
124.9,4.545
125.0,4.545
125.0,4.545
125.1,4.545
125.2,4.545
125.2,4.545
125.2,4.545
125.3,4.545
125.3,4.545
125.3,4.545
125.4,4.545
125.4,4.545
125.5,4.545
125.6,4.545
125.6,4.545
125.7,4.545
125.7,4.545
125.8,4.545
125.9,4.545
125.9,4.545
126.0,4.545
126.0,4.545
126.1,4.545
126.1,4.545
126.1,4.545
126.2,4.545
126.2,4.545
126.3,4.545
126.3,4.545
126.4,4.545
126.5,4.545
126.5,4.545
126.6,4.545
126.7,4.545
126.7,4.545
126.7,4.545
126.8,4.545
126.8,4.545
126.9,4.545
126.9,4.545
126.9,4.545
127.0,4.545
127.0,4.545
127.1,4.545
127.1,4.545
127.2,4.545
127.2,4.545
127.3,4.545
127.3,4.545
127.4,4.545
127.4,4.545
127.4,4.545
127.5,4.545
127.6,4.545
127.6,4.545
127.6,4.545
127.7,4.545
127.7,4.545
127.8,4.545
127.8,4.545
127.8,4.545
127.9,4.545
127.9,4.545
128.0,4.545
128.0,4.545
128.0,4.545
128.1,4.545
128.2,4.545
128.2,4.545
128.2,4.545
128.3,4.545
128.3,4.545
128.4,4.545
128.4,4.545
128.4,4.545
128.5,4.545
128.5,4.545
128.5,4.545
128.6,4.545
128.7,4.545
128.7,4.545
128.8,4.550
128.8,4.550
128.9,4.550
128.9,4.550
129.0,4.550
129.0,4.550
129.1,4.550
129.1,4.550
129.1,4.550
129.1,4.550
129.2,4.550
129.2,4.550
129.3,4.550
129.3,4.550
129.3,4.550
129.4,4.550
129.4,4.550
129.5,4.550
129.5,4.550
129.6,4.550
129.6,4.550
129.7,4.550
129.7,4.550
129.7,4.550
129.8,4.550
129.8,4.550
129.8,4.550
129.8,4.550
129.8,4.550
129.8,4.550
129.9,4.550
130.0,4.550
130.0,4.550
130.1,4.550
130.1,4.550
130.2,4.550
130.2,4.550
130.2,4.550
130.3,4.550
130.3,4.550
130.3,4.550
130.3,4.550
130.4,4.550
130.4,4.550
130.5,4.550
130.5,4.550
130.5,4.550
130.5,4.550
130.6,4.550
130.6,4.550
130.7,4.550
130.7,4.550
130.7,4.550
130.7,4.550
130.7,4.550
130.8,4.550
130.8,4.550
130.8,4.550
130.8,4.550
130.9,4.550
130.9,4.550
131.0,4.550
131.0,4.550
131.0,4.550
131.0,4.550
131.1,4.550
131.1,4.550
131.1,4.550
131.2,4.550
131.2,4.550
131.2,4.550
131.3,4.550
131.3,4.550
131.3,4.550
131.3,4.550
131.4,4.550
131.4,4.550
131.4,4.550
131.4,4.550
131.5,4.550
131.5,4.550
131.5,4.550
131.5,4.550
131.5,4.550
131.6,4.550
131.6,4.550
131.6,4.550
131.6,4.550
131.7,4.550
131.7,4.550
131.7,4.550
131.8,4.550
131.8,4.550
131.8,4.550
131.8,4.550
131.8,4.550
131.9,4.550
131.9,4.550
131.9,4.550
132.0,4.550
132.0,4.550
132.0,4.550
132.1,4.550
132.1,4.550
132.1,4.550
132.1,4.550
132.1,4.550
132.1,4.550
132.2,4.550
132.1,4.550
132.2,4.550
132.2,4.550
132.3,4.550
132.3,4.550
132.3,4.550
132.3,4.550
132.4,4.550
132.4,4.550
132.4,4.550
132.4,4.550
132.5,4.550
132.4,4.550
132.4,4.550
132.5,4.550
132.5,4.550
132.5,4.550
132.6,4.550
132.6,4.550
132.7,4.550
132.7,4.550
132.7,4.550
132.7,4.550
132.7,4.550
132.8,4.550
132.7,4.550
132.7,4.550
132.7,4.550
132.9,4.550
132.9,4.550
132.9,4.550
133.0,4.550
133.0,4.550
133.1,4.550
133.1,4.550
133.1,4.550
133.1,4.550
133.1,4.550
133.1,4.550
133.1,4.550
133.2,4.550
133.2,4.550
133.2,4.550
133.2,4.550
133.3,4.550
133.3,4.550
133.3,4.550
133.4,4.550
133.4,4.550
133.4,4.555
133.4,4.555
133.5,4.555
133.5,4.555
133.6,4.555
133.6,4.555
133.6,4.555
133.6,4.555
133.6,4.555
133.7,4.555
133.7,4.555
133.7,4.555
133.7,4.555
133.8,4.555
133.8,4.555
133.8,4.555
133.8,4.555
133.8,4.555
133.8,4.555
133.9,4.555
133.8,4.555
133.9,4.555
133.9,4.555
134.0,4.555
134.0,4.555
134.0,4.555
134.1,4.555
134.1,4.555
134.1,4.555
134.2,4.555
134.2,4.555
134.2,4.555
134.2,4.555
134.2,4.555
134.3,4.555
134.3,4.555
134.4,4.555
134.4,4.555
134.4,4.555
134.5,4.555
134.5,4.555
134.5,4.555
134.6,4.555
134.6,4.555
134.7,4.555
134.7,4.555
134.7,4.555
134.7,4.555
134.7,4.555
134.7,4.555
134.7,4.555
134.7,4.555
134.7,4.555
134.7,4.555
134.7,4.555
134.8,4.555
134.9,4.555
134.9,4.555
134.9,4.555
134.9,4.555
134.9,4.555
134.9,4.555
135.0,4.555
135.0,4.555
135.1,4.555
135.1,4.555
135.1,4.555
135.1,4.555
135.2,4.555
135.1,4.555
135.1,4.555
135.1,4.555
135.1,4.555
135.1,4.555
135.2,4.555
135.3,4.555
135.3,4.555
135.3,4.555
135.3,4.555
135.3,4.555
135.4,4.555
135.4,4.555
135.4,4.555
135.4,4.555
135.4,4.555
135.5,4.555
135.5,4.555
135.5,4.555
135.5,4.555
135.5,4.555
135.5,4.555
135.5,4.555
135.6,4.555
135.6,4.555
135.7,4.555
135.7,4.555
135.7,4.555
135.7,4.555
135.7,4.555
135.7,4.555
135.8,4.555
135.8,4.555
135.8,4.555
135.8,4.555
135.9,4.555
135.9,4.555
135.9,4.555
135.9,4.555
135.9,4.555
135.9,4.555
135.9,4.555
135.9,4.555
136.0,4.555
136.0,4.555
136.0,4.555
136.0,4.555
136.0,4.555
136.0,4.555
136.1,4.555
136.1,4.555
136.2,4.555
136.2,4.555
136.2,4.555
136.2,4.555
136.2,4.555
136.2,4.555
136.2,4.555
136.2,4.555
136.2,4.555
136.2,4.555
136.3,4.555
136.4,4.555
136.4,4.555
136.4,4.555
136.4,4.555
136.4,4.555
136.5,4.555
136.4,4.555
136.4,4.555
136.4,4.555
136.5,4.555
136.6,4.555
136.5,4.555
136.5,4.555
136.5,4.555
136.6,4.555
136.6,4.555
136.6,4.555
136.6,4.555
136.6,4.555
136.6,4.555
136.6,4.555
136.6,4.555
136.7,4.555
136.7,4.555
136.7,4.555
136.8,4.555
136.8,4.555
136.8,4.555
136.8,4.555
136.8,4.555
136.8,4.555
136.8,4.555
136.8,4.555
136.9,4.555
136.9,4.555
136.9,4.555
136.9,4.555
136.9,4.555
137.0,4.555
137.1,4.555
137.1,4.555
137.0,4.555
137.0,4.555
137.1,4.555
137.1,4.555
137.1,4.555
137.1,4.555
137.2,4.555
137.2,4.555
137.3,4.555
137.3,4.555
137.3,4.555
137.3,4.555
137.3,4.555
137.3,4.555
137.3,4.555
137.3,4.555
137.4,4.555
137.4,4.555
137.5,4.555
137.5,4.555
137.5,4.555
137.5,4.555
137.5,4.555
137.5,4.555
137.5,4.555
137.5,4.555
137.5,4.555
137.5,4.555
137.5,4.555
137.6,4.555
137.6,4.555
137.6,4.555
137.6,4.555
137.6,4.555
137.6,4.555
137.7,4.555
137.8,4.555
137.8,4.555
137.8,4.555
137.8,4.555
137.9,4.555
137.8,4.555
137.9,4.555
137.9,4.555
137.9,4.555
138.0,4.555
138.0,4.555
138.0,4.555
138.0,4.555
138.1,4.555
138.1,4.555
138.1,4.555
138.1,4.555
138.1,4.555
138.2,4.555
138.2,4.555
138.2,4.555
138.2,4.555
138.3,4.555
138.3,4.555
138.3,4.555
138.3,4.555
138.4,4.555
138.4,4.555
138.4,4.555
138.4,4.560
138.4,4.560
138.4,4.560
138.4,4.560
138.4,4.560
138.4,4.560
138.5,4.560
138.5,4.560
138.6,4.560
138.6,4.560
138.6,4.560
138.6,4.560
138.6,4.560
138.6,4.560
138.6,4.560
138.6,4.560
138.6,4.560
138.6,4.560
138.7,4.560
138.7,4.560
138.7,4.560
138.7,4.560
138.8,4.560
138.8,4.560
138.9,4.560
138.9,4.560
138.9,4.560
138.9,4.560
138.9,4.560
138.9,4.560
138.9,4.560
138.9,4.560
138.9,4.560
138.9,4.560
139.1,4.560
139.1,4.560
139.1,4.560
139.1,4.560
139.1,4.560
139.2,4.560
139.2,4.560
139.2,4.560
139.2,4.560
139.2,4.560
139.2,4.560
139.2,4.560
139.2,4.560
139.3,4.560
139.3,4.560
139.3,4.560
139.4,4.560
139.3,4.560
139.4,4.560
139.4,4.560
139.4,4.560
139.4,4.560
139.4,4.560
139.4,4.560
139.4,4.560
139.4,4.560
139.5,4.560
139.5,4.560
139.5,4.560
139.6,4.560
139.6,4.560
139.6,4.560
139.6,4.560
139.7,4.560
139.7,4.560
139.7,4.560
139.7,4.560
139.7,4.560
139.7,4.560
139.7,4.560
139.7,4.560
139.7,4.560
139.8,4.560
139.9,4.560
139.9,4.560
139.9,4.560
139.9,4.560
139.9,4.560
139.9,4.560
139.9,4.560
139.9,4.560
139.9,4.560
139.9,4.560
139.9,4.560
139.9,4.560
139.9,4.560
140.0,4.560
140.0,4.560
140.0,4.560
140.1,4.560
140.1,4.560
140.2,4.560
140.1,4.560
140.1,4.560
140.1,4.560
140.2,4.560
140.2,4.560
140.2,4.560
140.2,4.560
140.2,4.560
140.2,4.560
140.2,4.560
140.2,4.560
140.3,4.560
140.3,4.560
140.3,4.560
140.3,4.560
140.3,4.560
140.3,4.560
140.3,4.560
140.3,4.560
140.3,4.560
140.4,4.560
140.4,4.560
140.4,4.560
140.5,4.560
140.5,4.560
140.5,4.560
140.6,4.560
140.6,4.560
140.6,4.560
140.6,4.560
140.6,4.560
140.6,4.560
140.6,4.560
140.6,4.560
140.6,4.560
140.6,4.560
140.6,4.560
140.6,4.560
140.6,4.560
140.6,4.560
140.6,4.560
140.6,4.560
140.7,4.560
140.7,4.560
140.7,4.560
140.7,4.560
140.7,4.560
140.7,4.560
140.7,4.560
140.8,4.560
140.8,4.560
140.8,4.560
140.8,4.560
140.8,4.560
140.8,4.560
140.8,4.560
140.8,4.560
140.8,4.560
140.8,4.560
140.8,4.560
140.8,4.560
140.9,4.560
140.9,4.560
140.9,4.560
140.9,4.560
140.9,4.560
140.9,4.560
140.9,4.560
140.9,4.560
140.9,4.560
140.9,4.560
140.9,4.560
140.9,4.560
140.9,4.560
140.9,4.560
140.9,4.560
140.9,4.560
140.9,4.560
140.9,4.560
140.9,4.560
141.0,4.560
141.0,4.560
141.0,4.560
141.0,4.560
141.0,4.560
141.0,4.560
141.0,4.560
141.0,4.560
141.0,4.560
141.0,4.560
141.0,4.560
141.0,4.560
141.1,4.560
141.1,4.560
141.1,4.560
141.1,4.560
141.1,4.560
141.1,4.560
141.1,4.560
141.1,4.560
141.1,4.560
141.1,4.560
141.1,4.560
141.1,4.560
141.1,4.560
141.1,4.560
141.1,4.560
141.1,4.560
141.1,4.560
141.1,4.560
141.1,4.560
141.2,4.560
141.2,4.560
141.2,4.560
141.2,4.560
141.2,4.560
141.2,4.560
141.2,4.560
141.2,4.560
141.2,4.560
141.2,4.560
141.2,4.560
141.2,4.560
141.2,4.560
141.2,4.560
141.2,4.560
141.2,4.560
141.2,4.560
141.2,4.560
141.2,4.560
141.2,4.560
141.3,4.560
141.4,4.560
141.4,4.560
141.4,4.560
141.4,4.560
141.4,4.560
141.4,4.560
141.4,4.560
141.4,4.560
141.4,4.560
141.4,4.560
141.4,4.560
141.4,4.560
141.4,4.560
141.4,4.560
141.4,4.560
141.4,4.560
141.4,4.560
141.4,4.560
141.4,4.560
141.5,4.560
141.5,4.560
141.5,4.560
141.5,4.560
141.5,4.560
141.5,4.560
141.5,4.560
141.5,4.560
141.5,4.560
141.5,4.560
141.5,4.560
141.5,4.560
141.6,4.560
141.6,4.560
141.6,4.560
141.6,4.560
141.6,4.560
141.6,4.560
141.6,4.560
141.6,4.560
141.6,4.560
141.6,4.560
141.6,4.560
141.6,4.560
141.7,4.560
141.7,4.560
141.7,4.560
141.7,4.560
141.7,4.560
141.7,4.560
141.7,4.560
141.8,4.560
141.8,4.560
141.8,4.560
141.8,4.560
141.8,4.560
141.8,4.560
141.8,4.560
141.9,4.560
142.0,4.560
142.0,4.560
142.0,4.560
142.0,4.560
142.0,4.560
142.0,4.560
142.0,4.560
142.0,4.560
142.0,4.560
142.0,4.560
142.0,4.560
142.1,4.560
142.1,4.560
142.1,4.560
142.2,4.560
142.2,4.560
142.2,4.560
142.2,4.560
142.2,4.560
142.2,4.560
142.3,4.560
142.3,4.560
142.3,4.560
142.3,4.560
142.4,4.560
142.4,4.560
142.4,4.560
142.4,4.560
142.5,4.560
142.5,4.560
142.6,4.560
142.6,4.560
142.6,4.560
142.6,4.560
142.6,4.560
142.6,4.560
142.6,4.560
142.6,4.560
142.6,4.560
142.6,4.560
142.7,4.560
142.8,4.560
142.8,4.560
142.8,4.560
142.8,4.560
142.9,4.560
142.9,4.560
142.9,4.560
142.9,4.560
142.9,4.560
142.9,4.560
142.9,4.560
142.9,4.560
142.9,4.560
143.0,4.560
143.0,4.560
143.0,4.560
143.0,4.560
143.1,4.560
143.1,4.560
143.2,4.560
143.2,4.560
143.2,4.560
143.3,4.560
143.3,4.560
143.3,4.560
143.3,4.565
143.3,4.565
143.3,4.565
143.3,4.565
143.3,4.565
143.3,4.565
143.4,4.565
143.4,4.565
143.4,4.565
143.5,4.565
143.5,4.565
143.6,4.565
143.6,4.565
143.6,4.565
143.6,4.565
143.6,4.565
143.7,4.565
143.7,4.565
143.7,4.565
143.8,4.565
143.8,4.565
143.8,4.565
143.8,4.565
143.8,4.565
143.8,4.565
143.8,4.565
143.8,4.565
143.8,4.565
143.9,4.565
143.9,4.565
144.0,4.565
144.0,4.565
144.0,4.565
144.1,4.565
144.1,4.565
144.1,4.565
144.2,4.565
144.2,4.565
144.2,4.565
144.2,4.565
144.2,4.565
144.2,4.565
144.2,4.565
144.2,4.565
144.3,4.565
144.4,4.565
144.4,4.565
144.4,4.565
144.4,4.565
144.5,4.565
144.5,4.565
144.5,4.565
144.5,4.565
144.5,4.565
144.6,4.565
144.6,4.565
144.6,4.565
144.6,4.565
144.6,4.565
144.6,4.565
144.7,4.565
144.7,4.565
144.8,4.565
144.8,4.565
144.8,4.565
144.9,4.565
144.9,4.565
144.9,4.565
145.0,4.565
145.0,4.565
145.0,4.565
145.0,4.565
145.0,4.565
145.1,4.565
145.1,4.565
145.2,4.565
145.2,4.565
145.2,4.565
145.3,4.565
145.3,4.565
145.3,4.565
145.3,4.565
145.4,4.565
145.4,4.565
145.5,4.565
145.5,4.565
145.5,4.565
145.6,4.565
145.6,4.565
145.6,4.565
145.7,4.565
145.7,4.565
145.7,4.565
145.7,4.565
145.7,4.565
145.8,4.565
145.8,4.565
145.9,4.565
145.9,4.565
145.9,4.565
145.9,4.565
145.9,4.565
146.0,4.565
146.0,4.565
146.0,4.565
146.1,4.565
146.1,4.565
146.2,4.565
146.2,4.565
146.2,4.565
146.2,4.565
146.3,4.565
146.3,4.565
146.4,4.565
146.4,4.565
146.4,4.565
146.4,4.565
146.5,4.565
146.5,4.565
146.6,4.565
146.6,4.565
146.6,4.565
146.7,4.565
146.7,4.565
146.7,4.565
146.8,4.565
146.8,4.565
146.8,4.565
146.8,4.565
146.9,4.565
146.9,4.565
146.9,4.565
147.0,4.565
147.0,4.565
147.0,4.565
147.1,4.565
147.2,4.565
147.2,4.565
147.2,4.565
147.3,4.565
147.3,4.565
147.3,4.565
147.4,4.565
147.4,4.565
147.4,4.565
147.4,4.565
147.5,4.565
147.5,4.565
147.5,4.565
147.5,4.565
147.5,4.565
147.6,4.565
147.6,4.565
147.6,4.565
147.7,4.565
147.7,4.565
147.8,4.565
147.8,4.565
147.8,4.565
147.8,4.565
147.8,4.570
147.9,4.570
147.9,4.570
147.9,4.570
147.9,4.570
148.0,4.570
148.1,4.570
148.1,4.570
148.2,4.570
148.2,4.570
148.2,4.570
148.3,4.570
148.3,4.570
148.3,4.570
148.3,4.570
148.4,4.570
148.4,4.570
148.4,4.570
148.5,4.570
148.5,4.570
148.6,4.570
148.6,4.570
148.6,4.570
148.7,4.570
148.7,4.570
148.7,4.570
148.7,4.570
148.7,4.570
148.8,4.570
148.8,4.570
148.9,4.570
148.9,4.570
148.9,4.570
149.0,4.570
149.1,4.570
149.1,4.570
149.1,4.570
149.1,4.570
149.1,4.570
149.2,4.570
149.2,4.570
149.2,4.570
149.3,4.570
149.3,4.570
149.3,4.570
149.3,4.570
149.4,4.570
149.4,4.570
149.5,4.570
149.5,4.570
149.5,4.570
149.6,4.570
149.6,4.570
149.7,4.570
149.7,4.570
149.7,4.570
149.8,4.570
149.8,4.570
149.8,4.570
149.8,4.570
149.9,4.570
149.9,4.570
150.0,4.570
150.0,4.570
150.1,4.570
150.1,4.570
150.2,4.570
150.2,4.570
150.2,4.570
150.3,4.570
150.3,4.570
150.3,4.570
150.4,4.570
150.4,4.570
150.4,4.570
150.4,4.570
150.5,4.570
150.5,4.570
150.5,4.570
150.6,4.570
150.6,4.570
150.7,4.570
150.7,4.570
150.7,4.570
150.7,4.570
150.8,4.570
150.8,4.570
150.9,4.570
150.9,4.570
150.9,4.570
150.9,4.570
150.9,4.570
151.0,4.570
151.0,4.570
151.1,4.570
151.1,4.570
151.2,4.570
151.2,4.570
151.2,4.570
151.2,4.570
151.3,4.570
151.3,4.570
151.3,4.570
151.4,4.570
151.4,4.570
151.4,4.570
151.5,4.570
151.5,4.570
151.6,4.570
151.6,4.570
151.6,4.570
151.6,4.570
151.7,4.570
151.7,4.570
151.7,4.570
151.8,4.570
151.8,4.570
151.8,4.570
151.8,4.570
151.9,4.570
151.9,4.570
151.9,4.570
151.9,4.570
152.0,4.570
152.0,4.570
152.0,4.570
152.1,4.570
152.1,4.570
152.2,4.570
152.2,4.570
152.2,4.570
152.2,4.570
152.3,4.570
152.3,4.570
152.3,4.570
152.3,4.570
152.4,4.570
152.4,4.570
152.5,4.570
152.5,4.570
152.5,4.570
152.6,4.570
152.6,4.570
152.7,4.570
152.7,4.570
152.8,4.570
152.8,4.570
152.8,4.570
152.8,4.570
152.9,4.570
152.9,4.570
152.9,4.570
153.0,4.570
153.0,4.575
153.0,4.575
153.1,4.575
153.1,4.575
153.1,4.575
153.2,4.575
153.2,4.575
153.2,4.575
153.2,4.575
153.2,4.575
153.3,4.575
153.3,4.575
153.4,4.575
153.4,4.575
153.4,4.575
153.5,4.575
153.5,4.575
153.5,4.575
153.6,4.575
153.6,4.575
153.7,4.575
153.7,4.575
153.7,4.575
153.7,4.575
153.8,4.575
153.9,4.575
153.9,4.575
153.9,4.575
153.9,4.575
154.0,4.575
154.0,4.575
154.1,4.575
154.1,4.575
154.1,4.575
154.1,4.575
154.2,4.575
154.2,4.575
154.3,4.575
154.3,4.575
154.3,4.575
154.4,4.575
154.4,4.575
154.5,4.575
154.5,4.575
154.5,4.575
154.6,4.575
154.6,4.575
154.7,4.575
154.7,4.575
154.7,4.575
154.8,4.575
154.8,4.575
154.9,4.575
154.9,4.575
154.9,4.575
154.9,4.575
155.0,4.575
155.0,4.575
155.1,4.575
155.1,4.575
155.1,4.575
155.2,4.575
155.2,4.575
155.3,4.575
155.3,4.575
155.3,4.575
155.4,4.575
155.4,4.575
155.5,4.575
155.5,4.575
155.5,4.575
155.5,4.575
155.6,4.575
155.6,4.575
155.7,4.575
155.7,4.575
155.7,4.575
155.8,4.575
155.8,4.575
155.9,4.575
155.9,4.575
156.0,4.575
156.0,4.575
156.1,4.575
156.1,4.575
156.1,4.575
156.2,4.575
156.2,4.575
156.3,4.575
156.3,4.575
156.3,4.575
156.4,4.575
156.4,4.575
156.4,4.575
156.4,4.575
156.5,4.575
156.5,4.575
156.6,4.575
156.6,4.575
156.6,4.575
156.7,4.575
156.7,4.575
156.7,4.575
156.7,4.575
156.8,4.575
156.9,4.575
157.0,4.575
157.0,4.575
157.0,4.575
157.0,4.575
157.1,4.575
157.1,4.575
157.1,4.575
157.1,4.575
157.2,4.575
157.2,4.575
157.3,4.575
157.3,4.575
157.3,4.575
157.4,4.575
157.4,4.575
157.4,4.575
157.5,4.575
157.5,4.575
157.6,4.575
157.6,4.575
157.7,4.575
157.7,4.575
157.7,4.575
157.8,4.575
157.8,4.575
157.8,4.575
157.9,4.575
157.9,4.575
158.0,4.575
158.0,4.575
158.0,4.575
158.0,4.575
158.1,4.580
158.1,4.580
158.2,4.580
158.2,4.580
158.3,4.580
158.3,4.580
158.3,4.580
158.3,4.580
158.4,4.580
158.4,4.580
158.5,4.580
158.5,4.580
158.5,4.580
158.5,4.580
158.6,4.580
158.6,4.580
158.6,4.580
158.7,4.580
158.7,4.580
158.8,4.580
158.8,4.580
158.8,4.580
158.8,4.580
158.9,4.580
158.9,4.580
158.9,4.580
159.0,4.580
159.0,4.580
159.1,4.580
159.1,4.580
159.1,4.580
159.2,4.580
159.2,4.580
159.2,4.580
159.3,4.580
159.3,4.580
159.3,4.580
159.4,4.580
159.4,4.580
159.4,4.580
159.5,4.580
159.5,4.580
159.6,4.580
159.6,4.580
159.6,4.580
159.6,4.580
159.6,4.580
159.6,4.580
159.7,4.580
159.7,4.580
159.8,4.580
159.8,4.580
159.8,4.580
159.8,4.580
159.9,4.580
159.9,4.580
160.0,4.580
160.0,4.580
160.1,4.580
160.1,4.580
160.1,4.580
160.2,4.580
160.2,4.580
160.2,4.580
160.2,4.580
160.2,4.580
160.3,4.580
160.3,4.580
160.4,4.580
160.4,4.580
160.4,4.580
160.5,4.580
160.5,4.580
160.5,4.580
160.6,4.580
160.6,4.580
160.7,4.580
160.7,4.580
160.7,4.580
160.7,4.580
160.8,4.580
160.8,4.580
160.8,4.580
160.8,4.580
160.8,4.580
160.9,4.580
160.9,4.580
161.0,4.580
161.0,4.580
161.0,4.580
161.0,4.580
161.0,4.580
161.1,4.580
161.1,4.580
161.2,4.580
161.2,4.580
161.2,4.580
161.3,4.580
161.3,4.580
161.3,4.580
161.4,4.580
161.4,4.580
161.4,4.580
161.4,4.580
161.5,4.580
161.5,4.580
161.6,4.580
161.6,4.580
161.6,4.580
161.6,4.580
161.6,4.580
161.7,4.580
161.7,4.580
161.7,4.580
161.8,4.580
161.8,4.580
161.9,4.580
161.9,4.580
161.9,4.580
161.9,4.580
161.9,4.580
161.9,4.580
161.9,4.580
161.9,4.580
162.0,4.580
162.1,4.580
162.1,4.580
162.2,4.580
162.2,4.580
162.2,4.580
162.3,4.580
162.3,4.580
162.3,4.580
162.4,4.580
162.4,4.580
162.4,4.580
162.5,4.580
162.5,4.580
162.5,4.580
162.5,4.580
162.6,4.580
162.6,4.580
162.7,4.580
162.7,4.580
162.7,4.580
162.8,4.580
162.8,4.580
162.8,4.580
162.8,4.580
162.9,4.580
162.9,4.580
162.9,4.580
162.9,4.580
162.9,4.580
162.9,4.580
162.9,4.580
162.9,4.580
163.0,4.580
163.0,4.580
163.1,4.580
163.1,4.580
163.2,4.580
163.2,4.580
163.2,4.580
163.2,4.585
163.3,4.585
163.3,4.585
163.3,4.585
163.3,4.585
163.4,4.585
163.4,4.585
163.5,4.585
163.5,4.585
163.5,4.585
163.6,4.585
163.6,4.585
163.6,4.585
163.6,4.585
163.7,4.585
163.7,4.585
163.7,4.585
163.8,4.585
163.8,4.585
163.8,4.585
163.9,4.585
163.9,4.585
163.9,4.585
164.0,4.585
164.0,4.585
164.0,4.585
164.0,4.585
164.1,4.585
164.1,4.585
164.2,4.585
164.2,4.585
164.2,4.585
164.2,4.585
164.2,4.585
164.2,4.585
164.2,4.585
164.3,4.585
164.3,4.585
164.4,4.585
164.4,4.585
164.4,4.585
164.4,4.585
164.4,4.585
164.5,4.585
164.5,4.585
164.5,4.585
164.5,4.585
164.6,4.585
164.6,4.585
164.7,4.585
164.7,4.585
164.7,4.585
164.8,4.585
164.8,4.585
164.9,4.585
164.9,4.585
165.0,4.585
165.0,4.585
165.0,4.585
165.1,4.585
165.1,4.585
165.1,4.585
165.1,4.585
165.2,4.585
165.2,4.585
165.2,4.585
165.2,4.585
165.3,4.585
165.3,4.585
165.3,4.585
165.4,4.585
165.4,4.585
165.4,4.585
165.5,4.585
165.5,4.585
165.6,4.585
165.6,4.585
165.6,4.585
165.7,4.585
165.7,4.585
165.7,4.585
165.8,4.585
165.8,4.585
165.8,4.585
165.8,4.585
165.9,4.585
165.9,4.585
165.9,4.585
165.9,4.585
166.0,4.585
166.0,4.585
166.0,4.585
166.1,4.585
166.1,4.585
166.1,4.585
166.1,4.585
166.2,4.585
166.2,4.585
166.3,4.585
166.3,4.585
166.3,4.585
166.3,4.585
166.4,4.585
166.4,4.585
166.5,4.585
166.5,4.585
166.5,4.585
166.6,4.585
166.6,4.585
166.6,4.585
166.7,4.585
166.7,4.585
166.7,4.585
166.8,4.585
166.8,4.585
166.8,4.585
166.9,4.585
166.9,4.585
167.0,4.585
167.0,4.585
167.1,4.585
167.1,4.585
167.2,4.585
167.2,4.585
167.2,4.585
167.2,4.585
167.3,4.585
167.3,4.585
167.3,4.585
167.3,4.585
167.4,4.585
167.4,4.585
167.5,4.585
167.5,4.585
167.5,4.585
167.6,4.585
167.6,4.585
167.6,4.585
167.7,4.585
167.7,4.585
167.7,4.585
167.8,4.585
167.8,4.585
167.8,4.585
167.9,4.585
167.9,4.585
168.0,4.585
168.0,4.585
168.0,4.585
168.1,4.585
168.1,4.585
168.2,4.585
168.2,4.590
168.2,4.590
168.3,4.590
168.3,4.590
168.4,4.590
168.4,4.590
168.4,4.590
168.5,4.590
168.5,4.590
168.6,4.590
168.6,4.590
168.6,4.590
168.7,4.590
168.7,4.590
168.7,4.590
168.8,4.590
168.8,4.590
168.8,4.590
168.9,4.590
168.9,4.590
169.0,4.590
169.0,4.590
169.0,4.590
169.0,4.590
169.1,4.590
169.1,4.590
169.2,4.590
169.2,4.590
169.3,4.590
169.3,4.590
169.3,4.590
169.3,4.590
169.4,4.590
169.5,4.590
169.5,4.590
169.5,4.590
169.6,4.590
169.7,4.590
169.7,4.590
169.7,4.590
169.7,4.590
169.7,4.590
169.7,4.590
169.8,4.590
169.8,4.590
169.9,4.590
169.9,4.590
169.9,4.590
170.0,4.590
170.0,4.590
170.0,4.590
170.0,4.590
170.1,4.590
170.1,4.590
170.2,4.590
170.2,4.590
170.2,4.590
170.2,4.590
170.3,4.590
170.3,4.590
170.3,4.590
170.4,4.590
170.4,4.590
170.4,4.590
170.5,4.590
170.5,4.590
170.5,4.590
170.5,4.590
170.5,4.590
170.6,4.590
170.6,4.590
170.6,4.590
170.7,4.590
170.7,4.590
170.7,4.590
170.7,4.590
170.8,4.590
170.8,4.590
170.9,4.590
170.9,4.590
170.9,4.590
171.0,4.590
171.0,4.590
171.1,4.590
171.1,4.590
171.1,4.590
171.1,4.590
171.2,4.590
171.2,4.590
171.2,4.590
171.2,4.590
171.2,4.590
171.2,4.590
171.3,4.590
171.3,4.590
171.3,4.590
171.3,4.590
171.3,4.590
171.4,4.590
171.5,4.590
171.5,4.590
171.5,4.590
171.5,4.590
171.5,4.590
171.6,4.590
171.6,4.590
171.6,4.590
171.7,4.590
171.7,4.590
171.7,4.590
171.7,4.590
171.7,4.590
171.8,4.590
171.8,4.590
171.8,4.590
171.8,4.590
171.8,4.590
171.8,4.590
171.9,4.590
171.9,4.590
172.0,4.590
172.0,4.590
172.1,4.590
172.1,4.590
172.1,4.590
172.2,4.590
172.2,4.590
172.2,4.590
172.2,4.590
172.2,4.590
172.2,4.590
172.2,4.590
172.2,4.590
172.2,4.590
172.2,4.590
172.4,4.590
172.4,4.590
172.4,4.590
172.5,4.590
172.5,4.590
172.5,4.590
172.5,4.590
172.5,4.590
172.5,4.590
172.5,4.590
172.5,4.590
172.5,4.590
172.6,4.590
172.6,4.590
172.6,4.590
172.7,4.590
172.8,4.590
172.8,4.590
172.8,4.590
172.9,4.590
172.9,4.590
172.9,4.590
172.9,4.590
172.9,4.590
173.0,4.590
173.0,4.595
173.0,4.595
173.0,4.595
173.0,4.595
173.1,4.595
173.1,4.595
173.2,4.595
173.2,4.595
173.2,4.595
173.2,4.595
173.2,4.595
173.3,4.595
173.3,4.595
173.3,4.595
173.3,4.595
173.4,4.595
173.4,4.595
173.5,4.595
173.5,4.595
173.5,4.595
173.5,4.595
173.6,4.595
173.6,4.595
173.6,4.595
173.6,4.595
173.7,4.595
173.7,4.595
173.7,4.595
173.7,4.595
173.7,4.595
173.7,4.595
173.7,4.595
173.7,4.595
173.7,4.595
173.9,4.595
173.9,4.595
173.9,4.595
173.9,4.595
174.0,4.595
174.0,4.595
174.0,4.595
174.0,4.595
174.1,4.595
174.1,4.595
174.1,4.595
174.2,4.595
174.2,4.595
174.2,4.595
174.2,4.595
174.3,4.595
174.3,4.595
174.3,4.595
174.4,4.595
174.4,4.595
174.3,4.595
174.3,4.595
174.5,4.595
174.4,4.595
174.5,4.595
174.5,4.595
174.6,4.595
174.6,4.595
174.6,4.595
174.6,4.595
174.6,4.595
174.6,4.595
174.7,4.595
174.7,4.595
174.7,4.595
174.7,4.595
174.8,4.595
174.8,4.595
174.8,4.595
174.8,4.595
174.8,4.595
174.9,4.595
174.9,4.595
175.0,4.595
175.0,4.595
175.0,4.595
175.1,4.595
175.1,4.595
175.1,4.595
175.1,4.595
175.1,4.595
175.1,4.595
175.2,4.595
175.1,4.595
175.1,4.595
175.1,4.595
175.3,4.595
175.3,4.595
175.2,4.595
175.3,4.595
175.3,4.595
175.3,4.595
175.3,4.595
175.3,4.595
175.3,4.595
175.4,4.595
175.4,4.595
175.4,4.595
175.5,4.595
175.5,4.595
175.5,4.595
175.5,4.595
175.5,4.595
175.5,4.595
175.5,4.595
175.5,4.595
175.5,4.595
175.5,4.595
175.5,4.595
175.7,4.595
175.7,4.595
175.7,4.595
175.7,4.595
175.7,4.595
175.7,4.595
175.7,4.595
175.7,4.595
175.7,4.595
175.7,4.595
175.8,4.595
175.8,4.595
175.8,4.595
175.9,4.595
175.9,4.595
175.9,4.595
175.9,4.595
175.9,4.595
175.9,4.595
175.9,4.595
175.9,4.595
175.9,4.595
175.9,4.595
176.0,4.595
176.0,4.595
176.0,4.595
176.0,4.595
176.1,4.595
176.1,4.595
176.1,4.595
176.1,4.595
176.1,4.595
176.1,4.595
176.1,4.595
176.1,4.595
176.1,4.595
176.1,4.595
176.1,4.595
176.1,4.595
176.1,4.595
176.2,4.595
176.2,4.595
176.2,4.595
176.2,4.595
176.2,4.595
176.2,4.595
176.2,4.595
176.2,4.595
176.2,4.595
176.3,4.595
176.3,4.595
176.3,4.595
176.3,4.595
176.3,4.595
176.3,4.595
176.3,4.595
176.3,4.595
176.4,4.595
176.4,4.595
176.4,4.595
176.4,4.595
176.4,4.595
176.4,4.595
176.4,4.595
176.4,4.595
176.5,4.595
176.5,4.595
176.5,4.595
176.5,4.595
176.5,4.595
176.5,4.595
176.5,4.595
176.5,4.595
176.5,4.595
176.5,4.595
176.5,4.595
176.5,4.595
176.5,4.595
176.5,4.595
176.5,4.595
176.5,4.595
176.5,4.595
176.5,4.595
176.5,4.595
176.7,4.595
176.6,4.595
176.6,4.595
176.6,4.595
176.7,4.595
176.7,4.595
176.7,4.595
176.7,4.595
176.7,4.595
176.7,4.595
176.7,4.595
176.7,4.595
176.7,4.595
176.7,4.595
176.7,4.595
176.7,4.595
176.7,4.595
176.7,4.595
176.8,4.595
176.8,4.595
176.8,4.595
176.8,4.595
176.9,4.595
176.9,4.595
176.9,4.595
176.9,4.595
176.9,4.595
176.9,4.595
176.9,4.595
176.9,4.595
176.9,4.595
176.9,4.595
176.9,4.595
177.0,4.595
177.0,4.595
177.0,4.595
177.0,4.595
177.0,4.595
177.0,4.595
177.0,4.595
177.0,4.595
177.0,4.595
177.0,4.595
177.0,4.595
177.0,4.595
177.1,4.595
177.1,4.595
177.2,4.595
177.1,4.595
177.1,4.595
177.1,4.595
177.1,4.595
177.2,4.595
177.2,4.595
177.2,4.595
177.2,4.595
177.2,4.595
177.2,4.595
177.2,4.595
177.2,4.595
177.2,4.595
177.2,4.595
177.2,4.595
177.3,4.595
177.3,4.595
177.3,4.595
177.3,4.595
177.3,4.595
177.3,4.595
177.3,4.595
177.3,4.595
177.3,4.595
177.4,4.595
177.4,4.595
177.4,4.595
177.4,4.595
177.4,4.595
177.4,4.595
177.4,4.595
177.4,4.595
177.5,4.595
177.5,4.595
177.5,4.595
177.5,4.595
177.5,4.595
177.5,4.595
177.5,4.595
177.5,4.595
177.5,4.595
177.6,4.595
177.6,4.595
177.7,4.595
177.7,4.595
177.7,4.595
177.7,4.595
177.7,4.595
177.7,4.595
177.7,4.595
177.7,4.595
177.7,4.595
177.7,4.595
177.7,4.595
177.8,4.595
177.8,4.595
177.8,4.595
177.8,4.595
177.8,4.595
177.8,4.595
177.8,4.595
177.8,4.595
177.8,4.595
177.8,4.595
177.8,4.595
177.9,4.595
177.9,4.595
177.9,4.595
177.9,4.595
177.9,4.595
177.9,4.595
177.9,4.595
178.0,4.595
178.0,4.595
178.0,4.595
178.0,4.595
178.0,4.595
178.0,4.595
178.0,4.595
178.0,4.595
178.0,4.595
178.0,4.595
178.0,4.600
178.1,4.600
178.1,4.600
178.1,4.600
178.1,4.600
178.1,4.600
178.1,4.600
178.1,4.600
178.1,4.600
178.1,4.600
178.2,4.600
178.2,4.600
178.2,4.600
178.3,4.600
178.3,4.600
178.3,4.600
178.3,4.600
178.3,4.600
178.3,4.600
178.3,4.600
178.3,4.600
178.3,4.600
178.3,4.600
178.3,4.600
178.3,4.600
178.3,4.600
178.3,4.600
178.3,4.600
178.4,4.600
178.4,4.600
178.4,4.600
178.4,4.600
178.4,4.600
178.4,4.600
178.4,4.600
178.4,4.600
178.4,4.600
178.4,4.600
178.4,4.600
178.4,4.600
178.4,4.600
178.4,4.600
178.4,4.600
178.5,4.600
178.5,4.600
178.5,4.600
178.5,4.600
178.5,4.600
178.5,4.600
178.5,4.600
178.5,4.600
178.5,4.600
178.5,4.600
178.6,4.600
178.6,4.600
178.6,4.600
178.6,4.600
178.6,4.600
178.6,4.600
178.6,4.600
178.6,4.600
178.6,4.600
178.6,4.600
178.6,4.600
178.6,4.600
178.6,4.600
178.6,4.600
178.6,4.600
178.6,4.600
178.6,4.600
178.6,4.600
178.6,4.600
178.6,4.600
178.6,4.600
178.6,4.600
178.6,4.600
178.7,4.600
178.7,4.600
178.7,4.600
178.7,4.600
178.7,4.600
178.7,4.600
178.7,4.600
178.7,4.600
178.8,4.600
178.8,4.600
178.8,4.600
178.8,4.600
178.8,4.600
178.8,4.600
178.9,4.600
178.9,4.600
178.9,4.600
178.9,4.600
178.9,4.600
178.9,4.600
178.9,4.600
178.9,4.600
178.9,4.600
178.9,4.600
178.9,4.600
178.9,4.600
178.9,4.600
178.9,4.600
178.9,4.600
178.9,4.600
178.9,4.600
178.9,4.600
178.9,4.600
178.9,4.600
179.0,4.600
179.0,4.600
179.0,4.600
179.0,4.600
179.0,4.600
179.0,4.600
179.0,4.600
179.0,4.600
179.0,4.600
179.0,4.600
179.0,4.600
179.0,4.600
179.1,4.600
179.1,4.600
179.1,4.600
179.1,4.600
179.1,4.600
179.1,4.600
179.1,4.600
179.1,4.600
179.1,4.600
179.1,4.600
179.1,4.600
179.1,4.600
179.1,4.600
179.1,4.600
179.1,4.600
179.1,4.600
179.1,4.600
179.1,4.600
179.1,4.600
179.1,4.600
179.2,4.600
179.2,4.600
179.2,4.600
179.2,4.600
179.2,4.600
179.2,4.600
179.2,4.600
179.2,4.600
179.2,4.600
179.2,4.600
179.2,4.600
179.2,4.600
179.2,4.600
179.2,4.600
179.2,4.600
179.3,4.600
179.3,4.600
179.3,4.600
179.3,4.600
179.3,4.600
179.4,4.600
179.4,4.600
179.4,4.600
179.4,4.600
179.4,4.600
179.4,4.600
179.4,4.600
179.4,4.600
179.4,4.600
179.4,4.600
179.4,4.600
179.4,4.600
179.4,4.600
179.4,4.600
179.4,4.600
179.4,4.600
179.4,4.600
179.5,4.600
179.5,4.600
179.5,4.600
179.5,4.600
179.5,4.600
179.5,4.600
179.5,4.600
179.5,4.600
179.5,4.600
179.5,4.600
179.6,4.600
179.6,4.600
179.6,4.600
179.6,4.600
179.6,4.600
179.6,4.600
179.6,4.600
179.6,4.600
179.6,4.600
179.6,4.600
179.6,4.600
179.7,4.600
179.7,4.600
179.7,4.600
179.7,4.600
179.7,4.600
179.8,4.600
179.8,4.600
179.8,4.600
179.8,4.600
179.8,4.600
179.8,4.600
179.8,4.600
179.8,4.600
179.8,4.600
179.8,4.600
179.8,4.600
179.9,4.600
179.9,4.600
179.9,4.600
179.9,4.600
179.9,4.600
179.9,4.600
179.9,4.600
179.9,4.600
179.9,4.600
179.9,4.600
179.9,4.600
179.9,4.600
180.0,4.600
180.0,4.600
180.0,4.600
180.0,4.600
180.0,4.600
180.0,4.600
180.0,4.600
180.0,4.600
180.0,4.600
180.0,4.600
180.0,4.600
180.1,4.600
180.1,4.600
180.2,4.600
180.2,4.600
180.2,4.600
180.2,4.600
180.2,4.600
180.2,4.600
180.2,4.600
180.2,4.600
180.2,4.600
180.3,4.600
180.3,4.600
180.3,4.600
180.3,4.600
180.3,4.600
180.3,4.600
180.3,4.600
180.4,4.600
180.4,4.600
180.4,4.600
180.4,4.600
180.4,4.600
180.4,4.600
180.4,4.600
180.4,4.600
180.5,4.600
180.5,4.600
180.6,4.600
180.6,4.600
180.6,4.600
180.6,4.600
180.6,4.600
180.6,4.600
180.6,4.600
180.6,4.600
180.6,4.600
180.6,4.600
180.6,4.600
180.6,4.600
180.7,4.600
180.7,4.600
180.7,4.600
180.7,4.600
180.7,4.600
180.7,4.600
180.7,4.600
180.7,4.600
180.7,4.600
180.8,4.600
180.8,4.600
180.8,4.600
180.9,4.600
180.9,4.600
180.9,4.600
180.9,4.600
180.9,4.600
180.9,4.600
180.9,4.600
181.0,4.600
181.0,4.600
181.0,4.600
181.0,4.600
181.0,4.600
181.0,4.600
181.0,4.600
181.0,4.600
181.1,4.600
181.1,4.600
181.1,4.600
181.1,4.600
181.1,4.600
181.1,4.600
181.2,4.600
181.2,4.600
181.3,4.600
181.3,4.600
181.3,4.600
181.3,4.600
181.3,4.600
181.4,4.600
181.4,4.600
181.4,4.600
181.4,4.600
181.4,4.600
181.4,4.600
181.4,4.600
181.4,4.600
181.4,4.600
181.5,4.600
181.5,4.600
181.5,4.600
181.5,4.600
181.5,4.600
181.5,4.600
181.6,4.600
181.6,4.600
181.6,4.600
181.6,4.600
181.6,4.600
181.6,4.600
181.7,4.600
181.7,4.600
181.7,4.600
181.7,4.600
181.7,4.600
181.7,4.600
181.7,4.600
181.8,4.600
181.8,4.600
181.8,4.600
181.8,4.600
181.9,4.600
181.9,4.600
182.0,4.600
182.0,4.600
182.0,4.600
182.0,4.600
182.0,4.600
182.1,4.600
182.1,4.600
182.1,4.600
182.2,4.600
182.2,4.600
182.2,4.600
182.2,4.600
182.2,4.600
182.2,4.600
182.2,4.600
182.3,4.600
182.3,4.600
182.3,4.600
182.3,4.600
182.4,4.600
182.4,4.600
182.4,4.600
182.4,4.600
182.4,4.600
182.4,4.600
182.4,4.600
182.4,4.600
182.5,4.600
182.6,4.600
182.6,4.600
182.6,4.600
182.6,4.600
182.7,4.600
182.7,4.600
182.7,4.600
182.7,4.600
182.8,4.600
182.8,4.600
182.8,4.600
182.8,4.600
182.9,4.600
182.9,4.600
182.9,4.600
182.9,4.600
183.0,4.600
183.0,4.600
183.0,4.605
183.1,4.605
183.1,4.605
183.1,4.605
183.1,4.605
183.1,4.605
183.2,4.605
183.1,4.605
183.1,4.605
183.2,4.605
183.2,4.605
183.2,4.605
183.2,4.605
183.2,4.605
183.2,4.605
183.2,4.605
183.3,4.605
183.4,4.605
183.4,4.605
183.4,4.605
183.5,4.605
183.5,4.605
183.5,4.605
183.5,4.605
183.6,4.605
183.6,4.605
183.6,4.605
183.6,4.605
183.7,4.605
183.7,4.605
183.7,4.605
183.7,4.605
183.8,4.605
183.8,4.605
183.8,4.605
183.8,4.605
183.8,4.605
183.9,4.605
183.9,4.605
183.9,4.605
183.9,4.605
183.9,4.605
184.0,4.605
183.9,4.605
184.0,4.605
184.0,4.605
184.1,4.605
184.1,4.605
184.1,4.605
184.1,4.605
184.1,4.605
184.1,4.605
184.1,4.605
184.1,4.605
184.2,4.605
184.3,4.605
184.3,4.605
184.3,4.605
184.3,4.605
184.3,4.605
184.4,4.605
184.4,4.605
184.4,4.605
184.4,4.605
184.5,4.605
184.5,4.605
184.5,4.605
184.5,4.605
184.5,4.605
184.6,4.605
184.6,4.605
184.7,4.605
184.7,4.605
184.7,4.605
184.7,4.605
184.7,4.605
184.7,4.605
184.7,4.605
184.7,4.605
184.7,4.605
184.7,4.605
184.7,4.605
184.8,4.605
184.8,4.605
184.8,4.605
184.8,4.605
184.8,4.605
184.8,4.605
184.8,4.605
184.8,4.605
184.9,4.605
184.9,4.605
184.9,4.605
184.9,4.605
184.9,4.605
184.9,4.605
184.9,4.605
185.0,4.605
185.0,4.605
185.1,4.605
185.1,4.605
185.2,4.605
185.2,4.605
185.2,4.605
185.2,4.605
185.2,4.605
185.2,4.605
185.2,4.605
185.2,4.605
185.2,4.605
185.2,4.605
185.2,4.605
185.2,4.605
185.2,4.605
185.2,4.605
185.3,4.605
185.3,4.605
185.3,4.605
185.3,4.605
185.3,4.605
185.3,4.605
185.3,4.605
185.3,4.605
185.4,4.605
185.4,4.605
185.4,4.605
185.4,4.605
185.5,4.605
185.5,4.605
185.5,4.605
185.5,4.605
185.5,4.605
185.5,4.605
185.5,4.605
185.5,4.605
185.5,4.605
185.5,4.605
185.5,4.605
185.5,4.605
185.5,4.605
185.5,4.605
185.5,4.605
185.6,4.605
185.7,4.605
185.7,4.605
185.7,4.605
185.7,4.605
185.7,4.605
185.7,4.605
185.7,4.605
185.7,4.605
185.7,4.605
185.7,4.605
185.7,4.605
185.7,4.605
185.7,4.605
185.7,4.605
185.7,4.605
185.7,4.605
185.8,4.605
185.8,4.605
185.8,4.605
185.8,4.605
185.8,4.605
185.8,4.605
185.8,4.605
185.9,4.605
185.9,4.605
185.9,4.605
185.9,4.605
185.9,4.605
185.9,4.605
185.9,4.605
185.9,4.605
185.9,4.605
185.9,4.605
185.9,4.605
186.0,4.605
186.0,4.605
186.0,4.605
186.0,4.605
186.0,4.605
186.0,4.605
186.0,4.605
186.0,4.605
186.0,4.605
186.0,4.605
186.1,4.605
186.1,4.605
186.1,4.605
186.1,4.605
186.1,4.605
186.1,4.605
186.1,4.605
186.1,4.605
186.1,4.605
186.1,4.605
186.2,4.605
186.2,4.605
186.2,4.605
186.2,4.605
186.2,4.605
186.2,4.605
186.2,4.605
186.2,4.605
186.2,4.605
186.2,4.605
186.2,4.605
186.2,4.605
186.3,4.605
186.3,4.605
186.3,4.605
186.3,4.605
186.3,4.605
186.3,4.605
186.4,4.605
186.4,4.605
186.5,4.605
186.5,4.605
186.5,4.605
186.5,4.605
186.5,4.605
186.5,4.605
186.5,4.605
186.5,4.605
186.5,4.605
186.5,4.605
186.5,4.605
186.5,4.605
186.5,4.605
186.5,4.605
186.5,4.605
186.6,4.605
186.6,4.605
186.6,4.605
186.6,4.605
186.6,4.605
186.7,4.605
186.6,4.605
186.6,4.605
186.6,4.605
186.6,4.605
186.6,4.605
186.6,4.605
186.6,4.605
186.7,4.605
186.7,4.605
186.7,4.605
186.7,4.605
186.7,4.605
186.7,4.605
186.7,4.605
186.8,4.605
186.8,4.605
186.8,4.605
186.8,4.605
186.8,4.605
186.8,4.605
186.8,4.605
186.8,4.605
186.8,4.605
186.9,4.605
186.9,4.605
186.9,4.605
186.9,4.605
186.9,4.605
186.9,4.605
186.9,4.605
186.9,4.605
186.9,4.605
186.9,4.605
186.9,4.605
186.9,4.605
186.9,4.605
187.0,4.605
187.0,4.605
187.0,4.605
187.0,4.605
187.0,4.605
187.0,4.605
187.0,4.605
187.0,4.605
187.0,4.605
187.0,4.605
187.0,4.605
187.1,4.605
187.1,4.605
187.2,4.605
187.2,4.605
187.2,4.605
187.2,4.605
187.2,4.605
187.2,4.605
187.2,4.605
187.2,4.605
187.2,4.605
187.2,4.605
187.2,4.605
187.2,4.605
187.2,4.605
187.2,4.605
187.2,4.605
187.3,4.605
187.3,4.605
187.3,4.605
187.3,4.605
187.3,4.605
187.3,4.605
187.3,4.605
187.3,4.605
187.3,4.605
187.3,4.605
187.3,4.605
187.3,4.605
187.3,4.605
187.3,4.605
187.3,4.605
187.3,4.605
187.3,4.605
187.3,4.605
187.3,4.605
187.3,4.605
187.3,4.605
187.3,4.605
187.4,4.605
187.4,4.605
187.4,4.605
187.4,4.605
187.4,4.605
187.4,4.605
187.4,4.605
187.5,4.605
187.5,4.605
187.5,4.605
187.5,4.605
187.5,4.605
187.5,4.605
187.5,4.605
187.5,4.605
187.5,4.605
187.5,4.605
187.5,4.605
187.5,4.605
187.5,4.605
187.5,4.605
187.5,4.605
187.5,4.605
187.5,4.605
187.5,4.605
187.5,4.605
187.5,4.605
187.5,4.605
187.5,4.605
187.6,4.605
187.6,4.605
187.6,4.605
187.6,4.605
187.6,4.605
187.7,4.605
187.7,4.605
187.7,4.605
187.7,4.605
187.7,4.605
187.7,4.605
187.7,4.605
187.7,4.605
187.7,4.605
187.7,4.605
187.7,4.605
187.7,4.605
187.7,4.605
187.7,4.605
187.7,4.605
187.7,4.605
187.8,4.605
187.8,4.605
187.8,4.605
187.8,4.605
187.8,4.610
187.8,4.610
187.8,4.610
187.8,4.610
187.8,4.610
187.8,4.610
187.8,4.610
187.8,4.610
187.8,4.610
187.9,4.610
187.9,4.610
187.9,4.610
187.9,4.610
187.9,4.610
187.9,4.610
187.9,4.610
187.9,4.610
187.9,4.610
187.9,4.610
187.9,4.610
187.9,4.610
187.9,4.610
187.9,4.610
187.9,4.610
187.9,4.610
187.9,4.610
187.9,4.610
187.9,4.610
187.9,4.610
187.9,4.610
188.0,4.610
188.0,4.610
188.0,4.610
188.0,4.610
188.0,4.610
188.0,4.610
188.0,4.610
188.0,4.610
188.0,4.610
188.1,4.610
188.1,4.610
188.1,4.610
188.1,4.610
188.1,4.610
188.1,4.610
188.1,4.610
188.1,4.610
188.1,4.610
188.1,4.610
188.1,4.610
188.1,4.610
188.2,4.610
188.2,4.610
188.2,4.610
188.2,4.610
188.2,4.610
188.2,4.610
188.2,4.610
188.2,4.610
188.2,4.610
188.2,4.610
188.2,4.610
188.2,4.610
188.2,4.610
188.2,4.610
188.3,4.610
188.3,4.610
188.3,4.610
188.3,4.610
188.3,4.610
188.3,4.610
188.3,4.610
188.3,4.610
188.3,4.610
188.3,4.610
188.4,4.610
188.4,4.610
188.4,4.610
188.4,4.610
188.4,4.610
188.4,4.610
188.4,4.610
188.4,4.610
188.5,4.610
188.5,4.610
188.5,4.610
188.5,4.610
188.5,4.610
188.5,4.610
188.5,4.610
188.5,4.610
188.6,4.610
188.6,4.610
188.6,4.610
188.6,4.610
188.6,4.610
188.6,4.610
188.6,4.610
188.6,4.610
188.6,4.610
188.6,4.610
188.6,4.610
188.7,4.610
188.7,4.610
188.7,4.610
188.7,4.610
188.7,4.610
188.7,4.610
188.7,4.610
188.7,4.610
188.7,4.610
188.7,4.610
188.7,4.610
188.8,4.610
188.8,4.610
188.8,4.610
188.9,4.610
188.9,4.610
188.9,4.610
188.9,4.610
188.9,4.610
188.9,4.610
188.9,4.610
188.9,4.610
188.9,4.610
188.9,4.610
188.9,4.610
188.9,4.610
189.0,4.610
189.0,4.610
189.0,4.610
189.0,4.610
189.0,4.610
189.0,4.610
189.0,4.610
189.0,4.610
189.0,4.610
189.0,4.610
189.0,4.610
189.0,4.610
189.1,4.610
189.1,4.610
189.1,4.610
189.1,4.610
189.1,4.610
189.1,4.610
189.1,4.610
189.1,4.610
189.2,4.610
189.2,4.610
189.2,4.610
189.2,4.610
189.2,4.610
189.2,4.610
189.2,4.610
189.3,4.610
189.3,4.610
189.3,4.610
189.3,4.610
189.3,4.610
189.3,4.610
189.3,4.610
189.3,4.610
189.3,4.610
189.4,4.610
189.4,4.610
189.4,4.610
189.4,4.610
189.4,4.610
189.4,4.610
189.4,4.610
189.4,4.610
189.4,4.610
189.4,4.610
189.5,4.610
189.5,4.610
189.5,4.610
189.6,4.610
189.6,4.610
189.6,4.610
189.6,4.610
189.6,4.610
189.6,4.610
189.6,4.610
189.6,4.610
189.6,4.610
189.6,4.610
189.6,4.610
189.7,4.610
189.7,4.610
189.7,4.610
189.7,4.610
189.7,4.610
189.7,4.610
189.7,4.610
189.8,4.610
189.8,4.610
189.9,4.610
189.8,4.610
189.8,4.610
189.8,4.610
189.9,4.610
189.9,4.610
189.9,4.610
189.9,4.610
189.9,4.610
189.9,4.610
189.9,4.610
189.9,4.610
189.9,4.610
189.9,4.610
189.9,4.610
190.0,4.610
190.0,4.610
190.0,4.610
190.0,4.610
190.0,4.610
190.1,4.610
190.1,4.610
190.1,4.610
190.1,4.610
190.1,4.610
190.1,4.610
190.1,4.610
190.1,4.610
190.1,4.610
190.1,4.610
190.1,4.610
190.1,4.610
190.1,4.610
190.1,4.610
190.1,4.610
190.1,4.610
190.2,4.610
190.2,4.610
190.2,4.610
190.2,4.610
190.2,4.610
190.2,4.610
190.2,4.610
190.3,4.610
190.3,4.610
190.3,4.610
190.3,4.610
190.3,4.610
190.3,4.610
190.3,4.610
190.3,4.610
190.3,4.610
190.3,4.610
190.3,4.610
190.3,4.610
190.3,4.610
190.3,4.610
190.4,4.610
190.4,4.610
190.4,4.610
190.4,4.610
190.4,4.610
190.4,4.610
190.4,4.610
190.4,4.610
190.4,4.610
190.4,4.610
190.4,4.610
190.4,4.610
190.4,4.610
190.4,4.610
190.4,4.610
190.5,4.610
190.5,4.610
190.5,4.610
190.5,4.610
190.5,4.610
190.5,4.610
190.5,4.610
190.5,4.610
190.5,4.610
190.5,4.610
190.5,4.610
190.6,4.610
190.6,4.610
190.6,4.610
190.6,4.610
190.6,4.610
190.6,4.610
190.6,4.610
190.6,4.610
190.6,4.610
190.6,4.610
190.6,4.610
190.6,4.610
190.6,4.610
190.6,4.610
190.6,4.610
190.6,4.610
190.6,4.610
190.6,4.610
190.7,4.610
190.7,4.610
190.7,4.610
190.7,4.610
190.7,4.610
190.7,4.610
190.7,4.610
190.7,4.610
190.7,4.610
190.7,4.610
190.7,4.610
190.7,4.610
190.7,4.610
190.7,4.610
190.7,4.610
190.7,4.610
190.7,4.610
190.7,4.610
190.7,4.610
190.7,4.610
190.7,4.610
190.7,4.610
190.7,4.610
190.8,4.610
190.8,4.610
190.8,4.610
190.8,4.610
190.8,4.610
190.8,4.610
190.8,4.610
190.8,4.610
190.8,4.610
190.8,4.610
190.8,4.610
190.8,4.610
190.8,4.610
190.8,4.610
190.8,4.610
190.8,4.610
190.8,4.610
190.8,4.610
190.8,4.610
190.8,4.610
190.8,4.610
190.8,4.610
190.8,4.610
190.8,4.610
190.8,4.610
190.8,4.610
190.8,4.610
190.8,4.610
190.8,4.610
190.8,4.610
190.9,4.610
190.9,4.610
190.9,4.610
190.9,4.610
190.9,4.610
190.9,4.610
190.9,4.610
190.9,4.610
190.9,4.610
190.9,4.610
190.9,4.610
190.9,4.610
190.9,4.610
190.9,4.610
190.9,4.610
190.9,4.610
190.9,4.610
190.9,4.610
190.9,4.610
190.9,4.610
190.9,4.610
190.9,4.610
190.9,4.610
190.9,4.610
190.9,4.610
190.9,4.610
190.9,4.610
190.9,4.610
190.9,4.610
190.9,4.610
190.9,4.610
191.0,4.610
191.0,4.610
191.0,4.610
191.0,4.610
191.0,4.610
191.0,4.610
191.0,4.610
191.0,4.610
191.0,4.610
191.0,4.610
191.0,4.610
191.0,4.610
191.0,4.610
191.0,4.610
191.0,4.610
191.0,4.610
191.0,4.610
191.0,4.610
191.0,4.610
191.0,4.610
191.0,4.610
191.0,4.610
191.0,4.610
191.0,4.610
191.0,4.610
191.0,4.610
191.0,4.610
191.0,4.610
191.0,4.610
191.0,4.610
191.0,4.610
191.1,4.610
191.1,4.610
191.1,4.610
191.1,4.610
191.1,4.610
191.1,4.610
191.1,4.610
191.1,4.610
191.1,4.610
191.2,4.610
191.2,4.610
191.2,4.610
191.2,4.610
191.2,4.610
191.2,4.610
191.2,4.610
191.2,4.610
191.2,4.610
191.2,4.610
191.2,4.610
191.2,4.610
191.2,4.610
191.2,4.610
191.2,4.610
191.2,4.610
191.2,4.610
191.2,4.610
191.2,4.610
191.2,4.610
191.2,4.610
191.2,4.610
191.2,4.610
191.2,4.610
191.2,4.610
191.2,4.610
191.2,4.610
191.2,4.610
191.3,4.610
191.3,4.610
191.3,4.610
191.3,4.610
191.3,4.610
191.3,4.610
191.3,4.610
191.3,4.610
191.3,4.610
191.3,4.610
191.3,4.610
191.4,4.610
191.4,4.610
191.4,4.610
191.4,4.610
191.4,4.610
191.4,4.610
191.4,4.610
191.4,4.610
191.4,4.610
191.4,4.610
191.4,4.610
191.4,4.610
191.4,4.610
191.4,4.610
191.4,4.610
191.4,4.610
191.4,4.610
191.4,4.610
191.4,4.610
191.4,4.610
191.5,4.610
191.5,4.610
191.5,4.610
191.5,4.610
191.5,4.610
191.5,4.610
191.5,4.610
191.5,4.610
191.5,4.610
191.5,4.610
191.5,4.610
191.6,4.610
191.6,4.610
191.6,4.610
191.6,4.610
191.6,4.610
191.6,4.610
191.6,4.610
191.6,4.610
191.6,4.610
191.6,4.610
191.6,4.610
191.6,4.610
191.6,4.610
191.7,4.610
191.7,4.610
191.7,4.610
191.7,4.610
191.7,4.610
191.7,4.610
191.7,4.610
191.7,4.610
191.7,4.610
191.7,4.610
191.7,4.610
191.7,4.610
191.7,4.610
191.7,4.610
191.7,4.610
191.7,4.610
191.7,4.610
191.8,4.610
191.8,4.610
191.8,4.610
191.8,4.610
191.8,4.610
191.8,4.610
191.8,4.610
191.8,4.610
191.9,4.610
191.9,4.610
191.9,4.610
191.9,4.610
191.9,4.610
191.9,4.610
191.9,4.610
191.9,4.610
191.9,4.610
191.9,4.610
191.9,4.610
191.9,4.610
191.9,4.610
191.9,4.610
191.9,4.610
191.9,4.610
191.9,4.610
191.9,4.610
191.9,4.610
191.9,4.610
191.9,4.610
191.9,4.610
192.0,4.610
192.0,4.610
192.0,4.610
192.0,4.610
192.0,4.610
192.0,4.610
192.0,4.610
192.0,4.610
192.0,4.610
192.0,4.610
192.0,4.610
192.0,4.610
192.0,4.610
192.0,4.610
192.0,4.610
192.0,4.610
192.0,4.610
192.0,4.610
192.0,4.610
192.0,4.610
192.0,4.610
192.0,4.610
192.0,4.610
192.0,4.610
192.0,4.610
192.0,4.610
192.0,4.610
192.0,4.610
192.0,4.610
192.0,4.610
192.0,4.610
192.0,4.610
192.0,4.610
192.0,4.610
192.0,4.610
192.0,4.610
192.0,4.610
192.0,4.610
192.0,4.610
192.0,4.610
192.0,4.610
192.0,4.610
192.0,4.610
192.0,4.610
192.0,4.610
192.0,4.610
192.0,4.610
192.0,4.610
192.0,4.610
192.0,4.610
192.0,4.610
192.0,4.610
192.0,4.610
192.0,4.610
192.0,4.610
192.0,4.610
192.0,4.610
192.1,4.610
192.1,4.610
192.1,4.610
192.1,4.610
192.1,4.610
192.1,4.610
192.1,4.610
192.1,4.610
192.1,4.610
192.1,4.610
192.1,4.610
192.1,4.610
192.1,4.610
192.1,4.610
192.1,4.610
192.1,4.610
192.1,4.610
192.1,4.610
192.1,4.610
192.1,4.610
192.1,4.610
192.1,4.610
192.1,4.610
192.1,4.610
192.1,4.610
192.1,4.610
192.1,4.610
192.1,4.610
192.1,4.610
192.1,4.610
192.1,4.610
192.1,4.610
192.1,4.610
192.1,4.610
192.1,4.610
192.1,4.610
192.1,4.610
192.1,4.610
192.1,4.610
192.1,4.610
192.1,4.610
192.1,4.610
192.1,4.610
192.1,4.610
192.1,4.610
192.1,4.610
192.1,4.610
192.1,4.610
192.1,4.610
192.1,4.610
192.0,4.610
192.0,4.610
192.0,4.610
192.0,4.610
192.0,4.610
192.0,4.610
192.0,4.610
192.1,4.610
192.1,4.610
192.1,4.610
192.1,4.610
192.1,4.610
192.1,4.610
192.1,4.610
192.1,4.610
192.1,4.610
192.1,4.610
192.1,4.610
192.1,4.610
192.1,4.610
192.1,4.610
192.1,4.610
192.1,4.610
192.1,4.610
192.1,4.610
192.1,4.610
192.1,4.610
192.1,4.610
192.1,4.610
192.1,4.610
192.1,4.610
192.1,4.610
192.1,4.610
192.1,4.610
192.1,4.610
192.1,4.610
192.1,4.610
192.1,4.610
192.1,4.610
192.1,4.610
192.1,4.610
192.1,4.610
192.1,4.610
192.1,4.610
192.1,4.610
192.1,4.610
192.1,4.610
192.1,4.610
192.1,4.610
192.1,4.610
192.1,4.610
192.1,4.610
192.1,4.610
192.1,4.610
192.1,4.610
192.1,4.610
192.1,4.610
192.1,4.610
192.1,4.610
192.1,4.610
192.1,4.610
192.1,4.610
192.1,4.610
192.1,4.610
192.1,4.610
192.1,4.610
192.1,4.610
192.1,4.610
192.1,4.610
192.1,4.610
192.1,4.610
192.1,4.610
192.1,4.610
192.1,4.610
192.1,4.610
192.1,4.610
192.1,4.610
192.1,4.610
192.1,4.610
192.1,4.610
192.1,4.610
192.1,4.610
192.1,4.610
192.1,4.610
192.1,4.610
192.1,4.610
192.1,4.610
192.1,4.610
192.1,4.610
192.1,4.610
192.1,4.610
192.1,4.610
192.1,4.610
192.1,4.610
192.1,4.610
192.1,4.610
192.1,4.610
192.1,4.610
192.1,4.610
192.1,4.610
192.1,4.610
192.1,4.610
192.1,4.610
192.1,4.610
192.1,4.610
192.1,4.610
192.1,4.610
192.1,4.610
192.1,4.610
192.1,4.610
192.1,4.610
192.1,4.610
192.1,4.610
192.1,4.610
192.1,4.610
192.1,4.610
192.1,4.610
192.1,4.610
192.1,4.610
192.1,4.610
192.1,4.610
192.1,4.610
192.1,4.610
192.1,4.610
192.1,4.610
192.1,4.610
192.1,4.610
192.1,4.610
192.1,4.610
192.1,4.610
192.1,4.610
192.1,4.610
192.1,4.610
192.1,4.610
192.1,4.610
192.1,4.610
192.1,4.610
192.1,4.610
192.1,4.610
192.1,4.610
192.1,4.610
192.1,4.610
192.1,4.610
192.1,4.610
192.1,4.610
192.1,4.610
192.1,4.610
192.1,4.610
192.1,4.610
192.1,4.610
192.1,4.610
192.1,4.610
192.1,4.610
192.1,4.610
192.1,4.610
192.1,4.610
192.1,4.610
192.1,4.610
192.1,4.610
192.1,4.610
192.1,4.610
192.1,4.610
192.1,4.610
192.1,4.610
192.1,4.610
192.1,4.610
192.1,4.610
192.1,4.610
192.1,4.610
192.1,4.610
192.1,4.610
192.1,4.610
192.1,4.610
192.1,4.610
192.1,4.610
192.0,4.610
192.0,4.610
192.0,4.610
192.0,4.610
192.0,4.610
192.0,4.610
192.0,4.610
192.0,4.610
192.0,4.610
192.0,4.610
192.0,4.610
192.0,4.610
192.0,4.610
192.0,4.610
192.0,4.610
192.0,4.610
192.0,4.610
192.0,4.610
192.0,4.610
192.0,4.610
192.0,4.610
192.0,4.610
192.0,4.610
192.0,4.610
192.0,4.610
192.0,4.610
192.0,4.610
192.0,4.610
192.0,4.610
192.0,4.610
192.0,4.610
192.0,4.610
192.0,4.610
192.0,4.610
192.0,4.610
192.0,4.610
192.0,4.610
192.0,4.610
192.0,4.610
192.0,4.610
192.0,4.610
192.0,4.610
192.0,4.610
192.0,4.610
192.0,4.610
192.0,4.610
192.0,4.610
192.0,4.610
192.0,4.610
192.0,4.610
192.0,4.610
192.0,4.610
192.0,4.610
192.0,4.610
192.0,4.610
192.0,4.610
192.0,4.610
192.0,4.610
192.0,4.610
192.0,4.610
192.0,4.610
191.9,4.610
191.9,4.610
191.9,4.610
191.9,4.610
191.9,4.610
191.9,4.610
191.9,4.610
191.9,4.610
191.9,4.610
191.9,4.610
191.9,4.610
191.9,4.610
191.9,4.610
191.9,4.610
191.9,4.610
191.9,4.610
191.9,4.610
191.8,4.610
191.8,4.610
191.8,4.610
191.8,4.610
191.8,4.610
191.8,4.610
191.8,4.610
191.8,4.610
191.8,4.610
191.8,4.610
191.8,4.610
191.8,4.610
191.8,4.610
191.8,4.610
191.8,4.610
191.8,4.610
191.8,4.610
191.8,4.610
191.8,4.610
191.8,4.610
191.8,4.610
191.8,4.610
191.8,4.610
191.8,4.610
191.8,4.610
191.8,4.610
191.8,4.610
191.8,4.610
191.8,4.610
191.8,4.610
191.8,4.610
191.8,4.610
191.8,4.610
191.8,4.610
191.8,4.610
191.8,4.610
191.8,4.610
191.8,4.610
191.8,4.610
191.8,4.610
191.8,4.610
191.8,4.610
191.8,4.610
191.8,4.610
191.8,4.610
191.8,4.610
191.8,4.610
191.8,4.610
191.8,4.610
191.8,4.610
191.8,4.610
191.8,4.610
191.8,4.610
191.8,4.610
191.8,4.610
191.8,4.610
191.8,4.610
191.8,4.610
191.8,4.610
191.8,4.610
191.8,4.610
191.8,4.610
191.8,4.610
191.8,4.610
191.8,4.610
191.8,4.610
191.8,4.610
191.8,4.610
191.8,4.610
191.8,4.610
191.8,4.610
191.8,4.610
191.8,4.610
191.8,4.610
191.8,4.610
191.7,4.610
191.7,4.610
191.7,4.610
191.7,4.610
191.7,4.610
191.7,4.610
191.7,4.610
191.7,4.610
191.7,4.610
191.7,4.610
191.7,4.610
191.7,4.610
191.7,4.610
191.7,4.610
191.7,4.610
191.7,4.610
191.7,4.610
191.7,4.610
191.7,4.610
191.7,4.610
191.7,4.610
191.7,4.610
191.7,4.610
191.7,4.610
191.7,4.610
191.7,4.610
191.7,4.610
191.7,4.610
191.7,4.610
191.7,4.610
191.7,4.610
191.7,4.610
191.7,4.610
191.7,4.610
191.7,4.610
191.7,4.610
191.7,4.610
191.7,4.610
191.7,4.610
191.7,4.610
191.7,4.610
191.7,4.610
191.7,4.610
191.7,4.610
191.7,4.610
191.7,4.610
191.7,4.610
191.7,4.610
191.7,4.610
191.7,4.610
191.7,4.610
191.7,4.610
191.7,4.610
191.7,4.610
191.7,4.610
191.7,4.610
191.7,4.610
191.7,4.610
191.7,4.610
191.7,4.610
191.7,4.610
191.7,4.610
191.7,4.610
191.7,4.610
191.7,4.610
191.7,4.610
191.7,4.610
191.7,4.610
191.7,4.610
191.7,4.610
191.7,4.610
191.7,4.610
191.7,4.610
191.7,4.610
191.7,4.610
191.7,4.610
191.7,4.610
191.7,4.610
191.7,4.610
191.7,4.610
191.7,4.610
191.7,4.610
191.7,4.610
191.7,4.610
191.7,4.610
191.7,4.610
191.7,4.610
191.6,4.610
191.6,4.610
191.6,4.610
191.6,4.610
191.6,4.610
191.6,4.610
191.6,4.610
191.6,4.610
191.6,4.610
191.6,4.610
191.6,4.610
191.6,4.610
191.6,4.610
191.6,4.610
191.6,4.610
191.6,4.610
191.6,4.610
191.6,4.610
191.6,4.610
191.6,4.610
191.6,4.610
191.6,4.610
191.6,4.610
191.6,4.610
191.6,4.610
191.6,4.610
191.6,4.610
191.6,4.610
191.6,4.610
191.6,4.610
191.6,4.610
191.6,4.610
191.6,4.610
191.6,4.610
191.6,4.610
191.6,4.610
191.6,4.610
191.6,4.610
191.6,4.610
191.6,4.610
191.6,4.610
191.6,4.610
191.6,4.610
191.6,4.610
191.6,4.610
191.6,4.610
191.6,4.610
191.6,4.610
191.6,4.610
191.6,4.610
191.6,4.610
191.6,4.610
191.6,4.610
191.6,4.610
191.6,4.610
191.6,4.610
191.6,4.610
191.6,4.610
191.6,4.610
191.6,4.610
191.6,4.610
191.6,4.610
191.6,4.610
191.6,4.610
191.6,4.610
191.6,4.610
191.6,4.610
191.6,4.610
191.6,4.610
191.6,4.610
191.6,4.610
191.6,4.610
191.6,4.610
191.6,4.610
191.6,4.610
191.6,4.610
191.6,4.610
191.6,4.610
191.6,4.610
191.6,4.610
191.6,4.610
191.6,4.610
191.6,4.610
191.6,4.610
191.6,4.610
191.6,4.610
191.6,4.610
191.6,4.610
191.6,4.610
191.6,4.610
191.6,4.610
191.5,4.610
191.5,4.610
191.5,4.610
191.5,4.610
191.5,4.610
191.5,4.610
191.5,4.610
191.5,4.610
191.5,4.610
191.5,4.610
191.5,4.610
191.5,4.610
191.5,4.610
191.5,4.610
191.5,4.610
191.5,4.610
191.5,4.610
191.5,4.610
191.5,4.610
191.5,4.610
191.5,4.610
191.6,4.610
191.6,4.610
191.6,4.610
191.6,4.610
191.6,4.610
191.6,4.610
191.6,4.610
191.6,4.610
191.6,4.610
191.6,4.610
191.6,4.610
191.6,4.610
191.6,4.610
191.6,4.610
191.6,4.610
191.6,4.610
191.6,4.610
191.6,4.610
191.5,4.610
191.5,4.610
191.5,4.610
191.5,4.610
191.5,4.610
191.5,4.610
191.5,4.610
191.5,4.610
191.5,4.610
191.5,4.610
191.5,4.610
191.5,4.610
191.5,4.610
191.5,4.610
191.5,4.610
191.5,4.610
191.5,4.610
191.5,4.610
191.5,4.610
191.5,4.610
191.5,4.610
191.5,4.610
191.5,4.610
191.5,4.610
191.5,4.610
191.5,4.610
191.5,4.610
191.5,4.610
191.5,4.610
191.5,4.610
191.5,4.610
191.5,4.610
191.5,4.610
191.5,4.610
191.5,4.610
191.5,4.610
191.5,4.610
191.5,4.610
191.5,4.610
191.5,4.610
191.5,4.610
191.5,4.610
191.5,4.610
191.5,4.610
191.5,4.610
191.5,4.610
191.5,4.610
191.5,4.610
191.5,4.610
191.5,4.610
191.5,4.610
191.5,4.610
191.5,4.610
191.5,4.610
191.5,4.610
191.5,4.610
191.5,4.610
191.5,4.610
191.5,4.610
191.5,4.610
191.5,4.610
191.5,4.610
191.5,4.610
191.5,4.610
191.5,4.610
191.5,4.610
191.5,4.610
191.5,4.610
191.5,4.610
191.5,4.610
191.5,4.610
191.5,4.610
191.5,4.610
191.5,4.610
191.5,4.610
191.5,4.610
191.5,4.610
191.5,4.610
191.5,4.610
191.5,4.610
191.5,4.610
191.5,4.610
191.5,4.610
191.5,4.610
191.5,4.610
191.5,4.610
191.5,4.610
191.5,4.610
191.5,4.610
191.5,4.610
191.5,4.610
191.5,4.610
191.5,4.610
191.5,4.610
191.5,4.610
191.5,4.610
191.5,4.610
191.5,4.610
191.5,4.610
191.5,4.610
191.5,4.610
191.5,4.610
191.5,4.610
191.5,4.610
191.5,4.610
191.5,4.610
191.5,4.610
191.5,4.610
191.5,4.610
191.5,4.610
191.5,4.610
191.5,4.610
191.5,4.610
191.5,4.610
191.5,4.610
191.5,4.610
191.5,4.610
191.5,4.610
191.5,4.610
191.5,4.610
191.5,4.610
191.5,4.610
191.5,4.610
191.5,4.610
191.5,4.610
191.5,4.610
191.5,4.610
191.5,4.610
191.5,4.610
191.5,4.610
191.5,4.610
191.5,4.610
191.4,4.610
191.4,4.610
191.4,4.610
191.4,4.610
191.4,4.610
191.4,4.610
191.4,4.610
191.4,4.610
191.4,4.610
191.4,4.610
191.4,4.610
191.4,4.610
191.4,4.610
191.4,4.610
191.4,4.610
191.4,4.610
191.4,4.610
191.4,4.610
191.4,4.610
191.4,4.610
191.4,4.610
191.4,4.610
191.4,4.610
191.4,4.610
191.4,4.610
191.4,4.610
191.4,4.610
191.4,4.610
191.4,4.610
191.4,4.610
191.5,4.610
191.5,4.610
191.5,4.610
191.5,4.610
191.5,4.610
191.5,4.610
191.5,4.610
191.5,4.610
191.5,4.610
191.5,4.610
191.5,4.610
191.5,4.610
191.5,4.610
191.5,4.610
191.5,4.610
191.5,4.610
191.5,4.610
191.5,4.610
191.5,4.610
191.5,4.610
191.5,4.610
191.5,4.610
191.5,4.610
191.5,4.610
191.5,4.610
191.5,4.610
191.5,4.610
191.5,4.610
191.5,4.610
191.5,4.610
191.5,4.610
191.5,4.610
191.5,4.610
191.5,4.610
191.5,4.610
191.5,4.610
191.5,4.610
191.5,4.610
191.5,4.610
191.5,4.610
191.5,4.610
191.5,4.610
191.5,4.610
191.5,4.610
191.5,4.610
191.5,4.610
191.5,4.610
191.5,4.610
191.5,4.610
191.5,4.610
191.5,4.610
191.5,4.610
191.5,4.610
191.5,4.610
191.5,4.610
191.5,4.610
191.5,4.610
191.5,4.610
191.5,4.610
191.5,4.610
191.5,4.610
191.5,4.610
191.5,4.610
191.5,4.610
191.5,4.610
191.5,4.610
191.5,4.610
191.5,4.610
191.5,4.610
191.5,4.610
191.5,4.610
191.5,4.610
191.5,4.610
191.5,4.610
191.5,4.610
191.5,4.610
191.5,4.610
191.6,4.610
191.6,4.610
191.6,4.610
191.6,4.610
191.6,4.610
191.6,4.610
191.6,4.610
191.6,4.610
191.6,4.610
191.6,4.610
191.6,4.610
191.6,4.610
191.6,4.610
191.6,4.610
191.6,4.610
191.6,4.610
191.6,4.610
191.6,4.610
191.6,4.610
191.6,4.610
191.6,4.610
191.6,4.610
191.6,4.610
191.6,4.610
191.6,4.610
191.6,4.610
191.6,4.610
191.6,4.610
191.6,4.610
191.6,4.610
191.6,4.610
191.6,4.610
191.6,4.610
191.6,4.610
191.6,4.610
191.6,4.610
191.6,4.610
191.6,4.610
191.6,4.610
191.6,4.610
191.6,4.610
191.6,4.610
191.6,4.610
191.6,4.610
191.6,4.610
191.6,4.610
191.6,4.610
191.6,4.610
191.6,4.610
191.6,4.610
191.6,4.610
191.6,4.610
191.6,4.610
191.6,4.610
191.5,4.610
191.5,4.610
191.5,4.610
191.5,4.610
191.5,4.610
191.5,4.610
191.5,4.610
191.5,4.610
191.5,4.610
191.5,4.610
191.5,4.610
191.5,4.610
191.5,4.610
191.5,4.610
191.5,4.610
191.5,4.610
191.5,4.610
191.5,4.610
191.5,4.610
191.5,4.610
191.5,4.610
191.5,4.610
191.5,4.610
191.5,4.610
191.5,4.610
191.5,4.610
191.5,4.610
191.5,4.610
191.5,4.610
191.5,4.610
191.5,4.610
191.5,4.610
191.5,4.610
191.5,4.610
191.5,4.610
191.5,4.610
191.5,4.610
191.5,4.610
191.5,4.610
191.5,4.610
191.5,4.610
191.5,4.610
191.5,4.610
191.5,4.610
191.5,4.610
191.5,4.610
191.5,4.610
191.5,4.610
191.5,4.610
191.5,4.610
191.5,4.610
191.5,4.610
191.5,4.610
191.5,4.610
191.5,4.610
191.5,4.610
191.5,4.610
191.5,4.610
191.5,4.610
191.5,4.610
191.5,4.610
191.5,4.610
191.5,4.610
191.5,4.610
191.5,4.610
191.5,4.610
191.5,4.610
191.5,4.610
191.5,4.610
191.5,4.610
191.5,4.610
191.5,4.610
191.5,4.610
191.5,4.610
191.5,4.610
191.5,4.610
191.4,4.610
191.4,4.610
191.4,4.610
191.4,4.610
191.4,4.610
191.4,4.610
191.4,4.610
191.4,4.610
191.4,4.610
191.4,4.610
191.4,4.610
191.4,4.610
191.4,4.610
191.4,4.610
191.4,4.610
191.3,4.610
191.3,4.610
191.3,4.610
191.3,4.610
191.3,4.610
191.3,4.610
191.3,4.610
191.3,4.610
191.3,4.610
191.3,4.610
191.3,4.610
191.3,4.610
191.3,4.610
191.3,4.610
191.3,4.610
191.3,4.610
191.3,4.610
191.3,4.610
191.3,4.610
191.3,4.610
191.3,4.610
191.3,4.610
191.3,4.610
191.3,4.610
191.3,4.610
191.3,4.610
191.3,4.610
191.3,4.610
191.3,4.610
191.3,4.610
191.3,4.610
191.3,4.610
191.3,4.610
191.3,4.610
191.3,4.610
191.3,4.610
191.3,4.610
191.3,4.610
191.3,4.610
191.3,4.610
191.3,4.610
191.3,4.610
191.3,4.610
191.3,4.610
191.2,4.610
191.2,4.610
191.2,4.610
191.2,4.610
191.2,4.610
191.2,4.610
191.2,4.610
191.2,4.610
191.2,4.610
191.2,4.610
191.2,4.610
191.2,4.610
191.2,4.610
191.2,4.610
191.2,4.610
191.2,4.610
191.1,4.610
191.1,4.610
191.1,4.610
191.1,4.610
191.1,4.610
191.1,4.610
191.1,4.610
191.1,4.610
191.1,4.610
191.1,4.610
191.1,4.610
191.1,4.610
191.1,4.610
191.0,4.610
191.0,4.610
191.0,4.610
191.0,4.610
191.0,4.610
191.0,4.610
191.0,4.610
191.0,4.610
191.0,4.610
191.0,4.610
191.0,4.610
191.0,4.610
191.0,4.610
191.0,4.610
191.0,4.610
191.0,4.610
191.0,4.610
191.0,4.610
190.9,4.610
190.9,4.610
190.9,4.610
190.9,4.610
190.9,4.610
190.9,4.610
190.9,4.610
190.9,4.610
190.9,4.610
190.9,4.610
190.8,4.610
190.8,4.610
190.8,4.610
190.8,4.610
190.8,4.610
190.8,4.610
190.8,4.610
190.8,4.610
190.8,4.610
190.8,4.610
190.7,4.610
190.7,4.610
190.7,4.610
190.7,4.610
190.7,4.610
190.7,4.610
190.7,4.610
190.7,4.610
190.7,4.610
190.7,4.610
190.7,4.610
190.7,4.610
190.6,4.610
190.6,4.610
190.6,4.610
190.6,4.610
190.6,4.610
190.5,4.610
190.5,4.610
190.4,4.610
190.4,4.610
190.4,4.610
190.4,4.610
190.4,4.610
190.4,4.610
190.4,4.610
190.4,4.610
190.4,4.610
190.4,4.610
190.4,4.610
190.3,4.610
190.3,4.610
190.3,4.610
190.3,4.610
190.3,4.610
190.3,4.610
190.3,4.610
190.3,4.610
190.2,4.610
190.2,4.610
190.1,4.610
190.1,4.610
190.1,4.610
190.1,4.610
190.0,4.610
190.0,4.610
190.0,4.610
190.0,4.610
190.0,4.610
190.0,4.610
190.0,4.610
190.0,4.610
190.0,4.610
190.0,4.610
190.0,4.610
189.9,4.610
189.9,4.610
189.8,4.610
189.9,4.610
189.8,4.610
189.8,4.610
189.7,4.610
189.7,4.610
189.7,4.610
189.7,4.610
189.6,4.610
189.7,4.610
189.7,4.610
189.7,4.610
189.7,4.610
189.6,4.610
189.6,4.610
189.6,4.610
189.6,4.610
189.6,4.610
189.5,4.610
189.4,4.610
189.4,4.610
189.4,4.610
189.3,4.610
189.3,4.610
189.3,4.610
189.3,4.610
189.3,4.610
189.2,4.610
189.3,4.610
189.2,4.610
189.2,4.610
189.1,4.610
189.1,4.610
189.1,4.610
189.1,4.610
189.0,4.610
189.0,4.610
189.0,4.610
189.0,4.610
189.0,4.610
189.0,4.610
189.0,4.610
189.0,4.610
188.9,4.610
188.9,4.610
188.8,4.610
188.8,4.610
188.8,4.610
188.7,4.610
188.7,4.610
188.7,4.610
188.6,4.610
188.6,4.610
188.6,4.610
188.6,4.610
188.6,4.610
188.6,4.610
188.5,4.610
188.5,4.610
188.4,4.610
188.4,4.610
188.4,4.610
188.4,4.610
188.4,4.610
188.4,4.610
188.4,4.610
188.4,4.610
188.4,4.610
188.4,4.610
188.4,4.610
188.3,4.610
188.3,4.610
188.3,4.610
188.2,4.610
188.2,4.610
188.1,4.610
188.1,4.610
188.1,4.610
188.0,4.610
188.0,4.610
188.0,4.610
187.9,4.610
187.9,4.610
187.9,4.610
187.9,4.610
187.9,4.610
187.9,4.610
187.9,4.610
187.8,4.610
187.8,4.610
187.8,4.610
187.7,4.610
187.7,4.610
187.7,4.610
187.6,4.610
187.6,4.610
187.6,4.610
187.5,4.610
187.5,4.610
187.5,4.610
187.5,4.610
187.5,4.610
187.4,4.610
187.4,4.610
187.4,4.610
187.4,4.610
187.4,4.610
187.3,4.610
187.3,4.610
187.3,4.610
187.2,4.610
187.2,4.610
187.2,4.610
187.1,4.610
187.1,4.610
187.1,4.610
187.1,4.610
187.1,4.610
187.1,4.610
187.0,4.610
187.0,4.610
187.0,4.610
187.0,4.610
186.9,4.610
186.9,4.610
186.9,4.610
186.8,4.610
186.8,4.610
186.8,4.610
186.7,4.610
186.7,4.610
186.7,4.610
186.7,4.610
186.7,4.605
186.7,4.605
186.7,4.605
186.7,4.605
186.6,4.605
186.6,4.605
186.5,4.605
186.5,4.605
186.5,4.605
186.5,4.605
186.4,4.605
186.4,4.605
186.4,4.605
186.4,4.605
186.4,4.605
186.3,4.605
186.3,4.605
186.3,4.605
186.3,4.605
186.2,4.605
186.3,4.605
186.3,4.605
186.2,4.605
186.1,4.605
186.1,4.605
186.1,4.605
186.1,4.605
186.0,4.605
186.0,4.605
186.0,4.605
185.9,4.605
185.9,4.605
185.9,4.605
185.9,4.605
185.9,4.605
185.8,4.605
185.8,4.605
185.8,4.605
185.7,4.605
185.7,4.605
185.7,4.605
185.7,4.605
185.7,4.605
185.6,4.605
185.6,4.605
185.6,4.605
185.6,4.605
185.5,4.605
185.5,4.605
185.4,4.605
185.4,4.605
185.4,4.605
185.4,4.605
185.3,4.605
185.3,4.605
185.3,4.605
185.2,4.605
185.2,4.605
185.2,4.605
185.1,4.605
185.1,4.605
185.1,4.605
185.1,4.605
185.0,4.605
185.0,4.605
185.0,4.605
184.9,4.605
184.9,4.605
184.9,4.605
184.8,4.605
184.8,4.605
184.7,4.605
184.7,4.605
184.7,4.605
184.6,4.605
184.6,4.605
184.6,4.605
184.6,4.605
184.5,4.605
184.5,4.605
184.4,4.605
184.4,4.605
184.4,4.605
184.4,4.605
184.4,4.605
184.3,4.605
184.3,4.605
184.3,4.605
184.3,4.605
184.2,4.605
184.2,4.605
184.1,4.605
184.1,4.605
184.0,4.605
184.0,4.605
184.0,4.605
183.9,4.605
183.9,4.605
183.9,4.605
183.8,4.605
183.8,4.605
183.8,4.605
183.8,4.605
183.7,4.605
183.7,4.605
183.7,4.605
183.7,4.605
183.6,4.605
183.6,4.605
183.5,4.605
183.5,4.605
183.4,4.605
183.4,4.605
183.3,4.605
183.3,4.605
183.3,4.605
183.3,4.605
183.2,4.605
183.2,4.605
183.1,4.605
183.1,4.605
183.0,4.605
183.0,4.605
183.0,4.605
183.0,4.605
182.9,4.605
182.9,4.605
182.9,4.605
182.8,4.605
182.8,4.605
182.7,4.605
182.7,4.605
182.7,4.605
182.6,4.605
182.6,4.605
182.5,4.605
182.5,4.605
182.4,4.605
182.4,4.605
182.4,4.605
182.4,4.605
182.3,4.605
182.3,4.605
182.3,4.605
182.2,4.605
182.2,4.605
182.1,4.605
182.1,4.605
182.0,4.605
182.0,4.605
182.0,4.605
181.9,4.605
181.9,4.605
181.9,4.605
181.9,4.605
181.8,4.605
181.8,4.605
181.7,4.605
181.7,4.605
181.6,4.600
181.6,4.600
181.5,4.600
181.5,4.600
181.5,4.600
181.4,4.600
181.4,4.600
181.3,4.600
181.3,4.600
181.3,4.600
181.2,4.600
181.2,4.600
181.1,4.600
181.0,4.600
181.0,4.600
181.0,4.600
180.9,4.600
180.9,4.600
180.8,4.600
180.8,4.600
180.8,4.600
180.7,4.600
180.6,4.600
180.6,4.600
180.6,4.600
180.5,4.600
180.5,4.600
180.4,4.600
180.4,4.600
180.4,4.600
180.3,4.600
180.2,4.600
180.2,4.600
180.2,4.600
180.1,4.600
180.1,4.600
180.1,4.600
180.0,4.600
180.0,4.600
179.9,4.600
179.9,4.600
179.8,4.600
179.8,4.600
179.7,4.600
179.7,4.600
179.6,4.600
179.6,4.600
179.6,4.600
179.5,4.600
179.5,4.600
179.4,4.600
179.4,4.600
179.3,4.600
179.3,4.600
179.2,4.600
179.2,4.600
179.2,4.600
179.1,4.600
179.1,4.600
179.0,4.600
178.9,4.600
178.9,4.600
178.8,4.600
178.8,4.600
178.7,4.600
178.7,4.600
178.6,4.600
178.6,4.600
178.5,4.600
178.5,4.600
178.5,4.600
178.4,4.600
178.4,4.600
178.3,4.600
178.3,4.600
178.2,4.600
178.2,4.600
178.1,4.600
178.1,4.600
178.0,4.600
178.0,4.600
177.9,4.600
177.9,4.600
177.8,4.600
177.7,4.600
177.7,4.600
177.6,4.600
177.6,4.600
177.5,4.600
177.4,4.600
177.4,4.600
177.3,4.600
177.3,4.600
177.2,4.600
177.2,4.600
177.1,4.600
177.1,4.600
177.0,4.600
177.0,4.600
176.9,4.600
176.8,4.600
176.8,4.600
176.7,4.600
176.7,4.600
176.6,4.600
176.6,4.600
176.5,4.600
176.5,4.600
176.4,4.600
176.4,4.600
176.3,4.595
176.3,4.595
176.2,4.595
176.2,4.595
176.1,4.595
176.0,4.595
176.0,4.595
175.9,4.595
175.9,4.595
175.8,4.595
175.8,4.595
175.7,4.595
175.7,4.595
175.7,4.595
175.6,4.595
175.6,4.595
175.5,4.595
175.4,4.595
175.4,4.595
175.4,4.595
175.3,4.595
175.2,4.595
175.1,4.595
175.1,4.595
175.0,4.595
175.0,4.595
174.9,4.595
174.8,4.595
174.8,4.595
174.7,4.595
174.7,4.595
174.6,4.595
174.6,4.595
174.5,4.595
174.4,4.595
174.4,4.595
174.3,4.595
174.2,4.595
174.2,4.595
174.1,4.595
174.1,4.595
174.0,4.595
174.0,4.595
173.9,4.595
173.9,4.595
173.8,4.595
173.7,4.595
173.7,4.595
173.6,4.595
173.5,4.595
173.5,4.595
173.4,4.595
173.4,4.595
173.3,4.595
173.3,4.595
173.2,4.595
173.2,4.595
173.1,4.595
173.0,4.595
172.9,4.595
172.9,4.595
172.8,4.595
172.8,4.595
172.7,4.595
172.6,4.595
172.6,4.595
172.5,4.595
172.5,4.595
172.4,4.595
172.3,4.595
172.3,4.595
172.3,4.595
172.2,4.595
172.1,4.595
172.1,4.595
172.0,4.595
171.9,4.595
171.9,4.595
171.8,4.595
171.7,4.595
171.7,4.595
171.6,4.595
171.6,4.595
171.6,4.595
171.5,4.595
171.4,4.595
171.4,4.595
171.3,4.595
171.2,4.595
171.2,4.595
171.1,4.595
171.1,4.590
171.0,4.590
171.0,4.590
170.9,4.590
170.9,4.590
170.8,4.590
170.7,4.590
170.7,4.590
170.6,4.590
170.6,4.590
170.5,4.590
170.4,4.590
170.4,4.590
170.3,4.590
170.3,4.590
170.2,4.590
170.1,4.590
170.0,4.590
170.0,4.590
169.9,4.590
169.9,4.590
169.8,4.590
169.7,4.590
169.7,4.590
169.6,4.590
169.6,4.590
169.5,4.590
169.5,4.590
169.4,4.590
169.4,4.590
169.3,4.590
169.2,4.590
169.2,4.590
169.1,4.590
169.1,4.590
169.0,4.590
169.0,4.590
168.9,4.590
168.9,4.590
168.8,4.590
168.7,4.590
168.7,4.590
168.6,4.590
168.6,4.590
168.5,4.590
168.4,4.590
168.4,4.590
168.3,4.590
168.3,4.590
168.2,4.590
168.2,4.590
168.1,4.590
168.0,4.590
168.0,4.590
167.9,4.590
167.8,4.590
167.8,4.590
167.7,4.590
167.7,4.590
167.7,4.590
167.6,4.590
167.6,4.590
167.5,4.590
167.4,4.590
167.4,4.590
167.3,4.590
167.2,4.590
167.2,4.590
167.1,4.590
167.1,4.590
167.0,4.590
166.9,4.590
166.9,4.590
166.8,4.590
166.8,4.590
166.7,4.590
166.7,4.590
166.7,4.590
166.6,4.590
166.6,4.590
166.5,4.590
166.5,4.590
166.4,4.590
166.3,4.590
166.3,4.590
166.2,4.590
166.1,4.590
166.1,4.590
166.0,4.585
165.9,4.585
165.9,4.585
165.8,4.585
165.8,4.585
165.8,4.585
165.7,4.585
165.7,4.585
165.6,4.585
165.6,4.585
165.6,4.585
165.5,4.585
165.4,4.585
165.4,4.585
165.3,4.585
165.3,4.585
165.2,4.585
165.1,4.585
165.1,4.585
165.1,4.585
165.0,4.585
165.0,4.585
164.9,4.585
164.9,4.585
164.8,4.585
164.8,4.585
164.7,4.585
164.6,4.585
164.6,4.585
164.6,4.585
164.5,4.585
164.4,4.585
164.4,4.585
164.3,4.585
164.3,4.585
164.2,4.585
164.1,4.585
164.1,4.585
164.0,4.585
164.0,4.585
163.9,4.585
163.8,4.585
163.8,4.585
163.8,4.585
163.7,4.585
163.7,4.585
163.7,4.585
163.6,4.585
163.6,4.585
163.5,4.585
163.5,4.585
163.4,4.585
163.4,4.585
163.3,4.585
163.2,4.585
163.2,4.585
163.1,4.585
163.1,4.585
163.0,4.585
163.0,4.585
162.9,4.585
162.8,4.585
162.8,4.585
162.7,4.585
162.6,4.585
162.6,4.585
162.6,4.585
162.5,4.585
162.5,4.585
162.4,4.585
162.3,4.585
162.3,4.585
162.3,4.585
162.2,4.585
162.1,4.585
162.1,4.585
162.0,4.585
162.0,4.585
161.9,4.585
161.9,4.585
161.8,4.585
161.7,4.585
161.7,4.585
161.6,4.585
161.6,4.585
161.5,4.585
161.4,4.585
161.4,4.585
161.4,4.585
161.3,4.585
161.2,4.585
161.1,4.585
161.1,4.585
161.0,4.585
161.0,4.585
160.9,4.580
160.9,4.580
160.8,4.580
160.8,4.580
160.7,4.580
160.7,4.580
160.6,4.580
160.6,4.580
160.5,4.580
160.4,4.580
160.4,4.580
160.3,4.580
160.3,4.580
160.2,4.580
160.1,4.580
160.1,4.580
160.0,4.580
160.0,4.580
159.9,4.580
159.9,4.580
159.8,4.580
159.8,4.580
159.7,4.580
159.7,4.580
159.6,4.580
159.5,4.580
159.5,4.580
159.4,4.580
159.4,4.580
159.3,4.580
159.3,4.580
159.2,4.580
159.1,4.580
159.1,4.580
159.0,4.580
158.9,4.580
158.9,4.580
158.8,4.580
158.8,4.580
158.7,4.580
158.6,4.580
158.5,4.580
158.5,4.580
158.4,4.580
158.4,4.580
158.3,4.580
158.3,4.580
158.2,4.580
158.2,4.580
158.2,4.580
158.1,4.580
158.0,4.580
157.9,4.580
157.9,4.580
157.8,4.580
157.7,4.580
157.6,4.580
157.6,4.580
157.5,4.580
157.5,4.580
157.4,4.580
157.3,4.580
157.3,4.580
157.2,4.580
157.2,4.580
157.1,4.580
157.1,4.580
157.0,4.580
156.9,4.580
156.9,4.580
156.8,4.580
156.8,4.580
156.7,4.580
156.6,4.580
156.6,4.580
156.5,4.580
156.5,4.580
156.4,4.580
156.3,4.580
156.3,4.580
156.2,4.580
156.2,4.580
156.1,4.580
156.0,4.580
156.0,4.580
155.9,4.580
155.8,4.580
155.8,4.580
155.7,4.580
155.7,4.575
155.6,4.575
155.6,4.575
155.5,4.575
155.5,4.575
155.4,4.575
155.3,4.575
155.2,4.575
155.2,4.575
155.1,4.575
155.0,4.575
155.0,4.575
154.9,4.575
154.8,4.575
154.8,4.575
154.7,4.575
154.7,4.575
154.7,4.575
154.6,4.575
154.6,4.575
154.5,4.575
154.4,4.575
154.3,4.575
154.3,4.575
154.2,4.575
154.1,4.575
154.1,4.575
154.1,4.575
154.0,4.575
154.0,4.575
153.9,4.575
153.9,4.575
153.8,4.575
153.7,4.575
153.7,4.575
153.6,4.575
153.5,4.575
153.5,4.575
153.4,4.575
153.4,4.575
153.3,4.575
153.3,4.575
153.2,4.575
153.1,4.575
153.1,4.575
153.0,4.575
152.9,4.575
152.9,4.575
152.9,4.575
152.8,4.575
152.8,4.575
152.7,4.575
152.7,4.575
152.6,4.575
152.5,4.575
152.5,4.575
152.4,4.575
152.3,4.575
152.3,4.575
152.2,4.575
152.2,4.575
152.1,4.575
152.1,4.575
152.1,4.575
152.0,4.575
151.9,4.575
151.9,4.575
151.8,4.575
151.8,4.575
151.7,4.575
151.6,4.575
151.6,4.575
151.6,4.575
151.5,4.575
151.4,4.575
151.4,4.575
151.3,4.575
151.2,4.575
151.2,4.575
151.1,4.575
151.1,4.575
151.1,4.575
151.0,4.575
151.0,4.575
150.9,4.575
150.8,4.575
150.8,4.575
150.7,4.575
150.7,4.575
150.6,4.575
150.6,4.575
150.5,4.575
150.5,4.575
150.4,4.570
150.4,4.570
150.3,4.570
150.3,4.570
150.2,4.570
150.1,4.570
150.1,4.570
150.0,4.570
150.0,4.570
149.9,4.570
149.9,4.570
149.8,4.570
149.8,4.570
149.7,4.570
149.7,4.570
149.6,4.570
149.6,4.570
149.5,4.570
149.5,4.570
149.4,4.570
149.4,4.570
149.3,4.570
149.3,4.570
149.2,4.570
149.2,4.570
149.1,4.570
149.1,4.570
149.0,4.570
148.9,4.570
148.9,4.570
148.8,4.570
148.8,4.570
148.7,4.570
148.7,4.570
148.6,4.570
148.5,4.570
148.5,4.570
148.5,4.570
148.4,4.570
148.3,4.570
148.3,4.570
148.2,4.570
148.2,4.570
148.1,4.570
148.1,4.570
148.0,4.570
148.0,4.570
147.9,4.570
147.9,4.570
147.8,4.570
147.7,4.570
147.7,4.570
147.6,4.570
147.6,4.570
147.5,4.570
147.4,4.570
147.4,4.570
147.3,4.570
147.3,4.570
147.2,4.570
147.2,4.570
147.1,4.570
147.0,4.570
147.0,4.570
146.9,4.570
146.9,4.570
146.8,4.570
146.8,4.570
146.7,4.570
146.7,4.570
146.6,4.570
146.5,4.570
146.5,4.570
146.4,4.570
146.4,4.570
146.3,4.570
146.2,4.570
146.2,4.570
146.1,4.570
146.1,4.570
146.0,4.570
146.0,4.570
145.9,4.570
145.9,4.570
145.8,4.570
145.7,4.570
145.7,4.570
145.6,4.570
145.5,4.570
145.5,4.570
145.4,4.570
145.4,4.570
145.3,4.570
145.3,4.565
145.2,4.565
145.1,4.565
145.1,4.565
145.0,4.565
145.0,4.565
144.9,4.565
144.8,4.565
144.7,4.565
144.7,4.565
144.6,4.565
144.5,4.565
144.5,4.565
144.4,4.565
144.3,4.565
144.3,4.565
144.2,4.565
144.2,4.565
144.1,4.565
144.1,4.565
144.0,4.565
144.0,4.565
143.9,4.565
143.8,4.565
143.7,4.565
143.7,4.565
143.6,4.565
143.5,4.565
143.5,4.565
143.4,4.565
143.3,4.565
143.2,4.565
143.2,4.565
143.1,4.565
143.0,4.565
142.9,4.565
142.9,4.565
142.8,4.565
142.8,4.565
142.7,4.565
142.6,4.565
142.6,4.565
142.5,4.565
142.4,4.565
142.3,4.565
142.3,4.565
142.2,4.565
142.1,4.565
142.0,4.565
142.0,4.565
141.9,4.565
141.8,4.565
141.7,4.565
141.7,4.565
141.6,4.565
141.5,4.565
141.4,4.565
141.4,4.565
141.3,4.565
141.2,4.565
141.1,4.565
141.0,4.565
140.9,4.565
140.8,4.565
140.8,4.565
140.7,4.565
140.6,4.565
140.6,4.565
140.5,4.565
140.4,4.560
140.3,4.560
140.3,4.560
140.2,4.560
140.1,4.560
140.0,4.560
139.9,4.560
139.8,4.560
139.7,4.560
139.7,4.560
139.6,4.560
139.5,4.560
139.4,4.560
139.4,4.560
139.3,4.560
139.2,4.560
139.1,4.560
139.0,4.560
139.0,4.560
138.9,4.560
138.8,4.560
138.7,4.560
138.6,4.560
138.5,4.560
138.4,4.560
138.4,4.560
138.3,4.560
138.2,4.560
138.1,4.560
138.0,4.560
138.0,4.560
137.9,4.560
137.8,4.560
137.7,4.560
137.6,4.560
137.5,4.560
137.4,4.560
137.3,4.560
137.2,4.560
137.1,4.560
137.0,4.560
136.9,4.560
136.8,4.560
136.7,4.560
136.7,4.560
136.6,4.560
136.5,4.560
136.4,4.560
136.3,4.560
136.2,4.560
136.1,4.560
136.0,4.560
135.9,4.560
135.8,4.560
135.7,4.560
135.6,4.560
135.5,4.560
135.4,4.560
135.3,4.555
135.2,4.555
135.2,4.555
135.1,4.555
135.0,4.555
134.9,4.555
134.8,4.555
134.7,4.555
134.6,4.555
134.5,4.555
134.4,4.555
134.4,4.555
134.3,4.555
134.2,4.555
134.1,4.555
134.0,4.555
133.8,4.555
133.8,4.555
133.7,4.555
133.5,4.555
133.4,4.555
133.3,4.555
133.3,4.555
133.2,4.555
133.1,4.555
133.0,4.555
132.9,4.555
132.8,4.555
132.7,4.555
132.6,4.555
132.6,4.555
132.5,4.555
132.4,4.555
132.3,4.555
132.2,4.555
132.1,4.555
132.0,4.555
131.9,4.555
131.8,4.555
131.7,4.555
131.6,4.555
131.5,4.555
131.4,4.555
131.3,4.555
131.2,4.555
131.1,4.555
131.0,4.555
130.9,4.555
130.8,4.555
130.7,4.555
130.6,4.555
130.5,4.555
130.4,4.550
130.3,4.550
130.2,4.550
130.1,4.550
130.0,4.550
129.9,4.550
129.8,4.550
129.7,4.550
129.6,4.550
129.5,4.550
129.4,4.550
129.3,4.550
129.2,4.550
129.1,4.550
129.0,4.550
128.9,4.550
128.9,4.550
128.8,4.550
128.7,4.550
128.6,4.550
128.5,4.550
128.4,4.550
128.3,4.550
128.2,4.550
128.1,4.550
128.0,4.550
127.9,4.550
127.7,4.550
127.6,4.550
127.5,4.550
127.4,4.550
127.3,4.550
127.2,4.550
127.1,4.550
127.1,4.550
127.0,4.550
126.9,4.550
126.8,4.550
126.7,4.550
126.6,4.550
126.5,4.550
126.4,4.550
126.2,4.550
126.1,4.550
126.0,4.550
125.9,4.550
125.8,4.550
125.8,4.550
125.7,4.550
125.6,4.545
125.5,4.545
125.4,4.545
125.3,4.545
125.2,4.545
125.1,4.545
125.0,4.545
124.9,4.545
124.8,4.545
124.7,4.545
124.6,4.545
124.5,4.545
124.4,4.545
124.3,4.545
124.2,4.545
124.1,4.545
123.9,4.545
123.9,4.545
123.8,4.545
123.7,4.545
123.6,4.545
123.5,4.545
123.4,4.545
123.3,4.545
123.2,4.545
123.1,4.545
122.9,4.545
122.8,4.545
122.7,4.545
122.6,4.545
122.5,4.545
122.5,4.545
122.3,4.545
122.3,4.545
122.1,4.545
122.1,4.545
122.0,4.545
121.8,4.545
121.7,4.545
121.6,4.545
121.5,4.545
121.4,4.545
121.3,4.545
121.2,4.545
121.1,4.545
121.0,4.545
120.9,4.545
120.8,4.540
120.7,4.540
120.6,4.540
120.5,4.540
120.5,4.540
120.4,4.540
120.3,4.540
120.2,4.540
120.1,4.540
120.0,4.540
119.9,4.540
119.7,4.540
119.7,4.540
119.6,4.540
119.5,4.540
119.3,4.540
119.3,4.540
119.2,4.540
119.1,4.540
119.0,4.540
118.9,4.540
118.8,4.540
118.7,4.540
118.6,4.540
118.5,4.540
118.4,4.540
118.3,4.540
118.2,4.540
118.1,4.540
118.0,4.540
117.9,4.540
117.8,4.540
117.7,4.540
117.6,4.540
117.5,4.540
117.4,4.540
117.4,4.540
117.3,4.540
117.2,4.540
117.1,4.540
117.0,4.540
116.9,4.540
116.8,4.540
116.7,4.540
116.6,4.540
116.6,4.540
116.5,4.540
116.4,4.540
116.3,4.540
116.2,4.540
116.1,4.540
116.0,4.540
115.9,4.535
115.8,4.535
115.8,4.535
115.6,4.535
115.6,4.535
115.5,4.535
115.4,4.535
115.3,4.535
115.2,4.535
115.1,4.535
115.0,4.535
114.9,4.535
114.8,4.535
114.7,4.535
114.7,4.535
114.6,4.535
114.5,4.535
114.4,4.535
114.3,4.535
114.2,4.535
114.1,4.535
114.0,4.535
113.9,4.535
113.9,4.535
113.8,4.535
113.7,4.535
113.6,4.535
113.5,4.535
113.5,4.535
113.4,4.535
113.3,4.535
113.2,4.535
113.1,4.535
113.0,4.535
113.0,4.535
112.9,4.535
112.8,4.535
112.7,4.535
112.6,4.535
112.5,4.535
112.4,4.535
112.4,4.535
112.3,4.535
112.2,4.535
112.1,4.535
112.0,4.535
112.0,4.535
111.9,4.535
111.8,4.535
111.7,4.535
111.6,4.535
111.5,4.535
111.4,4.535
111.3,4.535
111.3,4.535
111.2,4.535
111.1,4.535
111.0,4.535
110.9,4.530
110.8,4.530
110.7,4.530
110.7,4.530
110.6,4.530
110.5,4.530
110.4,4.530
110.3,4.530
110.2,4.530
110.2,4.530
110.1,4.530
110.0,4.530
110.0,4.530
109.9,4.530
109.8,4.530
109.7,4.530
109.6,4.530
109.5,4.530
109.4,4.530
109.4,4.530
109.3,4.530
109.2,4.530
109.1,4.530
109.0,4.530
109.0,4.530
108.9,4.530
108.8,4.530
108.7,4.530
108.6,4.530
108.5,4.530
108.4,4.530
108.3,4.530
108.2,4.530
108.2,4.530
108.1,4.530
108.0,4.530
108.0,4.530
107.9,4.530
107.8,4.530
107.8,4.530
107.7,4.530
107.6,4.530
107.5,4.530
107.4,4.530
107.3,4.530
107.2,4.530
107.1,4.530
107.0,4.530
106.9,4.530
106.8,4.530
106.7,4.530
106.7,4.530
106.6,4.530
106.5,4.530
106.4,4.525
106.3,4.525
106.3,4.525
106.2,4.525
106.1,4.525
106.0,4.525
105.9,4.525
105.9,4.525
105.8,4.525
105.7,4.525
105.6,4.525
105.5,4.525
105.5,4.525
105.4,4.525
105.3,4.525
105.2,4.525
105.1,4.525
105.0,4.525
105.0,4.525
104.9,4.525
104.8,4.525
104.7,4.525
104.6,4.525
104.5,4.525
104.4,4.525
104.4,4.525
104.3,4.525
104.2,4.525
104.1,4.525
104.0,4.525
104.0,4.525
103.9,4.525
103.8,4.525
103.7,4.525
103.6,4.525
103.5,4.525
103.4,4.525
103.3,4.525
103.2,4.525
103.2,4.525
103.1,4.525
103.0,4.525
102.9,4.525
102.8,4.525
102.7,4.525
102.7,4.525
102.6,4.525
102.5,4.525
102.4,4.525
102.3,4.525
102.2,4.525
102.1,4.525
102.0,4.525
101.9,4.525
101.8,4.525
101.8,4.525
101.7,4.525
101.6,4.520
101.5,4.520
101.4,4.520
101.4,4.520
101.3,4.520
101.2,4.520
101.1,4.520
101.0,4.520
100.9,4.520
100.8,4.520
100.7,4.520
100.6,4.520
100.5,4.520
100.4,4.520
100.3,4.520
100.2,4.520
100.1,4.520
100.0,4.520
100.0,4.520
99.9,4.520
99.8,4.520
99.7,4.520
99.6,4.520
99.5,4.520
99.5,4.520
99.4,4.520
99.3,4.520
99.2,4.520
99.1,4.520
99.0,4.520
98.9,4.520
98.8,4.520
98.7,4.520
98.6,4.520
98.5,4.520
98.4,4.520
98.3,4.520
98.2,4.520
98.2,4.520
98.1,4.520
98.0,4.520
97.9,4.520
97.8,4.520
97.7,4.520
97.6,4.520
97.5,4.520
97.4,4.520
97.3,4.520
97.2,4.520
97.1,4.520
97.1,4.520
97.0,4.520
96.9,4.520
96.8,4.520
96.7,4.515
96.6,4.515
96.5,4.515
96.4,4.515
96.3,4.515
96.3,4.515
96.2,4.515
96.1,4.515
96.0,4.515
95.9,4.515
95.8,4.515
95.7,4.515
95.6,4.515
95.5,4.515
95.3,4.515
95.3,4.515
95.2,4.515
95.0,4.515
94.9,4.515
94.9,4.515
94.8,4.515
94.7,4.515
94.6,4.515
94.5,4.515
94.4,4.515
94.3,4.515
94.2,4.515
94.1,4.515
94.0,4.515
93.9,4.515
93.8,4.515
93.7,4.515
93.6,4.515
93.5,4.515
93.4,4.515
93.3,4.515
93.2,4.515
93.1,4.515
93.0,4.515
92.9,4.515
92.8,4.515
92.7,4.515
92.6,4.515
92.5,4.515
92.4,4.515
92.3,4.515
92.2,4.515
92.1,4.515
92.0,4.515
91.9,4.515
91.8,4.515
91.7,4.510
91.6,4.510
91.5,4.510
91.4,4.510
91.3,4.510
91.2,4.510
91.1,4.510
91.0,4.510
90.9,4.510
90.8,4.510
90.7,4.510
90.6,4.510
90.5,4.510
90.4,4.510
90.3,4.510
90.2,4.510
90.1,4.510
90.0,4.510
89.9,4.510
89.8,4.510
89.7,4.510
89.6,4.510
89.5,4.510
89.4,4.510
89.3,4.510
89.2,4.510
89.1,4.510
89.0,4.510
88.9,4.510
88.8,4.510
88.6,4.510
88.5,4.510
88.4,4.510
88.3,4.510
88.2,4.510
88.1,4.510
88.0,4.510
87.9,4.510
87.8,4.510
87.7,4.510
87.6,4.510
87.5,4.510
87.3,4.510
87.2,4.510
87.1,4.510
87.0,4.510
86.9,4.505
86.8,4.505
86.7,4.505
86.6,4.505
86.5,4.505
86.4,4.505
86.3,4.505
86.1,4.505
86.0,4.505
85.9,4.505
85.8,4.505
85.7,4.505
85.6,4.505
85.5,4.505
85.4,4.505
85.3,4.505
85.2,4.505
85.1,4.505
85.0,4.505
84.9,4.505
84.8,4.505
84.7,4.505
84.5,4.505
84.4,4.505
84.3,4.505
84.2,4.505
84.1,4.505
84.0,4.505
83.9,4.505
83.8,4.505
83.7,4.505
83.6,4.505
83.5,4.505
83.4,4.505
83.3,4.505
83.1,4.505
83.0,4.505
82.9,4.505
82.8,4.505
82.7,4.505
82.6,4.505
82.5,4.505
82.4,4.505
82.3,4.505
82.2,4.505
82.1,4.500
82.0,4.500
81.9,4.500
81.8,4.500
81.7,4.500
81.5,4.500
81.4,4.500
81.3,4.500
81.2,4.500
81.1,4.500
81.0,4.500
80.9,4.500
80.8,4.500
80.7,4.500
80.6,4.500
80.5,4.500
80.4,4.500
80.3,4.500
80.2,4.500
80.1,4.500
80.0,4.500
79.9,4.500
79.8,4.500
79.7,4.500
79.5,4.500
79.5,4.500
79.4,4.500
79.3,4.500
79.2,4.500
79.1,4.500
79.0,4.500
78.9,4.500
78.8,4.500
78.7,4.500
78.6,4.500
78.4,4.500
78.3,4.500
78.3,4.500
78.2,4.500
78.1,4.500
78.0,4.500
77.9,4.500
77.8,4.500
77.8,4.500
77.6,4.500
77.5,4.500
77.4,4.500
77.3,4.500
77.3,4.500
77.2,4.500
77.1,4.500
77.0,4.495
76.9,4.495
76.8,4.495
76.7,4.495
76.6,4.495
76.5,4.495
76.4,4.495
76.3,4.495
76.2,4.495
76.1,4.495
76.0,4.495
75.9,4.495
75.9,4.495
75.8,4.495
75.7,4.495
75.6,4.495
75.5,4.495
75.4,4.495
75.3,4.495
75.2,4.495
75.2,4.495
75.1,4.495
75.0,4.495
74.9,4.495
74.8,4.495
74.8,4.495
74.7,4.495
74.6,4.495
74.5,4.495
74.4,4.495
74.4,4.495
74.3,4.495
74.2,4.495
74.1,4.495
74.0,4.495
73.9,4.495
73.8,4.495
73.7,4.495
73.7,4.495
73.6,4.495
73.6,4.495
73.5,4.495
73.4,4.495
73.3,4.495
73.3,4.495
73.2,4.495
73.1,4.495
73.0,4.495
73.0,4.495
72.9,4.495
72.8,4.495
72.8,4.495
72.7,4.495
72.6,4.495
72.5,4.495
72.5,4.495
72.4,4.495
72.3,4.495
72.3,4.495
72.2,4.495
72.1,4.495
72.1,4.490
72.0,4.490
71.9,4.490
71.8,4.490
71.8,4.490
71.7,4.490
71.6,4.490
71.5,4.490
71.5,4.490
71.4,4.490
71.3,4.490
71.3,4.490
71.2,4.490
71.1,4.490
71.1,4.490
71.0,4.490
70.9,4.490
70.9,4.490
70.8,4.490
70.7,4.490
70.6,4.490
70.6,4.490
70.5,4.490
70.4,4.490
70.4,4.490
70.3,4.490
70.2,4.490
70.2,4.490
70.1,4.490
70.0,4.490
70.0,4.490
69.9,4.490
69.8,4.490
69.8,4.490
69.7,4.490
69.6,4.490
69.6,4.490
69.5,4.490
69.5,4.490
69.4,4.490
69.4,4.490
69.3,4.490
69.2,4.490
69.1,4.490
69.1,4.490
69.0,4.490
68.9,4.490
68.9,4.490
68.9,4.490
68.8,4.490
68.7,4.490
68.7,4.490
68.6,4.490
68.6,4.490
68.5,4.490
68.4,4.490
68.4,4.490
68.3,4.490
68.3,4.490
68.2,4.490
68.1,4.490
68.1,4.490
68.0,4.490
67.9,4.490
67.9,4.490
67.8,4.490
67.8,4.490
67.7,4.490
67.7,4.490
67.6,4.490
67.6,4.490
67.5,4.490
67.4,4.490
67.4,4.490
67.3,4.490
67.2,4.490
67.2,4.485
67.1,4.485
67.1,4.485
67.0,4.485
67.0,4.485
66.9,4.485
66.9,4.485
66.8,4.485
66.7,4.485
66.7,4.485
66.6,4.485
66.6,4.485
66.5,4.485
66.5,4.485
66.4,4.485
66.4,4.485
66.4,4.485
66.3,4.485
66.2,4.485
66.2,4.485
66.2,4.485
66.1,4.485
66.0,4.485
66.0,4.485
65.9,4.485
65.8,4.485
65.8,4.485
65.7,4.485
65.7,4.485
65.7,4.485
65.6,4.485
65.5,4.485
65.5,4.485
65.4,4.485
65.4,4.485
65.3,4.485
65.3,4.485
65.2,4.485
65.1,4.485
65.1,4.485
65.1,4.485
65.0,4.485
64.9,4.485
64.9,4.485
64.9,4.485
64.8,4.485
64.8,4.485
64.7,4.485
64.7,4.485
64.7,4.485
64.6,4.485
64.5,4.485
64.5,4.485
64.4,4.485
64.4,4.485
64.3,4.485
64.3,4.485
64.3,4.485
64.2,4.485
64.2,4.485
64.2,4.485
64.2,4.485
64.2,4.485
64.1,4.485
64.1,4.485
64.1,4.485
64.1,4.485
64.0,4.485
64.0,4.485
64.0,4.485
63.9,4.485
63.9,4.485
63.9,4.485
63.9,4.485
63.8,4.485
63.8,4.485
63.8,4.485
63.8,4.485
63.8,4.485
63.8,4.485
63.8,4.485
63.8,4.485
63.8,4.480
63.7,4.480
63.7,4.480
63.7,4.480
63.7,4.480
63.7,4.480
63.7,4.480
63.7,4.480
63.6,4.480
63.6,4.480
63.6,4.480
63.6,4.480
63.6,4.480
63.6,4.480
63.6,4.480
63.7,4.480
63.7,4.480
63.7,4.480
63.7,4.480
63.7,4.480
63.7,4.480
63.7,4.480
63.7,4.480
63.7,4.480
63.7,4.480
63.7,4.480
63.7,4.480
63.7,4.480
63.7,4.480
63.7,4.480
63.7,4.480
63.7,4.480
63.7,4.480
63.7,4.480
63.7,4.480
63.7,4.480
63.7,4.480
63.7,4.480
63.7,4.480
63.7,4.480
63.7,4.480
63.7,4.480
63.7,4.480
63.7,4.480
63.7,4.480
63.7,4.480
63.7,4.480
63.7,4.480
63.7,4.480
63.7,4.480
63.7,4.480
63.7,4.480
63.7,4.480
63.7,4.480
63.7,4.480
63.7,4.480
63.7,4.480
63.6,4.480
63.6,4.480
63.6,4.480
63.6,4.480
63.6,4.480
63.7,4.480
63.7,4.480
63.7,4.480
63.7,4.480
63.7,4.480
63.7,4.480
63.7,4.480
63.7,4.480
63.7,4.480
63.7,4.480
63.7,4.480
63.7,4.480
63.6,4.480
63.6,4.480
63.6,4.480
63.6,4.480
63.6,4.480
63.6,4.480
63.6,4.480
63.6,4.480
63.6,4.480
63.6,4.480
63.6,4.480
63.6,4.480
63.6,4.480
63.6,4.480
63.6,4.480
63.6,4.480
63.6,4.480
63.6,4.480
63.6,4.475
63.6,4.475
63.6,4.475
63.6,4.475
63.6,4.475
63.6,4.475
63.6,4.475
63.6,4.475
63.6,4.475
63.6,4.475
63.6,4.475
63.6,4.475
63.6,4.475
63.6,4.475
63.6,4.475
63.6,4.475
63.6,4.475
63.6,4.475
63.6,4.475
63.6,4.475
63.6,4.475
63.6,4.475
63.6,4.475
63.6,4.475
63.6,4.475
63.6,4.475
63.6,4.475
63.6,4.475
63.6,4.475
63.6,4.475
63.6,4.475
63.6,4.475
63.6,4.475
63.6,4.475
63.6,4.475
63.6,4.475
63.6,4.475
63.6,4.475
63.6,4.475
63.6,4.475
63.6,4.475
63.6,4.475
63.6,4.475
63.6,4.475
63.6,4.475
63.6,4.475
63.6,4.475
63.6,4.475
63.6,4.475
63.6,4.475
63.6,4.475
63.6,4.475
63.6,4.475
63.6,4.475
63.6,4.475
63.6,4.475
63.6,4.475
63.6,4.475
63.6,4.475
63.6,4.475
63.6,4.475
63.6,4.475
63.6,4.475
63.6,4.475
63.6,4.475
63.6,4.475
63.6,4.475
63.6,4.475
63.6,4.475
63.6,4.475
63.6,4.475
63.6,4.475
63.6,4.475
63.6,4.475
63.6,4.475
63.6,4.475
63.6,4.475
63.6,4.475
63.6,4.470
63.6,4.470
63.6,4.470
63.6,4.470
63.6,4.470
63.6,4.470
63.6,4.470
63.6,4.470
63.6,4.470
63.6,4.470
63.6,4.470
63.6,4.470
63.6,4.470
63.6,4.470
63.6,4.470
63.7,4.470
63.7,4.470
63.7,4.470
63.7,4.470
63.7,4.470
63.7,4.470
63.7,4.470
63.6,4.470
63.6,4.470
63.6,4.470
63.6,4.470
63.6,4.470
63.6,4.470
63.6,4.470
63.6,4.470
63.6,4.470
63.6,4.470
63.6,4.470
63.7,4.470
63.7,4.470
63.6,4.470
63.6,4.470
63.6,4.470
63.7,4.470
63.7,4.470
63.7,4.470
63.7,4.470
63.7,4.470
63.6,4.470
63.6,4.470
63.6,4.470
63.6,4.470
63.6,4.470
63.6,4.470
63.6,4.470
63.6,4.470
63.6,4.470
63.6,4.470
63.6,4.470
63.6,4.470
63.6,4.470
63.6,4.470
63.6,4.470
63.6,4.470
63.6,4.470
63.6,4.470
63.6,4.470
63.6,4.470
63.6,4.470
63.6,4.470
63.6,4.465
63.6,4.465
63.6,4.465
63.6,4.465
63.5,4.465
63.5,4.465
63.5,4.465
63.5,4.465
63.5,4.465
63.5,4.465
63.5,4.465
63.5,4.465
63.5,4.465
63.5,4.465
63.5,4.465
63.5,4.465
63.5,4.465
63.5,4.465
63.6,4.465
63.6,4.465
63.6,4.465
63.6,4.465
63.6,4.465
63.6,4.465
63.6,4.465
63.6,4.465
63.6,4.465
63.6,4.465
63.6,4.465
63.6,4.465
63.6,4.465
63.6,4.465
63.6,4.465
63.6,4.465
63.6,4.465
63.6,4.465
63.6,4.465
63.6,4.465
63.6,4.465
63.6,4.465
63.5,4.465
63.5,4.465
63.5,4.465
63.5,4.465
63.5,4.465
63.5,4.465
63.5,4.465
63.5,4.465
63.5,4.465
63.5,4.465
63.5,4.465
63.5,4.465
63.5,4.465
63.5,4.465
63.5,4.460
63.5,4.460
63.5,4.460
63.5,4.460
63.5,4.460
63.5,4.460
63.5,4.460
63.5,4.460
63.5,4.460
63.5,4.460
63.5,4.460
63.5,4.460
63.5,4.460
63.5,4.460
63.5,4.460
63.5,4.460
63.5,4.460
63.5,4.460
63.5,4.460
63.5,4.460
63.5,4.460
63.5,4.460
63.5,4.460
63.5,4.460
63.5,4.460
63.5,4.460
63.5,4.460
63.5,4.460
63.5,4.460
63.5,4.460
63.5,4.460
63.5,4.460
63.5,4.460
63.5,4.460
63.5,4.460
63.5,4.460
63.4,4.460
63.5,4.460
63.5,4.460
63.5,4.460
63.5,4.460
63.5,4.460
63.5,4.460
63.5,4.460
63.5,4.460
63.5,4.460
63.5,4.460
63.5,4.460
63.5,4.460
63.5,4.460
63.5,4.460
63.5,4.460
63.5,4.455
63.5,4.455
63.5,4.455
63.5,4.455
63.5,4.455
63.5,4.455
63.5,4.455
63.5,4.455
63.5,4.455
63.5,4.455
63.5,4.455
63.5,4.455
63.5,4.455
63.5,4.455
63.5,4.455
63.5,4.455
63.5,4.455
63.5,4.455
63.5,4.455
63.5,4.455
63.5,4.455
63.5,4.455
63.5,4.455
63.5,4.455
63.4,4.455
63.4,4.455
63.4,4.455
63.4,4.455
63.4,4.455
63.4,4.455
63.4,4.455
63.4,4.455
63.4,4.455
63.4,4.455
63.4,4.455
63.4,4.455
63.4,4.455
63.4,4.455
63.4,4.455
63.4,4.455
63.4,4.455
63.4,4.455
63.4,4.455
63.4,4.455
63.4,4.455
63.4,4.455
63.4,4.455
63.4,4.455
63.4,4.455
63.4,4.455
63.4,4.450
63.4,4.450
63.4,4.450
63.4,4.450
63.4,4.450
63.4,4.450
63.4,4.450
63.4,4.450
63.4,4.450
63.4,4.450
63.4,4.450
63.4,4.450
63.4,4.450
63.4,4.450
63.4,4.450
63.5,4.450
63.4,4.450
63.4,4.450
63.4,4.450
63.4,4.450
63.4,4.450
63.5,4.450
63.5,4.450
63.4,4.450
63.4,4.450
63.4,4.450
63.4,4.450
63.4,4.450
63.4,4.450
63.4,4.450
63.4,4.450
63.4,4.450
63.4,4.450
63.4,4.450
63.4,4.450
63.5,4.450
63.5,4.450
63.5,4.450
63.5,4.450
63.5,4.450
63.5,4.450
63.4,4.450
63.4,4.450
63.4,4.450
63.4,4.445
63.4,4.445
63.4,4.445
63.4,4.445
63.4,4.445
63.4,4.445
63.4,4.445
63.4,4.445
63.4,4.445
63.4,4.445
63.4,4.445
63.4,4.445
63.4,4.445
63.4,4.445
63.4,4.445
63.4,4.445
63.4,4.445
63.4,4.445
63.3,4.445
63.3,4.445
63.3,4.445
63.3,4.445
63.3,4.445
63.3,4.445
63.3,4.445
63.3,4.445
63.3,4.445
63.3,4.445
63.3,4.445
63.3,4.445
63.4,4.445
63.4,4.445
63.4,4.445
63.4,4.445
63.4,4.445
63.4,4.445
63.4,4.445
63.4,4.445
63.4,4.445
63.4,4.445
63.4,4.445
63.4,4.445
63.4,4.445
63.4,4.445
63.4,4.445
63.4,4.445
63.4,4.440
63.4,4.440
63.4,4.440
63.4,4.440
63.4,4.440
63.4,4.440
63.4,4.440
63.4,4.440
63.4,4.440
63.4,4.440
63.4,4.440
63.4,4.440
63.4,4.440
63.4,4.440
63.4,4.440
63.4,4.440
63.4,4.440
63.4,4.440
63.3,4.440
63.3,4.440
63.3,4.440
63.3,4.440
63.3,4.440
63.3,4.440
63.3,4.440
63.3,4.440
63.3,4.440
63.3,4.440
63.3,4.440
63.3,4.440
63.3,4.440
63.3,4.440
63.3,4.440
63.3,4.440
63.3,4.440
63.3,4.440
63.3,4.440
63.3,4.440
63.3,4.440
63.3,4.440
63.3,4.440
63.3,4.440
63.3,4.440
63.3,4.440
63.3,4.440
63.3,4.435
63.3,4.435
63.3,4.435
63.3,4.435
63.3,4.435
63.3,4.435
63.3,4.435
63.3,4.435
63.3,4.435
63.3,4.435
63.3,4.435
63.3,4.435
63.3,4.435
63.3,4.435
63.3,4.435
63.3,4.435
63.3,4.435
63.3,4.435
63.3,4.435
63.3,4.435
63.3,4.435
63.3,4.435
63.3,4.435
63.3,4.435
63.3,4.435
63.3,4.435
63.3,4.435
63.3,4.435
63.3,4.435
63.3,4.435
63.3,4.435
63.3,4.435
63.3,4.435
63.3,4.435
63.3,4.435
63.3,4.435
63.3,4.435
63.3,4.435
63.3,4.435
63.3,4.435
63.3,4.430
63.3,4.430
63.3,4.430
63.3,4.430
63.3,4.430
63.3,4.430
63.2,4.430
63.2,4.430
63.3,4.430
63.3,4.430
63.3,4.430
63.3,4.430
63.3,4.430
63.3,4.430
63.2,4.430
63.2,4.430
63.2,4.430
63.2,4.430
63.2,4.430
63.2,4.430
63.3,4.430
63.2,4.430
63.3,4.430
63.3,4.430
63.3,4.430
63.3,4.430
63.3,4.430
63.3,4.430
63.3,4.430
63.3,4.430
63.3,4.430
63.3,4.430
63.3,4.430
63.2,4.430
63.2,4.430
63.2,4.425
63.2,4.425
63.2,4.425
63.2,4.425
63.2,4.425
63.2,4.425
63.2,4.425
63.2,4.425
63.2,4.425
63.2,4.425
63.2,4.425
63.2,4.425
63.2,4.425
63.2,4.425
63.2,4.425
63.2,4.425
63.2,4.425
63.2,4.425
63.2,4.425
63.2,4.425
63.2,4.425
63.2,4.425
63.2,4.425
63.2,4.425
63.2,4.425
63.2,4.425
63.2,4.425
63.2,4.425
63.2,4.425
63.2,4.425
63.2,4.425
63.2,4.425
63.2,4.425
63.2,4.425
63.2,4.420
63.2,4.420
63.2,4.420
63.2,4.420
63.2,4.420
63.2,4.420
63.2,4.420
63.2,4.420
63.2,4.420
63.2,4.420
63.2,4.420
63.2,4.420
63.2,4.420
63.2,4.420
63.2,4.420
63.2,4.420
63.2,4.420
63.2,4.420
63.2,4.420
63.2,4.420
63.2,4.420
63.2,4.420
63.2,4.420
63.2,4.420
63.2,4.420
63.2,4.420
63.2,4.420
63.2,4.420
63.2,4.420
63.2,4.420
63.2,4.420
63.2,4.420
63.2,4.420
63.2,4.420
63.2,4.420
63.2,4.420
63.2,4.415
63.2,4.415
63.2,4.415
63.2,4.415
63.2,4.415
63.2,4.415
63.2,4.415
63.2,4.415
63.2,4.415
63.1,4.415
63.1,4.415
63.1,4.415
63.1,4.415
63.1,4.415
63.1,4.415
63.1,4.415
63.1,4.415
63.1,4.415
63.1,4.415
63.1,4.415
63.1,4.415
63.2,4.415
63.2,4.415
63.2,4.415
63.2,4.415
63.2,4.415
63.2,4.415
63.2,4.415
63.2,4.415
63.2,4.415
63.1,4.415
63.1,4.415
63.1,4.415
63.1,4.415
63.1,4.415
63.1,4.415
63.1,4.415
63.2,4.410
63.2,4.410
63.2,4.410
63.2,4.410
63.2,4.410
63.2,4.410
63.2,4.410
63.2,4.410
63.1,4.410
63.1,4.410
63.1,4.410
63.1,4.410
63.1,4.410
63.1,4.410
63.1,4.410
63.1,4.410
63.1,4.410
63.1,4.410
63.2,4.410
63.2,4.410
63.2,4.410
63.2,4.410
63.2,4.410
63.2,4.410
63.2,4.410
63.2,4.410
63.2,4.410
63.1,4.410
63.1,4.410
63.1,4.410
63.1,4.410
63.1,4.410
63.1,4.410
63.1,4.410
63.1,4.410
63.1,4.410
63.1,4.410
63.1,4.410
63.1,4.410
63.1,4.410
63.1,4.405
63.1,4.405
63.2,4.405
63.2,4.405
63.2,4.405
63.2,4.405
63.2,4.405
63.2,4.405
63.2,4.405
63.2,4.405
63.2,4.405
63.2,4.405
63.1,4.405
63.1,4.405
63.1,4.405
63.1,4.405
63.1,4.405
63.1,4.405
63.1,4.405
63.1,4.405
63.1,4.405
63.2,4.405
63.2,4.405
63.2,4.405
63.2,4.405
63.2,4.405
63.2,4.405
63.2,4.405
63.2,4.405
63.2,4.405
63.2,4.405
63.1,4.405
63.1,4.405
63.1,4.405
63.1,4.405
63.1,4.405
63.1,4.405
63.1,4.405
63.1,4.400
63.1,4.400
63.1,4.400
63.1,4.400
63.1,4.400
63.1,4.400
63.1,4.400
63.1,4.400
63.2,4.400
63.2,4.400
63.2,4.400
63.2,4.400
63.1,4.400
63.0,4.400
63.0,4.400
63.0,4.400
63.0,4.400
63.0,4.400
63.0,4.400
63.0,4.400
63.0,4.400
63.0,4.400
63.0,4.400
63.0,4.400
63.1,4.400
63.0,4.400
63.0,4.400
63.0,4.400
63.0,4.400
63.1,4.400
63.1,4.400
63.1,4.400
63.1,4.400
63.0,4.400
63.0,4.395
63.0,4.395
62.9,4.395
62.9,4.395
62.9,4.395
62.9,4.395
62.9,4.395
62.9,4.395
63.0,4.395
63.0,4.395
63.1,4.395
63.1,4.395
63.1,4.395
63.1,4.395
63.1,4.395
63.1,4.395
63.1,4.395
63.1,4.395
63.1,4.395
63.1,4.395
63.0,4.395
63.0,4.395
63.0,4.395
63.0,4.395
63.0,4.395
63.0,4.395
63.0,4.395
63.0,4.390
63.0,4.390
63.0,4.390
63.1,4.390
63.1,4.390
63.1,4.390
63.1,4.390
63.1,4.390
63.1,4.390
63.1,4.390
63.1,4.390
63.1,4.390
63.0,4.390
63.0,4.390
63.0,4.390
63.0,4.390
63.0,4.390
63.0,4.390
63.0,4.390
63.0,4.390
63.0,4.390
63.0,4.390
63.0,4.390
63.0,4.390
63.0,4.385
63.0,4.385
63.0,4.385
63.0,4.385
63.0,4.385
63.0,4.385
62.9,4.385
62.9,4.385
62.9,4.385
62.9,4.385
62.9,4.385
62.9,4.385
62.9,4.385
62.9,4.385
62.9,4.385
62.9,4.385
62.9,4.385
62.9,4.385
62.9,4.385
62.9,4.385
62.9,4.385
62.9,4.380
62.9,4.380
62.9,4.380
62.9,4.380
62.9,4.380
62.9,4.380
62.9,4.380
62.9,4.380
62.9,4.380
62.9,4.380
62.9,4.380
62.9,4.380
62.9,4.380
62.9,4.380
62.9,4.380
62.9,4.380
62.9,4.380
62.9,4.380
62.9,4.380
62.9,4.380
62.9,4.375
62.9,4.375
62.9,4.375
62.9,4.375
62.9,4.375
62.9,4.375
62.9,4.375
62.9,4.375
62.9,4.375
62.9,4.375
62.9,4.375
62.9,4.375
62.9,4.375
62.9,4.375
62.9,4.375
62.9,4.375
62.9,4.375
62.9,4.375
62.9,4.375
62.9,4.375
62.9,4.370
62.9,4.370
62.9,4.370
62.9,4.370
62.9,4.370
62.9,4.370
62.9,4.370
62.8,4.370
62.8,4.370
62.8,4.370
62.8,4.370
62.8,4.370
62.8,4.370
62.8,4.370
62.8,4.370
62.8,4.370
62.8,4.365
62.8,4.365
62.8,4.365
62.8,4.365
62.8,4.365
62.8,4.365
62.8,4.365
62.8,4.365
62.7,4.365
62.7,4.365
62.7,4.365
62.7,4.365
62.7,4.365
62.7,4.365
62.7,4.365
62.8,4.365
62.8,4.365
62.8,4.360
62.8,4.360
62.8,4.360
62.8,4.360
62.8,4.360
62.8,4.360
62.8,4.360
62.8,4.360
62.7,4.360
62.7,4.360
62.7,4.360
62.7,4.360
62.7,4.360
62.7,4.360
62.7,4.360
62.7,4.360
62.8,4.355
62.8,4.355
62.8,4.355
62.8,4.355
62.8,4.355
62.8,4.355
62.8,4.355
62.8,4.355
62.8,4.355
62.8,4.355
62.8,4.355
62.8,4.355
62.8,4.355
62.8,4.355
62.8,4.355
62.8,4.355
62.8,4.350
62.7,4.350
62.7,4.350
62.7,4.350
62.7,4.350
62.7,4.350
62.7,4.350
62.7,4.350
62.8,4.350
62.8,4.350
62.8,4.350
62.7,4.350
62.7,4.350
62.7,4.350
62.6,4.350
62.6,4.345
62.6,4.345
62.6,4.345
62.6,4.345
62.6,4.345
62.6,4.345
62.6,4.345
62.7,4.345
62.7,4.345
62.7,4.345
62.7,4.345
62.7,4.345
62.7,4.345
62.7,4.345
62.7,4.345
62.7,4.340
62.7,4.340
62.7,4.340
62.7,4.340
62.7,4.340
62.7,4.340
62.7,4.340
62.6,4.340
62.6,4.340
62.6,4.340
62.6,4.340
62.6,4.340
62.6,4.340
62.6,4.340
62.7,4.340
62.7,4.335
62.7,4.335
62.7,4.335
62.7,4.335
62.7,4.335
62.7,4.335
62.7,4.335
62.7,4.335
62.6,4.335
62.6,4.335
62.5,4.335
62.5,4.335
62.5,4.335
62.5,4.335
62.5,4.335
62.5,4.335
62.5,4.330
62.6,4.330
62.7,4.330
62.7,4.330
62.7,4.330
62.8,4.330
62.8,4.330
62.8,4.330
62.8,4.330
62.8,4.330
62.7,4.330
62.6,4.330
62.6,4.330
62.5,4.330
62.4,4.330
62.4,4.330
62.4,4.325
62.4,4.325
62.4,4.325
62.4,4.325
62.4,4.325
62.5,4.325
62.5,4.325
62.6,4.325
62.6,4.325
62.6,4.325
62.6,4.325
62.7,4.325
62.7,4.325
62.7,4.325
62.7,4.325
62.7,4.325
62.6,4.320
62.5,4.320
62.5,4.320
62.5,4.320
62.4,4.320
62.4,4.320
62.4,4.320
62.4,4.320
62.5,4.320
62.5,4.320
62.5,4.320
62.6,4.320
62.6,4.320
62.7,4.320
62.8,4.320
62.8,4.320
62.8,4.320
62.8,4.315
62.8,4.315
62.8,4.315
62.7,4.315
62.6,4.315
62.5,4.315
62.5,4.315
62.4,4.315
62.4,4.315
62.4,4.315
62.4,4.315
62.5,4.315
62.5,4.315
62.5,4.315
62.5,4.315
62.6,4.315
62.6,4.310
62.6,4.310
62.6,4.310
62.7,4.310
62.7,4.310
62.7,4.310
62.7,4.310
62.6,4.310
62.5,4.310
62.5,4.310
62.4,4.310
62.4,4.310
62.4,4.310
62.4,4.310
62.4,4.310
62.4,4.310
62.4,4.305
62.5,4.305
62.5,4.305
62.6,4.305
62.6,4.305
62.6,4.305
62.7,4.305
62.7,4.305
62.7,4.305
62.6,4.305
62.6,4.305
62.5,4.305
62.5,4.305
62.4,4.305
62.4,4.300
62.4,4.300
62.4,4.300
62.4,4.300
62.4,4.300
62.4,4.300
62.4,4.300
62.4,4.300
62.5,4.300
62.5,4.300
62.6,4.300
62.6,4.300
62.6,4.300
62.6,4.300
62.6,4.300
62.6,4.300
62.5,4.295
62.5,4.295
62.4,4.295
62.4,4.295
62.4,4.295
62.3,4.295
62.3,4.295
62.3,4.295
62.3,4.295
62.3,4.295
62.3,4.295
62.3,4.295
62.4,4.295
62.5,4.295
62.5,4.295
62.5,4.290
62.5,4.290
62.5,4.290
62.5,4.290
62.5,4.290
62.5,4.290
62.4,4.290
62.4,4.290
62.3,4.290
62.3,4.290
62.2,4.290
62.2,4.290
62.2,4.290
62.2,4.290
62.2,4.285
62.3,4.285
62.3,4.285
62.4,4.285
62.4,4.285
62.4,4.285
62.4,4.285
62.4,4.285
62.4,4.285
62.4,4.285
62.4,4.285
62.3,4.285
62.3,4.285
62.3,4.285
62.2,4.280
62.2,4.280
62.2,4.280
62.2,4.280
62.2,4.280
62.2,4.280
62.2,4.280
62.2,4.280
62.2,4.280
62.3,4.280
62.3,4.280
62.3,4.280
62.3,4.280
62.3,4.280
62.3,4.280
62.3,4.275
62.3,4.275
62.3,4.275
62.3,4.275
62.3,4.275
62.3,4.275
62.3,4.275
62.3,4.275
62.3,4.275
62.3,4.275
62.3,4.275
62.3,4.275
62.3,4.275
62.3,4.275
62.3,4.275
62.3,4.270
62.3,4.270
62.3,4.270
62.3,4.270
62.3,4.270
62.3,4.270
62.3,4.270
62.2,4.270
62.2,4.270
62.2,4.270
62.2,4.270
62.2,4.270
62.2,4.270
62.2,4.265
62.2,4.265
62.2,4.265
62.2,4.265
62.2,4.265
62.2,4.265
62.2,4.265
62.2,4.265
62.2,4.265
62.2,4.265
62.2,4.265
62.2,4.265
62.2,4.265
62.2,4.265
62.2,4.265
62.2,4.260
62.2,4.260
62.2,4.260
62.2,4.260
62.2,4.260
62.3,4.260
62.2,4.260
62.2,4.260
62.2,4.260
62.2,4.260
62.2,4.260
62.2,4.260
62.2,4.260
62.2,4.260
62.2,4.255
62.2,4.255
62.2,4.255
62.2,4.255
62.2,4.255
62.2,4.255
62.2,4.255
62.2,4.255
62.2,4.255
62.2,4.255
62.2,4.255
62.2,4.255
62.3,4.255
62.3,4.255
62.3,4.255
62.3,4.250
62.3,4.250
62.3,4.250
62.3,4.250
62.3,4.250
62.3,4.250
62.3,4.250
62.3,4.250
62.3,4.250
62.3,4.250
62.2,4.250
62.2,4.250
62.2,4.250
62.2,4.250
62.2,4.245
62.2,4.245
62.2,4.245
62.1,4.245
62.1,4.245
62.1,4.245
62.1,4.245
62.1,4.245
62.1,4.245
62.1,4.245
62.1,4.245
62.0,4.245
62.0,4.245
62.0,4.245
62.0,4.240
62.0,4.240
62.0,4.240
62.0,4.240
62.0,4.240
62.0,4.240
62.0,4.240
62.0,4.240
62.0,4.240
62.1,4.240
62.1,4.240
62.1,4.240
62.1,4.240
62.0,4.240
62.0,4.240
62.0,4.235
61.9,4.235
61.9,4.235
61.9,4.235
61.9,4.235
61.9,4.235
61.9,4.235
61.9,4.235
61.9,4.235
62.0,4.235
62.0,4.235
62.0,4.235
62.0,4.235
62.1,4.235
62.1,4.235
62.1,4.230
62.1,4.230
62.1,4.230
61.9,4.230
61.9,4.230
61.9,4.230
61.8,4.230
61.8,4.230
61.8,4.230
61.8,4.230
61.8,4.230
61.8,4.230
61.8,4.230
61.9,4.230
61.9,4.225
61.9,4.225
61.9,4.225
62.0,4.225
62.0,4.225
62.0,4.225
62.0,4.225
62.0,4.225
62.0,4.225
62.0,4.225
61.9,4.225
61.9,4.225
61.8,4.225
61.8,4.225
61.8,4.220
61.8,4.220
61.8,4.220
61.8,4.220
61.8,4.220
61.8,4.220
61.8,4.220
61.9,4.220
61.9,4.220
61.9,4.220
61.9,4.220
61.9,4.220
61.9,4.220
61.9,4.220
61.9,4.215
61.8,4.215
61.8,4.215
61.8,4.215
61.8,4.215
61.8,4.215
61.8,4.215
61.8,4.215
61.8,4.215
61.8,4.215
61.8,4.215
61.8,4.215
61.8,4.215
61.8,4.210
61.8,4.210
61.8,4.210
61.8,4.210
61.8,4.210
61.8,4.210
61.8,4.210
61.8,4.210
61.8,4.210
61.7,4.210
61.7,4.210
61.6,4.210
61.6,4.205
61.6,4.205
61.6,4.205
61.6,4.205
61.6,4.205
61.6,4.205
61.6,4.205
61.7,4.205
61.8,4.205
61.8,4.205
61.8,4.205
61.8,4.205
61.8,4.205
61.8,4.200
61.8,4.200
61.8,4.200
61.8,4.200
61.7,4.200
61.7,4.200
61.6,4.200
61.6,4.200
61.6,4.200
61.6,4.200
61.6,4.200
61.6,4.200
61.6,4.195
61.6,4.195
61.6,4.195
61.6,4.195
61.7,4.195
61.7,4.195
61.7,4.195
61.7,4.195
61.7,4.195
61.7,4.195
61.7,4.195
61.7,4.195
61.7,4.190
61.6,4.190
61.6,4.190
61.6,4.190
61.6,4.190
61.6,4.190
61.6,4.190
61.6,4.190
61.6,4.190
61.6,4.190
61.6,4.185
61.7,4.185
61.7,4.185
61.7,4.185
61.7,4.185
61.7,4.185
61.7,4.185
61.7,4.185
61.7,4.185
61.7,4.185
61.7,4.185
61.6,4.180
61.6,4.180
61.6,4.180
61.6,4.180
61.6,4.180
61.6,4.180
61.6,4.180
61.6,4.180
61.6,4.180
61.6,4.180
61.6,4.175
61.6,4.175
61.6,4.175
61.6,4.175
61.6,4.175
61.6,4.175
61.6,4.175
61.6,4.175
61.5,4.175
61.5,4.175
61.5,4.170
61.5,4.170
61.5,4.170
61.5,4.170
61.5,4.170
61.5,4.170
61.5,4.170
61.5,4.170
61.5,4.170
61.5,4.170
61.5,4.165
61.5,4.165
61.5,4.165
61.5,4.165
61.5,4.165
61.5,4.165
61.5,4.165
61.5,4.165
61.5,4.165
61.5,4.160
61.5,4.160
61.5,4.160
61.5,4.160
61.5,4.160
61.5,4.160
61.5,4.160
61.5,4.160
61.4,4.160
61.4,4.160
61.4,4.155
61.4,4.155
61.4,4.155
61.4,4.155
61.4,4.155
61.4,4.155
61.5,4.155
61.5,4.155
61.5,4.155
61.4,4.155
61.5,4.150
61.5,4.150
61.5,4.150
61.5,4.150
61.4,4.150
61.4,4.150
61.4,4.150
61.4,4.150
61.4,4.150
61.4,4.145
61.4,4.145
61.4,4.145
61.4,4.145
61.4,4.145
61.4,4.145
61.4,4.145
61.4,4.145
61.4,4.145
61.4,4.140
61.4,4.140
61.4,4.140
61.4,4.140
61.4,4.140
61.4,4.140
61.4,4.140
61.4,4.140
61.4,4.140
61.4,4.140
61.4,4.135
61.3,4.135
61.3,4.135
61.3,4.135
61.3,4.135
61.3,4.135
61.3,4.135
61.3,4.135
61.3,4.135
61.3,4.135
61.3,4.130
61.3,4.130
61.3,4.130
61.3,4.130
61.3,4.130
61.3,4.130
61.3,4.130
61.2,4.130
61.2,4.130
61.2,4.125
61.2,4.125
61.2,4.125
61.2,4.125
61.2,4.125
61.2,4.125
61.2,4.125
61.2,4.125
61.2,4.125
61.2,4.125
61.2,4.125
61.2,4.120
61.2,4.120
61.2,4.120
61.2,4.120
61.2,4.120
61.2,4.120
61.2,4.120
61.2,4.120
61.2,4.120
61.2,4.120
61.2,4.115
61.2,4.115
61.2,4.115
61.2,4.115
61.2,4.115
61.2,4.115
61.2,4.115
61.2,4.115
61.2,4.115
61.2,4.115
61.2,4.110
61.2,4.110
61.1,4.110
61.1,4.110
61.1,4.110
61.1,4.110
61.1,4.110
61.1,4.110
61.1,4.110
61.1,4.110
61.1,4.105
61.1,4.105
61.1,4.105
61.1,4.105
61.1,4.105
61.1,4.105
61.1,4.105
61.1,4.105
61.1,4.105
61.1,4.105
61.1,4.100
61.1,4.100
61.1,4.100
61.1,4.100
61.1,4.100
61.1,4.100
61.0,4.100
61.0,4.100
61.0,4.100
61.0,4.100
61.0,4.100
61.0,4.095
60.9,4.095
60.9,4.095
60.9,4.095
60.9,4.095
60.9,4.095
60.9,4.095
60.9,4.095
60.9,4.095
60.9,4.095
60.9,4.090
60.9,4.090
60.9,4.090
60.9,4.090
60.9,4.090
61.0,4.090
61.0,4.090
61.0,4.090
61.0,4.090
60.9,4.090
60.9,4.085
60.9,4.085
60.9,4.085
60.9,4.085
60.9,4.085
60.9,4.085
60.9,4.085
60.9,4.085
61.0,4.085
61.0,4.085
61.0,4.080
61.0,4.080
61.0,4.080
61.0,4.080
61.0,4.080
60.8,4.080
60.8,4.080
60.8,4.080
60.8,4.080
60.8,4.080
60.8,4.080
60.8,4.075
60.8,4.075
60.8,4.075
60.8,4.075
60.8,4.075
60.8,4.075
60.9,4.075
60.9,4.075
60.9,4.075
60.9,4.075
60.9,4.070
60.9,4.070
60.9,4.070
60.9,4.070
60.8,4.070
60.8,4.070
60.8,4.070
60.8,4.070
60.8,4.070
60.8,4.070
60.8,4.070
60.8,4.065
60.8,4.065
60.9,4.065
60.9,4.065
60.9,4.065
60.9,4.065
60.9,4.065
60.9,4.065
60.9,4.065
60.9,4.065
60.9,4.060
60.9,4.060
60.7,4.060
60.7,4.060
60.7,4.060
60.7,4.060
60.7,4.060
60.7,4.060
60.7,4.060
60.7,4.060
60.7,4.060
60.7,4.060
60.8,4.055
60.8,4.055
60.8,4.055
60.8,4.055
60.8,4.055
60.8,4.055
60.8,4.055
60.8,4.055
60.8,4.055
60.8,4.055
60.8,4.055
60.8,4.050
60.8,4.050
60.7,4.050
60.7,4.050
60.7,4.050
60.7,4.050
60.7,4.050
60.7,4.050
60.7,4.050
60.7,4.050
60.7,4.050
60.7,4.045
60.7,4.045
60.7,4.045
60.7,4.045
60.7,4.045
60.7,4.045
60.7,4.045
60.7,4.045
60.7,4.045
60.7,4.045
60.7,4.045
60.7,4.045
60.7,4.040
60.7,4.040
60.7,4.040
60.7,4.040
60.6,4.040
60.6,4.040
60.6,4.040
60.6,4.040
60.6,4.040
60.6,4.040
60.6,4.040
60.6,4.040
60.6,4.040
60.6,4.035
60.6,4.035
60.6,4.035
60.6,4.035
60.6,4.035
60.6,4.035
60.6,4.035
60.6,4.035
60.6,4.035
60.6,4.035
60.6,4.035
60.6,4.035
60.6,4.035
60.6,4.030
60.6,4.030
60.6,4.030
60.6,4.030
60.6,4.030
60.6,4.030
60.6,4.030
60.6,4.030
60.6,4.030
60.5,4.030
60.4,4.030
60.5,4.030
60.5,4.030
60.5,4.025
60.5,4.025
60.5,4.025
60.5,4.025
60.5,4.025
60.5,4.025
60.5,4.025
60.5,4.025
60.5,4.025
60.6,4.025
60.5,4.025
60.5,4.025
60.5,4.025
60.4,4.020
60.4,4.020
60.4,4.020
60.4,4.020
60.4,4.020
60.4,4.020
60.4,4.020
60.4,4.020
60.4,4.020
60.4,4.020
60.4,4.020
60.4,4.020
60.4,4.020
60.4,4.015
60.4,4.015
60.4,4.015
60.4,4.015
60.4,4.015
60.4,4.015
60.4,4.015
60.4,4.015
60.4,4.015
60.4,4.015
60.4,4.015
60.4,4.015
60.4,4.015
60.4,4.010
60.4,4.010
60.4,4.010
60.4,4.010
60.4,4.010
60.4,4.010
60.4,4.010
60.4,4.010
60.3,4.010
60.3,4.010
60.3,4.010
60.3,4.010
60.3,4.005
60.3,4.005
60.3,4.005
60.3,4.005
60.3,4.005
60.3,4.005
60.4,4.005
60.4,4.005
60.5,4.005
60.5,4.005
60.5,4.000
60.4,4.000
60.4,4.000
60.4,4.000
60.4,4.000
60.3,4.000
60.2,4.000
60.2,4.000
60.2,4.000
60.2,4.000
60.2,4.000
60.2,3.995
60.2,3.995
60.2,3.995
60.3,3.995
60.3,3.995
60.3,3.995
60.3,3.995
60.3,3.995
60.3,3.995
60.3,3.990
60.3,3.990
60.3,3.990
60.3,3.990
60.2,3.990
60.2,3.990
60.2,3.990
60.1,3.990
60.1,3.990
60.1,3.985
60.1,3.985
60.1,3.985
60.1,3.985
60.1,3.985
60.2,3.985
60.1,3.985
60.1,3.985
60.3,3.985
60.3,3.980
60.3,3.980
60.3,3.980
60.3,3.980
60.3,3.980
60.3,3.980
60.1,3.980
60.1,3.980
60.1,3.980
60.1,3.975
60.1,3.975
60.1,3.975
60.1,3.975
60.1,3.975
60.1,3.975
60.1,3.975
60.1,3.975
60.1,3.970
60.1,3.970
60.1,3.970
60.2,3.970
60.2,3.970
60.2,3.970
60.2,3.970
60.1,3.965
60.1,3.965
60.0,3.965
60.0,3.965
59.9,3.965
59.9,3.965
59.9,3.965
59.9,3.965
59.9,3.960
59.9,3.960
59.9,3.960
59.9,3.960
60.0,3.960
60.0,3.960
60.1,3.960
60.1,3.960
60.1,3.960
60.1,3.955
60.1,3.955
60.1,3.955
60.0,3.955
60.0,3.955
60.0,3.955
59.9,3.955
59.9,3.955
59.9,3.950
59.9,3.950
59.9,3.950
59.9,3.950
59.9,3.950
59.9,3.950
59.9,3.950
59.9,3.945
59.9,3.945
59.9,3.945
60.0,3.945
59.9,3.945
59.9,3.945
59.9,3.945
59.9,3.945
59.9,3.940
59.9,3.940
59.8,3.940
59.8,3.940
59.8,3.940
59.8,3.940
59.8,3.940
59.8,3.940
59.8,3.935
59.8,3.935
59.8,3.935
59.8,3.935
59.8,3.935
59.8,3.935
59.9,3.935
59.9,3.930
59.9,3.930
59.9,3.930
59.9,3.930
59.8,3.930
59.8,3.930
59.7,3.930
59.7,3.930
59.7,3.925
59.7,3.925
59.7,3.925
59.7,3.925
59.7,3.925
59.7,3.925
59.7,3.925
59.7,3.920
59.7,3.920
59.8,3.920
59.8,3.920
59.8,3.920
59.8,3.920
59.8,3.920
59.8,3.920
59.8,3.915
59.7,3.915
59.7,3.915
59.6,3.915
59.7,3.915
59.7,3.915
59.7,3.915
59.7,3.915
59.7,3.910
59.6,3.910
59.6,3.910
59.6,3.910
59.6,3.910
59.7,3.910
59.7,3.910
59.7,3.905
59.7,3.905
59.7,3.905
59.7,3.905
59.7,3.905
59.7,3.905
59.7,3.905
59.7,3.900
59.7,3.900
59.7,3.900
59.7,3.900
59.7,3.900
59.7,3.900
59.7,3.900
59.7,3.900
59.7,3.895
59.7,3.895
59.7,3.895
59.6,3.895
59.6,3.895
59.6,3.895
59.6,3.895
59.6,3.890
59.6,3.890
59.6,3.890
59.6,3.890
59.6,3.890
59.6,3.890
59.6,3.890
59.6,3.885
59.6,3.885
59.6,3.885
59.6,3.885
59.6,3.885
59.6,3.885
59.5,3.885
59.5,3.885
59.5,3.880
59.5,3.880
59.5,3.880
59.5,3.880
59.5,3.880
59.5,3.880
59.5,3.880
59.5,3.880
59.5,3.875
59.5,3.875
59.5,3.875
59.5,3.875
59.5,3.875
59.5,3.875
59.5,3.875
59.5,3.875
59.5,3.875
59.5,3.870
59.5,3.870
59.4,3.870
59.5,3.870
59.4,3.870
59.4,3.870
59.4,3.870
59.4,3.870
59.4,3.865
59.4,3.865
59.4,3.865
59.4,3.865
59.4,3.865
59.4,3.865
59.4,3.865
59.4,3.865
59.4,3.860
59.4,3.860
59.4,3.860
59.4,3.860
59.4,3.860
59.4,3.860
59.4,3.860
59.4,3.860
59.4,3.860
59.3,3.855
59.3,3.855
59.3,3.855
59.3,3.855
59.3,3.855
59.3,3.855
59.3,3.855
59.3,3.855
59.3,3.855
59.3,3.850
59.3,3.850
59.3,3.850
59.3,3.850
59.3,3.850
59.3,3.850
59.3,3.850
59.3,3.850
59.3,3.850
59.3,3.845
59.3,3.845
59.3,3.845
59.3,3.845
59.3,3.845
59.3,3.845
59.3,3.845
59.2,3.845
59.2,3.840
59.2,3.840
59.2,3.840
59.2,3.840
59.2,3.840
59.2,3.840
59.2,3.840
59.2,3.840
59.2,3.840
59.2,3.835
59.2,3.835
59.2,3.835
59.1,3.835
59.1,3.835
59.1,3.835
59.1,3.835
59.1,3.835
59.1,3.835
59.1,3.830
59.1,3.830
59.1,3.830
59.1,3.830
59.1,3.830
59.1,3.830
59.0,3.830
59.0,3.830
59.0,3.825
59.0,3.825
59.0,3.825
59.0,3.825
59.0,3.825
59.0,3.825
59.0,3.825
59.0,3.825
59.0,3.820
59.0,3.820
59.0,3.820
59.0,3.820
59.0,3.820
59.0,3.820
59.0,3.820
59.0,3.820
59.0,3.815
59.0,3.815
59.0,3.815
59.0,3.815
59.0,3.815
58.9,3.815
58.9,3.815
58.9,3.815
58.9,3.815
58.9,3.810
58.9,3.810
58.9,3.810
58.9,3.810
58.9,3.810
58.9,3.810
58.9,3.810
58.9,3.810
58.9,3.805
58.9,3.805
58.9,3.805
58.9,3.805
58.9,3.805
58.8,3.805
58.8,3.805
58.8,3.805
58.8,3.800
58.8,3.800
58.8,3.800
58.8,3.800
58.8,3.800
58.8,3.800
58.8,3.800
58.8,3.800
58.8,3.800
58.8,3.795
58.8,3.795
58.8,3.795
58.8,3.795
58.7,3.795
58.7,3.795
58.7,3.795
58.7,3.795
58.7,3.790
58.7,3.790
58.7,3.790
58.7,3.790
58.7,3.790
58.7,3.790
58.8,3.790
58.8,3.790
58.8,3.785
58.8,3.785
58.8,3.785
58.8,3.785
58.8,3.785
58.8,3.785
58.8,3.785
58.7,3.785
58.7,3.785
58.7,3.780
58.6,3.780
58.6,3.780
58.6,3.780
58.6,3.780
58.6,3.780
58.7,3.780
58.7,3.780
58.7,3.775
58.7,3.775
58.7,3.775
58.7,3.775
58.7,3.775
58.7,3.775
58.7,3.775
58.7,3.775
58.7,3.770
58.7,3.770
58.7,3.770
58.7,3.770
58.6,3.770
58.6,3.770
58.6,3.770
58.6,3.770
58.6,3.770
58.6,3.765
58.6,3.765
58.6,3.765
58.6,3.765
58.6,3.765
58.6,3.765
58.6,3.765
58.6,3.760
58.6,3.760
58.5,3.760
58.5,3.760
58.5,3.760
58.5,3.760
58.5,3.760
58.5,3.760
58.5,3.755
58.5,3.755
58.5,3.755
58.6,3.755
58.6,3.755
58.6,3.755
58.7,3.755
58.7,3.755
58.7,3.750
58.6,3.750
58.6,3.750
58.5,3.750
58.5,3.750
58.5,3.750
58.5,3.750
58.4,3.745
58.4,3.745
58.4,3.745
58.4,3.745
58.4,3.745
58.4,3.745
58.4,3.745
58.4,3.745
58.4,3.740
58.4,3.740
58.4,3.740
58.5,3.740
58.5,3.740
58.5,3.740
58.5,3.740
58.5,3.735
58.5,3.735
58.5,3.735
58.4,3.735
58.4,3.735
58.4,3.735
58.4,3.735
58.4,3.735
58.4,3.730
58.4,3.730
58.4,3.730
58.4,3.730
58.4,3.730
58.4,3.730
58.4,3.725
58.4,3.725
58.4,3.725
58.4,3.725
58.4,3.725
58.4,3.725
58.4,3.725
58.4,3.725
58.4,3.720
58.4,3.720
58.4,3.720
58.4,3.720
58.4,3.720
58.4,3.720
58.4,3.720
58.3,3.720
58.3,3.715
58.3,3.715
58.3,3.715
58.3,3.715
58.3,3.715
58.3,3.715
58.3,3.715
58.3,3.710
58.3,3.710
58.3,3.710
58.2,3.710
58.2,3.710
58.1,3.710
58.2,3.710
58.2,3.710
58.2,3.705
58.1,3.705
58.1,3.705
58.1,3.705
58.1,3.705
58.1,3.705
58.1,3.705
58.1,3.705
58.2,3.700
58.2,3.700
58.2,3.700
58.2,3.700
58.2,3.700
58.2,3.700
58.2,3.700
58.2,3.700
58.2,3.695
58.2,3.695
58.2,3.695
58.2,3.695
58.2,3.695
58.2,3.695
58.2,3.695
58.1,3.695
58.1,3.695
58.1,3.690
58.1,3.690
58.1,3.690
58.1,3.690
58.1,3.690
58.1,3.690
58.1,3.690
58.1,3.690
58.1,3.685
58.1,3.685
58.1,3.685
58.1,3.685
58.1,3.685
58.1,3.685
58.1,3.685
58.1,3.685
58.1,3.680
58.1,3.680
58.1,3.680
58.1,3.680
58.1,3.680
58.1,3.680
58.1,3.680
58.1,3.680
58.0,3.680
58.0,3.675
58.0,3.675
58.0,3.675
58.0,3.675
58.0,3.675
58.0,3.675
58.0,3.675
58.0,3.675
58.1,3.675
58.1,3.670
58.1,3.670
58.1,3.670
58.1,3.670
58.0,3.670
58.0,3.670
58.0,3.670
57.9,3.670
58.0,3.670
58.0,3.665
58.0,3.665
58.0,3.665
58.0,3.665
58.0,3.665
58.0,3.665
58.0,3.665
58.0,3.665
58.0,3.665
58.0,3.660
58.0,3.660
58.1,3.660
58.1,3.660
58.1,3.660
58.1,3.660
58.0,3.660
58.0,3.660
57.9,3.660
57.9,3.660
57.9,3.655
57.9,3.655
57.9,3.655
57.9,3.655
57.9,3.655
57.9,3.655
57.9,3.655
57.9,3.655
57.9,3.655
57.9,3.655
57.9,3.650
58.0,3.650
58.0,3.650
58.0,3.650
58.0,3.650
58.0,3.650
58.0,3.650
58.0,3.650
57.9,3.650
57.9,3.645
57.9,3.645
57.9,3.645
57.9,3.645
57.9,3.645
57.9,3.645
57.9,3.645
58.0,3.645
58.0,3.645
58.0,3.645
58.0,3.645
58.0,3.640
58.0,3.640
57.9,3.640
57.9,3.640
57.9,3.640
57.8,3.640
57.8,3.640
57.8,3.640
57.8,3.640
57.8,3.640
57.8,3.640
57.8,3.635
57.8,3.635
57.8,3.635
57.8,3.635
57.8,3.635
57.8,3.635
57.8,3.635
57.8,3.635
57.8,3.635
57.9,3.635
57.9,3.635
57.8,3.635
57.9,3.630
57.9,3.630
57.7,3.630
57.7,3.630
57.7,3.630
57.7,3.630
57.7,3.630
57.7,3.630
57.7,3.630
57.7,3.630
57.7,3.630
57.7,3.625
57.7,3.625
57.7,3.625
57.7,3.625
57.7,3.625
57.7,3.625
57.7,3.625
57.7,3.625
57.7,3.625
57.7,3.625
57.7,3.625
57.7,3.625
57.7,3.620
57.7,3.620
57.7,3.620
57.7,3.620
57.7,3.620
57.7,3.620
57.7,3.620
57.7,3.620
57.7,3.620
57.7,3.620
57.7,3.620
57.7,3.620
57.7,3.615
57.7,3.615
57.7,3.615
57.7,3.615
57.7,3.615
57.7,3.615
57.7,3.615
57.7,3.615
57.7,3.615
57.7,3.615
57.7,3.615
57.7,3.615
57.7,3.610
57.7,3.610
57.7,3.610
57.7,3.610
57.7,3.610
57.7,3.610
57.7,3.610
57.7,3.610
57.6,3.610
57.6,3.610
57.6,3.610
57.6,3.610
57.6,3.605
57.6,3.605
57.6,3.605
57.6,3.605
57.6,3.605
57.6,3.605
57.6,3.605
57.6,3.605
57.6,3.605
57.6,3.605
57.6,3.605
57.6,3.600
57.6,3.600
57.5,3.600
57.5,3.600
57.5,3.600
57.5,3.600
57.5,3.600
57.5,3.600
57.5,3.600
57.5,3.600
57.5,3.600
57.5,3.595
57.5,3.595
57.5,3.595
57.5,3.595
57.5,3.595
57.5,3.595
57.5,3.595
57.5,3.595
57.5,3.595
57.5,3.595
57.5,3.595
57.5,3.595
57.5,3.590
57.4,3.590
57.4,3.590
57.4,3.590
57.4,3.590
57.4,3.590
57.4,3.590
57.4,3.590
57.4,3.590
57.4,3.590
57.4,3.585
57.4,3.585
57.4,3.585
57.4,3.585
57.4,3.585
57.4,3.585
57.5,3.585
57.5,3.585
57.5,3.585
57.4,3.585
57.4,3.585
57.3,3.580
57.3,3.580
57.3,3.580
57.3,3.580
57.3,3.580
57.3,3.580
57.3,3.580
57.3,3.580
57.3,3.580
57.3,3.580
57.3,3.580
57.3,3.575
57.3,3.575
57.3,3.575
57.3,3.575
57.3,3.575
57.3,3.575
57.3,3.575
57.3,3.575
57.3,3.575
57.3,3.575
57.3,3.575
57.3,3.570
57.3,3.570
57.2,3.570
57.3,3.570
57.3,3.570
57.3,3.570
57.3,3.570
57.3,3.570
57.3,3.570
57.3,3.570
57.3,3.565
57.3,3.565
57.3,3.565
57.3,3.565
57.3,3.565
57.3,3.565
57.3,3.565
57.3,3.565
57.2,3.565
57.1,3.565
57.1,3.565
57.1,3.565
57.1,3.560
57.1,3.560
57.1,3.560
57.1,3.560
57.1,3.560
57.1,3.560
57.1,3.560
57.1,3.560
57.2,3.560
57.2,3.560
57.2,3.560
57.2,3.555
57.2,3.555
57.2,3.555
57.2,3.555
57.1,3.555
57.1,3.555
57.1,3.555
57.1,3.555
57.1,3.555
57.1,3.555
57.1,3.555
57.1,3.555
57.1,3.550
57.1,3.550
57.1,3.550
57.1,3.550
57.1,3.550
57.1,3.550
57.1,3.550
57.1,3.550
57.1,3.550
57.1,3.550
57.1,3.550
57.1,3.550
57.1,3.545
57.1,3.545
57.1,3.545
57.1,3.545
57.1,3.545
57.1,3.545
57.1,3.545
57.0,3.545
57.0,3.545
57.0,3.545
57.0,3.545
57.0,3.540
57.0,3.540
57.0,3.540
57.0,3.540
57.0,3.540
57.0,3.540
57.0,3.540
57.0,3.540
57.0,3.540
57.0,3.540
57.0,3.540
57.0,3.540
57.0,3.540
57.0,3.535
57.0,3.535
57.0,3.535
57.0,3.535
57.0,3.535
57.0,3.535
56.9,3.535
56.9,3.535
56.9,3.535
56.9,3.535
56.9,3.535
56.9,3.530
56.9,3.530
56.9,3.530
56.9,3.530
56.9,3.530
56.9,3.530
56.9,3.530
56.8,3.530
56.8,3.530
56.8,3.530
56.8,3.530
56.8,3.530
56.8,3.525
56.8,3.525
56.8,3.525
56.8,3.525
56.9,3.525
57.0,3.525
57.0,3.525
57.0,3.525
57.0,3.525
57.0,3.525
57.0,3.525
57.0,3.520
57.0,3.520
56.9,3.520
56.9,3.520
56.8,3.520
56.8,3.520
56.8,3.520
56.8,3.520
56.8,3.520
56.8,3.520
56.9,3.520
56.8,3.515
56.8,3.515
56.9,3.515
56.9,3.515
56.9,3.515
56.9,3.515
56.9,3.515
56.9,3.515
56.9,3.515
56.9,3.515
56.8,3.515
56.8,3.510
56.8,3.510
56.8,3.510
56.8,3.510
56.8,3.510
56.8,3.510
56.8,3.510
56.8,3.510
56.8,3.510
56.8,3.510
56.8,3.505
56.8,3.505
56.8,3.505
56.8,3.505
56.8,3.505
56.8,3.505
56.8,3.505
56.8,3.505
56.8,3.505
56.8,3.505
56.8,3.500
56.8,3.500
56.8,3.500
56.8,3.500
56.8,3.500
56.8,3.500
56.8,3.500
56.8,3.500
56.8,3.500
56.8,3.500
56.7,3.500
56.7,3.495
56.7,3.495
56.7,3.495
56.7,3.495
56.7,3.495
56.7,3.495
56.7,3.495
56.7,3.495
56.7,3.495
56.7,3.495
56.7,3.495
56.7,3.490
56.7,3.490
56.7,3.490
56.7,3.490
56.7,3.490
56.7,3.490
56.7,3.490
56.7,3.490
56.7,3.490
56.7,3.485
56.7,3.485
56.7,3.485
56.7,3.485
56.7,3.485
56.7,3.485
56.7,3.485
56.7,3.485
56.7,3.485
56.7,3.485
56.7,3.485
56.7,3.480
56.7,3.480
56.7,3.480
56.7,3.480
56.6,3.480
56.6,3.480
56.6,3.480
56.6,3.480
56.6,3.480
56.6,3.480
56.6,3.480
56.6,3.475
56.6,3.475
56.6,3.475
56.6,3.475
56.6,3.475
56.6,3.475
56.6,3.475
56.6,3.475
56.5,3.475
56.5,3.475
56.5,3.470
56.5,3.470
56.5,3.470
56.5,3.470
56.5,3.470
56.5,3.470
56.5,3.470
56.5,3.470
56.5,3.470
56.5,3.470
56.5,3.470
56.5,3.465
56.5,3.465
56.5,3.465
56.5,3.465
56.5,3.465
56.5,3.465
56.5,3.465
56.5,3.465
56.5,3.465
56.5,3.465
56.5,3.460
56.5,3.460
56.5,3.460
56.5,3.460
56.5,3.460
56.5,3.460
56.5,3.460
56.5,3.460
56.5,3.460
56.5,3.460
56.4,3.460
56.4,3.455
56.4,3.455
56.4,3.455
56.4,3.455
56.4,3.455
56.4,3.455
56.4,3.455
56.4,3.455
56.4,3.455
56.4,3.455
56.4,3.450
56.4,3.450
56.4,3.450
56.4,3.450
56.4,3.450
56.4,3.450
56.4,3.450
56.4,3.450
56.4,3.450
56.4,3.450
56.4,3.450
56.4,3.445
56.3,3.445
56.3,3.445
56.3,3.445
56.3,3.445
56.3,3.445
56.3,3.445
56.3,3.445
56.3,3.445
56.3,3.440
56.3,3.440
56.3,3.440
56.3,3.440
56.3,3.440
56.3,3.440
56.2,3.440
56.2,3.440
56.2,3.440
56.2,3.440
56.2,3.440
56.2,3.435
56.2,3.435
56.2,3.435
56.3,3.435
56.3,3.435
56.3,3.435
56.3,3.435
56.3,3.435
56.3,3.435
56.3,3.430
56.3,3.430
56.3,3.430
56.3,3.430
56.2,3.430
56.2,3.430
56.2,3.430
56.2,3.430
56.2,3.430
56.2,3.430
56.2,3.425
56.2,3.425
56.2,3.425
56.2,3.425
56.2,3.425
56.3,3.425
56.3,3.425
56.3,3.425
56.3,3.420
56.3,3.420
56.3,3.420
56.3,3.420
56.3,3.420
56.3,3.420
56.2,3.420
56.1,3.420
56.1,3.420
56.0,3.420
56.0,3.415
56.0,3.415
56.0,3.415
56.0,3.415
56.0,3.415
56.0,3.415
56.0,3.415
56.0,3.415
56.0,3.415
56.1,3.410
56.2,3.410
56.2,3.410
56.2,3.410
56.2,3.410
56.2,3.410
56.2,3.410
56.2,3.410
56.1,3.405
56.0,3.405
56.0,3.405
56.0,3.405
56.0,3.405
56.0,3.405
56.0,3.405
56.0,3.405
56.0,3.405
56.0,3.400
56.0,3.400
56.0,3.400
56.0,3.400
56.0,3.400
56.1,3.400
56.1,3.400
56.1,3.400
56.1,3.400
56.1,3.395
56.1,3.395
56.1,3.395
56.1,3.395
56.1,3.395
56.1,3.395
56.1,3.395
56.0,3.395
56.0,3.395
56.0,3.390
56.0,3.390
56.0,3.390
56.0,3.390
56.0,3.390
56.0,3.390
56.0,3.390
56.0,3.390
56.0,3.385
56.0,3.385
56.0,3.385
56.0,3.385
56.0,3.385
56.0,3.385
55.9,3.385
55.9,3.385
55.8,3.385
55.8,3.380
55.8,3.380
55.8,3.380
55.8,3.380
55.8,3.380
55.9,3.380
55.9,3.380
55.9,3.380
56.0,3.375
56.0,3.375
56.0,3.375
56.0,3.375
56.0,3.375
56.0,3.375
56.0,3.375
56.0,3.375
56.0,3.370
55.8,3.370
55.8,3.370
55.8,3.370
55.8,3.370
55.8,3.370
55.8,3.370
55.8,3.370
55.8,3.365
55.8,3.365
55.8,3.365
55.8,3.365
55.8,3.365
55.8,3.365
55.8,3.365
55.8,3.365
55.8,3.360
55.8,3.360
55.8,3.360
55.8,3.360
55.8,3.360
55.8,3.360
55.8,3.360
55.7,3.355
55.7,3.355
55.7,3.355
55.7,3.355
55.7,3.355
55.7,3.355
55.7,3.355
55.7,3.355
55.7,3.350
55.7,3.350
55.7,3.350
55.7,3.350
55.7,3.350
55.7,3.350
55.7,3.350
55.7,3.345
55.7,3.345
55.7,3.345
55.7,3.345
55.7,3.345
55.7,3.345
55.7,3.345
55.7,3.340
55.7,3.340
55.7,3.340
55.7,3.340
55.6,3.340
55.6,3.340
55.6,3.340
55.6,3.335
55.6,3.335
55.6,3.335
55.6,3.335
55.6,3.335
55.6,3.335
55.6,3.335
55.6,3.330
55.6,3.330
55.6,3.330
55.5,3.330
55.5,3.330
55.5,3.330
55.5,3.325
55.5,3.325
55.5,3.325
55.5,3.325
55.5,3.325
55.5,3.325
55.5,3.325
55.5,3.320
55.5,3.320
55.6,3.320
55.6,3.320
55.6,3.320
55.6,3.320
55.5,3.320
55.4,3.315
55.4,3.315
55.4,3.315
55.3,3.315
55.3,3.315
55.3,3.315
55.3,3.315
55.3,3.310
55.3,3.310
55.4,3.310
55.5,3.310
55.5,3.310
55.5,3.310
55.5,3.310
55.5,3.305
55.5,3.305
55.5,3.305
55.5,3.305
55.5,3.305
55.4,3.305
55.3,3.305
55.3,3.300
55.3,3.300
55.3,3.300
55.3,3.300
55.3,3.300
55.3,3.300
55.3,3.300
55.3,3.300
55.3,3.295
55.4,3.295
55.4,3.295
55.4,3.295
55.4,3.295
55.4,3.295
55.4,3.295
55.4,3.290
55.3,3.290
55.3,3.290
55.2,3.290
55.2,3.290
55.2,3.290
55.2,3.290
55.2,3.285
55.2,3.285
55.2,3.285
55.2,3.285
55.2,3.285
55.2,3.285
55.2,3.285
55.2,3.280
55.2,3.280
55.2,3.280
55.2,3.280
55.2,3.280
55.2,3.280
55.2,3.280
55.2,3.280
55.1,3.275
55.1,3.275
55.1,3.275
55.1,3.275
55.1,3.275
55.1,3.275
55.1,3.275
55.1,3.270
55.1,3.270
55.1,3.270
55.1,3.270
55.2,3.270
55.2,3.270
55.2,3.270
55.2,3.265
55.2,3.265
55.1,3.265
55.1,3.265
55.0,3.265
55.0,3.265
55.0,3.260
55.0,3.260
55.0,3.260
55.0,3.260
55.0,3.260
55.1,3.260
55.1,3.260
55.1,3.260
55.1,3.255
55.1,3.255
55.1,3.255
55.1,3.255
55.1,3.255
55.1,3.255
55.1,3.255
55.1,3.250
55.0,3.250
55.0,3.250
55.0,3.250
54.9,3.250
54.9,3.250
54.9,3.245
54.9,3.245
54.9,3.245
54.9,3.245
55.0,3.245
55.0,3.245
55.0,3.245
55.1,3.240
55.1,3.240
55.1,3.240
55.1,3.240
55.1,3.240
55.1,3.240
55.1,3.240
55.0,3.235
55.0,3.235
54.9,3.235
54.9,3.235
54.8,3.235
54.8,3.235
54.8,3.235
54.8,3.235
54.8,3.230
54.8,3.230
54.9,3.230
54.8,3.230
54.9,3.230
55.0,3.230
55.0,3.230
55.0,3.225
55.0,3.225
55.0,3.225
55.0,3.225
55.0,3.225
54.9,3.225
54.9,3.225
54.8,3.220
54.8,3.220
54.8,3.220
54.8,3.220
54.8,3.220
54.8,3.220
54.8,3.220
54.8,3.215
54.8,3.215
54.8,3.215
54.8,3.215
54.9,3.215
54.9,3.215
54.9,3.215
54.9,3.215
54.9,3.210
54.9,3.210
54.8,3.210
54.8,3.210
54.7,3.210
54.7,3.210
54.7,3.210
54.7,3.205
54.7,3.205
54.7,3.205
54.7,3.205
54.7,3.205
54.7,3.205
54.7,3.205
54.8,3.200
54.8,3.200
54.9,3.200
54.9,3.200
54.9,3.200
54.8,3.200
54.8,3.200
54.8,3.200
54.7,3.195
54.7,3.195
54.6,3.195
54.6,3.195
54.6,3.195
54.6,3.195
54.6,3.195
54.6,3.190
54.6,3.190
54.6,3.190
54.6,3.190
54.7,3.190
54.7,3.190
54.7,3.190
54.7,3.185
54.7,3.185
54.7,3.185
54.7,3.185
54.7,3.185
54.7,3.185
54.7,3.185
54.6,3.180
54.6,3.180
54.6,3.180
54.6,3.180
54.6,3.180
54.6,3.180
54.6,3.180
54.6,3.175
54.6,3.175
54.6,3.175
54.6,3.175
54.6,3.175
54.6,3.175
54.6,3.175
54.6,3.175
54.6,3.170
54.6,3.170
54.5,3.170
54.5,3.170
54.5,3.170
54.5,3.170
54.5,3.165
54.5,3.165
54.5,3.165
54.5,3.165
54.5,3.165
54.5,3.165
54.5,3.165
54.5,3.160
54.5,3.160
54.5,3.160
54.5,3.160
54.5,3.160
54.5,3.160
54.5,3.160
54.5,3.160
54.5,3.155
54.5,3.155
54.5,3.155
54.4,3.155
54.4,3.155
54.4,3.155
54.4,3.155
54.4,3.150
54.4,3.150
54.4,3.150
54.4,3.150
54.4,3.150
54.4,3.150
54.4,3.150
54.4,3.145
54.4,3.145
54.4,3.145
54.4,3.145
54.4,3.145
54.4,3.145
54.4,3.145
54.4,3.145
54.4,3.140
54.4,3.140
54.4,3.140
54.4,3.140
54.3,3.140
54.3,3.140
54.3,3.140
54.2,3.135
54.2,3.135
54.2,3.135
54.2,3.135
54.2,3.135
54.2,3.135
54.2,3.135
54.2,3.135
54.2,3.130
54.3,3.130
54.3,3.130
54.3,3.130
54.3,3.130
54.3,3.130
54.3,3.130
54.3,3.125
54.3,3.125
54.2,3.125
54.2,3.125
54.1,3.125
54.1,3.125
54.1,3.125
54.1,3.120
54.1,3.120
54.1,3.120
54.1,3.120
54.1,3.120
54.1,3.120
54.1,3.120
54.3,3.120
54.2,3.115
54.2,3.115
54.2,3.115
54.2,3.115
54.2,3.115
54.2,3.115
54.1,3.115
54.1,3.110
54.1,3.110
54.1,3.110
54.1,3.110
54.1,3.110
54.1,3.110
54.1,3.110
54.1,3.110
54.1,3.105
54.1,3.105
54.1,3.105
54.1,3.105
54.1,3.105
54.1,3.105
54.1,3.105
54.2,3.100
54.1,3.100
54.1,3.100
54.1,3.100
54.1,3.100
54.0,3.100
54.0,3.100
54.0,3.095
54.0,3.095
54.0,3.095
54.0,3.095
54.0,3.095
54.0,3.095
54.0,3.095
54.0,3.095
54.0,3.090
54.0,3.090
54.1,3.090
54.0,3.090
54.0,3.090
54.0,3.090
54.0,3.090
54.0,3.085
54.0,3.085
54.0,3.085
54.0,3.085
54.0,3.085
54.0,3.085
54.0,3.085
53.9,3.080
53.9,3.080
53.9,3.080
53.9,3.080
53.9,3.080
53.9,3.080
53.9,3.080
53.9,3.080
53.9,3.075
53.9,3.075
53.9,3.075
53.9,3.075
53.9,3.075
53.9,3.075
53.9,3.075
53.9,3.075
53.9,3.070
53.9,3.070
53.8,3.070
53.8,3.070
53.8,3.070
53.8,3.070
53.8,3.070
53.8,3.070
53.8,3.065
53.8,3.065
53.8,3.065
53.9,3.065
53.9,3.065
53.9,3.065
53.9,3.065
53.9,3.065
53.9,3.060
53.9,3.060
53.9,3.060
53.8,3.060
53.8,3.060
53.7,3.060
53.7,3.060
53.7,3.060
53.7,3.060
53.7,3.055
53.7,3.055
53.7,3.055
53.7,3.055
53.7,3.055
53.7,3.055
53.7,3.055
53.7,3.055
53.7,3.055
53.7,3.050
53.7,3.050
53.7,3.050
53.7,3.050
53.7,3.050
53.7,3.050
53.7,3.050
53.7,3.050
53.7,3.045
53.7,3.045
53.7,3.045
53.7,3.045
53.7,3.045
53.7,3.045
53.7,3.045
53.7,3.045
53.7,3.045
53.7,3.040
53.7,3.040
53.7,3.040
53.7,3.040
53.7,3.040
53.7,3.040
53.7,3.040
53.7,3.040
53.7,3.040
53.6,3.035
53.6,3.035
53.6,3.035
53.6,3.035
53.5,3.035
53.5,3.035
53.5,3.035
53.5,3.035
53.5,3.030
53.5,3.030
53.5,3.030
53.5,3.030
53.5,3.030
53.5,3.030
53.6,3.030
53.6,3.030
53.6,3.030
53.6,3.025
53.6,3.025
53.6,3.025
53.6,3.025
53.6,3.025
53.6,3.025
53.5,3.025
53.5,3.025
53.5,3.025
53.5,3.020
53.5,3.020
53.5,3.020
53.5,3.020
53.4,3.020
53.4,3.020
53.4,3.020
53.4,3.020
53.4,3.020
53.4,3.015
53.4,3.015
53.5,3.015
53.5,3.015
53.5,3.015
53.5,3.015
53.5,3.015
53.4,3.015
53.4,3.015
53.4,3.010
53.4,3.010
53.3,3.010
53.3,3.010
53.3,3.010
53.3,3.010
53.3,3.010
53.3,3.010
53.3,3.005
53.3,3.005
53.3,3.005
53.4,3.005
53.4,3.005
53.4,3.005
53.4,3.005
53.4,3.005
53.4,3.005
53.4,3.000
53.4,3.000
53.3,3.000
53.2,3.000
53.2,3.000
53.2,3.000
53.2,3.000
53.2,3.000
53.2,3.000
53.2,3.000
53.2,2.995
53.2,2.995
53.2,2.995
53.3,2.995
53.3,2.995
53.3,2.995
53.3,2.995
53.3,2.995
53.3,2.995
53.3,2.990
53.2,2.990
53.2,2.990
53.2,2.990
53.2,2.990
53.2,2.990
53.2,2.990
53.2,2.990
53.2,2.990
53.2,2.990
53.2,2.985
53.2,2.985
53.2,2.985
53.2,2.985
53.2,2.985
53.3,2.985
53.3,2.985
53.3,2.985
53.3,2.985
53.2,2.980
53.2,2.980
53.1,2.980
53.1,2.980
53.1,2.980
53.0,2.980
53.0,2.980
53.0,2.980
53.0,2.980
53.0,2.980
53.0,2.980
53.0,2.975
53.0,2.975
53.1,2.975
53.1,2.975
53.1,2.975
53.1,2.975
53.1,2.975
53.1,2.975
53.1,2.975
53.1,2.975
53.1,2.970
53.1,2.970
53.1,2.970
53.1,2.970
53.0,2.970
53.0,2.970
53.0,2.970
53.0,2.970
53.0,2.970
53.0,2.970
53.0,2.970
53.0,2.965
53.0,2.965
53.0,2.965
53.0,2.965
53.0,2.965
53.0,2.965
53.0,2.965
53.0,2.965
53.0,2.965
53.0,2.965
53.0,2.960
53.0,2.960
53.0,2.960
53.0,2.960
53.0,2.960
53.0,2.960
52.9,2.960
52.9,2.960
52.9,2.960
52.9,2.960
52.9,2.955
52.9,2.955
52.9,2.955
52.9,2.955
52.9,2.955
52.9,2.955
52.9,2.955
52.9,2.955
52.9,2.955
52.9,2.955
52.9,2.955
52.9,2.950
52.8,2.950
52.8,2.950
52.8,2.950
52.8,2.950
52.8,2.950
52.8,2.950
52.8,2.950
52.8,2.950
52.8,2.950
52.8,2.945
52.9,2.945
52.9,2.945
52.9,2.945
52.9,2.945
52.9,2.945
52.8,2.945
52.9,2.945
52.8,2.945
52.8,2.940
52.8,2.940
52.8,2.940
52.7,2.940
52.7,2.940
52.7,2.940
52.7,2.940
52.7,2.940
52.7,2.940
52.7,2.940
52.7,2.935
52.7,2.935
52.7,2.935
52.8,2.935
52.8,2.935
52.8,2.935
52.8,2.935
52.8,2.935
52.8,2.935
52.8,2.935
52.8,2.930
52.7,2.930
52.7,2.930
52.7,2.930
52.7,2.930
52.7,2.930
52.7,2.930
52.7,2.930
52.7,2.930
52.7,2.925
52.7,2.925
52.7,2.925
52.7,2.925
52.7,2.925
52.7,2.925
52.7,2.925
52.7,2.925
52.7,2.925
52.7,2.925
52.7,2.920
52.7,2.920
52.7,2.920
52.7,2.920
52.7,2.920
52.7,2.920
52.7,2.920
52.7,2.920
52.6,2.920
52.6,2.920
52.6,2.915
52.6,2.915
52.6,2.915
52.6,2.915
52.6,2.915
52.6,2.915
52.6,2.915
52.6,2.915
52.6,2.915
52.6,2.915
52.6,2.910
52.6,2.910
52.6,2.910
52.6,2.910
52.6,2.910
52.6,2.910
52.5,2.910
52.5,2.910
52.5,2.910
52.5,2.910
52.5,2.905
52.5,2.905
52.5,2.905
52.5,2.905
52.5,2.905
52.5,2.905
52.6,2.905
52.5,2.905
52.5,2.905
52.5,2.900
52.6,2.900
52.6,2.900
52.6,2.900
52.6,2.900
52.6,2.900
52.5,2.900
52.4,2.900
52.4,2.900
52.4,2.900
52.4,2.895
52.4,2.895
52.4,2.895
52.4,2.895
52.4,2.895
52.4,2.895
52.4,2.895
52.5,2.895
52.5,2.895
52.5,2.890
52.5,2.890
52.5,2.890
52.5,2.890
52.5,2.890
52.5,2.890
52.5,2.890
52.5,2.890
52.4,2.890
52.4,2.890
52.4,2.885
52.4,2.885
52.4,2.885
52.4,2.885
52.3,2.885
52.3,2.885
52.3,2.885
52.3,2.885
52.3,2.880
52.3,2.880
52.3,2.880
52.3,2.880
52.3,2.880
52.3,2.880
52.3,2.880
52.3,2.880
52.3,2.880
52.3,2.875
52.3,2.875
52.3,2.875
52.3,2.875
52.3,2.875
52.3,2.875
52.3,2.875
52.2,2.875
52.2,2.875
52.2,2.870
52.2,2.870
52.2,2.870
52.2,2.870
52.2,2.870
52.2,2.870
52.2,2.870
52.2,2.870
52.2,2.865
52.2,2.865
52.2,2.865
52.2,2.865
52.2,2.865
52.2,2.865
52.2,2.865
52.1,2.865
52.1,2.860
52.1,2.860
52.1,2.860
52.1,2.860
52.1,2.860
52.1,2.860
52.1,2.860
52.2,2.860
52.2,2.860
52.2,2.855
52.2,2.855
52.2,2.855
52.2,2.855
52.2,2.855
52.2,2.855
52.2,2.855
52.1,2.855
52.1,2.855
52.1,2.850
52.0,2.850
52.0,2.850
52.0,2.850
52.0,2.850
52.0,2.850
52.0,2.850
52.0,2.850
52.0,2.845
52.0,2.845
52.0,2.845
52.0,2.845
52.0,2.845
52.0,2.845
52.0,2.845
52.0,2.845
52.0,2.845
52.0,2.840
52.0,2.840
51.9,2.840
51.9,2.840
51.9,2.840
51.9,2.840
51.9,2.840
51.9,2.840
51.9,2.840
51.9,2.835
51.9,2.835
51.9,2.835
51.9,2.835
51.9,2.835
51.9,2.835
51.9,2.835
51.9,2.835
51.9,2.835
51.9,2.830
51.9,2.830
51.9,2.830
51.9,2.830
51.9,2.830
51.9,2.830
51.9,2.830
51.9,2.830
51.9,2.830
51.9,2.825
51.9,2.825
51.9,2.825
51.9,2.825
51.9,2.825
51.9,2.825
51.9,2.825
51.9,2.825
51.9,2.825
51.9,2.820
51.9,2.820
51.9,2.820
51.8,2.820
51.8,2.820
51.7,2.820
51.7,2.820
51.7,2.820
51.7,2.820
51.7,2.815
51.7,2.815
51.7,2.815
51.8,2.815
51.7,2.815
51.8,2.815
51.8,2.815
51.9,2.815
51.9,2.815
51.9,2.810
51.9,2.810
51.9,2.810
51.9,2.810
51.9,2.810
51.9,2.810
51.9,2.810
51.8,2.810
51.8,2.810
51.7,2.810
51.7,2.805
51.7,2.805
51.7,2.805
51.7,2.805
51.7,2.805
51.7,2.805
51.7,2.805
51.7,2.805
51.7,2.800
51.7,2.800
51.7,2.800
51.7,2.800
51.7,2.800
51.7,2.800
51.7,2.800
51.8,2.800
51.8,2.800
51.8,2.795
51.8,2.795
51.8,2.795
51.7,2.795
51.7,2.795
51.6,2.795
51.7,2.795
51.7,2.795
51.6,2.795
51.6,2.790
51.6,2.790
51.6,2.790
51.6,2.790
51.6,2.790
51.8,2.790
51.8,2.790
51.8,2.790
51.7,2.785
51.8,2.785
51.8,2.785
51.8,2.785
51.8,2.785
51.8,2.785
51.8,2.785
51.8,2.785
51.8,2.780
51.7,2.780
51.7,2.780
51.7,2.780
51.7,2.780
51.7,2.780
51.7,2.780
51.7,2.780
51.7,2.780
51.7,2.775
51.7,2.775
51.7,2.775
51.7,2.775
51.7,2.775
51.7,2.775
51.7,2.775
51.7,2.775
51.6,2.775
51.6,2.770
51.6,2.770
51.6,2.770
51.6,2.770
51.6,2.770
51.6,2.770
51.6,2.770
51.6,2.765
51.6,2.765
51.6,2.765
51.6,2.765
51.6,2.765
51.6,2.765
51.6,2.765
51.6,2.765
51.7,2.765
51.7,2.760
51.7,2.760
51.7,2.760
51.7,2.760
51.7,2.760
51.7,2.760
51.7,2.760
51.7,2.760
51.6,2.760
51.6,2.755
51.6,2.755
51.6,2.755
51.6,2.755
51.6,2.755
51.6,2.755
51.6,2.755
51.6,2.755
51.6,2.750
51.6,2.750
51.6,2.750
51.6,2.750
51.6,2.750
51.6,2.750
51.6,2.750
51.6,2.750
51.6,2.750
51.6,2.745
51.6,2.745
51.6,2.745
51.6,2.745
51.6,2.745
51.6,2.745
51.6,2.745
51.6,2.745
51.6,2.745
51.6,2.740
51.6,2.740
51.6,2.740
51.6,2.740
51.6,2.740
51.6,2.740
51.6,2.740
51.6,2.740
51.6,2.740
51.6,2.735
51.6,2.735
51.6,2.735
51.6,2.735
51.6,2.735
51.6,2.735
51.6,2.735
51.6,2.735
51.6,2.735
51.6,2.730
51.6,2.730
51.6,2.730
51.6,2.730
51.6,2.730
51.5,2.730
51.5,2.730
51.5,2.730
51.5,2.730
51.5,2.725
51.5,2.725
51.5,2.725
51.5,2.725
51.5,2.725
51.5,2.725
51.5,2.725
51.5,2.725
51.5,2.725
51.5,2.720
51.5,2.720
51.5,2.720
51.5,2.720
51.5,2.720
51.5,2.720
51.5,2.720
51.5,2.720
51.5,2.720
51.5,2.715
51.5,2.715
51.5,2.715
51.4,2.715
51.4,2.715
51.4,2.715
51.4,2.715
51.4,2.715
51.4,2.710
51.4,2.710
51.4,2.710
51.4,2.710
51.4,2.710
51.4,2.710
51.4,2.710
51.4,2.710
51.4,2.710
51.4,2.705
51.4,2.705
51.4,2.705
51.4,2.705
51.3,2.705
51.3,2.705
51.3,2.705
51.3,2.705
51.3,2.700
51.3,2.700
51.3,2.700
51.3,2.700
51.3,2.700
51.3,2.700
51.3,2.700
51.3,2.700
51.3,2.695
51.3,2.695
51.3,2.695
51.3,2.695
51.3,2.695
51.3,2.695
51.3,2.695
51.3,2.695
51.3,2.695
51.3,2.690
51.3,2.690
51.3,2.690
51.3,2.690
51.2,2.690
51.2,2.690
51.2,2.690
51.2,2.685
51.2,2.685
51.2,2.685
51.2,2.685
51.2,2.685
51.3,2.685
51.3,2.685
51.3,2.685
51.3,2.685
51.3,2.680
51.3,2.680
51.2,2.680
51.1,2.680
51.1,2.680
51.1,2.680
51.1,2.680
51.1,2.680
51.1,2.675
51.1,2.675
51.1,2.675
51.1,2.675
51.2,2.675
51.2,2.675
51.2,2.675
51.3,2.675
51.3,2.670
51.3,2.670
51.3,2.670
51.3,2.670
51.3,2.670
51.3,2.670
51.3,2.670
51.1,2.670
51.1,2.665
51.1,2.665
51.1,2.665
51.1,2.665
51.1,2.665
51.1,2.665
51.1,2.665
51.1,2.665
51.1,2.660
51.1,2.660
51.1,2.660
51.2,2.660
51.2,2.660
51.2,2.660
51.2,2.660
51.2,2.660
51.1,2.660
51.2,2.655
51.1,2.655
51.1,2.655
51.1,2.655
51.1,2.655
51.1,2.655
51.1,2.655
51.1,2.655
51.1,2.650
51.1,2.650
51.1,2.650
51.1,2.650
51.1,2.650
51.1,2.650
51.1,2.650
51.1,2.650
51.1,2.645
51.1,2.645
51.1,2.645
51.1,2.645
51.1,2.645
51.0,2.645
51.0,2.645
51.0,2.645
50.9,2.640
50.9,2.640
50.9,2.640
50.9,2.640
50.9,2.640
50.9,2.640
50.9,2.640
51.0,2.640
51.0,2.635
51.0,2.635
51.0,2.635
51.0,2.635
51.0,2.635
51.0,2.635
51.0,2.635
50.9,2.635
50.9,2.630
50.8,2.630
50.8,2.630
50.8,2.630
50.8,2.630
50.8,2.630
50.9,2.630
50.9,2.625
51.0,2.625
51.0,2.625
51.0,2.625
51.0,2.625
51.0,2.625
51.0,2.625
51.0,2.620
51.0,2.620
51.0,2.620
50.9,2.620
50.9,2.620
50.8,2.620
50.8,2.620
50.8,2.620
50.8,2.615
50.8,2.615
50.8,2.615
50.8,2.615
50.8,2.615
50.8,2.615
50.8,2.615
50.8,2.610
50.9,2.610
50.8,2.610
50.8,2.610
50.9,2.610
50.9,2.610
50.9,2.610
50.8,2.605
50.8,2.605
50.8,2.605
50.7,2.605
50.7,2.605
50.7,2.605
50.7,2.605
50.7,2.600
50.7,2.600
50.7,2.600
50.7,2.600
50.7,2.600
50.7,2.600
50.7,2.600
50.7,2.595
50.7,2.595
50.7,2.595
50.7,2.595
50.8,2.595
50.7,2.595
50.7,2.595
50.6,2.590
50.6,2.590
50.6,2.590
50.6,2.590
50.6,2.590
50.6,2.590
50.6,2.585
50.6,2.585
50.6,2.585
50.6,2.585
50.7,2.585
50.7,2.585
50.7,2.585
50.7,2.580
50.7,2.580
50.7,2.580
50.7,2.580
50.7,2.580
50.7,2.580
50.6,2.580
50.6,2.575
50.6,2.575
50.6,2.575
50.6,2.575
50.6,2.575
50.6,2.575
50.6,2.570
50.6,2.570
50.6,2.570
50.6,2.570
50.6,2.570
50.6,2.570
50.6,2.565
50.6,2.565
50.6,2.565
50.6,2.565
50.6,2.565
50.6,2.565
50.6,2.560
50.5,2.560
50.5,2.560
50.5,2.560
50.5,2.560
50.5,2.560
50.5,2.560
50.5,2.555
50.5,2.555
50.5,2.555
50.5,2.555
50.5,2.555
50.5,2.555
50.5,2.550
50.5,2.550
50.5,2.550
50.5,2.550
50.5,2.550
50.5,2.550
50.5,2.545
50.5,2.545
50.5,2.545
50.5,2.545
50.5,2.545
50.4,2.540
50.4,2.540
50.4,2.540
50.4,2.540
50.4,2.540
50.4,2.540
50.4,2.535
50.4,2.535
50.4,2.535
50.4,2.535
50.4,2.535
50.4,2.535
50.4,2.530
50.4,2.530
50.4,2.530
50.4,2.530
50.3,2.530
50.3,2.530
50.3,2.525
50.2,2.525
50.3,2.525
50.3,2.525
50.3,2.525
50.3,2.525
50.3,2.525
50.4,2.525
50.5,2.520
50.6,2.520
50.8,2.520
50.9,2.520
51.1,2.520
51.2,2.520
51.3,2.520
51.3,2.520
51.2,2.520
51.1,2.520
50.9,2.520
50.6,2.520
50.4,2.520
50.1,2.515
49.9,2.515
49.7,2.515
49.7,2.515
49.7,2.515
49.7,2.515
49.8,2.515
50.0,2.515
50.2,2.515
50.4,2.515
50.5,2.515
50.7,2.515
50.7,2.515
50.7,2.515
50.7,2.510
50.6,2.510
50.4,2.510
50.2,2.510
50.1,2.510
49.9,2.510
49.8,2.510
49.7,2.510
49.6,2.510
49.6,2.510
49.6,2.510
49.7,2.505
49.8,2.505
50.0,2.505
50.1,2.505
50.3,2.505
50.4,2.505
50.4,2.505
50.4,2.505
50.4,2.505
50.3,2.505
50.2,2.500
50.1,2.500
50.0,2.500
49.9,2.500
49.8,2.500
49.7,2.500
49.7,2.500
49.7,2.500
49.7,2.500
49.7,2.500
49.8,2.495
49.9,2.495
50.0,2.495
50.1,2.495
50.2,2.495
50.2,2.495
50.3,2.495
50.3,2.495
50.3,2.495
50.3,2.490
50.2,2.490
50.1,2.490
50.0,2.490
49.9,2.490
49.8,2.490
49.8,2.490
49.7,2.490
49.7,2.490
49.7,2.485
49.8,2.485
49.9,2.485
50.0,2.485
50.0,2.485
50.1,2.485
50.2,2.485
50.2,2.485
50.2,2.480
50.2,2.480
50.2,2.480
50.2,2.480
50.1,2.480
50.1,2.480
50.0,2.480
50.0,2.480
49.9,2.480
49.8,2.475
49.8,2.475
49.8,2.475
49.8,2.475
49.8,2.475
49.8,2.475
49.9,2.475
49.9,2.475
50.0,2.475
50.1,2.470
50.1,2.470
50.1,2.470
50.1,2.470
50.1,2.470
50.0,2.470
50.0,2.470
49.9,2.470
49.8,2.465
49.7,2.465
49.7,2.465
49.6,2.465
49.6,2.465
49.6,2.465
49.6,2.465
49.6,2.465
49.7,2.465
49.8,2.460
49.8,2.460
49.9,2.460
49.9,2.460
49.9,2.460
50.0,2.460
50.0,2.460
50.0,2.460
49.9,2.460
49.8,2.455
49.8,2.455
49.7,2.455
49.6,2.455
49.6,2.455
49.6,2.455
49.6,2.455
49.6,2.455
49.7,2.455
49.7,2.450
49.8,2.450
49.8,2.450
49.9,2.450
49.9,2.450
49.9,2.450
49.9,2.450
49.9,2.450
49.9,2.445
49.8,2.445
49.7,2.445
49.7,2.445
49.6,2.445
49.6,2.445
49.6,2.445
49.6,2.445
49.6,2.445
49.6,2.445
49.6,2.440
49.6,2.440
49.7,2.440
49.7,2.440
49.8,2.440
49.8,2.440
49.9,2.440
49.9,2.440
49.8,2.440
49.8,2.440
49.8,2.435
49.8,2.435
49.7,2.435
49.7,2.435
49.6,2.435
49.6,2.435
49.6,2.435
49.6,2.435
49.6,2.435
49.6,2.435
49.6,2.435
49.6,2.430
49.6,2.430
49.6,2.430
49.7,2.430
49.7,2.430
49.7,2.430
49.7,2.430
49.7,2.430
49.7,2.430
49.7,2.430
49.7,2.425
49.7,2.425
49.7,2.425
49.6,2.425
49.5,2.425
49.5,2.425
49.5,2.425
49.5,2.425
49.5,2.425
49.5,2.425
49.5,2.425
49.6,2.420
49.5,2.420
49.6,2.420
49.6,2.420
49.6,2.420
49.7,2.420
49.6,2.420
49.6,2.420
49.6,2.420
49.6,2.420
49.5,2.420
49.5,2.415
49.4,2.415
49.4,2.415
49.4,2.415
49.4,2.415
49.4,2.415
49.4,2.415
49.4,2.415
49.4,2.415
49.4,2.415
49.4,2.415
49.4,2.410
49.5,2.410
49.5,2.410
49.5,2.410
49.5,2.410
49.5,2.410
49.5,2.410
49.5,2.410
49.5,2.410
49.4,2.410
49.4,2.410
49.4,2.405
49.4,2.405
49.4,2.405
49.4,2.405
49.4,2.405
49.4,2.405
49.4,2.405
49.4,2.405
49.5,2.405
49.5,2.405
49.5,2.400
49.5,2.400
49.5,2.400
49.5,2.400
49.5,2.400
49.5,2.400
49.5,2.400
49.4,2.400
49.4,2.400
49.4,2.400
49.3,2.400
49.3,2.395
49.3,2.395
49.3,2.395
49.3,2.395
49.3,2.395
49.3,2.395
49.3,2.395
49.3,2.395
49.3,2.395
49.3,2.395
49.4,2.390
49.4,2.390
49.4,2.390
49.4,2.390
49.4,2.390
49.4,2.390
49.4,2.390
49.4,2.390
49.3,2.390
49.3,2.390
49.3,2.390
49.3,2.385
49.3,2.385
49.3,2.385
49.3,2.385
49.3,2.385
49.3,2.385
49.3,2.385
49.3,2.385
49.3,2.385
49.3,2.380
49.3,2.380
49.3,2.380
49.3,2.380
49.3,2.380
49.3,2.380
49.3,2.380
49.3,2.380
49.3,2.380
49.3,2.380
49.3,2.380
49.3,2.375
49.3,2.375
49.2,2.375
49.2,2.375
49.2,2.375
49.2,2.375
49.2,2.375
49.2,2.375
49.2,2.375
49.2,2.375
49.2,2.370
49.2,2.370
49.2,2.370
49.2,2.370
49.2,2.370
49.2,2.370
49.2,2.370
49.2,2.370
49.2,2.370
49.2,2.365
49.2,2.365
49.2,2.365
49.2,2.365
49.2,2.365
49.2,2.365
49.2,2.365
49.2,2.365
49.2,2.365
49.2,2.365
49.2,2.360
49.2,2.360
49.2,2.360
49.2,2.360
49.2,2.360
49.1,2.360
49.1,2.360
49.1,2.360
49.1,2.360
49.1,2.360
49.1,2.360
49.1,2.355
49.1,2.355
49.1,2.355
49.1,2.355
49.1,2.355
49.1,2.355
49.1,2.355
49.1,2.355
49.1,2.355
49.1,2.355
49.1,2.350
49.1,2.350
49.1,2.350
49.0,2.350
49.1,2.350
49.0,2.350
49.0,2.350
49.0,2.350
49.0,2.350
49.0,2.350
49.0,2.350
49.0,2.345
49.1,2.345
49.1,2.345
49.1,2.345
49.1,2.345
49.1,2.345
49.1,2.345
49.1,2.345
49.1,2.345
49.1,2.345
49.1,2.340
49.1,2.340
49.0,2.340
49.0,2.340
49.0,2.340
49.0,2.340
49.0,2.340
49.1,2.340
49.0,2.340
49.0,2.340
49.1,2.340
49.1,2.335
49.1,2.335
49.1,2.335
49.1,2.335
49.0,2.335
49.0,2.335
48.9,2.335
48.9,2.335
48.9,2.335
48.9,2.335
48.9,2.335
48.9,2.330
48.9,2.330
48.9,2.330
48.9,2.330
48.9,2.330
48.9,2.330
48.9,2.330
48.9,2.330
48.9,2.330
49.0,2.330
49.0,2.330
49.0,2.325
49.0,2.325
49.0,2.325
49.0,2.325
49.0,2.325
49.0,2.325
48.8,2.325
48.9,2.325
48.9,2.325
48.9,2.325
48.9,2.320
48.9,2.320
48.9,2.320
48.9,2.320
48.9,2.320
48.9,2.320
48.9,2.320
48.9,2.320
48.9,2.320
48.9,2.320
48.9,2.320
48.9,2.315
48.9,2.315
48.9,2.315
48.9,2.315
48.9,2.315
48.9,2.315
48.9,2.315
48.9,2.315
48.9,2.315
48.8,2.315
48.8,2.310
48.8,2.310
48.8,2.310
48.8,2.310
48.8,2.310
48.8,2.310
48.8,2.310
48.8,2.310
48.8,2.310
48.8,2.310
48.8,2.305
48.8,2.305
48.8,2.305
48.8,2.305
48.8,2.305
48.8,2.305
48.7,2.305
48.7,2.305
48.7,2.305
48.7,2.305
48.7,2.300
48.7,2.300
48.7,2.300
48.7,2.300
48.7,2.300
48.7,2.300
48.7,2.300
48.7,2.300
48.7,2.300
48.7,2.300
48.8,2.295
48.8,2.295
48.8,2.295
48.8,2.295
48.8,2.295
48.8,2.295
48.7,2.295
48.6,2.295
48.6,2.295
48.6,2.295
48.6,2.290
48.6,2.290
48.7,2.290
48.6,2.290
48.7,2.290
48.8,2.290
48.8,2.290
48.8,2.290
48.8,2.290
48.8,2.285
48.8,2.285
48.8,2.285
48.8,2.285
48.7,2.285
48.6,2.285
48.6,2.285
48.5,2.285
48.5,2.285
48.5,2.280
48.5,2.280
48.5,2.280
48.5,2.280
48.5,2.280
48.5,2.280
48.6,2.280
48.6,2.280
48.6,2.280
48.6,2.280
48.6,2.275
48.6,2.275
48.6,2.275
48.6,2.275
48.6,2.275
48.6,2.275
48.6,2.275
48.5,2.275
48.5,2.275
48.5,2.275
48.5,2.270
48.5,2.270
48.5,2.270
48.5,2.270
48.5,2.270
48.5,2.270
48.5,2.270
48.6,2.270
48.6,2.270
48.6,2.265
48.6,2.265
48.6,2.265
48.6,2.265
48.6,2.265
48.6,2.265
48.5,2.265
48.5,2.265
48.5,2.265
48.5,2.260
48.5,2.260
48.5,2.260
48.5,2.260
48.5,2.260
48.5,2.260
48.5,2.260
48.5,2.260
48.5,2.260
48.5,2.260
48.5,2.255
48.5,2.255
48.5,2.255
48.5,2.255
48.5,2.255
48.5,2.255
48.5,2.255
48.5,2.255
48.5,2.255
48.5,2.250
48.5,2.250
48.5,2.250
48.5,2.250
48.5,2.250
48.5,2.250
48.5,2.250
48.5,2.250
48.5,2.250
48.5,2.250
48.5,2.245
48.5,2.245
48.5,2.245
48.5,2.245
48.4,2.245
48.4,2.245
48.4,2.245
48.4,2.245
48.4,2.245
48.4,2.240
48.4,2.240
48.4,2.240
48.4,2.240
48.4,2.240
48.4,2.240
48.4,2.240
48.4,2.240
48.4,2.240
48.4,2.240
48.4,2.235
48.4,2.235
48.4,2.235
48.4,2.235
48.4,2.235
48.4,2.235
48.3,2.235
48.3,2.235
48.3,2.235
48.3,2.235
48.3,2.230
48.3,2.230
48.3,2.230
48.3,2.230
48.3,2.230
48.3,2.230
48.3,2.230
48.3,2.230
48.3,2.230
48.3,2.225
48.3,2.225
48.3,2.225
48.3,2.225
48.3,2.225
48.3,2.225
48.2,2.225
48.2,2.225
48.2,2.225
48.2,2.220
48.2,2.220
48.2,2.220
48.2,2.220
48.2,2.220
48.2,2.220
48.3,2.220
48.3,2.220
48.3,2.220
48.3,2.215
48.3,2.215
48.3,2.215
48.3,2.215
48.3,2.215
48.3,2.215
48.2,2.215
48.2,2.215
48.1,2.215
48.1,2.215
48.1,2.210
48.1,2.210
48.1,2.210
48.1,2.210
48.1,2.210
48.2,2.210
48.2,2.210
48.3,2.210
48.3,2.205
48.3,2.205
48.3,2.205
48.3,2.205
48.3,2.205
48.3,2.205
48.2,2.205
48.1,2.205
48.1,2.205
48.1,2.200
48.1,2.200
48.1,2.200
48.1,2.200
48.0,2.200
48.0,2.200
48.0,2.200
48.0,2.200
48.1,2.200
48.1,2.195
48.2,2.195
48.2,2.195
48.2,2.195
48.2,2.195
48.2,2.195
48.2,2.195
48.2,2.195
48.2,2.195
48.1,2.190
48.0,2.190
48.0,2.190
48.0,2.190
48.0,2.190
48.0,2.190
48.0,2.190
48.0,2.190
48.0,2.185
48.0,2.185
48.0,2.185
48.0,2.185
48.1,2.185
48.1,2.185
48.1,2.185
48.1,2.185
48.1,2.185
48.1,2.180
48.1,2.180
48.0,2.180
48.0,2.180
47.9,2.180
47.9,2.180
47.9,2.180
47.9,2.180
47.9,2.180
47.9,2.175
47.9,2.175
47.9,2.175
47.9,2.175
47.9,2.175
47.9,2.175
47.9,2.175
47.9,2.175
48.0,2.175
48.0,2.170
48.0,2.170
48.0,2.170
48.0,2.170
48.0,2.170
48.0,2.170
47.9,2.170
47.9,2.170
47.9,2.170
47.9,2.165
47.9,2.165
47.9,2.165
47.9,2.165
47.9,2.165
47.9,2.165
47.9,2.165
47.9,2.165
47.9,2.160
47.9,2.160
47.9,2.160
47.9,2.160
47.9,2.160
47.9,2.160
47.9,2.160
47.9,2.160
47.9,2.155
47.9,2.155
47.9,2.155
47.9,2.155
47.9,2.155
47.9,2.155
47.9,2.155
47.9,2.155
47.9,2.155
47.9,2.150
47.9,2.150
47.8,2.150
47.8,2.150
47.8,2.150
47.8,2.150
47.8,2.150
47.8,2.150
47.8,2.145
47.8,2.145
47.8,2.145
47.8,2.145
47.8,2.145
47.8,2.145
47.8,2.145
47.8,2.140
47.8,2.140
47.8,2.140
47.8,2.140
47.8,2.140
47.8,2.140
47.8,2.140
47.8,2.140
47.8,2.140
47.7,2.135
47.7,2.135
47.7,2.135
47.7,2.135
47.7,2.135
47.7,2.135
47.7,2.135
47.7,2.135
47.7,2.130
47.7,2.130
47.7,2.130
47.7,2.130
47.7,2.130
47.7,2.130
47.7,2.130
47.7,2.125
47.7,2.125
47.6,2.125
47.6,2.125
47.6,2.125
47.6,2.125
47.6,2.125
47.6,2.125
47.6,2.120
47.6,2.120
47.6,2.120
47.6,2.120
47.6,2.120
47.6,2.120
47.6,2.120
47.6,2.120
47.6,2.115
47.6,2.115
47.6,2.115
47.6,2.115
47.6,2.115
47.6,2.115
47.6,2.115
47.6,2.115
47.6,2.115
47.6,2.110
47.6,2.110
47.5,2.110
47.5,2.110
47.5,2.110
47.5,2.110
47.5,2.110
47.5,2.110
47.5,2.105
47.5,2.105
47.4,2.105
47.4,2.105
47.4,2.105
47.4,2.105
47.4,2.105
47.4,2.105
47.4,2.100
47.5,2.100
47.5,2.100
47.5,2.100
47.5,2.100
47.5,2.100
47.5,2.100
47.5,2.100
47.4,2.095
47.4,2.095
47.4,2.095
47.4,2.095
47.4,2.095
47.4,2.095
47.4,2.095
47.4,2.095
47.4,2.090
47.4,2.090
47.4,2.090
47.4,2.090
47.4,2.090
47.4,2.090
47.4,2.090
47.4,2.090
47.3,2.085
47.3,2.085
47.3,2.085
47.3,2.085
47.3,2.085
47.3,2.085
47.3,2.085
47.3,2.085
47.3,2.080
47.3,2.080
47.3,2.080
47.3,2.080
47.3,2.080
47.3,2.080
47.3,2.080
47.3,2.080
47.3,2.075
47.3,2.075
47.3,2.075
47.3,2.075
47.3,2.075
47.3,2.075
47.3,2.075
47.3,2.075
47.3,2.070
47.3,2.070
47.3,2.070
47.3,2.070
47.3,2.070
47.3,2.070
47.3,2.070
47.3,2.065
47.3,2.065
47.3,2.065
47.3,2.065
47.3,2.065
47.3,2.065
47.3,2.065
47.3,2.065
47.3,2.060
47.3,2.060
47.3,2.060
47.3,2.060
47.3,2.060
47.3,2.060
47.3,2.060
47.2,2.055
47.2,2.055
47.2,2.055
47.2,2.055
47.2,2.055
47.2,2.055
47.2,2.055
47.2,2.055
47.2,2.050
47.2,2.050
47.2,2.050
47.2,2.050
47.2,2.050
47.2,2.050
47.2,2.050
47.2,2.050
47.2,2.045
47.2,2.045
47.1,2.045
47.1,2.045
47.1,2.045
47.1,2.045
47.1,2.045
47.1,2.045
47.1,2.040
47.1,2.040
47.1,2.040
47.1,2.040
47.1,2.040
47.1,2.040
47.1,2.040
47.1,2.040
47.1,2.035
47.1,2.035
47.1,2.035
47.1,2.035
47.1,2.035
47.1,2.035
47.1,2.035
47.1,2.035
47.1,2.035
47.1,2.030
47.1,2.030
47.1,2.030
47.1,2.030
47.1,2.030
47.1,2.030
47.1,2.030
47.1,2.030
47.1,2.030
47.1,2.025
47.1,2.025
47.1,2.025
47.1,2.025
47.1,2.025
47.1,2.025
47.1,2.025
47.0,2.025
47.0,2.025
47.0,2.025
47.0,2.020
47.0,2.020
47.0,2.020
47.0,2.020
47.0,2.020
47.0,2.020
47.0,2.020
47.0,2.020
47.0,2.020
47.0,2.020
47.0,2.015
47.0,2.015
47.0,2.015
47.0,2.015
47.0,2.015
47.0,2.015
47.0,2.015
47.0,2.015
46.9,2.015
46.9,2.015
46.9,2.010
46.9,2.010
46.9,2.010
46.9,2.010
46.9,2.010
46.9,2.010
46.9,2.010
46.9,2.010
46.9,2.010
46.9,2.010
46.9,2.010
46.9,2.005
46.9,2.005
46.9,2.005
46.9,2.005
46.9,2.005
46.9,2.005
46.9,2.005
46.9,2.005
46.9,2.005
46.9,2.005
46.9,2.000
46.9,2.000
46.8,2.000
46.8,2.000
46.8,2.000
46.8,2.000
46.8,2.000
46.8,2.000
46.8,2.000
46.8,2.000
46.8,2.000
46.9,1.995
46.9,1.995
46.9,1.995
46.9,1.995
46.9,1.995
46.9,1.995
46.9,1.995
46.9,1.995
46.8,1.995
46.8,1.995
46.8,1.990
46.8,1.990
46.8,1.990
46.8,1.990
46.8,1.990
46.8,1.990
46.8,1.990
46.8,1.990
46.8,1.990
46.8,1.990
46.8,1.990
46.8,1.985
46.8,1.985
46.8,1.985
46.8,1.985
46.8,1.985
46.8,1.985
46.8,1.985
46.8,1.985
46.7,1.985
46.7,1.980
46.7,1.980
46.7,1.980
46.7,1.980
46.7,1.980
46.7,1.980
46.7,1.980
46.7,1.980
46.7,1.980
46.7,1.980
46.7,1.975
46.7,1.975
46.7,1.975
46.7,1.975
46.7,1.975
46.7,1.975
46.7,1.975
46.6,1.975
46.6,1.975
46.6,1.975
46.6,1.970
46.6,1.970
46.6,1.970
46.6,1.970
46.6,1.970
46.6,1.970
46.6,1.970
46.6,1.970
46.6,1.970
46.6,1.965
46.6,1.965
46.6,1.965
46.6,1.965
46.6,1.965
46.6,1.965
46.6,1.965
46.6,1.965
46.6,1.965
46.6,1.960
46.6,1.960
46.6,1.960
46.6,1.960
46.6,1.960
46.6,1.960
46.6,1.960
46.6,1.960
46.6,1.960
46.6,1.960
46.6,1.955
46.6,1.955
46.6,1.955
46.6,1.955
46.5,1.955
46.5,1.955
46.5,1.955
46.5,1.955
46.5,1.955
46.5,1.950
46.5,1.950
46.5,1.950
46.5,1.950
46.5,1.950
46.5,1.950
46.5,1.950
46.5,1.950
46.5,1.945
46.5,1.945
46.5,1.945
46.5,1.945
46.5,1.945
46.5,1.945
46.5,1.945
46.5,1.945
46.5,1.945
46.5,1.940
46.5,1.940
46.5,1.940
46.5,1.940
46.5,1.940
46.5,1.940
46.5,1.940
46.5,1.940
46.4,1.940
46.4,1.935
46.4,1.935
46.4,1.935
46.4,1.935
46.4,1.935
46.4,1.935
46.4,1.935
46.4,1.935
46.4,1.930
46.4,1.930
46.4,1.930
46.4,1.930
46.4,1.930
46.4,1.930
46.4,1.930
46.4,1.930
46.4,1.930
46.4,1.925
46.4,1.925
46.4,1.925
46.4,1.925
46.4,1.925
46.4,1.925
46.4,1.925
46.4,1.925
46.4,1.920
46.3,1.920
46.3,1.920
46.3,1.920
46.3,1.920
46.3,1.920
46.3,1.920
46.3,1.920
46.3,1.915
46.3,1.915
46.3,1.915
46.3,1.915
46.3,1.915
46.3,1.915
46.3,1.915
46.3,1.915
46.3,1.910
46.3,1.910
46.3,1.910
46.3,1.910
46.3,1.910
46.3,1.910
46.3,1.910
46.3,1.910
46.3,1.905
46.3,1.905
46.2,1.905
46.2,1.905
46.2,1.905
46.2,1.905
46.2,1.905
46.2,1.900
46.2,1.900
46.2,1.900
46.2,1.900
46.2,1.900
46.2,1.900
46.2,1.900
46.2,1.900
46.2,1.895
46.2,1.895
46.2,1.895
46.2,1.895
46.2,1.895
46.1,1.895
46.1,1.895
46.1,1.890
46.1,1.890
46.1,1.890
46.1,1.890
46.1,1.890
46.1,1.890
46.1,1.890
46.1,1.885
46.1,1.885
46.1,1.885
46.1,1.885
46.1,1.885
46.1,1.885
46.1,1.885
46.1,1.880
46.1,1.880
46.1,1.880
46.0,1.880
46.0,1.880
46.0,1.880
46.0,1.880
46.0,1.875
46.0,1.875
46.0,1.875
46.0,1.875
46.0,1.875
46.0,1.875
46.0,1.875
46.0,1.870
46.0,1.870
46.0,1.870
46.0,1.870
46.0,1.870
46.0,1.870
46.0,1.865
46.0,1.865
45.9,1.865
45.9,1.865
45.9,1.865
45.9,1.865
45.9,1.865
45.9,1.860
45.9,1.860
45.9,1.860
45.9,1.860
45.9,1.860
45.9,1.860
45.9,1.855
45.9,1.855
45.9,1.855
45.9,1.855
45.9,1.855
45.9,1.855
45.9,1.855
45.9,1.850
45.9,1.850
45.8,1.850
45.8,1.850
45.8,1.850
45.8,1.850
45.8,1.845
45.8,1.845
45.8,1.845
45.8,1.845
45.8,1.845
45.8,1.845
45.8,1.840
45.8,1.840
45.8,1.840
45.9,1.840
45.9,1.840
45.9,1.840
45.8,1.835
45.8,1.835
45.8,1.835
45.8,1.835
45.8,1.835
45.7,1.835
45.7,1.830
45.7,1.830
45.7,1.830
45.7,1.830
45.7,1.830
45.7,1.830
45.7,1.825
45.7,1.825
45.7,1.825
45.7,1.825
45.7,1.825
45.7,1.825
45.7,1.820
45.7,1.820
45.7,1.820
45.7,1.820
45.7,1.820
45.6,1.820
45.6,1.815
45.5,1.815
45.5,1.815
45.5,1.815
45.5,1.815
45.5,1.815
45.5,1.810
45.5,1.810
45.5,1.810
45.5,1.810
45.6,1.810
45.6,1.805
45.6,1.805
45.6,1.805
45.6,1.805
45.6,1.805
45.6,1.805
45.6,1.800
45.5,1.800
45.5,1.800
45.5,1.800
45.5,1.800
45.5,1.800
45.5,1.795
45.5,1.795
45.5,1.795
45.5,1.795
45.5,1.795
45.5,1.795
45.5,1.795
45.5,1.790
45.5,1.790
45.5,1.790
45.5,1.790
45.5,1.790
45.5,1.785
45.4,1.785
45.4,1.785
45.4,1.785
45.4,1.785
45.4,1.785
45.4,1.785
45.4,1.780
45.4,1.780
45.4,1.780
45.4,1.780
45.4,1.780
45.4,1.780
45.4,1.775
45.4,1.775
45.4,1.775
45.4,1.775
45.4,1.775
45.4,1.775
45.3,1.770
45.3,1.770
45.3,1.770
45.3,1.770
45.3,1.770
45.3,1.770
45.3,1.765
45.3,1.765
45.3,1.765
45.3,1.765
45.3,1.765
45.3,1.765
45.3,1.760
45.3,1.760
45.3,1.760
45.3,1.760
45.3,1.760
45.3,1.760
45.3,1.760
45.3,1.755
45.2,1.755
45.2,1.755
45.2,1.755
45.2,1.755
45.2,1.755
45.2,1.750
45.2,1.750
45.2,1.750
45.2,1.750
45.1,1.750
45.1,1.750
45.1,1.745
45.1,1.745
45.1,1.745
45.1,1.745
45.1,1.745
45.1,1.745
45.1,1.740
45.1,1.740
45.1,1.740
45.1,1.740
45.1,1.740
45.1,1.740
45.1,1.735
45.1,1.735
45.1,1.735
45.1,1.735
45.1,1.735
45.1,1.735
45.0,1.735
45.1,1.730
45.1,1.730
45.0,1.730
45.0,1.730
45.0,1.730
45.0,1.725
45.0,1.725
45.0,1.725
45.0,1.725
45.0,1.725
45.0,1.725
45.0,1.725
45.0,1.720
45.0,1.720
45.0,1.720
45.0,1.720
45.0,1.720
45.0,1.720
45.0,1.715
45.0,1.715
45.0,1.715
45.0,1.715
45.0,1.715
45.0,1.715
45.0,1.715
45.0,1.710
45.0,1.710
45.0,1.710
44.9,1.710
44.9,1.710
44.9,1.710
44.9,1.705
44.9,1.705
44.9,1.705
44.9,1.705
44.9,1.705
44.9,1.705
44.9,1.700
44.9,1.700
44.9,1.700
44.9,1.700
44.9,1.700
44.9,1.700
44.9,1.700
44.9,1.695
44.9,1.695
44.9,1.695
44.9,1.695
44.9,1.695
44.8,1.695
44.8,1.695
44.8,1.690
44.8,1.690
44.8,1.690
44.8,1.690
44.8,1.690
44.8,1.690
44.8,1.685
44.8,1.685
44.8,1.685
44.8,1.685
44.8,1.685
44.8,1.685
44.8,1.680
44.8,1.680
44.8,1.680
44.8,1.680
44.7,1.680
44.6,1.680
44.7,1.675
44.7,1.675
44.7,1.675
44.7,1.675
44.7,1.675
44.7,1.675
44.7,1.670
44.7,1.670
44.7,1.670
44.7,1.670
44.7,1.670
44.7,1.670
44.7,1.665
44.7,1.665
44.7,1.665
44.7,1.665
44.7,1.665
44.7,1.665
44.6,1.660
44.6,1.660
44.6,1.660
44.6,1.660
44.6,1.660
44.6,1.655
44.6,1.655
44.6,1.655
44.6,1.655
44.6,1.655
44.6,1.655
44.6,1.650
44.6,1.650
44.6,1.650
44.6,1.650
44.5,1.650
44.6,1.645
44.5,1.645
44.5,1.645
44.5,1.645
44.5,1.645
44.5,1.645
44.5,1.640
44.5,1.640
44.5,1.640
44.5,1.640
44.5,1.640
44.5,1.640
44.5,1.635
44.5,1.635
44.5,1.635
44.5,1.635
44.5,1.635
44.5,1.635
44.5,1.630
44.5,1.630
44.4,1.630
44.4,1.630
44.4,1.630
44.4,1.630
44.4,1.625
44.4,1.625
44.4,1.625
44.4,1.625
44.4,1.625
44.4,1.625
44.4,1.620
44.4,1.620
44.4,1.620
44.4,1.620
44.4,1.620
44.4,1.620
44.4,1.615
44.4,1.615
44.4,1.615
44.4,1.615
44.4,1.615
44.4,1.615
44.4,1.610
44.4,1.610
44.3,1.610
44.3,1.610
44.3,1.610
44.3,1.610
44.3,1.610
44.3,1.605
44.3,1.605
44.3,1.605
44.3,1.605
44.3,1.605
44.3,1.605
44.3,1.600
44.3,1.600
44.3,1.600
44.3,1.600
44.3,1.600
44.3,1.600
44.2,1.595
44.2,1.595
44.2,1.595
44.2,1.595
44.2,1.595
44.2,1.595
44.2,1.595
44.2,1.590
44.2,1.590
44.2,1.590
44.2,1.590
44.2,1.590
44.2,1.590
44.1,1.585
44.1,1.585
44.1,1.585
44.1,1.585
44.1,1.585
44.1,1.585
44.1,1.580
44.1,1.580
44.1,1.580
44.1,1.580
44.1,1.580
44.1,1.580
44.1,1.580
44.1,1.575
44.1,1.575
44.1,1.575
44.1,1.575
44.1,1.575
44.1,1.575
44.1,1.570
44.1,1.570
44.1,1.570
44.1,1.570
44.1,1.570
44.0,1.570
44.0,1.565
44.0,1.565
44.0,1.565
44.0,1.565
44.0,1.565
44.0,1.565
44.0,1.565
44.0,1.560
44.0,1.560
44.0,1.560
44.0,1.560
44.0,1.560
44.0,1.560
44.0,1.555
44.0,1.555
44.0,1.555
44.0,1.555
44.0,1.555
44.0,1.555
44.0,1.555
44.0,1.550
44.0,1.550
44.0,1.550
44.0,1.550
44.0,1.550
44.0,1.550
44.0,1.545
44.0,1.545
44.0,1.545
44.0,1.545
44.0,1.545
44.0,1.545
43.9,1.545
43.9,1.540
43.9,1.540
43.9,1.540
43.9,1.540
43.9,1.540
43.9,1.540
43.9,1.540
43.9,1.535
43.9,1.535
43.9,1.535
43.9,1.535
43.9,1.535
43.9,1.535
43.8,1.530
43.8,1.530
43.8,1.530
43.8,1.530
43.8,1.530
43.8,1.530
43.8,1.530
43.8,1.525
43.8,1.525
43.8,1.525
43.8,1.525
43.8,1.525
43.8,1.525
43.8,1.520
43.8,1.520
43.8,1.520
43.8,1.520
43.8,1.520
43.7,1.520
43.7,1.520
43.6,1.515
43.6,1.515
43.6,1.515
43.6,1.515
43.6,1.515
43.6,1.515
43.6,1.515
43.6,1.510
43.6,1.510
43.6,1.510
43.6,1.510
43.6,1.510
43.7,1.510
43.7,1.505
43.7,1.505
43.7,1.505
43.7,1.505
43.7,1.505
43.7,1.505
43.7,1.505
43.7,1.500
43.6,1.500
43.6,1.500
43.6,1.500
43.6,1.500
43.6,1.500
43.6,1.495
43.6,1.495
43.6,1.495
43.6,1.495
43.6,1.495
43.6,1.495
43.6,1.495
43.6,1.490
43.6,1.490
43.6,1.490
43.6,1.490
43.6,1.490
43.6,1.490
43.5,1.485
43.5,1.485
43.5,1.485
43.5,1.485
43.5,1.485
43.5,1.485
43.5,1.485
43.5,1.480
43.5,1.480
43.5,1.480
43.5,1.480
43.5,1.480
43.5,1.480
43.5,1.480
43.5,1.475
43.5,1.475
43.5,1.475
43.5,1.475
43.5,1.475
43.5,1.475
43.4,1.475
43.4,1.470
43.4,1.470
43.4,1.470
43.4,1.470
43.4,1.470
43.4,1.470
43.4,1.465
43.4,1.465
43.4,1.465
43.4,1.465
43.4,1.465
43.4,1.465
43.4,1.465
43.4,1.460
43.4,1.460
43.4,1.460
43.4,1.460
43.4,1.460
43.4,1.460
43.4,1.460
43.4,1.460
43.3,1.455
43.3,1.455
43.3,1.455
43.3,1.455
43.3,1.455
43.3,1.455
43.3,1.455
43.3,1.450
43.3,1.450
43.3,1.450
43.3,1.450
43.3,1.450
43.3,1.450
43.3,1.450
43.3,1.450
43.3,1.445
43.3,1.445
43.3,1.445
43.3,1.445
43.2,1.445
43.2,1.445
43.2,1.445
43.2,1.440
43.2,1.440
43.2,1.440
43.2,1.440
43.2,1.440
43.2,1.440
43.2,1.440
43.2,1.435
43.2,1.435
43.2,1.435
43.2,1.435
43.2,1.435
43.2,1.435
43.2,1.435
43.2,1.435
43.2,1.430
43.2,1.430
43.2,1.430
43.2,1.430
43.2,1.430
43.2,1.430
43.2,1.430
43.2,1.425
43.2,1.425
43.2,1.425
43.2,1.425
43.2,1.425
43.2,1.425
43.2,1.425
43.2,1.420
43.1,1.420
43.1,1.420
43.1,1.420
43.0,1.420
43.0,1.420
43.0,1.420
43.0,1.420
43.0,1.415
43.0,1.415
43.0,1.415
43.0,1.415
43.0,1.415
43.0,1.415
43.1,1.415
43.1,1.415
43.1,1.410
43.1,1.410
43.1,1.410
43.1,1.410
43.1,1.410
43.1,1.410
43.1,1.410
43.1,1.405
43.0,1.405
43.0,1.405
43.0,1.405
43.0,1.405
43.0,1.405
43.0,1.405
43.0,1.405
43.0,1.400
43.0,1.400
43.0,1.400
43.1,1.400
43.1,1.400
43.1,1.400
43.1,1.400
43.1,1.400
43.0,1.395
42.9,1.395
42.9,1.395
42.8,1.395
42.8,1.395
42.8,1.395
42.8,1.395
42.8,1.395
42.8,1.395
42.8,1.390
42.8,1.390
42.8,1.390
42.9,1.390
42.9,1.390
43.0,1.390
42.9,1.390
42.9,1.390
42.9,1.385
42.9,1.385
42.9,1.385
42.9,1.385
42.8,1.385
42.9,1.385
42.9,1.385
42.8,1.385
42.8,1.385
42.8,1.380
42.8,1.380
42.8,1.380
42.8,1.380
42.8,1.380
42.9,1.380
42.9,1.380
42.9,1.380
42.9,1.380
42.9,1.375
42.9,1.375
42.9,1.375
42.9,1.375
42.8,1.375
42.7,1.375
42.7,1.375
42.7,1.375
42.7,1.375
42.7,1.370
42.7,1.370
42.7,1.370
42.8,1.370
42.8,1.370
42.8,1.370
42.8,1.370
42.9,1.370
42.9,1.370
42.9,1.365
42.9,1.365
42.9,1.365
42.9,1.365
42.8,1.365
42.9,1.365
42.7,1.365
42.7,1.365
42.7,1.365
42.6,1.365
42.6,1.360
42.6,1.360
42.6,1.360
42.6,1.360
42.6,1.360
42.6,1.360
42.6,1.360
42.7,1.360
42.8,1.360
42.8,1.355
42.8,1.355
42.8,1.355
42.8,1.355
42.8,1.355
42.8,1.355
42.7,1.355
42.6,1.355
42.6,1.355
42.6,1.355
42.6,1.350
42.6,1.350
42.5,1.350
42.6,1.350
42.6,1.350
42.6,1.350
42.6,1.350
42.7,1.350
42.7,1.350
42.7,1.350
42.7,1.345
42.7,1.345
42.7,1.345
42.7,1.345
42.7,1.345
42.7,1.345
42.6,1.345
42.5,1.345
42.5,1.345
42.5,1.340
42.4,1.340
42.4,1.340
42.4,1.340
42.4,1.340
42.4,1.340
42.4,1.340
42.5,1.340
42.6,1.340
42.6,1.340
42.6,1.335
42.7,1.335
42.7,1.335
42.7,1.335
42.7,1.335
42.7,1.335
42.7,1.335
42.7,1.335
42.5,1.335
42.5,1.335
42.4,1.330
42.4,1.330
42.4,1.330
42.4,1.330
42.4,1.330
42.4,1.330
42.5,1.330
42.4,1.330
42.6,1.330
42.6,1.325
42.6,1.325
42.7,1.325
42.7,1.325
42.7,1.325
42.7,1.325
42.6,1.325
42.5,1.325
42.5,1.325
42.4,1.325
42.4,1.320
42.4,1.320
42.4,1.320
42.4,1.320
42.4,1.320
42.4,1.320
42.4,1.320
42.4,1.320
42.4,1.320
42.5,1.320
42.5,1.320
42.6,1.315
42.6,1.315
42.6,1.315
42.6,1.315
42.6,1.315
42.6,1.315
42.5,1.315
42.4,1.315
42.4,1.315
42.4,1.315
42.3,1.310
42.3,1.310
42.3,1.310
42.3,1.310
42.3,1.310
42.3,1.310
42.3,1.310
42.3,1.310
42.3,1.310
42.3,1.310
42.4,1.305
42.4,1.305
42.4,1.305
42.4,1.305
42.4,1.305
42.4,1.305
42.4,1.305
42.4,1.305
42.3,1.305
42.3,1.305
42.3,1.305
42.2,1.300
42.2,1.300
42.3,1.300
42.3,1.300
42.3,1.300
42.3,1.300
42.3,1.300
42.3,1.300
42.3,1.300
42.4,1.300
42.4,1.300
42.4,1.300
42.4,1.295
42.4,1.295
42.4,1.295
42.4,1.295
42.4,1.295
42.3,1.295
42.3,1.295
42.2,1.295
42.2,1.295
42.2,1.295
42.2,1.295
42.2,1.290
42.2,1.290
42.2,1.290
42.2,1.290
42.2,1.290
42.2,1.290
42.2,1.290
42.3,1.290
42.3,1.290
42.3,1.290
42.3,1.290
42.3,1.285
42.3,1.285
42.3,1.285
42.3,1.285
42.3,1.285
42.2,1.285
42.3,1.285
42.2,1.285
42.2,1.285
42.2,1.285
42.2,1.285
42.2,1.280
42.2,1.280
42.2,1.280
42.2,1.280
42.2,1.280
42.2,1.280
42.2,1.280
42.2,1.280
42.2,1.280
42.2,1.280
42.2,1.280
42.2,1.275
42.2,1.275
42.2,1.275
42.2,1.275
42.2,1.275
42.2,1.275
42.2,1.275
42.2,1.275
42.2,1.275
42.2,1.275
42.2,1.275
42.2,1.270
42.2,1.270
42.2,1.270
42.2,1.270
42.2,1.270
42.2,1.270
42.1,1.270
42.2,1.270
42.1,1.270
42.1,1.270
42.1,1.270
42.1,1.265
42.1,1.265
42.1,1.265
42.1,1.265
42.1,1.265
42.1,1.265
42.1,1.265
42.1,1.265
42.1,1.265
42.1,1.265
42.1,1.265
42.1,1.260
42.1,1.260
42.1,1.260
42.1,1.260
42.1,1.260
42.1,1.260
42.1,1.260
42.1,1.260
42.1,1.260
42.1,1.260
42.1,1.260
42.1,1.255
42.1,1.255
42.1,1.255
42.1,1.255
42.1,1.255
42.1,1.255
42.1,1.255
42.1,1.255
42.1,1.255
42.1,1.255
42.1,1.255
42.1,1.255
42.1,1.250
42.1,1.250
42.1,1.250
42.1,1.250
42.1,1.250
42.1,1.250
42.1,1.250
42.0,1.250
42.0,1.250
42.0,1.250
42.0,1.250
42.0,1.245
42.0,1.245
42.0,1.245
42.0,1.245
42.0,1.245
42.0,1.245
42.0,1.245
42.0,1.245
42.0,1.245
42.0,1.245
42.0,1.245
42.0,1.245
42.0,1.245
42.0,1.240
42.0,1.240
41.9,1.240
41.9,1.240
41.9,1.240
41.9,1.240
41.9,1.240
41.9,1.240
41.9,1.240
41.9,1.240
41.9,1.240
41.9,1.240
41.9,1.240
41.9,1.235
41.9,1.235
41.9,1.235
42.0,1.235
42.0,1.235
42.0,1.235
42.0,1.235
42.0,1.235
41.8,1.235
41.8,1.235
41.8,1.235
41.8,1.235
41.8,1.230
41.8,1.230
41.8,1.230
41.8,1.230
41.8,1.230
41.8,1.230
41.8,1.230
41.9,1.230
41.9,1.230
41.9,1.230
41.9,1.230
41.9,1.230
41.9,1.225
41.9,1.225
41.9,1.225
41.8,1.225
41.9,1.225
41.8,1.225
41.8,1.225
41.8,1.225
41.8,1.225
41.8,1.225
41.8,1.225
41.8,1.225
41.8,1.220
41.8,1.220
41.8,1.220
41.8,1.220
41.8,1.220
41.8,1.220
41.9,1.220
41.9,1.220
41.9,1.220
41.8,1.220
41.8,1.220
41.8,1.220
41.7,1.220
41.7,1.215
41.7,1.215
41.7,1.215
41.7,1.215
41.7,1.215
41.7,1.215
41.8,1.215
41.8,1.215
41.8,1.215
41.8,1.215
41.8,1.215
41.8,1.215
41.8,1.215
41.8,1.210
41.8,1.210
41.8,1.210
41.8,1.210
41.8,1.210
41.8,1.210
41.8,1.210
41.8,1.210
41.8,1.210
41.8,1.210
41.8,1.210
41.8,1.210
41.8,1.210
41.8,1.205
41.8,1.205
41.8,1.205
41.8,1.205
41.8,1.205
41.8,1.205
41.8,1.205
41.8,1.205
41.7,1.205
41.7,1.205
41.7,1.205
41.7,1.205
41.7,1.200
41.7,1.200
41.7,1.200
41.7,1.200
41.7,1.200
41.7,1.200
41.7,1.200
41.7,1.200
41.8,1.200
41.8,1.200
41.8,1.200
41.8,1.200
41.8,1.200
41.8,1.200
41.8,1.195
41.8,1.195
41.8,1.195
41.7,1.195
41.7,1.195
41.7,1.195
41.7,1.195
41.7,1.195
41.7,1.195
41.7,1.195
41.7,1.195
41.7,1.195
41.7,1.195
41.7,1.195
41.7,1.190
41.7,1.190
41.7,1.190
41.7,1.190
41.7,1.190
41.7,1.190
41.7,1.190
41.7,1.190
41.7,1.190
41.7,1.190
41.7,1.190
41.6,1.190
41.6,1.190
41.6,1.185
41.6,1.185
41.6,1.185
41.6,1.185
41.6,1.185
41.6,1.185
41.6,1.185
41.7,1.185
41.7,1.185
41.7,1.185
41.7,1.185
41.7,1.185
41.6,1.180
41.5,1.180
41.5,1.180
41.5,1.180
41.5,1.180
41.5,1.180
41.5,1.180
41.5,1.180
41.6,1.180
41.6,1.180
41.6,1.180
41.6,1.180
41.6,1.180
41.6,1.180
41.6,1.175
41.6,1.175
41.6,1.175
41.6,1.175
41.6,1.175
41.6,1.175
41.5,1.175
41.6,1.175
41.5,1.175
41.5,1.175
41.5,1.175
41.5,1.175
41.5,1.175
41.5,1.170
41.5,1.170
41.5,1.170
41.5,1.170
41.5,1.170
41.5,1.170
41.5,1.170
41.5,1.170
41.5,1.170
41.5,1.170
41.5,1.170
41.5,1.165
41.5,1.165
41.5,1.165
41.5,1.165
41.5,1.165
41.5,1.165
41.5,1.165
41.5,1.165
41.5,1.165
41.5,1.165
41.5,1.165
41.5,1.165
41.5,1.165
41.5,1.160
41.5,1.160
41.5,1.160
41.5,1.160
41.5,1.160
41.5,1.160
41.5,1.160
41.5,1.160
41.5,1.160
41.5,1.160
41.5,1.160
41.5,1.160
41.5,1.160
41.4,1.155
41.4,1.155
41.4,1.155
41.4,1.155
41.4,1.155
41.4,1.155
41.4,1.155
41.4,1.155
41.4,1.155
41.4,1.155
41.4,1.155
41.4,1.155
41.4,1.155
41.4,1.150
41.4,1.150
41.4,1.150
41.4,1.150
41.4,1.150
41.4,1.150
41.4,1.150
41.4,1.150
41.4,1.150
41.4,1.150
41.4,1.150
41.4,1.150
41.4,1.150
41.4,1.145
41.4,1.145
41.4,1.145
41.4,1.145
41.4,1.145
41.4,1.145
41.4,1.145
41.4,1.145
41.4,1.145
41.4,1.145
41.4,1.145
41.4,1.145
41.4,1.145
41.4,1.145
41.3,1.140
41.3,1.140
41.3,1.140
41.3,1.140
41.3,1.140
41.3,1.140
41.3,1.140
41.3,1.140
41.3,1.140
41.3,1.140
41.3,1.140
41.3,1.140
41.3,1.140
41.3,1.140
41.3,1.140
41.3,1.135
41.3,1.135
41.3,1.135
41.3,1.135
41.3,1.135
41.3,1.135
41.3,1.135
41.3,1.135
41.3,1.135
41.3,1.135
41.3,1.135
41.3,1.135
41.3,1.135
41.3,1.135
41.3,1.135
41.3,1.130
41.3,1.130
41.3,1.130
41.3,1.130
41.3,1.130
41.3,1.130
41.3,1.130
41.3,1.130
41.3,1.130
41.3,1.130
41.3,1.130
41.3,1.130
41.3,1.130
41.3,1.130
41.3,1.130
41.3,1.130
41.3,1.130
41.3,1.125
41.3,1.125
41.3,1.125
41.3,1.125
41.3,1.125
41.3,1.125
41.3,1.125
41.3,1.125
41.3,1.125
41.3,1.125
41.2,1.125
41.2,1.125
41.2,1.125
41.2,1.125
41.2,1.125
41.2,1.125
41.2,1.125
41.2,1.120
41.2,1.120
41.2,1.120
41.2,1.120
41.2,1.120
41.2,1.120
41.2,1.120
41.2,1.120
41.2,1.120
41.2,1.120
41.2,1.120
41.2,1.120
41.2,1.120
41.2,1.120
41.2,1.120
41.2,1.120
41.2,1.120
41.2,1.120
41.2,1.115
41.2,1.115
41.2,1.115
41.2,1.115
41.2,1.115
41.2,1.115
41.2,1.115
41.2,1.115
41.2,1.115
41.2,1.115
41.2,1.115
41.2,1.115
41.2,1.115
41.2,1.115
41.2,1.115
41.2,1.115
41.2,1.115
41.2,1.115
41.2,1.115
41.2,1.115
41.2,1.110
41.1,1.110
41.1,1.110
41.1,1.110
41.1,1.110
41.1,1.110
41.1,1.110
41.1,1.110
41.1,1.110
41.1,1.110
41.2,1.110
41.2,1.110
41.2,1.110
41.2,1.110
41.2,1.110
41.1,1.110
41.1,1.110
41.1,1.110
41.1,1.110
41.1,1.105
41.1,1.105
41.1,1.105
41.1,1.105
41.1,1.105
41.1,1.105
41.1,1.105
41.1,1.105
41.2,1.105
41.2,1.105
41.2,1.105
41.1,1.105
41.1,1.105
41.1,1.105
41.1,1.105
41.1,1.105
41.1,1.105
41.1,1.105
41.1,1.105
41.1,1.105
41.1,1.100
41.1,1.100
41.1,1.100
41.1,1.100
41.1,1.100
41.2,1.100
41.2,1.100
41.2,1.100
41.2,1.100
41.2,1.100
41.2,1.100
41.1,1.100
41.0,1.100
41.0,1.100
41.0,1.100
41.0,1.100
41.0,1.100
41.0,1.100
41.0,1.100
41.0,1.100
41.0,1.100
41.1,1.100
41.1,1.095
41.1,1.095
41.1,1.095
41.1,1.095
41.1,1.095
41.1,1.095
41.1,1.095
41.1,1.095
41.0,1.095
41.0,1.095
41.0,1.095
41.0,1.095
40.9,1.095
41.0,1.095
41.0,1.095
41.0,1.095
41.0,1.095
41.0,1.095
41.0,1.095
41.0,1.095
41.0,1.095
41.0,1.095
41.1,1.090
41.0,1.090
41.0,1.090
41.0,1.090
41.0,1.090
41.0,1.090
41.0,1.090
41.0,1.090
41.0,1.090
41.0,1.090
41.0,1.090
41.0,1.090
41.0,1.090
41.0,1.090
41.0,1.090
41.0,1.090
41.0,1.090
41.0,1.090
41.0,1.090
41.0,1.090
41.0,1.085
41.0,1.085
41.0,1.085
41.0,1.085
41.0,1.085
41.0,1.085
41.0,1.085
41.0,1.085
41.0,1.085
41.0,1.085
41.0,1.085
41.0,1.085
40.9,1.085
40.9,1.085
40.9,1.085
40.9,1.085
40.9,1.085
40.9,1.085
40.9,1.085
40.9,1.085
40.9,1.085
40.9,1.085
41.0,1.080
41.0,1.080
41.0,1.080
41.0,1.080
41.0,1.080
41.0,1.080
41.0,1.080
41.0,1.080
40.9,1.080
40.8,1.080
40.8,1.080
40.8,1.080
40.8,1.080
40.8,1.080
40.8,1.080
40.8,1.080
40.8,1.080
40.8,1.080
40.8,1.080
40.9,1.080
40.9,1.080
40.9,1.080
40.9,1.075
40.9,1.075
40.9,1.075
40.9,1.075
40.9,1.075
40.9,1.075
40.9,1.075
40.9,1.075
40.9,1.075
40.9,1.075
40.9,1.075
40.9,1.075
40.9,1.075
40.9,1.075
40.9,1.075
40.9,1.075
40.9,1.075
40.9,1.075
40.9,1.075
40.9,1.075
40.9,1.075
40.9,1.070
40.9,1.070
40.9,1.070
40.9,1.070
40.9,1.070
40.9,1.070
40.9,1.070
40.8,1.070
40.8,1.070
40.8,1.070
40.8,1.070
40.8,1.070
40.8,1.070
40.8,1.070
40.8,1.070
40.8,1.070
40.8,1.070
40.8,1.070
40.9,1.070
40.9,1.070
40.9,1.070
40.9,1.065
40.8,1.065
40.8,1.065
40.8,1.065
40.8,1.065
40.8,1.065
40.8,1.065
40.8,1.065
40.8,1.065
40.8,1.065
40.8,1.065
40.8,1.065
40.8,1.065
40.8,1.065
40.8,1.065
40.8,1.065
40.7,1.065
40.8,1.065
40.8,1.065
40.7,1.065
40.7,1.060
40.7,1.060
40.7,1.060
40.7,1.060
40.7,1.060
40.8,1.060
40.8,1.060
40.8,1.060
40.8,1.060
40.8,1.060
40.8,1.060
40.8,1.060
40.8,1.060
40.8,1.060
40.8,1.060
40.8,1.060
40.8,1.060
40.8,1.060
40.8,1.060
40.8,1.060
40.8,1.055
40.8,1.055
40.8,1.055
40.8,1.055
40.8,1.055
40.8,1.055
40.8,1.055
40.8,1.055
40.8,1.055
40.8,1.055
40.8,1.055
40.8,1.055
40.8,1.055
40.8,1.055
40.8,1.055
40.8,1.055
40.7,1.055
40.7,1.055
40.7,1.055
40.7,1.050
40.7,1.050
40.7,1.050
40.7,1.050
40.7,1.050
40.7,1.050
40.7,1.050
40.7,1.050
40.7,1.050
40.7,1.050
40.7,1.050
40.7,1.050
40.7,1.050
40.7,1.050
40.7,1.050
40.7,1.050
40.7,1.050
40.7,1.050
40.7,1.050
40.7,1.045
40.7,1.045
40.7,1.045
40.7,1.045
40.7,1.045
40.7,1.045
40.7,1.045
40.7,1.045
40.7,1.045
40.7,1.045
40.7,1.045
40.7,1.045
40.7,1.045
40.7,1.045
40.7,1.045
40.7,1.045
40.7,1.045
40.7,1.040
40.7,1.040
40.6,1.040
40.6,1.040
40.6,1.040
40.6,1.040
40.6,1.040
40.6,1.040
40.6,1.040
40.6,1.040
40.6,1.040
40.6,1.040
40.6,1.040
40.6,1.040
40.6,1.040
40.6,1.040
40.6,1.040
40.6,1.040
40.6,1.035
40.6,1.035
40.6,1.035
40.6,1.035
40.6,1.035
40.6,1.035
40.6,1.035
40.6,1.035
40.6,1.035
40.6,1.035
40.6,1.035
40.6,1.035
40.6,1.035
40.6,1.035
40.6,1.035
40.6,1.035
40.6,1.035
40.6,1.035
40.6,1.030
40.6,1.030
40.6,1.030
40.6,1.030
40.6,1.030
40.6,1.030
40.6,1.030
40.6,1.030
40.6,1.030
40.6,1.030
40.6,1.030
40.6,1.030
40.6,1.030
40.6,1.030
40.6,1.030
40.6,1.030
40.6,1.030
40.6,1.025
40.6,1.025
40.6,1.025
40.6,1.025
40.6,1.025
40.6,1.025
40.6,1.025
40.6,1.025
40.6,1.025
40.5,1.025
40.5,1.025
40.5,1.025
40.5,1.025
40.5,1.025
40.5,1.025
40.5,1.025
40.5,1.020
40.5,1.020
40.5,1.020
40.5,1.020
40.5,1.020
40.5,1.020
40.5,1.020
40.6,1.020
40.6,1.020
40.6,1.020
40.6,1.020
40.6,1.020
40.6,1.020
40.6,1.020
40.6,1.020
40.6,1.015
40.6,1.015
40.6,1.015
40.6,1.015
40.6,1.015
40.6,1.015
40.6,1.015
40.6,1.015
40.6,1.015
40.6,1.015
40.6,1.015
40.5,1.015
40.5,1.015
40.5,1.015
40.5,1.015
40.5,1.015
40.5,1.010
40.5,1.010
40.5,1.010
40.5,1.010
40.5,1.010
40.5,1.010
40.5,1.010
40.5,1.010
40.5,1.010
40.5,1.010
40.5,1.010
40.5,1.010
40.5,1.010
40.5,1.010
40.6,1.005
40.5,1.005
40.5,1.005
40.5,1.005
40.4,1.005
40.4,1.005
40.4,1.005
40.4,1.005
40.4,1.005
40.4,1.005
40.4,1.005
40.4,1.005
40.4,1.005
40.4,1.005
40.4,1.005
40.4,1.000
40.5,1.000
40.5,1.000
40.5,1.000
40.5,1.000
40.5,1.000
40.5,1.000
40.5,1.000
40.4,1.000
40.5,1.000
40.4,1.000
40.4,1.000
40.3,1.000
40.3,1.000
40.3,1.000
40.3,1.000
40.3,0.995
40.3,0.995
40.4,0.995
40.4,0.995
40.5,0.995
40.5,0.995
40.5,0.995
40.5,0.995
40.5,0.995
40.5,0.995
40.5,0.995
40.5,0.995
40.4,0.995
40.4,0.995
40.4,0.995
40.4,0.995
40.4,0.995
40.4,0.990
40.4,0.990
40.3,0.990
40.3,0.990
40.3,0.990
40.3,0.990
40.3,0.990
40.3,0.990
40.3,0.990
40.3,0.990
40.3,0.990
40.3,0.990
40.3,0.990
40.3,0.990
40.3,0.990
40.3,0.990
40.3,0.985
40.3,0.985
40.3,0.985
40.3,0.985
40.3,0.985
40.3,0.985
40.3,0.985
40.3,0.985
40.3,0.985
40.3,0.985
40.3,0.985
40.3,0.985
40.3,0.985
40.3,0.985
40.3,0.985
40.3,0.980
40.3,0.980
40.3,0.980
40.3,0.980
40.3,0.980
40.3,0.980
40.2,0.980
40.2,0.980
40.2,0.980
40.2,0.980
40.2,0.980
40.2,0.980
40.2,0.980
40.2,0.980
40.2,0.980
40.2,0.980
40.2,0.975
40.2,0.975
40.2,0.975
40.2,0.975
40.2,0.975
40.2,0.975
40.2,0.975
40.2,0.975
40.2,0.975
40.2,0.975
40.2,0.975
40.2,0.975
40.2,0.975
40.2,0.975
40.2,0.975
40.2,0.970
40.2,0.970
40.2,0.970
40.2,0.970
40.2,0.970
40.2,0.970
40.2,0.970
40.2,0.970
40.2,0.970
40.2,0.970
40.2,0.970
40.2,0.970
40.2,0.970
40.2,0.970
40.2,0.970
40.2,0.965
40.2,0.965
40.2,0.965
40.2,0.965
40.2,0.965
40.2,0.965
40.2,0.965
40.2,0.965
40.2,0.965
40.2,0.965
40.2,0.965
40.1,0.965
40.1,0.965
40.1,0.965
40.1,0.960
40.1,0.960
40.1,0.960
40.1,0.960
40.1,0.960
40.1,0.960
40.1,0.960
40.1,0.960
40.1,0.960
40.1,0.960
40.1,0.960
40.2,0.960
40.2,0.960
40.2,0.960
40.2,0.960
40.2,0.955
40.1,0.955
40.1,0.955
40.1,0.955
40.1,0.955
40.1,0.955
40.1,0.955
40.1,0.955
40.1,0.955
40.1,0.955
40.1,0.955
40.1,0.955
40.2,0.955
40.2,0.955
40.2,0.955
40.2,0.950
40.2,0.950
40.2,0.950
40.2,0.950
40.2,0.950
40.2,0.950
40.1,0.950
40.1,0.950
40.0,0.950
40.0,0.950
40.0,0.950
39.9,0.950
39.9,0.950
39.9,0.950
39.9,0.945
39.9,0.945
40.0,0.945
40.1,0.945
40.1,0.945
40.1,0.945
40.2,0.945
40.2,0.945
40.2,0.945
40.2,0.945
40.1,0.945
40.1,0.945
40.0,0.945
40.0,0.945
40.0,0.940
39.9,0.940
39.9,0.940
39.9,0.940
39.9,0.940
39.9,0.940
39.9,0.940
39.9,0.940
40.0,0.940
40.0,0.940
40.0,0.940
40.1,0.940
40.1,0.940
40.1,0.940
40.1,0.935
40.1,0.935
40.1,0.935
40.1,0.935
40.0,0.935
39.9,0.935
39.9,0.935
39.9,0.935
39.9,0.935
39.9,0.935
39.9,0.935
39.9,0.935
39.9,0.935
39.9,0.935
39.9,0.930
40.0,0.930
40.0,0.930
40.1,0.930
40.1,0.930
40.0,0.930
40.0,0.930
40.0,0.930
40.0,0.930
40.0,0.930
40.0,0.930
40.0,0.930
39.9,0.925
39.9,0.925
39.9,0.925
39.9,0.925
39.9,0.925
39.9,0.925
39.9,0.925
39.9,0.925
39.9,0.925
39.9,0.925
39.9,0.925
39.9,0.925
39.9,0.925
39.9,0.920
39.9,0.920
39.9,0.920
39.9,0.920
39.9,0.920
39.9,0.920
39.9,0.920
39.9,0.920
39.9,0.920
39.8,0.920
39.8,0.920
39.8,0.920
39.8,0.920
39.8,0.915
39.8,0.915
39.8,0.915
39.8,0.915
39.8,0.915
39.8,0.915
39.8,0.915
39.8,0.915
39.8,0.915
39.8,0.915
39.8,0.915
39.8,0.915
39.9,0.910
39.9,0.910
39.9,0.910
39.8,0.910
39.8,0.910
39.8,0.910
39.7,0.910
39.7,0.910
39.7,0.910
39.7,0.910
39.7,0.910
39.7,0.910
39.7,0.905
39.7,0.905
39.8,0.905
39.8,0.905
39.8,0.905
39.8,0.905
39.8,0.905
39.8,0.905
39.8,0.905
39.8,0.905
39.8,0.905
39.8,0.900
39.8,0.900
39.8,0.900
39.8,0.900
39.7,0.900
39.7,0.900
39.7,0.900
39.7,0.900
39.7,0.900
39.7,0.900
39.7,0.900
39.7,0.900
39.7,0.895
39.7,0.895
39.7,0.895
39.7,0.895
39.7,0.895
39.7,0.895
39.7,0.895
39.7,0.895
39.7,0.895
39.7,0.895
39.7,0.895
39.7,0.895
39.7,0.890
39.7,0.890
39.7,0.890
39.7,0.890
39.7,0.890
39.7,0.890
39.7,0.890
39.7,0.890
39.7,0.890
39.7,0.890
39.7,0.890
39.7,0.885
39.7,0.885
39.7,0.885
39.7,0.885
39.7,0.885
39.7,0.885
39.7,0.885
39.7,0.885
39.7,0.885
39.7,0.885
39.7,0.885
39.7,0.880
39.6,0.880
39.6,0.880
39.6,0.880
39.6,0.880
39.6,0.880
39.6,0.880
39.6,0.880
39.6,0.880
39.6,0.880
39.6,0.880
39.6,0.875
39.6,0.875
39.6,0.875
39.6,0.875
39.6,0.875
39.6,0.875
39.5,0.875
39.5,0.875
39.5,0.875
39.5,0.875
39.5,0.875
39.5,0.870
39.5,0.870
39.5,0.870
39.5,0.870
39.5,0.870
39.5,0.870
39.5,0.870
39.5,0.870
39.5,0.870
39.5,0.870
39.5,0.870
39.5,0.865
39.5,0.865
39.5,0.865
39.5,0.865
39.5,0.865
39.5,0.865
39.4,0.865
39.4,0.865
39.5,0.865
39.5,0.865
39.5,0.865
39.5,0.860
39.5,0.860
39.5,0.860
39.5,0.860
39.5,0.860
39.5,0.860
39.5,0.860
39.5,0.860
39.5,0.860
39.5,0.860
39.5,0.860
39.5,0.855
39.4,0.855
39.4,0.855
39.4,0.855
39.4,0.855
39.4,0.855
39.4,0.855
39.4,0.855
39.4,0.855
39.5,0.855
39.4,0.855
39.4,0.850
39.4,0.850
39.4,0.850
39.5,0.850
39.5,0.850
39.4,0.850
39.4,0.850
39.4,0.850
39.4,0.850
39.4,0.850
39.4,0.850
39.4,0.845
39.4,0.845
39.4,0.845
39.4,0.845
39.4,0.845
39.4,0.845
39.4,0.845
39.4,0.845
39.4,0.845
39.4,0.845
39.4,0.845
39.4,0.845
39.4,0.840
39.4,0.840
39.4,0.840
39.3,0.840
39.3,0.840
39.3,0.840
39.3,0.840
39.3,0.840
39.3,0.840
39.3,0.840
39.3,0.840
39.4,0.840
39.4,0.835
39.4,0.835
39.4,0.835
39.4,0.835
39.4,0.835
39.4,0.835
39.4,0.835
39.3,0.835
39.3,0.835
39.2,0.835
39.2,0.835
39.2,0.835
39.2,0.830
39.2,0.830
39.2,0.830
39.3,0.830
39.4,0.830
39.4,0.830
39.4,0.830
39.4,0.830
39.4,0.830
39.4,0.830
39.4,0.830
39.3,0.830
39.3,0.825
39.3,0.825
39.2,0.825
39.2,0.825
39.2,0.825
39.2,0.825
39.2,0.825
39.2,0.825
39.2,0.825
39.2,0.825
39.2,0.825
39.3,0.825
39.3,0.825
39.4,0.820
39.4,0.820
39.4,0.820
39.4,0.820
39.4,0.820
39.3,0.820
39.3,0.820
39.2,0.820
39.2,0.820
39.2,0.820
39.1,0.820
39.1,0.820
39.1,0.820
39.1,0.820
39.1,0.815
39.1,0.815
39.1,0.815
39.1,0.815
39.1,0.815
39.3,0.815
39.3,0.815
39.3,0.815
39.3,0.815
39.3,0.815
39.3,0.815
39.3,0.815
39.2,0.815
39.2,0.815
39.1,0.810
39.1,0.810
39.1,0.810
39.1,0.810
39.1,0.810
39.1,0.810
39.1,0.810
39.1,0.810
39.1,0.810
39.1,0.810
39.1,0.810
39.1,0.810
39.2,0.810
39.2,0.810
39.2,0.810
39.2,0.805
39.2,0.805
39.2,0.805
39.2,0.805
39.2,0.805
39.2,0.805
39.1,0.805
39.0,0.805
39.0,0.805
39.0,0.805
39.0,0.805
39.0,0.805
39.0,0.805
39.0,0.805
39.0,0.805
39.0,0.800
39.2,0.800
39.2,0.800
39.2,0.800
39.2,0.800
39.2,0.800
39.2,0.800
39.2,0.800
39.1,0.800
39.1,0.800
39.0,0.800
39.0,0.800
38.9,0.800
38.9,0.800
38.9,0.800
38.9,0.800
38.9,0.795
38.9,0.795
38.9,0.795
39.1,0.795
39.1,0.795
39.1,0.795
39.1,0.795
39.1,0.795
39.1,0.795
39.1,0.795
39.0,0.795
39.1,0.795
39.0,0.795
39.1,0.795
39.0,0.795
39.0,0.795
39.0,0.795
39.0,0.790
39.0,0.790
39.0,0.790
39.0,0.790
39.0,0.790
39.0,0.790
39.0,0.790
39.0,0.790
39.1,0.790
39.1,0.790
39.1,0.790
39.1,0.790
39.1,0.790
39.1,0.790
39.1,0.790
39.1,0.790
39.1,0.785
39.1,0.785
39.0,0.785
39.0,0.785
39.0,0.785
39.0,0.785
39.0,0.785
39.0,0.785
39.0,0.785
39.0,0.785
39.0,0.785
39.0,0.785
39.0,0.785
39.0,0.785
39.0,0.785
39.0,0.780
39.0,0.780
39.0,0.780
39.0,0.780
39.0,0.780
39.0,0.780
39.0,0.780
39.0,0.780
39.0,0.780
39.0,0.780
39.0,0.780
39.0,0.780
38.9,0.780
38.9,0.780
38.9,0.780
38.9,0.780
38.9,0.775
38.9,0.775
38.9,0.775
38.9,0.775
38.9,0.775
38.9,0.775
38.9,0.775
38.9,0.775
38.9,0.775
38.9,0.775
38.9,0.775
38.9,0.775
38.9,0.775
38.9,0.775
38.9,0.775
38.9,0.770
38.9,0.770
38.9,0.770
38.9,0.770
38.8,0.770
38.8,0.770
38.8,0.770
38.8,0.770
38.8,0.770
38.8,0.770
38.9,0.770
38.9,0.770
38.9,0.765
38.9,0.765
38.9,0.765
38.9,0.765
38.9,0.765
38.8,0.765
38.8,0.765
38.8,0.765
38.7,0.765
38.7,0.765
38.7,0.765
38.7,0.765
38.7,0.765
38.7,0.765
38.7,0.760
38.7,0.760
38.7,0.760
38.7,0.760
38.7,0.760
38.7,0.760
38.8,0.760
38.8,0.760
38.8,0.760
38.8,0.760
38.8,0.760
38.8,0.760
38.8,0.760
38.8,0.760
38.8,0.755
38.8,0.755
38.8,0.755
38.8,0.755
38.8,0.755
38.8,0.755
38.8,0.755
38.8,0.755
38.8,0.755
38.7,0.755
38.7,0.755
38.7,0.755
38.7,0.755
38.7,0.755
38.7,0.750
38.7,0.750
38.7,0.750
38.7,0.750
38.8,0.750
38.8,0.750
38.8,0.750
38.8,0.750
38.8,0.750
38.8,0.750
38.8,0.750
38.8,0.750
38.8,0.750
38.8,0.750
38.8,0.745
38.8,0.745
38.8,0.745
38.7,0.745
38.7,0.745
38.7,0.745
38.7,0.745
38.7,0.745
38.7,0.745
38.7,0.745
38.7,0.745
38.7,0.745
38.7,0.745
38.7,0.745
38.7,0.745
38.7,0.740
38.7,0.740
38.7,0.740
38.7,0.740
38.7,0.740
38.7,0.740
38.7,0.740
38.7,0.740
38.7,0.740
38.7,0.740
38.7,0.740
38.7,0.740
38.7,0.740
38.7,0.740
38.7,0.740
38.7,0.740
38.7,0.735
38.7,0.735
38.7,0.735
38.7,0.735
38.7,0.735
38.7,0.735
38.7,0.735
38.7,0.735
38.7,0.735
38.7,0.735
38.7,0.735
38.7,0.735
38.7,0.735
38.7,0.735
38.7,0.735
38.7,0.735
38.7,0.730
38.7,0.730
38.7,0.730
38.7,0.730
38.7,0.730
38.7,0.730
38.7,0.730
38.7,0.730
38.7,0.730
38.7,0.730
38.7,0.730
38.7,0.730
38.7,0.730
38.7,0.730
38.7,0.730
38.6,0.730
38.6,0.730
38.6,0.725
38.6,0.725
38.6,0.725
38.6,0.725
38.6,0.725
38.6,0.725
38.6,0.725
38.6,0.725
38.6,0.725
38.6,0.725
38.6,0.725
38.6,0.725
38.6,0.725
38.6,0.725
38.6,0.725
38.6,0.725
38.6,0.725
38.6,0.720
38.6,0.720
38.6,0.720
38.6,0.720
38.6,0.720
38.6,0.720
38.6,0.720
38.6,0.720
38.6,0.720
38.6,0.720
38.6,0.720
38.6,0.720
38.6,0.720
38.6,0.720
38.6,0.720
38.6,0.720
38.6,0.720
38.6,0.720
38.6,0.715
38.6,0.715
38.6,0.715
38.6,0.715
38.6,0.715
38.6,0.715
38.6,0.715
38.6,0.715
38.6,0.715
38.6,0.715
38.6,0.715
38.6,0.715
38.6,0.715
38.6,0.715
38.6,0.715
38.6,0.715
38.6,0.715
38.6,0.710
38.6,0.710
38.6,0.710
38.6,0.710
38.6,0.710
38.5,0.710
38.5,0.710
38.5,0.710
38.5,0.710
38.5,0.710
38.5,0.710
38.5,0.710
38.5,0.710
38.5,0.710
38.5,0.710
38.5,0.710
38.5,0.710
38.5,0.705
38.5,0.705
38.5,0.705
38.5,0.705
38.5,0.705
38.5,0.705
38.5,0.705
38.5,0.705
38.5,0.705
38.5,0.705
38.5,0.705
38.5,0.705
38.5,0.705
38.5,0.705
38.5,0.705
38.5,0.705
38.5,0.700
38.5,0.700
38.5,0.700
38.5,0.700
38.5,0.700
38.5,0.700
38.5,0.700
38.5,0.700
38.5,0.700
38.5,0.700
38.5,0.700
38.5,0.700
38.5,0.700
38.5,0.700
38.5,0.700
38.5,0.700
38.4,0.700
38.4,0.695
38.4,0.695
38.4,0.695
38.4,0.695
38.4,0.695
38.4,0.695
38.4,0.695
38.4,0.695
38.4,0.695
38.4,0.695
38.4,0.695
38.4,0.695
38.4,0.695
38.4,0.695
38.4,0.695
38.4,0.695
38.4,0.695
38.4,0.695
38.4,0.690
38.4,0.690
38.4,0.690
38.4,0.690
38.4,0.690
38.4,0.690
38.4,0.690
38.4,0.690
38.4,0.690
38.4,0.690
38.4,0.690
38.4,0.690
38.4,0.690
38.4,0.690
38.4,0.690
38.4,0.690
38.4,0.685
38.4,0.685
38.4,0.685
38.4,0.685
38.4,0.685
38.4,0.685
38.4,0.685
38.4,0.685
38.4,0.685
38.4,0.685
38.4,0.685
38.4,0.685
38.4,0.685
38.4,0.685
38.4,0.685
38.4,0.685
38.4,0.685
38.4,0.685
38.4,0.685
38.4,0.680
38.4,0.680
38.3,0.680
38.3,0.680
38.3,0.680
38.3,0.680
38.3,0.680
38.3,0.680
38.3,0.680
38.3,0.680
38.3,0.680
38.3,0.680
38.3,0.680
38.4,0.680
38.4,0.680
38.4,0.680
38.4,0.680
38.4,0.680
38.4,0.680
38.4,0.680
38.4,0.680
38.4,0.675
38.3,0.675
38.3,0.675
38.3,0.675
38.3,0.675
38.3,0.675
38.3,0.675
38.3,0.675
38.3,0.675
38.3,0.675
38.3,0.675
38.3,0.675
38.3,0.675
38.3,0.675
38.3,0.675
38.3,0.675
38.3,0.675
38.3,0.675
38.3,0.675
38.3,0.675
38.3,0.670
38.3,0.670
38.3,0.670
38.3,0.670
38.3,0.670
38.3,0.670
38.3,0.670
38.3,0.670
38.3,0.670
38.3,0.670
38.4,0.670
38.3,0.670
38.3,0.670
38.3,0.670
38.3,0.670
38.3,0.670
38.3,0.670
38.3,0.670
38.3,0.670
38.3,0.670
38.3,0.665
38.3,0.665
38.3,0.665
38.3,0.665
38.3,0.665
38.3,0.665
38.2,0.665
38.2,0.665
38.2,0.665
38.2,0.665
38.2,0.665
38.2,0.665
38.2,0.665
38.3,0.665
38.3,0.665
38.3,0.665
38.3,0.665
38.3,0.665
38.3,0.665
38.3,0.665
38.3,0.660
38.2,0.660
38.2,0.660
38.2,0.660
38.2,0.660
38.2,0.660
38.2,0.660
38.2,0.660
38.2,0.660
38.2,0.660
38.2,0.660
38.2,0.660
38.2,0.660
38.2,0.660
38.2,0.660
38.2,0.660
38.2,0.660
38.2,0.660
38.2,0.660
38.2,0.660
38.1,0.660
38.1,0.655
38.1,0.655
38.1,0.655
38.1,0.655
38.1,0.655
38.1,0.655
38.1,0.655
38.1,0.655
38.1,0.655
38.2,0.655
38.2,0.655
38.2,0.655
38.2,0.655
38.2,0.655
38.2,0.655
38.2,0.655
38.2,0.655
38.2,0.655
38.2,0.655
38.1,0.655
38.1,0.650
38.1,0.650
38.1,0.650
38.1,0.650
38.1,0.650
38.1,0.650
38.1,0.650
38.2,0.650
38.2,0.650
38.2,0.650
38.2,0.650
38.2,0.650
38.2,0.650
38.2,0.650
38.2,0.650
38.2,0.650
38.1,0.650
38.1,0.650
38.1,0.650
38.1,0.650
38.0,0.645
38.0,0.645
38.0,0.645
38.1,0.645
38.0,0.645
38.0,0.645
38.1,0.645
38.1,0.645
38.1,0.645
38.1,0.645
38.1,0.645
38.1,0.645
38.1,0.645
38.1,0.645
38.1,0.645
38.0,0.645
38.1,0.645
38.1,0.645
38.1,0.645
38.1,0.640
38.1,0.640
38.1,0.640
38.0,0.640
38.0,0.640
38.0,0.640
38.0,0.640
38.0,0.640
38.0,0.640
38.0,0.640
38.0,0.640
38.0,0.640
38.0,0.640
38.0,0.640
38.0,0.640
38.0,0.640
38.0,0.640
38.0,0.640
38.0,0.640
38.0,0.640
38.0,0.635
38.0,0.635
38.0,0.635
38.0,0.635
38.0,0.635
38.0,0.635
38.0,0.635
38.0,0.635
38.0,0.635
38.0,0.635
38.0,0.635
38.0,0.635
38.0,0.635
38.0,0.635
38.0,0.635
38.0,0.635
38.0,0.635
38.0,0.635
38.0,0.635
38.0,0.635
38.0,0.630
38.0,0.630
38.0,0.630
38.0,0.630
38.0,0.630
38.0,0.630
38.0,0.630
38.0,0.630
38.0,0.630
38.0,0.630
38.0,0.630
38.0,0.630
38.0,0.630
38.0,0.630
38.0,0.630
38.0,0.630
38.0,0.630
38.0,0.630
38.0,0.630
38.0,0.630
38.0,0.625
38.0,0.625
38.0,0.625
38.0,0.625
38.0,0.625
38.0,0.625
38.0,0.625
38.0,0.625
38.0,0.625
38.1,0.625
38.1,0.625
38.1,0.625
38.1,0.625
38.1,0.625
38.1,0.625
38.0,0.625
38.0,0.625
37.9,0.625
37.9,0.620
37.9,0.620
37.9,0.620
37.9,0.620
37.9,0.620
37.9,0.620
37.9,0.620
37.9,0.620
37.9,0.620
38.0,0.620
38.0,0.620
38.0,0.620
38.0,0.620
38.0,0.620
38.0,0.620
38.0,0.620
38.0,0.620
38.0,0.620
38.0,0.620
38.0,0.615
38.0,0.615
37.9,0.615
37.9,0.615
37.9,0.615
37.9,0.615
37.9,0.615
37.9,0.615
38.0,0.615
38.0,0.615
38.0,0.615
38.0,0.615
38.0,0.615
38.0,0.615
38.0,0.615
38.0,0.615
38.0,0.615
38.0,0.615
38.0,0.610
38.0,0.610
37.9,0.610
37.9,0.610
37.9,0.610
37.9,0.610
37.9,0.610
37.9,0.610
37.9,0.610
37.9,0.610
37.9,0.610
37.9,0.610
38.0,0.610
38.0,0.610
38.0,0.610
38.0,0.610
38.0,0.605
37.9,0.605
37.9,0.605
37.9,0.605
37.9,0.605
37.9,0.605
37.9,0.605
37.9,0.605
37.9,0.605
37.9,0.605
37.9,0.605
37.9,0.605
37.9,0.605
37.9,0.605
37.9,0.605
37.9,0.605
37.9,0.605
37.9,0.605
37.9,0.600
37.9,0.600
37.9,0.600
37.9,0.600
37.9,0.600
37.9,0.600
37.9,0.600
37.9,0.600
37.9,0.600
37.9,0.600
37.9,0.600
37.9,0.600
37.9,0.600
37.9,0.600
37.9,0.600
37.9,0.600
37.9,0.600
37.8,0.595
37.8,0.595
37.8,0.595
37.8,0.595
37.8,0.595
37.8,0.595
37.8,0.595
37.8,0.595
37.8,0.595
37.8,0.595
37.8,0.595
37.8,0.595
37.8,0.595
37.8,0.595
37.8,0.595
37.8,0.595
37.8,0.595
37.8,0.595
37.8,0.590
37.8,0.590
37.8,0.590
37.8,0.590
37.8,0.590
37.8,0.590
37.8,0.590
37.8,0.590
37.8,0.590
37.8,0.590
37.8,0.590
37.7,0.590
37.7,0.590
37.6,0.590
37.6,0.590
37.6,0.590
37.6,0.590
37.6,0.590
37.6,0.585
37.6,0.585
37.6,0.585
37.6,0.585
37.6,0.585
37.6,0.585
37.6,0.585
37.6,0.585
37.6,0.585
37.4,0.585
37.4,0.585
37.3,0.585
37.3,0.585
37.3,0.585
37.2,0.585
37.2,0.585
37.1,0.585
37.1,0.585
37.1,0.585
37.1,0.585
37.1,0.580
37.0,0.580
37.0,0.580
36.9,0.580
36.9,0.580
36.8,0.580
36.8,0.580
36.7,0.580
36.6,0.580
36.6,0.580
36.5,0.580
36.4,0.580
36.4,0.580
36.3,0.580
36.2,0.580
36.1,0.580
36.0,0.580
35.9,0.580
35.8,0.580
35.8,0.580
35.6,0.580
35.5,0.580
35.4,0.580
35.3,0.575
35.2,0.575
35.1,0.575
35.0,0.575
34.9,0.575
34.8,0.575
34.7,0.575
34.6,0.575
34.5,0.575
34.3,0.575
34.3,0.575
34.3,0.575
34.3,0.575
34.5,0.575
34.7,0.575
35.0,0.575
35.4,0.575
35.9,0.575
36.3,0.575
36.7,0.575
37.1,0.570
37.3,0.570
37.4,0.570
37.4,0.570
37.2,0.570
37.0,0.570
36.8,0.570
36.5,0.570
36.3,0.570
36.0,0.570
35.9,0.570
35.8,0.570
35.7,0.570
35.7,0.570
35.7,0.570
35.8,0.570
35.9,0.570
36.0,0.570
36.1,0.565
36.2,0.565
36.3,0.565
36.3,0.565
36.3,0.565
36.3,0.565
36.2,0.565
36.1,0.565
36.0,0.565
35.8,0.565
35.7,0.565
35.5,0.565
35.3,0.565
35.1,0.565
34.9,0.565
34.8,0.565
34.7,0.560
34.6,0.560
34.5,0.560
34.4,0.560
34.4,0.560
34.4,0.560
34.4,0.560
34.4,0.560
34.4,0.560
34.4,0.560
34.4,0.560
34.4,0.560
34.3,0.560
34.2,0.560
34.2,0.560
34.1,0.560
34.0,0.560
33.9,0.555
33.9,0.555
33.8,0.555
33.7,0.555
33.6,0.555
33.6,0.555
33.5,0.555
33.4,0.555
33.3,0.555
33.2,0.555
33.1,0.555
33.0,0.555
33.0,0.555
32.9,0.555
32.9,0.555
32.8,0.550
32.8,0.550
32.7,0.550
32.7,0.550
32.7,0.550
32.6,0.550
32.6,0.550
32.5,0.550
32.4,0.550
32.3,0.550
32.3,0.550
32.1,0.550
32.0,0.550
31.9,0.550
31.8,0.550
31.6,0.545
31.5,0.545
31.3,0.545
31.2,0.545
31.1,0.545
31.0,0.545
30.9,0.545
30.7,0.545
30.6,0.545
30.5,0.545
30.3,0.545
30.1,0.545
30.0,0.545
29.8,0.545
29.7,0.540
29.6,0.540
29.5,0.540
29.4,0.540
29.2,0.540
29.1,0.540
29.0,0.540
28.8,0.540
28.7,0.540
28.6,0.540
28.4,0.540
28.3,0.540
28.1,0.540
28.0,0.540
27.8,0.540
27.7,0.535
27.6,0.535
27.4,0.535
27.3,0.535
27.1,0.535
27.0,0.535
26.9,0.535
26.8,0.535
26.8,0.535
26.7,0.535
26.6,0.535
26.5,0.535
26.4,0.535
26.2,0.535
26.1,0.535
26.0,0.535
25.8,0.530
25.6,0.530
25.5,0.530
25.3,0.530
25.1,0.530
25.0,0.530
24.7,0.530
24.5,0.530
24.3,0.530
24.1,0.530
23.9,0.530
23.6,0.530
23.3,0.530
23.1,0.530
22.8,0.530
22.5,0.525
22.3,0.525
22.0,0.525
21.7,0.525
21.5,0.525
21.2,0.525
20.9,0.525
20.7,0.525
20.4,0.525
20.1,0.525
19.8,0.525
19.6,0.525
19.3,0.525
19.0,0.525
18.7,0.525
18.4,0.525
18.2,0.525
17.9,0.525
17.6,0.520
17.4,0.520
17.1,0.520
16.8,0.520
16.6,0.520
16.3,0.520
16.0,0.520
15.8,0.520
15.5,0.520
15.2,0.520
15.0,0.520
14.7,0.520
14.4,0.520
14.2,0.520
13.9,0.520
13.6,0.520
13.4,0.520
13.1,0.520
12.9,0.520
12.6,0.515
12.4,0.515
12.1,0.515
11.9,0.515
11.6,0.515
11.4,0.515
11.1,0.515
10.9,0.515
10.6,0.515
10.4,0.515
10.1,0.515
9.9,0.515
9.7,0.515
9.4,0.515
9.2,0.515
9.0,0.515
8.7,0.515
8.5,0.515
8.3,0.515
8.0,0.515
7.8,0.515
7.6,0.510
7.3,0.510
7.1,0.510
6.9,0.510
6.6,0.510
6.4,0.510
6.2,0.510
5.9,0.510
5.7,0.510
5.5,0.510
5.3,0.510
5.1,0.510
4.8,0.510
4.6,0.510
4.4,0.510
4.2,0.510
4.0,0.510
3.8,0.510
3.6,0.510
3.4,0.510
3.2,0.510
3.0,0.510
2.8,0.505
2.6,0.505
2.4,0.505
2.2,0.505
2.0,0.505
1.9,0.505
1.7,0.505
1.5,0.505
1.3,0.505
1.2,0.505
1.0,0.505
0.8,0.505
0.6,0.505
0.5,0.505
0.3,0.505
0.2,0.505
0.1,0.505
0.0,0.505
-0.1,0.505
-0.2,0.505
-0.2,0.505
-0.2,0.505
-0.1,0.505
-0.1,0.505
0.0,0.500
0.1,0.500
0.2,0.500
0.2,0.500
0.3,0.500
0.4,0.500
0.4,0.500
0.4,0.500
0.4,0.500
0.3,0.500
0.3,0.500
0.2,0.500
0.1,0.500
0.0,0.500
-0.1,0.500
-0.1,0.500
-0.1,0.500
-0.1,0.500
-0.1,0.500
0.0,0.500
0.1,0.500
0.2,0.500
0.2,0.500
0.3,0.500
0.3,0.500
0.3,0.500
0.3,0.500
0.3,0.500
0.3,0.500
0.2,0.495
0.2,0.495
0.1,0.495
0.0,0.495
0.0,0.495
0.0,0.495
-0.1,0.495
-0.1,0.495
-0.1,0.495
0.0,0.495
0.0,0.495
0.1,0.495
0.1,0.495
0.2,0.495
0.2,0.495
0.2,0.495
0.3,0.495
0.3,0.495
0.3,0.495
0.3,0.495
0.3,0.495
0.1,0.495
0.1,0.495
0.1,0.495
0.0,0.495
0.0,0.495
-0.1,0.495
-0.1,0.495
-0.1,0.495
0.0,0.495
0.0,0.495
0.1,0.495
0.1,0.490
0.2,0.490
0.2,0.490
0.2,0.490
0.2,0.490
0.2,0.490
0.2,0.490
0.2,0.490
0.1,0.490
0.2,0.490
0.1,0.490
0.0,0.490
0.0,0.490
0.0,0.490
0.0,0.490
-0.1,0.490
-0.1,0.490
-0.1,0.490
-0.1,0.490
-0.1,0.490
0.1,0.490
0.1,0.490
0.2,0.490
0.2,0.490
0.2,0.490
0.2,0.490
0.2,0.490
0.2,0.490
0.1,0.490
0.1,0.490
0.0,0.490
0.0,0.490
-0.1,0.490
-0.1,0.485
-0.1,0.485
-0.1,0.485
-0.1,0.485
0.0,0.485
0.1,0.485
0.1,0.485
0.2,0.485
0.2,0.485
0.2,0.485
0.2,0.485
0.2,0.485
0.2,0.485
0.2,0.485
0.2,0.485
0.1,0.485
0.0,0.485
0.0,0.485
0.0,0.485
-0.1,0.485
-0.1,0.485
-0.1,0.485
-0.1,0.485
-0.1,0.485
0.0,0.485
0.0,0.485
0.1,0.485
0.1,0.485
0.2,0.485
0.2,0.485
0.2,0.485
0.2,0.485
0.2,0.485
0.1,0.480
0.1,0.480
0.0,0.480
0.0,0.480
0.0,0.480
0.0,0.480
-0.1,0.480
-0.1,0.480
-0.1,0.480
-0.1,0.480
-0.1,0.480
0.0,0.480
0.1,0.480
0.1,0.480
0.2,0.480
0.2,0.480
0.2,0.480
0.2,0.480
0.2,0.480
0.2,0.480
0.2,0.480
0.1,0.480
0.1,0.480
0.0,0.480
0.0,0.480
-0.1,0.480
-0.1,0.480
-0.1,0.480
-0.1,0.480
-0.1,0.480
-0.1,0.480
0.0,0.480
0.0,0.480
0.1,0.480
0.1,0.480
0.2,0.480
0.2,0.480
0.2,0.480
0.2,0.475
0.2,0.475
0.2,0.475
0.2,0.475
0.1,0.475
0.1,0.475
0.0,0.475
0.0,0.475
0.0,0.475
-0.1,0.475
-0.1,0.475
-0.1,0.475
-0.1,0.475
0.0,0.475
0.0,0.475
0.1,0.475
0.1,0.475
0.2,0.475
0.2,0.475
0.2,0.475
0.2,0.475
0.2,0.475
0.2,0.475
0.2,0.475
0.1,0.475
0.1,0.475
0.0,0.475
0.0,0.475
0.0,0.475
0.0,0.475
0.0,0.475
0.0,0.475
0.0,0.475
0.0,0.475
0.1,0.475
0.1,0.475
0.1,0.475
0.2,0.475
0.2,0.475
0.2,0.470
0.2,0.470
0.2,0.470
0.2,0.470
0.2,0.470
0.2,0.470
0.0,0.470
0.0,0.470
0.0,0.470
0.0,0.470
0.0,0.470
0.0,0.470
0.0,0.470
0.0,0.470
0.0,0.470
0.1,0.470
0.1,0.470
0.2,0.470
0.2,0.470
0.2,0.470
0.2,0.470
0.2,0.470
0.2,0.470
0.2,0.470
0.1,0.470
0.1,0.470
0.1,0.470
0.0,0.470
0.0,0.470
0.0,0.470
0.0,0.470
0.0,0.470
0.0,0.470
0.0,0.470
0.0,0.470
0.0,0.470
0.1,0.465
0.1,0.465
0.1,0.465
0.2,0.465
0.1,0.465
0.1,0.465
0.1,0.465
0.1,0.465
0.0,0.465
0.0,0.465
0.0,0.465
0.0,0.465
0.0,0.465
0.0,0.465
0.0,0.465
0.0,0.465
0.0,0.465
0.1,0.465
0.1,0.465
0.1,0.465
0.1,0.465
0.1,0.465
0.1,0.465
0.1,0.465
0.1,0.465
0.1,0.465
0.1,0.465
0.1,0.465
0.1,0.465
0.1,0.465
0.1,0.465
0.1,0.465
0.1,0.465
0.1,0.460
0.1,0.460
0.0,0.460
0.0,0.460
0.0,0.460
0.0,0.460
0.0,0.460
0.0,0.460
0.1,0.460
0.1,0.460
0.1,0.460
0.1,0.460
0.1,0.460
0.0,0.460
0.1,0.460
0.0,0.460
0.0,0.460
0.0,0.460
0.0,0.460
0.0,0.460
0.0,0.460
0.0,0.460
0.0,0.460
0.0,0.460
0.0,0.460
0.0,0.460
0.1,0.460
0.1,0.460
0.1,0.460
0.1,0.460
0.1,0.460
0.1,0.460
0.1,0.455
0.1,0.455
0.1,0.455
0.1,0.455
0.1,0.455
0.1,0.455
0.0,0.455
0.0,0.455
0.0,0.455
0.0,0.455
0.0,0.455
0.0,0.455
0.0,0.455
0.0,0.455
0.0,0.455
0.0,0.455
0.0,0.455
0.0,0.455
0.0,0.455
0.0,0.455
0.0,0.455
0.0,0.455
0.0,0.455
0.0,0.455
0.0,0.455
0.0,0.455
0.0,0.455
0.0,0.455
0.0,0.455
0.1,0.455
0.1,0.455
0.1,0.455
0.1,0.455
0.1,0.455
0.1,0.455
0.1,0.450
0.1,0.450
0.1,0.450
0.1,0.450
0.1,0.450
0.1,0.450
0.1,0.450
0.1,0.450
0.1,0.450
0.1,0.450
0.1,0.450
0.1,0.450
0.1,0.450
0.1,0.450
0.1,0.450
0.1,0.450
0.1,0.450
0.1,0.450
0.1,0.450
0.1,0.450
0.1,0.450
0.1,0.450
0.1,0.450
0.1,0.450
0.1,0.450
0.1,0.450
0.1,0.450
0.1,0.450
0.1,0.450
0.1,0.450
0.1,0.450
0.1,0.450
0.1,0.450
0.1,0.450
0.1,0.450
0.1,0.450
0.1,0.445
0.1,0.445
0.1,0.445
0.1,0.445
0.1,0.445
0.1,0.445
0.1,0.445
0.1,0.445
0.1,0.445
0.1,0.445
0.1,0.445
0.1,0.445
0.1,0.445
0.1,0.445
0.1,0.445
0.1,0.445
0.1,0.445
0.1,0.445
0.1,0.445
0.1,0.445
0.1,0.445
0.1,0.445
0.1,0.445
0.1,0.445
0.1,0.445
0.1,0.445
0.1,0.445
0.1,0.445
0.1,0.445
0.1,0.445
0.0,0.445
0.0,0.445
0.0,0.445
0.0,0.445
0.0,0.445
0.0,0.445
0.1,0.445
0.0,0.445
0.1,0.445
0.1,0.445
0.1,0.445
0.1,0.445
0.1,0.445
0.1,0.445
0.1,0.440
0.1,0.440
0.0,0.440
0.0,0.440
0.0,0.440
0.0,0.440
0.0,0.440
0.0,0.440
0.0,0.440
0.0,0.440
0.0,0.440
0.0,0.440
0.1,0.440
0.1,0.440
0.1,0.440
0.1,0.440
0.1,0.440
0.1,0.440
0.1,0.440
0.1,0.440
0.1,0.440
0.1,0.440
0.1,0.440
0.1,0.440
0.1,0.440
0.0,0.440
0.0,0.440
0.0,0.440
0.0,0.440
0.0,0.440
0.0,0.440
0.0,0.440
0.0,0.440
0.1,0.440
0.1,0.440
0.2,0.440
0.2,0.440
0.2,0.435
0.2,0.435
0.2,0.435
0.2,0.435
0.2,0.435
0.1,0.435
0.1,0.435
0.0,0.435
0.0,0.435
-0.1,0.435
-0.1,0.435
-0.1,0.435
-0.1,0.435
-0.1,0.435
0.0,0.435
0.0,0.435
0.0,0.435
0.1,0.435
0.2,0.435
0.2,0.435
0.2,0.435
0.2,0.435
0.2,0.435
0.2,0.435
0.1,0.435
0.1,0.435
0.0,0.435
0.0,0.435
-0.1,0.435
-0.1,0.435
-0.1,0.435
-0.1,0.435
-0.1,0.435
-0.1,0.435
0.0,0.430
0.1,0.430
0.1,0.430
0.1,0.430
0.2,0.430
0.2,0.430
0.2,0.430
0.2,0.430
0.2,0.430
0.1,0.430
0.1,0.430
0.0,0.430
0.0,0.430
-0.1,0.430
-0.1,0.430
-0.1,0.430
-0.1,0.430
-0.1,0.430
-0.1,0.430
0.0,0.430
0.1,0.430
0.1,0.430
0.2,0.430
0.2,0.430
0.3,0.430
0.3,0.430
0.3,0.430
0.2,0.430
0.2,0.430
0.1,0.425
0.0,0.425
0.0,0.425
-0.1,0.425
-0.1,0.425
-0.1,0.425
-0.1,0.425
-0.1,0.425
-0.1,0.425
-0.1,0.425
-0.1,0.425
0.0,0.425
0.1,0.425
0.1,0.425
0.1,0.425
0.1,0.425
0.2,0.425
0.2,0.425
0.2,0.425
0.2,0.425
0.2,0.425
0.1,0.425
0.0,0.425
0.0,0.425
-0.1,0.425
-0.1,0.425
-0.1,0.425
-0.1,0.425
-0.1,0.420
-0.1,0.420
-0.1,0.420
-0.1,0.420
0.1,0.420
0.1,0.420
0.1,0.420
0.1,0.420
0.1,0.420
0.1,0.420
0.1,0.420
0.1,0.420
0.1,0.420
0.1,0.420
0.1,0.420
0.0,0.420
0.0,0.420
0.0,0.420
0.0,0.420
0.0,0.420
0.0,0.420
0.0,0.420
0.0,0.420
0.1,0.420
0.1,0.420
0.2,0.420
0.2,0.420
0.2,0.420
0.2,0.415
0.2,0.415
0.2,0.415
0.2,0.415
0.2,0.415
0.1,0.415
0.1,0.415
0.0,0.415
0.0,0.415
-0.1,0.415
-0.1,0.415
-0.1,0.415
-0.1,0.415
0.0,0.415
0.0,0.415
0.1,0.415
0.1,0.415
0.1,0.415
0.1,0.415
0.1,0.415
0.1,0.415
0.1,0.415
0.1,0.415
0.1,0.415
0.1,0.415
0.1,0.415
0.0,0.415
0.0,0.415
0.0,0.415
0.0,0.410
0.0,0.410
0.0,0.410
0.0,0.410
0.0,0.410
0.0,0.410
0.1,0.410
0.1,0.410
0.2,0.410
0.2,0.410
0.2,0.410
0.2,0.410
0.2,0.410
0.2,0.410
0.2,0.410
0.2,0.410
0.0,0.410
0.0,0.410
0.0,0.410
0.0,0.410
0.0,0.410
0.0,0.410
0.0,0.410
0.0,0.410
0.0,0.410
0.0,0.410
0.1,0.410
0.1,0.410
0.2,0.405
0.2,0.405
0.2,0.405
0.2,0.405
0.2,0.405
0.2,0.405
0.2,0.405
0.2,0.405
0.1,0.405
0.1,0.405
0.0,0.405
0.0,0.405
0.0,0.405
0.0,0.405
0.0,0.405
0.0,0.405
0.0,0.405
0.1,0.405
0.1,0.405
0.2,0.405
0.2,0.405
0.2,0.405
0.2,0.405
0.2,0.405
0.2,0.405
0.2,0.400
0.2,0.400
0.1,0.400
0.1,0.400
0.0,0.400
0.0,0.400
0.0,0.400
0.0,0.400
0.0,0.400
0.0,0.400
0.0,0.400
0.0,0.400
0.1,0.400
0.1,0.400
0.1,0.400
0.1,0.400
0.1,0.400
0.1,0.400
0.1,0.400
0.1,0.400
0.1,0.400
0.1,0.400
0.1,0.400
0.0,0.400
0.0,0.400
0.0,0.400
0.0,0.395
0.0,0.395
0.0,0.395
0.0,0.395
0.0,0.395
0.0,0.395
0.1,0.395
0.1,0.395
0.2,0.395
0.2,0.395
0.2,0.395
0.2,0.395
0.2,0.395
0.2,0.395
0.1,0.395
0.1,0.395
0.1,0.395
0.0,0.395
0.0,0.395
0.0,0.395
0.0,0.395
0.0,0.395
0.0,0.395
0.0,0.395
0.0,0.395
0.0,0.390
0.0,0.390
0.0,0.390
0.1,0.390
0.1,0.390
0.2,0.390
0.2,0.390
0.2,0.390
0.2,0.390
0.2,0.390
0.1,0.390
0.0,0.390
0.0,0.390
0.0,0.390
0.0,0.390
0.0,0.390
-0.1,0.390
-0.1,0.390
0.0,0.390
0.1,0.390
0.1,0.390
0.1,0.390
0.1,0.390
0.2,0.390
0.2,0.385
0.2,0.385
0.2,0.385
0.2,0.385
0.1,0.385
0.1,0.385
0.0,0.385
0.0,0.385
-0.1,0.385
-0.1,0.385
-0.1,0.385
-0.1,0.385
-0.1,0.385
-0.1,0.385
0.0,0.385
0.1,0.385
0.1,0.385
0.2,0.385
0.2,0.385
0.2,0.385
0.2,0.385
0.2,0.385
0.2,0.385
0.1,0.385
0.0,0.380
0.0,0.380
0.0,0.380
0.0,0.380
0.0,0.380
0.0,0.380
0.0,0.380
0.0,0.380
0.0,0.380
0.0,0.380
0.0,0.380
0.1,0.380
0.2,0.380
0.2,0.380
0.2,0.380
0.2,0.380
0.2,0.380
0.2,0.380
0.2,0.380
0.2,0.380
0.2,0.380
0.1,0.380
0.1,0.380
0.1,0.380
0.1,0.375
0.1,0.375
0.1,0.375
0.1,0.375
0.1,0.375
0.1,0.375
0.1,0.375
0.1,0.375
0.1,0.375
0.1,0.375
0.1,0.375
0.1,0.375
0.1,0.375
0.1,0.375
0.1,0.375
0.1,0.375
0.1,0.375
0.0,0.375
0.0,0.375
0.0,0.375
0.0,0.375
0.0,0.375
0.0,0.370
0.0,0.370
0.0,0.370
0.0,0.370
0.0,0.370
0.1,0.370
0.1,0.370
0.2,0.370
0.2,0.370
0.2,0.370
0.1,0.370
0.1,0.370
0.1,0.370
0.1,0.370
0.1,0.370
0.0,0.370
0.0,0.370
0.0,0.370
0.0,0.370
0.0,0.370
0.0,0.365
0.0,0.365
0.0,0.365
0.0,0.365
0.1,0.365
0.1,0.365
0.1,0.365
0.1,0.365
0.1,0.365
0.1,0.365
0.1,0.365
0.1,0.365
0.1,0.365
0.0,0.365
0.0,0.365
0.0,0.365
0.0,0.365
0.0,0.365
0.0,0.365
0.0,0.365
0.0,0.365
0.0,0.360
0.0,0.360
0.0,0.360
0.1,0.360
0.1,0.360
0.1,0.360
0.1,0.360
0.1,0.360
0.1,0.360
0.1,0.360
0.1,0.360
0.1,0.360
0.1,0.360
0.1,0.360
0.1,0.360
0.1,0.360
0.0,0.360
0.0,0.360
0.0,0.360
0.0,0.360
0.0,0.360
0.1,0.360
0.1,0.355
0.1,0.355
0.2,0.355
0.2,0.355
0.2,0.355
0.2,0.355
0.2,0.355
0.2,0.355
0.1,0.355
0.0,0.355
0.0,0.355
0.0,0.355
0.0,0.355
0.0,0.355
0.0,0.355
0.0,0.355
0.0,0.355
0.1,0.355
0.0,0.355
0.1,0.355
0.1,0.355
0.2,0.350
0.2,0.350
0.1,0.350
0.1,0.350
0.1,0.350
0.1,0.350
0.1,0.350
0.1,0.350
0.0,0.350
0.0,0.350
0.0,0.350
0.0,0.350
0.0,0.350
0.0,0.350
0.0,0.350
0.0,0.350
0.0,0.350
0.1,0.350
0.1,0.350
0.1,0.350
0.1,0.350
0.1,0.350
0.1,0.345
0.1,0.345
0.1,0.345
0.1,0.345
0.1,0.345
0.1,0.345
0.1,0.345
0.0,0.345
0.1,0.345
0.1,0.345
0.0,0.345
0.0,0.345
0.0,0.345
0.0,0.345
0.0,0.345
0.0,0.345
0.0,0.345
0.0,0.345
0.0,0.345
0.0,0.345
0.0,0.345
0.0,0.345
0.1,0.345
0.1,0.340
0.1,0.340
0.1,0.340
0.1,0.340
0.1,0.340
0.1,0.340
0.1,0.340
0.0,0.340
0.0,0.340
0.0,0.340
0.0,0.340
0.0,0.340
0.0,0.340
0.0,0.340
0.1,0.340
0.1,0.340
0.1,0.340
0.2,0.340
0.2,0.340
0.2,0.340
0.2,0.340
0.2,0.340
0.1,0.340
0.1,0.335
0.0,0.335
0.0,0.335
0.0,0.335
-0.1,0.335
-0.1,0.335
-0.1,0.335
-0.1,0.335
-0.1,0.335
0.0,0.335
0.1,0.335
0.1,0.335
0.1,0.335
0.1,0.335
0.1,0.335
0.1,0.335
0.1,0.335
0.1,0.335
0.1,0.335
0.1,0.335
0.0,0.335
0.0,0.335
0.0,0.330
0.0,0.330
0.0,0.330
0.0,0.330
0.0,0.330
0.0,0.330
0.0,0.330
0.1,0.330
0.1,0.330
0.1,0.330
0.1,0.330
0.1,0.330
0.1,0.330
0.1,0.330
0.1,0.330
0.1,0.330
0.0,0.330
0.0,0.330
-0.1,0.330
-0.1,0.330
-0.1,0.330
-0.1,0.325
-0.1,0.325
-0.1,0.325
0.0,0.325
0.0,0.325
0.0,0.325
0.1,0.325
0.1,0.325
0.1,0.325
0.2,0.325
0.2,0.325
0.1,0.325
0.1,0.325
0.1,0.325
0.0,0.325
0.0,0.325
0.0,0.325
0.0,0.325
0.0,0.325
0.0,0.320
0.0,0.320
0.0,0.320
0.1,0.320
0.1,0.320
0.1,0.320
0.2,0.320
0.2,0.320
0.1,0.320
0.1,0.320
0.1,0.320
0.1,0.320
0.1,0.320
0.0,0.320
0.0,0.320
0.0,0.320
0.0,0.320
-0.1,0.320
-0.1,0.320
-0.1,0.320
-0.1,0.315
-0.1,0.315
-0.1,0.315
0.0,0.315
0.1,0.315
0.1,0.315
0.1,0.315
0.1,0.315
0.1,0.315
0.1,0.315
0.1,0.315
0.1,0.315
0.1,0.315
0.1,0.315
0.1,0.315
0.0,0.315
0.0,0.315
0.0,0.315
0.0,0.315
0.0,0.310
0.0,0.310
0.0,0.310
0.0,0.310
0.0,0.310
0.1,0.310
0.1,0.310
0.1,0.310
0.1,0.310
0.1,0.310
0.1,0.310
0.1,0.310
0.1,0.310
0.1,0.310
0.1,0.310
0.1,0.310
0.0,0.310
0.0,0.310
0.0,0.310
0.0,0.310
0.0,0.305
0.0,0.305
0.0,0.305
0.0,0.305
0.0,0.305
0.1,0.305
0.1,0.305
0.2,0.305
0.2,0.305
0.2,0.305
0.2,0.305
0.2,0.305
0.2,0.305
0.1,0.305
0.0,0.305
0.0,0.305
0.0,0.305
0.0,0.305
0.0,0.305
-0.1,0.300
0.0,0.300
0.0,0.300
0.0,0.300
0.0,0.300
0.0,0.300
0.0,0.300
0.1,0.300
0.1,0.300
0.1,0.300
0.1,0.300
0.1,0.300
0.1,0.300
0.1,0.300
0.1,0.300
0.1,0.300
0.1,0.300
0.1,0.300
0.0,0.300
0.0,0.300
0.0,0.300
0.0,0.300
0.0,0.295
0.0,0.295
0.0,0.295
0.0,0.295
0.1,0.295
0.1,0.295
0.2,0.295
0.2,0.295
0.2,0.295
0.2,0.295
0.2,0.295
0.1,0.295
0.1,0.295
0.1,0.295
0.0,0.295
0.0,0.295
-0.1,0.295
-0.1,0.295
-0.1,0.295
-0.1,0.295
-0.1,0.295
-0.1,0.295
0.0,0.295
0.1,0.290
0.1,0.290
0.1,0.290
0.1,0.290
0.1,0.290
0.1,0.290
0.1,0.290
0.1,0.290
0.1,0.290
0.1,0.290
0.0,0.290
0.0,0.290
0.0,0.290
0.0,0.290
0.0,0.290
0.0,0.290
0.0,0.290
0.0,0.290
0.0,0.290
0.0,0.290
0.0,0.285
0.0,0.285
0.1,0.285
0.1,0.285
0.1,0.285
0.1,0.285
0.1,0.285
0.1,0.285
0.1,0.285
0.1,0.285
0.0,0.285
-0.1,0.285
-0.1,0.285
-0.1,0.285
-0.1,0.285
-0.1,0.285
-0.1,0.285
-0.1,0.285
-0.1,0.285
-0.1,0.285
0.1,0.285
0.1,0.285
0.1,0.280
0.1,0.280
0.1,0.280
0.1,0.280
0.1,0.280
0.1,0.280
0.1,0.280
0.1,0.280
0.1,0.280
0.1,0.280
0.1,0.280
0.1,0.280
0.1,0.280
0.1,0.280
0.0,0.280
0.0,0.280
0.0,0.280
0.0,0.280
0.0,0.280
0.0,0.280
0.0,0.280
0.0,0.275
0.0,0.275
0.0,0.275
0.0,0.275
0.0,0.275
0.1,0.275
0.1,0.275
0.1,0.275
0.1,0.275
0.0,0.275
0.0,0.275
0.0,0.275
0.0,0.275
0.0,0.275
0.0,0.275
0.0,0.275
0.0,0.275
0.1,0.275
0.1,0.275
0.2,0.275
0.2,0.275
0.1,0.275
0.1,0.270
0.1,0.270
0.1,0.270
0.1,0.270
0.0,0.270
0.0,0.270
0.0,0.270
0.0,0.270
0.0,0.270
0.0,0.270
0.0,0.270
0.0,0.270
0.0,0.270
0.0,0.270
0.0,0.270
0.0,0.270
0.0,0.270
0.0,0.270
0.1,0.270
0.1,0.270
0.1,0.270
0.1,0.270
0.1,0.265
0.1,0.265
0.1,0.265
0.1,0.265
0.1,0.265
0.0,0.265
0.0,0.265
0.0,0.265
0.0,0.265
0.0,0.265
0.0,0.265
0.0,0.265
0.1,0.265
0.1,0.265
0.1,0.265
0.1,0.265
0.1,0.265
0.1,0.265
0.1,0.265
0.1,0.265
0.1,0.265
0.1,0.265
0.1,0.260
0.1,0.260
0.1,0.260
0.1,0.260
0.0,0.260
0.0,0.260
0.0,0.260
0.0,0.260
0.0,0.260
0.0,0.260
0.0,0.260
0.0,0.260
0.0,0.260
0.0,0.260
0.1,0.260
0.1,0.260
0.1,0.260
0.1,0.260
0.1,0.260
0.1,0.260
0.1,0.260
0.1,0.260
0.1,0.260
0.0,0.260
0.0,0.260
0.0,0.255
0.0,0.255
0.0,0.255
0.0,0.255
0.0,0.255
0.0,0.255
0.0,0.255
0.0,0.255
0.1,0.255
0.1,0.255
0.1,0.255
0.1,0.255
0.1,0.255
0.1,0.255
0.1,0.255
0.0,0.255
0.0,0.255
0.0,0.255
0.0,0.255
0.0,0.255
0.0,0.255
0.0,0.255
0.0,0.255
0.0,0.255
0.1,0.255
0.1,0.250
0.1,0.250
0.1,0.250
0.1,0.250
0.1,0.250
0.1,0.250
0.1,0.250
0.1,0.250
0.1,0.250
0.1,0.250
0.1,0.250
0.1,0.250
0.0,0.250
0.0,0.250
0.0,0.250
0.0,0.250
0.0,0.250
0.0,0.250
0.0,0.250
0.0,0.250
0.0,0.250
0.1,0.250
0.1,0.250
0.1,0.250
0.1,0.250
0.1,0.250
0.1,0.250
0.1,0.250
0.0,0.250
0.0,0.245
0.0,0.245
0.0,0.245
0.0,0.245
0.0,0.245
0.0,0.245
0.0,0.245
0.0,0.245
0.0,0.245
0.1,0.245
0.1,0.245
0.1,0.245
0.1,0.245
0.1,0.245
0.1,0.245
0.1,0.245
0.1,0.245
0.1,0.245
0.1,0.245
0.1,0.245
0.0,0.245
0.0,0.245
0.0,0.245
0.0,0.245
0.0,0.245
0.0,0.245
0.0,0.245
0.0,0.245
0.0,0.245
0.0,0.240
0.0,0.240
0.1,0.240
0.1,0.240
0.1,0.240
0.1,0.240
0.1,0.240
0.1,0.240
0.1,0.240
0.1,0.240
0.1,0.240
0.1,0.240
0.1,0.240
0.1,0.240
0.0,0.240
0.0,0.240
0.0,0.240
0.0,0.240
0.0,0.240
0.0,0.240
0.1,0.240
0.1,0.240
0.1,0.240
0.1,0.240
0.1,0.240
0.1,0.240
0.1,0.240
0.0,0.240
0.0,0.240
0.0,0.240
0.0,0.240
0.0,0.240
0.0,0.240
0.0,0.240
0.0,0.235
0.0,0.235
0.1,0.235
0.1,0.235
0.1,0.235
0.1,0.235
0.1,0.235
0.1,0.235
0.1,0.235
0.1,0.235
0.1,0.235
0.1,0.235
0.1,0.235
0.1,0.235
0.1,0.235
0.1,0.235
0.1,0.235
0.1,0.235
0.0,0.235
0.0,0.235
0.0,0.235
0.0,0.235
0.0,0.235
0.0,0.235
0.1,0.235
0.1,0.235
0.1,0.235
0.1,0.235
0.1,0.235
0.1,0.235
0.1,0.235
0.1,0.235
0.1,0.235
0.1,0.235
0.1,0.235
0.1,0.230
0.1,0.230
0.1,0.230
0.1,0.230
0.1,0.230
0.1,0.230
0.1,0.230
0.0,0.230
0.0,0.230
0.0,0.230
0.0,0.230
0.1,0.230
0.1,0.230
0.1,0.230
0.1,0.230
0.1,0.230
0.1,0.230
0.1,0.230
0.1,0.230
0.0,0.230
0.0,0.230
0.0,0.230
0.0,0.230
0.0,0.230
0.0,0.230
0.0,0.230
0.0,0.230
0.0,0.230
0.1,0.230
0.0,0.230
0.1,0.230
0.1,0.230
0.1,0.230
0.1,0.225
0.1,0.225
0.1,0.225
0.1,0.225
0.1,0.225
0.1,0.225
0.0,0.225
-0.1,0.225
-0.1,0.225
-0.1,0.225
-0.1,0.225
-0.1,0.225
0.0,0.225
0.0,0.225
0.1,0.225
0.2,0.225
0.2,0.225
0.2,0.225
0.2,0.225
0.2,0.225
0.2,0.225
0.2,0.225
0.2,0.225
0.1,0.225
0.1,0.225
0.0,0.225
0.0,0.225
-0.1,0.225
-0.1,0.225
-0.1,0.225
-0.1,0.220
-0.1,0.220
0.0,0.220
0.0,0.220
0.1,0.220
0.1,0.220
0.1,0.220
0.2,0.220
0.2,0.220
0.2,0.220
0.2,0.220
0.2,0.220
0.1,0.220
0.1,0.220
0.0,0.220
0.0,0.220
0.0,0.220
0.0,0.220
0.0,0.220
0.0,0.220
0.0,0.220
0.0,0.220
0.0,0.220
0.1,0.220
0.1,0.220
0.2,0.220
0.2,0.220
0.2,0.220
0.2,0.220
0.2,0.220
0.2,0.220
0.1,0.215
0.0,0.215
0.0,0.215
0.0,0.215
0.0,0.215
0.0,0.215
0.0,0.215
0.0,0.215
0.0,0.215
0.0,0.215
0.0,0.215
0.1,0.215
0.0,0.215
0.1,0.215
0.2,0.215
0.2,0.215
0.2,0.215
0.2,0.215
0.2,0.215
0.2,0.215
0.2,0.215
0.1,0.215
0.1,0.215
0.1,0.215
0.0,0.215
0.0,0.215
0.0,0.215
-0.1,0.215
-0.1,0.215
-0.1,0.215
-0.1,0.215
0.0,0.215
0.0,0.215
0.0,0.215
0.0,0.210
0.1,0.210
0.1,0.210
0.1,0.210
0.1,0.210
0.1,0.210
0.1,0.210
0.1,0.210
0.1,0.210
0.0,0.210
0.0,0.210
0.0,0.210
0.0,0.210
0.0,0.210
0.0,0.210
0.0,0.210
0.1,0.210
0.1,0.210
0.1,0.210
0.1,0.210
0.2,0.210
0.2,0.210
0.2,0.210
0.2,0.210
0.2,0.210
0.2,0.210
0.1,0.210
0.1,0.210
0.0,0.210
0.0,0.210
0.0,0.210
0.0,0.210
-0.1,0.210
-0.1,0.210
-0.1,0.210
0.0,0.210
0.0,0.210
0.1,0.210
0.1,0.205
0.2,0.205
0.2,0.205
0.2,0.205
0.2,0.205
0.2,0.205
0.2,0.205
0.2,0.205
0.1,0.205
0.0,0.205
0.0,0.205
0.0,0.205
0.0,0.205
0.0,0.205
0.0,0.205
0.0,0.205
0.0,0.205
0.1,0.205
0.1,0.205
0.1,0.205
0.2,0.205
0.2,0.205
0.2,0.205
0.2,0.205
0.2,0.205
0.2,0.205
0.1,0.205
0.0,0.205
0.0,0.205
0.0,0.205
0.0,0.205
0.0,0.205
0.0,0.205
0.0,0.205
0.0,0.205
0.0,0.205
0.0,0.205
0.0,0.205
0.1,0.205
0.1,0.205
0.1,0.205
0.1,0.205
0.1,0.205
0.1,0.205
0.1,0.205
0.1,0.205
0.0,0.205
0.0,0.205
-0.1,0.205
-0.1,0.205
-0.1,0.205
0.0,0.205
0.0,0.200
0.0,0.200
0.0,0.200
0.0,0.200
0.0,0.200
0.1,0.200
0.1,0.200
0.1,0.200
0.1,0.200
0.1,0.200
0.1,0.200
0.1,0.200
0.1,0.200
0.1,0.200
0.0,0.200
0.0,0.200
0.0,0.200
0.0,0.200
0.0,0.200
0.0,0.200
0.0,0.200
0.0,0.200
0.0,0.200
0.0,0.200
0.1,0.200
0.1,0.200
0.1,0.200
0.1,0.200
0.1,0.200
0.2,0.200
0.2,0.200
0.2,0.200
0.2,0.200
0.2,0.200
0.1,0.200
0.1,0.200
0.0,0.200
-0.1,0.200
-0.1,0.200
-0.1,0.200
-0.1,0.200
-0.1,0.200
0.0,0.200
0.0,0.200
0.1,0.200
0.1,0.200
0.2,0.200
0.2,0.200
0.2,0.200
0.2,0.200
0.2,0.200
0.2,0.200
0.1,0.195
0.0,0.195
0.0,0.195
-0.1,0.195
-0.1,0.195
-0.1,0.195
-0.1,0.195
-0.1,0.195
-0.1,0.195
-0.1,0.195
0.0,0.195
0.1,0.195
0.1,0.195
0.2,0.195
0.2,0.195
0.3,0.195
0.3,0.195
0.3,0.195
0.2,0.195
0.2,0.195
0.1,0.195
0.0,0.195
-0.1,0.195
-0.1,0.195
-0.2,0.195
-0.2,0.195
-0.2,0.195
-0.2,0.195
-0.1,0.195
-0.1,0.195
0.0,0.195
0.0,0.195
0.1,0.195
0.2,0.195
0.2,0.195
0.2,0.195
0.2,0.195
0.2,0.195
0.2,0.195
0.1,0.195
0.1,0.195
0.0,0.195
0.0,0.195
0.0,0.195
-0.1,0.195
-0.1,0.195
-0.1,0.195
-0.1,0.195
-0.1,0.195
0.0,0.195
0.0,0.195
0.1,0.195
0.2,0.195
0.2,0.195
0.2,0.190
0.2,0.190
0.2,0.190
0.2,0.190
0.2,0.190
0.1,0.190
0.1,0.190
0.0,0.190
-0.1,0.190
-0.1,0.190
-0.1,0.190
-0.1,0.190
-0.1,0.190
-0.1,0.190
-0.1,0.190
0.0,0.190
0.1,0.190
0.1,0.190
0.2,0.190
0.2,0.190
0.2,0.190
0.2,0.190
0.2,0.190
0.2,0.190
0.2,0.190
0.1,0.190
0.0,0.190
0.0,0.190
-0.1,0.190
-0.1,0.190
-0.1,0.190
-0.1,0.190
-0.1,0.190
0.0,0.190
0.0,0.190
0.1,0.190
0.1,0.190
0.1,0.190
0.1,0.190
0.2,0.190
0.2,0.190
0.2,0.190
0.2,0.190
0.2,0.190
0.2,0.190
0.1,0.190
0.1,0.190
0.0,0.190
0.0,0.190
0.0,0.190
-0.1,0.190
-0.1,0.190
-0.1,0.190
-0.1,0.190
-0.1,0.190
0.0,0.190
0.0,0.190
0.1,0.190
0.1,0.190
0.2,0.190
0.2,0.185
0.2,0.185
0.2,0.185
0.2,0.185
0.1,0.185
0.1,0.185
0.0,0.185
0.0,0.185
-0.1,0.185
-0.1,0.185
-0.1,0.185
-0.1,0.185
-0.1,0.185
-0.1,0.185
-0.1,0.185
0.0,0.185
0.0,0.185
0.0,0.185
0.1,0.185
0.1,0.185
0.2,0.185
0.2,0.185
0.2,0.185
0.2,0.185
0.1,0.185
0.1,0.185
0.0,0.185
0.0,0.185
-0.1,0.185
-0.1,0.185
-0.1,0.185
-0.1,0.185
-0.1,0.185
-0.1,0.185
0.0,0.185
0.1,0.185
0.1,0.185
0.1,0.185
0.2,0.185
0.2,0.185
0.2,0.185
0.2,0.185
0.2,0.185
0.2,0.185
0.2,0.185
0.1,0.185
0.1,0.185
0.0,0.185
-0.1,0.185
-0.1,0.185
-0.1,0.185
-0.1,0.180
-0.1,0.180
-0.1,0.180
0.0,0.180
0.0,0.180
0.1,0.180
0.1,0.180
0.1,0.180
0.2,0.180
0.2,0.180
0.1,0.180
0.1,0.180
0.1,0.180
0.1,0.180
0.1,0.180
0.0,0.180
0.0,0.180
0.0,0.180
0.0,0.180
0.0,0.180
0.0,0.180
0.0,0.180
0.0,0.180
0.0,0.180
0.0,0.180
0.0,0.180
0.0,0.180
0.1,0.180
0.1,0.180
0.1,0.180
0.1,0.180
0.1,0.180
0.1,0.180
0.1,0.180
0.1,0.180
0.1,0.180
0.1,0.180
0.1,0.180
0.1,0.180
0.1,0.180
0.0,0.180
0.0,0.180
0.0,0.180
0.0,0.180
0.0,0.180
0.0,0.180
0.0,0.180
0.0,0.180
0.0,0.180
0.0,0.180
0.1,0.180
0.1,0.180
0.1,0.180
0.1,0.180
0.1,0.175
0.1,0.175
0.1,0.175
0.1,0.175
0.0,0.175
0.0,0.175
-0.1,0.175
-0.1,0.175
-0.1,0.175
-0.1,0.175
-0.1,0.175
0.0,0.175
0.0,0.175
0.1,0.175
0.1,0.175
0.1,0.175
0.1,0.175
0.2,0.175
0.1,0.175
0.1,0.175
0.1,0.175
0.1,0.175
0.1,0.175
0.0,0.175
0.0,0.175
0.0,0.175
0.0,0.175
0.0,0.175
0.0,0.175
0.0,0.175
0.0,0.175
0.0,0.175
0.1,0.175
0.1,0.175
0.1,0.175
0.1,0.175
0.1,0.175
0.1,0.175
0.1,0.175
0.1,0.175
0.1,0.175
0.0,0.175
0.0,0.175
0.0,0.175
0.0,0.175
0.0,0.175
0.0,0.175
0.0,0.175
0.0,0.175
0.0,0.175
0.0,0.175
0.0,0.175
0.1,0.175
0.1,0.175
0.1,0.175
0.1,0.175
0.1,0.175
0.1,0.175
0.0,0.170
0.0,0.170
0.0,0.170
-0.1,0.170
-0.1,0.170
-0.1,0.170
-0.1,0.170
-0.1,0.170
0.0,0.170
0.1,0.170
0.1,0.170
0.1,0.170
0.2,0.170
0.2,0.170
0.2,0.170
0.2,0.170
0.2,0.170
0.2,0.170
0.2,0.170
0.2,0.170
0.1,0.170
0.1,0.170
0.0,0.170
0.1,0.170
0.1,0.170
0.1,0.170
0.0,0.170
0.0,0.170
0.0,0.170
0.0,0.170
0.0,0.170
0.0,0.170
0.1,0.170
0.1,0.170
0.1,0.170
0.1,0.170
0.1,0.170
0.1,0.170
0.1,0.170
0.1,0.170
0.1,0.170
0.1,0.170
0.1,0.170
0.1,0.170
0.1,0.170
0.1,0.170
0.1,0.170
0.0,0.170
0.0,0.170
0.0,0.170
0.0,0.170
0.0,0.165
0.0,0.165
0.0,0.165
0.0,0.165
0.1,0.165
0.0,0.165
0.0,0.165
0.0,0.165
-0.1,0.165
-0.1,0.165
-0.1,0.165
-0.1,0.165
-0.1,0.165
-0.1,0.165
0.0,0.165
0.0,0.165
0.1,0.165
0.1,0.165
0.1,0.165
0.1,0.165
0.1,0.165
0.1,0.165
0.1,0.165
0.1,0.165
0.1,0.165
0.1,0.165
0.1,0.165
0.1,0.165
0.0,0.165
0.1,0.165
0.0,0.165
0.0,0.165
0.0,0.165
0.0,0.165
0.0,0.165
0.0,0.165
0.0,0.165
0.1,0.165
0.1,0.165
0.1,0.165
0.1,0.165
0.1,0.165
0.1,0.165
0.1,0.165
0.0,0.165
0.0,0.165
0.0,0.165
0.0,0.165
0.0,0.165
0.0,0.165
0.0,0.165
0.0,0.165
0.0,0.165
0.0,0.165
0.0,0.160
0.1,0.160
0.2,0.160
0.2,0.160
0.2,0.160
0.2,0.160
0.2,0.160
0.2,0.160
0.2,0.160
0.1,0.160
0.1,0.160
0.0,0.160
0.0,0.160
-0.1,0.160
-0.1,0.160
-0.1,0.160
-0.1,0.160
-0.1,0.160
-0.1,0.160
0.0,0.160
0.0,0.160
0.1,0.160
0.1,0.160
0.1,0.160
0.2,0.160
0.2,0.160
0.2,0.160
0.2,0.160
0.1,0.160
0.1,0.160
0.0,0.160
0.0,0.160
-0.1,0.160
-0.1,0.160
-0.1,0.160
-0.1,0.160
-0.1,0.160
-0.1,0.160
-0.1,0.160
0.0,0.160
0.1,0.160
0.1,0.160
0.2,0.160
0.2,0.160
0.2,0.160
0.2,0.160
0.2,0.160
0.2,0.160
0.1,0.160
0.0,0.160
0.0,0.160
-0.1,0.160
-0.1,0.160
-0.1,0.160
-0.1,0.160
-0.1,0.160
-0.1,0.160
0.0,0.160
0.0,0.160
0.1,0.160
0.1,0.160
0.1,0.160
0.2,0.160
0.2,0.160
0.2,0.160
0.2,0.160
0.2,0.160
0.1,0.160
0.1,0.160
0.0,0.160
0.0,0.160
-0.1,0.160
-0.1,0.160
-0.1,0.160
-0.1,0.160
-0.1,0.160
-0.1,0.160
-0.1,0.160
0.0,0.160
0.0,0.160
0.1,0.160
0.1,0.160
0.1,0.160
0.1,0.160
0.1,0.160
0.1,0.160
0.1,0.160
0.1,0.160
0.1,0.160
0.1,0.160
0.1,0.160
0.0,0.160
0.0,0.160
0.0,0.160
0.0,0.160
0.0,0.160
0.0,0.160
0.0,0.160
0.0,0.160
0.0,0.160
0.0,0.160
0.1,0.160
0.1,0.160
0.1,0.160
0.1,0.160
0.1,0.160
0.1,0.160
0.1,0.160
0.1,0.160
0.1,0.160
0.1,0.160
0.0,0.160
0.0,0.160
0.0,0.160
0.0,0.160
-0.1,0.160
-0.1,0.160
-0.1,0.160
-0.1,0.160
-0.1,0.160
0.0,0.160
0.0,0.160
0.1,0.160
0.1,0.160
0.1,0.160
0.1,0.160
0.1,0.160
0.1,0.160
0.1,0.160
0.1,0.160
0.1,0.160
0.0,0.160
0.0,0.160
-0.1,0.160
-0.1,0.160
-0.1,0.160
-0.1,0.160
-0.1,0.160
-0.1,0.160
0.0,0.160
0.0,0.160
0.1,0.160
0.1,0.160
0.1,0.160
0.1,0.160
0.1,0.160
0.1,0.160
0.1,0.160
0.1,0.160
0.1,0.160
0.0,0.160
0.0,0.160
0.0,0.160
-0.1,0.160
-0.1,0.160
-0.1,0.160
-0.1,0.160
-0.1,0.160
-0.1,0.160
-0.1,0.160
0.0,0.160
0.1,0.160
0.1,0.160
0.1,0.160
0.1,0.160
0.1,0.160
0.1,0.160
0.1,0.160
0.1,0.160
0.1,0.160
0.1,0.160
0.1,0.160
0.1,0.160
0.1,0.160
0.1,0.160
0.0,0.160
0.0,0.160
0.0,0.160
0.0,0.160
0.0,0.160
0.0,0.160
0.0,0.160
0.0,0.160
0.0,0.160
0.0,0.160
0.0,0.160
0.0,0.160
0.0,0.160
0.0,0.160
0.0,0.160
0.0,0.160
0.0,0.160
0.0,0.160
0.0,0.160
0.0,0.160
0.0,0.160
0.0,0.160
0.0,0.160
0.0,0.160
0.0,0.160
0.0,0.160
0.0,0.160
0.0,0.160
0.0,0.160
0.0,0.160
0.1,0.160
0.1,0.160
0.1,0.160
0.1,0.160
0.1,0.160
0.1,0.160
0.1,0.160
0.1,0.160
0.1,0.160
0.1,0.160
0.1,0.160
0.1,0.160
0.1,0.160
0.0,0.160
0.0,0.160
0.0,0.160
0.0,0.160
0.0,0.160
0.0,0.160
0.0,0.160
0.1,0.160
0.1,0.160
0.1,0.160
0.1,0.160
0.1,0.160
0.1,0.160
0.1,0.160
0.0,0.160
0.0,0.160
0.0,0.160
0.0,0.160
0.0,0.160
0.0,0.160
0.0,0.160
0.0,0.160
0.0,0.160
0.0,0.160
0.0,0.160
0.1,0.160
0.1,0.160
0.1,0.160
0.1,0.160
0.1,0.160
0.1,0.160
0.1,0.160
0.1,0.160
0.1,0.160
0.0,0.160
0.0,0.160
0.0,0.160
0.0,0.160
0.0,0.160
0.0,0.160
0.0,0.160
0.0,0.160
0.0,0.160
0.0,0.160
0.0,0.160
0.0,0.160
0.1,0.160
0.1,0.160
0.1,0.160
0.1,0.160
0.1,0.160
0.1,0.160
0.1,0.160
0.1,0.160
0.0,0.160
0.0,0.160
0.0,0.160
0.0,0.160
0.0,0.160
0.0,0.160
0.0,0.160
0.0,0.160
0.0,0.160
0.0,0.160
0.1,0.160
0.1,0.160
0.1,0.160
0.1,0.160
0.1,0.160
0.1,0.160
0.1,0.160
0.1,0.160
0.1,0.160
0.1,0.160
0.1,0.160
0.1,0.160
0.0,0.160
0.0,0.160
0.0,0.160
0.0,0.160
0.0,0.160
0.0,0.160
0.0,0.160
0.0,0.160
0.1,0.160
0.1,0.160
0.1,0.160
0.1,0.160
0.1,0.160
0.1,0.160
0.1,0.160
0.1,0.160
0.1,0.160
0.1,0.160
0.1,0.160
0.0,0.160
0.0,0.160
0.0,0.160
0.0,0.160
0.0,0.160
0.0,0.160
0.0,0.160
0.0,0.160
0.0,0.160
0.1,0.160
0.1,0.160
0.1,0.160
0.1,0.160
0.1,0.160
0.1,0.160
0.1,0.160
0.1,0.160
0.1,0.160
0.1,0.160
0.1,0.160
0.1,0.160
0.1,0.160
0.0,0.160
0.0,0.160
0.0,0.160
0.1,0.160
0.0,0.160
0.0,0.160
0.1,0.160
0.1,0.160
0.1,0.160
0.1,0.160
0.1,0.160
0.1,0.160
0.1,0.160
0.1,0.160
0.1,0.160
0.1,0.160
0.1,0.160
0.1,0.160
0.0,0.160
0.0,0.160
0.0,0.160
0.0,0.160
0.0,0.160
0.0,0.160
0.0,0.160
0.0,0.160
0.1,0.160
0.1,0.160
0.1,0.160
0.1,0.160
0.1,0.160
0.1,0.160
0.1,0.160
0.1,0.160
0.1,0.160
0.1,0.160
0.0,0.160
0.0,0.160
0.0,0.160
0.0,0.160
0.0,0.160
0.0,0.160
0.0,0.160
0.0,0.160
0.1,0.160
0.1,0.160
0.1,0.160
0.1,0.160
0.1,0.160
0.1,0.160
0.1,0.160
0.1,0.160
0.0,0.160
0.0,0.160
-0.1,0.160
-0.1,0.160
-0.1,0.160
-0.1,0.160
-0.1,0.160
0.0,0.160
0.1,0.160
0.1,0.160
0.1,0.160
0.2,0.160
0.2,0.160
0.2,0.160
0.2,0.160
0.1,0.160
0.1,0.160
0.0,0.160
0.0,0.160
0.0,0.160
0.0,0.160
0.0,0.160
0.0,0.160
0.0,0.160
0.0,0.160
0.0,0.160
0.0,0.160
0.0,0.160
0.0,0.160
0.1,0.160
0.1,0.160
0.1,0.160
0.1,0.160
0.1,0.160
0.1,0.160
0.1,0.160
0.1,0.160
0.0,0.160
0.0,0.160
0.0,0.160
-0.1,0.160
-0.1,0.160
-0.1,0.160
0.0,0.160
0.0,0.160
0.0,0.160
0.0,0.160
0.0,0.160
0.1,0.160
0.1,0.160
0.1,0.160
0.1,0.160
0.1,0.160
0.1,0.160
0.1,0.160
0.1,0.160
0.1,0.160
0.1,0.160
0.1,0.160
0.1,0.160
0.0,0.160
0.0,0.160
0.0,0.160
0.0,0.160
0.0,0.160
0.0,0.160
0.0,0.160
0.0,0.160
0.0,0.160
0.0,0.160
0.1,0.160
0.1,0.160
0.1,0.160
0.1,0.160
0.1,0.160
0.1,0.160
0.1,0.160
0.1,0.160
0.1,0.160
0.1,0.160
0.1,0.160
0.1,0.160
0.1,0.160
0.1,0.160
0.0,0.160
0.0,0.160
0.0,0.160
0.0,0.160
0.1,0.160
0.0,0.160
0.1,0.160
0.1,0.160
0.1,0.160
0.1,0.160
0.1,0.160
0.1,0.160
0.1,0.160
0.1,0.160
0.1,0.160
0.1,0.160
0.0,0.160
0.0,0.160
0.0,0.160
0.0,0.160
0.0,0.160
0.0,0.160
0.0,0.160
0.0,0.160
0.0,0.160
0.0,0.160
0.1,0.160
0.1,0.160
0.1,0.160
0.1,0.160
0.1,0.160
0.1,0.160
0.1,0.160
0.1,0.160
0.0,0.160
0.0,0.160
0.0,0.160
0.0,0.160
0.0,0.160
0.0,0.160
0.0,0.160
0.0,0.160
0.0,0.160
0.0,0.160
0.1,0.160
0.1,0.160
0.1,0.160
0.2,0.160
0.2,0.160
0.2,0.160
0.1,0.160
0.1,0.160
0.0,0.160
0.0,0.160
-0.1,0.160
-0.1,0.160
-0.1,0.160
-0.1,0.160
-0.1,0.160
-0.1,0.160
-0.1,0.160
0.0,0.160
0.0,0.160
0.1,0.160
0.1,0.160
0.1,0.160
0.1,0.160
0.1,0.160
0.1,0.160
0.1,0.160
0.1,0.160
0.1,0.160
0.1,0.160
0.0,0.160
0.1,0.160
0.0,0.160
0.0,0.160
0.0,0.160
0.0,0.160
0.0,0.160
0.0,0.160
0.0,0.160
0.0,0.160
0.0,0.160
0.0,0.160
0.1,0.160
0.1,0.160
0.1,0.160
0.1,0.160
0.1,0.160
0.1,0.160
0.1,0.160
0.1,0.160
0.1,0.160
0.0,0.160
0.0,0.160
0.0,0.160
0.0,0.160
0.0,0.160
0.0,0.160
0.0,0.160
0.0,0.160
0.0,0.160
0.0,0.160
0.0,0.160
0.0,0.160
0.0,0.160
0.0,0.160
0.0,0.160
0.0,0.160
0.0,0.160
0.0,0.160
0.0,0.160
0.0,0.160
0.0,0.160
0.0,0.160
0.0,0.160
0.0,0.160
0.0,0.160
0.0,0.160
0.0,0.160
0.0,0.160
0.0,0.160
0.0,0.160
0.0,0.160
0.0,0.160
0.0,0.160
0.0,0.160
0.0,0.160
0.0,0.160
0.0,0.160
0.0,0.160
0.0,0.160
0.0,0.160
0.0,0.160
0.0,0.160
0.0,0.160
0.0,0.160
0.0,0.160
0.0,0.160
0.0,0.160
0.0,0.160
0.0,0.160
0.0,0.160
0.0,0.160
0.0,0.160
0.0,0.160
0.0,0.160
0.0,0.160
0.0,0.160
0.0,0.160
0.0,0.160
0.0,0.160
0.0,0.160
0.0,0.160
0.0,0.160
0.0,0.160
0.0,0.160
0.0,0.160
0.0,0.160
0.0,0.160
0.0,0.160
0.1,0.160
0.1,0.160
0.1,0.160
0.1,0.160
0.1,0.160
0.1,0.160
0.1,0.160
0.0,0.160
0.0,0.160
-0.1,0.160
-0.1,0.160
-0.1,0.160
-0.1,0.160
-0.1,0.160
-0.1,0.160
-0.1,0.160
0.0,0.160
0.0,0.160
0.1,0.160
0.1,0.160
0.1,0.160
0.1,0.160
0.1,0.160
0.1,0.160
0.1,0.160
0.0,0.160
0.0,0.160
0.0,0.160
-0.1,0.160
-0.1,0.160
-0.1,0.160
-0.1,0.160
-0.1,0.160
-0.1,0.160
-0.1,0.160
0.0,0.160
0.0,0.160
0.1,0.160
0.1,0.160
0.2,0.160
0.2,0.160
0.2,0.160
0.2,0.160
0.2,0.160
0.2,0.160
0.2,0.160
0.2,0.160
0.2,0.160
0.0,0.160
0.0,0.160
0.0,0.160
0.0,0.160
0.0,0.160
0.0,0.160
0.0,0.160
0.0,0.160
0.0,0.160
0.0,0.160
0.0,0.160
0.1,0.160
0.1,0.160
0.1,0.160
0.1,0.160
0.1,0.160
0.1,0.160
0.1,0.160
0.1,0.160
0.1,0.160
-0.1,0.160
-0.1,0.160
-0.1,0.160
-0.1,0.160
-0.1,0.160
-0.1,0.160
-0.1,0.160
-0.1,0.160
0.1,0.160
0.1,0.160
0.1,0.160
0.1,0.160
0.1,0.160
0.2,0.160
0.1,0.160
0.1,0.160
0.1,0.160
0.1,0.160
0.1,0.160
0.1,0.160
0.0,0.160
0.0,0.160
0.0,0.160
-0.1,0.160
-0.1,0.160
-0.1,0.160
-0.1,0.160
0.0,0.160
0.0,0.160
0.0,0.160
0.1,0.160
0.1,0.160
0.2,0.160
0.2,0.160
0.2,0.160
0.2,0.160
0.2,0.160
0.2,0.160
0.2,0.160
0.1,0.160
0.0,0.160
0.0,0.160
0.0,0.160
0.0,0.160
0.0,0.160
0.0,0.160
0.0,0.160
0.0,0.160
0.1,0.160
0.1,0.160
0.1,0.160
0.1,0.160
0.1,0.160
0.1,0.160
0.1,0.160
0.1,0.160
0.1,0.160
0.0,0.160
-0.1,0.160
-0.1,0.160
-0.1,0.160
-0.1,0.160
-0.1,0.160
-0.1,0.160
0.0,0.160
0.0,0.160
0.1,0.160
0.1,0.160
0.1,0.160
0.1,0.160
0.1,0.160
0.1,0.160
0.1,0.160
0.1,0.160
0.1,0.160
0.0,0.160
0.0,0.160
0.0,0.160
-0.1,0.160
-0.1,0.160
-0.1,0.160
-0.1,0.160
0.0,0.160
0.0,0.160
0.0,0.160
0.1,0.160
0.2,0.160
0.2,0.160
0.2,0.160
0.2,0.160
0.2,0.160
0.2,0.160
0.2,0.160
0.1,0.160
0.0,0.160
0.0,0.160
0.0,0.160
0.0,0.160
0.0,0.160
0.0,0.160
0.0,0.160
0.0,0.160
0.0,0.160
0.1,0.160
0.1,0.160
0.2,0.160
0.2,0.160
0.2,0.160
0.2,0.160
0.2,0.160
0.1,0.160
0.1,0.160
0.1,0.160
0.0,0.160
-0.1,0.160
-0.1,0.160
-0.1,0.160
-0.1,0.160
-0.1,0.160
-0.1,0.160
-0.1,0.160
0.0,0.160
0.1,0.160
0.1,0.160
0.2,0.160
0.2,0.160
0.2,0.160
0.2,0.160
0.2,0.160
0.2,0.160
0.1,0.160
0.1,0.160
0.0,0.160
0.0,0.160
-0.1,0.160
-0.1,0.160
-0.1,0.160
-0.1,0.160
-0.1,0.160
0.0,0.160
0.0,0.160
0.1,0.160
0.1,0.160
0.2,0.160
0.2,0.160
0.2,0.160
0.2,0.160
0.2,0.160
0.2,0.160
0.1,0.160
0.1,0.160
0.0,0.160
0.0,0.160
-0.1,0.160
-0.1,0.160
-0.1,0.160
-0.1,0.160
-0.1,0.160
-0.1,0.160
-0.1,0.160
0.0,0.160
0.0,0.160
0.1,0.160
0.1,0.160
0.2,0.160
0.2,0.160
0.2,0.160
0.2,0.160
0.1,0.160
0.1,0.160
0.1,0.160
0.0,0.160
0.0,0.160
0.0,0.160
-0.1,0.160
-0.1,0.160
-0.1,0.160
-0.1,0.160
-0.1,0.160
-0.1,0.160
0.0,0.160
0.1,0.160
0.1,0.160
0.1,0.160
0.2,0.160
0.2,0.160
0.2,0.160
0.2,0.160
0.2,0.160
0.2,0.160
0.1,0.160
0.0,0.160
0.0,0.160
-0.1,0.160
-0.1,0.160
-0.1,0.160
-0.1,0.160
-0.1,0.160
-0.1,0.160
0.0,0.160
0.0,0.160
0.1,0.160
0.1,0.160
0.2,0.160
0.2,0.160
0.2,0.160
0.2,0.160
0.1,0.160
0.1,0.160
0.0,0.160
0.0,0.160
-0.1,0.160
-0.1,0.160
-0.1,0.160
-0.1,0.160
-0.1,0.160
-0.1,0.160
-0.1,0.160
0.0,0.160
0.1,0.160
0.1,0.160
0.2,0.160
0.2,0.160
0.2,0.160
0.2,0.160
0.2,0.160
0.2,0.160
0.1,0.160
0.0,0.160
0.0,0.160
-0.1,0.160
-0.1,0.160
-0.1,0.160
-0.1,0.160
-0.1,0.160
-0.1,0.160
0.0,0.160
0.0,0.160
0.0,0.160
0.1,0.160
0.2,0.160
0.2,0.160
0.2,0.160
0.2,0.160
0.2,0.160
0.2,0.160
0.1,0.160
0.1,0.160
0.0,0.160
0.0,0.160
-0.1,0.160
-0.1,0.160
-0.1,0.160
-0.1,0.160
-0.1,0.160
0.0,0.160
0.0,0.160
0.1,0.160
0.1,0.160
0.1,0.160
0.2,0.160
0.2,0.160
0.2,0.160
0.2,0.160
0.2,0.160
0.1,0.160
0.1,0.160
0.1,0.160
0.0,0.160
-0.1,0.160
-0.1,0.160
-0.1,0.160
-0.1,0.160
-0.1,0.160
-0.1,0.160
-0.1,0.160
0.0,0.160
0.1,0.160
0.1,0.160
0.1,0.160
0.2,0.160
0.2,0.160
0.2,0.160
0.1,0.160
0.1,0.160
0.1,0.160
0.1,0.160
0.0,0.160
0.0,0.160
0.0,0.160
-0.1,0.160
-0.1,0.160
-0.1,0.160
-0.1,0.160
-0.1,0.160
0.0,0.160
0.0,0.160
0.0,0.160
0.1,0.160
0.1,0.160
0.1,0.160
0.1,0.160
0.1,0.160
0.1,0.160
0.1,0.160
0.0,0.160
0.0,0.160
0.0,0.160
0.0,0.160
-0.1,0.160
-0.1,0.160
-0.1,0.160
-0.1,0.160
-0.1,0.160
-0.1,0.160
-0.1,0.160
0.1,0.160
0.1,0.160
0.1,0.160
0.1,0.160
0.2,0.160
0.2,0.160
0.2,0.160
0.2,0.160
0.2,0.160
0.2,0.160
0.1,0.160
0.0,0.160
0.0,0.160
-0.1,0.160
-0.1,0.160
-0.1,0.160
-0.1,0.160
-0.1,0.160
-0.1,0.160
-0.1,0.160
0.0,0.160
0.1,0.160
0.1,0.160
0.1,0.160
0.1,0.160
0.1,0.160
0.1,0.160
0.1,0.160
0.1,0.160
0.0,0.160
0.0,0.160
0.0,0.160
0.0,0.160
0.0,0.160
0.0,0.160
0.0,0.160
0.0,0.160
0.0,0.160
0.0,0.160
0.0,0.160
0.0,0.160
0.1,0.160
0.1,0.160
0.1,0.160
0.1,0.160
0.1,0.160
0.1,0.160
0.1,0.160
0.1,0.160
0.1,0.160
0.1,0.160
0.1,0.160
0.0,0.160
0.0,0.160
0.0,0.160
-0.1,0.160
0.0,0.160
0.0,0.160
0.0,0.160
0.0,0.160
0.0,0.160
0.0,0.160
0.1,0.160
0.1,0.160
0.1,0.160
0.1,0.160
0.1,0.160
0.1,0.160
0.1,0.160
0.1,0.160
0.0,0.160
0.0,0.160
0.0,0.160
-0.1,0.160
-0.1,0.160
-0.1,0.160
-0.1,0.160
-0.1,0.160
-0.1,0.160
-0.1,0.160
-0.1,0.160
0.0,0.160
0.1,0.160
0.1,0.160
0.1,0.160
0.1,0.160
0.1,0.160
0.1,0.160
0.1,0.160
0.1,0.160
0.1,0.160
0.1,0.160
0.0,0.160
0.0,0.160
0.0,0.160
0.0,0.160
0.0,0.160
0.0,0.160
0.0,0.160
0.0,0.160
0.1,0.160
0.1,0.160
0.1,0.160
0.2,0.160
0.2,0.160
0.2,0.160
0.2,0.160
0.2,0.160
0.2,0.160
0.2,0.160
0.1,0.160
0.0,0.160
0.0,0.160
0.0,0.160
-0.1,0.160
-0.1,0.160
-0.1,0.160
-0.1,0.160
-0.1,0.160
0.0,0.160
0.0,0.160
0.1,0.160
0.1,0.160
0.2,0.160
0.2,0.160
0.2,0.160
0.2,0.160
0.2,0.160
0.2,0.160
0.2,0.160
0.1,0.160
0.0,0.160
-0.1,0.160
-0.1,0.160
-0.1,0.160
-0.1,0.160
-0.1,0.160
-0.1,0.165
-0.1,0.165
-0.1,0.165
0.0,0.165
0.1,0.165
0.1,0.165
0.2,0.165
0.2,0.165
0.2,0.165
0.2,0.165
0.2,0.165
0.1,0.165
0.1,0.165
0.0,0.165
-0.1,0.165
-0.1,0.165
-0.2,0.165
-0.2,0.165
-0.2,0.165
-0.2,0.165
-0.1,0.165
-0.1,0.165
0.0,0.165
0.1,0.165
0.1,0.165
0.2,0.165
0.2,0.165
0.2,0.165
0.2,0.165
0.2,0.165
0.2,0.165
0.1,0.165
0.0,0.165
0.0,0.165
-0.1,0.165
-0.1,0.165
-0.1,0.165
-0.1,0.165
-0.1,0.165
0.0,0.165
0.0,0.165
0.1,0.165
0.1,0.165
0.2,0.165
0.2,0.165
0.2,0.165
0.2,0.165
0.2,0.165
0.2,0.165
0.2,0.165
0.1,0.165
0.1,0.165
0.0,0.165
-0.1,0.165
-0.1,0.165
-0.1,0.165
-0.1,0.165
-0.1,0.165
-0.1,0.165
-0.1,0.165
0.0,0.165
0.1,0.165
0.1,0.165
0.2,0.165
0.2,0.165
0.2,0.165
0.2,0.165
0.2,0.165
0.2,0.165
0.1,0.165
0.1,0.165
0.0,0.165
-0.1,0.165
-0.1,0.165
-0.1,0.165
-0.1,0.165
-0.1,0.165
-0.1,0.165
-0.1,0.165
0.0,0.165
0.1,0.165
0.1,0.165
0.2,0.165
0.2,0.165
0.2,0.165
0.2,0.165
0.2,0.165
0.2,0.165
0.1,0.165
0.1,0.165
0.0,0.165
0.0,0.165
-0.1,0.165
-0.1,0.165
-0.2,0.165
-0.2,0.165
-0.2,0.165
-0.1,0.165
-0.1,0.165
0.0,0.165
0.1,0.165
0.1,0.165
0.2,0.165
0.2,0.165
0.2,0.165
0.2,0.165
0.2,0.165
0.2,0.165
0.1,0.165
0.1,0.165
0.0,0.165
-0.1,0.165
-0.1,0.165
-0.2,0.165
-0.2,0.165
-0.2,0.165
-0.2,0.165
-0.2,0.165
-0.1,0.165
0.0,0.165
0.1,0.165
0.2,0.165
0.2,0.165
0.2,0.165
0.3,0.165
0.3,0.165
0.2,0.165
0.2,0.165
0.2,0.165
0.1,0.165
0.0,0.165
-0.1,0.165
-0.1,0.165
-0.1,0.165
-0.2,0.165
-0.2,0.165
-0.2,0.165
-0.1,0.165
0.0,0.165
0.0,0.165
0.1,0.165
0.2,0.165
0.2,0.165
0.3,0.165
0.3,0.165
0.2,0.165
0.2,0.165
0.1,0.165
0.0,0.165
0.0,0.165
-0.1,0.165
-0.1,0.165
-0.2,0.165
-0.2,0.165
-0.2,0.165
-0.2,0.165
-0.1,0.165
0.0,0.165
0.0,0.165
0.1,0.165
0.2,0.165
0.2,0.165
0.3,0.165
0.2,0.165
0.2,0.165
0.1,0.165
0.1,0.165
0.1,0.165
0.0,0.165
-0.1,0.165
-0.1,0.165
-0.2,0.165
-0.2,0.165
-0.2,0.165
-0.2,0.165
-0.1,0.165
-0.1,0.165
0.0,0.165
0.1,0.165
0.1,0.165
0.2,0.165
0.2,0.165
0.2,0.165
0.2,0.165
0.2,0.165
0.2,0.165
0.1,0.165
0.1,0.165
0.0,0.165
0.0,0.165
-0.1,0.165
-0.1,0.165
-0.2,0.165
-0.2,0.165
-0.2,0.165
-0.1,0.165
-0.1,0.165
0.0,0.165
0.1,0.165
0.1,0.165
0.2,0.165
0.2,0.165
0.2,0.165
0.2,0.165
0.2,0.165
0.2,0.165
0.1,0.165
0.1,0.165
0.0,0.165
0.0,0.165
-0.1,0.165
-0.1,0.165
-0.1,0.165
-0.1,0.165
-0.1,0.165
-0.1,0.165
-0.1,0.165
0.0,0.165
0.1,0.165
0.1,0.165
0.2,0.165
0.2,0.165
0.2,0.165
0.2,0.165
0.2,0.165
0.2,0.165
0.1,0.165
0.0,0.165
0.0,0.165
-0.1,0.165
-0.1,0.165
-0.2,0.165
-0.2,0.165
-0.2,0.165
-0.2,0.165
-0.1,0.165
0.0,0.165
0.0,0.165
0.1,0.165
0.2,0.165
0.2,0.165
0.2,0.165
0.2,0.165
0.2,0.165
0.2,0.165
0.2,0.165
0.1,0.165
0.1,0.165
0.0,0.165
-0.1,0.165
-0.1,0.165
-0.1,0.165
-0.2,0.165
-0.2,0.165
-0.2,0.165
-0.1,0.165
0.0,0.165
0.0,0.165
0.1,0.165
0.1,0.165
0.2,0.165
0.2,0.165
0.2,0.165
0.2,0.165
0.2,0.165
0.2,0.165
0.2,0.165
0.1,0.165
0.0,0.165
-0.1,0.165
-0.1,0.165
-0.1,0.165
-0.2,0.165
-0.2,0.165
-0.2,0.165
-0.1,0.165
0.0,0.165
0.1,0.165
0.1,0.165
0.2,0.165
0.3,0.165
0.3,0.165
0.3,0.165
0.3,0.165
0.2,0.165
0.1,0.165
0.1,0.165
0.0,0.165
0.0,0.165
-0.1,0.165
-0.1,0.165
-0.1,0.165
-0.1,0.165
-0.1,0.165
-0.1,0.165
-0.1,0.165
0.0,0.165
0.0,0.165
0.1,0.165
0.1,0.165
0.2,0.165
0.2,0.165
0.2,0.165
0.2,0.165
0.2,0.165
0.1,0.165
0.1,0.165
0.0,0.165
0.0,0.165
0.0,0.165
-0.1,0.165
-0.1,0.165
-0.1,0.165
-0.1,0.165
-0.1,0.165
-0.1,0.165
0.0,0.165
0.1,0.165
0.1,0.165
0.2,0.165
0.2,0.165
0.2,0.165
0.2,0.165
0.2,0.165
0.2,0.165
0.2,0.165
0.2,0.165
0.0,0.165
0.0,0.165
0.0,0.165
0.0,0.165
-0.1,0.165
-0.1,0.165
-0.1,0.165
-0.1,0.165
-0.1,0.165
-0.1,0.165
-0.1,0.165
0.0,0.165
0.0,0.165
0.1,0.165
0.1,0.165
0.2,0.165
0.2,0.165
0.2,0.165
0.2,0.165
0.2,0.165
0.1,0.165
0.1,0.165
0.0,0.165
-0.1,0.165
-0.1,0.165
-0.1,0.165
-0.1,0.165
-0.1,0.165
-0.1,0.165
0.0,0.165
0.0,0.165
0.1,0.165
0.1,0.165
0.1,0.165
0.2,0.165
0.2,0.165
0.2,0.165
0.2,0.165
0.1,0.165
0.1,0.165
0.0,0.165
0.0,0.165
-0.1,0.165
-0.1,0.165
-0.1,0.165
-0.1,0.165
-0.1,0.165
-0.1,0.165
-0.1,0.165
0.0,0.165
0.0,0.165
0.1,0.165
0.1,0.165
0.2,0.165
0.2,0.165
0.2,0.165
0.2,0.165
0.2,0.165
0.2,0.165
0.2,0.165
0.0,0.165
0.0,0.165
0.0,0.165
0.0,0.165
-0.1,0.165
-0.1,0.165
-0.1,0.165
-0.1,0.165
-0.1,0.165
0.0,0.165
0.0,0.165
0.1,0.165
0.1,0.165
0.1,0.165
0.1,0.165
0.2,0.165
0.2,0.165
0.2,0.165
0.1,0.165
0.1,0.165
0.0,0.165
0.0,0.165
0.0,0.165
-0.1,0.165
-0.1,0.165
-0.1,0.165
-0.1,0.165
0.0,0.165
0.0,0.165
0.0,0.165
0.1,0.165
0.1,0.165
0.2,0.165
0.2,0.165
0.2,0.165
0.2,0.165
0.2,0.165
0.1,0.165
0.1,0.165
0.0,0.165
0.0,0.165
0.0,0.165
0.0,0.165
-0.1,0.165
-0.1,0.165
-0.1,0.165
-0.1,0.165
-0.1,0.165
-0.1,0.165
-0.1,0.165
-0.1,0.165
0.0,0.165
0.1,0.165
0.1,0.165
0.2,0.165
0.2,0.165
0.2,0.165
0.2,0.165
0.2,0.165
0.2,0.165
0.1,0.165
0.0,0.165
0.0,0.165
0.0,0.165
-0.1,0.165
-0.1,0.165
-0.1,0.165
-0.1,0.165
-0.1,0.165
0.0,0.165
0.0,0.165
0.1,0.165
0.1,0.165
0.1,0.165
0.2,0.165
0.2,0.165
0.2,0.165
0.2,0.165
0.1,0.165
0.1,0.165
0.0,0.165
0.0,0.165
0.0,0.165
0.0,0.165
-0.1,0.165
-0.1,0.165
-0.1,0.165
-0.1,0.165
-0.1,0.165
-0.1,0.165
0.1,0.165
0.1,0.165
0.1,0.165
0.1,0.165
0.1,0.165
0.2,0.165
0.1,0.165
0.1,0.165
0.1,0.165
0.0,0.165
0.0,0.165
-0.1,0.165
-0.1,0.165
-0.1,0.165
-0.1,0.165
-0.1,0.165
-0.1,0.165
-0.1,0.165
-0.1,0.165
0.0,0.165
0.1,0.165
0.1,0.165
0.1,0.165
0.1,0.165
0.1,0.165
0.1,0.165
0.1,0.165
0.1,0.165
0.0,0.165
0.0,0.165
-0.1,0.165
-0.1,0.165
-0.1,0.165
-0.1,0.165
-0.1,0.165
-0.1,0.165
0.0,0.165
0.0,0.165
0.1,0.165
0.1,0.165
0.2,0.165
0.2,0.165
0.2,0.165
0.2,0.165
0.2,0.165
0.2,0.165
0.2,0.165
0.1,0.165
0.1,0.165
0.0,0.165
0.0,0.165
-0.1,0.165
-0.1,0.165
-0.1,0.165
-0.1,0.165
-0.1,0.165
-0.1,0.165
0.0,0.165
0.0,0.165
0.1,0.165
0.1,0.165
0.1,0.165
0.1,0.165
0.1,0.165
0.1,0.165
0.1,0.165
0.1,0.165
0.1,0.165
0.1,0.165
0.0,0.165
0.0,0.165
0.0,0.165
0.0,0.165
0.0,0.165
0.0,0.165
0.0,0.165
0.0,0.165
0.0,0.165
0.0,0.165
0.0,0.165
0.1,0.165
0.1,0.165
0.1,0.170
0.1,0.170
0.1,0.170
0.1,0.170
0.1,0.170
0.1,0.170
0.1,0.170
0.0,0.170
0.0,0.170
0.0,0.170
0.0,0.170
0.0,0.170
0.0,0.170
0.0,0.170
0.0,0.170
0.0,0.170
0.1,0.170
0.1,0.170
0.0,0.170
0.1,0.170
0.1,0.170
0.1,0.170
0.1,0.170
0.1,0.170
0.1,0.170
0.1,0.170
0.1,0.170
0.1,0.170
0.0,0.170
0.0,0.170
0.0,0.170
0.0,0.170
0.0,0.170
0.0,0.170
0.0,0.170
0.0,0.170
0.0,0.170
0.0,0.170
0.0,0.170
0.1,0.170
0.1,0.170
0.1,0.170
0.1,0.170
0.1,0.170
0.1,0.170
0.1,0.170
0.1,0.170
0.1,0.170
0.1,0.170
0.1,0.170
0.0,0.170
0.0,0.170
0.0,0.170
0.0,0.170
0.0,0.170
0.1,0.170
0.0,0.170
0.0,0.170
0.0,0.170
0.1,0.170
0.1,0.170
0.1,0.170
0.1,0.170
0.1,0.170
0.1,0.170
0.1,0.170
0.0,0.170
0.0,0.170
0.0,0.170
0.0,0.170
0.0,0.170
0.0,0.170
0.0,0.170
0.0,0.170
0.0,0.170
0.0,0.170
0.0,0.170
0.0,0.170
0.0,0.170
0.0,0.170
0.0,0.170
0.0,0.170
0.1,0.170
0.1,0.170
0.1,0.170
0.1,0.170
0.1,0.170
0.1,0.170
0.1,0.170
0.1,0.170
0.1,0.170
0.1,0.170
0.1,0.170
0.0,0.170
0.0,0.170
0.0,0.170
0.0,0.170
0.0,0.170
0.0,0.170
0.0,0.170
0.0,0.170
0.1,0.170
0.1,0.170
0.1,0.170
0.1,0.170
0.1,0.170
0.1,0.170
0.1,0.170
0.1,0.170
0.0,0.170
0.1,0.170
0.0,0.170
0.0,0.170
0.0,0.170
0.0,0.170
0.0,0.170
0.0,0.170
0.0,0.170
0.0,0.170
0.0,0.170
0.1,0.170
0.1,0.170
0.1,0.170
0.2,0.170
0.2,0.170
0.2,0.170
0.2,0.170
0.1,0.170
0.1,0.170
0.0,0.170
0.0,0.170
0.0,0.170
-0.1,0.170
-0.1,0.170
-0.1,0.170
-0.1,0.170
-0.1,0.170
-0.1,0.170
-0.1,0.170
-0.1,0.170
0.0,0.170
0.1,0.170
0.1,0.170
0.1,0.170
0.1,0.170
0.1,0.170
0.1,0.170
0.1,0.170
0.1,0.170
0.1,0.170
0.1,0.170
0.0,0.170
0.0,0.170
0.0,0.170
0.0,0.170
0.0,0.170
0.0,0.170
0.0,0.170
0.0,0.170
0.0,0.170
0.0,0.170
0.0,0.170
0.0,0.170
0.0,0.170
0.1,0.170
0.1,0.170
0.1,0.170
0.1,0.170
0.1,0.170
0.0,0.170
0.0,0.170
0.0,0.170
0.0,0.170
0.0,0.170
0.0,0.170
0.0,0.170
0.0,0.170
0.0,0.170
0.1,0.170
0.1,0.170
0.1,0.170
0.1,0.170
0.1,0.170
0.1,0.170
0.1,0.170
0.1,0.170
0.1,0.170
0.1,0.170
0.1,0.170
0.1,0.170
0.1,0.170
0.1,0.170
0.0,0.170
0.0,0.170
0.0,0.170
0.0,0.170
0.0,0.170
0.0,0.170
0.0,0.170
0.0,0.170
0.0,0.170
0.0,0.170
0.0,0.170
0.0,0.170
0.0,0.170
0.0,0.170
0.0,0.170
0.0,0.170
0.0,0.170
0.0,0.170
0.0,0.170
0.0,0.170
0.0,0.170
0.0,0.170
0.0,0.170
0.0,0.170
0.0,0.170
0.0,0.170
0.0,0.170
0.0,0.170
0.0,0.170
0.0,0.170
0.0,0.170
0.0,0.170
0.0,0.170
0.0,0.170
0.0,0.170
0.0,0.170
0.0,0.170
0.0,0.170
0.0,0.170
0.0,0.170
0.1,0.170
0.1,0.170
0.1,0.170
0.1,0.170
0.1,0.170
0.1,0.170
0.1,0.170
0.1,0.170
0.1,0.170
0.0,0.170
0.0,0.170
0.0,0.170
0.0,0.170
0.0,0.170
0.0,0.170
0.0,0.170
0.1,0.170
0.1,0.170
0.1,0.170
0.1,0.170
0.1,0.170
0.1,0.170
0.1,0.170
0.0,0.170
0.0,0.170
0.0,0.170
0.0,0.170
0.0,0.170
0.0,0.170
0.0,0.170
0.0,0.170
0.0,0.170
0.0,0.170
0.0,0.170
0.0,0.170
0.0,0.170
0.0,0.170
0.1,0.170
0.2,0.170
0.1,0.170
0.1,0.170
0.1,0.170
0.1,0.170
0.1,0.170
0.0,0.170
0.0,0.170
0.0,0.170
0.0,0.170
0.0,0.170
0.0,0.170
0.0,0.170
0.0,0.170
0.0,0.170
0.0,0.170
0.0,0.170
0.1,0.170
0.1,0.170
0.1,0.170
0.1,0.170
0.1,0.170
0.1,0.170
0.1,0.170
0.1,0.170
0.0,0.170
0.0,0.170
-0.1,0.170
-0.1,0.170
-0.1,0.170
-0.1,0.170
-0.1,0.170
-0.1,0.170
0.0,0.170
0.0,0.170
0.0,0.170
0.1,0.170
0.1,0.170
0.2,0.170
0.2,0.170
0.2,0.170
0.2,0.170
0.2,0.170
0.0,0.170
0.0,0.170
0.0,0.170
-0.1,0.170
-0.1,0.170
-0.1,0.170
-0.1,0.170
-0.1,0.170
-0.1,0.170
-0.1,0.170
0.0,0.170
0.1,0.170
0.1,0.170
