MAX FORCE = 192.0,3.850
MIN FORCE = -0.5,0.040
AVERAGE FORCE = 47.60,
UNIT = gf,mm
DATA COUNT = 61146,
RECORDING RATE = 0.0005,
FILE DATE = 5/8/2026 11:42:14 PM,
COMMENT = ,
MARK POINT ON = ---,---
MARK POINT OFF = ---,---
THRESHOLD = ---,
1ST PEAK FORCE = ---,---
2ND PEAK FORCE = ---,---
-0.1,0.000
-0.1,0.000
0.0,0.000
0.0,0.000
0.1,0.000
0.1,0.000
0.1,0.000
0.1,0.000
0.1,0.000
0.1,0.000
0.1,0.000
0.0,0.000
0.0,0.000
-0.1,0.000
-0.1,0.000
-0.1,0.000
-0.1,0.000
-0.1,0.000
-0.1,0.000
-0.1,0.000
-0.1,0.000
-0.1,0.000
-0.1,0.000
-0.1,0.000
-0.1,0.000
0.0,0.000
0.0,0.000
0.1,0.000
0.1,0.000
0.1,0.000
0.1,0.000
0.1,0.000
0.1,0.000
0.1,0.000
0.0,0.000
0.0,0.000
-0.1,0.000
-0.1,0.000
-0.1,0.000
-0.1,0.000
-0.1,0.000
-0.1,0.000
-0.1,0.000
-0.1,0.000
0.0,0.000
-0.1,0.000
-0.1,0.000
0.0,0.000
0.0,0.000
0.0,0.000
0.0,0.000
0.0,0.000
0.0,0.000
0.0,0.000
0.0,0.000
0.0,0.000
0.0,0.000
0.0,0.000
0.0,0.000
-0.1,0.000
-0.1,0.000
-0.1,0.000
-0.1,0.000
-0.1,0.000
-0.1,0.000
0.0,0.000
0.0,0.000
0.1,0.000
0.1,0.000
0.1,0.000
0.1,0.000
0.1,0.000
0.1,0.000
0.1,0.000
0.1,0.000
0.1,0.000
0.0,0.000
0.0,0.000
0.0,0.000
0.0,0.000
0.0,0.000
0.0,0.000
0.0,0.000
0.0,0.000
0.0,0.000
0.0,0.000
0.0,0.000
0.0,0.000
0.0,0.000
0.0,0.000
0.0,0.000
0.0,0.000
0.0,0.000
0.0,0.000
0.0,0.000
0.0,0.000
0.0,0.000
0.0,0.000
0.0,0.000
0.0,0.000
0.0,0.000
0.0,0.000
0.0,0.000
0.0,0.000
0.0,0.000
0.0,0.000
0.0,0.000
0.0,0.000
0.0,0.000
0.0,0.000
0.0,0.000
0.0,0.000
0.0,0.000
0.0,0.000
0.0,0.000
0.0,0.000
0.0,0.000
0.0,0.000
0.0,0.000
0.0,0.000
0.0,0.000
0.0,0.000
0.0,0.000
0.0,0.000
0.0,0.000
0.0,0.000
0.0,0.000
0.0,0.000
0.0,0.000
0.0,0.000
0.0,0.000
0.0,0.000
0.0,0.000
0.0,0.000
-0.1,0.000
-0.1,0.000
-0.1,0.000
-0.1,0.000
-0.1,0.000
0.0,0.000
0.0,0.000
0.0,0.000
0.0,0.000
0.0,0.000
0.0,0.000
0.0,0.000
0.0,0.000
0.0,0.000
0.0,0.000
0.0,0.000
0.0,0.000
0.0,0.000
0.0,0.000
0.0,0.000
0.0,0.000
0.0,0.000
0.0,0.000
0.0,0.000
0.0,0.000
0.0,0.000
0.0,0.000
0.0,0.000
0.0,0.000
0.0,0.000
0.0,0.000
0.0,0.000
0.0,0.000
0.0,0.000
0.0,0.000
0.0,0.000
0.0,0.000
0.0,0.000
0.0,0.000
0.0,0.000
0.0,0.000
0.0,0.000
0.0,0.000
0.0,0.000
0.0,0.000
0.0,0.000
0.0,0.000
0.0,0.000
0.0,0.000
0.0,0.000
0.0,0.000
0.0,0.000
0.0,0.000
0.0,0.000
0.0,0.000
0.0,0.000
0.0,0.000
0.0,0.000
0.0,0.000
0.0,0.000
0.0,0.000
0.0,0.000
0.0,0.000
0.0,0.000
0.0,0.000
0.0,0.000
0.0,0.000
0.0,0.000
0.0,0.000
0.0,0.000
-0.1,0.000
-0.1,0.000
-0.1,0.000
-0.1,0.000
-0.1,0.000
-0.1,0.000
-0.1,0.000
-0.1,0.000
-0.1,0.000
0.0,0.000
0.0,0.000
0.0,0.000
0.0,0.000
0.0,0.000
0.0,0.000
0.0,0.000
0.0,0.000
0.0,0.000
0.0,0.000
0.0,0.000
0.0,0.000
0.0,0.000
0.0,0.000
0.0,0.000
0.0,0.000
0.0,0.000
0.0,0.000
0.0,0.000
0.0,0.000
0.0,0.000
0.0,0.000
0.0,0.000
0.0,0.000
0.0,0.000
0.0,0.000
0.0,0.000
0.0,0.000
0.1,0.000
0.1,0.000
0.0,0.000
0.0,0.000
-0.1,0.000
-0.1,0.000
-0.1,0.000
-0.1,0.000
-0.1,0.000
-0.1,0.000
-0.1,0.000
-0.1,0.000
-0.1,0.000
0.0,0.000
0.0,0.000
0.0,0.000
0.0,0.000
0.0,0.000
0.0,0.000
0.0,0.000
0.0,0.000
0.0,0.000
-0.1,0.000
-0.1,0.000
-0.1,0.000
-0.1,0.000
-0.1,0.000
-0.1,0.000
-0.1,0.000
-0.1,0.000
-0.1,0.000
-0.1,0.000
-0.1,0.000
-0.1,0.000
0.0,0.000
0.1,0.000
0.1,0.000
0.1,0.000
0.1,0.000
0.1,0.000
0.1,0.000
0.1,0.000
0.0,0.000
0.0,0.000
-0.1,0.000
-0.1,0.000
-0.1,0.000
-0.1,0.000
-0.1,0.000
-0.1,0.000
-0.1,0.000
0.0,0.000
0.0,0.000
0.0,0.000
0.0,0.000
0.0,0.000
0.0,0.000
0.0,0.000
0.0,0.000
0.0,0.000
-0.1,0.000
-0.1,0.000
-0.1,0.000
-0.1,0.000
-0.1,0.000
-0.1,0.000
0.0,0.000
-0.1,0.000
0.0,0.000
0.1,0.000
0.1,0.000
0.1,0.000
0.1,0.000
0.1,0.000
0.1,0.000
0.1,0.000
0.0,0.000
0.0,0.000
-0.1,0.000
-0.1,0.000
-0.2,0.000
-0.2,0.000
-0.2,0.000
-0.2,0.000
-0.2,0.000
-0.1,0.000
0.0,0.000
0.0,0.000
0.1,0.000
0.1,0.000
0.1,0.000
0.2,0.000
0.2,0.000
0.1,0.000
0.1,0.000
0.1,0.000
0.0,0.000
-0.1,0.000
-0.2,0.000
-0.2,0.000
-0.2,0.000
-0.2,0.000
-0.2,0.000
-0.1,0.000
-0.1,0.000
0.0,0.000
0.1,0.000
0.1,0.000
0.2,0.000
0.2,0.000
0.2,0.000
0.2,0.000
0.2,0.000
0.2,0.000
0.2,0.000
0.1,0.000
0.0,0.000
0.0,0.000
-0.1,0.000
-0.2,0.000
-0.2,0.000
-0.2,0.000
-0.3,0.000
-0.3,0.000
-0.2,0.000
-0.2,0.000
-0.1,0.000
0.0,0.000
0.1,0.000
0.1,0.000
0.2,0.000
0.2,0.000
0.2,0.000
0.2,0.000
0.1,0.000
0.0,0.000
0.0,0.000
-0.1,0.000
-0.2,0.000
-0.2,0.000
-0.2,0.000
-0.2,0.000
-0.2,0.000
-0.2,0.000
-0.1,0.000
0.0,0.000
0.0,0.000
0.1,0.000
0.2,0.000
0.2,0.000
0.2,0.000
0.2,0.000
0.2,0.000
0.1,0.000
0.0,0.000
0.0,0.000
-0.1,0.000
-0.2,0.000
-0.2,0.000
-0.2,0.000
-0.2,0.000
-0.2,0.000
-0.2,0.000
-0.1,0.000
-0.1,0.000
0.0,0.000
0.1,0.000
0.1,0.000
0.2,0.000
0.2,0.000
0.2,0.000
0.2,0.000
0.2,0.000
0.1,0.000
0.0,0.000
0.0,0.000
-0.1,0.000
-0.2,0.000
-0.2,0.000
-0.2,0.000
-0.2,0.000
-0.2,0.000
-0.1,0.000
-0.1,0.000
-0.1,0.000
0.0,0.000
0.1,0.000
0.1,0.000
0.1,0.000
0.1,0.000
0.2,0.000
0.2,0.000
0.2,0.000
0.1,0.000
0.0,0.000
-0.1,0.000
-0.1,0.000
-0.2,0.000
-0.2,0.000
-0.2,0.000
-0.2,0.000
-0.2,0.000
-0.1,0.000
-0.1,0.000
0.0,0.000
0.0,0.000
0.1,0.000
0.1,0.000
0.1,0.000
0.2,0.000
0.2,0.000
0.2,0.000
0.1,0.000
0.1,0.000
0.0,0.000
0.0,0.000
-0.1,0.000
-0.2,0.000
-0.2,0.000
-0.2,0.000
-0.2,0.000
-0.2,0.000
-0.2,0.000
-0.1,0.000
0.0,0.000
0.0,0.000
0.1,0.000
0.1,0.000
0.2,0.000
0.2,0.000
0.2,0.000
0.2,0.000
0.2,0.000
0.0,0.000
0.0,0.000
-0.1,0.000
-0.1,0.000
-0.1,0.000
-0.1,0.000
-0.1,0.000
-0.1,0.000
-0.1,0.000
0.0,0.000
0.0,0.000
0.0,0.000
0.1,0.000
0.1,0.000
0.2,0.000
0.2,0.000
0.2,0.000
0.1,0.000
0.1,0.000
0.0,0.000
0.0,0.000
-0.1,0.000
-0.1,0.000
-0.1,0.000
-0.2,0.000
-0.1,0.000
-0.1,0.000
-0.1,0.000
-0.1,0.000
0.0,0.000
0.0,0.000
0.1,0.000
0.1,0.000
0.1,0.000
0.1,0.000
0.1,0.000
0.1,0.000
0.0,0.000
0.0,0.000
0.0,0.000
-0.1,0.000
-0.1,0.000
-0.2,0.000
-0.2,0.000
-0.2,0.000
-0.2,0.000
-0.2,0.000
-0.1,0.000
-0.1,0.000
0.0,0.000
0.0,0.000
0.1,0.000
0.1,0.000
0.1,0.000
0.1,0.000
0.1,0.000
0.1,0.000
0.1,0.000
0.1,0.000
0.0,0.000
-0.1,0.000
-0.1,0.000
-0.1,0.000
-0.1,0.000
-0.1,0.000
-0.1,0.000
-0.1,0.000
-0.1,0.000
0.0,0.000
0.0,0.000
0.1,0.000
0.1,0.000
0.1,0.000
0.1,0.000
0.1,0.000
0.1,0.000
0.1,0.000
0.0,0.000
0.0,0.000
-0.1,0.000
-0.1,0.000
-0.1,0.000
-0.1,0.000
-0.1,0.000
-0.1,0.000
-0.1,0.000
-0.1,0.000
-0.1,0.000
-0.1,0.000
-0.1,0.000
0.0,0.000
0.0,0.000
0.0,0.000
0.0,0.000
0.0,0.000
0.1,0.000
0.1,0.000
0.1,0.000
0.1,0.000
0.0,0.000
0.0,0.000
0.0,0.000
-0.1,0.000
-0.1,0.000
-0.1,0.000
-0.1,0.000
-0.1,0.000
-0.1,0.000
-0.1,0.000
-0.1,0.000
-0.1,0.000
-0.1,0.000
0.0,0.000
0.0,0.000
0.0,0.000
0.0,0.000
0.0,0.000
0.0,0.000
0.0,0.000
0.0,0.000
0.0,0.000
0.0,0.000
0.0,0.000
-0.1,0.000
-0.1,0.000
-0.1,0.000
-0.1,0.000
-0.1,0.000
-0.1,0.000
-0.1,0.000
-0.1,0.000
0.0,0.000
0.0,0.000
0.0,0.000
0.0,0.000
0.0,0.000
0.0,0.000
0.0,0.000
0.0,0.000
0.0,0.000
0.0,0.000
0.0,0.000
0.0,0.000
0.0,0.000
0.0,0.000
0.0,0.000
0.0,0.000
0.0,0.000
0.0,0.000
0.0,0.000
0.0,0.000
0.0,0.000
0.0,0.000
0.0,0.000
0.0,0.000
0.0,0.000
0.0,0.000
0.0,0.000
0.0,0.000
0.0,0.000
0.0,0.000
0.0,0.000
0.0,0.000
0.0,0.000
0.0,0.000
0.0,0.000
0.0,0.000
0.0,0.000
0.0,0.000
0.0,0.000
0.0,0.000
0.0,0.000
0.0,0.000
0.0,0.000
0.0,0.000
0.0,0.000
0.0,0.000
0.0,0.000
0.0,0.000
0.0,0.000
0.0,0.000
0.0,0.000
0.0,0.000
0.0,0.000
0.0,0.000
0.0,0.000
0.0,0.000
0.0,0.000
0.0,0.000
0.0,0.000
0.0,0.000
0.0,0.000
0.0,0.000
0.0,0.000
0.0,0.000
0.0,0.000
0.0,0.000
0.0,0.000
0.0,0.000
0.0,0.000
0.0,0.000
0.0,0.000
0.0,0.000
0.0,0.000
0.0,0.000
0.0,0.000
0.0,0.000
0.0,0.000
0.0,0.000
0.0,0.000
0.0,0.000
0.0,0.000
0.0,0.000
0.0,0.000
0.0,0.000
0.0,0.000
0.0,0.000
0.0,0.000
0.0,0.000
0.0,0.000
0.0,0.000
0.0,0.000
0.0,0.000
0.0,0.000
0.0,0.000
0.0,0.000
0.0,0.000
0.0,0.000
0.0,0.000
0.0,0.000
0.0,0.000
0.0,0.000
0.0,0.000
0.0,0.000
0.0,0.000
0.0,0.000
0.0,0.000
0.0,0.000
0.0,0.000
0.0,0.000
-0.1,0.000
-0.1,0.000
-0.1,0.000
-0.1,0.000
-0.1,0.000
-0.1,0.000
-0.1,0.000
0.0,0.000
0.0,0.000
0.0,0.000
0.1,0.000
0.1,0.000
0.1,0.000
0.1,0.000
0.1,0.000
0.1,0.000
0.1,0.000
0.1,0.000
0.0,0.000
0.1,0.000
0.0,0.000
0.0,0.000
-0.1,0.000
-0.1,0.000
-0.1,0.000
-0.1,0.000
-0.1,0.000
-0.1,0.000
-0.1,0.000
0.0,0.000
0.1,0.000
0.1,0.000
0.1,0.000
0.1,0.000
0.1,0.000
0.1,0.000
0.1,0.000
0.1,0.000
0.1,0.000
0.0,0.000
0.0,0.000
-0.1,0.000
-0.2,0.000
-0.2,0.000
-0.2,0.000
-0.2,0.000
-0.2,0.000
-0.2,0.000
-0.2,0.000
-0.1,0.000
0.0,0.000
0.1,0.000
0.1,0.000
0.1,0.000
0.1,0.000
0.1,0.000
0.1,0.000
0.1,0.000
0.1,0.000
0.0,0.000
0.0,0.000
0.0,0.000
-0.1,0.000
-0.1,0.000
-0.1,0.000
-0.1,0.000
-0.1,0.000
-0.1,0.000
-0.1,0.000
0.0,0.000
0.1,0.000
0.1,0.000
0.1,0.000
0.1,0.000
0.1,0.000
0.1,0.000
0.1,0.000
0.1,0.000
0.0,0.000
0.0,0.000
-0.1,0.000
-0.1,0.000
-0.1,0.000
-0.1,0.000
-0.1,0.000
-0.1,0.000
-0.1,0.000
-0.1,0.000
-0.1,0.000
0.0,0.000
0.0,0.000
0.0,0.000
0.0,0.000
0.1,0.000
0.1,0.000
0.1,0.000
0.1,0.000
0.1,0.000
0.1,0.000
0.1,0.000
0.0,0.000
0.0,0.000
-0.1,0.000
-0.1,0.000
-0.1,0.000
-0.1,0.005
-0.1,0.005
-0.1,0.005
-0.1,0.005
-0.1,0.005
0.0,0.005
0.0,0.005
0.1,0.005
0.1,0.005
0.1,0.005
0.1,0.005
0.1,0.005
0.1,0.005
0.1,0.005
0.1,0.005
0.0,0.005
0.0,0.005
-0.1,0.005
-0.1,0.005
-0.1,0.005
-0.1,0.005
-0.1,0.005
-0.1,0.005
-0.1,0.005
-0.1,0.005
-0.1,0.005
-0.1,0.005
0.0,0.005
0.0,0.005
0.0,0.005
0.0,0.005
0.0,0.005
0.0,0.005
0.0,0.005
0.0,0.005
0.0,0.005
-0.1,0.005
-0.1,0.005
-0.1,0.005
-0.1,0.005
-0.1,0.005
-0.1,0.005
-0.1,0.005
-0.1,0.005
-0.1,0.005
-0.1,0.005
-0.1,0.005
-0.1,0.005
0.0,0.005
0.0,0.005
0.0,0.005
0.0,0.005
0.0,0.005
0.0,0.005
0.0,0.005
0.0,0.005
0.0,0.005
0.0,0.005
0.0,0.005
0.0,0.005
0.0,0.005
0.0,0.005
0.0,0.005
0.0,0.005
0.0,0.005
0.0,0.005
0.0,0.005
0.0,0.005
0.0,0.005
0.0,0.005
0.0,0.005
0.0,0.005
0.0,0.005
0.0,0.005
0.0,0.005
0.0,0.005
0.0,0.005
0.0,0.005
0.0,0.005
0.0,0.005
0.0,0.005
0.0,0.005
0.0,0.005
0.0,0.005
0.0,0.005
0.0,0.005
0.0,0.005
0.0,0.005
0.0,0.005
0.0,0.005
0.0,0.005
0.0,0.005
0.0,0.005
-0.1,0.005
-0.1,0.005
-0.1,0.005
-0.1,0.005
-0.1,0.005
-0.1,0.005
-0.1,0.005
-0.1,0.005
-0.1,0.005
-0.1,0.005
-0.1,0.005
0.0,0.005
0.0,0.005
0.0,0.005
0.0,0.005
0.0,0.005
0.0,0.005
0.0,0.005
0.0,0.005
0.0,0.005
0.0,0.005
0.0,0.005
-0.1,0.005
-0.1,0.005
-0.1,0.005
-0.1,0.005
-0.1,0.005
0.0,0.005
0.0,0.005
0.0,0.005
0.0,0.005
0.0,0.005
0.0,0.005
0.0,0.005
0.0,0.005
0.0,0.005
0.0,0.005
0.0,0.005
0.0,0.005
0.0,0.005
0.0,0.005
0.0,0.005
0.0,0.005
0.0,0.005
0.0,0.005
0.0,0.005
0.0,0.005
0.0,0.005
0.0,0.005
0.0,0.005
0.0,0.005
0.0,0.005
0.0,0.005
0.0,0.005
0.0,0.005
0.0,0.005
0.0,0.005
0.0,0.005
0.0,0.005
0.0,0.005
0.0,0.005
0.0,0.005
0.0,0.005
0.0,0.005
0.0,0.005
0.0,0.005
0.0,0.005
0.0,0.005
0.0,0.005
0.0,0.005
0.0,0.005
0.0,0.005
0.0,0.005
0.0,0.005
0.0,0.005
0.0,0.005
0.0,0.005
0.0,0.005
0.0,0.005
0.0,0.005
0.0,0.005
0.0,0.005
0.0,0.005
0.0,0.005
0.0,0.005
0.0,0.005
0.0,0.005
0.0,0.005
0.0,0.005
0.0,0.005
0.0,0.005
0.0,0.005
0.0,0.005
0.0,0.005
-0.1,0.005
-0.1,0.005
-0.1,0.005
-0.1,0.005
-0.1,0.005
-0.1,0.005
-0.1,0.005
-0.1,0.005
-0.1,0.005
0.0,0.005
0.0,0.005
0.0,0.005
0.0,0.005
0.0,0.005
0.0,0.005
0.0,0.005
0.0,0.005
0.0,0.005
0.0,0.005
0.0,0.005
0.0,0.005
0.0,0.005
0.0,0.005
0.0,0.005
0.0,0.005
0.0,0.005
0.0,0.005
0.0,0.005
0.0,0.005
0.0,0.005
0.0,0.005
0.0,0.005
0.0,0.005
0.0,0.005
0.0,0.005
0.0,0.005
0.0,0.005
0.0,0.005
0.0,0.005
0.0,0.005
0.0,0.005
0.0,0.005
0.0,0.005
0.0,0.005
0.0,0.005
0.0,0.005
0.0,0.005
0.0,0.005
0.0,0.005
0.0,0.005
0.0,0.005
0.1,0.005
0.0,0.005
0.0,0.005
0.0,0.005
0.0,0.005
0.0,0.005
0.0,0.005
0.0,0.005
0.0,0.005
0.0,0.005
0.0,0.005
0.0,0.005
0.0,0.005
0.0,0.005
0.0,0.005
0.0,0.005
0.0,0.005
0.0,0.005
0.0,0.005
0.1,0.005
0.0,0.005
0.0,0.005
0.0,0.005
0.0,0.005
0.0,0.005
0.0,0.005
0.0,0.005
0.0,0.005
-0.1,0.005
-0.1,0.005
-0.1,0.005
-0.1,0.005
-0.1,0.005
-0.1,0.005
-0.1,0.005
-0.1,0.005
-0.1,0.005
0.0,0.005
0.0,0.005
0.0,0.005
0.1,0.005
0.1,0.005
0.0,0.005
0.0,0.005
0.0,0.005
0.0,0.005
0.0,0.005
0.0,0.005
0.0,0.005
0.0,0.005
0.0,0.005
0.0,0.005
0.0,0.005
0.0,0.005
0.0,0.005
0.0,0.005
0.0,0.005
0.0,0.005
0.0,0.005
0.0,0.005
0.0,0.005
0.0,0.005
0.1,0.005
0.1,0.005
0.1,0.005
0.1,0.005
0.1,0.005
0.1,0.005
0.1,0.005
0.0,0.005
0.0,0.005
-0.1,0.005
-0.1,0.005
-0.1,0.005
-0.1,0.005
-0.1,0.005
-0.1,0.005
-0.1,0.005
0.0,0.005
0.0,0.005
0.0,0.005
0.0,0.005
0.1,0.005
0.1,0.005
0.1,0.005
0.1,0.005
0.1,0.005
0.1,0.005
0.1,0.005
0.0,0.005
0.0,0.005
-0.1,0.005
-0.1,0.005
-0.1,0.005
-0.1,0.005
-0.1,0.005
-0.1,0.005
-0.1,0.005
-0.1,0.005
-0.1,0.005
-0.1,0.005
-0.1,0.005
-0.1,0.005
0.0,0.005
0.0,0.005
0.0,0.005
0.0,0.005
0.0,0.005
0.0,0.005
0.0,0.005
0.0,0.005
0.0,0.005
0.0,0.005
0.0,0.005
0.0,0.005
0.0,0.005
0.0,0.005
0.0,0.005
0.0,0.005
0.0,0.005
0.0,0.005
0.0,0.005
0.0,0.005
0.0,0.005
0.0,0.005
0.0,0.005
0.0,0.005
0.0,0.005
0.0,0.005
0.0,0.005
0.0,0.005
0.0,0.005
0.0,0.005
0.0,0.005
0.0,0.005
0.0,0.005
0.0,0.005
0.0,0.005
0.0,0.005
0.0,0.005
0.0,0.005
0.0,0.005
0.0,0.005
0.0,0.005
0.0,0.005
0.0,0.005
0.0,0.005
0.0,0.005
0.0,0.005
0.0,0.005
0.0,0.005
0.0,0.010
0.0,0.010
0.0,0.010
0.0,0.010
0.0,0.010
-0.1,0.010
-0.1,0.010
-0.1,0.010
-0.1,0.010
-0.1,0.010
-0.1,0.010
-0.1,0.010
0.0,0.010
0.0,0.010
0.0,0.010
0.0,0.010
0.0,0.010
0.0,0.010
0.0,0.010
0.0,0.010
0.0,0.010
0.0,0.010
0.0,0.010
0.0,0.010
0.0,0.010
0.0,0.010
0.0,0.010
0.0,0.010
0.0,0.010
0.0,0.010
0.0,0.010
0.0,0.010
0.0,0.010
0.0,0.010
0.0,0.010
0.0,0.010
0.0,0.010
0.0,0.010
0.0,0.010
0.0,0.010
0.0,0.010
0.0,0.010
0.0,0.010
0.0,0.010
0.0,0.010
0.0,0.010
0.0,0.010
0.0,0.010
0.0,0.010
0.0,0.010
0.0,0.010
0.0,0.010
0.0,0.010
0.0,0.010
0.0,0.010
0.0,0.010
0.0,0.010
0.0,0.010
0.0,0.010
0.0,0.010
0.0,0.010
0.0,0.010
0.0,0.010
0.0,0.010
0.0,0.010
0.0,0.010
0.0,0.010
0.0,0.010
0.0,0.010
0.0,0.010
0.0,0.010
0.0,0.010
0.0,0.010
0.0,0.010
0.0,0.010
0.0,0.010
0.0,0.010
0.0,0.010
0.0,0.010
0.0,0.010
0.0,0.010
0.0,0.010
0.0,0.010
0.0,0.010
0.0,0.010
0.0,0.010
0.0,0.010
0.0,0.010
0.0,0.010
0.0,0.010
0.0,0.010
0.0,0.010
0.0,0.010
0.0,0.010
0.0,0.010
0.0,0.010
0.0,0.010
0.0,0.010
0.0,0.010
0.0,0.010
0.0,0.010
0.0,0.010
0.0,0.010
0.0,0.010
0.0,0.010
0.0,0.010
0.0,0.010
0.0,0.010
0.0,0.010
0.0,0.010
0.0,0.010
0.0,0.010
0.0,0.010
0.0,0.010
0.0,0.010
0.0,0.010
0.0,0.010
0.0,0.010
0.0,0.010
0.0,0.010
0.0,0.010
0.0,0.010
0.0,0.010
0.0,0.010
0.0,0.010
0.0,0.010
0.0,0.010
0.0,0.010
0.0,0.010
0.0,0.010
0.0,0.010
0.0,0.010
0.0,0.010
0.0,0.010
0.0,0.010
0.0,0.010
0.0,0.010
0.0,0.010
0.0,0.010
0.0,0.010
0.0,0.010
0.0,0.010
0.0,0.010
0.0,0.010
0.0,0.010
0.0,0.010
0.0,0.010
0.0,0.010
0.0,0.010
0.0,0.010
0.0,0.010
0.0,0.010
0.0,0.010
0.0,0.010
0.0,0.010
0.0,0.010
0.0,0.010
0.0,0.010
0.0,0.010
0.0,0.010
0.0,0.010
0.0,0.010
0.0,0.010
0.0,0.010
0.0,0.010
0.0,0.010
0.0,0.010
0.0,0.010
0.0,0.010
0.0,0.010
0.0,0.010
0.0,0.010
0.0,0.010
0.0,0.010
0.0,0.010
0.0,0.010
0.0,0.010
0.0,0.010
0.0,0.010
0.0,0.010
0.0,0.010
0.0,0.010
0.0,0.010
0.0,0.010
0.0,0.010
0.0,0.010
0.0,0.010
0.0,0.010
0.0,0.010
0.0,0.010
0.0,0.010
-0.1,0.010
-0.1,0.010
-0.1,0.010
-0.1,0.010
-0.1,0.010
-0.1,0.010
-0.1,0.010
-0.1,0.010
-0.1,0.010
0.0,0.010
0.0,0.010
0.0,0.010
0.0,0.010
0.0,0.010
0.0,0.010
0.0,0.010
0.0,0.010
0.0,0.010
0.0,0.010
0.0,0.010
0.0,0.010
0.0,0.010
0.0,0.010
0.0,0.010
0.0,0.010
0.0,0.010
0.0,0.010
0.0,0.010
0.0,0.010
0.0,0.010
0.0,0.010
0.0,0.010
0.0,0.010
0.0,0.010
0.0,0.010
0.0,0.010
0.0,0.010
0.0,0.010
0.0,0.010
0.0,0.010
0.0,0.010
0.0,0.010
0.0,0.010
0.0,0.010
0.0,0.010
-0.1,0.010
-0.1,0.010
-0.1,0.010
-0.1,0.010
-0.1,0.010
-0.1,0.010
0.0,0.010
0.0,0.010
0.0,0.010
0.0,0.010
0.0,0.010
0.0,0.010
0.0,0.010
0.0,0.010
0.0,0.010
0.0,0.010
0.0,0.010
0.0,0.010
0.0,0.010
0.0,0.010
0.0,0.010
0.0,0.010
0.0,0.010
0.0,0.010
0.0,0.010
0.0,0.010
0.0,0.010
0.0,0.010
0.0,0.010
0.0,0.010
0.0,0.010
0.0,0.010
0.0,0.010
0.0,0.010
0.0,0.010
0.0,0.010
0.0,0.010
0.0,0.010
0.0,0.010
0.0,0.010
0.0,0.010
0.0,0.010
0.0,0.010
0.0,0.010
0.0,0.010
0.0,0.010
0.0,0.010
0.0,0.010
0.0,0.010
0.0,0.010
0.0,0.010
0.0,0.010
0.0,0.010
0.0,0.010
0.0,0.010
0.0,0.010
0.0,0.010
0.0,0.010
0.0,0.010
0.0,0.010
0.0,0.010
-0.1,0.010
-0.1,0.010
-0.1,0.010
-0.1,0.010
-0.1,0.010
-0.1,0.010
-0.1,0.010
0.0,0.010
0.0,0.010
0.0,0.010
0.0,0.010
0.0,0.010
0.0,0.010
0.0,0.010
0.0,0.010
0.0,0.010
0.0,0.010
0.0,0.010
0.0,0.010
0.0,0.010
0.0,0.010
0.0,0.010
0.0,0.010
0.0,0.010
0.0,0.010
0.0,0.010
0.0,0.010
0.0,0.010
0.0,0.010
0.0,0.010
0.0,0.010
0.0,0.010
0.0,0.010
0.0,0.010
0.0,0.010
0.0,0.010
0.0,0.010
0.0,0.010
0.0,0.010
0.0,0.010
0.0,0.010
0.0,0.010
0.0,0.010
0.0,0.010
0.0,0.010
0.0,0.010
0.0,0.010
0.0,0.010
0.0,0.010
0.0,0.010
0.0,0.010
0.0,0.010
0.0,0.010
0.0,0.010
0.0,0.010
0.0,0.010
0.0,0.010
0.0,0.010
0.0,0.010
0.0,0.010
0.0,0.010
0.0,0.010
0.0,0.010
0.0,0.010
0.0,0.010
0.0,0.010
0.0,0.010
0.0,0.010
0.0,0.010
0.0,0.010
0.0,0.010
0.0,0.010
0.0,0.010
0.0,0.010
0.0,0.010
0.0,0.010
0.0,0.010
0.0,0.010
0.0,0.010
0.0,0.010
0.0,0.010
0.0,0.010
0.0,0.010
0.0,0.010
0.0,0.010
0.0,0.015
0.0,0.015
0.0,0.015
0.0,0.015
0.0,0.015
0.0,0.015
0.0,0.015
0.0,0.015
0.0,0.015
0.0,0.015
0.0,0.015
0.0,0.015
0.0,0.015
0.0,0.015
0.0,0.015
0.0,0.015
0.0,0.015
0.0,0.015
0.0,0.015
0.0,0.015
0.0,0.015
0.0,0.015
0.0,0.015
0.0,0.015
0.0,0.015
0.0,0.015
0.0,0.015
0.0,0.015
0.0,0.015
0.0,0.015
0.0,0.015
0.0,0.015
0.0,0.015
0.0,0.015
0.0,0.015
-0.1,0.015
-0.1,0.015
-0.1,0.015
-0.1,0.015
-0.1,0.015
-0.1,0.015
0.0,0.015
0.0,0.015
0.0,0.015
0.0,0.015
0.0,0.015
0.0,0.015
0.0,0.015
0.0,0.015
0.0,0.015
0.0,0.015
-0.1,0.015
0.0,0.015
0.0,0.015
0.0,0.015
0.0,0.015
-0.1,0.015
-0.1,0.015
-0.1,0.015
-0.1,0.015
-0.1,0.015
0.0,0.015
0.0,0.015
0.0,0.015
0.0,0.015
0.0,0.015
0.0,0.015
0.0,0.015
0.0,0.015
0.0,0.015
0.0,0.015
0.0,0.015
0.0,0.015
0.0,0.015
0.0,0.015
0.0,0.015
0.0,0.015
0.0,0.015
0.0,0.015
0.0,0.015
0.0,0.015
0.0,0.015
0.0,0.015
0.0,0.015
0.0,0.015
0.0,0.015
0.0,0.015
0.0,0.015
0.0,0.015
0.0,0.015
0.0,0.015
0.0,0.015
0.0,0.015
0.0,0.015
0.0,0.015
0.0,0.015
0.0,0.015
0.0,0.015
0.0,0.015
0.0,0.015
0.0,0.015
0.0,0.015
0.0,0.015
0.0,0.015
0.0,0.015
0.0,0.015
0.0,0.015
0.0,0.015
0.0,0.015
0.0,0.015
0.0,0.015
0.0,0.015
0.0,0.015
0.0,0.015
0.0,0.015
0.0,0.015
0.0,0.015
0.0,0.015
0.0,0.015
0.0,0.015
0.0,0.015
0.0,0.015
0.0,0.015
0.0,0.015
0.0,0.015
0.0,0.015
0.0,0.015
0.0,0.015
0.0,0.015
0.0,0.015
0.0,0.015
0.0,0.015
0.0,0.015
0.0,0.015
0.0,0.015
0.0,0.015
0.0,0.015
0.0,0.015
0.0,0.015
0.0,0.015
-0.1,0.015
-0.1,0.015
-0.1,0.015
-0.1,0.015
-0.1,0.015
0.0,0.015
0.0,0.015
0.0,0.015
0.0,0.015
0.0,0.015
0.0,0.015
0.0,0.015
0.0,0.015
0.0,0.015
0.0,0.015
0.0,0.015
0.0,0.015
0.0,0.015
0.0,0.015
0.0,0.015
0.0,0.015
0.0,0.015
0.0,0.015
0.0,0.015
0.0,0.015
0.0,0.015
0.0,0.015
0.0,0.015
0.0,0.015
0.0,0.015
0.0,0.015
0.0,0.015
0.0,0.015
0.0,0.015
0.0,0.015
0.0,0.015
0.0,0.015
0.0,0.015
0.0,0.015
0.0,0.015
0.0,0.015
0.0,0.015
0.0,0.015
0.0,0.015
0.0,0.015
0.0,0.015
0.0,0.015
0.0,0.015
0.0,0.015
-0.1,0.015
-0.1,0.015
-0.1,0.015
-0.1,0.015
-0.1,0.015
-0.1,0.015
-0.1,0.015
0.0,0.015
0.0,0.015
0.0,0.015
0.0,0.015
0.0,0.015
0.0,0.015
0.0,0.015
0.0,0.015
0.0,0.015
0.0,0.015
0.0,0.015
0.0,0.015
0.0,0.015
0.0,0.015
0.0,0.015
0.0,0.015
0.0,0.015
0.0,0.015
0.0,0.015
0.0,0.015
0.0,0.015
0.0,0.015
0.0,0.015
0.0,0.015
0.0,0.015
0.0,0.015
0.0,0.015
0.0,0.015
0.0,0.015
0.0,0.015
0.0,0.015
0.0,0.015
-0.1,0.015
0.0,0.015
-0.1,0.015
-0.1,0.015
-0.1,0.015
-0.1,0.015
-0.1,0.015
-0.1,0.015
-0.1,0.015
-0.1,0.015
0.0,0.015
0.0,0.015
0.0,0.015
0.0,0.015
0.0,0.015
0.0,0.015
0.0,0.015
0.0,0.015
0.0,0.015
0.0,0.015
-0.1,0.015
-0.1,0.015
-0.1,0.015
-0.1,0.015
-0.1,0.015
-0.1,0.015
-0.1,0.020
-0.1,0.020
0.0,0.020
-0.1,0.020
0.0,0.020
0.0,0.020
0.0,0.020
0.0,0.020
0.0,0.020
0.0,0.020
0.0,0.020
0.0,0.020
0.0,0.020
0.0,0.020
0.0,0.020
0.0,0.020
0.0,0.020
-0.1,0.020
-0.1,0.020
-0.1,0.020
-0.1,0.020
-0.1,0.020
-0.1,0.020
-0.1,0.020
-0.1,0.020
0.0,0.020
0.0,0.020
0.0,0.020
0.0,0.020
0.0,0.020
0.0,0.020
0.0,0.020
0.0,0.020
0.0,0.020
0.0,0.020
0.0,0.020
0.0,0.020
0.0,0.020
0.0,0.020
0.0,0.020
0.0,0.020
0.0,0.020
0.0,0.020
0.0,0.020
0.0,0.020
0.0,0.020
0.0,0.020
0.0,0.020
0.0,0.020
0.0,0.020
0.0,0.020
0.0,0.020
0.0,0.020
0.0,0.020
0.0,0.020
0.0,0.020
0.0,0.020
0.0,0.020
0.0,0.020
0.0,0.020
0.0,0.020
0.0,0.020
0.0,0.020
0.0,0.020
0.0,0.020
0.0,0.020
0.0,0.020
0.0,0.020
0.0,0.020
0.0,0.020
0.0,0.020
0.0,0.020
0.0,0.020
0.0,0.020
0.0,0.020
0.0,0.020
0.0,0.020
0.0,0.020
0.0,0.020
0.0,0.020
0.0,0.020
0.0,0.020
0.0,0.020
0.0,0.020
0.0,0.020
0.0,0.020
0.0,0.020
0.0,0.020
0.0,0.020
0.0,0.020
0.0,0.020
0.0,0.020
0.0,0.020
0.0,0.020
0.0,0.020
0.0,0.020
0.0,0.020
0.0,0.020
0.0,0.020
0.0,0.020
0.0,0.020
0.0,0.020
0.0,0.020
0.0,0.020
0.0,0.020
0.0,0.020
0.0,0.020
0.0,0.020
0.0,0.020
0.0,0.020
0.0,0.020
0.0,0.020
0.0,0.020
0.0,0.020
0.0,0.020
0.0,0.020
0.0,0.020
0.0,0.020
0.0,0.020
0.0,0.020
0.0,0.020
0.0,0.020
0.0,0.020
0.0,0.020
0.0,0.020
0.0,0.020
0.0,0.020
0.0,0.020
0.0,0.020
0.0,0.020
0.0,0.020
0.0,0.020
0.0,0.020
0.0,0.020
0.0,0.020
0.0,0.020
0.0,0.020
0.0,0.020
0.0,0.020
0.0,0.020
0.0,0.020
0.0,0.020
0.0,0.020
0.0,0.020
0.0,0.020
0.0,0.020
0.0,0.020
0.0,0.020
0.0,0.020
0.0,0.020
0.0,0.020
0.0,0.020
0.0,0.020
0.0,0.020
0.0,0.020
0.0,0.020
0.0,0.020
0.0,0.020
0.0,0.020
0.0,0.020
0.0,0.020
0.0,0.020
0.0,0.020
0.0,0.020
0.0,0.020
0.0,0.020
0.0,0.020
0.0,0.020
0.0,0.020
0.0,0.020
0.0,0.020
0.0,0.020
0.0,0.020
0.0,0.020
0.0,0.020
0.0,0.020
0.0,0.020
0.0,0.020
0.0,0.020
0.0,0.020
0.0,0.020
0.0,0.020
0.0,0.020
0.0,0.020
0.0,0.020
0.0,0.020
0.0,0.020
0.0,0.020
0.0,0.020
0.0,0.020
0.0,0.020
0.0,0.020
0.0,0.020
0.0,0.020
0.0,0.020
0.0,0.020
0.0,0.020
0.0,0.020
0.0,0.020
0.0,0.020
0.0,0.020
0.0,0.020
0.0,0.020
0.0,0.020
0.0,0.020
0.0,0.020
0.0,0.020
0.0,0.020
0.0,0.020
0.0,0.020
0.0,0.020
0.0,0.020
0.0,0.020
0.0,0.020
0.0,0.020
0.0,0.020
0.0,0.025
0.0,0.025
0.0,0.025
0.0,0.025
0.0,0.025
0.0,0.025
0.0,0.025
0.0,0.025
0.0,0.025
0.0,0.025
0.0,0.025
0.0,0.025
0.0,0.025
0.0,0.025
0.0,0.025
0.0,0.025
0.0,0.025
0.0,0.025
0.0,0.025
0.0,0.025
0.0,0.025
0.0,0.025
0.0,0.025
0.0,0.025
0.0,0.025
0.0,0.025
0.0,0.025
0.0,0.025
0.0,0.025
0.0,0.025
0.0,0.025
0.0,0.025
0.0,0.025
0.0,0.025
0.0,0.025
0.0,0.025
0.0,0.025
0.0,0.025
0.0,0.025
0.0,0.025
0.0,0.025
0.0,0.025
0.0,0.025
0.0,0.025
0.0,0.025
0.0,0.025
0.0,0.025
0.0,0.025
0.0,0.025
0.0,0.025
0.0,0.025
0.0,0.025
0.0,0.025
0.0,0.025
0.0,0.025
0.0,0.025
0.0,0.025
0.0,0.025
0.0,0.025
0.0,0.025
0.0,0.025
0.0,0.025
0.0,0.025
0.0,0.025
0.0,0.025
0.0,0.025
0.0,0.025
0.0,0.025
0.0,0.025
0.0,0.025
0.0,0.025
0.0,0.025
0.0,0.025
0.0,0.025
0.0,0.025
0.0,0.025
0.0,0.025
0.0,0.025
0.0,0.025
0.0,0.025
0.0,0.025
0.0,0.025
0.0,0.025
0.0,0.025
0.0,0.025
0.0,0.025
0.0,0.025
0.0,0.025
0.0,0.025
0.0,0.025
0.0,0.025
0.0,0.025
0.0,0.025
0.0,0.025
0.0,0.025
0.0,0.025
0.0,0.025
0.0,0.025
0.0,0.025
0.0,0.025
0.0,0.025
0.0,0.025
0.0,0.025
0.0,0.025
0.0,0.025
0.0,0.025
0.0,0.025
0.0,0.025
0.0,0.025
0.0,0.025
0.0,0.025
0.0,0.025
0.0,0.025
0.1,0.025
0.1,0.025
0.0,0.025
0.0,0.025
0.0,0.025
-0.1,0.025
-0.1,0.025
-0.1,0.025
-0.1,0.025
-0.1,0.025
-0.1,0.025
-0.1,0.025
-0.1,0.025
-0.1,0.025
-0.1,0.025
-0.1,0.025
-0.1,0.025
-0.1,0.025
-0.1,0.025
-0.1,0.025
-0.1,0.025
0.0,0.025
0.0,0.025
0.0,0.025
0.0,0.025
0.0,0.025
0.0,0.025
0.0,0.025
0.0,0.025
-0.1,0.025
-0.1,0.025
-0.1,0.025
-0.1,0.025
-0.1,0.025
-0.1,0.025
-0.1,0.025
-0.1,0.025
0.0,0.025
0.0,0.025
0.0,0.025
0.0,0.025
0.0,0.025
0.0,0.025
0.0,0.025
0.0,0.025
0.0,0.025
-0.1,0.025
-0.1,0.025
-0.1,0.025
-0.1,0.025
-0.1,0.025
-0.1,0.025
-0.1,0.025
-0.1,0.025
-0.1,0.025
0.0,0.025
0.0,0.025
0.0,0.025
0.0,0.025
0.0,0.025
0.0,0.025
0.0,0.025
0.0,0.025
0.0,0.025
0.0,0.025
0.0,0.025
0.0,0.025
0.0,0.025
0.0,0.025
0.0,0.025
0.0,0.025
0.0,0.025
0.0,0.025
0.0,0.025
0.0,0.025
0.0,0.025
0.0,0.025
0.0,0.025
0.0,0.025
0.0,0.025
0.0,0.025
0.0,0.025
0.0,0.025
0.0,0.025
0.0,0.025
0.0,0.025
0.0,0.025
0.0,0.025
-0.1,0.025
-0.1,0.025
-0.1,0.025
-0.1,0.025
-0.1,0.025
-0.1,0.025
-0.1,0.025
-0.1,0.025
-0.1,0.025
-0.1,0.025
-0.1,0.025
-0.1,0.025
0.0,0.025
0.0,0.025
0.0,0.025
0.0,0.025
0.0,0.025
0.0,0.025
0.0,0.025
0.0,0.025
0.0,0.025
0.0,0.025
0.0,0.025
0.0,0.025
0.0,0.025
0.0,0.025
0.0,0.025
0.0,0.025
0.0,0.025
0.0,0.025
0.0,0.025
0.0,0.025
0.0,0.025
0.0,0.025
0.0,0.025
0.0,0.025
0.0,0.025
0.0,0.025
0.0,0.025
0.0,0.025
0.0,0.025
0.0,0.025
0.0,0.025
0.0,0.025
0.0,0.025
0.0,0.025
0.0,0.025
0.0,0.025
0.0,0.025
0.0,0.025
0.0,0.025
0.0,0.025
0.0,0.025
0.0,0.025
0.0,0.025
0.0,0.025
0.0,0.025
0.0,0.025
0.0,0.025
0.0,0.030
0.0,0.030
0.0,0.030
0.0,0.030
0.0,0.030
0.0,0.030
0.0,0.030
0.0,0.030
0.0,0.030
0.0,0.030
0.0,0.030
0.0,0.030
0.0,0.030
0.0,0.030
0.0,0.030
0.0,0.030
0.0,0.030
0.0,0.030
0.0,0.030
0.0,0.030
0.0,0.030
0.0,0.030
0.0,0.030
0.0,0.030
0.0,0.030
0.0,0.030
0.0,0.030
0.0,0.030
0.0,0.030
0.0,0.030
0.0,0.030
0.0,0.030
0.0,0.030
0.0,0.030
0.0,0.030
0.0,0.030
0.0,0.030
0.0,0.030
0.0,0.030
0.0,0.030
0.0,0.030
0.0,0.030
0.0,0.030
0.0,0.030
0.0,0.030
0.0,0.030
0.0,0.030
0.0,0.030
0.0,0.030
0.0,0.030
0.0,0.030
0.0,0.030
0.0,0.030
0.0,0.030
0.0,0.030
0.0,0.030
0.0,0.030
0.0,0.030
0.0,0.030
0.0,0.030
0.0,0.030
0.0,0.030
0.0,0.030
0.0,0.030
0.0,0.030
0.0,0.030
0.0,0.030
0.0,0.030
0.0,0.030
0.0,0.030
0.0,0.030
0.0,0.030
0.0,0.030
0.0,0.030
0.0,0.030
0.0,0.030
0.0,0.030
0.0,0.030
0.0,0.030
0.0,0.030
0.0,0.030
0.0,0.030
0.0,0.030
0.0,0.030
0.0,0.030
0.0,0.030
0.0,0.030
0.0,0.030
0.0,0.030
0.0,0.030
0.0,0.030
0.0,0.030
-0.1,0.030
-0.1,0.030
-0.1,0.030
-0.1,0.030
-0.1,0.030
-0.1,0.030
0.0,0.030
0.0,0.030
0.0,0.030
0.0,0.030
0.0,0.030
0.0,0.030
0.0,0.030
0.0,0.030
0.0,0.030
0.0,0.030
0.0,0.030
0.0,0.030
0.0,0.030
0.0,0.030
0.0,0.030
0.0,0.030
0.0,0.030
0.0,0.030
0.0,0.030
0.0,0.030
0.0,0.030
0.0,0.030
0.0,0.030
0.0,0.030
0.0,0.030
0.0,0.030
0.0,0.030
0.0,0.030
0.0,0.030
0.0,0.030
0.0,0.030
0.0,0.030
0.0,0.030
-0.1,0.030
-0.1,0.030
-0.1,0.030
-0.1,0.030
-0.1,0.030
-0.1,0.030
-0.1,0.030
0.0,0.030
0.0,0.030
0.0,0.030
0.0,0.030
0.0,0.030
0.0,0.030
-0.1,0.030
-0.1,0.030
-0.1,0.030
-0.1,0.030
-0.1,0.030
-0.1,0.030
-0.1,0.030
-0.1,0.030
0.0,0.030
0.0,0.030
0.0,0.030
0.1,0.030
0.1,0.030
0.1,0.030
0.1,0.030
0.1,0.030
0.1,0.030
0.1,0.030
0.1,0.030
0.1,0.030
0.1,0.030
0.0,0.030
0.0,0.030
-0.1,0.030
-0.1,0.030
-0.1,0.030
-0.1,0.030
-0.1,0.030
-0.1,0.030
-0.1,0.030
-0.1,0.030
-0.1,0.030
0.0,0.030
0.0,0.030
0.0,0.030
0.0,0.030
0.0,0.030
0.0,0.030
0.0,0.030
0.0,0.030
0.0,0.030
0.0,0.030
0.0,0.030
0.0,0.030
-0.1,0.030
0.0,0.030
0.0,0.030
0.0,0.030
0.0,0.030
0.0,0.030
0.0,0.030
0.0,0.030
0.1,0.030
0.1,0.030
0.1,0.030
0.0,0.030
0.0,0.030
0.0,0.030
0.0,0.030
0.0,0.030
-0.1,0.030
-0.1,0.030
0.0,0.030
0.0,0.030
0.0,0.030
0.0,0.030
-0.1,0.030
-0.1,0.030
-0.1,0.030
-0.1,0.030
-0.1,0.030
-0.1,0.030
0.0,0.030
0.0,0.030
0.0,0.030
0.1,0.030
0.1,0.030
0.1,0.030
0.1,0.030
0.0,0.030
0.0,0.030
0.0,0.030
-0.1,0.030
-0.1,0.030
-0.1,0.030
-0.1,0.030
-0.1,0.030
-0.1,0.030
-0.1,0.030
-0.1,0.030
-0.1,0.030
-0.1,0.030
-0.1,0.030
0.0,0.030
0.0,0.030
0.0,0.030
0.0,0.030
0.0,0.030
0.0,0.030
0.0,0.030
0.0,0.030
0.0,0.030
0.0,0.030
0.0,0.030
0.0,0.030
0.0,0.035
0.0,0.035
0.0,0.035
0.0,0.035
-0.1,0.035
-0.1,0.035
-0.1,0.035
-0.1,0.035
-0.1,0.035
-0.1,0.035
-0.1,0.035
-0.1,0.035
-0.1,0.035
-0.1,0.035
-0.1,0.035
-0.1,0.035
-0.1,0.035
-0.1,0.035
-0.1,0.035
-0.1,0.035
-0.1,0.035
-0.1,0.035
-0.1,0.035
-0.1,0.035
-0.1,0.035
-0.1,0.035
-0.1,0.035
-0.1,0.035
-0.1,0.035
-0.1,0.035
-0.1,0.035
-0.1,0.035
-0.1,0.035
-0.1,0.035
-0.1,0.035
-0.1,0.035
-0.1,0.035
-0.1,0.035
-0.1,0.035
-0.1,0.035
-0.1,0.035
-0.1,0.035
-0.1,0.035
-0.1,0.035
-0.1,0.035
-0.1,0.035
-0.1,0.035
-0.1,0.035
-0.1,0.035
-0.1,0.035
-0.1,0.035
-0.1,0.035
-0.1,0.035
-0.1,0.035
-0.1,0.035
-0.1,0.035
-0.1,0.035
-0.1,0.035
-0.1,0.035
-0.1,0.035
-0.1,0.035
-0.1,0.035
0.0,0.035
0.0,0.035
0.0,0.035
0.0,0.035
0.0,0.035
0.0,0.035
0.0,0.035
0.0,0.035
0.0,0.035
0.0,0.035
0.0,0.035
0.0,0.035
0.0,0.035
0.0,0.035
0.0,0.035
0.0,0.035
0.0,0.035
0.0,0.035
0.0,0.035
0.0,0.035
0.0,0.035
0.0,0.035
0.0,0.035
0.0,0.035
0.0,0.035
0.0,0.035
0.0,0.035
0.0,0.035
0.0,0.035
0.0,0.035
0.0,0.035
0.0,0.035
0.0,0.035
0.0,0.035
0.0,0.035
0.0,0.035
0.0,0.035
0.0,0.035
0.0,0.035
0.0,0.035
0.0,0.035
0.0,0.035
0.0,0.035
0.0,0.035
0.0,0.035
0.0,0.035
0.0,0.035
0.0,0.035
0.0,0.035
0.0,0.035
0.0,0.035
0.0,0.035
0.0,0.035
0.0,0.035
0.0,0.035
0.0,0.035
0.0,0.035
0.0,0.035
0.0,0.035
0.0,0.035
0.0,0.035
0.0,0.035
0.0,0.035
0.0,0.035
0.0,0.035
0.0,0.035
0.0,0.035
0.0,0.035
0.0,0.035
0.0,0.035
0.0,0.035
0.0,0.035
0.0,0.035
0.0,0.035
0.0,0.035
0.0,0.035
0.0,0.035
0.0,0.035
0.0,0.035
0.0,0.035
0.0,0.035
0.0,0.035
0.0,0.035
0.0,0.035
0.0,0.035
0.0,0.035
0.0,0.035
0.0,0.035
0.0,0.035
0.0,0.035
0.0,0.035
0.0,0.035
0.0,0.035
0.0,0.035
0.0,0.035
0.0,0.035
0.0,0.035
0.0,0.035
0.0,0.035
0.0,0.035
0.0,0.035
0.0,0.035
0.0,0.035
0.0,0.035
0.0,0.035
0.0,0.035
0.0,0.035
0.0,0.035
0.0,0.035
0.0,0.035
0.0,0.035
0.0,0.035
0.0,0.035
0.0,0.035
0.0,0.040
0.0,0.040
0.0,0.040
0.0,0.040
0.0,0.040
0.0,0.040
0.0,0.040
0.0,0.040
0.0,0.040
0.0,0.040
0.0,0.040
0.0,0.040
0.0,0.040
0.0,0.040
0.0,0.040
0.0,0.040
0.0,0.040
-0.1,0.040
-0.1,0.040
-0.1,0.040
-0.1,0.040
-0.1,0.040
-0.1,0.040
-0.1,0.040
-0.1,0.040
0.0,0.040
0.0,0.040
0.0,0.040
0.0,0.040
0.0,0.040
0.0,0.040
0.0,0.040
0.0,0.040
0.0,0.040
0.0,0.040
-0.1,0.040
-0.1,0.040
-0.1,0.040
-0.1,0.040
-0.1,0.040
-0.1,0.040
-0.1,0.040
-0.1,0.040
-0.1,0.040
-0.1,0.040
0.0,0.040
0.0,0.040
0.0,0.040
0.0,0.040
0.0,0.040
0.0,0.040
0.0,0.040
0.0,0.040
-0.1,0.040
-0.1,0.040
-0.1,0.040
-0.1,0.040
-0.1,0.040
-0.1,0.040
-0.1,0.040
-0.1,0.040
0.0,0.040
0.0,0.040
0.0,0.040
0.0,0.040
0.0,0.040
0.0,0.040
0.0,0.040
0.0,0.040
0.0,0.040
0.0,0.040
0.0,0.040
0.0,0.040
0.0,0.040
0.0,0.040
0.0,0.040
0.0,0.040
0.0,0.040
0.0,0.040
0.0,0.040
0.0,0.040
0.0,0.040
0.0,0.040
0.0,0.040
0.0,0.040
0.0,0.040
0.0,0.040
0.0,0.040
0.0,0.040
0.0,0.040
0.0,0.040
0.0,0.040
0.0,0.040
-0.1,0.040
-0.1,0.040
-0.1,0.040
-0.1,0.040
-0.1,0.040
-0.1,0.040
-0.1,0.040
-0.1,0.040
0.0,0.040
0.0,0.040
0.0,0.040
0.0,0.040
0.0,0.040
0.0,0.040
0.0,0.040
0.0,0.040
0.0,0.040
0.0,0.040
0.0,0.040
0.0,0.040
0.0,0.040
0.0,0.040
0.0,0.040
0.0,0.040
0.0,0.040
0.0,0.040
0.0,0.040
0.0,0.040
-0.1,0.040
-0.1,0.040
-0.1,0.040
-0.1,0.040
-0.1,0.040
-0.1,0.040
0.0,0.040
0.1,0.040
0.2,0.040
0.3,0.040
0.4,0.040
0.4,0.040
0.5,0.040
0.4,0.040
0.4,0.040
0.2,0.040
0.1,0.040
-0.1,0.040
-0.2,0.040
-0.4,0.040
-0.5,0.040
-0.5,0.040
-0.5,0.040
-0.5,0.040
-0.4,0.040
-0.2,0.040
0.0,0.040
0.1,0.040
0.3,0.040
0.4,0.040
0.5,0.040
0.5,0.040
0.5,0.040
0.4,0.040
0.2,0.040
0.1,0.040
-0.1,0.040
-0.2,0.040
-0.3,0.040
-0.4,0.040
-0.5,0.040
-0.5,0.040
-0.5,0.040
-0.4,0.040
-0.3,0.040
-0.1,0.040
0.0,0.040
0.1,0.040
0.3,0.040
0.4,0.040
0.4,0.045
0.4,0.045
0.4,0.045
0.3,0.045
0.2,0.045
0.1,0.045
0.0,0.045
-0.2,0.045
-0.3,0.045
-0.4,0.045
-0.5,0.045
-0.5,0.045
-0.5,0.045
-0.5,0.045
-0.4,0.045
-0.2,0.045
0.0,0.045
0.1,0.045
0.3,0.045
0.4,0.045
0.5,0.045
0.5,0.045
0.5,0.045
0.4,0.045
0.3,0.045
0.2,0.045
0.0,0.045
-0.2,0.045
-0.3,0.045
-0.4,0.045
-0.5,0.045
-0.5,0.045
-0.5,0.045
-0.3,0.045
-0.2,0.045
-0.1,0.045
0.1,0.045
0.2,0.045
0.4,0.045
0.4,0.045
0.4,0.045
0.4,0.045
0.4,0.045
0.3,0.045
0.2,0.045
0.0,0.045
-0.1,0.045
-0.2,0.045
-0.3,0.045
-0.4,0.045
-0.4,0.045
-0.4,0.045
-0.3,0.045
-0.2,0.045
-0.1,0.045
0.1,0.045
0.2,0.045
0.3,0.045
0.3,0.045
0.3,0.045
0.3,0.045
0.3,0.045
0.2,0.045
0.1,0.045
0.0,0.045
-0.1,0.045
-0.2,0.045
-0.3,0.045
-0.4,0.045
-0.4,0.045
-0.4,0.045
-0.3,0.045
-0.2,0.045
-0.1,0.045
0.0,0.045
0.1,0.045
0.2,0.045
0.3,0.045
0.3,0.045
0.3,0.045
0.3,0.045
0.2,0.045
0.1,0.045
0.0,0.045
-0.1,0.045
-0.2,0.045
-0.3,0.045
-0.4,0.045
-0.4,0.045
-0.3,0.045
-0.3,0.045
-0.2,0.045
-0.1,0.045
0.0,0.045
0.1,0.045
0.2,0.045
0.2,0.045
0.3,0.045
0.3,0.045
0.3,0.045
0.3,0.045
0.2,0.045
0.1,0.045
0.0,0.045
-0.1,0.045
-0.2,0.045
-0.2,0.045
-0.3,0.045
-0.3,0.045
-0.3,0.045
-0.3,0.045
-0.2,0.045
-0.1,0.045
0.0,0.045
0.1,0.045
0.2,0.045
0.2,0.045
0.2,0.045
0.2,0.045
0.2,0.045
0.2,0.045
0.1,0.045
0.0,0.045
-0.1,0.045
-0.2,0.045
-0.2,0.045
-0.2,0.045
-0.3,0.045
-0.3,0.045
-0.2,0.045
-0.2,0.045
-0.1,0.045
0.0,0.045
0.1,0.045
0.2,0.045
0.2,0.045
0.2,0.045
0.2,0.045
0.3,0.045
0.2,0.045
0.2,0.045
0.1,0.045
0.0,0.045
-0.1,0.045
-0.1,0.045
-0.2,0.045
-0.2,0.045
-0.2,0.045
-0.2,0.045
-0.2,0.045
-0.1,0.045
-0.2,0.045
0.0,0.045
0.0,0.045
0.1,0.050
0.1,0.050
0.1,0.050
0.1,0.050
0.1,0.050
0.1,0.050
0.1,0.050
0.0,0.050
0.0,0.050
-0.1,0.050
-0.1,0.050
-0.2,0.050
-0.2,0.050
-0.2,0.050
-0.2,0.050
-0.2,0.050
-0.2,0.050
-0.1,0.050
-0.1,0.050
0.0,0.050
0.0,0.050
0.0,0.050
0.0,0.050
0.0,0.050
0.0,0.050
0.0,0.050
0.0,0.050
0.0,0.050
0.0,0.050
0.0,0.050
-0.1,0.050
-0.1,0.050
-0.1,0.050
-0.1,0.050
-0.1,0.050
-0.1,0.050
-0.1,0.050
-0.1,0.050
0.0,0.050
0.0,0.050
0.0,0.050
0.0,0.050
0.0,0.050
0.0,0.050
0.0,0.050
0.0,0.050
0.0,0.050
0.0,0.050
0.0,0.050
0.0,0.050
0.0,0.050
0.0,0.050
0.0,0.050
0.1,0.050
0.1,0.050
0.2,0.050
0.2,0.050
0.2,0.050
0.2,0.050
0.3,0.050
0.3,0.050
0.3,0.050
0.3,0.050
0.4,0.050
0.4,0.050
0.4,0.050
0.4,0.050
0.5,0.050
0.4,0.050
0.4,0.050
0.4,0.050
0.6,0.050
0.6,0.050
0.6,0.050
0.6,0.050
0.7,0.050
0.7,0.050
0.7,0.050
0.7,0.050
0.8,0.050
0.8,0.050
0.8,0.050
0.9,0.050
1.0,0.050
1.0,0.050
1.0,0.050
1.0,0.050
1.1,0.050
1.1,0.050
1.1,0.050
1.1,0.050
1.2,0.050
1.2,0.050
1.3,0.050
1.3,0.050
1.3,0.050
1.4,0.050
1.4,0.050
1.4,0.050
1.5,0.050
1.5,0.050
1.5,0.050
1.5,0.050
1.6,0.050
1.6,0.050
1.7,0.050
1.7,0.050
1.7,0.050
1.7,0.050
1.8,0.050
1.8,0.050
1.9,0.050
1.9,0.050
1.9,0.050
1.9,0.050
2.0,0.050
2.0,0.050
2.1,0.050
2.1,0.050
2.1,0.050
2.1,0.050
2.1,0.050
2.2,0.050
2.2,0.050
2.2,0.050
2.3,0.050
2.3,0.050
2.4,0.050
2.4,0.050
2.4,0.050
2.4,0.050
2.5,0.050
2.5,0.050
2.5,0.050
2.6,0.050
2.6,0.050
2.7,0.050
2.7,0.050
2.8,0.050
2.8,0.050
2.8,0.050
2.8,0.055
2.9,0.055
2.9,0.055
3.0,0.055
3.0,0.055
3.1,0.055
3.1,0.055
3.1,0.055
3.1,0.055
3.2,0.055
3.2,0.055
3.3,0.055
3.3,0.055
3.3,0.055
3.4,0.055
3.4,0.055
3.5,0.055
3.5,0.055
3.5,0.055
3.6,0.055
3.6,0.055
3.6,0.055
3.6,0.055
3.7,0.055
3.7,0.055
3.8,0.055
3.8,0.055
3.8,0.055
3.9,0.055
3.9,0.055
3.9,0.055
4.0,0.055
4.0,0.055
4.0,0.055
4.1,0.055
4.1,0.055
4.2,0.055
4.2,0.055
4.3,0.055
4.3,0.055
4.3,0.055
4.3,0.055
4.3,0.055
4.4,0.055
4.4,0.055
4.5,0.055
4.5,0.055
4.6,0.055
4.6,0.055
4.7,0.055
4.7,0.055
4.7,0.055
4.7,0.055
4.8,0.055
4.9,0.055
4.9,0.055
4.9,0.055
4.9,0.055
5.0,0.055
5.0,0.055
5.1,0.055
5.1,0.055
5.1,0.055
5.2,0.055
5.2,0.055
5.3,0.055
5.3,0.055
5.3,0.055
5.4,0.055
5.4,0.055
5.4,0.055
5.5,0.055
5.5,0.055
5.6,0.055
5.7,0.055
5.7,0.055
5.7,0.055
5.8,0.055
5.8,0.055
5.9,0.055
5.9,0.055
6.0,0.055
6.0,0.055
6.0,0.055
6.0,0.055
6.1,0.055
6.1,0.055
6.2,0.055
6.2,0.055
6.3,0.055
6.3,0.055
6.4,0.055
6.4,0.055
6.4,0.055
6.5,0.055
6.5,0.055
6.6,0.055
6.6,0.055
6.6,0.055
6.7,0.055
6.7,0.055
6.8,0.055
6.9,0.055
6.9,0.055
7.0,0.055
7.0,0.060
7.0,0.060
7.1,0.060
7.1,0.060
7.2,0.060
7.2,0.060
7.2,0.060
7.2,0.060
7.3,0.060
7.3,0.060
7.4,0.060
7.4,0.060
7.5,0.060
7.5,0.060
7.6,0.060
7.6,0.060
7.6,0.060
7.6,0.060
7.7,0.060
7.7,0.060
7.8,0.060
7.8,0.060
7.9,0.060
7.9,0.060
8.0,0.060
8.0,0.060
8.1,0.060
8.1,0.060
8.1,0.060
8.2,0.060
8.2,0.060
8.3,0.060
8.3,0.060
8.4,0.060
8.4,0.060
8.4,0.060
8.5,0.060
8.6,0.060
8.6,0.060
8.6,0.060
8.6,0.060
8.7,0.060
8.8,0.060
8.8,0.060
8.9,0.060
8.9,0.060
8.9,0.060
9.0,0.060
9.0,0.060
9.1,0.060
9.1,0.060
9.2,0.060
9.2,0.060
9.3,0.060
9.3,0.060
9.4,0.060
9.4,0.060
9.4,0.060
9.5,0.060
9.5,0.060
9.6,0.060
9.6,0.060
9.6,0.060
9.7,0.060
9.7,0.060
9.8,0.060
9.8,0.060
9.9,0.060
9.9,0.060
10.0,0.060
10.0,0.060
10.1,0.060
10.1,0.060
10.1,0.060
10.2,0.060
10.2,0.060
10.2,0.060
10.3,0.060
10.3,0.060
10.4,0.060
10.4,0.060
10.4,0.060
10.5,0.060
10.5,0.060
10.6,0.060
10.6,0.060
10.7,0.065
10.7,0.065
10.8,0.065
10.8,0.065
10.8,0.065
10.9,0.065
10.9,0.065
11.0,0.065
11.0,0.065
11.0,0.065
11.1,0.065
11.2,0.065
11.2,0.065
11.2,0.065
11.3,0.065
11.3,0.065
11.4,0.065
11.4,0.065
11.4,0.065
11.5,0.065
11.6,0.065
11.6,0.065
11.7,0.065
11.7,0.065
11.8,0.065
11.8,0.065
11.9,0.065
11.9,0.065
11.9,0.065
12.0,0.065
12.0,0.065
12.1,0.065
12.1,0.065
12.2,0.065
12.2,0.065
12.3,0.065
12.3,0.065
12.4,0.065
12.4,0.065
12.5,0.065
12.5,0.065
12.6,0.065
12.7,0.065
12.7,0.065
12.8,0.065
12.8,0.065
12.9,0.065
12.9,0.065
13.0,0.065
13.0,0.065
13.1,0.065
13.1,0.065
13.2,0.065
13.3,0.065
13.3,0.065
13.4,0.065
13.4,0.065
13.5,0.065
13.5,0.065
13.5,0.065
13.6,0.065
13.6,0.065
13.7,0.065
13.7,0.065
13.8,0.065
13.8,0.065
13.9,0.065
14.0,0.065
14.0,0.065
14.1,0.065
14.2,0.065
14.2,0.065
14.3,0.065
14.3,0.065
14.4,0.065
14.4,0.065
14.5,0.065
14.5,0.065
14.6,0.065
14.6,0.065
14.7,0.065
14.8,0.065
14.8,0.065
14.8,0.065
14.9,0.065
14.9,0.065
14.9,0.065
15.1,0.065
15.1,0.065
15.1,0.065
15.2,0.070
15.2,0.070
15.3,0.070
15.3,0.070
15.4,0.070
15.4,0.070
15.5,0.070
15.5,0.070
15.6,0.070
15.6,0.070
15.7,0.070
15.7,0.070
15.8,0.070
15.9,0.070
15.9,0.070
16.0,0.070
16.0,0.070
16.1,0.070
16.1,0.070
16.2,0.070
16.2,0.070
16.3,0.070
16.4,0.070
16.4,0.070
16.5,0.070
16.5,0.070
16.6,0.070
16.6,0.070
16.6,0.070
16.6,0.070
16.7,0.070
16.8,0.070
16.8,0.070
16.9,0.070
16.9,0.070
17.0,0.070
17.0,0.070
17.0,0.070
17.1,0.070
17.2,0.070
17.2,0.070
17.3,0.070
17.3,0.070
17.4,0.070
17.4,0.070
17.5,0.070
17.5,0.070
17.6,0.070
17.6,0.070
17.7,0.070
17.7,0.070
17.8,0.070
17.8,0.070
17.9,0.070
18.0,0.070
18.0,0.070
18.1,0.070
18.1,0.070
18.1,0.070
18.2,0.070
18.3,0.070
18.3,0.070
18.3,0.070
18.4,0.070
18.4,0.070
18.5,0.070
18.5,0.070
18.6,0.070
18.6,0.070
18.7,0.070
18.7,0.070
18.8,0.070
18.9,0.070
18.9,0.070
18.9,0.070
19.0,0.070
19.1,0.070
19.1,0.070
19.2,0.070
19.2,0.070
19.3,0.070
19.4,0.070
19.4,0.070
19.5,0.070
19.5,0.070
19.5,0.070
19.6,0.070
19.6,0.070
19.7,0.070
19.7,0.070
19.7,0.070
19.8,0.070
19.9,0.070
19.9,0.070
20.0,0.075
20.0,0.075
20.1,0.075
20.1,0.075
20.2,0.075
20.2,0.075
20.3,0.075
20.3,0.075
20.4,0.075
20.4,0.075
20.5,0.075
20.5,0.075
20.6,0.075
20.6,0.075
20.7,0.075
20.8,0.075
20.8,0.075
20.9,0.075
20.9,0.075
20.9,0.075
21.0,0.075
21.1,0.075
21.1,0.075
21.2,0.075
21.2,0.075
21.2,0.075
21.3,0.075
21.4,0.075
21.5,0.075
21.5,0.075
21.6,0.075
21.6,0.075
21.7,0.075
21.7,0.075
21.7,0.075
21.8,0.075
21.9,0.075
21.9,0.075
22.0,0.075
22.0,0.075
22.1,0.075
22.2,0.075
22.2,0.075
22.3,0.075
22.3,0.075
22.3,0.075
22.4,0.075
22.4,0.075
22.5,0.075
22.6,0.075
22.6,0.075
22.7,0.075
22.7,0.075
22.8,0.075
22.8,0.075
22.8,0.075
22.9,0.075
22.9,0.075
23.0,0.075
23.1,0.075
23.1,0.075
23.2,0.075
23.2,0.075
23.3,0.075
23.3,0.075
23.3,0.075
23.4,0.075
23.5,0.075
23.5,0.075
23.5,0.075
23.6,0.075
23.6,0.075
23.7,0.075
23.7,0.075
23.8,0.075
23.9,0.075
23.9,0.075
24.0,0.075
24.0,0.075
24.1,0.075
24.1,0.075
24.2,0.075
24.2,0.075
24.3,0.075
24.3,0.075
24.3,0.075
24.4,0.075
24.4,0.075
24.5,0.075
24.6,0.075
24.6,0.080
24.7,0.080
24.7,0.080
24.8,0.080
24.8,0.080
24.9,0.080
24.9,0.080
25.0,0.080
25.1,0.080
25.1,0.080
25.2,0.080
25.2,0.080
25.3,0.080
25.3,0.080
25.3,0.080
25.4,0.080
25.4,0.080
25.4,0.080
25.5,0.080
25.6,0.080
25.6,0.080
25.7,0.080
25.7,0.080
25.8,0.080
25.8,0.080
25.8,0.080
25.9,0.080
25.9,0.080
26.0,0.080
26.0,0.080
26.1,0.080
26.1,0.080
26.2,0.080
26.2,0.080
26.3,0.080
26.3,0.080
26.3,0.080
26.4,0.080
26.4,0.080
26.5,0.080
26.6,0.080
26.6,0.080
26.7,0.080
26.7,0.080
26.8,0.080
26.8,0.080
26.8,0.080
26.9,0.080
27.0,0.080
27.0,0.080
27.1,0.080
27.1,0.080
27.1,0.080
27.2,0.080
27.2,0.080
27.3,0.080
27.3,0.080
27.4,0.080
27.4,0.080
27.4,0.080
27.5,0.080
27.5,0.080
27.5,0.080
27.6,0.080
27.6,0.080
27.7,0.080
27.8,0.080
27.8,0.080
27.9,0.080
27.9,0.080
28.0,0.080
28.0,0.080
28.1,0.080
28.1,0.080
28.1,0.080
28.2,0.080
28.2,0.080
28.2,0.080
28.3,0.080
28.3,0.080
28.4,0.080
28.4,0.080
28.4,0.080
28.5,0.080
28.5,0.080
28.6,0.080
28.6,0.080
28.7,0.085
28.7,0.085
28.8,0.085
28.8,0.085
28.9,0.085
28.9,0.085
28.9,0.085
29.0,0.085
29.0,0.085
29.1,0.085
29.1,0.085
29.2,0.085
29.2,0.085
29.2,0.085
29.2,0.085
29.3,0.085
29.4,0.085
29.4,0.085
29.4,0.085
29.5,0.085
29.5,0.085
29.6,0.085
29.6,0.085
29.7,0.085
29.7,0.085
29.7,0.085
29.7,0.085
29.7,0.085
29.8,0.085
29.8,0.085
29.9,0.085
29.9,0.085
30.0,0.085
30.0,0.085
30.1,0.085
30.1,0.085
30.1,0.085
30.2,0.085
30.2,0.085
30.3,0.085
30.3,0.085
30.3,0.085
30.3,0.085
30.4,0.085
30.4,0.085
30.5,0.085
30.5,0.085
30.5,0.085
30.5,0.085
30.6,0.085
30.6,0.085
30.7,0.085
30.7,0.085
30.7,0.085
30.8,0.085
30.8,0.085
30.8,0.085
30.9,0.085
30.9,0.085
31.0,0.085
31.0,0.085
31.0,0.085
31.0,0.085
31.1,0.085
31.1,0.085
31.1,0.085
31.2,0.085
31.2,0.085
31.3,0.085
31.3,0.085
31.3,0.085
31.3,0.085
31.3,0.085
31.4,0.085
31.4,0.085
31.4,0.085
31.5,0.085
31.5,0.085
31.6,0.085
31.6,0.085
31.6,0.085
31.6,0.085
31.7,0.085
31.7,0.085
31.7,0.085
31.7,0.085
31.8,0.085
31.8,0.085
31.9,0.085
31.9,0.085
31.9,0.085
31.9,0.085
32.0,0.085
32.0,0.085
32.0,0.085
32.0,0.085
32.0,0.085
32.1,0.085
32.1,0.085
32.2,0.085
32.2,0.085
32.2,0.085
32.2,0.085
32.2,0.085
32.3,0.085
32.3,0.085
32.3,0.090
32.3,0.090
32.3,0.090
32.3,0.090
32.3,0.090
32.4,0.090
32.4,0.090
32.4,0.090
32.5,0.090
32.5,0.090
32.6,0.090
32.6,0.090
32.6,0.090
32.6,0.090
32.6,0.090
32.6,0.090
32.6,0.090
32.6,0.090
32.6,0.090
32.6,0.090
32.7,0.090
32.7,0.090
32.7,0.090
32.7,0.090
32.7,0.090
32.7,0.090
32.7,0.090
32.8,0.090
32.8,0.090
32.8,0.090
32.8,0.090
32.8,0.090
32.8,0.090
32.8,0.090
32.8,0.090
32.8,0.090
32.9,0.090
32.9,0.090
32.9,0.090
32.9,0.090
32.9,0.090
32.9,0.090
33.0,0.090
33.0,0.090
33.0,0.090
33.0,0.090
33.0,0.090
33.0,0.090
33.0,0.090
33.1,0.090
33.1,0.090
33.1,0.090
33.1,0.090
33.1,0.090
33.1,0.090
33.1,0.090
33.1,0.090
33.1,0.090
33.1,0.090
33.1,0.090
33.1,0.090
33.1,0.090
33.2,0.090
33.2,0.090
33.2,0.090
33.2,0.090
33.2,0.090
33.2,0.090
33.2,0.090
33.2,0.090
33.2,0.090
33.2,0.090
33.2,0.090
33.2,0.090
33.2,0.090
33.2,0.090
33.2,0.090
33.2,0.090
33.2,0.090
33.2,0.090
33.2,0.090
33.2,0.090
33.2,0.090
33.2,0.090
33.2,0.090
33.2,0.090
33.2,0.090
33.2,0.090
33.2,0.090
33.2,0.090
33.2,0.090
33.2,0.090
33.2,0.090
33.2,0.090
33.2,0.090
33.2,0.090
33.2,0.090
33.2,0.090
33.2,0.090
33.2,0.090
33.2,0.090
33.3,0.090
33.3,0.090
33.3,0.090
33.3,0.090
33.3,0.090
33.3,0.090
33.3,0.090
33.3,0.095
33.3,0.095
33.3,0.095
33.3,0.095
33.3,0.095
33.3,0.095
33.3,0.095
33.3,0.095
33.3,0.095
33.3,0.095
33.3,0.095
33.3,0.095
33.3,0.095
33.3,0.095
33.3,0.095
33.3,0.095
33.3,0.095
33.4,0.095
33.4,0.095
33.4,0.095
33.4,0.095
33.4,0.095
33.4,0.095
33.4,0.095
33.4,0.095
33.4,0.095
33.4,0.095
33.4,0.095
33.4,0.095
33.4,0.095
33.4,0.095
33.4,0.095
33.4,0.095
33.4,0.095
33.4,0.095
33.4,0.095
33.4,0.095
33.4,0.095
33.4,0.095
33.4,0.095
33.4,0.095
33.4,0.095
33.4,0.095
33.4,0.095
33.4,0.095
33.4,0.095
33.4,0.095
33.4,0.095
33.4,0.095
33.4,0.095
33.4,0.095
33.4,0.095
33.4,0.095
33.4,0.095
33.4,0.095
33.4,0.095
33.4,0.095
33.4,0.095
33.4,0.095
33.4,0.095
33.4,0.095
33.4,0.095
33.4,0.095
33.4,0.095
33.4,0.095
33.4,0.095
33.4,0.095
33.4,0.095
33.4,0.095
33.4,0.095
33.4,0.095
33.4,0.095
33.4,0.095
33.4,0.095
33.4,0.095
33.4,0.095
33.4,0.095
33.4,0.095
33.4,0.095
33.4,0.095
33.4,0.095
33.3,0.095
33.3,0.095
33.3,0.095
33.3,0.095
33.3,0.095
33.3,0.095
33.3,0.095
33.3,0.095
33.3,0.095
33.3,0.095
33.3,0.095
33.3,0.095
33.3,0.095
33.3,0.095
33.3,0.095
33.3,0.095
33.3,0.095
33.3,0.095
33.3,0.095
33.3,0.095
33.3,0.100
33.2,0.100
33.2,0.100
33.2,0.100
33.2,0.100
33.2,0.100
33.2,0.100
33.2,0.100
33.2,0.100
33.2,0.100
33.2,0.100
33.2,0.100
33.2,0.100
33.2,0.100
33.2,0.100
33.2,0.100
33.2,0.100
33.2,0.100
33.2,0.100
33.2,0.100
33.2,0.100
33.2,0.100
33.2,0.100
33.2,0.100
33.2,0.100
33.2,0.100
33.2,0.100
33.2,0.100
33.2,0.100
33.2,0.100
33.2,0.100
33.2,0.100
33.2,0.100
33.2,0.100
33.2,0.100
33.2,0.100
33.2,0.100
33.2,0.100
33.2,0.100
33.2,0.100
33.2,0.100
33.2,0.100
33.2,0.100
33.2,0.100
33.2,0.100
33.2,0.100
33.2,0.100
33.2,0.100
33.2,0.100
33.2,0.100
33.2,0.100
33.2,0.100
33.2,0.100
33.2,0.100
33.2,0.100
33.2,0.100
33.2,0.100
33.2,0.100
33.2,0.100
33.2,0.100
33.2,0.100
33.2,0.100
33.2,0.100
33.2,0.100
33.2,0.100
33.2,0.100
33.2,0.100
33.2,0.100
33.2,0.100
33.2,0.100
33.2,0.100
33.2,0.100
33.2,0.100
33.2,0.100
33.2,0.100
33.2,0.100
33.2,0.100
33.2,0.100
33.2,0.100
33.2,0.100
33.2,0.100
33.2,0.100
33.2,0.100
33.2,0.100
33.2,0.100
33.2,0.100
33.2,0.100
33.2,0.100
33.2,0.100
33.2,0.100
33.2,0.100
33.2,0.100
33.2,0.100
33.2,0.100
33.2,0.100
33.2,0.100
33.2,0.100
33.2,0.100
33.2,0.105
33.2,0.105
33.2,0.105
33.2,0.105
33.2,0.105
33.2,0.105
33.2,0.105
33.2,0.105
33.2,0.105
33.2,0.105
33.2,0.105
33.2,0.105
33.2,0.105
33.2,0.105
33.2,0.105
33.2,0.105
33.2,0.105
33.2,0.105
33.2,0.105
33.2,0.105
33.2,0.105
33.2,0.105
33.2,0.105
33.2,0.105
33.2,0.105
33.2,0.105
33.2,0.105
33.2,0.105
33.2,0.105
33.2,0.105
33.2,0.105
33.2,0.105
33.2,0.105
33.2,0.105
33.2,0.105
33.2,0.105
33.2,0.105
33.2,0.105
33.2,0.105
33.2,0.105
33.2,0.105
33.2,0.105
33.2,0.105
33.2,0.105
33.2,0.105
33.2,0.105
33.2,0.105
33.2,0.105
33.2,0.105
33.2,0.105
33.2,0.105
33.2,0.105
33.2,0.105
33.2,0.105
33.2,0.105
33.2,0.105
33.2,0.105
33.2,0.105
33.2,0.105
33.2,0.105
33.2,0.105
33.2,0.105
33.2,0.105
33.2,0.105
33.2,0.105
33.2,0.105
33.2,0.105
33.2,0.105
33.2,0.105
33.2,0.105
33.2,0.105
33.2,0.105
33.2,0.105
33.2,0.105
33.2,0.105
33.2,0.105
33.2,0.105
33.2,0.105
33.2,0.105
33.2,0.105
33.2,0.105
33.2,0.105
33.2,0.105
33.2,0.105
33.2,0.105
33.2,0.105
33.2,0.105
33.2,0.105
33.2,0.105
33.2,0.105
33.2,0.105
33.2,0.105
33.2,0.105
33.2,0.105
33.2,0.105
33.2,0.105
33.2,0.105
33.2,0.105
33.2,0.105
33.2,0.105
33.2,0.105
33.2,0.105
33.2,0.105
33.2,0.105
33.2,0.105
33.2,0.105
33.2,0.105
33.2,0.105
33.2,0.105
33.2,0.110
33.2,0.110
33.2,0.110
33.2,0.110
33.2,0.110
33.2,0.110
33.2,0.110
33.2,0.110
33.2,0.110
33.2,0.110
33.2,0.110
33.2,0.110
33.2,0.110
33.2,0.110
33.2,0.110
33.2,0.110
33.2,0.110
33.2,0.110
33.2,0.110
33.2,0.110
33.2,0.110
33.2,0.110
33.2,0.110
33.2,0.110
33.2,0.110
33.2,0.110
33.2,0.110
33.2,0.110
33.2,0.110
33.2,0.110
33.2,0.110
33.2,0.110
33.2,0.110
33.2,0.110
33.2,0.110
33.2,0.110
33.2,0.110
33.2,0.110
33.2,0.110
33.2,0.110
33.2,0.110
33.2,0.110
33.2,0.110
33.2,0.110
33.2,0.110
33.2,0.110
33.2,0.110
33.2,0.110
33.2,0.110
33.2,0.110
33.2,0.110
33.2,0.110
33.2,0.110
33.2,0.110
33.2,0.110
33.2,0.110
33.2,0.110
33.2,0.110
33.2,0.110
33.2,0.110
33.2,0.110
33.2,0.110
33.2,0.110
33.2,0.110
33.2,0.110
33.2,0.110
33.2,0.110
33.2,0.110
33.2,0.110
33.2,0.110
33.2,0.110
33.2,0.110
33.2,0.110
33.2,0.110
33.2,0.110
33.2,0.110
33.2,0.110
33.2,0.110
33.2,0.110
33.2,0.110
33.2,0.110
33.2,0.110
33.2,0.110
33.2,0.110
33.2,0.110
33.2,0.110
33.2,0.110
33.2,0.110
33.2,0.110
33.2,0.110
33.2,0.110
33.2,0.110
33.2,0.110
33.2,0.110
33.2,0.110
33.2,0.110
33.2,0.110
33.2,0.110
33.2,0.110
33.2,0.110
33.2,0.110
33.2,0.110
33.2,0.110
33.2,0.110
33.2,0.110
33.2,0.110
33.2,0.110
33.2,0.110
33.2,0.115
33.2,0.115
33.2,0.115
33.2,0.115
33.2,0.115
33.2,0.115
33.2,0.115
33.2,0.115
33.2,0.115
33.2,0.115
33.2,0.115
33.2,0.115
33.2,0.115
33.2,0.115
33.2,0.115
33.2,0.115
33.2,0.115
33.2,0.115
33.2,0.115
33.2,0.115
33.2,0.115
33.2,0.115
33.2,0.115
33.2,0.115
33.2,0.115
33.2,0.115
33.2,0.115
33.2,0.115
33.2,0.115
33.2,0.115
33.2,0.115
33.2,0.115
33.2,0.115
33.2,0.115
33.2,0.115
33.2,0.115
33.2,0.115
33.2,0.115
33.2,0.115
33.2,0.115
33.2,0.115
33.2,0.115
33.2,0.115
33.2,0.115
33.2,0.115
33.2,0.115
33.2,0.115
33.2,0.115
33.2,0.115
33.2,0.115
33.2,0.115
33.2,0.115
33.2,0.115
33.2,0.115
33.2,0.115
33.2,0.115
33.2,0.115
33.2,0.115
33.2,0.115
33.2,0.115
33.2,0.115
33.2,0.115
33.2,0.115
33.2,0.115
33.2,0.115
33.2,0.115
33.2,0.115
33.2,0.115
33.2,0.115
33.2,0.115
33.2,0.115
33.2,0.115
33.2,0.115
33.2,0.115
33.2,0.115
33.2,0.115
33.2,0.115
33.2,0.115
33.2,0.115
33.2,0.115
33.2,0.115
33.2,0.115
33.2,0.115
33.2,0.115
33.2,0.115
33.2,0.115
33.2,0.115
33.2,0.115
33.2,0.115
33.2,0.115
33.2,0.115
33.2,0.115
33.2,0.115
33.2,0.115
33.2,0.115
33.2,0.115
33.3,0.115
33.3,0.115
33.3,0.115
33.3,0.115
33.3,0.115
33.3,0.115
33.3,0.115
33.3,0.115
33.3,0.115
33.3,0.115
33.3,0.120
33.3,0.120
33.3,0.120
33.3,0.120
33.3,0.120
33.3,0.120
33.3,0.120
33.3,0.120
33.3,0.120
33.3,0.120
33.3,0.120
33.3,0.120
33.3,0.120
33.3,0.120
33.3,0.120
33.3,0.120
33.3,0.120
33.3,0.120
33.3,0.120
33.3,0.120
33.3,0.120
33.3,0.120
33.3,0.120
33.3,0.120
33.3,0.120
33.3,0.120
33.3,0.120
33.3,0.120
33.3,0.120
33.3,0.120
33.3,0.120
33.3,0.120
33.3,0.120
33.3,0.120
33.3,0.120
33.3,0.120
33.3,0.120
33.3,0.120
33.3,0.120
33.3,0.120
33.3,0.120
33.3,0.120
33.3,0.120
33.3,0.120
33.3,0.120
33.3,0.120
33.3,0.120
33.3,0.120
33.3,0.120
33.3,0.120
33.3,0.120
33.3,0.120
33.3,0.120
33.3,0.120
33.3,0.120
33.3,0.120
33.3,0.120
33.3,0.120
33.3,0.120
33.3,0.120
33.3,0.120
33.3,0.120
33.3,0.120
33.3,0.120
33.3,0.120
33.3,0.120
33.3,0.120
33.3,0.120
33.3,0.120
33.3,0.120
33.3,0.120
33.3,0.120
33.3,0.120
33.3,0.120
33.3,0.120
33.3,0.120
33.3,0.120
33.3,0.120
33.3,0.120
33.3,0.120
33.3,0.120
33.3,0.120
33.3,0.120
33.2,0.120
33.2,0.120
33.2,0.120
33.2,0.120
33.2,0.120
33.2,0.120
33.2,0.120
33.2,0.120
33.2,0.120
33.2,0.120
33.2,0.120
33.2,0.120
33.2,0.120
33.2,0.120
33.2,0.120
33.2,0.120
33.2,0.120
33.2,0.120
33.2,0.120
33.2,0.120
33.2,0.120
33.2,0.120
33.2,0.120
33.2,0.120
33.2,0.120
33.2,0.120
33.2,0.120
33.2,0.125
33.2,0.125
33.2,0.125
33.2,0.125
33.2,0.125
33.2,0.125
33.2,0.125
33.2,0.125
33.2,0.125
33.2,0.125
33.2,0.125
33.2,0.125
33.2,0.125
33.2,0.125
33.2,0.125
33.2,0.125
33.2,0.125
33.2,0.125
33.2,0.125
33.2,0.125
33.2,0.125
33.2,0.125
33.2,0.125
33.2,0.125
33.2,0.125
33.2,0.125
33.2,0.125
33.2,0.125
33.2,0.125
33.2,0.125
33.2,0.125
33.2,0.125
33.2,0.125
33.2,0.125
33.2,0.125
33.2,0.125
33.2,0.125
33.2,0.125
33.2,0.125
33.2,0.125
33.2,0.125
33.2,0.125
33.2,0.125
33.2,0.125
33.2,0.125
33.2,0.125
33.3,0.125
33.3,0.125
33.3,0.125
33.3,0.125
33.3,0.125
33.2,0.125
33.2,0.125
33.2,0.125
33.2,0.125
33.2,0.125
33.2,0.125
33.2,0.125
33.2,0.125
33.2,0.125
33.2,0.125
33.2,0.125
33.2,0.125
33.2,0.125
33.2,0.125
33.2,0.125
33.2,0.125
33.2,0.125
33.2,0.125
33.2,0.125
33.2,0.125
33.2,0.125
33.2,0.125
33.2,0.125
33.2,0.125
33.2,0.125
33.2,0.125
33.2,0.125
33.2,0.125
33.2,0.125
33.2,0.125
33.2,0.125
33.2,0.125
33.2,0.125
33.2,0.125
33.2,0.125
33.2,0.125
33.2,0.125
33.2,0.125
33.2,0.125
33.2,0.125
33.2,0.125
33.2,0.125
33.2,0.125
33.2,0.125
33.2,0.125
33.2,0.125
33.2,0.125
33.2,0.125
33.2,0.125
33.2,0.125
33.2,0.125
33.2,0.125
33.2,0.125
33.2,0.125
33.2,0.125
33.2,0.125
33.1,0.125
33.1,0.125
33.1,0.125
33.1,0.125
33.1,0.125
33.1,0.125
33.1,0.125
33.1,0.125
33.1,0.125
33.2,0.125
33.2,0.125
33.2,0.130
33.2,0.130
33.2,0.130
33.2,0.130
33.2,0.130
33.2,0.130
33.2,0.130
33.2,0.130
33.2,0.130
33.2,0.130
33.2,0.130
33.2,0.130
33.2,0.130
33.2,0.130
33.2,0.130
33.2,0.130
33.2,0.130
33.2,0.130
33.2,0.130
33.2,0.130
33.2,0.130
33.2,0.130
33.2,0.130
33.2,0.130
33.2,0.130
33.2,0.130
33.2,0.130
33.2,0.130
33.2,0.130
33.2,0.130
33.2,0.130
33.2,0.130
33.2,0.130
33.2,0.130
33.2,0.130
33.2,0.130
33.2,0.130
33.2,0.130
33.2,0.130
33.2,0.130
33.2,0.130
33.2,0.130
33.2,0.130
33.2,0.130
33.2,0.130
33.2,0.130
33.2,0.130
33.2,0.130
33.2,0.130
33.2,0.130
33.2,0.130
33.1,0.130
33.1,0.130
33.1,0.130
33.1,0.130
33.1,0.130
33.1,0.130
33.1,0.130
33.1,0.130
33.1,0.130
33.1,0.130
33.1,0.130
33.1,0.130
33.1,0.130
33.1,0.130
33.2,0.130
33.2,0.130
33.2,0.130
33.2,0.130
33.2,0.130
33.2,0.130
33.2,0.130
33.2,0.130
33.2,0.130
33.2,0.130
33.2,0.130
33.2,0.130
33.2,0.130
33.2,0.130
33.2,0.130
33.2,0.130
33.2,0.130
33.2,0.130
33.2,0.130
33.2,0.130
33.2,0.130
33.2,0.130
33.2,0.130
33.2,0.130
33.2,0.130
33.2,0.130
33.2,0.130
33.2,0.130
33.2,0.130
33.2,0.130
33.2,0.130
33.2,0.130
33.2,0.130
33.2,0.130
33.2,0.130
33.2,0.130
33.2,0.130
33.2,0.130
33.2,0.130
33.2,0.130
33.2,0.130
33.2,0.130
33.2,0.130
33.2,0.130
33.1,0.130
33.1,0.130
33.1,0.130
33.1,0.130
33.1,0.130
33.1,0.130
33.1,0.130
33.1,0.130
33.1,0.130
33.1,0.130
33.1,0.130
33.1,0.130
33.1,0.130
33.1,0.130
33.1,0.135
33.1,0.135
33.1,0.135
33.1,0.135
33.1,0.135
33.1,0.135
33.1,0.135
33.1,0.135
33.1,0.135
33.1,0.135
33.1,0.135
33.1,0.135
33.1,0.135
33.1,0.135
33.1,0.135
33.1,0.135
33.1,0.135
33.1,0.135
33.1,0.135
33.1,0.135
33.1,0.135
33.1,0.135
33.1,0.135
33.1,0.135
33.1,0.135
33.1,0.135
33.1,0.135
33.1,0.135
33.1,0.135
33.1,0.135
33.1,0.135
33.1,0.135
33.1,0.135
33.1,0.135
33.1,0.135
33.1,0.135
33.1,0.135
33.1,0.135
33.1,0.135
33.1,0.135
33.2,0.135
33.2,0.135
33.2,0.135
33.2,0.135
33.1,0.135
33.1,0.135
33.1,0.135
33.1,0.135
33.1,0.135
33.1,0.135
33.1,0.135
33.1,0.135
33.1,0.135
33.1,0.135
33.1,0.135
33.1,0.135
33.1,0.135
33.1,0.135
33.1,0.135
33.1,0.135
33.1,0.135
33.1,0.135
33.1,0.135
33.1,0.135
33.1,0.135
33.1,0.135
33.1,0.135
33.1,0.135
33.1,0.135
33.1,0.135
33.1,0.135
33.1,0.135
33.1,0.135
33.1,0.135
33.1,0.135
33.1,0.135
33.1,0.135
33.1,0.135
33.1,0.135
33.1,0.135
33.1,0.135
33.1,0.135
33.1,0.135
33.1,0.135
33.1,0.135
33.1,0.135
33.1,0.135
33.1,0.135
33.1,0.135
33.1,0.135
33.1,0.135
33.1,0.135
33.1,0.135
33.1,0.135
33.1,0.135
33.1,0.135
33.1,0.135
33.1,0.135
33.1,0.135
33.1,0.135
33.1,0.135
33.1,0.135
33.1,0.135
33.1,0.135
33.1,0.135
33.1,0.135
33.1,0.135
33.1,0.135
33.1,0.135
33.1,0.135
33.1,0.135
33.1,0.135
33.1,0.135
33.1,0.135
33.1,0.135
33.1,0.135
33.1,0.135
33.1,0.135
33.1,0.135
33.1,0.135
33.1,0.135
33.1,0.135
33.2,0.135
33.2,0.135
33.2,0.135
33.2,0.140
33.2,0.140
33.2,0.140
33.1,0.140
33.1,0.140
33.1,0.140
33.1,0.140
33.1,0.140
33.1,0.140
33.1,0.140
33.1,0.140
33.1,0.140
33.1,0.140
33.1,0.140
33.1,0.140
33.1,0.140
33.1,0.140
33.1,0.140
33.1,0.140
33.1,0.140
33.1,0.140
33.1,0.140
33.1,0.140
33.1,0.140
33.1,0.140
33.1,0.140
33.1,0.140
33.1,0.140
33.1,0.140
33.1,0.140
33.1,0.140
33.1,0.140
33.1,0.140
33.1,0.140
33.1,0.140
33.1,0.140
33.1,0.140
33.1,0.140
33.1,0.140
33.1,0.140
33.1,0.140
33.1,0.140
33.1,0.140
33.1,0.140
33.1,0.140
33.1,0.140
33.1,0.140
33.1,0.140
33.1,0.140
33.1,0.140
33.1,0.140
33.1,0.140
33.1,0.140
33.1,0.140
33.1,0.140
33.1,0.140
33.1,0.140
33.1,0.140
33.1,0.140
33.1,0.140
33.1,0.140
33.1,0.140
33.1,0.140
33.1,0.140
33.1,0.140
33.1,0.140
33.1,0.140
33.1,0.140
33.1,0.140
33.1,0.140
33.1,0.140
33.1,0.140
33.1,0.140
33.1,0.140
33.1,0.140
33.1,0.140
33.1,0.140
33.2,0.140
33.2,0.140
33.2,0.140
33.2,0.140
33.2,0.140
33.2,0.140
33.2,0.140
33.2,0.140
33.2,0.140
33.2,0.140
33.1,0.140
33.1,0.140
33.1,0.140
33.1,0.140
33.1,0.140
33.1,0.140
33.1,0.140
33.1,0.140
33.1,0.140
33.1,0.140
33.1,0.140
33.1,0.140
33.1,0.140
33.1,0.140
33.1,0.140
33.1,0.140
33.1,0.140
33.1,0.140
33.1,0.140
33.1,0.140
33.1,0.140
33.1,0.140
33.1,0.140
33.1,0.140
33.1,0.140
33.1,0.140
33.1,0.140
33.1,0.140
33.1,0.140
33.1,0.140
33.1,0.140
33.1,0.140
33.1,0.140
33.1,0.140
33.1,0.140
33.1,0.145
33.1,0.145
33.1,0.145
33.1,0.145
33.1,0.145
33.1,0.145
33.2,0.145
33.2,0.145
33.2,0.145
33.2,0.145
33.2,0.145
33.2,0.145
33.2,0.145
33.2,0.145
33.2,0.145
33.2,0.145
33.2,0.145
33.2,0.145
33.2,0.145
33.2,0.145
33.2,0.145
33.2,0.145
33.2,0.145
33.2,0.145
33.2,0.145
33.2,0.145
33.2,0.145
33.2,0.145
33.2,0.145
33.2,0.145
33.2,0.145
33.2,0.145
33.2,0.145
33.2,0.145
33.2,0.145
33.2,0.145
33.2,0.145
33.2,0.145
33.2,0.145
33.2,0.145
33.2,0.145
33.2,0.145
33.2,0.145
33.2,0.145
33.2,0.145
33.2,0.145
33.2,0.145
33.2,0.145
33.2,0.145
33.2,0.145
33.2,0.145
33.2,0.145
33.2,0.145
33.2,0.145
33.2,0.145
33.2,0.145
33.2,0.145
33.2,0.145
33.2,0.145
33.2,0.145
33.2,0.145
33.2,0.145
33.2,0.145
33.2,0.145
33.2,0.145
33.2,0.145
33.2,0.145
33.2,0.145
33.2,0.145
33.2,0.145
33.2,0.145
33.2,0.145
33.2,0.145
33.2,0.145
33.2,0.145
33.2,0.145
33.1,0.145
33.1,0.145
33.1,0.145
33.1,0.145
33.1,0.145
33.1,0.145
33.1,0.145
33.1,0.145
33.1,0.145
33.1,0.145
33.1,0.145
33.1,0.145
33.1,0.145
33.1,0.145
33.1,0.145
33.1,0.145
33.1,0.145
33.1,0.145
33.1,0.145
33.1,0.145
33.1,0.145
33.1,0.145
33.1,0.145
33.1,0.145
33.1,0.145
33.1,0.145
33.1,0.145
33.1,0.145
33.1,0.145
33.1,0.145
33.1,0.145
33.1,0.145
33.1,0.145
33.1,0.150
33.1,0.150
33.1,0.150
33.1,0.150
33.1,0.150
33.1,0.150
33.1,0.150
33.1,0.150
33.1,0.150
33.1,0.150
33.1,0.150
33.1,0.150
33.1,0.150
33.1,0.150
33.1,0.150
33.1,0.150
33.1,0.150
33.1,0.150
33.1,0.150
33.1,0.150
33.1,0.150
33.1,0.150
33.1,0.150
33.1,0.150
33.1,0.150
33.1,0.150
33.1,0.150
33.1,0.150
33.1,0.150
33.1,0.150
33.1,0.150
33.1,0.150
33.1,0.150
33.1,0.150
33.1,0.150
33.1,0.150
33.1,0.150
33.1,0.150
33.1,0.150
33.1,0.150
33.1,0.150
33.1,0.150
33.1,0.150
33.1,0.150
33.1,0.150
33.1,0.150
33.1,0.150
33.1,0.150
33.1,0.150
33.1,0.150
33.1,0.150
33.1,0.150
33.1,0.150
33.1,0.150
33.1,0.150
33.1,0.150
33.1,0.150
33.1,0.150
33.1,0.150
33.1,0.150
33.1,0.150
33.1,0.150
33.1,0.150
33.1,0.150
33.1,0.150
33.1,0.150
33.1,0.150
33.1,0.150
33.1,0.150
33.1,0.150
33.1,0.150
33.1,0.150
33.1,0.150
33.1,0.150
33.1,0.150
33.1,0.150
33.1,0.150
33.1,0.150
33.1,0.150
33.1,0.150
33.1,0.150
33.1,0.150
33.1,0.150
33.1,0.150
33.1,0.150
33.1,0.150
33.1,0.150
33.1,0.150
33.1,0.150
33.1,0.150
33.1,0.150
33.1,0.150
33.1,0.150
33.1,0.150
33.1,0.150
33.1,0.150
33.1,0.150
33.1,0.150
33.1,0.150
33.1,0.150
33.1,0.150
33.1,0.150
33.1,0.150
33.1,0.150
33.1,0.150
33.1,0.150
33.1,0.150
33.1,0.155
33.1,0.155
33.1,0.155
33.1,0.155
33.1,0.155
33.1,0.155
33.1,0.155
33.1,0.155
33.1,0.155
33.1,0.155
33.1,0.155
33.1,0.155
33.1,0.155
33.1,0.155
33.1,0.155
33.1,0.155
33.1,0.155
33.1,0.155
33.1,0.155
33.1,0.155
33.1,0.155
33.1,0.155
33.1,0.155
33.1,0.155
33.1,0.155
33.1,0.155
33.1,0.155
33.1,0.155
33.1,0.155
33.1,0.155
33.1,0.155
33.1,0.155
33.1,0.155
33.1,0.155
33.1,0.155
33.1,0.155
33.1,0.155
33.1,0.155
33.1,0.155
33.1,0.155
33.1,0.155
33.1,0.155
33.1,0.155
33.1,0.155
33.1,0.155
33.1,0.155
33.1,0.155
33.1,0.155
33.1,0.155
33.1,0.155
33.1,0.155
33.1,0.155
33.1,0.155
33.1,0.155
33.1,0.155
33.1,0.155
33.1,0.155
33.1,0.155
33.1,0.155
33.1,0.155
33.1,0.155
33.1,0.155
33.1,0.155
33.1,0.155
33.1,0.155
33.1,0.155
33.1,0.155
33.1,0.155
33.1,0.155
33.1,0.155
33.1,0.155
33.1,0.155
33.1,0.155
33.1,0.155
33.1,0.155
33.1,0.155
33.1,0.155
33.1,0.155
33.1,0.155
33.1,0.155
33.1,0.155
33.1,0.155
33.1,0.155
33.1,0.155
33.1,0.155
33.1,0.155
33.1,0.155
33.1,0.155
33.1,0.155
33.1,0.155
33.1,0.155
33.1,0.155
33.1,0.155
33.1,0.155
33.1,0.155
33.1,0.155
33.1,0.155
33.1,0.155
33.1,0.155
33.1,0.155
33.1,0.155
33.1,0.155
33.1,0.155
33.1,0.160
33.1,0.160
33.1,0.160
33.1,0.160
33.1,0.160
33.1,0.160
33.1,0.160
33.1,0.160
33.1,0.160
33.1,0.160
33.1,0.160
33.1,0.160
33.1,0.160
33.1,0.160
33.1,0.160
33.1,0.160
33.1,0.160
33.1,0.160
33.1,0.160
33.1,0.160
33.1,0.160
33.1,0.160
33.1,0.160
33.1,0.160
33.1,0.160
33.1,0.160
33.1,0.160
33.1,0.160
33.1,0.160
33.1,0.160
33.1,0.160
33.1,0.160
33.1,0.160
33.1,0.160
33.1,0.160
33.1,0.160
33.1,0.160
33.1,0.160
33.1,0.160
33.1,0.160
33.1,0.160
33.1,0.160
33.1,0.160
33.1,0.160
33.1,0.160
33.1,0.160
33.1,0.160
33.1,0.160
33.1,0.160
33.1,0.160
33.1,0.160
33.1,0.160
33.1,0.160
33.1,0.160
33.1,0.160
33.1,0.160
33.1,0.160
33.1,0.160
33.1,0.160
33.1,0.160
33.1,0.160
33.1,0.160
33.1,0.160
33.1,0.160
33.1,0.160
33.1,0.160
33.1,0.160
33.1,0.160
33.1,0.160
33.1,0.160
33.1,0.160
33.1,0.160
33.1,0.160
33.1,0.160
33.1,0.160
33.1,0.160
33.1,0.160
33.1,0.160
33.1,0.160
33.1,0.160
33.1,0.160
33.1,0.160
33.1,0.160
33.1,0.160
33.1,0.160
33.1,0.160
33.1,0.160
33.1,0.160
33.1,0.160
33.1,0.160
33.1,0.160
33.1,0.160
33.1,0.160
33.1,0.165
33.1,0.165
33.1,0.165
33.1,0.165
33.1,0.165
33.1,0.165
33.1,0.165
33.1,0.165
33.1,0.165
33.1,0.165
33.1,0.165
33.1,0.165
33.1,0.165
33.1,0.165
33.1,0.165
33.1,0.165
33.1,0.165
33.1,0.165
33.1,0.165
33.1,0.165
33.1,0.165
33.1,0.165
33.1,0.165
33.1,0.165
33.1,0.165
33.1,0.165
33.1,0.165
33.1,0.165
33.1,0.165
33.1,0.165
33.1,0.165
33.1,0.165
33.1,0.165
33.1,0.165
33.1,0.165
33.1,0.165
33.1,0.165
33.1,0.165
33.1,0.165
33.1,0.165
33.1,0.165
33.1,0.165
33.1,0.165
33.1,0.165
33.1,0.165
33.1,0.165
33.2,0.165
33.2,0.165
33.2,0.165
33.2,0.165
33.2,0.165
33.2,0.165
33.2,0.165
33.2,0.165
33.2,0.165
33.2,0.165
33.2,0.165
33.2,0.165
33.2,0.165
33.2,0.165
33.2,0.165
33.2,0.165
33.2,0.165
33.2,0.165
33.2,0.165
33.2,0.165
33.2,0.165
33.2,0.165
33.2,0.165
33.2,0.165
33.2,0.165
33.2,0.165
33.2,0.165
33.2,0.165
33.2,0.165
33.2,0.165
33.2,0.165
33.2,0.165
33.2,0.165
33.3,0.165
33.3,0.165
33.3,0.165
33.3,0.165
33.3,0.165
33.3,0.165
33.3,0.165
33.3,0.165
33.3,0.165
33.3,0.165
33.3,0.165
33.3,0.165
33.3,0.165
33.3,0.165
33.3,0.165
33.2,0.165
33.2,0.165
33.2,0.165
33.2,0.165
33.2,0.165
33.2,0.165
33.2,0.170
33.2,0.170
33.2,0.170
33.2,0.170
33.2,0.170
33.2,0.170
33.2,0.170
33.2,0.170
33.2,0.170
33.2,0.170
33.2,0.170
33.2,0.170
33.2,0.170
33.2,0.170
33.2,0.170
33.2,0.170
33.2,0.170
33.2,0.170
33.2,0.170
33.2,0.170
33.2,0.170
33.2,0.170
33.2,0.170
33.2,0.170
33.2,0.170
33.2,0.170
33.2,0.170
33.2,0.170
33.2,0.170
33.2,0.170
33.2,0.170
33.2,0.170
33.2,0.170
33.2,0.170
33.2,0.170
33.2,0.170
33.2,0.170
33.2,0.170
33.2,0.170
33.2,0.170
33.2,0.170
33.2,0.170
33.2,0.170
33.2,0.170
33.2,0.170
33.2,0.170
33.2,0.170
33.2,0.170
33.2,0.170
33.2,0.170
33.2,0.170
33.2,0.170
33.3,0.170
33.3,0.170
33.3,0.170
33.3,0.170
33.3,0.170
33.3,0.170
33.3,0.170
33.3,0.170
33.3,0.170
33.3,0.170
33.3,0.170
33.3,0.170
33.3,0.170
33.3,0.170
33.3,0.170
33.3,0.170
33.3,0.170
33.3,0.170
33.3,0.170
33.3,0.170
33.3,0.170
33.3,0.170
33.3,0.170
33.3,0.170
33.3,0.170
33.3,0.170
33.3,0.170
33.3,0.170
33.3,0.170
33.3,0.170
33.3,0.170
33.3,0.170
33.3,0.170
33.3,0.170
33.3,0.170
33.3,0.175
33.3,0.175
33.3,0.175
33.3,0.175
33.3,0.175
33.3,0.175
33.3,0.175
33.3,0.175
33.3,0.175
33.3,0.175
33.3,0.175
33.3,0.175
33.2,0.175
33.2,0.175
33.2,0.175
33.2,0.175
33.2,0.175
33.2,0.175
33.2,0.175
33.2,0.175
33.2,0.175
33.2,0.175
33.2,0.175
33.2,0.175
33.2,0.175
33.2,0.175
33.2,0.175
33.2,0.175
33.2,0.175
33.2,0.175
33.2,0.175
33.2,0.175
33.2,0.175
33.2,0.175
33.2,0.175
33.2,0.175
33.2,0.175
33.2,0.175
33.2,0.175
33.2,0.175
33.2,0.175
33.2,0.175
33.2,0.175
33.2,0.175
33.2,0.175
33.2,0.175
33.3,0.175
33.3,0.175
33.3,0.175
33.3,0.175
33.3,0.175
33.3,0.175
33.3,0.175
33.3,0.175
33.3,0.175
33.3,0.175
33.3,0.175
33.3,0.175
33.3,0.175
33.3,0.175
33.3,0.175
33.3,0.175
33.3,0.175
33.3,0.175
33.3,0.175
33.3,0.175
33.3,0.175
33.3,0.175
33.3,0.175
33.3,0.175
33.3,0.175
33.3,0.175
33.3,0.175
33.3,0.175
33.3,0.175
33.3,0.175
33.3,0.175
33.3,0.175
33.3,0.175
33.3,0.175
33.3,0.180
33.3,0.180
33.3,0.180
33.3,0.180
33.3,0.180
33.3,0.180
33.3,0.180
33.3,0.180
33.3,0.180
33.3,0.180
33.2,0.180
33.2,0.180
33.2,0.180
33.2,0.180
33.2,0.180
33.2,0.180
33.2,0.180
33.2,0.180
33.2,0.180
33.2,0.180
33.2,0.180
33.2,0.180
33.2,0.180
33.2,0.180
33.2,0.180
33.2,0.180
33.2,0.180
33.2,0.180
33.2,0.180
33.2,0.180
33.2,0.180
33.2,0.180
33.2,0.180
33.2,0.180
33.2,0.180
33.2,0.180
33.2,0.180
33.2,0.180
33.2,0.180
33.2,0.180
33.2,0.180
33.2,0.180
33.2,0.180
33.2,0.180
33.2,0.180
33.2,0.180
33.2,0.180
33.2,0.180
33.2,0.180
33.2,0.180
33.2,0.180
33.2,0.180
33.2,0.180
33.2,0.180
33.2,0.180
33.2,0.180
33.2,0.180
33.2,0.180
33.2,0.180
33.2,0.180
33.2,0.180
33.3,0.180
33.3,0.180
33.3,0.180
33.3,0.180
33.3,0.180
33.3,0.180
33.3,0.180
33.3,0.180
33.3,0.180
33.3,0.180
33.3,0.180
33.3,0.180
33.2,0.180
33.2,0.180
33.2,0.180
33.2,0.180
33.2,0.180
33.2,0.180
33.2,0.180
33.2,0.180
33.2,0.180
33.2,0.185
33.2,0.185
33.2,0.185
33.2,0.185
33.2,0.185
33.2,0.185
33.2,0.185
33.2,0.185
33.2,0.185
33.2,0.185
33.2,0.185
33.2,0.185
33.2,0.185
33.2,0.185
33.2,0.185
33.2,0.185
33.2,0.185
33.2,0.185
33.2,0.185
33.2,0.185
33.2,0.185
33.2,0.185
33.2,0.185
33.2,0.185
33.2,0.185
33.2,0.185
33.2,0.185
33.2,0.185
33.2,0.185
33.2,0.185
33.2,0.185
33.2,0.185
33.2,0.185
33.2,0.185
33.2,0.185
33.2,0.185
33.2,0.185
33.2,0.185
33.2,0.185
33.2,0.185
33.2,0.185
33.2,0.185
33.2,0.185
33.2,0.185
33.2,0.185
33.2,0.185
33.2,0.185
33.2,0.185
33.2,0.185
33.2,0.185
33.2,0.185
33.2,0.185
33.2,0.185
33.2,0.185
33.2,0.185
33.2,0.185
33.2,0.185
33.2,0.185
33.2,0.185
33.2,0.185
33.2,0.185
33.2,0.185
33.2,0.185
33.2,0.185
33.2,0.185
33.2,0.185
33.2,0.185
33.2,0.185
33.2,0.185
33.2,0.185
33.2,0.185
33.2,0.185
33.2,0.185
33.2,0.185
33.2,0.185
33.2,0.185
33.2,0.185
33.2,0.185
33.2,0.185
33.2,0.185
33.2,0.185
33.2,0.185
33.2,0.185
33.2,0.190
33.2,0.190
33.2,0.190
33.2,0.190
33.2,0.190
33.2,0.190
33.2,0.190
33.2,0.190
33.2,0.190
33.2,0.190
33.2,0.190
33.2,0.190
33.2,0.190
33.2,0.190
33.2,0.190
33.2,0.190
33.2,0.190
33.2,0.190
33.2,0.190
33.2,0.190
33.2,0.190
33.2,0.190
33.2,0.190
33.2,0.190
33.2,0.190
33.2,0.190
33.2,0.190
33.2,0.190
33.2,0.190
33.2,0.190
33.2,0.190
33.2,0.190
33.2,0.190
33.2,0.190
33.2,0.190
33.2,0.190
33.2,0.190
33.2,0.190
33.2,0.190
33.2,0.190
33.2,0.190
33.2,0.190
33.2,0.190
33.2,0.190
33.2,0.190
33.2,0.190
33.2,0.190
33.2,0.190
33.2,0.190
33.2,0.190
33.2,0.190
33.2,0.190
33.2,0.190
33.2,0.190
33.2,0.190
33.2,0.190
33.2,0.190
33.2,0.190
33.2,0.190
33.2,0.190
33.2,0.190
33.2,0.190
33.2,0.190
33.2,0.190
33.2,0.190
33.2,0.190
33.2,0.190
33.2,0.190
33.2,0.190
33.2,0.190
33.2,0.190
33.2,0.190
33.2,0.190
33.2,0.190
33.2,0.190
33.2,0.195
33.2,0.195
33.2,0.195
33.2,0.195
33.2,0.195
33.2,0.195
33.2,0.195
33.2,0.195
33.2,0.195
33.2,0.195
33.2,0.195
33.2,0.195
33.2,0.195
33.2,0.195
33.2,0.195
33.2,0.195
33.2,0.195
33.2,0.195
33.2,0.195
33.2,0.195
33.2,0.195
33.2,0.195
33.2,0.195
33.2,0.195
33.2,0.195
33.2,0.195
33.2,0.195
33.2,0.195
33.2,0.195
33.2,0.195
33.2,0.195
33.2,0.195
33.2,0.195
33.2,0.195
33.2,0.195
33.2,0.195
33.2,0.195
33.2,0.195
33.2,0.195
33.2,0.195
33.2,0.195
33.2,0.195
33.2,0.195
33.2,0.195
33.2,0.195
33.2,0.195
33.2,0.195
33.2,0.195
33.2,0.195
33.2,0.195
33.2,0.195
33.2,0.195
33.2,0.195
33.2,0.195
33.2,0.195
33.2,0.195
33.2,0.195
33.2,0.195
33.2,0.195
33.2,0.195
33.2,0.195
33.2,0.195
33.2,0.195
33.2,0.195
33.2,0.195
33.2,0.195
33.2,0.195
33.2,0.200
33.2,0.200
33.2,0.200
33.2,0.200
33.2,0.200
33.2,0.200
33.2,0.200
33.2,0.200
33.2,0.200
33.2,0.200
33.2,0.200
33.2,0.200
33.2,0.200
33.2,0.200
33.2,0.200
33.2,0.200
33.2,0.200
33.2,0.200
33.2,0.200
33.2,0.200
33.2,0.200
33.2,0.200
33.2,0.200
33.2,0.200
33.2,0.200
33.2,0.200
33.2,0.200
33.2,0.200
33.2,0.200
33.2,0.200
33.2,0.200
33.2,0.200
33.2,0.200
33.2,0.200
33.2,0.200
33.2,0.200
33.2,0.200
33.2,0.200
33.2,0.200
33.2,0.200
33.2,0.200
33.2,0.200
33.2,0.200
33.2,0.200
33.2,0.200
33.2,0.200
33.2,0.200
33.2,0.200
33.2,0.200
33.2,0.200
33.2,0.200
33.2,0.200
33.2,0.200
33.2,0.200
33.2,0.200
33.2,0.200
33.2,0.200
33.2,0.200
33.2,0.200
33.2,0.200
33.2,0.200
33.2,0.200
33.2,0.200
33.2,0.200
33.2,0.200
33.2,0.200
33.2,0.200
33.2,0.200
33.2,0.200
33.2,0.205
33.2,0.205
33.2,0.205
33.2,0.205
33.2,0.205
33.2,0.205
33.2,0.205
33.2,0.205
33.2,0.205
33.2,0.205
33.2,0.205
33.2,0.205
33.2,0.205
33.2,0.205
33.2,0.205
33.2,0.205
33.2,0.205
33.2,0.205
33.2,0.205
33.2,0.205
33.2,0.205
33.2,0.205
33.2,0.205
33.2,0.205
33.2,0.205
33.2,0.205
33.2,0.205
33.2,0.205
33.2,0.205
33.2,0.205
33.2,0.205
33.2,0.205
33.2,0.205
33.2,0.205
33.2,0.205
33.2,0.205
33.2,0.205
33.2,0.205
33.2,0.205
33.2,0.205
33.2,0.205
33.2,0.205
33.2,0.205
33.2,0.205
33.2,0.205
33.2,0.205
33.2,0.205
33.2,0.205
33.2,0.205
33.2,0.205
33.2,0.205
33.2,0.205
33.2,0.205
33.2,0.205
33.2,0.205
33.2,0.205
33.2,0.205
33.2,0.205
33.2,0.205
33.2,0.205
33.2,0.205
33.2,0.205
33.2,0.205
33.2,0.205
33.2,0.205
33.2,0.205
33.2,0.205
33.2,0.210
33.2,0.210
33.2,0.210
33.2,0.210
33.2,0.210
33.2,0.210
33.2,0.210
33.2,0.210
33.2,0.210
33.2,0.210
33.2,0.210
33.2,0.210
33.2,0.210
33.2,0.210
33.2,0.210
33.2,0.210
33.2,0.210
33.2,0.210
33.2,0.210
33.2,0.210
33.2,0.210
33.2,0.210
33.2,0.210
33.2,0.210
33.2,0.210
33.2,0.210
33.2,0.210
33.2,0.210
33.2,0.210
33.2,0.210
33.2,0.210
33.2,0.210
33.2,0.210
33.2,0.210
33.2,0.210
33.2,0.210
33.2,0.210
33.2,0.210
33.2,0.210
33.2,0.210
33.2,0.210
33.2,0.210
33.2,0.210
33.2,0.210
33.2,0.210
33.2,0.210
33.2,0.210
33.2,0.210
33.2,0.210
33.2,0.210
33.2,0.210
33.2,0.210
33.2,0.210
33.2,0.210
33.2,0.210
33.2,0.210
33.2,0.210
33.2,0.210
33.2,0.210
33.2,0.210
33.2,0.210
33.2,0.210
33.2,0.210
33.2,0.210
33.2,0.210
33.2,0.215
33.2,0.215
33.2,0.215
33.2,0.215
33.2,0.215
33.2,0.215
33.2,0.215
33.2,0.215
33.2,0.215
33.2,0.215
33.2,0.215
33.2,0.215
33.2,0.215
33.2,0.215
33.2,0.215
33.2,0.215
33.2,0.215
33.2,0.215
33.2,0.215
33.2,0.215
33.2,0.215
33.2,0.215
33.2,0.215
33.2,0.215
33.2,0.215
33.2,0.215
33.2,0.215
33.2,0.215
33.2,0.215
33.2,0.215
33.2,0.215
33.2,0.215
33.2,0.215
33.2,0.215
33.2,0.215
33.2,0.215
33.2,0.215
33.2,0.215
33.2,0.215
33.2,0.215
33.2,0.215
33.2,0.215
33.2,0.215
33.2,0.215
33.2,0.215
33.2,0.215
33.2,0.215
33.2,0.215
33.2,0.215
33.2,0.215
33.2,0.215
33.2,0.215
33.2,0.215
33.2,0.215
33.2,0.215
33.2,0.215
33.2,0.215
33.2,0.215
33.2,0.215
33.2,0.215
33.2,0.215
33.2,0.220
33.2,0.220
33.2,0.220
33.2,0.220
33.2,0.220
33.2,0.220
33.2,0.220
33.2,0.220
33.2,0.220
33.2,0.220
33.2,0.220
33.2,0.220
33.2,0.220
33.2,0.220
33.2,0.220
33.2,0.220
33.2,0.220
33.2,0.220
33.2,0.220
33.2,0.220
33.2,0.220
33.2,0.220
33.2,0.220
33.2,0.220
33.2,0.220
33.2,0.220
33.2,0.220
33.3,0.220
33.3,0.220
33.3,0.220
33.3,0.220
33.3,0.220
33.3,0.220
33.3,0.220
33.3,0.220
33.3,0.220
33.3,0.220
33.3,0.220
33.3,0.220
33.3,0.220
33.3,0.220
33.3,0.220
33.3,0.220
33.3,0.220
33.3,0.220
33.3,0.220
33.3,0.220
33.3,0.220
33.3,0.220
33.3,0.220
33.3,0.220
33.3,0.220
33.3,0.220
33.3,0.225
33.3,0.225
33.3,0.225
33.3,0.225
33.3,0.225
33.3,0.225
33.3,0.225
33.3,0.225
33.3,0.225
33.3,0.225
33.3,0.225
33.3,0.225
33.3,0.225
33.3,0.225
33.3,0.225
33.3,0.225
33.3,0.225
33.3,0.225
33.3,0.225
33.3,0.225
33.3,0.225
33.3,0.225
33.3,0.225
33.3,0.225
33.3,0.225
33.3,0.225
33.3,0.225
33.3,0.225
33.3,0.225
33.3,0.225
33.3,0.225
33.3,0.225
33.3,0.225
33.3,0.225
33.3,0.225
33.3,0.225
33.3,0.225
33.3,0.225
33.3,0.225
33.4,0.225
33.4,0.225
33.4,0.225
33.4,0.225
33.4,0.225
33.4,0.230
33.4,0.230
33.4,0.230
33.4,0.230
33.4,0.230
33.4,0.230
33.4,0.230
33.4,0.230
33.4,0.230
33.4,0.230
33.4,0.230
33.4,0.230
33.4,0.230
33.4,0.230
33.4,0.230
33.4,0.230
33.5,0.230
33.5,0.230
33.5,0.230
33.5,0.230
33.5,0.230
33.5,0.230
33.5,0.230
33.5,0.230
33.5,0.230
33.5,0.230
33.5,0.230
33.5,0.230
33.5,0.230
33.4,0.230
33.4,0.230
33.4,0.230
33.4,0.230
33.4,0.230
33.4,0.230
33.4,0.230
33.4,0.230
33.4,0.235
33.4,0.235
33.4,0.235
33.4,0.235
33.4,0.235
33.4,0.235
33.4,0.235
33.4,0.235
33.4,0.235
33.4,0.235
33.4,0.235
33.4,0.235
33.4,0.235
33.4,0.235
33.4,0.235
33.4,0.235
33.4,0.235
33.4,0.235
33.4,0.235
33.4,0.235
33.4,0.235
33.4,0.235
33.4,0.235
33.4,0.235
33.4,0.235
33.4,0.235
33.4,0.235
33.4,0.235
33.4,0.235
33.4,0.235
33.4,0.235
33.4,0.235
33.4,0.240
33.4,0.240
33.4,0.240
33.4,0.240
33.4,0.240
33.4,0.240
33.4,0.240
33.4,0.240
33.4,0.240
33.4,0.240
33.4,0.240
33.4,0.240
33.5,0.240
33.5,0.240
33.5,0.240
33.5,0.240
33.5,0.240
33.5,0.240
33.5,0.240
33.5,0.240
33.5,0.240
33.5,0.240
33.5,0.240
33.5,0.240
33.5,0.240
33.5,0.240
33.5,0.240
33.5,0.240
33.5,0.240
33.5,0.240
33.5,0.245
33.5,0.245
33.5,0.245
33.5,0.245
33.5,0.245
33.5,0.245
33.5,0.245
33.5,0.245
33.5,0.245
33.5,0.245
33.5,0.245
33.5,0.245
33.5,0.245
33.5,0.245
33.5,0.245
33.5,0.245
33.5,0.245
33.5,0.245
33.5,0.245
33.5,0.245
33.5,0.245
33.5,0.245
33.5,0.245
33.5,0.245
33.5,0.245
33.5,0.245
33.5,0.245
33.5,0.245
33.5,0.245
33.5,0.245
33.5,0.245
33.5,0.245
33.5,0.250
33.5,0.250
33.5,0.250
33.5,0.250
33.5,0.250
33.5,0.250
33.5,0.250
33.5,0.250
33.5,0.250
33.5,0.250
33.5,0.250
33.5,0.250
33.5,0.250
33.5,0.250
33.5,0.250
33.5,0.250
33.5,0.250
33.5,0.250
33.5,0.250
33.5,0.250
33.5,0.250
33.5,0.250
33.5,0.250
33.5,0.250
33.5,0.250
33.5,0.250
33.5,0.250
33.5,0.250
33.5,0.250
33.5,0.250
33.5,0.250
33.5,0.250
33.5,0.250
33.5,0.250
33.5,0.255
33.5,0.255
33.5,0.255
33.5,0.255
33.5,0.255
33.5,0.255
33.5,0.255
33.5,0.255
33.5,0.255
33.5,0.255
33.5,0.255
33.5,0.255
33.5,0.255
33.5,0.255
33.5,0.255
33.5,0.255
33.5,0.255
33.5,0.255
33.5,0.255
33.5,0.255
33.5,0.255
33.5,0.255
33.5,0.255
33.5,0.255
33.5,0.255
33.5,0.255
33.5,0.255
33.5,0.255
33.5,0.255
33.5,0.255
33.5,0.255
33.5,0.255
33.5,0.255
33.5,0.255
33.5,0.255
33.5,0.260
33.5,0.260
33.5,0.260
33.5,0.260
33.5,0.260
33.5,0.260
33.5,0.260
33.5,0.260
33.5,0.260
33.5,0.260
33.5,0.260
33.5,0.260
33.5,0.260
33.5,0.260
33.5,0.260
33.5,0.260
33.5,0.260
33.5,0.260
33.5,0.260
33.5,0.260
33.5,0.260
33.5,0.260
33.5,0.260
33.5,0.260
33.5,0.260
33.5,0.260
33.5,0.260
33.5,0.260
33.5,0.260
33.5,0.260
33.5,0.260
33.5,0.260
33.5,0.260
33.5,0.260
33.5,0.260
33.5,0.260
33.5,0.265
33.5,0.265
33.5,0.265
33.5,0.265
33.5,0.265
33.5,0.265
33.5,0.265
33.5,0.265
33.5,0.265
33.5,0.265
33.5,0.265
33.5,0.265
33.5,0.265
33.5,0.265
33.5,0.265
33.5,0.265
33.5,0.265
33.5,0.265
33.5,0.265
33.5,0.265
33.5,0.265
33.5,0.265
33.5,0.265
33.5,0.265
33.5,0.265
33.5,0.265
33.5,0.265
33.5,0.265
33.5,0.265
33.5,0.265
33.5,0.265
33.5,0.265
33.5,0.265
33.5,0.265
33.5,0.265
33.5,0.265
33.5,0.265
33.5,0.265
33.5,0.265
33.5,0.270
33.5,0.270
33.5,0.270
33.5,0.270
33.5,0.270
33.5,0.270
33.5,0.270
33.5,0.270
33.5,0.270
33.5,0.270
33.5,0.270
33.5,0.270
33.5,0.270
33.5,0.270
33.5,0.270
33.5,0.270
33.5,0.270
33.5,0.270
33.5,0.270
33.5,0.270
33.4,0.270
33.4,0.270
33.4,0.270
33.4,0.270
33.4,0.270
33.4,0.270
33.4,0.270
33.4,0.270
33.4,0.270
33.4,0.270
33.4,0.270
33.5,0.270
33.5,0.270
33.5,0.270
33.5,0.270
33.5,0.270
33.4,0.270
33.4,0.270
33.4,0.270
33.4,0.270
33.4,0.270
33.4,0.275
33.4,0.275
33.4,0.275
33.4,0.275
33.4,0.275
33.4,0.275
33.4,0.275
33.4,0.275
33.5,0.275
33.5,0.275
33.5,0.275
33.5,0.275
33.5,0.275
33.5,0.275
33.4,0.275
33.4,0.275
33.4,0.275
33.4,0.275
33.4,0.275
33.4,0.275
33.4,0.275
33.4,0.275
33.4,0.275
33.4,0.275
33.4,0.275
33.4,0.275
33.4,0.275
33.4,0.275
33.4,0.275
33.4,0.275
33.4,0.275
33.4,0.275
33.4,0.275
33.4,0.275
33.4,0.275
33.4,0.275
33.4,0.275
33.4,0.275
33.4,0.280
33.4,0.280
33.4,0.280
33.4,0.280
33.4,0.280
33.4,0.280
33.4,0.280
33.4,0.280
33.4,0.280
33.4,0.280
33.4,0.280
33.4,0.280
33.5,0.280
33.5,0.280
33.5,0.280
33.5,0.280
33.5,0.280
33.5,0.280
33.5,0.280
33.5,0.280
33.5,0.280
33.5,0.280
33.5,0.280
33.5,0.280
33.5,0.280
33.5,0.280
33.5,0.280
33.5,0.280
33.5,0.280
33.5,0.280
33.5,0.280
33.5,0.280
33.5,0.280
33.5,0.280
33.5,0.280
33.5,0.280
33.5,0.280
33.5,0.280
33.5,0.280
33.5,0.280
33.5,0.280
33.5,0.280
33.5,0.280
33.5,0.285
33.5,0.285
33.5,0.285
33.5,0.285
33.5,0.285
33.5,0.285
33.5,0.285
33.5,0.285
33.5,0.285
33.5,0.285
33.5,0.285
33.5,0.285
33.5,0.285
33.5,0.285
33.5,0.285
33.5,0.285
33.5,0.285
33.5,0.285
33.5,0.285
33.5,0.285
33.5,0.285
33.5,0.285
33.5,0.285
33.5,0.285
33.5,0.285
33.5,0.285
33.5,0.285
33.5,0.285
33.5,0.285
33.5,0.285
33.5,0.285
33.5,0.285
33.5,0.285
33.5,0.285
33.5,0.285
33.5,0.285
33.5,0.285
33.5,0.285
33.5,0.285
33.5,0.285
33.5,0.285
33.5,0.285
33.5,0.290
33.5,0.290
33.5,0.290
33.5,0.290
33.5,0.290
33.5,0.290
33.5,0.290
33.5,0.290
33.5,0.290
33.5,0.290
33.5,0.290
33.5,0.290
33.5,0.290
33.6,0.290
33.6,0.290
33.6,0.290
33.6,0.290
33.6,0.290
33.6,0.290
33.6,0.290
33.6,0.290
33.6,0.290
33.6,0.290
33.6,0.290
33.6,0.290
33.6,0.290
33.6,0.290
33.6,0.290
33.6,0.290
33.6,0.290
33.6,0.290
33.6,0.290
33.6,0.290
33.6,0.290
33.6,0.290
33.6,0.290
33.6,0.290
33.6,0.290
33.6,0.290
33.6,0.290
33.6,0.290
33.6,0.295
33.6,0.295
33.6,0.295
33.6,0.295
33.6,0.295
33.6,0.295
33.6,0.295
33.6,0.295
33.6,0.295
33.6,0.295
33.6,0.295
33.6,0.295
33.6,0.295
33.6,0.295
33.6,0.295
33.5,0.295
33.5,0.295
33.5,0.295
33.5,0.295
33.5,0.295
33.5,0.295
33.5,0.295
33.6,0.295
33.6,0.295
33.6,0.295
33.6,0.295
33.6,0.295
33.6,0.295
33.6,0.295
33.6,0.295
33.6,0.295
33.6,0.295
33.6,0.295
33.6,0.295
33.6,0.295
33.6,0.300
33.6,0.300
33.6,0.300
33.6,0.300
33.6,0.300
33.6,0.300
33.6,0.300
33.6,0.300
33.6,0.300
33.6,0.300
33.6,0.300
33.6,0.300
33.6,0.300
33.6,0.300
33.6,0.300
33.6,0.300
33.6,0.300
33.6,0.300
33.6,0.300
33.6,0.300
33.6,0.300
33.6,0.300
33.6,0.300
33.6,0.300
33.6,0.300
33.6,0.300
33.6,0.300
33.6,0.300
33.6,0.300
33.6,0.300
33.6,0.300
33.6,0.305
33.6,0.305
33.6,0.305
33.6,0.305
33.6,0.305
33.6,0.305
33.6,0.305
33.6,0.305
33.6,0.305
33.6,0.305
33.6,0.305
33.6,0.305
33.6,0.305
33.6,0.305
33.6,0.305
33.6,0.305
33.6,0.305
33.6,0.305
33.6,0.305
33.6,0.305
33.6,0.305
33.6,0.305
33.6,0.305
33.6,0.305
33.7,0.305
33.7,0.305
33.7,0.305
33.7,0.305
33.7,0.305
33.7,0.305
33.7,0.310
33.7,0.310
33.7,0.310
33.7,0.310
33.7,0.310
33.7,0.310
33.7,0.310
33.7,0.310
33.7,0.310
33.7,0.310
33.7,0.310
33.7,0.310
33.7,0.310
33.7,0.310
33.7,0.310
33.7,0.310
33.7,0.310
33.7,0.310
33.7,0.310
33.7,0.310
33.7,0.310
33.7,0.310
33.7,0.310
33.7,0.310
33.7,0.310
33.7,0.310
33.7,0.310
33.7,0.310
33.7,0.315
33.7,0.315
33.7,0.315
33.7,0.315
33.7,0.315
33.7,0.315
33.7,0.315
33.7,0.315
33.7,0.315
33.7,0.315
33.7,0.315
33.7,0.315
33.7,0.315
33.7,0.315
33.7,0.315
33.7,0.315
33.7,0.315
33.7,0.315
33.7,0.315
33.7,0.315
33.7,0.315
33.7,0.315
33.7,0.315
33.7,0.315
33.7,0.315
33.7,0.315
33.7,0.320
33.7,0.320
33.7,0.320
33.8,0.320
33.8,0.320
33.8,0.320
33.8,0.320
33.8,0.320
33.8,0.320
33.8,0.320
33.8,0.320
33.8,0.320
33.8,0.320
33.8,0.320
33.8,0.320
33.7,0.320
33.7,0.320
33.7,0.320
33.7,0.320
33.7,0.320
33.7,0.320
33.7,0.320
33.7,0.320
33.7,0.320
33.7,0.320
33.7,0.325
33.7,0.325
33.7,0.325
33.7,0.325
33.7,0.325
33.7,0.325
33.7,0.325
33.7,0.325
33.7,0.325
33.7,0.325
33.7,0.325
33.7,0.325
33.7,0.325
33.7,0.325
33.7,0.325
33.7,0.325
33.7,0.325
33.7,0.325
33.7,0.325
33.7,0.325
33.7,0.325
33.7,0.325
33.7,0.325
33.7,0.325
33.7,0.325
33.7,0.325
33.7,0.325
33.7,0.325
33.7,0.330
33.7,0.330
33.7,0.330
33.7,0.330
33.6,0.330
33.6,0.330
33.6,0.330
33.6,0.330
33.6,0.330
33.6,0.330
33.7,0.330
33.7,0.330
33.7,0.330
33.7,0.330
33.7,0.330
33.7,0.330
33.7,0.330
33.7,0.330
33.7,0.330
33.7,0.330
33.7,0.330
33.7,0.330
33.7,0.330
33.7,0.330
33.7,0.330
33.7,0.330
33.7,0.330
33.7,0.330
33.7,0.330
33.7,0.330
33.7,0.330
33.7,0.335
33.7,0.335
33.7,0.335
33.7,0.335
33.7,0.335
33.7,0.335
33.7,0.335
33.7,0.335
33.7,0.335
33.7,0.335
33.7,0.335
33.7,0.335
33.7,0.335
33.7,0.335
33.7,0.335
33.7,0.335
33.7,0.335
33.7,0.335
33.7,0.335
33.7,0.335
33.7,0.335
33.7,0.335
33.7,0.335
33.7,0.335
33.7,0.335
33.7,0.335
33.7,0.335
33.7,0.335
33.7,0.335
33.7,0.335
33.7,0.340
33.7,0.340
33.7,0.340
33.7,0.340
33.7,0.340
33.7,0.340
33.7,0.340
33.7,0.340
33.7,0.340
33.7,0.340
33.7,0.340
33.7,0.340
33.7,0.340
33.7,0.340
33.7,0.340
33.7,0.340
33.7,0.340
33.7,0.340
33.7,0.340
33.7,0.340
33.7,0.340
33.7,0.340
33.7,0.340
33.7,0.340
33.7,0.340
33.7,0.340
33.7,0.340
33.7,0.340
33.7,0.340
33.7,0.340
33.7,0.340
33.7,0.340
33.7,0.340
33.7,0.345
33.7,0.345
33.7,0.345
33.7,0.345
33.7,0.345
33.7,0.345
33.7,0.345
33.7,0.345
33.7,0.345
33.7,0.345
33.7,0.345
33.7,0.345
33.7,0.345
33.7,0.345
33.7,0.345
33.7,0.345
33.7,0.345
33.7,0.345
33.7,0.345
33.7,0.345
33.7,0.345
33.7,0.345
33.7,0.345
33.7,0.345
33.7,0.345
33.7,0.345
33.7,0.345
33.7,0.345
33.7,0.345
33.7,0.345
33.7,0.345
33.7,0.345
33.7,0.345
33.7,0.345
33.7,0.345
33.7,0.350
33.7,0.350
33.7,0.350
33.7,0.350
33.7,0.350
33.7,0.350
33.7,0.350
33.7,0.350
33.7,0.350
33.7,0.350
33.7,0.350
33.7,0.350
33.7,0.350
33.7,0.350
33.7,0.350
33.7,0.350
33.7,0.350
33.7,0.350
33.7,0.350
33.7,0.350
33.7,0.350
33.8,0.350
33.8,0.350
33.8,0.350
33.8,0.350
33.8,0.350
33.8,0.350
33.8,0.350
33.8,0.350
33.8,0.350
33.8,0.350
33.8,0.350
33.8,0.350
33.8,0.350
33.8,0.355
33.8,0.355
33.8,0.355
33.8,0.355
33.8,0.355
33.8,0.355
33.8,0.355
33.8,0.355
33.8,0.355
33.8,0.355
33.8,0.355
33.8,0.355
33.8,0.355
33.8,0.355
33.8,0.355
33.8,0.355
33.8,0.355
33.8,0.355
33.8,0.355
33.8,0.355
33.8,0.355
33.8,0.355
33.8,0.355
33.8,0.355
33.8,0.355
33.8,0.355
33.8,0.355
33.8,0.355
33.8,0.355
33.8,0.355
33.8,0.355
33.8,0.355
33.8,0.360
33.8,0.360
33.8,0.360
33.8,0.360
33.8,0.360
33.8,0.360
33.8,0.360
33.8,0.360
33.8,0.360
33.8,0.360
33.8,0.360
33.8,0.360
33.8,0.360
33.8,0.360
33.8,0.360
33.8,0.360
33.8,0.360
33.8,0.360
33.8,0.360
33.8,0.360
33.8,0.360
33.8,0.360
33.8,0.360
33.8,0.360
33.8,0.360
33.8,0.360
33.8,0.360
33.8,0.360
33.8,0.360
33.8,0.360
33.8,0.360
33.8,0.360
33.8,0.360
33.8,0.360
33.8,0.360
33.8,0.365
33.8,0.365
33.8,0.365
33.9,0.365
33.9,0.365
33.9,0.365
33.9,0.365
33.9,0.365
33.9,0.365
33.9,0.365
33.9,0.365
33.9,0.365
33.9,0.365
33.9,0.365
33.9,0.365
33.9,0.365
33.9,0.365
33.9,0.365
33.9,0.365
33.9,0.365
33.9,0.365
33.9,0.365
33.9,0.365
33.9,0.365
33.9,0.365
33.9,0.365
33.9,0.365
33.9,0.365
33.9,0.365
33.9,0.365
33.9,0.365
33.9,0.365
33.9,0.365
33.9,0.365
33.9,0.370
33.9,0.370
33.9,0.370
33.9,0.370
33.9,0.370
33.9,0.370
33.9,0.370
33.9,0.370
33.9,0.370
33.9,0.370
33.9,0.370
33.9,0.370
33.9,0.370
33.9,0.370
33.9,0.370
33.9,0.370
33.9,0.370
33.9,0.370
33.9,0.370
33.9,0.370
33.9,0.370
33.9,0.370
33.9,0.370
33.9,0.370
33.9,0.370
33.9,0.370
33.9,0.370
33.9,0.370
33.9,0.370
33.9,0.370
33.9,0.370
33.9,0.370
33.9,0.370
33.9,0.370
33.9,0.375
33.9,0.375
33.9,0.375
33.9,0.375
33.9,0.375
33.9,0.375
33.9,0.375
33.9,0.375
33.9,0.375
33.9,0.375
33.9,0.375
33.9,0.375
33.9,0.375
33.9,0.375
33.9,0.375
33.9,0.375
33.9,0.375
33.9,0.375
33.9,0.375
33.9,0.375
33.9,0.375
33.9,0.375
33.9,0.375
33.9,0.375
33.9,0.375
33.9,0.375
33.9,0.375
33.9,0.375
33.9,0.375
33.9,0.375
33.9,0.375
33.9,0.375
33.9,0.380
33.9,0.380
33.9,0.380
33.9,0.380
33.9,0.380
33.9,0.380
33.9,0.380
33.9,0.380
33.9,0.380
33.8,0.380
33.8,0.380
33.8,0.380
33.8,0.380
33.8,0.380
33.8,0.380
33.8,0.380
33.8,0.380
33.8,0.380
33.8,0.380
33.8,0.380
33.8,0.380
33.8,0.380
33.8,0.380
33.8,0.380
33.8,0.380
33.8,0.380
33.8,0.380
33.8,0.380
33.8,0.380
33.9,0.380
33.9,0.385
33.9,0.385
33.9,0.385
33.9,0.385
33.9,0.385
33.9,0.385
33.9,0.385
33.9,0.385
33.9,0.385
33.9,0.385
33.9,0.385
33.9,0.385
33.9,0.385
33.9,0.385
33.9,0.385
33.9,0.385
33.9,0.385
33.9,0.385
33.9,0.385
33.9,0.385
33.9,0.385
33.9,0.385
33.9,0.385
33.9,0.385
33.9,0.385
33.9,0.385
33.9,0.385
33.9,0.385
33.9,0.385
33.9,0.385
33.9,0.385
33.9,0.385
33.9,0.385
33.9,0.390
33.9,0.390
33.9,0.390
33.9,0.390
33.9,0.390
33.9,0.390
33.9,0.390
33.9,0.390
33.9,0.390
33.9,0.390
33.9,0.390
33.9,0.390
33.9,0.390
33.9,0.390
33.9,0.390
33.9,0.390
33.9,0.390
33.9,0.390
33.9,0.390
33.9,0.390
33.9,0.390
33.9,0.390
33.9,0.390
33.9,0.390
33.9,0.390
33.9,0.390
33.9,0.390
33.9,0.390
33.9,0.390
33.9,0.390
33.9,0.390
33.9,0.390
33.9,0.390
33.9,0.395
33.9,0.395
33.9,0.395
33.9,0.395
33.9,0.395
33.9,0.395
33.9,0.395
33.9,0.395
33.9,0.395
33.9,0.395
33.9,0.395
33.9,0.395
33.9,0.395
33.9,0.395
33.9,0.395
33.9,0.395
33.9,0.395
33.9,0.395
33.9,0.395
33.9,0.395
33.9,0.395
33.9,0.395
33.9,0.395
33.9,0.395
33.9,0.395
33.9,0.395
33.9,0.395
33.9,0.395
33.9,0.395
33.8,0.395
33.8,0.395
33.8,0.395
33.8,0.395
33.8,0.400
33.8,0.400
33.8,0.400
33.8,0.400
33.8,0.400
33.8,0.400
33.8,0.400
33.8,0.400
33.8,0.400
33.8,0.400
33.8,0.400
33.8,0.400
33.8,0.400
33.8,0.400
33.8,0.400
33.8,0.400
33.8,0.400
33.8,0.400
33.8,0.400
33.8,0.400
33.8,0.400
33.8,0.400
33.8,0.400
33.8,0.400
33.8,0.400
33.8,0.400
33.9,0.400
33.9,0.400
33.9,0.400
33.9,0.400
33.9,0.400
33.9,0.405
33.9,0.405
33.9,0.405
33.9,0.405
33.9,0.405
33.9,0.405
33.9,0.405
33.9,0.405
33.9,0.405
33.9,0.405
33.9,0.405
33.9,0.405
33.9,0.405
33.9,0.405
33.9,0.405
33.9,0.405
33.9,0.405
33.9,0.405
33.9,0.405
33.9,0.405
33.9,0.405
33.9,0.405
33.9,0.405
33.9,0.405
33.9,0.405
33.9,0.405
33.9,0.405
33.9,0.405
33.9,0.405
33.9,0.405
33.9,0.405
33.9,0.405
33.9,0.405
33.9,0.405
33.9,0.405
33.9,0.405
33.9,0.410
33.9,0.410
33.9,0.410
33.9,0.410
33.9,0.410
33.9,0.410
33.9,0.410
33.9,0.410
33.9,0.410
33.9,0.410
33.9,0.410
33.9,0.410
33.9,0.410
33.9,0.410
33.9,0.410
33.9,0.410
33.9,0.410
33.9,0.410
33.9,0.410
33.9,0.410
33.9,0.410
33.9,0.410
33.9,0.410
33.9,0.410
33.9,0.410
33.9,0.410
33.9,0.410
33.9,0.410
33.9,0.410
33.9,0.410
33.9,0.410
33.9,0.410
33.9,0.410
33.9,0.410
33.9,0.410
34.0,0.410
34.0,0.415
34.0,0.415
34.0,0.415
33.9,0.415
33.9,0.415
33.9,0.415
33.9,0.415
33.9,0.415
33.9,0.415
33.9,0.415
33.9,0.415
33.9,0.415
33.9,0.415
33.9,0.415
33.9,0.415
33.9,0.415
33.9,0.415
33.9,0.415
33.9,0.415
33.9,0.415
33.9,0.415
33.9,0.415
33.9,0.415
33.9,0.415
33.9,0.415
33.9,0.415
33.9,0.415
33.9,0.415
33.9,0.415
33.9,0.415
33.9,0.415
33.9,0.415
33.9,0.415
33.9,0.415
33.9,0.420
33.9,0.420
33.9,0.420
33.9,0.420
33.9,0.420
33.9,0.420
33.9,0.420
33.9,0.420
33.9,0.420
33.9,0.420
33.9,0.420
33.9,0.420
33.9,0.420
33.9,0.420
33.9,0.420
33.9,0.420
33.9,0.420
33.9,0.420
33.9,0.420
33.9,0.420
33.9,0.420
33.9,0.420
33.9,0.420
33.9,0.420
33.9,0.420
33.9,0.420
33.9,0.420
33.9,0.420
33.9,0.420
33.9,0.420
33.9,0.420
33.9,0.420
33.9,0.420
33.9,0.420
33.9,0.420
33.9,0.420
33.9,0.425
33.9,0.425
33.9,0.425
33.9,0.425
33.9,0.425
33.9,0.425
33.9,0.425
33.9,0.425
33.9,0.425
33.9,0.425
33.9,0.425
33.9,0.425
33.9,0.425
33.9,0.425
33.9,0.425
33.9,0.425
33.9,0.425
33.9,0.425
33.9,0.425
33.9,0.425
33.9,0.425
33.9,0.425
33.9,0.425
33.9,0.425
33.9,0.425
33.9,0.425
33.9,0.425
33.9,0.425
33.9,0.425
33.9,0.425
33.9,0.425
33.9,0.425
33.9,0.425
33.9,0.425
33.9,0.425
33.9,0.425
33.9,0.430
33.9,0.430
33.9,0.430
33.9,0.430
33.9,0.430
33.9,0.430
33.9,0.430
33.9,0.430
33.9,0.430
33.9,0.430
33.9,0.430
33.9,0.430
33.9,0.430
33.9,0.430
33.9,0.430
33.9,0.430
33.9,0.430
33.9,0.430
33.9,0.430
33.9,0.430
33.9,0.430
33.9,0.430
33.9,0.430
33.9,0.430
33.9,0.430
33.9,0.430
33.9,0.430
33.9,0.430
33.9,0.430
33.9,0.430
33.9,0.430
33.9,0.430
33.9,0.430
33.9,0.430
33.9,0.430
33.9,0.430
33.9,0.435
33.9,0.435
33.9,0.435
34.0,0.435
34.0,0.435
34.0,0.435
34.0,0.435
34.0,0.435
34.0,0.435
34.0,0.435
34.0,0.435
34.0,0.435
34.0,0.435
34.0,0.435
34.0,0.435
34.0,0.435
34.0,0.435
34.0,0.435
34.0,0.435
34.0,0.435
34.0,0.435
34.0,0.435
34.0,0.435
34.0,0.435
34.0,0.435
34.0,0.435
34.0,0.435
34.0,0.435
34.0,0.435
34.0,0.435
34.0,0.435
34.0,0.435
34.0,0.440
34.0,0.440
34.0,0.440
34.0,0.440
34.0,0.440
34.0,0.440
34.0,0.440
34.0,0.440
34.0,0.440
34.0,0.440
34.0,0.440
34.0,0.440
34.0,0.440
34.0,0.440
34.0,0.440
34.0,0.440
34.0,0.440
34.0,0.440
34.0,0.440
34.0,0.440
34.0,0.440
34.0,0.440
34.0,0.440
34.0,0.440
34.0,0.440
34.0,0.440
34.0,0.440
34.0,0.440
34.0,0.440
34.0,0.440
34.0,0.440
34.0,0.440
34.0,0.440
34.0,0.445
34.0,0.445
34.0,0.445
34.0,0.445
34.0,0.445
34.0,0.445
34.0,0.445
34.1,0.445
34.1,0.445
34.1,0.445
34.1,0.445
34.1,0.445
34.1,0.445
34.1,0.445
34.1,0.445
34.1,0.445
34.1,0.445
34.1,0.445
34.1,0.445
34.1,0.445
34.1,0.445
34.1,0.445
34.1,0.445
34.1,0.445
34.1,0.445
34.1,0.445
34.1,0.445
34.1,0.445
34.1,0.445
34.1,0.445
34.1,0.445
34.1,0.445
34.1,0.450
34.1,0.450
34.1,0.450
34.1,0.450
34.1,0.450
34.1,0.450
34.1,0.450
34.1,0.450
34.1,0.450
34.1,0.450
34.1,0.450
34.1,0.450
34.1,0.450
34.1,0.450
34.1,0.450
34.1,0.450
34.1,0.450
34.1,0.450
34.1,0.450
34.1,0.450
34.1,0.450
34.1,0.450
34.1,0.450
34.1,0.450
34.1,0.450
34.1,0.450
34.1,0.450
34.1,0.450
34.1,0.450
34.1,0.455
34.1,0.455
34.1,0.455
34.0,0.455
34.0,0.455
34.0,0.455
34.0,0.455
34.0,0.455
34.0,0.455
34.0,0.455
34.0,0.455
34.0,0.455
34.1,0.455
34.1,0.455
34.1,0.455
34.1,0.455
34.1,0.455
34.1,0.455
34.1,0.455
34.1,0.455
34.1,0.455
34.1,0.455
34.1,0.455
34.1,0.455
34.1,0.455
34.1,0.455
34.1,0.460
34.1,0.460
34.1,0.460
34.1,0.460
34.1,0.460
34.1,0.460
34.1,0.460
34.1,0.460
34.1,0.460
34.1,0.460
34.1,0.460
34.1,0.460
34.1,0.460
34.1,0.460
34.1,0.460
34.1,0.460
34.1,0.460
34.1,0.460
34.1,0.460
34.1,0.460
34.1,0.460
34.1,0.460
34.1,0.460
34.1,0.460
34.1,0.465
34.1,0.465
34.1,0.465
34.1,0.465
34.1,0.465
34.1,0.465
34.1,0.465
34.1,0.465
34.1,0.465
34.1,0.465
34.1,0.465
34.1,0.465
34.1,0.465
34.1,0.465
34.1,0.465
34.1,0.465
34.1,0.465
34.1,0.465
34.1,0.465
34.1,0.465
34.1,0.465
34.1,0.465
34.1,0.465
34.1,0.465
34.1,0.465
34.1,0.470
34.1,0.470
34.1,0.470
34.1,0.470
34.1,0.470
34.1,0.470
34.1,0.470
34.1,0.470
34.1,0.470
34.1,0.470
34.1,0.470
34.1,0.470
34.1,0.470
34.1,0.470
34.1,0.470
34.1,0.470
34.1,0.470
34.1,0.470
34.1,0.470
34.1,0.470
34.1,0.470
34.1,0.470
34.1,0.470
34.1,0.475
34.1,0.475
34.1,0.475
34.1,0.475
34.1,0.475
34.1,0.475
34.1,0.475
34.1,0.475
34.1,0.475
34.1,0.475
34.1,0.475
34.1,0.475
34.1,0.475
34.1,0.475
34.1,0.475
34.1,0.475
34.1,0.475
34.1,0.475
34.1,0.475
34.1,0.475
34.1,0.475
34.1,0.475
34.1,0.475
34.1,0.480
34.1,0.480
34.1,0.480
34.1,0.480
34.1,0.480
34.1,0.480
34.1,0.480
34.1,0.480
34.1,0.480
34.1,0.480
34.1,0.480
34.1,0.480
34.0,0.480
34.0,0.480
34.0,0.480
34.0,0.480
34.0,0.480
34.0,0.480
34.0,0.480
34.0,0.480
34.1,0.485
34.1,0.485
34.1,0.485
34.1,0.485
34.1,0.485
34.1,0.485
34.1,0.485
34.1,0.485
34.1,0.485
34.1,0.485
34.1,0.485
34.1,0.485
34.1,0.485
34.1,0.485
34.0,0.485
34.0,0.485
34.0,0.485
34.0,0.485
34.0,0.485
34.0,0.485
34.0,0.485
34.0,0.485
34.0,0.490
34.0,0.490
34.0,0.490
34.0,0.490
34.0,0.490
34.0,0.490
34.0,0.490
34.0,0.490
34.0,0.490
34.0,0.490
34.0,0.490
34.0,0.490
34.0,0.490
34.0,0.490
34.0,0.490
34.0,0.490
34.0,0.490
34.1,0.490
34.1,0.490
34.1,0.490
34.1,0.490
34.1,0.490
34.1,0.495
34.1,0.495
34.1,0.495
34.1,0.495
34.1,0.495
34.1,0.495
34.1,0.495
34.1,0.495
34.1,0.495
34.1,0.495
34.1,0.495
34.1,0.495
34.1,0.495
34.1,0.495
34.1,0.495
34.1,0.495
34.1,0.495
34.1,0.495
34.1,0.495
34.1,0.495
34.1,0.495
34.1,0.500
34.1,0.500
34.1,0.500
34.1,0.500
34.1,0.500
34.2,0.500
34.2,0.500
34.2,0.500
34.2,0.500
34.2,0.500
34.2,0.500
34.2,0.500
34.2,0.500
34.1,0.500
34.1,0.500
34.1,0.500
34.1,0.500
34.1,0.500
34.1,0.500
34.1,0.500
34.1,0.500
34.1,0.505
34.1,0.505
34.1,0.505
34.1,0.505
34.1,0.505
34.1,0.505
34.1,0.505
34.1,0.505
34.1,0.505
34.1,0.505
34.1,0.505
34.1,0.505
34.1,0.505
34.1,0.505
34.1,0.505
34.2,0.505
34.2,0.505
34.2,0.505
34.2,0.505
34.2,0.505
34.2,0.505
34.2,0.505
34.2,0.510
34.2,0.510
34.2,0.510
34.2,0.510
34.2,0.510
34.2,0.510
34.2,0.510
34.2,0.510
34.2,0.510
34.2,0.510
34.2,0.510
34.2,0.510
34.2,0.510
34.2,0.510
34.2,0.510
34.2,0.510
34.2,0.510
34.2,0.510
34.2,0.510
34.2,0.510
34.2,0.510
34.2,0.510
34.2,0.515
34.2,0.515
34.2,0.515
34.2,0.515
34.2,0.515
34.2,0.515
34.2,0.515
34.2,0.515
34.2,0.515
34.2,0.515
34.2,0.515
34.2,0.515
34.2,0.515
34.2,0.515
34.2,0.515
34.2,0.515
34.2,0.515
34.2,0.515
34.2,0.515
34.2,0.515
34.2,0.515
34.2,0.520
34.2,0.520
34.2,0.520
34.2,0.520
34.2,0.520
34.2,0.520
34.2,0.520
34.2,0.520
34.2,0.520
34.2,0.520
34.2,0.520
34.2,0.520
34.2,0.520
34.2,0.520
34.2,0.520
34.2,0.520
34.2,0.520
34.2,0.520
34.2,0.520
34.2,0.520
34.2,0.520
34.2,0.520
34.2,0.520
34.2,0.525
34.2,0.525
34.2,0.525
34.2,0.525
34.2,0.525
34.2,0.525
34.2,0.525
34.2,0.525
34.2,0.525
34.2,0.525
34.2,0.525
34.2,0.525
34.2,0.525
34.2,0.525
34.2,0.525
34.2,0.525
34.2,0.525
34.2,0.525
34.2,0.525
34.2,0.525
34.2,0.525
34.2,0.525
34.2,0.525
34.2,0.530
34.2,0.530
34.2,0.530
34.2,0.530
34.2,0.530
34.2,0.530
34.2,0.530
34.2,0.530
34.2,0.530
34.2,0.530
34.2,0.530
34.2,0.530
34.2,0.530
34.3,0.530
34.3,0.530
34.3,0.530
34.3,0.530
34.3,0.530
34.3,0.530
34.3,0.530
34.3,0.530
34.3,0.530
34.3,0.530
34.3,0.535
34.3,0.535
34.3,0.535
34.3,0.535
34.3,0.535
34.3,0.535
34.3,0.535
34.3,0.535
34.3,0.535
34.3,0.535
34.3,0.535
34.3,0.535
34.3,0.535
34.3,0.535
34.3,0.535
34.3,0.535
34.3,0.535
34.3,0.535
34.3,0.535
34.3,0.535
34.3,0.535
34.3,0.535
34.3,0.535
34.3,0.540
34.3,0.540
34.3,0.540
34.3,0.540
34.3,0.540
34.3,0.540
34.3,0.540
34.3,0.540
34.3,0.540
34.3,0.540
34.3,0.540
34.3,0.540
34.3,0.540
34.3,0.540
34.3,0.540
34.3,0.540
34.3,0.540
34.3,0.540
34.2,0.540
34.2,0.540
34.2,0.540
34.2,0.540
34.2,0.545
34.2,0.545
34.2,0.545
34.2,0.545
34.2,0.545
34.2,0.545
34.2,0.545
34.2,0.545
34.3,0.545
34.3,0.545
34.3,0.545
34.3,0.545
34.3,0.545
34.3,0.545
34.3,0.545
34.3,0.545
34.3,0.545
34.3,0.545
34.3,0.545
34.3,0.545
34.3,0.545
34.3,0.545
34.3,0.545
34.3,0.550
34.3,0.550
34.3,0.550
34.3,0.550
34.3,0.550
34.3,0.550
34.3,0.550
34.3,0.550
34.3,0.550
34.3,0.550
34.3,0.550
34.3,0.550
34.3,0.550
34.3,0.550
34.3,0.550
34.3,0.550
34.3,0.550
34.3,0.550
34.3,0.550
34.3,0.550
34.3,0.550
34.3,0.550
34.3,0.550
34.3,0.550
34.3,0.555
34.3,0.555
34.3,0.555
34.3,0.555
34.3,0.555
34.3,0.555
34.3,0.555
34.3,0.555
34.3,0.555
34.3,0.555
34.3,0.555
34.3,0.555
34.3,0.555
34.3,0.555
34.3,0.555
34.3,0.555
34.3,0.555
34.3,0.555
34.3,0.555
34.3,0.555
34.3,0.555
34.3,0.555
34.3,0.555
34.3,0.560
34.4,0.560
34.4,0.560
34.4,0.560
34.4,0.560
34.4,0.560
34.4,0.560
34.4,0.560
34.4,0.560
34.4,0.560
34.4,0.560
34.4,0.560
34.3,0.560
34.3,0.560
34.3,0.560
34.3,0.560
34.3,0.560
34.3,0.560
34.3,0.560
34.3,0.560
34.3,0.560
34.3,0.560
34.3,0.565
34.3,0.565
34.3,0.565
34.3,0.565
34.3,0.565
34.3,0.565
34.3,0.565
34.3,0.565
34.3,0.565
34.3,0.565
34.3,0.565
34.3,0.565
34.3,0.565
34.3,0.565
34.3,0.565
34.3,0.565
34.3,0.565
34.3,0.565
34.3,0.565
34.3,0.565
34.3,0.565
34.3,0.565
34.3,0.565
34.3,0.565
34.3,0.565
34.3,0.570
34.3,0.570
34.3,0.570
34.3,0.570
34.3,0.570
34.3,0.570
34.3,0.570
34.3,0.570
34.3,0.570
34.3,0.570
34.3,0.570
34.3,0.570
34.3,0.570
34.3,0.570
34.3,0.570
34.3,0.570
34.3,0.570
34.3,0.570
34.3,0.570
34.3,0.570
34.3,0.570
34.3,0.570
34.3,0.570
34.3,0.570
34.3,0.570
34.3,0.570
34.3,0.575
34.3,0.575
34.3,0.575
34.3,0.575
34.3,0.575
34.3,0.575
34.3,0.575
34.3,0.575
34.3,0.575
34.3,0.575
34.3,0.575
34.3,0.575
34.3,0.575
34.3,0.575
34.3,0.575
34.3,0.575
34.3,0.575
34.3,0.575
34.3,0.575
34.3,0.575
34.3,0.575
34.3,0.575
34.3,0.575
34.2,0.575
34.2,0.575
34.2,0.575
34.2,0.575
34.2,0.580
34.2,0.580
34.2,0.580
34.2,0.580
34.2,0.580
34.2,0.580
34.2,0.580
34.2,0.580
34.2,0.580
34.2,0.580
34.2,0.580
34.2,0.580
34.2,0.580
34.3,0.580
34.3,0.580
34.3,0.580
34.3,0.580
34.3,0.580
34.3,0.580
34.3,0.580
34.3,0.580
34.3,0.580
34.3,0.580
34.3,0.580
34.3,0.580
34.3,0.580
34.3,0.580
34.3,0.580
34.3,0.580
34.3,0.585
34.3,0.585
34.3,0.585
34.3,0.585
34.3,0.585
34.3,0.585
34.3,0.585
34.3,0.585
34.3,0.585
34.3,0.585
34.3,0.585
34.3,0.585
34.3,0.585
34.3,0.585
34.4,0.585
34.4,0.585
34.4,0.585
34.4,0.585
34.4,0.585
34.4,0.585
34.4,0.585
34.4,0.585
34.4,0.585
34.3,0.585
34.3,0.585
34.3,0.585
34.3,0.585
34.3,0.585
34.3,0.585
34.3,0.585
34.3,0.585
34.3,0.590
34.3,0.590
34.3,0.590
34.3,0.590
34.3,0.590
34.3,0.590
34.3,0.590
34.3,0.590
34.3,0.590
34.3,0.590
34.3,0.590
34.3,0.590
34.3,0.590
34.3,0.590
34.3,0.590
34.3,0.590
34.3,0.590
34.3,0.590
34.4,0.590
34.4,0.590
34.4,0.590
34.4,0.590
34.4,0.590
34.4,0.590
34.4,0.590
34.4,0.590
34.4,0.590
34.4,0.590
34.4,0.590
34.4,0.590
34.4,0.590
34.4,0.590
34.4,0.595
34.4,0.595
34.4,0.595
34.4,0.595
34.4,0.595
34.4,0.595
34.4,0.595
34.4,0.595
34.4,0.595
34.4,0.595
34.3,0.595
34.3,0.595
34.3,0.595
34.3,0.595
34.3,0.595
34.3,0.595
34.3,0.595
34.3,0.595
34.3,0.595
34.3,0.595
34.3,0.595
34.3,0.595
34.3,0.595
34.3,0.595
34.3,0.595
34.3,0.595
34.3,0.595
34.4,0.595
34.4,0.595
34.4,0.595
34.4,0.595
34.4,0.595
34.4,0.600
34.4,0.600
34.4,0.600
34.4,0.600
34.4,0.600
34.4,0.600
34.4,0.600
34.4,0.600
34.4,0.600
34.4,0.600
34.4,0.600
34.4,0.600
34.4,0.600
34.4,0.600
34.4,0.600
34.4,0.600
34.4,0.600
34.4,0.600
34.4,0.600
34.4,0.600
34.4,0.600
34.4,0.600
34.4,0.600
34.4,0.600
34.4,0.600
34.4,0.600
34.4,0.600
34.4,0.600
34.4,0.600
34.4,0.600
34.4,0.600
34.4,0.600
34.4,0.600
34.4,0.600
34.4,0.600
34.4,0.605
34.4,0.605
34.4,0.605
34.4,0.605
34.4,0.605
34.4,0.605
34.4,0.605
34.4,0.605
34.4,0.605
34.4,0.605
34.4,0.605
34.4,0.605
34.4,0.605
34.4,0.605
34.4,0.605
34.4,0.605
34.4,0.605
34.4,0.605
34.4,0.605
34.4,0.605
34.4,0.605
34.4,0.605
34.4,0.605
34.4,0.605
34.4,0.605
34.4,0.605
34.4,0.605
34.4,0.605
34.4,0.605
34.4,0.605
34.4,0.605
34.4,0.605
34.4,0.605
34.4,0.605
34.4,0.605
34.4,0.605
34.4,0.610
34.4,0.610
34.4,0.610
34.4,0.610
34.4,0.610
34.4,0.610
34.4,0.610
34.4,0.610
34.4,0.610
34.4,0.610
34.4,0.610
34.4,0.610
34.3,0.610
34.3,0.610
34.3,0.610
34.3,0.610
34.3,0.610
34.3,0.610
34.3,0.610
34.4,0.610
34.4,0.610
34.4,0.610
34.4,0.610
34.4,0.610
34.4,0.610
34.4,0.610
34.4,0.610
34.4,0.610
34.4,0.610
34.4,0.610
34.4,0.610
34.4,0.610
34.4,0.610
34.4,0.610
34.4,0.610
34.4,0.610
34.4,0.610
34.4,0.615
34.4,0.615
34.4,0.615
34.4,0.615
34.4,0.615
34.4,0.615
34.4,0.615
34.4,0.615
34.4,0.615
34.4,0.615
34.4,0.615
34.4,0.615
34.4,0.615
34.4,0.615
34.4,0.615
34.4,0.615
34.4,0.615
34.4,0.615
34.4,0.615
34.4,0.615
34.4,0.615
34.4,0.615
34.4,0.615
34.4,0.615
34.4,0.615
34.4,0.615
34.4,0.615
34.4,0.615
34.4,0.615
34.4,0.615
34.4,0.615
34.4,0.615
34.4,0.615
34.4,0.615
34.4,0.620
34.4,0.620
34.4,0.620
34.4,0.620
34.4,0.620
34.4,0.620
34.4,0.620
34.4,0.620
34.4,0.620
34.4,0.620
34.4,0.620
34.4,0.620
34.4,0.620
34.4,0.620
34.4,0.620
34.4,0.620
34.4,0.620
34.4,0.620
34.4,0.620
34.5,0.620
34.5,0.620
34.5,0.620
34.5,0.620
34.5,0.620
34.5,0.620
34.5,0.620
34.5,0.620
34.5,0.620
34.5,0.620
34.5,0.620
34.4,0.620
34.4,0.625
34.4,0.625
34.4,0.625
34.4,0.625
34.4,0.625
34.4,0.625
34.5,0.625
34.5,0.625
34.5,0.625
34.5,0.625
34.5,0.625
34.5,0.625
34.5,0.625
34.5,0.625
34.5,0.625
34.5,0.625
34.5,0.625
34.5,0.625
34.5,0.625
34.5,0.625
34.5,0.625
34.5,0.625
34.5,0.625
34.5,0.625
34.5,0.625
34.5,0.625
34.5,0.625
34.5,0.625
34.5,0.625
34.5,0.625
34.5,0.625
34.5,0.625
34.5,0.625
34.5,0.630
34.4,0.630
34.4,0.630
34.4,0.630
34.4,0.630
34.4,0.630
34.4,0.630
34.4,0.630
34.4,0.630
34.4,0.630
34.4,0.630
34.4,0.630
34.4,0.630
34.4,0.630
34.4,0.630
34.4,0.630
34.4,0.630
34.4,0.630
34.4,0.630
34.4,0.630
34.4,0.630
34.4,0.630
34.4,0.630
34.4,0.630
34.4,0.630
34.4,0.630
34.4,0.630
34.4,0.630
34.4,0.630
34.4,0.630
34.4,0.630
34.4,0.630
34.4,0.635
34.4,0.635
34.4,0.635
34.4,0.635
34.4,0.635
34.4,0.635
34.4,0.635
34.4,0.635
34.4,0.635
34.4,0.635
34.4,0.635
34.4,0.635
34.4,0.635
34.4,0.635
34.4,0.635
34.4,0.635
34.4,0.635
34.4,0.635
34.4,0.635
34.4,0.635
34.4,0.635
34.4,0.635
34.4,0.635
34.5,0.635
34.5,0.635
34.5,0.635
34.5,0.635
34.5,0.635
34.5,0.635
34.5,0.635
34.5,0.640
34.5,0.640
34.5,0.640
34.5,0.640
34.5,0.640
34.5,0.640
34.5,0.640
34.5,0.640
34.5,0.640
34.5,0.640
34.5,0.640
34.5,0.640
34.5,0.640
34.5,0.640
34.5,0.640
34.5,0.640
34.5,0.640
34.5,0.640
34.5,0.640
34.5,0.640
34.5,0.640
34.5,0.640
34.5,0.640
34.5,0.640
34.5,0.640
34.5,0.640
34.5,0.640
34.5,0.640
34.5,0.645
34.5,0.645
34.5,0.645
34.5,0.645
34.5,0.645
34.5,0.645
34.5,0.645
34.5,0.645
34.5,0.645
34.5,0.645
34.5,0.645
34.5,0.645
34.5,0.645
34.5,0.645
34.5,0.645
34.5,0.645
34.5,0.645
34.5,0.645
34.5,0.645
34.5,0.645
34.5,0.645
34.5,0.645
34.5,0.645
34.5,0.645
34.5,0.645
34.5,0.645
34.5,0.645
34.5,0.645
34.5,0.645
34.5,0.645
34.5,0.650
34.5,0.650
34.5,0.650
34.5,0.650
34.5,0.650
34.5,0.650
34.5,0.650
34.5,0.650
34.5,0.650
34.5,0.650
34.6,0.650
34.6,0.650
34.6,0.650
34.6,0.650
34.6,0.650
34.6,0.650
34.6,0.650
34.6,0.650
34.6,0.650
34.6,0.650
34.6,0.650
34.6,0.650
34.6,0.650
34.6,0.650
34.6,0.650
34.6,0.650
34.6,0.650
34.6,0.650
34.6,0.650
34.6,0.650
34.6,0.655
34.6,0.655
34.6,0.655
34.6,0.655
34.6,0.655
34.6,0.655
34.6,0.655
34.6,0.655
34.6,0.655
34.6,0.655
34.6,0.655
34.6,0.655
34.6,0.655
34.6,0.655
34.6,0.655
34.6,0.655
34.6,0.655
34.6,0.655
34.6,0.655
34.6,0.655
34.6,0.655
34.6,0.655
34.6,0.655
34.6,0.655
34.6,0.655
34.6,0.655
34.6,0.655
34.6,0.655
34.6,0.660
34.6,0.660
34.5,0.660
34.5,0.660
34.5,0.660
34.5,0.660
34.5,0.660
34.5,0.660
34.5,0.660
34.5,0.660
34.5,0.660
34.5,0.660
34.5,0.660
34.5,0.660
34.5,0.660
34.5,0.660
34.5,0.660
34.5,0.660
34.5,0.660
34.5,0.660
34.5,0.660
34.5,0.660
34.5,0.660
34.5,0.660
34.6,0.660
34.6,0.660
34.6,0.660
34.6,0.660
34.6,0.665
34.6,0.665
34.6,0.665
34.6,0.665
34.6,0.665
34.6,0.665
34.6,0.665
34.6,0.665
34.6,0.665
34.6,0.665
34.6,0.665
34.6,0.665
34.6,0.665
34.6,0.665
34.6,0.665
34.6,0.665
34.6,0.665
34.6,0.665
34.6,0.665
34.6,0.665
34.6,0.665
34.6,0.665
34.6,0.665
34.6,0.665
34.6,0.665
34.6,0.665
34.6,0.665
34.6,0.665
34.6,0.665
34.6,0.665
34.6,0.670
34.6,0.670
34.6,0.670
34.6,0.670
34.6,0.670
34.6,0.670
34.6,0.670
34.6,0.670
34.6,0.670
34.6,0.670
34.6,0.670
34.6,0.670
34.6,0.670
34.6,0.670
34.6,0.670
34.6,0.670
34.6,0.670
34.6,0.670
34.6,0.670
34.6,0.670
34.6,0.670
34.6,0.670
34.6,0.670
34.6,0.670
34.6,0.670
34.6,0.670
34.6,0.670
34.6,0.670
34.6,0.670
34.6,0.670
34.6,0.675
34.7,0.675
34.7,0.675
34.7,0.675
34.7,0.675
34.7,0.675
34.7,0.675
34.7,0.675
34.7,0.675
34.7,0.675
34.7,0.675
34.7,0.675
34.7,0.675
34.7,0.675
34.7,0.675
34.7,0.675
34.7,0.675
34.7,0.675
34.7,0.675
34.7,0.675
34.7,0.675
34.7,0.675
34.7,0.675
34.7,0.675
34.7,0.675
34.7,0.675
34.7,0.675
34.7,0.675
34.7,0.680
34.7,0.680
34.7,0.680
34.7,0.680
34.7,0.680
34.7,0.680
34.7,0.680
34.7,0.680
34.7,0.680
34.7,0.680
34.7,0.680
34.7,0.680
34.7,0.680
34.7,0.680
34.7,0.680
34.7,0.680
34.7,0.680
34.7,0.680
34.7,0.680
34.7,0.680
34.7,0.680
34.7,0.680
34.7,0.680
34.7,0.680
34.7,0.680
34.7,0.680
34.7,0.680
34.7,0.680
34.7,0.680
34.7,0.685
34.7,0.685
34.7,0.685
34.7,0.685
34.7,0.685
34.7,0.685
34.7,0.685
34.7,0.685
34.7,0.685
34.7,0.685
34.7,0.685
34.7,0.685
34.7,0.685
34.7,0.685
34.7,0.685
34.7,0.685
34.7,0.685
34.7,0.685
34.7,0.685
34.7,0.685
34.7,0.685
34.7,0.685
34.7,0.685
34.7,0.685
34.7,0.685
34.8,0.685
34.8,0.685
34.8,0.685
34.8,0.685
34.8,0.685
34.8,0.690
34.8,0.690
34.8,0.690
34.8,0.690
34.8,0.690
34.8,0.690
34.8,0.690
34.8,0.690
34.7,0.690
34.7,0.690
34.7,0.690
34.7,0.690
34.7,0.690
34.7,0.690
34.7,0.690
34.7,0.690
34.7,0.690
34.7,0.690
34.7,0.690
34.7,0.690
34.7,0.690
34.7,0.690
34.7,0.690
34.8,0.690
34.8,0.690
34.8,0.690
34.8,0.690
34.8,0.690
34.8,0.690
34.8,0.695
34.8,0.695
34.8,0.695
34.8,0.695
34.8,0.695
34.8,0.695
34.8,0.695
34.8,0.695
34.8,0.695
34.8,0.695
34.8,0.695
34.8,0.695
34.8,0.695
34.8,0.695
34.8,0.695
34.8,0.695
34.8,0.695
34.8,0.695
34.8,0.695
34.8,0.695
34.8,0.695
34.8,0.695
34.8,0.695
34.8,0.695
34.8,0.695
34.8,0.700
34.8,0.700
34.8,0.700
34.8,0.700
34.8,0.700
34.8,0.700
34.8,0.700
34.8,0.700
34.9,0.700
34.9,0.700
34.9,0.700
34.9,0.700
34.9,0.700
34.9,0.700
34.9,0.700
34.9,0.700
34.9,0.700
34.9,0.700
34.9,0.700
34.9,0.700
34.9,0.700
34.9,0.700
34.9,0.700
34.9,0.705
34.9,0.705
34.9,0.705
34.9,0.705
34.9,0.705
34.9,0.705
34.9,0.705
34.9,0.705
34.9,0.705
34.9,0.705
34.9,0.705
34.9,0.705
34.9,0.705
34.9,0.705
34.9,0.705
34.9,0.705
34.9,0.705
34.9,0.705
34.9,0.705
34.9,0.705
34.9,0.705
34.9,0.705
34.9,0.705
34.9,0.705
34.9,0.710
34.9,0.710
34.9,0.710
34.9,0.710
34.9,0.710
34.9,0.710
34.9,0.710
34.9,0.710
34.9,0.710
34.9,0.710
34.9,0.710
34.9,0.710
34.9,0.710
34.9,0.710
34.9,0.710
34.9,0.710
34.9,0.710
34.9,0.710
34.9,0.710
34.9,0.710
34.9,0.710
34.9,0.710
34.9,0.715
34.9,0.715
34.9,0.715
34.9,0.715
34.9,0.715
34.9,0.715
34.9,0.715
34.8,0.715
34.8,0.715
34.8,0.715
34.8,0.715
34.8,0.715
34.8,0.715
34.8,0.715
34.8,0.715
34.8,0.715
34.8,0.715
34.8,0.715
34.8,0.715
34.8,0.715
34.8,0.715
34.8,0.715
34.8,0.715
34.8,0.720
34.8,0.720
34.8,0.720
34.8,0.720
34.8,0.720
34.8,0.720
34.8,0.720
34.8,0.720
34.8,0.720
34.8,0.720
34.8,0.720
34.8,0.720
34.8,0.720
34.8,0.720
34.8,0.720
34.8,0.720
34.8,0.720
34.8,0.720
34.8,0.720
34.8,0.720
34.8,0.720
34.8,0.725
34.8,0.725
34.8,0.725
34.8,0.725
34.8,0.725
34.8,0.725
34.8,0.725
34.8,0.725
34.8,0.725
34.8,0.725
34.9,0.725
34.9,0.725
34.9,0.725
34.9,0.725
34.9,0.725
34.9,0.725
34.9,0.725
34.9,0.725
34.9,0.725
34.9,0.725
34.9,0.725
34.9,0.725
34.9,0.725
34.9,0.725
34.9,0.730
34.9,0.730
34.9,0.730
34.9,0.730
34.9,0.730
34.9,0.730
34.9,0.730
34.9,0.730
34.9,0.730
34.9,0.730
34.9,0.730
34.9,0.730
34.9,0.730
34.9,0.730
34.9,0.730
34.9,0.730
34.9,0.730
34.9,0.730
34.9,0.730
34.9,0.730
34.9,0.730
34.9,0.730
34.9,0.730
34.9,0.735
34.9,0.735
34.9,0.735
34.9,0.735
34.9,0.735
34.9,0.735
34.9,0.735
34.9,0.735
34.9,0.735
34.9,0.735
34.9,0.735
34.9,0.735
34.9,0.735
34.9,0.735
34.9,0.735
34.9,0.735
34.9,0.735
34.9,0.735
34.9,0.735
34.9,0.735
34.9,0.735
34.9,0.735
34.9,0.740
34.9,0.740
34.9,0.740
34.9,0.740
34.9,0.740
34.9,0.740
34.9,0.740
34.9,0.740
34.9,0.740
34.9,0.740
34.9,0.740
34.9,0.740
34.9,0.740
34.9,0.740
34.9,0.740
34.9,0.740
34.9,0.740
34.9,0.740
34.9,0.740
34.9,0.740
34.9,0.740
34.9,0.745
34.9,0.745
34.9,0.745
34.9,0.745
34.9,0.745
34.9,0.745
34.9,0.745
34.9,0.745
34.9,0.745
34.9,0.745
34.9,0.745
34.9,0.745
34.9,0.745
34.9,0.745
34.9,0.745
34.9,0.745
34.9,0.745
34.9,0.745
34.9,0.745
34.9,0.745
34.9,0.745
34.9,0.745
34.9,0.750
34.9,0.750
34.9,0.750
34.9,0.750
34.9,0.750
34.9,0.750
34.9,0.750
34.9,0.750
35.0,0.750
35.0,0.750
35.0,0.750
35.0,0.750
35.0,0.750
35.0,0.750
35.0,0.750
35.0,0.750
35.0,0.750
35.0,0.750
35.0,0.750
35.0,0.750
35.0,0.750
35.0,0.755
35.0,0.755
35.0,0.755
35.0,0.755
35.0,0.755
35.0,0.755
35.0,0.755
35.0,0.755
35.0,0.755
35.0,0.755
35.0,0.755
35.0,0.755
35.0,0.755
35.0,0.755
35.0,0.755
35.0,0.755
35.0,0.755
35.0,0.755
35.0,0.755
35.0,0.755
35.0,0.755
34.9,0.760
34.9,0.760
34.9,0.760
34.9,0.760
34.9,0.760
34.9,0.760
34.9,0.760
34.9,0.760
34.9,0.760
35.0,0.760
35.0,0.760
35.0,0.760
35.0,0.760
35.0,0.760
35.0,0.760
35.0,0.760
35.0,0.760
35.0,0.760
35.0,0.760
35.0,0.760
35.0,0.760
35.0,0.760
35.0,0.760
35.0,0.765
35.0,0.765
35.0,0.765
35.0,0.765
35.0,0.765
35.0,0.765
35.0,0.765
35.0,0.765
35.0,0.765
35.0,0.765
35.0,0.765
35.0,0.765
35.0,0.765
35.0,0.765
35.0,0.765
35.0,0.765
35.0,0.765
35.0,0.765
35.0,0.765
35.0,0.765
35.0,0.765
35.0,0.765
35.0,0.765
35.0,0.770
35.0,0.770
35.0,0.770
35.0,0.770
35.0,0.770
35.0,0.770
35.0,0.770
35.0,0.770
35.0,0.770
35.0,0.770
35.0,0.770
35.1,0.770
35.1,0.770
35.1,0.770
35.1,0.770
35.1,0.770
35.1,0.770
35.1,0.770
35.1,0.770
35.1,0.770
35.1,0.770
35.1,0.770
35.1,0.775
35.1,0.775
35.1,0.775
35.1,0.775
35.1,0.775
35.1,0.775
35.1,0.775
35.1,0.775
35.1,0.775
35.1,0.775
35.1,0.775
35.1,0.775
35.1,0.775
35.1,0.775
35.1,0.775
35.1,0.775
35.1,0.775
35.1,0.775
35.1,0.775
35.1,0.775
35.1,0.775
35.1,0.780
35.1,0.780
35.1,0.780
35.1,0.780
35.1,0.780
35.1,0.780
35.1,0.780
35.1,0.780
35.1,0.780
35.1,0.780
35.1,0.780
35.1,0.780
35.1,0.780
35.1,0.780
35.1,0.780
35.1,0.780
35.1,0.780
35.1,0.780
35.1,0.780
35.1,0.780
35.1,0.780
35.1,0.785
35.1,0.785
35.1,0.785
35.1,0.785
35.1,0.785
35.1,0.785
35.1,0.785
35.1,0.785
35.1,0.785
35.1,0.785
35.2,0.785
35.2,0.785
35.2,0.785
35.2,0.785
35.2,0.785
35.2,0.785
35.2,0.785
35.2,0.785
35.2,0.785
35.2,0.785
35.2,0.785
35.2,0.790
35.2,0.790
35.2,0.790
35.2,0.790
35.2,0.790
35.2,0.790
35.2,0.790
35.2,0.790
35.2,0.790
35.2,0.790
35.2,0.790
35.2,0.790
35.2,0.790
35.2,0.790
35.2,0.790
35.1,0.790
35.1,0.790
35.1,0.790
35.1,0.790
35.1,0.790
35.1,0.790
35.2,0.790
35.2,0.795
35.2,0.795
35.2,0.795
35.2,0.795
35.2,0.795
35.2,0.795
35.2,0.795
35.2,0.795
35.2,0.795
35.2,0.795
35.2,0.795
35.2,0.795
35.2,0.795
35.2,0.795
35.2,0.795
35.2,0.795
35.2,0.795
35.2,0.795
35.2,0.795
35.2,0.795
35.2,0.800
35.2,0.800
35.2,0.800
35.2,0.800
35.2,0.800
35.2,0.800
35.2,0.800
35.2,0.800
35.2,0.800
35.2,0.800
35.2,0.800
35.2,0.800
35.2,0.800
35.2,0.800
35.2,0.800
35.2,0.800
35.2,0.800
35.2,0.800
35.2,0.800
35.2,0.805
35.2,0.805
35.2,0.805
35.2,0.805
35.2,0.805
35.2,0.805
35.2,0.805
35.2,0.805
35.2,0.805
35.2,0.805
35.3,0.805
35.3,0.805
35.3,0.805
35.3,0.805
35.3,0.805
35.3,0.805
35.3,0.805
35.3,0.805
35.3,0.805
35.3,0.805
35.3,0.810
35.3,0.810
35.3,0.810
35.3,0.810
35.3,0.810
35.3,0.810
35.3,0.810
35.2,0.810
35.2,0.810
35.2,0.810
35.2,0.810
35.2,0.810
35.2,0.810
35.2,0.810
35.2,0.810
35.2,0.810
35.2,0.810
35.2,0.810
35.2,0.810
35.2,0.810
35.2,0.815
35.2,0.815
35.2,0.815
35.2,0.815
35.2,0.815
35.2,0.815
35.2,0.815
35.2,0.815
35.2,0.815
35.2,0.815
35.2,0.815
35.2,0.815
35.2,0.815
35.2,0.815
35.2,0.815
35.2,0.815
35.2,0.815
35.2,0.815
35.2,0.815
35.2,0.820
35.2,0.820
35.2,0.820
35.2,0.820
35.2,0.820
35.2,0.820
35.2,0.820
35.2,0.820
35.2,0.820
35.2,0.820
35.2,0.820
35.2,0.820
35.2,0.820
35.2,0.820
35.2,0.820
35.2,0.820
35.2,0.820
35.2,0.820
35.2,0.820
35.2,0.820
35.2,0.825
35.2,0.825
35.2,0.825
35.2,0.825
35.2,0.825
35.2,0.825
35.2,0.825
35.2,0.825
35.2,0.825
35.2,0.825
35.2,0.825
35.2,0.825
35.2,0.825
35.2,0.825
35.2,0.825
35.2,0.825
35.2,0.825
35.2,0.825
35.2,0.825
35.2,0.825
35.2,0.825
35.2,0.830
35.2,0.830
35.2,0.830
35.2,0.830
35.2,0.830
35.2,0.830
35.2,0.830
35.3,0.830
35.2,0.830
35.2,0.830
35.2,0.830
35.2,0.830
35.3,0.830
35.3,0.830
35.3,0.830
35.3,0.830
35.3,0.830
35.3,0.830
35.3,0.830
35.3,0.830
35.3,0.830
35.3,0.830
35.3,0.835
35.3,0.835
35.3,0.835
35.3,0.835
35.3,0.835
35.3,0.835
35.3,0.835
35.3,0.835
35.3,0.835
35.3,0.835
35.3,0.835
35.3,0.835
35.3,0.835
35.3,0.835
35.3,0.835
35.3,0.835
35.2,0.835
35.2,0.835
35.2,0.835
35.2,0.835
35.2,0.840
35.2,0.840
35.2,0.840
35.2,0.840
35.2,0.840
35.2,0.840
35.3,0.840
35.3,0.840
35.3,0.840
35.3,0.840
35.3,0.840
35.3,0.840
35.3,0.840
35.3,0.840
35.3,0.840
35.2,0.840
35.2,0.840
35.2,0.840
35.2,0.840
35.2,0.840
35.2,0.840
35.2,0.840
35.2,0.845
35.2,0.845
35.2,0.845
35.2,0.845
35.2,0.845
35.2,0.845
35.2,0.845
35.2,0.845
35.2,0.845
35.2,0.845
35.3,0.845
35.3,0.845
35.3,0.845
35.3,0.845
35.3,0.845
35.3,0.845
35.3,0.845
35.3,0.845
35.3,0.845
35.3,0.845
35.3,0.845
35.3,0.845
35.2,0.850
35.2,0.850
35.2,0.850
35.2,0.850
35.2,0.850
35.2,0.850
35.2,0.850
35.2,0.850
35.2,0.850
35.2,0.850
35.3,0.850
35.3,0.850
35.3,0.850
35.3,0.850
35.3,0.850
35.3,0.850
35.3,0.850
35.3,0.850
35.3,0.850
35.3,0.850
35.3,0.850
35.3,0.850
35.3,0.850
35.3,0.855
35.3,0.855
35.3,0.855
35.3,0.855
35.3,0.855
35.3,0.855
35.3,0.855
35.3,0.855
35.3,0.855
35.3,0.855
35.3,0.855
35.3,0.855
35.3,0.855
35.3,0.855
35.3,0.855
35.3,0.855
35.3,0.855
35.3,0.855
35.3,0.855
35.3,0.855
35.3,0.855
35.3,0.855
35.3,0.860
35.3,0.860
35.3,0.860
35.3,0.860
35.3,0.860
35.3,0.860
35.3,0.860
35.3,0.860
35.3,0.860
35.3,0.860
35.3,0.860
35.3,0.860
35.3,0.860
35.3,0.860
35.3,0.860
35.3,0.860
35.3,0.860
35.3,0.860
35.3,0.860
35.3,0.860
35.3,0.860
35.3,0.865
35.3,0.865
35.3,0.865
35.3,0.865
35.3,0.865
35.3,0.865
35.3,0.865
35.3,0.865
35.3,0.865
35.3,0.865
35.3,0.865
35.3,0.865
35.3,0.865
35.3,0.865
35.3,0.865
35.3,0.865
35.3,0.865
35.3,0.865
35.3,0.865
35.3,0.865
35.3,0.865
35.3,0.865
35.3,0.870
35.3,0.870
35.3,0.870
35.3,0.870
35.3,0.870
35.3,0.870
35.3,0.870
35.3,0.870
35.3,0.870
35.3,0.870
35.3,0.870
35.3,0.870
35.3,0.870
35.3,0.870
35.3,0.870
35.3,0.870
35.3,0.870
35.3,0.870
35.3,0.870
35.3,0.870
35.3,0.870
35.3,0.875
35.3,0.875
35.3,0.875
35.3,0.875
35.3,0.875
35.3,0.875
35.3,0.875
35.3,0.875
35.3,0.875
35.3,0.875
35.3,0.875
35.3,0.875
35.3,0.875
35.3,0.875
35.4,0.875
35.4,0.875
35.4,0.875
35.4,0.875
35.4,0.875
35.4,0.875
35.4,0.875
35.4,0.880
35.4,0.880
35.4,0.880
35.4,0.880
35.4,0.880
35.4,0.880
35.4,0.880
35.4,0.880
35.4,0.880
35.4,0.880
35.3,0.880
35.3,0.880
35.3,0.880
35.3,0.880
35.3,0.880
35.3,0.880
35.3,0.880
35.3,0.880
35.3,0.880
35.3,0.885
35.3,0.885
35.3,0.885
35.3,0.885
35.3,0.885
35.3,0.885
35.3,0.885
35.3,0.885
35.3,0.885
35.3,0.885
35.3,0.885
35.3,0.885
35.3,0.885
35.3,0.885
35.3,0.885
35.3,0.885
35.3,0.885
35.3,0.885
35.3,0.885
35.3,0.885
35.3,0.885
35.3,0.885
35.3,0.890
35.3,0.890
35.3,0.890
35.3,0.890
35.3,0.890
35.3,0.890
35.3,0.890
35.3,0.890
35.3,0.890
35.3,0.890
35.3,0.890
35.3,0.890
35.3,0.890
35.3,0.890
35.3,0.890
35.3,0.890
35.3,0.890
35.3,0.890
35.3,0.890
35.3,0.890
35.3,0.895
35.3,0.895
35.3,0.895
35.3,0.895
35.3,0.895
35.3,0.895
35.3,0.895
35.3,0.895
35.3,0.895
35.3,0.895
35.3,0.895
35.3,0.895
35.4,0.895
35.4,0.895
35.4,0.895
35.4,0.895
35.4,0.895
35.4,0.895
35.4,0.895
35.4,0.900
35.4,0.900
35.4,0.900
35.4,0.900
35.4,0.900
35.4,0.900
35.4,0.900
35.4,0.900
35.4,0.900
35.4,0.900
35.4,0.900
35.4,0.900
35.4,0.900
35.4,0.900
35.4,0.900
35.4,0.900
35.4,0.900
35.4,0.900
35.4,0.900
35.4,0.905
35.4,0.905
35.4,0.905
35.4,0.905
35.4,0.905
35.4,0.905
35.4,0.905
35.4,0.905
35.4,0.905
35.4,0.905
35.4,0.905
35.4,0.905
35.4,0.905
35.4,0.905
35.4,0.905
35.4,0.905
35.4,0.905
35.4,0.905
35.4,0.905
35.4,0.905
35.4,0.910
35.4,0.910
35.4,0.910
35.4,0.910
35.4,0.910
35.4,0.910
35.4,0.910
35.4,0.910
35.4,0.910
35.4,0.910
35.4,0.910
35.4,0.910
35.4,0.910
35.4,0.910
35.4,0.910
35.4,0.910
35.4,0.910
35.4,0.910
35.4,0.910
35.4,0.915
35.4,0.915
35.4,0.915
35.4,0.915
35.4,0.915
35.4,0.915
35.4,0.915
35.4,0.915
35.4,0.915
35.4,0.915
35.4,0.915
35.4,0.915
35.4,0.915
35.4,0.915
35.5,0.915
35.5,0.915
35.5,0.915
35.5,0.920
35.5,0.920
35.5,0.920
35.5,0.920
35.5,0.920
35.5,0.920
35.5,0.920
35.4,0.920
35.4,0.920
35.4,0.920
35.4,0.920
35.4,0.920
35.4,0.920
35.4,0.920
35.4,0.920
35.4,0.920
35.4,0.920
35.4,0.920
35.4,0.920
35.4,0.925
35.4,0.925
35.4,0.925
35.4,0.925
35.4,0.925
35.4,0.925
35.4,0.925
35.4,0.925
35.4,0.925
35.4,0.925
35.4,0.925
35.4,0.925
35.4,0.925
35.4,0.925
35.4,0.925
35.4,0.925
35.4,0.925
35.5,0.925
35.5,0.925
35.5,0.930
35.5,0.930
35.5,0.930
35.5,0.930
35.5,0.930
35.5,0.930
35.5,0.930
35.4,0.930
35.4,0.930
35.4,0.930
35.4,0.930
35.4,0.930
35.4,0.930
35.4,0.930
35.4,0.930
35.4,0.930
35.4,0.930
35.5,0.930
35.5,0.930
35.5,0.935
35.5,0.935
35.5,0.935
35.5,0.935
35.5,0.935
35.5,0.935
35.5,0.935
35.5,0.935
35.5,0.935
35.5,0.935
35.5,0.935
35.5,0.935
35.5,0.935
35.5,0.935
35.5,0.935
35.5,0.935
35.5,0.935
35.5,0.935
35.5,0.940
35.5,0.940
35.5,0.940
35.5,0.940
35.5,0.940
35.5,0.940
35.5,0.940
35.5,0.940
35.5,0.940
35.5,0.940
35.5,0.940
35.5,0.940
35.5,0.940
35.5,0.940
35.5,0.940
35.5,0.940
35.5,0.940
35.5,0.940
35.5,0.945
35.5,0.945
35.5,0.945
35.5,0.945
35.5,0.945
35.5,0.945
35.5,0.945
35.6,0.945
35.6,0.945
35.6,0.945
35.6,0.945
35.6,0.945
35.6,0.945
35.6,0.945
35.6,0.945
35.6,0.945
35.6,0.945
35.6,0.945
35.6,0.945
35.6,0.950
35.6,0.950
35.6,0.950
35.6,0.950
35.5,0.950
35.5,0.950
35.5,0.950
35.5,0.950
35.5,0.950
35.5,0.950
35.5,0.950
35.5,0.950
35.5,0.950
35.6,0.950
35.6,0.950
35.6,0.950
35.6,0.950
35.6,0.950
35.6,0.950
35.6,0.955
35.6,0.955
35.6,0.955
35.6,0.955
35.6,0.955
35.6,0.955
35.6,0.955
35.6,0.955
35.6,0.955
35.6,0.955
35.6,0.955
35.6,0.955
35.6,0.955
35.6,0.955
35.7,0.955
35.7,0.955
35.7,0.955
35.7,0.955
35.7,0.960
35.7,0.960
35.7,0.960
35.7,0.960
35.7,0.960
35.7,0.960
35.6,0.960
35.6,0.960
35.6,0.960
35.6,0.960
35.6,0.960
35.6,0.960
35.6,0.960
35.6,0.960
35.6,0.960
35.6,0.960
35.6,0.960
35.6,0.965
35.6,0.965
35.6,0.965
35.6,0.965
35.6,0.965
35.6,0.965
35.6,0.965
35.6,0.965
35.6,0.965
35.6,0.965
35.6,0.965
35.6,0.965
35.6,0.965
35.6,0.965
35.6,0.965
35.6,0.965
35.6,0.965
35.6,0.965
35.6,0.965
35.6,0.970
35.6,0.970
35.6,0.970
35.6,0.970
35.6,0.970
35.6,0.970
35.6,0.970
35.6,0.970
35.6,0.970
35.6,0.970
35.6,0.970
35.6,0.970
35.6,0.970
35.6,0.970
35.6,0.970
35.6,0.970
35.6,0.970
35.6,0.970
35.6,0.975
35.6,0.975
35.6,0.975
35.6,0.975
35.6,0.975
35.6,0.975
35.6,0.975
35.6,0.975
35.6,0.975
35.6,0.975
35.6,0.975
35.6,0.975
35.6,0.975
35.7,0.975
35.7,0.975
35.7,0.975
35.7,0.975
35.7,0.975
35.7,0.980
35.7,0.980
35.7,0.980
35.7,0.980
35.7,0.980
35.7,0.980
35.7,0.980
35.7,0.980
35.7,0.980
35.7,0.980
35.7,0.980
35.7,0.980
35.7,0.980
35.7,0.980
35.7,0.980
35.7,0.980
35.7,0.980
35.7,0.980
35.7,0.985
35.7,0.985
35.7,0.985
35.7,0.985
35.7,0.985
35.7,0.985
35.7,0.985
35.7,0.985
35.7,0.985
35.7,0.985
35.7,0.985
35.7,0.985
35.7,0.985
35.7,0.985
35.7,0.985
35.7,0.985
35.7,0.985
35.7,0.985
35.7,0.985
35.7,0.985
35.7,0.990
35.7,0.990
35.7,0.990
35.7,0.990
35.7,0.990
35.7,0.990
35.7,0.990
35.7,0.990
35.7,0.990
35.7,0.990
35.7,0.990
35.7,0.990
35.7,0.990
35.7,0.990
35.7,0.990
35.7,0.990
35.7,0.990
35.7,0.990
35.7,0.990
35.7,0.990
35.7,0.995
35.7,0.995
35.7,0.995
35.7,0.995
35.7,0.995
35.7,0.995
35.7,0.995
35.7,0.995
35.7,0.995
35.7,0.995
35.7,0.995
35.7,0.995
35.7,0.995
35.7,0.995
35.7,0.995
35.7,0.995
35.7,0.995
35.7,0.995
35.7,1.000
35.7,1.000
35.7,1.000
35.7,1.000
35.7,1.000
35.7,1.000
35.7,1.000
35.7,1.000
35.7,1.000
35.8,1.000
35.8,1.000
35.8,1.000
35.8,1.000
35.8,1.000
35.8,1.000
35.8,1.000
35.8,1.000
35.8,1.000
35.8,1.000
35.8,1.000
35.8,1.005
35.8,1.005
35.8,1.005
35.8,1.005
35.8,1.005
35.8,1.005
35.8,1.005
35.8,1.005
35.8,1.005
35.8,1.005
35.8,1.005
35.8,1.005
35.8,1.005
35.8,1.005
35.8,1.005
35.8,1.005
35.8,1.005
35.8,1.005
35.8,1.005
35.8,1.005
35.8,1.010
35.8,1.010
35.8,1.010
35.8,1.010
35.8,1.010
35.8,1.010
35.8,1.010
35.8,1.010
35.8,1.010
35.8,1.010
35.8,1.010
35.8,1.010
35.8,1.010
35.8,1.010
35.8,1.010
35.8,1.010
35.8,1.010
35.8,1.010
35.8,1.010
35.8,1.010
35.8,1.015
35.8,1.015
35.8,1.015
35.8,1.015
35.8,1.015
35.8,1.015
35.8,1.015
35.8,1.015
35.9,1.015
35.9,1.015
35.9,1.015
35.9,1.015
35.9,1.015
35.9,1.015
35.9,1.015
35.9,1.015
35.9,1.015
35.9,1.015
35.9,1.020
35.9,1.020
35.9,1.020
35.9,1.020
35.9,1.020
35.9,1.020
35.9,1.020
35.9,1.020
35.9,1.020
35.9,1.020
35.9,1.020
35.9,1.020
35.9,1.020
35.9,1.020
35.9,1.020
35.9,1.020
35.9,1.020
35.9,1.020
35.9,1.025
35.9,1.025
35.9,1.025
35.9,1.025
35.9,1.025
35.9,1.025
35.9,1.025
35.9,1.025
35.9,1.025
35.9,1.025
35.9,1.025
35.9,1.025
35.9,1.025
35.9,1.025
35.9,1.025
35.9,1.025
35.9,1.025
35.9,1.025
35.9,1.025
35.9,1.030
35.9,1.030
35.9,1.030
35.9,1.030
35.9,1.030
35.9,1.030
35.9,1.030
35.9,1.030
35.9,1.030
35.9,1.030
35.9,1.030
35.9,1.030
35.9,1.030
35.9,1.030
35.9,1.030
35.9,1.030
35.9,1.030
35.9,1.030
35.9,1.030
35.9,1.030
35.9,1.035
35.9,1.035
35.9,1.035
35.9,1.035
35.9,1.035
35.9,1.035
35.9,1.035
35.9,1.035
35.9,1.035
35.9,1.035
35.9,1.035
35.9,1.035
35.9,1.035
35.9,1.035
35.9,1.035
35.9,1.035
35.9,1.035
35.9,1.035
35.9,1.035
35.9,1.040
35.9,1.040
35.9,1.040
35.9,1.040
35.9,1.040
35.9,1.040
36.0,1.040
36.0,1.040
36.0,1.040
36.0,1.040
36.0,1.040
36.0,1.040
36.0,1.040
36.0,1.040
36.0,1.040
36.0,1.040
36.0,1.040
36.0,1.045
36.0,1.045
36.0,1.045
36.0,1.045
36.0,1.045
36.0,1.045
36.0,1.045
36.0,1.045
36.0,1.045
36.0,1.045
36.0,1.045
36.0,1.045
36.0,1.045
36.0,1.045
36.0,1.045
36.0,1.045
36.0,1.045
36.0,1.045
36.0,1.045
36.0,1.050
36.0,1.050
36.0,1.050
36.0,1.050
36.0,1.050
36.0,1.050
36.0,1.050
36.0,1.050
36.0,1.050
36.0,1.050
36.0,1.050
36.0,1.050
36.0,1.050
36.0,1.050
36.0,1.050
36.0,1.050
36.0,1.050
36.0,1.050
36.0,1.050
36.0,1.050
36.0,1.055
36.0,1.055
36.0,1.055
36.0,1.055
36.0,1.055
36.0,1.055
36.0,1.055
36.0,1.055
36.0,1.055
36.0,1.055
36.0,1.055
36.0,1.055
36.0,1.055
36.0,1.055
36.0,1.055
36.0,1.055
36.0,1.055
36.0,1.055
36.0,1.055
36.0,1.055
36.0,1.060
36.0,1.060
36.0,1.060
36.0,1.060
36.0,1.060
36.0,1.060
36.0,1.060
36.0,1.060
36.0,1.060
36.0,1.060
36.0,1.060
36.0,1.060
36.0,1.060
36.0,1.060
36.0,1.060
36.0,1.060
36.0,1.060
35.9,1.060
35.9,1.060
35.9,1.060
35.9,1.060
35.9,1.060
35.9,1.065
35.9,1.065
35.9,1.065
35.9,1.065
35.9,1.065
35.9,1.065
35.9,1.065
35.9,1.065
35.9,1.065
35.9,1.065
35.9,1.065
35.9,1.065
35.9,1.065
35.9,1.065
35.9,1.065
35.9,1.065
35.9,1.065
35.9,1.065
35.9,1.065
35.9,1.065
35.9,1.065
35.9,1.065
35.9,1.065
35.9,1.065
35.9,1.070
35.9,1.070
35.9,1.070
35.9,1.070
35.9,1.070
35.9,1.070
35.9,1.070
35.9,1.070
35.9,1.070
35.9,1.070
35.9,1.070
35.9,1.070
35.9,1.070
35.9,1.070
35.9,1.070
35.9,1.070
35.9,1.070
35.9,1.070
35.9,1.070
35.9,1.070
36.0,1.070
36.0,1.070
36.0,1.070
36.0,1.070
36.0,1.070
36.0,1.070
36.0,1.075
36.0,1.075
36.0,1.075
36.0,1.075
36.0,1.075
36.0,1.075
35.9,1.075
35.9,1.075
35.9,1.075
35.9,1.075
35.9,1.075
35.9,1.075
35.9,1.075
35.9,1.075
36.1,1.075
36.0,1.075
36.0,1.075
36.0,1.075
36.0,1.075
36.0,1.075
36.0,1.075
36.0,1.075
36.0,1.075
36.0,1.075
36.0,1.075
36.0,1.075
36.0,1.080
36.0,1.080
36.0,1.080
36.0,1.080
36.0,1.080
36.0,1.080
36.0,1.080
36.0,1.080
36.0,1.080
36.0,1.080
36.0,1.080
36.0,1.080
36.0,1.080
36.0,1.080
36.0,1.080
36.0,1.080
36.0,1.080
36.0,1.080
36.0,1.080
36.0,1.080
36.0,1.080
36.0,1.080
36.0,1.080
36.0,1.080
36.0,1.080
36.0,1.080
36.0,1.080
36.0,1.080
36.0,1.080
36.0,1.080
36.0,1.085
36.0,1.085
36.0,1.085
36.0,1.085
36.0,1.085
36.0,1.085
36.0,1.085
36.0,1.085
36.0,1.085
36.0,1.085
36.0,1.085
36.0,1.085
36.0,1.085
36.0,1.085
36.0,1.085
36.0,1.085
36.0,1.085
36.0,1.085
36.0,1.085
36.0,1.085
36.0,1.085
36.0,1.085
36.0,1.085
36.0,1.085
36.0,1.085
36.0,1.085
36.0,1.085
36.0,1.085
36.0,1.085
36.0,1.085
36.0,1.085
36.0,1.090
36.0,1.090
36.0,1.090
36.0,1.090
36.0,1.090
36.1,1.090
36.1,1.090
36.1,1.090
36.1,1.090
36.1,1.090
36.1,1.090
36.1,1.090
36.1,1.090
36.1,1.090
36.1,1.090
36.1,1.090
36.1,1.090
36.1,1.090
36.1,1.090
36.1,1.090
36.1,1.090
36.1,1.090
36.1,1.090
36.1,1.090
36.1,1.090
36.1,1.090
36.1,1.090
36.1,1.090
36.1,1.090
36.1,1.090
36.1,1.090
36.1,1.090
36.1,1.095
36.1,1.095
36.1,1.095
36.1,1.095
36.1,1.095
36.1,1.095
36.1,1.095
36.1,1.095
36.1,1.095
36.1,1.095
36.1,1.095
36.1,1.095
36.1,1.095
36.1,1.095
36.1,1.095
36.1,1.095
36.1,1.095
36.1,1.095
36.1,1.095
36.1,1.095
36.1,1.095
36.1,1.095
36.1,1.095
36.1,1.095
36.1,1.095
36.1,1.095
36.1,1.095
36.1,1.095
36.1,1.095
36.1,1.095
36.1,1.100
36.1,1.100
36.1,1.100
36.1,1.100
36.1,1.100
36.1,1.100
36.1,1.100
36.1,1.100
36.1,1.100
36.1,1.100
36.1,1.100
36.1,1.100
36.1,1.100
36.2,1.100
36.2,1.100
36.2,1.100
36.2,1.100
36.2,1.100
36.2,1.100
36.2,1.100
36.2,1.100
36.1,1.100
36.1,1.100
36.1,1.100
36.1,1.100
36.1,1.100
36.1,1.100
36.1,1.100
36.1,1.100
36.1,1.100
36.1,1.105
36.1,1.105
36.1,1.105
36.1,1.105
36.1,1.105
36.1,1.105
36.1,1.105
36.1,1.105
36.1,1.105
36.1,1.105
36.1,1.105
36.1,1.105
36.1,1.105
36.1,1.105
36.1,1.105
36.1,1.105
36.1,1.105
36.1,1.105
36.1,1.105
36.1,1.105
36.1,1.105
36.1,1.105
36.1,1.105
36.1,1.105
36.1,1.105
36.1,1.105
36.1,1.105
36.1,1.105
36.1,1.105
36.1,1.105
36.1,1.105
36.1,1.110
36.1,1.110
36.1,1.110
36.1,1.110
36.1,1.110
36.1,1.110
36.1,1.110
36.1,1.110
36.1,1.110
36.1,1.110
36.1,1.110
36.1,1.110
36.1,1.110
36.1,1.110
36.1,1.110
36.1,1.110
36.1,1.110
36.1,1.110
36.1,1.110
36.1,1.110
36.1,1.110
36.1,1.110
36.1,1.110
36.1,1.110
36.1,1.110
36.1,1.110
36.1,1.110
36.1,1.110
36.1,1.110
36.1,1.110
36.1,1.115
36.1,1.115
36.1,1.115
36.1,1.115
36.1,1.115
36.1,1.115
36.1,1.115
36.1,1.115
36.1,1.115
36.1,1.115
36.1,1.115
36.1,1.115
36.1,1.115
36.1,1.115
36.1,1.115
36.1,1.115
36.1,1.115
36.1,1.115
36.1,1.115
36.1,1.115
36.1,1.115
36.1,1.115
36.1,1.115
36.1,1.115
36.1,1.115
36.1,1.115
36.1,1.115
36.1,1.115
36.1,1.115
36.1,1.115
36.1,1.120
36.1,1.120
36.1,1.120
36.1,1.120
36.1,1.120
36.1,1.120
36.1,1.120
36.1,1.120
36.1,1.120
36.1,1.120
36.1,1.120
36.1,1.120
36.1,1.120
36.1,1.120
36.1,1.120
36.1,1.120
36.1,1.120
36.1,1.120
36.1,1.120
36.1,1.120
36.1,1.120
36.1,1.120
36.1,1.120
36.1,1.120
36.1,1.120
36.1,1.120
36.1,1.125
36.1,1.125
36.1,1.125
36.1,1.125
36.1,1.125
36.1,1.125
36.1,1.125
36.1,1.125
36.1,1.125
36.1,1.125
36.1,1.125
36.1,1.125
36.1,1.125
36.1,1.125
36.1,1.125
36.1,1.125
36.1,1.125
36.1,1.125
36.1,1.125
36.1,1.125
36.1,1.125
36.1,1.125
36.1,1.125
36.1,1.125
36.1,1.125
36.1,1.125
36.1,1.125
36.1,1.125
36.1,1.125
36.2,1.125
36.2,1.130
36.2,1.130
36.2,1.130
36.2,1.130
36.2,1.130
36.2,1.130
36.2,1.130
36.2,1.130
36.2,1.130
36.2,1.130
36.2,1.130
36.2,1.130
36.2,1.130
36.2,1.130
36.2,1.130
36.2,1.130
36.2,1.130
36.2,1.130
36.2,1.130
36.2,1.130
36.2,1.130
36.2,1.130
36.2,1.130
36.2,1.130
36.2,1.130
36.2,1.130
36.2,1.130
36.2,1.130
36.2,1.130
36.2,1.135
36.2,1.135
36.2,1.135
36.2,1.135
36.2,1.135
36.2,1.135
36.2,1.135
36.2,1.135
36.2,1.135
36.2,1.135
36.1,1.135
36.1,1.135
36.1,1.135
36.1,1.135
36.1,1.135
36.1,1.135
36.1,1.135
36.2,1.135
36.2,1.135
36.2,1.135
36.2,1.135
36.2,1.135
36.2,1.135
36.2,1.135
36.2,1.135
36.2,1.135
36.2,1.135
36.2,1.140
36.2,1.140
36.2,1.140
36.2,1.140
36.2,1.140
36.2,1.140
36.2,1.140
36.2,1.140
36.2,1.140
36.2,1.140
36.2,1.140
36.2,1.140
36.2,1.140
36.2,1.140
36.2,1.140
36.2,1.140
36.2,1.140
36.2,1.140
36.2,1.140
36.2,1.140
36.2,1.140
36.2,1.140
36.2,1.140
36.2,1.140
36.2,1.140
36.2,1.140
36.2,1.140
36.2,1.145
36.2,1.145
36.2,1.145
36.2,1.145
36.2,1.145
36.2,1.145
36.2,1.145
36.2,1.145
36.2,1.145
36.2,1.145
36.2,1.145
36.2,1.145
36.2,1.145
36.2,1.145
36.2,1.145
36.2,1.145
36.2,1.145
36.2,1.145
36.2,1.145
36.2,1.145
36.2,1.145
36.2,1.145
36.1,1.145
36.1,1.145
36.1,1.145
36.1,1.145
36.1,1.145
36.1,1.145
36.1,1.150
36.1,1.150
36.1,1.150
36.1,1.150
36.1,1.150
36.1,1.150
36.1,1.150
36.1,1.150
36.1,1.150
36.1,1.150
36.1,1.150
36.1,1.150
36.1,1.150
36.1,1.150
36.1,1.150
36.1,1.150
36.1,1.150
36.1,1.150
36.1,1.150
36.1,1.150
36.1,1.150
36.1,1.150
36.1,1.150
36.1,1.150
36.1,1.150
36.1,1.150
36.1,1.150
36.1,1.150
36.1,1.150
36.1,1.150
36.1,1.155
36.1,1.155
36.1,1.155
36.1,1.155
36.1,1.155
36.1,1.155
36.2,1.155
36.2,1.155
36.2,1.155
36.2,1.155
36.2,1.155
36.2,1.155
36.2,1.155
36.2,1.155
36.2,1.155
36.2,1.155
36.2,1.155
36.2,1.155
36.2,1.155
36.2,1.155
36.2,1.155
36.2,1.155
36.2,1.155
36.2,1.155
36.2,1.155
36.2,1.155
36.2,1.155
36.2,1.155
36.2,1.160
36.2,1.160
36.2,1.160
36.2,1.160
36.2,1.160
36.2,1.160
36.2,1.160
36.2,1.160
36.2,1.160
36.2,1.160
36.2,1.160
36.2,1.160
36.2,1.160
36.2,1.160
36.2,1.160
36.2,1.160
36.2,1.160
36.2,1.160
36.2,1.160
36.2,1.160
36.2,1.160
36.2,1.160
36.2,1.160
36.2,1.160
36.2,1.160
36.2,1.160
36.2,1.160
36.2,1.160
36.2,1.160
36.2,1.160
36.2,1.165
36.3,1.165
36.3,1.165
36.3,1.165
36.3,1.165
36.3,1.165
36.3,1.165
36.3,1.165
36.2,1.165
36.2,1.165
36.2,1.165
36.2,1.165
36.2,1.165
36.2,1.165
36.2,1.165
36.2,1.165
36.2,1.165
36.2,1.165
36.2,1.165
36.2,1.165
36.2,1.165
36.2,1.165
36.2,1.165
36.2,1.165
36.2,1.165
36.2,1.165
36.2,1.165
36.2,1.165
36.2,1.170
36.2,1.170
36.2,1.170
36.2,1.170
36.2,1.170
36.2,1.170
36.2,1.170
36.2,1.170
36.2,1.170
36.2,1.170
36.2,1.170
36.2,1.170
36.2,1.170
36.2,1.170
36.2,1.170
36.2,1.170
36.2,1.170
36.2,1.170
36.2,1.170
36.2,1.170
36.2,1.170
36.2,1.170
36.2,1.170
36.2,1.170
36.2,1.170
36.2,1.170
36.2,1.170
36.2,1.170
36.2,1.170
36.2,1.175
36.2,1.175
36.2,1.175
36.2,1.175
36.2,1.175
36.2,1.175
36.2,1.175
36.2,1.175
36.2,1.175
36.2,1.175
36.2,1.175
36.2,1.175
36.2,1.175
36.2,1.175
36.2,1.175
36.3,1.175
36.3,1.175
36.3,1.175
36.3,1.175
36.3,1.175
36.3,1.175
36.3,1.175
36.3,1.175
36.3,1.175
36.3,1.175
36.3,1.175
36.3,1.180
36.3,1.180
36.3,1.180
36.3,1.180
36.3,1.180
36.3,1.180
36.3,1.180
36.3,1.180
36.3,1.180
36.3,1.180
36.3,1.180
36.3,1.180
36.3,1.180
36.3,1.180
36.3,1.180
36.3,1.180
36.3,1.180
36.3,1.180
36.3,1.180
36.3,1.180
36.3,1.180
36.3,1.180
36.3,1.180
36.3,1.180
36.3,1.185
36.3,1.185
36.3,1.185
36.3,1.185
36.3,1.185
36.3,1.185
36.3,1.185
36.3,1.185
36.3,1.185
36.3,1.185
36.3,1.185
36.3,1.185
36.3,1.185
36.3,1.185
36.3,1.185
36.3,1.185
36.3,1.185
36.3,1.185
36.3,1.185
36.3,1.185
36.3,1.185
36.3,1.185
36.3,1.185
36.3,1.185
36.3,1.185
36.3,1.190
36.3,1.190
36.3,1.190
36.3,1.190
36.3,1.190
36.3,1.190
36.3,1.190
36.3,1.190
36.3,1.190
36.3,1.190
36.3,1.190
36.3,1.190
36.3,1.190
36.3,1.190
36.3,1.190
36.3,1.190
36.3,1.190
36.3,1.190
36.3,1.190
36.3,1.190
36.3,1.190
36.3,1.190
36.3,1.190
36.3,1.190
36.3,1.190
36.3,1.195
36.3,1.195
36.3,1.195
36.3,1.195
36.3,1.195
36.3,1.195
36.3,1.195
36.3,1.195
36.3,1.195
36.3,1.195
36.3,1.195
36.3,1.195
36.3,1.195
36.3,1.195
36.3,1.195
36.3,1.195
36.3,1.195
36.3,1.195
36.3,1.195
36.3,1.195
36.3,1.195
36.3,1.195
36.3,1.195
36.3,1.200
36.3,1.200
36.3,1.200
36.3,1.200
36.3,1.200
36.3,1.200
36.3,1.200
36.3,1.200
36.3,1.200
36.3,1.200
36.3,1.200
36.3,1.200
36.3,1.200
36.3,1.200
36.3,1.200
36.3,1.200
36.3,1.200
36.3,1.200
36.3,1.200
36.3,1.200
36.3,1.200
36.3,1.200
36.3,1.205
36.3,1.205
36.3,1.205
36.3,1.205
36.3,1.205
36.3,1.205
36.3,1.205
36.3,1.205
36.3,1.205
36.3,1.205
36.3,1.205
36.3,1.205
36.3,1.205
36.3,1.205
36.3,1.205
36.3,1.205
36.3,1.205
36.3,1.205
36.3,1.205
36.3,1.205
36.3,1.205
36.3,1.205
36.3,1.205
36.3,1.205
36.3,1.210
36.3,1.210
36.3,1.210
36.3,1.210
36.3,1.210
36.3,1.210
36.3,1.210
36.3,1.210
36.3,1.210
36.3,1.210
36.3,1.210
36.3,1.210
36.3,1.210
36.3,1.210
36.3,1.210
36.3,1.210
36.3,1.210
36.4,1.210
36.4,1.210
36.4,1.210
36.4,1.210
36.4,1.210
36.4,1.210
36.4,1.210
36.4,1.215
36.4,1.215
36.4,1.215
36.4,1.215
36.4,1.215
36.4,1.215
36.4,1.215
36.4,1.215
36.4,1.215
36.4,1.215
36.4,1.215
36.4,1.215
36.4,1.215
36.4,1.215
36.4,1.215
36.4,1.215
36.4,1.215
36.4,1.215
36.4,1.215
36.4,1.215
36.4,1.215
36.4,1.215
36.4,1.220
36.4,1.220
36.4,1.220
36.4,1.220
36.4,1.220
36.4,1.220
36.4,1.220
36.4,1.220
36.4,1.220
36.4,1.220
36.4,1.220
36.4,1.220
36.4,1.220
36.4,1.220
36.4,1.220
36.3,1.220
36.3,1.220
36.3,1.220
36.3,1.220
36.3,1.220
36.3,1.220
36.3,1.220
36.3,1.220
36.3,1.225
36.3,1.225
36.3,1.225
36.3,1.225
36.3,1.225
36.3,1.225
36.3,1.225
36.3,1.225
36.3,1.225
36.3,1.225
36.3,1.225
36.3,1.225
36.3,1.225
36.3,1.225
36.3,1.225
36.3,1.225
36.3,1.225
36.3,1.225
36.3,1.225
36.3,1.225
36.3,1.225
36.3,1.225
36.3,1.225
36.3,1.225
36.3,1.230
36.3,1.230
36.4,1.230
36.4,1.230
36.4,1.230
36.4,1.230
36.4,1.230
36.4,1.230
36.4,1.230
36.4,1.230
36.4,1.230
36.4,1.230
36.4,1.230
36.4,1.230
36.4,1.230
36.4,1.230
36.4,1.230
36.4,1.230
36.4,1.230
36.4,1.230
36.4,1.230
36.4,1.230
36.4,1.230
36.4,1.235
36.3,1.235
36.3,1.235
36.3,1.235
36.3,1.235
36.3,1.235
36.3,1.235
36.3,1.235
36.3,1.235
36.3,1.235
36.3,1.235
36.3,1.235
36.3,1.235
36.3,1.235
36.3,1.235
36.3,1.235
36.4,1.235
36.4,1.235
36.4,1.235
36.4,1.235
36.4,1.235
36.4,1.235
36.4,1.240
36.4,1.240
36.4,1.240
36.3,1.240
36.3,1.240
36.3,1.240
36.3,1.240
36.3,1.240
36.3,1.240
36.3,1.240
36.3,1.240
36.3,1.240
36.4,1.240
36.4,1.240
36.4,1.240
36.4,1.240
36.4,1.240
36.4,1.240
36.4,1.240
36.4,1.240
36.4,1.240
36.4,1.240
36.4,1.245
36.4,1.245
36.4,1.245
36.4,1.245
36.4,1.245
36.4,1.245
36.4,1.245
36.4,1.245
36.4,1.245
36.4,1.245
36.4,1.245
36.4,1.245
36.4,1.245
36.4,1.245
36.4,1.245
36.3,1.245
36.3,1.245
36.3,1.245
36.3,1.245
36.3,1.245
36.3,1.245
36.3,1.245
36.3,1.245
36.3,1.250
36.3,1.250
36.3,1.250
36.3,1.250
36.3,1.250
36.3,1.250
36.3,1.250
36.3,1.250
36.3,1.250
36.3,1.250
36.3,1.250
36.3,1.250
36.3,1.250
36.3,1.250
36.3,1.250
36.3,1.250
36.3,1.250
36.3,1.250
36.3,1.250
36.3,1.250
36.3,1.250
36.3,1.250
36.3,1.250
36.3,1.255
36.3,1.255
36.3,1.255
36.3,1.255
36.3,1.255
36.3,1.255
36.3,1.255
36.4,1.255
36.4,1.255
36.4,1.255
36.4,1.255
36.4,1.255
36.4,1.255
36.4,1.255
36.4,1.255
36.4,1.255
36.4,1.255
36.4,1.255
36.4,1.255
36.4,1.255
36.4,1.255
36.4,1.255
36.4,1.260
36.4,1.260
36.4,1.260
36.4,1.260
36.4,1.260
36.4,1.260
36.4,1.260
36.4,1.260
36.4,1.260
36.4,1.260
36.4,1.260
36.4,1.260
36.4,1.260
36.4,1.260
36.4,1.260
36.4,1.260
36.4,1.260
36.4,1.260
36.4,1.260
36.4,1.260
36.4,1.260
36.4,1.260
36.4,1.265
36.4,1.265
36.4,1.265
36.4,1.265
36.4,1.265
36.4,1.265
36.4,1.265
36.4,1.265
36.4,1.265
36.4,1.265
36.4,1.265
36.4,1.265
36.4,1.265
36.4,1.265
36.4,1.265
36.4,1.265
36.4,1.265
36.4,1.265
36.4,1.265
36.4,1.265
36.4,1.265
36.4,1.265
36.4,1.265
36.4,1.265
36.4,1.270
36.4,1.270
36.4,1.270
36.4,1.270
36.4,1.270
36.4,1.270
36.4,1.270
36.4,1.270
36.4,1.270
36.4,1.270
36.4,1.270
36.4,1.270
36.4,1.270
36.4,1.270
36.4,1.270
36.4,1.270
36.4,1.270
36.4,1.270
36.4,1.270
36.4,1.270
36.4,1.270
36.4,1.270
36.4,1.270
36.4,1.270
36.4,1.275
36.4,1.275
36.4,1.275
36.4,1.275
36.4,1.275
36.4,1.275
36.4,1.275
36.4,1.275
36.4,1.275
36.4,1.275
36.4,1.275
36.4,1.275
36.4,1.275
36.4,1.275
36.4,1.275
36.4,1.275
36.4,1.275
36.4,1.275
36.4,1.275
36.4,1.275
36.4,1.275
36.4,1.275
36.4,1.275
36.4,1.275
36.4,1.275
36.4,1.280
36.4,1.280
36.4,1.280
36.4,1.280
36.4,1.280
36.4,1.280
36.4,1.280
36.4,1.280
36.4,1.280
36.4,1.280
36.4,1.280
36.4,1.280
36.4,1.280
36.4,1.280
36.4,1.280
36.4,1.280
36.4,1.280
36.4,1.280
36.4,1.280
36.4,1.280
36.4,1.280
36.4,1.280
36.4,1.280
36.4,1.285
36.4,1.285
36.4,1.285
36.4,1.285
36.4,1.285
36.4,1.285
36.4,1.285
36.4,1.285
36.4,1.285
36.4,1.285
36.4,1.285
36.4,1.285
36.4,1.285
36.4,1.285
36.4,1.285
36.4,1.285
36.4,1.285
36.4,1.285
36.4,1.285
36.4,1.285
36.4,1.285
36.4,1.285
36.4,1.285
36.4,1.285
36.4,1.285
36.4,1.285
36.4,1.285
36.4,1.290
36.4,1.290
36.4,1.290
36.4,1.290
36.4,1.290
36.4,1.290
36.4,1.290
36.4,1.290
36.4,1.290
36.4,1.290
36.4,1.290
36.4,1.290
36.4,1.290
36.4,1.290
36.4,1.290
36.4,1.290
36.4,1.290
36.4,1.290
36.4,1.290
36.4,1.290
36.4,1.290
36.4,1.290
36.4,1.290
36.4,1.290
36.4,1.290
36.4,1.290
36.4,1.290
36.4,1.295
36.4,1.295
36.4,1.295
36.4,1.295
36.4,1.295
36.4,1.295
36.4,1.295
36.4,1.295
36.4,1.295
36.4,1.295
36.4,1.295
36.4,1.295
36.4,1.295
36.4,1.295
36.4,1.295
36.4,1.295
36.4,1.295
36.4,1.295
36.4,1.295
36.4,1.295
36.4,1.295
36.4,1.295
36.4,1.295
36.4,1.295
36.4,1.295
36.4,1.295
36.5,1.295
36.5,1.295
36.5,1.300
36.5,1.300
36.5,1.300
36.5,1.300
36.5,1.300
36.5,1.300
36.5,1.300
36.5,1.300
36.5,1.300
36.5,1.300
36.5,1.300
36.5,1.300
36.5,1.300
36.5,1.300
36.5,1.300
36.5,1.300
36.5,1.300
36.5,1.300
36.5,1.300
36.5,1.300
36.5,1.300
36.5,1.300
36.5,1.300
36.5,1.300
36.5,1.300
36.5,1.300
36.5,1.300
36.5,1.300
36.5,1.300
36.5,1.300
36.5,1.305
36.5,1.305
36.5,1.305
36.5,1.305
36.5,1.305
36.5,1.305
36.5,1.305
36.5,1.305
36.5,1.305
36.5,1.305
36.5,1.305
36.5,1.305
36.5,1.305
36.5,1.305
36.5,1.305
36.5,1.305
36.5,1.305
36.5,1.305
36.5,1.305
36.5,1.305
36.5,1.305
36.5,1.305
36.5,1.305
36.5,1.305
36.5,1.305
36.5,1.305
36.5,1.305
36.6,1.305
36.6,1.305
36.6,1.305
36.6,1.305
36.6,1.305
36.6,1.305
36.6,1.305
36.6,1.310
36.6,1.310
36.6,1.310
36.6,1.310
36.6,1.310
36.5,1.310
36.5,1.310
36.5,1.310
36.5,1.310
36.5,1.310
36.5,1.310
36.5,1.310
36.5,1.310
36.5,1.310
36.6,1.310
36.6,1.310
36.6,1.310
36.6,1.310
36.6,1.310
36.6,1.310
36.6,1.310
36.6,1.310
36.6,1.310
36.6,1.310
36.6,1.310
36.5,1.310
36.5,1.310
36.5,1.310
36.5,1.310
36.5,1.310
36.5,1.310
36.5,1.310
36.5,1.310
36.5,1.315
36.6,1.315
36.6,1.315
36.6,1.315
36.6,1.315
36.6,1.315
36.6,1.315
36.6,1.315
36.6,1.315
36.6,1.315
36.6,1.315
36.6,1.315
36.6,1.315
36.6,1.315
36.6,1.315
36.6,1.315
36.6,1.315
36.6,1.315
36.6,1.315
36.6,1.315
36.6,1.315
36.6,1.315
36.6,1.315
36.6,1.315
36.6,1.315
36.6,1.315
36.6,1.315
36.6,1.315
36.6,1.315
36.6,1.315
36.6,1.320
36.6,1.320
36.6,1.320
36.6,1.320
36.6,1.320
36.6,1.320
36.6,1.320
36.6,1.320
36.6,1.320
36.6,1.320
36.6,1.320
36.6,1.320
36.6,1.320
36.6,1.320
36.6,1.320
36.6,1.320
36.6,1.320
36.6,1.320
36.6,1.320
36.6,1.320
36.6,1.320
36.6,1.320
36.6,1.320
36.6,1.320
36.6,1.320
36.6,1.320
36.6,1.320
36.6,1.320
36.6,1.320
36.6,1.320
36.6,1.320
36.6,1.320
36.6,1.325
36.6,1.325
36.6,1.325
36.6,1.325
36.6,1.325
36.6,1.325
36.6,1.325
36.6,1.325
36.6,1.325
36.6,1.325
36.6,1.325
36.6,1.325
36.6,1.325
36.6,1.325
36.6,1.325
36.6,1.325
36.6,1.325
36.6,1.325
36.6,1.325
36.6,1.325
36.6,1.325
36.6,1.325
36.6,1.325
36.6,1.325
36.6,1.325
36.6,1.325
36.6,1.325
36.6,1.325
36.6,1.325
36.6,1.325
36.6,1.325
36.6,1.330
36.6,1.330
36.6,1.330
36.6,1.330
36.6,1.330
36.6,1.330
36.6,1.330
36.6,1.330
36.6,1.330
36.6,1.330
36.6,1.330
36.6,1.330
36.6,1.330
36.6,1.330
36.6,1.330
36.6,1.330
36.6,1.330
36.6,1.330
36.6,1.330
36.6,1.330
36.6,1.330
36.6,1.330
36.6,1.330
36.6,1.330
36.6,1.330
36.6,1.330
36.6,1.330
36.6,1.330
36.6,1.330
36.6,1.330
36.6,1.335
36.6,1.335
36.6,1.335
36.6,1.335
36.6,1.335
36.6,1.335
36.6,1.335
36.6,1.335
36.6,1.335
36.6,1.335
36.6,1.335
36.6,1.335
36.6,1.335
36.6,1.335
36.6,1.335
36.6,1.335
36.6,1.335
36.6,1.335
36.6,1.335
36.6,1.335
36.6,1.335
36.6,1.335
36.6,1.335
36.6,1.335
36.6,1.335
36.6,1.335
36.6,1.335
36.6,1.335
36.6,1.340
36.6,1.340
36.6,1.340
36.6,1.340
36.6,1.340
36.6,1.340
36.6,1.340
36.6,1.340
36.6,1.340
36.6,1.340
36.6,1.340
36.6,1.340
36.6,1.340
36.6,1.340
36.6,1.340
36.6,1.340
36.6,1.340
36.6,1.340
36.6,1.340
36.6,1.340
36.6,1.340
36.6,1.340
36.6,1.340
36.5,1.340
36.5,1.340
36.5,1.340
36.5,1.340
36.5,1.345
36.5,1.345
36.5,1.345
36.5,1.345
36.5,1.345
36.5,1.345
36.5,1.345
36.5,1.345
36.5,1.345
36.5,1.345
36.5,1.345
36.5,1.345
36.5,1.345
36.5,1.345
36.5,1.345
36.5,1.345
36.5,1.345
36.5,1.345
36.5,1.345
36.5,1.345
36.5,1.345
36.5,1.345
36.5,1.345
36.5,1.345
36.5,1.345
36.6,1.345
36.6,1.350
36.6,1.350
36.6,1.350
36.6,1.350
36.6,1.350
36.6,1.350
36.6,1.350
36.6,1.350
36.6,1.350
36.6,1.350
36.6,1.350
36.6,1.350
36.6,1.350
36.6,1.350
36.6,1.350
36.6,1.350
36.6,1.350
36.6,1.350
36.6,1.350
36.6,1.350
36.6,1.350
36.6,1.350
36.6,1.350
36.6,1.350
36.6,1.350
36.6,1.350
36.7,1.350
36.7,1.355
36.7,1.355
36.7,1.355
36.7,1.355
36.7,1.355
36.7,1.355
36.6,1.355
36.6,1.355
36.6,1.355
36.6,1.355
36.6,1.355
36.6,1.355
36.6,1.355
36.6,1.355
36.6,1.355
36.6,1.355
36.6,1.355
36.6,1.355
36.6,1.355
36.6,1.355
36.6,1.355
36.7,1.355
36.7,1.355
36.7,1.355
36.7,1.355
36.7,1.360
36.7,1.360
36.7,1.360
36.7,1.360
36.7,1.360
36.7,1.360
36.7,1.360
36.7,1.360
36.7,1.360
36.7,1.360
36.7,1.360
36.7,1.360
36.7,1.360
36.7,1.360
36.7,1.360
36.7,1.360
36.7,1.360
36.7,1.360
36.7,1.360
36.7,1.360
36.7,1.360
36.7,1.360
36.7,1.360
36.7,1.360
36.7,1.365
36.7,1.365
36.7,1.365
36.7,1.365
36.7,1.365
36.7,1.365
36.7,1.365
36.7,1.365
36.7,1.365
36.7,1.365
36.7,1.365
36.7,1.365
36.7,1.365
36.7,1.365
36.7,1.365
36.7,1.365
36.7,1.365
36.7,1.365
36.7,1.365
36.7,1.365
36.7,1.365
36.7,1.365
36.7,1.365
36.7,1.365
36.7,1.365
36.7,1.365
36.7,1.370
36.6,1.370
36.6,1.370
36.6,1.370
36.6,1.370
36.6,1.370
36.6,1.370
36.6,1.370
36.6,1.370
36.7,1.370
36.7,1.370
36.7,1.370
36.7,1.370
36.7,1.370
36.7,1.370
36.7,1.370
36.7,1.370
36.7,1.370
36.7,1.370
36.7,1.370
36.7,1.370
36.7,1.370
36.7,1.370
36.7,1.370
36.7,1.370
36.7,1.370
36.7,1.375
36.7,1.375
36.7,1.375
36.7,1.375
36.7,1.375
36.7,1.375
36.7,1.375
36.7,1.375
36.7,1.375
36.7,1.375
36.7,1.375
36.7,1.375
36.7,1.375
36.7,1.375
36.7,1.375
36.7,1.375
36.7,1.375
36.7,1.375
36.7,1.375
36.7,1.375
36.7,1.375
36.7,1.375
36.7,1.375
36.7,1.375
36.7,1.375
36.7,1.380
36.7,1.380
36.7,1.380
36.7,1.380
36.7,1.380
36.7,1.380
36.7,1.380
36.7,1.380
36.7,1.380
36.7,1.380
36.7,1.380
36.7,1.380
36.7,1.380
36.7,1.380
36.7,1.380
36.7,1.380
36.7,1.380
36.7,1.380
36.7,1.380
36.7,1.380
36.7,1.380
36.7,1.380
36.7,1.380
36.7,1.380
36.7,1.380
36.7,1.385
36.7,1.385
36.7,1.385
36.7,1.385
36.7,1.385
36.7,1.385
36.7,1.385
36.7,1.385
36.7,1.385
36.7,1.385
36.7,1.385
36.7,1.385
36.7,1.385
36.7,1.385
36.7,1.385
36.7,1.385
36.7,1.385
36.7,1.385
36.7,1.385
36.7,1.385
36.7,1.385
36.8,1.385
36.8,1.385
36.8,1.385
36.8,1.385
36.8,1.385
36.8,1.390
36.8,1.390
36.8,1.390
36.8,1.390
36.8,1.390
36.8,1.390
36.8,1.390
36.8,1.390
36.8,1.390
36.8,1.390
36.8,1.390
36.8,1.390
36.8,1.390
36.8,1.390
36.8,1.390
36.8,1.390
36.8,1.390
36.8,1.390
36.8,1.390
36.8,1.390
36.8,1.390
36.8,1.390
36.8,1.390
36.8,1.390
36.8,1.390
36.7,1.395
36.7,1.395
36.7,1.395
36.7,1.395
36.7,1.395
36.7,1.395
36.7,1.395
36.7,1.395
36.7,1.395
36.7,1.395
36.7,1.395
36.8,1.395
36.8,1.395
36.8,1.395
36.8,1.395
36.8,1.395
36.8,1.395
36.8,1.395
36.8,1.395
36.8,1.395
36.8,1.395
36.8,1.395
36.8,1.395
36.8,1.395
36.8,1.400
36.8,1.400
36.8,1.400
36.8,1.400
36.8,1.400
36.8,1.400
36.8,1.400
36.8,1.400
36.8,1.400
36.8,1.400
36.8,1.400
36.8,1.400
36.8,1.400
36.8,1.400
36.8,1.400
36.8,1.400
36.8,1.400
36.8,1.400
36.8,1.400
36.8,1.400
36.8,1.400
36.8,1.400
36.8,1.400
36.8,1.400
36.8,1.400
36.8,1.400
36.8,1.405
36.8,1.405
36.8,1.405
36.8,1.405
36.8,1.405
36.8,1.405
36.8,1.405
36.8,1.405
36.8,1.405
36.8,1.405
36.8,1.405
36.9,1.405
36.9,1.405
36.9,1.405
36.9,1.405
36.9,1.405
36.9,1.405
36.9,1.405
36.9,1.405
36.9,1.405
36.9,1.405
36.8,1.405
36.8,1.405
36.8,1.405
36.8,1.405
36.8,1.405
36.8,1.410
36.8,1.410
36.8,1.410
36.8,1.410
36.8,1.410
36.8,1.410
36.8,1.410
36.8,1.410
36.8,1.410
36.8,1.410
36.8,1.410
36.8,1.410
36.8,1.410
36.8,1.410
36.8,1.410
36.8,1.410
36.8,1.410
36.8,1.410
36.8,1.410
36.8,1.410
36.8,1.410
36.8,1.410
36.8,1.410
36.8,1.410
36.8,1.410
36.8,1.410
36.8,1.410
36.8,1.415
36.8,1.415
36.8,1.415
36.8,1.415
36.8,1.415
36.8,1.415
36.8,1.415
36.8,1.415
36.8,1.415
36.8,1.415
36.8,1.415
36.8,1.415
36.8,1.415
36.8,1.415
36.8,1.415
36.8,1.415
36.8,1.415
36.8,1.415
36.8,1.415
36.8,1.415
36.8,1.415
36.8,1.415
36.8,1.415
36.8,1.415
36.8,1.415
36.8,1.415
36.8,1.420
36.9,1.420
36.9,1.420
36.9,1.420
36.9,1.420
36.9,1.420
36.9,1.420
36.9,1.420
36.9,1.420
36.9,1.420
36.9,1.420
36.9,1.420
36.9,1.420
36.9,1.420
36.9,1.420
36.9,1.420
36.9,1.420
36.9,1.420
36.9,1.420
36.9,1.420
36.9,1.420
36.9,1.420
36.9,1.420
36.9,1.420
36.9,1.420
36.9,1.425
36.9,1.425
36.9,1.425
36.9,1.425
36.9,1.425
36.9,1.425
36.9,1.425
36.9,1.425
36.9,1.425
36.9,1.425
36.9,1.425
36.9,1.425
36.9,1.425
36.9,1.425
36.9,1.425
36.9,1.425
36.9,1.425
36.9,1.425
36.9,1.425
36.9,1.425
36.9,1.425
36.9,1.425
36.9,1.425
36.9,1.425
36.9,1.425
36.9,1.425
36.8,1.425
36.8,1.425
36.8,1.430
36.8,1.430
36.8,1.430
36.8,1.430
36.8,1.430
36.8,1.430
36.8,1.430
36.8,1.430
36.8,1.430
36.8,1.430
36.8,1.430
36.8,1.430
36.9,1.430
36.9,1.430
36.9,1.430
36.9,1.430
36.9,1.430
36.9,1.430
36.9,1.430
36.9,1.430
36.9,1.430
36.9,1.430
36.9,1.430
36.9,1.430
36.9,1.430
36.9,1.430
36.9,1.430
36.9,1.430
36.9,1.435
36.9,1.435
36.9,1.435
36.9,1.435
36.9,1.435
36.9,1.435
36.9,1.435
36.9,1.435
36.8,1.435
36.8,1.435
36.8,1.435
36.8,1.435
36.8,1.435
36.8,1.435
36.8,1.435
36.8,1.435
36.8,1.435
36.8,1.435
36.8,1.435
36.8,1.435
36.8,1.435
36.8,1.435
36.8,1.435
36.8,1.435
36.8,1.435
36.8,1.435
36.8,1.435
36.8,1.440
36.8,1.440
36.8,1.440
36.8,1.440
36.8,1.440
36.8,1.440
36.8,1.440
36.8,1.440
36.8,1.440
36.8,1.440
36.8,1.440
36.8,1.440
36.8,1.440
36.8,1.440
36.8,1.440
36.8,1.440
36.8,1.440
36.8,1.440
36.8,1.440
36.8,1.440
36.8,1.440
36.8,1.440
36.8,1.440
36.8,1.440
36.8,1.440
36.9,1.440
36.9,1.440
36.9,1.445
36.9,1.445
36.9,1.445
36.9,1.445
36.9,1.445
36.9,1.445
36.9,1.445
36.9,1.445
36.9,1.445
36.9,1.445
36.9,1.445
36.9,1.445
36.9,1.445
36.9,1.445
36.9,1.445
36.9,1.445
36.9,1.445
36.9,1.445
36.9,1.445
36.9,1.445
36.9,1.445
36.9,1.445
36.9,1.445
36.9,1.445
36.9,1.445
37.0,1.445
37.0,1.445
37.0,1.445
37.0,1.445
37.0,1.450
37.0,1.450
37.0,1.450
37.0,1.450
36.9,1.450
36.9,1.450
36.9,1.450
36.9,1.450
36.9,1.450
36.9,1.450
36.9,1.450
36.9,1.450
36.9,1.450
36.9,1.450
36.9,1.450
36.9,1.450
36.9,1.450
36.9,1.450
36.9,1.450
36.9,1.450
36.9,1.450
36.9,1.450
36.9,1.450
36.9,1.450
36.9,1.450
36.9,1.450
36.9,1.450
36.9,1.450
36.9,1.450
36.9,1.450
36.9,1.455
36.9,1.455
36.9,1.455
36.9,1.455
36.9,1.455
36.9,1.455
36.9,1.455
36.9,1.455
36.9,1.455
37.0,1.455
37.0,1.455
37.0,1.455
37.0,1.455
37.0,1.455
37.0,1.455
36.9,1.455
36.8,1.455
36.8,1.455
36.8,1.455
36.8,1.455
36.8,1.455
36.8,1.455
36.8,1.455
36.8,1.455
36.8,1.455
36.8,1.455
36.8,1.455
36.8,1.460
36.9,1.460
36.9,1.460
36.9,1.460
36.9,1.460
36.9,1.460
36.9,1.460
36.9,1.460
36.9,1.460
36.9,1.460
36.9,1.460
36.9,1.460
36.9,1.460
36.9,1.460
36.9,1.460
36.9,1.460
36.9,1.460
36.9,1.460
36.9,1.460
36.9,1.460
36.9,1.460
37.0,1.460
37.0,1.460
37.0,1.460
37.0,1.460
37.0,1.460
36.9,1.460
36.9,1.460
36.9,1.465
36.9,1.465
36.9,1.465
36.9,1.465
36.9,1.465
36.9,1.465
36.9,1.465
36.9,1.465
36.9,1.465
36.9,1.465
36.9,1.465
36.9,1.465
36.9,1.465
36.9,1.465
36.9,1.465
36.9,1.465
36.9,1.465
36.9,1.465
36.9,1.465
36.9,1.465
36.9,1.465
36.9,1.465
36.9,1.465
36.9,1.465
36.9,1.465
36.9,1.465
36.9,1.465
37.0,1.465
37.0,1.465
37.0,1.470
37.0,1.470
37.0,1.470
37.0,1.470
37.0,1.470
37.0,1.470
37.0,1.470
37.0,1.470
37.0,1.470
37.0,1.470
37.0,1.470
37.0,1.470
37.0,1.470
37.0,1.470
37.0,1.470
37.0,1.470
37.0,1.470
37.0,1.470
37.0,1.470
37.0,1.470
37.0,1.470
37.0,1.470
37.0,1.470
37.0,1.470
37.0,1.470
37.0,1.470
37.0,1.470
37.0,1.470
37.0,1.470
37.0,1.475
37.0,1.475
37.0,1.475
37.0,1.475
37.0,1.475
37.0,1.475
37.0,1.475
37.0,1.475
37.0,1.475
37.0,1.475
37.0,1.475
37.0,1.475
37.0,1.475
37.0,1.475
37.0,1.475
37.0,1.475
37.0,1.475
37.0,1.475
37.0,1.475
37.0,1.475
37.0,1.475
37.0,1.475
37.0,1.475
37.0,1.475
37.0,1.475
37.0,1.475
37.0,1.475
37.0,1.480
37.0,1.480
37.0,1.480
37.0,1.480
37.0,1.480
37.0,1.480
37.0,1.480
37.0,1.480
37.0,1.480
37.0,1.480
37.0,1.480
37.0,1.480
37.0,1.480
37.0,1.480
37.0,1.480
37.0,1.480
37.0,1.480
37.0,1.480
37.0,1.480
37.0,1.480
37.0,1.480
37.0,1.480
37.0,1.480
37.0,1.480
37.0,1.480
37.0,1.480
37.0,1.480
37.1,1.480
37.1,1.480
37.1,1.485
37.1,1.485
37.1,1.485
37.1,1.485
37.1,1.485
37.1,1.485
37.1,1.485
37.1,1.485
37.1,1.485
37.1,1.485
37.1,1.485
37.1,1.485
37.1,1.485
37.1,1.485
37.1,1.485
37.1,1.485
37.1,1.485
37.1,1.485
37.1,1.485
37.1,1.485
37.1,1.485
37.1,1.485
37.1,1.485
37.1,1.485
37.1,1.485
37.1,1.485
37.1,1.485
37.1,1.490
37.0,1.490
37.0,1.490
37.0,1.490
37.0,1.490
37.1,1.490
37.1,1.490
37.1,1.490
37.1,1.490
37.1,1.490
37.1,1.490
37.1,1.490
37.1,1.490
37.1,1.490
37.1,1.490
37.1,1.490
37.1,1.490
37.1,1.490
37.1,1.490
37.1,1.490
37.1,1.490
37.1,1.490
37.1,1.490
37.1,1.490
37.1,1.490
37.1,1.490
37.1,1.490
37.1,1.490
37.1,1.495
37.1,1.495
37.1,1.495
37.1,1.495
37.1,1.495
37.1,1.495
37.1,1.495
37.1,1.495
37.1,1.495
37.1,1.495
37.1,1.495
37.1,1.495
37.1,1.495
37.1,1.495
37.1,1.495
37.1,1.495
37.1,1.495
37.1,1.495
37.1,1.495
37.1,1.495
37.1,1.495
37.1,1.495
37.1,1.495
37.1,1.495
37.1,1.495
37.1,1.495
37.1,1.500
37.1,1.500
37.1,1.500
37.1,1.500
37.1,1.500
37.1,1.500
37.1,1.500
37.1,1.500
37.1,1.500
37.1,1.500
37.1,1.500
37.1,1.500
37.1,1.500
37.1,1.500
37.1,1.500
37.1,1.500
37.1,1.500
37.1,1.500
37.1,1.500
37.1,1.500
37.1,1.500
37.1,1.500
37.1,1.500
37.1,1.500
37.1,1.500
37.1,1.505
37.1,1.505
37.1,1.505
37.1,1.505
37.1,1.505
37.1,1.505
37.1,1.505
37.1,1.505
37.1,1.505
37.1,1.505
37.1,1.505
37.1,1.505
37.1,1.505
37.1,1.505
37.1,1.505
37.1,1.505
37.1,1.505
37.1,1.505
37.1,1.505
37.1,1.505
37.1,1.505
37.1,1.505
37.1,1.505
37.1,1.505
37.0,1.505
37.0,1.505
37.0,1.510
37.0,1.510
37.0,1.510
37.0,1.510
37.0,1.510
37.0,1.510
37.0,1.510
37.0,1.510
37.1,1.510
37.1,1.510
37.1,1.510
37.1,1.510
37.1,1.510
37.1,1.510
37.1,1.510
37.1,1.510
37.1,1.510
37.1,1.510
37.1,1.510
37.1,1.510
37.1,1.510
37.1,1.510
37.1,1.510
37.1,1.510
37.1,1.510
37.1,1.515
37.1,1.515
37.1,1.515
37.1,1.515
37.1,1.515
37.1,1.515
37.1,1.515
37.1,1.515
37.1,1.515
37.1,1.515
37.1,1.515
37.1,1.515
37.1,1.515
37.1,1.515
37.1,1.515
37.1,1.515
37.1,1.515
37.1,1.515
37.1,1.515
37.1,1.515
37.1,1.515
37.1,1.515
37.1,1.515
37.1,1.515
37.1,1.515
37.1,1.520
37.1,1.520
37.1,1.520
37.1,1.520
37.1,1.520
37.1,1.520
37.1,1.520
37.1,1.520
37.1,1.520
37.1,1.520
37.1,1.520
37.1,1.520
37.1,1.520
37.1,1.520
37.1,1.520
37.1,1.520
37.1,1.520
37.1,1.520
37.1,1.520
37.1,1.520
37.1,1.520
37.1,1.520
37.1,1.525
37.1,1.525
37.1,1.525
37.1,1.525
37.1,1.525
37.1,1.525
37.2,1.525
37.2,1.525
37.2,1.525
37.2,1.525
37.2,1.525
37.2,1.525
37.2,1.525
37.2,1.525
37.2,1.525
37.1,1.525
37.1,1.525
37.1,1.525
37.1,1.525
37.1,1.525
37.1,1.525
37.1,1.525
37.1,1.525
37.1,1.525
37.1,1.525
37.1,1.530
37.1,1.530
37.1,1.530
37.1,1.530
37.1,1.530
37.1,1.530
37.1,1.530
37.1,1.530
37.1,1.530
37.1,1.530
37.1,1.530
37.1,1.530
37.1,1.530
37.1,1.530
37.1,1.530
37.1,1.530
37.1,1.530
37.1,1.530
37.1,1.530
37.1,1.530
37.1,1.530
37.1,1.530
37.1,1.530
37.1,1.530
37.1,1.535
37.1,1.535
37.1,1.535
37.1,1.535
37.1,1.535
37.1,1.535
37.1,1.535
37.1,1.535
37.1,1.535
37.1,1.535
37.1,1.535
37.1,1.535
37.1,1.535
37.1,1.535
37.1,1.535
37.1,1.535
37.1,1.535
37.1,1.535
37.1,1.535
37.1,1.535
37.1,1.535
37.1,1.535
37.1,1.535
37.1,1.535
37.1,1.535
37.1,1.540
37.1,1.540
37.1,1.540
37.1,1.540
37.1,1.540
37.1,1.540
37.1,1.540
37.1,1.540
37.1,1.540
37.1,1.540
37.1,1.540
37.1,1.540
37.1,1.540
37.1,1.540
37.1,1.540
37.1,1.540
37.1,1.540
37.1,1.540
37.1,1.540
37.1,1.540
37.1,1.540
37.1,1.540
37.1,1.540
37.1,1.540
37.1,1.545
37.1,1.545
37.1,1.545
37.1,1.545
37.1,1.545
37.1,1.545
37.1,1.545
37.1,1.545
37.1,1.545
37.1,1.545
37.1,1.545
37.1,1.545
37.1,1.545
37.1,1.545
37.1,1.545
37.1,1.545
37.1,1.545
37.1,1.545
37.1,1.545
37.1,1.545
37.1,1.545
37.1,1.545
37.1,1.545
37.2,1.545
37.2,1.545
37.2,1.545
37.2,1.545
37.2,1.550
37.2,1.550
37.2,1.550
37.2,1.550
37.2,1.550
37.2,1.550
37.2,1.550
37.2,1.550
37.2,1.550
37.2,1.550
37.2,1.550
37.2,1.550
37.2,1.550
37.2,1.550
37.2,1.550
37.2,1.550
37.2,1.550
37.2,1.550
37.2,1.550
37.2,1.550
37.2,1.550
37.2,1.550
37.2,1.550
37.2,1.550
37.2,1.550
37.2,1.550
37.2,1.555
37.2,1.555
37.2,1.555
37.2,1.555
37.2,1.555
37.2,1.555
37.2,1.555
37.2,1.555
37.2,1.555
37.2,1.555
37.2,1.555
37.2,1.555
37.2,1.555
37.2,1.555
37.2,1.555
37.2,1.555
37.2,1.555
37.2,1.555
37.2,1.555
37.2,1.555
37.2,1.555
37.2,1.555
37.2,1.555
37.2,1.555
37.2,1.555
37.2,1.555
37.2,1.560
37.2,1.560
37.2,1.560
37.2,1.560
37.2,1.560
37.2,1.560
37.2,1.560
37.2,1.560
37.2,1.560
37.2,1.560
37.2,1.560
37.2,1.560
37.2,1.560
37.2,1.560
37.2,1.560
37.3,1.560
37.3,1.560
37.3,1.560
37.3,1.560
37.3,1.560
37.3,1.560
37.2,1.560
37.2,1.560
37.2,1.560
37.2,1.560
37.2,1.560
37.2,1.560
37.2,1.560
37.2,1.560
37.2,1.565
37.2,1.565
37.2,1.565
37.2,1.565
37.2,1.565
37.2,1.565
37.2,1.565
37.2,1.565
37.2,1.565
37.2,1.565
37.2,1.565
37.2,1.565
37.2,1.565
37.2,1.565
37.2,1.565
37.2,1.565
37.2,1.565
37.2,1.565
37.2,1.565
37.2,1.565
37.2,1.565
37.2,1.565
37.2,1.565
37.2,1.565
37.2,1.565
37.2,1.565
37.2,1.565
37.2,1.565
37.2,1.570
37.2,1.570
37.2,1.570
37.2,1.570
37.2,1.570
37.2,1.570
37.2,1.570
37.2,1.570
37.2,1.570
37.2,1.570
37.2,1.570
37.2,1.570
37.2,1.570
37.2,1.570
37.2,1.570
37.2,1.570
37.2,1.570
37.2,1.570
37.3,1.570
37.3,1.570
37.3,1.570
37.3,1.570
37.3,1.570
37.3,1.570
37.3,1.570
37.3,1.570
37.3,1.570
37.3,1.570
37.3,1.570
37.3,1.575
37.3,1.575
37.3,1.575
37.3,1.575
37.3,1.575
37.3,1.575
37.3,1.575
37.3,1.575
37.3,1.575
37.3,1.575
37.3,1.575
37.3,1.575
37.3,1.575
37.3,1.575
37.3,1.575
37.3,1.575
37.3,1.575
37.3,1.575
37.3,1.575
37.3,1.575
37.3,1.575
37.3,1.575
37.3,1.575
37.3,1.575
37.3,1.575
37.3,1.575
37.3,1.580
37.3,1.580
37.3,1.580
37.3,1.580
37.3,1.580
37.3,1.580
37.3,1.580
37.3,1.580
37.3,1.580
37.3,1.580
37.3,1.580
37.3,1.580
37.3,1.580
37.3,1.580
37.3,1.580
37.3,1.580
37.3,1.580
37.3,1.580
37.3,1.580
37.3,1.580
37.3,1.580
37.3,1.580
37.3,1.580
37.3,1.585
37.3,1.585
37.3,1.585
37.3,1.585
37.3,1.585
37.3,1.585
37.3,1.585
37.3,1.585
37.3,1.585
37.3,1.585
37.3,1.585
37.3,1.585
37.3,1.585
37.3,1.585
37.3,1.585
37.3,1.585
37.3,1.585
37.3,1.585
37.3,1.585
37.3,1.585
37.3,1.585
37.3,1.585
37.3,1.585
37.3,1.585
37.3,1.585
37.3,1.585
37.3,1.590
37.3,1.590
37.3,1.590
37.3,1.590
37.3,1.590
37.3,1.590
37.3,1.590
37.3,1.590
37.3,1.590
37.3,1.590
37.3,1.590
37.3,1.590
37.3,1.590
37.3,1.590
37.3,1.590
37.3,1.590
37.3,1.590
37.3,1.590
37.3,1.590
37.3,1.590
37.3,1.590
37.3,1.590
37.3,1.590
37.3,1.590
37.3,1.590
37.3,1.590
37.3,1.595
37.3,1.595
37.3,1.595
37.3,1.595
37.3,1.595
37.3,1.595
37.3,1.595
37.3,1.595
37.3,1.595
37.3,1.595
37.3,1.595
37.3,1.595
37.3,1.595
37.3,1.595
37.3,1.595
37.3,1.595
37.3,1.595
37.3,1.595
37.3,1.595
37.3,1.595
37.3,1.595
37.3,1.595
37.3,1.595
37.3,1.595
37.3,1.595
37.3,1.595
37.3,1.600
37.4,1.600
37.4,1.600
37.4,1.600
37.4,1.600
37.4,1.600
37.4,1.600
37.4,1.600
37.4,1.600
37.4,1.600
37.4,1.600
37.4,1.600
37.4,1.600
37.4,1.600
37.3,1.600
37.3,1.600
37.3,1.600
37.3,1.600
37.3,1.600
37.3,1.600
37.3,1.600
37.3,1.600
37.3,1.600
37.3,1.600
37.3,1.605
37.3,1.605
37.3,1.605
37.3,1.605
37.3,1.605
37.3,1.605
37.4,1.605
37.4,1.605
37.4,1.605
37.4,1.605
37.3,1.605
37.3,1.605
37.3,1.605
37.3,1.605
37.3,1.605
37.3,1.605
37.3,1.605
37.3,1.605
37.4,1.605
37.4,1.605
37.4,1.605
37.4,1.605
37.4,1.605
37.4,1.605
37.4,1.605
37.4,1.605
37.4,1.605
37.4,1.610
37.4,1.610
37.4,1.610
37.3,1.610
37.3,1.610
37.3,1.610
37.3,1.610
37.3,1.610
37.3,1.610
37.3,1.610
37.3,1.610
37.4,1.610
37.4,1.610
37.4,1.610
37.4,1.610
37.4,1.610
37.4,1.610
37.4,1.610
37.4,1.610
37.4,1.610
37.4,1.610
37.4,1.610
37.4,1.610
37.4,1.610
37.4,1.610
37.4,1.610
37.4,1.610
37.4,1.615
37.4,1.615
37.4,1.615
37.4,1.615
37.4,1.615
37.4,1.615
37.4,1.615
37.4,1.615
37.4,1.615
37.4,1.615
37.4,1.615
37.4,1.615
37.4,1.615
37.4,1.615
37.4,1.615
37.4,1.615
37.4,1.615
37.4,1.615
37.4,1.615
37.4,1.615
37.4,1.615
37.4,1.615
37.4,1.615
37.4,1.615
37.4,1.615
37.4,1.615
37.4,1.620
37.4,1.620
37.4,1.620
37.4,1.620
37.4,1.620
37.4,1.620
37.4,1.620
37.4,1.620
37.4,1.620
37.5,1.620
37.5,1.620
37.5,1.620
37.5,1.620
37.5,1.620
37.5,1.620
37.5,1.620
37.5,1.620
37.4,1.620
37.4,1.620
37.4,1.620
37.4,1.620
37.4,1.620
37.4,1.620
37.4,1.620
37.4,1.620
37.4,1.620
37.4,1.620
37.4,1.620
37.4,1.625
37.4,1.625
37.4,1.625
37.4,1.625
37.4,1.625
37.4,1.625
37.4,1.625
37.4,1.625
37.5,1.625
37.5,1.625
37.5,1.625
37.5,1.625
37.5,1.625
37.5,1.625
37.5,1.625
37.4,1.625
37.4,1.625
37.4,1.625
37.4,1.625
37.4,1.625
37.4,1.625
37.4,1.625
37.4,1.625
37.4,1.625
37.4,1.625
37.4,1.625
37.4,1.625
37.4,1.625
37.4,1.625
37.4,1.625
37.4,1.630
37.4,1.630
37.4,1.630
37.4,1.630
37.4,1.630
37.4,1.630
37.4,1.630
37.4,1.630
37.4,1.630
37.4,1.630
37.4,1.630
37.4,1.630
37.4,1.630
37.4,1.630
37.5,1.630
37.5,1.630
37.5,1.630
37.5,1.630
37.5,1.630
37.5,1.630
37.5,1.630
37.5,1.630
37.5,1.630
37.5,1.630
37.5,1.630
37.4,1.630
37.4,1.630
37.4,1.630
37.4,1.630
37.4,1.630
37.4,1.630
37.4,1.635
37.4,1.635
37.4,1.635
37.4,1.635
37.4,1.635
37.4,1.635
37.4,1.635
37.4,1.635
37.4,1.635
37.4,1.635
37.4,1.635
37.4,1.635
37.4,1.635
37.4,1.635
37.4,1.635
37.4,1.635
37.4,1.635
37.4,1.635
37.4,1.635
37.4,1.635
37.4,1.635
37.4,1.635
37.4,1.635
37.4,1.635
37.4,1.635
37.4,1.635
37.4,1.635
37.4,1.635
37.4,1.635
37.4,1.635
37.4,1.640
37.4,1.640
37.5,1.640
37.5,1.640
37.5,1.640
37.5,1.640
37.5,1.640
37.5,1.640
37.5,1.640
37.5,1.640
37.5,1.640
37.5,1.640
37.5,1.640
37.4,1.640
37.4,1.640
37.4,1.640
37.4,1.640
37.4,1.640
37.4,1.640
37.4,1.640
37.4,1.640
37.4,1.640
37.4,1.640
37.4,1.640
37.4,1.640
37.4,1.640
37.4,1.640
37.4,1.640
37.4,1.640
37.4,1.640
37.4,1.640
37.4,1.640
37.4,1.640
37.4,1.645
37.4,1.645
37.4,1.645
37.4,1.645
37.5,1.645
37.5,1.645
37.5,1.645
37.5,1.645
37.5,1.645
37.5,1.645
37.5,1.645
37.5,1.645
37.5,1.645
37.5,1.645
37.5,1.645
37.5,1.645
37.5,1.645
37.5,1.645
37.5,1.645
37.5,1.645
37.5,1.645
37.5,1.645
37.5,1.645
37.5,1.645
37.5,1.645
37.5,1.645
37.5,1.645
37.5,1.645
37.5,1.645
37.5,1.645
37.5,1.645
37.5,1.645
37.5,1.645
37.5,1.645
37.5,1.650
37.5,1.650
37.5,1.650
37.5,1.650
37.5,1.650
37.5,1.650
37.5,1.650
37.5,1.650
37.5,1.650
37.5,1.650
37.5,1.650
37.5,1.650
37.5,1.650
37.5,1.650
37.5,1.650
37.5,1.650
37.5,1.650
37.5,1.650
37.5,1.650
37.5,1.650
37.5,1.650
37.5,1.650
37.5,1.650
37.5,1.650
37.5,1.650
37.5,1.650
37.5,1.650
37.5,1.650
37.5,1.650
37.5,1.650
37.5,1.650
37.5,1.650
37.5,1.650
37.5,1.650
37.5,1.650
37.5,1.650
37.5,1.655
37.5,1.655
37.5,1.655
37.5,1.655
37.5,1.655
37.6,1.655
37.6,1.655
37.6,1.655
37.6,1.655
37.6,1.655
37.6,1.655
37.6,1.655
37.6,1.655
37.6,1.655
37.6,1.655
37.6,1.655
37.6,1.655
37.6,1.655
37.6,1.655
37.6,1.655
37.6,1.655
37.6,1.655
37.4,1.655
37.5,1.655
37.5,1.655
37.5,1.655
37.5,1.655
37.5,1.655
37.5,1.655
37.5,1.655
37.5,1.655
37.5,1.655
37.5,1.655
37.5,1.655
37.5,1.655
37.5,1.655
37.5,1.660
37.5,1.660
37.5,1.660
37.5,1.660
37.5,1.660
37.5,1.660
37.5,1.660
37.5,1.660
37.5,1.660
37.5,1.660
37.5,1.660
37.5,1.660
37.5,1.660
37.5,1.660
37.5,1.660
37.5,1.660
37.5,1.660
37.5,1.660
37.5,1.660
37.5,1.660
37.5,1.660
37.5,1.660
37.5,1.660
37.5,1.660
37.5,1.660
37.5,1.660
37.5,1.660
37.5,1.660
37.5,1.660
37.5,1.660
37.5,1.660
37.5,1.660
37.5,1.660
37.5,1.660
37.5,1.660
37.5,1.660
37.5,1.660
37.5,1.665
37.5,1.665
37.5,1.665
37.5,1.665
37.5,1.665
37.5,1.665
37.5,1.665
37.5,1.665
37.5,1.665
37.5,1.665
37.5,1.665
37.5,1.665
37.5,1.665
37.5,1.665
37.5,1.665
37.5,1.665
37.5,1.665
37.5,1.665
37.6,1.665
37.6,1.665
37.6,1.665
37.6,1.665
37.6,1.665
37.6,1.665
37.6,1.665
37.6,1.665
37.6,1.665
37.6,1.665
37.6,1.665
37.6,1.665
37.6,1.665
37.6,1.665
37.6,1.665
37.6,1.665
37.6,1.665
37.6,1.665
37.6,1.665
37.6,1.665
37.6,1.665
37.6,1.670
37.6,1.670
37.6,1.670
37.6,1.670
37.6,1.670
37.6,1.670
37.6,1.670
37.6,1.670
37.6,1.670
37.6,1.670
37.6,1.670
37.6,1.670
37.6,1.670
37.6,1.670
37.6,1.670
37.6,1.670
37.5,1.670
37.5,1.670
37.5,1.670
37.5,1.670
37.5,1.670
37.5,1.670
37.5,1.670
37.5,1.670
37.5,1.670
37.5,1.670
37.5,1.670
37.5,1.670
37.5,1.670
37.5,1.670
37.5,1.670
37.5,1.670
37.5,1.670
37.5,1.670
37.5,1.670
37.5,1.670
37.5,1.670
37.5,1.670
37.5,1.675
37.5,1.675
37.5,1.675
37.5,1.675
37.5,1.675
37.5,1.675
37.5,1.675
37.5,1.675
37.5,1.675
37.5,1.675
37.5,1.675
37.5,1.675
37.5,1.675
37.5,1.675
37.5,1.675
37.5,1.675
37.5,1.675
37.5,1.675
37.5,1.675
37.5,1.675
37.5,1.675
37.5,1.675
37.5,1.675
37.5,1.675
37.5,1.675
37.5,1.675
37.5,1.675
37.5,1.675
37.5,1.675
37.5,1.675
37.5,1.675
37.5,1.675
37.5,1.675
37.5,1.675
37.5,1.675
37.5,1.675
37.5,1.675
37.5,1.675
37.5,1.680
37.5,1.680
37.5,1.680
37.5,1.680
37.5,1.680
37.5,1.680
37.5,1.680
37.5,1.680
37.5,1.680
37.5,1.680
37.5,1.680
37.5,1.680
37.5,1.680
37.5,1.680
37.5,1.680
37.5,1.680
37.4,1.680
37.5,1.680
37.3,1.680
37.3,1.680
37.3,1.680
37.3,1.680
37.4,1.680
37.5,1.680
37.6,1.680
37.7,1.680
37.7,1.680
37.8,1.680
37.8,1.680
37.8,1.680
37.7,1.680
37.6,1.680
37.5,1.680
37.4,1.680
37.3,1.680
37.2,1.680
37.1,1.680
37.1,1.685
37.1,1.685
37.2,1.685
37.3,1.685
37.4,1.685
37.5,1.685
37.6,1.685
37.6,1.685
37.6,1.685
37.6,1.685
37.6,1.685
37.6,1.685
37.5,1.685
37.5,1.685
37.5,1.685
37.4,1.685
37.4,1.685
37.4,1.685
37.4,1.685
37.4,1.685
37.4,1.685
37.4,1.685
37.4,1.685
37.4,1.685
37.4,1.685
37.4,1.685
37.4,1.685
37.5,1.685
37.5,1.685
37.5,1.685
37.5,1.685
37.5,1.685
37.5,1.685
37.5,1.685
37.5,1.685
37.5,1.685
37.4,1.685
37.4,1.685
37.3,1.685
37.3,1.685
37.3,1.685
37.3,1.685
37.3,1.690
37.3,1.690
37.3,1.690
37.3,1.690
37.4,1.690
37.4,1.690
37.5,1.690
37.5,1.690
37.5,1.690
37.5,1.690
37.5,1.690
37.5,1.690
37.5,1.690
37.5,1.690
37.5,1.690
37.4,1.690
37.4,1.690
37.4,1.690
37.4,1.690
37.4,1.690
37.4,1.690
37.4,1.690
37.5,1.690
37.4,1.690
37.5,1.690
37.5,1.690
37.5,1.690
37.5,1.690
37.5,1.690
37.5,1.690
37.5,1.690
37.5,1.690
37.5,1.690
37.5,1.690
37.5,1.690
37.5,1.690
37.5,1.690
37.5,1.690
37.5,1.690
37.5,1.690
37.5,1.690
37.5,1.690
37.5,1.695
37.5,1.695
37.5,1.695
37.5,1.695
37.5,1.695
37.4,1.695
37.5,1.695
37.5,1.695
37.5,1.695
37.5,1.695
37.5,1.695
37.5,1.695
37.4,1.695
37.4,1.695
37.4,1.695
37.4,1.695
37.4,1.695
37.5,1.695
37.5,1.695
37.5,1.695
37.5,1.695
37.5,1.695
37.5,1.695
37.5,1.695
37.5,1.695
37.5,1.695
37.5,1.695
37.5,1.695
37.4,1.695
37.4,1.695
37.4,1.695
37.4,1.695
37.4,1.695
37.4,1.695
37.4,1.695
37.4,1.695
37.4,1.695
37.4,1.695
37.5,1.695
37.5,1.695
37.5,1.695
37.5,1.700
37.5,1.700
37.5,1.700
37.5,1.700
37.5,1.700
37.5,1.700
37.5,1.700
37.5,1.700
37.5,1.700
37.5,1.700
37.5,1.700
37.5,1.700
37.5,1.700
37.5,1.700
37.5,1.700
37.5,1.700
37.5,1.700
37.5,1.700
37.5,1.700
37.5,1.700
37.5,1.700
37.5,1.700
37.5,1.700
37.5,1.700
37.5,1.700
37.5,1.700
37.5,1.700
37.5,1.700
37.5,1.700
37.5,1.700
37.5,1.700
37.5,1.700
37.5,1.700
37.5,1.700
37.5,1.700
37.5,1.700
37.5,1.700
37.5,1.700
37.5,1.700
37.5,1.700
37.5,1.700
37.5,1.700
37.5,1.705
37.5,1.705
37.5,1.705
37.5,1.705
37.5,1.705
37.5,1.705
37.5,1.705
37.5,1.705
37.5,1.705
37.5,1.705
37.5,1.705
37.5,1.705
37.5,1.705
37.5,1.705
37.5,1.705
37.5,1.705
37.5,1.705
37.5,1.705
37.5,1.705
37.5,1.705
37.5,1.705
37.5,1.705
37.5,1.705
37.5,1.705
37.5,1.705
37.5,1.705
37.5,1.705
37.5,1.705
37.5,1.705
37.5,1.705
37.5,1.705
37.5,1.705
37.5,1.705
37.5,1.705
37.5,1.705
37.5,1.705
37.5,1.705
37.5,1.705
37.5,1.705
37.5,1.705
37.5,1.705
37.5,1.705
37.5,1.705
37.5,1.705
37.5,1.705
37.5,1.705
37.5,1.705
37.5,1.710
37.5,1.710
37.5,1.710
37.5,1.710
37.5,1.710
37.5,1.710
37.5,1.710
37.5,1.710
37.5,1.710
37.5,1.710
37.5,1.710
37.5,1.710
37.5,1.710
37.5,1.710
37.5,1.710
37.5,1.710
37.5,1.710
37.5,1.710
37.5,1.710
37.5,1.710
37.5,1.710
37.5,1.710
37.5,1.710
37.5,1.710
37.5,1.710
37.5,1.710
37.5,1.710
37.5,1.710
37.5,1.710
37.5,1.710
37.5,1.710
37.5,1.710
37.5,1.710
37.5,1.710
37.5,1.710
37.5,1.710
37.5,1.710
37.6,1.710
37.6,1.710
37.6,1.710
37.6,1.710
37.6,1.710
37.6,1.710
37.6,1.710
37.6,1.710
37.6,1.710
37.6,1.710
37.6,1.715
37.6,1.715
37.6,1.715
37.6,1.715
37.6,1.715
37.6,1.715
37.6,1.715
37.6,1.715
37.6,1.715
37.6,1.715
37.6,1.715
37.6,1.715
37.6,1.715
37.6,1.715
37.6,1.715
37.6,1.715
37.6,1.715
37.6,1.715
37.6,1.715
37.6,1.715
37.5,1.715
37.5,1.715
37.5,1.715
37.5,1.715
37.5,1.715
37.5,1.715
37.5,1.715
37.5,1.715
37.5,1.715
37.6,1.715
37.6,1.715
37.6,1.715
37.6,1.715
37.6,1.715
37.6,1.715
37.6,1.715
37.6,1.715
37.6,1.715
37.6,1.715
37.6,1.715
37.6,1.715
37.6,1.715
37.6,1.720
37.6,1.720
37.6,1.720
37.6,1.720
37.6,1.720
37.6,1.720
37.6,1.720
37.6,1.720
37.6,1.720
37.6,1.720
37.6,1.720
37.6,1.720
37.6,1.720
37.6,1.720
37.6,1.720
37.6,1.720
37.6,1.720
37.6,1.720
37.6,1.720
37.6,1.720
37.6,1.720
37.6,1.720
37.6,1.720
37.6,1.720
37.6,1.720
37.6,1.720
37.6,1.720
37.6,1.720
37.6,1.720
37.6,1.720
37.6,1.720
37.6,1.720
37.6,1.720
37.6,1.720
37.6,1.720
37.6,1.720
37.6,1.720
37.6,1.720
37.6,1.720
37.6,1.720
37.6,1.720
37.6,1.720
37.6,1.720
37.6,1.720
37.6,1.725
37.6,1.725
37.5,1.725
37.5,1.725
37.5,1.725
37.5,1.725
37.5,1.725
37.5,1.725
37.5,1.725
37.5,1.725
37.5,1.725
37.5,1.725
37.5,1.725
37.5,1.725
37.5,1.725
37.5,1.725
37.5,1.725
37.5,1.725
37.5,1.725
37.5,1.725
37.5,1.725
37.5,1.725
37.5,1.725
37.5,1.725
37.5,1.725
37.5,1.725
37.5,1.725
37.5,1.725
37.5,1.725
37.5,1.725
37.5,1.725
37.5,1.725
37.5,1.725
37.5,1.725
37.5,1.725
37.5,1.725
37.5,1.725
37.5,1.725
37.5,1.725
37.5,1.725
37.5,1.725
37.5,1.725
37.5,1.725
37.5,1.725
37.5,1.725
37.5,1.730
37.5,1.730
37.5,1.730
37.5,1.730
37.5,1.730
37.5,1.730
37.5,1.730
37.5,1.730
37.6,1.730
37.6,1.730
37.6,1.730
37.6,1.730
37.6,1.730
37.6,1.730
37.6,1.730
37.6,1.730
37.6,1.730
37.6,1.730
37.6,1.730
37.6,1.730
37.6,1.730
37.6,1.730
37.6,1.730
37.6,1.730
37.6,1.730
37.6,1.730
37.6,1.730
37.6,1.730
37.6,1.730
37.6,1.730
37.6,1.730
37.6,1.730
37.6,1.730
37.6,1.730
37.6,1.730
37.6,1.730
37.6,1.730
37.6,1.730
37.6,1.730
37.6,1.730
37.6,1.730
37.6,1.730
37.6,1.730
37.6,1.730
37.6,1.730
37.6,1.735
37.6,1.735
37.6,1.735
37.6,1.735
37.6,1.735
37.6,1.735
37.6,1.735
37.6,1.735
37.6,1.735
37.6,1.735
37.7,1.735
37.7,1.735
37.7,1.735
37.7,1.735
37.7,1.735
37.7,1.735
37.7,1.735
37.7,1.735
37.7,1.735
37.7,1.735
37.7,1.735
37.6,1.735
37.6,1.735
37.6,1.735
37.6,1.735
37.6,1.735
37.6,1.735
37.6,1.735
37.6,1.735
37.6,1.735
37.6,1.735
37.6,1.735
37.6,1.735
37.6,1.735
37.6,1.735
37.6,1.735
37.6,1.735
37.6,1.735
37.6,1.735
37.6,1.735
37.6,1.735
37.6,1.740
37.6,1.740
37.6,1.740
37.6,1.740
37.6,1.740
37.6,1.740
37.6,1.740
37.6,1.740
37.6,1.740
37.7,1.740
37.7,1.740
37.7,1.740
37.7,1.740
37.7,1.740
37.7,1.740
37.7,1.740
37.7,1.740
37.7,1.740
37.7,1.740
37.7,1.740
37.7,1.740
37.7,1.740
37.7,1.740
37.7,1.740
37.7,1.740
37.7,1.740
37.7,1.740
37.7,1.740
37.7,1.740
37.7,1.740
37.7,1.740
37.7,1.740
37.7,1.740
37.7,1.740
37.7,1.740
37.7,1.740
37.7,1.740
37.7,1.740
37.7,1.745
37.7,1.745
37.7,1.745
37.7,1.745
37.7,1.745
37.7,1.745
37.7,1.745
37.7,1.745
37.7,1.745
37.7,1.745
37.7,1.745
37.7,1.745
37.7,1.745
37.7,1.745
37.7,1.745
37.7,1.745
37.7,1.745
37.7,1.745
37.7,1.745
37.7,1.745
37.7,1.745
37.7,1.745
37.7,1.745
37.7,1.745
37.7,1.745
37.7,1.745
37.7,1.745
37.7,1.745
37.7,1.745
37.7,1.745
37.7,1.745
37.7,1.745
37.7,1.745
37.7,1.745
37.7,1.745
37.7,1.745
37.7,1.745
37.7,1.745
37.7,1.745
37.7,1.750
37.7,1.750
37.7,1.750
37.7,1.750
37.7,1.750
37.7,1.750
37.8,1.750
37.8,1.750
37.8,1.750
37.8,1.750
37.8,1.750
37.8,1.750
37.8,1.750
37.7,1.750
37.7,1.750
37.7,1.750
37.7,1.750
37.7,1.750
37.7,1.750
37.7,1.750
37.7,1.750
37.7,1.750
37.7,1.750
37.7,1.750
37.7,1.750
37.7,1.750
37.7,1.750
37.7,1.750
37.7,1.750
37.7,1.750
37.7,1.750
37.7,1.750
37.7,1.750
37.7,1.750
37.7,1.750
37.7,1.750
37.7,1.755
37.7,1.755
37.7,1.755
37.7,1.755
37.7,1.755
37.7,1.755
37.7,1.755
37.7,1.755
37.7,1.755
37.7,1.755
37.7,1.755
37.7,1.755
37.7,1.755
37.7,1.755
37.7,1.755
37.7,1.755
37.7,1.755
37.7,1.755
37.7,1.755
37.7,1.755
37.7,1.755
37.7,1.755
37.7,1.755
37.7,1.755
37.7,1.755
37.7,1.755
37.7,1.755
37.7,1.755
37.7,1.755
37.7,1.755
37.7,1.755
37.7,1.755
37.8,1.755
37.8,1.755
37.8,1.760
37.8,1.760
37.8,1.760
37.8,1.760
37.8,1.760
37.8,1.760
37.8,1.760
37.8,1.760
37.8,1.760
37.8,1.760
37.8,1.760
37.8,1.760
37.8,1.760
37.8,1.760
37.8,1.760
37.8,1.760
37.8,1.760
37.8,1.760
37.8,1.760
37.8,1.760
37.8,1.760
37.8,1.760
37.8,1.760
37.8,1.760
37.8,1.760
37.8,1.760
37.8,1.760
37.8,1.760
37.8,1.760
37.8,1.760
37.8,1.765
37.8,1.765
37.8,1.765
37.8,1.765
37.8,1.765
37.8,1.765
37.8,1.765
37.8,1.765
37.8,1.765
37.8,1.765
37.7,1.765
37.7,1.765
37.7,1.765
37.7,1.765
37.7,1.765
37.7,1.765
37.7,1.765
37.7,1.765
37.7,1.765
37.7,1.765
37.7,1.765
37.7,1.765
37.7,1.765
37.7,1.765
37.7,1.765
37.7,1.765
37.7,1.765
37.7,1.765
37.7,1.765
37.7,1.765
37.7,1.765
37.7,1.765
37.7,1.765
37.7,1.770
37.7,1.770
37.7,1.770
37.7,1.770
37.7,1.770
37.7,1.770
37.7,1.770
37.7,1.770
37.7,1.770
37.7,1.770
37.7,1.770
37.7,1.770
37.7,1.770
37.7,1.770
37.7,1.770
37.7,1.770
37.7,1.770
37.7,1.770
37.7,1.770
37.7,1.770
37.7,1.770
37.7,1.770
37.7,1.770
37.7,1.770
37.7,1.770
37.7,1.770
37.7,1.770
37.7,1.770
37.7,1.770
37.7,1.770
37.7,1.770
37.7,1.775
37.7,1.775
37.7,1.775
37.7,1.775
37.7,1.775
37.7,1.775
37.7,1.775
37.7,1.775
37.7,1.775
37.7,1.775
37.7,1.775
37.7,1.775
37.7,1.775
37.7,1.775
37.7,1.775
37.7,1.775
37.8,1.775
37.8,1.775
37.8,1.775
37.8,1.775
37.8,1.775
37.8,1.775
37.8,1.775
37.8,1.775
37.8,1.775
37.8,1.775
37.8,1.775
37.8,1.775
37.8,1.775
37.8,1.775
37.8,1.780
37.8,1.780
37.8,1.780
37.8,1.780
37.8,1.780
37.8,1.780
37.8,1.780
37.8,1.780
37.8,1.780
37.8,1.780
37.8,1.780
37.8,1.780
37.8,1.780
37.8,1.780
37.8,1.780
37.8,1.780
37.8,1.780
37.8,1.780
37.8,1.780
37.8,1.780
37.8,1.780
37.8,1.780
37.8,1.780
37.8,1.780
37.8,1.780
37.8,1.780
37.8,1.780
37.8,1.780
37.8,1.780
37.8,1.780
37.8,1.780
37.8,1.785
37.8,1.785
37.8,1.785
37.8,1.785
37.8,1.785
37.8,1.785
37.8,1.785
37.8,1.785
37.8,1.785
37.8,1.785
37.8,1.785
37.8,1.785
37.8,1.785
37.8,1.785
37.8,1.785
37.8,1.785
37.8,1.785
37.8,1.785
37.8,1.785
37.8,1.785
37.8,1.785
37.8,1.785
37.8,1.785
37.8,1.785
37.8,1.785
37.8,1.785
37.8,1.785
37.8,1.785
37.8,1.785
37.8,1.785
37.8,1.790
37.8,1.790
37.8,1.790
37.8,1.790
37.8,1.790
37.8,1.790
37.8,1.790
37.8,1.790
37.8,1.790
37.8,1.790
37.7,1.790
37.7,1.790
37.7,1.790
37.7,1.790
37.7,1.790
37.7,1.790
37.7,1.790
37.7,1.790
37.7,1.790
37.8,1.790
37.8,1.790
37.8,1.790
37.8,1.790
37.8,1.790
37.8,1.790
37.8,1.790
37.8,1.790
37.8,1.790
37.8,1.790
37.8,1.795
37.8,1.795
37.8,1.795
37.8,1.795
37.8,1.795
37.8,1.795
37.8,1.795
37.8,1.795
37.8,1.795
37.8,1.795
37.8,1.795
37.8,1.795
37.8,1.795
37.8,1.795
37.8,1.795
37.8,1.795
37.8,1.795
37.8,1.795
37.8,1.795
37.8,1.795
37.8,1.795
37.8,1.795
37.8,1.795
37.8,1.795
37.8,1.795
37.8,1.795
37.8,1.795
37.8,1.800
37.8,1.800
37.8,1.800
37.8,1.800
37.8,1.800
37.8,1.800
37.8,1.800
37.8,1.800
37.8,1.800
37.8,1.800
37.8,1.800
37.8,1.800
37.8,1.800
37.8,1.800
37.8,1.800
37.8,1.800
37.8,1.800
37.8,1.800
37.8,1.800
37.8,1.800
37.8,1.800
37.8,1.800
37.8,1.800
37.8,1.800
37.8,1.800
37.8,1.800
37.8,1.800
37.8,1.800
37.8,1.800
37.8,1.805
37.8,1.805
37.8,1.805
37.8,1.805
37.8,1.805
37.8,1.805
37.8,1.805
37.8,1.805
37.8,1.805
37.8,1.805
37.8,1.805
37.8,1.805
37.8,1.805
37.8,1.805
37.8,1.805
37.8,1.805
37.8,1.805
37.8,1.805
37.8,1.805
37.8,1.805
37.8,1.805
37.8,1.805
37.8,1.805
37.8,1.805
37.8,1.805
37.8,1.805
37.8,1.805
37.8,1.805
37.8,1.810
37.8,1.810
37.8,1.810
37.8,1.810
37.7,1.810
37.7,1.810
37.7,1.810
37.7,1.810
37.7,1.810
37.7,1.810
37.7,1.810
37.7,1.810
37.8,1.810
37.8,1.810
37.8,1.810
37.8,1.810
37.8,1.810
37.8,1.810
37.8,1.810
37.8,1.810
37.8,1.810
37.8,1.810
37.8,1.810
37.8,1.810
37.8,1.810
37.8,1.810
37.8,1.810
37.7,1.810
37.7,1.810
37.7,1.815
37.7,1.815
37.7,1.815
37.8,1.815
37.8,1.815
37.8,1.815
37.8,1.815
37.8,1.815
37.8,1.815
37.8,1.815
37.8,1.815
37.8,1.815
37.8,1.815
37.8,1.815
37.8,1.815
37.8,1.815
37.8,1.815
37.8,1.815
37.8,1.815
37.8,1.815
37.8,1.815
37.8,1.815
37.8,1.815
37.8,1.815
37.8,1.815
37.8,1.815
37.8,1.815
37.8,1.815
37.8,1.815
37.8,1.820
37.8,1.820
37.8,1.820
37.8,1.820
37.8,1.820
37.8,1.820
37.8,1.820
37.8,1.820
37.8,1.820
37.8,1.820
37.8,1.820
37.8,1.820
37.8,1.820
37.8,1.820
37.8,1.820
37.8,1.820
37.8,1.820
37.8,1.820
37.8,1.820
37.8,1.820
37.8,1.820
37.8,1.820
37.8,1.820
37.8,1.820
37.8,1.820
37.8,1.820
37.8,1.820
37.8,1.820
37.8,1.820
37.8,1.825
37.8,1.825
37.8,1.825
37.8,1.825
37.8,1.825
37.8,1.825
37.8,1.825
37.8,1.825
37.8,1.825
37.8,1.825
37.8,1.825
37.8,1.825
37.8,1.825
37.8,1.825
37.8,1.825
37.8,1.825
37.8,1.825
37.8,1.825
37.8,1.825
37.8,1.825
37.8,1.825
37.8,1.825
37.8,1.825
37.8,1.825
37.8,1.825
37.8,1.825
37.8,1.825
37.8,1.825
37.8,1.825
37.8,1.825
37.8,1.830
37.8,1.830
37.8,1.830
37.8,1.830
37.8,1.830
37.8,1.830
37.8,1.830
37.8,1.830
37.8,1.830
37.8,1.830
37.8,1.830
37.8,1.830
37.8,1.830
37.8,1.830
37.8,1.830
37.8,1.830
37.8,1.830
37.8,1.830
37.8,1.830
37.8,1.830
37.8,1.830
37.8,1.830
37.8,1.830
37.8,1.830
37.8,1.830
37.8,1.830
37.8,1.830
37.9,1.830
37.9,1.830
37.9,1.835
37.9,1.835
37.9,1.835
37.9,1.835
37.9,1.835
37.9,1.835
37.9,1.835
37.9,1.835
37.9,1.835
37.9,1.835
37.9,1.835
37.8,1.835
37.8,1.835
37.8,1.835
37.8,1.835
37.8,1.835
37.8,1.835
37.8,1.835
37.8,1.835
37.9,1.835
37.9,1.835
37.9,1.835
37.9,1.835
37.9,1.835
37.9,1.835
37.9,1.835
37.9,1.835
37.9,1.840
37.9,1.840
37.9,1.840
37.9,1.840
37.9,1.840
37.9,1.840
37.9,1.840
37.9,1.840
37.9,1.840
37.9,1.840
37.9,1.840
37.9,1.840
37.9,1.840
37.9,1.840
37.9,1.840
37.9,1.840
37.9,1.840
37.9,1.840
37.9,1.840
37.9,1.840
37.9,1.840
37.9,1.840
37.9,1.840
37.9,1.840
37.9,1.840
37.9,1.845
37.9,1.845
37.9,1.845
37.9,1.845
37.9,1.845
37.9,1.845
37.9,1.845
37.9,1.845
37.9,1.845
37.9,1.845
37.9,1.845
37.9,1.845
37.9,1.845
37.9,1.845
37.9,1.845
37.9,1.845
37.9,1.845
37.9,1.845
37.9,1.845
37.9,1.845
37.9,1.845
37.9,1.845
37.9,1.845
37.9,1.845
37.9,1.845
37.9,1.845
37.9,1.845
37.9,1.845
37.9,1.850
37.9,1.850
37.9,1.850
37.9,1.850
37.9,1.850
37.9,1.850
37.9,1.850
37.9,1.850
37.9,1.850
37.9,1.850
37.9,1.850
37.9,1.850
37.9,1.850
37.9,1.850
37.9,1.850
37.9,1.850
37.9,1.850
37.9,1.850
37.9,1.850
37.9,1.850
37.9,1.850
37.9,1.850
37.9,1.850
37.9,1.850
37.9,1.850
37.9,1.855
37.9,1.855
37.9,1.855
37.9,1.855
37.9,1.855
37.9,1.855
37.9,1.855
37.9,1.855
37.9,1.855
37.9,1.855
37.9,1.855
37.9,1.855
37.9,1.855
37.9,1.855
37.9,1.855
37.9,1.855
37.9,1.855
37.9,1.855
37.9,1.855
37.9,1.855
37.9,1.855
37.9,1.855
37.9,1.855
37.9,1.855
37.9,1.860
37.9,1.860
37.9,1.860
37.9,1.860
37.9,1.860
37.9,1.860
37.9,1.860
37.9,1.860
37.9,1.860
37.9,1.860
37.9,1.860
37.9,1.860
37.9,1.860
37.9,1.860
37.9,1.860
37.9,1.860
37.9,1.860
37.9,1.860
37.9,1.860
37.9,1.860
37.9,1.860
37.9,1.860
37.9,1.860
37.9,1.860
38.0,1.865
38.0,1.865
38.0,1.865
38.0,1.865
38.0,1.865
38.0,1.865
38.0,1.865
38.0,1.865
38.0,1.865
38.0,1.865
37.9,1.865
37.9,1.865
37.9,1.865
37.9,1.865
37.9,1.865
37.9,1.865
37.9,1.865
37.9,1.865
37.9,1.865
37.9,1.865
37.9,1.865
37.9,1.865
38.0,1.865
38.0,1.865
38.0,1.865
38.0,1.865
38.0,1.870
38.0,1.870
38.0,1.870
38.0,1.870
38.0,1.870
38.0,1.870
38.0,1.870
38.0,1.870
38.0,1.870
38.0,1.870
38.0,1.870
38.0,1.870
38.0,1.870
38.0,1.870
38.0,1.870
38.0,1.870
38.0,1.870
38.0,1.870
38.0,1.870
38.0,1.870
38.0,1.870
38.0,1.870
38.0,1.870
38.0,1.870
38.0,1.870
38.0,1.870
38.0,1.875
38.0,1.875
38.0,1.875
38.0,1.875
38.0,1.875
38.0,1.875
38.0,1.875
38.0,1.875
38.0,1.875
38.0,1.875
38.0,1.875
38.0,1.875
38.0,1.875
38.0,1.875
38.0,1.875
38.0,1.875
38.0,1.875
38.0,1.875
38.0,1.875
38.0,1.875
38.0,1.875
38.0,1.875
38.0,1.875
38.0,1.875
38.0,1.875
38.0,1.880
38.0,1.880
38.0,1.880
38.0,1.880
38.0,1.880
38.0,1.880
38.0,1.880
38.0,1.880
38.0,1.880
38.0,1.880
38.0,1.880
38.0,1.880
38.0,1.880
38.0,1.880
38.0,1.880
38.0,1.880
38.0,1.880
38.0,1.880
38.0,1.880
38.0,1.880
38.0,1.880
38.0,1.880
38.0,1.880
38.0,1.880
38.1,1.880
38.1,1.885
38.1,1.885
38.1,1.885
38.1,1.885
38.1,1.885
38.1,1.885
38.1,1.885
38.1,1.885
38.1,1.885
38.1,1.885
38.1,1.885
38.1,1.885
38.1,1.885
38.1,1.885
38.1,1.885
38.1,1.885
38.1,1.885
38.1,1.885
38.1,1.885
38.1,1.885
38.1,1.885
38.1,1.885
38.1,1.885
38.1,1.885
38.1,1.890
38.1,1.890
38.1,1.890
38.1,1.890
38.1,1.890
38.1,1.890
38.1,1.890
38.1,1.890
38.1,1.890
38.1,1.890
38.1,1.890
38.1,1.890
38.1,1.890
38.1,1.890
38.1,1.890
38.1,1.890
38.1,1.890
38.1,1.890
38.1,1.890
38.1,1.890
38.1,1.890
38.1,1.890
38.1,1.890
38.0,1.890
38.0,1.890
38.0,1.895
38.0,1.895
38.0,1.895
38.0,1.895
38.0,1.895
38.0,1.895
38.1,1.895
38.1,1.895
38.1,1.895
38.1,1.895
38.1,1.895
38.1,1.895
38.1,1.895
38.1,1.895
38.1,1.895
38.1,1.895
38.1,1.895
38.1,1.895
38.1,1.895
38.1,1.895
38.1,1.895
38.1,1.895
38.1,1.895
38.1,1.895
38.1,1.900
38.1,1.900
38.1,1.900
38.1,1.900
38.1,1.900
38.1,1.900
38.1,1.900
38.1,1.900
38.1,1.900
38.1,1.900
38.1,1.900
38.1,1.900
38.1,1.900
38.1,1.900
38.1,1.900
38.1,1.900
38.1,1.900
38.1,1.900
38.1,1.900
38.0,1.900
38.0,1.900
38.0,1.900
38.0,1.905
38.0,1.905
38.0,1.905
38.0,1.905
38.0,1.905
38.0,1.905
38.0,1.905
38.0,1.905
38.0,1.905
38.0,1.905
38.0,1.905
38.0,1.905
38.0,1.905
38.0,1.905
38.0,1.905
38.0,1.905
38.0,1.905
38.0,1.905
38.0,1.905
38.0,1.905
38.0,1.905
38.0,1.905
38.0,1.905
38.0,1.905
38.0,1.910
38.0,1.910
38.0,1.910
38.1,1.910
38.1,1.910
38.1,1.910
38.1,1.910
38.1,1.910
38.1,1.910
38.1,1.910
38.1,1.910
38.1,1.910
38.1,1.910
38.1,1.910
38.1,1.910
38.1,1.910
38.1,1.910
38.1,1.910
38.1,1.910
38.1,1.910
38.1,1.910
38.1,1.910
38.1,1.910
38.1,1.915
38.1,1.915
38.1,1.915
38.1,1.915
38.1,1.915
38.1,1.915
38.1,1.915
38.1,1.915
38.1,1.915
38.1,1.915
38.1,1.915
38.1,1.915
38.1,1.915
38.0,1.915
38.0,1.915
38.0,1.915
38.0,1.915
38.0,1.915
38.0,1.915
38.0,1.915
38.0,1.915
38.0,1.915
38.0,1.915
38.0,1.920
38.0,1.920
38.0,1.920
38.0,1.920
38.0,1.920
38.0,1.920
38.0,1.920
38.0,1.920
38.0,1.920
38.0,1.920
38.0,1.920
38.0,1.920
38.0,1.920
38.0,1.920
38.0,1.920
38.0,1.920
38.0,1.920
38.0,1.920
38.0,1.920
38.0,1.920
38.0,1.925
38.0,1.925
38.0,1.925
38.0,1.925
38.0,1.925
38.0,1.925
38.0,1.925
38.1,1.925
38.1,1.925
38.1,1.925
38.1,1.925
38.1,1.925
38.1,1.925
38.1,1.925
38.1,1.925
38.1,1.925
38.1,1.925
38.1,1.925
38.1,1.925
38.1,1.925
38.1,1.925
38.1,1.925
38.1,1.925
38.1,1.930
38.1,1.930
38.1,1.930
38.1,1.930
38.1,1.930
38.1,1.930
38.1,1.930
38.1,1.930
38.1,1.930
38.1,1.930
38.1,1.930
38.1,1.930
38.1,1.930
38.1,1.930
38.1,1.930
38.1,1.930
38.1,1.930
38.1,1.930
38.1,1.930
38.1,1.930
38.1,1.930
38.0,1.930
38.0,1.930
38.0,1.935
38.0,1.935
38.0,1.935
38.0,1.935
38.0,1.935
38.0,1.935
38.0,1.935
38.0,1.935
38.0,1.935
38.0,1.935
38.0,1.935
38.0,1.935
38.0,1.935
38.0,1.935
38.0,1.935
38.0,1.935
38.0,1.935
38.0,1.935
38.0,1.935
38.0,1.935
38.0,1.935
38.0,1.935
38.0,1.935
38.0,1.940
38.0,1.940
38.0,1.940
38.0,1.940
38.0,1.940
38.0,1.940
38.0,1.940
38.0,1.940
38.0,1.940
38.0,1.940
38.0,1.940
38.0,1.940
38.0,1.940
38.0,1.940
38.0,1.940
38.0,1.940
38.0,1.940
38.0,1.940
38.0,1.940
38.0,1.940
38.0,1.940
38.0,1.940
38.0,1.940
38.0,1.945
38.0,1.945
38.0,1.945
38.0,1.945
38.0,1.945
38.0,1.945
38.0,1.945
38.0,1.945
38.0,1.945
38.0,1.945
38.0,1.945
38.0,1.945
38.0,1.945
38.0,1.945
38.0,1.945
38.0,1.945
38.0,1.945
38.0,1.945
38.0,1.945
38.0,1.945
38.0,1.945
38.0,1.945
38.0,1.945
38.0,1.950
38.0,1.950
38.0,1.950
38.0,1.950
38.0,1.950
38.0,1.950
38.0,1.950
38.0,1.950
38.0,1.950
38.0,1.950
38.0,1.950
38.1,1.950
38.1,1.950
38.1,1.950
38.1,1.950
38.1,1.950
38.1,1.950
38.1,1.950
38.1,1.950
38.1,1.950
38.1,1.950
38.1,1.950
38.1,1.950
38.1,1.955
38.1,1.955
38.1,1.955
38.1,1.955
38.1,1.955
38.1,1.955
38.1,1.955
38.1,1.955
38.1,1.955
38.1,1.955
38.1,1.955
38.1,1.955
38.1,1.955
38.1,1.955
38.1,1.955
38.1,1.955
38.1,1.955
38.1,1.955
38.1,1.955
38.1,1.955
38.1,1.955
38.1,1.955
38.1,1.960
38.1,1.960
38.1,1.960
38.1,1.960
38.1,1.960
38.1,1.960
38.1,1.960
38.1,1.960
38.1,1.960
38.1,1.960
38.1,1.960
38.1,1.960
38.1,1.960
38.1,1.960
38.1,1.960
38.2,1.960
38.2,1.960
38.2,1.960
38.2,1.960
38.2,1.960
38.2,1.960
38.2,1.960
38.2,1.960
38.2,1.960
38.2,1.965
38.2,1.965
38.2,1.965
38.2,1.965
38.2,1.965
38.2,1.965
38.2,1.965
38.2,1.965
38.2,1.965
38.2,1.965
38.2,1.965
38.2,1.965
38.2,1.965
38.2,1.965
38.2,1.965
38.2,1.965
38.2,1.965
38.2,1.965
38.2,1.965
38.2,1.965
38.2,1.965
38.2,1.965
38.2,1.965
38.2,1.970
38.2,1.970
38.2,1.970
38.2,1.970
38.2,1.970
38.2,1.970
38.2,1.970
38.2,1.970
38.2,1.970
38.2,1.970
38.2,1.970
38.2,1.970
38.2,1.970
38.2,1.970
38.2,1.970
38.2,1.970
38.2,1.970
38.2,1.970
38.2,1.970
38.2,1.970
38.2,1.970
38.2,1.970
38.2,1.970
38.2,1.970
38.2,1.970
38.2,1.975
38.2,1.975
38.2,1.975
38.2,1.975
38.2,1.975
38.2,1.975
38.2,1.975
38.2,1.975
38.2,1.975
38.2,1.975
38.2,1.975
38.2,1.975
38.2,1.975
38.3,1.975
38.3,1.975
38.3,1.975
38.3,1.975
38.3,1.975
38.3,1.975
38.3,1.975
38.3,1.975
38.3,1.975
38.3,1.975
38.3,1.980
38.3,1.980
38.3,1.980
38.3,1.980
38.3,1.980
38.3,1.980
38.3,1.980
38.3,1.980
38.3,1.980
38.3,1.980
38.3,1.980
38.3,1.980
38.3,1.980
38.3,1.980
38.3,1.980
38.3,1.980
38.3,1.980
38.3,1.980
38.3,1.980
38.3,1.980
38.3,1.980
38.3,1.980
38.3,1.985
38.3,1.985
38.3,1.985
38.3,1.985
38.3,1.985
38.3,1.985
38.3,1.985
38.3,1.985
38.3,1.985
38.3,1.985
38.3,1.985
38.3,1.985
38.3,1.985
38.3,1.985
38.3,1.985
38.3,1.985
38.3,1.985
38.3,1.985
38.3,1.985
38.3,1.985
38.3,1.985
38.3,1.985
38.3,1.985
38.3,1.990
38.3,1.990
38.3,1.990
38.3,1.990
38.3,1.990
38.3,1.990
38.3,1.990
38.3,1.990
38.3,1.990
38.3,1.990
38.4,1.990
38.4,1.990
38.4,1.990
38.4,1.990
38.4,1.990
38.4,1.990
38.4,1.990
38.4,1.990
38.4,1.990
38.4,1.990
38.4,1.990
38.4,1.990
38.3,1.995
38.3,1.995
38.3,1.995
38.3,1.995
38.3,1.995
38.3,1.995
38.4,1.995
38.3,1.995
38.4,1.995
38.4,1.995
38.4,1.995
38.4,1.995
38.4,1.995
38.4,1.995
38.4,1.995
38.4,1.995
38.4,1.995
38.4,1.995
38.4,1.995
38.4,1.995
38.4,2.000
38.4,2.000
38.4,2.000
38.4,2.000
38.4,2.000
38.4,2.000
38.4,2.000
38.4,2.000
38.4,2.000
38.4,2.000
38.4,2.000
38.4,2.000
38.4,2.000
38.4,2.000
38.4,2.000
38.4,2.000
38.4,2.000
38.4,2.000
38.4,2.000
38.4,2.000
38.4,2.005
38.4,2.005
38.4,2.005
38.4,2.005
38.4,2.005
38.4,2.005
38.4,2.005
38.4,2.005
38.4,2.005
38.4,2.005
38.4,2.005
38.4,2.005
38.4,2.005
38.4,2.005
38.4,2.005
38.4,2.005
38.4,2.005
38.4,2.005
38.4,2.005
38.4,2.005
38.4,2.005
38.4,2.010
38.4,2.010
38.4,2.010
38.4,2.010
38.4,2.010
38.5,2.010
38.5,2.010
38.5,2.010
38.5,2.010
38.5,2.010
38.5,2.010
38.5,2.010
38.5,2.010
38.5,2.010
38.5,2.010
38.5,2.010
38.5,2.010
38.5,2.010
38.5,2.010
38.5,2.010
38.5,2.010
38.5,2.010
38.5,2.015
38.5,2.015
38.5,2.015
38.5,2.015
38.5,2.015
38.5,2.015
38.5,2.015
38.5,2.015
38.5,2.015
38.5,2.015
38.5,2.015
38.5,2.015
38.5,2.015
38.5,2.015
38.5,2.015
38.5,2.015
38.5,2.015
38.5,2.015
38.5,2.015
38.5,2.015
38.5,2.020
38.5,2.020
38.5,2.020
38.5,2.020
38.5,2.020
38.5,2.020
38.5,2.020
38.5,2.020
38.5,2.020
38.5,2.020
38.5,2.020
38.5,2.020
38.5,2.020
38.5,2.020
38.5,2.020
38.5,2.020
38.5,2.020
38.5,2.020
38.5,2.020
38.5,2.020
38.5,2.025
38.5,2.025
38.5,2.025
38.5,2.025
38.5,2.025
38.5,2.025
38.5,2.025
38.5,2.025
38.5,2.025
38.5,2.025
38.5,2.025
38.5,2.025
38.5,2.025
38.5,2.025
38.5,2.025
38.5,2.025
38.5,2.025
38.5,2.025
38.5,2.025
38.5,2.025
38.5,2.025
38.5,2.030
38.5,2.030
38.5,2.030
38.5,2.030
38.5,2.030
38.6,2.030
38.6,2.030
38.6,2.030
38.6,2.030
38.6,2.030
38.6,2.030
38.6,2.030
38.6,2.030
38.6,2.030
38.6,2.030
38.6,2.030
38.6,2.030
38.6,2.030
38.6,2.030
38.6,2.030
38.6,2.030
38.6,2.035
38.6,2.035
38.7,2.035
38.7,2.035
38.7,2.035
38.7,2.035
38.7,2.035
38.7,2.035
38.7,2.035
38.7,2.035
38.7,2.035
38.7,2.035
38.7,2.035
38.7,2.035
38.7,2.035
38.7,2.035
38.7,2.035
38.7,2.035
38.7,2.035
38.7,2.040
38.7,2.040
38.7,2.040
38.7,2.040
38.8,2.040
38.8,2.040
38.8,2.040
38.8,2.040
38.8,2.040
38.8,2.040
38.8,2.040
38.8,2.040
38.8,2.040
38.8,2.040
38.8,2.040
38.8,2.040
38.8,2.040
38.8,2.040
38.8,2.040
38.7,2.040
38.7,2.040
38.7,2.040
38.8,2.045
38.7,2.045
38.8,2.045
38.8,2.045
38.8,2.045
38.9,2.045
38.9,2.045
38.9,2.045
38.9,2.045
38.9,2.045
38.9,2.045
38.9,2.045
38.9,2.045
38.8,2.045
38.8,2.045
38.8,2.045
38.8,2.045
38.8,2.045
38.8,2.045
38.8,2.045
38.8,2.045
38.8,2.050
38.8,2.050
38.8,2.050
38.8,2.050
38.8,2.050
38.8,2.050
38.8,2.050
38.8,2.050
38.8,2.050
38.9,2.050
38.9,2.050
38.9,2.050
38.9,2.050
38.9,2.050
38.9,2.050
38.9,2.050
38.9,2.050
38.9,2.050
38.9,2.050
38.9,2.050
38.9,2.050
38.9,2.050
38.9,2.055
38.9,2.055
38.9,2.055
38.9,2.055
38.9,2.055
38.9,2.055
38.9,2.055
38.9,2.055
38.9,2.055
38.9,2.055
38.9,2.055
38.9,2.055
38.9,2.055
38.9,2.055
38.9,2.055
38.9,2.055
38.9,2.055
38.9,2.055
38.9,2.055
39.0,2.055
39.0,2.055
39.0,2.055
39.0,2.060
39.0,2.060
39.0,2.060
39.0,2.060
39.0,2.060
39.0,2.060
39.0,2.060
39.0,2.060
39.0,2.060
39.0,2.060
39.0,2.060
39.0,2.060
39.0,2.060
39.0,2.060
39.0,2.060
39.0,2.060
39.0,2.060
39.0,2.060
39.0,2.060
39.0,2.060
39.0,2.060
39.0,2.065
39.0,2.065
39.0,2.065
39.0,2.065
39.0,2.065
39.1,2.065
39.1,2.065
39.1,2.065
39.1,2.065
39.1,2.065
39.1,2.065
39.1,2.065
39.1,2.065
39.1,2.065
39.1,2.065
39.1,2.065
39.1,2.065
39.1,2.065
39.1,2.065
39.1,2.065
39.1,2.065
39.1,2.065
39.1,2.065
39.1,2.070
39.1,2.070
39.1,2.070
39.1,2.070
39.1,2.070
39.1,2.070
39.1,2.070
39.1,2.070
39.1,2.070
39.1,2.070
39.1,2.070
39.1,2.070
39.1,2.070
39.1,2.070
39.1,2.070
39.1,2.070
39.1,2.070
39.1,2.070
39.1,2.070
39.1,2.070
39.1,2.070
39.1,2.070
39.1,2.075
39.1,2.075
39.1,2.075
39.1,2.075
39.1,2.075
39.1,2.075
39.1,2.075
39.1,2.075
39.1,2.075
39.1,2.075
39.1,2.075
39.1,2.075
39.1,2.075
39.1,2.075
39.1,2.075
39.1,2.075
39.1,2.075
39.1,2.075
39.1,2.075
39.1,2.075
39.1,2.075
39.1,2.075
39.1,2.080
39.1,2.080
39.1,2.080
39.1,2.080
39.1,2.080
39.1,2.080
39.1,2.080
39.1,2.080
39.1,2.080
39.1,2.080
39.1,2.080
39.1,2.080
39.1,2.080
39.2,2.080
39.2,2.080
39.2,2.080
39.2,2.080
39.2,2.080
39.2,2.080
39.2,2.085
39.2,2.085
39.2,2.085
39.2,2.085
39.2,2.085
39.2,2.085
39.1,2.085
39.1,2.085
39.1,2.085
39.1,2.085
39.1,2.085
39.1,2.085
39.1,2.085
39.1,2.085
39.1,2.085
39.1,2.085
39.1,2.085
39.1,2.085
39.1,2.085
39.1,2.085
39.2,2.085
39.2,2.085
39.2,2.090
39.2,2.090
39.2,2.090
39.2,2.090
39.2,2.090
39.2,2.090
39.2,2.090
39.1,2.090
39.1,2.090
39.1,2.090
39.1,2.090
39.1,2.090
39.1,2.090
39.1,2.090
39.1,2.090
39.1,2.090
39.1,2.090
39.1,2.090
39.1,2.090
39.1,2.090
39.1,2.090
39.1,2.095
39.1,2.095
39.1,2.095
39.1,2.095
39.1,2.095
39.1,2.095
39.1,2.095
39.1,2.095
39.1,2.095
39.1,2.095
39.1,2.095
39.1,2.095
39.1,2.095
39.1,2.095
39.1,2.095
39.1,2.095
39.1,2.095
39.1,2.095
39.1,2.095
39.1,2.095
39.1,2.100
39.1,2.100
39.1,2.100
39.1,2.100
39.1,2.100
39.1,2.100
39.1,2.100
39.1,2.100
39.1,2.100
39.1,2.100
39.1,2.100
39.1,2.100
39.1,2.100
39.1,2.100
39.1,2.100
39.1,2.100
39.1,2.100
39.1,2.100
39.1,2.100
39.1,2.100
39.1,2.105
39.1,2.105
39.1,2.105
39.1,2.105
39.1,2.105
39.1,2.105
39.1,2.105
39.1,2.105
39.1,2.105
39.1,2.105
39.1,2.105
39.1,2.105
39.1,2.105
39.1,2.105
39.1,2.105
39.1,2.105
39.1,2.105
39.1,2.105
39.0,2.105
39.0,2.105
39.0,2.105
39.0,2.105
39.0,2.110
39.0,2.110
39.1,2.110
39.1,2.110
39.1,2.110
39.1,2.110
39.1,2.110
39.1,2.110
39.1,2.110
39.1,2.110
39.1,2.110
39.1,2.110
39.1,2.110
39.1,2.110
39.1,2.110
39.1,2.110
39.1,2.110
39.1,2.110
39.1,2.110
39.1,2.110
39.1,2.110
39.1,2.115
39.1,2.115
39.1,2.115
39.1,2.115
39.1,2.115
39.1,2.115
39.1,2.115
39.1,2.115
39.1,2.115
39.1,2.115
39.1,2.115
39.1,2.115
39.1,2.115
39.1,2.115
39.1,2.115
39.1,2.115
39.1,2.115
39.1,2.115
39.1,2.115
39.1,2.115
39.1,2.115
39.1,2.120
39.1,2.120
39.1,2.120
39.1,2.120
39.1,2.120
39.1,2.120
39.1,2.120
39.1,2.120
39.1,2.120
39.1,2.120
39.0,2.120
39.0,2.120
39.0,2.120
39.0,2.120
39.0,2.120
39.0,2.120
39.0,2.120
39.1,2.120
39.1,2.120
39.1,2.120
39.1,2.120
39.1,2.125
39.1,2.125
39.1,2.125
39.1,2.125
39.1,2.125
39.1,2.125
39.1,2.125
39.1,2.125
39.1,2.125
39.1,2.125
39.1,2.125
39.1,2.125
39.1,2.125
39.1,2.125
39.1,2.125
39.1,2.125
39.1,2.125
39.1,2.125
39.1,2.125
39.1,2.125
39.1,2.125
39.1,2.125
39.1,2.130
39.1,2.130
39.1,2.130
39.1,2.130
39.1,2.130
39.1,2.130
39.1,2.130
39.1,2.130
39.1,2.130
39.1,2.130
39.1,2.130
39.1,2.130
39.1,2.130
39.1,2.130
39.1,2.130
39.2,2.130
39.2,2.130
39.2,2.130
39.2,2.130
39.2,2.130
39.2,2.130
39.2,2.130
39.2,2.135
39.2,2.135
39.2,2.135
39.2,2.135
39.2,2.135
39.2,2.135
39.2,2.135
39.2,2.135
39.2,2.135
39.2,2.135
39.2,2.135
39.2,2.135
39.2,2.135
39.2,2.135
39.2,2.135
39.2,2.135
39.2,2.135
39.2,2.135
39.2,2.135
39.2,2.135
39.2,2.135
39.2,2.135
39.2,2.140
39.2,2.140
39.2,2.140
39.2,2.140
39.2,2.140
39.2,2.140
39.2,2.140
39.2,2.140
39.2,2.140
39.2,2.140
39.2,2.140
39.2,2.140
39.2,2.140
39.2,2.140
39.2,2.140
39.2,2.140
39.2,2.140
39.2,2.140
39.2,2.140
39.2,2.140
39.2,2.145
39.2,2.145
39.2,2.145
39.2,2.145
39.2,2.145
39.2,2.145
39.2,2.145
39.2,2.145
39.2,2.145
39.2,2.145
39.2,2.145
39.2,2.145
39.2,2.145
39.2,2.145
39.2,2.145
39.3,2.145
39.3,2.145
39.3,2.145
39.3,2.145
39.3,2.145
39.3,2.145
39.3,2.145
39.3,2.150
39.3,2.150
39.3,2.150
39.3,2.150
39.3,2.150
39.3,2.150
39.3,2.150
39.3,2.150
39.3,2.150
39.3,2.150
39.3,2.150
39.3,2.150
39.3,2.150
39.3,2.150
39.3,2.150
39.3,2.150
39.3,2.150
39.3,2.150
39.3,2.150
39.2,2.150
39.2,2.150
39.2,2.150
39.2,2.150
39.2,2.155
39.2,2.155
39.2,2.155
39.2,2.155
39.2,2.155
39.2,2.155
39.2,2.155
39.2,2.155
39.2,2.155
39.3,2.155
39.3,2.155
39.3,2.155
39.3,2.155
39.3,2.155
39.3,2.155
39.3,2.155
39.3,2.155
39.3,2.155
39.3,2.155
39.3,2.155
39.3,2.155
39.3,2.160
39.3,2.160
39.3,2.160
39.3,2.160
39.3,2.160
39.3,2.160
39.3,2.160
39.3,2.160
39.3,2.160
39.3,2.160
39.3,2.160
39.3,2.160
39.3,2.160
39.3,2.160
39.3,2.160
39.3,2.160
39.3,2.160
39.3,2.160
39.3,2.160
39.3,2.165
39.3,2.165
39.3,2.165
39.3,2.165
39.3,2.165
39.3,2.165
39.3,2.165
39.3,2.165
39.3,2.165
39.3,2.165
39.3,2.165
39.3,2.165
39.3,2.165
39.3,2.165
39.3,2.165
39.3,2.165
39.3,2.165
39.3,2.165
39.3,2.165
39.3,2.165
39.3,2.165
39.3,2.170
39.3,2.170
39.3,2.170
39.3,2.170
39.3,2.170
39.3,2.170
39.3,2.170
39.3,2.170
39.4,2.170
39.4,2.170
39.4,2.170
39.4,2.170
39.4,2.170
39.4,2.170
39.4,2.170
39.4,2.170
39.4,2.170
39.4,2.170
39.4,2.170
39.4,2.170
39.4,2.170
39.3,2.170
39.3,2.175
39.3,2.175
39.3,2.175
39.3,2.175
39.3,2.175
39.3,2.175
39.3,2.175
39.3,2.175
39.3,2.175
39.3,2.175
39.3,2.175
39.3,2.175
39.3,2.175
39.3,2.175
39.3,2.175
39.3,2.175
39.3,2.175
39.3,2.175
39.3,2.175
39.3,2.175
39.3,2.180
39.3,2.180
39.3,2.180
39.3,2.180
39.3,2.180
39.2,2.180
39.2,2.180
39.2,2.180
39.2,2.180
39.2,2.180
39.2,2.180
39.2,2.180
39.2,2.180
39.2,2.180
39.3,2.180
39.3,2.180
39.3,2.180
39.3,2.180
39.3,2.180
39.3,2.180
39.3,2.180
39.3,2.180
39.3,2.185
39.3,2.185
39.3,2.185
39.3,2.185
39.3,2.185
39.3,2.185
39.3,2.185
39.3,2.185
39.3,2.185
39.3,2.185
39.3,2.185
39.3,2.185
39.3,2.185
39.3,2.185
39.4,2.185
39.4,2.185
39.4,2.185
39.4,2.185
39.4,2.185
39.4,2.185
39.3,2.185
39.3,2.185
39.3,2.185
39.3,2.190
39.3,2.190
39.3,2.190
39.3,2.190
39.3,2.190
39.3,2.190
39.3,2.190
39.3,2.190
39.3,2.190
39.3,2.190
39.3,2.190
39.3,2.190
39.3,2.190
39.3,2.190
39.3,2.190
39.3,2.190
39.3,2.190
39.3,2.190
39.3,2.190
39.3,2.190
39.3,2.190
39.3,2.190
39.3,2.190
39.3,2.190
39.3,2.195
39.3,2.195
39.3,2.195
39.3,2.195
39.3,2.195
39.3,2.195
39.3,2.195
39.3,2.195
39.3,2.195
39.3,2.195
39.3,2.195
39.3,2.195
39.3,2.195
39.3,2.195
39.3,2.195
39.3,2.195
39.3,2.195
39.3,2.195
39.3,2.195
39.3,2.195
39.4,2.195
39.4,2.195
39.4,2.195
39.4,2.200
39.4,2.200
39.4,2.200
39.4,2.200
39.4,2.200
39.4,2.200
39.4,2.200
39.4,2.200
39.4,2.200
39.4,2.200
39.4,2.200
39.4,2.200
39.4,2.200
39.4,2.200
39.4,2.200
39.4,2.200
39.4,2.200
39.4,2.200
39.4,2.200
39.4,2.200
39.4,2.200
39.4,2.200
39.4,2.200
39.4,2.200
39.4,2.205
39.4,2.205
39.4,2.205
39.4,2.205
39.4,2.205
39.4,2.205
39.4,2.205
39.4,2.205
39.4,2.205
39.4,2.205
39.4,2.205
39.4,2.205
39.4,2.205
39.3,2.205
39.3,2.205
39.3,2.205
39.3,2.205
39.3,2.205
39.3,2.205
39.3,2.205
39.3,2.205
39.3,2.205
39.3,2.205
39.3,2.205
39.3,2.205
39.3,2.210
39.3,2.210
39.3,2.210
39.3,2.210
39.3,2.210
39.3,2.210
39.3,2.210
39.3,2.210
39.3,2.210
39.3,2.210
39.3,2.210
39.3,2.210
39.3,2.210
39.3,2.210
39.3,2.210
39.3,2.210
39.3,2.210
39.3,2.210
39.3,2.210
39.3,2.210
39.3,2.210
39.3,2.210
39.3,2.210
39.3,2.210
39.3,2.210
39.3,2.210
39.4,2.215
39.4,2.215
39.4,2.215
39.4,2.215
39.4,2.215
39.4,2.215
39.4,2.215
39.4,2.215
39.4,2.215
39.4,2.215
39.4,2.215
39.4,2.215
39.4,2.215
39.4,2.215
39.4,2.215
39.4,2.215
39.4,2.215
39.4,2.215
39.4,2.215
39.4,2.215
39.4,2.215
39.4,2.215
39.4,2.215
39.4,2.215
39.4,2.215
39.4,2.220
39.4,2.220
39.4,2.220
39.4,2.220
39.4,2.220
39.4,2.220
39.4,2.220
39.4,2.220
39.4,2.220
39.4,2.220
39.4,2.220
39.4,2.220
39.4,2.220
39.4,2.220
39.4,2.220
39.4,2.220
39.4,2.220
39.4,2.220
39.4,2.220
39.4,2.220
39.4,2.220
39.4,2.220
39.4,2.220
39.4,2.220
39.4,2.220
39.4,2.225
39.4,2.225
39.4,2.225
39.4,2.225
39.4,2.225
39.4,2.225
39.4,2.225
39.4,2.225
39.4,2.225
39.4,2.225
39.4,2.225
39.4,2.225
39.4,2.225
39.4,2.225
39.4,2.225
39.4,2.225
39.4,2.225
39.4,2.225
39.4,2.225
39.4,2.225
39.4,2.225
39.4,2.225
39.4,2.225
39.4,2.225
39.4,2.225
39.4,2.225
39.4,2.225
39.4,2.230
39.4,2.230
39.4,2.230
39.4,2.230
39.4,2.230
39.4,2.230
39.4,2.230
39.4,2.230
39.4,2.230
39.4,2.230
39.4,2.230
39.4,2.230
39.4,2.230
39.4,2.230
39.4,2.230
39.4,2.230
39.4,2.230
39.4,2.230
39.4,2.230
39.4,2.230
39.4,2.230
39.4,2.230
39.4,2.230
39.4,2.230
39.4,2.230
39.4,2.230
39.4,2.230
39.4,2.235
39.4,2.235
39.4,2.235
39.4,2.235
39.4,2.235
39.4,2.235
39.4,2.235
39.4,2.235
39.4,2.235
39.4,2.235
39.4,2.235
39.4,2.235
39.4,2.235
39.4,2.235
39.4,2.235
39.4,2.235
39.4,2.235
39.4,2.235
39.4,2.235
39.4,2.235
39.4,2.235
39.4,2.235
39.4,2.235
39.4,2.235
39.4,2.235
39.4,2.235
39.4,2.235
39.4,2.240
39.4,2.240
39.4,2.240
39.4,2.240
39.4,2.240
39.4,2.240
39.4,2.240
39.4,2.240
39.4,2.240
39.4,2.240
39.4,2.240
39.4,2.240
39.4,2.240
39.4,2.240
39.4,2.240
39.4,2.240
39.4,2.240
39.4,2.240
39.4,2.240
39.4,2.240
39.4,2.240
39.4,2.240
39.4,2.240
39.4,2.240
39.4,2.240
39.4,2.245
39.4,2.245
39.4,2.245
39.4,2.245
39.4,2.245
39.3,2.245
39.3,2.245
39.3,2.245
39.3,2.245
39.3,2.245
39.3,2.245
39.3,2.245
39.3,2.245
39.3,2.245
39.3,2.245
39.3,2.245
39.3,2.245
39.3,2.245
39.3,2.245
39.3,2.245
39.3,2.245
39.3,2.245
39.3,2.245
39.3,2.245
39.4,2.245
39.4,2.245
39.4,2.245
39.4,2.245
39.4,2.245
39.4,2.250
39.4,2.250
39.4,2.250
39.4,2.250
39.4,2.250
39.4,2.250
39.4,2.250
39.4,2.250
39.4,2.250
39.4,2.250
39.4,2.250
39.4,2.250
39.4,2.250
39.4,2.250
39.4,2.250
39.4,2.250
39.4,2.250
39.4,2.250
39.4,2.250
39.4,2.250
39.4,2.250
39.4,2.250
39.3,2.250
39.3,2.250
39.3,2.250
39.3,2.250
39.3,2.250
39.3,2.250
39.3,2.250
39.3,2.255
39.3,2.255
39.3,2.255
39.4,2.255
39.4,2.255
39.4,2.255
39.4,2.255
39.4,2.255
39.4,2.255
39.4,2.255
39.4,2.255
39.4,2.255
39.4,2.255
39.4,2.255
39.4,2.255
39.4,2.255
39.4,2.255
39.4,2.255
39.4,2.255
39.4,2.255
39.4,2.255
39.4,2.255
39.4,2.255
39.4,2.255
39.4,2.255
39.4,2.255
39.3,2.255
39.3,2.260
39.3,2.260
39.3,2.260
39.3,2.260
39.3,2.260
39.3,2.260
39.3,2.260
39.3,2.260
39.3,2.260
39.4,2.260
39.4,2.260
39.4,2.260
39.4,2.260
39.4,2.260
39.4,2.260
39.4,2.260
39.4,2.260
39.4,2.260
39.4,2.260
39.4,2.260
39.4,2.260
39.4,2.260
39.4,2.260
39.4,2.260
39.4,2.260
39.4,2.260
39.4,2.260
39.4,2.260
39.4,2.265
39.4,2.265
39.4,2.265
39.4,2.265
39.4,2.265
39.4,2.265
39.4,2.265
39.4,2.265
39.4,2.265
39.4,2.265
39.4,2.265
39.4,2.265
39.4,2.265
39.4,2.265
39.4,2.265
39.4,2.265
39.4,2.265
39.4,2.265
39.4,2.265
39.4,2.265
39.4,2.265
39.4,2.265
39.4,2.265
39.4,2.265
39.4,2.265
39.4,2.265
39.4,2.265
39.4,2.265
39.4,2.265
39.4,2.270
39.4,2.270
39.4,2.270
39.4,2.270
39.4,2.270
39.4,2.270
39.4,2.270
39.4,2.270
39.4,2.270
39.4,2.270
39.4,2.270
39.4,2.270
39.4,2.270
39.4,2.270
39.4,2.270
39.4,2.270
39.4,2.270
39.4,2.270
39.4,2.270
39.4,2.270
39.4,2.270
39.4,2.270
39.4,2.270
39.4,2.270
39.4,2.270
39.4,2.270
39.4,2.270
39.4,2.270
39.4,2.275
39.4,2.275
39.4,2.275
39.4,2.275
39.4,2.275
39.4,2.275
39.4,2.275
39.4,2.275
39.4,2.275
39.4,2.275
39.4,2.275
39.4,2.275
39.4,2.275
39.4,2.275
39.4,2.275
39.4,2.275
39.4,2.275
39.4,2.275
39.4,2.275
39.4,2.275
39.4,2.275
39.4,2.275
39.4,2.275
39.4,2.275
39.4,2.275
39.4,2.275
39.4,2.275
39.5,2.280
39.5,2.280
39.5,2.280
39.5,2.280
39.5,2.280
39.6,2.280
39.6,2.280
39.6,2.280
39.6,2.280
39.6,2.280
39.5,2.280
39.5,2.280
39.5,2.280
39.5,2.280
39.5,2.280
39.5,2.280
39.5,2.280
39.5,2.280
39.5,2.280
39.5,2.280
39.5,2.280
39.5,2.280
39.5,2.280
39.5,2.280
39.5,2.280
39.5,2.280
39.5,2.280
39.5,2.280
39.5,2.285
39.5,2.285
39.5,2.285
39.5,2.285
39.5,2.285
39.5,2.285
39.5,2.285
39.5,2.285
39.5,2.285
39.5,2.285
39.5,2.285
39.5,2.285
39.5,2.285
39.5,2.285
39.5,2.285
39.6,2.285
39.6,2.285
39.6,2.285
39.6,2.285
39.6,2.285
39.6,2.285
39.6,2.285
39.6,2.285
39.6,2.285
39.6,2.285
39.6,2.285
39.5,2.285
39.5,2.285
39.5,2.285
39.5,2.290
39.5,2.290
39.5,2.290
39.5,2.290
39.5,2.290
39.6,2.290
39.5,2.290
39.5,2.290
39.5,2.290
39.6,2.290
39.6,2.290
39.6,2.290
39.6,2.290
39.6,2.290
39.6,2.290
39.6,2.290
39.6,2.290
39.6,2.290
39.6,2.290
39.6,2.290
39.6,2.290
39.5,2.290
39.5,2.290
39.5,2.290
39.5,2.290
39.5,2.290
39.5,2.290
39.5,2.290
39.5,2.290
39.6,2.295
39.6,2.295
39.6,2.295
39.6,2.295
39.6,2.295
39.6,2.295
39.6,2.295
39.6,2.295
39.6,2.295
39.6,2.295
39.6,2.295
39.6,2.295
39.6,2.295
39.5,2.295
39.5,2.295
39.5,2.295
39.5,2.295
39.5,2.295
39.5,2.295
39.5,2.295
39.5,2.295
39.5,2.295
39.5,2.295
39.5,2.295
39.5,2.295
39.5,2.295
39.5,2.295
39.5,2.295
39.5,2.300
39.5,2.300
39.5,2.300
39.6,2.300
39.6,2.300
39.6,2.300
39.5,2.300
39.5,2.300
39.5,2.300
39.5,2.300
39.5,2.300
39.5,2.300
39.5,2.300
39.5,2.300
39.5,2.300
39.5,2.300
39.5,2.300
39.6,2.300
39.6,2.300
39.6,2.300
39.6,2.300
39.6,2.300
39.6,2.300
39.6,2.300
39.6,2.300
39.6,2.300
39.6,2.305
39.6,2.305
39.6,2.305
39.6,2.305
39.6,2.305
39.6,2.305
39.6,2.305
39.6,2.305
39.6,2.305
39.6,2.305
39.6,2.305
39.6,2.305
39.6,2.305
39.6,2.305
39.6,2.305
39.6,2.305
39.6,2.305
39.6,2.305
39.6,2.305
39.6,2.305
39.6,2.305
39.6,2.305
39.6,2.305
39.6,2.305
39.6,2.305
39.6,2.305
39.6,2.305
39.6,2.310
39.6,2.310
39.6,2.310
39.6,2.310
39.6,2.310
39.6,2.310
39.6,2.310
39.6,2.310
39.6,2.310
39.6,2.310
39.6,2.310
39.6,2.310
39.6,2.310
39.6,2.310
39.6,2.310
39.6,2.310
39.6,2.310
39.6,2.310
39.6,2.310
39.6,2.310
39.6,2.310
39.6,2.310
39.6,2.310
39.6,2.310
39.6,2.310
39.6,2.310
39.6,2.310
39.6,2.315
39.6,2.315
39.6,2.315
39.6,2.315
39.6,2.315
39.6,2.315
39.6,2.315
39.6,2.315
39.6,2.315
39.6,2.315
39.6,2.315
39.7,2.315
39.7,2.315
39.7,2.315
39.7,2.315
39.7,2.315
39.7,2.315
39.7,2.315
39.7,2.315
39.7,2.315
39.7,2.315
39.7,2.315
39.6,2.315
39.6,2.315
39.6,2.315
39.6,2.315
39.6,2.320
39.6,2.320
39.6,2.320
39.6,2.320
39.6,2.320
39.6,2.320
39.6,2.320
39.6,2.320
39.6,2.320
39.6,2.320
39.6,2.320
39.6,2.320
39.6,2.320
39.6,2.320
39.6,2.320
39.6,2.320
39.6,2.320
39.6,2.320
39.6,2.320
39.5,2.320
39.5,2.320
39.5,2.320
39.5,2.320
39.5,2.320
39.6,2.320
39.6,2.325
39.6,2.325
39.6,2.325
39.6,2.325
39.7,2.325
39.7,2.325
39.7,2.325
39.7,2.325
39.7,2.325
39.7,2.325
39.7,2.325
39.7,2.325
39.7,2.325
39.7,2.325
39.7,2.325
39.7,2.325
39.6,2.325
39.6,2.325
39.6,2.325
39.6,2.325
39.6,2.325
39.6,2.325
39.6,2.325
39.6,2.325
39.6,2.325
39.6,2.325
39.6,2.325
39.6,2.325
39.6,2.330
39.6,2.330
39.6,2.330
39.6,2.330
39.6,2.330
39.6,2.330
39.6,2.330
39.6,2.330
39.6,2.330
39.6,2.330
39.6,2.330
39.6,2.330
39.6,2.330
39.6,2.330
39.6,2.330
39.6,2.330
39.6,2.330
39.6,2.330
39.6,2.330
39.6,2.330
39.6,2.330
39.6,2.330
39.6,2.330
39.6,2.330
39.6,2.330
39.6,2.330
39.6,2.330
39.6,2.330
39.6,2.335
39.6,2.335
39.6,2.335
39.6,2.335
39.6,2.335
39.6,2.335
39.6,2.335
39.6,2.335
39.6,2.335
39.6,2.335
39.6,2.335
39.6,2.335
39.6,2.335
39.6,2.335
39.6,2.335
39.6,2.335
39.6,2.335
39.6,2.335
39.6,2.335
39.6,2.335
39.6,2.335
39.6,2.335
39.6,2.335
39.6,2.335
39.6,2.335
39.6,2.335
39.7,2.335
39.6,2.340
39.6,2.340
39.6,2.340
39.6,2.340
39.6,2.340
39.6,2.340
39.6,2.340
39.6,2.340
39.6,2.340
39.6,2.340
39.6,2.340
39.6,2.340
39.6,2.340
39.6,2.340
39.6,2.340
39.7,2.340
39.7,2.340
39.7,2.340
39.7,2.340
39.7,2.340
39.7,2.340
39.6,2.340
39.6,2.340
39.6,2.340
39.6,2.340
39.6,2.340
39.6,2.340
39.6,2.345
39.6,2.345
39.6,2.345
39.6,2.345
39.6,2.345
39.6,2.345
39.6,2.345
39.6,2.345
39.6,2.345
39.6,2.345
39.7,2.345
39.7,2.345
39.7,2.345
39.7,2.345
39.7,2.345
39.7,2.345
39.7,2.345
39.7,2.345
39.7,2.345
39.7,2.345
39.7,2.345
39.7,2.345
39.7,2.345
39.7,2.345
39.7,2.345
39.7,2.345
39.7,2.345
39.7,2.345
39.7,2.345
39.7,2.350
39.7,2.350
39.7,2.350
39.7,2.350
39.7,2.350
39.7,2.350
39.7,2.350
39.7,2.350
39.7,2.350
39.7,2.350
39.7,2.350
39.7,2.350
39.7,2.350
39.7,2.350
39.7,2.350
39.7,2.350
39.7,2.350
39.7,2.350
39.7,2.350
39.7,2.350
39.7,2.350
39.7,2.350
39.7,2.350
39.7,2.350
39.7,2.350
39.7,2.350
39.7,2.350
39.7,2.350
39.7,2.350
39.7,2.355
39.7,2.355
39.7,2.355
39.7,2.355
39.7,2.355
39.7,2.355
39.7,2.355
39.7,2.355
39.7,2.355
39.7,2.355
39.7,2.355
39.7,2.355
39.7,2.355
39.7,2.355
39.7,2.355
39.7,2.355
39.7,2.355
39.7,2.355
39.7,2.355
39.7,2.355
39.7,2.355
39.7,2.355
39.7,2.355
39.7,2.355
39.7,2.355
39.7,2.355
39.7,2.355
39.7,2.355
39.7,2.360
39.7,2.360
39.7,2.360
39.7,2.360
39.7,2.360
39.7,2.360
39.7,2.360
39.7,2.360
39.7,2.360
39.7,2.360
39.7,2.360
39.7,2.360
39.7,2.360
39.7,2.360
39.7,2.360
39.7,2.360
39.7,2.360
39.7,2.360
39.7,2.360
39.7,2.360
39.7,2.360
39.7,2.360
39.7,2.360
39.7,2.360
39.7,2.360
39.7,2.360
39.7,2.360
39.7,2.360
39.8,2.360
39.8,2.360
39.8,2.365
39.8,2.365
39.8,2.365
39.8,2.365
39.8,2.365
39.8,2.365
39.8,2.365
39.8,2.365
39.8,2.365
39.8,2.365
39.8,2.365
39.8,2.365
39.8,2.365
39.8,2.365
39.8,2.365
39.8,2.365
39.7,2.365
39.7,2.365
39.7,2.365
39.7,2.365
39.7,2.365
39.7,2.365
39.7,2.365
39.7,2.365
39.7,2.365
39.7,2.365
39.8,2.365
39.8,2.365
39.8,2.365
39.8,2.365
39.8,2.370
39.8,2.370
39.8,2.370
39.8,2.370
39.8,2.370
39.8,2.370
39.8,2.370
39.8,2.370
39.8,2.370
39.8,2.370
39.8,2.370
39.8,2.370
39.8,2.370
39.8,2.370
39.8,2.370
39.8,2.370
39.8,2.370
39.8,2.370
39.8,2.370
39.8,2.370
39.8,2.370
39.8,2.370
39.8,2.370
39.8,2.370
39.8,2.370
39.8,2.370
39.8,2.370
39.8,2.370
39.8,2.370
39.8,2.370
39.8,2.370
39.8,2.375
39.8,2.375
39.8,2.375
39.8,2.375
39.8,2.375
39.8,2.375
39.8,2.375
39.8,2.375
39.8,2.375
39.8,2.375
39.8,2.375
39.8,2.375
39.8,2.375
39.8,2.375
39.8,2.375
39.8,2.375
39.8,2.375
39.8,2.375
39.8,2.375
39.7,2.375
39.7,2.375
39.7,2.375
39.7,2.375
39.7,2.375
39.7,2.375
39.7,2.375
39.7,2.375
39.7,2.375
39.7,2.375
39.8,2.375
39.8,2.380
39.8,2.380
39.8,2.380
39.8,2.380
39.8,2.380
39.8,2.380
39.8,2.380
39.8,2.380
39.7,2.380
39.7,2.380
39.7,2.380
39.7,2.380
39.7,2.380
39.7,2.380
39.7,2.380
39.7,2.380
39.7,2.380
39.7,2.380
39.7,2.380
39.7,2.380
39.7,2.380
39.7,2.380
39.7,2.380
39.7,2.380
39.7,2.380
39.7,2.380
39.7,2.380
39.7,2.380
39.7,2.380
39.7,2.380
39.7,2.385
39.7,2.385
39.7,2.385
39.7,2.385
39.7,2.385
39.7,2.385
39.7,2.385
39.7,2.385
39.7,2.385
39.7,2.385
39.7,2.385
39.7,2.385
39.7,2.385
39.7,2.385
39.7,2.385
39.7,2.385
39.7,2.385
39.7,2.385
39.7,2.385
39.7,2.385
39.7,2.385
39.7,2.385
39.7,2.385
39.7,2.385
39.7,2.385
39.7,2.385
39.7,2.385
39.7,2.385
39.7,2.385
39.7,2.385
39.7,2.385
39.8,2.385
39.8,2.385
39.8,2.390
39.8,2.390
39.8,2.390
39.8,2.390
39.8,2.390
39.8,2.390
39.8,2.390
39.8,2.390
39.8,2.390
39.8,2.390
39.8,2.390
39.8,2.390
39.8,2.390
39.8,2.390
39.8,2.390
39.8,2.390
39.8,2.390
39.8,2.390
39.8,2.390
39.8,2.390
39.8,2.390
39.8,2.390
39.8,2.390
39.8,2.390
39.8,2.390
39.8,2.390
39.8,2.390
39.8,2.390
39.8,2.390
39.8,2.390
39.8,2.390
39.8,2.390
39.8,2.390
39.8,2.390
39.8,2.395
39.8,2.395
39.8,2.395
39.8,2.395
39.8,2.395
39.8,2.395
39.8,2.395
39.8,2.395
39.8,2.395
39.8,2.395
39.8,2.395
39.8,2.395
39.8,2.395
39.8,2.395
39.8,2.395
39.8,2.395
39.8,2.395
39.8,2.395
39.8,2.395
39.8,2.395
39.8,2.395
39.8,2.395
39.8,2.395
39.8,2.395
39.8,2.395
39.8,2.395
39.8,2.395
39.8,2.395
39.8,2.395
39.8,2.395
39.8,2.395
39.8,2.395
39.8,2.395
39.8,2.400
39.8,2.400
39.8,2.400
39.8,2.400
39.8,2.400
39.8,2.400
39.8,2.400
39.8,2.400
39.8,2.400
39.8,2.400
39.8,2.400
39.8,2.400
39.8,2.400
39.8,2.400
39.8,2.400
39.8,2.400
39.8,2.400
39.8,2.400
39.8,2.400
39.8,2.400
39.8,2.400
39.8,2.400
39.8,2.400
39.8,2.400
39.8,2.400
39.8,2.400
39.8,2.400
39.8,2.400
39.8,2.400
39.8,2.400
39.8,2.405
39.8,2.405
39.8,2.405
39.8,2.405
39.8,2.405
39.9,2.405
39.9,2.405
39.9,2.405
39.9,2.405
39.9,2.405
39.9,2.405
39.9,2.405
39.9,2.405
39.9,2.405
39.9,2.405
39.8,2.405
39.8,2.405
39.8,2.405
39.8,2.405
39.8,2.405
39.8,2.405
39.8,2.405
39.8,2.405
39.8,2.405
39.8,2.405
39.8,2.405
39.8,2.405
39.8,2.405
39.8,2.405
39.8,2.405
39.8,2.405
39.8,2.405
39.8,2.405
39.8,2.410
39.8,2.410
39.8,2.410
39.8,2.410
39.8,2.410
39.8,2.410
39.8,2.410
39.8,2.410
39.8,2.410
39.9,2.410
39.9,2.410
39.9,2.410
39.9,2.410
39.9,2.410
39.9,2.410
39.9,2.410
39.9,2.410
39.9,2.410
39.9,2.410
39.9,2.410
39.9,2.410
39.9,2.410
39.9,2.410
39.9,2.410
39.9,2.410
39.9,2.410
39.9,2.410
39.9,2.410
39.9,2.410
39.9,2.410
39.9,2.410
39.9,2.410
39.9,2.410
39.9,2.415
39.9,2.415
39.9,2.415
39.9,2.415
39.9,2.415
39.9,2.415
39.9,2.415
39.9,2.415
39.9,2.415
39.9,2.415
39.9,2.415
39.9,2.415
39.9,2.415
39.9,2.415
39.9,2.415
39.9,2.415
39.9,2.415
39.9,2.415
39.9,2.415
39.9,2.415
39.9,2.415
39.9,2.415
39.9,2.415
39.9,2.415
39.9,2.415
39.9,2.415
39.9,2.415
39.9,2.415
39.9,2.415
39.9,2.415
39.9,2.415
39.9,2.420
39.9,2.420
39.9,2.420
39.9,2.420
39.9,2.420
39.9,2.420
39.9,2.420
39.9,2.420
39.9,2.420
39.9,2.420
39.9,2.420
39.9,2.420
39.9,2.420
39.9,2.420
39.9,2.420
39.9,2.420
39.9,2.420
39.9,2.420
39.9,2.420
39.9,2.420
39.9,2.420
39.9,2.420
39.9,2.420
39.9,2.420
39.9,2.420
39.9,2.420
39.9,2.420
39.9,2.420
39.9,2.420
39.9,2.420
39.9,2.420
39.9,2.425
39.9,2.425
39.9,2.425
39.9,2.425
39.9,2.425
39.9,2.425
39.9,2.425
39.9,2.425
39.9,2.425
39.9,2.425
39.9,2.425
39.9,2.425
39.9,2.425
39.9,2.425
39.9,2.425
39.9,2.425
39.9,2.425
39.9,2.425
39.9,2.425
39.9,2.425
39.9,2.425
39.9,2.425
39.9,2.425
39.9,2.425
39.9,2.425
39.9,2.425
39.9,2.425
39.9,2.425
39.9,2.425
39.9,2.425
39.9,2.425
39.9,2.425
39.9,2.425
39.9,2.425
39.9,2.430
39.9,2.430
39.9,2.430
39.9,2.430
39.9,2.430
39.9,2.430
39.9,2.430
39.9,2.430
39.9,2.430
39.9,2.430
39.9,2.430
39.9,2.430
39.9,2.430
39.9,2.430
39.9,2.430
39.9,2.430
39.9,2.430
39.9,2.430
39.9,2.430
39.9,2.430
39.9,2.430
39.9,2.430
39.9,2.430
39.9,2.430
39.9,2.430
39.9,2.430
39.9,2.430
39.9,2.430
39.9,2.430
39.9,2.430
39.9,2.430
39.9,2.430
39.9,2.430
39.9,2.435
39.9,2.435
39.9,2.435
39.9,2.435
39.9,2.435
39.9,2.435
39.9,2.435
39.9,2.435
39.9,2.435
39.9,2.435
39.9,2.435
39.9,2.435
39.9,2.435
39.9,2.435
39.9,2.435
39.9,2.435
39.9,2.435
39.9,2.435
39.9,2.435
39.9,2.435
39.9,2.435
39.9,2.435
39.9,2.435
39.9,2.435
39.9,2.435
39.9,2.435
39.9,2.435
39.9,2.435
39.9,2.435
39.9,2.435
39.9,2.435
39.9,2.440
39.9,2.440
39.9,2.440
39.9,2.440
39.9,2.440
39.9,2.440
39.9,2.440
39.9,2.440
39.9,2.440
39.9,2.440
39.9,2.440
39.9,2.440
39.9,2.440
39.9,2.440
39.9,2.440
40.0,2.440
40.0,2.440
40.0,2.440
40.0,2.440
40.0,2.440
40.0,2.440
40.0,2.440
40.0,2.440
40.0,2.440
40.0,2.440
40.0,2.440
40.0,2.440
40.0,2.440
40.0,2.440
40.0,2.440
40.0,2.440
40.0,2.440
40.0,2.440
40.0,2.440
40.0,2.445
40.0,2.445
40.0,2.445
40.0,2.445
40.0,2.445
40.0,2.445
40.0,2.445
40.0,2.445
40.0,2.445
40.0,2.445
40.0,2.445
40.0,2.445
40.0,2.445
40.0,2.445
40.0,2.445
40.0,2.445
40.0,2.445
40.0,2.445
40.0,2.445
40.0,2.445
40.0,2.445
40.0,2.445
40.0,2.445
40.0,2.445
40.0,2.445
40.0,2.445
40.0,2.445
40.0,2.445
40.0,2.445
40.0,2.445
40.0,2.445
40.0,2.445
40.0,2.445
40.0,2.445
40.0,2.450
40.0,2.450
40.0,2.450
40.0,2.450
40.0,2.450
40.0,2.450
40.0,2.450
40.0,2.450
40.0,2.450
40.0,2.450
40.0,2.450
40.0,2.450
40.0,2.450
40.0,2.450
40.0,2.450
40.0,2.450
40.0,2.450
40.0,2.450
40.0,2.450
40.0,2.450
40.0,2.450
40.0,2.450
40.0,2.450
40.0,2.450
40.0,2.450
40.0,2.450
40.0,2.450
40.0,2.450
40.0,2.450
40.0,2.450
40.0,2.450
40.0,2.450
40.0,2.450
40.0,2.450
40.0,2.455
40.0,2.455
40.0,2.455
40.0,2.455
40.0,2.455
40.0,2.455
40.0,2.455
40.0,2.455
40.0,2.455
40.0,2.455
40.0,2.455
40.0,2.455
40.0,2.455
40.0,2.455
40.0,2.455
40.0,2.455
40.0,2.455
40.0,2.455
40.0,2.455
40.0,2.455
40.0,2.455
40.0,2.455
40.0,2.455
40.0,2.455
40.0,2.455
40.0,2.455
40.0,2.455
40.0,2.455
40.0,2.455
40.0,2.455
40.0,2.455
40.0,2.455
40.0,2.455
40.0,2.460
40.0,2.460
40.0,2.460
40.0,2.460
40.0,2.460
40.0,2.460
40.0,2.460
40.0,2.460
40.0,2.460
40.0,2.460
40.0,2.460
40.0,2.460
40.0,2.460
40.0,2.460
40.0,2.460
40.0,2.460
40.0,2.460
40.1,2.460
40.1,2.460
40.1,2.460
40.1,2.460
40.1,2.460
40.1,2.460
40.1,2.460
40.1,2.460
40.1,2.460
40.1,2.460
40.1,2.460
40.1,2.460
40.1,2.460
40.1,2.460
40.1,2.460
40.1,2.465
40.1,2.465
40.1,2.465
40.1,2.465
40.1,2.465
40.1,2.465
40.1,2.465
40.1,2.465
40.0,2.465
40.0,2.465
40.0,2.465
40.0,2.465
40.0,2.465
40.0,2.465
40.0,2.465
40.0,2.465
40.0,2.465
40.0,2.465
40.0,2.465
40.0,2.465
40.1,2.465
40.1,2.465
40.1,2.465
40.1,2.465
40.1,2.465
40.1,2.465
40.1,2.465
40.1,2.465
40.1,2.465
40.1,2.465
40.1,2.465
40.1,2.465
40.1,2.465
40.1,2.465
40.1,2.470
40.0,2.470
40.0,2.470
40.0,2.470
40.0,2.470
40.0,2.470
40.0,2.470
40.0,2.470
40.0,2.470
40.0,2.470
40.0,2.470
40.0,2.470
40.0,2.470
40.0,2.470
40.0,2.470
40.0,2.470
40.0,2.470
40.0,2.470
40.0,2.470
40.0,2.470
40.0,2.470
40.0,2.470
40.0,2.470
40.1,2.470
40.1,2.470
40.1,2.470
40.1,2.470
40.1,2.470
40.1,2.470
40.1,2.470
40.1,2.470
40.1,2.470
40.1,2.470
40.1,2.470
40.1,2.475
40.1,2.475
40.1,2.475
40.1,2.475
40.1,2.475
40.1,2.475
40.1,2.475
40.1,2.475
40.1,2.475
40.1,2.475
40.1,2.475
40.1,2.475
40.1,2.475
40.1,2.475
40.1,2.475
40.1,2.475
40.1,2.475
40.1,2.475
40.1,2.475
40.1,2.475
40.1,2.475
40.1,2.475
40.1,2.475
40.1,2.475
40.1,2.475
40.1,2.475
40.1,2.475
40.1,2.475
40.1,2.475
40.1,2.475
40.1,2.475
40.1,2.475
40.1,2.475
40.1,2.475
40.1,2.480
40.1,2.480
40.1,2.480
40.1,2.480
40.1,2.480
40.1,2.480
40.1,2.480
40.1,2.480
40.1,2.480
40.1,2.480
40.1,2.480
40.1,2.480
40.1,2.480
40.1,2.480
40.1,2.480
40.1,2.480
40.1,2.480
40.1,2.480
40.1,2.480
40.1,2.480
40.1,2.480
40.1,2.480
40.1,2.480
40.1,2.480
40.1,2.480
40.1,2.480
40.1,2.480
40.1,2.480
40.1,2.480
40.1,2.480
40.1,2.480
40.1,2.485
40.1,2.485
40.1,2.485
40.1,2.485
40.1,2.485
40.1,2.485
40.1,2.485
40.1,2.485
40.1,2.485
40.1,2.485
40.1,2.485
40.1,2.485
40.1,2.485
40.1,2.485
40.1,2.485
40.1,2.485
40.1,2.485
40.1,2.485
40.1,2.485
40.1,2.485
40.1,2.485
40.1,2.485
40.1,2.485
40.1,2.485
40.1,2.485
40.1,2.485
40.1,2.485
40.1,2.485
40.1,2.485
40.1,2.485
40.1,2.485
40.1,2.485
40.1,2.485
40.1,2.485
40.1,2.485
40.1,2.490
40.1,2.490
40.0,2.490
40.0,2.490
40.0,2.490
40.0,2.490
40.0,2.490
40.0,2.490
40.0,2.490
40.0,2.490
40.0,2.490
40.0,2.490
40.0,2.490
40.0,2.490
40.0,2.490
40.0,2.490
40.0,2.490
40.0,2.490
40.0,2.490
40.1,2.490
40.1,2.490
40.1,2.490
40.1,2.490
40.1,2.490
40.1,2.490
40.1,2.490
40.1,2.490
40.1,2.490
40.1,2.490
40.1,2.490
40.1,2.490
40.1,2.490
40.1,2.490
40.1,2.490
40.1,2.495
40.1,2.495
40.1,2.495
40.1,2.495
40.1,2.495
40.2,2.495
40.2,2.495
40.2,2.495
40.2,2.495
40.2,2.495
40.1,2.495
40.1,2.495
40.1,2.495
40.1,2.495
40.1,2.495
40.1,2.495
40.1,2.495
40.1,2.495
40.1,2.495
40.1,2.495
40.1,2.495
40.1,2.495
40.1,2.495
40.1,2.495
40.1,2.495
40.1,2.495
40.1,2.495
40.1,2.495
40.1,2.495
40.1,2.495
40.1,2.495
40.1,2.500
40.1,2.500
40.1,2.500
40.1,2.500
40.1,2.500
40.1,2.500
40.1,2.500
40.1,2.500
40.1,2.500
40.1,2.500
40.1,2.500
40.1,2.500
40.1,2.500
40.1,2.500
40.1,2.500
40.1,2.500
40.1,2.500
40.1,2.500
40.1,2.500
40.1,2.500
40.1,2.500
40.1,2.500
40.1,2.500
40.1,2.500
40.1,2.500
40.1,2.500
40.1,2.500
40.1,2.500
40.1,2.500
40.1,2.500
40.1,2.500
40.1,2.500
40.1,2.500
40.1,2.505
40.1,2.505
40.1,2.505
40.1,2.505
40.1,2.505
40.1,2.505
40.1,2.505
40.1,2.505
40.1,2.505
40.1,2.505
40.1,2.505
40.1,2.505
40.1,2.505
40.1,2.505
40.1,2.505
40.1,2.505
40.1,2.505
40.1,2.505
40.1,2.505
40.1,2.505
40.1,2.505
40.1,2.505
40.1,2.505
40.1,2.505
40.1,2.505
40.1,2.505
40.1,2.505
40.1,2.505
40.1,2.505
40.1,2.505
40.1,2.505
40.1,2.505
40.1,2.505
40.1,2.505
40.1,2.505
40.1,2.510
40.1,2.510
40.1,2.510
40.1,2.510
40.1,2.510
40.1,2.510
40.1,2.510
40.1,2.510
40.1,2.510
40.2,2.510
40.2,2.510
40.2,2.510
40.2,2.510
40.2,2.510
40.2,2.510
40.2,2.510
40.2,2.510
40.2,2.510
40.2,2.510
40.2,2.510
40.2,2.510
40.2,2.510
40.1,2.510
40.1,2.510
40.1,2.510
40.1,2.510
40.1,2.510
40.1,2.510
40.1,2.510
40.1,2.510
40.1,2.510
40.1,2.510
40.1,2.510
40.1,2.510
40.1,2.510
40.1,2.510
40.1,2.515
40.1,2.515
40.1,2.515
40.1,2.515
40.1,2.515
40.1,2.515
40.1,2.515
40.1,2.515
40.1,2.515
40.1,2.515
40.1,2.515
40.1,2.515
40.1,2.515
40.1,2.515
40.1,2.515
40.1,2.515
40.1,2.515
40.1,2.515
40.1,2.515
40.1,2.515
40.1,2.515
40.1,2.515
40.1,2.515
40.1,2.515
40.1,2.515
40.1,2.515
40.1,2.515
40.1,2.515
40.1,2.515
40.1,2.515
40.1,2.515
40.1,2.515
40.1,2.515
40.1,2.515
40.1,2.520
40.1,2.520
40.1,2.520
40.1,2.520
40.1,2.520
40.1,2.520
40.1,2.520
40.1,2.520
40.1,2.520
40.1,2.520
40.1,2.520
40.1,2.520
40.1,2.520
40.1,2.520
40.1,2.520
40.1,2.520
40.1,2.520
40.1,2.520
40.1,2.520
40.1,2.520
40.1,2.520
40.1,2.520
40.1,2.520
40.1,2.520
40.1,2.520
40.1,2.520
40.1,2.520
40.1,2.520
40.2,2.520
40.2,2.520
40.2,2.520
40.2,2.520
40.2,2.520
40.2,2.520
40.2,2.520
40.2,2.520
40.2,2.520
40.2,2.520
40.2,2.520
40.2,2.525
40.2,2.525
40.2,2.525
40.2,2.525
40.2,2.525
40.2,2.525
40.2,2.525
40.2,2.525
40.2,2.525
40.2,2.525
40.2,2.525
40.2,2.525
40.2,2.525
40.2,2.525
40.2,2.525
40.2,2.525
40.2,2.525
40.2,2.525
40.2,2.525
40.2,2.525
40.2,2.525
40.2,2.525
40.2,2.525
40.2,2.525
40.2,2.525
40.2,2.525
40.2,2.525
40.2,2.525
40.2,2.525
40.2,2.525
40.2,2.525
40.2,2.525
40.2,2.525
40.2,2.525
40.2,2.525
40.2,2.525
40.2,2.525
40.2,2.525
40.2,2.525
40.2,2.525
40.2,2.530
40.2,2.530
40.2,2.530
40.2,2.530
40.2,2.530
40.2,2.530
40.2,2.530
40.2,2.530
40.2,2.530
40.2,2.530
40.2,2.530
40.2,2.530
40.2,2.530
40.2,2.530
40.2,2.530
40.2,2.530
40.2,2.530
40.2,2.530
40.2,2.530
40.2,2.530
40.2,2.530
40.2,2.530
40.2,2.530
40.2,2.530
40.2,2.530
40.2,2.530
40.2,2.530
40.2,2.530
40.2,2.530
40.3,2.530
40.3,2.530
40.3,2.530
40.3,2.530
40.3,2.530
40.3,2.530
40.3,2.530
40.3,2.530
40.3,2.530
40.3,2.530
40.3,2.530
40.3,2.530
40.3,2.535
40.3,2.535
40.3,2.535
40.3,2.535
40.3,2.535
40.3,2.535
40.3,2.535
40.2,2.535
40.2,2.535
40.2,2.535
40.2,2.535
40.2,2.535
40.2,2.535
40.2,2.535
40.2,2.535
40.2,2.535
40.2,2.535
40.2,2.535
40.2,2.535
40.2,2.535
40.2,2.535
40.2,2.535
40.2,2.535
40.2,2.535
40.2,2.535
40.2,2.535
40.2,2.535
40.2,2.535
40.2,2.535
40.2,2.535
40.2,2.535
40.2,2.535
40.2,2.535
40.3,2.535
40.3,2.535
40.3,2.535
40.3,2.535
40.3,2.535
40.3,2.535
40.3,2.540
40.3,2.540
40.3,2.540
40.3,2.540
40.3,2.540
40.3,2.540
40.3,2.540
40.3,2.540
40.3,2.540
40.3,2.540
40.3,2.540
40.3,2.540
40.3,2.540
40.3,2.540
40.3,2.540
40.2,2.540
40.2,2.540
40.2,2.540
40.2,2.540
40.2,2.540
40.2,2.540
40.2,2.540
40.2,2.540
40.2,2.540
40.2,2.540
40.2,2.540
40.2,2.540
40.2,2.540
40.2,2.540
40.2,2.540
40.2,2.540
40.2,2.540
40.2,2.540
40.2,2.540
40.2,2.540
40.2,2.540
40.2,2.540
40.2,2.540
40.2,2.545
40.2,2.545
40.2,2.545
40.2,2.545
40.2,2.545
40.2,2.545
40.2,2.545
40.2,2.545
40.2,2.545
40.2,2.545
40.2,2.545
40.2,2.545
40.2,2.545
40.2,2.545
40.2,2.545
40.2,2.545
40.2,2.545
40.3,2.545
40.3,2.545
40.3,2.545
40.3,2.545
40.3,2.545
40.3,2.545
40.3,2.545
40.3,2.545
40.3,2.545
40.3,2.545
40.3,2.545
40.3,2.545
40.3,2.545
40.3,2.545
40.3,2.545
40.3,2.545
40.3,2.545
40.3,2.545
40.3,2.545
40.4,2.545
40.4,2.545
40.3,2.545
40.3,2.545
40.3,2.545
40.3,2.545
40.3,2.550
40.3,2.550
40.3,2.550
40.3,2.550
40.3,2.550
40.3,2.550
40.3,2.550
40.3,2.550
40.3,2.550
40.3,2.550
40.3,2.550
40.3,2.550
40.3,2.550
40.3,2.550
40.3,2.550
40.3,2.550
40.3,2.550
40.3,2.550
40.3,2.550
40.3,2.550
40.3,2.550
40.3,2.550
40.3,2.550
40.3,2.550
40.3,2.550
40.3,2.550
40.3,2.550
40.3,2.550
40.3,2.550
40.3,2.550
40.3,2.550
40.3,2.550
40.3,2.550
40.4,2.550
40.4,2.550
40.4,2.550
40.4,2.550
40.4,2.550
40.4,2.550
40.4,2.550
40.4,2.550
40.3,2.550
40.3,2.550
40.3,2.550
40.3,2.555
40.3,2.555
40.3,2.555
40.3,2.555
40.3,2.555
40.3,2.555
40.3,2.555
40.3,2.555
40.3,2.555
40.3,2.555
40.4,2.555
40.4,2.555
40.4,2.555
40.4,2.555
40.4,2.555
40.4,2.555
40.4,2.555
40.4,2.555
40.4,2.555
40.4,2.555
40.4,2.555
40.4,2.555
40.4,2.555
40.4,2.555
40.4,2.555
40.4,2.555
40.4,2.555
40.4,2.555
40.4,2.555
40.4,2.555
40.4,2.555
40.4,2.555
40.4,2.555
40.4,2.555
40.4,2.555
40.4,2.555
40.4,2.555
40.4,2.555
40.4,2.555
40.4,2.555
40.4,2.555
40.3,2.555
40.3,2.555
40.3,2.555
40.3,2.560
40.3,2.560
40.3,2.560
40.3,2.560
40.3,2.560
40.3,2.560
40.3,2.560
40.3,2.560
40.3,2.560
40.3,2.560
40.3,2.560
40.3,2.560
40.3,2.560
40.3,2.560
40.3,2.560
40.3,2.560
40.3,2.560
40.3,2.560
40.3,2.560
40.3,2.560
40.3,2.560
40.3,2.560
40.3,2.560
40.3,2.560
40.3,2.560
40.3,2.560
40.3,2.560
40.3,2.560
40.3,2.560
40.3,2.560
40.3,2.560
40.3,2.560
40.3,2.560
40.3,2.560
40.3,2.560
40.3,2.560
40.3,2.560
40.3,2.560
40.3,2.560
40.3,2.560
40.3,2.560
40.3,2.565
40.3,2.565
40.3,2.565
40.3,2.565
40.3,2.565
40.3,2.565
40.3,2.565
40.3,2.565
40.3,2.565
40.3,2.565
40.3,2.565
40.3,2.565
40.3,2.565
40.3,2.565
40.3,2.565
40.3,2.565
40.3,2.565
40.3,2.565
40.3,2.565
40.3,2.565
40.3,2.565
40.3,2.565
40.3,2.565
40.3,2.565
40.3,2.565
40.3,2.565
40.3,2.565
40.3,2.565
40.3,2.565
40.3,2.565
40.3,2.565
40.3,2.565
40.3,2.565
40.3,2.565
40.3,2.565
40.3,2.565
40.3,2.565
40.3,2.565
40.3,2.565
40.4,2.565
40.4,2.565
40.4,2.565
40.4,2.565
40.4,2.565
40.4,2.565
40.4,2.565
40.4,2.565
40.4,2.565
40.4,2.570
40.4,2.570
40.4,2.570
40.4,2.570
40.4,2.570
40.4,2.570
40.4,2.570
40.4,2.570
40.4,2.570
40.4,2.570
40.3,2.570
40.3,2.570
40.3,2.570
40.3,2.570
40.3,2.570
40.3,2.570
40.3,2.570
40.3,2.570
40.3,2.570
40.3,2.570
40.3,2.570
40.3,2.570
40.3,2.570
40.3,2.570
40.3,2.570
40.3,2.570
40.3,2.570
40.3,2.570
40.3,2.570
40.3,2.570
40.3,2.570
40.3,2.570
40.3,2.570
40.3,2.570
40.3,2.570
40.3,2.570
40.3,2.570
40.3,2.570
40.3,2.570
40.3,2.570
40.4,2.570
40.4,2.570
40.4,2.570
40.4,2.570
40.4,2.570
40.4,2.570
40.4,2.570
40.3,2.570
40.3,2.570
40.3,2.570
40.3,2.570
40.3,2.575
40.3,2.575
40.3,2.575
40.4,2.575
40.4,2.575
40.4,2.575
40.3,2.575
40.3,2.575
40.3,2.575
40.3,2.575
40.3,2.575
40.3,2.575
40.3,2.575
40.3,2.575
40.3,2.575
40.4,2.575
40.4,2.575
40.4,2.575
40.4,2.575
40.4,2.575
40.4,2.575
40.4,2.575
40.4,2.575
40.4,2.575
40.4,2.575
40.4,2.575
40.4,2.575
40.4,2.575
40.4,2.575
40.4,2.575
40.4,2.575
40.4,2.575
40.4,2.575
40.4,2.575
40.4,2.575
40.4,2.575
40.4,2.575
40.4,2.575
40.4,2.575
40.4,2.575
40.4,2.575
40.4,2.575
40.4,2.575
40.4,2.575
40.4,2.575
40.4,2.575
40.4,2.575
40.4,2.575
40.4,2.575
40.4,2.575
40.4,2.575
40.4,2.580
40.4,2.580
40.4,2.580
40.4,2.580
40.4,2.580
40.4,2.580
40.4,2.580
40.4,2.580
40.4,2.580
40.4,2.580
40.4,2.580
40.4,2.580
40.4,2.580
40.4,2.580
40.4,2.580
40.4,2.580
40.4,2.580
40.3,2.580
40.3,2.580
40.3,2.580
40.3,2.580
40.3,2.580
40.3,2.580
40.3,2.580
40.3,2.580
40.3,2.580
40.3,2.580
40.3,2.580
40.3,2.580
40.3,2.580
40.3,2.580
40.3,2.580
40.3,2.580
40.3,2.580
40.3,2.580
40.3,2.580
40.3,2.580
40.3,2.580
40.3,2.580
40.3,2.580
40.3,2.580
40.3,2.580
40.3,2.580
40.3,2.580
40.3,2.580
40.3,2.580
40.3,2.580
40.3,2.580
40.3,2.580
40.3,2.580
40.3,2.580
40.3,2.580
40.3,2.580
40.3,2.580
40.3,2.585
40.3,2.585
40.3,2.585
40.3,2.585
40.3,2.585
40.3,2.585
40.3,2.585
40.3,2.585
40.3,2.585
40.3,2.585
40.3,2.585
40.3,2.585
40.3,2.585
40.3,2.585
40.3,2.585
40.3,2.585
40.3,2.585
40.3,2.585
40.3,2.585
40.3,2.585
40.3,2.585
40.3,2.585
40.3,2.585
40.3,2.585
40.3,2.585
40.3,2.585
40.3,2.585
40.3,2.585
40.3,2.585
40.3,2.585
40.3,2.585
40.3,2.585
40.3,2.585
40.3,2.585
40.3,2.585
40.3,2.585
40.3,2.585
40.3,2.585
40.3,2.585
40.3,2.585
40.3,2.585
40.3,2.585
40.3,2.585
40.3,2.585
40.3,2.585
40.3,2.585
40.3,2.585
40.3,2.585
40.3,2.585
40.3,2.585
40.3,2.585
40.3,2.585
40.3,2.585
40.3,2.585
40.3,2.590
40.3,2.590
40.3,2.590
40.3,2.590
40.3,2.590
40.3,2.590
40.3,2.590
40.3,2.590
40.4,2.590
40.4,2.590
40.4,2.590
40.4,2.590
40.4,2.590
40.4,2.590
40.4,2.590
40.4,2.590
40.4,2.590
40.4,2.590
40.4,2.590
40.4,2.590
40.4,2.590
40.4,2.590
40.4,2.590
40.4,2.590
40.4,2.590
40.4,2.590
40.4,2.590
40.4,2.590
40.4,2.590
40.4,2.590
40.4,2.590
40.4,2.590
40.4,2.590
40.4,2.590
40.4,2.590
40.4,2.590
40.4,2.590
40.4,2.590
40.4,2.590
40.4,2.590
40.4,2.590
40.4,2.590
40.4,2.590
40.4,2.590
40.4,2.590
40.4,2.590
40.4,2.590
40.4,2.590
40.4,2.590
40.4,2.590
40.4,2.590
40.4,2.590
40.4,2.590
40.4,2.595
40.4,2.595
40.4,2.595
40.4,2.595
40.4,2.595
40.4,2.595
40.4,2.595
40.4,2.595
40.4,2.595
40.4,2.595
40.4,2.595
40.4,2.595
40.4,2.595
40.4,2.595
40.4,2.595
40.4,2.595
40.4,2.595
40.4,2.595
40.4,2.595
40.4,2.595
40.4,2.595
40.4,2.595
40.4,2.595
40.4,2.595
40.4,2.595
40.4,2.595
40.3,2.595
40.3,2.595
40.3,2.595
40.3,2.595
40.3,2.595
40.3,2.595
40.3,2.595
40.3,2.595
40.3,2.595
40.3,2.595
40.3,2.595
40.3,2.595
40.3,2.595
40.3,2.595
40.4,2.595
40.4,2.595
40.4,2.595
40.4,2.595
40.4,2.595
40.4,2.595
40.4,2.595
40.4,2.595
40.4,2.600
40.4,2.600
40.4,2.600
40.4,2.600
40.4,2.600
40.4,2.600
40.4,2.600
40.4,2.600
40.4,2.600
40.4,2.600
40.4,2.600
40.4,2.600
40.4,2.600
40.4,2.600
40.4,2.600
40.4,2.600
40.4,2.600
40.4,2.600
40.4,2.600
40.4,2.600
40.4,2.600
40.4,2.600
40.4,2.600
40.4,2.600
40.4,2.600
40.4,2.600
40.4,2.600
40.4,2.600
40.4,2.600
40.4,2.600
40.4,2.600
40.4,2.600
40.4,2.600
40.4,2.600
40.4,2.600
40.4,2.600
40.4,2.600
40.4,2.600
40.4,2.600
40.4,2.600
40.4,2.600
40.4,2.600
40.4,2.600
40.4,2.600
40.4,2.600
40.4,2.600
40.4,2.600
40.4,2.600
40.4,2.600
40.4,2.600
40.4,2.600
40.4,2.600
40.4,2.600
40.4,2.600
40.4,2.605
40.4,2.605
40.4,2.605
40.4,2.605
40.4,2.605
40.4,2.605
40.4,2.605
40.4,2.605
40.4,2.605
40.4,2.605
40.4,2.605
40.4,2.605
40.4,2.605
40.4,2.605
40.4,2.605
40.4,2.605
40.4,2.605
40.4,2.605
40.4,2.605
40.4,2.605
40.4,2.605
40.4,2.605
40.4,2.605
40.4,2.605
40.4,2.605
40.4,2.605
40.4,2.605
40.4,2.605
40.4,2.605
40.4,2.605
40.4,2.605
40.4,2.605
40.4,2.605
40.4,2.605
40.4,2.605
40.4,2.605
40.4,2.605
40.4,2.605
40.4,2.605
40.4,2.605
40.4,2.605
40.4,2.605
40.4,2.605
40.4,2.605
40.4,2.605
40.4,2.605
40.4,2.605
40.4,2.605
40.4,2.605
40.4,2.605
40.4,2.605
40.4,2.605
40.4,2.605
40.4,2.605
40.4,2.605
40.4,2.605
40.4,2.610
40.4,2.610
40.4,2.610
40.4,2.610
40.4,2.610
40.4,2.610
40.4,2.610
40.4,2.610
40.4,2.610
40.4,2.610
40.4,2.610
40.4,2.610
40.4,2.610
40.4,2.610
40.4,2.610
40.4,2.610
40.4,2.610
40.4,2.610
40.4,2.610
40.4,2.610
40.4,2.610
40.4,2.610
40.4,2.610
40.4,2.610
40.4,2.610
40.4,2.610
40.4,2.610
40.4,2.610
40.4,2.610
40.4,2.610
40.4,2.610
40.4,2.610
40.4,2.610
40.4,2.610
40.4,2.610
40.4,2.610
40.4,2.610
40.4,2.610
40.4,2.610
40.4,2.610
40.4,2.610
40.4,2.610
40.4,2.610
40.4,2.610
40.4,2.610
40.4,2.610
40.4,2.610
40.4,2.610
40.4,2.610
40.4,2.610
40.4,2.610
40.4,2.610
40.4,2.610
40.4,2.610
40.4,2.610
40.4,2.610
40.4,2.610
40.4,2.610
40.5,2.610
40.5,2.610
40.5,2.610
40.5,2.610
40.5,2.615
40.5,2.615
40.5,2.615
40.5,2.615
40.5,2.615
40.5,2.615
40.5,2.615
40.5,2.615
40.5,2.615
40.5,2.615
40.4,2.615
40.4,2.615
40.4,2.615
40.4,2.615
40.4,2.615
40.4,2.615
40.4,2.615
40.4,2.615
40.4,2.615
40.4,2.615
40.4,2.615
40.5,2.615
40.5,2.615
40.5,2.615
40.5,2.615
40.5,2.615
40.5,2.615
40.5,2.615
40.5,2.615
40.5,2.615
40.5,2.615
40.5,2.615
40.5,2.615
40.5,2.615
40.5,2.615
40.5,2.615
40.5,2.615
40.5,2.615
40.5,2.615
40.5,2.615
40.5,2.615
40.5,2.615
40.5,2.615
40.5,2.615
40.5,2.615
40.5,2.615
40.5,2.615
40.5,2.615
40.5,2.615
40.5,2.615
40.5,2.615
40.5,2.615
40.5,2.615
40.5,2.615
40.5,2.615
40.5,2.615
40.5,2.615
40.5,2.615
40.5,2.615
40.5,2.615
40.5,2.615
40.5,2.615
40.5,2.620
40.5,2.620
40.5,2.620
40.5,2.620
40.5,2.620
40.5,2.620
40.5,2.620
40.5,2.620
40.5,2.620
40.5,2.620
40.5,2.620
40.5,2.620
40.5,2.620
40.5,2.620
40.5,2.620
40.5,2.620
40.5,2.620
40.5,2.620
40.5,2.620
40.5,2.620
40.5,2.620
40.5,2.620
40.5,2.620
40.5,2.620
40.5,2.620
40.5,2.620
40.5,2.620
40.5,2.620
40.5,2.620
40.5,2.620
40.5,2.620
40.5,2.620
40.5,2.620
40.5,2.620
40.5,2.620
40.5,2.620
40.5,2.620
40.5,2.620
40.5,2.620
40.5,2.620
40.5,2.620
40.5,2.620
40.5,2.620
40.5,2.620
40.5,2.620
40.5,2.620
40.5,2.620
40.5,2.620
40.5,2.620
40.5,2.620
40.5,2.620
40.5,2.620
40.5,2.620
40.5,2.620
40.5,2.620
40.5,2.620
40.5,2.620
40.5,2.620
40.5,2.620
40.5,2.620
40.5,2.620
40.5,2.620
40.5,2.620
40.5,2.620
40.5,2.625
40.5,2.625
40.5,2.625
40.5,2.625
40.5,2.625
40.5,2.625
40.5,2.625
40.5,2.625
40.5,2.625
40.5,2.625
40.5,2.625
40.5,2.625
40.5,2.625
40.5,2.625
40.5,2.625
40.5,2.625
40.5,2.625
40.5,2.625
40.5,2.625
40.5,2.625
40.5,2.625
40.5,2.625
40.5,2.625
40.5,2.625
40.5,2.625
40.5,2.625
40.5,2.625
40.5,2.625
40.5,2.625
40.5,2.625
40.5,2.625
40.5,2.625
40.5,2.625
40.5,2.625
40.5,2.625
40.5,2.625
40.5,2.625
40.5,2.625
40.5,2.625
40.5,2.625
40.5,2.625
40.5,2.625
40.5,2.625
40.5,2.625
40.5,2.625
40.5,2.625
40.5,2.625
40.5,2.625
40.5,2.625
40.5,2.625
40.5,2.625
40.5,2.625
40.5,2.625
40.5,2.625
40.5,2.625
40.5,2.625
40.5,2.625
40.5,2.625
40.5,2.625
40.4,2.625
40.4,2.625
40.4,2.625
40.4,2.625
40.4,2.625
40.4,2.625
40.4,2.625
40.4,2.625
40.4,2.625
40.4,2.625
40.4,2.625
40.4,2.630
40.4,2.630
40.4,2.630
40.5,2.630
40.5,2.630
40.5,2.630
40.5,2.630
40.5,2.630
40.5,2.630
40.5,2.630
40.4,2.630
40.4,2.630
40.4,2.630
40.4,2.630
40.4,2.630
40.4,2.630
40.4,2.630
40.4,2.630
40.4,2.630
40.5,2.630
40.5,2.630
40.5,2.630
40.5,2.630
40.5,2.630
40.5,2.630
40.5,2.630
40.5,2.630
40.5,2.630
40.5,2.630
40.5,2.630
40.5,2.630
40.5,2.630
40.5,2.630
40.5,2.630
40.5,2.630
40.5,2.630
40.5,2.630
40.5,2.630
40.5,2.630
40.5,2.630
40.5,2.630
40.5,2.630
40.5,2.630
40.5,2.630
40.5,2.630
40.5,2.630
40.5,2.630
40.5,2.630
40.5,2.630
40.5,2.630
40.5,2.630
40.5,2.630
40.5,2.630
40.5,2.630
40.5,2.630
40.5,2.630
40.5,2.630
40.5,2.630
40.5,2.630
40.5,2.630
40.5,2.630
40.5,2.630
40.5,2.630
40.5,2.630
40.5,2.630
40.5,2.630
40.5,2.630
40.5,2.630
40.5,2.630
40.5,2.630
40.5,2.635
40.5,2.635
40.5,2.635
40.5,2.635
40.4,2.635
40.4,2.635
40.4,2.635
40.4,2.635
40.4,2.635
40.4,2.635
40.4,2.635
40.5,2.635
40.5,2.635
40.5,2.635
40.5,2.635
40.5,2.635
40.5,2.635
40.5,2.635
40.5,2.635
40.5,2.635
40.5,2.635
40.5,2.635
40.5,2.635
40.5,2.635
40.5,2.635
40.5,2.635
40.5,2.635
40.5,2.635
40.5,2.635
40.5,2.635
40.5,2.635
40.5,2.635
40.5,2.635
40.5,2.635
40.5,2.635
40.5,2.635
40.5,2.635
40.5,2.635
40.5,2.635
40.5,2.635
40.5,2.635
40.5,2.635
40.5,2.635
40.5,2.635
40.5,2.635
40.5,2.635
40.5,2.635
40.5,2.635
40.5,2.635
40.5,2.635
40.5,2.635
40.5,2.635
40.5,2.635
40.5,2.635
40.5,2.635
40.5,2.635
40.5,2.635
40.5,2.635
40.5,2.635
40.5,2.635
40.5,2.635
40.5,2.635
40.5,2.635
40.5,2.635
40.5,2.635
40.5,2.635
40.5,2.635
40.5,2.640
40.5,2.640
40.5,2.640
40.5,2.640
40.5,2.640
40.5,2.640
40.5,2.640
40.5,2.640
40.5,2.640
40.5,2.640
40.5,2.640
40.5,2.640
40.5,2.640
40.5,2.640
40.5,2.640
40.5,2.640
40.5,2.640
40.5,2.640
40.5,2.640
40.5,2.640
40.5,2.640
40.5,2.640
40.5,2.640
40.5,2.640
40.5,2.640
40.5,2.640
40.5,2.640
40.5,2.640
40.5,2.640
40.5,2.640
40.5,2.640
40.5,2.640
40.5,2.640
40.5,2.640
40.5,2.640
40.4,2.640
40.4,2.640
40.4,2.640
40.4,2.640
40.4,2.640
40.4,2.640
40.4,2.640
40.4,2.640
40.4,2.640
40.5,2.640
40.5,2.640
40.5,2.640
40.5,2.640
40.5,2.640
40.5,2.640
40.5,2.640
40.5,2.640
40.5,2.640
40.5,2.640
40.5,2.640
40.5,2.645
40.5,2.645
40.5,2.645
40.5,2.645
40.5,2.645
40.5,2.645
40.5,2.645
40.5,2.645
40.5,2.645
40.5,2.645
40.5,2.645
40.5,2.645
40.5,2.645
40.5,2.645
40.5,2.645
40.5,2.645
40.5,2.645
40.5,2.645
40.5,2.645
40.5,2.645
40.5,2.645
40.5,2.645
40.5,2.645
40.5,2.645
40.5,2.645
40.5,2.645
40.5,2.645
40.5,2.645
40.5,2.645
40.5,2.645
40.6,2.645
40.5,2.645
40.5,2.645
40.5,2.645
40.5,2.645
40.5,2.645
40.5,2.645
40.5,2.645
40.5,2.645
40.5,2.645
40.5,2.645
40.5,2.645
40.5,2.645
40.5,2.645
40.5,2.645
40.5,2.645
40.5,2.645
40.5,2.645
40.5,2.645
40.5,2.645
40.5,2.645
40.5,2.645
40.5,2.645
40.5,2.645
40.5,2.645
40.5,2.645
40.5,2.645
40.5,2.645
40.5,2.645
40.5,2.645
40.5,2.650
40.5,2.650
40.5,2.650
40.5,2.650
40.5,2.650
40.5,2.650
40.5,2.650
40.5,2.650
40.5,2.650
40.5,2.650
40.5,2.650
40.5,2.650
40.5,2.650
40.5,2.650
40.5,2.650
40.5,2.650
40.5,2.650
40.5,2.650
40.5,2.650
40.5,2.650
40.5,2.650
40.5,2.650
40.5,2.650
40.5,2.650
40.5,2.650
40.5,2.650
40.5,2.650
40.5,2.650
40.5,2.650
40.5,2.650
40.5,2.650
40.5,2.650
40.5,2.650
40.5,2.650
40.6,2.650
40.6,2.650
40.6,2.650
40.6,2.650
40.6,2.650
40.6,2.650
40.5,2.650
40.5,2.650
40.5,2.650
40.5,2.650
40.5,2.650
40.5,2.650
40.5,2.650
40.5,2.650
40.5,2.650
40.5,2.650
40.5,2.650
40.5,2.650
40.5,2.650
40.5,2.650
40.5,2.650
40.5,2.650
40.5,2.650
40.5,2.650
40.5,2.655
40.5,2.655
40.5,2.655
40.5,2.655
40.5,2.655
40.5,2.655
40.5,2.655
40.5,2.655
40.5,2.655
40.5,2.655
40.5,2.655
40.5,2.655
40.5,2.655
40.5,2.655
40.5,2.655
40.5,2.655
40.5,2.655
40.5,2.655
40.6,2.655
40.6,2.655
40.6,2.655
40.6,2.655
40.6,2.655
40.5,2.655
40.5,2.655
40.5,2.655
40.5,2.655
40.5,2.655
40.5,2.655
40.5,2.655
40.5,2.655
40.5,2.655
40.5,2.655
40.5,2.655
40.5,2.655
40.5,2.655
40.5,2.655
40.5,2.655
40.5,2.655
40.5,2.655
40.5,2.655
40.5,2.655
40.5,2.655
40.5,2.655
40.5,2.655
40.5,2.655
40.5,2.655
40.5,2.655
40.5,2.655
40.5,2.655
40.5,2.655
40.5,2.655
40.5,2.655
40.5,2.660
40.5,2.660
40.5,2.660
40.5,2.660
40.6,2.660
40.6,2.660
40.6,2.660
40.6,2.660
40.6,2.660
40.6,2.660
40.6,2.660
40.6,2.660
40.6,2.660
40.6,2.660
40.6,2.660
40.6,2.660
40.6,2.660
40.6,2.660
40.6,2.660
40.6,2.660
40.6,2.660
40.6,2.660
40.6,2.660
40.6,2.660
40.6,2.660
40.6,2.660
40.6,2.660
40.6,2.660
40.6,2.660
40.6,2.660
40.5,2.660
40.5,2.660
40.5,2.660
40.5,2.660
40.5,2.660
40.5,2.660
40.5,2.660
40.5,2.660
40.5,2.660
40.5,2.660
40.5,2.660
40.5,2.660
40.5,2.660
40.5,2.660
40.5,2.660
40.5,2.660
40.5,2.660
40.5,2.660
40.5,2.660
40.5,2.660
40.5,2.660
40.5,2.660
40.5,2.660
40.5,2.660
40.5,2.660
40.5,2.660
40.5,2.665
40.5,2.665
40.5,2.665
40.5,2.665
40.5,2.665
40.5,2.665
40.5,2.665
40.5,2.665
40.5,2.665
40.5,2.665
40.5,2.665
40.5,2.665
40.5,2.665
40.5,2.665
40.5,2.665
40.5,2.665
40.5,2.665
40.5,2.665
40.5,2.665
40.5,2.665
40.5,2.665
40.5,2.665
40.5,2.665
40.5,2.665
40.5,2.665
40.5,2.665
40.5,2.665
40.5,2.665
40.5,2.665
40.5,2.665
40.5,2.665
40.5,2.665
40.5,2.665
40.5,2.665
40.5,2.665
40.5,2.665
40.5,2.665
40.5,2.665
40.5,2.665
40.5,2.665
40.5,2.665
40.5,2.665
40.5,2.665
40.5,2.665
40.5,2.665
40.5,2.665
40.5,2.665
40.5,2.665
40.5,2.665
40.5,2.665
40.6,2.665
40.6,2.665
40.6,2.665
40.6,2.665
40.6,2.665
40.6,2.665
40.6,2.665
40.6,2.665
40.6,2.665
40.6,2.665
40.6,2.670
40.5,2.670
40.5,2.670
40.5,2.670
40.5,2.670
40.5,2.670
40.5,2.670
40.5,2.670
40.5,2.670
40.5,2.670
40.5,2.670
40.5,2.670
40.6,2.670
40.6,2.670
40.6,2.670
40.6,2.670
40.6,2.670
40.6,2.670
40.6,2.670
40.6,2.670
40.6,2.670
40.6,2.670
40.6,2.670
40.6,2.670
40.6,2.670
40.6,2.670
40.6,2.670
40.6,2.670
40.6,2.670
40.6,2.670
40.6,2.670
40.6,2.670
40.6,2.670
40.6,2.670
40.6,2.670
40.6,2.670
40.6,2.670
40.6,2.670
40.6,2.670
40.6,2.670
40.6,2.670
40.6,2.670
40.6,2.670
40.6,2.670
40.6,2.670
40.6,2.670
40.6,2.670
40.6,2.670
40.6,2.670
40.6,2.670
40.6,2.670
40.6,2.670
40.6,2.670
40.6,2.670
40.6,2.670
40.6,2.670
40.6,2.670
40.6,2.670
40.6,2.670
40.6,2.670
40.6,2.670
40.6,2.670
40.6,2.675
40.6,2.675
40.6,2.675
40.6,2.675
40.6,2.675
40.6,2.675
40.6,2.675
40.6,2.675
40.6,2.675
40.6,2.675
40.6,2.675
40.6,2.675
40.6,2.675
40.6,2.675
40.6,2.675
40.6,2.675
40.6,2.675
40.6,2.675
40.6,2.675
40.6,2.675
40.6,2.675
40.6,2.675
40.6,2.675
40.6,2.675
40.6,2.675
40.6,2.675
40.6,2.675
40.6,2.675
40.6,2.675
40.6,2.675
40.6,2.675
40.6,2.675
40.6,2.675
40.6,2.675
40.6,2.675
40.6,2.675
40.6,2.675
40.6,2.675
40.6,2.675
40.6,2.675
40.6,2.675
40.6,2.675
40.6,2.675
40.6,2.675
40.6,2.675
40.6,2.675
40.6,2.675
40.6,2.675
40.6,2.675
40.6,2.675
40.6,2.675
40.6,2.675
40.6,2.675
40.6,2.675
40.6,2.675
40.6,2.675
40.6,2.675
40.6,2.675
40.6,2.680
40.6,2.680
40.6,2.680
40.6,2.680
40.6,2.680
40.6,2.680
40.6,2.680
40.6,2.680
40.6,2.680
40.6,2.680
40.6,2.680
40.6,2.680
40.6,2.680
40.6,2.680
40.7,2.680
40.7,2.680
40.7,2.680
40.7,2.680
40.7,2.680
40.7,2.680
40.7,2.680
40.7,2.680
40.7,2.680
40.7,2.680
40.7,2.680
40.7,2.680
40.7,2.680
40.7,2.680
40.7,2.680
40.6,2.680
40.6,2.680
40.6,2.680
40.6,2.680
40.6,2.680
40.6,2.680
40.6,2.680
40.6,2.680
40.6,2.680
40.6,2.680
40.6,2.680
40.6,2.680
40.6,2.680
40.6,2.680
40.6,2.680
40.6,2.680
40.6,2.680
40.6,2.680
40.6,2.680
40.6,2.680
40.6,2.680
40.6,2.680
40.6,2.680
40.6,2.680
40.6,2.680
40.6,2.680
40.6,2.680
40.6,2.680
40.6,2.680
40.6,2.680
40.6,2.680
40.6,2.685
40.6,2.685
40.6,2.685
40.6,2.685
40.6,2.685
40.6,2.685
40.6,2.685
40.6,2.685
40.6,2.685
40.6,2.685
40.6,2.685
40.6,2.685
40.6,2.685
40.6,2.685
40.6,2.685
40.6,2.685
40.6,2.685
40.6,2.685
40.6,2.685
40.6,2.685
40.6,2.685
40.6,2.685
40.6,2.685
40.6,2.685
40.6,2.685
40.6,2.685
40.6,2.685
40.6,2.685
40.6,2.685
40.6,2.685
40.6,2.685
40.6,2.685
40.6,2.685
40.6,2.685
40.6,2.685
40.6,2.685
40.6,2.685
40.6,2.685
40.6,2.685
40.6,2.685
40.6,2.685
40.6,2.685
40.6,2.685
40.6,2.685
40.6,2.685
40.6,2.685
40.6,2.685
40.6,2.685
40.6,2.685
40.6,2.685
40.6,2.685
40.6,2.685
40.6,2.685
40.6,2.685
40.6,2.685
40.6,2.685
40.6,2.685
40.6,2.685
40.6,2.685
40.7,2.685
40.7,2.685
40.7,2.690
40.6,2.690
40.6,2.690
40.6,2.690
40.6,2.690
40.6,2.690
40.6,2.690
40.6,2.690
40.6,2.690
40.6,2.690
40.6,2.690
40.6,2.690
40.6,2.690
40.6,2.690
40.6,2.690
40.6,2.690
40.6,2.690
40.6,2.690
40.6,2.690
40.6,2.690
40.6,2.690
40.6,2.690
40.6,2.690
40.6,2.690
40.6,2.690
40.6,2.690
40.6,2.690
40.6,2.690
40.6,2.690
40.6,2.690
40.6,2.690
40.6,2.690
40.6,2.690
40.6,2.690
40.6,2.690
40.7,2.690
40.7,2.690
40.7,2.690
40.7,2.690
40.7,2.690
40.7,2.690
40.7,2.690
40.7,2.690
40.7,2.690
40.7,2.690
40.7,2.690
40.7,2.690
40.7,2.690
40.7,2.690
40.7,2.690
40.7,2.690
40.7,2.690
40.7,2.690
40.7,2.690
40.7,2.690
40.7,2.690
40.7,2.690
40.7,2.690
40.7,2.690
40.7,2.690
40.7,2.690
40.7,2.690
40.7,2.695
40.7,2.695
40.7,2.695
40.7,2.695
40.7,2.695
40.7,2.695
40.7,2.695
40.7,2.695
40.7,2.695
40.7,2.695
40.7,2.695
40.7,2.695
40.7,2.695
40.7,2.695
40.7,2.695
40.7,2.695
40.7,2.695
40.7,2.695
40.7,2.695
40.7,2.695
40.7,2.695
40.7,2.695
40.7,2.695
40.7,2.695
40.7,2.695
40.7,2.695
40.7,2.695
40.7,2.695
40.7,2.695
40.7,2.695
40.7,2.695
40.7,2.695
40.7,2.695
40.7,2.695
40.7,2.695
40.7,2.695
40.7,2.695
40.7,2.695
40.7,2.695
40.7,2.695
40.7,2.695
40.7,2.695
40.7,2.695
40.7,2.695
40.7,2.695
40.7,2.695
40.7,2.695
40.7,2.695
40.7,2.695
40.7,2.695
40.7,2.695
40.7,2.695
40.7,2.695
40.7,2.695
40.7,2.695
40.7,2.695
40.7,2.695
40.7,2.695
40.7,2.700
40.7,2.700
40.7,2.700
40.7,2.700
40.7,2.700
40.7,2.700
40.7,2.700
40.7,2.700
40.7,2.700
40.7,2.700
40.7,2.700
40.7,2.700
40.7,2.700
40.7,2.700
40.7,2.700
40.7,2.700
40.7,2.700
40.7,2.700
40.7,2.700
40.7,2.700
40.7,2.700
40.7,2.700
40.7,2.700
40.7,2.700
40.7,2.700
40.7,2.700
40.7,2.700
40.7,2.700
40.7,2.700
40.7,2.700
40.7,2.700
40.7,2.700
40.7,2.700
40.7,2.700
40.7,2.700
40.7,2.700
40.7,2.700
40.7,2.700
40.7,2.700
40.7,2.700
40.7,2.700
40.7,2.700
40.7,2.700
40.7,2.700
40.7,2.700
40.7,2.700
40.7,2.700
40.7,2.700
40.7,2.700
40.7,2.700
40.7,2.700
40.7,2.700
40.7,2.700
40.7,2.700
40.7,2.700
40.7,2.700
40.7,2.700
40.7,2.700
40.7,2.700
40.7,2.700
40.7,2.700
40.7,2.705
40.7,2.705
40.7,2.705
40.7,2.705
40.7,2.705
40.7,2.705
40.7,2.705
40.7,2.705
40.7,2.705
40.7,2.705
40.7,2.705
40.7,2.705
40.7,2.705
40.7,2.705
40.7,2.705
40.7,2.705
40.7,2.705
40.7,2.705
40.7,2.705
40.7,2.705
40.7,2.705
40.7,2.705
40.7,2.705
40.7,2.705
40.7,2.705
40.7,2.705
40.7,2.705
40.7,2.705
40.7,2.705
40.7,2.705
40.7,2.705
40.7,2.705
40.7,2.705
40.7,2.705
40.7,2.705
40.7,2.705
40.7,2.705
40.7,2.705
40.7,2.705
40.7,2.705
40.7,2.705
40.7,2.705
40.7,2.705
40.7,2.705
40.7,2.705
40.7,2.705
40.7,2.705
40.7,2.705
40.7,2.705
40.7,2.705
40.7,2.705
40.7,2.705
40.7,2.705
40.7,2.705
40.7,2.705
40.7,2.705
40.7,2.705
40.7,2.705
40.7,2.705
40.7,2.705
40.7,2.705
40.7,2.705
40.7,2.705
40.7,2.705
40.7,2.705
40.7,2.705
40.7,2.710
40.7,2.710
40.7,2.710
40.7,2.710
40.7,2.710
40.7,2.710
40.7,2.710
40.7,2.710
40.7,2.710
40.7,2.710
40.7,2.710
40.7,2.710
40.7,2.710
40.7,2.710
40.7,2.710
40.7,2.710
40.7,2.710
40.7,2.710
40.7,2.710
40.7,2.710
40.7,2.710
40.7,2.710
40.7,2.710
40.7,2.710
40.7,2.710
40.7,2.710
40.7,2.710
40.7,2.710
40.7,2.710
40.7,2.710
40.7,2.710
40.7,2.710
40.7,2.710
40.7,2.710
40.7,2.710
40.7,2.710
40.7,2.710
40.7,2.710
40.7,2.710
40.7,2.710
40.7,2.710
40.7,2.710
40.7,2.710
40.7,2.710
40.7,2.710
40.7,2.710
40.7,2.710
40.7,2.710
40.7,2.710
40.7,2.710
40.7,2.710
40.7,2.710
40.7,2.710
40.7,2.710
40.7,2.710
40.7,2.710
40.7,2.710
40.7,2.710
40.7,2.710
40.7,2.710
40.7,2.710
40.7,2.710
40.7,2.710
40.7,2.710
40.7,2.710
40.7,2.710
40.7,2.715
40.7,2.715
40.7,2.715
40.7,2.715
40.7,2.715
40.7,2.715
40.7,2.715
40.7,2.715
40.7,2.715
40.7,2.715
40.7,2.715
40.7,2.715
40.7,2.715
40.7,2.715
40.7,2.715
40.7,2.715
40.7,2.715
40.7,2.715
40.7,2.715
40.7,2.715
40.7,2.715
40.7,2.715
40.7,2.715
40.7,2.715
40.7,2.715
40.7,2.715
40.7,2.715
40.7,2.715
40.7,2.715
40.7,2.715
40.7,2.715
40.7,2.715
40.7,2.715
40.7,2.715
40.7,2.715
40.7,2.715
40.7,2.715
40.7,2.715
40.7,2.715
40.7,2.715
40.7,2.715
40.7,2.715
40.7,2.715
40.7,2.715
40.7,2.715
40.7,2.715
40.7,2.715
40.7,2.715
40.7,2.715
40.7,2.715
40.7,2.715
40.7,2.715
40.7,2.715
40.7,2.715
40.7,2.715
40.7,2.715
40.7,2.715
40.7,2.715
40.7,2.715
40.7,2.715
40.7,2.715
40.7,2.715
40.7,2.715
40.7,2.715
40.7,2.715
40.7,2.715
40.7,2.715
40.7,2.715
40.7,2.720
40.7,2.720
40.7,2.720
40.7,2.720
40.7,2.720
40.7,2.720
40.7,2.720
40.7,2.720
40.7,2.720
40.7,2.720
40.7,2.720
40.7,2.720
40.7,2.720
40.7,2.720
40.7,2.720
40.7,2.720
40.7,2.720
40.7,2.720
40.7,2.720
40.7,2.720
40.7,2.720
40.7,2.720
40.7,2.720
40.7,2.720
40.7,2.720
40.7,2.720
40.7,2.720
40.7,2.720
40.7,2.720
40.7,2.720
40.7,2.720
40.7,2.720
40.7,2.720
40.7,2.720
40.7,2.720
40.7,2.720
40.7,2.720
40.7,2.720
40.7,2.720
40.7,2.720
40.7,2.720
40.7,2.720
40.7,2.720
40.7,2.720
40.7,2.720
40.7,2.720
40.7,2.720
40.7,2.720
40.7,2.720
40.7,2.720
40.7,2.720
40.7,2.720
40.7,2.720
40.7,2.720
40.7,2.720
40.7,2.720
40.7,2.720
40.7,2.720
40.7,2.720
40.7,2.720
40.7,2.720
40.7,2.720
40.7,2.720
40.7,2.720
40.7,2.725
40.7,2.725
40.7,2.725
40.7,2.725
40.7,2.725
40.7,2.725
40.7,2.725
40.7,2.725
40.7,2.725
40.7,2.725
40.7,2.725
40.7,2.725
40.7,2.725
40.7,2.725
40.7,2.725
40.7,2.725
40.7,2.725
40.7,2.725
40.7,2.725
40.7,2.725
40.7,2.725
40.7,2.725
40.7,2.725
40.7,2.725
40.7,2.725
40.7,2.725
40.7,2.725
40.7,2.725
40.7,2.725
40.7,2.725
40.7,2.725
40.7,2.725
40.7,2.725
40.7,2.725
40.7,2.725
40.7,2.725
40.7,2.725
40.7,2.725
40.7,2.725
40.7,2.725
40.7,2.725
40.7,2.725
40.7,2.725
40.7,2.725
40.7,2.725
40.7,2.725
40.7,2.725
40.7,2.725
40.7,2.725
40.7,2.725
40.7,2.725
40.7,2.725
40.7,2.725
40.7,2.725
40.7,2.725
40.7,2.725
40.7,2.725
40.7,2.725
40.7,2.725
40.7,2.725
40.7,2.725
40.7,2.725
40.7,2.725
40.7,2.725
40.7,2.725
40.7,2.725
40.7,2.725
40.7,2.725
40.7,2.725
40.7,2.725
40.7,2.725
40.7,2.725
40.7,2.730
40.7,2.730
40.7,2.730
40.7,2.730
40.7,2.730
40.7,2.730
40.7,2.730
40.7,2.730
40.7,2.730
40.7,2.730
40.7,2.730
40.8,2.730
40.8,2.730
40.8,2.730
40.8,2.730
40.8,2.730
40.8,2.730
40.8,2.730
40.8,2.730
40.8,2.730
40.8,2.730
40.8,2.730
40.7,2.730
40.7,2.730
40.7,2.730
40.7,2.730
40.7,2.730
40.7,2.730
40.7,2.730
40.8,2.730
40.8,2.730
40.8,2.730
40.8,2.730
40.8,2.730
40.8,2.730
40.8,2.730
40.8,2.730
40.8,2.730
40.8,2.730
40.8,2.730
40.8,2.730
40.8,2.730
40.8,2.730
40.8,2.730
40.8,2.730
40.8,2.730
40.7,2.730
40.7,2.730
40.7,2.730
40.7,2.730
40.7,2.730
40.7,2.730
40.7,2.730
40.7,2.730
40.7,2.730
40.7,2.730
40.7,2.730
40.7,2.730
40.7,2.730
40.7,2.730
40.7,2.730
40.7,2.730
40.7,2.730
40.7,2.730
40.7,2.730
40.7,2.730
40.7,2.730
40.7,2.730
40.7,2.735
40.7,2.735
40.7,2.735
40.7,2.735
40.7,2.735
40.7,2.735
40.8,2.735
40.8,2.735
40.8,2.735
40.8,2.735
40.8,2.735
40.8,2.735
40.8,2.735
40.8,2.735
40.8,2.735
40.8,2.735
40.8,2.735
40.8,2.735
40.8,2.735
40.8,2.735
40.8,2.735
40.8,2.735
40.8,2.735
40.8,2.735
40.8,2.735
40.8,2.735
40.8,2.735
40.8,2.735
40.8,2.735
40.8,2.735
40.8,2.735
40.8,2.735
40.8,2.735
40.8,2.735
40.8,2.735
40.8,2.735
40.8,2.735
40.8,2.735
40.8,2.735
40.8,2.735
40.8,2.735
40.8,2.735
40.8,2.735
40.8,2.735
40.8,2.735
40.8,2.735
40.8,2.735
40.8,2.735
40.8,2.735
40.8,2.735
40.8,2.735
40.8,2.735
40.8,2.735
40.8,2.735
40.8,2.735
40.8,2.735
40.8,2.735
40.8,2.735
40.8,2.735
40.8,2.735
40.8,2.735
40.8,2.735
40.8,2.735
40.8,2.735
40.8,2.740
40.8,2.740
40.8,2.740
40.8,2.740
40.8,2.740
40.8,2.740
40.8,2.740
40.8,2.740
40.8,2.740
40.8,2.740
40.8,2.740
40.8,2.740
40.8,2.740
40.8,2.740
40.8,2.740
40.8,2.740
40.8,2.740
40.8,2.740
40.8,2.740
40.8,2.740
40.8,2.740
40.8,2.740
40.7,2.740
40.7,2.740
40.7,2.740
40.7,2.740
40.7,2.740
40.7,2.740
40.7,2.740
40.7,2.740
40.7,2.740
40.7,2.740
40.7,2.740
40.7,2.740
40.7,2.740
40.7,2.740
40.7,2.740
40.7,2.740
40.7,2.740
40.7,2.740
40.7,2.740
40.7,2.740
40.7,2.740
40.7,2.740
40.7,2.740
40.7,2.740
40.7,2.740
40.7,2.740
40.7,2.740
40.7,2.740
40.7,2.740
40.7,2.740
40.7,2.740
40.7,2.740
40.7,2.740
40.7,2.740
40.7,2.740
40.7,2.740
40.7,2.740
40.7,2.740
40.7,2.740
40.7,2.740
40.7,2.740
40.7,2.740
40.7,2.740
40.7,2.740
40.7,2.740
40.7,2.745
40.7,2.745
40.7,2.745
40.7,2.745
40.7,2.745
40.7,2.745
40.7,2.745
40.7,2.745
40.7,2.745
40.7,2.745
40.7,2.745
40.7,2.745
40.7,2.745
40.7,2.745
40.7,2.745
40.7,2.745
40.7,2.745
40.7,2.745
40.8,2.745
40.8,2.745
40.8,2.745
40.8,2.745
40.8,2.745
40.8,2.745
40.8,2.745
40.8,2.745
40.8,2.745
40.8,2.745
40.8,2.745
40.8,2.745
40.8,2.745
40.8,2.745
40.8,2.745
40.8,2.745
40.8,2.745
40.8,2.745
40.8,2.745
40.8,2.745
40.8,2.745
40.8,2.745
40.8,2.745
40.8,2.745
40.8,2.745
40.8,2.745
40.8,2.745
40.8,2.745
40.8,2.745
40.7,2.745
40.7,2.745
40.7,2.745
40.7,2.745
40.7,2.745
40.7,2.745
40.7,2.745
40.7,2.745
40.7,2.745
40.7,2.745
40.7,2.745
40.7,2.745
40.7,2.745
40.7,2.745
40.7,2.745
40.7,2.745
40.7,2.745
40.7,2.745
40.7,2.745
40.7,2.745
40.7,2.745
40.7,2.745
40.7,2.750
40.7,2.750
40.7,2.750
40.7,2.750
40.7,2.750
40.7,2.750
40.7,2.750
40.7,2.750
40.7,2.750
40.7,2.750
40.7,2.750
40.7,2.750
40.7,2.750
40.7,2.750
40.7,2.750
40.7,2.750
40.7,2.750
40.7,2.750
40.7,2.750
40.7,2.750
40.7,2.750
40.7,2.750
40.7,2.750
40.7,2.750
40.7,2.750
40.7,2.750
40.7,2.750
40.7,2.750
40.7,2.750
40.7,2.750
40.7,2.750
40.7,2.750
40.7,2.750
40.7,2.750
40.7,2.750
40.7,2.750
40.7,2.750
40.7,2.750
40.7,2.750
40.7,2.750
40.7,2.750
40.7,2.750
40.7,2.750
40.7,2.750
40.7,2.750
40.7,2.750
40.7,2.750
40.7,2.750
40.7,2.750
40.7,2.750
40.7,2.750
40.7,2.750
40.7,2.750
40.7,2.750
40.8,2.750
40.8,2.750
40.8,2.750
40.8,2.750
40.8,2.750
40.8,2.750
40.8,2.750
40.8,2.750
40.8,2.750
40.8,2.750
40.8,2.750
40.8,2.750
40.8,2.750
40.7,2.755
40.7,2.755
40.7,2.755
40.7,2.755
40.7,2.755
40.7,2.755
40.7,2.755
40.7,2.755
40.7,2.755
40.7,2.755
40.7,2.755
40.7,2.755
40.7,2.755
40.7,2.755
40.7,2.755
40.7,2.755
40.7,2.755
40.7,2.755
40.7,2.755
40.7,2.755
40.7,2.755
40.7,2.755
40.7,2.755
40.7,2.755
40.7,2.755
40.7,2.755
40.7,2.755
40.8,2.755
40.8,2.755
40.8,2.755
40.8,2.755
40.8,2.755
40.8,2.755
40.8,2.755
40.8,2.755
40.8,2.755
40.8,2.755
40.8,2.755
40.7,2.755
40.7,2.755
40.7,2.755
40.7,2.755
40.7,2.755
40.7,2.755
40.7,2.755
40.7,2.755
40.7,2.755
40.7,2.755
40.7,2.755
40.7,2.755
40.8,2.755
40.8,2.755
40.8,2.755
40.8,2.755
40.8,2.755
40.8,2.755
40.8,2.755
40.8,2.755
40.8,2.755
40.8,2.755
40.8,2.755
40.8,2.755
40.8,2.755
40.8,2.755
40.8,2.760
40.8,2.760
40.8,2.760
40.8,2.760
40.8,2.760
40.8,2.760
40.8,2.760
40.8,2.760
40.8,2.760
40.8,2.760
40.8,2.760
40.8,2.760
40.8,2.760
40.8,2.760
40.8,2.760
40.8,2.760
40.8,2.760
40.8,2.760
40.8,2.760
40.8,2.760
40.8,2.760
40.8,2.760
40.8,2.760
40.8,2.760
40.8,2.760
40.8,2.760
40.8,2.760
40.8,2.760
40.8,2.760
40.8,2.760
40.8,2.760
40.8,2.760
40.8,2.760
40.8,2.760
40.8,2.760
40.8,2.760
40.8,2.760
40.8,2.760
40.8,2.760
40.8,2.760
40.8,2.760
40.8,2.760
40.8,2.760
40.8,2.760
40.8,2.760
40.8,2.760
40.8,2.760
40.8,2.760
40.8,2.760
40.8,2.760
40.8,2.760
40.8,2.760
40.8,2.760
40.8,2.760
40.8,2.760
40.8,2.760
40.8,2.760
40.8,2.760
40.8,2.760
40.8,2.760
40.8,2.760
40.8,2.760
40.8,2.760
40.8,2.760
40.8,2.760
40.8,2.760
40.8,2.760
40.8,2.760
40.8,2.760
40.8,2.765
40.8,2.765
40.8,2.765
40.8,2.765
40.8,2.765
40.8,2.765
40.8,2.765
40.8,2.765
40.8,2.765
40.8,2.765
40.8,2.765
40.8,2.765
40.8,2.765
40.8,2.765
40.8,2.765
40.8,2.765
40.8,2.765
40.8,2.765
40.8,2.765
40.8,2.765
40.8,2.765
40.8,2.765
40.8,2.765
40.8,2.765
40.8,2.765
40.8,2.765
40.8,2.765
40.8,2.765
40.8,2.765
40.8,2.765
40.8,2.765
40.8,2.765
40.8,2.765
40.8,2.765
40.8,2.765
40.8,2.765
40.8,2.765
40.8,2.765
40.8,2.765
40.8,2.765
40.8,2.765
40.8,2.765
40.8,2.765
40.8,2.765
40.8,2.765
40.8,2.765
40.8,2.765
40.8,2.765
40.8,2.765
40.8,2.765
40.8,2.765
40.8,2.765
40.8,2.765
40.8,2.765
40.8,2.765
40.8,2.765
40.8,2.765
40.8,2.765
40.8,2.765
40.8,2.765
40.8,2.765
40.8,2.765
40.8,2.765
40.8,2.765
40.8,2.765
40.8,2.765
40.8,2.765
40.8,2.765
40.8,2.765
40.8,2.765
40.8,2.770
40.8,2.770
40.8,2.770
40.8,2.770
40.8,2.770
40.8,2.770
40.8,2.770
40.8,2.770
40.8,2.770
40.8,2.770
40.8,2.770
40.8,2.770
40.8,2.770
40.8,2.770
40.8,2.770
40.8,2.770
40.8,2.770
40.8,2.770
40.8,2.770
40.8,2.770
40.8,2.770
40.8,2.770
40.8,2.770
40.8,2.770
40.8,2.770
40.8,2.770
40.8,2.770
40.8,2.770
40.8,2.770
40.8,2.770
40.8,2.770
40.8,2.770
40.8,2.770
40.8,2.770
40.8,2.770
40.8,2.770
40.8,2.770
40.8,2.770
40.8,2.770
40.8,2.770
40.8,2.770
40.8,2.770
40.8,2.770
40.8,2.770
40.8,2.770
40.8,2.770
40.8,2.770
40.8,2.770
40.8,2.770
40.8,2.770
40.8,2.770
40.8,2.770
40.8,2.770
40.8,2.770
40.8,2.770
40.8,2.770
40.8,2.770
40.8,2.770
40.8,2.770
40.8,2.770
40.8,2.770
40.8,2.770
40.8,2.770
40.8,2.770
40.8,2.770
40.8,2.770
40.8,2.770
40.8,2.770
40.8,2.770
40.8,2.770
40.8,2.770
40.8,2.770
40.8,2.770
40.8,2.775
40.8,2.775
40.8,2.775
40.8,2.775
40.8,2.775
40.8,2.775
40.8,2.775
40.8,2.775
40.8,2.775
40.8,2.775
40.8,2.775
40.8,2.775
40.8,2.775
40.8,2.775
40.8,2.775
40.8,2.775
40.8,2.775
40.8,2.775
40.8,2.775
40.8,2.775
40.8,2.775
40.8,2.775
40.8,2.775
40.8,2.775
40.8,2.775
40.8,2.775
40.8,2.775
40.8,2.775
40.8,2.775
40.8,2.775
40.8,2.775
40.8,2.775
40.8,2.775
40.8,2.775
40.8,2.775
40.8,2.775
40.8,2.775
40.8,2.775
40.8,2.775
40.8,2.775
40.8,2.775
40.8,2.775
40.8,2.775
40.8,2.775
40.8,2.775
40.8,2.775
40.8,2.775
40.8,2.775
40.8,2.775
40.8,2.775
40.8,2.775
40.8,2.775
40.8,2.775
40.8,2.775
40.8,2.775
40.8,2.775
40.8,2.775
40.8,2.775
40.8,2.775
40.8,2.775
40.8,2.775
40.8,2.775
40.8,2.775
40.8,2.775
40.8,2.775
40.8,2.775
40.8,2.775
40.8,2.775
40.8,2.775
40.8,2.775
40.8,2.775
40.8,2.775
40.8,2.775
40.8,2.780
40.8,2.780
40.8,2.780
40.8,2.780
40.8,2.780
40.8,2.780
40.8,2.780
40.8,2.780
40.8,2.780
40.8,2.780
40.8,2.780
40.8,2.780
40.8,2.780
40.8,2.780
40.8,2.780
40.8,2.780
40.8,2.780
40.8,2.780
40.8,2.780
40.8,2.780
40.8,2.780
40.8,2.780
40.8,2.780
40.8,2.780
40.8,2.780
40.8,2.780
40.8,2.780
40.8,2.780
40.8,2.780
40.8,2.780
40.8,2.780
40.8,2.780
40.8,2.780
40.8,2.780
40.8,2.780
40.8,2.780
40.9,2.780
40.9,2.780
40.9,2.780
40.9,2.780
40.9,2.780
40.9,2.780
40.9,2.780
40.9,2.780
40.9,2.780
40.9,2.780
40.9,2.780
40.9,2.780
40.9,2.780
40.9,2.780
40.9,2.780
40.9,2.780
40.9,2.780
40.9,2.780
40.9,2.780
40.9,2.780
40.9,2.780
40.9,2.780
40.9,2.780
40.9,2.780
40.9,2.780
40.9,2.780
40.9,2.780
40.9,2.780
40.9,2.780
40.9,2.780
40.9,2.780
40.9,2.780
40.9,2.780
40.8,2.780
40.8,2.785
40.8,2.785
40.8,2.785
40.8,2.785
40.8,2.785
40.8,2.785
40.8,2.785
40.8,2.785
40.8,2.785
40.8,2.785
40.8,2.785
40.8,2.785
40.8,2.785
40.8,2.785
40.8,2.785
40.8,2.785
40.8,2.785
40.8,2.785
40.8,2.785
40.8,2.785
40.8,2.785
40.8,2.785
40.8,2.785
40.8,2.785
40.8,2.785
40.8,2.785
40.8,2.785
40.9,2.785
40.9,2.785
40.9,2.785
40.9,2.785
40.9,2.785
40.9,2.785
40.9,2.785
40.9,2.785
40.9,2.785
40.9,2.785
40.9,2.785
40.9,2.785
40.9,2.785
40.9,2.785
40.9,2.785
40.9,2.785
40.9,2.785
40.9,2.785
40.9,2.785
40.9,2.785
40.9,2.785
40.9,2.785
40.9,2.785
40.9,2.785
40.9,2.785
40.9,2.785
40.9,2.785
40.9,2.785
40.9,2.785
40.9,2.785
40.9,2.785
40.9,2.785
40.9,2.785
40.9,2.785
40.9,2.785
40.9,2.785
40.9,2.785
40.9,2.785
40.9,2.785
40.9,2.785
40.9,2.785
40.9,2.785
40.9,2.785
40.9,2.785
40.9,2.785
40.9,2.785
40.9,2.785
40.9,2.785
40.9,2.785
40.9,2.785
40.9,2.790
40.9,2.790
40.9,2.790
40.9,2.790
40.9,2.790
40.9,2.790
40.9,2.790
40.9,2.790
40.9,2.790
40.9,2.790
40.9,2.790
40.9,2.790
40.9,2.790
40.9,2.790
40.9,2.790
40.9,2.790
40.9,2.790
40.9,2.790
40.9,2.790
40.9,2.790
40.9,2.790
40.9,2.790
40.9,2.790
40.9,2.790
40.9,2.790
40.9,2.790
40.9,2.790
40.9,2.790
40.9,2.790
40.9,2.790
40.9,2.790
40.9,2.790
40.9,2.790
40.9,2.790
40.9,2.790
40.9,2.790
40.9,2.790
40.9,2.790
40.9,2.790
40.9,2.790
40.9,2.790
40.9,2.790
40.9,2.790
40.9,2.790
40.9,2.790
40.9,2.790
40.9,2.790
40.9,2.790
40.9,2.790
40.9,2.790
40.9,2.790
40.9,2.790
40.9,2.790
40.9,2.790
40.9,2.790
40.9,2.790
40.9,2.790
40.9,2.790
40.9,2.790
40.9,2.790
40.9,2.790
40.9,2.790
40.9,2.790
40.9,2.790
40.9,2.790
40.9,2.790
40.9,2.790
40.9,2.790
40.9,2.790
40.9,2.790
40.9,2.790
40.9,2.790
40.9,2.790
40.9,2.790
40.9,2.790
40.9,2.790
40.9,2.790
40.9,2.790
40.9,2.790
40.9,2.790
40.9,2.795
40.9,2.795
40.9,2.795
40.9,2.795
40.9,2.795
40.9,2.795
40.9,2.795
40.9,2.795
40.9,2.795
40.9,2.795
40.9,2.795
40.9,2.795
40.9,2.795
40.9,2.795
40.9,2.795
40.9,2.795
40.9,2.795
40.9,2.795
40.9,2.795
40.9,2.795
40.9,2.795
40.9,2.795
40.9,2.795
40.9,2.795
40.9,2.795
40.9,2.795
40.9,2.795
40.9,2.795
40.9,2.795
40.9,2.795
40.9,2.795
40.9,2.795
40.9,2.795
40.9,2.795
40.9,2.795
40.9,2.795
40.9,2.795
40.9,2.795
40.9,2.795
40.9,2.795
40.9,2.795
40.9,2.795
40.9,2.795
40.9,2.795
40.9,2.795
40.9,2.795
40.9,2.795
40.9,2.795
40.9,2.795
40.9,2.795
40.9,2.795
40.9,2.795
40.9,2.795
40.9,2.795
40.9,2.795
40.9,2.795
40.9,2.795
40.9,2.795
40.9,2.795
40.9,2.795
40.9,2.795
40.9,2.795
40.9,2.795
40.9,2.795
40.9,2.795
40.9,2.795
40.9,2.795
40.9,2.795
40.9,2.795
40.9,2.795
40.9,2.795
40.9,2.795
40.9,2.795
40.9,2.795
40.9,2.795
40.9,2.795
40.9,2.795
40.9,2.795
40.9,2.795
40.9,2.800
40.9,2.800
40.9,2.800
40.9,2.800
40.9,2.800
40.8,2.800
40.8,2.800
40.8,2.800
40.8,2.800
40.8,2.800
40.8,2.800
40.8,2.800
40.8,2.800
40.9,2.800
40.8,2.800
40.8,2.800
40.8,2.800
40.8,2.800
40.9,2.800
40.9,2.800
40.9,2.800
40.9,2.800
40.9,2.800
40.9,2.800
40.9,2.800
40.9,2.800
40.9,2.800
40.9,2.800
40.9,2.800
40.9,2.800
40.9,2.800
40.9,2.800
40.9,2.800
40.9,2.800
40.9,2.800
40.9,2.800
40.9,2.800
40.9,2.800
40.9,2.800
40.9,2.800
40.9,2.800
40.9,2.800
40.9,2.800
40.9,2.800
40.9,2.800
40.9,2.800
40.9,2.800
40.9,2.800
40.9,2.800
40.9,2.800
40.9,2.800
40.9,2.800
40.9,2.800
40.9,2.800
40.9,2.800
40.9,2.800
40.9,2.800
40.9,2.800
40.9,2.800
40.9,2.800
40.9,2.800
40.9,2.800
40.9,2.800
40.9,2.800
40.9,2.800
40.9,2.800
40.9,2.800
40.9,2.800
40.9,2.800
40.9,2.800
40.9,2.800
40.9,2.800
40.9,2.800
40.9,2.805
40.9,2.805
40.9,2.805
40.9,2.805
40.9,2.805
40.9,2.805
40.9,2.805
40.9,2.805
40.9,2.805
40.9,2.805
40.9,2.805
40.9,2.805
40.9,2.805
40.9,2.805
40.9,2.805
40.9,2.805
40.9,2.805
40.9,2.805
40.9,2.805
40.9,2.805
40.9,2.805
40.9,2.805
40.9,2.805
40.9,2.805
40.9,2.805
40.9,2.805
40.9,2.805
40.9,2.805
40.9,2.805
40.9,2.805
40.9,2.805
40.9,2.805
40.9,2.805
40.9,2.805
40.9,2.805
40.9,2.805
40.9,2.805
40.9,2.805
40.9,2.805
40.9,2.805
40.9,2.805
40.9,2.805
40.9,2.805
40.9,2.805
40.9,2.805
40.9,2.805
40.9,2.805
40.9,2.805
40.9,2.805
40.9,2.805
40.9,2.805
40.9,2.805
40.9,2.805
40.9,2.805
40.9,2.805
40.9,2.805
40.9,2.805
40.9,2.805
40.9,2.805
40.9,2.805
40.9,2.805
40.9,2.805
40.9,2.805
40.9,2.805
40.9,2.805
40.9,2.805
40.9,2.805
40.9,2.805
40.9,2.805
40.9,2.805
40.9,2.805
40.9,2.805
40.9,2.805
40.9,2.805
40.9,2.805
40.9,2.805
40.9,2.805
40.9,2.805
40.9,2.805
40.9,2.805
41.0,2.805
41.0,2.805
41.0,2.805
40.9,2.805
40.9,2.805
40.9,2.805
40.9,2.805
40.9,2.810
40.9,2.810
40.9,2.810
40.9,2.810
40.9,2.810
40.9,2.810
40.9,2.810
40.9,2.810
40.9,2.810
40.9,2.810
40.9,2.810
40.9,2.810
40.9,2.810
40.9,2.810
40.9,2.810
40.9,2.810
40.9,2.810
40.9,2.810
40.9,2.810
40.9,2.810
40.9,2.810
40.9,2.810
40.9,2.810
40.9,2.810
40.9,2.810
40.9,2.810
40.9,2.810
40.9,2.810
40.9,2.810
40.9,2.810
40.9,2.810
40.9,2.810
40.9,2.810
40.9,2.810
40.9,2.810
40.9,2.810
40.9,2.810
40.9,2.810
40.9,2.810
40.9,2.810
40.9,2.810
40.9,2.810
40.9,2.810
40.9,2.810
40.9,2.810
40.9,2.810
40.9,2.810
40.9,2.810
40.9,2.810
40.9,2.810
40.9,2.810
40.9,2.810
40.9,2.810
40.9,2.810
40.9,2.810
40.9,2.810
40.9,2.810
40.9,2.810
40.9,2.810
40.9,2.810
40.9,2.810
40.9,2.810
40.9,2.810
40.9,2.810
40.9,2.810
40.9,2.810
40.9,2.810
40.9,2.810
40.9,2.810
40.9,2.810
40.9,2.810
40.9,2.810
40.9,2.810
40.9,2.810
40.9,2.810
40.9,2.810
40.9,2.810
40.9,2.810
40.9,2.810
40.9,2.810
40.9,2.810
40.9,2.810
40.9,2.810
40.9,2.810
40.9,2.810
40.9,2.810
40.9,2.810
40.9,2.810
40.9,2.810
40.9,2.815
40.9,2.815
40.9,2.815
40.9,2.815
40.9,2.815
40.9,2.815
40.9,2.815
40.9,2.815
40.9,2.815
40.9,2.815
40.9,2.815
40.9,2.815
40.9,2.815
40.9,2.815
40.9,2.815
40.9,2.815
40.9,2.815
40.9,2.815
40.9,2.815
40.9,2.815
40.9,2.815
40.9,2.815
40.9,2.815
40.9,2.815
40.9,2.815
40.9,2.815
40.9,2.815
40.9,2.815
40.9,2.815
40.9,2.815
40.9,2.815
40.9,2.815
40.9,2.815
40.9,2.815
40.9,2.815
40.9,2.815
40.9,2.815
40.9,2.815
40.9,2.815
40.9,2.815
40.9,2.815
40.9,2.815
40.9,2.815
40.9,2.815
40.9,2.815
40.9,2.815
40.9,2.815
40.9,2.815
40.9,2.815
40.9,2.815
40.9,2.815
40.9,2.815
40.9,2.815
40.9,2.815
40.9,2.815
40.9,2.815
40.9,2.815
41.0,2.815
41.0,2.815
41.0,2.815
41.0,2.815
41.0,2.815
41.0,2.815
41.0,2.815
41.0,2.815
40.9,2.815
40.9,2.815
40.9,2.815
40.9,2.815
40.9,2.815
40.9,2.815
40.9,2.815
40.9,2.815
40.9,2.815
40.9,2.815
40.9,2.815
40.9,2.815
40.9,2.815
40.9,2.815
40.9,2.815
40.9,2.815
40.9,2.815
40.9,2.815
40.9,2.815
40.9,2.815
40.9,2.815
40.9,2.815
40.9,2.815
40.9,2.820
40.9,2.820
40.9,2.820
40.9,2.820
40.9,2.820
40.9,2.820
40.9,2.820
40.9,2.820
40.9,2.820
40.9,2.820
40.9,2.820
40.9,2.820
40.9,2.820
40.9,2.820
40.9,2.820
40.9,2.820
40.9,2.820
40.9,2.820
40.9,2.820
40.9,2.820
40.9,2.820
40.9,2.820
40.9,2.820
40.9,2.820
40.9,2.820
40.9,2.820
40.9,2.820
40.9,2.820
40.9,2.820
40.9,2.820
40.9,2.820
40.9,2.820
40.9,2.820
40.9,2.820
40.9,2.820
40.9,2.820
40.9,2.820
40.9,2.820
40.9,2.820
40.9,2.820
40.9,2.820
40.9,2.820
40.9,2.820
40.9,2.820
40.9,2.820
40.9,2.820
40.9,2.820
40.9,2.820
40.9,2.820
40.9,2.820
40.9,2.820
40.9,2.820
40.9,2.820
40.9,2.820
40.9,2.820
40.9,2.820
40.9,2.820
40.9,2.820
40.9,2.820
40.9,2.820
40.9,2.820
40.9,2.820
40.9,2.820
40.9,2.820
40.9,2.820
40.9,2.820
40.9,2.820
40.9,2.820
40.9,2.820
40.9,2.820
40.9,2.820
40.9,2.820
40.9,2.820
40.9,2.820
40.9,2.820
40.9,2.820
40.9,2.820
40.9,2.820
40.9,2.820
40.9,2.820
40.9,2.820
40.9,2.820
40.9,2.820
40.9,2.820
41.0,2.820
41.0,2.820
41.0,2.820
41.0,2.820
41.0,2.820
41.0,2.820
41.0,2.820
41.0,2.820
41.0,2.820
41.0,2.820
41.0,2.820
41.0,2.820
41.0,2.825
41.0,2.825
41.0,2.825
41.0,2.825
40.9,2.825
40.9,2.825
40.9,2.825
40.9,2.825
40.9,2.825
40.9,2.825
40.9,2.825
40.9,2.825
40.9,2.825
40.9,2.825
40.9,2.825
40.9,2.825
40.9,2.825
40.9,2.825
40.9,2.825
40.9,2.825
40.9,2.825
40.9,2.825
40.9,2.825
40.9,2.825
40.9,2.825
40.9,2.825
40.9,2.825
40.9,2.825
40.9,2.825
40.9,2.825
40.9,2.825
40.9,2.825
40.9,2.825
40.9,2.825
41.0,2.825
41.0,2.825
41.0,2.825
41.0,2.825
41.0,2.825
41.0,2.825
41.0,2.825
41.0,2.825
41.0,2.825
41.0,2.825
41.0,2.825
41.0,2.825
41.0,2.825
41.0,2.825
41.0,2.825
41.0,2.825
41.0,2.825
41.0,2.825
41.0,2.825
41.0,2.825
41.0,2.825
41.0,2.825
41.0,2.825
41.0,2.825
41.0,2.825
41.0,2.825
41.0,2.825
41.0,2.825
41.0,2.825
41.0,2.825
41.0,2.825
41.0,2.825
41.0,2.825
41.0,2.825
41.0,2.825
40.9,2.825
40.9,2.825
40.9,2.825
40.9,2.825
40.9,2.825
40.9,2.825
41.0,2.825
41.0,2.825
41.0,2.825
41.0,2.825
41.0,2.825
41.0,2.825
41.0,2.825
41.0,2.825
41.0,2.825
41.0,2.825
41.0,2.825
41.0,2.825
41.0,2.825
41.0,2.825
41.0,2.825
41.0,2.825
41.0,2.825
41.0,2.825
41.0,2.825
41.0,2.825
41.0,2.825
41.0,2.825
41.0,2.825
41.0,2.825
41.0,2.825
41.0,2.825
41.0,2.825
41.0,2.825
41.0,2.830
41.0,2.830
40.9,2.830
40.9,2.830
40.9,2.830
40.9,2.830
40.9,2.830
40.9,2.830
40.9,2.830
40.9,2.830
40.9,2.830
40.9,2.830
40.9,2.830
40.9,2.830
40.9,2.830
40.9,2.830
40.9,2.830
40.9,2.830
40.9,2.830
40.9,2.830
40.9,2.830
40.9,2.830
40.9,2.830
40.9,2.830
40.9,2.830
40.9,2.830
40.9,2.830
40.9,2.830
40.9,2.830
40.9,2.830
40.9,2.830
40.9,2.830
40.9,2.830
40.9,2.830
40.9,2.830
40.9,2.830
41.0,2.830
41.0,2.830
41.0,2.830
41.0,2.830
41.0,2.830
41.0,2.830
41.0,2.830
41.0,2.830
41.0,2.830
40.9,2.830
40.9,2.830
40.9,2.830
40.9,2.830
40.9,2.830
40.9,2.830
40.9,2.830
40.9,2.830
40.9,2.830
40.9,2.830
40.9,2.830
40.9,2.830
40.9,2.830
40.9,2.830
40.9,2.830
40.9,2.830
40.9,2.830
40.9,2.830
40.9,2.830
40.9,2.830
40.9,2.830
40.9,2.830
40.9,2.830
40.9,2.830
40.9,2.830
40.9,2.830
40.9,2.830
40.9,2.830
40.9,2.830
40.9,2.830
40.9,2.830
40.9,2.830
40.9,2.830
40.9,2.830
40.9,2.830
40.9,2.830
40.9,2.830
40.9,2.830
40.9,2.830
40.9,2.830
40.9,2.830
41.0,2.830
41.0,2.830
41.0,2.830
41.0,2.830
41.0,2.830
41.0,2.830
41.0,2.830
41.0,2.830
41.0,2.830
41.0,2.830
41.0,2.830
40.9,2.830
40.9,2.830
40.9,2.830
40.9,2.830
40.9,2.830
40.9,2.830
40.9,2.830
40.9,2.830
40.9,2.830
41.0,2.830
41.0,2.830
41.0,2.830
41.0,2.830
41.0,2.830
41.0,2.835
41.0,2.835
41.0,2.835
41.0,2.835
41.0,2.835
41.0,2.835
41.0,2.835
41.0,2.835
41.0,2.835
41.0,2.835
41.0,2.835
41.0,2.835
41.0,2.835
41.0,2.835
40.9,2.835
40.9,2.835
40.9,2.835
40.9,2.835
40.9,2.835
40.9,2.835
40.9,2.835
40.9,2.835
40.9,2.835
40.9,2.835
40.9,2.835
40.9,2.835
40.9,2.835
40.9,2.835
40.9,2.835
40.9,2.835
40.9,2.835
40.9,2.835
40.9,2.835
40.9,2.835
40.9,2.835
40.9,2.835
40.9,2.835
40.9,2.835
40.9,2.835
40.9,2.835
40.9,2.835
40.9,2.835
40.9,2.835
41.0,2.835
41.0,2.835
41.0,2.835
41.0,2.835
41.0,2.835
41.0,2.835
41.0,2.835
41.0,2.835
41.0,2.835
41.0,2.835
41.0,2.835
41.0,2.835
41.0,2.835
41.0,2.835
41.0,2.835
41.0,2.835
41.0,2.835
41.0,2.835
41.0,2.835
41.0,2.835
41.0,2.835
41.0,2.835
41.0,2.835
41.0,2.835
41.0,2.835
41.0,2.835
41.0,2.835
41.0,2.835
41.0,2.835
41.0,2.835
41.0,2.835
41.0,2.835
41.0,2.835
41.0,2.835
41.0,2.835
41.0,2.835
41.0,2.835
41.0,2.835
41.0,2.835
41.0,2.835
41.0,2.835
41.0,2.835
41.0,2.835
41.0,2.835
41.0,2.835
41.0,2.835
41.0,2.835
41.0,2.835
41.0,2.835
41.0,2.835
41.0,2.835
41.0,2.835
41.0,2.835
41.0,2.840
41.0,2.840
41.0,2.840
41.0,2.840
41.0,2.840
41.0,2.840
41.0,2.840
41.0,2.840
41.0,2.840
41.0,2.840
41.0,2.840
41.0,2.840
41.0,2.840
41.0,2.840
41.0,2.840
41.0,2.840
41.0,2.840
41.0,2.840
41.0,2.840
41.0,2.840
41.0,2.840
41.0,2.840
41.0,2.840
41.0,2.840
41.0,2.840
41.0,2.840
41.0,2.840
41.0,2.840
41.0,2.840
41.0,2.840
41.0,2.840
41.0,2.840
41.0,2.840
41.0,2.840
41.0,2.840
41.0,2.840
41.0,2.840
41.0,2.840
41.0,2.840
41.0,2.840
41.0,2.840
41.0,2.840
41.0,2.840
41.0,2.840
41.0,2.840
41.0,2.840
41.0,2.840
41.0,2.840
41.0,2.840
41.0,2.840
41.0,2.840
41.0,2.840
41.0,2.840
41.0,2.840
41.0,2.840
41.0,2.840
41.0,2.840
41.0,2.840
41.0,2.840
41.0,2.840
41.0,2.840
41.0,2.840
41.0,2.840
41.0,2.840
41.0,2.840
41.0,2.840
41.0,2.840
41.0,2.840
41.0,2.840
41.0,2.840
41.0,2.840
41.0,2.840
41.0,2.840
41.0,2.840
41.0,2.840
41.0,2.840
41.0,2.840
41.0,2.840
41.0,2.840
41.0,2.840
41.0,2.840
41.0,2.840
41.0,2.840
41.0,2.840
41.0,2.840
41.0,2.840
41.0,2.840
41.0,2.840
41.0,2.840
41.0,2.840
41.0,2.840
41.0,2.840
41.0,2.840
41.0,2.840
41.0,2.840
41.0,2.840
41.0,2.845
41.0,2.845
41.0,2.845
41.0,2.845
41.0,2.845
41.0,2.845
41.0,2.845
41.0,2.845
41.0,2.845
41.0,2.845
41.0,2.845
41.0,2.845
41.0,2.845
41.0,2.845
41.0,2.845
41.0,2.845
41.0,2.845
41.0,2.845
41.0,2.845
41.0,2.845
41.0,2.845
41.0,2.845
41.0,2.845
41.0,2.845
41.0,2.845
41.1,2.845
41.1,2.845
41.1,2.845
41.1,2.845
41.1,2.845
41.1,2.845
41.1,2.845
41.0,2.845
41.0,2.845
41.0,2.845
41.0,2.845
41.0,2.845
41.0,2.845
41.0,2.845
41.0,2.845
41.0,2.845
41.0,2.845
41.0,2.845
41.0,2.845
41.0,2.845
41.0,2.845
41.0,2.845
41.0,2.845
41.0,2.845
41.0,2.845
41.0,2.845
41.0,2.845
41.0,2.845
41.0,2.845
41.0,2.845
41.0,2.845
41.0,2.845
41.0,2.845
41.0,2.845
41.1,2.845
41.1,2.845
41.1,2.845
41.1,2.845
41.1,2.845
41.1,2.845
41.1,2.845
41.1,2.845
41.1,2.845
41.1,2.845
41.1,2.845
41.1,2.845
41.1,2.845
41.1,2.845
41.1,2.845
41.1,2.845
41.1,2.845
41.1,2.845
41.1,2.845
41.1,2.845
41.1,2.845
41.1,2.845
41.1,2.845
41.1,2.845
41.1,2.845
41.1,2.845
41.1,2.845
41.1,2.845
41.1,2.845
41.1,2.850
41.1,2.850
41.1,2.850
41.1,2.850
41.1,2.850
41.1,2.850
41.1,2.850
41.1,2.850
41.1,2.850
41.1,2.850
41.1,2.850
41.1,2.850
41.1,2.850
41.1,2.850
41.1,2.850
41.1,2.850
41.1,2.850
41.1,2.850
41.1,2.850
41.1,2.850
41.1,2.850
41.1,2.850
41.1,2.850
41.1,2.850
41.1,2.850
41.1,2.850
41.1,2.850
41.1,2.850
41.1,2.850
41.1,2.850
41.1,2.850
41.1,2.850
41.1,2.850
41.1,2.850
41.1,2.850
41.1,2.850
41.1,2.850
41.1,2.850
41.1,2.850
41.1,2.850
41.1,2.850
41.1,2.850
41.1,2.850
41.1,2.850
41.1,2.850
41.1,2.850
41.1,2.850
41.1,2.850
41.1,2.850
41.1,2.850
41.1,2.850
41.1,2.850
41.1,2.850
41.1,2.850
41.1,2.850
41.1,2.850
41.1,2.850
41.1,2.850
41.1,2.850
41.1,2.850
41.1,2.850
41.1,2.850
41.1,2.850
41.1,2.850
41.1,2.850
41.1,2.850
41.1,2.850
41.1,2.850
41.1,2.850
41.1,2.850
41.1,2.850
41.1,2.850
41.1,2.850
41.1,2.850
41.1,2.850
41.1,2.850
41.1,2.850
41.1,2.850
41.1,2.850
41.1,2.850
41.1,2.850
41.1,2.850
41.1,2.850
41.1,2.850
41.1,2.855
41.1,2.855
41.1,2.855
41.1,2.855
41.1,2.855
41.1,2.855
41.1,2.855
41.1,2.855
41.1,2.855
41.1,2.855
41.1,2.855
41.1,2.855
41.1,2.855
41.1,2.855
41.1,2.855
41.1,2.855
41.1,2.855
41.1,2.855
41.1,2.855
41.1,2.855
41.1,2.855
41.1,2.855
41.1,2.855
41.1,2.855
41.1,2.855
41.1,2.855
41.1,2.855
41.1,2.855
41.1,2.855
41.1,2.855
41.1,2.855
41.1,2.855
41.1,2.855
41.1,2.855
41.1,2.855
41.1,2.855
41.1,2.855
41.1,2.855
41.1,2.855
41.1,2.855
41.1,2.855
41.1,2.855
41.1,2.855
41.1,2.855
41.1,2.855
41.1,2.855
41.1,2.855
41.1,2.855
41.1,2.855
41.1,2.855
41.1,2.855
41.1,2.855
41.1,2.855
41.1,2.855
41.1,2.855
41.1,2.855
41.1,2.855
41.1,2.855
41.1,2.855
41.1,2.855
41.1,2.855
41.1,2.855
41.1,2.855
41.1,2.855
41.1,2.855
41.1,2.855
41.1,2.855
41.1,2.855
41.1,2.855
41.1,2.855
41.1,2.860
41.1,2.860
41.1,2.860
41.1,2.860
41.1,2.860
41.1,2.860
41.1,2.860
41.1,2.860
41.1,2.860
41.1,2.860
41.1,2.860
41.1,2.860
41.1,2.860
41.1,2.860
41.1,2.860
41.1,2.860
41.1,2.860
41.1,2.860
41.1,2.860
41.1,2.860
41.1,2.860
41.1,2.860
41.1,2.860
41.1,2.860
41.1,2.860
41.1,2.860
41.1,2.860
41.1,2.860
41.1,2.860
41.1,2.860
41.1,2.860
41.1,2.860
41.1,2.860
41.1,2.860
41.1,2.860
41.1,2.860
41.1,2.860
41.1,2.860
41.1,2.860
41.1,2.860
41.1,2.860
41.1,2.860
41.1,2.860
41.1,2.860
41.1,2.860
41.1,2.860
41.1,2.860
41.1,2.860
41.1,2.860
41.1,2.860
41.1,2.860
41.1,2.860
41.1,2.860
41.1,2.860
41.1,2.860
41.1,2.860
41.1,2.865
41.1,2.865
41.1,2.865
41.1,2.865
41.1,2.865
41.0,2.865
41.0,2.865
41.0,2.865
41.0,2.865
41.0,2.865
41.0,2.865
41.0,2.865
41.0,2.865
41.1,2.865
41.1,2.865
41.1,2.865
41.1,2.865
41.1,2.865
41.1,2.865
41.1,2.865
41.1,2.865
41.1,2.865
41.1,2.865
41.1,2.865
41.1,2.865
41.1,2.865
41.1,2.865
41.1,2.865
41.1,2.865
41.1,2.865
41.1,2.865
41.1,2.865
41.1,2.865
41.1,2.865
41.1,2.865
41.1,2.865
41.1,2.865
41.1,2.865
41.1,2.865
41.1,2.865
41.1,2.865
41.1,2.865
41.1,2.865
41.1,2.865
41.1,2.865
41.1,2.865
41.1,2.865
41.1,2.865
41.1,2.865
41.1,2.865
41.1,2.865
41.1,2.865
41.1,2.865
41.1,2.870
41.1,2.870
41.1,2.870
41.1,2.870
41.1,2.870
41.1,2.870
41.1,2.870
41.1,2.870
41.1,2.870
41.1,2.870
41.1,2.870
41.1,2.870
41.1,2.870
41.1,2.870
41.1,2.870
41.1,2.870
41.1,2.870
41.1,2.870
41.1,2.870
41.1,2.870
41.1,2.870
41.1,2.870
41.1,2.870
41.1,2.870
41.1,2.870
41.1,2.870
41.1,2.870
41.1,2.870
41.1,2.870
41.1,2.870
41.1,2.870
41.1,2.870
41.1,2.870
41.1,2.870
41.1,2.870
41.1,2.870
41.1,2.870
41.1,2.870
41.1,2.870
41.1,2.870
41.1,2.870
41.1,2.870
41.1,2.870
41.1,2.870
41.1,2.870
41.1,2.870
41.1,2.870
41.1,2.875
41.1,2.875
41.1,2.875
41.1,2.875
41.1,2.875
41.1,2.875
41.1,2.875
41.1,2.875
41.1,2.875
41.1,2.875
41.1,2.875
41.1,2.875
41.1,2.875
41.1,2.875
41.1,2.875
41.1,2.875
41.1,2.875
41.1,2.875
41.1,2.875
41.1,2.875
41.1,2.875
41.1,2.875
41.1,2.875
41.1,2.875
41.1,2.875
41.1,2.875
41.1,2.875
41.1,2.875
41.1,2.875
41.1,2.875
41.1,2.875
41.1,2.875
41.1,2.875
41.1,2.875
41.1,2.875
41.1,2.875
41.1,2.875
41.1,2.875
41.1,2.875
41.1,2.875
41.1,2.875
41.1,2.875
41.1,2.880
41.1,2.880
41.1,2.880
41.1,2.880
41.1,2.880
41.1,2.880
41.1,2.880
41.1,2.880
41.1,2.880
41.1,2.880
41.1,2.880
41.1,2.880
41.1,2.880
41.1,2.880
41.1,2.880
41.1,2.880
41.1,2.880
41.1,2.880
41.1,2.880
41.1,2.880
41.1,2.880
41.1,2.880
41.1,2.880
41.1,2.880
41.1,2.880
41.1,2.880
41.2,2.880
41.2,2.880
41.2,2.880
41.2,2.880
41.2,2.880
41.2,2.880
41.2,2.880
41.2,2.880
41.2,2.880
41.2,2.880
41.2,2.880
41.2,2.885
41.2,2.885
41.2,2.885
41.2,2.885
41.2,2.885
41.2,2.885
41.2,2.885
41.2,2.885
41.2,2.885
41.2,2.885
41.2,2.885
41.1,2.885
41.1,2.885
41.1,2.885
41.1,2.885
41.1,2.885
41.1,2.885
41.1,2.885
41.1,2.885
41.1,2.885
41.1,2.885
41.1,2.885
41.1,2.885
41.1,2.885
41.1,2.885
41.1,2.885
41.1,2.885
41.1,2.885
41.1,2.885
41.1,2.885
41.1,2.885
41.1,2.885
41.1,2.885
41.1,2.885
41.1,2.885
41.1,2.885
41.1,2.885
41.1,2.885
41.1,2.885
41.1,2.885
41.2,2.885
41.2,2.890
41.2,2.890
41.2,2.890
41.2,2.890
41.2,2.890
41.2,2.890
41.2,2.890
41.2,2.890
41.2,2.890
41.2,2.890
41.2,2.890
41.2,2.890
41.2,2.890
41.2,2.890
41.2,2.890
41.2,2.890
41.2,2.890
41.2,2.890
41.2,2.890
41.2,2.890
41.2,2.890
41.2,2.890
41.2,2.890
41.2,2.890
41.2,2.890
41.2,2.890
41.2,2.890
41.2,2.890
41.2,2.890
41.2,2.890
41.2,2.890
41.2,2.890
41.2,2.890
41.2,2.890
41.2,2.890
41.2,2.890
41.2,2.890
41.2,2.890
41.2,2.890
41.2,2.890
41.2,2.890
41.2,2.895
41.2,2.895
41.2,2.895
41.2,2.895
41.2,2.895
41.2,2.895
41.2,2.895
41.2,2.895
41.2,2.895
41.2,2.895
41.2,2.895
41.2,2.895
41.2,2.895
41.2,2.895
41.2,2.895
41.2,2.895
41.2,2.895
41.2,2.895
41.2,2.895
41.2,2.895
41.2,2.895
41.2,2.895
41.2,2.895
41.2,2.895
41.2,2.895
41.2,2.895
41.2,2.895
41.2,2.895
41.2,2.895
41.2,2.895
41.2,2.895
41.2,2.895
41.2,2.895
41.2,2.895
41.2,2.895
41.2,2.895
41.2,2.895
41.2,2.895
41.2,2.900
41.2,2.900
41.2,2.900
41.2,2.900
41.2,2.900
41.2,2.900
41.2,2.900
41.2,2.900
41.2,2.900
41.2,2.900
41.2,2.900
41.2,2.900
41.2,2.900
41.2,2.900
41.2,2.900
41.2,2.900
41.2,2.900
41.2,2.900
41.2,2.900
41.2,2.900
41.2,2.900
41.2,2.900
41.2,2.900
41.2,2.900
41.2,2.900
41.2,2.900
41.2,2.900
41.2,2.900
41.2,2.900
41.2,2.900
41.2,2.900
41.2,2.900
41.2,2.900
41.2,2.900
41.2,2.900
41.2,2.900
41.2,2.900
41.2,2.900
41.2,2.900
41.2,2.905
41.2,2.905
41.3,2.905
41.3,2.905
41.3,2.905
41.3,2.905
41.3,2.905
41.3,2.905
41.3,2.905
41.3,2.905
41.3,2.905
41.3,2.905
41.3,2.905
41.3,2.905
41.3,2.905
41.3,2.905
41.3,2.905
41.3,2.905
41.3,2.905
41.3,2.905
41.3,2.905
41.3,2.905
41.3,2.905
41.3,2.905
41.3,2.905
41.3,2.905
41.3,2.905
41.3,2.905
41.3,2.905
41.3,2.905
41.3,2.905
41.3,2.905
41.3,2.905
41.3,2.905
41.3,2.905
41.3,2.905
41.3,2.905
41.3,2.905
41.3,2.905
41.3,2.905
41.3,2.905
41.3,2.910
41.3,2.910
41.3,2.910
41.3,2.910
41.2,2.910
41.2,2.910
41.2,2.910
41.2,2.910
41.2,2.910
41.2,2.910
41.2,2.910
41.2,2.910
41.3,2.910
41.3,2.910
41.3,2.910
41.3,2.910
41.3,2.910
41.3,2.910
41.3,2.910
41.3,2.910
41.3,2.910
41.3,2.910
41.3,2.910
41.3,2.910
41.3,2.910
41.3,2.910
41.3,2.910
41.3,2.910
41.3,2.910
41.3,2.910
41.3,2.910
41.3,2.910
41.3,2.910
41.3,2.910
41.3,2.910
41.3,2.910
41.3,2.910
41.3,2.910
41.3,2.910
41.3,2.910
41.3,2.910
41.2,2.910
41.2,2.915
41.2,2.915
41.2,2.915
41.2,2.915
41.2,2.915
41.2,2.915
41.2,2.915
41.2,2.915
41.2,2.915
41.2,2.915
41.2,2.915
41.2,2.915
41.2,2.915
41.2,2.915
41.2,2.915
41.2,2.915
41.2,2.915
41.2,2.915
41.2,2.915
41.2,2.915
41.2,2.915
41.2,2.915
41.2,2.915
41.2,2.915
41.2,2.915
41.2,2.915
41.2,2.915
41.2,2.915
41.2,2.915
41.2,2.915
41.2,2.915
41.2,2.915
41.2,2.915
41.2,2.915
41.2,2.915
41.2,2.915
41.2,2.915
41.2,2.915
41.2,2.915
41.2,2.920
41.2,2.920
41.3,2.920
41.3,2.920
41.3,2.920
41.3,2.920
41.3,2.920
41.3,2.920
41.3,2.920
41.3,2.920
41.3,2.920
41.3,2.920
41.2,2.920
41.2,2.920
41.2,2.920
41.2,2.920
41.2,2.920
41.2,2.920
41.2,2.920
41.2,2.920
41.3,2.920
41.3,2.920
41.3,2.920
41.3,2.920
41.3,2.920
41.3,2.920
41.3,2.920
41.3,2.920
41.3,2.920
41.3,2.920
41.3,2.920
41.3,2.920
41.3,2.920
41.3,2.920
41.3,2.920
41.3,2.920
41.3,2.920
41.3,2.920
41.3,2.920
41.3,2.920
41.3,2.920
41.3,2.920
41.3,2.920
41.3,2.925
41.3,2.925
41.3,2.925
41.3,2.925
41.3,2.925
41.3,2.925
41.3,2.925
41.3,2.925
41.3,2.925
41.3,2.925
41.2,2.925
41.2,2.925
41.2,2.925
41.2,2.925
41.2,2.925
41.2,2.925
41.2,2.925
41.2,2.925
41.2,2.925
41.2,2.925
41.2,2.925
41.2,2.925
41.2,2.925
41.2,2.925
41.2,2.925
41.2,2.925
41.2,2.925
41.2,2.925
41.2,2.925
41.2,2.925
41.2,2.925
41.2,2.925
41.2,2.925
41.2,2.925
41.2,2.925
41.2,2.925
41.2,2.925
41.2,2.925
41.2,2.925
41.2,2.925
41.2,2.925
41.2,2.925
41.2,2.925
41.2,2.925
41.2,2.930
41.2,2.930
41.3,2.930
41.3,2.930
41.3,2.930
41.3,2.930
41.3,2.930
41.3,2.930
41.3,2.930
41.3,2.930
41.3,2.930
41.3,2.930
41.3,2.930
41.3,2.930
41.3,2.930
41.3,2.930
41.3,2.930
41.3,2.930
41.3,2.930
41.3,2.930
41.3,2.930
41.3,2.930
41.3,2.930
41.3,2.930
41.3,2.930
41.3,2.930
41.3,2.930
41.3,2.930
41.3,2.930
41.3,2.930
41.3,2.930
41.3,2.930
41.3,2.930
41.3,2.930
41.3,2.930
41.3,2.930
41.3,2.930
41.3,2.930
41.3,2.930
41.3,2.930
41.3,2.930
41.3,2.930
41.3,2.930
41.3,2.930
41.3,2.930
41.3,2.930
41.3,2.930
41.3,2.930
41.3,2.935
41.3,2.935
41.3,2.935
41.3,2.935
41.3,2.935
41.3,2.935
41.3,2.935
41.3,2.935
41.3,2.935
41.3,2.935
41.3,2.935
41.3,2.935
41.3,2.935
41.3,2.935
41.3,2.935
41.3,2.935
41.3,2.935
41.3,2.935
41.3,2.935
41.3,2.935
41.3,2.935
41.3,2.935
41.3,2.935
41.3,2.935
41.3,2.935
41.3,2.935
41.3,2.935
41.3,2.935
41.3,2.935
41.3,2.935
41.3,2.935
41.3,2.935
41.3,2.935
41.3,2.935
41.3,2.935
41.3,2.935
41.3,2.935
41.3,2.935
41.3,2.935
41.3,2.935
41.3,2.935
41.3,2.935
41.3,2.935
41.3,2.935
41.3,2.935
41.3,2.935
41.3,2.935
41.3,2.940
41.3,2.940
41.3,2.940
41.2,2.940
41.3,2.940
41.3,2.940
41.3,2.940
41.3,2.940
41.3,2.940
41.3,2.940
41.3,2.940
41.3,2.940
41.3,2.940
41.3,2.940
41.3,2.940
41.3,2.940
41.3,2.940
41.3,2.940
41.3,2.940
41.3,2.940
41.3,2.940
41.3,2.940
41.3,2.940
41.3,2.940
41.3,2.940
41.3,2.940
41.3,2.940
41.3,2.940
41.3,2.940
41.3,2.940
41.3,2.940
41.3,2.940
41.3,2.940
41.3,2.940
41.3,2.940
41.3,2.940
41.3,2.940
41.3,2.940
41.3,2.940
41.3,2.940
41.3,2.940
41.3,2.940
41.3,2.940
41.3,2.940
41.3,2.940
41.3,2.940
41.3,2.945
41.3,2.945
41.3,2.945
41.3,2.945
41.3,2.945
41.3,2.945
41.3,2.945
41.3,2.945
41.3,2.945
41.3,2.945
41.3,2.945
41.3,2.945
41.3,2.945
41.3,2.945
41.3,2.945
41.3,2.945
41.3,2.945
41.3,2.945
41.3,2.945
41.3,2.945
41.3,2.945
41.3,2.945
41.3,2.945
41.3,2.945
41.3,2.945
41.3,2.945
41.3,2.945
41.3,2.945
41.3,2.945
41.3,2.945
41.3,2.945
41.3,2.945
41.3,2.945
41.3,2.945
41.3,2.945
41.3,2.945
41.3,2.945
41.3,2.945
41.3,2.945
41.3,2.945
41.3,2.945
41.3,2.945
41.3,2.945
41.3,2.945
41.3,2.945
41.3,2.945
41.3,2.945
41.3,2.945
41.3,2.950
41.3,2.950
41.3,2.950
41.3,2.950
41.3,2.950
41.3,2.950
41.3,2.950
41.3,2.950
41.3,2.950
41.3,2.950
41.3,2.950
41.3,2.950
41.3,2.950
41.3,2.950
41.3,2.950
41.3,2.950
41.3,2.950
41.3,2.950
41.3,2.950
41.3,2.950
41.3,2.950
41.3,2.950
41.3,2.950
41.3,2.950
41.3,2.950
41.3,2.950
41.3,2.950
41.3,2.950
41.3,2.950
41.3,2.950
41.3,2.950
41.3,2.950
41.3,2.950
41.3,2.950
41.4,2.950
41.4,2.950
41.4,2.950
41.4,2.950
41.4,2.950
41.4,2.950
41.4,2.950
41.4,2.950
41.4,2.950
41.4,2.950
41.4,2.950
41.4,2.950
41.3,2.955
41.3,2.955
41.3,2.955
41.3,2.955
41.3,2.955
41.3,2.955
41.3,2.955
41.3,2.955
41.3,2.955
41.3,2.955
41.3,2.955
41.3,2.955
41.3,2.955
41.3,2.955
41.4,2.955
41.4,2.955
41.4,2.955
41.4,2.955
41.4,2.955
41.4,2.955
41.4,2.955
41.3,2.955
41.3,2.955
41.3,2.955
41.3,2.955
41.3,2.955
41.3,2.955
41.3,2.955
41.3,2.955
41.3,2.955
41.3,2.955
41.3,2.955
41.3,2.955
41.3,2.955
41.3,2.955
41.3,2.955
41.3,2.955
41.3,2.955
41.3,2.955
41.3,2.955
41.3,2.955
41.3,2.955
41.3,2.955
41.3,2.955
41.3,2.960
41.3,2.960
41.3,2.960
41.3,2.960
41.3,2.960
41.3,2.960
41.3,2.960
41.3,2.960
41.3,2.960
41.4,2.960
41.4,2.960
41.4,2.960
41.4,2.960
41.4,2.960
41.4,2.960
41.4,2.960
41.4,2.960
41.4,2.960
41.3,2.960
41.3,2.960
41.3,2.960
41.3,2.960
41.3,2.960
41.3,2.960
41.3,2.960
41.3,2.960
41.3,2.960
41.3,2.960
41.3,2.960
41.3,2.960
41.3,2.960
41.3,2.960
41.4,2.960
41.4,2.960
41.4,2.960
41.4,2.960
41.4,2.960
41.4,2.960
41.4,2.960
41.4,2.960
41.4,2.965
41.4,2.965
41.4,2.965
41.4,2.965
41.4,2.965
41.4,2.965
41.3,2.965
41.3,2.965
41.3,2.965
41.3,2.965
41.3,2.965
41.3,2.965
41.3,2.965
41.3,2.965
41.3,2.965
41.4,2.965
41.4,2.965
41.4,2.965
41.4,2.965
41.4,2.965
41.4,2.965
41.4,2.965
41.4,2.965
41.4,2.965
41.4,2.965
41.4,2.965
41.4,2.965
41.4,2.965
41.4,2.965
41.4,2.965
41.3,2.965
41.3,2.965
41.3,2.965
41.3,2.965
41.3,2.965
41.3,2.965
41.3,2.965
41.3,2.965
41.4,2.965
41.4,2.965
41.4,2.965
41.4,2.965
41.4,2.965
41.4,2.965
41.4,2.965
41.4,2.965
41.4,2.970
41.4,2.970
41.4,2.970
41.4,2.970
41.4,2.970
41.4,2.970
41.4,2.970
41.4,2.970
41.4,2.970
41.4,2.970
41.4,2.970
41.4,2.970
41.4,2.970
41.4,2.970
41.4,2.970
41.4,2.970
41.4,2.970
41.4,2.970
41.4,2.970
41.4,2.970
41.4,2.970
41.4,2.970
41.4,2.970
41.4,2.970
41.4,2.970
41.4,2.970
41.3,2.970
41.3,2.970
41.3,2.970
41.3,2.970
41.3,2.970
41.3,2.970
41.4,2.970
41.4,2.970
41.4,2.970
41.4,2.970
41.4,2.970
41.3,2.970
41.3,2.970
41.3,2.970
41.3,2.970
41.3,2.970
41.3,2.970
41.3,2.970
41.3,2.975
41.3,2.975
41.3,2.975
41.3,2.975
41.3,2.975
41.4,2.975
41.4,2.975
41.4,2.975
41.4,2.975
41.4,2.975
41.4,2.975
41.4,2.975
41.4,2.975
41.4,2.975
41.4,2.975
41.4,2.975
41.4,2.975
41.4,2.975
41.4,2.975
41.4,2.975
41.4,2.975
41.4,2.975
41.4,2.975
41.4,2.975
41.4,2.975
41.4,2.975
41.4,2.975
41.4,2.975
41.4,2.975
41.4,2.975
41.4,2.975
41.4,2.975
41.4,2.975
41.4,2.975
41.4,2.975
41.4,2.975
41.4,2.975
41.4,2.975
41.4,2.975
41.4,2.975
41.4,2.980
41.4,2.980
41.4,2.980
41.4,2.980
41.4,2.980
41.4,2.980
41.4,2.980
41.4,2.980
41.4,2.980
41.4,2.980
41.4,2.980
41.4,2.980
41.4,2.980
41.4,2.980
41.4,2.980
41.4,2.980
41.4,2.980
41.4,2.980
41.4,2.980
41.4,2.980
41.4,2.980
41.4,2.980
41.4,2.980
41.4,2.980
41.4,2.980
41.4,2.980
41.4,2.980
41.4,2.980
41.4,2.980
41.4,2.980
41.4,2.980
41.4,2.980
41.4,2.980
41.4,2.980
41.4,2.980
41.4,2.980
41.4,2.980
41.4,2.980
41.4,2.980
41.4,2.985
41.4,2.985
41.4,2.985
41.4,2.985
41.4,2.985
41.4,2.985
41.4,2.985
41.4,2.985
41.4,2.985
41.4,2.985
41.4,2.985
41.4,2.985
41.4,2.985
41.4,2.985
41.4,2.985
41.4,2.985
41.4,2.985
41.4,2.985
41.4,2.985
41.4,2.985
41.4,2.985
41.4,2.985
41.4,2.985
41.4,2.985
41.4,2.985
41.4,2.985
41.4,2.985
41.4,2.985
41.4,2.985
41.4,2.985
41.4,2.985
41.4,2.985
41.4,2.985
41.4,2.985
41.5,2.985
41.5,2.985
41.5,2.985
41.5,2.985
41.5,2.985
41.5,2.985
41.5,2.990
41.5,2.990
41.4,2.990
41.4,2.990
41.4,2.990
41.4,2.990
41.4,2.990
41.4,2.990
41.4,2.990
41.5,2.990
41.5,2.990
41.5,2.990
41.5,2.990
41.5,2.990
41.5,2.990
41.5,2.990
41.5,2.990
41.5,2.990
41.5,2.990
41.4,2.990
41.4,2.990
41.4,2.990
41.4,2.990
41.4,2.990
41.4,2.990
41.4,2.990
41.4,2.990
41.4,2.990
41.4,2.990
41.4,2.990
41.4,2.990
41.5,2.990
41.5,2.990
41.5,2.990
41.5,2.990
41.5,2.990
41.5,2.990
41.5,2.990
41.4,2.990
41.4,2.995
41.4,2.995
41.4,2.995
41.4,2.995
41.4,2.995
41.4,2.995
41.4,2.995
41.4,2.995
41.4,2.995
41.4,2.995
41.4,2.995
41.5,2.995
41.5,2.995
41.5,2.995
41.5,2.995
41.5,2.995
41.5,2.995
41.5,2.995
41.5,2.995
41.5,2.995
41.5,2.995
41.5,2.995
41.5,2.995
41.5,2.995
41.5,2.995
41.4,2.995
41.4,2.995
41.4,2.995
41.4,2.995
41.4,2.995
41.4,2.995
41.4,2.995
41.4,2.995
41.4,2.995
41.5,2.995
41.5,2.995
41.5,3.000
41.5,3.000
41.5,3.000
41.5,3.000
41.5,3.000
41.5,3.000
41.5,3.000
41.5,3.000
41.5,3.000
41.5,3.000
41.5,3.000
41.5,3.000
41.5,3.000
41.5,3.000
41.5,3.000
41.5,3.000
41.5,3.000
41.5,3.000
41.5,3.000
41.5,3.000
41.5,3.000
41.5,3.000
41.5,3.000
41.5,3.000
41.5,3.000
41.5,3.000
41.5,3.000
41.5,3.000
41.5,3.000
41.5,3.000
41.5,3.000
41.4,3.000
41.4,3.000
41.4,3.000
41.4,3.000
41.4,3.000
41.4,3.000
41.4,3.000
41.4,3.005
41.4,3.005
41.4,3.005
41.4,3.005
41.5,3.005
41.5,3.005
41.5,3.005
41.5,3.005
41.5,3.005
41.5,3.005
41.5,3.005
41.5,3.005
41.5,3.005
41.5,3.005
41.5,3.005
41.5,3.005
41.5,3.005
41.5,3.005
41.5,3.005
41.5,3.005
41.5,3.005
41.5,3.005
41.5,3.005
41.5,3.005
41.5,3.005
41.5,3.005
41.5,3.005
41.6,3.005
41.6,3.005
41.6,3.005
41.6,3.005
41.6,3.005
41.6,3.005
41.5,3.005
41.5,3.005
41.5,3.005
41.5,3.005
41.5,3.005
41.5,3.010
41.5,3.010
41.5,3.010
41.5,3.010
41.5,3.010
41.6,3.010
41.5,3.010
41.5,3.010
41.5,3.010
41.5,3.010
41.5,3.010
41.6,3.010
41.6,3.010
41.6,3.010
41.6,3.010
41.6,3.010
41.6,3.010
41.6,3.010
41.6,3.010
41.6,3.010
41.6,3.010
41.5,3.010
41.5,3.010
41.5,3.010
41.5,3.010
41.5,3.010
41.5,3.010
41.5,3.010
41.5,3.010
41.5,3.010
41.5,3.010
41.5,3.010
41.5,3.010
41.5,3.010
41.5,3.010
41.5,3.010
41.5,3.010
41.5,3.010
41.5,3.010
41.5,3.010
41.5,3.015
41.5,3.015
41.5,3.015
41.5,3.015
41.5,3.015
41.5,3.015
41.5,3.015
41.5,3.015
41.5,3.015
41.5,3.015
41.5,3.015
41.5,3.015
41.5,3.015
41.5,3.015
41.5,3.015
41.5,3.015
41.5,3.015
41.5,3.015
41.5,3.015
41.5,3.015
41.5,3.015
41.5,3.015
41.6,3.015
41.6,3.015
41.6,3.015
41.6,3.015
41.6,3.015
41.6,3.015
41.6,3.015
41.6,3.015
41.6,3.015
41.6,3.015
41.6,3.015
41.6,3.015
41.6,3.015
41.6,3.015
41.6,3.015
41.6,3.020
41.6,3.020
41.6,3.020
41.6,3.020
41.6,3.020
41.6,3.020
41.6,3.020
41.6,3.020
41.6,3.020
41.6,3.020
41.6,3.020
41.6,3.020
41.6,3.020
41.6,3.020
41.6,3.020
41.6,3.020
41.6,3.020
41.6,3.020
41.6,3.020
41.6,3.020
41.6,3.020
41.6,3.020
41.6,3.020
41.6,3.020
41.6,3.020
41.6,3.020
41.6,3.020
41.6,3.020
41.6,3.020
41.6,3.020
41.6,3.020
41.6,3.020
41.6,3.020
41.6,3.020
41.6,3.020
41.6,3.025
41.6,3.025
41.6,3.025
41.6,3.025
41.6,3.025
41.6,3.025
41.6,3.025
41.6,3.025
41.6,3.025
41.6,3.025
41.6,3.025
41.6,3.025
41.6,3.025
41.6,3.025
41.6,3.025
41.6,3.025
41.6,3.025
41.6,3.025
41.6,3.025
41.6,3.025
41.6,3.025
41.6,3.025
41.6,3.025
41.6,3.025
41.6,3.025
41.6,3.025
41.6,3.025
41.6,3.025
41.6,3.025
41.6,3.025
41.6,3.025
41.6,3.025
41.6,3.025
41.6,3.025
41.6,3.025
41.6,3.025
41.6,3.030
41.7,3.030
41.7,3.030
41.7,3.030
41.7,3.030
41.7,3.030
41.6,3.030
41.6,3.030
41.6,3.030
41.6,3.030
41.6,3.030
41.6,3.030
41.6,3.030
41.6,3.030
41.6,3.030
41.6,3.030
41.6,3.030
41.6,3.030
41.6,3.030
41.6,3.030
41.6,3.030
41.6,3.030
41.6,3.030
41.6,3.030
41.6,3.030
41.6,3.030
41.6,3.030
41.6,3.030
41.6,3.030
41.6,3.030
41.6,3.030
41.6,3.030
41.6,3.030
41.6,3.030
41.6,3.030
41.6,3.030
41.6,3.030
41.6,3.030
41.6,3.035
41.6,3.035
41.6,3.035
41.6,3.035
41.6,3.035
41.6,3.035
41.6,3.035
41.6,3.035
41.6,3.035
41.6,3.035
41.6,3.035
41.6,3.035
41.6,3.035
41.6,3.035
41.6,3.035
41.6,3.035
41.6,3.035
41.6,3.035
41.6,3.035
41.6,3.035
41.6,3.035
41.6,3.035
41.6,3.035
41.6,3.035
41.6,3.035
41.6,3.035
41.6,3.035
41.7,3.035
41.7,3.035
41.7,3.035
41.7,3.035
41.7,3.035
41.7,3.035
41.7,3.035
41.7,3.035
41.6,3.035
41.6,3.035
41.6,3.035
41.6,3.035
41.6,3.035
41.6,3.040
41.6,3.040
41.6,3.040
41.6,3.040
41.6,3.040
41.6,3.040
41.7,3.040
41.7,3.040
41.7,3.040
41.7,3.040
41.7,3.040
41.7,3.040
41.7,3.040
41.7,3.040
41.7,3.040
41.7,3.040
41.7,3.040
41.7,3.040
41.7,3.040
41.7,3.040
41.7,3.040
41.7,3.040
41.7,3.040
41.7,3.040
41.7,3.040
41.7,3.040
41.7,3.040
41.7,3.040
41.7,3.040
41.7,3.040
41.7,3.040
41.7,3.040
41.7,3.040
41.7,3.040
41.7,3.040
41.7,3.040
41.7,3.040
41.7,3.040
41.7,3.045
41.7,3.045
41.7,3.045
41.7,3.045
41.7,3.045
41.7,3.045
41.7,3.045
41.7,3.045
41.7,3.045
41.7,3.045
41.7,3.045
41.7,3.045
41.7,3.045
41.7,3.045
41.7,3.045
41.7,3.045
41.7,3.045
41.7,3.045
41.7,3.045
41.7,3.045
41.7,3.045
41.7,3.045
41.7,3.045
41.7,3.045
41.6,3.045
41.6,3.045
41.6,3.045
41.6,3.045
41.6,3.045
41.6,3.045
41.6,3.045
41.6,3.045
41.6,3.045
41.6,3.045
41.6,3.045
41.7,3.045
41.7,3.045
41.7,3.045
41.7,3.045
41.7,3.045
41.7,3.045
41.7,3.045
41.7,3.045
41.7,3.045
41.6,3.050
41.6,3.050
41.6,3.050
41.6,3.050
41.6,3.050
41.6,3.050
41.6,3.050
41.6,3.050
41.6,3.050
41.6,3.050
41.6,3.050
41.7,3.050
41.7,3.050
41.7,3.050
41.7,3.050
41.7,3.050
41.7,3.050
41.7,3.050
41.7,3.050
41.7,3.050
41.7,3.050
41.7,3.050
41.7,3.050
41.7,3.050
41.7,3.050
41.7,3.050
41.7,3.050
41.7,3.050
41.7,3.050
41.7,3.050
41.7,3.050
41.7,3.050
41.7,3.050
41.7,3.050
41.7,3.050
41.7,3.050
41.7,3.050
41.7,3.050
41.7,3.050
41.7,3.050
41.7,3.050
41.7,3.050
41.7,3.050
41.7,3.050
41.7,3.050
41.7,3.050
41.7,3.050
41.7,3.055
41.7,3.055
41.7,3.055
41.7,3.055
41.7,3.055
41.7,3.055
41.7,3.055
41.7,3.055
41.7,3.055
41.7,3.055
41.7,3.055
41.7,3.055
41.7,3.055
41.7,3.055
41.7,3.055
41.7,3.055
41.7,3.055
41.7,3.055
41.7,3.055
41.7,3.055
41.7,3.055
41.7,3.055
41.7,3.055
41.7,3.055
41.7,3.055
41.7,3.055
41.7,3.055
41.7,3.055
41.7,3.055
41.7,3.055
41.7,3.055
41.7,3.055
41.7,3.055
41.7,3.055
41.7,3.055
41.7,3.055
41.7,3.055
41.7,3.055
41.7,3.055
41.7,3.055
41.7,3.055
41.7,3.055
41.7,3.055
41.7,3.055
41.7,3.055
41.7,3.055
41.7,3.055
41.7,3.055
41.7,3.055
41.7,3.055
41.7,3.055
41.7,3.060
41.7,3.060
41.7,3.060
41.7,3.060
41.7,3.060
41.7,3.060
41.7,3.060
41.7,3.060
41.7,3.060
41.7,3.060
41.7,3.060
41.7,3.060
41.7,3.060
41.7,3.060
41.7,3.060
41.7,3.060
41.7,3.060
41.7,3.060
41.7,3.060
41.7,3.060
41.7,3.060
41.7,3.060
41.7,3.060
41.7,3.060
41.7,3.060
41.7,3.060
41.7,3.060
41.7,3.060
41.7,3.060
41.7,3.060
41.7,3.060
41.7,3.060
41.7,3.060
41.7,3.060
41.7,3.060
41.7,3.060
41.7,3.060
41.7,3.060
41.7,3.060
41.7,3.060
41.7,3.060
41.7,3.060
41.7,3.060
41.7,3.060
41.7,3.060
41.7,3.060
41.7,3.060
41.7,3.060
41.7,3.060
41.7,3.060
41.7,3.060
41.7,3.060
41.7,3.060
41.7,3.060
41.7,3.060
41.7,3.065
41.7,3.065
41.7,3.065
41.7,3.065
41.7,3.065
41.7,3.065
41.7,3.065
41.7,3.065
41.7,3.065
41.7,3.065
41.7,3.065
41.7,3.065
41.7,3.065
41.7,3.065
41.7,3.065
41.7,3.065
41.7,3.065
41.7,3.065
41.7,3.065
41.7,3.065
41.7,3.065
41.7,3.065
41.7,3.065
41.7,3.065
41.7,3.065
41.7,3.065
41.7,3.065
41.7,3.065
41.7,3.065
41.7,3.065
41.7,3.065
41.7,3.065
41.7,3.065
41.7,3.065
41.7,3.065
41.7,3.065
41.7,3.065
41.7,3.065
41.7,3.065
41.7,3.065
41.7,3.065
41.7,3.065
41.7,3.065
41.7,3.065
41.7,3.065
41.7,3.065
41.7,3.065
41.7,3.065
41.7,3.065
41.7,3.065
41.7,3.065
41.7,3.065
41.7,3.065
41.7,3.065
41.7,3.065
41.7,3.065
41.7,3.065
41.7,3.065
41.7,3.065
41.7,3.065
41.7,3.065
41.7,3.070
41.7,3.070
41.7,3.070
41.7,3.070
41.7,3.070
41.7,3.070
41.7,3.070
41.7,3.070
41.7,3.070
41.7,3.070
41.7,3.070
41.7,3.070
41.7,3.070
41.7,3.070
41.7,3.070
41.7,3.070
41.7,3.070
41.7,3.070
41.7,3.070
41.7,3.070
41.7,3.070
41.7,3.070
41.7,3.070
41.7,3.070
41.7,3.070
41.7,3.070
41.7,3.070
41.7,3.070
41.7,3.070
41.7,3.070
41.7,3.070
41.7,3.070
41.7,3.070
41.7,3.070
41.7,3.070
41.7,3.070
41.7,3.070
41.7,3.070
41.7,3.070
41.7,3.070
41.7,3.070
41.7,3.070
41.7,3.070
41.7,3.070
41.7,3.070
41.7,3.070
41.7,3.070
41.7,3.070
41.7,3.070
41.7,3.070
41.7,3.070
41.7,3.070
41.7,3.070
41.7,3.070
41.7,3.070
41.7,3.070
41.7,3.070
41.7,3.070
41.7,3.070
41.7,3.070
41.7,3.070
41.7,3.070
41.7,3.070
41.7,3.070
41.7,3.070
41.7,3.070
41.7,3.070
41.7,3.070
41.7,3.070
41.7,3.075
41.7,3.075
41.7,3.075
41.7,3.075
41.7,3.075
41.7,3.075
41.7,3.075
41.7,3.075
41.7,3.075
41.7,3.075
41.7,3.075
41.7,3.075
41.7,3.075
41.7,3.075
41.7,3.075
41.7,3.075
41.7,3.075
41.7,3.075
41.7,3.075
41.7,3.075
41.7,3.075
41.7,3.075
41.7,3.075
41.7,3.075
41.7,3.075
41.7,3.075
41.7,3.075
41.7,3.075
41.7,3.075
41.7,3.075
41.7,3.075
41.7,3.075
41.7,3.075
41.7,3.075
41.7,3.075
41.7,3.075
41.7,3.075
41.7,3.075
41.7,3.075
41.7,3.075
41.7,3.075
41.7,3.075
41.7,3.075
41.7,3.075
41.7,3.075
41.7,3.075
41.7,3.075
41.7,3.075
41.7,3.075
41.7,3.075
41.8,3.075
41.8,3.075
41.8,3.075
41.8,3.075
41.8,3.075
41.8,3.075
41.8,3.075
41.8,3.075
41.8,3.075
41.8,3.075
41.8,3.075
41.8,3.075
41.8,3.075
41.8,3.075
41.8,3.075
41.8,3.080
41.8,3.080
41.8,3.080
41.8,3.080
41.8,3.080
41.8,3.080
41.8,3.080
41.8,3.080
41.8,3.080
41.8,3.080
41.8,3.080
41.8,3.080
41.8,3.080
41.8,3.080
41.8,3.080
41.8,3.080
41.8,3.080
41.8,3.080
41.7,3.080
41.7,3.080
41.7,3.080
41.7,3.080
41.7,3.080
41.7,3.080
41.7,3.080
41.7,3.080
41.8,3.080
41.8,3.080
41.8,3.080
41.8,3.080
41.8,3.080
41.8,3.080
41.8,3.080
41.7,3.080
41.7,3.080
41.7,3.080
41.7,3.080
41.7,3.080
41.7,3.080
41.7,3.080
41.7,3.080
41.7,3.080
41.7,3.080
41.7,3.080
41.7,3.080
41.8,3.080
41.8,3.080
41.8,3.080
41.8,3.080
41.8,3.080
41.8,3.080
41.8,3.080
41.8,3.080
41.8,3.080
41.8,3.080
41.7,3.080
41.7,3.080
41.7,3.080
41.7,3.080
41.7,3.080
41.7,3.080
41.7,3.080
41.7,3.080
41.8,3.080
41.8,3.080
41.8,3.080
41.8,3.080
41.8,3.080
41.8,3.085
41.8,3.085
41.8,3.085
41.8,3.085
41.8,3.085
41.8,3.085
41.8,3.085
41.8,3.085
41.8,3.085
41.8,3.085
41.8,3.085
41.8,3.085
41.8,3.085
41.8,3.085
41.8,3.085
41.8,3.085
41.8,3.085
41.8,3.085
41.8,3.085
41.8,3.085
41.8,3.085
41.8,3.085
41.8,3.085
41.8,3.085
41.8,3.085
41.8,3.085
41.8,3.085
41.8,3.085
41.8,3.085
41.8,3.085
41.8,3.085
41.8,3.085
41.8,3.085
41.8,3.085
41.8,3.085
41.8,3.085
41.8,3.085
41.8,3.085
41.8,3.085
41.8,3.085
41.8,3.085
41.8,3.085
41.8,3.085
41.8,3.085
41.8,3.085
41.8,3.085
41.8,3.085
41.8,3.085
41.8,3.085
41.8,3.085
41.8,3.085
41.8,3.085
41.8,3.085
41.8,3.085
41.8,3.085
41.8,3.085
41.8,3.085
41.8,3.085
41.8,3.085
41.8,3.085
41.8,3.085
41.8,3.085
41.8,3.085
41.8,3.085
41.8,3.085
41.8,3.085
41.8,3.085
41.8,3.090
41.8,3.090
41.8,3.090
41.8,3.090
41.8,3.090
41.8,3.090
41.8,3.090
41.8,3.090
41.8,3.090
41.8,3.090
41.8,3.090
41.8,3.090
41.8,3.090
41.8,3.090
41.8,3.090
41.8,3.090
41.8,3.090
41.8,3.090
41.8,3.090
41.8,3.090
41.8,3.090
41.8,3.090
41.8,3.090
41.8,3.090
41.8,3.090
41.8,3.090
41.8,3.090
41.8,3.090
41.8,3.090
41.8,3.090
41.8,3.090
41.8,3.090
41.8,3.090
41.8,3.090
41.8,3.090
41.8,3.090
41.8,3.090
41.8,3.090
41.8,3.090
41.8,3.090
41.8,3.090
41.8,3.090
41.8,3.090
41.8,3.090
41.8,3.090
41.8,3.090
41.8,3.090
41.8,3.090
41.8,3.090
41.8,3.090
41.8,3.090
41.8,3.090
41.8,3.090
41.8,3.090
41.8,3.090
41.8,3.090
41.8,3.090
41.8,3.090
41.8,3.090
41.8,3.090
41.8,3.090
41.8,3.090
41.8,3.090
41.8,3.090
41.8,3.090
41.8,3.090
41.8,3.095
41.8,3.095
41.8,3.095
41.8,3.095
41.8,3.095
41.8,3.095
41.8,3.095
41.8,3.095
41.8,3.095
41.8,3.095
41.8,3.095
41.8,3.095
41.8,3.095
41.8,3.095
41.8,3.095
41.8,3.095
41.8,3.095
41.8,3.095
41.8,3.095
41.8,3.095
41.8,3.095
41.8,3.095
41.8,3.095
41.8,3.095
41.9,3.095
41.9,3.095
41.9,3.095
41.8,3.095
41.8,3.095
41.8,3.095
41.8,3.095
41.8,3.095
41.8,3.095
41.8,3.095
41.8,3.095
41.8,3.095
41.8,3.095
41.8,3.095
41.8,3.095
41.8,3.095
41.8,3.095
41.8,3.095
41.8,3.095
41.8,3.095
41.8,3.095
41.8,3.095
41.8,3.095
41.8,3.095
41.8,3.095
41.8,3.095
41.8,3.095
41.8,3.095
41.8,3.095
41.8,3.095
41.8,3.095
41.8,3.095
41.8,3.095
41.8,3.095
41.8,3.095
41.8,3.100
41.8,3.100
41.8,3.100
41.8,3.100
41.8,3.100
41.8,3.100
41.8,3.100
41.8,3.100
41.8,3.100
41.8,3.100
41.8,3.100
41.8,3.100
41.8,3.100
41.8,3.100
41.8,3.100
41.8,3.100
41.8,3.100
41.8,3.100
41.8,3.100
41.8,3.100
41.8,3.100
41.8,3.100
41.8,3.100
41.8,3.100
41.8,3.100
41.8,3.100
41.8,3.100
41.8,3.100
41.8,3.100
41.8,3.100
41.8,3.100
41.8,3.100
41.8,3.100
41.8,3.100
41.8,3.100
41.8,3.100
41.8,3.100
41.8,3.100
41.8,3.100
41.8,3.100
41.8,3.100
41.8,3.100
41.8,3.100
41.8,3.100
41.8,3.100
41.8,3.100
41.8,3.100
41.8,3.100
41.8,3.100
41.8,3.100
41.8,3.100
41.8,3.100
41.8,3.100
41.8,3.105
41.8,3.105
41.8,3.105
41.8,3.105
41.8,3.105
41.8,3.105
41.8,3.105
41.8,3.105
41.8,3.105
41.8,3.105
41.8,3.105
41.8,3.105
41.8,3.105
41.8,3.105
41.8,3.105
41.8,3.105
41.8,3.105
41.8,3.105
41.8,3.105
41.8,3.105
41.8,3.105
41.8,3.105
41.8,3.105
41.8,3.105
41.9,3.105
41.9,3.105
41.9,3.105
41.9,3.105
41.9,3.105
41.9,3.105
41.9,3.105
41.8,3.105
41.8,3.105
41.8,3.105
41.8,3.105
41.8,3.105
41.8,3.105
41.8,3.105
41.8,3.105
41.8,3.105
41.8,3.105
41.8,3.105
41.9,3.105
41.9,3.105
41.9,3.105
41.9,3.105
41.9,3.105
41.9,3.105
41.9,3.105
41.9,3.105
41.9,3.110
41.8,3.110
41.8,3.110
41.8,3.110
41.8,3.110
41.8,3.110
41.8,3.110
41.8,3.110
41.8,3.110
41.8,3.110
41.8,3.110
41.9,3.110
41.9,3.110
41.9,3.110
41.9,3.110
41.9,3.110
41.9,3.110
41.9,3.110
41.9,3.110
41.9,3.110
41.9,3.110
41.9,3.110
41.9,3.110
41.8,3.110
41.8,3.110
41.8,3.110
41.8,3.110
41.8,3.110
41.8,3.110
41.8,3.110
41.8,3.110
41.8,3.110
41.8,3.110
41.9,3.110
41.9,3.110
41.9,3.110
41.9,3.110
41.9,3.110
41.9,3.110
41.9,3.110
41.9,3.110
41.9,3.110
41.9,3.110
41.9,3.110
41.9,3.110
41.9,3.110
41.9,3.115
41.9,3.115
41.9,3.115
41.9,3.115
41.9,3.115
41.9,3.115
41.9,3.115
41.9,3.115
41.9,3.115
41.9,3.115
41.9,3.115
41.9,3.115
41.9,3.115
41.9,3.115
41.9,3.115
41.9,3.115
41.9,3.115
41.9,3.115
41.9,3.115
41.8,3.115
41.8,3.115
41.8,3.115
41.8,3.115
41.8,3.115
41.8,3.115
41.8,3.115
41.8,3.115
41.8,3.115
41.8,3.115
41.8,3.115
41.8,3.115
41.8,3.115
41.8,3.115
41.8,3.115
41.8,3.115
41.8,3.115
41.8,3.115
41.8,3.115
41.8,3.115
41.8,3.115
41.8,3.115
41.8,3.115
41.8,3.120
41.8,3.120
41.8,3.120
41.8,3.120
41.8,3.120
41.8,3.120
41.8,3.120
41.8,3.120
41.9,3.120
41.9,3.120
41.9,3.120
41.9,3.120
41.9,3.120
41.9,3.120
41.9,3.120
41.9,3.120
41.9,3.120
41.9,3.120
41.9,3.120
41.9,3.120
41.9,3.120
41.8,3.120
41.8,3.120
41.8,3.120
41.8,3.120
41.8,3.120
41.8,3.120
41.8,3.120
41.9,3.120
41.8,3.120
41.8,3.120
41.8,3.120
41.9,3.120
41.9,3.120
41.9,3.120
41.9,3.120
41.9,3.120
41.9,3.120
41.9,3.125
41.9,3.125
41.9,3.125
41.8,3.125
41.8,3.125
41.8,3.125
41.8,3.125
41.8,3.125
41.8,3.125
41.8,3.125
41.8,3.125
41.8,3.125
41.8,3.125
41.8,3.125
41.8,3.125
41.9,3.125
41.9,3.125
41.9,3.125
41.9,3.125
41.9,3.125
41.9,3.125
41.9,3.125
41.8,3.125
41.8,3.125
41.8,3.125
41.8,3.125
41.8,3.125
41.8,3.125
41.8,3.125
41.8,3.125
41.8,3.125
41.8,3.125
41.8,3.125
41.8,3.125
41.8,3.125
41.8,3.125
41.8,3.125
41.8,3.125
41.8,3.125
41.8,3.125
41.8,3.125
41.8,3.125
41.8,3.125
41.8,3.130
41.8,3.130
41.8,3.130
41.8,3.130
41.8,3.130
41.8,3.130
41.8,3.130
41.8,3.130
41.9,3.130
41.9,3.130
41.9,3.130
41.9,3.130
41.9,3.130
41.9,3.130
41.9,3.130
41.9,3.130
41.9,3.130
41.9,3.130
41.9,3.130
41.9,3.130
41.9,3.130
41.9,3.130
41.9,3.130
41.9,3.130
41.9,3.130
41.9,3.130
41.9,3.130
41.9,3.130
41.9,3.130
41.9,3.130
41.9,3.130
41.9,3.130
41.9,3.130
41.9,3.130
41.9,3.130
41.9,3.130
41.9,3.130
41.9,3.130
41.9,3.130
41.8,3.130
41.8,3.130
41.8,3.130
41.8,3.130
41.8,3.135
41.8,3.135
41.8,3.135
41.8,3.135
41.8,3.135
41.8,3.135
41.8,3.135
41.8,3.135
41.8,3.135
41.8,3.135
41.9,3.135
41.9,3.135
41.9,3.135
41.9,3.135
41.9,3.135
41.9,3.135
41.9,3.135
41.9,3.135
41.8,3.135
41.8,3.135
41.8,3.135
41.8,3.135
41.8,3.135
41.8,3.135
41.8,3.135
41.8,3.135
41.8,3.135
41.8,3.135
41.8,3.135
41.9,3.135
41.9,3.135
41.9,3.135
41.9,3.135
41.9,3.135
41.9,3.135
41.9,3.135
41.9,3.135
41.9,3.135
41.9,3.135
41.9,3.135
41.9,3.135
41.9,3.135
41.9,3.140
41.9,3.140
41.9,3.140
41.9,3.140
41.9,3.140
41.9,3.140
41.9,3.140
41.9,3.140
41.9,3.140
41.9,3.140
41.9,3.140
41.9,3.140
41.9,3.140
41.9,3.140
41.9,3.140
41.9,3.140
41.9,3.140
41.9,3.140
41.9,3.140
41.9,3.140
41.9,3.140
41.9,3.140
41.9,3.140
41.9,3.140
41.9,3.140
41.9,3.140
41.9,3.140
41.9,3.140
41.9,3.140
41.9,3.140
41.9,3.140
41.9,3.140
41.9,3.140
41.9,3.140
41.9,3.140
41.9,3.140
41.9,3.140
41.9,3.140
41.9,3.140
41.9,3.140
41.9,3.140
41.9,3.140
41.9,3.140
41.9,3.145
41.9,3.145
41.9,3.145
41.9,3.145
41.9,3.145
41.9,3.145
41.9,3.145
41.9,3.145
41.9,3.145
41.9,3.145
41.9,3.145
41.9,3.145
41.9,3.145
41.9,3.145
41.9,3.145
41.9,3.145
41.9,3.145
41.9,3.145
41.9,3.145
41.9,3.145
41.9,3.145
41.9,3.145
41.9,3.145
41.9,3.145
41.9,3.145
41.9,3.145
41.9,3.145
41.9,3.145
41.9,3.145
41.9,3.145
41.9,3.145
41.9,3.145
41.9,3.145
41.9,3.145
41.9,3.145
41.9,3.145
41.9,3.145
41.9,3.145
41.9,3.145
41.9,3.145
41.9,3.145
41.9,3.145
41.9,3.145
41.9,3.145
41.9,3.145
41.9,3.145
41.9,3.150
41.9,3.150
41.9,3.150
41.9,3.150
41.9,3.150
41.9,3.150
41.9,3.150
41.9,3.150
41.9,3.150
41.9,3.150
41.9,3.150
41.9,3.150
41.9,3.150
41.9,3.150
41.9,3.150
41.9,3.150
41.9,3.150
41.9,3.150
41.9,3.150
41.9,3.150
41.9,3.150
41.9,3.150
41.9,3.150
41.9,3.150
41.9,3.150
41.9,3.150
41.9,3.150
41.9,3.150
41.9,3.150
41.9,3.150
41.9,3.150
41.9,3.150
41.9,3.150
41.9,3.150
41.9,3.150
41.9,3.150
41.9,3.150
41.9,3.150
41.9,3.150
41.9,3.150
41.9,3.150
41.9,3.150
41.9,3.150
41.9,3.150
41.9,3.150
41.9,3.150
41.9,3.155
41.9,3.155
41.9,3.155
41.9,3.155
41.9,3.155
41.9,3.155
41.9,3.155
41.9,3.155
41.9,3.155
41.9,3.155
41.9,3.155
41.9,3.155
41.9,3.155
41.9,3.155
41.9,3.155
41.9,3.155
41.9,3.155
41.9,3.155
41.9,3.155
41.9,3.155
41.9,3.155
41.9,3.155
41.9,3.155
41.9,3.155
41.9,3.155
41.9,3.155
41.9,3.155
41.9,3.155
41.9,3.155
41.9,3.155
41.9,3.155
41.9,3.155
41.9,3.155
41.9,3.155
41.9,3.155
41.9,3.155
41.9,3.155
41.9,3.155
41.9,3.155
41.9,3.155
41.9,3.155
41.9,3.155
41.9,3.155
41.9,3.155
41.9,3.155
41.9,3.160
41.9,3.160
41.9,3.160
41.9,3.160
41.9,3.160
41.9,3.160
41.9,3.160
41.9,3.160
41.9,3.160
41.9,3.160
41.9,3.160
41.9,3.160
41.9,3.160
41.9,3.160
41.9,3.160
41.9,3.160
41.9,3.160
41.9,3.160
41.9,3.160
41.9,3.160
41.9,3.160
41.9,3.160
41.9,3.160
41.9,3.160
41.9,3.160
41.9,3.160
41.9,3.160
41.9,3.160
41.9,3.160
41.9,3.160
41.9,3.160
41.9,3.160
41.9,3.160
41.9,3.160
41.9,3.160
41.9,3.160
41.9,3.160
41.9,3.160
41.9,3.160
41.9,3.160
41.9,3.160
41.9,3.160
41.9,3.160
41.9,3.160
41.9,3.160
41.9,3.160
41.9,3.160
41.9,3.160
41.9,3.160
41.9,3.160
41.9,3.160
41.9,3.165
41.9,3.165
41.9,3.165
41.9,3.165
41.9,3.165
41.9,3.165
41.9,3.165
41.9,3.165
41.9,3.165
41.9,3.165
41.9,3.165
41.9,3.165
41.9,3.165
41.9,3.165
41.9,3.165
41.9,3.165
41.9,3.165
41.9,3.165
41.9,3.165
41.9,3.165
41.9,3.165
41.9,3.165
41.9,3.165
41.9,3.165
41.9,3.165
41.9,3.165
41.9,3.165
41.9,3.165
41.9,3.165
41.9,3.165
41.9,3.165
41.9,3.165
41.9,3.165
41.9,3.165
41.9,3.165
41.9,3.165
41.9,3.165
41.9,3.165
41.9,3.165
41.9,3.165
41.9,3.165
41.9,3.165
41.9,3.165
41.9,3.165
41.9,3.165
41.9,3.165
41.9,3.165
41.9,3.165
41.9,3.165
41.9,3.165
41.9,3.165
41.9,3.165
41.9,3.170
41.9,3.170
41.9,3.170
41.9,3.170
41.9,3.170
42.0,3.170
42.0,3.170
42.0,3.170
42.0,3.170
42.0,3.170
42.0,3.170
42.0,3.170
42.0,3.170
42.0,3.170
42.0,3.170
42.0,3.170
42.0,3.170
42.0,3.170
42.0,3.170
42.0,3.170
42.0,3.170
42.0,3.170
42.0,3.170
42.0,3.170
42.0,3.170
42.0,3.170
42.0,3.170
42.0,3.170
42.0,3.170
42.0,3.170
42.0,3.170
42.0,3.170
42.0,3.170
42.0,3.170
42.0,3.170
42.0,3.170
42.0,3.170
42.0,3.170
42.0,3.170
42.0,3.170
42.0,3.170
42.0,3.170
42.0,3.170
42.0,3.170
42.0,3.170
42.0,3.170
42.0,3.170
42.0,3.170
42.0,3.170
42.0,3.170
42.0,3.170
42.0,3.170
42.0,3.175
42.0,3.175
42.0,3.175
42.0,3.175
42.0,3.175
42.0,3.175
42.0,3.175
42.0,3.175
42.0,3.175
42.0,3.175
42.0,3.175
42.0,3.175
42.0,3.175
42.0,3.175
42.0,3.175
42.0,3.175
42.0,3.175
42.0,3.175
42.0,3.175
42.0,3.175
42.0,3.175
42.0,3.175
42.0,3.175
42.0,3.175
42.0,3.175
42.0,3.175
42.0,3.175
42.0,3.175
42.0,3.175
42.0,3.175
42.0,3.175
42.0,3.175
42.0,3.175
42.0,3.175
42.0,3.175
42.0,3.175
42.0,3.175
42.0,3.175
42.0,3.175
42.0,3.175
42.0,3.175
42.0,3.175
42.0,3.175
42.0,3.175
42.0,3.175
42.0,3.175
42.0,3.175
42.0,3.175
42.0,3.175
42.0,3.175
42.0,3.175
42.0,3.175
42.0,3.180
42.0,3.180
42.0,3.180
42.0,3.180
42.0,3.180
42.0,3.180
42.0,3.180
42.0,3.180
42.0,3.180
42.0,3.180
42.0,3.180
42.0,3.180
42.0,3.180
42.0,3.180
42.0,3.180
42.0,3.180
42.0,3.180
42.0,3.180
42.0,3.180
42.0,3.180
42.0,3.180
42.0,3.180
42.0,3.180
42.0,3.180
42.0,3.180
42.0,3.180
42.0,3.180
42.0,3.180
42.0,3.180
41.9,3.180
41.9,3.180
41.9,3.180
41.9,3.180
41.9,3.180
41.9,3.180
41.9,3.180
41.9,3.180
41.9,3.180
41.9,3.180
42.0,3.180
42.0,3.180
42.0,3.180
42.0,3.180
42.0,3.180
42.0,3.180
42.0,3.180
42.0,3.180
42.0,3.180
42.0,3.180
42.0,3.180
42.0,3.180
42.0,3.180
42.0,3.180
42.0,3.180
42.0,3.180
42.0,3.180
42.0,3.180
42.0,3.180
42.0,3.180
42.0,3.180
42.0,3.180
42.0,3.180
42.0,3.180
42.0,3.185
42.0,3.185
42.0,3.185
42.0,3.185
42.0,3.185
42.0,3.185
42.0,3.185
42.0,3.185
42.0,3.185
41.9,3.185
41.9,3.185
41.9,3.185
41.9,3.185
41.9,3.185
41.9,3.185
41.9,3.185
41.9,3.185
41.9,3.185
42.0,3.185
42.0,3.185
42.0,3.185
42.0,3.185
42.0,3.185
42.0,3.185
42.0,3.185
42.0,3.185
42.0,3.185
42.0,3.185
42.0,3.185
42.0,3.185
42.0,3.185
42.0,3.185
42.0,3.185
42.0,3.185
42.0,3.185
42.0,3.185
42.0,3.185
42.0,3.185
42.0,3.185
42.0,3.185
42.0,3.185
42.0,3.185
42.0,3.185
42.0,3.185
42.0,3.185
42.0,3.185
42.0,3.185
42.0,3.185
42.0,3.185
42.0,3.185
42.0,3.185
42.0,3.185
42.0,3.185
42.0,3.185
42.0,3.185
42.0,3.185
42.0,3.185
42.0,3.185
42.0,3.185
42.0,3.185
42.0,3.185
42.0,3.185
42.0,3.185
42.0,3.185
42.0,3.185
42.0,3.185
42.0,3.185
42.0,3.185
42.0,3.185
42.0,3.185
42.0,3.185
42.0,3.185
42.0,3.185
42.0,3.185
42.0,3.185
42.0,3.185
42.0,3.185
42.0,3.185
42.0,3.185
42.0,3.185
42.0,3.185
42.0,3.185
42.0,3.185
42.0,3.185
42.0,3.185
42.0,3.185
42.0,3.185
42.0,3.185
42.0,3.185
42.0,3.185
42.0,3.190
42.0,3.190
42.0,3.190
42.0,3.190
42.0,3.190
42.0,3.190
42.0,3.190
42.0,3.190
42.0,3.190
42.0,3.190
42.0,3.190
42.0,3.190
42.0,3.190
42.0,3.190
42.0,3.190
42.0,3.190
42.0,3.190
42.0,3.190
42.0,3.190
42.0,3.190
42.0,3.190
42.0,3.190
42.0,3.190
42.0,3.190
42.0,3.190
42.0,3.190
42.0,3.190
42.0,3.190
42.0,3.190
42.0,3.190
42.0,3.190
42.0,3.190
42.0,3.190
42.0,3.190
42.0,3.190
42.0,3.190
42.0,3.190
42.0,3.190
42.0,3.190
42.0,3.190
42.0,3.190
42.0,3.190
42.0,3.190
42.0,3.190
42.0,3.190
42.0,3.190
42.0,3.190
42.0,3.190
42.0,3.190
42.0,3.190
42.0,3.190
42.0,3.190
42.0,3.190
42.0,3.190
42.0,3.190
42.0,3.190
42.0,3.190
42.0,3.190
42.0,3.190
42.0,3.190
42.0,3.190
42.0,3.190
42.0,3.190
42.0,3.190
42.0,3.190
42.0,3.190
42.0,3.190
42.0,3.190
42.0,3.190
42.0,3.190
42.0,3.190
42.0,3.190
42.0,3.190
42.0,3.190
42.0,3.190
42.0,3.190
42.0,3.190
42.0,3.190
42.0,3.190
42.0,3.190
42.0,3.190
42.0,3.190
42.0,3.190
42.0,3.190
42.0,3.190
42.0,3.190
42.0,3.190
42.0,3.190
42.0,3.190
42.0,3.190
42.0,3.190
42.0,3.190
42.0,3.190
42.0,3.195
42.0,3.195
42.0,3.195
42.0,3.195
42.0,3.195
42.0,3.195
42.0,3.195
42.0,3.195
42.0,3.195
42.0,3.195
42.0,3.195
42.0,3.195
42.0,3.195
42.0,3.195
42.0,3.195
42.0,3.195
42.0,3.195
42.0,3.195
42.0,3.195
42.0,3.195
42.0,3.195
42.0,3.195
42.0,3.195
42.0,3.195
42.0,3.195
42.0,3.195
42.0,3.195
42.0,3.195
42.0,3.195
42.0,3.195
42.0,3.195
42.0,3.195
42.0,3.195
42.0,3.195
42.0,3.195
42.0,3.195
42.0,3.195
42.0,3.195
42.0,3.195
42.1,3.195
42.1,3.195
42.1,3.195
42.1,3.195
42.1,3.195
42.1,3.195
42.0,3.195
42.0,3.195
42.0,3.195
42.0,3.195
42.0,3.195
42.0,3.195
42.0,3.195
42.0,3.195
42.0,3.195
42.0,3.195
42.0,3.195
42.0,3.195
42.1,3.195
42.1,3.195
42.1,3.195
42.1,3.195
42.1,3.195
42.1,3.195
42.0,3.195
42.0,3.195
42.0,3.195
42.0,3.195
42.0,3.195
42.0,3.195
42.0,3.195
42.0,3.195
42.0,3.195
42.0,3.195
42.0,3.195
42.0,3.195
42.0,3.195
42.0,3.195
42.0,3.195
42.0,3.195
42.0,3.195
42.0,3.195
42.0,3.200
42.0,3.200
42.0,3.200
42.0,3.200
42.0,3.200
42.0,3.200
42.0,3.200
42.0,3.200
42.0,3.200
42.0,3.200
42.0,3.200
42.0,3.200
42.0,3.200
42.0,3.200
42.0,3.200
42.0,3.200
42.0,3.200
42.0,3.200
42.0,3.200
42.0,3.200
42.0,3.200
42.0,3.200
42.1,3.200
42.1,3.200
42.1,3.200
42.1,3.200
42.1,3.200
42.1,3.200
42.1,3.200
42.1,3.200
42.0,3.200
42.0,3.200
42.0,3.200
42.0,3.200
42.0,3.200
42.0,3.200
42.0,3.200
42.0,3.200
42.0,3.200
42.0,3.200
42.0,3.200
42.0,3.200
42.0,3.200
42.0,3.200
42.0,3.200
42.0,3.200
42.0,3.200
42.0,3.200
42.0,3.200
42.0,3.200
42.0,3.200
42.0,3.200
42.0,3.200
42.0,3.200
42.0,3.200
42.0,3.200
42.0,3.200
42.0,3.200
42.0,3.200
42.0,3.200
42.0,3.200
42.0,3.200
42.0,3.200
42.0,3.200
42.0,3.200
42.0,3.200
42.0,3.200
42.0,3.200
42.0,3.200
42.0,3.200
42.0,3.200
42.0,3.200
42.0,3.205
42.0,3.205
42.0,3.205
42.0,3.205
42.0,3.205
42.0,3.205
42.0,3.205
42.0,3.205
42.0,3.205
42.0,3.205
42.0,3.205
42.0,3.205
42.0,3.205
42.0,3.205
42.0,3.205
42.0,3.205
42.0,3.205
42.0,3.205
42.0,3.205
42.0,3.205
42.0,3.205
42.0,3.205
42.0,3.205
42.0,3.205
42.0,3.205
42.0,3.205
42.0,3.205
42.0,3.205
42.0,3.205
42.0,3.205
42.0,3.205
42.0,3.205
42.0,3.205
42.0,3.205
42.0,3.205
42.0,3.205
42.0,3.205
42.0,3.205
42.0,3.205
42.0,3.205
42.0,3.205
42.0,3.205
42.0,3.205
42.0,3.205
42.0,3.205
42.0,3.205
42.1,3.205
42.1,3.205
42.1,3.205
42.1,3.205
42.1,3.205
42.1,3.205
42.1,3.205
42.1,3.205
42.1,3.205
42.0,3.205
42.0,3.205
42.0,3.205
42.0,3.205
42.0,3.205
42.0,3.205
42.0,3.205
42.0,3.205
42.0,3.205
42.0,3.205
42.1,3.205
42.1,3.205
42.1,3.205
42.1,3.205
42.1,3.205
42.1,3.205
42.1,3.205
42.1,3.205
42.0,3.205
42.0,3.205
42.0,3.210
41.9,3.210
41.9,3.210
41.9,3.210
41.9,3.210
41.9,3.210
41.9,3.210
41.9,3.210
41.9,3.210
41.9,3.210
41.9,3.210
42.0,3.210
42.0,3.210
42.0,3.210
42.0,3.210
42.0,3.210
42.0,3.210
42.0,3.210
42.0,3.210
42.0,3.210
42.0,3.210
42.1,3.210
42.0,3.210
42.0,3.210
42.0,3.210
42.0,3.210
42.0,3.210
42.0,3.210
42.0,3.210
42.0,3.210
42.0,3.210
42.1,3.210
42.1,3.210
42.1,3.210
42.1,3.210
42.1,3.210
42.1,3.210
42.1,3.210
42.1,3.210
42.1,3.210
42.1,3.210
42.1,3.210
42.0,3.210
42.0,3.210
42.0,3.210
42.0,3.210
42.0,3.210
42.0,3.210
42.0,3.210
42.0,3.210
42.0,3.210
42.0,3.210
42.0,3.210
42.1,3.210
42.1,3.210
42.1,3.210
42.1,3.210
42.1,3.210
42.1,3.210
42.1,3.210
42.1,3.210
42.1,3.210
42.1,3.210
42.1,3.210
42.1,3.210
42.1,3.210
42.1,3.215
42.1,3.215
42.1,3.215
42.1,3.215
42.1,3.215
42.1,3.215
42.1,3.215
42.1,3.215
42.1,3.215
42.1,3.215
42.1,3.215
42.1,3.215
42.1,3.215
42.1,3.215
42.1,3.215
42.1,3.215
42.1,3.215
42.1,3.215
42.1,3.215
42.0,3.215
42.0,3.215
42.0,3.215
42.0,3.215
42.0,3.215
42.0,3.215
42.0,3.215
42.0,3.215
42.0,3.215
42.0,3.215
42.0,3.215
42.0,3.215
42.0,3.215
42.0,3.215
42.0,3.215
42.0,3.215
42.0,3.215
42.0,3.215
42.0,3.215
42.0,3.215
42.0,3.215
42.0,3.215
42.0,3.215
42.0,3.215
42.0,3.215
42.0,3.215
42.0,3.215
42.0,3.215
42.0,3.215
42.0,3.215
42.0,3.215
42.0,3.215
42.0,3.215
42.0,3.215
42.0,3.215
42.0,3.215
42.0,3.215
42.0,3.215
42.1,3.215
42.1,3.215
42.1,3.215
42.1,3.215
42.1,3.215
42.1,3.215
42.1,3.220
42.1,3.220
42.1,3.220
42.1,3.220
42.1,3.220
42.1,3.220
42.1,3.220
42.1,3.220
42.1,3.220
42.1,3.220
42.1,3.220
42.1,3.220
42.1,3.220
42.1,3.220
42.1,3.220
42.1,3.220
42.1,3.220
42.1,3.220
42.1,3.220
42.1,3.220
42.1,3.220
42.1,3.220
42.1,3.220
42.1,3.220
42.1,3.220
42.1,3.220
42.1,3.220
42.1,3.220
42.1,3.220
42.1,3.220
42.1,3.220
42.1,3.220
42.1,3.220
42.1,3.220
42.1,3.220
42.1,3.220
42.1,3.220
42.1,3.220
42.1,3.220
42.1,3.220
42.1,3.220
42.1,3.220
42.1,3.220
42.1,3.220
42.1,3.220
42.1,3.220
42.1,3.220
42.1,3.220
42.1,3.220
42.1,3.220
42.1,3.220
42.1,3.220
42.1,3.220
42.1,3.220
42.1,3.220
42.1,3.220
42.1,3.220
42.1,3.220
42.1,3.220
42.1,3.220
42.1,3.220
42.1,3.220
42.1,3.220
42.1,3.220
42.1,3.220
42.1,3.220
42.1,3.220
42.1,3.225
42.1,3.225
42.1,3.225
42.1,3.225
42.1,3.225
42.1,3.225
42.1,3.225
42.1,3.225
42.1,3.225
42.1,3.225
42.1,3.225
42.1,3.225
42.1,3.225
42.1,3.225
42.1,3.225
42.1,3.225
42.1,3.225
42.1,3.225
42.1,3.225
42.1,3.225
42.1,3.225
42.1,3.225
42.1,3.225
42.1,3.225
42.1,3.225
42.1,3.225
42.1,3.225
42.1,3.225
42.1,3.225
42.1,3.225
42.1,3.225
42.1,3.225
42.1,3.225
42.1,3.225
42.1,3.225
42.1,3.225
42.1,3.225
42.1,3.225
42.1,3.225
42.1,3.225
42.1,3.225
42.1,3.225
42.1,3.225
42.1,3.225
42.1,3.225
42.1,3.225
42.1,3.225
42.1,3.225
42.1,3.225
42.1,3.225
42.1,3.225
42.1,3.225
42.1,3.225
42.1,3.225
42.1,3.225
42.1,3.225
42.1,3.225
42.1,3.225
42.1,3.225
42.1,3.225
42.1,3.225
42.1,3.225
42.1,3.225
42.1,3.225
42.1,3.225
42.1,3.225
42.1,3.225
42.1,3.225
42.1,3.225
42.1,3.225
42.1,3.225
42.1,3.225
42.1,3.230
42.1,3.230
42.1,3.230
42.1,3.230
42.1,3.230
42.1,3.230
42.1,3.230
42.1,3.230
42.1,3.230
42.1,3.230
42.1,3.230
42.1,3.230
42.1,3.230
42.1,3.230
42.1,3.230
42.1,3.230
42.1,3.230
42.1,3.230
42.1,3.230
42.1,3.230
42.1,3.230
42.1,3.230
42.1,3.230
42.1,3.230
42.1,3.230
42.1,3.230
42.1,3.230
42.1,3.230
42.1,3.230
42.1,3.230
42.1,3.230
42.1,3.230
42.1,3.230
42.1,3.230
42.1,3.230
42.1,3.230
42.1,3.230
42.1,3.230
42.1,3.230
42.1,3.230
42.1,3.230
42.1,3.230
42.1,3.230
42.1,3.230
42.1,3.230
42.1,3.230
42.1,3.230
42.1,3.230
42.1,3.230
42.1,3.230
42.1,3.230
42.1,3.230
42.1,3.230
42.1,3.230
42.1,3.230
42.1,3.230
42.1,3.230
42.1,3.230
42.1,3.230
42.1,3.230
42.1,3.230
42.1,3.230
42.1,3.230
42.1,3.230
42.1,3.230
42.1,3.230
42.1,3.230
42.1,3.230
42.1,3.230
42.1,3.230
42.1,3.230
42.1,3.230
42.1,3.230
42.1,3.235
42.1,3.235
42.1,3.235
42.1,3.235
42.1,3.235
42.1,3.235
42.1,3.235
42.1,3.235
42.1,3.235
42.1,3.235
42.1,3.235
42.1,3.235
42.1,3.235
42.1,3.235
42.1,3.235
42.1,3.235
42.1,3.235
42.1,3.235
42.1,3.235
42.1,3.235
42.1,3.235
42.1,3.235
42.1,3.235
42.1,3.235
42.1,3.235
42.1,3.235
42.1,3.235
42.1,3.235
42.1,3.235
42.1,3.235
42.1,3.235
42.1,3.235
42.1,3.235
42.1,3.235
42.1,3.235
42.1,3.235
42.1,3.235
42.1,3.235
42.1,3.235
42.1,3.235
42.1,3.235
42.1,3.235
42.1,3.235
42.1,3.235
42.1,3.235
42.1,3.235
42.1,3.235
42.1,3.235
42.1,3.235
42.1,3.235
42.1,3.235
42.1,3.235
42.1,3.235
42.1,3.235
42.1,3.235
42.1,3.235
42.1,3.235
42.1,3.235
42.1,3.235
42.1,3.235
42.1,3.235
42.1,3.235
42.1,3.235
42.1,3.235
42.1,3.235
42.1,3.235
42.1,3.235
42.1,3.235
42.1,3.240
42.1,3.240
42.1,3.240
42.1,3.240
42.1,3.240
42.1,3.240
42.1,3.240
42.1,3.240
42.1,3.240
42.1,3.240
42.1,3.240
42.1,3.240
42.1,3.240
42.1,3.240
42.1,3.240
42.1,3.240
42.1,3.240
42.1,3.240
42.1,3.240
42.1,3.240
42.2,3.240
42.2,3.240
42.2,3.240
42.2,3.240
42.2,3.240
42.2,3.240
42.2,3.240
42.2,3.240
42.2,3.240
42.2,3.240
42.2,3.240
42.2,3.240
42.1,3.240
42.1,3.240
42.1,3.240
42.1,3.240
42.1,3.240
42.1,3.240
42.1,3.240
42.1,3.240
42.1,3.240
42.1,3.240
42.1,3.240
42.1,3.240
42.1,3.240
42.1,3.240
42.1,3.240
42.1,3.240
42.1,3.240
42.1,3.240
42.1,3.240
42.1,3.240
42.1,3.240
42.1,3.240
42.1,3.240
42.1,3.240
42.1,3.240
42.1,3.240
42.1,3.240
42.1,3.240
42.1,3.240
42.1,3.240
42.1,3.240
42.1,3.240
42.1,3.240
42.1,3.240
42.1,3.240
42.1,3.240
42.1,3.240
42.1,3.240
42.1,3.240
42.1,3.240
42.1,3.240
42.1,3.240
42.1,3.240
42.1,3.240
42.1,3.240
42.1,3.240
42.1,3.240
42.1,3.240
42.1,3.245
42.1,3.245
42.1,3.245
42.1,3.245
42.1,3.245
42.1,3.245
42.1,3.245
42.1,3.245
42.1,3.245
42.1,3.245
42.1,3.245
42.1,3.245
42.1,3.245
42.1,3.245
42.1,3.245
42.1,3.245
42.1,3.245
42.1,3.245
42.1,3.245
42.1,3.245
42.1,3.245
42.1,3.245
42.1,3.245
42.1,3.245
42.1,3.245
42.1,3.245
42.1,3.245
42.1,3.245
42.1,3.245
42.1,3.245
42.1,3.245
42.1,3.245
42.1,3.245
42.1,3.245
42.1,3.245
42.1,3.245
42.1,3.245
42.1,3.245
42.1,3.245
42.1,3.245
42.1,3.245
42.1,3.245
42.1,3.245
42.1,3.245
42.1,3.245
42.1,3.245
42.1,3.245
42.1,3.245
42.1,3.245
42.1,3.245
42.1,3.245
42.1,3.245
42.1,3.245
42.1,3.245
42.1,3.245
42.1,3.245
42.1,3.245
42.1,3.245
42.1,3.245
42.1,3.245
42.1,3.245
42.1,3.245
42.1,3.245
42.1,3.245
42.1,3.245
42.1,3.245
42.1,3.245
42.1,3.245
42.1,3.245
42.1,3.245
42.1,3.245
42.1,3.245
42.1,3.245
42.1,3.245
42.1,3.245
42.1,3.245
42.1,3.245
42.1,3.245
42.1,3.245
42.1,3.245
42.1,3.245
42.1,3.245
42.1,3.245
42.1,3.245
42.1,3.245
42.1,3.245
42.1,3.250
42.1,3.250
42.1,3.250
42.1,3.250
42.1,3.250
42.1,3.250
42.1,3.250
42.1,3.250
42.1,3.250
42.1,3.250
42.1,3.250
42.1,3.250
42.1,3.250
42.1,3.250
42.1,3.250
42.1,3.250
42.1,3.250
42.1,3.250
42.1,3.250
42.1,3.250
42.1,3.250
42.1,3.250
42.1,3.250
42.1,3.250
42.1,3.250
42.1,3.250
42.1,3.250
42.1,3.250
42.1,3.250
42.1,3.250
42.1,3.250
42.1,3.250
42.1,3.250
42.1,3.250
42.1,3.250
42.1,3.250
42.1,3.250
42.1,3.250
42.1,3.250
42.1,3.250
42.1,3.250
42.1,3.250
42.1,3.250
42.1,3.250
42.1,3.250
42.1,3.250
42.1,3.250
42.1,3.250
42.1,3.250
42.1,3.250
42.1,3.250
42.1,3.250
42.1,3.250
42.1,3.250
42.1,3.250
42.1,3.250
42.1,3.250
42.1,3.250
42.1,3.250
42.1,3.250
42.1,3.250
42.1,3.250
42.1,3.250
42.1,3.250
42.1,3.250
42.1,3.250
42.1,3.250
42.1,3.250
42.1,3.250
42.1,3.250
42.1,3.250
42.1,3.250
42.1,3.250
42.1,3.250
42.1,3.250
42.1,3.250
42.1,3.250
42.1,3.250
42.2,3.250
42.2,3.250
42.2,3.250
42.2,3.250
42.2,3.250
42.2,3.250
42.2,3.250
42.2,3.250
42.2,3.250
42.2,3.250
42.2,3.250
42.2,3.250
42.2,3.250
42.2,3.250
42.2,3.250
42.2,3.250
42.2,3.250
42.2,3.250
42.2,3.250
42.2,3.250
42.2,3.250
42.2,3.250
42.2,3.250
42.2,3.250
42.2,3.250
42.2,3.250
42.2,3.250
42.2,3.250
42.2,3.250
42.2,3.255
42.2,3.255
42.2,3.255
42.2,3.255
42.2,3.255
42.2,3.255
42.2,3.255
42.2,3.255
42.2,3.255
42.2,3.255
42.2,3.255
42.2,3.255
42.2,3.255
42.2,3.255
42.2,3.255
42.2,3.255
42.2,3.255
42.2,3.255
42.2,3.255
42.2,3.255
42.2,3.255
42.2,3.255
42.2,3.255
42.2,3.255
42.2,3.255
42.2,3.255
42.2,3.255
42.2,3.255
42.2,3.255
42.2,3.255
42.2,3.255
42.2,3.255
42.2,3.255
42.2,3.255
42.2,3.255
42.2,3.255
42.2,3.255
42.2,3.255
42.2,3.255
42.2,3.255
42.2,3.255
42.2,3.255
42.2,3.255
42.2,3.255
42.2,3.255
42.2,3.255
42.2,3.255
42.2,3.255
42.2,3.255
42.2,3.255
42.2,3.255
42.2,3.255
42.2,3.255
42.2,3.255
42.2,3.255
42.2,3.255
42.2,3.255
42.2,3.255
42.2,3.255
42.2,3.255
42.2,3.255
42.2,3.255
42.2,3.255
42.2,3.255
42.2,3.255
42.2,3.255
42.2,3.255
42.2,3.255
42.2,3.255
42.2,3.255
42.2,3.255
42.2,3.255
42.2,3.255
42.2,3.255
42.2,3.255
42.2,3.255
42.2,3.255
42.2,3.255
42.2,3.255
42.2,3.255
42.2,3.255
42.2,3.255
42.2,3.255
42.2,3.255
42.2,3.255
42.2,3.255
42.2,3.255
42.2,3.255
42.2,3.260
42.2,3.260
42.2,3.260
42.2,3.260
42.2,3.260
42.2,3.260
42.2,3.260
42.2,3.260
42.2,3.260
42.2,3.260
42.2,3.260
42.2,3.260
42.2,3.260
42.2,3.260
42.2,3.260
42.2,3.260
42.2,3.260
42.2,3.260
42.2,3.260
42.2,3.260
42.2,3.260
42.2,3.260
42.2,3.260
42.2,3.260
42.2,3.260
42.2,3.260
42.2,3.260
42.2,3.260
42.2,3.260
42.2,3.260
42.2,3.260
42.2,3.260
42.2,3.260
42.2,3.260
42.2,3.260
42.2,3.260
42.2,3.260
42.2,3.260
42.2,3.260
42.2,3.260
42.2,3.260
42.2,3.260
42.2,3.260
42.2,3.260
42.2,3.260
42.2,3.260
42.2,3.260
42.2,3.260
42.2,3.260
42.2,3.260
42.2,3.260
42.2,3.260
42.2,3.260
42.3,3.260
42.3,3.260
42.3,3.260
42.3,3.260
42.3,3.260
42.3,3.260
42.2,3.260
42.2,3.260
42.2,3.260
42.2,3.260
42.2,3.260
42.2,3.260
42.2,3.260
42.2,3.260
42.2,3.265
42.2,3.265
42.2,3.265
42.2,3.265
42.2,3.265
42.2,3.265
42.2,3.265
42.2,3.265
42.2,3.265
42.2,3.265
42.2,3.265
42.2,3.265
42.2,3.265
42.2,3.265
42.2,3.265
42.2,3.265
42.2,3.265
42.2,3.265
42.2,3.265
42.2,3.265
42.2,3.265
42.2,3.265
42.2,3.265
42.2,3.265
42.2,3.265
42.2,3.265
42.2,3.265
42.2,3.265
42.2,3.265
42.2,3.265
42.2,3.265
42.2,3.265
42.2,3.265
42.2,3.265
42.2,3.265
42.2,3.265
42.2,3.265
42.2,3.265
42.2,3.265
42.2,3.265
42.2,3.265
42.2,3.265
42.2,3.265
42.2,3.265
42.2,3.265
42.2,3.265
42.2,3.265
42.2,3.265
42.2,3.265
42.2,3.265
42.2,3.265
42.2,3.265
42.2,3.265
42.2,3.265
42.2,3.265
42.2,3.265
42.2,3.265
42.2,3.265
42.2,3.265
42.2,3.265
42.2,3.265
42.2,3.265
42.2,3.265
42.2,3.265
42.2,3.265
42.2,3.270
42.2,3.270
42.2,3.270
42.2,3.270
42.2,3.270
42.2,3.270
42.2,3.270
42.2,3.270
42.2,3.270
42.2,3.270
42.2,3.270
42.2,3.270
42.2,3.270
42.2,3.270
42.2,3.270
42.2,3.270
42.2,3.270
42.2,3.270
42.2,3.270
42.2,3.270
42.2,3.270
42.2,3.270
42.2,3.270
42.2,3.270
42.2,3.270
42.2,3.270
42.2,3.270
42.2,3.270
42.2,3.270
42.2,3.270
42.2,3.270
42.2,3.270
42.2,3.270
42.2,3.270
42.2,3.270
42.2,3.270
42.3,3.270
42.3,3.270
42.3,3.270
42.3,3.270
42.3,3.270
42.3,3.270
42.3,3.270
42.4,3.270
42.4,3.270
42.4,3.270
42.4,3.270
42.4,3.270
42.4,3.270
42.4,3.270
42.4,3.270
42.3,3.270
42.3,3.270
42.3,3.270
42.3,3.270
42.3,3.270
42.3,3.270
42.3,3.275
42.3,3.275
42.3,3.275
42.3,3.275
42.3,3.275
42.3,3.275
42.3,3.275
42.3,3.275
42.3,3.275
42.3,3.275
42.3,3.275
42.3,3.275
42.3,3.275
42.3,3.275
42.3,3.275
42.3,3.275
42.3,3.275
42.3,3.275
42.3,3.275
42.3,3.275
42.3,3.275
42.3,3.275
42.3,3.275
42.3,3.275
42.3,3.275
42.3,3.275
42.3,3.275
42.3,3.275
42.3,3.275
42.3,3.275
42.3,3.275
42.3,3.275
42.3,3.275
42.3,3.275
42.3,3.275
42.3,3.275
42.3,3.275
42.3,3.275
42.3,3.275
42.3,3.275
42.3,3.275
42.3,3.275
42.3,3.275
42.3,3.275
42.3,3.275
42.2,3.275
42.2,3.275
42.2,3.275
42.2,3.280
42.2,3.280
42.2,3.280
42.2,3.280
42.2,3.280
42.2,3.280
42.2,3.280
42.2,3.280
42.3,3.280
42.3,3.280
42.3,3.280
42.3,3.280
42.3,3.280
42.3,3.280
42.3,3.280
42.3,3.280
42.3,3.280
42.3,3.280
42.3,3.280
42.3,3.280
42.3,3.280
42.3,3.280
42.3,3.280
42.3,3.280
42.3,3.280
42.3,3.280
42.3,3.280
42.3,3.280
42.3,3.280
42.3,3.280
42.3,3.280
42.3,3.280
42.3,3.280
42.3,3.280
42.3,3.280
42.3,3.280
42.3,3.280
42.3,3.280
42.3,3.280
42.3,3.285
42.3,3.285
42.3,3.285
42.3,3.285
42.3,3.285
42.3,3.285
42.3,3.285
42.3,3.285
42.3,3.285
42.3,3.285
42.3,3.285
42.3,3.285
42.3,3.285
42.3,3.285
42.3,3.285
42.3,3.285
42.3,3.285
42.3,3.285
42.3,3.285
42.3,3.285
42.3,3.285
42.3,3.285
42.3,3.285
42.3,3.285
42.3,3.285
42.3,3.285
42.3,3.285
42.3,3.285
42.3,3.285
42.3,3.285
42.3,3.285
42.3,3.285
42.3,3.285
42.3,3.285
42.3,3.285
42.3,3.285
42.3,3.285
42.3,3.285
42.3,3.285
42.3,3.290
42.3,3.290
42.3,3.290
42.3,3.290
42.3,3.290
42.3,3.290
42.3,3.290
42.3,3.290
42.3,3.290
42.3,3.290
42.3,3.290
42.3,3.290
42.3,3.290
42.3,3.290
42.3,3.290
42.3,3.290
42.3,3.290
42.3,3.290
42.3,3.290
42.3,3.290
42.3,3.290
42.3,3.290
42.3,3.290
42.3,3.290
42.3,3.290
42.3,3.290
42.3,3.290
42.3,3.290
42.3,3.290
42.3,3.290
42.3,3.290
42.3,3.290
42.3,3.290
42.3,3.290
42.3,3.290
42.3,3.290
42.3,3.290
42.3,3.295
42.3,3.295
42.3,3.295
42.3,3.295
42.3,3.295
42.3,3.295
42.3,3.295
42.3,3.295
42.3,3.295
42.3,3.295
42.3,3.295
42.3,3.295
42.3,3.295
42.3,3.295
42.3,3.295
42.3,3.295
42.3,3.295
42.3,3.295
42.3,3.295
42.3,3.295
42.3,3.295
42.3,3.295
42.3,3.295
42.3,3.295
42.3,3.295
42.4,3.295
42.4,3.295
42.4,3.295
42.4,3.295
42.3,3.295
42.3,3.295
42.3,3.295
42.3,3.300
42.3,3.300
42.3,3.300
42.3,3.300
42.3,3.300
42.3,3.300
42.3,3.300
42.3,3.300
42.3,3.300
42.3,3.300
42.3,3.300
42.3,3.300
42.3,3.300
42.3,3.300
42.3,3.300
42.3,3.300
42.3,3.300
42.4,3.300
42.4,3.300
42.4,3.300
42.4,3.300
42.4,3.300
42.4,3.300
42.4,3.300
42.4,3.300
42.4,3.300
42.4,3.300
42.4,3.300
42.4,3.300
42.4,3.300
42.4,3.300
42.4,3.300
42.4,3.305
42.4,3.305
42.4,3.305
42.4,3.305
42.4,3.305
42.4,3.305
42.4,3.305
42.4,3.305
42.4,3.305
42.4,3.305
42.4,3.305
42.4,3.305
42.4,3.305
42.4,3.305
42.4,3.305
42.4,3.305
42.4,3.305
42.4,3.305
42.4,3.305
42.4,3.305
42.4,3.305
42.4,3.305
42.4,3.305
42.4,3.305
42.4,3.305
42.4,3.305
42.4,3.305
42.4,3.305
42.4,3.305
42.4,3.305
42.4,3.305
42.4,3.310
42.4,3.310
42.4,3.310
42.4,3.310
42.4,3.310
42.4,3.310
42.4,3.310
42.4,3.310
42.4,3.310
42.4,3.310
42.4,3.310
42.4,3.310
42.4,3.310
42.4,3.310
42.4,3.310
42.4,3.310
42.4,3.310
42.4,3.310
42.4,3.310
42.4,3.310
42.4,3.310
42.4,3.310
42.4,3.310
42.4,3.310
42.4,3.310
42.4,3.310
42.4,3.310
42.4,3.310
42.4,3.310
42.4,3.310
42.4,3.310
42.4,3.310
42.4,3.310
42.4,3.315
42.4,3.315
42.4,3.315
42.4,3.315
42.4,3.315
42.4,3.315
42.4,3.315
42.4,3.315
42.4,3.315
42.4,3.315
42.4,3.315
42.4,3.315
42.4,3.315
42.4,3.315
42.4,3.315
42.4,3.315
42.4,3.315
42.4,3.315
42.4,3.315
42.4,3.315
42.4,3.315
42.4,3.315
42.4,3.315
42.4,3.315
42.4,3.315
42.4,3.315
42.4,3.315
42.4,3.315
42.4,3.315
42.4,3.315
42.4,3.315
42.4,3.320
42.4,3.320
42.4,3.320
42.4,3.320
42.4,3.320
42.4,3.320
42.4,3.320
42.4,3.320
42.4,3.320
42.4,3.320
42.4,3.320
42.4,3.320
42.4,3.320
42.4,3.320
42.4,3.320
42.4,3.320
42.4,3.320
42.4,3.320
42.4,3.320
42.4,3.320
42.4,3.320
42.4,3.320
42.4,3.320
42.4,3.320
42.4,3.320
42.5,3.320
42.5,3.320
42.5,3.320
42.5,3.320
42.5,3.320
42.5,3.320
42.5,3.320
42.5,3.320
42.5,3.320
42.5,3.325
42.4,3.325
42.4,3.325
42.4,3.325
42.4,3.325
42.4,3.325
42.4,3.325
42.4,3.325
42.4,3.325
42.4,3.325
42.4,3.325
42.4,3.325
42.4,3.325
42.4,3.325
42.4,3.325
42.4,3.325
42.4,3.325
42.4,3.325
42.4,3.325
42.4,3.325
42.4,3.325
42.4,3.325
42.4,3.325
42.4,3.325
42.4,3.325
42.4,3.325
42.4,3.325
42.4,3.325
42.4,3.325
42.4,3.325
42.4,3.325
42.4,3.325
42.4,3.325
42.4,3.325
42.4,3.325
42.4,3.330
42.4,3.330
42.4,3.330
42.4,3.330
42.4,3.330
42.4,3.330
42.4,3.330
42.4,3.330
42.4,3.330
42.4,3.330
42.4,3.330
42.4,3.330
42.4,3.330
42.4,3.330
42.4,3.330
42.4,3.330
42.4,3.330
42.4,3.330
42.4,3.330
42.4,3.330
42.4,3.330
42.4,3.330
42.4,3.330
42.4,3.330
42.4,3.330
42.4,3.330
42.4,3.330
42.4,3.330
42.4,3.330
42.4,3.330
42.4,3.330
42.4,3.330
42.4,3.330
42.5,3.330
42.5,3.330
42.5,3.330
42.5,3.335
42.5,3.335
42.5,3.335
42.5,3.335
42.5,3.335
42.5,3.335
42.5,3.335
42.5,3.335
42.5,3.335
42.5,3.335
42.5,3.335
42.5,3.335
42.5,3.335
42.5,3.335
42.5,3.335
42.5,3.335
42.5,3.335
42.5,3.335
42.5,3.335
42.5,3.335
42.5,3.335
42.5,3.335
42.5,3.335
42.5,3.335
42.5,3.335
42.5,3.335
42.5,3.335
42.5,3.335
42.5,3.335
42.5,3.335
42.5,3.335
42.5,3.335
42.5,3.335
42.5,3.340
42.5,3.340
42.5,3.340
42.5,3.340
42.5,3.340
42.5,3.340
42.5,3.340
42.5,3.340
42.5,3.340
42.5,3.340
42.5,3.340
42.5,3.340
42.5,3.340
42.5,3.340
42.5,3.340
42.5,3.340
42.5,3.340
42.5,3.340
42.5,3.340
42.5,3.340
42.5,3.340
42.5,3.340
42.5,3.340
42.5,3.340
42.5,3.340
42.5,3.340
42.5,3.340
42.5,3.340
42.5,3.340
42.5,3.340
42.5,3.340
42.5,3.345
42.5,3.345
42.5,3.345
42.5,3.345
42.5,3.345
42.5,3.345
42.5,3.345
42.5,3.345
42.5,3.345
42.5,3.345
42.5,3.345
42.5,3.345
42.5,3.345
42.5,3.345
42.5,3.345
42.5,3.345
42.5,3.345
42.5,3.345
42.5,3.345
42.5,3.345
42.5,3.345
42.5,3.345
42.5,3.345
42.5,3.345
42.5,3.345
42.5,3.345
42.5,3.345
42.5,3.345
42.5,3.345
42.5,3.345
42.5,3.345
42.5,3.345
42.5,3.345
42.5,3.350
42.5,3.350
42.5,3.350
42.5,3.350
42.5,3.350
42.5,3.350
42.5,3.350
42.5,3.350
42.5,3.350
42.5,3.350
42.5,3.350
42.5,3.350
42.5,3.350
42.5,3.350
42.5,3.350
42.5,3.350
42.5,3.350
42.5,3.350
42.5,3.350
42.5,3.350
42.5,3.350
42.5,3.350
42.5,3.350
42.5,3.350
42.5,3.350
42.5,3.350
42.5,3.350
42.5,3.350
42.5,3.350
42.5,3.350
42.5,3.350
42.5,3.350
42.5,3.350
42.5,3.350
42.5,3.355
42.5,3.355
42.5,3.355
42.5,3.355
42.5,3.355
42.5,3.355
42.5,3.355
42.5,3.355
42.5,3.355
42.5,3.355
42.5,3.355
42.5,3.355
42.5,3.355
42.5,3.355
42.5,3.355
42.5,3.355
42.5,3.355
42.5,3.355
42.5,3.355
42.5,3.355
42.5,3.355
42.5,3.355
42.5,3.355
42.5,3.355
42.5,3.355
42.5,3.355
42.5,3.355
42.5,3.355
42.5,3.355
42.5,3.355
42.5,3.355
42.5,3.355
42.5,3.355
42.5,3.355
42.5,3.360
42.5,3.360
42.5,3.360
42.5,3.360
42.5,3.360
42.5,3.360
42.5,3.360
42.5,3.360
42.5,3.360
42.5,3.360
42.6,3.360
42.6,3.360
42.6,3.360
42.6,3.360
42.6,3.360
42.6,3.360
42.6,3.360
42.6,3.360
42.6,3.360
42.6,3.360
42.6,3.360
42.6,3.360
42.6,3.360
42.6,3.360
42.5,3.360
42.5,3.360
42.5,3.360
42.5,3.360
42.5,3.360
42.5,3.360
42.5,3.360
42.5,3.360
42.5,3.360
42.5,3.365
42.5,3.365
42.5,3.365
42.5,3.365
42.5,3.365
42.5,3.365
42.5,3.365
42.5,3.365
42.5,3.365
42.5,3.365
42.5,3.365
42.5,3.365
42.5,3.365
42.5,3.365
42.5,3.365
42.5,3.365
42.5,3.365
42.5,3.365
42.5,3.365
42.5,3.365
42.5,3.365
42.5,3.365
42.5,3.365
42.5,3.365
42.5,3.365
42.5,3.365
42.5,3.365
42.5,3.365
42.5,3.365
42.5,3.365
42.5,3.365
42.5,3.365
42.5,3.365
42.5,3.365
42.5,3.365
42.5,3.365
42.5,3.365
42.5,3.370
42.5,3.370
42.6,3.370
42.6,3.370
42.6,3.370
42.6,3.370
42.6,3.370
42.6,3.370
42.6,3.370
42.6,3.370
42.6,3.370
42.6,3.370
42.6,3.370
42.6,3.370
42.6,3.370
42.6,3.370
42.6,3.370
42.6,3.370
42.6,3.370
42.6,3.370
42.6,3.370
42.6,3.370
42.6,3.370
42.6,3.370
42.6,3.370
42.6,3.370
42.6,3.370
42.6,3.370
42.6,3.370
42.6,3.370
42.6,3.370
42.6,3.370
42.6,3.370
42.6,3.370
42.6,3.370
42.6,3.375
42.6,3.375
42.6,3.375
42.6,3.375
42.6,3.375
42.6,3.375
42.6,3.375
42.6,3.375
42.6,3.375
42.6,3.375
42.6,3.375
42.6,3.375
42.6,3.375
42.6,3.375
42.6,3.375
42.6,3.375
42.6,3.375
42.6,3.375
42.6,3.375
42.6,3.375
42.6,3.375
42.6,3.375
42.6,3.375
42.6,3.375
42.6,3.375
42.6,3.375
42.6,3.375
42.6,3.375
42.6,3.375
42.6,3.375
42.6,3.375
42.6,3.380
42.6,3.380
42.6,3.380
42.6,3.380
42.6,3.380
42.6,3.380
42.6,3.380
42.6,3.380
42.6,3.380
42.6,3.380
42.6,3.380
42.6,3.380
42.6,3.380
42.6,3.380
42.6,3.380
42.6,3.380
42.6,3.380
42.7,3.380
42.7,3.380
42.7,3.380
42.7,3.380
42.7,3.380
42.7,3.380
42.7,3.380
42.7,3.380
42.7,3.380
42.7,3.380
42.7,3.380
42.7,3.380
42.7,3.380
42.7,3.380
42.7,3.380
42.7,3.385
42.7,3.385
42.7,3.385
42.7,3.385
42.7,3.385
42.7,3.385
42.7,3.385
42.7,3.385
42.7,3.385
42.7,3.385
42.6,3.385
42.6,3.385
42.6,3.385
42.6,3.385
42.6,3.385
42.6,3.385
42.6,3.385
42.6,3.385
42.6,3.385
42.6,3.385
42.6,3.385
42.6,3.385
42.6,3.385
42.7,3.385
42.7,3.385
42.7,3.385
42.7,3.385
42.7,3.385
42.7,3.385
42.7,3.385
42.7,3.385
42.7,3.385
42.7,3.385
42.7,3.390
42.7,3.390
42.7,3.390
42.7,3.390
42.7,3.390
42.7,3.390
42.7,3.390
42.7,3.390
42.7,3.390
42.7,3.390
42.7,3.390
42.7,3.390
42.7,3.390
42.7,3.390
42.7,3.390
42.7,3.390
42.7,3.390
42.7,3.390
42.7,3.390
42.7,3.390
42.7,3.390
42.7,3.390
42.6,3.390
42.6,3.390
42.6,3.390
42.6,3.390
42.6,3.390
42.6,3.390
42.6,3.390
42.6,3.390
42.6,3.390
42.6,3.390
42.6,3.395
42.7,3.395
42.7,3.395
42.7,3.395
42.7,3.395
42.7,3.395
42.7,3.395
42.7,3.395
42.7,3.395
42.7,3.395
42.7,3.395
42.7,3.395
42.7,3.395
42.7,3.395
42.7,3.395
42.7,3.395
42.7,3.395
42.7,3.395
42.7,3.395
42.7,3.395
42.7,3.395
42.7,3.395
42.7,3.395
42.7,3.395
42.7,3.395
42.7,3.395
42.7,3.395
42.7,3.395
42.7,3.395
42.7,3.395
42.7,3.400
42.7,3.400
42.7,3.400
42.7,3.400
42.7,3.400
42.7,3.400
42.7,3.400
42.7,3.400
42.7,3.400
42.7,3.400
42.7,3.400
42.7,3.400
42.7,3.400
42.7,3.400
42.7,3.400
42.7,3.400
42.7,3.400
42.7,3.400
42.7,3.400
42.7,3.400
42.7,3.400
42.7,3.400
42.7,3.400
42.7,3.400
42.7,3.400
42.7,3.400
42.7,3.400
42.7,3.400
42.7,3.400
42.7,3.400
42.7,3.400
42.7,3.400
42.7,3.405
42.7,3.405
42.7,3.405
42.7,3.405
42.7,3.405
42.7,3.405
42.7,3.405
42.7,3.405
42.7,3.405
42.7,3.405
42.7,3.405
42.7,3.405
42.7,3.405
42.7,3.405
42.7,3.405
42.7,3.405
42.7,3.405
42.6,3.405
42.6,3.405
42.6,3.405
42.6,3.405
42.6,3.405
42.6,3.405
42.7,3.405
42.7,3.405
42.7,3.405
42.7,3.405
42.7,3.405
42.7,3.405
42.7,3.405
42.7,3.405
42.7,3.405
42.7,3.410
42.7,3.410
42.7,3.410
42.7,3.410
42.7,3.410
42.7,3.410
42.7,3.410
42.7,3.410
42.7,3.410
42.7,3.410
42.7,3.410
42.7,3.410
42.7,3.410
42.7,3.410
42.7,3.410
42.7,3.410
42.7,3.410
42.7,3.410
42.7,3.410
42.7,3.410
42.7,3.410
42.7,3.410
42.7,3.410
42.7,3.410
42.7,3.410
42.7,3.410
42.7,3.410
42.7,3.410
42.7,3.410
42.7,3.410
42.7,3.410
42.7,3.410
42.7,3.415
42.7,3.415
42.7,3.415
42.7,3.415
42.7,3.415
42.7,3.415
42.7,3.415
42.7,3.415
42.7,3.415
42.7,3.415
42.7,3.415
42.6,3.415
42.6,3.415
42.6,3.415
42.6,3.415
42.6,3.415
42.7,3.415
42.7,3.415
42.7,3.415
42.7,3.415
42.7,3.415
42.7,3.415
42.7,3.415
42.7,3.415
42.7,3.415
42.7,3.415
42.7,3.415
42.7,3.415
42.7,3.415
42.7,3.415
42.7,3.415
42.7,3.420
42.7,3.420
42.7,3.420
42.7,3.420
42.7,3.420
42.7,3.420
42.7,3.420
42.7,3.420
42.7,3.420
42.7,3.420
42.7,3.420
42.7,3.420
42.7,3.420
42.7,3.420
42.7,3.420
42.7,3.420
42.7,3.420
42.7,3.420
42.7,3.420
42.7,3.420
42.7,3.420
42.7,3.420
42.7,3.420
42.7,3.420
42.7,3.420
42.7,3.420
42.7,3.420
42.7,3.420
42.7,3.420
42.7,3.420
42.7,3.425
42.8,3.425
42.8,3.425
42.8,3.425
42.8,3.425
42.8,3.425
42.8,3.425
42.8,3.425
42.8,3.425
42.8,3.425
42.8,3.425
42.7,3.425
42.7,3.425
42.7,3.425
42.7,3.425
42.7,3.425
42.7,3.425
42.7,3.425
42.7,3.425
42.7,3.425
42.8,3.425
42.8,3.425
42.8,3.425
42.8,3.425
42.8,3.425
42.8,3.425
42.8,3.425
42.8,3.425
42.8,3.425
42.8,3.425
42.8,3.425
42.8,3.425
42.8,3.425
42.8,3.425
42.8,3.430
42.8,3.430
42.8,3.430
42.8,3.430
42.8,3.430
42.8,3.430
42.8,3.430
42.8,3.430
42.8,3.430
42.8,3.430
42.8,3.430
42.8,3.430
42.8,3.430
42.8,3.430
42.8,3.430
42.7,3.430
42.7,3.430
42.7,3.430
42.7,3.430
42.7,3.430
42.7,3.430
42.7,3.430
42.7,3.430
42.7,3.430
42.7,3.430
42.8,3.430
42.8,3.430
42.8,3.430
42.8,3.430
42.8,3.430
42.8,3.430
42.8,3.430
42.8,3.430
42.8,3.430
42.8,3.430
42.8,3.435
42.8,3.435
42.8,3.435
42.8,3.435
42.8,3.435
42.7,3.435
42.7,3.435
42.7,3.435
42.7,3.435
42.7,3.435
42.7,3.435
42.7,3.435
42.7,3.435
42.7,3.435
42.7,3.435
42.7,3.435
42.7,3.435
42.8,3.435
42.8,3.435
42.8,3.435
42.8,3.435
42.8,3.435
42.8,3.435
42.8,3.435
42.8,3.435
42.8,3.435
42.8,3.435
42.8,3.435
42.8,3.435
42.8,3.435
42.8,3.435
42.8,3.435
42.8,3.435
42.8,3.435
42.8,3.435
42.8,3.435
42.8,3.440
42.8,3.440
42.8,3.440
42.8,3.440
42.8,3.440
42.8,3.440
42.8,3.440
42.8,3.440
42.8,3.440
42.8,3.440
42.8,3.440
42.8,3.440
42.8,3.440
42.8,3.440
42.8,3.440
42.8,3.440
42.8,3.440
42.8,3.440
42.8,3.440
42.8,3.440
42.8,3.440
42.8,3.440
42.8,3.440
42.8,3.440
42.8,3.440
42.8,3.440
42.8,3.440
42.8,3.440
42.8,3.440
42.8,3.440
42.8,3.440
42.8,3.440
42.8,3.440
42.8,3.440
42.8,3.440
42.8,3.440
42.8,3.440
42.8,3.445
42.8,3.445
42.8,3.445
42.8,3.445
42.8,3.445
42.8,3.445
42.8,3.445
42.8,3.445
42.8,3.445
42.8,3.445
42.8,3.445
42.8,3.445
42.8,3.445
42.8,3.445
42.8,3.445
42.8,3.445
42.8,3.445
42.8,3.445
42.8,3.445
42.8,3.445
42.8,3.445
42.8,3.445
42.8,3.445
42.8,3.445
42.8,3.445
42.8,3.445
42.8,3.445
42.8,3.445
42.8,3.445
42.8,3.445
42.8,3.445
42.8,3.445
42.8,3.445
42.8,3.445
42.8,3.445
42.8,3.445
42.8,3.445
42.8,3.445
42.8,3.445
42.8,3.445
42.8,3.445
42.8,3.445
42.8,3.445
42.8,3.445
42.8,3.445
42.8,3.445
42.8,3.445
42.8,3.445
42.8,3.445
42.8,3.445
42.8,3.445
42.8,3.445
42.8,3.445
42.8,3.445
42.8,3.445
42.8,3.450
42.8,3.450
42.8,3.450
42.8,3.450
42.8,3.450
42.8,3.450
42.8,3.450
42.8,3.450
42.8,3.450
42.8,3.450
42.8,3.450
42.8,3.450
42.8,3.450
42.8,3.450
42.8,3.450
42.8,3.450
42.8,3.450
42.8,3.450
42.8,3.450
42.8,3.450
42.8,3.450
42.8,3.450
42.8,3.450
42.8,3.450
42.8,3.450
42.8,3.450
42.8,3.450
42.8,3.450
42.8,3.450
42.8,3.450
42.8,3.450
42.8,3.450
42.8,3.450
42.8,3.450
42.8,3.450
42.8,3.450
42.8,3.450
42.8,3.450
42.8,3.450
42.8,3.450
42.8,3.450
42.8,3.450
42.8,3.450
42.8,3.450
42.8,3.450
42.8,3.450
42.8,3.450
42.8,3.450
42.8,3.450
42.8,3.450
42.8,3.450
42.8,3.450
42.8,3.450
42.8,3.450
42.8,3.450
42.8,3.450
42.8,3.450
42.8,3.450
42.8,3.450
42.8,3.450
42.8,3.450
42.8,3.450
42.8,3.450
42.8,3.450
42.8,3.450
42.8,3.450
42.8,3.450
42.8,3.450
42.8,3.450
42.8,3.450
42.8,3.450
42.8,3.450
42.8,3.450
42.8,3.450
42.8,3.450
42.8,3.450
42.8,3.450
42.8,3.450
42.8,3.450
42.8,3.450
42.8,3.455
42.8,3.455
42.8,3.455
42.8,3.455
42.8,3.455
42.8,3.455
42.8,3.455
42.8,3.455
42.8,3.455
42.8,3.455
42.8,3.455
42.8,3.455
42.8,3.455
42.8,3.455
42.8,3.455
42.8,3.455
42.8,3.455
42.8,3.455
42.8,3.455
42.8,3.455
42.8,3.455
42.8,3.455
42.8,3.455
42.8,3.455
42.8,3.455
42.8,3.455
42.8,3.455
42.8,3.455
42.8,3.455
42.8,3.455
42.8,3.455
42.8,3.455
42.8,3.455
42.8,3.455
42.8,3.455
42.8,3.455
42.8,3.455
42.8,3.455
42.8,3.455
42.8,3.455
42.8,3.455
42.8,3.455
42.8,3.455
42.8,3.455
42.8,3.455
42.8,3.455
42.8,3.455
42.8,3.455
42.8,3.455
42.8,3.455
42.8,3.455
42.8,3.455
42.8,3.455
42.8,3.455
42.8,3.455
42.8,3.455
42.8,3.455
42.8,3.455
42.8,3.455
42.8,3.455
42.8,3.455
42.8,3.455
42.8,3.455
42.8,3.455
42.8,3.455
42.8,3.455
42.8,3.455
42.8,3.455
42.8,3.455
42.8,3.455
42.8,3.455
42.8,3.455
42.8,3.455
42.8,3.455
42.8,3.455
42.8,3.455
42.8,3.455
42.8,3.460
42.8,3.460
42.8,3.460
42.8,3.460
42.8,3.460
42.8,3.460
42.8,3.460
42.8,3.460
42.8,3.460
42.8,3.460
42.8,3.460
42.8,3.460
42.8,3.460
42.8,3.460
42.8,3.460
42.8,3.460
42.8,3.460
42.8,3.460
42.8,3.460
42.8,3.460
42.8,3.460
42.8,3.460
42.8,3.460
42.8,3.460
42.8,3.460
42.8,3.460
42.8,3.460
42.8,3.460
42.8,3.460
42.8,3.460
42.8,3.460
42.8,3.460
42.8,3.460
42.8,3.460
42.8,3.460
42.8,3.460
42.8,3.460
42.8,3.460
42.8,3.460
42.8,3.460
42.8,3.460
42.8,3.460
42.8,3.460
42.8,3.460
42.8,3.460
42.8,3.460
42.8,3.460
42.8,3.460
42.8,3.460
42.8,3.460
42.8,3.460
42.8,3.460
42.8,3.460
42.8,3.460
42.8,3.460
42.8,3.460
42.8,3.460
42.8,3.460
42.8,3.460
42.8,3.460
42.8,3.460
42.8,3.460
42.8,3.460
42.9,3.460
42.9,3.460
42.9,3.465
42.9,3.465
42.9,3.465
42.9,3.465
42.9,3.465
42.9,3.465
42.9,3.465
42.8,3.465
42.8,3.465
42.8,3.465
42.8,3.465
42.8,3.465
42.8,3.465
42.8,3.465
42.8,3.465
42.8,3.465
42.8,3.465
42.8,3.465
42.8,3.465
42.8,3.465
42.8,3.465
42.8,3.465
42.8,3.465
42.8,3.465
42.8,3.465
42.8,3.465
42.8,3.465
42.8,3.465
42.8,3.465
42.8,3.465
42.8,3.465
42.8,3.465
42.8,3.465
42.8,3.465
42.8,3.465
42.8,3.465
42.8,3.465
42.8,3.465
42.8,3.465
42.8,3.465
42.8,3.465
42.8,3.465
42.8,3.465
42.8,3.465
42.9,3.465
42.9,3.465
42.9,3.465
42.9,3.465
42.9,3.465
42.9,3.465
42.9,3.465
42.9,3.465
42.9,3.465
42.9,3.465
42.9,3.465
42.9,3.465
42.9,3.470
42.9,3.470
42.9,3.470
42.9,3.470
42.9,3.470
42.9,3.470
42.9,3.470
42.9,3.470
42.9,3.470
42.9,3.470
42.9,3.470
42.9,3.470
42.9,3.470
42.9,3.470
42.9,3.470
42.9,3.470
42.9,3.470
42.9,3.470
42.9,3.470
42.9,3.470
42.9,3.470
42.9,3.470
42.9,3.470
42.9,3.470
42.9,3.470
42.9,3.470
42.9,3.470
42.9,3.470
42.9,3.470
42.9,3.470
42.9,3.470
42.9,3.470
42.9,3.470
42.9,3.470
42.9,3.470
42.9,3.470
42.9,3.470
42.9,3.470
42.9,3.470
42.9,3.470
42.9,3.470
42.9,3.470
42.9,3.470
42.9,3.470
42.9,3.470
42.8,3.470
42.8,3.470
42.8,3.470
42.8,3.470
42.8,3.470
42.8,3.470
42.9,3.470
42.9,3.475
42.9,3.475
42.9,3.475
42.9,3.475
42.9,3.475
42.9,3.475
42.9,3.475
42.9,3.475
42.9,3.475
42.9,3.475
42.9,3.475
42.9,3.475
42.9,3.475
42.9,3.475
42.9,3.475
42.9,3.475
42.9,3.475
42.9,3.475
42.9,3.475
42.9,3.475
42.9,3.475
42.9,3.475
42.9,3.475
42.9,3.475
42.9,3.475
42.9,3.475
42.9,3.475
42.9,3.475
42.9,3.475
42.9,3.475
42.9,3.475
42.9,3.475
42.9,3.475
42.9,3.475
42.9,3.475
42.9,3.475
42.9,3.475
42.9,3.475
42.9,3.475
42.9,3.475
42.9,3.475
42.9,3.475
42.9,3.475
42.9,3.475
42.9,3.475
42.9,3.475
42.9,3.480
42.9,3.480
42.9,3.480
42.9,3.480
42.9,3.480
42.9,3.480
42.9,3.480
42.9,3.480
42.9,3.480
42.9,3.480
42.9,3.480
42.9,3.480
42.9,3.480
42.9,3.480
42.8,3.480
42.8,3.480
42.8,3.480
42.8,3.480
42.8,3.480
42.8,3.480
42.8,3.480
42.8,3.480
42.8,3.480
42.9,3.480
42.9,3.480
42.9,3.480
42.9,3.480
42.9,3.480
42.9,3.480
42.9,3.480
42.9,3.480
42.9,3.480
42.9,3.480
42.9,3.480
42.9,3.480
42.9,3.480
42.9,3.480
42.9,3.480
42.9,3.480
42.9,3.480
42.9,3.480
42.9,3.480
42.9,3.480
42.9,3.480
42.9,3.480
42.9,3.480
42.9,3.485
42.9,3.485
42.9,3.485
42.9,3.485
42.9,3.485
42.9,3.485
42.9,3.485
42.9,3.485
42.9,3.485
42.9,3.485
42.9,3.485
42.9,3.485
42.9,3.485
42.9,3.485
42.9,3.485
42.9,3.485
42.9,3.485
42.9,3.485
42.9,3.485
42.9,3.485
42.9,3.485
42.9,3.485
42.9,3.485
42.9,3.485
42.9,3.485
42.9,3.485
42.9,3.485
42.9,3.485
42.9,3.485
42.9,3.485
42.9,3.485
42.9,3.485
42.9,3.485
42.9,3.485
42.9,3.485
42.9,3.485
42.9,3.485
42.9,3.485
42.9,3.485
42.9,3.485
42.9,3.485
42.9,3.485
42.9,3.485
42.9,3.490
42.9,3.490
42.9,3.490
42.9,3.490
42.9,3.490
42.9,3.490
42.9,3.490
42.9,3.490
42.9,3.490
42.9,3.490
42.9,3.490
42.9,3.490
42.9,3.490
42.9,3.490
42.9,3.490
42.9,3.490
42.9,3.490
42.9,3.490
42.9,3.490
42.9,3.490
42.9,3.490
43.0,3.490
43.0,3.490
43.0,3.490
43.0,3.490
43.0,3.490
43.0,3.490
42.9,3.490
42.9,3.490
42.9,3.490
42.9,3.490
42.9,3.490
42.9,3.490
42.9,3.490
42.9,3.490
42.9,3.490
42.9,3.490
42.9,3.490
42.9,3.490
42.9,3.490
42.9,3.490
42.9,3.490
42.9,3.490
42.9,3.490
42.9,3.495
42.9,3.495
42.9,3.495
42.9,3.495
42.9,3.495
42.9,3.495
42.9,3.495
42.9,3.495
42.9,3.495
42.9,3.495
42.9,3.495
42.9,3.495
42.9,3.495
42.9,3.495
42.9,3.495
42.9,3.495
42.9,3.495
42.9,3.495
42.9,3.495
42.9,3.495
42.9,3.495
42.9,3.495
42.9,3.495
42.9,3.495
42.9,3.495
42.9,3.495
42.9,3.495
42.9,3.495
42.9,3.495
42.9,3.495
42.9,3.495
42.9,3.495
42.9,3.495
42.9,3.495
42.9,3.495
42.9,3.495
42.9,3.495
42.9,3.495
42.9,3.495
42.9,3.495
42.9,3.495
42.9,3.495
42.9,3.495
42.9,3.500
43.0,3.500
43.0,3.500
43.0,3.500
43.0,3.500
43.0,3.500
42.9,3.500
42.9,3.500
42.9,3.500
42.9,3.500
42.9,3.500
42.9,3.500
42.9,3.500
42.9,3.500
42.9,3.500
42.9,3.500
42.9,3.500
42.9,3.500
42.9,3.500
42.9,3.500
42.9,3.500
42.9,3.500
42.9,3.500
42.9,3.500
42.9,3.500
42.9,3.500
43.0,3.500
43.0,3.500
43.0,3.500
43.0,3.500
43.0,3.500
43.0,3.500
43.0,3.500
43.0,3.500
43.0,3.500
43.0,3.500
43.0,3.500
43.0,3.500
43.0,3.500
43.0,3.500
43.0,3.500
43.0,3.500
43.0,3.500
43.0,3.500
43.0,3.505
43.0,3.505
43.0,3.505
43.0,3.505
43.0,3.505
43.0,3.505
43.0,3.505
43.0,3.505
43.0,3.505
43.0,3.505
43.0,3.505
42.9,3.505
42.9,3.505
42.9,3.505
42.9,3.505
42.9,3.505
42.9,3.505
42.9,3.505
42.9,3.505
42.9,3.505
42.9,3.505
42.9,3.505
42.9,3.505
43.0,3.505
43.0,3.505
43.0,3.505
43.0,3.505
43.0,3.505
43.0,3.505
43.0,3.505
43.0,3.505
43.0,3.505
43.0,3.505
43.0,3.505
43.0,3.505
43.0,3.505
43.0,3.505
43.0,3.505
43.0,3.505
43.0,3.505
43.0,3.505
43.0,3.505
43.0,3.505
43.0,3.505
43.0,3.505
43.0,3.505
43.0,3.505
43.0,3.505
43.0,3.505
43.0,3.505
43.0,3.510
43.0,3.510
43.0,3.510
43.0,3.510
43.0,3.510
43.0,3.510
43.0,3.510
43.0,3.510
43.0,3.510
43.0,3.510
43.0,3.510
43.0,3.510
43.0,3.510
43.0,3.510
43.0,3.510
43.0,3.510
43.0,3.510
43.0,3.510
43.0,3.510
43.0,3.510
43.0,3.510
43.0,3.510
43.0,3.510
43.0,3.510
43.0,3.510
43.0,3.510
43.0,3.510
43.0,3.510
43.0,3.510
43.0,3.510
43.0,3.510
43.0,3.510
43.0,3.510
43.0,3.510
43.0,3.510
43.0,3.510
43.0,3.510
43.0,3.510
43.0,3.510
43.0,3.510
43.0,3.510
43.0,3.510
43.0,3.510
43.0,3.510
43.0,3.510
43.0,3.510
43.0,3.510
43.0,3.510
43.0,3.510
43.0,3.515
43.0,3.515
43.0,3.515
43.0,3.515
43.0,3.515
43.0,3.515
43.0,3.515
43.0,3.515
43.0,3.515
43.0,3.515
43.0,3.515
43.0,3.515
43.0,3.515
43.0,3.515
43.0,3.515
43.0,3.515
43.0,3.515
43.0,3.515
43.0,3.515
43.0,3.515
43.0,3.515
43.0,3.515
43.0,3.515
43.0,3.515
43.0,3.515
43.0,3.515
43.0,3.515
43.0,3.515
43.0,3.515
43.0,3.515
43.0,3.515
43.0,3.515
43.0,3.515
43.0,3.515
43.0,3.515
43.0,3.515
43.0,3.515
43.0,3.515
43.0,3.515
43.0,3.515
43.0,3.515
43.1,3.515
43.1,3.515
43.1,3.515
43.1,3.515
43.1,3.515
43.1,3.515
43.1,3.515
43.0,3.515
42.9,3.520
43.0,3.520
43.0,3.520
43.0,3.520
43.0,3.520
43.0,3.520
43.0,3.520
43.0,3.520
43.0,3.520
43.0,3.520
43.0,3.520
43.0,3.520
43.0,3.520
43.0,3.520
43.0,3.520
43.0,3.520
43.1,3.520
43.1,3.520
43.0,3.520
43.0,3.520
43.0,3.520
43.0,3.520
43.0,3.520
43.0,3.520
43.0,3.520
43.0,3.520
43.0,3.520
43.0,3.520
43.0,3.520
43.0,3.520
43.0,3.520
43.0,3.520
43.0,3.520
43.0,3.520
43.0,3.520
43.0,3.520
43.0,3.520
43.0,3.520
43.0,3.520
43.0,3.520
43.0,3.520
43.0,3.520
43.0,3.520
43.0,3.520
43.0,3.520
43.0,3.525
43.0,3.525
43.0,3.525
43.0,3.525
43.0,3.525
43.0,3.525
43.0,3.525
43.0,3.525
43.0,3.525
43.0,3.525
43.0,3.525
43.0,3.525
43.0,3.525
43.0,3.525
43.0,3.525
43.0,3.525
43.0,3.525
43.0,3.525
43.0,3.525
43.0,3.525
43.0,3.525
43.0,3.525
43.0,3.525
43.0,3.525
43.0,3.525
43.0,3.525
43.0,3.525
43.0,3.525
43.0,3.525
43.0,3.525
43.0,3.525
43.0,3.525
43.0,3.525
43.0,3.525
43.0,3.525
43.0,3.525
43.0,3.525
43.0,3.525
43.0,3.525
43.0,3.525
43.0,3.525
43.0,3.525
43.0,3.525
43.0,3.525
43.0,3.525
43.0,3.525
43.0,3.525
43.0,3.525
43.0,3.530
43.0,3.530
43.0,3.530
43.0,3.530
43.0,3.530
43.0,3.530
43.0,3.530
43.0,3.530
43.0,3.530
43.0,3.530
43.0,3.530
43.0,3.530
43.0,3.530
43.0,3.530
43.0,3.530
43.0,3.530
43.0,3.530
43.0,3.530
43.0,3.530
43.0,3.530
43.0,3.530
43.0,3.530
43.0,3.530
43.0,3.530
43.0,3.530
43.0,3.530
43.0,3.530
43.0,3.530
43.0,3.530
43.0,3.530
43.0,3.530
43.0,3.530
43.0,3.530
43.0,3.530
43.0,3.530
43.0,3.530
43.0,3.530
43.0,3.530
43.0,3.530
43.0,3.530
43.0,3.530
43.0,3.530
43.0,3.530
43.0,3.530
43.0,3.530
43.0,3.530
43.0,3.535
43.0,3.535
43.0,3.535
43.0,3.535
43.0,3.535
43.0,3.535
43.0,3.535
43.0,3.535
43.0,3.535
43.0,3.535
43.0,3.535
43.0,3.535
43.0,3.535
43.0,3.535
43.0,3.535
43.0,3.535
43.1,3.535
43.1,3.535
43.1,3.535
43.1,3.535
43.0,3.535
43.0,3.535
43.0,3.535
43.0,3.535
43.0,3.535
43.0,3.535
43.0,3.535
43.0,3.535
43.0,3.535
43.0,3.535
43.0,3.535
43.0,3.535
43.0,3.535
43.0,3.535
43.0,3.535
43.0,3.535
43.0,3.535
43.0,3.535
43.0,3.535
43.0,3.535
43.0,3.535
43.0,3.535
43.0,3.535
43.0,3.535
43.0,3.535
43.0,3.535
43.0,3.540
43.0,3.540
43.0,3.540
43.0,3.540
43.0,3.540
43.0,3.540
43.0,3.540
43.0,3.540
43.0,3.540
43.0,3.540
43.0,3.540
43.0,3.540
43.0,3.540
43.0,3.540
43.0,3.540
43.0,3.540
43.0,3.540
43.0,3.540
43.0,3.540
43.0,3.540
43.0,3.540
43.0,3.540
43.0,3.540
43.0,3.540
43.0,3.540
43.1,3.540
43.1,3.540
43.1,3.540
43.1,3.540
43.1,3.540
43.1,3.540
43.1,3.540
43.1,3.540
43.1,3.540
43.1,3.540
43.1,3.540
43.1,3.540
43.1,3.540
43.1,3.540
43.1,3.540
43.1,3.540
43.0,3.540
43.0,3.540
43.0,3.540
43.0,3.540
43.0,3.540
43.0,3.545
43.0,3.545
43.0,3.545
43.0,3.545
43.0,3.545
43.0,3.545
43.0,3.545
43.0,3.545
43.0,3.545
43.0,3.545
43.0,3.545
43.1,3.545
43.1,3.545
43.1,3.545
43.0,3.545
43.0,3.545
43.0,3.545
43.0,3.545
43.0,3.545
43.0,3.545
43.0,3.545
43.0,3.545
43.0,3.545
43.0,3.545
43.0,3.545
43.0,3.545
43.0,3.545
43.0,3.545
43.0,3.545
43.0,3.545
43.0,3.545
43.0,3.545
43.0,3.545
43.0,3.545
43.0,3.545
43.0,3.545
43.0,3.545
43.0,3.545
43.0,3.545
43.0,3.545
43.0,3.545
43.0,3.545
43.0,3.545
43.0,3.545
43.0,3.545
43.0,3.545
43.0,3.545
43.0,3.545
43.0,3.545
43.0,3.545
43.0,3.545
43.0,3.550
43.0,3.550
43.0,3.550
43.0,3.550
43.0,3.550
43.0,3.550
43.0,3.550
43.0,3.550
43.0,3.550
43.0,3.550
43.0,3.550
43.0,3.550
43.0,3.550
43.0,3.550
43.0,3.550
43.1,3.550
43.0,3.550
43.1,3.550
43.1,3.550
43.1,3.550
43.1,3.550
43.1,3.550
43.1,3.550
43.1,3.550
43.1,3.550
43.1,3.550
43.1,3.550
43.1,3.550
43.1,3.550
43.1,3.550
43.1,3.550
43.1,3.550
43.1,3.550
43.1,3.550
43.1,3.550
43.1,3.550
43.1,3.550
43.1,3.550
43.1,3.550
43.1,3.550
43.1,3.550
43.1,3.550
43.1,3.550
43.1,3.550
43.1,3.550
43.1,3.550
43.1,3.550
43.1,3.550
43.1,3.550
43.1,3.550
43.1,3.550
43.1,3.555
43.1,3.555
43.1,3.555
43.1,3.555
43.1,3.555
43.1,3.555
43.1,3.555
43.1,3.555
43.1,3.555
43.1,3.555
43.1,3.555
43.1,3.555
43.1,3.555
43.1,3.555
43.1,3.555
43.1,3.555
43.1,3.555
43.1,3.555
43.1,3.555
43.1,3.555
43.1,3.555
43.1,3.555
43.1,3.555
43.1,3.555
43.1,3.555
43.1,3.555
43.1,3.555
43.1,3.555
43.1,3.555
43.1,3.555
43.1,3.555
43.1,3.555
43.1,3.555
43.1,3.555
43.1,3.555
43.1,3.555
43.1,3.555
43.1,3.555
43.1,3.555
43.1,3.555
43.1,3.555
43.1,3.555
43.1,3.555
43.1,3.555
43.1,3.555
43.1,3.555
43.1,3.555
43.1,3.555
43.1,3.560
43.1,3.560
43.1,3.560
43.1,3.560
43.1,3.560
43.1,3.560
43.1,3.560
43.1,3.560
43.1,3.560
43.1,3.560
43.1,3.560
43.1,3.560
43.1,3.560
43.1,3.560
43.1,3.560
43.1,3.560
43.1,3.560
43.1,3.560
43.1,3.560
43.1,3.560
43.1,3.560
43.1,3.560
43.1,3.560
43.1,3.560
43.1,3.560
43.1,3.560
43.1,3.560
43.1,3.560
43.1,3.560
43.1,3.560
43.1,3.560
43.1,3.560
43.1,3.560
43.1,3.560
43.1,3.560
43.1,3.560
43.1,3.560
43.1,3.560
43.1,3.560
43.1,3.560
43.1,3.560
43.1,3.560
43.1,3.560
43.1,3.560
43.1,3.560
43.1,3.560
43.1,3.560
43.1,3.560
43.1,3.560
43.1,3.565
43.1,3.565
43.1,3.565
43.1,3.565
43.1,3.565
43.1,3.565
43.1,3.565
43.1,3.565
43.1,3.565
43.1,3.565
43.1,3.565
43.1,3.565
43.1,3.565
43.1,3.565
43.1,3.565
43.1,3.565
43.1,3.565
43.1,3.565
43.1,3.565
43.1,3.565
43.1,3.565
43.1,3.565
43.1,3.565
43.2,3.565
43.1,3.565
43.1,3.565
43.1,3.565
43.1,3.565
43.1,3.565
43.2,3.565
43.2,3.565
43.2,3.565
43.2,3.565
43.2,3.565
43.2,3.565
43.2,3.565
43.2,3.565
43.1,3.565
43.1,3.565
43.1,3.565
43.1,3.565
43.1,3.565
43.1,3.565
43.1,3.565
43.1,3.565
43.2,3.565
43.2,3.565
43.2,3.570
43.2,3.570
43.2,3.570
43.2,3.570
43.2,3.570
43.2,3.570
43.2,3.570
43.2,3.570
43.2,3.570
43.2,3.570
43.2,3.570
43.2,3.570
43.2,3.570
43.2,3.570
43.1,3.570
43.1,3.570
43.1,3.570
43.1,3.570
43.1,3.570
43.1,3.570
43.1,3.570
43.1,3.570
43.1,3.570
43.1,3.570
43.1,3.570
43.2,3.570
43.2,3.570
43.2,3.570
43.2,3.570
43.2,3.570
43.2,3.570
43.2,3.570
43.2,3.570
43.2,3.570
43.2,3.570
43.2,3.570
43.2,3.570
43.2,3.570
43.2,3.570
43.2,3.570
43.2,3.570
43.2,3.570
43.2,3.570
43.2,3.570
43.2,3.570
43.2,3.570
43.2,3.570
43.2,3.570
43.2,3.570
43.2,3.570
43.2,3.575
43.2,3.575
43.2,3.575
43.2,3.575
43.2,3.575
43.2,3.575
43.2,3.575
43.2,3.575
43.2,3.575
43.2,3.575
43.2,3.575
43.2,3.575
43.2,3.575
43.2,3.575
43.2,3.575
43.2,3.575
43.2,3.575
43.2,3.575
43.2,3.575
43.2,3.575
43.2,3.575
43.2,3.575
43.2,3.575
43.2,3.575
43.2,3.575
43.2,3.575
43.2,3.575
43.2,3.575
43.2,3.575
43.2,3.575
43.2,3.575
43.2,3.575
43.2,3.575
43.2,3.575
43.2,3.575
43.2,3.575
43.2,3.575
43.2,3.575
43.2,3.575
43.2,3.575
43.2,3.575
43.2,3.575
43.2,3.575
43.2,3.575
43.2,3.575
43.2,3.575
43.2,3.575
43.2,3.575
43.2,3.575
43.1,3.580
43.1,3.580
43.1,3.580
43.1,3.580
43.1,3.580
43.1,3.580
43.1,3.580
43.1,3.580
43.1,3.580
43.1,3.580
43.1,3.580
43.1,3.580
43.1,3.580
43.2,3.580
43.2,3.580
43.2,3.580
43.2,3.580
43.2,3.580
43.2,3.580
43.2,3.580
43.2,3.580
43.2,3.580
43.2,3.580
43.2,3.580
43.2,3.580
43.2,3.580
43.2,3.580
43.2,3.580
43.2,3.580
43.2,3.580
43.2,3.580
43.2,3.580
43.2,3.580
43.2,3.580
43.2,3.580
43.2,3.580
43.2,3.580
43.2,3.580
43.2,3.580
43.2,3.580
43.2,3.580
43.2,3.580
43.2,3.580
43.2,3.580
43.2,3.580
43.2,3.580
43.2,3.580
43.2,3.580
43.2,3.585
43.2,3.585
43.2,3.585
43.2,3.585
43.2,3.585
43.2,3.585
43.2,3.585
43.2,3.585
43.2,3.585
43.2,3.585
43.2,3.585
43.2,3.585
43.2,3.585
43.2,3.585
43.2,3.585
43.2,3.585
43.2,3.585
43.2,3.585
43.2,3.585
43.2,3.585
43.2,3.585
43.2,3.585
43.2,3.585
43.2,3.585
43.2,3.585
43.2,3.585
43.2,3.585
43.2,3.585
43.2,3.585
43.2,3.585
43.3,3.585
43.3,3.585
43.3,3.585
43.3,3.585
43.3,3.585
43.3,3.585
43.3,3.585
43.3,3.585
43.2,3.585
43.2,3.585
43.2,3.585
43.2,3.585
43.2,3.585
43.2,3.585
43.2,3.585
43.2,3.585
43.2,3.585
43.2,3.585
43.2,3.585
43.2,3.585
43.2,3.590
43.2,3.590
43.2,3.590
43.2,3.590
43.2,3.590
43.2,3.590
43.2,3.590
43.2,3.590
43.2,3.590
43.2,3.590
43.2,3.590
43.2,3.590
43.2,3.590
43.2,3.590
43.2,3.590
43.2,3.590
43.2,3.590
43.2,3.590
43.2,3.590
43.2,3.590
43.2,3.590
43.3,3.590
43.3,3.590
43.3,3.590
43.3,3.590
43.3,3.590
43.3,3.590
43.3,3.590
43.2,3.590
43.2,3.590
43.2,3.590
43.2,3.590
43.2,3.590
43.2,3.590
43.2,3.590
43.2,3.590
43.2,3.590
43.2,3.590
43.2,3.590
43.2,3.590
43.2,3.590
43.2,3.590
43.2,3.590
43.2,3.590
43.2,3.590
43.2,3.590
43.2,3.590
43.2,3.590
43.2,3.595
43.2,3.595
43.2,3.595
43.2,3.595
43.2,3.595
43.2,3.595
43.2,3.595
43.2,3.595
43.2,3.595
43.2,3.595
43.2,3.595
43.3,3.595
43.3,3.595
43.3,3.595
43.3,3.595
43.3,3.595
43.3,3.595
43.3,3.595
43.3,3.595
43.3,3.595
43.3,3.595
43.3,3.595
43.3,3.595
43.3,3.595
43.3,3.595
43.3,3.595
43.3,3.595
43.3,3.595
43.3,3.595
43.3,3.595
43.3,3.595
43.3,3.595
43.3,3.595
43.3,3.595
43.3,3.595
43.3,3.595
43.3,3.595
43.3,3.595
43.3,3.595
43.3,3.595
43.3,3.595
43.3,3.595
43.3,3.595
43.3,3.595
43.3,3.595
43.3,3.600
43.3,3.600
43.3,3.600
43.3,3.600
43.3,3.600
43.3,3.600
43.3,3.600
43.3,3.600
43.3,3.600
43.3,3.600
43.3,3.600
43.3,3.600
43.3,3.600
43.3,3.600
43.3,3.600
43.3,3.600
43.3,3.600
43.3,3.600
43.3,3.600
43.3,3.600
43.3,3.600
43.3,3.600
43.3,3.600
43.3,3.600
43.3,3.600
43.3,3.600
43.3,3.600
43.3,3.600
43.3,3.600
43.3,3.600
43.3,3.600
43.3,3.600
43.3,3.600
43.3,3.600
43.3,3.600
43.3,3.600
43.3,3.600
43.3,3.600
43.3,3.600
43.3,3.605
43.3,3.605
43.3,3.605
43.3,3.605
43.3,3.605
43.3,3.605
43.3,3.605
43.3,3.605
43.3,3.605
43.3,3.605
43.3,3.605
43.3,3.605
43.3,3.605
43.3,3.605
43.3,3.605
43.3,3.605
43.3,3.605
43.3,3.605
43.3,3.605
43.3,3.605
43.3,3.605
43.3,3.605
43.3,3.605
43.3,3.605
43.3,3.605
43.3,3.605
43.3,3.605
43.3,3.605
43.3,3.605
43.3,3.605
43.3,3.605
43.3,3.605
43.3,3.605
43.3,3.605
43.3,3.605
43.3,3.605
43.3,3.605
43.3,3.605
43.3,3.605
43.3,3.605
43.3,3.605
43.3,3.605
43.3,3.605
43.3,3.610
43.3,3.610
43.3,3.610
43.3,3.610
43.3,3.610
43.3,3.610
43.3,3.610
43.3,3.610
43.3,3.610
43.3,3.610
43.3,3.610
43.3,3.610
43.3,3.610
43.3,3.610
43.3,3.610
43.3,3.610
43.3,3.610
43.3,3.610
43.3,3.610
43.3,3.610
43.3,3.610
43.3,3.610
43.3,3.610
43.3,3.610
43.3,3.610
43.3,3.610
43.3,3.610
43.3,3.610
43.3,3.610
43.3,3.610
43.3,3.610
43.3,3.610
43.3,3.610
43.3,3.610
43.3,3.610
43.3,3.610
43.3,3.610
43.3,3.610
43.3,3.615
43.3,3.615
43.3,3.615
43.3,3.615
43.3,3.615
43.3,3.615
43.3,3.615
43.3,3.615
43.3,3.615
43.3,3.615
43.3,3.615
43.3,3.615
43.3,3.615
43.3,3.615
43.3,3.615
43.3,3.615
43.3,3.615
43.3,3.615
43.3,3.615
43.3,3.615
43.3,3.615
43.3,3.615
43.2,3.615
43.2,3.615
43.2,3.615
43.2,3.615
43.2,3.615
43.2,3.615
43.3,3.615
43.3,3.615
43.3,3.615
43.3,3.615
43.3,3.615
43.3,3.615
43.3,3.620
43.3,3.620
43.3,3.620
43.3,3.620
43.3,3.620
43.3,3.620
43.3,3.620
43.3,3.620
43.3,3.620
43.3,3.620
43.3,3.620
43.3,3.620
43.3,3.620
43.3,3.620
43.3,3.620
43.3,3.620
43.3,3.620
43.3,3.620
43.3,3.620
43.3,3.620
43.3,3.620
43.3,3.620
43.3,3.620
43.3,3.620
43.3,3.620
43.3,3.620
43.3,3.620
43.3,3.620
43.3,3.620
43.3,3.620
43.3,3.620
43.3,3.620
43.3,3.620
43.3,3.625
43.3,3.625
43.3,3.625
43.3,3.625
43.3,3.625
43.3,3.625
43.4,3.625
43.4,3.625
43.4,3.625
43.4,3.625
43.4,3.625
43.4,3.625
43.4,3.625
43.4,3.625
43.4,3.625
43.4,3.625
43.3,3.625
43.3,3.625
43.3,3.625
43.3,3.625
43.3,3.625
43.3,3.625
43.3,3.625
43.3,3.625
43.4,3.625
43.4,3.625
43.4,3.625
43.4,3.625
43.4,3.625
43.4,3.625
43.4,3.625
43.4,3.625
43.4,3.625
43.4,3.625
43.4,3.630
43.4,3.630
43.4,3.630
43.4,3.630
43.4,3.630
43.4,3.630
43.4,3.630
43.4,3.630
43.4,3.630
43.4,3.630
43.4,3.630
43.4,3.630
43.4,3.630
43.4,3.630
43.4,3.630
43.4,3.630
43.4,3.630
43.4,3.630
43.4,3.630
43.4,3.630
43.4,3.630
43.4,3.630
43.4,3.630
43.3,3.630
43.3,3.630
43.3,3.630
43.3,3.630
43.4,3.630
43.4,3.630
43.4,3.630
43.4,3.630
43.4,3.630
43.4,3.630
43.4,3.630
43.4,3.630
43.4,3.635
43.4,3.635
43.4,3.635
43.4,3.635
43.4,3.635
43.4,3.635
43.4,3.635
43.4,3.635
43.4,3.635
43.4,3.635
43.4,3.635
43.4,3.635
43.4,3.635
43.4,3.635
43.4,3.635
43.4,3.635
43.4,3.635
43.4,3.635
43.4,3.635
43.4,3.635
43.4,3.635
43.4,3.635
43.4,3.635
43.4,3.635
43.4,3.635
43.4,3.635
43.4,3.635
43.4,3.635
43.4,3.635
43.4,3.635
43.4,3.635
43.4,3.635
43.4,3.635
43.4,3.640
43.4,3.640
43.4,3.640
43.4,3.640
43.4,3.640
43.4,3.640
43.4,3.640
43.4,3.640
43.4,3.640
43.4,3.640
43.4,3.640
43.4,3.640
43.4,3.640
43.4,3.640
43.4,3.640
43.4,3.640
43.4,3.640
43.4,3.640
43.4,3.640
43.4,3.640
43.4,3.640
43.4,3.640
43.4,3.640
43.4,3.640
43.4,3.640
43.4,3.640
43.4,3.640
43.4,3.640
43.4,3.640
43.4,3.640
43.4,3.640
43.4,3.640
43.4,3.640
43.4,3.640
43.4,3.640
43.4,3.640
43.4,3.640
43.4,3.640
43.4,3.640
43.4,3.645
43.4,3.645
43.4,3.645
43.4,3.645
43.4,3.645
43.5,3.645
43.5,3.645
43.5,3.645
43.4,3.645
43.4,3.645
43.4,3.645
43.4,3.645
43.3,3.645
43.4,3.645
43.4,3.645
43.4,3.645
43.4,3.645
43.4,3.645
43.4,3.645
43.4,3.645
43.4,3.645
43.4,3.645
43.4,3.645
43.4,3.645
43.4,3.645
43.4,3.645
43.4,3.645
43.4,3.645
43.4,3.645
43.4,3.645
43.4,3.645
43.4,3.645
43.4,3.645
43.4,3.645
43.4,3.645
43.4,3.645
43.4,3.645
43.4,3.645
43.4,3.645
43.4,3.645
43.4,3.645
43.4,3.650
43.4,3.650
43.4,3.650
43.4,3.650
43.4,3.650
43.4,3.650
43.4,3.650
43.4,3.650
43.4,3.650
43.4,3.650
43.4,3.650
43.4,3.650
43.4,3.650
43.4,3.650
43.4,3.650
43.4,3.650
43.4,3.650
43.4,3.650
43.3,3.650
43.3,3.650
43.3,3.650
43.3,3.650
43.3,3.650
43.3,3.650
43.4,3.650
43.4,3.650
43.4,3.650
43.4,3.650
43.4,3.650
43.4,3.650
43.4,3.650
43.4,3.650
43.4,3.650
43.4,3.650
43.4,3.650
43.4,3.650
43.4,3.650
43.4,3.650
43.4,3.650
43.4,3.650
43.4,3.650
43.4,3.650
43.4,3.650
43.4,3.650
43.4,3.655
43.4,3.655
43.4,3.655
43.4,3.655
43.4,3.655
43.4,3.655
43.4,3.655
43.4,3.655
43.4,3.655
43.4,3.655
43.4,3.655
43.4,3.655
43.4,3.655
43.4,3.655
43.4,3.655
43.4,3.655
43.4,3.655
43.4,3.655
43.4,3.655
43.3,3.655
43.3,3.655
43.3,3.655
43.3,3.655
43.3,3.655
43.3,3.655
43.3,3.655
43.3,3.655
43.3,3.655
43.3,3.655
43.4,3.655
43.4,3.655
43.4,3.655
43.4,3.655
43.4,3.655
43.4,3.655
43.4,3.655
43.4,3.655
43.4,3.655
43.4,3.655
43.4,3.655
43.4,3.655
43.4,3.655
43.4,3.655
43.4,3.660
43.4,3.660
43.4,3.660
43.4,3.660
43.4,3.660
43.4,3.660
43.4,3.660
43.4,3.660
43.4,3.660
43.4,3.660
43.4,3.660
43.4,3.660
43.4,3.660
43.4,3.660
43.4,3.660
43.4,3.660
43.4,3.660
43.4,3.660
43.4,3.660
43.4,3.660
43.4,3.660
43.4,3.660
43.4,3.660
43.4,3.660
43.4,3.660
43.4,3.660
43.4,3.660
43.4,3.660
43.4,3.660
43.4,3.660
43.4,3.660
43.4,3.660
43.4,3.660
43.4,3.660
43.4,3.660
43.4,3.660
43.4,3.660
43.4,3.660
43.4,3.660
43.4,3.660
43.4,3.660
43.4,3.660
43.4,3.660
43.4,3.660
43.4,3.660
43.4,3.660
43.4,3.665
43.4,3.665
43.4,3.665
43.4,3.665
43.4,3.665
43.4,3.665
43.4,3.665
43.4,3.665
43.4,3.665
43.4,3.665
43.4,3.665
43.4,3.665
43.4,3.665
43.4,3.665
43.4,3.665
43.4,3.665
43.4,3.665
43.4,3.665
43.4,3.665
43.4,3.665
43.4,3.665
43.4,3.665
43.4,3.665
43.4,3.665
43.4,3.665
43.4,3.665
43.4,3.665
43.4,3.665
43.4,3.665
43.4,3.665
43.4,3.665
43.4,3.665
43.4,3.665
43.4,3.665
43.4,3.665
43.4,3.665
43.4,3.665
43.4,3.665
43.4,3.665
43.4,3.665
43.4,3.665
43.5,3.665
43.5,3.665
43.5,3.665
43.5,3.665
43.5,3.665
43.5,3.665
43.5,3.665
43.5,3.665
43.5,3.665
43.5,3.665
43.5,3.665
43.5,3.665
43.5,3.665
43.5,3.665
43.5,3.670
43.4,3.670
43.4,3.670
43.4,3.670
43.4,3.670
43.4,3.670
43.4,3.670
43.4,3.670
43.4,3.670
43.4,3.670
43.4,3.670
43.4,3.670
43.4,3.670
43.4,3.670
43.4,3.670
43.4,3.670
43.4,3.670
43.4,3.670
43.4,3.670
43.4,3.670
43.4,3.670
43.4,3.670
43.4,3.670
43.4,3.670
43.4,3.670
43.4,3.670
43.4,3.670
43.4,3.670
43.4,3.670
43.4,3.670
43.4,3.670
43.4,3.670
43.4,3.670
43.4,3.670
43.4,3.670
43.4,3.670
43.4,3.670
43.4,3.670
43.4,3.670
43.4,3.670
43.4,3.670
43.4,3.670
43.4,3.670
43.4,3.670
43.4,3.670
43.4,3.670
43.4,3.670
43.4,3.670
43.4,3.670
43.4,3.670
43.4,3.670
43.4,3.670
43.4,3.670
43.4,3.670
43.4,3.670
43.4,3.670
43.4,3.670
43.4,3.670
43.4,3.670
43.4,3.670
43.4,3.675
43.4,3.675
43.4,3.675
43.4,3.675
43.4,3.675
43.4,3.675
43.4,3.675
43.4,3.675
43.4,3.675
43.4,3.675
43.4,3.675
43.4,3.675
43.4,3.675
43.4,3.675
43.4,3.675
43.4,3.675
43.4,3.675
43.4,3.675
43.4,3.675
43.4,3.675
43.4,3.675
43.4,3.675
43.4,3.675
43.4,3.675
43.4,3.675
43.4,3.675
43.4,3.675
43.4,3.675
43.4,3.675
43.4,3.675
43.4,3.675
43.5,3.675
43.5,3.675
43.5,3.675
43.5,3.675
43.5,3.675
43.5,3.675
43.5,3.675
43.5,3.675
43.5,3.675
43.5,3.675
43.5,3.675
43.5,3.675
43.5,3.675
43.5,3.675
43.5,3.675
43.5,3.675
43.5,3.675
43.5,3.675
43.5,3.675
43.5,3.675
43.5,3.675
43.5,3.675
43.5,3.675
43.5,3.675
43.5,3.675
43.5,3.675
43.5,3.675
43.5,3.675
43.5,3.675
43.5,3.675
43.5,3.675
43.5,3.675
43.5,3.680
43.5,3.680
43.5,3.680
43.5,3.680
43.5,3.680
43.5,3.680
43.5,3.680
43.5,3.680
43.5,3.680
43.5,3.680
43.5,3.680
43.5,3.680
43.5,3.680
43.5,3.680
43.5,3.680
43.5,3.680
43.5,3.680
43.5,3.680
43.5,3.680
43.5,3.680
43.5,3.680
43.5,3.680
43.5,3.680
43.5,3.680
43.5,3.680
43.5,3.680
43.5,3.680
43.5,3.680
43.5,3.680
43.5,3.680
43.5,3.680
43.5,3.680
43.5,3.680
43.5,3.680
43.5,3.680
43.5,3.680
43.5,3.680
43.5,3.680
43.5,3.680
43.5,3.680
43.5,3.680
43.5,3.680
43.5,3.680
43.5,3.680
43.5,3.680
43.5,3.680
43.5,3.680
43.5,3.680
43.5,3.680
43.5,3.680
43.5,3.680
43.5,3.680
43.5,3.680
43.5,3.680
43.5,3.680
43.5,3.680
43.5,3.680
43.5,3.685
43.5,3.685
43.5,3.685
43.5,3.685
43.5,3.685
43.5,3.685
43.4,3.685
43.4,3.685
43.4,3.685
43.4,3.685
43.4,3.685
43.4,3.685
43.4,3.685
43.4,3.685
43.4,3.685
43.5,3.685
43.5,3.685
43.5,3.685
43.5,3.685
43.5,3.685
43.5,3.685
43.5,3.685
43.5,3.685
43.5,3.685
43.5,3.685
43.5,3.685
43.5,3.685
43.5,3.685
43.5,3.685
43.5,3.685
43.5,3.685
43.5,3.685
43.5,3.685
43.5,3.685
43.5,3.685
43.5,3.685
43.5,3.685
43.5,3.685
43.5,3.685
43.5,3.685
43.5,3.685
43.5,3.685
43.5,3.685
43.5,3.685
43.5,3.685
43.5,3.685
43.5,3.685
43.5,3.685
43.5,3.685
43.5,3.685
43.5,3.685
43.5,3.685
43.5,3.685
43.5,3.685
43.5,3.685
43.5,3.685
43.5,3.685
43.5,3.685
43.5,3.685
43.5,3.685
43.5,3.685
43.5,3.685
43.5,3.685
43.5,3.690
43.5,3.690
43.5,3.690
43.5,3.690
43.5,3.690
43.5,3.690
43.5,3.690
43.5,3.690
43.5,3.690
43.5,3.690
43.5,3.690
43.5,3.690
43.5,3.690
43.5,3.690
43.5,3.690
43.5,3.690
43.5,3.690
43.5,3.690
43.5,3.690
43.5,3.690
43.5,3.690
43.5,3.690
43.5,3.690
43.5,3.690
43.5,3.690
43.5,3.690
43.5,3.690
43.5,3.690
43.5,3.690
43.5,3.690
43.5,3.690
43.5,3.690
43.5,3.690
43.5,3.690
43.5,3.690
43.5,3.690
43.5,3.690
43.5,3.690
43.5,3.690
43.5,3.690
43.5,3.690
43.5,3.690
43.5,3.690
43.5,3.690
43.5,3.690
43.5,3.690
43.5,3.690
43.5,3.690
43.5,3.690
43.5,3.690
43.5,3.690
43.5,3.690
43.5,3.690
43.5,3.690
43.5,3.690
43.5,3.690
43.5,3.690
43.5,3.690
43.5,3.690
43.5,3.690
43.5,3.690
43.5,3.695
43.5,3.695
43.5,3.695
43.5,3.695
43.5,3.695
43.5,3.695
43.5,3.695
43.5,3.695
43.5,3.695
43.5,3.695
43.5,3.695
43.5,3.695
43.5,3.695
43.5,3.695
43.5,3.695
43.5,3.695
43.5,3.695
43.5,3.695
43.5,3.695
43.5,3.695
43.5,3.695
43.5,3.695
43.5,3.695
43.5,3.695
43.5,3.695
43.5,3.695
43.5,3.695
43.5,3.695
43.5,3.695
43.5,3.695
43.5,3.695
43.5,3.695
43.5,3.695
43.5,3.695
43.5,3.695
43.5,3.695
43.5,3.695
43.5,3.695
43.5,3.695
43.5,3.695
43.5,3.695
43.5,3.695
43.5,3.695
43.5,3.695
43.5,3.695
43.5,3.695
43.5,3.695
43.5,3.695
43.5,3.695
43.5,3.695
43.5,3.695
43.5,3.695
43.5,3.695
43.5,3.695
43.5,3.695
43.5,3.695
43.5,3.700
43.5,3.700
43.5,3.700
43.5,3.700
43.5,3.700
43.5,3.700
43.5,3.700
43.5,3.700
43.5,3.700
43.5,3.700
43.5,3.700
43.5,3.700
43.5,3.700
43.5,3.700
43.5,3.700
43.5,3.700
43.5,3.700
43.5,3.700
43.5,3.700
43.5,3.700
43.5,3.700
43.5,3.700
43.5,3.700
43.5,3.700
43.5,3.700
43.5,3.700
43.5,3.700
43.5,3.700
43.5,3.700
43.5,3.700
43.5,3.700
43.5,3.700
43.5,3.700
43.5,3.700
43.5,3.700
43.5,3.700
43.5,3.700
43.5,3.700
43.5,3.700
43.5,3.700
43.5,3.700
43.5,3.700
43.5,3.700
43.5,3.700
43.5,3.700
43.5,3.700
43.5,3.700
43.5,3.700
43.5,3.700
43.5,3.700
43.5,3.700
43.5,3.700
43.5,3.700
43.5,3.700
43.5,3.700
43.5,3.705
43.5,3.705
43.5,3.705
43.5,3.705
43.5,3.705
43.5,3.705
43.5,3.705
43.5,3.705
43.5,3.705
43.5,3.705
43.5,3.705
43.5,3.705
43.5,3.705
43.5,3.705
43.5,3.705
43.5,3.705
43.5,3.705
43.5,3.705
43.5,3.705
43.5,3.705
43.5,3.705
43.5,3.705
43.5,3.705
43.5,3.705
43.5,3.705
43.5,3.705
43.5,3.705
43.5,3.705
43.5,3.705
43.5,3.705
43.5,3.705
43.5,3.705
43.5,3.705
43.5,3.705
43.5,3.705
43.5,3.705
43.5,3.705
43.5,3.705
43.5,3.705
43.5,3.705
43.5,3.705
43.5,3.705
43.5,3.705
43.5,3.705
43.5,3.705
43.5,3.705
43.5,3.705
43.5,3.705
43.5,3.705
43.5,3.705
43.5,3.705
43.5,3.705
43.5,3.705
43.5,3.705
43.5,3.705
43.5,3.710
43.5,3.710
43.5,3.710
43.5,3.710
43.5,3.710
43.5,3.710
43.5,3.710
43.5,3.710
43.5,3.710
43.5,3.710
43.5,3.710
43.5,3.710
43.5,3.710
43.5,3.710
43.5,3.710
43.5,3.710
43.5,3.710
43.5,3.710
43.5,3.710
43.5,3.710
43.5,3.710
43.5,3.710
43.5,3.710
43.5,3.710
43.5,3.710
43.6,3.710
43.7,3.710
43.7,3.710
43.8,3.710
43.9,3.710
43.9,3.710
44.0,3.710
44.1,3.710
44.1,3.710
44.1,3.710
44.2,3.710
44.3,3.710
44.3,3.710
44.4,3.710
44.5,3.710
44.5,3.710
44.6,3.710
44.7,3.710
44.7,3.710
44.8,3.710
44.9,3.710
45.0,3.710
45.0,3.710
45.1,3.710
45.2,3.710
45.3,3.710
45.3,3.710
45.4,3.710
45.5,3.710
45.6,3.710
45.6,3.710
45.7,3.710
45.8,3.715
45.9,3.715
45.9,3.715
46.0,3.715
46.1,3.715
46.1,3.715
46.2,3.715
46.3,3.715
46.4,3.715
46.5,3.715
46.6,3.715
46.6,3.715
46.7,3.715
46.8,3.715
46.9,3.715
47.0,3.715
47.0,3.715
47.1,3.715
47.2,3.715
47.2,3.715
47.3,3.715
47.4,3.715
47.5,3.715
47.6,3.715
47.7,3.715
47.8,3.715
47.9,3.715
48.0,3.715
48.0,3.715
48.1,3.715
48.2,3.715
48.3,3.715
48.4,3.715
48.4,3.715
48.5,3.715
48.6,3.715
48.7,3.715
48.7,3.715
48.9,3.715
48.9,3.715
49.0,3.715
49.1,3.715
49.2,3.715
49.2,3.715
49.3,3.715
49.4,3.715
49.5,3.715
49.6,3.715
49.6,3.715
49.7,3.715
49.8,3.715
49.9,3.715
49.9,3.715
50.0,3.715
50.1,3.715
50.1,3.715
50.2,3.715
50.3,3.715
50.4,3.720
50.5,3.720
50.6,3.720
50.6,3.720
50.7,3.720
50.8,3.720
50.9,3.720
50.9,3.720
51.0,3.720
51.1,3.720
51.2,3.720
51.2,3.720
51.3,3.720
51.4,3.720
51.5,3.720
51.5,3.720
51.6,3.720
51.7,3.720
51.8,3.720
51.9,3.720
51.9,3.720
52.0,3.720
52.1,3.720
52.2,3.720
52.3,3.720
52.3,3.720
52.4,3.720
52.5,3.720
52.6,3.720
52.7,3.720
52.8,3.720
52.9,3.720
52.9,3.720
53.0,3.720
53.1,3.720
53.2,3.720
53.2,3.720
53.3,3.720
53.4,3.720
53.5,3.720
53.6,3.720
53.7,3.720
53.7,3.720
53.8,3.720
53.9,3.720
53.9,3.720
54.0,3.720
54.1,3.720
54.2,3.720
54.2,3.720
54.3,3.720
54.4,3.720
54.5,3.720
54.6,3.720
54.7,3.720
54.7,3.720
54.8,3.720
54.9,3.720
55.0,3.720
55.0,3.720
55.1,3.720
55.2,3.720
55.3,3.720
55.4,3.720
55.4,3.720
55.5,3.720
55.6,3.720
55.6,3.720
55.7,3.725
55.8,3.725
55.9,3.725
56.0,3.725
56.1,3.725
56.1,3.725
56.2,3.725
56.3,3.725
56.4,3.725
56.5,3.725
56.6,3.725
56.7,3.725
56.8,3.725
56.8,3.725
56.9,3.725
57.0,3.725
57.0,3.725
57.1,3.725
57.2,3.725
57.3,3.725
57.3,3.725
57.4,3.725
57.5,3.725
57.6,3.725
57.7,3.725
57.8,3.725
57.8,3.725
57.9,3.725
58.0,3.725
58.1,3.725
58.2,3.725
58.3,3.725
58.3,3.725
58.4,3.725
58.5,3.725
58.6,3.725
58.7,3.725
58.7,3.725
58.8,3.725
58.9,3.725
58.9,3.725
59.0,3.725
59.1,3.725
59.2,3.725
59.3,3.725
59.4,3.725
59.5,3.725
59.5,3.725
59.6,3.725
59.7,3.725
59.8,3.725
59.9,3.725
60.0,3.725
60.1,3.725
60.1,3.725
60.2,3.725
60.3,3.725
60.4,3.725
60.4,3.725
60.5,3.725
60.6,3.725
60.7,3.725
60.8,3.725
60.9,3.725
60.9,3.725
61.0,3.725
61.1,3.730
61.2,3.730
61.3,3.730
61.3,3.730
61.4,3.730
61.5,3.730
61.6,3.730
61.6,3.730
61.7,3.730
61.8,3.730
61.9,3.730
62.0,3.730
62.0,3.730
62.1,3.730
62.2,3.730
62.3,3.730
62.4,3.730
62.5,3.730
62.5,3.730
62.6,3.730
62.7,3.730
62.8,3.730
62.9,3.730
63.0,3.730
63.0,3.730
63.1,3.730
63.2,3.730
63.2,3.730
63.3,3.730
63.4,3.730
63.5,3.730
63.6,3.730
63.6,3.730
63.7,3.730
63.8,3.730
63.9,3.730
64.0,3.730
64.0,3.730
64.1,3.730
64.2,3.730
64.3,3.730
64.3,3.730
64.4,3.730
64.5,3.730
64.6,3.730
64.7,3.730
64.7,3.730
64.8,3.730
64.9,3.730
65.0,3.730
65.0,3.730
65.1,3.730
65.2,3.730
65.2,3.730
65.3,3.730
65.4,3.730
65.5,3.730
65.6,3.730
65.6,3.730
65.7,3.730
65.8,3.730
65.9,3.730
66.0,3.730
66.0,3.730
66.1,3.730
66.2,3.730
66.3,3.730
66.4,3.730
66.5,3.730
66.5,3.730
66.6,3.735
66.7,3.735
66.8,3.735
66.8,3.735
66.9,3.735
67.0,3.735
67.1,3.735
67.2,3.735
67.3,3.735
67.3,3.735
67.4,3.735
67.5,3.735
67.5,3.735
67.6,3.735
67.7,3.735
67.8,3.735
67.9,3.735
68.0,3.735
68.1,3.735
68.2,3.735
68.2,3.735
68.3,3.735
68.4,3.735
68.5,3.735
68.5,3.735
68.6,3.735
68.7,3.735
68.8,3.735
68.9,3.735
69.0,3.735
69.0,3.735
69.1,3.735
69.2,3.735
69.3,3.735
69.4,3.735
69.5,3.735
69.5,3.735
69.6,3.735
69.7,3.735
69.8,3.735
69.9,3.735
70.0,3.735
70.1,3.735
70.1,3.735
70.2,3.735
70.3,3.735
70.4,3.735
70.5,3.735
70.5,3.735
70.6,3.735
70.7,3.735
70.8,3.735
70.8,3.735
70.9,3.735
71.0,3.735
71.1,3.735
71.2,3.735
71.3,3.735
71.4,3.735
71.4,3.735
71.5,3.735
71.6,3.735
71.7,3.735
71.8,3.735
71.8,3.740
71.9,3.740
72.0,3.740
72.1,3.740
72.2,3.740
72.2,3.740
72.3,3.740
72.4,3.740
72.5,3.740
72.5,3.740
72.6,3.740
72.7,3.740
72.8,3.740
72.9,3.740
73.0,3.740
73.1,3.740
73.1,3.740
73.2,3.740
73.3,3.740
73.4,3.740
73.4,3.740
73.5,3.740
73.6,3.740
73.7,3.740
73.8,3.740
73.8,3.740
73.9,3.740
74.0,3.740
74.1,3.740
74.2,3.740
74.3,3.740
74.3,3.740
74.4,3.740
74.5,3.740
74.6,3.740
74.7,3.740
74.8,3.740
74.8,3.740
74.9,3.740
75.0,3.740
75.1,3.740
75.2,3.740
75.3,3.740
75.4,3.740
75.4,3.740
75.5,3.740
75.6,3.740
75.7,3.740
75.7,3.740
75.8,3.740
75.9,3.740
76.0,3.740
76.1,3.740
76.1,3.740
76.2,3.740
76.3,3.740
76.4,3.740
76.5,3.740
76.5,3.740
76.6,3.740
76.7,3.740
76.7,3.740
76.8,3.745
76.9,3.745
77.0,3.745
77.0,3.745
77.1,3.745
77.2,3.745
77.3,3.745
77.4,3.745
77.5,3.745
77.6,3.745
77.6,3.745
77.7,3.745
77.8,3.745
77.8,3.745
77.9,3.745
78.0,3.745
78.1,3.745
78.1,3.745
78.2,3.745
78.3,3.745
78.4,3.745
78.5,3.745
78.5,3.745
78.6,3.745
78.7,3.745
78.8,3.745
78.9,3.745
79.0,3.745
79.0,3.745
79.1,3.745
79.2,3.745
79.2,3.745
79.3,3.745
79.4,3.745
79.5,3.745
79.6,3.745
79.6,3.745
79.7,3.745
79.8,3.745
79.9,3.745
79.9,3.745
80.0,3.745
80.1,3.745
80.2,3.745
80.2,3.745
80.3,3.745
80.4,3.745
80.4,3.745
80.5,3.745
80.6,3.745
80.7,3.745
80.7,3.745
80.8,3.745
80.9,3.745
81.0,3.745
81.1,3.745
81.2,3.745
81.2,3.745
81.3,3.745
81.4,3.745
81.5,3.745
81.5,3.745
81.6,3.745
81.7,3.745
81.8,3.745
81.8,3.745
81.9,3.745
82.0,3.745
82.1,3.745
82.1,3.745
82.2,3.750
82.3,3.750
82.3,3.750
82.4,3.750
82.5,3.750
82.6,3.750
82.7,3.750
82.8,3.750
82.8,3.750
82.9,3.750
83.0,3.750
83.0,3.750
83.1,3.750
83.2,3.750
83.3,3.750
83.4,3.750
83.5,3.750
83.5,3.750
83.6,3.750
83.7,3.750
83.7,3.750
83.8,3.750
83.9,3.750
83.9,3.750
84.0,3.750
84.1,3.750
84.2,3.750
84.3,3.750
84.3,3.750
84.4,3.750
84.5,3.750
84.5,3.750
84.6,3.750
84.7,3.750
84.8,3.750
84.9,3.750
84.9,3.750
85.0,3.750
85.1,3.750
85.2,3.750
85.2,3.750
85.3,3.750
85.4,3.750
85.5,3.750
85.5,3.750
85.6,3.750
85.7,3.750
85.8,3.750
85.8,3.750
85.9,3.750
86.0,3.750
86.0,3.750
86.1,3.750
86.1,3.750
86.2,3.750
86.3,3.750
86.3,3.750
86.4,3.750
86.5,3.750
86.6,3.750
86.6,3.750
86.7,3.750
86.8,3.750
86.8,3.750
86.9,3.750
87.0,3.750
87.0,3.750
87.1,3.750
87.2,3.750
87.2,3.750
87.3,3.750
87.4,3.750
87.5,3.750
87.5,3.755
87.6,3.755
87.7,3.755
87.7,3.755
87.8,3.755
87.9,3.755
87.9,3.755
88.0,3.755
88.1,3.755
88.1,3.755
88.2,3.755
88.3,3.755
88.4,3.755
88.4,3.755
88.5,3.755
88.6,3.755
88.7,3.755
88.7,3.755
88.8,3.755
88.8,3.755
88.9,3.755
89.0,3.755
89.0,3.755
89.1,3.755
89.2,3.755
89.3,3.755
89.3,3.755
89.4,3.755
89.4,3.755
89.5,3.755
89.6,3.755
89.7,3.755
89.7,3.755
89.8,3.755
89.9,3.755
89.9,3.755
90.0,3.755
90.0,3.755
90.1,3.755
90.2,3.755
90.2,3.755
90.3,3.755
90.4,3.755
90.5,3.755
90.5,3.755
90.6,3.755
90.6,3.755
90.7,3.755
90.8,3.755
90.8,3.755
90.9,3.755
91.0,3.755
91.0,3.755
91.1,3.755
91.2,3.755
91.2,3.755
91.3,3.755
91.3,3.755
91.4,3.755
91.5,3.755
91.6,3.755
91.6,3.755
91.7,3.755
91.8,3.755
91.8,3.755
91.9,3.755
91.9,3.755
92.0,3.755
92.1,3.755
92.1,3.755
92.2,3.755
92.3,3.755
92.4,3.755
92.4,3.755
92.5,3.755
92.6,3.755
92.6,3.755
92.7,3.760
92.7,3.760
92.8,3.760
92.9,3.760
92.9,3.760
93.0,3.760
93.1,3.760
93.2,3.760
93.2,3.760
93.3,3.760
93.4,3.760
93.5,3.760
93.5,3.760
93.6,3.760
93.6,3.760
93.7,3.760
93.7,3.760
93.8,3.760
93.9,3.760
93.9,3.760
94.0,3.760
94.1,3.760
94.1,3.760
94.2,3.760
94.2,3.760
94.3,3.760
94.4,3.760
94.4,3.760
94.5,3.760
94.5,3.760
94.6,3.760
94.7,3.760
94.7,3.760
94.8,3.760
94.9,3.760
94.9,3.760
95.0,3.760
95.1,3.760
95.2,3.760
95.2,3.760
95.3,3.760
95.4,3.760
95.4,3.760
95.5,3.760
95.5,3.760
95.6,3.760
95.7,3.760
95.7,3.760
95.8,3.760
95.8,3.760
95.9,3.760
96.0,3.760
96.0,3.760
96.1,3.760
96.2,3.760
96.2,3.760
96.3,3.760
96.4,3.760
96.4,3.760
96.5,3.760
96.6,3.760
96.6,3.760
96.7,3.760
96.8,3.760
96.8,3.760
96.9,3.760
97.0,3.760
97.0,3.760
97.1,3.760
97.2,3.760
97.2,3.760
97.3,3.760
97.4,3.760
97.4,3.760
97.5,3.765
97.6,3.765
97.6,3.765
97.7,3.765
97.7,3.765
97.8,3.765
97.8,3.765
97.9,3.765
98.0,3.765
98.0,3.765
98.1,3.765
98.1,3.765
98.2,3.765
98.3,3.765
98.3,3.765
98.4,3.765
98.5,3.765
98.5,3.765
98.6,3.765
98.6,3.765
98.7,3.765
98.7,3.765
98.8,3.765
98.9,3.765
98.9,3.765
99.0,3.765
99.1,3.765
99.1,3.765
99.2,3.765
99.2,3.765
99.3,3.765
99.4,3.765
99.4,3.765
99.5,3.765
99.6,3.765
99.6,3.765
99.7,3.765
99.8,3.765
99.8,3.765
99.9,3.765
99.9,3.765
100.0,3.765
100.1,3.765
100.1,3.765
100.2,3.765
100.2,3.765
100.3,3.765
100.3,3.765
100.4,3.765
100.5,3.765
100.5,3.765
100.6,3.765
100.7,3.765
100.7,3.765
100.8,3.765
100.9,3.765
100.9,3.765
101.0,3.765
101.0,3.765
101.1,3.765
101.1,3.765
101.2,3.765
101.2,3.765
101.3,3.765
101.3,3.765
101.4,3.765
101.4,3.765
101.5,3.765
101.5,3.765
101.6,3.765
101.7,3.765
101.7,3.765
101.8,3.765
101.8,3.765
101.9,3.765
101.9,3.765
102.0,3.765
102.0,3.765
102.1,3.765
102.1,3.765
102.2,3.765
102.3,3.765
102.3,3.765
102.4,3.765
102.4,3.765
102.5,3.765
102.5,3.765
102.6,3.765
102.6,3.765
102.7,3.765
102.7,3.765
102.8,3.770
102.9,3.770
102.9,3.770
103.0,3.770
103.0,3.770
103.0,3.770
103.1,3.770
103.2,3.770
103.3,3.770
103.3,3.770
103.3,3.770
103.4,3.770
103.5,3.770
103.5,3.770
103.6,3.770
103.6,3.770
103.7,3.770
103.7,3.770
103.8,3.770
103.8,3.770
103.9,3.770
104.0,3.770
104.0,3.770
104.0,3.770
104.1,3.770
104.1,3.770
104.2,3.770
104.2,3.770
104.2,3.770
104.3,3.770
104.3,3.770
104.4,3.770
104.5,3.770
104.5,3.770
104.6,3.770
104.7,3.770
104.7,3.770
104.8,3.770
104.8,3.770
104.9,3.770
104.9,3.770
105.0,3.770
105.0,3.770
105.0,3.770
105.1,3.770
105.1,3.770
105.2,3.770
105.3,3.770
105.3,3.770
105.4,3.770
105.4,3.770
105.4,3.770
105.5,3.770
105.5,3.770
105.6,3.770
105.6,3.770
105.6,3.770
105.7,3.770
105.7,3.770
105.7,3.770
105.8,3.770
105.9,3.770
105.9,3.770
105.9,3.770
106.0,3.770
106.1,3.770
106.1,3.770
106.1,3.770
106.2,3.770
106.3,3.770
106.3,3.770
106.4,3.770
106.4,3.770
106.4,3.770
106.4,3.770
106.5,3.770
106.5,3.770
106.6,3.770
106.6,3.770
106.7,3.770
106.7,3.770
106.7,3.770
106.8,3.770
106.8,3.770
106.9,3.770
106.9,3.770
107.0,3.770
107.0,3.770
107.1,3.770
107.2,3.770
107.2,3.770
107.3,3.770
107.3,3.770
107.3,3.770
107.4,3.770
107.4,3.770
107.4,3.770
107.5,3.770
107.5,3.770
107.5,3.770
107.6,3.770
107.6,3.770
107.6,3.770
107.7,3.770
107.7,3.770
107.8,3.770
107.9,3.770
107.9,3.770
108.0,3.770
108.0,3.770
108.0,3.770
108.1,3.775
108.1,3.775
108.2,3.775
108.2,3.775
108.2,3.775
108.3,3.775
108.3,3.775
108.3,3.775
108.4,3.775
108.4,3.775
108.5,3.775
108.5,3.775
108.5,3.775
108.6,3.775
108.7,3.775
108.7,3.775
108.7,3.775
108.8,3.775
108.8,3.775
108.8,3.775
108.8,3.775
108.9,3.775
108.9,3.775
109.0,3.775
109.0,3.775
109.1,3.775
109.1,3.775
109.1,3.775
109.2,3.775
109.2,3.775
109.3,3.775
109.3,3.775
109.3,3.775
109.4,3.775
109.4,3.775
109.5,3.775
109.5,3.775
109.5,3.775
109.6,3.775
109.6,3.775
109.7,3.775
109.7,3.775
109.8,3.775
109.8,3.775
109.8,3.775
109.8,3.775
109.9,3.775
109.9,3.775
110.0,3.775
110.0,3.775
110.0,3.775
110.1,3.775
110.1,3.775
110.2,3.775
110.2,3.775
110.3,3.775
110.3,3.775
110.3,3.775
110.4,3.775
110.4,3.775
110.5,3.775
110.5,3.775
110.5,3.775
110.5,3.775
110.6,3.775
110.6,3.775
110.6,3.775
110.6,3.775
110.7,3.775
110.8,3.775
110.8,3.775
110.8,3.775
110.8,3.775
110.9,3.775
111.0,3.775
111.0,3.775
111.0,3.775
111.0,3.775
111.1,3.775
111.1,3.775
111.1,3.775
111.2,3.775
111.2,3.775
111.2,3.775
111.3,3.775
111.3,3.775
111.3,3.775
111.4,3.775
111.4,3.775
111.5,3.775
111.5,3.775
111.6,3.775
111.6,3.775
111.6,3.775
111.6,3.775
111.7,3.775
111.8,3.775
111.8,3.775
111.8,3.775
111.9,3.775
111.9,3.775
111.9,3.775
112.0,3.775
112.0,3.775
112.0,3.775
112.0,3.775
112.1,3.775
112.1,3.775
112.2,3.775
112.2,3.775
112.2,3.775
112.2,3.775
112.3,3.775
112.4,3.775
112.4,3.775
112.4,3.775
112.5,3.775
112.5,3.775
112.5,3.775
112.5,3.775
112.6,3.775
112.6,3.775
112.6,3.775
112.7,3.775
112.7,3.775
112.7,3.775
112.8,3.775
112.8,3.775
112.8,3.775
112.8,3.775
112.9,3.775
113.0,3.775
113.0,3.775
113.1,3.775
113.1,3.780
113.1,3.780
113.2,3.780
113.2,3.780
113.2,3.780
113.2,3.780
113.2,3.780
113.3,3.780
113.3,3.780
113.4,3.780
113.4,3.780
113.5,3.780
113.5,3.780
113.5,3.780
113.5,3.780
113.6,3.780
113.6,3.780
113.6,3.780
113.7,3.780
113.7,3.780
113.7,3.780
113.8,3.780
113.8,3.780
113.8,3.780
113.9,3.780
113.9,3.780
113.9,3.780
114.0,3.780
114.0,3.780
114.0,3.780
114.0,3.780
114.1,3.780
114.2,3.780
114.2,3.780
114.2,3.780
114.3,3.780
114.3,3.780
114.4,3.780
114.4,3.780
114.4,3.780
114.4,3.780
114.4,3.780
114.5,3.780
114.5,3.780
114.5,3.780
114.6,3.780
114.6,3.780
114.7,3.780
114.7,3.780
114.7,3.780
114.8,3.780
114.8,3.780
114.9,3.780
114.9,3.780
114.9,3.780
114.9,3.780
115.0,3.780
115.0,3.780
115.0,3.780
115.0,3.780
115.1,3.780
115.1,3.780
115.2,3.780
115.2,3.780
115.2,3.780
115.3,3.780
115.3,3.780
115.3,3.780
115.3,3.780
115.4,3.780
115.4,3.780
115.4,3.780
115.5,3.780
115.5,3.780
115.5,3.780
115.5,3.780
115.6,3.780
115.6,3.780
115.6,3.780
115.6,3.780
115.7,3.780
115.7,3.780
115.8,3.780
115.8,3.780
115.8,3.780
115.8,3.780
115.9,3.780
115.9,3.780
115.9,3.780
116.0,3.780
116.0,3.780
116.0,3.780
116.1,3.780
116.1,3.780
116.1,3.780
116.1,3.780
116.2,3.780
116.2,3.780
116.2,3.780
116.2,3.780
116.2,3.780
116.3,3.780
116.3,3.780
116.4,3.780
116.4,3.780
116.4,3.780
116.5,3.780
116.5,3.780
116.5,3.780
116.6,3.780
116.6,3.780
116.6,3.780
116.6,3.780
116.7,3.780
116.7,3.780
116.7,3.780
116.7,3.780
116.8,3.780
116.8,3.780
116.8,3.780
116.8,3.780
116.9,3.780
116.9,3.780
117.0,3.780
117.0,3.780
117.0,3.780
117.0,3.780
117.0,3.780
117.0,3.780
117.0,3.780
117.0,3.780
117.0,3.780
117.1,3.780
117.1,3.780
117.2,3.780
117.2,3.780
117.2,3.780
117.2,3.780
117.2,3.780
117.3,3.780
117.3,3.780
117.4,3.780
117.4,3.780
117.4,3.780
117.4,3.780
117.4,3.780
117.5,3.780
117.5,3.780
117.5,3.780
117.5,3.780
117.6,3.780
117.6,3.780
117.7,3.780
117.7,3.780
117.7,3.780
117.7,3.780
117.7,3.780
117.8,3.780
117.8,3.780
117.8,3.780
117.8,3.780
117.8,3.780
117.8,3.780
117.8,3.780
117.9,3.780
117.9,3.780
117.9,3.780
117.9,3.780
118.0,3.780
118.0,3.780
118.0,3.780
118.1,3.780
118.1,3.780
118.1,3.780
118.1,3.780
118.1,3.785
118.1,3.785
118.2,3.785
118.2,3.785
118.2,3.785
118.2,3.785
118.3,3.785
118.3,3.785
118.3,3.785
118.3,3.785
118.4,3.785
118.4,3.785
118.4,3.785
118.4,3.785
118.5,3.785
118.5,3.785
118.6,3.785
118.6,3.785
118.6,3.785
118.6,3.785
118.6,3.785
118.6,3.785
118.6,3.785
118.6,3.785
118.7,3.785
118.7,3.785
118.7,3.785
118.8,3.785
118.8,3.785
118.9,3.785
118.9,3.785
118.9,3.785
119.0,3.785
119.0,3.785
119.0,3.785
119.0,3.785
119.0,3.785
119.0,3.785
119.1,3.785
119.1,3.785
119.2,3.785
119.2,3.785
119.2,3.785
119.2,3.785
119.2,3.785
119.3,3.785
119.3,3.785
119.3,3.785
119.4,3.785
119.4,3.785
119.4,3.785
119.4,3.785
119.5,3.785
119.5,3.785
119.5,3.785
119.5,3.785
119.5,3.785
119.6,3.785
119.6,3.785
119.6,3.785
119.6,3.785
119.7,3.785
119.7,3.785
119.7,3.785
119.7,3.785
119.8,3.785
119.8,3.785
119.8,3.785
119.8,3.785
119.9,3.785
119.9,3.785
120.0,3.785
120.0,3.785
120.0,3.785
120.1,3.785
120.1,3.785
120.1,3.785
120.1,3.785
120.1,3.785
120.2,3.785
120.2,3.785
120.3,3.785
120.3,3.785
120.4,3.785
120.4,3.785
120.4,3.785
120.4,3.785
120.5,3.785
120.5,3.785
120.5,3.785
120.5,3.785
120.5,3.785
120.6,3.785
120.6,3.785
120.6,3.785
120.7,3.785
120.7,3.785
120.7,3.785
120.7,3.785
120.7,3.785
120.8,3.785
120.8,3.785
120.8,3.785
120.8,3.785
120.9,3.785
120.9,3.785
121.0,3.785
121.0,3.785
121.0,3.785
121.0,3.785
121.1,3.785
121.1,3.785
121.1,3.785
121.1,3.785
121.2,3.785
121.2,3.785
121.2,3.785
121.3,3.785
121.3,3.785
121.3,3.785
121.3,3.785
121.4,3.785
121.4,3.785
121.4,3.785
121.4,3.785
121.5,3.785
121.5,3.785
121.6,3.785
121.6,3.785
121.6,3.785
121.6,3.785
121.7,3.785
121.7,3.785
121.7,3.785
121.7,3.785
121.7,3.785
121.8,3.785
121.8,3.785
121.8,3.785
121.8,3.785
121.9,3.785
121.9,3.785
121.9,3.785
122.0,3.785
122.0,3.785
122.1,3.785
122.1,3.785
122.2,3.785
122.2,3.785
122.2,3.785
122.2,3.785
122.2,3.785
122.3,3.785
122.3,3.785
122.3,3.785
122.3,3.785
122.4,3.785
122.4,3.785
122.4,3.785
122.5,3.785
122.5,3.785
122.5,3.785
122.5,3.785
122.6,3.785
122.6,3.785
122.6,3.785
122.7,3.785
122.7,3.785
122.7,3.785
122.7,3.785
122.7,3.785
122.8,3.785
122.8,3.785
122.9,3.785
122.9,3.785
123.0,3.785
123.0,3.785
123.0,3.785
123.0,3.785
123.0,3.785
123.1,3.785
123.1,3.785
123.1,3.785
123.1,3.785
123.2,3.785
123.2,3.785
123.2,3.785
123.3,3.785
123.3,3.785
123.4,3.785
123.4,3.785
123.4,3.785
123.5,3.785
123.5,3.785
123.5,3.785
123.5,3.790
123.5,3.790
123.6,3.790
123.6,3.790
123.7,3.790
123.7,3.790
123.7,3.790
123.8,3.790
123.8,3.790
123.8,3.790
123.9,3.790
123.9,3.790
123.9,3.790
124.0,3.790
124.0,3.790
124.0,3.790
124.0,3.790
124.1,3.790
124.1,3.790
124.2,3.790
124.2,3.790
124.2,3.790
124.2,3.790
124.2,3.790
124.3,3.790
124.3,3.790
124.3,3.790
124.3,3.790
124.4,3.790
124.4,3.790
124.4,3.790
124.5,3.790
124.5,3.790
124.6,3.790
124.6,3.790
124.6,3.790
124.7,3.790
124.7,3.790
124.7,3.790
124.7,3.790
124.8,3.790
124.8,3.790
124.9,3.790
124.9,3.790
124.9,3.790
125.0,3.790
125.0,3.790
125.0,3.790
125.0,3.790
125.0,3.790
125.1,3.790
125.1,3.790
125.1,3.790
125.2,3.790
125.2,3.790
125.3,3.790
125.3,3.790
125.3,3.790
125.4,3.790
125.4,3.790
125.4,3.790
125.5,3.790
125.5,3.790
125.6,3.790
125.6,3.790
125.6,3.790
125.7,3.790
125.7,3.790
125.7,3.790
125.7,3.790
125.8,3.790
125.8,3.790
125.9,3.790
125.9,3.790
125.9,3.790
126.0,3.790
126.0,3.790
126.0,3.790
126.1,3.790
126.1,3.790
126.2,3.790
126.2,3.790
126.2,3.790
126.2,3.790
126.3,3.790
126.3,3.790
126.3,3.790
126.4,3.790
126.4,3.790
126.4,3.790
126.4,3.790
126.5,3.790
126.5,3.790
126.6,3.790
126.6,3.790
126.7,3.790
126.7,3.790
126.7,3.790
126.7,3.790
126.8,3.790
126.8,3.790
126.8,3.790
126.8,3.790
126.9,3.790
126.9,3.790
127.0,3.790
127.0,3.790
127.0,3.790
127.1,3.790
127.1,3.790
127.1,3.790
127.1,3.790
127.2,3.790
127.2,3.790
127.2,3.790
127.3,3.790
127.3,3.790
127.4,3.790
127.4,3.790
127.5,3.790
127.5,3.790
127.5,3.790
127.5,3.790
127.6,3.790
127.6,3.790
127.7,3.790
127.7,3.790
127.7,3.790
127.8,3.790
127.8,3.790
127.8,3.790
127.8,3.790
127.9,3.790
127.9,3.790
128.0,3.790
128.0,3.790
128.1,3.790
128.1,3.790
128.1,3.790
128.1,3.790
128.2,3.790
128.2,3.790
128.2,3.790
128.2,3.790
128.3,3.790
128.3,3.790
128.4,3.790
128.4,3.790
128.4,3.790
128.5,3.790
128.5,3.790
128.6,3.790
128.6,3.790
128.6,3.790
128.7,3.790
128.7,3.790
128.7,3.790
128.7,3.790
128.8,3.790
128.8,3.790
128.8,3.790
128.9,3.790
128.9,3.795
128.9,3.795
129.0,3.795
129.0,3.795
129.1,3.795
129.1,3.795
129.1,3.795
129.2,3.795
129.2,3.795
129.2,3.795
129.2,3.795
129.3,3.795
129.3,3.795
129.3,3.795
129.4,3.795
129.4,3.795
129.5,3.795
129.5,3.795
129.5,3.795
129.5,3.795
129.6,3.795
129.6,3.795
129.7,3.795
129.7,3.795
129.8,3.795
129.8,3.795
129.9,3.795
129.9,3.795
129.9,3.795
129.9,3.795
130.0,3.795
130.0,3.795
130.0,3.795
130.0,3.795
130.1,3.795
130.1,3.795
130.2,3.795
130.2,3.795
130.2,3.795
130.2,3.795
130.3,3.795
130.3,3.795
130.4,3.795
130.4,3.795
130.4,3.795
130.4,3.795
130.5,3.795
130.5,3.795
130.5,3.795
130.5,3.795
130.6,3.795
130.6,3.795
130.7,3.795
130.7,3.795
130.7,3.795
130.7,3.795
130.8,3.795
130.8,3.795
130.8,3.795
130.9,3.795
130.9,3.795
130.9,3.795
131.0,3.795
131.0,3.795
131.1,3.795
131.1,3.795
131.2,3.795
131.2,3.795
131.2,3.795
131.2,3.795
131.2,3.795
131.2,3.795
131.3,3.795
131.3,3.795
131.3,3.795
131.4,3.795
131.4,3.795
131.4,3.795
131.5,3.795
131.5,3.795
131.6,3.795
131.6,3.795
131.6,3.795
131.6,3.795
131.7,3.795
131.7,3.795
131.8,3.795
131.8,3.795
131.8,3.795
131.9,3.795
131.9,3.795
131.9,3.795
131.9,3.795
132.0,3.795
132.0,3.795
132.1,3.795
132.1,3.795
132.1,3.795
132.1,3.795
132.2,3.795
132.2,3.795
132.2,3.795
132.2,3.795
132.3,3.795
132.3,3.795
132.3,3.795
132.4,3.795
132.4,3.795
132.5,3.795
132.5,3.795
132.5,3.795
132.6,3.795
132.6,3.795
132.7,3.795
132.7,3.795
132.7,3.795
132.7,3.795
132.8,3.795
132.8,3.795
132.8,3.795
132.8,3.795
132.9,3.795
132.9,3.795
132.9,3.795
133.0,3.795
133.0,3.795
133.0,3.795
133.1,3.795
133.1,3.795
133.2,3.795
133.2,3.795
133.2,3.795
133.3,3.795
133.3,3.795
133.3,3.795
133.3,3.795
133.3,3.795
133.4,3.795
133.4,3.795
133.4,3.795
133.5,3.795
133.5,3.795
133.6,3.795
133.6,3.795
133.6,3.795
133.6,3.795
133.7,3.795
133.7,3.795
133.7,3.795
133.7,3.795
133.8,3.795
133.8,3.795
133.9,3.795
133.9,3.795
133.9,3.795
134.0,3.795
134.1,3.800
134.1,3.800
134.1,3.800
134.1,3.800
134.1,3.800
134.2,3.800
134.2,3.800
134.2,3.800
134.2,3.800
134.3,3.800
134.4,3.800
134.4,3.800
134.4,3.800
134.5,3.800
134.5,3.800
134.5,3.800
134.5,3.800
134.6,3.800
134.6,3.800
134.6,3.800
134.7,3.800
134.7,3.800
134.7,3.800
134.7,3.800
134.7,3.800
134.8,3.800
134.9,3.800
134.9,3.800
134.9,3.800
135.0,3.800
135.0,3.800
135.0,3.800
135.1,3.800
135.1,3.800
135.1,3.800
135.2,3.800
135.2,3.800
135.2,3.800
135.2,3.800
135.3,3.800
135.3,3.800
135.3,3.800
135.4,3.800
135.4,3.800
135.5,3.800
135.5,3.800
135.5,3.800
135.6,3.800
135.6,3.800
135.6,3.800
135.6,3.800
135.6,3.800
135.7,3.800
135.7,3.800
135.8,3.800
135.8,3.800
135.9,3.800
135.9,3.800
135.9,3.800
136.0,3.800
136.0,3.800
136.0,3.800
136.0,3.800
136.1,3.800
136.1,3.800
136.1,3.800
136.1,3.800
136.1,3.800
136.2,3.800
136.2,3.800
136.3,3.800
136.3,3.800
136.4,3.800
136.4,3.800
136.4,3.800
136.4,3.800
136.5,3.800
136.5,3.800
136.6,3.800
136.6,3.800
136.6,3.800
136.7,3.800
136.7,3.800
136.7,3.800
136.8,3.800
136.8,3.800
136.9,3.800
136.9,3.800
136.9,3.800
136.9,3.800
137.0,3.800
137.0,3.800
137.0,3.800
137.0,3.800
137.0,3.800
137.1,3.800
137.1,3.800
137.1,3.800
137.2,3.800
137.2,3.800
137.2,3.800
137.3,3.800
137.3,3.800
137.4,3.800
137.4,3.800
137.4,3.800
137.4,3.800
137.5,3.800
137.5,3.800
137.5,3.800
137.5,3.800
137.6,3.800
137.6,3.800
137.6,3.800
137.7,3.800
137.7,3.800
137.7,3.800
137.7,3.800
137.8,3.800
137.8,3.800
137.8,3.800
137.9,3.800
137.9,3.800
137.9,3.800
138.0,3.800
138.0,3.800
138.1,3.800
138.1,3.800
138.1,3.800
138.1,3.800
138.2,3.800
138.2,3.800
138.3,3.800
138.3,3.800
138.3,3.800
138.3,3.800
138.4,3.800
138.4,3.800
138.5,3.800
138.5,3.800
138.5,3.800
138.5,3.800
138.6,3.800
138.6,3.800
138.6,3.800
138.6,3.800
138.7,3.800
138.7,3.800
138.8,3.800
138.8,3.800
138.8,3.800
138.8,3.800
138.9,3.800
138.9,3.800
138.9,3.800
138.9,3.800
139.0,3.800
139.0,3.800
139.0,3.800
139.0,3.800
139.1,3.800
139.1,3.800
139.2,3.800
139.2,3.800
139.2,3.800
139.2,3.800
139.3,3.800
139.3,3.800
139.4,3.800
139.4,3.800
139.4,3.800
139.5,3.800
139.5,3.800
139.6,3.805
139.6,3.805
139.6,3.805
139.6,3.805
139.6,3.805
139.6,3.805
139.7,3.805
139.7,3.805
139.8,3.805
139.8,3.805
139.9,3.805
139.9,3.805
139.9,3.805
139.9,3.805
140.0,3.805
140.0,3.805
140.1,3.805
140.1,3.805
140.1,3.805
140.1,3.805
140.2,3.805
140.2,3.805
140.2,3.805
140.2,3.805
140.3,3.805
140.3,3.805
140.3,3.805
140.4,3.805
140.4,3.805
140.4,3.805
140.5,3.805
140.5,3.805
140.5,3.805
140.5,3.805
140.6,3.805
140.6,3.805
140.7,3.805
140.7,3.805
140.7,3.805
140.8,3.805
140.8,3.805
140.8,3.805
140.8,3.805
140.8,3.805
140.9,3.805
140.9,3.805
141.0,3.805
141.0,3.805
141.1,3.805
141.1,3.805
141.1,3.805
141.1,3.805
141.1,3.805
141.2,3.805
141.2,3.805
141.2,3.805
141.3,3.805
141.2,3.805
141.3,3.805
141.3,3.805
141.4,3.805
141.4,3.805
141.4,3.805
141.5,3.805
141.5,3.805
141.5,3.805
141.6,3.805
141.6,3.805
141.6,3.805
141.6,3.805
141.7,3.805
141.7,3.805
141.8,3.805
141.8,3.805
141.9,3.805
141.9,3.805
141.9,3.805
141.9,3.805
141.9,3.805
142.0,3.805
142.0,3.805
142.0,3.805
142.0,3.805
142.1,3.805
142.1,3.805
142.1,3.805
142.1,3.805
142.2,3.805
142.2,3.805
142.3,3.805
142.3,3.805
142.4,3.805
142.4,3.805
142.4,3.805
142.4,3.805
142.4,3.805
142.4,3.805
142.4,3.805
142.4,3.805
142.4,3.805
142.4,3.805
142.6,3.805
142.6,3.805
142.6,3.805
142.7,3.805
142.7,3.805
142.8,3.805
142.8,3.805
142.8,3.805
142.8,3.805
142.9,3.805
142.9,3.805
142.9,3.805
143.0,3.805
143.0,3.805
143.0,3.805
143.1,3.805
143.1,3.805
143.2,3.805
143.2,3.805
143.2,3.805
143.2,3.805
143.2,3.805
143.3,3.805
143.3,3.805
143.3,3.805
143.4,3.805
143.4,3.805
143.4,3.805
143.5,3.805
143.5,3.805
143.5,3.805
143.5,3.805
143.5,3.805
143.6,3.805
143.6,3.805
143.6,3.805
143.7,3.805
143.7,3.805
143.7,3.805
143.8,3.805
143.8,3.805
143.9,3.805
143.9,3.805
143.9,3.805
143.9,3.805
143.9,3.805
144.0,3.805
144.1,3.805
144.1,3.805
144.1,3.805
144.1,3.805
144.2,3.805
144.2,3.805
144.2,3.805
144.2,3.805
144.3,3.805
144.3,3.805
144.3,3.805
144.3,3.805
144.4,3.805
144.4,3.805
144.5,3.805
144.5,3.805
144.6,3.805
144.6,3.805
144.6,3.805
144.6,3.805
144.7,3.805
144.7,3.805
144.7,3.805
144.7,3.805
144.7,3.805
144.8,3.805
144.7,3.805
144.8,3.805
144.9,3.805
144.9,3.805
144.9,3.805
144.9,3.805
144.9,3.805
145.0,3.805
145.1,3.805
145.1,3.805
145.1,3.810
145.1,3.810
145.1,3.810
145.2,3.810
145.2,3.810
145.2,3.810
145.3,3.810
145.3,3.810
145.3,3.810
145.3,3.810
145.4,3.810
145.4,3.810
145.4,3.810
145.5,3.810
145.5,3.810
145.5,3.810
145.6,3.810
145.6,3.810
145.6,3.810
145.6,3.810
145.7,3.810
145.7,3.810
145.7,3.810
145.8,3.810
145.8,3.810
145.8,3.810
145.8,3.810
145.8,3.810
145.8,3.810
145.9,3.810
145.9,3.810
146.0,3.810
146.0,3.810
146.0,3.810
146.1,3.810
146.1,3.810
146.1,3.810
146.1,3.810
146.2,3.810
146.2,3.810
146.2,3.810
146.3,3.810
146.3,3.810
146.3,3.810
146.3,3.810
146.3,3.810
146.3,3.810
146.4,3.810
146.4,3.810
146.5,3.810
146.5,3.810
146.6,3.810
146.6,3.810
146.6,3.810
146.6,3.810
146.6,3.810
146.6,3.810
146.7,3.810
146.7,3.810
146.7,3.810
146.7,3.810
146.7,3.810
146.8,3.810
146.8,3.810
146.9,3.810
146.9,3.810
146.9,3.810
147.0,3.810
147.0,3.810
147.0,3.810
147.1,3.810
147.1,3.810
147.1,3.810
147.2,3.810
147.2,3.810
147.2,3.810
147.3,3.810
147.3,3.810
147.3,3.810
147.3,3.810
147.3,3.810
147.4,3.810
147.4,3.810
147.4,3.810
147.5,3.810
147.5,3.810
147.5,3.810
147.6,3.810
147.6,3.810
147.6,3.810
147.6,3.810
147.6,3.810
147.6,3.810
147.6,3.810
147.6,3.810
147.6,3.810
147.8,3.810
147.8,3.810
147.8,3.810
147.9,3.810
147.9,3.810
147.9,3.810
148.0,3.810
148.0,3.810
148.0,3.810
148.1,3.810
148.1,3.810
148.1,3.810
148.1,3.810
148.2,3.810
148.2,3.810
148.2,3.810
148.2,3.810
148.3,3.810
148.3,3.810
148.3,3.810
148.3,3.810
148.4,3.810
148.4,3.810
148.4,3.810
148.5,3.810
148.5,3.810
148.5,3.810
148.6,3.810
148.6,3.810
148.6,3.810
148.6,3.810
148.6,3.810
148.7,3.810
148.7,3.810
148.7,3.810
148.7,3.810
148.7,3.810
148.8,3.810
148.8,3.810
148.8,3.810
148.9,3.810
148.8,3.810
148.9,3.810
149.0,3.810
149.0,3.810
149.0,3.810
149.0,3.810
149.0,3.810
149.1,3.810
149.1,3.810
149.1,3.810
149.2,3.810
149.2,3.810
149.3,3.810
149.3,3.810
149.3,3.810
149.3,3.810
149.3,3.810
149.3,3.810
149.3,3.810
149.3,3.810
149.3,3.810
149.4,3.810
149.5,3.810
149.5,3.810
149.5,3.810
149.5,3.810
149.6,3.810
149.6,3.810
149.7,3.810
149.7,3.810
149.7,3.810
149.7,3.810
149.8,3.810
149.8,3.810
149.9,3.810
149.9,3.810
149.9,3.810
149.9,3.810
149.9,3.810
149.9,3.810
150.0,3.810
150.0,3.810
150.0,3.810
150.1,3.810
150.1,3.810
150.1,3.810
150.1,3.810
150.1,3.810
150.2,3.810
150.2,3.810
150.2,3.810
150.2,3.810
150.2,3.810
150.3,3.810
150.3,3.810
150.3,3.810
150.4,3.810
150.4,3.810
150.4,3.810
150.5,3.810
150.5,3.810
150.5,3.810
150.6,3.810
150.6,3.810
150.6,3.810
150.6,3.815
150.6,3.815
150.7,3.815
150.7,3.815
150.7,3.815
150.7,3.815
150.8,3.815
150.8,3.815
150.9,3.815
150.9,3.815
150.9,3.815
151.0,3.815
151.0,3.815
151.0,3.815
151.0,3.815
151.1,3.815
151.1,3.815
151.1,3.815
151.1,3.815
151.2,3.815
151.2,3.815
151.3,3.815
151.3,3.815
151.3,3.815
151.3,3.815
151.3,3.815
151.4,3.815
151.4,3.815
151.4,3.815
151.5,3.815
151.5,3.815
151.5,3.815
151.5,3.815
151.6,3.815
151.6,3.815
151.6,3.815
151.7,3.815
151.7,3.815
151.8,3.815
151.8,3.815
151.8,3.815
151.8,3.815
151.8,3.815
151.8,3.815
151.9,3.815
151.9,3.815
152.0,3.815
152.0,3.815
152.0,3.815
152.1,3.815
152.1,3.815
152.2,3.815
152.2,3.815
152.2,3.815
152.2,3.815
152.3,3.815
152.3,3.815
152.3,3.815
152.3,3.815
152.4,3.815
152.4,3.815
152.4,3.815
152.5,3.815
152.5,3.815
152.5,3.815
152.5,3.815
152.6,3.815
152.6,3.815
152.7,3.815
152.7,3.815
152.7,3.815
152.7,3.815
152.7,3.815
152.8,3.815
152.7,3.815
152.7,3.815
152.7,3.815
152.8,3.815
152.9,3.815
152.9,3.815
152.9,3.815
153.0,3.815
153.0,3.815
153.1,3.815
153.1,3.815
153.1,3.815
153.2,3.815
153.2,3.815
153.2,3.815
153.2,3.815
153.2,3.815
153.3,3.815
153.3,3.815
153.3,3.815
153.4,3.815
153.4,3.815
153.4,3.815
153.5,3.815
153.5,3.815
153.5,3.815
153.5,3.815
153.5,3.815
153.6,3.815
153.6,3.815
153.6,3.815
153.6,3.815
153.7,3.815
153.7,3.815
153.8,3.815
153.8,3.815
153.8,3.815
153.8,3.815
153.9,3.815
153.9,3.815
153.9,3.815
153.9,3.815
154.0,3.815
154.0,3.815
154.0,3.815
154.1,3.815
154.1,3.815
154.1,3.815
154.1,3.815
154.1,3.815
154.1,3.815
154.1,3.815
154.1,3.815
154.2,3.815
154.2,3.815
154.3,3.815
154.3,3.815
154.3,3.815
154.3,3.815
154.4,3.815
154.4,3.815
154.5,3.815
154.5,3.815
154.5,3.815
154.5,3.815
154.6,3.815
154.6,3.815
154.6,3.815
154.6,3.815
154.6,3.815
154.7,3.815
154.7,3.815
154.8,3.815
154.8,3.815
154.8,3.815
154.8,3.815
154.9,3.815
154.9,3.815
154.9,3.815
154.9,3.815
154.9,3.815
155.0,3.815
155.0,3.815
155.1,3.815
155.1,3.815
155.1,3.815
155.1,3.815
155.2,3.815
155.2,3.815
155.3,3.815
155.3,3.815
155.3,3.815
155.3,3.815
155.4,3.815
155.4,3.815
155.4,3.815
155.4,3.815
155.4,3.815
155.4,3.815
155.5,3.815
155.4,3.815
155.5,3.815
155.5,3.815
155.6,3.815
155.6,3.815
155.6,3.815
155.7,3.815
155.7,3.815
155.7,3.815
155.7,3.815
155.8,3.815
155.8,3.815
155.8,3.815
155.8,3.815
155.9,3.815
155.9,3.815
155.9,3.815
156.0,3.815
156.0,3.820
156.0,3.820
156.0,3.820
156.1,3.820
156.1,3.820
156.1,3.820
156.1,3.820
156.1,3.820
156.2,3.820
156.2,3.820
156.2,3.820
156.2,3.820
156.3,3.820
156.3,3.820
156.3,3.820
156.3,3.820
156.4,3.820
156.4,3.820
156.4,3.820
156.4,3.820
156.4,3.820
156.5,3.820
156.5,3.820
156.5,3.820
156.5,3.820
156.5,3.820
156.6,3.820
156.6,3.820
156.7,3.820
156.7,3.820
156.8,3.820
156.8,3.820
156.9,3.820
156.9,3.820
156.9,3.820
156.9,3.820
157.0,3.820
157.0,3.820
157.0,3.820
157.0,3.820
157.1,3.820
157.1,3.820
157.2,3.820
157.2,3.820
157.2,3.820
157.2,3.820
157.3,3.820
157.3,3.820
157.3,3.820
157.3,3.820
157.3,3.820
157.3,3.820
157.3,3.820
157.4,3.820
157.4,3.820
157.5,3.820
157.5,3.820
157.5,3.820
157.5,3.820
157.5,3.820
157.5,3.820
157.5,3.820
157.5,3.820
157.6,3.820
157.6,3.820
157.7,3.820
157.7,3.820
157.7,3.820
157.7,3.820
157.8,3.820
157.8,3.820
157.9,3.820
157.9,3.820
157.9,3.820
157.9,3.820
157.9,3.820
158.0,3.820
158.0,3.820
158.0,3.820
158.0,3.820
158.0,3.820
158.0,3.820
158.0,3.820
158.0,3.820
158.1,3.820
158.1,3.820
158.2,3.820
158.2,3.820
158.3,3.820
158.3,3.820
158.3,3.820
158.3,3.820
158.3,3.820
158.3,3.820
158.4,3.820
158.4,3.820
158.5,3.820
158.5,3.820
158.5,3.820
158.5,3.820
158.5,3.820
158.5,3.820
158.5,3.820
158.5,3.820
158.5,3.820
158.6,3.820
158.7,3.820
158.7,3.820
158.7,3.820
158.8,3.820
158.8,3.820
158.8,3.820
158.9,3.820
158.9,3.820
158.9,3.820
158.9,3.820
158.9,3.820
158.9,3.820
158.9,3.820
159.0,3.820
158.9,3.820
159.0,3.820
159.0,3.820
159.1,3.820
159.1,3.820
159.1,3.820
159.1,3.820
159.1,3.820
159.1,3.820
159.1,3.820
159.1,3.820
159.2,3.820
159.3,3.820
159.3,3.820
159.3,3.820
159.4,3.820
159.4,3.820
159.4,3.820
159.4,3.820
159.5,3.820
159.5,3.820
159.5,3.820
159.5,3.820
159.5,3.820
159.5,3.820
159.5,3.820
159.5,3.820
159.5,3.820
159.6,3.820
159.5,3.820
159.7,3.820
159.7,3.820
159.8,3.820
159.8,3.820
159.8,3.820
159.8,3.820
159.8,3.820
159.8,3.820
159.9,3.820
159.8,3.820
159.8,3.820
159.8,3.820
159.9,3.820
159.9,3.820
159.9,3.820
159.9,3.820
160.0,3.820
160.0,3.820
160.1,3.820
160.1,3.820
160.1,3.820
160.1,3.820
160.2,3.820
160.2,3.820
160.2,3.820
160.3,3.820
160.3,3.820
160.3,3.820
160.3,3.820
160.3,3.820
160.3,3.820
160.3,3.820
160.3,3.820
160.3,3.820
160.4,3.820
160.5,3.820
160.5,3.820
160.5,3.820
160.5,3.820
160.5,3.820
160.5,3.820
160.5,3.820
160.5,3.820
160.5,3.820
160.6,3.820
160.6,3.820
160.7,3.820
160.7,3.820
160.8,3.820
160.8,3.820
160.8,3.820
160.8,3.820
160.9,3.820
160.9,3.820
160.9,3.820
160.9,3.820
160.9,3.820
160.9,3.820
160.9,3.820
160.9,3.820
161.0,3.820
161.0,3.820
161.1,3.820
161.1,3.820
161.1,3.820
161.1,3.825
161.2,3.825
161.2,3.825
161.2,3.825
161.2,3.825
161.3,3.825
161.3,3.825
161.3,3.825
161.4,3.825
161.4,3.825
161.4,3.825
161.4,3.825
161.4,3.825
161.4,3.825
161.4,3.825
161.4,3.825
161.4,3.825
161.4,3.825
161.5,3.825
161.5,3.825
161.5,3.825
161.6,3.825
161.6,3.825
161.6,3.825
161.7,3.825
161.7,3.825
161.7,3.825
161.7,3.825
161.7,3.825
161.8,3.825
161.8,3.825
161.8,3.825
161.8,3.825
161.9,3.825
161.8,3.825
161.8,3.825
161.8,3.825
161.9,3.825
161.9,3.825
161.9,3.825
161.9,3.825
162.0,3.825
162.0,3.825
162.0,3.825
162.1,3.825
162.1,3.825
162.1,3.825
162.1,3.825
162.2,3.825
162.2,3.825
162.2,3.825
162.2,3.825
162.2,3.825
162.2,3.825
162.3,3.825
162.3,3.825
162.3,3.825
162.3,3.825
162.3,3.825
162.4,3.825
162.4,3.825
162.4,3.825
162.4,3.825
162.5,3.825
162.5,3.825
162.5,3.825
162.5,3.825
162.6,3.825
162.6,3.825
162.5,3.825
162.5,3.825
162.6,3.825
162.6,3.825
162.6,3.825
162.6,3.825
162.6,3.825
162.6,3.825
162.7,3.825
162.7,3.825
162.8,3.825
162.8,3.825
162.8,3.825
162.8,3.825
162.8,3.825
162.8,3.825
162.9,3.825
162.9,3.825
162.9,3.825
162.9,3.825
162.9,3.825
162.9,3.825
162.9,3.825
163.0,3.825
163.0,3.825
163.1,3.825
163.0,3.825
163.1,3.825
163.1,3.825
163.2,3.825
163.1,3.825
163.1,3.825
163.2,3.825
163.2,3.825
163.2,3.825
163.2,3.825
163.2,3.825
163.3,3.825
163.3,3.825
163.3,3.825
163.4,3.825
163.4,3.825
163.4,3.825
163.4,3.825
163.4,3.825
163.5,3.825
163.4,3.825
163.4,3.825
163.4,3.825
163.5,3.825
163.5,3.825
163.5,3.825
163.5,3.825
163.6,3.825
163.7,3.825
163.7,3.825
163.7,3.825
163.7,3.825
163.7,3.825
163.8,3.825
163.7,3.825
163.7,3.825
163.8,3.825
163.8,3.825
163.9,3.825
163.9,3.825
163.9,3.825
163.9,3.825
163.9,3.825
163.9,3.825
163.9,3.825
163.9,3.825
163.9,3.825
163.9,3.825
163.9,3.825
164.0,3.825
164.0,3.825
164.0,3.825
164.1,3.825
164.1,3.825
164.1,3.825
164.1,3.825
164.1,3.825
164.1,3.825
164.2,3.825
164.2,3.825
164.3,3.825
164.3,3.825
164.3,3.825
164.3,3.825
164.3,3.825
164.3,3.825
164.3,3.825
164.3,3.825
164.4,3.825
164.4,3.825
164.5,3.825
164.5,3.825
164.5,3.825
164.5,3.825
164.5,3.825
164.5,3.825
164.5,3.825
164.5,3.825
164.5,3.825
164.5,3.825
164.6,3.825
164.6,3.825
164.6,3.825
164.7,3.825
164.7,3.825
164.7,3.825
164.8,3.825
164.8,3.825
164.8,3.825
164.9,3.825
164.9,3.825
164.9,3.825
164.9,3.825
164.9,3.825
164.9,3.825
164.9,3.825
164.9,3.825
164.9,3.825
164.9,3.825
164.9,3.825
164.9,3.825
165.0,3.825
165.1,3.825
165.1,3.825
165.1,3.825
165.1,3.825
165.1,3.825
165.1,3.825
165.1,3.825
165.1,3.825
165.2,3.825
165.2,3.825
165.2,3.825
165.2,3.825
165.2,3.825
165.3,3.825
165.3,3.825
165.3,3.825
165.3,3.825
165.3,3.825
165.4,3.825
165.4,3.825
165.4,3.825
165.4,3.825
165.5,3.825
165.5,3.825
165.5,3.825
165.5,3.825
165.5,3.825
165.6,3.825
165.6,3.825
165.6,3.825
165.6,3.825
165.6,3.825
165.6,3.825
165.6,3.825
165.6,3.825
165.6,3.825
165.6,3.825
165.7,3.825
165.8,3.825
165.8,3.825
165.8,3.825
165.8,3.825
165.9,3.825
165.9,3.825
165.9,3.825
165.9,3.825
165.9,3.825
165.9,3.825
165.9,3.825
165.9,3.825
166.0,3.825
166.0,3.825
166.1,3.825
166.1,3.825
166.1,3.825
166.1,3.825
166.1,3.825
166.1,3.825
166.1,3.825
166.1,3.825
166.1,3.825
166.1,3.825
166.1,3.825
166.2,3.825
166.2,3.825
166.3,3.825
166.3,3.825
166.3,3.825
166.3,3.825
166.3,3.825
166.3,3.825
166.3,3.825
166.3,3.825
166.4,3.825
166.4,3.825
166.5,3.825
166.5,3.825
166.5,3.825
166.5,3.825
166.5,3.825
166.6,3.830
166.6,3.830
166.6,3.830
166.6,3.830
166.7,3.830
166.6,3.830
166.7,3.830
166.7,3.830
166.8,3.830
166.8,3.830
166.8,3.830
166.8,3.830
166.8,3.830
166.8,3.830
166.8,3.830
166.8,3.830
166.8,3.830
166.8,3.830
166.9,3.830
167.0,3.830
167.0,3.830
167.0,3.830
167.0,3.830
167.0,3.830
167.0,3.830
167.0,3.830
167.1,3.830
167.1,3.830
167.2,3.830
167.2,3.830
167.2,3.830
167.3,3.830
167.3,3.830
167.3,3.830
167.3,3.830
167.3,3.830
167.4,3.830
167.3,3.830
167.3,3.830
167.3,3.830
167.4,3.830
167.4,3.830
167.4,3.830
167.4,3.830
167.5,3.830
167.5,3.830
167.6,3.830
167.6,3.830
167.6,3.830
167.6,3.830
167.6,3.830
167.7,3.830
167.6,3.830
167.6,3.830
167.6,3.830
167.7,3.830
167.8,3.830
167.8,3.830
167.8,3.830
167.8,3.830
167.8,3.830
167.8,3.830
167.8,3.830
167.8,3.830
167.8,3.830
167.8,3.830
167.8,3.830
167.8,3.830
167.9,3.830
167.9,3.830
168.0,3.830
168.0,3.830
168.1,3.830
168.1,3.830
168.0,3.830
168.0,3.830
168.0,3.830
168.1,3.830
168.1,3.830
168.1,3.830
168.1,3.830
168.1,3.830
168.2,3.830
168.2,3.830
168.3,3.830
168.3,3.830
168.3,3.830
168.3,3.830
168.4,3.830
168.3,3.830
168.3,3.830
168.3,3.830
168.4,3.830
168.4,3.830
168.4,3.830
168.5,3.830
168.5,3.830
168.5,3.830
168.5,3.830
168.5,3.830
168.5,3.830
168.5,3.830
168.5,3.830
168.5,3.830
168.7,3.830
168.7,3.830
168.7,3.830
168.7,3.830
168.8,3.830
168.8,3.830
168.8,3.830
168.8,3.830
168.8,3.830
168.8,3.830
168.8,3.830
168.8,3.830
168.8,3.830
168.9,3.830
169.0,3.830
169.0,3.830
169.0,3.830
169.0,3.830
169.0,3.830
169.1,3.830
169.1,3.830
169.1,3.830
169.1,3.830
169.1,3.830
169.1,3.830
169.1,3.830
169.1,3.830
169.1,3.830
169.2,3.830
169.2,3.830
169.3,3.830
169.3,3.830
169.3,3.830
169.3,3.830
169.3,3.830
169.3,3.830
169.3,3.830
169.3,3.830
169.4,3.830
169.3,3.830
169.4,3.830
169.4,3.830
169.4,3.830
169.5,3.830
169.5,3.830
169.5,3.830
169.5,3.830
169.5,3.830
169.5,3.830
169.5,3.830
169.5,3.830
169.5,3.830
169.5,3.830
169.5,3.830
169.7,3.830
169.7,3.830
169.7,3.830
169.7,3.830
169.7,3.830
169.8,3.830
169.8,3.830
169.8,3.830
169.8,3.830
169.8,3.830
169.9,3.830
169.9,3.830
169.9,3.830
169.9,3.830
169.9,3.830
169.9,3.830
169.9,3.830
170.0,3.830
170.0,3.830
170.0,3.830
170.0,3.830
170.0,3.830
170.0,3.830
170.0,3.830
170.1,3.830
170.1,3.830
170.1,3.830
170.1,3.830
170.1,3.830
170.1,3.830
170.1,3.830
170.2,3.830
170.2,3.830
170.2,3.830
170.2,3.830
170.3,3.830
170.3,3.830
170.3,3.830
170.3,3.830
170.4,3.830
170.4,3.830
170.4,3.830
170.4,3.830
170.4,3.830
170.4,3.830
170.4,3.830
170.4,3.830
170.4,3.830
170.4,3.830
170.4,3.830
170.4,3.830
170.5,3.830
170.5,3.830
170.5,3.830
170.5,3.830
170.6,3.830
170.6,3.830
170.6,3.830
170.6,3.830
170.6,3.830
170.7,3.830
170.7,3.830
170.7,3.830
170.7,3.830
170.7,3.830
170.7,3.830
170.7,3.830
170.8,3.830
170.8,3.830
170.8,3.830
170.8,3.830
170.8,3.830
170.9,3.830
170.9,3.830
170.9,3.830
170.9,3.830
170.9,3.830
170.9,3.830
170.9,3.830
170.9,3.830
170.9,3.830
171.0,3.830
171.1,3.830
171.1,3.830
171.2,3.830
171.2,3.830
171.2,3.830
171.2,3.830
171.2,3.830
171.2,3.830
171.2,3.830
171.2,3.830
171.2,3.830
171.2,3.830
171.2,3.830
171.3,3.830
171.3,3.830
171.3,3.830
171.3,3.830
171.3,3.830
171.3,3.830
171.3,3.830
171.3,3.830
171.4,3.830
171.4,3.830
171.4,3.830
171.4,3.830
171.4,3.830
171.4,3.830
171.4,3.830
171.4,3.830
171.4,3.830
171.5,3.830
171.5,3.830
171.5,3.830
171.5,3.830
171.6,3.830
171.6,3.830
171.6,3.830
171.6,3.830
171.6,3.830
171.6,3.830
171.7,3.830
171.7,3.830
171.7,3.830
171.7,3.830
171.7,3.830
171.7,3.830
171.7,3.830
171.7,3.830
171.7,3.830
171.8,3.830
171.8,3.830
171.8,3.830
171.8,3.830
171.8,3.830
171.8,3.830
171.8,3.830
171.9,3.830
171.9,3.830
171.9,3.830
171.9,3.830
171.9,3.830
171.9,3.835
171.9,3.835
171.9,3.835
171.9,3.835
172.0,3.835
172.0,3.835
172.0,3.835
172.0,3.835
172.0,3.835
172.0,3.835
172.0,3.835
172.1,3.835
172.1,3.835
172.1,3.835
172.1,3.835
172.2,3.835
172.2,3.835
172.2,3.835
172.2,3.835
172.2,3.835
172.2,3.835
172.2,3.835
172.3,3.835
172.3,3.835
172.3,3.835
172.3,3.835
172.3,3.835
172.3,3.835
172.3,3.835
172.3,3.835
172.3,3.835
172.3,3.835
172.4,3.835
172.4,3.835
172.4,3.835
172.4,3.835
172.4,3.835
172.4,3.835
172.4,3.835
172.4,3.835
172.4,3.835
172.5,3.835
172.5,3.835
172.5,3.835
172.5,3.835
172.5,3.835
172.5,3.835
172.6,3.835
172.6,3.835
172.6,3.835
172.7,3.835
172.7,3.835
172.7,3.835
172.7,3.835
172.7,3.835
172.7,3.835
172.7,3.835
172.7,3.835
172.7,3.835
172.7,3.835
172.7,3.835
172.7,3.835
172.7,3.835
172.7,3.835
172.7,3.835
172.8,3.835
172.8,3.835
172.8,3.835
172.8,3.835
172.8,3.835
172.8,3.835
172.8,3.835
172.9,3.835
172.9,3.835
172.9,3.835
172.9,3.835
172.9,3.835
172.9,3.835
172.9,3.835
173.0,3.835
173.0,3.835
173.1,3.835
173.0,3.835
173.0,3.835
173.0,3.835
173.1,3.835
173.1,3.835
173.1,3.835
173.1,3.835
173.1,3.835
173.1,3.835
173.2,3.835
173.2,3.835
173.2,3.835
173.2,3.835
173.2,3.835
173.2,3.835
173.2,3.835
173.2,3.835
173.2,3.835
173.2,3.835
173.2,3.835
173.4,3.835
173.4,3.835
173.4,3.835
173.4,3.835
173.4,3.835
173.4,3.835
173.4,3.835
173.4,3.835
173.4,3.835
173.4,3.835
173.4,3.835
173.4,3.835
173.4,3.835
173.4,3.835
173.5,3.835
173.5,3.835
173.5,3.835
173.6,3.835
173.6,3.835
173.6,3.835
173.6,3.835
173.6,3.835
173.7,3.835
173.6,3.835
173.6,3.835
173.6,3.835
173.7,3.835
173.7,3.835
173.7,3.835
173.7,3.835
173.7,3.835
173.7,3.835
173.7,3.835
173.8,3.835
173.8,3.835
173.8,3.835
173.8,3.835
173.8,3.835
173.8,3.835
173.8,3.835
173.8,3.835
173.8,3.835
173.8,3.835
173.8,3.835
173.8,3.835
174.0,3.835
173.9,3.835
173.9,3.835
173.9,3.835
174.0,3.835
174.0,3.835
174.0,3.835
174.0,3.835
174.0,3.835
174.0,3.835
174.0,3.835
174.0,3.835
174.1,3.835
174.1,3.835
174.1,3.835
174.1,3.835
174.1,3.835
174.1,3.835
174.1,3.835
174.1,3.835
174.2,3.835
174.2,3.835
174.2,3.835
174.2,3.835
174.2,3.835
174.2,3.835
174.2,3.835
174.2,3.835
174.2,3.835
174.3,3.835
174.3,3.835
174.3,3.835
174.3,3.835
174.3,3.835
174.3,3.835
174.3,3.835
174.3,3.835
174.3,3.835
174.4,3.835
174.4,3.835
174.4,3.835
174.4,3.835
174.4,3.835
174.5,3.835
174.5,3.835
174.5,3.835
174.5,3.835
174.5,3.835
174.5,3.835
174.5,3.835
174.5,3.835
174.5,3.835
174.5,3.835
174.6,3.835
174.6,3.835
174.6,3.835
174.7,3.835
174.7,3.835
174.7,3.835
174.7,3.835
174.7,3.835
174.7,3.835
174.7,3.835
174.7,3.835
174.7,3.835
174.7,3.835
174.7,3.835
174.8,3.835
174.8,3.835
174.8,3.835
174.9,3.835
174.9,3.835
174.9,3.835
174.9,3.835
174.9,3.835
174.9,3.835
174.9,3.835
174.9,3.835
174.9,3.835
174.9,3.835
174.9,3.835
174.9,3.835
174.9,3.835
174.9,3.835
175.0,3.835
175.0,3.835
175.0,3.835
175.0,3.835
175.0,3.835
175.0,3.835
175.0,3.835
175.0,3.835
175.1,3.835
175.1,3.835
175.1,3.835
175.1,3.835
175.1,3.835
175.1,3.835
175.1,3.835
175.2,3.835
175.2,3.835
175.2,3.835
175.2,3.835
175.2,3.835
175.2,3.835
175.2,3.835
175.2,3.835
175.2,3.835
175.2,3.835
175.3,3.835
175.3,3.835
175.3,3.835
175.3,3.835
175.3,3.835
175.3,3.835
175.3,3.835
175.3,3.835
175.4,3.835
175.4,3.835
175.4,3.835
175.4,3.835
175.4,3.835
175.4,3.835
175.4,3.835
175.4,3.835
175.4,3.835
175.4,3.835
175.4,3.835
175.5,3.835
175.5,3.835
175.5,3.835
175.5,3.835
175.5,3.835
175.5,3.835
175.5,3.835
175.5,3.835
175.5,3.835
175.5,3.835
175.6,3.835
175.6,3.835
175.6,3.835
175.6,3.835
175.6,3.835
175.6,3.835
175.6,3.835
175.6,3.835
175.7,3.835
175.7,3.835
175.7,3.835
175.7,3.835
175.7,3.835
175.7,3.835
175.7,3.835
175.7,3.835
175.7,3.835
175.8,3.835
175.8,3.835
175.8,3.835
175.8,3.835
175.8,3.835
175.8,3.835
175.8,3.835
175.8,3.835
175.8,3.835
175.8,3.835
175.9,3.835
175.9,3.835
175.9,3.835
175.9,3.835
175.9,3.835
175.9,3.835
175.9,3.835
176.0,3.835
176.0,3.835
176.0,3.835
176.0,3.835
176.0,3.835
176.0,3.835
176.0,3.835
176.0,3.835
176.0,3.835
176.0,3.835
176.0,3.835
176.0,3.835
176.0,3.835
176.0,3.835
176.1,3.835
176.1,3.835
176.1,3.835
176.1,3.835
176.1,3.835
176.1,3.835
176.2,3.835
176.2,3.835
176.2,3.835
176.2,3.835
176.2,3.835
176.2,3.835
176.2,3.835
176.2,3.835
176.3,3.835
176.3,3.835
176.3,3.835
176.3,3.835
176.3,3.835
176.3,3.835
176.3,3.835
176.3,3.835
176.3,3.835
176.3,3.835
176.3,3.835
176.3,3.835
176.4,3.835
176.4,3.835
176.4,3.835
176.4,3.835
176.4,3.835
176.4,3.835
176.4,3.835
176.4,3.835
176.4,3.835
176.4,3.835
176.4,3.835
176.4,3.835
176.4,3.835
176.5,3.835
176.5,3.835
176.5,3.835
176.5,3.835
176.5,3.835
176.5,3.835
176.6,3.835
176.6,3.835
176.6,3.835
176.6,3.835
176.7,3.835
176.7,3.835
176.7,3.835
176.7,3.835
176.7,3.835
176.7,3.835
176.7,3.835
176.7,3.835
176.7,3.835
176.7,3.835
176.7,3.835
176.7,3.835
176.7,3.835
176.7,3.835
176.7,3.835
176.7,3.835
176.7,3.835
176.8,3.835
176.8,3.835
176.8,3.835
176.8,3.835
176.8,3.835
176.8,3.835
176.8,3.835
176.8,3.835
176.8,3.835
176.9,3.835
176.9,3.835
176.9,3.835
176.9,3.835
176.9,3.835
176.9,3.835
176.9,3.835
176.9,3.835
176.9,3.835
177.0,3.835
177.0,3.835
177.1,3.835
177.1,3.835
177.1,3.835
177.1,3.835
177.1,3.835
177.1,3.835
177.1,3.835
177.1,3.835
177.1,3.835
177.1,3.835
177.1,3.835
177.1,3.835
177.1,3.835
177.1,3.835
177.1,3.835
177.1,3.840
177.1,3.840
177.2,3.840
177.2,3.840
177.2,3.840
177.2,3.840
177.2,3.840
177.2,3.840
177.2,3.840
177.2,3.840
177.2,3.840
177.3,3.840
177.3,3.840
177.3,3.840
177.3,3.840
177.3,3.840
177.3,3.840
177.3,3.840
177.4,3.840
177.4,3.840
177.4,3.840
177.4,3.840
177.4,3.840
177.4,3.840
177.4,3.840
177.4,3.840
177.4,3.840
177.4,3.840
177.5,3.840
177.5,3.840
177.5,3.840
177.5,3.840
177.5,3.840
177.5,3.840
177.5,3.840
177.5,3.840
177.5,3.840
177.5,3.840
177.5,3.840
177.5,3.840
177.6,3.840
177.6,3.840
177.6,3.840
177.6,3.840
177.6,3.840
177.6,3.840
177.6,3.840
177.6,3.840
177.7,3.840
177.7,3.840
177.7,3.840
177.7,3.840
177.7,3.840
177.7,3.840
177.7,3.840
177.7,3.840
177.7,3.840
177.7,3.840
177.8,3.840
177.8,3.840
177.8,3.840
177.8,3.840
177.8,3.840
177.8,3.840
177.8,3.840
177.8,3.840
177.8,3.840
177.8,3.840
177.8,3.840
177.8,3.840
177.8,3.840
177.9,3.840
177.9,3.840
177.9,3.840
177.9,3.840
177.9,3.840
177.9,3.840
177.9,3.840
177.9,3.840
177.9,3.840
177.9,3.840
178.0,3.840
178.0,3.840
178.0,3.840
178.0,3.840
178.0,3.840
178.0,3.840
178.0,3.840
178.0,3.840
178.0,3.840
178.0,3.840
178.0,3.840
178.1,3.840
178.1,3.840
178.1,3.840
178.1,3.840
178.1,3.840
178.1,3.840
178.1,3.840
178.1,3.840
178.1,3.840
178.1,3.840
178.2,3.840
178.2,3.840
178.2,3.840
178.2,3.840
178.2,3.840
178.2,3.840
178.2,3.840
178.2,3.840
178.2,3.840
178.3,3.840
178.3,3.840
178.3,3.840
178.3,3.840
178.3,3.840
178.3,3.840
178.3,3.840
178.3,3.840
178.3,3.840
178.4,3.840
178.4,3.840
178.4,3.840
178.4,3.840
178.4,3.840
178.4,3.840
178.4,3.840
178.4,3.840
178.4,3.840
178.5,3.840
178.5,3.840
178.5,3.840
178.5,3.840
178.5,3.840
178.5,3.840
178.5,3.840
178.5,3.840
178.5,3.840
178.6,3.840
178.6,3.840
178.6,3.840
178.6,3.840
178.6,3.840
178.6,3.840
178.6,3.840
178.6,3.840
178.6,3.840
178.6,3.840
178.7,3.840
178.7,3.840
178.7,3.840
178.7,3.840
178.7,3.840
178.7,3.840
178.7,3.840
178.7,3.840
178.7,3.840
178.8,3.840
178.8,3.840
178.8,3.840
178.8,3.840
178.8,3.840
178.8,3.840
178.8,3.840
178.8,3.840
178.8,3.840
178.8,3.840
178.8,3.840
178.8,3.840
178.8,3.840
178.8,3.840
178.8,3.840
178.9,3.840
178.9,3.840
178.9,3.840
178.9,3.840
178.9,3.840
178.9,3.840
178.9,3.840
178.9,3.840
179.0,3.840
179.0,3.840
179.0,3.840
179.0,3.840
179.0,3.840
179.0,3.840
179.0,3.840
179.0,3.840
179.0,3.840
179.1,3.840
179.1,3.840
179.1,3.840
179.1,3.840
179.1,3.840
179.1,3.840
179.1,3.840
179.1,3.840
179.1,3.840
179.1,3.840
179.1,3.840
179.2,3.840
179.2,3.840
179.2,3.840
179.2,3.840
179.2,3.840
179.2,3.840
179.2,3.840
179.2,3.840
179.2,3.840
179.2,3.840
179.2,3.840
179.3,3.840
179.3,3.840
179.3,3.840
179.3,3.840
179.3,3.840
179.3,3.840
179.3,3.840
179.4,3.840
179.4,3.840
179.4,3.840
179.4,3.840
179.4,3.840
179.4,3.840
179.4,3.840
179.4,3.840
179.4,3.840
179.4,3.840
179.4,3.840
179.5,3.840
179.5,3.840
179.5,3.840
179.5,3.840
179.5,3.840
179.5,3.840
179.5,3.840
179.5,3.840
179.5,3.840
179.5,3.840
179.5,3.840
179.5,3.840
179.6,3.840
179.6,3.840
179.6,3.840
179.6,3.840
179.6,3.840
179.6,3.840
179.6,3.840
179.6,3.840
179.6,3.840
179.6,3.840
179.6,3.840
179.6,3.840
179.6,3.840
179.6,3.840
179.7,3.840
179.7,3.840
179.8,3.840
179.7,3.840
179.7,3.840
179.7,3.840
179.7,3.840
179.8,3.840
179.8,3.840
179.8,3.840
179.8,3.840
179.8,3.840
179.8,3.840
179.8,3.840
179.8,3.840
179.8,3.840
179.8,3.840
179.8,3.840
179.8,3.840
179.9,3.840
179.9,3.840
179.9,3.840
179.9,3.840
179.9,3.840
179.9,3.840
179.9,3.840
180.0,3.840
180.0,3.840
180.0,3.840
180.0,3.840
180.0,3.840
180.0,3.840
180.0,3.840
180.0,3.840
180.0,3.840
180.0,3.840
180.0,3.840
180.0,3.840
180.0,3.840
180.0,3.840
180.1,3.840
180.1,3.840
180.1,3.840
180.1,3.840
180.1,3.840
180.1,3.840
180.1,3.840
180.1,3.840
180.1,3.840
180.1,3.840
180.1,3.840
180.1,3.840
180.2,3.840
180.2,3.840
180.2,3.840
180.2,3.840
180.2,3.840
180.2,3.840
180.3,3.840
180.3,3.840
180.3,3.840
180.3,3.840
180.3,3.840
180.3,3.840
180.3,3.840
180.3,3.840
180.3,3.840
180.3,3.840
180.3,3.840
180.3,3.840
180.3,3.840
180.4,3.840
180.4,3.840
180.4,3.840
180.4,3.840
180.4,3.840
180.4,3.840
180.4,3.840
180.4,3.840
180.4,3.840
180.4,3.840
180.4,3.840
180.5,3.840
180.5,3.840
180.5,3.840
180.5,3.840
180.6,3.840
180.6,3.840
180.6,3.840
180.6,3.840
180.6,3.840
180.6,3.840
180.6,3.840
180.6,3.840
180.6,3.840
180.6,3.840
180.6,3.840
180.6,3.840
180.6,3.840
180.6,3.840
180.6,3.840
180.6,3.840
180.6,3.840
180.7,3.840
180.7,3.840
180.7,3.840
180.7,3.840
180.7,3.840
180.7,3.840
180.7,3.840
180.7,3.840
180.7,3.840
180.7,3.840
180.8,3.840
180.8,3.840
180.8,3.840
180.8,3.840
180.8,3.840
180.8,3.840
180.8,3.840
180.8,3.840
180.8,3.840
180.9,3.840
180.9,3.840
180.9,3.840
180.9,3.840
180.9,3.840
180.9,3.840
180.9,3.840
180.9,3.840
180.9,3.840
180.9,3.840
180.9,3.840
180.9,3.840
180.9,3.840
180.9,3.840
180.9,3.840
180.9,3.840
180.9,3.840
181.0,3.840
181.0,3.840
181.0,3.840
181.0,3.840
181.0,3.840
181.0,3.840
181.0,3.840
181.0,3.840
181.0,3.840
181.0,3.840
181.0,3.840
181.1,3.840
181.1,3.840
181.1,3.840
181.1,3.840
181.1,3.840
181.1,3.840
181.1,3.840
181.2,3.840
181.2,3.840
181.2,3.840
181.2,3.840
181.2,3.840
181.2,3.840
181.2,3.840
181.2,3.840
181.2,3.840
181.2,3.840
181.2,3.840
181.2,3.840
181.3,3.840
181.3,3.840
181.3,3.840
181.3,3.840
181.3,3.840
181.3,3.840
181.3,3.840
181.4,3.840
181.4,3.840
181.4,3.840
181.4,3.840
181.4,3.840
181.4,3.840
181.4,3.840
181.4,3.840
181.4,3.840
181.4,3.840
181.4,3.840
181.4,3.840
181.5,3.840
181.5,3.840
181.5,3.840
181.5,3.840
181.5,3.840
181.5,3.840
181.5,3.840
181.5,3.840
181.5,3.840
181.5,3.840
181.5,3.840
181.6,3.840
181.6,3.840
181.6,3.840
181.6,3.840
181.6,3.840
181.6,3.840
181.6,3.840
181.6,3.840
181.7,3.840
181.7,3.840
181.7,3.840
181.8,3.840
181.8,3.840
181.8,3.840
181.8,3.840
181.8,3.840
181.8,3.840
181.8,3.840
181.8,3.840
181.8,3.840
181.8,3.840
181.8,3.840
181.8,3.840
181.9,3.840
181.9,3.840
181.9,3.840
181.9,3.840
181.9,3.840
182.0,3.840
182.0,3.845
182.0,3.845
182.0,3.845
182.0,3.845
182.0,3.845
182.1,3.845
182.1,3.845
182.1,3.845
182.1,3.845
182.1,3.845
182.1,3.845
182.1,3.845
182.2,3.845
182.2,3.845
182.2,3.845
182.2,3.845
182.2,3.845
182.2,3.845
182.2,3.845
182.2,3.845
182.2,3.845
182.2,3.845
182.2,3.845
182.3,3.845
182.3,3.845
182.3,3.845
182.4,3.845
182.4,3.845
182.4,3.845
182.4,3.845
182.4,3.845
182.4,3.845
182.4,3.845
182.4,3.845
182.4,3.845
182.4,3.845
182.5,3.845
182.5,3.845
182.5,3.845
182.5,3.845
182.5,3.845
182.5,3.845
182.5,3.845
182.6,3.845
182.6,3.845
182.6,3.845
182.6,3.845
182.6,3.845
182.7,3.845
182.7,3.845
182.7,3.845
182.7,3.845
182.7,3.845
182.7,3.845
182.7,3.845
182.7,3.845
182.7,3.845
182.7,3.845
182.7,3.845
182.8,3.845
182.8,3.845
182.8,3.845
182.8,3.845
182.8,3.845
182.8,3.845
182.9,3.845
182.9,3.845
182.9,3.845
182.9,3.845
182.9,3.845
182.9,3.845
183.0,3.845
183.0,3.845
183.0,3.845
183.1,3.845
183.0,3.845
183.0,3.845
183.0,3.845
183.1,3.845
183.1,3.845
183.1,3.845
183.1,3.845
183.1,3.845
183.1,3.845
183.2,3.845
183.2,3.845
183.2,3.845
183.2,3.845
183.2,3.845
183.2,3.845
183.2,3.845
183.2,3.845
183.2,3.845
183.2,3.845
183.3,3.845
183.3,3.845
183.3,3.845
183.3,3.845
183.3,3.845
183.3,3.845
183.3,3.845
183.3,3.845
183.4,3.845
183.4,3.845
183.4,3.845
183.4,3.845
183.4,3.845
183.4,3.845
183.4,3.845
183.4,3.845
183.5,3.845
183.5,3.845
183.5,3.845
183.5,3.845
183.5,3.845
183.5,3.845
183.5,3.845
183.6,3.845
183.6,3.845
183.6,3.845
183.6,3.845
183.6,3.845
183.6,3.845
183.6,3.845
183.6,3.845
183.6,3.845
183.6,3.845
183.7,3.845
183.7,3.845
183.7,3.845
183.7,3.845
183.8,3.845
183.8,3.845
183.8,3.845
183.8,3.845
183.8,3.845
183.8,3.845
183.8,3.845
183.8,3.845
183.9,3.845
183.9,3.845
183.9,3.845
183.9,3.845
183.9,3.845
183.9,3.845
183.9,3.845
183.9,3.845
183.9,3.845
183.9,3.845
183.9,3.845
183.9,3.845
183.9,3.845
184.0,3.845
184.0,3.845
184.0,3.845
184.0,3.845
184.0,3.845
184.0,3.845
184.0,3.845
184.0,3.845
184.0,3.845
184.1,3.845
184.1,3.845
184.1,3.845
184.1,3.845
184.1,3.845
184.1,3.845
184.1,3.845
184.1,3.845
184.1,3.845
184.1,3.845
184.1,3.845
184.1,3.845
184.1,3.845
184.2,3.845
184.2,3.845
184.2,3.845
184.2,3.845
184.3,3.845
184.3,3.845
184.3,3.845
184.3,3.845
184.4,3.845
184.4,3.845
184.4,3.845
184.4,3.845
184.4,3.845
184.4,3.845
184.4,3.845
184.4,3.845
184.4,3.845
184.4,3.845
184.4,3.845
184.5,3.845
184.5,3.845
184.5,3.845
184.5,3.845
184.5,3.845
184.5,3.845
184.5,3.845
184.5,3.845
184.6,3.845
184.6,3.845
184.6,3.845
184.6,3.845
184.6,3.845
184.6,3.845
184.6,3.845
184.6,3.845
184.6,3.845
184.7,3.845
184.7,3.845
184.7,3.845
184.7,3.845
184.7,3.845
184.7,3.845
184.7,3.845
184.7,3.845
184.7,3.845
184.7,3.845
184.7,3.845
184.7,3.845
184.7,3.845
184.7,3.845
184.7,3.845
184.8,3.845
184.8,3.845
184.8,3.845
184.8,3.845
184.8,3.845
184.8,3.845
184.9,3.845
184.9,3.845
184.9,3.845
184.9,3.845
184.9,3.845
184.9,3.845
184.9,3.845
184.9,3.845
185.0,3.845
185.0,3.845
185.1,3.845
185.1,3.845
185.0,3.845
185.0,3.845
185.0,3.845
185.0,3.845
185.1,3.845
185.1,3.845
185.1,3.845
185.1,3.845
185.1,3.845
185.1,3.845
185.1,3.845
185.1,3.845
185.1,3.845
185.1,3.845
185.1,3.845
185.1,3.845
185.2,3.845
185.2,3.845
185.2,3.845
185.2,3.845
185.2,3.845
185.2,3.845
185.2,3.845
185.3,3.845
185.3,3.845
185.3,3.845
185.3,3.845
185.3,3.845
185.3,3.845
185.3,3.845
185.3,3.845
185.3,3.845
185.3,3.845
185.4,3.845
185.4,3.845
185.4,3.845
185.4,3.845
185.4,3.845
185.4,3.845
185.4,3.845
185.4,3.845
185.4,3.845
185.5,3.845
185.5,3.845
185.5,3.845
185.5,3.845
185.5,3.845
185.5,3.845
185.5,3.845
185.5,3.845
185.6,3.845
185.6,3.845
185.6,3.845
185.6,3.845
185.6,3.845
185.6,3.845
185.6,3.845
185.6,3.845
185.6,3.845
185.6,3.845
185.7,3.845
185.7,3.845
185.7,3.845
185.7,3.845
185.7,3.845
185.7,3.845
185.7,3.845
185.7,3.845
185.8,3.845
185.8,3.845
185.8,3.845
185.8,3.845
185.8,3.845
185.8,3.845
185.8,3.845
185.9,3.845
185.9,3.845
185.9,3.845
185.9,3.845
185.9,3.845
185.9,3.845
185.9,3.845
185.9,3.845
185.9,3.845
185.9,3.845
185.9,3.845
185.9,3.845
185.9,3.845
185.9,3.845
185.9,3.845
186.0,3.845
186.0,3.845
186.0,3.845
186.0,3.845
186.0,3.845
186.0,3.845
186.0,3.845
186.0,3.845
186.0,3.845
186.1,3.845
186.1,3.845
186.1,3.845
186.1,3.845
186.1,3.845
186.1,3.845
186.1,3.845
186.1,3.845
186.1,3.845
186.1,3.845
186.1,3.845
186.1,3.845
186.1,3.845
186.1,3.845
186.2,3.845
186.2,3.845
186.2,3.845
186.3,3.845
186.3,3.845
186.3,3.845
186.3,3.845
186.3,3.845
186.3,3.845
186.3,3.845
186.3,3.845
186.3,3.845
186.3,3.845
186.3,3.845
186.3,3.845
186.3,3.845
186.3,3.845
186.3,3.845
186.4,3.845
186.4,3.845
186.4,3.845
186.4,3.845
186.4,3.845
186.4,3.845
186.4,3.845
186.5,3.845
186.5,3.845
186.5,3.845
186.5,3.845
186.5,3.845
186.5,3.845
186.5,3.845
186.5,3.845
186.5,3.845
186.5,3.845
186.6,3.845
186.6,3.845
186.6,3.845
186.6,3.845
186.6,3.845
186.6,3.845
186.6,3.845
186.7,3.845
186.7,3.845
186.7,3.845
186.7,3.845
186.7,3.845
186.7,3.845
186.7,3.845
186.7,3.845
186.7,3.845
186.7,3.845
186.8,3.845
186.8,3.845
186.8,3.845
186.8,3.845
186.8,3.845
186.8,3.845
186.8,3.845
186.8,3.845
186.8,3.845
186.9,3.845
186.9,3.845
186.9,3.845
186.9,3.845
186.9,3.845
186.9,3.845
186.9,3.845
186.9,3.845
186.9,3.845
186.9,3.845
186.9,3.845
186.9,3.845
186.9,3.845
186.9,3.845
187.0,3.845
187.0,3.845
187.0,3.845
187.0,3.845
187.0,3.845
187.0,3.845
187.0,3.845
187.0,3.845
187.0,3.845
187.0,3.845
187.0,3.845
187.0,3.845
187.0,3.845
187.1,3.845
187.1,3.845
187.1,3.845
187.1,3.845
187.1,3.845
187.1,3.845
187.1,3.845
187.2,3.845
187.2,3.845
187.2,3.845
187.2,3.845
187.2,3.845
187.2,3.845
187.2,3.845
187.2,3.845
187.2,3.845
187.2,3.845
187.2,3.845
187.2,3.845
187.2,3.845
187.3,3.845
187.3,3.845
187.3,3.845
187.3,3.845
187.3,3.850
187.3,3.850
187.3,3.850
187.3,3.850
187.3,3.850
187.4,3.850
187.4,3.850
187.4,3.850
187.4,3.850
187.4,3.850
187.4,3.850
187.4,3.850
187.4,3.850
187.4,3.850
187.4,3.850
187.4,3.850
187.4,3.850
187.5,3.850
187.5,3.850
187.5,3.850
187.5,3.850
187.5,3.850
187.5,3.850
187.5,3.850
187.5,3.850
187.5,3.850
187.5,3.850
187.5,3.850
187.6,3.850
187.6,3.850
187.6,3.850
187.6,3.850
187.6,3.850
187.6,3.850
187.6,3.850
187.6,3.850
187.6,3.850
187.6,3.850
187.7,3.850
187.7,3.850
187.7,3.850
187.7,3.850
187.7,3.850
187.7,3.850
187.7,3.850
187.7,3.850
187.7,3.850
187.7,3.850
187.7,3.850
187.7,3.850
187.7,3.850
187.7,3.850
187.7,3.850
187.8,3.850
187.8,3.850
187.8,3.850
187.8,3.850
187.8,3.850
187.8,3.850
187.8,3.850
187.8,3.850
187.8,3.850
187.8,3.850
187.8,3.850
187.8,3.850
187.9,3.850
187.9,3.850
187.9,3.850
187.9,3.850
187.9,3.850
187.9,3.850
187.9,3.850
187.9,3.850
187.9,3.850
188.0,3.850
188.0,3.850
188.0,3.850
188.0,3.850
188.0,3.850
188.0,3.850
188.0,3.850
188.0,3.850
188.0,3.850
188.1,3.850
188.1,3.850
188.1,3.850
188.1,3.850
188.1,3.850
188.1,3.850
188.1,3.850
188.1,3.850
188.1,3.850
188.2,3.850
188.2,3.850
188.2,3.850
188.2,3.850
188.2,3.850
188.2,3.850
188.2,3.850
188.3,3.850
188.3,3.850
188.4,3.850
188.4,3.850
188.4,3.850
188.4,3.850
188.4,3.850
188.4,3.850
188.4,3.850
188.4,3.850
188.4,3.850
188.4,3.850
188.4,3.850
188.4,3.850
188.4,3.850
188.4,3.850
188.4,3.850
188.4,3.850
188.4,3.850
188.4,3.850
188.4,3.850
188.5,3.850
188.5,3.850
188.6,3.850
188.6,3.850
188.6,3.850
188.6,3.850
188.6,3.850
188.6,3.850
188.6,3.850
188.6,3.850
188.6,3.850
188.6,3.850
188.6,3.850
188.6,3.850
188.6,3.850
188.6,3.850
188.6,3.850
188.6,3.850
188.7,3.850
188.7,3.850
188.7,3.850
188.7,3.850
188.7,3.850
188.7,3.850
188.7,3.850
188.7,3.850
188.7,3.850
188.7,3.850
188.7,3.850
188.8,3.850
188.8,3.850
188.8,3.850
188.8,3.850
188.8,3.850
188.8,3.850
188.8,3.850
188.8,3.850
188.8,3.850
188.8,3.850
188.9,3.850
188.9,3.850
188.9,3.850
188.9,3.850
188.9,3.850
188.9,3.850
188.9,3.850
188.9,3.850
188.9,3.850
189.0,3.850
189.0,3.850
189.0,3.850
189.0,3.850
189.0,3.850
189.0,3.850
189.0,3.850
189.0,3.850
189.0,3.850
189.1,3.850
189.1,3.850
189.1,3.850
189.1,3.850
189.1,3.850
189.1,3.850
189.1,3.850
189.1,3.850
189.1,3.850
189.1,3.850
189.1,3.850
189.1,3.850
189.2,3.850
189.2,3.850
189.2,3.850
189.2,3.850
189.2,3.850
189.2,3.850
189.3,3.850
189.3,3.850
189.3,3.850
189.3,3.850
189.3,3.850
189.3,3.850
189.3,3.850
189.3,3.850
189.3,3.850
189.3,3.850
189.3,3.850
189.3,3.850
189.3,3.850
189.4,3.850
189.4,3.850
189.4,3.850
189.4,3.850
189.4,3.850
189.4,3.850
189.4,3.850
189.4,3.850
189.4,3.850
189.4,3.850
189.4,3.850
189.5,3.850
189.5,3.850
189.5,3.850
189.5,3.850
189.5,3.850
189.5,3.850
189.5,3.850
189.6,3.850
189.6,3.850
189.6,3.850
189.6,3.850
189.6,3.850
189.6,3.850
189.7,3.850
189.7,3.850
189.7,3.850
189.7,3.850
189.7,3.850
189.7,3.850
189.7,3.850
189.7,3.850
189.7,3.850
189.7,3.850
189.8,3.850
189.8,3.850
189.8,3.850
189.8,3.850
189.8,3.850
189.8,3.850
189.8,3.850
189.8,3.850
189.9,3.850
189.9,3.850
189.9,3.850
189.9,3.850
189.9,3.850
189.9,3.850
189.9,3.850
189.9,3.850
189.9,3.850
189.9,3.850
190.0,3.850
190.0,3.850
190.0,3.850
190.0,3.850
190.0,3.850
190.0,3.850
190.0,3.850
190.0,3.850
190.0,3.850
190.0,3.850
190.0,3.850
190.1,3.850
190.1,3.850
190.1,3.850
190.1,3.850
190.1,3.850
190.1,3.850
190.1,3.850
190.1,3.850
190.2,3.850
190.2,3.850
190.2,3.850
190.2,3.850
190.2,3.850
190.2,3.850
190.2,3.850
190.2,3.850
190.2,3.850
190.2,3.850
190.3,3.850
190.3,3.850
190.3,3.850
190.3,3.850
190.3,3.850
190.3,3.850
190.3,3.850
190.3,3.850
190.3,3.850
190.3,3.850
190.3,3.850
190.3,3.850
190.3,3.850
190.3,3.850
190.3,3.850
190.4,3.850
190.5,3.850
190.5,3.850
190.5,3.850
190.5,3.850
190.5,3.850
190.5,3.850
190.5,3.850
190.5,3.850
190.5,3.850
190.5,3.850
190.5,3.850
190.5,3.850
190.5,3.850
190.5,3.850
190.5,3.850
190.6,3.850
190.6,3.850
190.6,3.850
190.6,3.850
190.6,3.850
190.6,3.850
190.6,3.850
190.6,3.850
190.6,3.850
190.6,3.850
190.6,3.850
190.6,3.850
190.6,3.850
190.6,3.850
190.6,3.850
190.7,3.850
190.7,3.850
190.7,3.850
190.7,3.850
190.7,3.850
190.7,3.850
190.7,3.850
190.7,3.850
190.7,3.850
190.7,3.850
190.7,3.850
190.7,3.850
190.7,3.850
190.7,3.850
190.8,3.850
190.8,3.850
190.8,3.850
190.8,3.850
190.8,3.850
190.8,3.850
190.8,3.850
190.8,3.850
190.8,3.850
190.8,3.850
190.8,3.850
190.8,3.850
190.8,3.850
190.8,3.850
190.8,3.850
190.9,3.850
190.9,3.850
190.9,3.850
190.9,3.850
190.9,3.850
190.9,3.850
191.0,3.850
191.0,3.850
191.0,3.850
191.0,3.850
191.0,3.850
191.0,3.850
191.0,3.850
191.0,3.850
191.0,3.850
191.0,3.850
191.0,3.850
191.0,3.850
191.0,3.850
191.0,3.850
191.0,3.850
191.1,3.850
191.1,3.850
191.1,3.850
191.1,3.850
191.1,3.850
191.1,3.850
191.1,3.850
191.1,3.850
191.1,3.850
191.1,3.850
191.1,3.850
191.1,3.850
191.1,3.850
191.1,3.850
191.1,3.850
191.1,3.850
191.1,3.850
191.1,3.850
191.1,3.850
191.2,3.850
191.2,3.850
191.2,3.850
191.2,3.850
191.2,3.850
191.2,3.850
191.2,3.850
191.2,3.850
191.2,3.850
191.2,3.850
191.2,3.850
191.2,3.850
191.3,3.850
191.3,3.850
191.3,3.850
191.3,3.850
191.3,3.850
191.3,3.850
191.3,3.850
191.3,3.850
191.3,3.850
191.4,3.850
191.4,3.850
191.4,3.850
191.4,3.850
191.4,3.850
191.4,3.850
191.4,3.850
191.4,3.850
191.4,3.850
191.4,3.850
191.4,3.850
191.4,3.850
191.4,3.850
191.4,3.850
191.4,3.850
191.4,3.850
191.4,3.850
191.4,3.850
191.4,3.850
191.4,3.850
191.4,3.850
191.5,3.850
191.5,3.850
191.5,3.850
191.5,3.850
191.5,3.850
191.5,3.850
191.5,3.850
191.5,3.850
191.5,3.850
191.5,3.850
191.5,3.850
191.5,3.850
191.5,3.850
191.5,3.850
191.5,3.850
191.5,3.850
191.5,3.850
191.5,3.850
191.5,3.850
191.5,3.850
191.5,3.850
191.5,3.850
191.6,3.850
191.6,3.850
191.6,3.850
191.6,3.850
191.6,3.850
191.6,3.850
191.6,3.850
191.6,3.850
191.6,3.850
191.6,3.850
191.6,3.850
191.6,3.850
191.6,3.850
191.6,3.850
191.6,3.850
191.6,3.850
191.6,3.850
191.6,3.850
191.6,3.850
191.6,3.850
191.6,3.850
191.6,3.850
191.7,3.850
191.7,3.850
191.7,3.850
191.7,3.850
191.7,3.850
191.7,3.850
191.7,3.850
191.7,3.850
191.7,3.850
191.7,3.850
191.7,3.850
191.7,3.850
191.7,3.850
191.7,3.850
191.7,3.850
191.8,3.850
191.8,3.850
191.8,3.850
191.8,3.850
191.8,3.850
191.8,3.850
191.8,3.850
191.8,3.850
191.8,3.850
191.8,3.850
191.8,3.850
191.8,3.850
191.8,3.850
191.8,3.850
191.8,3.850
191.8,3.850
191.8,3.850
191.8,3.850
191.8,3.850
191.8,3.850
191.8,3.850
191.8,3.850
191.8,3.850
191.8,3.850
191.8,3.850
191.8,3.850
191.8,3.850
191.8,3.850
191.8,3.850
191.8,3.850
191.8,3.850
191.8,3.850
191.8,3.850
191.8,3.850
191.8,3.850
191.8,3.850
191.8,3.850
191.8,3.850
191.9,3.850
191.9,3.850
191.9,3.850
191.9,3.850
191.9,3.850
191.9,3.850
191.9,3.850
191.9,3.850
191.9,3.850
191.9,3.850
191.9,3.850
191.9,3.850
191.9,3.850
191.9,3.850
191.9,3.850
191.9,3.850
191.9,3.850
191.9,3.850
191.9,3.850
191.9,3.850
191.9,3.850
191.9,3.850
191.9,3.850
191.9,3.850
191.9,3.850
191.9,3.850
191.9,3.850
191.9,3.850
191.9,3.850
191.9,3.850
191.9,3.850
191.9,3.850
191.9,3.850
191.9,3.850
191.9,3.850
191.9,3.850
192.0,3.850
192.0,3.850
192.0,3.850
192.0,3.850
192.0,3.850
192.0,3.850
192.0,3.850
192.0,3.850
192.0,3.850
192.0,3.850
192.0,3.850
192.0,3.850
192.0,3.850
192.0,3.850
192.0,3.850
192.0,3.850
192.0,3.850
192.0,3.850
192.0,3.850
192.0,3.850
192.0,3.850
191.9,3.850
191.9,3.850
191.9,3.850
191.9,3.850
191.9,3.850
191.9,3.850
191.9,3.850
191.9,3.850
191.9,3.850
191.9,3.850
191.9,3.850
191.9,3.850
191.9,3.850
191.9,3.850
191.9,3.850
191.9,3.850
191.9,3.850
191.9,3.850
191.9,3.850
191.9,3.850
191.9,3.850
191.9,3.850
191.9,3.850
191.9,3.850
191.9,3.850
191.9,3.850
191.9,3.850
191.9,3.850
191.9,3.850
191.9,3.850
191.9,3.850
191.9,3.850
191.9,3.850
191.9,3.850
191.9,3.850
191.9,3.850
191.9,3.850
191.9,3.850
191.9,3.850
191.9,3.850
191.9,3.850
191.9,3.850
191.9,3.850
192.0,3.850
192.0,3.850
192.0,3.850
192.0,3.850
192.0,3.850
192.0,3.850
192.0,3.850
192.0,3.850
192.0,3.850
192.0,3.850
192.0,3.850
192.0,3.850
192.0,3.850
192.0,3.850
192.0,3.850
192.0,3.850
192.0,3.850
192.0,3.850
192.0,3.850
192.0,3.850
192.0,3.850
192.0,3.850
192.0,3.850
192.0,3.850
192.0,3.850
192.0,3.850
192.0,3.850
192.0,3.850
192.0,3.850
192.0,3.850
192.0,3.850
192.0,3.850
192.0,3.850
192.0,3.850
192.0,3.850
192.0,3.850
192.0,3.850
192.0,3.850
192.0,3.850
192.0,3.850
192.0,3.850
192.0,3.850
192.0,3.850
191.9,3.850
191.9,3.850
191.9,3.850
191.9,3.850
191.9,3.850
191.9,3.850
191.9,3.850
191.9,3.850
191.9,3.850
191.9,3.850
191.9,3.850
191.9,3.850
191.9,3.850
191.9,3.850
191.9,3.850
191.9,3.850
191.9,3.850
191.9,3.850
191.9,3.850
191.9,3.850
191.9,3.850
191.9,3.850
191.9,3.850
191.9,3.850
191.9,3.850
191.9,3.850
191.9,3.850
191.9,3.850
191.9,3.850
191.9,3.850
191.9,3.850
191.9,3.850
191.9,3.850
191.9,3.850
191.9,3.850
191.9,3.850
191.9,3.850
191.9,3.850
191.9,3.850
191.9,3.850
191.9,3.850
191.9,3.850
191.9,3.850
191.9,3.850
191.9,3.850
191.9,3.850
191.9,3.850
191.9,3.850
191.9,3.850
191.9,3.850
191.9,3.850
191.9,3.850
191.9,3.850
191.9,3.850
191.9,3.850
191.9,3.850
191.9,3.850
191.9,3.850
191.9,3.850
191.9,3.850
191.9,3.850
191.9,3.850
191.9,3.850
191.9,3.850
191.9,3.850
191.9,3.850
191.9,3.850
191.9,3.850
191.9,3.850
191.9,3.850
191.9,3.850
191.9,3.850
191.9,3.850
191.9,3.850
191.9,3.850
191.9,3.850
191.9,3.850
191.9,3.850
191.9,3.850
191.9,3.850
191.9,3.850
191.9,3.850
191.9,3.850
191.9,3.850
191.9,3.850
191.9,3.850
191.9,3.850
191.9,3.850
191.9,3.850
191.9,3.850
191.9,3.850
191.9,3.850
191.9,3.850
191.9,3.850
191.9,3.850
191.9,3.850
191.9,3.850
191.9,3.850
191.9,3.850
191.9,3.850
191.9,3.850
191.9,3.850
191.9,3.850
191.9,3.850
191.9,3.850
191.9,3.850
191.9,3.850
191.9,3.850
191.9,3.850
191.9,3.850
191.9,3.850
191.9,3.850
191.9,3.850
191.9,3.850
191.9,3.850
191.9,3.850
191.9,3.850
191.9,3.850
191.9,3.850
191.9,3.850
191.9,3.850
191.9,3.850
191.9,3.850
191.9,3.850
191.9,3.850
191.9,3.850
191.9,3.850
191.9,3.850
191.9,3.850
191.9,3.850
191.9,3.850
191.9,3.850
191.9,3.850
191.9,3.850
191.9,3.850
191.9,3.850
191.9,3.850
191.9,3.850
191.9,3.850
191.9,3.850
191.9,3.850
191.9,3.850
191.9,3.850
191.9,3.850
191.9,3.850
191.9,3.850
191.9,3.850
191.9,3.850
191.9,3.850
191.9,3.850
191.9,3.850
191.9,3.850
191.9,3.850
191.9,3.850
191.9,3.850
191.9,3.850
191.9,3.850
191.9,3.850
191.9,3.850
191.9,3.850
191.9,3.850
191.9,3.850
191.9,3.850
191.9,3.850
191.9,3.850
191.9,3.850
191.9,3.850
191.9,3.850
191.9,3.850
191.9,3.850
191.9,3.850
191.9,3.850
191.9,3.850
191.9,3.850
191.9,3.850
191.9,3.850
191.9,3.850
191.9,3.850
191.9,3.850
191.9,3.850
191.9,3.850
191.9,3.850
191.9,3.850
191.9,3.850
191.9,3.850
191.9,3.850
191.9,3.850
191.9,3.850
191.9,3.850
191.9,3.850
191.9,3.850
191.9,3.850
191.9,3.850
191.9,3.850
191.9,3.850
191.9,3.850
191.9,3.850
191.9,3.850
191.9,3.850
191.9,3.850
191.9,3.850
191.9,3.850
191.9,3.850
191.9,3.850
191.9,3.850
191.9,3.850
191.9,3.850
191.9,3.850
191.9,3.850
191.9,3.850
191.9,3.850
191.9,3.850
191.9,3.850
191.9,3.850
191.9,3.850
191.9,3.850
191.9,3.850
191.8,3.850
191.8,3.850
191.8,3.850
191.8,3.850
191.8,3.850
191.8,3.850
191.8,3.850
191.8,3.850
191.8,3.850
191.8,3.850
191.8,3.850
191.8,3.850
191.8,3.850
191.8,3.850
191.8,3.850
191.8,3.850
191.8,3.850
191.8,3.850
191.8,3.850
191.8,3.850
191.8,3.850
191.8,3.850
191.8,3.850
191.8,3.850
191.8,3.850
191.8,3.850
191.8,3.850
191.8,3.850
191.8,3.850
191.9,3.850
191.9,3.850
191.9,3.850
191.9,3.850
191.9,3.850
191.9,3.850
191.9,3.850
191.9,3.850
191.9,3.850
191.9,3.850
191.9,3.850
191.9,3.850
191.9,3.850
191.9,3.850
191.9,3.850
191.9,3.850
191.9,3.850
191.9,3.850
191.9,3.850
191.9,3.850
191.9,3.850
191.9,3.850
191.9,3.850
191.9,3.850
191.9,3.850
191.9,3.850
191.9,3.850
191.9,3.850
191.9,3.850
191.9,3.850
191.9,3.850
191.9,3.850
191.9,3.850
191.9,3.850
191.9,3.850
191.9,3.850
191.9,3.850
191.9,3.850
191.9,3.850
191.9,3.850
191.9,3.850
191.9,3.850
191.9,3.850
191.9,3.850
191.9,3.850
191.9,3.850
191.9,3.850
191.9,3.850
191.8,3.850
191.8,3.850
191.8,3.850
191.8,3.850
191.8,3.850
191.8,3.850
191.8,3.850
191.8,3.850
191.8,3.850
191.8,3.850
191.8,3.850
191.8,3.850
191.8,3.850
191.8,3.850
191.8,3.850
191.8,3.850
191.8,3.850
191.8,3.850
191.8,3.850
191.8,3.850
191.8,3.850
191.8,3.850
191.8,3.850
191.8,3.850
191.8,3.850
191.8,3.850
191.8,3.850
191.8,3.850
191.8,3.850
191.8,3.850
191.8,3.850
191.8,3.850
191.8,3.850
191.8,3.850
191.8,3.850
191.8,3.850
191.8,3.850
191.8,3.850
191.8,3.850
191.8,3.850
191.8,3.850
191.8,3.850
191.8,3.850
191.8,3.850
191.8,3.850
191.8,3.850
191.8,3.850
191.8,3.850
191.8,3.850
191.8,3.850
191.8,3.850
191.8,3.850
191.8,3.850
191.8,3.850
191.8,3.850
191.8,3.850
191.8,3.850
191.8,3.850
191.8,3.850
191.8,3.850
191.8,3.850
191.8,3.850
191.8,3.850
191.7,3.850
191.7,3.850
191.7,3.850
191.7,3.850
191.7,3.850
191.7,3.850
191.7,3.850
191.7,3.850
191.7,3.850
191.7,3.850
191.7,3.850
191.7,3.850
191.7,3.850
191.7,3.850
191.7,3.850
191.7,3.850
191.7,3.850
191.7,3.850
191.7,3.850
191.7,3.850
191.7,3.850
191.7,3.850
191.7,3.850
191.7,3.850
191.7,3.850
191.7,3.850
191.7,3.850
191.7,3.850
191.7,3.850
191.7,3.850
191.7,3.850
191.7,3.850
191.7,3.850
191.7,3.850
191.7,3.850
191.7,3.850
191.7,3.850
191.7,3.850
191.7,3.850
191.7,3.850
191.7,3.850
191.7,3.850
191.7,3.850
191.7,3.850
191.7,3.850
191.7,3.850
191.7,3.850
191.7,3.850
191.7,3.850
191.7,3.850
191.7,3.850
191.7,3.850
191.7,3.850
191.7,3.850
191.7,3.850
191.7,3.850
191.7,3.850
191.7,3.850
191.7,3.850
191.7,3.850
191.7,3.850
191.7,3.850
191.7,3.850
191.7,3.850
191.7,3.850
191.7,3.850
191.7,3.850
191.6,3.850
191.6,3.850
191.6,3.850
191.6,3.850
191.6,3.850
191.6,3.850
191.6,3.850
191.6,3.850
191.6,3.850
191.6,3.850
191.6,3.850
191.6,3.850
191.6,3.850
191.6,3.850
191.6,3.850
191.6,3.850
191.6,3.850
191.6,3.850
191.6,3.850
191.6,3.850
191.6,3.850
191.6,3.850
191.6,3.850
191.6,3.850
191.7,3.850
191.7,3.850
191.7,3.850
191.7,3.850
191.7,3.850
191.7,3.850
191.7,3.850
191.7,3.850
191.7,3.850
191.7,3.850
191.7,3.850
191.7,3.850
191.7,3.850
191.7,3.850
191.7,3.850
191.7,3.850
191.7,3.850
191.7,3.850
191.7,3.850
191.7,3.850
191.7,3.850
191.7,3.850
191.7,3.850
191.7,3.850
191.7,3.850
191.7,3.850
191.7,3.850
191.7,3.850
191.7,3.850
191.7,3.850
191.7,3.850
191.7,3.850
191.7,3.850
191.7,3.850
191.7,3.850
191.7,3.850
191.7,3.850
191.7,3.850
191.7,3.850
191.7,3.850
191.7,3.850
191.7,3.850
191.7,3.850
191.7,3.850
191.7,3.850
191.7,3.850
191.7,3.850
191.7,3.850
191.7,3.850
191.7,3.850
191.7,3.850
191.7,3.850
191.7,3.850
191.7,3.850
191.7,3.850
191.7,3.850
191.7,3.850
191.6,3.850
191.6,3.850
191.6,3.850
191.6,3.850
191.6,3.850
191.6,3.850
191.6,3.850
191.6,3.850
191.6,3.850
191.6,3.850
191.6,3.850
191.6,3.850
191.6,3.850
191.6,3.850
191.6,3.850
191.6,3.850
191.6,3.850
191.6,3.850
191.6,3.850
191.6,3.850
191.6,3.850
191.6,3.850
191.6,3.850
191.6,3.850
191.6,3.850
191.6,3.850
191.6,3.850
191.6,3.850
191.6,3.850
191.6,3.850
191.6,3.850
191.6,3.850
191.6,3.850
191.6,3.850
191.6,3.850
191.6,3.850
191.6,3.850
191.6,3.850
191.6,3.850
191.6,3.850
191.6,3.850
191.6,3.850
191.6,3.850
191.6,3.850
191.6,3.850
191.6,3.850
191.6,3.850
191.6,3.850
191.6,3.850
191.6,3.850
191.6,3.850
191.6,3.850
191.6,3.850
191.6,3.850
191.6,3.850
191.6,3.850
191.6,3.850
191.6,3.850
191.6,3.850
191.6,3.850
191.6,3.850
191.6,3.850
191.6,3.850
191.6,3.850
191.6,3.850
191.6,3.850
191.6,3.850
191.6,3.850
191.6,3.850
191.6,3.850
191.6,3.850
191.6,3.850
191.6,3.850
191.6,3.850
191.6,3.850
191.6,3.850
191.6,3.850
191.6,3.850
191.6,3.850
191.6,3.850
191.6,3.850
191.6,3.850
191.6,3.850
191.6,3.850
191.6,3.850
191.6,3.850
191.6,3.850
191.6,3.850
191.5,3.850
191.5,3.850
191.5,3.850
191.5,3.850
191.5,3.850
191.5,3.850
191.5,3.850
191.5,3.850
191.5,3.850
191.5,3.850
191.5,3.850
191.5,3.850
191.5,3.850
191.6,3.850
191.6,3.850
191.6,3.850
191.6,3.850
191.6,3.850
191.6,3.850
191.6,3.850
191.6,3.850
191.6,3.850
191.6,3.850
191.5,3.850
191.5,3.850
191.5,3.850
191.5,3.850
191.5,3.850
191.5,3.850
191.5,3.850
191.5,3.850
191.5,3.850
191.5,3.850
191.5,3.850
191.5,3.850
191.5,3.850
191.5,3.850
191.5,3.850
191.5,3.850
191.5,3.850
191.5,3.850
191.5,3.850
191.5,3.850
191.5,3.850
191.5,3.850
191.5,3.850
191.5,3.850
191.5,3.850
191.5,3.850
191.5,3.850
191.5,3.850
191.5,3.850
191.5,3.850
191.5,3.850
191.5,3.850
191.5,3.850
191.5,3.850
191.5,3.850
191.5,3.850
191.5,3.850
191.5,3.850
191.5,3.850
191.5,3.850
191.5,3.850
191.5,3.850
191.5,3.850
191.5,3.850
191.5,3.850
191.5,3.850
191.5,3.850
191.5,3.850
191.5,3.850
191.5,3.850
191.5,3.850
191.5,3.850
191.5,3.850
191.5,3.850
191.5,3.850
191.5,3.850
191.5,3.850
191.5,3.850
191.5,3.850
191.5,3.850
191.5,3.850
191.5,3.850
191.5,3.850
191.5,3.850
191.5,3.850
191.5,3.850
191.5,3.850
191.5,3.850
191.5,3.850
191.5,3.850
191.5,3.850
191.5,3.850
191.5,3.850
191.5,3.850
191.4,3.850
191.4,3.850
191.4,3.850
191.4,3.850
191.4,3.850
191.4,3.850
191.4,3.850
191.4,3.850
191.4,3.850
191.4,3.850
191.4,3.850
191.4,3.850
191.4,3.850
191.4,3.850
191.4,3.850
191.4,3.850
191.4,3.850
191.4,3.850
191.4,3.850
191.4,3.850
191.4,3.850
191.4,3.850
191.4,3.850
191.4,3.850
191.4,3.850
191.4,3.850
191.4,3.850
191.4,3.850
191.4,3.850
191.4,3.850
191.4,3.850
191.4,3.850
191.4,3.850
191.4,3.850
191.4,3.850
191.4,3.850
191.4,3.850
191.4,3.850
191.4,3.850
191.4,3.850
191.4,3.850
191.4,3.850
191.4,3.850
191.4,3.850
191.4,3.850
191.4,3.850
191.4,3.850
191.4,3.850
191.4,3.850
191.4,3.850
191.4,3.850
191.4,3.850
191.4,3.850
191.4,3.850
191.4,3.850
191.4,3.850
191.4,3.850
191.4,3.850
191.4,3.850
191.4,3.850
191.4,3.850
191.4,3.850
191.4,3.850
191.3,3.850
191.3,3.850
191.3,3.850
191.3,3.850
191.3,3.850
191.3,3.850
191.3,3.850
191.3,3.850
191.3,3.850
191.3,3.850
191.3,3.850
191.3,3.850
191.3,3.850
191.3,3.850
191.3,3.850
191.3,3.850
191.3,3.850
191.3,3.850
191.3,3.850
191.3,3.850
191.3,3.850
191.3,3.850
191.3,3.850
191.3,3.850
191.3,3.850
191.3,3.850
191.3,3.850
191.3,3.850
191.3,3.850
191.3,3.850
191.3,3.850
191.3,3.850
191.3,3.850
191.3,3.850
191.3,3.850
191.3,3.850
191.3,3.850
191.3,3.850
191.3,3.850
191.3,3.850
191.3,3.850
191.3,3.850
191.3,3.850
191.3,3.850
191.3,3.850
191.3,3.850
191.3,3.850
191.3,3.850
191.3,3.850
191.2,3.850
191.2,3.850
191.2,3.850
191.2,3.850
191.2,3.850
191.2,3.850
191.2,3.850
191.2,3.850
191.2,3.850
191.2,3.850
191.2,3.850
191.2,3.850
191.2,3.850
191.2,3.850
191.2,3.850
191.2,3.850
191.2,3.850
191.2,3.850
191.2,3.850
191.1,3.850
191.1,3.850
191.1,3.850
191.1,3.850
191.1,3.850
191.1,3.850
191.0,3.850
191.0,3.850
191.0,3.850
191.0,3.850
191.0,3.850
191.0,3.850
191.0,3.850
191.0,3.850
191.0,3.850
191.0,3.850
191.0,3.850
191.0,3.850
191.0,3.850
191.0,3.850
191.0,3.850
191.0,3.850
191.0,3.850
191.0,3.850
191.0,3.850
191.0,3.850
191.0,3.850
191.0,3.850
191.0,3.850
191.0,3.850
191.0,3.850
191.0,3.850
191.0,3.850
190.9,3.850
190.9,3.850
190.9,3.850
190.9,3.850
190.9,3.850
190.9,3.850
190.9,3.850
190.9,3.850
190.9,3.850
190.9,3.850
190.9,3.850
190.8,3.850
190.8,3.850
190.8,3.850
190.8,3.850
190.8,3.850
190.8,3.850
190.8,3.850
190.8,3.850
190.8,3.850
190.8,3.850
190.8,3.850
190.8,3.850
190.8,3.850
190.8,3.850
190.8,3.850
190.8,3.850
190.8,3.850
190.8,3.850
190.8,3.850
190.8,3.850
190.8,3.850
190.8,3.850
190.7,3.850
190.7,3.850
190.7,3.850
190.7,3.850
190.7,3.850
190.7,3.850
190.7,3.850
190.7,3.850
190.7,3.850
190.7,3.850
190.6,3.850
190.6,3.850
190.6,3.850
190.6,3.850
190.6,3.850
190.6,3.850
190.6,3.850
190.6,3.850
190.6,3.850
190.6,3.850
190.6,3.850
190.6,3.850
190.6,3.850
190.6,3.850
190.6,3.850
190.6,3.850
190.6,3.850
190.6,3.850
190.6,3.850
190.5,3.850
190.5,3.850
190.5,3.850
190.5,3.850
190.5,3.850
190.5,3.850
190.5,3.850
190.5,3.850
190.5,3.850
190.5,3.850
190.5,3.850
190.5,3.850
190.5,3.850
190.4,3.850
190.4,3.850
190.4,3.850
190.4,3.850
190.4,3.850
190.4,3.850
190.4,3.850
190.4,3.850
190.4,3.850
190.4,3.850
190.4,3.850
190.3,3.850
190.3,3.850
190.3,3.850
190.3,3.850
190.3,3.850
190.3,3.850
190.3,3.850
190.3,3.850
190.3,3.850
190.3,3.850
190.2,3.850
190.2,3.850
190.2,3.850
190.2,3.850
190.2,3.850
190.2,3.850
190.2,3.850
190.2,3.850
190.2,3.850
190.1,3.850
190.1,3.850
190.1,3.850
190.1,3.850
190.0,3.850
190.0,3.850
189.9,3.850
189.9,3.850
189.9,3.850
189.9,3.850
189.9,3.850
189.9,3.850
189.9,3.850
189.9,3.850
189.9,3.850
189.9,3.850
189.9,3.850
189.9,3.850
189.8,3.850
189.8,3.850
189.8,3.850
189.8,3.850
189.8,3.850
189.8,3.850
189.8,3.850
189.7,3.850
189.7,3.850
189.7,3.850
189.7,3.850
189.7,3.850
189.6,3.850
189.6,3.850
189.6,3.850
189.5,3.850
189.5,3.850
189.5,3.850
189.5,3.850
189.5,3.850
189.5,3.850
189.5,3.850
189.5,3.850
189.5,3.850
189.5,3.850
189.4,3.850
189.4,3.850
189.4,3.850
189.4,3.850
189.4,3.850
189.4,3.850
189.4,3.850
189.3,3.850
189.3,3.850
189.3,3.850
189.3,3.850
189.3,3.850
189.3,3.850
189.2,3.850
189.2,3.850
189.1,3.850
189.1,3.850
189.1,3.850
189.1,3.850
189.0,3.850
189.0,3.850
189.0,3.850
189.0,3.850
189.0,3.850
189.0,3.850
189.0,3.850
189.0,3.850
189.0,3.850
189.0,3.850
189.0,3.850
188.8,3.850
188.8,3.850
188.8,3.850
188.8,3.850
188.7,3.850
188.7,3.850
188.7,3.850
188.7,3.850
188.6,3.850
188.6,3.850
188.6,3.850
188.6,3.850
188.6,3.850
188.5,3.850
188.5,3.850
188.5,3.850
188.5,3.850
188.4,3.850
188.4,3.850
188.4,3.850
188.3,3.850
188.3,3.850
188.3,3.850
188.2,3.850
188.2,3.850
188.2,3.850
188.2,3.850
188.2,3.850
188.2,3.850
188.2,3.850
188.2,3.850
188.1,3.850
188.1,3.850
188.1,3.850
188.1,3.850
188.0,3.850
188.0,3.850
188.0,3.850
187.9,3.850
187.9,3.850
187.9,3.850
187.8,3.850
187.8,3.850
187.8,3.850
187.8,3.850
187.7,3.850
187.7,3.850
187.6,3.850
187.6,3.850
187.6,3.850
187.6,3.850
187.6,3.850
187.5,3.850
187.5,3.850
187.5,3.850
187.4,3.850
187.4,3.850
187.3,3.850
187.3,3.850
187.3,3.850
187.2,3.850
187.2,3.850
187.2,3.850
187.2,3.850
187.1,3.850
187.1,3.850
187.1,3.850
187.0,3.850
187.0,3.850
187.0,3.850
186.9,3.850
186.9,3.850
186.8,3.850
186.8,3.850
186.8,3.850
186.7,3.850
186.7,3.850
186.6,3.850
186.6,3.850
186.6,3.850
186.5,3.850
186.5,3.850
186.5,3.850
186.4,3.850
186.4,3.850
186.3,3.850
186.3,3.850
186.2,3.850
186.2,3.850
186.2,3.850
186.1,3.850
186.1,3.850
186.0,3.850
186.0,3.850
185.9,3.850
185.9,3.850
185.9,3.850
185.8,3.850
185.8,3.845
185.7,3.845
185.7,3.845
185.6,3.845
185.6,3.845
185.6,3.845
185.5,3.845
185.5,3.845
185.4,3.845
185.4,3.845
185.3,3.845
185.3,3.845
185.3,3.845
185.2,3.845
185.2,3.845
185.1,3.845
185.1,3.845
185.1,3.845
185.0,3.845
184.9,3.845
184.9,3.845
184.8,3.845
184.8,3.845
184.8,3.845
184.7,3.845
184.7,3.845
184.6,3.845
184.6,3.845
184.5,3.845
184.4,3.845
184.4,3.845
184.3,3.845
184.3,3.845
184.2,3.845
184.2,3.845
184.2,3.845
184.1,3.845
184.0,3.845
184.0,3.845
183.9,3.845
183.9,3.845
183.9,3.845
183.9,3.845
183.8,3.845
183.8,3.845
183.8,3.845
183.7,3.845
183.6,3.845
183.6,3.845
183.6,3.845
183.5,3.845
183.5,3.845
183.4,3.845
183.4,3.845
183.4,3.845
183.3,3.845
183.3,3.845
183.2,3.845
183.2,3.845
183.1,3.845
183.1,3.845
183.0,3.845
183.0,3.845
182.9,3.845
182.9,3.845
182.8,3.845
182.8,3.845
182.8,3.845
182.7,3.845
182.7,3.845
182.6,3.845
182.6,3.845
182.5,3.845
182.5,3.845
182.4,3.845
182.4,3.845
182.3,3.845
182.3,3.845
182.2,3.845
182.2,3.845
182.1,3.845
182.1,3.845
182.1,3.845
182.0,3.845
181.9,3.845
181.9,3.845
181.8,3.845
181.8,3.845
181.7,3.845
181.6,3.845
181.6,3.845
181.5,3.845
181.5,3.845
181.4,3.845
181.4,3.845
181.3,3.845
181.3,3.845
181.2,3.845
181.2,3.845
181.1,3.845
181.0,3.845
181.0,3.845
180.9,3.845
180.8,3.845
180.8,3.845
180.7,3.845
180.7,3.845
180.6,3.845
180.6,3.845
180.5,3.845
180.4,3.845
180.4,3.845
180.3,3.845
180.3,3.845
180.2,3.845
180.2,3.840
180.1,3.840
180.1,3.840
180.0,3.840
179.9,3.840
179.9,3.840
179.8,3.840
179.8,3.840
179.7,3.840
179.7,3.840
179.6,3.840
179.5,3.840
179.5,3.840
179.4,3.840
179.3,3.840
179.3,3.840
179.2,3.840
179.2,3.840
179.1,3.840
179.1,3.840
179.0,3.840
178.9,3.840
178.9,3.840
178.8,3.840
178.8,3.840
178.7,3.840
178.7,3.840
178.6,3.840
178.5,3.840
178.5,3.840
178.4,3.840
178.3,3.840
178.2,3.840
178.1,3.840
178.0,3.840
178.0,3.840
178.0,3.840
177.9,3.840
177.8,3.840
177.8,3.840
177.7,3.840
177.6,3.840
177.5,3.840
177.5,3.840
177.4,3.840
177.3,3.840
177.3,3.840
177.2,3.840
177.1,3.840
177.1,3.840
177.0,3.840
176.9,3.840
176.8,3.840
176.8,3.840
176.7,3.840
176.6,3.840
176.5,3.840
176.4,3.840
176.4,3.840
176.3,3.840
176.3,3.840
176.2,3.840
176.1,3.840
176.1,3.840
176.0,3.840
175.9,3.840
175.8,3.840
175.8,3.840
175.7,3.840
175.6,3.840
175.6,3.840
175.5,3.840
175.4,3.840
175.4,3.840
175.3,3.835
175.2,3.835
175.1,3.835
175.0,3.835
175.0,3.835
174.9,3.835
174.8,3.835
174.8,3.835
174.7,3.835
174.6,3.835
174.5,3.835
174.5,3.835
174.4,3.835
174.3,3.835
174.3,3.835
174.2,3.835
174.1,3.835
174.0,3.835
174.0,3.835
173.9,3.835
173.8,3.835
173.7,3.835
173.6,3.835
173.5,3.835
173.5,3.835
173.4,3.835
173.4,3.835
173.3,3.835
173.2,3.835
173.1,3.835
173.1,3.835
173.0,3.835
172.9,3.835
172.8,3.835
172.7,3.835
172.7,3.835
172.6,3.835
172.5,3.835
172.4,3.835
172.4,3.835
172.3,3.835
172.2,3.835
172.1,3.835
172.0,3.835
172.0,3.835
171.9,3.835
171.8,3.835
171.7,3.835
171.6,3.835
171.5,3.835
171.4,3.835
171.4,3.835
171.3,3.835
171.2,3.835
171.1,3.835
171.1,3.835
171.0,3.835
170.9,3.835
170.8,3.835
170.7,3.835
170.7,3.835
170.6,3.835
170.5,3.835
170.4,3.835
170.4,3.835
170.3,3.835
170.2,3.835
170.1,3.835
170.0,3.835
169.9,3.835
169.9,3.830
169.8,3.830
169.7,3.830
169.6,3.830
169.5,3.830
169.4,3.830
169.3,3.830
169.2,3.830
169.2,3.830
169.1,3.830
169.0,3.830
168.9,3.830
168.9,3.830
168.8,3.830
168.7,3.830
168.6,3.830
168.5,3.830
168.4,3.830
168.3,3.830
168.3,3.830
168.2,3.830
168.1,3.830
168.0,3.830
167.9,3.830
167.8,3.830
167.7,3.830
167.6,3.830
167.6,3.830
167.5,3.830
167.4,3.830
167.3,3.830
167.2,3.830
167.2,3.830
167.1,3.830
167.0,3.830
166.9,3.830
166.8,3.830
166.7,3.830
166.6,3.830
166.5,3.830
166.4,3.830
166.3,3.830
166.2,3.830
166.1,3.830
166.1,3.830
166.0,3.830
165.9,3.830
165.8,3.830
165.7,3.830
165.7,3.830
165.6,3.830
165.5,3.830
165.4,3.830
165.3,3.830
165.2,3.830
165.1,3.830
165.0,3.830
164.9,3.830
164.8,3.830
164.7,3.830
164.7,3.830
164.6,3.830
164.5,3.830
164.4,3.825
164.3,3.825
164.2,3.825
164.1,3.825
164.0,3.825
163.9,3.825
163.8,3.825
163.7,3.825
163.6,3.825
163.5,3.825
163.5,3.825
163.4,3.825
163.3,3.825
163.2,3.825
163.1,3.825
163.0,3.825
162.9,3.825
162.8,3.825
162.7,3.825
162.6,3.825
162.5,3.825
162.4,3.825
162.4,3.825
162.3,3.825
162.2,3.825
162.1,3.825
162.0,3.825
161.9,3.825
161.8,3.825
161.7,3.825
161.6,3.825
161.5,3.825
161.4,3.825
161.3,3.825
161.2,3.825
161.1,3.825
161.0,3.825
160.9,3.825
160.8,3.825
160.7,3.825
160.7,3.825
160.5,3.825
160.5,3.825
160.4,3.825
160.3,3.825
160.2,3.825
160.1,3.825
160.0,3.825
159.9,3.825
159.8,3.825
159.7,3.825
159.6,3.825
159.5,3.825
159.4,3.825
159.3,3.825
159.3,3.825
159.2,3.825
159.1,3.825
159.0,3.825
158.9,3.820
158.8,3.820
158.7,3.820
158.7,3.820
158.5,3.820
158.5,3.820
158.4,3.820
158.3,3.820
158.2,3.820
158.1,3.820
158.0,3.820
157.9,3.820
157.8,3.820
157.7,3.820
157.6,3.820
157.5,3.820
157.4,3.820
157.4,3.820
157.3,3.820
157.2,3.820
157.1,3.820
157.0,3.820
156.9,3.820
156.8,3.820
156.8,3.820
156.7,3.820
156.6,3.820
156.5,3.820
156.4,3.820
156.3,3.820
156.2,3.820
156.1,3.820
156.0,3.820
155.9,3.820
155.8,3.820
155.7,3.820
155.7,3.820
155.6,3.820
155.5,3.820
155.4,3.820
155.3,3.820
155.2,3.820
155.1,3.820
155.0,3.820
154.9,3.820
154.8,3.820
154.8,3.820
154.7,3.820
154.6,3.820
154.5,3.820
154.5,3.820
154.4,3.820
154.3,3.820
154.3,3.820
154.2,3.820
154.1,3.820
154.0,3.820
153.9,3.820
153.8,3.820
153.7,3.820
153.6,3.815
153.6,3.815
153.5,3.815
153.4,3.815
153.3,3.815
153.2,3.815
153.1,3.815
153.0,3.815
152.9,3.815
152.8,3.815
152.8,3.815
152.7,3.815
152.6,3.815
152.5,3.815
152.5,3.815
152.4,3.815
152.3,3.815
152.2,3.815
152.1,3.815
152.0,3.815
152.0,3.815
151.9,3.815
151.8,3.815
151.7,3.815
151.6,3.815
151.6,3.815
151.5,3.815
151.4,3.815
151.3,3.815
151.2,3.815
151.2,3.815
151.1,3.815
151.0,3.815
150.9,3.815
150.8,3.815
150.8,3.815
150.7,3.815
150.6,3.815
150.6,3.815
150.5,3.815
150.4,3.815
150.3,3.815
150.2,3.815
150.1,3.815
150.0,3.815
149.9,3.815
149.9,3.815
149.8,3.815
149.7,3.815
149.6,3.815
149.6,3.815
149.5,3.815
149.4,3.815
149.3,3.815
149.2,3.815
149.1,3.815
149.1,3.815
149.0,3.815
148.9,3.815
148.8,3.815
148.7,3.815
148.6,3.815
148.6,3.815
148.5,3.815
148.4,3.815
148.4,3.815
148.3,3.810
148.2,3.810
148.2,3.810
148.1,3.810
148.0,3.810
147.9,3.810
147.8,3.810
147.7,3.810
147.7,3.810
147.6,3.810
147.5,3.810
147.4,3.810
147.4,3.810
147.3,3.810
147.2,3.810
147.1,3.810
147.1,3.810
147.0,3.810
146.9,3.810
146.8,3.810
146.8,3.810
146.7,3.810
146.6,3.810
146.6,3.810
146.5,3.810
146.4,3.810
146.3,3.810
146.3,3.810
146.2,3.810
146.1,3.810
146.0,3.810
146.0,3.810
145.9,3.810
145.8,3.810
145.7,3.810
145.7,3.810
145.6,3.810
145.5,3.810
145.5,3.810
145.4,3.810
145.3,3.810
145.3,3.810
145.2,3.810
145.1,3.810
145.0,3.810
145.0,3.810
144.9,3.810
144.8,3.810
144.8,3.810
144.7,3.810
144.6,3.810
144.6,3.810
144.5,3.810
144.4,3.810
144.3,3.810
144.3,3.810
144.2,3.810
144.1,3.810
144.0,3.810
143.9,3.810
143.9,3.810
143.8,3.810
143.7,3.810
143.6,3.810
143.6,3.810
143.5,3.810
143.4,3.810
143.4,3.810
143.3,3.810
143.2,3.810
143.2,3.810
143.1,3.810
143.0,3.810
143.0,3.810
142.9,3.810
142.8,3.810
142.8,3.810
142.7,3.810
142.6,3.805
142.5,3.805
142.5,3.805
142.4,3.805
142.4,3.805
142.3,3.805
142.2,3.805
142.2,3.805
142.1,3.805
142.0,3.805
142.0,3.805
141.9,3.805
141.8,3.805
141.8,3.805
141.7,3.805
141.7,3.805
141.6,3.805
141.5,3.805
141.5,3.805
141.4,3.805
141.3,3.805
141.3,3.805
141.2,3.805
141.2,3.805
141.1,3.805
141.0,3.805
141.0,3.805
140.9,3.805
140.9,3.805
140.8,3.805
140.7,3.805
140.6,3.805
140.6,3.805
140.5,3.805
140.4,3.805
140.4,3.805
140.3,3.805
140.3,3.805
140.2,3.805
140.2,3.805
140.1,3.805
140.1,3.805
140.0,3.805
139.9,3.805
139.9,3.805
139.8,3.805
139.7,3.805
139.6,3.805
139.6,3.805
139.5,3.805
139.4,3.805
139.4,3.805
139.3,3.805
139.3,3.805
139.2,3.805
139.1,3.805
139.1,3.805
139.0,3.805
138.9,3.805
138.9,3.805
138.8,3.805
138.8,3.805
138.7,3.805
138.6,3.805
138.5,3.805
138.5,3.805
138.4,3.805
138.3,3.805
138.3,3.805
138.2,3.805
138.2,3.805
138.1,3.805
138.1,3.805
138.0,3.805
137.9,3.805
137.9,3.805
137.8,3.805
137.8,3.805
137.7,3.805
137.6,3.805
137.6,3.805
137.5,3.805
137.5,3.805
137.4,3.805
137.3,3.805
137.3,3.805
137.2,3.805
137.2,3.800
137.1,3.800
137.0,3.800
137.0,3.800
137.0,3.800
136.9,3.800
136.8,3.800
136.8,3.800
136.7,3.800
136.6,3.800
136.6,3.800
136.5,3.800
136.5,3.800
136.4,3.800
136.4,3.800
136.3,3.800
136.2,3.800
136.2,3.800
136.1,3.800
136.0,3.800
136.0,3.800
135.9,3.800
135.9,3.800
135.8,3.800
135.7,3.800
135.7,3.800
135.6,3.800
135.6,3.800
135.5,3.800
135.5,3.800
135.4,3.800
135.4,3.800
135.3,3.800
135.3,3.800
135.2,3.800
135.2,3.800
135.1,3.800
135.0,3.800
135.0,3.800
134.9,3.800
134.9,3.800
134.8,3.800
134.8,3.800
134.7,3.800
134.7,3.800
134.6,3.800
134.6,3.800
134.5,3.800
134.5,3.800
134.4,3.800
134.3,3.800
134.3,3.800
134.2,3.800
134.2,3.800
134.1,3.800
134.0,3.800
134.0,3.800
133.9,3.800
133.9,3.800
133.8,3.800
133.8,3.800
133.7,3.800
133.7,3.800
133.6,3.800
133.6,3.800
133.5,3.800
133.5,3.800
133.4,3.800
133.4,3.800
133.3,3.800
133.3,3.800
133.2,3.800
133.2,3.800
133.1,3.800
133.1,3.800
133.0,3.800
133.0,3.800
133.0,3.800
132.9,3.800
132.8,3.800
132.8,3.800
132.7,3.800
132.7,3.800
132.7,3.800
132.6,3.800
132.6,3.800
132.5,3.800
132.4,3.800
132.4,3.800
132.3,3.800
132.2,3.800
132.2,3.800
132.2,3.800
132.1,3.800
132.0,3.800
132.0,3.800
132.0,3.800
131.9,3.800
131.9,3.800
131.8,3.800
131.8,3.800
131.8,3.800
131.7,3.800
131.6,3.795
131.6,3.795
131.6,3.795
131.5,3.795
131.4,3.795
131.4,3.795
131.4,3.795
131.3,3.795
131.3,3.795
131.2,3.795
131.2,3.795
131.2,3.795
131.1,3.795
131.0,3.795
131.0,3.795
131.0,3.795
130.9,3.795
130.9,3.795
130.8,3.795
130.8,3.795
130.7,3.795
130.6,3.795
130.6,3.795
130.6,3.795
130.5,3.795
130.5,3.795
130.4,3.795
130.4,3.795
130.4,3.795
130.3,3.795
130.2,3.795
130.2,3.795
130.2,3.795
130.1,3.795
130.1,3.795
130.0,3.795
130.0,3.795
129.9,3.795
129.9,3.795
129.9,3.795
129.8,3.795
129.8,3.795
129.7,3.795
129.7,3.795
129.6,3.795
129.6,3.795
129.5,3.795
129.5,3.795
129.4,3.795
129.4,3.795
129.4,3.795
129.3,3.795
129.3,3.795
129.2,3.795
129.1,3.795
129.1,3.795
129.1,3.795
129.0,3.795
129.0,3.795
129.0,3.795
129.0,3.795
128.9,3.795
128.9,3.795
128.8,3.795
128.8,3.795
128.7,3.795
128.7,3.795
128.6,3.795
128.6,3.795
128.6,3.795
128.5,3.795
128.5,3.795
128.5,3.795
128.4,3.795
128.4,3.795
128.3,3.795
128.3,3.795
128.2,3.795
128.2,3.795
128.2,3.795
128.1,3.795
128.1,3.795
128.0,3.795
128.0,3.795
127.9,3.795
127.9,3.795
127.8,3.795
127.8,3.795
127.8,3.795
127.7,3.795
127.7,3.795
127.7,3.795
127.6,3.795
127.6,3.795
127.5,3.795
127.5,3.795
127.5,3.795
127.4,3.795
127.4,3.795
127.3,3.795
127.3,3.795
127.2,3.795
127.2,3.795
127.1,3.795
127.1,3.795
127.1,3.795
127.0,3.795
127.0,3.795
127.0,3.795
127.0,3.795
127.0,3.795
126.9,3.795
126.8,3.795
126.8,3.795
126.7,3.795
126.7,3.795
126.7,3.795
126.6,3.795
126.6,3.795
126.5,3.795
126.5,3.795
126.5,3.790
126.4,3.790
126.4,3.790
126.3,3.790
126.3,3.790
126.3,3.790
126.2,3.790
126.2,3.790
126.1,3.790
126.1,3.790
126.1,3.790
126.1,3.790
126.0,3.790
126.0,3.790
125.9,3.790
125.9,3.790
125.8,3.790
125.8,3.790
125.8,3.790
125.8,3.790
125.7,3.790
125.7,3.790
125.6,3.790
125.6,3.790
125.5,3.790
125.5,3.790
125.5,3.790
125.4,3.790
125.4,3.790
125.4,3.790
125.3,3.790
125.3,3.790
125.3,3.790
125.2,3.790
125.2,3.790
125.1,3.790
125.1,3.790
125.0,3.790
125.0,3.790
125.0,3.790
125.0,3.790
124.9,3.790
124.9,3.790
124.8,3.790
124.8,3.790
124.8,3.790
124.7,3.790
124.7,3.790
124.7,3.790
124.6,3.790
124.6,3.790
124.5,3.790
124.5,3.790
124.5,3.790
124.4,3.790
124.4,3.790
124.3,3.790
124.3,3.790
124.3,3.790
124.2,3.790
124.2,3.790
124.1,3.790
124.1,3.790
124.1,3.790
124.1,3.790
124.0,3.790
124.0,3.790
124.0,3.790
123.9,3.790
123.9,3.790
123.8,3.790
123.8,3.790
123.7,3.790
123.7,3.790
123.7,3.790
123.6,3.790
123.6,3.790
123.6,3.790
123.6,3.790
123.6,3.790
123.5,3.790
123.5,3.790
123.5,3.790
123.4,3.790
123.4,3.790
123.3,3.790
123.3,3.790
123.2,3.790
123.2,3.790
123.2,3.790
123.1,3.790
123.1,3.790
123.1,3.790
123.0,3.790
123.0,3.790
122.9,3.790
122.9,3.790
122.9,3.790
122.9,3.790
122.8,3.790
122.8,3.790
122.7,3.790
122.7,3.790
122.7,3.790
122.6,3.790
122.6,3.790
122.6,3.790
122.6,3.790
122.6,3.790
122.5,3.790
122.5,3.790
122.4,3.790
122.4,3.790
122.4,3.790
122.3,3.790
122.3,3.790
122.3,3.790
122.2,3.790
122.2,3.790
122.2,3.790
122.1,3.790
122.1,3.790
122.1,3.790
122.1,3.790
122.1,3.790
122.0,3.790
122.0,3.790
122.0,3.790
122.0,3.790
121.9,3.790
121.9,3.790
121.8,3.790
121.8,3.790
121.8,3.790
121.8,3.790
121.7,3.790
121.7,3.790
121.6,3.790
121.6,3.790
121.6,3.790
121.6,3.790
121.6,3.790
121.5,3.790
121.5,3.790
121.5,3.790
121.4,3.790
121.4,3.790
121.4,3.790
121.3,3.790
121.3,3.790
121.3,3.790
121.2,3.790
121.2,3.790
121.2,3.790
121.1,3.790
121.1,3.790
121.1,3.790
121.0,3.790
121.0,3.790
121.0,3.790
120.9,3.785
120.9,3.785
120.9,3.785
120.9,3.785
120.9,3.785
120.8,3.785
120.8,3.785
120.7,3.785
120.7,3.785
120.7,3.785
120.7,3.785
120.7,3.785
120.6,3.785
120.6,3.785
120.6,3.785
120.5,3.785
120.5,3.785
120.5,3.785
120.5,3.785
120.4,3.785
120.4,3.785
120.4,3.785
120.4,3.785
120.3,3.785
120.3,3.785
120.3,3.785
120.3,3.785
120.2,3.785
120.2,3.785
120.2,3.785
120.2,3.785
120.1,3.785
120.1,3.785
120.1,3.785
120.0,3.785
120.0,3.785
120.0,3.785
120.0,3.785
119.9,3.785
119.9,3.785
119.9,3.785
119.8,3.785
119.8,3.785
119.8,3.785
119.8,3.785
119.8,3.785
119.7,3.785
119.7,3.785
119.7,3.785
119.6,3.785
119.6,3.785
119.6,3.785
119.6,3.785
119.5,3.785
119.5,3.785
119.4,3.785
119.4,3.785
119.4,3.785
119.4,3.785
119.3,3.785
119.3,3.785
119.3,3.785
119.3,3.785
119.2,3.785
119.2,3.785
119.2,3.785
119.2,3.785
119.1,3.785
119.1,3.785
119.1,3.785
119.0,3.785
119.0,3.785
118.9,3.785
118.9,3.785
118.9,3.785
118.9,3.785
118.9,3.785
118.8,3.785
118.9,3.785
118.9,3.785
118.8,3.785
118.7,3.785
118.7,3.785
118.7,3.785
118.6,3.785
118.6,3.785
118.5,3.785
118.5,3.785
118.5,3.785
118.4,3.785
118.4,3.785
118.4,3.785
118.4,3.785
118.4,3.785
118.4,3.785
118.4,3.785
118.4,3.785
118.3,3.785
118.3,3.785
118.2,3.785
118.2,3.785
118.2,3.785
118.1,3.785
118.1,3.785
118.0,3.785
118.0,3.785
118.0,3.785
118.0,3.785
117.9,3.785
117.9,3.785
117.9,3.785
117.9,3.785
117.9,3.785
117.8,3.785
117.8,3.785
117.8,3.785
117.7,3.785
117.7,3.785
117.7,3.785
117.6,3.785
117.6,3.785
117.6,3.785
117.6,3.785
117.5,3.785
117.5,3.785
117.5,3.785
117.4,3.785
117.4,3.785
117.4,3.785
117.3,3.785
117.3,3.785
117.3,3.785
117.3,3.785
117.2,3.785
117.2,3.785
117.2,3.785
117.2,3.785
117.1,3.785
117.1,3.785
117.1,3.785
117.1,3.785
117.0,3.785
117.0,3.785
116.9,3.785
116.9,3.785
116.9,3.785
116.8,3.785
116.8,3.785
116.8,3.785
116.8,3.785
116.8,3.785
116.7,3.785
116.7,3.785
116.7,3.785
116.7,3.785
116.6,3.785
116.6,3.785
116.6,3.785
116.6,3.785
116.5,3.785
116.5,3.785
116.5,3.785
116.5,3.785
116.4,3.785
116.4,3.785
116.3,3.785
116.3,3.785
116.3,3.785
116.3,3.785
116.3,3.785
116.2,3.785
116.2,3.785
116.2,3.785
116.1,3.785
116.1,3.785
116.1,3.785
116.0,3.785
116.0,3.785
116.0,3.785
116.0,3.785
116.0,3.785
115.9,3.785
115.9,3.785
115.9,3.785
115.9,3.785
115.9,3.785
115.8,3.785
115.8,3.785
115.8,3.785
115.7,3.785
115.7,3.785
115.7,3.785
115.7,3.780
115.7,3.780
115.6,3.780
115.6,3.780
115.6,3.780
115.6,3.780
115.6,3.780
115.5,3.780
115.5,3.780
115.5,3.780
115.4,3.780
115.4,3.780
115.4,3.780
115.4,3.780
115.4,3.780
115.3,3.780
115.3,3.780
115.3,3.780
115.3,3.780
115.3,3.780
115.2,3.780
115.2,3.780
115.1,3.780
115.1,3.780
115.1,3.780
115.1,3.780
115.1,3.780
115.1,3.780
115.1,3.780
115.1,3.780
115.1,3.780
115.1,3.780
115.0,3.780
114.9,3.780
114.9,3.780
114.9,3.780
114.9,3.780
114.9,3.780
114.9,3.780
114.9,3.780
114.9,3.780
114.8,3.780
114.7,3.780
114.7,3.780
114.7,3.780
114.7,3.780
114.7,3.780
114.7,3.780
114.7,3.780
114.7,3.780
114.7,3.780
114.7,3.780
114.7,3.780
114.6,3.780
114.6,3.780
114.6,3.780
114.5,3.780
114.5,3.780
114.5,3.780
114.5,3.780
114.5,3.780
114.5,3.780
114.5,3.780
114.5,3.780
114.3,3.780
114.3,3.780
114.3,3.780
114.3,3.780
114.3,3.780
114.3,3.780
114.3,3.780
114.3,3.780
114.3,3.780
114.3,3.780
114.2,3.780
114.2,3.780
114.2,3.780
114.2,3.780
114.2,3.780
114.2,3.780
114.2,3.780
114.1,3.780
114.1,3.780
114.1,3.780
114.1,3.780
114.0,3.780
114.0,3.780
114.0,3.780
113.9,3.780
113.9,3.780
113.9,3.780
113.9,3.780
113.9,3.780
113.9,3.780
113.9,3.780
113.9,3.780
113.9,3.780
113.9,3.780
113.9,3.780
113.8,3.780
113.8,3.780
113.8,3.780
113.8,3.780
113.8,3.780
113.8,3.780
113.8,3.780
113.7,3.780
113.7,3.780
113.7,3.780
113.6,3.780
113.6,3.780
113.6,3.780
113.6,3.780
113.6,3.780
113.6,3.780
113.6,3.780
113.6,3.780
113.6,3.780
113.6,3.780
113.5,3.780
113.5,3.780
113.4,3.780
113.5,3.780
113.4,3.780
113.4,3.780
113.4,3.780
113.4,3.780
113.4,3.780
113.4,3.780
113.4,3.780
113.4,3.780
113.4,3.780
113.3,3.780
113.3,3.780
113.2,3.780
113.2,3.780
113.2,3.780
113.2,3.780
113.2,3.780
113.2,3.780
113.2,3.780
113.2,3.780
113.2,3.780
113.2,3.780
113.2,3.780
113.2,3.780
113.2,3.780
113.1,3.780
113.1,3.780
113.1,3.780
113.1,3.780
113.1,3.780
113.1,3.780
113.1,3.780
113.1,3.780
113.0,3.780
113.0,3.780
113.0,3.780
113.0,3.780
113.0,3.780
112.9,3.780
112.9,3.780
112.9,3.780
112.8,3.780
112.8,3.780
112.8,3.780
112.8,3.780
112.8,3.780
112.8,3.780
112.8,3.780
112.8,3.780
112.8,3.780
112.8,3.780
112.8,3.780
112.8,3.780
112.7,3.780
112.7,3.780
112.7,3.780
112.7,3.780
112.7,3.780
112.7,3.780
112.7,3.780
112.7,3.780
112.7,3.780
112.7,3.780
112.6,3.780
112.6,3.780
112.6,3.780
112.6,3.780
112.6,3.780
112.6,3.780
112.6,3.780
112.6,3.780
112.6,3.780
112.6,3.780
112.6,3.780
112.6,3.780
112.5,3.780
112.5,3.780
112.5,3.780
112.5,3.780
112.5,3.780
112.4,3.780
112.4,3.780
112.4,3.780
112.4,3.780
112.4,3.780
112.4,3.780
112.4,3.780
112.4,3.780
112.4,3.780
112.4,3.780
112.4,3.780
112.3,3.780
112.3,3.780
112.3,3.780
112.3,3.780
112.3,3.780
112.2,3.780
112.2,3.780
112.2,3.780
112.2,3.780
112.2,3.780
112.2,3.780
112.2,3.780
112.2,3.780
112.2,3.780
112.2,3.780
112.2,3.780
112.2,3.780
112.2,3.780
112.2,3.780
112.2,3.780
112.2,3.780
112.2,3.780
112.2,3.780
112.2,3.780
112.2,3.780
112.1,3.780
112.1,3.780
112.1,3.780
112.1,3.780
112.1,3.780
112.1,3.780
112.1,3.780
112.1,3.780
112.1,3.780
112.1,3.780
112.0,3.780
112.0,3.780
112.0,3.780
112.0,3.780
112.0,3.780
111.9,3.780
111.9,3.780
111.9,3.780
111.9,3.780
111.9,3.780
111.9,3.780
111.9,3.780
111.9,3.780
111.9,3.780
111.9,3.780
111.9,3.780
111.9,3.780
111.8,3.780
111.8,3.780
111.8,3.780
111.8,3.780
111.8,3.780
111.8,3.780
111.8,3.780
111.8,3.780
111.8,3.780
111.8,3.780
111.8,3.780
111.8,3.780
111.8,3.780
111.7,3.780
111.7,3.780
111.7,3.780
111.7,3.780
111.7,3.780
111.7,3.780
111.7,3.780
111.7,3.780
111.7,3.780
111.7,3.780
111.7,3.780
111.7,3.780
111.7,3.780
111.6,3.780
111.6,3.780
111.6,3.780
111.6,3.780
111.6,3.780
111.6,3.780
111.5,3.780
111.5,3.780
111.5,3.780
111.5,3.780
111.5,3.780
111.5,3.780
111.5,3.780
111.5,3.780
111.5,3.780
111.5,3.780
111.5,3.780
111.5,3.780
111.5,3.780
111.5,3.780
111.5,3.780
111.5,3.780
111.5,3.780
111.5,3.780
111.5,3.780
111.4,3.780
111.4,3.780
111.4,3.780
111.4,3.780
111.4,3.780
111.4,3.780
111.4,3.780
111.4,3.780
111.4,3.780
111.3,3.780
111.3,3.780
111.3,3.780
111.3,3.780
111.3,3.780
111.3,3.780
111.3,3.780
111.2,3.780
111.2,3.780
111.2,3.780
111.2,3.780
111.2,3.780
111.2,3.780
111.2,3.780
111.2,3.780
111.2,3.780
111.2,3.780
111.2,3.780
111.2,3.780
111.2,3.780
111.1,3.780
111.1,3.780
111.1,3.780
111.1,3.780
111.1,3.780
111.1,3.780
111.1,3.780
111.1,3.780
111.1,3.780
111.1,3.780
111.1,3.780
111.1,3.780
111.1,3.780
111.0,3.780
111.0,3.780
110.9,3.780
110.9,3.780
110.9,3.780
110.9,3.780
110.9,3.780
110.9,3.780
110.9,3.780
110.9,3.780
110.9,3.780
110.9,3.780
110.9,3.780
110.8,3.780
110.8,3.780
110.8,3.780
110.8,3.780
110.8,3.780
110.8,3.780
110.8,3.780
110.8,3.780
110.8,3.780
110.8,3.780
110.8,3.780
110.8,3.780
110.7,3.780
110.7,3.780
110.7,3.780
110.7,3.780
110.7,3.780
110.7,3.780
110.7,3.780
110.7,3.780
110.7,3.780
110.7,3.780
110.7,3.780
110.7,3.780
110.7,3.780
110.7,3.780
110.7,3.780
110.7,3.780
110.6,3.780
110.6,3.780
110.6,3.780
110.6,3.780
110.6,3.780
110.6,3.775
110.5,3.775
110.5,3.775
110.4,3.775
110.4,3.775
110.4,3.775
110.4,3.775
110.4,3.775
110.4,3.775
110.4,3.775
110.4,3.775
110.4,3.775
110.4,3.775
110.3,3.775
110.3,3.775
110.3,3.775
110.3,3.775
110.3,3.775
110.3,3.775
110.3,3.775
110.3,3.775
110.3,3.775
110.3,3.775
110.3,3.775
110.3,3.775
110.3,3.775
110.3,3.775
110.3,3.775
110.2,3.775
110.2,3.775
110.2,3.775
110.2,3.775
110.2,3.775
110.2,3.775
110.2,3.775
110.2,3.775
110.2,3.775
110.2,3.775
110.2,3.775
110.1,3.775
110.1,3.775
110.1,3.775
110.1,3.775
110.1,3.775
110.1,3.775
110.1,3.775
110.1,3.775
110.0,3.775
110.0,3.775
110.0,3.775
110.0,3.775
110.0,3.775
110.0,3.775
109.9,3.775
109.9,3.775
109.9,3.775
109.9,3.775
109.9,3.775
109.9,3.775
109.9,3.775
109.9,3.775
109.9,3.775
109.9,3.775
109.9,3.775
109.9,3.775
109.9,3.775
109.7,3.775
109.8,3.775
109.7,3.775
109.7,3.775
109.7,3.775
109.7,3.775
109.7,3.775
109.7,3.775
109.7,3.775
109.6,3.775
109.6,3.775
109.6,3.775
109.6,3.775
109.6,3.775
109.6,3.775
109.6,3.775
109.6,3.775
109.6,3.775
109.5,3.775
109.5,3.775
109.5,3.775
109.5,3.775
109.5,3.775
109.5,3.775
109.5,3.775
109.5,3.775
109.5,3.775
109.4,3.775
109.4,3.775
109.3,3.775
109.3,3.775
109.3,3.775
109.3,3.775
109.3,3.775
109.3,3.775
109.3,3.775
109.3,3.775
109.3,3.775
109.2,3.775
109.2,3.775
109.2,3.775
109.2,3.775
109.2,3.775
109.2,3.775
109.1,3.775
109.0,3.775
109.0,3.775
109.0,3.775
109.0,3.775
109.0,3.775
109.0,3.775
109.0,3.775
109.0,3.775
109.0,3.775
109.0,3.775
109.0,3.775
109.0,3.775
108.9,3.775
108.9,3.775
108.9,3.775
108.9,3.775
108.9,3.775
108.8,3.775
108.8,3.775
108.8,3.775
108.8,3.775
108.8,3.775
108.8,3.775
108.7,3.775
108.7,3.775
108.7,3.775
108.7,3.775
108.6,3.775
108.6,3.775
108.6,3.775
108.6,3.775
108.5,3.775
108.5,3.775
108.5,3.775
108.5,3.775
108.5,3.775
108.5,3.775
108.5,3.775
108.5,3.775
108.4,3.775
108.4,3.775
108.4,3.775
108.4,3.775
108.4,3.775
108.4,3.775
108.4,3.775
108.4,3.775
108.2,3.775
108.2,3.775
108.2,3.775
108.2,3.775
108.2,3.775
108.2,3.775
108.1,3.775
108.1,3.775
108.1,3.775
108.1,3.775
108.0,3.775
108.0,3.775
108.0,3.775
108.0,3.775
107.9,3.775
107.9,3.775
107.8,3.775
107.8,3.775
107.8,3.775
107.8,3.775
107.8,3.775
107.8,3.775
107.8,3.775
107.8,3.775
107.7,3.775
107.7,3.775
107.6,3.775
107.6,3.775
107.6,3.775
107.6,3.775
107.6,3.775
107.6,3.775
107.6,3.775
107.6,3.775
107.6,3.775
107.6,3.775
107.6,3.775
107.4,3.775
107.4,3.775
107.4,3.775
107.4,3.775
107.4,3.775
107.4,3.775
107.3,3.775
107.3,3.775
107.3,3.775
107.3,3.775
107.3,3.775
107.2,3.775
107.2,3.775
107.2,3.775
107.2,3.775
107.1,3.775
107.1,3.775
107.1,3.775
107.1,3.775
107.1,3.775
107.0,3.775
107.0,3.775
106.9,3.775
106.9,3.775
106.9,3.775
106.9,3.775
106.8,3.775
106.8,3.775
106.8,3.775
106.8,3.775
106.8,3.775
106.8,3.775
106.7,3.775
106.7,3.775
106.6,3.775
106.6,3.775
106.6,3.775
106.5,3.775
106.5,3.775
106.5,3.775
106.5,3.775
106.4,3.775
106.4,3.775
106.4,3.775
106.4,3.775
106.4,3.775
106.3,3.775
106.3,3.775
106.3,3.775
106.3,3.775
106.2,3.775
106.2,3.775
106.2,3.775
106.2,3.775
106.1,3.775
106.1,3.775
106.1,3.775
106.1,3.775
106.1,3.775
106.0,3.775
106.0,3.775
106.0,3.775
105.9,3.775
105.9,3.775
105.9,3.775
105.9,3.775
105.8,3.775
105.8,3.775
105.8,3.775
105.7,3.775
105.7,3.775
105.7,3.775
105.6,3.775
105.6,3.775
105.6,3.775
105.6,3.775
105.6,3.775
105.5,3.775
105.5,3.770
105.5,3.770
105.4,3.770
105.4,3.770
105.3,3.770
105.3,3.770
105.3,3.770
105.3,3.770
105.2,3.770
105.2,3.770
105.2,3.770
105.1,3.770
105.1,3.770
105.1,3.770
105.1,3.770
105.0,3.770
105.0,3.770
104.9,3.770
104.9,3.770
104.9,3.770
104.8,3.770
104.8,3.770
104.8,3.770
104.8,3.770
104.7,3.770
104.7,3.770
104.6,3.770
104.6,3.770
104.6,3.770
104.5,3.770
104.5,3.770
104.5,3.770
104.4,3.770
104.4,3.770
104.4,3.770
104.3,3.770
104.3,3.770
104.2,3.770
104.2,3.770
104.2,3.770
104.1,3.770
104.1,3.770
104.1,3.770
104.0,3.770
104.0,3.770
104.0,3.770
104.0,3.770
103.9,3.770
103.9,3.770
103.9,3.770
103.8,3.770
103.8,3.770
103.7,3.770
103.7,3.770
103.7,3.770
103.6,3.770
103.6,3.770
103.6,3.770
103.5,3.770
103.5,3.770
103.4,3.770
103.4,3.770
103.4,3.770
103.3,3.770
103.3,3.770
103.2,3.770
103.2,3.770
103.1,3.770
103.1,3.770
103.0,3.770
103.0,3.770
103.0,3.770
103.0,3.770
102.9,3.770
102.9,3.770
102.8,3.770
102.8,3.770
102.8,3.770
102.7,3.770
102.6,3.770
102.6,3.770
102.5,3.770
102.5,3.770
102.5,3.770
102.4,3.770
102.4,3.770
102.4,3.770
102.4,3.770
102.3,3.770
102.3,3.770
102.2,3.770
102.2,3.770
102.1,3.770
102.1,3.770
102.0,3.770
102.0,3.770
102.0,3.770
101.9,3.770
101.9,3.770
101.9,3.770
101.8,3.770
101.8,3.770
101.7,3.770
101.7,3.770
101.6,3.770
101.6,3.770
101.5,3.770
101.5,3.770
101.4,3.770
101.4,3.770
101.4,3.770
101.3,3.770
101.3,3.770
101.2,3.770
101.1,3.770
101.1,3.770
101.0,3.770
101.0,3.770
100.9,3.770
100.9,3.770
100.9,3.770
100.9,3.770
100.8,3.770
100.8,3.770
100.7,3.770
100.7,3.770
100.6,3.770
100.6,3.770
100.5,3.770
100.5,3.770
100.4,3.770
100.4,3.770
100.3,3.770
100.3,3.765
100.2,3.765
100.2,3.765
100.1,3.765
100.1,3.765
100.0,3.765
100.0,3.765
100.0,3.765
99.9,3.765
99.8,3.765
99.8,3.765
99.7,3.765
99.7,3.765
99.7,3.765
99.6,3.765
99.5,3.765
99.5,3.765
99.5,3.765
99.4,3.765
99.3,3.765
99.3,3.765
99.2,3.765
99.2,3.765
99.1,3.765
99.0,3.765
99.0,3.765
98.9,3.765
98.9,3.765
98.8,3.765
98.8,3.765
98.7,3.765
98.7,3.765
98.6,3.765
98.6,3.765
98.5,3.765
98.4,3.765
98.4,3.765
98.3,3.765
98.3,3.765
98.2,3.765
98.1,3.765
98.1,3.765
98.1,3.765
98.0,3.765
98.0,3.765
97.9,3.765
97.9,3.765
97.9,3.765
97.8,3.765
97.7,3.765
97.7,3.765
97.6,3.765
97.5,3.765
97.5,3.765
97.4,3.765
97.4,3.765
97.4,3.765
97.3,3.765
97.2,3.765
97.2,3.765
97.2,3.765
97.1,3.765
97.0,3.765
96.9,3.765
96.8,3.765
96.8,3.765
96.7,3.765
96.7,3.765
96.6,3.765
96.6,3.765
96.5,3.765
96.5,3.765
96.4,3.765
96.3,3.765
96.3,3.765
96.2,3.765
96.2,3.765
96.1,3.765
96.0,3.765
96.0,3.765
96.0,3.765
95.9,3.765
95.8,3.765
95.8,3.765
95.7,3.765
95.6,3.765
95.6,3.765
95.5,3.765
95.4,3.765
95.4,3.765
95.3,3.765
95.2,3.765
95.2,3.765
95.1,3.765
95.1,3.765
95.0,3.760
95.0,3.760
94.9,3.760
94.9,3.760
94.8,3.760
94.7,3.760
94.7,3.760
94.6,3.760
94.5,3.760
94.5,3.760
94.4,3.760
94.4,3.760
94.3,3.760
94.2,3.760
94.1,3.760
94.1,3.760
94.0,3.760
94.0,3.760
93.9,3.760
93.8,3.760
93.8,3.760
93.7,3.760
93.6,3.760
93.6,3.760
93.5,3.760
93.4,3.760
93.4,3.760
93.3,3.760
93.3,3.760
93.2,3.760
93.1,3.760
93.0,3.760
93.0,3.760
92.9,3.760
92.8,3.760
92.8,3.760
92.7,3.760
92.6,3.760
92.6,3.760
92.5,3.760
92.4,3.760
92.4,3.760
92.3,3.760
92.3,3.760
92.2,3.760
92.2,3.760
92.1,3.760
92.0,3.760
92.0,3.760
91.9,3.760
91.8,3.760
91.7,3.760
91.6,3.760
91.6,3.760
91.5,3.760
91.4,3.760
91.4,3.760
91.3,3.760
91.3,3.760
91.2,3.760
91.1,3.760
91.0,3.760
91.0,3.760
90.9,3.760
90.8,3.760
90.7,3.760
90.7,3.760
90.6,3.760
90.6,3.760
90.5,3.760
90.4,3.760
90.4,3.760
90.3,3.755
90.2,3.755
90.2,3.755
90.1,3.755
90.0,3.755
90.0,3.755
89.9,3.755
89.9,3.755
89.8,3.755
89.7,3.755
89.7,3.755
89.6,3.755
89.5,3.755
89.5,3.755
89.4,3.755
89.3,3.755
89.3,3.755
89.2,3.755
89.2,3.755
89.1,3.755
89.0,3.755
88.9,3.755
88.9,3.755
88.8,3.755
88.7,3.755
88.7,3.755
88.6,3.755
88.5,3.755
88.5,3.755
88.4,3.755
88.3,3.755
88.3,3.755
88.2,3.755
88.1,3.755
88.1,3.755
88.0,3.755
88.0,3.755
87.9,3.755
87.8,3.755
87.8,3.755
87.7,3.755
87.7,3.755
87.6,3.755
87.5,3.755
87.4,3.755
87.4,3.755
87.3,3.755
87.2,3.755
87.2,3.755
87.1,3.755
87.0,3.755
87.0,3.755
86.9,3.755
86.8,3.755
86.8,3.755
86.7,3.755
86.6,3.755
86.6,3.755
86.5,3.755
86.4,3.755
86.4,3.755
86.3,3.755
86.2,3.755
86.2,3.755
86.1,3.755
86.0,3.755
85.9,3.755
85.9,3.755
85.8,3.755
85.8,3.755
85.7,3.755
85.6,3.755
85.6,3.755
85.5,3.755
85.4,3.755
85.4,3.755
85.3,3.755
85.3,3.755
85.2,3.750
85.1,3.750
85.0,3.750
85.0,3.750
84.9,3.750
84.8,3.750
84.7,3.750
84.7,3.750
84.6,3.750
84.6,3.750
84.5,3.750
84.4,3.750
84.3,3.750
84.3,3.750
84.2,3.750
84.2,3.750
84.1,3.750
84.0,3.750
84.0,3.750
83.9,3.750
83.8,3.750
83.8,3.750
83.7,3.750
83.6,3.750
83.5,3.750
83.5,3.750
83.4,3.750
83.3,3.750
83.2,3.750
83.2,3.750
83.1,3.750
83.0,3.750
83.0,3.750
82.9,3.750
82.9,3.750
82.8,3.750
82.7,3.750
82.7,3.750
82.6,3.750
82.6,3.750
82.5,3.750
82.4,3.750
82.4,3.750
82.3,3.750
82.2,3.750
82.2,3.750
82.1,3.750
82.0,3.750
82.0,3.750
81.9,3.750
81.8,3.750
81.7,3.750
81.7,3.750
81.6,3.750
81.5,3.750
81.4,3.750
81.3,3.750
81.3,3.750
81.3,3.750
81.2,3.750
81.1,3.750
81.0,3.750
81.0,3.750
80.9,3.750
80.9,3.750
80.8,3.750
80.7,3.750
80.7,3.750
80.6,3.750
80.5,3.750
80.4,3.750
80.3,3.750
80.3,3.750
80.2,3.750
80.1,3.750
80.1,3.750
80.0,3.750
80.0,3.750
79.9,3.745
79.8,3.745
79.7,3.745
79.7,3.745
79.6,3.745
79.6,3.745
79.5,3.745
79.4,3.745
79.4,3.745
79.3,3.745
79.2,3.745
79.1,3.745
79.1,3.745
79.0,3.745
78.9,3.745
78.9,3.745
78.8,3.745
78.7,3.745
78.7,3.745
78.6,3.745
78.5,3.745
78.4,3.745
78.3,3.745
78.2,3.745
78.2,3.745
78.1,3.745
78.1,3.745
78.0,3.745
77.9,3.745
77.9,3.745
77.8,3.745
77.7,3.745
77.6,3.745
77.6,3.745
77.5,3.745
77.4,3.745
77.3,3.745
77.2,3.745
77.2,3.745
77.1,3.745
77.0,3.745
76.9,3.745
76.9,3.745
76.8,3.745
76.8,3.745
76.7,3.745
76.6,3.745
76.5,3.745
76.5,3.745
76.4,3.745
76.3,3.745
76.2,3.745
76.1,3.745
76.0,3.745
76.0,3.745
75.9,3.745
75.8,3.745
75.7,3.745
75.7,3.745
75.6,3.745
75.5,3.745
75.4,3.745
75.4,3.745
75.3,3.745
75.2,3.745
75.2,3.745
75.1,3.745
75.0,3.745
75.0,3.745
74.9,3.745
74.8,3.745
74.8,3.745
74.7,3.745
74.6,3.745
74.5,3.740
74.5,3.740
74.4,3.740
74.3,3.740
74.2,3.740
74.1,3.740
74.1,3.740
74.0,3.740
73.9,3.740
73.8,3.740
73.7,3.740
73.7,3.740
73.6,3.740
73.5,3.740
73.5,3.740
73.4,3.740
73.3,3.740
73.3,3.740
73.2,3.740
73.1,3.740
73.1,3.740
73.0,3.740
72.9,3.740
72.9,3.740
72.8,3.740
72.7,3.740
72.6,3.740
72.5,3.740
72.5,3.740
72.4,3.740
72.3,3.740
72.2,3.740
72.1,3.740
72.1,3.740
72.0,3.740
71.9,3.740
71.8,3.740
71.7,3.740
71.7,3.740
71.6,3.740
71.5,3.740
71.5,3.740
71.4,3.740
71.3,3.740
71.3,3.740
71.2,3.740
71.1,3.740
71.1,3.740
71.0,3.740
70.9,3.740
70.8,3.740
70.8,3.740
70.7,3.740
70.6,3.740
70.6,3.740
70.5,3.740
70.4,3.740
70.4,3.740
70.3,3.740
70.2,3.740
70.1,3.740
70.0,3.740
70.0,3.740
69.9,3.740
69.9,3.740
69.8,3.740
69.8,3.740
69.7,3.740
69.6,3.740
69.6,3.740
69.5,3.735
69.4,3.735
69.3,3.735
69.2,3.735
69.2,3.735
69.1,3.735
69.0,3.735
69.0,3.735
68.9,3.735
68.9,3.735
68.8,3.735
68.7,3.735
68.7,3.735
68.6,3.735
68.5,3.735
68.5,3.735
68.4,3.735
68.3,3.735
68.3,3.735
68.2,3.735
68.1,3.735
68.1,3.735
68.0,3.735
68.0,3.735
67.9,3.735
67.9,3.735
67.8,3.735
67.7,3.735
67.7,3.735
67.6,3.735
67.5,3.735
67.5,3.735
67.4,3.735
67.4,3.735
67.3,3.735
67.2,3.735
67.2,3.735
67.1,3.735
67.0,3.735
67.0,3.735
66.9,3.735
66.8,3.735
66.8,3.735
66.7,3.735
66.6,3.735
66.6,3.735
66.5,3.735
66.5,3.735
66.4,3.735
66.3,3.735
66.3,3.735
66.2,3.735
66.2,3.735
66.1,3.735
66.0,3.735
66.0,3.735
65.9,3.735
65.8,3.735
65.8,3.735
65.7,3.735
65.6,3.735
65.6,3.735
65.5,3.735
65.5,3.735
65.4,3.735
65.4,3.735
65.3,3.735
65.3,3.735
65.2,3.735
65.1,3.735
65.1,3.735
65.0,3.735
65.0,3.735
65.0,3.735
64.9,3.735
64.9,3.735
64.8,3.735
64.7,3.735
64.7,3.735
64.6,3.735
64.6,3.735
64.5,3.735
64.5,3.735
64.4,3.735
64.4,3.735
64.3,3.735
64.3,3.735
64.2,3.730
64.2,3.730
64.1,3.730
64.1,3.730
64.0,3.730
64.0,3.730
63.9,3.730
63.9,3.730
63.8,3.730
63.7,3.730
63.7,3.730
63.6,3.730
63.6,3.730
63.5,3.730
63.5,3.730
63.4,3.730
63.4,3.730
63.3,3.730
63.2,3.730
63.2,3.730
63.1,3.730
63.1,3.730
63.1,3.730
63.0,3.730
62.9,3.730
62.9,3.730
62.8,3.730
62.8,3.730
62.8,3.730
62.7,3.730
62.6,3.730
62.6,3.730
62.6,3.730
62.5,3.730
62.5,3.730
62.4,3.730
62.3,3.730
62.3,3.730
62.3,3.730
62.3,3.730
62.2,3.730
62.1,3.730
62.1,3.730
62.1,3.730
62.0,3.730
62.0,3.730
61.9,3.730
61.9,3.730
61.8,3.730
61.8,3.730
61.7,3.730
61.7,3.730
61.7,3.730
61.6,3.730
61.6,3.730
61.5,3.730
61.5,3.730
61.4,3.730
61.4,3.730
61.4,3.730
61.3,3.730
61.3,3.730
61.2,3.730
61.2,3.730
61.1,3.730
61.1,3.730
61.0,3.730
61.0,3.730
60.9,3.730
60.9,3.730
60.8,3.730
60.8,3.730
60.8,3.730
60.7,3.730
60.7,3.730
60.6,3.730
60.6,3.730
60.5,3.730
60.5,3.730
60.5,3.730
60.4,3.730
60.4,3.730
60.3,3.730
60.3,3.730
60.2,3.730
60.2,3.730
60.2,3.730
60.1,3.730
60.1,3.730
60.0,3.730
60.0,3.730
60.0,3.730
59.9,3.730
59.9,3.730
59.8,3.730
59.8,3.730
59.7,3.730
59.7,3.730
59.6,3.730
59.6,3.730
59.6,3.730
59.5,3.730
59.5,3.730
59.5,3.730
59.4,3.730
59.4,3.730
59.3,3.730
59.3,3.730
59.2,3.730
59.2,3.730
59.2,3.730
59.1,3.730
59.0,3.730
59.0,3.730
59.0,3.730
58.9,3.730
58.9,3.730
58.8,3.730
58.8,3.730
58.8,3.725
58.7,3.725
58.7,3.725
58.7,3.725
58.6,3.725
58.6,3.725
58.5,3.725
58.5,3.725
58.4,3.725
58.4,3.725
58.3,3.725
58.3,3.725
58.2,3.725
58.2,3.725
58.2,3.725
58.1,3.725
58.1,3.725
58.1,3.725
58.0,3.725
57.9,3.725
57.9,3.725
57.9,3.725
57.8,3.725
57.8,3.725
57.7,3.725
57.7,3.725
57.7,3.725
57.6,3.725
57.5,3.725
57.5,3.725
57.5,3.725
57.4,3.725
57.4,3.725
57.3,3.725
57.3,3.725
57.2,3.725
57.2,3.725
57.1,3.725
57.1,3.725
57.1,3.725
57.0,3.725
56.9,3.725
56.9,3.725
56.9,3.725
56.9,3.725
56.8,3.725
56.8,3.725
56.7,3.725
56.7,3.725
56.6,3.725
56.6,3.725
56.5,3.725
56.5,3.725
56.4,3.725
56.4,3.725
56.4,3.725
56.3,3.725
56.3,3.725
56.2,3.725
56.2,3.725
56.2,3.725
56.1,3.725
56.1,3.725
56.0,3.725
56.0,3.725
56.0,3.725
55.9,3.725
55.9,3.725
55.8,3.725
55.7,3.725
55.7,3.725
55.7,3.725
55.6,3.725
55.6,3.725
55.5,3.725
55.5,3.725
55.4,3.725
55.4,3.725
55.4,3.725
55.3,3.725
55.3,3.725
55.2,3.725
55.2,3.725
55.2,3.725
55.1,3.725
55.1,3.725
55.0,3.725
55.0,3.725
54.9,3.725
54.9,3.725
54.8,3.725
54.8,3.725
54.7,3.725
54.7,3.725
54.6,3.725
54.6,3.725
54.5,3.725
54.5,3.725
54.4,3.725
54.4,3.725
54.3,3.725
54.3,3.725
54.3,3.725
54.2,3.725
54.2,3.725
54.2,3.725
54.1,3.725
54.1,3.725
54.1,3.725
54.0,3.725
53.9,3.725
53.9,3.725
53.9,3.725
53.8,3.725
53.8,3.725
53.7,3.725
53.7,3.725
53.6,3.725
53.6,3.725
53.6,3.725
53.5,3.725
53.5,3.725
53.4,3.725
53.4,3.720
53.3,3.720
53.3,3.720
53.3,3.720
53.2,3.720
53.2,3.720
53.1,3.720
53.1,3.720
53.0,3.720
53.0,3.720
52.9,3.720
52.9,3.720
52.9,3.720
52.8,3.720
52.8,3.720
52.8,3.720
52.7,3.720
52.7,3.720
52.7,3.720
52.7,3.720
52.6,3.720
52.6,3.720
52.5,3.720
52.4,3.720
52.4,3.720
52.3,3.720
52.3,3.720
52.3,3.720
52.3,3.720
52.2,3.720
52.2,3.720
52.2,3.720
52.1,3.720
52.1,3.720
52.0,3.720
52.0,3.720
51.9,3.720
51.9,3.720
51.8,3.720
51.8,3.720
51.7,3.720
51.7,3.720
51.7,3.720
51.7,3.720
51.6,3.720
51.6,3.720
51.6,3.720
51.6,3.720
51.5,3.720
51.4,3.720
51.4,3.720
51.4,3.720
51.4,3.720
51.3,3.720
51.3,3.720
51.2,3.720
51.2,3.720
51.2,3.720
51.2,3.720
51.1,3.720
51.1,3.720
51.1,3.720
51.0,3.720
51.0,3.720
51.0,3.720
51.0,3.720
50.9,3.720
50.9,3.720
50.9,3.720
50.8,3.720
50.8,3.720
50.8,3.720
50.8,3.720
50.7,3.720
50.7,3.720
50.6,3.720
50.6,3.720
50.5,3.720
50.5,3.720
50.5,3.720
50.4,3.720
50.4,3.720
50.4,3.720
50.4,3.720
50.3,3.720
50.3,3.720
50.3,3.720
50.2,3.720
50.2,3.720
50.2,3.720
50.2,3.720
50.1,3.720
50.1,3.720
50.0,3.720
50.0,3.720
50.0,3.720
49.9,3.720
49.9,3.720
49.8,3.720
49.8,3.720
49.8,3.720
49.8,3.720
49.7,3.720
49.7,3.720
49.6,3.720
49.6,3.720
49.5,3.720
49.5,3.720
49.5,3.720
49.5,3.720
49.5,3.720
49.4,3.720
49.4,3.720
49.4,3.720
49.3,3.720
49.3,3.720
49.3,3.720
49.3,3.720
49.2,3.720
49.2,3.720
49.1,3.720
49.1,3.720
49.0,3.720
49.0,3.720
49.0,3.720
48.9,3.720
48.9,3.720
48.9,3.720
48.8,3.720
48.8,3.720
48.8,3.720
48.8,3.720
48.7,3.720
48.7,3.720
48.7,3.720
48.6,3.720
48.6,3.720
48.6,3.720
48.5,3.720
48.5,3.720
48.5,3.720
48.5,3.720
48.4,3.720
48.4,3.720
48.3,3.720
48.3,3.720
48.3,3.720
48.2,3.720
48.2,3.720
48.2,3.720
48.1,3.720
48.1,3.720
48.1,3.715
48.1,3.715
48.0,3.715
48.0,3.715
47.9,3.715
47.9,3.715
47.9,3.715
47.9,3.715
47.9,3.715
47.8,3.715
47.8,3.715
47.7,3.715
47.7,3.715
47.7,3.715
47.6,3.715
47.6,3.715
47.6,3.715
47.5,3.715
47.5,3.715
47.5,3.715
47.5,3.715
47.4,3.715
47.4,3.715
47.4,3.715
47.4,3.715
47.3,3.715
47.2,3.715
47.2,3.715
47.2,3.715
47.1,3.715
47.1,3.715
47.1,3.715
47.1,3.715
47.0,3.715
47.0,3.715
47.0,3.715
47.0,3.715
46.9,3.715
46.9,3.715
46.9,3.715
46.8,3.715
46.8,3.715
46.8,3.715
46.7,3.715
46.7,3.715
46.7,3.715
46.6,3.715
46.6,3.715
46.6,3.715
46.6,3.715
46.6,3.715
46.5,3.715
46.4,3.715
46.4,3.715
46.3,3.715
46.3,3.715
46.3,3.715
46.2,3.715
46.2,3.715
46.2,3.715
46.2,3.715
46.1,3.715
46.1,3.715
46.0,3.715
46.0,3.715
46.0,3.715
45.9,3.715
45.9,3.715
45.9,3.715
45.9,3.715
45.8,3.715
45.8,3.715
45.8,3.715
45.8,3.715
45.7,3.715
45.7,3.715
45.6,3.715
45.6,3.715
45.6,3.715
45.5,3.715
45.5,3.715
45.5,3.715
45.4,3.715
45.4,3.715
45.4,3.715
45.3,3.715
45.3,3.715
45.2,3.715
45.2,3.715
45.1,3.715
45.1,3.715
45.1,3.715
45.1,3.715
45.1,3.715
45.0,3.715
45.0,3.715
45.0,3.715
45.0,3.715
45.0,3.715
44.9,3.715
44.9,3.715
44.9,3.715
44.8,3.715
44.8,3.715
44.8,3.715
44.7,3.715
44.7,3.715
44.6,3.715
44.6,3.715
44.5,3.715
44.5,3.715
44.5,3.715
44.4,3.715
44.4,3.715
44.4,3.715
44.4,3.715
44.4,3.715
44.3,3.715
44.3,3.715
44.3,3.715
44.3,3.715
44.2,3.715
44.2,3.715
44.1,3.715
44.1,3.715
44.1,3.715
44.1,3.715
44.1,3.715
44.0,3.715
44.0,3.715
43.9,3.715
43.9,3.715
43.9,3.715
43.9,3.715
43.8,3.715
43.8,3.715
43.8,3.715
43.7,3.715
43.7,3.715
43.7,3.715
43.6,3.715
43.6,3.715
43.5,3.715
43.5,3.715
43.5,3.715
43.5,3.715
43.5,3.715
43.4,3.715
43.4,3.710
43.4,3.710
43.4,3.710
43.3,3.710
43.3,3.710
43.3,3.710
43.2,3.710
43.2,3.710
43.2,3.710
43.2,3.710
43.1,3.710
43.1,3.710
43.1,3.710
43.1,3.710
43.1,3.710
43.1,3.710
43.1,3.710
43.1,3.710
43.1,3.710
43.0,3.710
43.0,3.710
43.0,3.710
43.0,3.710
43.0,3.710
43.0,3.710
43.0,3.710
43.0,3.710
42.9,3.710
42.9,3.710
42.9,3.710
42.9,3.710
42.9,3.710
42.8,3.710
42.8,3.710
42.8,3.710
42.8,3.710
42.8,3.710
42.8,3.710
42.8,3.710
42.8,3.710
42.8,3.710
42.8,3.710
42.8,3.710
42.8,3.710
42.7,3.710
42.7,3.710
42.7,3.710
42.7,3.710
42.7,3.710
42.7,3.710
42.7,3.710
42.7,3.710
42.7,3.710
42.7,3.710
42.7,3.710
42.7,3.710
42.7,3.710
42.7,3.710
42.7,3.710
42.7,3.710
42.7,3.710
42.7,3.710
42.7,3.710
42.7,3.710
42.7,3.710
42.7,3.710
42.7,3.710
42.7,3.710
42.7,3.710
42.7,3.710
42.7,3.710
42.7,3.710
42.8,3.710
42.8,3.710
42.8,3.710
42.8,3.710
42.8,3.710
42.8,3.710
42.8,3.710
42.8,3.710
42.8,3.710
42.8,3.710
42.8,3.710
42.8,3.710
42.8,3.710
42.8,3.710
42.8,3.710
42.8,3.710
42.8,3.710
42.8,3.710
42.8,3.710
42.8,3.710
42.8,3.710
42.8,3.710
42.8,3.710
42.8,3.710
42.8,3.710
42.8,3.710
42.8,3.710
42.8,3.710
42.8,3.710
42.8,3.710
42.8,3.710
42.8,3.710
42.8,3.710
42.8,3.710
42.8,3.710
42.8,3.710
42.8,3.710
42.8,3.710
42.8,3.710
42.8,3.710
42.8,3.710
42.8,3.710
42.8,3.710
42.8,3.710
42.8,3.710
42.8,3.710
42.8,3.710
42.8,3.710
42.8,3.710
42.8,3.710
42.8,3.710
42.8,3.710
42.8,3.710
42.8,3.710
42.8,3.710
42.8,3.710
42.8,3.710
42.8,3.710
42.8,3.710
42.8,3.710
42.8,3.710
42.8,3.710
42.8,3.710
42.8,3.710
42.8,3.710
42.8,3.710
42.8,3.710
42.8,3.710
42.8,3.710
42.8,3.710
42.8,3.710
42.8,3.710
42.8,3.710
42.8,3.710
42.8,3.710
42.8,3.710
42.8,3.710
42.8,3.710
42.8,3.710
42.8,3.710
42.8,3.705
42.8,3.705
42.8,3.705
42.8,3.705
42.8,3.705
42.8,3.705
42.9,3.705
42.9,3.705
42.9,3.705
42.9,3.705
42.9,3.705
42.9,3.705
42.9,3.705
42.9,3.705
42.9,3.705
42.9,3.705
42.9,3.705
42.9,3.705
42.8,3.705
42.8,3.705
42.8,3.705
42.8,3.705
42.8,3.705
42.8,3.705
42.8,3.705
42.8,3.705
42.8,3.705
42.8,3.705
42.8,3.705
42.8,3.705
42.8,3.705
42.8,3.705
42.8,3.705
42.8,3.705
42.8,3.705
42.8,3.705
42.8,3.705
42.8,3.705
42.8,3.705
42.8,3.705
42.8,3.705
42.8,3.705
42.8,3.705
42.8,3.705
42.8,3.705
42.8,3.705
42.9,3.705
42.9,3.705
42.9,3.705
42.9,3.705
42.9,3.705
42.9,3.705
42.9,3.705
42.9,3.705
42.9,3.705
42.9,3.705
42.9,3.705
42.9,3.705
42.9,3.705
42.8,3.705
42.8,3.705
42.8,3.705
42.8,3.705
42.8,3.705
42.8,3.705
42.8,3.705
42.8,3.705
42.8,3.705
42.8,3.705
42.8,3.705
42.8,3.705
42.8,3.705
42.8,3.705
42.8,3.705
42.8,3.705
42.8,3.705
42.8,3.705
42.8,3.705
42.8,3.705
42.8,3.705
42.8,3.705
42.8,3.705
42.8,3.705
42.8,3.705
42.8,3.705
42.8,3.705
42.8,3.705
42.8,3.705
42.8,3.705
42.8,3.705
42.8,3.705
42.8,3.705
42.8,3.705
42.8,3.705
42.8,3.705
42.8,3.705
42.8,3.705
42.8,3.705
42.8,3.705
42.8,3.705
42.8,3.705
42.8,3.705
42.8,3.705
42.8,3.705
42.8,3.705
42.8,3.705
42.8,3.705
42.8,3.705
42.8,3.705
42.8,3.705
42.8,3.705
42.8,3.705
42.8,3.705
42.8,3.705
42.8,3.705
42.8,3.705
42.8,3.705
42.8,3.705
42.8,3.705
42.8,3.705
42.8,3.700
42.8,3.700
42.8,3.700
42.8,3.700
42.8,3.700
42.8,3.700
42.8,3.700
42.8,3.700
42.8,3.700
42.8,3.700
42.8,3.700
42.8,3.700
42.8,3.700
42.8,3.700
42.8,3.700
42.8,3.700
42.8,3.700
42.8,3.700
42.8,3.700
42.8,3.700
42.8,3.700
42.8,3.700
42.8,3.700
42.8,3.700
42.8,3.700
42.8,3.700
42.8,3.700
42.8,3.700
42.8,3.700
42.8,3.700
42.8,3.700
42.8,3.700
42.8,3.700
42.8,3.700
42.8,3.700
42.8,3.700
42.8,3.700
42.8,3.700
42.8,3.700
42.8,3.700
42.8,3.700
42.8,3.700
42.8,3.700
42.8,3.700
42.8,3.700
42.8,3.700
42.8,3.700
42.8,3.700
42.8,3.700
42.8,3.700
42.8,3.700
42.8,3.700
42.8,3.700
42.8,3.700
42.8,3.700
42.8,3.700
42.8,3.700
42.8,3.700
42.8,3.700
42.8,3.700
42.8,3.700
42.8,3.700
42.8,3.700
42.8,3.700
42.8,3.700
42.8,3.700
42.8,3.700
42.8,3.700
42.8,3.700
42.8,3.700
42.8,3.700
42.8,3.700
42.8,3.700
42.8,3.700
42.8,3.700
42.8,3.700
42.8,3.700
42.8,3.700
42.8,3.700
42.8,3.700
42.8,3.700
42.8,3.700
42.8,3.700
42.8,3.700
42.8,3.700
42.8,3.700
42.8,3.700
42.9,3.700
42.9,3.700
42.9,3.700
42.9,3.700
42.9,3.700
42.9,3.700
42.8,3.700
42.8,3.700
42.8,3.700
42.8,3.700
42.8,3.700
42.8,3.695
42.8,3.695
42.8,3.695
42.8,3.695
42.8,3.695
42.8,3.695
42.8,3.695
42.8,3.695
42.8,3.695
42.8,3.695
42.8,3.695
42.8,3.695
42.8,3.695
42.8,3.695
42.8,3.695
42.8,3.695
42.8,3.695
42.8,3.695
42.8,3.695
42.8,3.695
42.8,3.695
42.8,3.695
42.8,3.695
42.8,3.695
42.8,3.695
42.8,3.695
42.8,3.695
42.8,3.695
42.8,3.695
42.8,3.695
42.8,3.695
42.8,3.695
42.8,3.695
42.8,3.695
42.8,3.695
42.8,3.695
42.8,3.695
42.8,3.695
42.8,3.695
42.8,3.695
42.8,3.695
42.8,3.695
42.8,3.695
42.8,3.695
42.8,3.695
42.8,3.695
42.8,3.695
42.8,3.695
42.8,3.695
42.8,3.695
42.8,3.695
42.8,3.695
42.8,3.695
42.8,3.695
42.8,3.695
42.8,3.695
42.8,3.695
42.8,3.695
42.8,3.695
42.8,3.695
42.8,3.695
42.8,3.695
42.8,3.695
42.8,3.695
42.8,3.695
42.8,3.695
42.8,3.695
42.8,3.695
42.8,3.695
42.8,3.695
42.8,3.695
42.8,3.695
42.8,3.695
42.8,3.695
42.8,3.695
42.8,3.695
42.8,3.690
42.8,3.690
42.8,3.690
42.8,3.690
42.8,3.690
42.8,3.690
42.8,3.690
42.8,3.690
42.8,3.690
42.8,3.690
42.8,3.690
42.8,3.690
42.8,3.690
42.8,3.690
42.8,3.690
42.8,3.690
42.8,3.690
42.8,3.690
42.8,3.690
42.8,3.690
42.8,3.690
42.8,3.690
42.8,3.690
42.8,3.690
42.8,3.690
42.8,3.690
42.8,3.690
42.8,3.690
42.8,3.690
42.8,3.690
42.8,3.690
42.8,3.690
42.8,3.690
42.8,3.690
42.7,3.690
42.7,3.690
42.7,3.690
42.7,3.690
42.7,3.690
42.7,3.690
42.7,3.690
42.7,3.690
42.7,3.690
42.7,3.690
42.7,3.690
42.7,3.690
42.7,3.690
42.7,3.690
42.7,3.690
42.7,3.690
42.7,3.690
42.7,3.690
42.7,3.690
42.7,3.690
42.7,3.690
42.7,3.690
42.7,3.690
42.7,3.690
42.7,3.685
42.7,3.685
42.7,3.685
42.7,3.685
42.7,3.685
42.7,3.685
42.7,3.685
42.7,3.685
42.7,3.685
42.7,3.685
42.7,3.685
42.7,3.685
42.7,3.685
42.7,3.685
42.7,3.685
42.7,3.685
42.7,3.685
42.7,3.685
42.7,3.685
42.7,3.685
42.7,3.685
42.7,3.685
42.7,3.685
42.7,3.685
42.7,3.685
42.7,3.685
42.7,3.685
42.7,3.685
42.7,3.685
42.8,3.685
42.8,3.685
42.8,3.685
42.8,3.685
42.8,3.685
42.8,3.685
42.8,3.685
42.8,3.685
42.8,3.685
42.7,3.685
42.7,3.685
42.7,3.685
42.7,3.685
42.7,3.685
42.7,3.685
42.7,3.685
42.7,3.685
42.7,3.685
42.7,3.685
42.8,3.680
42.8,3.680
42.8,3.680
42.8,3.680
42.8,3.680
42.8,3.680
42.8,3.680
42.8,3.680
42.7,3.680
42.7,3.680
42.7,3.680
42.7,3.680
42.7,3.680
42.7,3.680
42.7,3.680
42.7,3.680
42.7,3.680
42.7,3.680
42.7,3.680
42.7,3.680
42.7,3.680
42.7,3.680
42.7,3.680
42.7,3.680
42.7,3.680
42.7,3.680
42.7,3.680
42.7,3.680
42.7,3.680
42.7,3.680
42.7,3.680
42.7,3.680
42.7,3.680
42.7,3.680
42.7,3.680
42.7,3.680
42.7,3.680
42.7,3.680
42.7,3.680
42.7,3.675
42.7,3.675
42.7,3.675
42.7,3.675
42.7,3.675
42.7,3.675
42.7,3.675
42.7,3.675
42.7,3.675
42.7,3.675
42.8,3.675
42.7,3.675
42.7,3.675
42.7,3.675
42.7,3.675
42.7,3.675
42.7,3.675
42.7,3.675
42.7,3.675
42.7,3.675
42.7,3.675
42.7,3.675
42.7,3.675
42.7,3.675
42.7,3.675
42.7,3.675
42.7,3.675
42.7,3.675
42.7,3.675
42.7,3.675
42.7,3.675
42.7,3.675
42.7,3.675
42.7,3.675
42.7,3.675
42.7,3.675
42.7,3.675
42.7,3.675
42.7,3.675
42.7,3.670
42.7,3.670
42.7,3.670
42.7,3.670
42.7,3.670
42.7,3.670
42.7,3.670
42.7,3.670
42.7,3.670
42.7,3.670
42.7,3.670
42.7,3.670
42.7,3.670
42.7,3.670
42.7,3.670
42.7,3.670
42.7,3.670
42.7,3.670
42.7,3.670
42.7,3.670
42.7,3.670
42.7,3.670
42.7,3.670
42.7,3.670
42.7,3.670
42.7,3.670
42.7,3.670
42.7,3.670
42.7,3.670
42.7,3.670
42.7,3.670
42.7,3.670
42.7,3.670
42.7,3.670
42.7,3.670
42.7,3.670
42.7,3.665
42.7,3.665
42.7,3.665
42.7,3.665
42.7,3.665
42.7,3.665
42.7,3.665
42.7,3.665
42.7,3.665
42.7,3.665
42.7,3.665
42.7,3.665
42.7,3.665
42.7,3.665
42.7,3.665
42.7,3.665
42.7,3.665
42.7,3.665
42.7,3.665
42.7,3.665
42.7,3.665
42.7,3.665
42.7,3.665
42.7,3.665
42.7,3.665
42.7,3.665
42.7,3.665
42.7,3.665
42.7,3.665
42.7,3.665
42.7,3.665
42.7,3.665
42.7,3.665
42.7,3.665
42.7,3.660
42.7,3.660
42.7,3.660
42.7,3.660
42.6,3.660
42.6,3.660
42.6,3.660
42.7,3.660
42.7,3.660
42.7,3.660
42.7,3.660
42.7,3.660
42.7,3.660
42.7,3.660
42.7,3.660
42.7,3.660
42.7,3.660
42.7,3.660
42.7,3.660
42.7,3.660
42.7,3.660
42.7,3.660
42.7,3.660
42.7,3.660
42.7,3.660
42.7,3.660
42.7,3.660
42.7,3.660
42.7,3.660
42.7,3.660
42.7,3.660
42.7,3.660
42.7,3.655
42.7,3.655
42.7,3.655
42.7,3.655
42.7,3.655
42.7,3.655
42.7,3.655
42.7,3.655
42.6,3.655
42.6,3.655
42.6,3.655
42.6,3.655
42.6,3.655
42.6,3.655
42.6,3.655
42.6,3.655
42.6,3.655
42.6,3.655
42.6,3.655
42.6,3.655
42.6,3.655
42.6,3.655
42.6,3.655
42.6,3.655
42.7,3.655
42.7,3.655
42.7,3.655
42.7,3.655
42.7,3.655
42.7,3.655
42.7,3.655
42.7,3.655
42.7,3.650
42.7,3.650
42.7,3.650
42.7,3.650
42.7,3.650
42.7,3.650
42.7,3.650
42.7,3.650
42.7,3.650
42.7,3.650
42.7,3.650
42.7,3.650
42.7,3.650
42.7,3.650
42.7,3.650
42.7,3.650
42.7,3.650
42.7,3.650
42.7,3.650
42.7,3.650
42.7,3.650
42.7,3.650
42.7,3.650
42.7,3.650
42.7,3.650
42.7,3.650
42.7,3.650
42.7,3.650
42.7,3.650
42.7,3.650
42.7,3.650
42.7,3.650
42.7,3.650
42.7,3.645
42.7,3.645
42.7,3.645
42.7,3.645
42.7,3.645
42.7,3.645
42.6,3.645
42.6,3.645
42.6,3.645
42.6,3.645
42.6,3.645
42.6,3.645
42.6,3.645
42.6,3.645
42.6,3.645
42.6,3.645
42.6,3.645
42.6,3.645
42.6,3.645
42.6,3.645
42.6,3.645
42.6,3.645
42.6,3.645
42.6,3.645
42.6,3.645
42.6,3.645
42.6,3.645
42.6,3.645
42.6,3.645
42.6,3.645
42.6,3.640
42.6,3.640
42.6,3.640
42.6,3.640
42.6,3.640
42.6,3.640
42.6,3.640
42.6,3.640
42.6,3.640
42.6,3.640
42.6,3.640
42.6,3.640
42.6,3.640
42.6,3.640
42.6,3.640
42.6,3.640
42.6,3.640
42.6,3.640
42.6,3.640
42.6,3.640
42.6,3.640
42.6,3.640
42.6,3.640
42.6,3.640
42.6,3.640
42.6,3.640
42.6,3.640
42.6,3.640
42.6,3.640
42.6,3.640
42.6,3.635
42.6,3.635
42.6,3.635
42.6,3.635
42.6,3.635
42.6,3.635
42.6,3.635
42.6,3.635
42.6,3.635
42.6,3.635
42.7,3.635
42.7,3.635
42.7,3.635
42.7,3.635
42.7,3.635
42.7,3.635
42.7,3.635
42.7,3.635
42.7,3.635
42.7,3.635
42.6,3.635
42.6,3.635
42.6,3.635
42.6,3.635
42.6,3.635
42.6,3.630
42.6,3.630
42.6,3.630
42.6,3.630
42.6,3.630
42.6,3.630
42.6,3.630
42.6,3.630
42.6,3.630
42.6,3.630
42.6,3.630
42.6,3.630
42.6,3.630
42.6,3.630
42.6,3.630
42.6,3.630
42.6,3.630
42.6,3.630
42.6,3.630
42.6,3.630
42.6,3.630
42.6,3.630
42.5,3.630
42.5,3.630
42.5,3.630
42.5,3.630
42.5,3.630
42.5,3.625
42.5,3.625
42.5,3.625
42.5,3.625
42.5,3.625
42.5,3.625
42.5,3.625
42.5,3.625
42.5,3.625
42.5,3.625
42.5,3.625
42.5,3.625
42.5,3.625
42.5,3.625
42.5,3.625
42.5,3.625
42.5,3.625
42.5,3.625
42.5,3.625
42.5,3.625
42.5,3.625
42.5,3.625
42.5,3.625
42.6,3.625
42.6,3.625
42.6,3.620
42.6,3.620
42.6,3.620
42.6,3.620
42.6,3.620
42.6,3.620
42.5,3.620
42.5,3.620
42.5,3.620
42.5,3.620
42.5,3.620
42.5,3.620
42.5,3.620
42.5,3.620
42.5,3.620
42.5,3.620
42.5,3.620
42.6,3.620
42.6,3.620
42.6,3.620
42.6,3.620
42.6,3.620
42.6,3.620
42.6,3.620
42.6,3.615
42.6,3.615
42.6,3.615
42.6,3.615
42.6,3.615
42.6,3.615
42.6,3.615
42.6,3.615
42.6,3.615
42.6,3.615
42.6,3.615
42.6,3.615
42.6,3.615
42.6,3.615
42.6,3.615
42.6,3.615
42.6,3.615
42.6,3.615
42.6,3.615
42.6,3.615
42.6,3.615
42.6,3.615
42.6,3.610
42.6,3.610
42.6,3.610
42.6,3.610
42.5,3.610
42.5,3.610
42.5,3.610
42.5,3.610
42.5,3.610
42.5,3.610
42.5,3.610
42.5,3.610
42.5,3.610
42.5,3.610
42.5,3.610
42.5,3.610
42.5,3.610
42.5,3.610
42.6,3.610
42.6,3.610
42.6,3.610
42.6,3.610
42.6,3.610
42.5,3.610
42.5,3.605
42.5,3.605
42.5,3.605
42.5,3.605
42.5,3.605
42.5,3.605
42.5,3.605
42.5,3.605
42.5,3.605
42.5,3.605
42.5,3.605
42.5,3.605
42.5,3.605
42.5,3.605
42.5,3.605
42.5,3.605
42.5,3.605
42.5,3.605
42.5,3.605
42.5,3.605
42.5,3.605
42.5,3.605
42.4,3.605
42.5,3.600
42.5,3.600
42.5,3.600
42.5,3.600
42.4,3.600
42.4,3.600
42.4,3.600
42.4,3.600
42.4,3.600
42.4,3.600
42.5,3.600
42.5,3.600
42.5,3.600
42.5,3.600
42.5,3.600
42.5,3.600
42.5,3.600
42.5,3.600
42.5,3.600
42.5,3.600
42.5,3.595
42.5,3.595
42.5,3.595
42.5,3.595
42.5,3.595
42.5,3.595
42.5,3.595
42.5,3.595
42.5,3.595
42.5,3.595
42.5,3.595
42.5,3.595
42.5,3.595
42.5,3.595
42.5,3.595
42.5,3.595
42.5,3.595
42.5,3.595
42.5,3.595
42.4,3.595
42.4,3.595
42.4,3.595
42.4,3.595
42.4,3.590
42.4,3.590
42.4,3.590
42.4,3.590
42.4,3.590
42.4,3.590
42.4,3.590
42.4,3.590
42.4,3.590
42.4,3.590
42.4,3.590
42.4,3.590
42.4,3.590
42.4,3.590
42.5,3.590
42.5,3.590
42.5,3.590
42.5,3.590
42.5,3.590
42.5,3.590
42.5,3.590
42.5,3.590
42.5,3.590
42.5,3.585
42.5,3.585
42.5,3.585
42.5,3.585
42.5,3.585
42.5,3.585
42.5,3.585
42.5,3.585
42.5,3.585
42.5,3.585
42.5,3.585
42.5,3.585
42.5,3.585
42.5,3.585
42.5,3.585
42.5,3.585
42.5,3.585
42.5,3.585
42.5,3.585
42.5,3.585
42.5,3.585
42.5,3.585
42.4,3.580
42.4,3.580
42.4,3.580
42.4,3.580
42.4,3.580
42.4,3.580
42.4,3.580
42.4,3.580
42.4,3.580
42.4,3.580
42.4,3.580
42.4,3.580
42.4,3.580
42.4,3.580
42.4,3.580
42.4,3.580
42.4,3.580
42.4,3.580
42.4,3.580
42.4,3.580
42.4,3.580
42.4,3.575
42.4,3.575
42.4,3.575
42.4,3.575
42.4,3.575
42.4,3.575
42.4,3.575
42.3,3.575
42.3,3.575
42.3,3.575
42.3,3.575
42.3,3.575
42.3,3.575
42.3,3.575
42.3,3.575
42.3,3.575
42.3,3.575
42.3,3.575
42.4,3.575
42.4,3.575
42.4,3.575
42.4,3.575
42.4,3.570
42.4,3.570
42.4,3.570
42.4,3.570
42.4,3.570
42.4,3.570
42.4,3.570
42.4,3.570
42.4,3.570
42.4,3.570
42.4,3.570
42.4,3.570
42.4,3.570
42.4,3.570
42.4,3.570
42.4,3.570
42.4,3.570
42.4,3.570
42.4,3.570
42.4,3.570
42.4,3.570
42.4,3.570
42.4,3.565
42.4,3.565
42.4,3.565
42.4,3.565
42.4,3.565
42.4,3.565
42.4,3.565
42.4,3.565
42.4,3.565
42.4,3.565
42.4,3.565
42.4,3.565
42.4,3.565
42.4,3.565
42.4,3.565
42.4,3.565
42.4,3.565
42.4,3.565
42.4,3.565
42.4,3.565
42.4,3.565
42.4,3.565
42.4,3.560
42.4,3.560
42.4,3.560
42.4,3.560
42.4,3.560
42.3,3.560
42.3,3.560
42.3,3.560
42.3,3.560
42.3,3.560
42.3,3.560
42.3,3.560
42.3,3.560
42.3,3.560
42.3,3.560
42.3,3.560
42.3,3.560
42.3,3.560
42.3,3.560
42.3,3.560
42.3,3.560
42.3,3.555
42.3,3.555
42.4,3.555
42.4,3.555
42.4,3.555
42.4,3.555
42.4,3.555
42.3,3.555
42.3,3.555
42.3,3.555
42.3,3.555
42.3,3.555
42.3,3.555
42.3,3.555
42.3,3.555
42.3,3.555
42.3,3.555
42.3,3.555
42.3,3.555
42.3,3.550
42.3,3.550
42.3,3.550
42.3,3.550
42.3,3.550
42.3,3.550
42.3,3.550
42.3,3.550
42.3,3.550
42.3,3.550
42.3,3.550
42.3,3.550
42.3,3.550
42.3,3.550
42.3,3.550
42.3,3.550
42.3,3.550
42.2,3.550
42.2,3.550
42.2,3.550
42.2,3.545
42.2,3.545
42.2,3.545
42.2,3.545
42.2,3.545
42.3,3.545
42.3,3.545
42.3,3.545
42.3,3.545
42.3,3.545
42.3,3.545
42.3,3.545
42.3,3.545
42.3,3.545
42.3,3.545
42.3,3.545
42.3,3.545
42.3,3.545
42.3,3.540
42.3,3.540
42.3,3.540
42.3,3.540
42.3,3.540
42.3,3.540
42.3,3.540
42.3,3.540
42.3,3.540
42.3,3.540
42.3,3.540
42.3,3.540
42.3,3.540
42.3,3.540
42.3,3.540
42.3,3.540
42.3,3.540
42.3,3.535
42.3,3.535
42.3,3.535
42.3,3.535
42.3,3.535
42.3,3.535
42.4,3.535
42.4,3.535
42.3,3.535
42.3,3.535
42.3,3.535
42.3,3.535
42.3,3.535
42.3,3.535
42.3,3.535
42.3,3.535
42.3,3.530
42.3,3.530
42.3,3.530
42.3,3.530
42.3,3.530
42.3,3.530
42.3,3.530
42.3,3.530
42.3,3.530
42.3,3.530
42.3,3.530
42.3,3.530
42.3,3.530
42.3,3.530
42.3,3.530
42.3,3.530
42.3,3.525
42.3,3.525
42.3,3.525
42.3,3.525
42.3,3.525
42.3,3.525
42.3,3.525
42.3,3.525
42.3,3.525
42.3,3.525
42.3,3.525
42.3,3.525
42.3,3.525
42.3,3.525
42.3,3.525
42.3,3.525
42.3,3.520
42.3,3.520
42.3,3.520
42.3,3.520
42.3,3.520
42.3,3.520
42.3,3.520
42.3,3.520
42.3,3.520
42.3,3.520
42.3,3.520
42.3,3.520
42.3,3.520
42.3,3.520
42.3,3.515
42.3,3.515
42.3,3.515
42.3,3.515
42.3,3.515
42.3,3.515
42.3,3.515
42.3,3.515
42.3,3.515
42.3,3.515
42.3,3.515
42.3,3.515
42.3,3.515
42.3,3.515
42.3,3.515
42.3,3.510
42.3,3.510
42.3,3.510
42.2,3.510
42.2,3.510
42.2,3.510
42.2,3.510
42.2,3.510
42.2,3.510
42.2,3.510
42.2,3.510
42.2,3.510
42.2,3.510
42.2,3.510
42.2,3.510
42.2,3.510
42.2,3.505
42.2,3.505
42.2,3.505
42.2,3.505
42.2,3.505
42.2,3.505
42.2,3.505
42.2,3.505
42.2,3.505
42.2,3.505
42.2,3.505
42.2,3.505
42.2,3.505
42.2,3.505
42.2,3.505
42.2,3.505
42.2,3.500
42.2,3.500
42.2,3.500
42.2,3.500
42.2,3.500
42.2,3.500
42.2,3.500
42.2,3.500
42.2,3.500
42.2,3.500
42.2,3.500
42.2,3.500
42.2,3.500
42.2,3.500
42.2,3.500
42.2,3.495
42.2,3.495
42.2,3.495
42.2,3.495
42.2,3.495
42.2,3.495
42.2,3.495
42.2,3.495
42.2,3.495
42.2,3.495
42.2,3.495
42.2,3.495
42.2,3.495
42.2,3.495
42.2,3.490
42.1,3.490
42.1,3.490
42.1,3.490
42.1,3.490
42.1,3.490
42.1,3.490
42.1,3.490
42.1,3.490
42.1,3.490
42.1,3.490
42.2,3.490
42.2,3.490
42.2,3.490
42.2,3.490
42.2,3.490
42.2,3.485
42.2,3.485
42.2,3.485
42.2,3.485
42.1,3.485
42.1,3.485
42.1,3.485
42.1,3.485
42.1,3.485
42.1,3.485
42.1,3.485
42.1,3.485
42.1,3.485
42.1,3.485
42.1,3.480
42.1,3.480
42.1,3.480
42.1,3.480
42.1,3.480
42.1,3.480
42.1,3.480
42.1,3.480
42.1,3.480
42.1,3.480
42.1,3.480
42.1,3.480
42.1,3.480
42.1,3.480
42.1,3.475
42.1,3.475
42.1,3.475
42.1,3.475
42.1,3.475
42.1,3.475
42.1,3.475
42.1,3.475
42.1,3.475
42.1,3.475
42.1,3.475
42.1,3.475
42.1,3.475
42.1,3.470
42.1,3.470
42.1,3.470
42.1,3.470
42.1,3.470
42.1,3.470
42.0,3.470
42.0,3.470
42.0,3.470
42.0,3.470
42.0,3.470
42.0,3.470
42.0,3.470
42.0,3.465
42.0,3.465
42.0,3.465
42.0,3.465
42.1,3.465
42.1,3.465
42.1,3.465
42.1,3.465
42.1,3.465
42.1,3.465
42.0,3.465
42.0,3.465
41.9,3.465
42.0,3.460
42.0,3.460
42.0,3.460
42.0,3.460
42.0,3.460
42.0,3.460
42.0,3.460
42.0,3.460
42.0,3.460
42.0,3.460
42.0,3.460
42.0,3.460
42.1,3.455
42.1,3.455
42.1,3.455
42.1,3.455
42.1,3.455
42.1,3.455
42.1,3.455
42.1,3.455
42.1,3.455
42.0,3.455
42.0,3.455
42.0,3.450
42.0,3.450
42.0,3.450
42.0,3.450
42.0,3.450
42.0,3.450
42.0,3.450
42.0,3.450
42.0,3.450
42.0,3.450
42.0,3.450
42.0,3.450
42.0,3.445
42.0,3.445
42.0,3.445
42.0,3.445
42.0,3.445
42.0,3.445
42.0,3.445
42.0,3.445
42.0,3.445
42.0,3.445
42.0,3.445
42.0,3.445
42.0,3.440
41.9,3.440
41.9,3.440
41.9,3.440
41.9,3.440
41.9,3.440
41.9,3.440
41.9,3.440
41.9,3.440
41.9,3.440
41.9,3.440
42.0,3.435
42.0,3.435
42.0,3.435
42.0,3.435
42.0,3.435
42.0,3.435
42.0,3.435
42.0,3.435
42.0,3.435
42.0,3.435
42.0,3.435
41.9,3.430
41.9,3.430
41.9,3.430
41.9,3.430
41.9,3.430
41.9,3.430
41.9,3.430
41.9,3.430
41.9,3.430
42.0,3.430
42.0,3.430
42.0,3.430
42.0,3.425
42.0,3.425
42.0,3.425
42.0,3.425
41.9,3.425
41.9,3.425
41.9,3.425
41.9,3.425
41.9,3.425
41.9,3.425
41.9,3.425
41.9,3.425
41.9,3.420
41.9,3.420
41.9,3.420
41.9,3.420
41.9,3.420
41.9,3.420
41.9,3.420
41.9,3.420
41.9,3.420
41.9,3.420
41.9,3.420
41.9,3.415
41.9,3.415
41.9,3.415
41.9,3.415
41.9,3.415
41.9,3.415
41.9,3.415
41.9,3.415
41.8,3.415
41.8,3.415
41.8,3.415
41.8,3.410
41.8,3.410
41.8,3.410
41.8,3.410
41.8,3.410
41.8,3.410
41.8,3.410
41.8,3.410
41.8,3.410
41.8,3.410
41.8,3.410
41.8,3.405
41.8,3.405
41.8,3.405
41.8,3.405
41.8,3.405
41.8,3.405
41.8,3.405
41.8,3.405
41.8,3.405
41.8,3.405
41.8,3.405
41.8,3.400
41.8,3.400
41.8,3.400
41.8,3.400
41.8,3.400
41.8,3.400
41.8,3.400
41.8,3.400
41.8,3.400
41.8,3.400
41.8,3.400
41.8,3.395
41.8,3.395
41.8,3.395
41.8,3.395
41.8,3.395
41.8,3.395
41.8,3.395
41.8,3.395
41.8,3.395
41.8,3.395
41.8,3.395
41.8,3.390
41.8,3.390
41.8,3.390
41.8,3.390
41.8,3.390
41.8,3.390
41.8,3.390
41.8,3.390
41.8,3.390
41.8,3.390
41.8,3.390
41.8,3.385
41.8,3.385
41.8,3.385
41.8,3.385
41.8,3.385
41.8,3.385
41.8,3.385
41.8,3.385
41.8,3.385
41.8,3.385
41.8,3.380
41.8,3.380
41.8,3.380
41.8,3.380
41.8,3.380
41.8,3.380
41.8,3.380
41.8,3.380
41.8,3.380
41.8,3.380
41.8,3.380
41.8,3.375
41.8,3.375
41.8,3.375
41.8,3.375
41.8,3.375
41.8,3.375
41.8,3.375
41.8,3.375
41.8,3.375
41.8,3.375
41.8,3.370
41.7,3.370
41.7,3.370
41.7,3.370
41.7,3.370
41.7,3.370
41.7,3.370
41.7,3.370
41.7,3.370
41.8,3.370
41.8,3.370
41.8,3.365
41.8,3.365
41.8,3.365
41.8,3.365
41.8,3.365
41.8,3.365
41.8,3.365
41.7,3.365
41.7,3.365
41.7,3.365
41.7,3.365
41.7,3.360
41.7,3.360
41.7,3.360
41.7,3.360
41.7,3.360
41.7,3.360
41.7,3.360
41.7,3.360
41.7,3.360
41.7,3.360
41.7,3.355
41.7,3.355
41.7,3.355
41.7,3.355
41.7,3.355
41.7,3.355
41.7,3.355
41.7,3.355
41.7,3.355
41.7,3.355
41.7,3.355
41.7,3.350
41.7,3.350
41.7,3.350
41.7,3.350
41.7,3.350
41.7,3.350
41.7,3.350
41.7,3.350
41.7,3.350
41.7,3.350
41.7,3.350
41.7,3.350
41.7,3.345
41.7,3.345
41.7,3.345
41.7,3.345
41.7,3.345
41.7,3.345
41.7,3.345
41.7,3.345
41.7,3.345
41.7,3.345
41.7,3.345
41.7,3.345
41.7,3.340
41.7,3.340
41.7,3.340
41.7,3.340
41.7,3.340
41.7,3.340
41.7,3.340
41.7,3.340
41.7,3.340
41.7,3.340
41.7,3.340
41.7,3.335
41.7,3.335
41.7,3.335
41.7,3.335
41.7,3.335
41.7,3.335
41.7,3.335
41.7,3.335
41.7,3.335
41.7,3.335
41.7,3.335
41.7,3.335
41.6,3.330
41.6,3.330
41.6,3.330
41.6,3.330
41.6,3.330
41.6,3.330
41.6,3.330
41.6,3.330
41.6,3.330
41.6,3.330
41.6,3.330
41.6,3.330
41.6,3.325
41.6,3.325
41.6,3.325
41.6,3.325
41.6,3.325
41.6,3.325
41.6,3.325
41.6,3.325
41.6,3.325
41.6,3.325
41.6,3.325
41.6,3.325
41.6,3.320
41.6,3.320
41.6,3.320
41.6,3.320
41.6,3.320
41.6,3.320
41.6,3.320
41.6,3.320
41.6,3.320
41.6,3.320
41.6,3.320
41.6,3.320
41.6,3.315
41.6,3.315
41.6,3.315
41.6,3.315
41.6,3.315
41.6,3.315
41.6,3.315
41.6,3.315
41.6,3.315
41.6,3.315
41.6,3.315
41.6,3.315
41.6,3.310
41.6,3.310
41.6,3.310
41.6,3.310
41.6,3.310
41.6,3.310
41.6,3.310
41.6,3.310
41.6,3.310
41.6,3.310
41.6,3.310
41.6,3.310
41.6,3.305
41.6,3.305
41.6,3.305
41.6,3.305
41.6,3.305
41.6,3.305
41.6,3.305
41.6,3.305
41.5,3.305
41.5,3.305
41.4,3.305
41.5,3.305
41.5,3.300
41.5,3.300
41.5,3.300
41.5,3.300
41.5,3.300
41.5,3.300
41.5,3.300
41.5,3.300
41.5,3.300
41.5,3.300
41.5,3.300
41.6,3.295
41.6,3.295
41.6,3.295
41.6,3.295
41.6,3.295
41.6,3.295
41.6,3.295
41.6,3.295
41.6,3.295
41.6,3.295
41.6,3.295
41.6,3.295
41.6,3.290
41.6,3.290
41.6,3.290
41.6,3.290
41.6,3.290
41.6,3.290
41.6,3.290
41.6,3.290
41.6,3.290
41.6,3.290
41.6,3.290
41.5,3.285
41.6,3.285
41.6,3.285
41.6,3.285
41.6,3.285
41.6,3.285
41.6,3.285
41.6,3.285
41.6,3.285
41.6,3.285
41.6,3.285
41.6,3.285
41.6,3.285
41.6,3.280
41.6,3.280
41.6,3.280
41.6,3.280
41.6,3.280
41.6,3.280
41.6,3.280
41.5,3.280
41.5,3.280
41.4,3.280
41.4,3.280
41.4,3.275
41.4,3.275
41.4,3.275
41.4,3.275
41.4,3.275
41.4,3.275
41.4,3.275
41.4,3.275
41.4,3.275
41.5,3.275
41.5,3.275
41.5,3.275
41.5,3.270
41.5,3.270
41.5,3.270
41.5,3.270
41.5,3.270
41.5,3.270
41.5,3.270
41.5,3.270
41.5,3.270
41.5,3.270
41.5,3.270
41.5,3.270
41.4,3.265
41.4,3.265
41.4,3.265
41.4,3.265
41.4,3.265
41.4,3.265
41.4,3.265
41.4,3.265
41.4,3.265
41.4,3.265
41.4,3.265
41.4,3.265
41.4,3.265
41.4,3.260
41.4,3.260
41.4,3.260
41.4,3.260
41.4,3.260
41.4,3.260
41.4,3.260
41.4,3.260
41.4,3.260
41.4,3.260
41.4,3.260
41.4,3.260
41.4,3.255
41.4,3.255
41.4,3.255
41.4,3.255
41.4,3.255
41.4,3.255
41.4,3.255
41.4,3.255
41.4,3.255
41.4,3.255
41.4,3.255
41.4,3.255
41.4,3.255
41.4,3.250
41.4,3.250
41.4,3.250
41.4,3.250
41.4,3.250
41.4,3.250
41.4,3.250
41.4,3.250
41.4,3.250
41.3,3.250
41.3,3.250
41.3,3.250
41.3,3.250
41.3,3.245
41.3,3.245
41.3,3.245
41.3,3.245
41.3,3.245
41.3,3.245
41.3,3.245
41.3,3.245
41.3,3.245
41.3,3.245
41.3,3.245
41.3,3.245
41.3,3.245
41.3,3.240
41.3,3.240
41.3,3.240
41.3,3.240
41.3,3.240
41.3,3.240
41.3,3.240
41.3,3.240
41.3,3.240
41.3,3.240
41.3,3.240
41.3,3.240
41.3,3.240
41.3,3.240
41.3,3.235
41.3,3.235
41.3,3.235
41.3,3.235
41.3,3.235
41.3,3.235
41.3,3.235
41.3,3.235
41.3,3.235
41.3,3.235
41.3,3.235
41.3,3.235
41.3,3.230
41.3,3.230
41.3,3.230
41.3,3.230
41.3,3.230
41.3,3.230
41.3,3.230
41.3,3.230
41.3,3.230
41.3,3.230
41.3,3.230
41.3,3.230
41.3,3.230
41.3,3.225
41.3,3.225
41.3,3.225
41.3,3.225
41.3,3.225
41.3,3.225
41.3,3.225
41.3,3.225
41.3,3.225
41.3,3.225
41.3,3.225
41.3,3.225
41.3,3.225
41.3,3.220
41.3,3.220
41.3,3.220
41.3,3.220
41.3,3.220
41.3,3.220
41.3,3.220
41.3,3.220
41.4,3.220
41.4,3.220
41.4,3.220
41.4,3.220
41.4,3.220
41.4,3.215
41.4,3.215
41.3,3.215
41.3,3.215
41.3,3.215
41.3,3.215
41.2,3.215
41.2,3.215
41.2,3.215
41.2,3.215
41.2,3.215
41.2,3.215
41.2,3.210
41.2,3.210
41.2,3.210
41.2,3.210
41.2,3.210
41.3,3.210
41.3,3.210
41.3,3.210
41.3,3.210
41.3,3.210
41.3,3.210
41.3,3.210
41.3,3.210
41.3,3.205
41.3,3.205
41.3,3.205
41.2,3.205
41.2,3.205
41.2,3.205
41.2,3.205
41.2,3.205
41.2,3.205
41.2,3.205
41.2,3.205
41.2,3.205
41.3,3.205
41.3,3.200
41.3,3.200
41.3,3.200
41.3,3.200
41.3,3.200
41.3,3.200
41.3,3.200
41.3,3.200
41.2,3.200
41.3,3.200
41.3,3.200
41.3,3.195
41.3,3.195
41.3,3.195
41.3,3.195
41.2,3.195
41.2,3.195
41.2,3.195
41.3,3.195
41.3,3.195
41.3,3.195
41.3,3.195
41.3,3.195
41.3,3.195
41.3,3.190
41.3,3.190
41.3,3.190
41.3,3.190
41.2,3.190
41.2,3.190
41.2,3.190
41.2,3.190
41.2,3.190
41.2,3.190
41.2,3.190
41.2,3.190
41.2,3.190
41.2,3.185
41.2,3.185
41.2,3.185
41.2,3.185
41.2,3.185
41.2,3.185
41.2,3.185
41.2,3.185
41.2,3.185
41.2,3.185
41.2,3.185
41.1,3.185
41.1,3.185
41.1,3.180
41.1,3.180
41.1,3.180
41.1,3.180
41.1,3.180
41.1,3.180
41.1,3.180
41.1,3.180
41.1,3.180
41.1,3.180
41.1,3.180
41.1,3.180
41.2,3.175
41.2,3.175
41.2,3.175
41.2,3.175
41.2,3.175
41.2,3.175
41.2,3.175
41.2,3.175
41.2,3.175
41.2,3.175
41.2,3.175
41.2,3.175
41.2,3.175
41.2,3.170
41.2,3.170
41.2,3.170
41.2,3.170
41.2,3.170
41.2,3.170
41.2,3.170
41.2,3.170
41.2,3.170
41.2,3.170
41.2,3.170
41.2,3.170
41.2,3.170
41.2,3.165
41.2,3.165
41.2,3.165
41.2,3.165
41.2,3.165
41.2,3.165
41.2,3.165
41.2,3.165
41.2,3.165
41.2,3.165
41.2,3.165
41.2,3.165
41.2,3.165
41.2,3.160
41.2,3.160
41.1,3.160
41.2,3.160
41.2,3.160
41.1,3.160
41.1,3.160
41.1,3.160
41.1,3.160
41.1,3.160
41.1,3.160
41.1,3.160
41.1,3.155
41.2,3.155
41.2,3.155
41.2,3.155
41.2,3.155
41.2,3.155
41.2,3.155
41.2,3.155
41.2,3.155
41.2,3.155
41.2,3.155
41.2,3.155
41.2,3.150
41.2,3.150
41.1,3.150
41.1,3.150
41.1,3.150
41.1,3.150
41.1,3.150
41.1,3.150
41.1,3.150
41.1,3.150
41.1,3.150
41.1,3.150
41.2,3.150
41.2,3.145
41.2,3.145
41.2,3.145
41.2,3.145
41.2,3.145
41.2,3.145
41.2,3.145
41.2,3.145
41.2,3.145
41.1,3.145
41.1,3.145
41.1,3.145
41.1,3.140
41.1,3.140
41.1,3.140
41.1,3.140
41.1,3.140
41.1,3.140
41.1,3.140
41.1,3.140
41.1,3.140
41.1,3.140
41.1,3.140
41.1,3.140
41.1,3.135
41.1,3.135
41.1,3.135
41.1,3.135
41.1,3.135
41.1,3.135
41.1,3.135
41.1,3.135
41.1,3.135
41.1,3.135
41.0,3.135
41.0,3.135
41.0,3.130
41.0,3.130
41.0,3.130
41.0,3.130
41.0,3.130
41.0,3.130
41.0,3.130
41.0,3.130
41.1,3.130
41.1,3.130
41.1,3.130
41.1,3.130
41.1,3.130
41.1,3.125
41.1,3.125
41.1,3.125
41.0,3.125
41.0,3.125
41.0,3.125
41.0,3.125
41.0,3.125
41.0,3.125
41.0,3.125
41.0,3.125
41.0,3.125
41.1,3.120
41.1,3.120
41.0,3.120
41.0,3.120
41.0,3.120
41.0,3.120
41.1,3.120
41.1,3.120
41.1,3.120
41.1,3.120
41.1,3.120
41.1,3.120
41.1,3.115
41.0,3.115
41.0,3.115
41.0,3.115
41.0,3.115
41.0,3.115
41.0,3.115
41.0,3.115
41.0,3.115
41.0,3.115
41.0,3.115
41.0,3.115
41.0,3.110
41.0,3.110
41.0,3.110
41.0,3.110
41.0,3.110
41.0,3.110
41.0,3.110
41.0,3.110
41.0,3.110
41.0,3.110
41.0,3.110
41.0,3.110
41.0,3.110
41.0,3.105
41.0,3.105
41.0,3.105
41.0,3.105
40.9,3.105
40.9,3.105
40.9,3.105
40.9,3.105
41.0,3.105
41.1,3.105
41.0,3.105
41.0,3.105
41.0,3.100
41.0,3.100
41.0,3.100
41.0,3.100
40.9,3.100
40.9,3.100
40.9,3.100
40.9,3.100
40.9,3.100
40.9,3.100
40.9,3.100
40.9,3.100
40.9,3.100
40.9,3.095
41.0,3.095
41.0,3.095
41.0,3.095
41.0,3.095
41.0,3.095
41.0,3.095
41.0,3.095
41.0,3.095
41.0,3.095
41.0,3.095
41.0,3.095
41.0,3.090
41.0,3.090
41.0,3.090
40.9,3.090
40.9,3.090
40.9,3.090
40.9,3.090
40.9,3.090
40.9,3.090
40.9,3.090
40.9,3.090
40.9,3.090
40.9,3.090
40.9,3.090
40.9,3.085
40.9,3.085
40.9,3.085
40.9,3.085
40.9,3.085
40.9,3.085
40.9,3.085
40.9,3.085
40.9,3.085
40.9,3.085
40.9,3.085
40.9,3.085
40.9,3.080
40.9,3.080
40.9,3.080
40.9,3.080
40.9,3.080
40.9,3.080
40.9,3.080
40.9,3.080
40.9,3.080
40.9,3.080
40.9,3.080
40.9,3.080
40.9,3.080
40.9,3.075
40.9,3.075
40.9,3.075
40.9,3.075
40.9,3.075
40.9,3.075
40.9,3.075
40.9,3.075
40.9,3.075
40.9,3.075
40.9,3.075
40.9,3.075
40.9,3.070
40.9,3.070
40.9,3.070
40.9,3.070
40.9,3.070
40.9,3.070
40.9,3.070
40.9,3.070
40.9,3.070
40.8,3.070
40.9,3.070
40.9,3.070
40.9,3.070
40.8,3.065
40.8,3.065
40.8,3.065
40.8,3.065
40.8,3.065
40.8,3.065
40.8,3.065
40.8,3.065
40.8,3.065
40.9,3.065
40.9,3.065
40.9,3.065
40.9,3.065
40.9,3.060
40.9,3.060
40.9,3.060
40.9,3.060
40.9,3.060
40.9,3.060
40.9,3.060
40.9,3.060
40.9,3.060
40.9,3.060
40.9,3.060
40.9,3.060
40.9,3.055
40.9,3.055
40.9,3.055
40.9,3.055
40.9,3.055
40.9,3.055
40.9,3.055
40.9,3.055
40.9,3.055
40.9,3.055
40.9,3.055
40.9,3.055
40.8,3.050
40.8,3.050
40.8,3.050
40.8,3.050
40.8,3.050
40.8,3.050
40.8,3.050
40.8,3.050
40.8,3.050
40.8,3.050
40.8,3.050
40.8,3.050
40.8,3.045
40.8,3.045
40.8,3.045
40.8,3.045
40.8,3.045
40.8,3.045
40.8,3.045
40.8,3.045
40.8,3.045
40.8,3.045
40.8,3.045
40.8,3.045
40.8,3.045
40.8,3.040
40.8,3.040
40.8,3.040
40.8,3.040
40.8,3.040
40.8,3.040
40.8,3.040
40.8,3.040
40.8,3.040
40.8,3.040
40.8,3.040
40.8,3.035
40.8,3.035
40.8,3.035
40.7,3.035
40.7,3.035
40.7,3.035
40.7,3.035
40.7,3.035
40.7,3.035
40.7,3.035
40.7,3.035
40.7,3.035
40.7,3.035
40.7,3.030
40.7,3.030
40.7,3.030
40.7,3.030
40.7,3.030
40.7,3.030
40.7,3.030
40.8,3.030
40.8,3.030
40.8,3.030
40.8,3.030
40.8,3.030
40.8,3.025
40.8,3.025
40.7,3.025
40.7,3.025
40.7,3.025
40.7,3.025
40.7,3.025
40.7,3.025
40.7,3.025
40.7,3.025
40.7,3.025
40.7,3.025
40.7,3.025
40.7,3.020
40.7,3.020
40.7,3.020
40.7,3.020
40.7,3.020
40.7,3.020
40.7,3.020
40.7,3.020
40.7,3.020
40.7,3.020
40.7,3.020
40.7,3.020
40.7,3.020
40.7,3.015
40.7,3.015
40.7,3.015
40.7,3.015
40.7,3.015
40.7,3.015
40.7,3.015
40.7,3.015
40.7,3.015
40.7,3.015
40.7,3.015
40.7,3.015
40.7,3.015
40.7,3.010
40.7,3.010
40.7,3.010
40.7,3.010
40.7,3.010
40.7,3.010
40.7,3.010
40.7,3.010
40.7,3.010
40.7,3.010
40.7,3.010
40.7,3.010
40.7,3.010
40.7,3.005
40.7,3.005
40.7,3.005
40.7,3.005
40.7,3.005
40.7,3.005
40.7,3.005
40.7,3.005
40.7,3.005
40.7,3.005
40.7,3.005
40.7,3.005
40.7,3.005
40.7,3.000
40.7,3.000
40.7,3.000
40.7,3.000
40.6,3.000
40.6,3.000
40.6,3.000
40.6,3.000
40.6,3.000
40.6,3.000
40.6,3.000
40.6,3.000
40.6,3.000
40.6,3.000
40.6,2.995
40.6,2.995
40.6,2.995
40.7,2.995
40.7,2.995
40.7,2.995
40.7,2.995
40.7,2.995
40.6,2.995
40.6,2.995
40.6,2.995
40.6,2.995
40.6,2.990
40.6,2.990
40.6,2.990
40.6,2.990
40.6,2.990
40.6,2.990
40.6,2.990
40.6,2.990
40.6,2.990
40.6,2.990
40.6,2.990
40.6,2.990
40.6,2.990
40.6,2.985
40.6,2.985
40.6,2.985
40.6,2.985
40.5,2.985
40.6,2.985
40.6,2.985
40.6,2.985
40.6,2.985
40.6,2.985
40.5,2.985
40.5,2.985
40.5,2.985
40.5,2.980
40.5,2.980
40.6,2.980
40.6,2.980
40.6,2.980
40.6,2.980
40.6,2.980
40.6,2.980
40.6,2.980
40.6,2.980
40.6,2.980
40.6,2.980
40.5,2.975
40.5,2.975
40.4,2.975
40.4,2.975
40.4,2.975
40.4,2.975
40.4,2.975
40.4,2.975
40.4,2.975
40.4,2.975
40.5,2.975
40.5,2.975
40.6,2.970
40.6,2.970
40.6,2.970
40.6,2.970
40.6,2.970
40.6,2.970
40.6,2.970
40.6,2.970
40.6,2.970
40.6,2.970
40.5,2.970
40.5,2.970
40.5,2.965
40.5,2.965
40.5,2.965
40.5,2.965
40.5,2.965
40.5,2.965
40.5,2.965
40.5,2.965
40.5,2.965
40.6,2.965
40.6,2.965
40.6,2.965
40.6,2.965
40.6,2.960
40.6,2.960
40.6,2.960
40.6,2.960
40.5,2.960
40.5,2.960
40.4,2.960
40.4,2.960
40.4,2.960
40.4,2.960
40.4,2.960
40.4,2.960
40.4,2.955
40.4,2.955
40.4,2.955
40.4,2.955
40.4,2.955
40.5,2.955
40.5,2.955
40.5,2.955
40.5,2.955
40.5,2.955
40.5,2.955
40.5,2.955
40.5,2.955
40.5,2.950
40.5,2.950
40.5,2.950
40.5,2.950
40.5,2.950
40.5,2.950
40.5,2.950
40.5,2.950
40.4,2.950
40.4,2.950
40.4,2.950
40.4,2.950
40.4,2.950
40.6,2.945
40.6,2.945
40.6,2.945
40.6,2.945
40.6,2.945
40.6,2.945
40.6,2.945
40.6,2.945
40.6,2.945
40.6,2.945
40.6,2.945
40.6,2.945
40.6,2.945
40.5,2.940
40.4,2.940
40.4,2.940
40.5,2.940
40.5,2.940
40.5,2.940
40.5,2.940
40.5,2.940
40.5,2.940
40.5,2.940
40.5,2.940
40.5,2.940
40.5,2.935
40.6,2.935
40.6,2.935
40.6,2.935
40.6,2.935
40.6,2.935
40.6,2.935
40.4,2.935
40.4,2.935
40.5,2.935
40.4,2.935
40.4,2.935
40.4,2.935
40.4,2.930
40.4,2.930
40.4,2.930
40.4,2.930
40.4,2.930
40.4,2.930
40.5,2.930
40.5,2.930
40.5,2.930
40.5,2.930
40.5,2.930
40.5,2.930
40.5,2.930
40.4,2.925
40.4,2.925
40.4,2.925
40.4,2.925
40.4,2.925
40.4,2.925
40.4,2.925
40.4,2.925
40.4,2.925
40.4,2.925
40.4,2.925
40.4,2.925
40.4,2.925
40.4,2.920
40.4,2.920
40.4,2.920
40.4,2.920
40.4,2.920
40.4,2.920
40.4,2.920
40.4,2.920
40.4,2.920
40.4,2.920
40.4,2.920
40.4,2.920
40.4,2.920
40.4,2.915
40.4,2.915
40.4,2.915
40.4,2.915
40.4,2.915
40.4,2.915
40.4,2.915
40.4,2.915
40.4,2.915
40.4,2.915
40.4,2.915
40.4,2.915
40.4,2.910
40.4,2.910
40.4,2.910
40.4,2.910
40.4,2.910
40.4,2.910
40.4,2.910
40.4,2.910
40.4,2.910
40.4,2.910
40.4,2.910
40.4,2.910
40.4,2.905
40.4,2.905
40.4,2.905
40.4,2.905
40.4,2.905
40.4,2.905
40.3,2.905
40.3,2.905
40.3,2.905
40.3,2.905
40.3,2.905
40.3,2.905
40.3,2.905
40.3,2.900
40.3,2.900
40.3,2.900
40.3,2.900
40.3,2.900
40.3,2.900
40.3,2.900
40.4,2.900
40.4,2.900
40.4,2.900
40.4,2.900
40.4,2.900
40.4,2.895
40.3,2.895
40.2,2.895
40.2,2.895
40.2,2.895
40.2,2.895
40.2,2.895
40.2,2.895
40.2,2.895
40.2,2.895
40.2,2.895
40.3,2.895
40.3,2.895
40.4,2.890
40.4,2.890
40.4,2.890
40.4,2.890
40.4,2.890
40.4,2.890
40.4,2.890
40.4,2.890
40.4,2.890
40.3,2.890
40.3,2.890
40.3,2.890
40.3,2.890
40.3,2.885
40.3,2.885
40.3,2.885
40.3,2.885
40.3,2.885
40.3,2.885
40.3,2.885
40.3,2.885
40.4,2.885
40.4,2.885
40.4,2.885
40.4,2.885
40.4,2.885
40.4,2.880
40.4,2.880
40.4,2.880
40.4,2.880
40.3,2.880
40.3,2.880
40.3,2.880
40.3,2.880
40.3,2.880
40.3,2.880
40.3,2.880
40.3,2.880
40.3,2.875
40.3,2.875
40.3,2.875
40.3,2.875
40.3,2.875
40.3,2.875
40.3,2.875
40.3,2.875
40.3,2.875
40.3,2.875
40.3,2.875
40.3,2.875
40.3,2.875
40.3,2.870
40.3,2.870
40.3,2.870
40.3,2.870
40.3,2.870
40.3,2.870
40.3,2.870
40.3,2.870
40.3,2.870
40.3,2.870
40.3,2.870
40.3,2.870
40.3,2.870
40.3,2.870
40.3,2.865
40.3,2.865
40.3,2.865
40.3,2.865
40.3,2.865
40.3,2.865
40.3,2.865
40.3,2.865
40.3,2.865
40.3,2.865
40.3,2.865
40.3,2.865
40.3,2.865
40.3,2.865
40.3,2.860
40.3,2.860
40.3,2.860
40.3,2.860
40.3,2.860
40.3,2.860
40.3,2.860
40.3,2.860
40.3,2.860
40.3,2.860
40.3,2.860
40.3,2.860
40.2,2.860
40.2,2.860
40.2,2.855
40.2,2.855
40.2,2.855
40.2,2.855
40.2,2.855
40.2,2.855
40.2,2.855
40.2,2.855
40.2,2.855
40.2,2.855
40.2,2.855
40.2,2.855
40.2,2.855
40.2,2.855
40.2,2.850
40.2,2.850
40.2,2.850
40.2,2.850
40.2,2.850
40.2,2.850
40.2,2.850
40.2,2.850
40.2,2.850
40.2,2.850
40.2,2.850
40.2,2.850
40.2,2.850
40.2,2.850
40.2,2.850
40.2,2.850
40.2,2.845
40.2,2.845
40.2,2.845
40.2,2.845
40.2,2.845
40.2,2.845
40.2,2.845
40.2,2.845
40.2,2.845
40.2,2.845
40.2,2.845
40.2,2.845
40.2,2.845
40.2,2.845
40.2,2.840
40.2,2.840
40.2,2.840
40.2,2.840
40.2,2.840
40.2,2.840
40.2,2.840
40.2,2.840
40.2,2.840
40.2,2.840
40.2,2.840
40.2,2.840
40.2,2.840
40.2,2.840
40.2,2.840
40.2,2.840
40.2,2.835
40.2,2.835
40.2,2.835
40.2,2.835
40.2,2.835
40.1,2.835
40.1,2.835
40.1,2.835
40.1,2.835
40.1,2.835
40.1,2.835
40.1,2.835
40.1,2.835
40.1,2.835
40.2,2.830
40.2,2.830
40.2,2.830
40.2,2.830
40.2,2.830
40.2,2.830
40.2,2.830
40.2,2.830
40.2,2.830
40.2,2.830
40.2,2.830
40.0,2.830
40.1,2.830
40.1,2.830
40.1,2.830
40.1,2.825
40.1,2.825
40.1,2.825
40.1,2.825
40.1,2.825
40.2,2.825
40.2,2.825
40.2,2.825
40.2,2.825
40.2,2.825
40.2,2.825
40.2,2.825
40.2,2.825
40.2,2.825
40.2,2.825
40.2,2.820
40.2,2.820
40.2,2.820
40.1,2.820
40.1,2.820
40.1,2.820
40.1,2.820
40.1,2.820
40.1,2.820
40.1,2.820
40.1,2.820
40.1,2.820
40.1,2.820
40.1,2.820
40.1,2.820
40.1,2.815
40.1,2.815
40.1,2.815
40.1,2.815
40.1,2.815
40.1,2.815
40.1,2.815
40.1,2.815
40.1,2.815
40.1,2.815
40.1,2.815
40.1,2.815
40.0,2.815
40.0,2.815
40.0,2.810
40.0,2.810
40.1,2.810
40.1,2.810
40.1,2.810
40.1,2.810
40.1,2.810
40.1,2.810
40.1,2.810
40.1,2.810
40.1,2.810
40.1,2.810
40.0,2.810
40.0,2.810
40.0,2.805
40.0,2.805
40.0,2.805
40.0,2.805
40.0,2.805
40.0,2.805
40.0,2.805
40.0,2.805
40.0,2.805
40.1,2.805
40.2,2.805
40.1,2.805
40.1,2.805
40.1,2.805
40.1,2.800
40.1,2.800
40.1,2.800
40.0,2.800
40.0,2.800
40.0,2.800
40.0,2.800
40.0,2.800
40.0,2.800
40.0,2.800
40.0,2.800
40.0,2.800
40.0,2.800
40.0,2.800
40.1,2.795
40.1,2.795
40.1,2.795
40.1,2.795
40.1,2.795
40.1,2.795
40.1,2.795
40.1,2.795
40.0,2.795
40.0,2.795
40.0,2.795
40.0,2.795
40.0,2.795
40.0,2.795
40.0,2.790
40.0,2.790
40.0,2.790
40.0,2.790
40.0,2.790
40.0,2.790
40.0,2.790
40.0,2.790
40.0,2.790
40.0,2.790
40.0,2.790
40.0,2.790
40.0,2.790
40.0,2.790
40.0,2.790
40.0,2.785
40.0,2.785
40.0,2.785
40.0,2.785
40.0,2.785
40.0,2.785
40.0,2.785
40.0,2.785
40.0,2.785
40.0,2.785
40.0,2.785
40.1,2.785
40.1,2.785
40.1,2.785
40.1,2.785
40.1,2.785
40.1,2.780
40.1,2.780
40.1,2.780
40.1,2.780
40.1,2.780
40.1,2.780
40.0,2.780
40.0,2.780
40.0,2.780
40.0,2.780
40.0,2.780
40.0,2.780
40.0,2.780
40.0,2.780
40.0,2.780
40.0,2.775
40.0,2.775
40.0,2.775
40.0,2.775
40.0,2.775
40.0,2.775
40.0,2.775
40.0,2.775
40.0,2.775
40.0,2.775
40.0,2.775
40.0,2.775
40.0,2.775
40.0,2.775
40.0,2.775
40.0,2.770
40.0,2.770
40.0,2.770
40.0,2.770
40.0,2.770
40.0,2.770
40.0,2.770
40.0,2.770
40.0,2.770
40.0,2.770
40.0,2.770
40.0,2.770
39.9,2.770
39.9,2.770
39.9,2.770
39.9,2.770
39.9,2.770
39.9,2.765
39.9,2.765
39.9,2.765
39.9,2.765
39.9,2.765
39.9,2.765
39.9,2.765
39.9,2.765
39.9,2.765
39.9,2.765
39.9,2.765
39.9,2.765
39.9,2.765
39.9,2.765
39.9,2.765
39.9,2.765
39.9,2.760
39.9,2.760
39.9,2.760
39.9,2.760
39.9,2.760
39.9,2.760
39.9,2.760
39.9,2.760
39.9,2.760
39.9,2.760
39.9,2.760
39.9,2.760
39.9,2.760
39.9,2.760
39.8,2.760
39.8,2.760
39.8,2.755
39.8,2.755
39.8,2.755
39.8,2.755
39.8,2.755
39.8,2.755
39.8,2.755
39.8,2.755
39.8,2.755
39.8,2.755
39.8,2.755
39.8,2.755
39.8,2.755
39.9,2.755
39.9,2.750
39.9,2.750
39.9,2.750
39.9,2.750
39.9,2.750
39.9,2.750
39.9,2.750
39.9,2.750
39.9,2.750
39.9,2.750
39.9,2.750
39.8,2.750
39.8,2.750
39.8,2.750
39.8,2.750
39.8,2.745
39.8,2.745
39.8,2.745
39.8,2.745
39.8,2.745
39.8,2.745
39.8,2.745
39.8,2.745
39.8,2.745
39.8,2.745
39.8,2.745
39.8,2.745
39.8,2.745
39.8,2.745
39.8,2.745
39.8,2.740
39.8,2.740
39.8,2.740
39.8,2.740
39.8,2.740
39.8,2.740
39.8,2.740
39.8,2.740
39.8,2.740
39.8,2.740
39.8,2.740
39.8,2.740
39.8,2.740
39.8,2.735
39.7,2.735
39.7,2.735
39.7,2.735
39.7,2.735
39.7,2.735
39.7,2.735
39.7,2.735
39.7,2.735
39.7,2.735
39.7,2.735
39.7,2.735
39.7,2.735
39.7,2.730
39.7,2.730
39.7,2.730
39.7,2.730
39.7,2.730
39.7,2.730
39.7,2.730
39.7,2.730
39.7,2.730
39.7,2.730
39.7,2.730
39.7,2.730
39.8,2.730
39.8,2.725
39.8,2.725
39.8,2.725
39.8,2.725
39.8,2.725
39.8,2.725
39.8,2.725
39.8,2.725
39.8,2.725
39.8,2.725
39.8,2.725
39.8,2.725
39.7,2.725
39.7,2.720
39.7,2.720
39.7,2.720
39.7,2.720
39.7,2.720
39.7,2.720
39.7,2.720
39.7,2.720
39.7,2.720
39.7,2.720
39.8,2.720
39.8,2.715
39.8,2.715
39.8,2.715
39.8,2.715
39.8,2.715
39.8,2.715
39.8,2.715
39.8,2.715
39.8,2.715
39.8,2.715
39.8,2.715
39.8,2.715
39.8,2.710
39.8,2.710
39.8,2.710
39.8,2.710
39.8,2.710
39.8,2.710
39.8,2.710
39.8,2.710
39.8,2.710
39.8,2.710
39.8,2.710
39.8,2.710
39.8,2.705
39.8,2.705
39.8,2.705
39.8,2.705
39.8,2.705
39.8,2.705
39.8,2.705
39.8,2.705
39.8,2.705
39.8,2.705
39.8,2.705
39.8,2.705
39.8,2.705
39.8,2.700
39.8,2.700
39.8,2.700
39.8,2.700
39.8,2.700
39.7,2.700
39.7,2.700
39.7,2.700
39.7,2.700
39.7,2.700
39.7,2.700
39.7,2.700
39.7,2.695
39.7,2.695
39.7,2.695
39.7,2.695
39.8,2.695
39.8,2.695
39.8,2.695
39.8,2.695
39.8,2.695
39.8,2.695
39.8,2.695
39.8,2.695
39.8,2.690
39.8,2.690
39.8,2.690
39.8,2.690
39.8,2.690
39.7,2.690
39.7,2.690
39.7,2.690
39.7,2.690
39.7,2.690
39.7,2.690
39.7,2.690
39.7,2.685
39.7,2.685
39.7,2.685
39.7,2.685
39.7,2.685
39.7,2.685
39.7,2.685
39.7,2.685
39.7,2.685
39.7,2.685
39.7,2.685
39.7,2.680
39.7,2.680
39.6,2.680
39.6,2.680
39.6,2.680
39.6,2.680
39.6,2.680
39.6,2.680
39.6,2.680
39.6,2.680
39.6,2.680
39.6,2.680
39.6,2.675
39.6,2.675
39.6,2.675
39.7,2.675
39.7,2.675
39.7,2.675
39.7,2.675
39.7,2.675
39.7,2.675
39.7,2.675
39.7,2.675
39.7,2.670
39.7,2.670
39.7,2.670
39.7,2.670
39.7,2.670
39.7,2.670
39.7,2.670
39.7,2.670
39.7,2.670
39.7,2.670
39.7,2.670
39.7,2.670
39.7,2.665
39.7,2.665
39.7,2.665
39.7,2.665
39.7,2.665
39.7,2.665
39.7,2.665
39.7,2.665
39.7,2.665
39.7,2.665
39.7,2.665
39.7,2.665
39.7,2.660
39.7,2.660
39.7,2.660
39.7,2.660
39.7,2.660
39.7,2.660
39.7,2.660
39.7,2.660
39.7,2.660
39.7,2.660
39.7,2.660
39.7,2.655
39.7,2.655
39.6,2.655
39.6,2.655
39.6,2.655
39.7,2.655
39.7,2.655
39.7,2.655
39.7,2.655
39.7,2.655
39.7,2.655
39.6,2.650
39.6,2.650
39.6,2.650
39.6,2.650
39.6,2.650
39.6,2.650
39.6,2.650
39.6,2.650
39.7,2.650
39.7,2.650
39.7,2.650
39.7,2.650
39.8,2.645
39.8,2.645
39.8,2.645
39.8,2.645
39.8,2.645
39.8,2.645
39.8,2.645
39.6,2.645
39.6,2.645
39.6,2.645
39.6,2.645
39.6,2.645
39.6,2.640
39.6,2.640
39.6,2.640
39.6,2.640
39.6,2.640
39.7,2.640
39.7,2.640
39.8,2.640
39.7,2.640
39.7,2.640
39.7,2.635
39.7,2.635
39.7,2.635
39.6,2.635
39.6,2.635
39.6,2.635
39.6,2.635
39.6,2.635
39.6,2.635
39.6,2.635
39.6,2.635
39.6,2.635
39.5,2.635
39.5,2.630
39.5,2.630
39.6,2.630
39.6,2.630
39.6,2.630
39.6,2.630
39.6,2.630
39.6,2.630
39.6,2.630
39.6,2.630
39.6,2.630
39.6,2.630
39.6,2.625
39.6,2.625
39.5,2.625
39.5,2.625
39.5,2.625
39.5,2.625
39.5,2.625
39.5,2.625
39.5,2.625
39.5,2.625
39.5,2.625
39.5,2.625
39.5,2.625
39.5,2.620
39.5,2.620
39.5,2.620
39.5,2.620
39.5,2.620
39.5,2.620
39.5,2.620
39.5,2.620
39.5,2.620
39.5,2.620
39.5,2.620
39.5,2.620
39.6,2.620
39.6,2.615
39.6,2.615
39.6,2.615
39.6,2.615
39.6,2.615
39.6,2.615
39.6,2.615
39.6,2.615
39.6,2.615
39.6,2.615
39.6,2.615
39.6,2.615
39.6,2.615
39.6,2.610
39.6,2.610
39.6,2.610
39.5,2.610
39.5,2.610
39.5,2.610
39.5,2.610
39.6,2.610
39.6,2.610
39.6,2.610
39.6,2.610
39.6,2.610
39.6,2.610
39.6,2.610
39.5,2.605
39.5,2.605
39.5,2.605
39.5,2.605
39.5,2.605
39.5,2.605
39.4,2.605
39.4,2.605
39.4,2.605
39.4,2.605
39.4,2.605
39.4,2.605
39.4,2.605
39.6,2.605
39.6,2.600
39.6,2.600
39.6,2.600
39.6,2.600
39.6,2.600
39.6,2.600
39.6,2.600
39.5,2.600
39.5,2.600
39.4,2.600
39.4,2.600
39.3,2.600
39.3,2.600
39.3,2.600
39.3,2.600
39.3,2.595
39.4,2.595
39.4,2.595
39.4,2.595
39.4,2.595
39.5,2.595
39.5,2.595
39.5,2.595
39.5,2.595
39.6,2.595
39.5,2.595
39.5,2.595
39.5,2.595
39.5,2.590
39.5,2.590
39.4,2.590
39.4,2.590
39.4,2.590
39.4,2.590
39.4,2.590
39.4,2.590
39.4,2.590
39.4,2.590
39.4,2.590
39.4,2.590
39.4,2.590
39.5,2.590
39.5,2.590
39.5,2.585
39.5,2.585
39.5,2.585
39.5,2.585
39.5,2.585
39.5,2.585
39.5,2.585
39.5,2.585
39.4,2.585
39.4,2.585
39.4,2.585
39.4,2.585
39.3,2.585
39.3,2.585
39.3,2.580
39.3,2.580
39.3,2.580
39.3,2.580
39.3,2.580
39.3,2.580
39.3,2.580
39.4,2.580
39.4,2.580
39.4,2.580
39.4,2.580
39.4,2.580
39.4,2.580
39.4,2.575
39.4,2.575
39.4,2.575
39.4,2.575
39.4,2.575
39.4,2.575
39.4,2.575
39.3,2.575
39.3,2.575
39.3,2.575
39.3,2.575
39.3,2.575
39.3,2.575
39.3,2.575
39.3,2.570
39.3,2.570
39.3,2.570
39.3,2.570
39.3,2.570
39.3,2.570
39.3,2.570
39.3,2.570
39.3,2.570
39.3,2.570
39.3,2.570
39.3,2.570
39.3,2.570
39.3,2.570
39.3,2.565
39.3,2.565
39.3,2.565
39.3,2.565
39.3,2.565
39.3,2.565
39.3,2.565
39.3,2.565
39.3,2.565
39.3,2.565
39.3,2.565
39.3,2.565
39.3,2.565
39.3,2.565
39.3,2.560
39.3,2.560
39.3,2.560
39.3,2.560
39.3,2.560
39.3,2.560
39.3,2.560
39.3,2.560
39.3,2.560
39.3,2.560
39.3,2.560
39.3,2.560
39.3,2.555
39.3,2.555
39.3,2.555
39.3,2.555
39.4,2.555
39.4,2.555
39.4,2.555
39.4,2.555
39.4,2.555
39.4,2.555
39.4,2.555
39.4,2.555
39.4,2.555
39.4,2.550
39.4,2.550
39.4,2.550
39.4,2.550
39.4,2.550
39.3,2.550
39.3,2.550
39.3,2.550
39.3,2.550
39.3,2.550
39.3,2.550
39.3,2.550
39.3,2.550
39.3,2.550
39.4,2.545
39.4,2.545
39.4,2.545
39.4,2.545
39.4,2.545
39.4,2.545
39.4,2.545
39.3,2.545
39.3,2.545
39.3,2.545
39.3,2.545
39.3,2.545
39.3,2.545
39.3,2.540
39.3,2.540
39.3,2.540
39.3,2.540
39.3,2.540
39.3,2.540
39.3,2.540
39.3,2.540
39.3,2.540
39.3,2.540
39.3,2.540
39.3,2.540
39.3,2.535
39.3,2.535
39.3,2.535
39.3,2.535
39.2,2.535
39.2,2.535
39.2,2.535
39.2,2.535
39.2,2.535
39.2,2.535
39.2,2.535
39.3,2.535
39.3,2.535
39.3,2.530
39.3,2.530
39.3,2.530
39.3,2.530
39.3,2.530
39.3,2.530
39.3,2.530
39.3,2.530
39.3,2.530
39.3,2.530
39.3,2.530
39.3,2.530
39.3,2.530
39.3,2.530
39.3,2.525
39.3,2.525
39.3,2.525
39.3,2.525
39.3,2.525
39.3,2.525
39.3,2.525
39.3,2.525
39.3,2.525
39.3,2.525
39.3,2.525
39.3,2.525
39.3,2.525
39.3,2.520
39.3,2.520
39.3,2.520
39.3,2.520
39.3,2.520
39.3,2.520
39.3,2.520
39.2,2.520
39.2,2.520
39.2,2.520
39.2,2.520
39.2,2.520
39.2,2.520
39.2,2.515
39.2,2.515
39.2,2.515
39.2,2.515
39.2,2.515
39.2,2.515
39.2,2.515
39.2,2.515
39.2,2.515
39.2,2.515
39.2,2.515
39.2,2.515
39.2,2.515
39.2,2.510
39.2,2.510
39.2,2.510
39.2,2.510
39.2,2.510
39.3,2.510
39.3,2.510
39.3,2.510
39.3,2.510
39.3,2.510
39.2,2.510
39.2,2.510
39.2,2.510
39.2,2.505
39.2,2.505
39.2,2.505
39.2,2.505
39.2,2.505
39.2,2.505
39.2,2.505
39.2,2.505
39.2,2.505
39.2,2.505
39.2,2.505
39.2,2.505
39.2,2.505
39.2,2.505
39.2,2.500
39.2,2.500
39.2,2.500
39.2,2.500
39.2,2.500
39.2,2.500
39.2,2.500
39.2,2.500
39.2,2.500
39.2,2.500
39.2,2.500
39.2,2.500
39.2,2.500
39.2,2.495
39.2,2.495
39.2,2.495
39.2,2.495
39.2,2.495
39.2,2.495
39.2,2.495
39.2,2.495
39.2,2.495
39.2,2.495
39.2,2.495
39.2,2.495
39.2,2.490
39.2,2.490
39.2,2.490
39.2,2.490
39.2,2.490
39.2,2.490
39.2,2.490
39.2,2.490
39.2,2.490
39.2,2.490
39.2,2.490
39.2,2.490
39.2,2.490
39.2,2.485
39.2,2.485
39.2,2.485
39.2,2.485
39.2,2.485
39.2,2.485
39.2,2.485
39.2,2.485
39.2,2.485
39.2,2.485
39.2,2.485
39.2,2.485
39.2,2.485
39.2,2.485
39.2,2.480
39.1,2.480
39.1,2.480
39.1,2.480
39.1,2.480
39.1,2.480
39.1,2.480
39.1,2.480
39.1,2.480
39.1,2.480
39.1,2.480
39.1,2.480
39.1,2.475
39.1,2.475
39.1,2.475
39.1,2.475
39.2,2.475
39.2,2.475
39.2,2.475
39.2,2.475
39.2,2.475
39.2,2.475
39.2,2.475
39.1,2.475
39.1,2.475
39.1,2.470
39.1,2.470
39.1,2.470
39.1,2.470
39.1,2.470
39.1,2.470
39.1,2.470
39.1,2.470
39.1,2.470
39.1,2.470
39.1,2.470
39.1,2.470
39.1,2.470
39.1,2.470
39.1,2.465
39.1,2.465
39.1,2.465
39.1,2.465
39.1,2.465
39.1,2.465
39.1,2.465
39.0,2.465
39.1,2.465
39.1,2.465
39.1,2.465
39.1,2.465
39.0,2.465
39.0,2.465
39.0,2.460
39.0,2.460
39.0,2.460
39.0,2.460
39.1,2.460
39.1,2.460
39.1,2.460
39.1,2.460
39.1,2.460
39.1,2.460
39.1,2.460
39.1,2.460
39.1,2.460
39.1,2.455
39.1,2.455
39.0,2.455
39.0,2.455
39.0,2.455
39.0,2.455
39.0,2.455
39.0,2.455
39.0,2.455
39.0,2.455
39.0,2.455
39.0,2.455
39.0,2.455
39.0,2.450
39.0,2.450
39.0,2.450
39.0,2.450
39.0,2.450
39.0,2.450
39.0,2.450
39.0,2.450
39.0,2.450
39.0,2.450
39.0,2.450
38.9,2.450
38.9,2.450
38.9,2.450
38.9,2.450
38.9,2.445
38.9,2.445
38.9,2.445
38.9,2.445
39.0,2.445
39.0,2.445
39.0,2.445
39.0,2.445
39.0,2.445
39.0,2.445
39.0,2.445
39.0,2.445
39.0,2.445
39.0,2.445
39.0,2.440
39.0,2.440
39.0,2.440
39.0,2.440
39.0,2.440
39.0,2.440
39.0,2.440
39.0,2.440
39.0,2.440
39.0,2.440
39.0,2.440
39.0,2.440
39.0,2.440
39.0,2.440
39.0,2.435
39.0,2.435
39.0,2.435
39.0,2.435
39.0,2.435
39.0,2.435
39.0,2.435
39.0,2.435
39.0,2.435
38.9,2.435
38.9,2.435
38.9,2.435
38.9,2.435
38.9,2.430
39.0,2.430
39.0,2.430
39.0,2.430
39.0,2.430
39.0,2.430
39.0,2.430
39.0,2.430
39.0,2.430
39.0,2.430
39.0,2.430
39.0,2.430
39.0,2.430
38.9,2.430
38.9,2.425
38.9,2.425
38.9,2.425
38.8,2.425
38.9,2.425
38.9,2.425
38.9,2.425
38.9,2.425
38.9,2.425
38.9,2.425
39.0,2.425
38.9,2.425
38.9,2.425
38.9,2.420
38.9,2.420
38.9,2.420
38.9,2.420
38.9,2.420
38.9,2.420
38.9,2.420
38.9,2.420
38.9,2.420
38.9,2.420
38.9,2.420
38.9,2.420
38.9,2.420
38.9,2.415
38.9,2.415
38.9,2.415
38.9,2.415
38.9,2.415
38.9,2.415
38.9,2.415
39.0,2.415
39.0,2.415
39.0,2.415
39.0,2.415
39.0,2.415
38.9,2.415
38.9,2.410
38.9,2.410
38.9,2.410
38.9,2.410
38.9,2.410
38.9,2.410
38.9,2.410
38.9,2.410
38.9,2.410
39.0,2.410
39.0,2.410
39.0,2.410
39.0,2.410
39.0,2.405
39.0,2.405
39.0,2.405
39.0,2.405
39.0,2.405
38.9,2.405
38.9,2.405
38.9,2.405
38.9,2.405
38.9,2.405
38.9,2.405
38.9,2.405
38.9,2.405
38.9,2.405
38.9,2.400
38.9,2.400
38.9,2.400
38.9,2.400
38.9,2.400
38.9,2.400
38.9,2.400
38.9,2.400
38.9,2.400
38.9,2.400
38.9,2.400
38.9,2.400
38.9,2.395
38.8,2.395
38.8,2.395
38.8,2.395
38.8,2.395
38.8,2.395
38.8,2.395
38.8,2.395
38.8,2.395
38.8,2.395
38.8,2.395
38.8,2.395
38.8,2.395
38.8,2.390
38.8,2.390
38.8,2.390
38.8,2.390
38.8,2.390
38.8,2.390
38.8,2.390
38.8,2.390
38.8,2.390
38.8,2.390
38.8,2.390
38.8,2.390
38.8,2.390
38.8,2.390
38.8,2.385
38.8,2.385
38.8,2.385
38.8,2.385
38.8,2.385
38.8,2.385
38.8,2.385
38.8,2.385
38.9,2.385
38.9,2.385
38.9,2.385
38.9,2.385
38.9,2.385
38.9,2.385
38.9,2.380
38.9,2.380
38.8,2.380
38.8,2.380
38.8,2.380
38.8,2.380
38.8,2.380
38.8,2.380
38.8,2.380
38.8,2.380
38.8,2.380
38.8,2.380
38.8,2.380
38.8,2.380
38.8,2.380
38.8,2.375
38.8,2.375
38.8,2.375
38.8,2.375
38.8,2.375
38.8,2.375
38.8,2.375
38.8,2.375
38.8,2.375
38.8,2.375
38.8,2.375
38.8,2.375
38.8,2.375
38.8,2.375
38.8,2.375
38.8,2.370
38.8,2.370
38.9,2.370
38.9,2.370
38.9,2.370
38.9,2.370
38.9,2.370
38.9,2.370
38.9,2.370
38.9,2.370
38.9,2.370
38.9,2.370
38.9,2.370
38.9,2.370
38.9,2.370
38.9,2.370
38.8,2.370
38.8,2.365
38.8,2.365
38.8,2.365
38.8,2.365
38.8,2.365
38.8,2.365
38.8,2.365
38.8,2.365
38.9,2.365
38.9,2.365
38.9,2.365
38.9,2.365
38.9,2.365
38.9,2.365
38.9,2.365
38.9,2.365
38.9,2.365
38.9,2.360
38.9,2.360
38.9,2.360
38.9,2.360
38.8,2.360
38.8,2.360
38.8,2.360
38.8,2.360
38.8,2.360
38.8,2.360
38.8,2.360
38.8,2.360
38.8,2.360
38.8,2.360
38.8,2.360
38.8,2.360
38.8,2.360
38.8,2.360
38.8,2.360
38.8,2.355
38.8,2.355
38.8,2.355
38.8,2.355
38.8,2.355
38.8,2.355
38.8,2.355
38.8,2.355
38.8,2.355
38.8,2.355
38.8,2.355
38.8,2.355
38.8,2.355
38.8,2.355
38.8,2.355
38.8,2.355
38.8,2.355
38.8,2.350
38.8,2.350
38.8,2.350
38.8,2.350
38.8,2.350
38.8,2.350
38.8,2.350
38.8,2.350
38.8,2.350
38.8,2.350
38.8,2.350
38.8,2.350
38.8,2.350
38.8,2.350
38.8,2.350
38.8,2.350
38.8,2.350
38.8,2.350
38.8,2.350
38.8,2.345
38.8,2.345
38.8,2.345
38.8,2.345
38.8,2.345
38.8,2.345
38.8,2.345
38.8,2.345
38.8,2.345
38.8,2.345
38.8,2.345
38.8,2.345
38.7,2.345
38.7,2.345
38.7,2.345
38.7,2.345
38.7,2.345
38.7,2.345
38.7,2.340
38.7,2.340
38.7,2.340
38.7,2.340
38.7,2.340
38.7,2.340
38.7,2.340
38.7,2.340
38.7,2.340
38.7,2.340
38.7,2.340
38.7,2.340
38.7,2.340
38.7,2.340
38.7,2.340
38.7,2.340
38.7,2.340
38.7,2.335
38.7,2.335
38.7,2.335
38.7,2.335
38.6,2.335
38.6,2.335
38.6,2.335
38.7,2.335
38.7,2.335
38.7,2.335
38.7,2.335
38.7,2.335
38.7,2.335
38.7,2.335
38.7,2.335
38.7,2.335
38.7,2.330
38.7,2.330
38.7,2.330
38.7,2.330
38.7,2.330
38.7,2.330
38.7,2.330
38.7,2.330
38.7,2.330
38.7,2.330
38.7,2.330
38.7,2.330
38.7,2.330
38.7,2.330
38.7,2.330
38.7,2.325
38.7,2.325
38.7,2.325
38.7,2.325
38.7,2.325
38.7,2.325
38.7,2.325
38.7,2.325
38.7,2.325
38.7,2.325
38.7,2.325
38.7,2.325
38.7,2.325
38.7,2.325
38.7,2.325
38.7,2.320
38.7,2.320
38.6,2.320
38.6,2.320
38.6,2.320
38.6,2.320
38.6,2.320
38.6,2.320
38.6,2.320
38.6,2.320
38.6,2.320
38.6,2.320
38.6,2.320
38.6,2.320
38.6,2.315
38.6,2.315
38.6,2.315
38.6,2.315
38.6,2.315
38.6,2.315
38.6,2.315
38.6,2.315
38.6,2.315
38.6,2.315
38.6,2.315
38.6,2.315
38.6,2.315
38.6,2.310
38.6,2.310
38.6,2.310
38.6,2.310
38.6,2.310
38.6,2.310
38.6,2.310
38.6,2.310
38.6,2.310
38.6,2.310
38.6,2.310
38.6,2.310
38.6,2.310
38.6,2.310
38.6,2.305
38.6,2.305
38.6,2.305
38.6,2.305
38.6,2.305
38.6,2.305
38.6,2.305
38.6,2.305
38.6,2.305
38.6,2.305
38.6,2.305
38.6,2.305
38.6,2.305
38.6,2.300
38.6,2.300
38.6,2.300
38.6,2.300
38.6,2.300
38.6,2.300
38.6,2.300
38.6,2.300
38.6,2.300
38.6,2.300
38.6,2.300
38.6,2.300
38.6,2.295
38.6,2.295
38.6,2.295
38.5,2.295
38.5,2.295
38.5,2.295
38.5,2.295
38.5,2.295
38.5,2.295
38.5,2.295
38.5,2.295
38.5,2.295
38.5,2.290
38.5,2.290
38.6,2.290
38.6,2.290
38.6,2.290
38.6,2.290
38.6,2.290
38.6,2.290
38.6,2.290
38.6,2.290
38.5,2.290
38.5,2.290
38.5,2.290
38.4,2.285
38.4,2.285
38.4,2.285
38.4,2.285
38.4,2.285
38.4,2.285
38.4,2.285
38.4,2.285
38.4,2.285
38.5,2.285
38.5,2.285
38.5,2.285
38.5,2.280
38.5,2.280
38.5,2.280
38.5,2.280
38.5,2.280
38.5,2.280
38.5,2.280
38.4,2.280
38.4,2.280
38.4,2.280
38.4,2.280
38.4,2.280
38.4,2.275
38.4,2.275
38.4,2.275
38.5,2.275
38.5,2.275
38.5,2.275
38.5,2.275
38.5,2.275
38.5,2.275
38.5,2.275
38.5,2.275
38.5,2.270
38.5,2.270
38.4,2.270
38.4,2.270
38.4,2.270
38.4,2.270
38.4,2.270
38.4,2.270
38.4,2.270
38.4,2.270
38.4,2.270
38.4,2.270
38.4,2.265
38.4,2.265
38.4,2.265
38.4,2.265
38.5,2.265
38.5,2.265
38.5,2.265
38.5,2.265
38.5,2.265
38.5,2.265
38.5,2.265
38.5,2.265
38.5,2.260
38.5,2.260
38.5,2.260
38.5,2.260
38.4,2.260
38.4,2.260
38.4,2.260
38.4,2.260
38.4,2.260
38.4,2.260
38.4,2.260
38.4,2.255
38.4,2.255
38.4,2.255
38.4,2.255
38.4,2.255
38.4,2.255
38.4,2.255
38.4,2.255
38.4,2.255
38.4,2.255
38.4,2.255
38.4,2.250
38.4,2.250
38.4,2.250
38.4,2.250
38.4,2.250
38.4,2.250
38.4,2.250
38.4,2.250
38.4,2.250
38.4,2.250
38.4,2.250
38.4,2.245
38.4,2.245
38.4,2.245
38.4,2.245
38.4,2.245
38.4,2.245
38.5,2.245
38.5,2.245
38.5,2.245
38.5,2.245
38.5,2.245
38.5,2.245
38.5,2.240
38.5,2.240
38.5,2.240
38.4,2.240
38.4,2.240
38.4,2.240
38.4,2.240
38.4,2.240
38.4,2.240
38.4,2.240
38.4,2.235
38.4,2.235
38.4,2.235
38.4,2.235
38.4,2.235
38.4,2.235
38.4,2.235
38.4,2.235
38.4,2.235
38.4,2.235
38.4,2.235
38.4,2.235
38.4,2.230
38.4,2.230
38.4,2.230
38.3,2.230
38.3,2.230
38.3,2.230
38.3,2.230
38.3,2.230
38.3,2.230
38.3,2.230
38.3,2.230
38.3,2.225
38.3,2.225
38.3,2.225
38.3,2.225
38.3,2.225
38.3,2.225
38.3,2.225
38.3,2.225
38.3,2.225
38.3,2.225
38.3,2.225
38.3,2.225
38.3,2.220
38.3,2.220
38.3,2.220
38.3,2.220
38.3,2.220
38.3,2.220
38.3,2.220
38.3,2.220
38.3,2.220
38.2,2.220
38.2,2.215
38.2,2.215
38.2,2.215
38.2,2.215
38.2,2.215
38.2,2.215
38.2,2.215
38.2,2.215
38.2,2.215
38.2,2.215
38.2,2.215
38.2,2.210
38.2,2.210
38.2,2.210
38.2,2.210
38.2,2.210
38.2,2.210
38.2,2.210
38.2,2.210
38.2,2.210
38.2,2.210
38.2,2.210
38.2,2.210
38.2,2.205
38.2,2.205
38.2,2.205
38.3,2.205
38.3,2.205
38.3,2.205
38.3,2.205
38.3,2.205
38.3,2.205
38.3,2.205
38.2,2.200
38.2,2.200
38.2,2.200
38.2,2.200
38.2,2.200
38.1,2.200
38.1,2.200
38.1,2.200
38.1,2.200
38.1,2.200
38.1,2.200
38.1,2.195
38.2,2.195
38.2,2.195
38.3,2.195
38.3,2.195
38.3,2.195
38.3,2.195
38.3,2.195
38.3,2.195
38.3,2.195
38.3,2.190
38.3,2.190
38.3,2.190
38.3,2.190
38.2,2.190
38.2,2.190
38.2,2.190
38.2,2.190
38.2,2.190
38.2,2.190
38.2,2.185
38.2,2.185
38.2,2.185
38.2,2.185
38.2,2.185
38.2,2.185
38.2,2.185
38.2,2.185
38.2,2.185
38.2,2.185
38.2,2.180
38.2,2.180
38.2,2.180
38.2,2.180
38.2,2.180
38.2,2.180
38.2,2.180
38.2,2.180
38.2,2.180
38.2,2.175
38.2,2.175
38.2,2.175
38.2,2.175
38.2,2.175
38.2,2.175
38.2,2.175
38.2,2.175
38.2,2.175
38.2,2.170
38.2,2.170
38.2,2.170
38.2,2.170
38.2,2.170
38.2,2.170
38.2,2.170
38.2,2.170
38.2,2.170
38.2,2.165
38.2,2.165
38.2,2.165
38.2,2.165
38.2,2.165
38.2,2.165
38.2,2.165
38.2,2.165
38.1,2.165
38.1,2.165
38.1,2.160
38.1,2.160
38.1,2.160
38.1,2.160
38.1,2.160
38.1,2.160
38.1,2.160
38.1,2.160
38.1,2.155
38.2,2.155
38.2,2.155
38.2,2.155
38.2,2.155
38.2,2.155
38.2,2.155
38.2,2.155
38.2,2.155
38.2,2.150
38.1,2.150
38.1,2.150
38.1,2.150
38.1,2.150
38.1,2.150
38.1,2.150
38.1,2.150
38.1,2.150
38.2,2.150
38.2,2.145
38.2,2.145
38.2,2.145
38.2,2.145
38.2,2.145
38.2,2.145
38.2,2.145
38.1,2.145
38.0,2.145
38.0,2.140
37.9,2.140
37.9,2.140
37.9,2.140
37.9,2.140
37.9,2.140
37.9,2.140
37.9,2.140
38.0,2.140
38.1,2.135
38.1,2.135
38.1,2.135
38.1,2.135
38.1,2.135
38.1,2.135
38.1,2.135
38.1,2.135
38.1,2.135
38.1,2.135
38.0,2.130
38.0,2.130
38.0,2.130
37.9,2.130
37.9,2.130
37.9,2.130
37.9,2.130
37.9,2.130
37.9,2.130
37.9,2.130
37.9,2.125
38.1,2.125
38.1,2.125
38.1,2.125
38.1,2.125
38.1,2.125
38.1,2.125
38.1,2.125
38.1,2.125
38.0,2.120
38.0,2.120
38.0,2.120
37.9,2.120
37.9,2.120
37.9,2.120
37.9,2.120
37.9,2.120
37.9,2.120
37.9,2.120
37.9,2.115
37.9,2.115
37.9,2.115
37.9,2.115
38.0,2.115
38.0,2.115
38.0,2.115
38.0,2.115
38.0,2.115
38.0,2.115
38.0,2.110
38.0,2.110
37.9,2.110
37.9,2.110
37.9,2.110
37.9,2.110
37.9,2.110
37.9,2.110
37.9,2.110
37.9,2.105
37.9,2.105
37.9,2.105
37.9,2.105
37.9,2.105
37.9,2.105
37.9,2.105
37.9,2.105
37.9,2.105
38.0,2.105
38.0,2.100
38.0,2.100
38.0,2.100
38.0,2.100
38.0,2.100
38.0,2.100
37.9,2.100
37.9,2.100
37.9,2.100
37.9,2.095
37.9,2.095
37.9,2.095
37.9,2.095
37.9,2.095
37.9,2.095
37.9,2.095
37.9,2.095
37.9,2.095
37.9,2.090
37.9,2.090
37.9,2.090
37.9,2.090
37.9,2.090
37.9,2.090
37.9,2.090
37.9,2.090
37.9,2.090
37.8,2.085
37.8,2.085
37.8,2.085
37.8,2.085
37.8,2.085
37.8,2.085
37.8,2.085
37.8,2.085
37.8,2.085
37.8,2.085
37.8,2.080
37.8,2.080
37.8,2.080
37.8,2.080
37.8,2.080
37.8,2.080
37.8,2.080
37.8,2.080
37.8,2.075
37.7,2.075
37.8,2.075
37.8,2.075
37.8,2.075
37.7,2.075
37.7,2.075
37.7,2.075
37.7,2.075
37.7,2.070
37.7,2.070
37.7,2.070
37.7,2.070
37.7,2.070
37.8,2.070
37.8,2.070
37.8,2.070
37.8,2.070
37.8,2.065
37.8,2.065
37.8,2.065
37.8,2.065
37.8,2.065
37.8,2.065
37.8,2.065
37.8,2.065
37.8,2.065
37.8,2.060
37.8,2.060
37.8,2.060
37.8,2.060
37.7,2.060
37.7,2.060
37.7,2.060
37.7,2.060
37.7,2.060
37.7,2.055
37.7,2.055
37.7,2.055
37.7,2.055
37.7,2.055
37.7,2.055
37.7,2.055
37.7,2.055
37.7,2.055
37.7,2.050
37.7,2.050
37.7,2.050
37.7,2.050
37.6,2.050
37.6,2.050
37.6,2.050
37.6,2.050
37.6,2.050
37.6,2.045
37.6,2.045
37.6,2.045
37.6,2.045
37.6,2.045
37.6,2.045
37.6,2.045
37.6,2.045
37.6,2.045
37.5,2.040
37.5,2.040
37.5,2.040
37.5,2.040
37.5,2.040
37.5,2.040
37.5,2.040
37.5,2.040
37.5,2.040
37.5,2.040
37.5,2.035
37.4,2.035
37.4,2.035
37.4,2.035
37.4,2.035
37.4,2.035
37.4,2.035
37.4,2.035
37.4,2.035
37.4,2.030
37.4,2.030
37.4,2.030
37.4,2.030
37.4,2.030
37.4,2.030
37.4,2.030
37.4,2.030
37.4,2.030
37.4,2.025
37.3,2.025
37.3,2.025
37.3,2.025
37.3,2.025
37.3,2.025
37.3,2.025
37.3,2.025
37.3,2.025
37.3,2.025
37.3,2.020
37.3,2.020
37.3,2.020
37.3,2.020
37.3,2.020
37.3,2.020
37.3,2.020
37.3,2.020
37.3,2.020
37.3,2.015
37.3,2.015
37.3,2.015
37.3,2.015
37.3,2.015
37.3,2.015
37.1,2.015
37.1,2.015
37.1,2.015
37.1,2.010
37.1,2.010
37.1,2.010
37.1,2.010
37.1,2.010
37.1,2.010
37.1,2.010
37.1,2.010
37.1,2.010
37.1,2.005
37.1,2.005
37.1,2.005
37.1,2.005
37.1,2.005
37.1,2.005
37.0,2.005
37.0,2.005
37.0,2.005
37.0,2.005
37.0,2.000
37.0,2.000
37.0,2.000
37.0,2.000
37.0,2.000
37.0,2.000
37.0,2.000
37.0,2.000
37.0,2.000
36.9,1.995
36.9,1.995
36.9,1.995
36.9,1.995
36.9,1.995
36.9,1.995
36.9,1.995
36.9,1.995
36.9,1.995
36.9,1.990
36.9,1.990
36.9,1.990
36.9,1.990
36.9,1.990
36.9,1.990
36.9,1.990
36.9,1.990
36.9,1.990
36.9,1.990
36.9,1.985
36.9,1.985
36.9,1.985
36.8,1.985
36.8,1.985
36.8,1.985
36.8,1.985
36.8,1.985
36.8,1.985
36.8,1.985
36.8,1.980
36.8,1.980
36.8,1.980
36.9,1.980
36.9,1.980
36.9,1.980
36.9,1.980
36.9,1.980
36.9,1.980
36.9,1.980
36.9,1.975
36.9,1.975
36.9,1.975
36.8,1.975
36.8,1.975
36.8,1.975
36.8,1.975
36.8,1.975
36.8,1.975
36.8,1.975
36.8,1.970
36.8,1.970
36.8,1.970
36.8,1.970
36.8,1.970
36.8,1.970
36.8,1.970
36.8,1.970
36.8,1.970
36.8,1.970
36.8,1.965
36.8,1.965
36.7,1.965
36.7,1.965
36.7,1.965
36.7,1.965
36.7,1.965
36.7,1.965
36.7,1.965
36.7,1.965
36.7,1.960
36.7,1.960
36.7,1.960
36.7,1.960
36.7,1.960
36.7,1.960
36.7,1.960
36.7,1.960
36.7,1.960
36.7,1.960
36.7,1.960
36.7,1.955
36.7,1.955
36.7,1.955
36.7,1.955
36.6,1.955
36.6,1.955
36.6,1.955
36.6,1.955
36.6,1.955
36.6,1.950
36.6,1.950
36.6,1.950
36.6,1.950
36.6,1.950
36.6,1.950
36.6,1.950
36.6,1.950
36.6,1.950
36.6,1.950
36.6,1.950
36.6,1.945
36.6,1.945
36.6,1.945
36.6,1.945
36.6,1.945
36.6,1.945
36.6,1.945
36.6,1.945
36.6,1.945
36.6,1.945
36.6,1.940
36.6,1.940
36.6,1.940
36.6,1.940
36.6,1.940
36.6,1.940
36.6,1.940
36.6,1.940
36.6,1.940
36.6,1.935
36.6,1.935
36.6,1.935
36.6,1.935
36.6,1.935
36.6,1.935
36.6,1.935
36.6,1.935
36.6,1.935
36.6,1.935
36.6,1.930
36.6,1.930
36.6,1.930
36.6,1.930
36.6,1.930
36.5,1.930
36.5,1.930
36.5,1.930
36.5,1.930
36.5,1.930
36.5,1.925
36.5,1.925
36.5,1.925
36.5,1.925
36.5,1.925
36.5,1.925
36.5,1.925
36.5,1.925
36.5,1.925
36.5,1.925
36.5,1.920
36.5,1.920
36.4,1.920
36.4,1.920
36.4,1.920
36.4,1.920
36.4,1.920
36.4,1.920
36.4,1.920
36.4,1.920
36.4,1.915
36.4,1.915
36.4,1.915
36.4,1.915
36.4,1.915
36.4,1.915
36.4,1.915
36.4,1.915
36.4,1.915
36.4,1.915
36.4,1.910
36.4,1.910
36.4,1.910
36.4,1.910
36.4,1.910
36.4,1.910
36.4,1.910
36.4,1.910
36.4,1.910
36.4,1.910
36.4,1.905
36.4,1.905
36.4,1.905
36.4,1.905
36.4,1.905
36.4,1.905
36.4,1.905
36.4,1.905
36.4,1.905
36.4,1.905
36.3,1.900
36.3,1.900
36.3,1.900
36.3,1.900
36.3,1.900
36.3,1.900
36.3,1.900
36.3,1.900
36.3,1.900
36.3,1.900
36.3,1.895
36.3,1.895
36.3,1.895
36.3,1.895
36.3,1.895
36.3,1.895
36.2,1.895
36.2,1.895
36.2,1.895
36.2,1.895
36.2,1.890
36.1,1.890
36.1,1.890
36.1,1.890
36.1,1.890
36.1,1.890
36.1,1.890
36.1,1.890
36.1,1.890
36.1,1.890
36.1,1.885
36.1,1.885
36.0,1.885
36.0,1.885
36.0,1.885
35.9,1.885
35.9,1.885
35.9,1.885
35.9,1.885
35.8,1.885
35.8,1.880
35.8,1.880
35.8,1.880
35.8,1.880
35.8,1.880
35.8,1.880
35.8,1.880
35.8,1.880
35.8,1.880
35.8,1.880
35.8,1.880
35.8,1.875
35.7,1.875
35.6,1.875
35.6,1.875
35.5,1.875
35.5,1.875
35.5,1.875
35.5,1.875
35.5,1.875
35.5,1.870
35.5,1.870
35.5,1.870
35.5,1.870
35.5,1.870
35.5,1.870
35.5,1.870
35.5,1.870
35.5,1.870
35.5,1.870
35.5,1.865
35.5,1.865
35.5,1.865
35.5,1.865
35.4,1.865
35.4,1.865
35.3,1.865
35.3,1.865
35.3,1.865
35.2,1.865
35.2,1.860
35.2,1.860
35.2,1.860
35.2,1.860
35.2,1.860
35.2,1.860
35.2,1.860
35.2,1.860
35.2,1.860
35.2,1.860
35.2,1.855
35.2,1.855
35.2,1.855
35.2,1.855
35.2,1.855
35.2,1.855
35.2,1.855
35.2,1.855
35.1,1.855
35.0,1.855
35.0,1.850
35.0,1.850
35.0,1.850
35.0,1.850
35.0,1.850
35.0,1.850
35.0,1.850
35.0,1.850
35.0,1.850
35.0,1.850
35.0,1.845
34.9,1.845
34.9,1.845
34.9,1.845
34.9,1.845
34.9,1.845
34.7,1.845
34.7,1.845
34.7,1.845
34.6,1.845
34.6,1.840
34.6,1.840
34.6,1.840
34.6,1.840
34.6,1.840
34.6,1.840
34.6,1.840
34.6,1.840
34.6,1.840
34.6,1.835
34.6,1.835
34.6,1.835
34.6,1.835
34.6,1.835
34.6,1.835
34.6,1.835
34.6,1.835
34.6,1.835
34.6,1.835
34.5,1.830
34.6,1.830
34.6,1.830
34.5,1.830
34.5,1.830
34.5,1.830
34.5,1.830
34.5,1.830
34.5,1.830
34.5,1.830
34.5,1.830
34.5,1.825
34.5,1.825
34.4,1.825
34.4,1.825
34.4,1.825
34.3,1.825
34.3,1.825
34.3,1.825
34.3,1.825
34.3,1.825
34.3,1.820
34.3,1.820
34.3,1.820
34.2,1.820
34.2,1.820
34.2,1.820
34.2,1.820
34.2,1.820
34.2,1.820
34.2,1.820
34.2,1.820
34.1,1.815
34.1,1.815
34.1,1.815
34.1,1.815
34.1,1.815
34.1,1.815
34.1,1.815
34.1,1.815
34.1,1.815
34.1,1.815
34.1,1.815
34.1,1.810
34.1,1.810
34.1,1.810
34.1,1.810
34.0,1.810
34.0,1.810
34.0,1.810
34.0,1.810
34.0,1.810
34.0,1.810
34.0,1.810
34.0,1.805
34.0,1.805
34.0,1.805
34.0,1.805
34.0,1.805
34.0,1.805
34.1,1.805
34.0,1.805
34.1,1.805
34.1,1.805
34.1,1.805
34.1,1.805
34.1,1.800
34.1,1.800
34.1,1.800
34.1,1.800
34.1,1.800
34.1,1.800
34.1,1.800
34.0,1.800
34.0,1.800
34.0,1.800
34.0,1.800
34.0,1.800
34.0,1.795
34.0,1.795
34.0,1.795
34.1,1.795
34.1,1.795
34.1,1.795
34.1,1.795
34.1,1.795
34.1,1.795
34.1,1.795
34.1,1.795
34.1,1.790
34.1,1.790
34.1,1.790
34.0,1.790
34.0,1.790
34.0,1.790
34.0,1.790
34.0,1.790
34.0,1.790
34.0,1.790
34.0,1.790
34.0,1.790
34.0,1.790
34.0,1.785
34.0,1.785
34.0,1.785
34.0,1.785
34.0,1.785
34.0,1.785
34.0,1.785
34.0,1.785
34.0,1.785
34.0,1.785
33.9,1.785
33.9,1.785
33.9,1.780
33.9,1.780
34.0,1.780
34.0,1.780
34.1,1.780
34.0,1.780
34.0,1.780
34.0,1.780
34.0,1.780
34.0,1.780
34.0,1.780
34.0,1.780
34.0,1.780
34.0,1.775
34.0,1.775
34.0,1.775
34.0,1.775
34.0,1.775
34.0,1.775
34.0,1.775
34.0,1.775
34.1,1.775
34.1,1.775
34.1,1.775
34.1,1.775
34.1,1.775
34.1,1.770
34.1,1.770
34.1,1.770
34.1,1.770
34.0,1.770
34.0,1.770
34.0,1.770
34.0,1.770
34.0,1.770
34.0,1.770
33.9,1.770
33.9,1.770
33.9,1.770
33.9,1.770
33.9,1.765
33.9,1.765
33.9,1.765
34.0,1.765
34.0,1.765
34.0,1.765
34.0,1.765
34.0,1.765
34.0,1.765
33.9,1.765
33.9,1.765
33.9,1.765
33.9,1.765
33.9,1.765
33.9,1.760
33.9,1.760
33.9,1.760
34.0,1.760
34.0,1.760
34.0,1.760
34.0,1.760
34.0,1.760
34.0,1.760
34.0,1.760
34.0,1.760
34.0,1.760
34.0,1.760
34.0,1.760
34.0,1.755
34.0,1.755
34.0,1.755
34.0,1.755
34.0,1.755
34.0,1.755
34.0,1.755
34.0,1.755
34.0,1.755
34.0,1.755
34.0,1.755
34.0,1.755
34.0,1.755
34.0,1.755
34.0,1.755
34.0,1.750
34.0,1.750
34.0,1.750
34.0,1.750
34.0,1.750
34.0,1.750
34.0,1.750
34.0,1.750
34.0,1.750
34.0,1.750
34.0,1.750
34.0,1.750
34.0,1.750
34.0,1.750
34.0,1.750
34.0,1.750
34.0,1.750
34.0,1.745
34.0,1.745
33.9,1.745
33.9,1.745
33.9,1.745
33.9,1.745
33.9,1.745
33.9,1.745
33.9,1.745
33.9,1.745
33.9,1.745
33.9,1.745
33.9,1.745
33.9,1.745
33.9,1.745
33.9,1.745
33.9,1.745
33.9,1.740
33.9,1.740
33.9,1.740
33.9,1.740
33.9,1.740
33.9,1.740
33.9,1.740
33.9,1.740
33.9,1.740
33.9,1.740
33.9,1.740
33.9,1.740
33.9,1.740
33.9,1.740
33.9,1.740
33.9,1.740
33.9,1.740
33.9,1.735
33.9,1.735
34.0,1.735
34.0,1.735
34.0,1.735
34.0,1.735
34.0,1.735
34.0,1.735
34.0,1.735
34.0,1.735
34.0,1.735
34.0,1.735
34.0,1.735
34.0,1.735
34.0,1.735
34.0,1.735
34.0,1.735
34.0,1.735
34.0,1.730
34.0,1.730
34.0,1.730
34.0,1.730
34.0,1.730
34.0,1.730
34.0,1.730
34.0,1.730
34.0,1.730
34.0,1.730
34.0,1.730
34.0,1.730
34.0,1.730
34.0,1.730
34.0,1.730
34.0,1.730
34.0,1.730
34.0,1.730
34.0,1.725
34.0,1.725
34.0,1.725
34.0,1.725
34.0,1.725
34.0,1.725
34.0,1.725
34.0,1.725
34.0,1.725
34.0,1.725
34.0,1.725
34.0,1.725
33.9,1.725
33.9,1.725
33.9,1.725
33.9,1.725
33.9,1.725
33.9,1.725
33.9,1.720
34.0,1.720
34.0,1.720
34.0,1.720
34.0,1.720
34.0,1.720
34.0,1.720
34.0,1.720
34.0,1.720
34.0,1.720
34.0,1.720
34.0,1.720
34.0,1.720
34.0,1.720
34.0,1.720
34.0,1.720
34.0,1.720
33.9,1.720
33.9,1.720
33.9,1.715
33.9,1.715
33.9,1.715
33.9,1.715
33.9,1.715
34.0,1.715
34.0,1.715
34.0,1.715
34.0,1.715
34.0,1.715
34.0,1.715
34.0,1.715
34.0,1.715
34.0,1.715
34.0,1.715
34.0,1.715
34.0,1.715
34.0,1.715
34.0,1.710
34.0,1.710
34.0,1.710
34.0,1.710
34.0,1.710
34.0,1.710
34.0,1.710
34.0,1.710
34.0,1.710
34.0,1.710
34.0,1.710
34.0,1.710
34.0,1.710
34.0,1.710
34.0,1.710
34.0,1.710
34.0,1.710
34.0,1.710
34.0,1.705
34.0,1.705
34.0,1.705
34.0,1.705
34.0,1.705
34.0,1.705
34.0,1.705
34.0,1.705
34.0,1.705
34.0,1.705
34.0,1.705
33.9,1.705
33.9,1.705
33.9,1.705
33.9,1.705
33.9,1.705
33.9,1.705
33.9,1.705
33.9,1.700
33.9,1.700
33.9,1.700
33.9,1.700
33.9,1.700
33.9,1.700
33.9,1.700
33.9,1.700
33.9,1.700
33.9,1.700
33.9,1.700
33.9,1.700
33.9,1.700
33.9,1.700
33.9,1.700
33.9,1.700
33.9,1.700
33.9,1.695
33.9,1.695
33.9,1.695
33.9,1.695
33.9,1.695
33.9,1.695
33.9,1.695
33.9,1.695
33.9,1.695
33.9,1.695
33.9,1.695
33.9,1.695
34.0,1.695
34.0,1.695
34.0,1.695
34.0,1.695
34.0,1.690
34.0,1.690
33.8,1.690
33.9,1.690
33.9,1.690
33.9,1.690
33.9,1.690
33.9,1.690
33.9,1.690
33.9,1.690
33.9,1.690
33.9,1.690
33.9,1.690
33.9,1.690
33.9,1.690
33.9,1.690
33.9,1.685
33.9,1.685
33.9,1.685
33.9,1.685
33.9,1.685
33.9,1.685
33.9,1.685
33.9,1.685
33.9,1.685
33.9,1.685
33.9,1.685
33.9,1.685
33.9,1.685
33.9,1.685
33.9,1.685
33.9,1.685
33.9,1.685
33.9,1.680
33.9,1.680
33.9,1.680
33.9,1.680
33.9,1.680
33.9,1.680
33.9,1.680
33.9,1.680
33.9,1.680
33.9,1.680
33.9,1.680
33.9,1.680
33.9,1.680
33.9,1.680
33.9,1.675
33.9,1.675
33.9,1.675
33.9,1.675
33.9,1.675
33.9,1.675
33.9,1.675
33.9,1.675
33.9,1.675
33.9,1.675
33.9,1.675
33.9,1.675
33.9,1.675
33.9,1.675
33.9,1.675
33.9,1.675
33.9,1.675
33.9,1.670
33.9,1.670
33.9,1.670
33.9,1.670
33.9,1.670
33.9,1.670
33.9,1.670
33.9,1.670
33.9,1.670
33.9,1.670
33.8,1.670
33.8,1.670
33.8,1.670
33.8,1.670
33.8,1.670
33.8,1.670
33.8,1.665
33.8,1.665
33.8,1.665
33.8,1.665
33.8,1.665
33.8,1.665
33.8,1.665
33.8,1.665
33.8,1.665
33.8,1.665
33.8,1.665
33.8,1.665
33.8,1.665
33.8,1.665
33.8,1.665
33.8,1.665
33.8,1.660
33.8,1.660
33.8,1.660
33.8,1.660
33.8,1.660
33.8,1.660
33.8,1.660
33.8,1.660
33.8,1.660
33.8,1.660
33.8,1.660
33.8,1.660
33.8,1.660
33.8,1.660
33.8,1.660
33.8,1.660
33.8,1.655
33.8,1.655
33.8,1.655
33.8,1.655
33.8,1.655
33.8,1.655
33.8,1.655
33.8,1.655
33.8,1.655
33.8,1.655
33.8,1.655
33.8,1.655
33.8,1.655
33.9,1.655
33.9,1.655
33.9,1.655
33.9,1.650
33.9,1.650
33.7,1.650
33.7,1.650
33.7,1.650
33.7,1.650
33.7,1.650
33.7,1.650
33.7,1.650
33.7,1.650
33.7,1.650
33.7,1.650
33.8,1.650
33.8,1.650
33.9,1.650
33.9,1.650
33.9,1.650
33.9,1.645
33.9,1.645
33.9,1.645
33.9,1.645
33.9,1.645
33.9,1.645
33.7,1.645
33.7,1.645
33.7,1.645
33.7,1.645
33.6,1.645
33.6,1.645
33.6,1.645
33.6,1.645
33.6,1.645
33.6,1.645
33.6,1.640
33.6,1.640
33.7,1.640
33.7,1.640
33.7,1.640
33.7,1.640
33.7,1.640
33.7,1.640
33.7,1.640
33.7,1.640
33.7,1.640
33.7,1.640
33.7,1.640
33.7,1.640
33.7,1.640
33.7,1.640
33.7,1.640
33.7,1.635
33.7,1.635
33.7,1.635
33.7,1.635
33.7,1.635
33.7,1.635
33.7,1.635
33.7,1.635
33.7,1.635
33.7,1.635
33.7,1.635
33.7,1.635
33.7,1.635
33.7,1.635
33.7,1.635
33.7,1.635
33.7,1.630
33.7,1.630
33.7,1.630
33.7,1.630
33.6,1.630
33.6,1.630
33.6,1.630
33.6,1.630
33.6,1.630
33.6,1.630
33.6,1.630
33.6,1.630
33.6,1.630
33.6,1.630
33.7,1.630
33.7,1.630
33.7,1.625
33.7,1.625
33.7,1.625
33.7,1.625
33.7,1.625
33.7,1.625
33.7,1.625
33.7,1.625
33.7,1.625
33.7,1.625
33.7,1.625
33.7,1.625
33.7,1.625
33.7,1.625
33.7,1.625
33.7,1.620
33.7,1.620
33.7,1.620
33.7,1.620
33.7,1.620
33.7,1.620
33.6,1.620
33.7,1.620
33.6,1.620
33.6,1.620
33.6,1.620
33.6,1.620
33.6,1.620
33.6,1.620
33.6,1.620
33.6,1.615
33.6,1.615
33.6,1.615
33.6,1.615
33.6,1.615
33.6,1.615
33.6,1.615
33.6,1.615
33.6,1.615
33.6,1.615
33.6,1.615
33.6,1.615
33.6,1.615
33.6,1.615
33.6,1.615
33.6,1.610
33.6,1.610
33.6,1.610
33.6,1.610
33.6,1.610
33.6,1.610
33.6,1.610
33.6,1.610
33.6,1.610
33.6,1.610
33.6,1.610
33.6,1.610
33.6,1.610
33.6,1.610
33.6,1.610
33.6,1.605
33.6,1.605
33.6,1.605
33.6,1.605
33.6,1.605
33.6,1.605
33.6,1.605
33.6,1.605
33.6,1.605
33.6,1.605
33.6,1.605
33.6,1.605
33.6,1.605
33.6,1.605
33.6,1.600
33.6,1.600
33.6,1.600
33.6,1.600
33.6,1.600
33.6,1.600
33.5,1.600
33.5,1.600
33.5,1.600
33.5,1.600
33.5,1.600
33.5,1.600
33.5,1.600
33.5,1.600
33.5,1.595
33.5,1.595
33.5,1.595
33.6,1.595
33.6,1.595
33.6,1.595
33.6,1.595
33.6,1.595
33.6,1.595
33.6,1.595
33.6,1.595
33.6,1.595
33.6,1.595
33.5,1.595
33.4,1.590
33.4,1.590
33.4,1.590
33.4,1.590
33.4,1.590
33.4,1.590
33.4,1.590
33.4,1.590
33.4,1.590
33.4,1.590
33.4,1.590
33.4,1.590
33.4,1.590
33.5,1.590
33.5,1.590
33.5,1.590
33.5,1.585
33.5,1.585
33.5,1.585
33.5,1.585
33.5,1.585
33.5,1.585
33.5,1.585
33.5,1.585
33.5,1.585
33.5,1.585
33.5,1.585
33.5,1.585
33.5,1.585
33.5,1.585
33.5,1.580
33.5,1.580
33.5,1.580
33.5,1.580
33.5,1.580
33.5,1.580
33.5,1.580
33.5,1.580
33.5,1.580
33.5,1.580
33.5,1.580
33.5,1.580
33.5,1.580
33.5,1.580
33.5,1.580
33.5,1.575
33.5,1.575
33.5,1.575
33.5,1.575
33.5,1.575
33.5,1.575
33.5,1.575
33.5,1.575
33.5,1.575
33.5,1.575
33.5,1.575
33.5,1.575
33.5,1.575
33.4,1.575
33.4,1.575
33.4,1.575
33.4,1.570
33.4,1.570
33.4,1.570
33.4,1.570
33.4,1.570
33.4,1.570
33.4,1.570
33.4,1.570
33.4,1.570
33.4,1.570
33.4,1.570
33.4,1.570
33.4,1.570
33.4,1.570
33.4,1.570
33.4,1.570
33.4,1.565
33.4,1.565
33.4,1.565
33.4,1.565
33.4,1.565
33.4,1.565
33.4,1.565
33.4,1.565
33.4,1.565
33.4,1.565
33.4,1.565
33.4,1.565
33.4,1.565
33.4,1.565
33.4,1.565
33.4,1.565
33.4,1.560
33.4,1.560
33.4,1.560
33.4,1.560
33.5,1.560
33.5,1.560
33.4,1.560
33.4,1.560
33.4,1.560
33.4,1.560
33.4,1.560
33.4,1.560
33.4,1.560
33.4,1.560
33.4,1.560
33.4,1.560
33.4,1.555
33.4,1.555
33.4,1.555
33.4,1.555
33.4,1.555
33.4,1.555
33.4,1.555
33.4,1.555
33.4,1.555
33.4,1.555
33.4,1.555
33.4,1.555
33.3,1.555
33.3,1.555
33.3,1.555
33.3,1.550
33.3,1.550
33.3,1.550
33.3,1.550
33.3,1.550
33.3,1.550
33.3,1.550
33.3,1.550
33.3,1.550
33.3,1.550
33.3,1.550
33.3,1.550
33.3,1.550
33.3,1.550
33.3,1.545
33.3,1.545
33.3,1.545
33.3,1.545
33.3,1.545
33.3,1.545
33.3,1.545
33.3,1.545
33.3,1.545
33.3,1.545
33.3,1.545
33.3,1.545
33.3,1.545
33.3,1.545
33.3,1.540
33.3,1.540
33.3,1.540
33.3,1.540
33.3,1.540
33.3,1.540
33.3,1.540
33.3,1.540
33.3,1.540
33.3,1.540
33.3,1.540
33.3,1.540
33.3,1.540
33.3,1.535
33.3,1.535
33.3,1.535
33.2,1.535
33.2,1.535
33.2,1.535
33.2,1.535
33.2,1.535
33.2,1.535
33.2,1.535
33.2,1.535
33.2,1.535
33.2,1.535
33.2,1.530
33.2,1.530
33.2,1.530
33.2,1.530
33.2,1.530
33.2,1.530
33.2,1.530
33.2,1.530
33.2,1.530
33.2,1.530
33.2,1.530
33.2,1.530
33.2,1.530
33.2,1.530
33.2,1.525
33.2,1.525
33.2,1.525
33.2,1.525
33.2,1.525
33.2,1.525
33.2,1.525
33.2,1.525
33.2,1.525
33.2,1.525
33.2,1.525
33.2,1.525
33.2,1.525
33.2,1.525
33.2,1.520
33.2,1.520
33.2,1.520
33.2,1.520
33.2,1.520
33.2,1.520
33.2,1.520
33.2,1.520
33.2,1.520
33.2,1.520
33.2,1.520
33.2,1.520
33.2,1.515
33.2,1.515
33.1,1.515
33.1,1.515
33.1,1.515
33.1,1.515
33.0,1.515
33.0,1.515
33.0,1.515
33.1,1.515
33.1,1.515
33.1,1.515
33.1,1.515
33.2,1.515
33.2,1.510
33.2,1.510
33.2,1.510
33.2,1.510
33.2,1.510
33.2,1.510
33.2,1.510
33.2,1.510
33.2,1.510
33.2,1.510
33.2,1.510
33.2,1.510
33.2,1.510
33.2,1.510
33.2,1.505
33.2,1.505
33.2,1.505
33.2,1.505
33.2,1.505
33.1,1.505
33.1,1.505
33.1,1.505
33.1,1.505
33.1,1.505
33.1,1.505
33.1,1.505
33.1,1.505
33.1,1.505
33.1,1.500
33.0,1.500
33.0,1.500
33.0,1.500
33.0,1.500
33.0,1.500
33.0,1.500
33.0,1.500
33.0,1.500
33.0,1.500
33.0,1.500
33.0,1.500
33.0,1.500
33.0,1.495
33.0,1.495
33.0,1.495
33.0,1.495
33.0,1.495
33.0,1.495
33.0,1.495
33.0,1.495
33.0,1.495
33.0,1.495
33.0,1.495
33.0,1.495
33.0,1.495
33.0,1.495
33.0,1.490
33.0,1.490
32.9,1.490
32.9,1.490
32.9,1.490
32.9,1.490
32.9,1.490
32.8,1.490
32.9,1.490
32.9,1.490
32.9,1.490
32.9,1.490
32.9,1.490
32.8,1.490
32.8,1.485
32.8,1.485
32.8,1.485
32.8,1.485
32.8,1.485
32.8,1.485
32.8,1.485
32.8,1.485
32.8,1.485
32.8,1.485
32.8,1.485
32.8,1.485
32.8,1.485
32.8,1.485
32.8,1.480
32.8,1.480
32.8,1.480
32.8,1.480
32.9,1.480
32.9,1.480
32.9,1.480
32.9,1.480
32.9,1.480
32.9,1.480
32.9,1.480
32.9,1.480
32.9,1.480
32.9,1.475
32.9,1.475
32.8,1.475
32.8,1.475
32.8,1.475
32.8,1.475
32.8,1.475
32.8,1.475
32.8,1.475
32.8,1.475
32.8,1.475
32.8,1.475
32.8,1.475
32.8,1.470
32.9,1.470
32.9,1.470
32.9,1.470
32.9,1.470
32.9,1.470
32.9,1.470
32.9,1.470
32.9,1.470
32.9,1.470
32.9,1.470
32.9,1.470
32.9,1.470
32.9,1.465
32.9,1.465
32.9,1.465
33.0,1.465
33.0,1.465
33.0,1.465
33.0,1.465
33.0,1.465
33.0,1.465
33.0,1.465
33.0,1.465
33.0,1.465
33.0,1.460
33.0,1.460
33.0,1.460
33.0,1.460
33.0,1.460
33.0,1.460
33.0,1.460
32.9,1.460
32.9,1.460
32.9,1.460
32.9,1.460
32.9,1.460
32.9,1.455
32.8,1.455
32.9,1.455
32.9,1.455
32.9,1.455
32.9,1.455
32.9,1.455
32.9,1.455
32.9,1.455
32.8,1.455
32.8,1.455
32.8,1.455
32.8,1.450
32.8,1.450
32.8,1.450
32.7,1.450
32.7,1.450
32.7,1.450
32.7,1.450
32.7,1.450
32.7,1.450
32.7,1.450
32.7,1.450
32.7,1.450
32.7,1.445
32.7,1.445
32.7,1.445
32.7,1.445
32.7,1.445
32.7,1.445
32.7,1.445
32.7,1.445
32.7,1.445
32.7,1.445
32.7,1.445
32.7,1.445
32.7,1.445
32.7,1.440
32.7,1.440
32.7,1.440
32.8,1.440
32.8,1.440
32.8,1.440
32.8,1.440
32.8,1.440
32.8,1.440
32.8,1.440
32.8,1.435
32.8,1.435
32.8,1.435
32.8,1.435
32.8,1.435
32.8,1.435
32.8,1.435
32.8,1.435
32.8,1.435
32.8,1.435
32.8,1.435
32.8,1.435
32.8,1.430
32.7,1.430
32.7,1.430
32.7,1.430
32.7,1.430
32.7,1.430
32.7,1.430
32.8,1.430
32.8,1.430
32.8,1.430
32.8,1.430
32.8,1.430
32.8,1.425
32.8,1.425
32.7,1.425
32.7,1.425
32.7,1.425
32.7,1.425
32.7,1.425
32.7,1.425
32.7,1.425
32.7,1.425
32.7,1.425
32.7,1.420
32.8,1.420
32.8,1.420
32.8,1.420
32.8,1.420
32.8,1.420
32.8,1.420
32.8,1.420
32.8,1.420
32.8,1.420
32.8,1.420
32.8,1.420
32.8,1.415
32.8,1.415
32.8,1.415
32.8,1.415
32.8,1.415
32.8,1.415
32.8,1.415
32.8,1.415
32.8,1.415
32.8,1.415
32.8,1.415
32.8,1.410
32.8,1.410
32.7,1.410
32.7,1.410
32.7,1.410
32.7,1.410
32.7,1.410
32.7,1.410
32.7,1.410
32.7,1.410
32.7,1.410
32.7,1.405
32.7,1.405
32.7,1.405
32.7,1.405
32.7,1.405
32.7,1.405
32.7,1.405
32.7,1.405
32.7,1.405
32.7,1.405
32.7,1.405
32.7,1.400
32.6,1.400
32.6,1.400
32.6,1.400
32.6,1.400
32.6,1.400
32.6,1.400
32.6,1.400
32.6,1.400
32.6,1.400
32.6,1.400
32.6,1.400
32.6,1.395
32.6,1.395
32.6,1.395
32.6,1.395
32.6,1.395
32.6,1.395
32.6,1.395
32.6,1.395
32.6,1.395
32.6,1.395
32.6,1.390
32.6,1.390
32.6,1.390
32.7,1.390
32.7,1.390
32.7,1.390
32.7,1.390
32.7,1.390
32.7,1.390
32.7,1.390
32.7,1.390
32.7,1.385
32.6,1.385
32.6,1.385
32.6,1.385
32.5,1.385
32.5,1.385
32.5,1.385
32.5,1.385
32.5,1.385
32.5,1.385
32.5,1.380
32.6,1.380
32.6,1.380
32.6,1.380
32.6,1.380
32.6,1.380
32.6,1.380
32.6,1.380
32.6,1.380
32.6,1.380
32.6,1.380
32.6,1.375
32.6,1.375
32.6,1.375
32.6,1.375
32.6,1.375
32.6,1.375
32.6,1.375
32.6,1.375
32.6,1.375
32.6,1.375
32.6,1.370
32.6,1.370
32.6,1.370
32.6,1.370
32.6,1.370
32.6,1.370
32.6,1.370
32.6,1.370
32.6,1.370
32.5,1.370
32.5,1.365
32.5,1.365
32.5,1.365
32.5,1.365
32.5,1.365
32.5,1.365
32.5,1.365
32.5,1.365
32.5,1.365
32.5,1.365
32.5,1.365
32.5,1.360
32.5,1.360
32.5,1.360
32.5,1.360
32.5,1.360
32.5,1.360
32.5,1.360
32.5,1.360
32.5,1.360
32.5,1.360
32.5,1.355
32.5,1.355
32.5,1.355
32.5,1.355
32.5,1.355
32.5,1.355
32.5,1.355
32.5,1.355
32.5,1.355
32.5,1.355
32.5,1.350
32.5,1.350
32.5,1.350
32.5,1.350
32.5,1.350
32.5,1.350
32.5,1.350
32.5,1.350
32.5,1.350
32.4,1.350
32.4,1.350
32.4,1.345
32.4,1.345
32.4,1.345
32.4,1.345
32.4,1.345
32.4,1.345
32.4,1.345
32.4,1.345
32.4,1.345
32.4,1.345
32.5,1.345
32.5,1.340
32.5,1.340
32.5,1.340
32.5,1.340
32.5,1.340
32.5,1.340
32.5,1.340
32.5,1.340
32.5,1.340
32.5,1.340
32.5,1.335
32.5,1.335
32.5,1.335
32.5,1.335
32.5,1.335
32.5,1.335
32.5,1.335
32.5,1.335
32.5,1.335
32.5,1.335
32.5,1.335
32.5,1.330
32.5,1.330
32.5,1.330
32.5,1.330
32.5,1.330
32.5,1.330
32.5,1.330
32.5,1.330
32.5,1.330
32.5,1.330
32.5,1.330
32.5,1.325
32.5,1.325
32.4,1.325
32.4,1.325
32.4,1.325
32.4,1.325
32.4,1.325
32.4,1.325
32.4,1.325
32.4,1.325
32.4,1.325
32.4,1.320
32.4,1.320
32.4,1.320
32.4,1.320
32.4,1.320
32.4,1.320
32.4,1.320
32.4,1.320
32.4,1.320
32.3,1.320
32.3,1.320
32.3,1.315
32.2,1.315
32.2,1.315
32.2,1.315
32.2,1.315
32.2,1.315
32.2,1.315
32.2,1.315
32.2,1.315
32.2,1.315
32.3,1.310
32.3,1.310
32.3,1.310
32.3,1.310
32.3,1.310
32.3,1.310
32.3,1.310
32.4,1.310
32.4,1.310
32.4,1.310
32.4,1.305
32.4,1.305
32.4,1.305
32.4,1.305
32.4,1.305
32.4,1.305
32.3,1.305
32.3,1.305
32.3,1.305
32.3,1.305
32.3,1.300
32.3,1.300
32.2,1.300
32.2,1.300
32.2,1.300
32.2,1.300
32.2,1.300
32.2,1.300
32.2,1.300
32.3,1.300
32.3,1.295
32.3,1.295
32.3,1.295
32.3,1.295
32.3,1.295
32.3,1.295
32.3,1.295
32.3,1.295
32.3,1.295
32.3,1.295
32.3,1.290
32.3,1.290
32.3,1.290
32.3,1.290
32.3,1.290
32.3,1.290
32.3,1.290
32.3,1.290
32.3,1.290
32.3,1.290
32.3,1.285
32.3,1.285
32.3,1.285
32.3,1.285
32.3,1.285
32.3,1.285
32.3,1.285
32.3,1.285
32.3,1.285
32.3,1.285
32.3,1.280
32.3,1.280
32.3,1.280
32.3,1.280
32.3,1.280
32.3,1.280
32.3,1.280
32.3,1.280
32.3,1.280
32.3,1.280
32.3,1.275
32.3,1.275
32.2,1.275
32.3,1.275
32.2,1.275
32.1,1.275
32.1,1.275
32.1,1.275
32.1,1.275
32.1,1.275
32.1,1.270
32.1,1.270
32.1,1.270
32.1,1.270
32.2,1.270
32.2,1.270
32.2,1.270
32.2,1.270
32.2,1.270
32.2,1.270
32.2,1.270
32.2,1.265
32.2,1.265
32.2,1.265
32.2,1.265
32.2,1.265
32.2,1.265
32.2,1.265
32.2,1.265
32.2,1.265
32.2,1.265
32.2,1.265
32.2,1.260
32.2,1.260
32.2,1.260
32.2,1.260
32.2,1.260
32.2,1.260
32.2,1.260
32.2,1.260
32.2,1.260
32.2,1.260
32.2,1.255
32.2,1.255
32.2,1.255
32.2,1.255
32.2,1.255
32.2,1.255
32.2,1.255
32.2,1.255
32.2,1.255
32.2,1.255
32.2,1.255
32.2,1.250
32.2,1.250
32.2,1.250
32.2,1.250
32.2,1.250
32.2,1.250
32.2,1.250
32.2,1.250
32.2,1.250
32.2,1.250
32.2,1.250
32.2,1.245
32.2,1.245
32.2,1.245
32.2,1.245
32.2,1.245
32.1,1.245
32.1,1.245
32.1,1.245
32.1,1.245
32.1,1.245
32.1,1.245
32.1,1.240
32.1,1.240
32.1,1.240
32.1,1.240
32.1,1.240
32.1,1.240
32.1,1.240
32.1,1.240
32.1,1.240
32.1,1.240
32.1,1.240
32.1,1.240
32.1,1.235
32.1,1.235
32.1,1.235
32.1,1.235
32.1,1.235
32.1,1.235
32.1,1.235
32.1,1.235
32.1,1.235
32.1,1.235
32.1,1.230
32.1,1.230
32.1,1.230
32.1,1.230
32.1,1.230
32.1,1.230
32.1,1.230
32.1,1.230
32.0,1.230
32.0,1.230
32.0,1.230
32.0,1.230
32.0,1.225
32.0,1.225
32.0,1.225
32.0,1.225
31.9,1.225
31.9,1.225
31.9,1.225
31.9,1.225
31.9,1.225
31.9,1.225
31.9,1.220
31.9,1.220
31.9,1.220
31.9,1.220
31.9,1.220
31.9,1.220
31.9,1.220
31.9,1.220
31.9,1.220
31.9,1.220
31.9,1.220
31.9,1.215
31.9,1.215
31.9,1.215
31.9,1.215
31.8,1.215
31.8,1.215
31.8,1.215
31.8,1.215
31.8,1.215
31.8,1.215
31.8,1.210
31.8,1.210
31.8,1.210
31.8,1.210
31.8,1.210
31.8,1.210
31.8,1.210
31.9,1.210
31.9,1.210
31.9,1.210
31.9,1.210
31.9,1.210
31.9,1.205
31.9,1.205
31.9,1.205
31.9,1.205
31.9,1.205
31.9,1.205
31.9,1.205
31.8,1.205
31.8,1.205
31.8,1.205
31.8,1.205
31.8,1.200
31.8,1.200
31.8,1.200
31.8,1.200
31.8,1.200
31.8,1.200
31.8,1.200
31.8,1.200
31.8,1.200
31.8,1.200
31.8,1.195
31.8,1.195
31.8,1.195
31.8,1.195
31.8,1.195
31.7,1.195
31.8,1.195
31.8,1.195
31.8,1.195
31.8,1.195
31.8,1.195
31.8,1.195
31.8,1.190
31.9,1.190
31.9,1.190
31.9,1.190
31.9,1.190
31.9,1.190
31.9,1.190
31.9,1.190
31.9,1.190
31.9,1.190
31.9,1.190
31.9,1.190
31.9,1.185
31.9,1.185
31.9,1.185
31.9,1.185
31.9,1.185
31.9,1.185
31.8,1.185
31.8,1.185
31.8,1.185
31.8,1.185
31.8,1.185
31.8,1.180
31.8,1.180
31.8,1.180
31.8,1.180
31.8,1.180
31.8,1.180
31.8,1.180
31.8,1.180
31.8,1.180
31.8,1.180
31.8,1.180
31.8,1.180
31.8,1.175
31.8,1.175
31.8,1.175
31.8,1.175
31.8,1.175
31.8,1.175
31.8,1.175
31.8,1.175
31.8,1.175
31.8,1.175
31.8,1.175
31.8,1.175
31.8,1.170
31.8,1.170
31.8,1.170
31.8,1.170
31.8,1.170
31.8,1.170
31.8,1.170
31.8,1.170
31.8,1.170
31.8,1.170
31.8,1.170
31.8,1.170
31.9,1.165
31.9,1.165
31.9,1.165
31.9,1.165
31.9,1.165
31.9,1.165
31.8,1.165
31.8,1.165
31.8,1.165
31.8,1.165
31.8,1.165
31.8,1.165
31.7,1.165
31.7,1.160
31.7,1.160
31.7,1.160
31.7,1.160
31.7,1.160
31.7,1.160
31.8,1.160
31.8,1.160
31.8,1.160
31.8,1.160
31.8,1.160
31.9,1.160
31.9,1.160
31.9,1.155
31.9,1.155
31.9,1.155
31.9,1.155
31.8,1.155
31.8,1.155
31.8,1.155
31.8,1.155
31.8,1.155
31.8,1.155
31.8,1.155
31.8,1.155
31.8,1.150
31.8,1.150
31.8,1.150
31.8,1.150
31.8,1.150
31.8,1.150
31.8,1.150
31.8,1.150
31.8,1.150
31.8,1.150
31.8,1.150
31.8,1.150
31.8,1.150
31.8,1.150
31.8,1.145
31.8,1.145
31.8,1.145
31.8,1.145
31.7,1.145
31.7,1.145
31.7,1.145
31.7,1.145
31.7,1.145
31.7,1.145
31.7,1.145
31.7,1.145
31.7,1.145
31.7,1.140
31.7,1.140
31.7,1.140
31.7,1.140
31.7,1.140
31.7,1.140
31.7,1.140
31.7,1.140
31.7,1.140
31.6,1.140
31.6,1.140
31.6,1.140
31.6,1.140
31.6,1.135
31.6,1.135
31.6,1.135
31.6,1.135
31.7,1.135
31.7,1.135
31.7,1.135
31.7,1.135
31.7,1.135
31.7,1.135
31.7,1.135
31.7,1.135
31.7,1.135
31.7,1.130
31.7,1.130
31.7,1.130
31.7,1.130
31.7,1.130
31.7,1.130
31.7,1.130
31.7,1.130
31.6,1.130
31.6,1.130
31.6,1.130
31.6,1.130
31.6,1.130
31.6,1.130
31.6,1.125
31.6,1.125
31.6,1.125
31.6,1.125
31.6,1.125
31.6,1.125
31.6,1.125
31.6,1.125
31.6,1.125
31.6,1.125
31.6,1.125
31.6,1.125
31.5,1.125
31.5,1.125
31.5,1.120
31.5,1.120
31.5,1.120
31.5,1.120
31.5,1.120
31.5,1.120
31.5,1.120
31.5,1.120
31.5,1.120
31.5,1.120
31.5,1.120
31.5,1.120
31.5,1.120
31.5,1.115
31.5,1.115
31.5,1.115
31.5,1.115
31.5,1.115
31.5,1.115
31.5,1.115
31.5,1.115
31.5,1.115
31.5,1.115
31.5,1.115
31.5,1.115
31.5,1.115
31.5,1.115
31.5,1.115
31.6,1.110
31.6,1.110
31.6,1.110
31.6,1.110
31.6,1.110
31.6,1.110
31.6,1.110
31.6,1.110
31.6,1.110
31.6,1.110
31.6,1.110
31.6,1.110
31.6,1.110
31.6,1.110
31.6,1.110
31.6,1.105
31.5,1.105
31.5,1.105
31.5,1.105
31.5,1.105
31.6,1.105
31.6,1.105
31.7,1.105
31.7,1.105
31.6,1.105
31.6,1.105
31.6,1.105
31.6,1.105
31.6,1.105
31.6,1.105
31.6,1.105
31.6,1.100
31.6,1.100
31.6,1.100
31.6,1.100
31.6,1.100
31.6,1.100
31.6,1.100
31.6,1.100
31.6,1.100
31.6,1.100
31.6,1.100
31.6,1.100
31.6,1.100
31.6,1.100
31.6,1.100
31.6,1.100
31.6,1.095
31.6,1.095
31.6,1.095
31.6,1.095
31.6,1.095
31.6,1.095
31.6,1.095
31.6,1.095
31.6,1.095
31.6,1.095
31.6,1.095
31.6,1.095
31.6,1.095
31.6,1.095
31.6,1.095
31.6,1.095
31.6,1.090
31.6,1.090
31.5,1.090
31.5,1.090
31.5,1.090
31.5,1.090
31.5,1.090
31.5,1.090
31.5,1.090
31.5,1.090
31.5,1.090
31.5,1.090
31.5,1.090
31.5,1.090
31.5,1.090
31.6,1.090
31.6,1.090
31.6,1.085
31.6,1.085
31.6,1.085
31.6,1.085
31.6,1.085
31.6,1.085
31.6,1.085
31.6,1.085
31.6,1.085
31.5,1.085
31.5,1.085
31.5,1.085
31.5,1.085
31.5,1.085
31.5,1.085
31.5,1.085
31.5,1.085
31.5,1.080
31.5,1.080
31.5,1.080
31.5,1.080
31.5,1.080
31.5,1.080
31.5,1.080
31.5,1.080
31.5,1.080
31.5,1.080
31.5,1.080
31.5,1.080
31.5,1.080
31.5,1.080
31.5,1.080
31.5,1.080
31.5,1.080
31.5,1.080
31.5,1.075
31.5,1.075
31.5,1.075
31.5,1.075
31.5,1.075
31.5,1.075
31.5,1.075
31.5,1.075
31.5,1.075
31.5,1.075
31.5,1.075
31.5,1.075
31.5,1.075
31.5,1.075
31.5,1.075
31.5,1.075
31.5,1.070
31.5,1.070
31.4,1.070
31.4,1.070
31.4,1.070
31.4,1.070
31.4,1.070
31.4,1.070
31.4,1.070
31.4,1.070
31.4,1.070
31.4,1.070
31.4,1.070
31.5,1.070
31.5,1.070
31.5,1.070
31.5,1.070
31.4,1.070
31.4,1.065
31.4,1.065
31.4,1.065
31.4,1.065
31.4,1.065
31.4,1.065
31.4,1.065
31.4,1.065
31.4,1.065
31.4,1.065
31.4,1.065
31.4,1.065
31.4,1.065
31.4,1.065
31.4,1.065
31.4,1.065
31.4,1.065
31.4,1.060
31.4,1.060
31.4,1.060
31.4,1.060
31.4,1.060
31.4,1.060
31.4,1.060
31.4,1.060
31.4,1.060
31.4,1.060
31.4,1.060
31.4,1.060
31.4,1.060
31.4,1.060
31.4,1.060
31.4,1.060
31.4,1.060
31.4,1.055
31.4,1.055
31.4,1.055
31.4,1.055
31.4,1.055
31.4,1.055
31.4,1.055
31.4,1.055
31.4,1.055
31.4,1.055
31.4,1.055
31.4,1.055
31.4,1.055
31.4,1.055
31.4,1.055
31.4,1.055
31.4,1.055
31.4,1.050
31.4,1.050
31.4,1.050
31.4,1.050
31.4,1.050
31.4,1.050
31.4,1.050
31.4,1.050
31.4,1.050
31.4,1.050
31.4,1.050
31.5,1.050
31.5,1.050
31.5,1.050
31.5,1.050
31.5,1.050
31.5,1.050
31.5,1.050
31.5,1.050
31.5,1.045
31.5,1.045
31.5,1.045
31.5,1.045
31.5,1.045
31.5,1.045
31.5,1.045
31.5,1.045
31.5,1.045
31.4,1.045
31.4,1.045
31.4,1.045
31.4,1.045
31.4,1.045
31.4,1.045
31.4,1.045
31.4,1.045
31.4,1.045
31.4,1.040
31.4,1.040
31.4,1.040
31.4,1.040
31.4,1.040
31.4,1.040
31.4,1.040
31.4,1.040
31.4,1.040
31.4,1.040
31.4,1.040
31.4,1.040
31.4,1.040
31.4,1.040
31.4,1.040
31.4,1.040
31.4,1.040
31.4,1.035
31.4,1.035
31.4,1.035
31.4,1.035
31.4,1.035
31.4,1.035
31.4,1.035
31.3,1.035
31.3,1.035
31.3,1.035
31.3,1.035
31.3,1.035
31.2,1.035
31.2,1.035
31.2,1.035
31.2,1.035
31.2,1.035
31.2,1.035
31.2,1.030
31.2,1.030
31.2,1.030
31.3,1.030
31.3,1.030
31.3,1.030
31.3,1.030
31.3,1.030
31.3,1.030
31.3,1.030
31.3,1.030
31.3,1.030
31.3,1.030
31.3,1.030
31.3,1.030
31.3,1.030
31.3,1.030
31.3,1.030
31.3,1.030
31.3,1.025
31.3,1.025
31.3,1.025
31.3,1.025
31.2,1.025
31.2,1.025
31.2,1.025
31.2,1.025
31.2,1.025
31.2,1.025
31.2,1.025
31.2,1.025
31.2,1.025
31.2,1.025
31.2,1.025
31.2,1.025
31.2,1.025
31.2,1.025
31.2,1.020
31.2,1.020
31.2,1.020
31.2,1.020
31.2,1.020
31.2,1.020
31.2,1.020
31.2,1.020
31.2,1.020
31.1,1.020
31.1,1.020
31.1,1.020
31.1,1.020
31.1,1.020
31.1,1.020
31.1,1.020
31.1,1.020
31.1,1.015
31.1,1.015
31.1,1.015
31.1,1.015
31.1,1.015
31.1,1.015
31.1,1.015
31.1,1.015
31.1,1.015
31.1,1.015
31.1,1.015
31.1,1.015
31.1,1.015
31.1,1.015
31.1,1.015
31.1,1.015
31.1,1.015
31.1,1.015
31.1,1.010
31.1,1.010
31.1,1.010
31.1,1.010
31.1,1.010
31.1,1.010
31.1,1.010
31.1,1.010
31.1,1.010
31.1,1.010
31.1,1.010
31.1,1.010
31.1,1.010
31.1,1.010
31.1,1.010
31.1,1.010
31.1,1.010
31.1,1.010
31.1,1.010
31.1,1.005
31.1,1.005
31.1,1.005
31.1,1.005
31.1,1.005
31.1,1.005
31.1,1.005
31.1,1.005
31.1,1.005
31.1,1.005
31.1,1.005
31.1,1.005
31.1,1.005
31.1,1.005
31.1,1.005
31.1,1.005
31.1,1.005
31.1,1.005
31.1,1.005
31.1,1.000
31.1,1.000
31.1,1.000
31.1,1.000
31.1,1.000
31.1,1.000
31.1,1.000
31.1,1.000
31.1,1.000
31.1,1.000
31.1,1.000
31.0,1.000
31.0,1.000
31.0,1.000
31.0,1.000
31.0,1.000
31.0,1.000
31.0,1.000
31.0,1.000
31.0,1.000
31.0,0.995
31.0,0.995
31.0,0.995
31.0,0.995
31.1,0.995
31.1,0.995
31.1,0.995
31.1,0.995
31.1,0.995
31.1,0.995
31.1,0.995
31.1,0.995
31.1,0.995
31.1,0.995
31.1,0.995
31.1,0.995
31.1,0.995
31.1,0.995
31.1,0.990
31.1,0.990
31.1,0.990
31.1,0.990
31.1,0.990
31.1,0.990
31.1,0.990
31.1,0.990
31.1,0.990
31.1,0.990
31.1,0.990
31.1,0.990
31.0,0.990
31.0,0.990
31.0,0.990
31.0,0.990
31.0,0.990
31.0,0.990
31.0,0.990
31.0,0.990
31.0,0.985
31.0,0.985
31.0,0.985
31.0,0.985
31.0,0.985
31.0,0.985
31.0,0.985
31.0,0.985
31.0,0.985
31.0,0.985
31.0,0.985
31.0,0.985
31.0,0.985
31.0,0.985
31.1,0.985
31.1,0.985
31.1,0.985
31.1,0.985
31.1,0.985
31.1,0.980
31.1,0.980
31.1,0.980
31.1,0.980
31.1,0.980
31.1,0.980
31.1,0.980
31.1,0.980
31.1,0.980
31.1,0.980
31.1,0.980
31.1,0.980
31.1,0.980
31.1,0.980
31.1,0.980
31.1,0.980
31.1,0.980
31.1,0.980
31.1,0.975
31.1,0.975
31.1,0.975
31.1,0.975
31.1,0.975
31.0,0.975
31.0,0.975
31.0,0.975
31.0,0.975
31.0,0.975
30.9,0.975
30.9,0.975
30.9,0.975
30.9,0.975
30.9,0.975
30.9,0.975
30.9,0.975
30.9,0.975
30.9,0.970
30.9,0.970
30.9,0.970
30.9,0.970
30.9,0.970
30.9,0.970
30.9,0.970
31.0,0.970
31.0,0.970
31.0,0.970
31.0,0.970
31.0,0.970
31.0,0.970
31.0,0.970
31.0,0.970
31.0,0.970
31.0,0.970
31.0,0.970
31.0,0.970
31.0,0.965
31.0,0.965
31.0,0.965
31.0,0.965
31.0,0.965
31.0,0.965
31.0,0.965
31.0,0.965
31.0,0.965
31.0,0.965
31.0,0.965
31.0,0.965
31.0,0.965
31.0,0.965
31.0,0.965
31.0,0.965
31.0,0.965
31.0,0.965
31.0,0.965
31.0,0.960
31.0,0.960
31.0,0.960
31.0,0.960
31.0,0.960
31.0,0.960
31.0,0.960
31.0,0.960
31.0,0.960
31.0,0.960
31.0,0.960
31.0,0.960
31.0,0.960
30.9,0.960
30.9,0.960
30.9,0.960
30.9,0.960
30.9,0.955
30.9,0.955
30.9,0.955
30.9,0.955
30.9,0.955
30.9,0.955
30.9,0.955
30.9,0.955
30.9,0.955
30.9,0.955
30.9,0.955
30.9,0.955
30.9,0.955
30.9,0.955
30.9,0.955
30.9,0.955
30.9,0.955
30.9,0.955
30.9,0.955
30.9,0.955
30.9,0.950
30.9,0.950
30.9,0.950
30.9,0.950
30.9,0.950
30.9,0.950
30.9,0.950
30.9,0.950
30.9,0.950
30.9,0.950
30.9,0.950
31.0,0.950
30.9,0.950
30.9,0.950
30.9,0.950
31.0,0.950
31.0,0.950
31.0,0.950
31.0,0.950
31.0,0.950
31.0,0.945
31.0,0.945
31.0,0.945
31.0,0.945
31.0,0.945
31.0,0.945
31.0,0.945
31.0,0.945
30.9,0.945
30.9,0.945
30.9,0.945
30.9,0.945
30.9,0.945
30.9,0.945
30.9,0.945
30.9,0.945
30.9,0.945
30.9,0.945
30.9,0.945
30.9,0.945
30.9,0.945
30.9,0.945
30.9,0.940
30.9,0.940
30.9,0.940
30.9,0.940
30.9,0.940
30.9,0.940
30.9,0.940
30.9,0.940
30.9,0.940
30.9,0.940
30.9,0.940
30.9,0.940
30.9,0.940
30.9,0.940
30.9,0.940
30.9,0.940
30.9,0.940
30.9,0.940
30.9,0.940
30.9,0.940
30.9,0.940
30.9,0.935
30.9,0.935
30.9,0.935
30.9,0.935
30.9,0.935
30.9,0.935
30.9,0.935
30.9,0.935
30.9,0.935
30.9,0.935
30.9,0.935
30.9,0.935
30.9,0.935
30.9,0.935
30.9,0.935
30.9,0.935
30.9,0.935
30.9,0.935
30.9,0.935
30.9,0.935
30.9,0.935
30.9,0.935
30.9,0.930
31.0,0.930
31.0,0.930
31.0,0.930
31.0,0.930
31.0,0.930
31.0,0.930
31.0,0.930
31.0,0.930
31.0,0.930
31.0,0.930
31.0,0.930
31.0,0.930
31.0,0.930
31.0,0.930
30.9,0.930
30.9,0.930
30.9,0.930
30.9,0.930
30.9,0.930
30.9,0.930
30.9,0.930
30.9,0.930
30.9,0.930
30.9,0.925
30.9,0.925
30.9,0.925
30.9,0.925
30.9,0.925
30.9,0.925
30.9,0.925
30.9,0.925
30.9,0.925
30.9,0.925
30.9,0.925
30.9,0.925
30.9,0.925
30.9,0.925
30.9,0.925
30.9,0.925
30.9,0.925
30.9,0.925
31.0,0.925
31.0,0.925
31.0,0.925
31.0,0.925
31.0,0.925
31.0,0.920
31.0,0.920
31.0,0.920
31.0,0.920
31.0,0.920
31.0,0.920
31.0,0.920
31.0,0.920
31.0,0.920
31.0,0.920
31.0,0.920
31.0,0.920
31.0,0.920
31.0,0.920
31.0,0.920
31.0,0.920
31.0,0.920
31.0,0.920
31.0,0.920
31.0,0.920
31.0,0.920
31.0,0.920
31.0,0.920
31.0,0.920
31.0,0.915
31.0,0.915
31.0,0.915
31.0,0.915
31.0,0.915
31.0,0.915
31.0,0.915
31.0,0.915
31.0,0.915
31.0,0.915
31.0,0.915
31.0,0.915
31.0,0.915
31.0,0.915
31.0,0.915
31.0,0.915
31.0,0.915
31.0,0.915
31.0,0.915
31.0,0.915
31.0,0.915
31.0,0.915
31.0,0.910
31.0,0.910
31.0,0.910
31.0,0.910
31.0,0.910
31.0,0.910
31.0,0.910
31.0,0.910
31.0,0.910
31.0,0.910
30.9,0.910
30.9,0.910
30.9,0.910
31.0,0.910
31.0,0.910
31.0,0.910
31.0,0.910
31.0,0.910
31.0,0.910
31.0,0.910
31.0,0.910
31.0,0.910
31.0,0.910
31.0,0.910
31.0,0.905
31.0,0.905
31.0,0.905
30.9,0.905
30.9,0.905
30.9,0.905
30.9,0.905
30.9,0.905
30.9,0.905
30.9,0.905
30.9,0.905
31.0,0.905
31.0,0.905
31.0,0.905
31.0,0.905
31.0,0.905
31.0,0.905
31.0,0.905
31.0,0.905
31.0,0.905
31.0,0.905
31.0,0.905
31.0,0.905
31.0,0.905
31.0,0.900
31.0,0.900
31.0,0.900
31.0,0.900
31.0,0.900
31.0,0.900
31.0,0.900
31.0,0.900
31.0,0.900
31.0,0.900
31.0,0.900
31.0,0.900
31.0,0.900
31.0,0.900
31.0,0.900
31.0,0.900
31.0,0.900
31.0,0.900
31.0,0.900
31.0,0.900
31.0,0.900
31.0,0.900
31.0,0.900
31.0,0.900
31.0,0.895
31.0,0.895
31.0,0.895
31.0,0.895
31.0,0.895
31.0,0.895
31.0,0.895
31.0,0.895
31.0,0.895
31.0,0.895
31.0,0.895
31.0,0.895
31.0,0.895
31.0,0.895
31.0,0.895
31.0,0.895
31.0,0.895
31.0,0.895
31.0,0.895
31.0,0.895
31.0,0.895
31.0,0.895
31.0,0.895
31.0,0.890
31.0,0.890
31.0,0.890
31.0,0.890
31.0,0.890
31.0,0.890
31.0,0.890
31.0,0.890
31.0,0.890
31.0,0.890
31.0,0.890
31.0,0.890
31.0,0.890
31.0,0.890
31.0,0.890
30.9,0.890
30.9,0.890
30.9,0.890
30.9,0.890
30.9,0.890
30.9,0.890
30.9,0.890
30.9,0.890
30.9,0.890
30.9,0.885
30.9,0.885
30.9,0.885
30.9,0.885
30.9,0.885
30.9,0.885
30.9,0.885
30.8,0.885
30.8,0.885
30.8,0.885
30.8,0.885
30.8,0.885
30.8,0.885
30.8,0.885
30.8,0.885
30.8,0.885
30.8,0.885
30.9,0.885
30.9,0.885
30.9,0.885
30.9,0.885
30.9,0.885
30.9,0.885
30.9,0.885
30.9,0.885
30.9,0.880
30.9,0.880
30.9,0.880
30.9,0.880
30.9,0.880
30.9,0.880
30.9,0.880
30.9,0.880
30.9,0.880
30.9,0.880
30.9,0.880
30.9,0.880
30.9,0.880
30.9,0.880
30.9,0.880
30.9,0.880
30.9,0.880
30.9,0.880
30.9,0.880
30.9,0.880
30.9,0.880
30.9,0.880
30.9,0.880
30.9,0.875
30.9,0.875
30.9,0.875
30.9,0.875
30.9,0.875
30.9,0.875
30.9,0.875
30.9,0.875
30.9,0.875
30.9,0.875
30.9,0.875
30.9,0.875
30.9,0.875
30.9,0.875
30.9,0.875
30.9,0.875
30.9,0.875
30.9,0.875
30.9,0.875
30.9,0.875
31.0,0.875
31.0,0.875
31.0,0.875
31.0,0.875
31.0,0.875
31.0,0.875
31.0,0.870
30.9,0.870
30.9,0.870
30.9,0.870
30.9,0.870
30.9,0.870
30.9,0.870
30.9,0.870
30.9,0.870
30.9,0.870
30.9,0.870
30.9,0.870
30.9,0.870
30.9,0.870
30.9,0.870
30.9,0.870
30.9,0.870
30.9,0.870
30.9,0.870
30.9,0.870
30.9,0.870
30.9,0.870
30.9,0.870
30.9,0.870
30.9,0.870
30.9,0.870
30.9,0.870
30.9,0.870
30.9,0.865
30.9,0.865
30.9,0.865
30.9,0.865
30.9,0.865
30.9,0.865
30.9,0.865
30.9,0.865
30.9,0.865
30.9,0.865
30.9,0.865
30.9,0.865
30.9,0.865
30.9,0.865
30.9,0.865
30.9,0.865
30.9,0.865
30.9,0.865
30.9,0.865
30.9,0.865
30.9,0.865
30.9,0.865
30.9,0.865
30.9,0.865
30.9,0.865
30.9,0.865
30.9,0.865
30.9,0.865
30.9,0.865
30.9,0.865
30.9,0.860
30.9,0.860
30.9,0.860
30.9,0.860
30.9,0.860
30.9,0.860
30.9,0.860
31.0,0.860
31.0,0.860
31.0,0.860
31.0,0.860
31.0,0.860
31.0,0.860
31.0,0.860
31.0,0.860
31.0,0.860
31.0,0.860
31.0,0.860
31.0,0.860
31.0,0.860
31.0,0.860
30.9,0.860
30.9,0.860
30.9,0.860
30.9,0.860
30.9,0.860
30.9,0.860
30.9,0.860
30.9,0.860
30.9,0.855
30.9,0.855
30.9,0.855
30.9,0.855
30.9,0.855
30.9,0.855
30.9,0.855
30.9,0.855
30.9,0.855
30.9,0.855
30.9,0.855
30.9,0.855
30.9,0.855
30.9,0.855
30.9,0.855
30.9,0.855
30.9,0.855
30.9,0.855
30.9,0.855
30.9,0.855
30.9,0.855
30.9,0.855
30.9,0.855
30.9,0.855
30.9,0.855
30.9,0.855
30.9,0.855
30.9,0.855
30.9,0.855
30.9,0.855
30.9,0.855
30.9,0.850
30.9,0.850
30.9,0.850
30.9,0.850
30.9,0.850
30.9,0.850
30.9,0.850
30.9,0.850
30.9,0.850
30.9,0.850
30.9,0.850
30.9,0.850
30.9,0.850
30.9,0.850
30.9,0.850
30.9,0.850
30.9,0.850
30.9,0.850
30.9,0.850
30.9,0.850
30.9,0.850
30.9,0.850
30.9,0.850
30.9,0.850
30.9,0.850
30.9,0.850
30.9,0.850
30.9,0.850
30.9,0.850
30.9,0.850
30.9,0.850
30.9,0.850
30.9,0.850
30.9,0.850
30.9,0.845
30.9,0.845
30.9,0.845
30.9,0.845
30.9,0.845
30.9,0.845
30.9,0.845
30.9,0.845
30.9,0.845
30.9,0.845
30.9,0.845
30.9,0.845
30.9,0.845
30.9,0.845
30.9,0.845
30.9,0.845
30.9,0.845
30.9,0.845
30.9,0.845
30.9,0.845
30.9,0.845
30.8,0.845
30.8,0.845
30.8,0.845
30.8,0.845
30.8,0.845
30.8,0.845
30.8,0.845
30.8,0.845
30.8,0.845
30.8,0.845
30.8,0.845
30.8,0.845
30.8,0.845
30.9,0.845
30.9,0.840
30.9,0.840
30.9,0.840
30.9,0.840
30.9,0.840
30.9,0.840
30.9,0.840
30.9,0.840
30.9,0.840
30.9,0.840
30.9,0.840
30.9,0.840
30.9,0.840
30.9,0.840
30.9,0.840
30.9,0.840
30.9,0.840
30.9,0.840
30.9,0.840
30.9,0.840
30.9,0.840
30.9,0.840
30.9,0.840
30.9,0.840
30.9,0.840
30.9,0.840
30.9,0.840
30.9,0.840
30.9,0.840
30.8,0.840
30.8,0.840
30.8,0.840
30.8,0.840
30.8,0.840
30.8,0.840
30.8,0.840
30.8,0.840
30.8,0.835
30.8,0.835
30.8,0.835
30.8,0.835
30.8,0.835
30.8,0.835
30.8,0.835
30.8,0.835
30.8,0.835
30.8,0.835
30.8,0.835
30.8,0.835
30.8,0.835
30.8,0.835
30.8,0.835
30.8,0.835
30.8,0.835
30.8,0.835
30.8,0.835
30.8,0.835
30.8,0.835
30.8,0.835
30.8,0.835
30.8,0.835
30.8,0.835
30.8,0.835
30.9,0.835
30.9,0.835
30.9,0.835
30.9,0.835
30.9,0.835
30.9,0.835
30.9,0.835
30.9,0.835
30.9,0.835
30.9,0.835
30.9,0.830
30.9,0.830
30.9,0.830
30.9,0.830
30.9,0.830
30.9,0.830
30.9,0.830
30.9,0.830
30.9,0.830
30.9,0.830
30.9,0.830
30.9,0.830
30.9,0.830
30.9,0.830
30.9,0.830
30.9,0.830
30.9,0.830
30.9,0.830
30.9,0.830
30.9,0.830
30.9,0.830
30.9,0.830
30.9,0.830
30.8,0.830
30.8,0.830
30.8,0.830
30.8,0.830
30.8,0.830
30.8,0.830
30.8,0.830
30.8,0.830
30.8,0.830
30.8,0.830
30.8,0.830
30.8,0.830
30.8,0.830
30.8,0.830
30.8,0.830
30.7,0.825
30.7,0.825
30.7,0.825
30.7,0.825
30.7,0.825
30.7,0.825
30.7,0.825
30.7,0.825
30.7,0.825
30.7,0.825
30.7,0.825
30.8,0.825
30.8,0.825
30.8,0.825
30.8,0.825
30.8,0.825
30.8,0.825
30.8,0.825
30.8,0.825
30.8,0.825
30.8,0.825
30.8,0.825
30.8,0.825
30.8,0.825
30.8,0.825
30.8,0.825
30.8,0.825
30.8,0.825
30.8,0.825
30.8,0.825
30.8,0.825
30.8,0.825
30.8,0.825
30.8,0.825
30.8,0.825
30.8,0.825
30.8,0.825
30.8,0.825
30.8,0.820
30.8,0.820
30.8,0.820
30.8,0.820
30.8,0.820
30.8,0.820
30.8,0.820
30.8,0.820
30.8,0.820
30.8,0.820
30.8,0.820
30.8,0.820
30.8,0.820
30.8,0.820
30.8,0.820
30.8,0.820
30.8,0.820
30.8,0.820
30.8,0.820
30.8,0.820
30.8,0.820
30.8,0.820
30.8,0.820
30.8,0.820
30.8,0.820
30.8,0.820
30.8,0.820
30.8,0.820
30.8,0.820
30.8,0.820
30.8,0.820
30.8,0.820
30.8,0.820
30.8,0.820
30.8,0.820
30.8,0.820
30.8,0.820
30.8,0.815
30.8,0.815
30.8,0.815
30.8,0.815
30.8,0.815
30.8,0.815
30.8,0.815
30.8,0.815
30.8,0.815
30.8,0.815
30.8,0.815
30.8,0.815
30.8,0.815
30.7,0.815
30.7,0.815
30.7,0.815
30.7,0.815
30.7,0.815
30.7,0.815
30.7,0.815
30.7,0.815
30.7,0.815
30.7,0.815
30.7,0.815
30.7,0.815
30.7,0.815
30.7,0.815
30.7,0.815
30.7,0.815
30.7,0.815
30.7,0.815
30.7,0.815
30.7,0.815
30.7,0.815
30.7,0.810
30.7,0.810
30.7,0.810
30.7,0.810
30.7,0.810
30.7,0.810
30.7,0.810
30.7,0.810
30.7,0.810
30.7,0.810
30.7,0.810
30.7,0.810
30.7,0.810
30.7,0.810
30.7,0.810
30.7,0.810
30.7,0.810
30.7,0.810
30.7,0.810
30.7,0.810
30.7,0.810
30.7,0.810
30.7,0.810
30.7,0.810
30.7,0.810
30.7,0.810
30.7,0.810
30.7,0.810
30.7,0.810
30.7,0.810
30.7,0.810
30.7,0.810
30.7,0.810
30.7,0.810
30.7,0.810
30.7,0.810
30.7,0.810
30.7,0.805
30.7,0.805
30.7,0.805
30.7,0.805
30.7,0.805
30.7,0.805
30.7,0.805
30.7,0.805
30.7,0.805
30.7,0.805
30.7,0.805
30.7,0.805
30.7,0.805
30.7,0.805
30.7,0.805
30.7,0.805
30.7,0.805
30.7,0.805
30.7,0.805
30.7,0.805
30.7,0.805
30.7,0.805
30.7,0.805
30.7,0.805
30.7,0.805
30.7,0.805
30.7,0.805
30.7,0.805
30.7,0.805
30.7,0.805
30.7,0.805
30.7,0.805
30.7,0.805
30.7,0.805
30.7,0.805
30.7,0.805
30.7,0.805
30.7,0.805
30.7,0.800
30.7,0.800
30.7,0.800
30.7,0.800
30.7,0.800
30.7,0.800
30.7,0.800
30.6,0.800
30.6,0.800
30.6,0.800
30.6,0.800
30.6,0.800
30.6,0.800
30.6,0.800
30.6,0.800
30.6,0.800
30.6,0.800
30.7,0.800
30.7,0.800
30.7,0.800
30.7,0.800
30.7,0.800
30.7,0.800
30.7,0.800
30.7,0.800
30.7,0.800
30.7,0.800
30.7,0.800
30.7,0.800
30.7,0.800
30.7,0.800
30.7,0.800
30.7,0.795
30.7,0.795
30.7,0.795
30.7,0.795
30.7,0.795
30.7,0.795
30.7,0.795
30.7,0.795
30.7,0.795
30.7,0.795
30.7,0.795
30.7,0.795
30.7,0.795
30.7,0.795
30.7,0.795
30.7,0.795
30.7,0.795
30.7,0.795
30.7,0.795
30.7,0.795
30.7,0.795
30.7,0.795
30.7,0.795
30.7,0.795
30.7,0.795
30.7,0.795
30.7,0.795
30.7,0.795
30.7,0.795
30.7,0.795
30.7,0.795
30.7,0.795
30.7,0.795
30.7,0.790
30.7,0.790
30.7,0.790
30.7,0.790
30.7,0.790
30.7,0.790
30.7,0.790
30.7,0.790
30.7,0.790
30.7,0.790
30.7,0.790
30.7,0.790
30.7,0.790
30.7,0.790
30.7,0.790
30.7,0.790
30.7,0.790
30.7,0.790
30.7,0.790
30.7,0.790
30.7,0.790
30.7,0.790
30.6,0.790
30.6,0.790
30.6,0.790
30.6,0.790
30.6,0.790
30.6,0.790
30.6,0.790
30.6,0.790
30.6,0.790
30.6,0.790
30.6,0.790
30.6,0.790
30.6,0.785
30.6,0.785
30.6,0.785
30.6,0.785
30.6,0.785
30.6,0.785
30.6,0.785
30.6,0.785
30.6,0.785
30.6,0.785
30.6,0.785
30.6,0.785
30.6,0.785
30.6,0.785
30.6,0.785
30.6,0.785
30.6,0.785
30.6,0.785
30.6,0.785
30.6,0.785
30.6,0.785
30.6,0.785
30.6,0.785
30.6,0.785
30.6,0.785
30.6,0.785
30.6,0.785
30.6,0.785
30.6,0.785
30.6,0.785
30.6,0.785
30.6,0.785
30.6,0.785
30.6,0.785
30.6,0.780
30.6,0.780
30.6,0.780
30.6,0.780
30.6,0.780
30.6,0.780
30.6,0.780
30.6,0.780
30.6,0.780
30.6,0.780
30.6,0.780
30.6,0.780
30.6,0.780
30.6,0.780
30.6,0.780
30.6,0.780
30.6,0.780
30.6,0.780
30.6,0.780
30.6,0.780
30.6,0.780
30.6,0.780
30.6,0.780
30.6,0.780
30.6,0.780
30.6,0.780
30.6,0.780
30.6,0.780
30.6,0.780
30.6,0.780
30.6,0.780
30.6,0.780
30.6,0.780
30.6,0.775
30.6,0.775
30.6,0.775
30.6,0.775
30.6,0.775
30.6,0.775
30.6,0.775
30.6,0.775
30.6,0.775
30.6,0.775
30.6,0.775
30.6,0.775
30.6,0.775
30.6,0.775
30.6,0.775
30.6,0.775
30.6,0.775
30.6,0.775
30.6,0.775
30.6,0.775
30.6,0.775
30.6,0.775
30.6,0.775
30.6,0.775
30.6,0.775
30.6,0.775
30.6,0.775
30.6,0.775
30.6,0.775
30.6,0.775
30.6,0.775
30.6,0.775
30.6,0.775
30.6,0.775
30.5,0.775
30.5,0.770
30.5,0.770
30.5,0.770
30.5,0.770
30.5,0.770
30.5,0.770
30.6,0.770
30.6,0.770
30.6,0.770
30.6,0.770
30.6,0.770
30.6,0.770
30.6,0.770
30.6,0.770
30.6,0.770
30.6,0.770
30.6,0.770
30.6,0.770
30.6,0.770
30.6,0.770
30.6,0.770
30.6,0.770
30.6,0.770
30.6,0.770
30.6,0.770
30.6,0.770
30.5,0.770
30.5,0.770
30.5,0.770
30.5,0.770
30.5,0.770
30.5,0.770
30.5,0.770
30.5,0.770
30.5,0.770
30.5,0.770
30.5,0.770
30.5,0.765
30.5,0.765
30.5,0.765
30.5,0.765
30.5,0.765
30.5,0.765
30.5,0.765
30.5,0.765
30.5,0.765
30.5,0.765
30.5,0.765
30.5,0.765
30.5,0.765
30.5,0.765
30.5,0.765
30.5,0.765
30.5,0.765
30.5,0.765
30.5,0.765
30.5,0.765
30.5,0.765
30.5,0.765
30.5,0.765
30.5,0.765
30.5,0.765
30.5,0.765
30.5,0.765
30.5,0.765
30.5,0.765
30.5,0.765
30.5,0.765
30.5,0.765
30.5,0.765
30.5,0.765
30.5,0.765
30.5,0.765
30.5,0.765
30.5,0.765
30.5,0.765
30.5,0.760
30.5,0.760
30.5,0.760
30.5,0.760
30.5,0.760
30.5,0.760
30.5,0.760
30.5,0.760
30.5,0.760
30.5,0.760
30.5,0.760
30.5,0.760
30.5,0.760
30.5,0.760
30.5,0.760
30.5,0.760
30.5,0.760
30.5,0.760
30.5,0.760
30.5,0.760
30.5,0.760
30.5,0.760
30.5,0.760
30.5,0.760
30.5,0.760
30.5,0.760
30.5,0.760
30.5,0.760
30.5,0.760
30.5,0.760
30.5,0.760
30.5,0.760
30.5,0.760
30.5,0.760
30.5,0.760
30.5,0.760
30.5,0.760
30.5,0.760
30.5,0.760
30.5,0.760
30.5,0.755
30.5,0.755
30.5,0.755
30.5,0.755
30.5,0.755
30.5,0.755
30.5,0.755
30.5,0.755
30.5,0.755
30.5,0.755
30.5,0.755
30.5,0.755
30.5,0.755
30.5,0.755
30.5,0.755
30.5,0.755
30.5,0.755
30.5,0.755
30.5,0.755
30.5,0.755
30.5,0.755
30.5,0.755
30.5,0.755
30.5,0.755
30.5,0.755
30.5,0.755
30.5,0.755
30.5,0.755
30.5,0.755
30.5,0.755
30.5,0.755
30.5,0.755
30.5,0.755
30.5,0.755
30.5,0.755
30.5,0.755
30.5,0.750
30.5,0.750
30.5,0.750
30.5,0.750
30.5,0.750
30.5,0.750
30.5,0.750
30.5,0.750
30.5,0.750
30.5,0.750
30.5,0.750
30.5,0.750
30.5,0.750
30.5,0.750
30.5,0.750
30.5,0.750
30.5,0.750
30.5,0.750
30.5,0.750
30.5,0.750
30.5,0.750
30.5,0.750
30.4,0.750
30.4,0.750
30.4,0.750
30.4,0.750
30.4,0.750
30.4,0.750
30.4,0.750
30.4,0.750
30.4,0.750
30.4,0.750
30.4,0.750
30.4,0.750
30.4,0.750
30.4,0.750
30.4,0.750
30.4,0.750
30.5,0.750
30.5,0.750
30.5,0.750
30.5,0.745
30.5,0.745
30.5,0.745
30.5,0.745
30.5,0.745
30.5,0.745
30.5,0.745
30.5,0.745
30.5,0.745
30.5,0.745
30.5,0.745
30.5,0.745
30.5,0.745
30.5,0.745
30.5,0.745
30.5,0.745
30.5,0.745
30.5,0.745
30.5,0.745
30.5,0.745
30.5,0.745
30.5,0.745
30.5,0.745
30.5,0.745
30.5,0.745
30.5,0.745
30.5,0.745
30.5,0.745
30.5,0.745
30.5,0.745
30.5,0.745
30.5,0.745
30.5,0.745
30.5,0.745
30.5,0.745
30.5,0.745
30.5,0.745
30.5,0.745
30.5,0.745
30.5,0.745
30.5,0.745
30.5,0.745
30.5,0.745
30.5,0.745
30.5,0.740
30.5,0.740
30.5,0.740
30.5,0.740
30.5,0.740
30.5,0.740
30.5,0.740
30.5,0.740
30.5,0.740
30.5,0.740
30.5,0.740
30.5,0.740
30.5,0.740
30.5,0.740
30.5,0.740
30.5,0.740
30.5,0.740
30.5,0.740
30.5,0.740
30.5,0.740
30.5,0.740
30.5,0.740
30.5,0.740
30.5,0.740
30.5,0.740
30.5,0.740
30.5,0.740
30.5,0.740
30.5,0.740
30.6,0.740
30.6,0.740
30.6,0.740
30.6,0.740
30.6,0.740
30.6,0.740
30.6,0.740
30.6,0.740
30.6,0.740
30.6,0.740
30.6,0.740
30.6,0.740
30.6,0.740
30.6,0.740
30.6,0.740
30.6,0.740
30.5,0.740
30.5,0.740
30.5,0.735
30.5,0.735
30.5,0.735
30.5,0.735
30.5,0.735
30.5,0.735
30.5,0.735
30.5,0.735
30.5,0.735
30.5,0.735
30.5,0.735
30.5,0.735
30.5,0.735
30.5,0.735
30.5,0.735
30.5,0.735
30.5,0.735
30.5,0.735
30.5,0.735
30.5,0.735
30.4,0.735
30.4,0.735
30.4,0.735
30.4,0.735
30.4,0.735
30.4,0.735
30.4,0.735
30.4,0.735
30.4,0.735
30.4,0.735
30.4,0.735
30.4,0.735
30.4,0.735
30.4,0.735
30.4,0.735
30.4,0.735
30.4,0.735
30.4,0.735
30.4,0.735
30.4,0.735
30.4,0.735
30.4,0.735
30.5,0.735
30.5,0.735
30.5,0.735
30.5,0.735
30.5,0.730
30.5,0.730
30.5,0.730
30.5,0.730
30.4,0.730
30.4,0.730
30.4,0.730
30.4,0.730
30.4,0.730
30.4,0.730
30.4,0.730
30.4,0.730
30.4,0.730
30.4,0.730
30.4,0.730
30.4,0.730
30.4,0.730
30.4,0.730
30.4,0.730
30.4,0.730
30.4,0.730
30.4,0.730
30.4,0.730
30.4,0.730
30.4,0.730
30.4,0.730
30.4,0.730
30.4,0.730
30.4,0.730
30.4,0.730
30.4,0.730
30.4,0.730
30.4,0.730
30.4,0.730
30.4,0.730
30.4,0.730
30.4,0.730
30.4,0.730
30.4,0.730
30.4,0.730
30.4,0.730
30.4,0.730
30.4,0.730
30.4,0.730
30.4,0.725
30.4,0.725
30.4,0.725
30.4,0.725
30.4,0.725
30.4,0.725
30.4,0.725
30.4,0.725
30.4,0.725
30.4,0.725
30.4,0.725
30.4,0.725
30.4,0.725
30.4,0.725
30.4,0.725
30.4,0.725
30.4,0.725
30.4,0.725
30.4,0.725
30.4,0.725
30.4,0.725
30.4,0.725
30.4,0.725
30.4,0.725
30.4,0.725
30.4,0.725
30.4,0.725
30.4,0.725
30.4,0.725
30.4,0.725
30.4,0.725
30.4,0.725
30.4,0.725
30.4,0.725
30.4,0.725
30.4,0.725
30.4,0.725
30.4,0.725
30.4,0.725
30.4,0.725
30.4,0.725
30.4,0.725
30.4,0.725
30.4,0.725
30.4,0.720
30.4,0.720
30.4,0.720
30.4,0.720
30.4,0.720
30.4,0.720
30.4,0.720
30.4,0.720
30.4,0.720
30.4,0.720
30.4,0.720
30.4,0.720
30.4,0.720
30.4,0.720
30.4,0.720
30.4,0.720
30.4,0.720
30.4,0.720
30.4,0.720
30.4,0.720
30.4,0.720
30.4,0.720
30.4,0.720
30.4,0.720
30.4,0.720
30.4,0.720
30.4,0.720
30.4,0.720
30.4,0.720
30.4,0.720
30.4,0.720
30.4,0.720
30.4,0.720
30.4,0.720
30.3,0.720
30.3,0.720
30.3,0.720
30.3,0.720
30.3,0.720
30.3,0.720
30.3,0.720
30.3,0.715
30.3,0.715
30.3,0.715
30.3,0.715
30.3,0.715
30.3,0.715
30.3,0.715
30.3,0.715
30.3,0.715
30.3,0.715
30.3,0.715
30.3,0.715
30.3,0.715
30.3,0.715
30.3,0.715
30.3,0.715
30.3,0.715
30.3,0.715
30.3,0.715
30.3,0.715
30.3,0.715
30.3,0.715
30.3,0.715
30.3,0.715
30.3,0.715
30.3,0.715
30.3,0.715
30.3,0.715
30.3,0.715
30.3,0.715
30.3,0.715
30.3,0.715
30.3,0.715
30.3,0.715
30.3,0.715
30.4,0.715
30.4,0.715
30.4,0.715
30.4,0.715
30.4,0.715
30.4,0.715
30.4,0.715
30.4,0.715
30.4,0.710
30.3,0.710
30.3,0.710
30.3,0.710
30.3,0.710
30.3,0.710
30.3,0.710
30.4,0.710
30.4,0.710
30.4,0.710
30.4,0.710
30.4,0.710
30.4,0.710
30.4,0.710
30.4,0.710
30.4,0.710
30.4,0.710
30.4,0.710
30.4,0.710
30.4,0.710
30.4,0.710
30.4,0.710
30.4,0.710
30.4,0.710
30.4,0.710
30.4,0.710
30.4,0.710
30.4,0.710
30.4,0.710
30.4,0.710
30.3,0.710
30.3,0.710
30.3,0.710
30.3,0.710
30.3,0.710
30.3,0.710
30.3,0.710
30.3,0.710
30.3,0.710
30.3,0.710
30.3,0.710
30.3,0.710
30.3,0.710
30.3,0.710
30.3,0.710
30.3,0.705
30.3,0.705
30.3,0.705
30.3,0.705
30.3,0.705
30.3,0.705
30.3,0.705
30.3,0.705
30.3,0.705
30.3,0.705
30.3,0.705
30.3,0.705
30.3,0.705
30.3,0.705
30.3,0.705
30.3,0.705
30.3,0.705
30.3,0.705
30.3,0.705
30.3,0.705
30.3,0.705
30.3,0.705
30.3,0.705
30.4,0.705
30.4,0.705
30.4,0.705
30.4,0.705
30.4,0.705
30.4,0.705
30.4,0.705
30.4,0.705
30.4,0.705
30.4,0.705
30.4,0.705
30.4,0.705
30.4,0.705
30.4,0.705
30.4,0.705
30.4,0.705
30.4,0.705
30.4,0.705
30.4,0.705
30.4,0.705
30.4,0.705
30.4,0.705
30.4,0.700
30.4,0.700
30.4,0.700
30.4,0.700
30.4,0.700
30.4,0.700
30.4,0.700
30.4,0.700
30.4,0.700
30.4,0.700
30.4,0.700
30.4,0.700
30.4,0.700
30.4,0.700
30.4,0.700
30.4,0.700
30.4,0.700
30.4,0.700
30.4,0.700
30.3,0.700
30.3,0.700
30.3,0.700
30.3,0.700
30.3,0.700
30.3,0.700
30.3,0.700
30.3,0.700
30.3,0.700
30.3,0.700
30.3,0.700
30.3,0.700
30.3,0.700
30.3,0.700
30.3,0.700
30.3,0.700
30.3,0.700
30.3,0.700
30.3,0.700
30.3,0.700
30.3,0.700
30.3,0.700
30.3,0.700
30.3,0.700
30.3,0.700
30.3,0.700
30.3,0.695
30.3,0.695
30.3,0.695
30.3,0.695
30.3,0.695
30.3,0.695
30.3,0.695
30.3,0.695
30.3,0.695
30.3,0.695
30.3,0.695
30.4,0.695
30.4,0.695
30.4,0.695
30.4,0.695
30.4,0.695
30.4,0.695
30.4,0.695
30.4,0.695
30.4,0.695
30.4,0.695
30.4,0.695
30.4,0.695
30.4,0.695
30.4,0.695
30.4,0.695
30.4,0.695
30.4,0.695
30.4,0.695
30.4,0.695
30.4,0.695
30.4,0.695
30.4,0.695
30.4,0.695
30.4,0.695
30.4,0.695
30.4,0.695
30.4,0.695
30.4,0.695
30.4,0.695
30.4,0.695
30.4,0.695
30.3,0.695
30.3,0.695
30.3,0.695
30.3,0.695
30.3,0.695
30.3,0.695
30.3,0.695
30.3,0.695
30.3,0.690
30.3,0.690
30.3,0.690
30.3,0.690
30.3,0.690
30.3,0.690
30.3,0.690
30.3,0.690
30.3,0.690
30.3,0.690
30.3,0.690
30.3,0.690
30.4,0.690
30.4,0.690
30.4,0.690
30.4,0.690
30.4,0.690
30.3,0.690
30.3,0.690
30.3,0.690
30.3,0.690
30.3,0.690
30.3,0.690
30.3,0.690
30.3,0.690
30.3,0.690
30.3,0.690
30.3,0.690
30.3,0.690
30.3,0.690
30.3,0.690
30.3,0.690
30.3,0.690
30.3,0.690
30.3,0.690
30.3,0.690
30.3,0.690
30.3,0.690
30.3,0.690
30.3,0.690
30.3,0.690
30.3,0.690
30.3,0.690
30.3,0.690
30.3,0.690
30.3,0.690
30.3,0.690
30.3,0.690
30.3,0.690
30.3,0.690
30.3,0.690
30.3,0.690
30.3,0.690
30.3,0.690
30.3,0.690
30.3,0.690
30.3,0.690
30.3,0.690
30.3,0.685
30.3,0.685
30.3,0.685
30.3,0.685
30.3,0.685
30.3,0.685
30.3,0.685
30.3,0.685
30.3,0.685
30.3,0.685
30.3,0.685
30.3,0.685
30.3,0.685
30.3,0.685
30.3,0.685
30.3,0.685
30.3,0.685
30.3,0.685
30.3,0.685
30.3,0.685
30.3,0.685
30.3,0.685
30.3,0.685
30.3,0.685
30.3,0.685
30.3,0.685
30.3,0.685
30.3,0.685
30.3,0.685
30.3,0.685
30.3,0.685
30.3,0.685
30.3,0.685
30.3,0.685
30.3,0.685
30.3,0.685
30.3,0.685
30.3,0.685
30.3,0.685
30.3,0.685
30.3,0.685
30.3,0.685
30.3,0.685
30.3,0.685
30.3,0.685
30.3,0.685
30.3,0.685
30.3,0.685
30.3,0.685
30.3,0.685
30.3,0.685
30.3,0.685
30.3,0.685
30.3,0.685
30.3,0.685
30.3,0.685
30.3,0.680
30.3,0.680
30.3,0.680
30.3,0.680
30.3,0.680
30.3,0.680
30.3,0.680
30.3,0.680
30.3,0.680
30.3,0.680
30.3,0.680
30.3,0.680
30.3,0.680
30.3,0.680
30.3,0.680
30.3,0.680
30.3,0.680
30.3,0.680
30.3,0.680
30.3,0.680
30.3,0.680
30.3,0.680
30.3,0.680
30.3,0.680
30.3,0.680
30.3,0.680
30.3,0.680
30.3,0.680
30.3,0.680
30.3,0.680
30.3,0.680
30.3,0.680
30.3,0.680
30.3,0.680
30.3,0.680
30.3,0.680
30.3,0.680
30.3,0.680
30.3,0.680
30.3,0.680
30.3,0.680
30.3,0.680
30.3,0.680
30.3,0.680
30.3,0.680
30.3,0.680
30.3,0.680
30.3,0.680
30.3,0.680
30.3,0.680
30.3,0.680
30.3,0.680
30.3,0.680
30.3,0.680
30.3,0.680
30.3,0.675
30.3,0.675
30.3,0.675
30.3,0.675
30.3,0.675
30.3,0.675
30.3,0.675
30.3,0.675
30.3,0.675
30.3,0.675
30.3,0.675
30.3,0.675
30.3,0.675
30.2,0.675
30.2,0.675
30.2,0.675
30.2,0.675
30.2,0.675
30.2,0.675
30.2,0.675
30.2,0.675
30.2,0.675
30.2,0.675
30.2,0.675
30.2,0.675
30.2,0.675
30.2,0.675
30.2,0.675
30.2,0.675
30.2,0.675
30.2,0.675
30.2,0.675
30.2,0.675
30.2,0.675
30.2,0.675
30.2,0.675
30.2,0.675
30.2,0.675
30.2,0.675
30.2,0.675
30.2,0.675
30.2,0.675
30.2,0.675
30.2,0.675
30.2,0.675
30.2,0.675
30.2,0.675
30.2,0.675
30.2,0.675
30.2,0.675
30.2,0.675
30.2,0.670
30.2,0.670
30.2,0.670
30.2,0.670
30.2,0.670
30.2,0.670
30.2,0.670
30.2,0.670
30.2,0.670
30.2,0.670
30.2,0.670
30.2,0.670
30.2,0.670
30.2,0.670
30.2,0.670
30.2,0.670
30.3,0.670
30.3,0.670
30.3,0.670
30.3,0.670
30.3,0.670
30.3,0.670
30.3,0.670
30.3,0.670
30.3,0.670
30.3,0.670
30.3,0.670
30.3,0.670
30.3,0.670
30.3,0.670
30.3,0.670
30.2,0.670
30.2,0.670
30.2,0.670
30.2,0.670
30.2,0.670
30.2,0.670
30.2,0.670
30.2,0.670
30.2,0.670
30.2,0.670
30.2,0.670
30.2,0.670
30.2,0.670
30.2,0.670
30.2,0.670
30.2,0.670
30.2,0.670
30.2,0.670
30.2,0.670
30.2,0.670
30.2,0.670
30.2,0.670
30.2,0.670
30.2,0.670
30.2,0.670
30.2,0.665
30.2,0.665
30.2,0.665
30.2,0.665
30.2,0.665
30.2,0.665
30.2,0.665
30.2,0.665
30.2,0.665
30.2,0.665
30.2,0.665
30.2,0.665
30.2,0.665
30.2,0.665
30.2,0.665
30.2,0.665
30.2,0.665
30.2,0.665
30.2,0.665
30.2,0.665
30.2,0.665
30.2,0.665
30.2,0.665
30.2,0.665
30.2,0.665
30.2,0.665
30.2,0.665
30.2,0.665
30.2,0.665
30.2,0.665
30.2,0.665
30.2,0.665
30.2,0.665
30.2,0.665
30.2,0.665
30.2,0.665
30.2,0.665
30.2,0.665
30.2,0.665
30.2,0.665
30.2,0.665
30.2,0.665
30.2,0.665
30.2,0.665
30.2,0.665
30.2,0.665
30.2,0.665
30.2,0.665
30.2,0.665
30.2,0.665
30.2,0.665
30.2,0.665
30.2,0.660
30.2,0.660
30.2,0.660
30.2,0.660
30.2,0.660
30.2,0.660
30.2,0.660
30.2,0.660
30.2,0.660
30.2,0.660
30.2,0.660
30.2,0.660
30.2,0.660
30.2,0.660
30.2,0.660
30.2,0.660
30.2,0.660
30.2,0.660
30.2,0.660
30.2,0.660
30.2,0.660
30.2,0.660
30.2,0.660
30.2,0.660
30.2,0.660
30.2,0.660
30.2,0.660
30.2,0.660
30.2,0.660
30.2,0.660
30.2,0.660
30.2,0.660
30.2,0.660
30.2,0.660
30.2,0.660
30.2,0.660
30.2,0.660
30.2,0.660
30.2,0.660
30.2,0.660
30.2,0.660
30.2,0.660
30.2,0.660
30.2,0.660
30.2,0.660
30.2,0.660
30.2,0.660
30.2,0.660
30.2,0.660
30.2,0.660
30.2,0.655
30.2,0.655
30.2,0.655
30.2,0.655
30.2,0.655
30.2,0.655
30.2,0.655
30.2,0.655
30.2,0.655
30.2,0.655
30.2,0.655
30.2,0.655
30.2,0.655
30.2,0.655
30.2,0.655
30.2,0.655
30.2,0.655
30.2,0.655
30.2,0.655
30.2,0.655
30.2,0.655
30.2,0.655
30.2,0.655
30.2,0.655
30.2,0.655
30.2,0.655
30.2,0.655
30.2,0.655
30.2,0.655
30.2,0.655
30.2,0.655
30.2,0.655
30.2,0.655
30.2,0.655
30.2,0.655
30.2,0.655
30.2,0.655
30.2,0.655
30.2,0.655
30.2,0.655
30.2,0.655
30.2,0.655
30.2,0.655
30.2,0.655
30.2,0.655
30.2,0.655
30.2,0.655
30.2,0.655
30.2,0.655
30.2,0.655
30.2,0.650
30.2,0.650
30.2,0.650
30.2,0.650
30.2,0.650
30.2,0.650
30.2,0.650
30.2,0.650
30.2,0.650
30.2,0.650
30.2,0.650
30.2,0.650
30.2,0.650
30.2,0.650
30.2,0.650
30.2,0.650
30.2,0.650
30.2,0.650
30.2,0.650
30.2,0.650
30.2,0.650
30.2,0.650
30.2,0.650
30.2,0.650
30.3,0.650
30.3,0.650
30.3,0.650
30.3,0.650
30.3,0.650
30.3,0.650
30.3,0.650
30.3,0.650
30.3,0.650
30.3,0.650
30.3,0.650
30.2,0.650
30.2,0.650
30.2,0.650
30.2,0.650
30.2,0.650
30.2,0.650
30.2,0.650
30.2,0.650
30.2,0.650
30.2,0.650
30.2,0.650
30.2,0.650
30.2,0.650
30.2,0.650
30.2,0.650
30.2,0.650
30.2,0.650
30.2,0.650
30.2,0.650
30.2,0.650
30.2,0.650
30.2,0.645
30.2,0.645
30.2,0.645
30.2,0.645
30.2,0.645
30.2,0.645
30.2,0.645
30.2,0.645
30.2,0.645
30.2,0.645
30.2,0.645
30.2,0.645
30.2,0.645
30.2,0.645
30.2,0.645
30.2,0.645
30.2,0.645
30.2,0.645
30.2,0.645
30.2,0.645
30.2,0.645
30.2,0.645
30.2,0.645
30.2,0.645
30.2,0.645
30.2,0.645
30.2,0.645
30.2,0.645
30.2,0.645
30.2,0.645
30.2,0.645
30.2,0.645
30.2,0.645
30.2,0.645
30.2,0.645
30.2,0.645
30.2,0.645
30.2,0.645
30.2,0.645
30.2,0.645
30.2,0.645
30.2,0.645
30.2,0.645
30.2,0.645
30.2,0.645
30.2,0.645
30.2,0.645
30.2,0.645
30.2,0.645
30.2,0.645
30.2,0.645
30.2,0.645
30.2,0.645
30.2,0.645
30.2,0.645
30.2,0.645
30.2,0.645
30.2,0.645
30.2,0.645
30.2,0.645
30.2,0.645
30.2,0.645
30.2,0.645
30.2,0.645
30.2,0.645
30.2,0.645
30.2,0.645
30.2,0.645
30.2,0.645
30.2,0.645
30.2,0.640
30.2,0.640
30.2,0.640
30.2,0.640
30.2,0.640
30.2,0.640
30.2,0.640
30.2,0.640
30.2,0.640
30.2,0.640
30.2,0.640
30.2,0.640
30.2,0.640
30.2,0.640
30.2,0.640
30.2,0.640
30.2,0.640
30.2,0.640
30.2,0.640
30.2,0.640
30.2,0.640
30.2,0.640
30.2,0.640
30.2,0.640
30.2,0.640
30.2,0.640
30.2,0.640
30.2,0.640
30.2,0.640
30.2,0.640
30.2,0.640
30.2,0.640
30.2,0.640
30.2,0.640
30.2,0.640
30.2,0.640
30.2,0.640
30.2,0.640
30.2,0.640
30.2,0.640
30.2,0.640
30.2,0.640
30.2,0.640
30.2,0.640
30.2,0.640
30.2,0.640
30.2,0.640
30.2,0.640
30.2,0.640
30.2,0.640
30.2,0.640
30.2,0.640
30.2,0.640
30.2,0.640
30.2,0.640
30.2,0.640
30.2,0.640
30.2,0.640
30.2,0.640
30.2,0.640
30.2,0.640
30.2,0.640
30.2,0.640
30.2,0.640
30.2,0.640
30.2,0.640
30.2,0.640
30.2,0.635
30.2,0.635
30.2,0.635
30.2,0.635
30.2,0.635
30.2,0.635
30.2,0.635
30.2,0.635
30.2,0.635
30.2,0.635
30.2,0.635
30.2,0.635
30.2,0.635
30.2,0.635
30.2,0.635
30.2,0.635
30.2,0.635
30.2,0.635
30.2,0.635
30.2,0.635
30.2,0.635
30.2,0.635
30.2,0.635
30.2,0.635
30.1,0.635
30.1,0.635
30.1,0.635
30.1,0.635
30.1,0.635
30.1,0.635
30.1,0.635
30.1,0.635
30.1,0.635
30.1,0.635
30.1,0.635
30.1,0.635
30.1,0.635
30.1,0.635
30.1,0.635
30.1,0.635
30.1,0.635
30.1,0.635
30.1,0.635
30.1,0.635
30.1,0.635
30.1,0.635
30.1,0.635
30.1,0.635
30.1,0.635
30.2,0.635
30.2,0.635
30.2,0.635
30.2,0.635
30.2,0.635
30.2,0.635
30.2,0.635
30.2,0.635
30.1,0.635
30.1,0.635
30.1,0.635
30.1,0.635
30.1,0.635
30.1,0.635
30.1,0.635
30.1,0.635
30.1,0.635
30.1,0.635
30.1,0.635
30.1,0.635
30.1,0.635
30.1,0.635
30.1,0.635
30.1,0.630
30.1,0.630
30.1,0.630
30.1,0.630
30.1,0.630
30.1,0.630
30.1,0.630
30.1,0.630
30.1,0.630
30.1,0.630
30.1,0.630
30.1,0.630
30.1,0.630
30.1,0.630
30.1,0.630
30.1,0.630
30.1,0.630
30.1,0.630
30.1,0.630
30.1,0.630
30.1,0.630
30.1,0.630
30.1,0.630
30.1,0.630
30.1,0.630
30.1,0.630
30.1,0.630
30.1,0.630
30.1,0.630
30.1,0.630
30.1,0.630
30.1,0.630
30.1,0.630
30.1,0.630
30.1,0.630
30.1,0.630
30.1,0.630
30.1,0.630
30.1,0.630
30.1,0.630
30.1,0.630
30.1,0.630
30.1,0.630
30.1,0.630
30.1,0.630
30.1,0.630
30.1,0.630
30.1,0.630
30.1,0.630
30.1,0.630
30.1,0.630
30.1,0.630
30.1,0.630
30.1,0.630
30.1,0.630
30.1,0.630
30.1,0.630
30.1,0.630
30.1,0.630
30.1,0.630
30.1,0.630
30.1,0.630
30.1,0.630
30.1,0.630
30.1,0.630
30.1,0.630
30.1,0.630
30.1,0.625
30.1,0.625
30.1,0.625
30.1,0.625
30.1,0.625
30.1,0.625
30.1,0.625
30.1,0.625
30.1,0.625
30.1,0.625
30.1,0.625
30.1,0.625
30.1,0.625
30.1,0.625
30.1,0.625
30.1,0.625
30.1,0.625
30.1,0.625
30.1,0.625
30.1,0.625
30.1,0.625
30.1,0.625
30.1,0.625
30.1,0.625
30.1,0.625
30.1,0.625
30.1,0.625
30.1,0.625
30.1,0.625
30.1,0.625
30.1,0.625
30.1,0.625
30.1,0.625
30.1,0.625
30.1,0.625
30.1,0.625
30.1,0.625
30.1,0.625
30.1,0.625
30.1,0.625
30.1,0.625
30.1,0.625
30.1,0.625
30.1,0.625
30.1,0.625
30.1,0.625
30.1,0.625
30.1,0.625
30.1,0.625
30.1,0.625
30.1,0.625
30.1,0.625
30.1,0.625
30.1,0.625
30.1,0.625
30.1,0.625
30.1,0.625
30.1,0.625
30.1,0.625
30.1,0.625
30.1,0.625
30.1,0.625
30.1,0.625
30.1,0.625
30.1,0.620
30.1,0.620
30.1,0.620
30.1,0.620
30.1,0.620
30.1,0.620
30.1,0.620
30.1,0.620
30.1,0.620
30.1,0.620
30.1,0.620
30.1,0.620
30.1,0.620
30.1,0.620
30.1,0.620
30.1,0.620
30.1,0.620
30.1,0.620
30.1,0.620
30.1,0.620
30.1,0.620
30.1,0.620
30.1,0.620
30.1,0.620
30.1,0.620
30.1,0.620
30.1,0.620
30.1,0.620
30.1,0.620
30.1,0.620
30.1,0.620
30.1,0.620
30.1,0.620
30.1,0.620
30.1,0.620
30.1,0.620
30.1,0.620
30.1,0.620
30.1,0.620
30.1,0.620
30.1,0.620
30.1,0.620
30.1,0.620
30.1,0.620
30.1,0.620
30.1,0.620
30.1,0.620
30.1,0.620
30.1,0.620
30.1,0.620
30.1,0.620
30.1,0.620
30.1,0.620
30.1,0.620
30.1,0.620
30.1,0.620
30.1,0.615
30.1,0.615
30.1,0.615
30.1,0.615
30.1,0.615
30.1,0.615
30.1,0.615
30.1,0.615
30.1,0.615
30.1,0.615
30.1,0.615
30.1,0.615
30.1,0.615
30.1,0.615
30.1,0.615
30.1,0.615
30.1,0.615
30.1,0.615
30.1,0.615
30.1,0.615
30.1,0.615
30.1,0.615
30.1,0.615
30.1,0.615
30.1,0.615
30.1,0.615
30.1,0.615
30.1,0.615
30.1,0.615
30.1,0.615
30.1,0.615
30.1,0.615
30.1,0.615
30.1,0.615
30.1,0.615
30.1,0.615
30.1,0.615
30.1,0.615
30.1,0.615
30.1,0.615
30.1,0.615
30.1,0.615
30.0,0.615
30.0,0.615
30.0,0.615
30.0,0.615
30.0,0.615
30.0,0.615
30.0,0.615
30.0,0.615
30.0,0.615
30.0,0.610
30.0,0.610
30.0,0.610
30.0,0.610
30.0,0.610
30.0,0.610
30.0,0.610
30.0,0.610
30.0,0.610
30.0,0.610
30.0,0.610
30.0,0.610
30.0,0.610
30.0,0.610
30.0,0.610
30.0,0.610
30.0,0.610
30.0,0.610
30.0,0.610
30.0,0.610
30.0,0.610
30.0,0.610
30.0,0.610
30.0,0.610
30.0,0.610
30.0,0.610
30.0,0.610
30.0,0.610
30.0,0.610
30.0,0.610
30.0,0.610
30.0,0.610
30.0,0.610
30.0,0.610
30.0,0.610
30.0,0.610
30.0,0.610
30.0,0.610
30.0,0.610
30.0,0.610
30.0,0.610
30.0,0.610
30.0,0.610
30.0,0.610
30.0,0.610
30.0,0.610
30.0,0.610
30.0,0.610
30.0,0.605
30.0,0.605
30.0,0.605
30.0,0.605
30.0,0.605
30.0,0.605
30.0,0.605
30.0,0.605
30.0,0.605
30.0,0.605
30.0,0.605
30.0,0.605
30.0,0.605
30.0,0.605
30.0,0.605
30.0,0.605
30.0,0.605
30.0,0.605
30.0,0.605
30.0,0.605
30.0,0.605
30.0,0.605
30.0,0.605
30.0,0.605
30.0,0.605
30.0,0.605
30.0,0.605
30.0,0.605
30.0,0.605
30.0,0.605
30.0,0.605
30.0,0.605
30.0,0.605
30.0,0.605
30.0,0.605
30.0,0.605
30.0,0.605
30.0,0.605
30.0,0.605
30.0,0.605
30.0,0.605
30.0,0.600
30.0,0.600
30.0,0.600
30.0,0.600
30.0,0.600
30.0,0.600
30.0,0.600
30.0,0.600
30.0,0.600
30.0,0.600
30.0,0.600
30.0,0.600
30.0,0.600
30.0,0.600
29.9,0.600
29.9,0.600
29.9,0.600
29.9,0.600
29.9,0.600
29.9,0.600
29.9,0.600
29.9,0.600
29.9,0.600
29.9,0.600
30.0,0.600
30.0,0.600
30.0,0.600
30.0,0.600
30.0,0.600
30.0,0.600
30.0,0.600
30.0,0.600
30.0,0.600
30.0,0.600
30.0,0.600
30.0,0.600
30.0,0.600
30.0,0.600
30.0,0.595
30.0,0.595
30.0,0.595
30.0,0.595
30.0,0.595
30.0,0.595
30.0,0.595
30.0,0.595
30.0,0.595
30.0,0.595
30.0,0.595
30.0,0.595
30.0,0.595
30.0,0.595
30.0,0.595
30.0,0.595
30.0,0.595
30.0,0.595
30.0,0.595
30.0,0.595
30.0,0.595
30.0,0.595
30.0,0.595
30.0,0.595
30.0,0.595
30.0,0.595
30.0,0.595
30.0,0.595
29.9,0.595
29.9,0.595
29.9,0.595
29.9,0.590
29.9,0.590
29.9,0.590
29.9,0.590
29.9,0.590
29.9,0.590
29.9,0.590
29.9,0.590
29.9,0.590
29.9,0.590
29.9,0.590
29.9,0.590
29.9,0.590
29.9,0.590
29.9,0.590
29.9,0.590
29.9,0.590
29.9,0.590
29.9,0.590
29.9,0.590
29.9,0.590
29.9,0.590
29.9,0.590
29.9,0.590
29.9,0.590
29.9,0.590
29.9,0.590
29.9,0.590
29.9,0.590
29.9,0.590
29.9,0.590
29.9,0.585
29.9,0.585
29.9,0.585
29.9,0.585
29.9,0.585
29.9,0.585
29.9,0.585
29.9,0.585
29.9,0.585
29.9,0.585
29.9,0.585
29.9,0.585
29.9,0.585
29.9,0.585
29.9,0.585
29.9,0.585
29.9,0.585
29.9,0.585
29.9,0.585
29.9,0.585
29.9,0.585
29.9,0.585
29.9,0.585
29.9,0.585
29.9,0.585
29.9,0.585
29.9,0.585
29.9,0.580
29.9,0.580
29.9,0.580
29.9,0.580
29.9,0.580
29.9,0.580
29.8,0.580
29.8,0.580
29.8,0.580
29.8,0.580
29.8,0.580
29.8,0.580
29.8,0.580
29.8,0.580
29.9,0.580
29.9,0.580
29.9,0.580
29.9,0.580
29.9,0.580
29.9,0.580
29.9,0.580
29.9,0.580
29.9,0.580
29.9,0.580
29.9,0.580
29.9,0.580
29.9,0.580
29.9,0.575
29.9,0.575
29.9,0.575
29.9,0.575
29.9,0.575
29.9,0.575
29.9,0.575
29.9,0.575
29.9,0.575
29.9,0.575
29.8,0.575
29.8,0.575
29.8,0.575
29.8,0.575
29.8,0.575
29.8,0.575
29.8,0.575
29.8,0.575
29.8,0.575
29.8,0.575
29.8,0.575
29.8,0.575
29.8,0.575
29.8,0.575
29.8,0.575
29.8,0.575
29.8,0.575
29.8,0.570
29.8,0.570
29.8,0.570
29.8,0.570
29.8,0.570
29.8,0.570
29.8,0.570
29.8,0.570
29.8,0.570
29.8,0.570
29.8,0.570
29.8,0.570
29.8,0.570
29.8,0.570
29.8,0.570
29.8,0.570
29.8,0.570
29.8,0.570
29.8,0.570
29.8,0.570
29.8,0.570
29.8,0.570
29.8,0.570
29.8,0.570
29.8,0.570
29.8,0.570
29.8,0.570
29.8,0.570
29.8,0.570
29.8,0.570
29.8,0.570
29.8,0.570
29.8,0.570
29.8,0.565
29.8,0.565
29.8,0.565
29.8,0.565
29.8,0.565
29.8,0.565
29.8,0.565
29.8,0.565
29.8,0.565
29.8,0.565
29.8,0.565
29.8,0.565
29.8,0.565
29.8,0.565
29.8,0.565
29.8,0.565
29.8,0.565
29.8,0.565
29.8,0.565
29.8,0.565
29.8,0.565
29.8,0.565
29.8,0.565
29.8,0.565
29.8,0.565
29.8,0.565
29.8,0.565
29.8,0.565
29.8,0.565
29.8,0.565
29.8,0.565
29.8,0.565
29.8,0.565
29.8,0.565
29.8,0.565
29.8,0.565
29.8,0.560
29.8,0.560
29.8,0.560
29.8,0.560
29.8,0.560
29.8,0.560
29.8,0.560
29.8,0.560
29.8,0.560
29.8,0.560
29.8,0.560
29.8,0.560
29.8,0.560
29.8,0.560
29.8,0.560
29.8,0.560
29.8,0.560
29.8,0.560
29.8,0.560
29.8,0.560
29.8,0.560
29.8,0.560
29.8,0.560
29.8,0.560
29.8,0.560
29.8,0.560
29.8,0.560
29.8,0.560
29.8,0.560
29.8,0.560
29.8,0.560
29.8,0.560
29.8,0.560
29.8,0.555
29.8,0.555
29.8,0.555
29.8,0.555
29.8,0.555
29.8,0.555
29.8,0.555
29.8,0.555
29.8,0.555
29.8,0.555
29.8,0.555
29.8,0.555
29.8,0.555
29.8,0.555
29.7,0.555
29.7,0.555
29.7,0.555
29.7,0.555
29.7,0.555
29.7,0.555
29.7,0.555
29.7,0.555
29.7,0.555
29.7,0.555
29.7,0.555
29.7,0.555
29.7,0.555
29.7,0.555
29.7,0.555
29.7,0.555
29.7,0.555
29.7,0.555
29.7,0.555
29.7,0.555
29.8,0.550
29.8,0.550
29.8,0.550
29.8,0.550
29.8,0.550
29.8,0.550
29.8,0.550
29.8,0.550
29.8,0.550
29.8,0.550
29.8,0.550
29.7,0.550
29.7,0.550
29.7,0.550
29.7,0.550
29.7,0.550
29.7,0.550
29.7,0.550
29.7,0.550
29.7,0.550
29.7,0.550
29.7,0.550
29.7,0.550
29.7,0.550
29.7,0.550
29.7,0.550
29.7,0.550
29.7,0.550
29.7,0.550
29.7,0.550
29.7,0.550
29.7,0.550
29.7,0.550
29.7,0.545
29.7,0.545
29.7,0.545
29.7,0.545
29.7,0.545
29.7,0.545
29.7,0.545
29.7,0.545
29.7,0.545
29.7,0.545
29.7,0.545
29.7,0.545
29.7,0.545
29.7,0.545
29.7,0.545
29.7,0.545
29.7,0.545
29.7,0.545
29.7,0.545
29.7,0.545
29.7,0.545
29.7,0.545
29.7,0.545
29.7,0.545
29.7,0.545
29.7,0.545
29.7,0.545
29.7,0.545
29.7,0.545
29.7,0.545
29.7,0.545
29.7,0.540
29.7,0.540
29.7,0.540
29.7,0.540
29.7,0.540
29.7,0.540
29.7,0.540
29.7,0.540
29.7,0.540
29.7,0.540
29.7,0.540
29.7,0.540
29.7,0.540
29.7,0.540
29.7,0.540
29.7,0.540
29.7,0.540
29.7,0.540
29.7,0.540
29.7,0.540
29.7,0.540
29.7,0.540
29.7,0.540
29.7,0.540
29.7,0.540
29.7,0.540
29.7,0.540
29.7,0.540
29.7,0.540
29.7,0.540
29.7,0.535
29.7,0.535
29.7,0.535
29.7,0.535
29.6,0.535
29.6,0.535
29.6,0.535
29.6,0.535
29.6,0.535
29.6,0.535
29.6,0.535
29.6,0.535
29.6,0.535
29.6,0.535
29.6,0.535
29.6,0.535
29.6,0.535
29.6,0.535
29.6,0.535
29.6,0.535
29.6,0.535
29.6,0.535
29.6,0.535
29.6,0.535
29.6,0.535
29.6,0.535
29.6,0.535
29.6,0.535
29.6,0.530
29.6,0.530
29.6,0.530
29.6,0.530
29.6,0.530
29.6,0.530
29.6,0.530
29.6,0.530
29.6,0.530
29.6,0.530
29.6,0.530
29.6,0.530
29.6,0.530
29.6,0.530
29.6,0.530
29.6,0.530
29.6,0.530
29.6,0.530
29.6,0.530
29.6,0.530
29.6,0.530
29.6,0.530
29.6,0.530
29.6,0.530
29.6,0.530
29.6,0.530
29.6,0.530
29.6,0.530
29.6,0.525
29.6,0.525
29.6,0.525
29.6,0.525
29.6,0.525
29.6,0.525
29.6,0.525
29.6,0.525
29.6,0.525
29.6,0.525
29.6,0.525
29.6,0.525
29.6,0.525
29.6,0.525
29.6,0.525
29.6,0.525
29.6,0.525
29.6,0.525
29.6,0.525
29.6,0.525
29.6,0.525
29.6,0.525
29.6,0.525
29.6,0.525
29.6,0.525
29.6,0.525
29.6,0.525
29.6,0.520
29.6,0.520
29.6,0.520
29.6,0.520
29.6,0.520
29.6,0.520
29.6,0.520
29.6,0.520
29.6,0.520
29.6,0.520
29.6,0.520
29.6,0.520
29.6,0.520
29.6,0.520
29.6,0.520
29.6,0.520
29.6,0.520
29.6,0.520
29.6,0.520
29.6,0.520
29.6,0.520
29.6,0.520
29.6,0.520
29.6,0.520
29.6,0.520
29.5,0.520
29.5,0.515
29.5,0.515
29.5,0.515
29.5,0.515
29.5,0.515
29.5,0.515
29.5,0.515
29.5,0.515
29.5,0.515
29.5,0.515
29.5,0.515
29.5,0.515
29.5,0.515
29.5,0.515
29.5,0.515
29.5,0.515
29.5,0.515
29.5,0.515
29.5,0.515
29.5,0.515
29.5,0.515
29.5,0.515
29.5,0.515
29.5,0.515
29.5,0.515
29.5,0.510
29.5,0.510
29.5,0.510
29.5,0.510
29.5,0.510
29.5,0.510
29.5,0.510
29.5,0.510
29.5,0.510
29.5,0.510
29.5,0.510
29.5,0.510
29.5,0.510
29.5,0.510
29.5,0.510
29.5,0.510
29.5,0.510
29.5,0.510
29.5,0.510
29.5,0.510
29.5,0.510
29.5,0.510
29.5,0.510
29.5,0.510
29.5,0.510
29.5,0.505
29.5,0.505
29.5,0.505
29.5,0.505
29.5,0.505
29.5,0.505
29.5,0.505
29.5,0.505
29.5,0.505
29.5,0.505
29.5,0.505
29.5,0.505
29.5,0.505
29.5,0.505
29.5,0.505
29.5,0.505
29.5,0.505
29.5,0.505
29.5,0.505
29.5,0.505
29.5,0.505
29.5,0.505
29.5,0.505
29.5,0.505
29.5,0.505
29.5,0.500
29.5,0.500
29.5,0.500
29.5,0.500
29.5,0.500
29.5,0.500
29.5,0.500
29.5,0.500
29.5,0.500
29.5,0.500
29.5,0.500
29.5,0.500
29.5,0.500
29.5,0.500
29.5,0.500
29.5,0.500
29.5,0.500
29.5,0.500
29.5,0.500
29.5,0.500
29.5,0.500
29.5,0.500
29.5,0.500
29.5,0.495
29.5,0.495
29.6,0.495
29.6,0.495
29.6,0.495
29.6,0.495
29.6,0.495
29.6,0.495
29.6,0.495
29.6,0.495
29.6,0.495
29.6,0.495
29.6,0.495
29.6,0.495
29.6,0.495
29.6,0.495
29.6,0.495
29.6,0.495
29.5,0.495
29.5,0.495
29.5,0.495
29.5,0.495
29.5,0.490
29.5,0.490
29.5,0.490
29.5,0.490
29.5,0.490
29.5,0.490
29.5,0.490
29.5,0.490
29.5,0.490
29.5,0.490
29.5,0.490
29.5,0.490
29.5,0.490
29.5,0.490
29.5,0.490
29.5,0.490
29.5,0.490
29.6,0.490
29.6,0.490
29.6,0.490
29.6,0.490
29.6,0.490
29.6,0.490
29.6,0.490
29.6,0.485
29.6,0.485
29.6,0.485
29.6,0.485
29.5,0.485
29.5,0.485
29.5,0.485
29.5,0.485
29.5,0.485
29.5,0.485
29.5,0.485
29.5,0.485
29.5,0.485
29.5,0.485
29.5,0.485
29.5,0.485
29.5,0.485
29.5,0.485
29.5,0.485
29.5,0.485
29.5,0.485
29.5,0.485
29.5,0.485
29.5,0.480
29.5,0.480
29.5,0.480
29.5,0.480
29.5,0.480
29.5,0.480
29.5,0.480
29.5,0.480
29.5,0.480
29.5,0.480
29.5,0.480
29.5,0.480
29.5,0.480
29.5,0.480
29.5,0.480
29.5,0.480
29.5,0.480
29.5,0.480
29.5,0.480
29.5,0.480
29.4,0.480
29.4,0.480
29.4,0.480
29.4,0.475
29.4,0.475
29.4,0.475
29.4,0.475
29.4,0.475
29.4,0.475
29.4,0.475
29.4,0.475
29.4,0.475
29.4,0.475
29.4,0.475
29.4,0.475
29.4,0.475
29.5,0.475
29.5,0.475
29.5,0.475
29.5,0.475
29.5,0.475
29.5,0.475
29.5,0.475
29.5,0.475
29.5,0.475
29.5,0.475
29.5,0.475
29.5,0.475
29.5,0.470
29.5,0.470
29.5,0.470
29.5,0.470
29.5,0.470
29.5,0.470
29.5,0.470
29.5,0.470
29.5,0.470
29.5,0.470
29.5,0.470
29.5,0.470
29.5,0.470
29.5,0.470
29.5,0.470
29.5,0.470
29.5,0.470
29.5,0.470
29.5,0.470
29.5,0.470
29.5,0.470
29.5,0.470
29.5,0.470
29.5,0.470
29.5,0.470
29.5,0.470
29.5,0.470
29.5,0.470
29.5,0.465
29.5,0.465
29.5,0.465
29.5,0.465
29.5,0.465
29.5,0.465
29.5,0.465
29.5,0.465
29.5,0.465
29.5,0.465
29.5,0.465
29.5,0.465
29.5,0.465
29.4,0.465
29.4,0.465
29.4,0.465
29.4,0.465
29.4,0.465
29.4,0.465
29.4,0.465
29.4,0.465
29.4,0.465
29.4,0.465
29.4,0.465
29.4,0.465
29.4,0.465
29.4,0.465
29.4,0.460
29.4,0.460
29.4,0.460
29.4,0.460
29.4,0.460
29.4,0.460
29.4,0.460
29.4,0.460
29.4,0.460
29.4,0.460
29.4,0.460
29.4,0.460
29.4,0.460
29.4,0.460
29.4,0.460
29.4,0.460
29.4,0.460
29.4,0.460
29.4,0.460
29.5,0.460
29.5,0.460
29.5,0.460
29.5,0.460
29.5,0.460
29.5,0.460
29.5,0.460
29.5,0.460
29.5,0.460
29.5,0.460
29.5,0.455
29.5,0.455
29.5,0.455
29.5,0.455
29.5,0.455
29.5,0.455
29.5,0.455
29.4,0.455
29.4,0.455
29.4,0.455
29.4,0.455
29.4,0.455
29.4,0.455
29.4,0.455
29.4,0.455
29.4,0.455
29.4,0.455
29.4,0.455
29.4,0.455
29.4,0.455
29.4,0.455
29.4,0.455
29.4,0.455
29.4,0.455
29.4,0.455
29.4,0.455
29.4,0.455
29.4,0.455
29.4,0.455
29.4,0.455
29.4,0.450
29.4,0.450
29.4,0.450
29.4,0.450
29.4,0.450
29.4,0.450
29.4,0.450
29.4,0.450
29.4,0.450
29.4,0.450
29.4,0.450
29.4,0.450
29.4,0.450
29.4,0.450
29.4,0.450
29.4,0.450
29.4,0.450
29.4,0.450
29.4,0.450
29.4,0.450
29.4,0.450
29.4,0.450
29.4,0.450
29.4,0.450
29.4,0.450
29.4,0.450
29.4,0.450
29.4,0.450
29.4,0.450
29.4,0.450
29.5,0.450
29.5,0.450
29.5,0.450
29.5,0.445
29.5,0.445
29.5,0.445
29.5,0.445
29.5,0.445
29.5,0.445
29.5,0.445
29.5,0.445
29.5,0.445
29.5,0.445
29.5,0.445
29.4,0.445
29.4,0.445
29.4,0.445
29.4,0.445
29.4,0.445
29.4,0.445
29.4,0.445
29.4,0.445
29.4,0.445
29.4,0.445
29.4,0.445
29.4,0.445
29.4,0.445
29.4,0.445
29.4,0.445
29.4,0.445
29.4,0.445
29.4,0.445
29.4,0.445
29.4,0.445
29.4,0.445
29.4,0.445
29.4,0.445
29.4,0.445
29.4,0.440
29.4,0.440
29.4,0.440
29.4,0.440
29.4,0.440
29.4,0.440
29.4,0.440
29.4,0.440
29.4,0.440
29.4,0.440
29.4,0.440
29.4,0.440
29.4,0.440
29.4,0.440
29.4,0.440
29.4,0.440
29.4,0.440
29.4,0.440
29.4,0.440
29.4,0.440
29.4,0.440
29.4,0.440
29.4,0.440
29.4,0.440
29.4,0.440
29.5,0.440
29.5,0.440
29.5,0.440
29.5,0.440
29.5,0.440
29.5,0.440
29.5,0.440
29.5,0.440
29.5,0.440
29.5,0.440
29.5,0.440
29.5,0.440
29.5,0.435
29.5,0.435
29.5,0.435
29.5,0.435
29.5,0.435
29.5,0.435
29.5,0.435
29.5,0.435
29.5,0.435
29.5,0.435
29.5,0.435
29.5,0.435
29.5,0.435
29.5,0.435
29.5,0.435
29.5,0.435
29.5,0.435
29.5,0.435
29.5,0.435
29.5,0.435
29.5,0.435
29.4,0.435
29.4,0.435
29.4,0.435
29.4,0.435
29.4,0.435
29.4,0.435
29.4,0.435
29.4,0.435
29.4,0.435
29.4,0.435
29.4,0.435
29.4,0.435
29.4,0.435
29.4,0.435
29.4,0.430
29.4,0.430
29.4,0.430
29.4,0.430
29.4,0.430
29.4,0.430
29.4,0.430
29.4,0.430
29.4,0.430
29.4,0.430
29.4,0.430
29.4,0.430
29.4,0.430
29.4,0.430
29.4,0.430
29.4,0.430
29.4,0.430
29.4,0.430
29.4,0.430
29.4,0.430
29.4,0.430
29.4,0.430
29.4,0.430
29.4,0.430
29.4,0.430
29.4,0.430
29.4,0.430
29.4,0.430
29.4,0.430
29.4,0.430
29.4,0.430
29.4,0.430
29.4,0.430
29.4,0.430
29.4,0.430
29.4,0.430
29.4,0.430
29.4,0.430
29.4,0.430
29.4,0.425
29.4,0.425
29.4,0.425
29.4,0.425
29.4,0.425
29.4,0.425
29.4,0.425
29.4,0.425
29.4,0.425
29.4,0.425
29.4,0.425
29.4,0.425
29.4,0.425
29.4,0.425
29.4,0.425
29.4,0.425
29.4,0.425
29.4,0.425
29.4,0.425
29.4,0.425
29.4,0.425
29.4,0.425
29.4,0.425
29.5,0.425
29.5,0.425
29.5,0.425
29.5,0.425
29.5,0.425
29.5,0.425
29.5,0.425
29.5,0.425
29.5,0.425
29.5,0.425
29.5,0.425
29.5,0.425
29.5,0.425
29.5,0.425
29.5,0.425
29.5,0.425
29.5,0.425
29.5,0.425
29.5,0.425
29.4,0.420
29.4,0.420
29.4,0.420
29.4,0.420
29.4,0.420
29.4,0.420
29.4,0.420
29.4,0.420
29.4,0.420
29.4,0.420
29.4,0.420
29.4,0.420
29.4,0.420
29.4,0.420
29.4,0.420
29.4,0.420
29.4,0.420
29.4,0.420
29.4,0.420
29.4,0.420
29.4,0.420
29.4,0.420
29.4,0.420
29.4,0.420
29.4,0.420
29.4,0.420
29.4,0.420
29.4,0.420
29.4,0.420
29.4,0.420
29.4,0.420
29.4,0.420
29.4,0.420
29.4,0.420
29.4,0.420
29.4,0.420
29.4,0.420
29.4,0.420
29.4,0.420
29.4,0.420
29.4,0.420
29.4,0.420
29.4,0.415
29.4,0.415
29.4,0.415
29.4,0.415
29.4,0.415
29.4,0.415
29.4,0.415
29.4,0.415
29.4,0.415
29.4,0.415
29.4,0.415
29.4,0.415
29.4,0.415
29.4,0.415
29.4,0.415
29.4,0.415
29.4,0.415
29.4,0.415
29.4,0.415
29.4,0.415
29.4,0.415
29.4,0.415
29.4,0.415
29.4,0.415
29.4,0.415
29.4,0.415
29.4,0.415
29.4,0.415
29.4,0.415
29.4,0.415
29.4,0.415
29.4,0.415
29.4,0.415
29.4,0.415
29.4,0.415
29.4,0.415
29.4,0.415
29.4,0.415
29.4,0.415
29.4,0.415
29.4,0.410
29.3,0.410
29.3,0.410
29.3,0.410
29.3,0.410
29.3,0.410
29.3,0.410
29.3,0.410
29.3,0.410
29.3,0.410
29.3,0.410
29.3,0.410
29.3,0.410
29.3,0.410
29.3,0.410
29.3,0.410
29.3,0.410
29.3,0.410
29.3,0.410
29.3,0.410
29.3,0.410
29.3,0.410
29.3,0.410
29.3,0.410
29.3,0.410
29.3,0.410
29.3,0.410
29.3,0.410
29.3,0.410
29.4,0.410
29.4,0.410
29.4,0.410
29.4,0.410
29.4,0.410
29.4,0.410
29.4,0.410
29.4,0.410
29.4,0.410
29.4,0.410
29.4,0.410
29.4,0.405
29.4,0.405
29.4,0.405
29.4,0.405
29.4,0.405
29.4,0.405
29.4,0.405
29.4,0.405
29.4,0.405
29.4,0.405
29.4,0.405
29.4,0.405
29.4,0.405
29.4,0.405
29.4,0.405
29.4,0.405
29.4,0.405
29.4,0.405
29.4,0.405
29.4,0.405
29.4,0.405
29.4,0.405
29.4,0.405
29.4,0.405
29.4,0.405
29.4,0.405
29.4,0.405
29.4,0.405
29.4,0.405
29.4,0.405
29.4,0.405
29.4,0.405
29.4,0.405
29.4,0.405
29.4,0.405
29.4,0.405
29.4,0.405
29.4,0.405
29.4,0.405
29.4,0.405
29.4,0.400
29.4,0.400
29.4,0.400
29.4,0.400
29.3,0.400
29.3,0.400
29.3,0.400
29.3,0.400
29.3,0.400
29.3,0.400
29.3,0.400
29.3,0.400
29.3,0.400
29.3,0.400
29.3,0.400
29.3,0.400
29.3,0.400
29.3,0.400
29.3,0.400
29.3,0.400
29.3,0.400
29.3,0.400
29.3,0.400
29.3,0.400
29.3,0.400
29.3,0.400
29.3,0.400
29.3,0.400
29.3,0.400
29.3,0.400
29.3,0.400
29.3,0.400
29.3,0.400
29.3,0.400
29.3,0.395
29.3,0.395
29.3,0.395
29.3,0.395
29.3,0.395
29.3,0.395
29.3,0.395
29.3,0.395
29.3,0.395
29.3,0.395
29.3,0.395
29.3,0.395
29.3,0.395
29.3,0.395
29.3,0.395
29.3,0.395
29.3,0.395
29.3,0.395
29.3,0.395
29.3,0.395
29.3,0.395
29.3,0.395
29.3,0.395
29.3,0.395
29.3,0.395
29.3,0.395
29.3,0.395
29.3,0.395
29.3,0.395
29.3,0.395
29.3,0.395
29.3,0.395
29.3,0.395
29.3,0.395
29.3,0.395
29.3,0.395
29.3,0.395
29.3,0.390
29.3,0.390
29.3,0.390
29.3,0.390
29.3,0.390
29.3,0.390
29.3,0.390
29.3,0.390
29.3,0.390
29.3,0.390
29.3,0.390
29.3,0.390
29.3,0.390
29.3,0.390
29.3,0.390
29.3,0.390
29.3,0.390
29.3,0.390
29.3,0.390
29.3,0.390
29.3,0.390
29.3,0.390
29.3,0.390
29.3,0.390
29.3,0.390
29.3,0.390
29.3,0.390
29.3,0.390
29.3,0.390
29.3,0.390
29.3,0.390
29.3,0.390
29.3,0.390
29.3,0.390
29.3,0.390
29.3,0.390
29.3,0.390
29.3,0.390
29.3,0.385
29.3,0.385
29.3,0.385
29.3,0.385
29.3,0.385
29.4,0.385
29.4,0.385
29.4,0.385
29.4,0.385
29.4,0.385
29.4,0.385
29.4,0.385
29.4,0.385
29.4,0.385
29.4,0.385
29.4,0.385
29.4,0.385
29.4,0.385
29.4,0.385
29.4,0.385
29.4,0.385
29.4,0.385
29.4,0.385
29.4,0.385
29.4,0.385
29.4,0.385
29.4,0.385
29.4,0.385
29.4,0.385
29.4,0.385
29.4,0.385
29.4,0.385
29.4,0.385
29.4,0.385
29.3,0.385
29.3,0.385
29.3,0.385
29.3,0.385
29.3,0.385
29.3,0.385
29.3,0.385
29.3,0.380
29.3,0.380
29.3,0.380
29.3,0.380
29.3,0.380
29.3,0.380
29.3,0.380
29.3,0.380
29.3,0.380
29.3,0.380
29.3,0.380
29.3,0.380
29.3,0.380
29.3,0.380
29.3,0.380
29.3,0.380
29.3,0.380
29.3,0.380
29.3,0.380
29.3,0.380
29.3,0.380
29.3,0.380
29.3,0.380
29.3,0.380
29.2,0.380
29.2,0.380
29.2,0.380
29.2,0.380
29.2,0.380
29.2,0.380
29.2,0.380
29.2,0.380
29.2,0.380
29.2,0.380
29.2,0.380
29.2,0.380
29.2,0.380
29.2,0.380
29.2,0.380
29.2,0.380
29.2,0.375
29.2,0.375
29.2,0.375
29.2,0.375
29.2,0.375
29.2,0.375
29.2,0.375
29.2,0.375
29.2,0.375
29.2,0.375
29.2,0.375
29.2,0.375
29.2,0.375
29.2,0.375
29.2,0.375
29.2,0.375
29.2,0.375
29.2,0.375
29.3,0.375
29.3,0.375
29.3,0.375
29.3,0.375
29.3,0.375
29.3,0.375
29.3,0.375
29.3,0.375
29.3,0.375
29.3,0.375
29.3,0.375
29.3,0.375
29.3,0.375
29.3,0.375
29.3,0.375
29.3,0.375
29.3,0.375
29.3,0.375
29.3,0.375
29.3,0.375
29.3,0.375
29.3,0.370
29.2,0.370
29.2,0.370
29.2,0.370
29.2,0.370
29.2,0.370
29.2,0.370
29.2,0.370
29.2,0.370
29.2,0.370
29.2,0.370
29.2,0.370
29.2,0.370
29.2,0.370
29.2,0.370
29.2,0.370
29.2,0.370
29.2,0.370
29.2,0.370
29.2,0.370
29.2,0.370
29.1,0.370
29.1,0.370
29.1,0.370
29.1,0.370
29.1,0.370
29.1,0.370
29.1,0.370
29.1,0.370
29.1,0.370
29.1,0.370
29.1,0.370
29.2,0.370
29.2,0.370
29.2,0.370
29.2,0.370
29.2,0.370
29.2,0.365
29.2,0.365
29.2,0.365
29.2,0.365
29.2,0.365
29.2,0.365
29.2,0.365
29.2,0.365
29.2,0.365
29.2,0.365
29.2,0.365
29.2,0.365
29.2,0.365
29.2,0.365
29.2,0.365
29.2,0.365
29.2,0.365
29.2,0.365
29.2,0.365
29.2,0.365
29.2,0.365
29.2,0.365
29.2,0.365
29.2,0.365
29.2,0.365
29.2,0.365
29.2,0.365
29.2,0.365
29.2,0.365
29.2,0.365
29.2,0.365
29.2,0.365
29.2,0.365
29.2,0.360
29.2,0.360
29.2,0.360
29.2,0.360
29.1,0.360
29.1,0.360
29.1,0.360
29.1,0.360
29.1,0.360
29.1,0.360
29.1,0.360
29.1,0.360
29.1,0.360
29.1,0.360
29.1,0.360
29.1,0.360
29.1,0.360
29.1,0.360
29.1,0.360
29.1,0.360
29.1,0.360
29.1,0.360
29.1,0.360
29.1,0.360
29.1,0.360
29.1,0.360
29.1,0.360
29.1,0.360
29.1,0.360
29.1,0.360
29.1,0.360
29.1,0.355
29.1,0.355
29.1,0.355
29.1,0.355
29.1,0.355
29.1,0.355
29.1,0.355
29.1,0.355
29.1,0.355
29.1,0.355
29.1,0.355
29.1,0.355
29.1,0.355
29.1,0.355
29.1,0.355
29.1,0.355
29.1,0.355
29.1,0.355
29.1,0.355
29.1,0.355
29.1,0.355
29.1,0.355
29.1,0.355
29.1,0.355
29.1,0.355
29.1,0.355
29.1,0.355
29.1,0.355
29.1,0.350
29.1,0.350
29.1,0.350
29.1,0.350
29.1,0.350
29.1,0.350
29.1,0.350
29.1,0.350
29.1,0.350
29.1,0.350
29.1,0.350
29.1,0.350
29.1,0.350
29.1,0.350
29.1,0.350
29.1,0.350
29.1,0.350
29.1,0.350
29.1,0.350
29.1,0.350
29.1,0.350
29.1,0.350
29.1,0.350
29.1,0.350
29.1,0.350
29.1,0.350
29.2,0.350
29.1,0.350
29.1,0.350
29.1,0.350
29.2,0.345
29.2,0.345
29.2,0.345
29.2,0.345
29.2,0.345
29.2,0.345
29.2,0.345
29.2,0.345
29.2,0.345
29.2,0.345
29.2,0.345
29.2,0.345
29.2,0.345
29.2,0.345
29.1,0.345
29.1,0.345
29.1,0.345
29.1,0.345
29.1,0.345
29.1,0.345
29.1,0.345
29.1,0.345
29.1,0.345
29.1,0.345
29.1,0.345
29.1,0.345
29.1,0.345
29.1,0.345
29.1,0.345
29.1,0.345
29.1,0.340
29.1,0.340
29.0,0.340
29.0,0.340
29.0,0.340
29.0,0.340
29.0,0.340
29.0,0.340
29.0,0.340
29.0,0.340
29.0,0.340
29.0,0.340
29.0,0.340
29.0,0.340
29.0,0.340
29.0,0.340
29.0,0.340
29.0,0.340
29.1,0.340
29.1,0.340
29.1,0.340
29.1,0.340
29.1,0.340
29.1,0.340
29.1,0.340
29.1,0.340
29.1,0.340
29.1,0.340
29.1,0.340
29.1,0.340
29.1,0.340
29.1,0.340
29.1,0.340
29.1,0.335
29.1,0.335
29.1,0.335
29.1,0.335
29.1,0.335
29.1,0.335
29.1,0.335
29.1,0.335
29.1,0.335
29.1,0.335
29.1,0.335
29.1,0.335
29.1,0.335
29.1,0.335
29.1,0.335
29.1,0.335
29.1,0.335
29.1,0.335
29.1,0.335
29.1,0.335
29.1,0.335
29.1,0.335
29.1,0.335
29.1,0.335
29.1,0.335
29.1,0.335
29.1,0.335
29.1,0.335
29.1,0.335
29.1,0.335
29.1,0.335
29.1,0.335
29.1,0.335
29.1,0.335
29.1,0.335
29.1,0.335
29.1,0.330
29.1,0.330
29.1,0.330
29.1,0.330
29.1,0.330
29.1,0.330
29.1,0.330
29.1,0.330
29.1,0.330
29.0,0.330
29.0,0.330
29.0,0.330
29.0,0.330
29.0,0.330
29.0,0.330
29.0,0.330
29.0,0.330
29.0,0.330
29.0,0.330
29.0,0.330
29.0,0.330
29.0,0.330
29.0,0.330
29.0,0.330
29.0,0.330
29.0,0.330
29.0,0.330
29.0,0.330
29.0,0.330
29.0,0.330
29.0,0.330
29.0,0.330
29.0,0.330
29.0,0.330
29.0,0.330
29.0,0.330
29.0,0.330
29.1,0.330
29.1,0.330
29.1,0.325
29.1,0.325
29.1,0.325
29.1,0.325
29.1,0.325
29.1,0.325
29.1,0.325
29.1,0.325
29.1,0.325
29.1,0.325
29.1,0.325
29.1,0.325
29.1,0.325
29.1,0.325
29.1,0.325
29.1,0.325
29.1,0.325
29.1,0.325
29.0,0.325
29.0,0.325
29.0,0.325
29.0,0.325
29.0,0.325
29.0,0.325
29.0,0.325
29.0,0.325
29.0,0.325
29.0,0.325
29.0,0.325
29.0,0.325
29.0,0.325
29.0,0.325
29.0,0.325
29.0,0.325
29.0,0.325
29.0,0.325
29.0,0.325
29.0,0.325
29.0,0.325
29.0,0.325
29.0,0.325
29.0,0.320
29.0,0.320
29.0,0.320
29.0,0.320
29.0,0.320
29.0,0.320
29.0,0.320
29.0,0.320
29.0,0.320
29.0,0.320
29.0,0.320
29.0,0.320
29.0,0.320
29.0,0.320
29.0,0.320
29.0,0.320
29.0,0.320
29.0,0.320
29.0,0.320
29.0,0.320
29.0,0.320
29.0,0.320
29.0,0.320
29.0,0.320
29.0,0.320
29.0,0.320
29.0,0.320
29.0,0.320
29.0,0.320
29.0,0.320
29.0,0.320
29.0,0.320
29.0,0.320
29.0,0.320
29.0,0.320
29.0,0.320
29.0,0.320
29.0,0.320
29.0,0.315
29.0,0.315
29.0,0.315
29.0,0.315
29.0,0.315
29.0,0.315
29.0,0.315
29.0,0.315
29.0,0.315
29.0,0.315
29.0,0.315
29.0,0.315
29.0,0.315
29.0,0.315
29.0,0.315
29.0,0.315
29.0,0.315
29.0,0.315
29.0,0.315
29.0,0.315
29.0,0.315
29.0,0.315
29.0,0.315
29.0,0.315
29.0,0.315
29.0,0.315
29.0,0.315
29.0,0.315
29.0,0.315
29.0,0.315
29.0,0.315
29.0,0.315
29.0,0.315
28.9,0.315
28.9,0.315
28.9,0.315
28.9,0.315
28.9,0.315
28.9,0.315
28.9,0.315
28.9,0.315
28.9,0.315
29.0,0.315
29.0,0.310
29.0,0.310
29.0,0.310
29.0,0.310
29.0,0.310
29.0,0.310
29.0,0.310
29.0,0.310
29.0,0.310
29.0,0.310
29.0,0.310
29.0,0.310
29.0,0.310
29.0,0.310
29.0,0.310
29.0,0.310
29.0,0.310
29.0,0.310
29.0,0.310
29.0,0.310
28.9,0.310
28.9,0.310
28.9,0.310
28.9,0.310
28.9,0.310
28.9,0.310
28.9,0.310
28.9,0.310
28.9,0.310
28.9,0.310
28.9,0.310
28.9,0.310
28.9,0.310
28.9,0.310
28.9,0.310
28.9,0.310
28.9,0.310
28.9,0.310
28.9,0.310
28.9,0.310
28.9,0.310
28.9,0.310
28.9,0.305
28.9,0.305
28.9,0.305
29.0,0.305
29.0,0.305
29.0,0.305
29.0,0.305
29.0,0.305
29.0,0.305
29.0,0.305
29.0,0.305
29.0,0.305
29.0,0.305
29.0,0.305
29.0,0.305
29.0,0.305
29.0,0.305
29.0,0.305
29.0,0.305
29.0,0.305
29.0,0.305
29.0,0.305
29.0,0.305
29.0,0.305
29.0,0.305
29.0,0.305
29.0,0.305
29.0,0.305
29.0,0.305
29.0,0.305
29.0,0.305
29.0,0.305
29.0,0.305
28.9,0.305
28.9,0.305
28.9,0.305
28.9,0.305
28.9,0.305
28.9,0.300
28.9,0.300
28.9,0.300
28.9,0.300
28.9,0.300
28.9,0.300
28.9,0.300
28.9,0.300
28.9,0.300
28.9,0.300
28.9,0.300
28.9,0.300
28.9,0.300
28.9,0.300
28.9,0.300
28.9,0.300
28.9,0.300
28.9,0.300
28.9,0.300
28.9,0.300
28.9,0.300
28.9,0.300
28.9,0.300
28.9,0.300
28.9,0.300
28.9,0.300
28.9,0.300
28.8,0.300
28.8,0.300
28.8,0.300
28.8,0.300
28.8,0.300
28.8,0.300
28.8,0.300
28.8,0.300
28.8,0.295
28.8,0.295
28.8,0.295
28.8,0.295
28.8,0.295
28.8,0.295
28.8,0.295
28.8,0.295
28.8,0.295
28.8,0.295
28.8,0.295
28.8,0.295
28.8,0.295
28.8,0.295
28.8,0.295
28.8,0.295
28.8,0.295
28.8,0.295
28.8,0.295
28.8,0.295
28.8,0.295
28.8,0.295
28.8,0.295
28.8,0.295
28.8,0.295
28.8,0.295
28.8,0.295
28.8,0.295
28.8,0.295
28.8,0.295
28.8,0.295
28.8,0.295
28.8,0.295
28.8,0.295
28.8,0.295
28.8,0.290
28.8,0.290
28.7,0.290
28.7,0.290
28.7,0.290
28.7,0.290
28.7,0.290
28.7,0.290
28.7,0.290
28.7,0.290
28.7,0.290
28.7,0.290
28.7,0.290
28.7,0.290
28.7,0.290
28.7,0.290
28.7,0.290
28.7,0.290
28.8,0.290
28.8,0.290
28.8,0.290
28.8,0.290
28.8,0.290
28.8,0.290
28.8,0.290
28.9,0.290
28.9,0.290
28.9,0.290
28.9,0.290
28.9,0.290
28.9,0.290
28.9,0.290
28.9,0.290
28.9,0.290
28.9,0.290
28.9,0.290
28.9,0.285
28.9,0.285
28.9,0.285
28.9,0.285
28.9,0.285
28.9,0.285
28.9,0.285
28.8,0.285
28.8,0.285
28.8,0.285
28.8,0.285
28.8,0.285
28.8,0.285
28.8,0.285
28.8,0.285
28.8,0.285
28.8,0.285
28.8,0.285
28.8,0.285
28.8,0.285
28.8,0.285
28.8,0.285
28.8,0.285
28.8,0.285
28.8,0.285
28.8,0.285
28.8,0.285
28.8,0.285
28.8,0.285
28.8,0.285
28.8,0.285
28.8,0.285
28.8,0.285
28.8,0.285
28.8,0.280
28.8,0.280
28.8,0.280
28.8,0.280
28.8,0.280
28.8,0.280
28.8,0.280
28.8,0.280
28.8,0.280
28.8,0.280
28.8,0.280
28.8,0.280
28.8,0.280
28.8,0.280
28.8,0.280
28.8,0.280
28.8,0.280
28.8,0.280
28.8,0.280
28.8,0.280
28.8,0.280
28.8,0.280
28.8,0.280
28.8,0.280
28.8,0.280
28.8,0.280
28.8,0.280
28.8,0.280
28.8,0.280
28.8,0.280
28.8,0.280
28.8,0.280
28.8,0.280
28.9,0.280
28.9,0.275
28.9,0.275
28.9,0.275
28.9,0.275
28.9,0.275
28.9,0.275
28.9,0.275
28.9,0.275
28.9,0.275
28.9,0.275
28.9,0.275
28.9,0.275
28.9,0.275
28.9,0.275
28.9,0.275
28.9,0.275
28.9,0.275
28.9,0.275
28.9,0.275
28.9,0.275
28.9,0.275
28.9,0.275
28.8,0.275
28.8,0.275
28.8,0.275
28.8,0.275
28.8,0.275
28.8,0.275
28.8,0.275
28.8,0.275
28.8,0.275
28.8,0.275
28.8,0.275
28.8,0.270
28.8,0.270
28.8,0.270
28.8,0.270
28.8,0.270
28.8,0.270
28.8,0.270
28.8,0.270
28.8,0.270
28.8,0.270
28.8,0.270
28.8,0.270
28.8,0.270
28.8,0.270
28.8,0.270
28.8,0.270
28.8,0.270
28.8,0.270
28.8,0.270
28.8,0.270
28.8,0.270
28.8,0.270
28.8,0.270
28.8,0.270
28.8,0.270
28.8,0.270
28.8,0.270
28.8,0.270
28.8,0.270
28.8,0.270
28.8,0.270
28.8,0.270
28.8,0.270
28.8,0.265
28.7,0.265
28.7,0.265
28.7,0.265
28.7,0.265
28.7,0.265
28.7,0.265
28.7,0.265
28.7,0.265
28.7,0.265
28.7,0.265
28.7,0.265
28.7,0.265
28.7,0.265
28.7,0.265
28.7,0.265
28.7,0.265
28.8,0.265
28.8,0.265
28.8,0.265
28.8,0.265
28.8,0.265
28.8,0.265
28.8,0.265
28.8,0.265
28.7,0.265
28.7,0.265
28.7,0.265
28.7,0.265
28.7,0.265
28.7,0.265
28.7,0.265
28.7,0.260
28.7,0.260
28.7,0.260
28.7,0.260
28.7,0.260
28.8,0.260
28.8,0.260
28.8,0.260
28.8,0.260
28.8,0.260
28.8,0.260
28.8,0.260
28.8,0.260
28.8,0.260
28.8,0.260
28.8,0.260
28.8,0.260
28.8,0.260
28.8,0.260
28.8,0.260
28.8,0.260
28.8,0.260
28.8,0.260
28.8,0.260
28.8,0.260
28.8,0.260
28.8,0.260
28.8,0.260
28.8,0.260
28.8,0.260
28.8,0.260
28.8,0.255
28.7,0.255
28.7,0.255
28.7,0.255
28.7,0.255
28.7,0.255
28.7,0.255
28.7,0.255
28.7,0.255
28.7,0.255
28.7,0.255
28.7,0.255
28.7,0.255
28.7,0.255
28.7,0.255
28.7,0.255
28.7,0.255
28.8,0.255
28.8,0.255
28.8,0.255
28.8,0.255
28.8,0.255
28.8,0.255
28.8,0.255
28.8,0.255
28.8,0.255
28.8,0.255
28.7,0.255
28.7,0.255
28.7,0.255
28.7,0.255
28.7,0.250
28.7,0.250
28.7,0.250
28.7,0.250
28.7,0.250
28.7,0.250
28.7,0.250
28.7,0.250
28.7,0.250
28.7,0.250
28.7,0.250
28.7,0.250
28.7,0.250
28.7,0.250
28.7,0.250
28.7,0.250
28.7,0.250
28.7,0.250
28.7,0.250
28.7,0.250
28.7,0.250
28.7,0.250
28.6,0.250
28.6,0.250
28.6,0.250
28.6,0.250
28.6,0.250
28.6,0.250
28.6,0.250
28.6,0.250
28.6,0.250
28.6,0.250
28.6,0.250
28.6,0.245
28.6,0.245
28.6,0.245
28.6,0.245
28.6,0.245
28.6,0.245
28.6,0.245
28.6,0.245
28.6,0.245
28.6,0.245
28.6,0.245
28.6,0.245
28.6,0.245
28.6,0.245
28.6,0.245
28.6,0.245
28.6,0.245
28.6,0.245
28.6,0.245
28.6,0.245
28.6,0.245
28.6,0.245
28.6,0.245
28.6,0.245
28.6,0.245
28.6,0.245
28.6,0.245
28.6,0.245
28.6,0.245
28.6,0.245
28.6,0.240
28.6,0.240
28.6,0.240
28.6,0.240
28.6,0.240
28.6,0.240
28.6,0.240
28.6,0.240
28.6,0.240
28.6,0.240
28.6,0.240
28.6,0.240
28.6,0.240
28.6,0.240
28.6,0.240
28.6,0.240
28.6,0.240
28.6,0.240
28.6,0.240
28.6,0.240
28.6,0.240
28.6,0.240
28.6,0.240
28.6,0.240
28.5,0.240
28.5,0.240
28.5,0.240
28.5,0.235
28.5,0.235
28.5,0.235
28.5,0.235
28.5,0.235
28.5,0.235
28.5,0.235
28.5,0.235
28.5,0.235
28.5,0.235
28.5,0.235
28.5,0.235
28.5,0.235
28.5,0.235
28.5,0.235
28.5,0.235
28.5,0.235
28.5,0.235
28.6,0.235
28.6,0.235
28.6,0.235
28.6,0.235
28.6,0.235
28.6,0.235
28.6,0.235
28.6,0.235
28.6,0.235
28.6,0.235
28.6,0.235
28.6,0.230
28.6,0.230
28.6,0.230
28.7,0.230
28.7,0.230
28.7,0.230
28.7,0.230
28.7,0.230
28.7,0.230
28.7,0.230
28.7,0.230
28.7,0.230
28.7,0.230
28.7,0.230
28.7,0.230
28.7,0.230
28.7,0.230
28.7,0.230
28.7,0.230
28.7,0.230
28.7,0.230
28.7,0.230
28.7,0.230
28.7,0.230
28.7,0.230
28.7,0.230
28.7,0.230
28.7,0.230
28.7,0.230
28.7,0.230
28.7,0.230
28.7,0.230
28.7,0.225
28.7,0.225
28.7,0.225
28.7,0.225
28.7,0.225
28.7,0.225
28.7,0.225
28.7,0.225
28.7,0.225
28.6,0.225
28.6,0.225
28.6,0.225
28.6,0.225
28.6,0.225
28.6,0.225
28.6,0.225
28.6,0.225
28.6,0.225
28.6,0.225
28.6,0.225
28.6,0.225
28.6,0.225
28.6,0.225
28.6,0.225
28.6,0.225
28.6,0.225
28.6,0.225
28.6,0.225
28.6,0.225
28.6,0.225
28.6,0.225
28.6,0.225
28.6,0.225
28.6,0.220
28.6,0.220
28.6,0.220
28.6,0.220
28.6,0.220
28.6,0.220
28.6,0.220
28.6,0.220
28.6,0.220
28.6,0.220
28.6,0.220
28.6,0.220
28.6,0.220
28.6,0.220
28.6,0.220
28.6,0.220
28.6,0.220
28.6,0.220
28.6,0.220
28.6,0.220
28.6,0.220
28.6,0.220
28.6,0.220
28.6,0.220
28.6,0.220
28.6,0.220
28.6,0.220
28.6,0.220
28.6,0.220
28.6,0.220
28.6,0.220
28.6,0.220
28.6,0.220
28.6,0.220
28.6,0.215
28.6,0.215
28.6,0.215
28.6,0.215
28.6,0.215
28.6,0.215
28.6,0.215
28.6,0.215
28.6,0.215
28.6,0.215
28.6,0.215
28.7,0.215
28.7,0.215
28.7,0.215
28.7,0.215
28.7,0.215
28.7,0.215
28.7,0.215
28.7,0.215
28.7,0.215
28.7,0.215
28.7,0.215
28.7,0.215
28.6,0.215
28.6,0.215
28.6,0.215
28.6,0.215
28.6,0.215
28.6,0.215
28.6,0.215
28.6,0.215
28.6,0.215
28.6,0.215
28.6,0.215
28.6,0.215
28.6,0.210
28.6,0.210
28.6,0.210
28.6,0.210
28.6,0.210
28.6,0.210
28.6,0.210
28.6,0.210
28.6,0.210
28.6,0.210
28.6,0.210
28.6,0.210
28.6,0.210
28.6,0.210
28.6,0.210
28.6,0.210
28.6,0.210
28.6,0.210
28.6,0.210
28.6,0.210
28.6,0.210
28.6,0.210
28.6,0.210
28.6,0.210
28.6,0.210
28.6,0.210
28.6,0.210
28.6,0.210
28.6,0.210
28.6,0.210
28.6,0.210
28.6,0.210
28.6,0.210
28.6,0.210
28.6,0.210
28.6,0.210
28.6,0.205
28.6,0.205
28.6,0.205
28.6,0.205
28.6,0.205
28.6,0.205
28.6,0.205
28.6,0.205
28.6,0.205
28.6,0.205
28.6,0.205
28.6,0.205
28.6,0.205
28.5,0.205
28.5,0.205
28.5,0.205
28.5,0.205
28.5,0.205
28.5,0.205
28.5,0.205
28.5,0.205
28.5,0.205
28.6,0.205
28.6,0.205
28.6,0.205
28.6,0.205
28.6,0.205
28.6,0.205
28.6,0.205
28.6,0.205
28.6,0.205
28.6,0.205
28.6,0.205
28.6,0.205
28.6,0.205
28.6,0.200
28.6,0.200
28.6,0.200
28.6,0.200
28.6,0.200
28.6,0.200
28.6,0.200
28.6,0.200
28.6,0.200
28.6,0.200
28.6,0.200
28.6,0.200
28.6,0.200
28.6,0.200
28.6,0.200
28.6,0.200
28.6,0.200
28.6,0.200
28.6,0.200
28.6,0.200
28.6,0.200
28.6,0.200
28.6,0.200
28.6,0.200
28.6,0.200
28.6,0.200
28.6,0.200
28.6,0.200
28.6,0.200
28.6,0.200
28.6,0.200
28.6,0.200
28.6,0.200
28.6,0.200
28.6,0.200
28.6,0.200
28.6,0.200
28.6,0.195
28.6,0.195
28.6,0.195
28.6,0.195
28.6,0.195
28.6,0.195
28.6,0.195
28.6,0.195
28.6,0.195
28.6,0.195
28.6,0.195
28.6,0.195
28.6,0.195
28.5,0.195
28.5,0.195
28.5,0.195
28.5,0.195
28.5,0.195
28.5,0.195
28.5,0.195
28.5,0.195
28.5,0.195
28.5,0.195
28.5,0.195
28.5,0.195
28.5,0.195
28.5,0.195
28.5,0.195
28.5,0.195
28.5,0.195
28.5,0.195
28.5,0.195
28.5,0.195
28.5,0.195
28.5,0.195
28.5,0.195
28.5,0.190
28.5,0.190
28.5,0.190
28.5,0.190
28.5,0.190
28.5,0.190
28.5,0.190
28.5,0.190
28.5,0.190
28.5,0.190
28.5,0.190
28.5,0.190
28.5,0.190
28.5,0.190
28.5,0.190
28.5,0.190
28.5,0.190
28.5,0.190
28.5,0.190
28.5,0.190
28.5,0.190
28.5,0.190
28.5,0.190
28.5,0.190
28.5,0.190
28.5,0.190
28.5,0.190
28.5,0.190
28.5,0.190
28.5,0.190
28.5,0.190
28.5,0.190
28.5,0.190
28.5,0.190
28.5,0.190
28.5,0.190
28.5,0.190
28.5,0.190
28.5,0.185
28.5,0.185
28.4,0.185
28.4,0.185
28.4,0.185
28.4,0.185
28.4,0.185
28.4,0.185
28.4,0.185
28.4,0.185
28.4,0.185
28.4,0.185
28.4,0.185
28.4,0.185
28.4,0.185
28.4,0.185
28.4,0.185
28.4,0.185
28.4,0.185
28.4,0.185
28.4,0.185
28.4,0.185
28.4,0.185
28.4,0.185
28.4,0.185
28.4,0.185
28.4,0.185
28.4,0.185
28.4,0.185
28.4,0.185
28.4,0.185
28.4,0.185
28.4,0.185
28.4,0.185
28.4,0.185
28.4,0.185
28.4,0.180
28.4,0.180
28.4,0.180
28.4,0.180
28.4,0.180
28.4,0.180
28.4,0.180
28.4,0.180
28.4,0.180
28.4,0.180
28.4,0.180
28.4,0.180
28.4,0.180
28.4,0.180
28.4,0.180
28.4,0.180
28.4,0.180
28.3,0.180
28.3,0.180
28.3,0.180
28.3,0.180
28.3,0.180
28.3,0.180
28.3,0.180
28.3,0.180
28.3,0.180
28.3,0.180
28.3,0.180
28.3,0.180
28.3,0.180
28.3,0.180
28.3,0.180
28.3,0.180
28.3,0.180
28.3,0.180
28.3,0.180
28.3,0.175
28.3,0.175
28.3,0.175
28.3,0.175
28.3,0.175
28.3,0.175
28.3,0.175
28.3,0.175
28.3,0.175
28.3,0.175
28.3,0.175
28.3,0.175
28.4,0.175
28.4,0.175
28.4,0.175
28.4,0.175
28.4,0.175
28.4,0.175
28.4,0.175
28.4,0.175
28.4,0.175
28.4,0.175
28.4,0.175
28.4,0.175
28.4,0.175
28.4,0.175
28.4,0.175
28.4,0.175
28.4,0.175
28.4,0.175
28.4,0.175
28.4,0.175
28.4,0.175
28.4,0.175
28.4,0.175
28.4,0.170
28.4,0.170
28.4,0.170
28.4,0.170
28.4,0.170
28.4,0.170
28.4,0.170
28.4,0.170
28.4,0.170
28.4,0.170
28.4,0.170
28.4,0.170
28.4,0.170
28.4,0.170
28.4,0.170
28.4,0.170
28.4,0.170
28.4,0.170
28.4,0.170
28.4,0.170
28.4,0.170
28.4,0.170
28.4,0.170
28.4,0.170
28.4,0.170
28.4,0.170
28.4,0.170
28.4,0.170
28.4,0.170
28.4,0.170
28.4,0.170
28.4,0.170
28.4,0.170
28.4,0.170
28.4,0.170
28.4,0.165
28.4,0.165
28.4,0.165
28.4,0.165
28.4,0.165
28.4,0.165
28.4,0.165
28.4,0.165
28.4,0.165
28.4,0.165
28.4,0.165
28.4,0.165
28.4,0.165
28.4,0.165
28.4,0.165
28.4,0.165
28.4,0.165
28.4,0.165
28.4,0.165
28.4,0.165
28.4,0.165
28.4,0.165
28.4,0.165
28.4,0.165
28.4,0.165
28.4,0.165
28.4,0.165
28.4,0.165
28.4,0.165
28.4,0.165
28.4,0.165
28.4,0.160
28.3,0.160
28.3,0.160
28.3,0.160
28.3,0.160
28.3,0.160
28.3,0.160
28.3,0.160
28.3,0.160
28.3,0.160
28.3,0.160
28.3,0.160
28.2,0.160
28.2,0.160
28.2,0.160
28.2,0.160
28.2,0.160
28.2,0.160
28.2,0.160
28.2,0.160
28.2,0.160
28.2,0.160
28.2,0.160
28.2,0.160
28.2,0.160
28.2,0.160
28.2,0.155
28.2,0.155
28.2,0.155
28.2,0.155
28.2,0.155
28.2,0.155
28.2,0.155
28.2,0.155
28.2,0.155
28.2,0.155
28.2,0.155
28.2,0.155
28.2,0.155
28.2,0.155
28.2,0.155
28.2,0.155
28.2,0.155
28.2,0.155
28.2,0.155
28.2,0.155
28.2,0.155
28.2,0.155
28.2,0.155
28.2,0.155
28.1,0.155
28.1,0.155
28.1,0.155
28.1,0.150
28.1,0.150
28.1,0.150
28.1,0.150
28.1,0.150
28.1,0.150
28.1,0.150
28.1,0.150
28.1,0.150
28.1,0.150
28.1,0.150
28.1,0.150
28.1,0.150
28.2,0.150
28.2,0.150
28.2,0.150
28.2,0.150
28.2,0.150
28.2,0.150
28.2,0.150
28.2,0.150
28.2,0.150
28.2,0.150
28.2,0.150
28.2,0.150
28.2,0.150
28.2,0.150
28.2,0.150
28.1,0.150
28.1,0.145
28.1,0.145
28.1,0.145
28.1,0.145
28.1,0.145
28.1,0.145
28.1,0.145
28.1,0.145
28.1,0.145
28.1,0.145
28.1,0.145
28.1,0.145
28.1,0.145
28.1,0.145
28.1,0.145
28.1,0.145
28.1,0.145
28.1,0.145
28.1,0.145
28.1,0.145
28.1,0.145
28.1,0.145
28.1,0.145
28.1,0.145
28.1,0.145
28.1,0.145
28.1,0.145
28.1,0.145
28.1,0.145
28.1,0.145
28.1,0.145
28.1,0.145
28.1,0.140
28.1,0.140
28.1,0.140
28.1,0.140
28.1,0.140
28.1,0.140
28.1,0.140
28.1,0.140
28.1,0.140
28.1,0.140
28.1,0.140
28.1,0.140
28.1,0.140
28.1,0.140
28.1,0.140
28.1,0.140
28.1,0.140
28.1,0.140
28.1,0.140
28.1,0.140
28.1,0.140
28.1,0.140
28.1,0.140
28.1,0.140
28.1,0.140
28.1,0.140
28.1,0.140
28.1,0.140
28.1,0.140
28.1,0.140
28.1,0.140
28.1,0.140
28.1,0.140
28.1,0.140
28.1,0.140
28.1,0.140
28.1,0.135
28.1,0.135
28.2,0.135
28.2,0.135
28.2,0.135
28.2,0.135
28.2,0.135
28.2,0.135
28.2,0.135
28.2,0.135
28.2,0.135
28.2,0.135
28.2,0.135
28.2,0.135
28.2,0.135
28.2,0.135
28.2,0.135
28.2,0.135
28.2,0.135
28.2,0.135
28.2,0.135
28.2,0.135
28.2,0.135
28.2,0.135
28.2,0.135
28.2,0.135
28.2,0.135
28.2,0.135
28.2,0.135
28.2,0.135
28.2,0.135
28.2,0.135
28.1,0.135
28.1,0.135
28.1,0.135
28.1,0.135
28.1,0.135
28.1,0.135
28.1,0.135
28.1,0.130
28.1,0.130
28.1,0.130
28.1,0.130
28.1,0.130
28.1,0.130
28.1,0.130
28.1,0.130
28.1,0.130
28.1,0.130
28.1,0.130
28.1,0.130
28.1,0.130
28.1,0.130
28.1,0.130
28.1,0.130
28.1,0.130
28.1,0.130
28.1,0.130
28.0,0.130
28.0,0.130
28.0,0.130
28.0,0.130
28.0,0.130
28.0,0.130
28.0,0.130
28.0,0.130
28.0,0.130
28.0,0.130
28.0,0.130
28.0,0.130
28.0,0.130
28.0,0.130
28.0,0.130
28.0,0.130
28.0,0.130
28.0,0.130
28.0,0.130
28.0,0.130
28.0,0.130
28.0,0.130
28.0,0.130
28.0,0.125
28.0,0.125
28.0,0.125
28.0,0.125
28.0,0.125
28.0,0.125
28.0,0.125
28.0,0.125
28.0,0.125
28.0,0.125
28.0,0.125
28.0,0.125
28.0,0.125
28.0,0.125
28.0,0.125
28.0,0.125
28.0,0.125
28.0,0.125
28.0,0.125
28.0,0.125
28.0,0.125
28.0,0.125
28.0,0.125
28.0,0.125
28.0,0.125
28.0,0.125
28.0,0.125
28.0,0.125
28.0,0.125
28.0,0.125
28.0,0.125
28.0,0.125
28.0,0.125
28.0,0.125
28.0,0.125
28.0,0.125
28.0,0.120
28.0,0.120
28.0,0.120
28.0,0.120
28.0,0.120
28.0,0.120
28.0,0.120
28.0,0.120
28.0,0.120
28.0,0.120
28.0,0.120
28.0,0.120
28.0,0.120
28.0,0.120
28.0,0.120
28.0,0.120
28.0,0.120
28.0,0.120
28.0,0.120
28.0,0.120
28.0,0.120
28.0,0.120
28.0,0.120
28.0,0.120
28.0,0.120
28.0,0.120
28.0,0.120
28.0,0.120
28.0,0.120
28.0,0.120
28.0,0.120
28.0,0.120
28.0,0.120
28.0,0.120
28.0,0.120
28.1,0.115
28.1,0.115
28.1,0.115
28.1,0.115
28.1,0.115
28.1,0.115
28.1,0.115
28.1,0.115
28.1,0.115
28.1,0.115
28.1,0.115
28.1,0.115
28.1,0.115
28.1,0.115
28.1,0.115
28.1,0.115
28.1,0.115
28.1,0.115
28.1,0.115
28.1,0.115
28.1,0.115
28.1,0.115
28.1,0.115
28.1,0.115
28.1,0.115
28.1,0.115
28.1,0.115
28.0,0.115
27.9,0.115
27.9,0.115
27.9,0.115
27.8,0.115
27.7,0.115
27.7,0.115
27.6,0.110
27.6,0.110
27.5,0.110
27.4,0.110
27.4,0.110
27.3,0.110
27.2,0.110
27.2,0.110
27.1,0.110
27.0,0.110
26.9,0.110
26.8,0.110
26.7,0.110
26.7,0.110
26.6,0.110
26.5,0.110
26.4,0.110
26.3,0.110
26.2,0.110
26.1,0.110
26.1,0.110
26.0,0.110
25.9,0.110
25.8,0.110
25.8,0.110
25.7,0.110
25.6,0.110
25.5,0.110
25.5,0.110
25.4,0.110
25.3,0.110
25.3,0.110
25.2,0.110
25.1,0.110
25.1,0.110
25.0,0.110
25.0,0.110
24.9,0.105
24.9,0.105
24.8,0.105
24.7,0.105
24.7,0.105
24.7,0.105
24.6,0.105
24.6,0.105
24.5,0.105
24.5,0.105
24.5,0.105
24.5,0.105
24.4,0.105
24.4,0.105
24.4,0.105
24.4,0.105
24.4,0.105
24.4,0.105
24.4,0.105
24.4,0.105
24.4,0.105
24.4,0.105
24.4,0.105
24.4,0.105
24.4,0.105
24.4,0.105
24.4,0.105
24.4,0.105
24.4,0.105
24.4,0.105
24.4,0.105
24.4,0.105
24.4,0.105
24.4,0.105
24.4,0.105
24.4,0.105
24.4,0.105
24.4,0.105
24.4,0.100
24.4,0.100
24.4,0.100
24.4,0.100
24.5,0.100
24.5,0.100
24.5,0.100
24.5,0.100
24.5,0.100
24.5,0.100
24.5,0.100
24.5,0.100
24.5,0.100
24.5,0.100
24.5,0.100
24.5,0.100
24.5,0.100
24.5,0.100
24.5,0.100
24.5,0.100
24.5,0.100
24.6,0.100
24.6,0.100
24.6,0.100
24.6,0.100
24.6,0.100
24.6,0.100
24.6,0.100
24.6,0.100
24.6,0.100
24.6,0.100
24.6,0.100
24.6,0.100
24.6,0.100
24.7,0.100
24.7,0.100
24.7,0.100
24.7,0.095
24.7,0.095
24.7,0.095
24.7,0.095
24.7,0.095
24.7,0.095
24.7,0.095
24.7,0.095
24.7,0.095
24.7,0.095
24.7,0.095
24.7,0.095
24.7,0.095
24.7,0.095
24.6,0.095
24.6,0.095
24.6,0.095
24.5,0.095
24.4,0.095
24.4,0.095
24.3,0.095
24.1,0.095
24.0,0.095
23.9,0.095
23.8,0.095
23.7,0.095
23.6,0.095
23.6,0.095
23.5,0.095
23.4,0.095
23.2,0.095
23.1,0.095
23.0,0.095
22.9,0.095
22.8,0.095
22.6,0.095
22.5,0.095
22.4,0.090
22.3,0.090
22.3,0.090
22.1,0.090
22.0,0.090
21.9,0.090
21.8,0.090
21.7,0.090
21.6,0.090
21.5,0.090
21.4,0.090
21.3,0.090
21.2,0.090
21.1,0.090
21.0,0.090
20.8,0.090
20.7,0.090
20.6,0.090
20.5,0.090
20.4,0.090
20.3,0.090
20.2,0.090
20.1,0.090
20.0,0.090
19.9,0.090
19.7,0.090
19.6,0.090
19.5,0.090
19.4,0.090
19.3,0.090
19.2,0.090
19.1,0.090
19.0,0.090
18.9,0.090
18.8,0.090
18.7,0.090
18.6,0.090
18.5,0.090
18.4,0.090
18.3,0.090
18.2,0.085
18.0,0.085
17.9,0.085
17.8,0.085
17.7,0.085
17.6,0.085
17.5,0.085
17.4,0.085
17.4,0.085
17.3,0.085
17.2,0.085
17.1,0.085
17.0,0.085
16.8,0.085
16.7,0.085
16.6,0.085
16.5,0.085
16.4,0.085
16.4,0.085
16.2,0.085
16.1,0.085
16.0,0.085
16.0,0.085
15.9,0.085
15.8,0.085
15.7,0.085
15.6,0.085
15.5,0.085
15.4,0.085
15.3,0.085
15.2,0.085
15.1,0.085
15.0,0.085
15.0,0.085
14.9,0.085
14.8,0.085
14.7,0.085
14.7,0.085
14.6,0.085
14.5,0.080
14.5,0.080
14.4,0.080
14.3,0.080
14.3,0.080
14.2,0.080
14.1,0.080
14.1,0.080
14.0,0.080
13.9,0.080
13.9,0.080
13.8,0.080
13.7,0.080
13.6,0.080
13.6,0.080
13.5,0.080
13.4,0.080
13.3,0.080
13.2,0.080
13.2,0.080
13.1,0.080
13.0,0.080
13.0,0.080
12.9,0.080
12.8,0.080
12.7,0.080
12.7,0.080
12.6,0.080
12.5,0.080
12.4,0.080
12.4,0.080
12.3,0.080
12.2,0.080
12.1,0.080
12.1,0.075
12.0,0.075
11.9,0.075
11.8,0.075
11.7,0.075
11.7,0.075
11.6,0.075
11.5,0.075
11.4,0.075
11.3,0.075
11.2,0.075
11.1,0.075
11.0,0.075
11.0,0.075
10.9,0.075
10.8,0.075
10.7,0.075
10.7,0.075
10.6,0.075
10.5,0.075
10.4,0.075
10.3,0.075
10.3,0.075
10.2,0.075
10.1,0.075
10.0,0.075
9.9,0.075
9.9,0.075
9.8,0.075
9.7,0.075
9.7,0.075
9.6,0.075
9.5,0.075
9.5,0.075
9.4,0.075
9.3,0.075
9.3,0.075
9.2,0.075
9.1,0.070
9.1,0.070
9.0,0.070
9.0,0.070
8.9,0.070
8.9,0.070
8.8,0.070
8.8,0.070
8.8,0.070
8.7,0.070
8.7,0.070
8.7,0.070
8.6,0.070
8.6,0.070
8.6,0.070
8.6,0.070
8.6,0.070
8.6,0.070
8.6,0.070
8.6,0.070
8.6,0.070
8.6,0.070
8.6,0.070
8.7,0.070
8.7,0.070
8.8,0.070
8.7,0.070
8.8,0.070
8.8,0.070
8.9,0.070
8.9,0.070
8.9,0.070
8.9,0.070
9.0,0.070
9.0,0.070
9.1,0.070
9.1,0.070
9.1,0.070
9.2,0.065
9.2,0.065
9.2,0.065
9.2,0.065
9.3,0.065
9.3,0.065
9.3,0.065
9.3,0.065
9.3,0.065
9.3,0.065
9.3,0.065
9.3,0.065
9.3,0.065
9.3,0.065
9.3,0.065
9.2,0.065
9.2,0.065
9.1,0.065
9.1,0.065
9.0,0.065
9.0,0.065
8.9,0.065
8.9,0.065
8.9,0.065
8.8,0.065
8.8,0.065
8.7,0.065
8.7,0.065
8.6,0.065
8.6,0.065
8.5,0.065
8.4,0.065
8.3,0.065
8.2,0.065
8.2,0.065
8.1,0.065
8.0,0.065
8.0,0.065
7.9,0.065
7.9,0.060
7.8,0.060
7.7,0.060
7.6,0.060
7.5,0.060
7.4,0.060
7.3,0.060
7.3,0.060
7.2,0.060
7.1,0.060
7.1,0.060
7.0,0.060
6.9,0.060
6.9,0.060
6.8,0.060
6.7,0.060
6.6,0.060
6.5,0.060
6.5,0.060
6.4,0.060
6.4,0.060
6.3,0.060
6.2,0.060
6.1,0.060
6.0,0.060
5.9,0.060
5.9,0.060
5.8,0.060
5.7,0.060
5.7,0.060
5.6,0.060
5.5,0.060
5.5,0.060
5.4,0.060
5.3,0.060
5.2,0.060
5.1,0.060
5.0,0.060
5.0,0.060
4.9,0.060
4.8,0.060
4.7,0.060
4.7,0.055
4.6,0.055
4.5,0.055
4.5,0.055
4.4,0.055
4.3,0.055
4.2,0.055
4.1,0.055
4.0,0.055
4.0,0.055
3.9,0.055
3.8,0.055
3.8,0.055
3.7,0.055
3.6,0.055
3.5,0.055
3.5,0.055
3.4,0.055
3.3,0.055
3.3,0.055
3.2,0.055
3.1,0.055
3.1,0.055
3.0,0.055
2.9,0.055
2.9,0.055
2.8,0.055
2.7,0.055
2.6,0.055
2.6,0.055
2.5,0.055
2.4,0.055
2.4,0.055
2.3,0.055
2.3,0.055
2.2,0.055
2.2,0.055
2.1,0.055
2.0,0.055
2.0,0.055
1.9,0.055
1.8,0.055
1.7,0.055
1.7,0.055
1.6,0.055
1.5,0.055
1.5,0.055
1.4,0.055
1.3,0.050
1.3,0.050
1.2,0.050
1.1,0.050
1.1,0.050
1.0,0.050
0.9,0.050
0.9,0.050
0.8,0.050
0.7,0.050
0.7,0.050
0.7,0.050
0.6,0.050
0.5,0.050
0.5,0.050
0.5,0.050
0.4,0.050
0.3,0.050
0.3,0.050
0.2,0.050
0.1,0.050
0.1,0.050
0.1,0.050
0.0,0.050
0.0,0.050
-0.1,0.050
-0.1,0.050
-0.1,0.050
-0.1,0.050
-0.1,0.050
-0.1,0.050
-0.1,0.050
-0.1,0.050
-0.1,0.050
0.0,0.050
0.0,0.050
0.0,0.050
0.1,0.050
0.1,0.050
0.1,0.050
0.1,0.050
0.1,0.050
0.1,0.050
0.1,0.050
0.1,0.050
0.0,0.050
0.0,0.050
0.0,0.050
0.0,0.050
0.0,0.050
0.0,0.050
0.0,0.050
0.0,0.050
0.0,0.050
0.1,0.050
0.1,0.050
0.1,0.050
0.1,0.050
0.1,0.050
0.1,0.050
0.1,0.045
0.1,0.045
0.1,0.045
0.1,0.045
0.1,0.045
0.0,0.045
0.0,0.045
0.0,0.045
0.0,0.045
0.0,0.045
0.0,0.045
0.0,0.045
0.0,0.045
0.0,0.045
0.0,0.045
0.1,0.045
0.1,0.045
0.1,0.045
0.1,0.045
0.1,0.045
0.1,0.045
0.1,0.045
0.1,0.045
0.1,0.045
0.1,0.045
0.1,0.045
0.0,0.045
0.0,0.045
0.0,0.045
0.0,0.045
0.0,0.045
0.0,0.045
0.0,0.045
0.0,0.045
0.0,0.045
0.0,0.045
0.1,0.045
0.1,0.045
0.1,0.045
0.1,0.045
0.1,0.045
0.1,0.045
0.1,0.045
0.1,0.045
0.1,0.045
0.1,0.045
0.0,0.045
0.0,0.045
0.0,0.045
0.0,0.045
0.0,0.045
0.0,0.045
0.0,0.045
0.0,0.045
0.0,0.045
0.0,0.045
0.0,0.045
0.1,0.045
0.1,0.045
0.1,0.045
0.1,0.040
0.1,0.040
0.1,0.040
0.1,0.040
0.1,0.040
0.1,0.040
0.1,0.040
0.1,0.040
0.1,0.040
0.1,0.040
0.0,0.040
0.0,0.040
0.0,0.040
0.0,0.040
0.0,0.040
0.0,0.040
0.0,0.040
0.0,0.040
0.0,0.040
0.0,0.040
0.0,0.040
0.0,0.040
0.0,0.040
0.0,0.040
0.0,0.040
0.0,0.040
0.0,0.040
0.0,0.040
0.0,0.040
0.0,0.040
0.0,0.040
0.0,0.040
0.0,0.040
0.0,0.040
0.0,0.040
0.0,0.040
0.0,0.040
0.0,0.040
0.0,0.040
0.0,0.040
0.0,0.040
0.0,0.040
0.0,0.040
0.0,0.040
0.0,0.040
0.0,0.040
0.0,0.040
0.0,0.040
0.0,0.040
0.0,0.040
0.0,0.040
0.0,0.040
0.0,0.040
0.0,0.040
0.0,0.040
0.0,0.040
0.0,0.040
0.0,0.040
0.0,0.040
0.1,0.040
0.1,0.040
0.1,0.040
0.1,0.035
0.1,0.035
0.1,0.035
0.1,0.035
0.0,0.035
0.0,0.035
0.0,0.035
0.0,0.035
0.0,0.035
0.0,0.035
0.0,0.035
0.0,0.035
0.1,0.035
0.1,0.035
0.1,0.035
0.1,0.035
0.1,0.035
0.1,0.035
0.1,0.035
0.1,0.035
0.1,0.035
0.1,0.035
0.1,0.035
0.0,0.035
0.0,0.035
0.0,0.035
0.0,0.035
0.0,0.035
0.0,0.035
0.1,0.035
0.1,0.035
0.1,0.035
0.1,0.035
0.1,0.035
0.1,0.035
0.1,0.035
0.1,0.035
0.1,0.035
0.1,0.035
0.1,0.035
0.1,0.035
0.0,0.035
0.0,0.035
0.0,0.035
0.0,0.035
0.0,0.035
0.0,0.035
0.0,0.035
0.0,0.035
0.0,0.035
0.0,0.035
0.0,0.035
0.0,0.035
0.0,0.035
0.0,0.035
0.0,0.035
0.0,0.035
0.0,0.035
0.0,0.035
0.0,0.035
0.0,0.035
0.0,0.035
0.0,0.035
0.0,0.035
0.0,0.030
0.0,0.030
0.0,0.030
0.0,0.030
0.0,0.030
0.0,0.030
0.0,0.030
0.0,0.030
0.0,0.030
0.0,0.030
0.0,0.030
0.0,0.030
0.0,0.030
0.0,0.030
0.0,0.030
0.0,0.030
0.0,0.030
0.0,0.030
0.0,0.030
0.0,0.030
0.0,0.030
0.0,0.030
0.0,0.030
0.0,0.030
0.0,0.030
0.0,0.030
0.0,0.030
0.0,0.030
0.0,0.030
0.0,0.030
0.0,0.030
0.0,0.030
0.0,0.030
0.0,0.030
0.0,0.030
0.0,0.030
0.0,0.030
0.0,0.030
0.0,0.030
0.0,0.030
0.0,0.030
0.0,0.030
0.0,0.030
0.0,0.030
0.0,0.030
0.0,0.030
0.0,0.030
0.0,0.030
0.0,0.030
0.0,0.030
0.0,0.030
0.0,0.030
0.0,0.030
0.0,0.030
0.0,0.030
0.0,0.030
0.0,0.030
0.0,0.030
0.0,0.030
0.0,0.030
0.0,0.030
0.0,0.030
0.0,0.030
0.0,0.030
0.0,0.030
0.0,0.030
0.0,0.030
0.0,0.030
0.0,0.030
0.0,0.030
0.0,0.030
0.0,0.030
0.0,0.030
0.0,0.030
0.0,0.030
0.0,0.030
0.0,0.030
0.0,0.030
0.0,0.030
0.0,0.030
0.0,0.030
0.0,0.030
0.1,0.030
0.1,0.030
0.1,0.030
0.1,0.030
0.1,0.030
0.1,0.030
0.1,0.030
0.1,0.030
0.0,0.030
0.0,0.030
0.0,0.030
0.0,0.030
0.0,0.030
0.0,0.030
0.0,0.025
0.0,0.025
0.0,0.025
0.0,0.025
0.0,0.025
0.0,0.025
0.0,0.025
0.0,0.025
0.0,0.025
0.0,0.025
0.0,0.025
0.0,0.025
0.0,0.025
0.0,0.025
0.0,0.025
0.0,0.025
0.0,0.025
0.0,0.025
0.0,0.025
0.0,0.025
0.0,0.025
0.0,0.025
0.1,0.025
0.0,0.025
0.1,0.025
0.1,0.025
0.1,0.025
0.1,0.025
0.1,0.025
0.1,0.025
0.1,0.025
0.1,0.025
0.1,0.025
0.1,0.025
0.1,0.025
0.1,0.025
0.0,0.025
0.0,0.025
0.0,0.025
0.0,0.025
0.0,0.025
0.0,0.025
0.0,0.025
0.0,0.025
0.0,0.025
0.0,0.025
0.0,0.025
0.0,0.025
0.0,0.025
0.0,0.025
0.0,0.025
0.0,0.025
0.0,0.025
0.0,0.025
0.0,0.025
0.0,0.025
0.0,0.025
0.0,0.025
0.0,0.025
0.0,0.025
0.0,0.025
0.0,0.025
0.0,0.025
0.0,0.025
0.0,0.025
0.0,0.025
0.0,0.025
0.0,0.025
0.0,0.025
0.0,0.025
0.1,0.025
0.1,0.025
0.1,0.025
0.1,0.025
0.1,0.025
0.1,0.025
0.0,0.025
0.0,0.025
0.0,0.025
0.0,0.025
0.0,0.025
0.0,0.025
0.0,0.025
0.0,0.025
0.0,0.025
0.0,0.025
0.0,0.025
0.0,0.025
0.0,0.025
0.0,0.025
0.0,0.025
0.0,0.025
0.0,0.025
0.0,0.025
0.0,0.025
0.0,0.025
0.0,0.025
0.0,0.025
0.0,0.025
0.0,0.025
0.0,0.025
0.0,0.025
0.0,0.025
0.0,0.025
0.0,0.025
0.0,0.025
0.0,0.025
0.0,0.025
0.0,0.025
0.0,0.025
0.0,0.025
0.0,0.025
0.0,0.025
0.0,0.025
0.0,0.025
0.0,0.025
0.0,0.025
0.0,0.025
0.0,0.025
0.0,0.025
0.0,0.025
0.0,0.025
0.0,0.025
0.0,0.025
0.0,0.025
0.0,0.025
0.0,0.025
0.0,0.025
0.0,0.025
0.0,0.025
0.0,0.025
0.0,0.025
0.0,0.025
0.0,0.025
0.0,0.025
0.0,0.025
0.0,0.025
0.0,0.025
0.0,0.025
0.0,0.025
0.0,0.025
0.0,0.025
0.0,0.025
0.0,0.025
0.0,0.025
0.1,0.025
0.1,0.025
0.1,0.025
0.1,0.025
0.1,0.025
0.1,0.025
0.1,0.025
0.0,0.025
0.0,0.025
0.0,0.025
0.0,0.025
0.0,0.025
0.0,0.025
0.0,0.025
0.0,0.025
0.0,0.025
0.0,0.025
0.0,0.025
0.0,0.025
0.0,0.025
0.0,0.025
0.0,0.025
0.0,0.025
0.0,0.025
0.0,0.025
0.0,0.020
0.0,0.020
0.0,0.020
0.0,0.020
0.0,0.020
0.0,0.020
0.0,0.020
0.0,0.020
0.0,0.020
0.0,0.020
0.0,0.020
0.0,0.020
0.0,0.020
0.0,0.020
0.0,0.020
0.0,0.020
0.0,0.020
0.0,0.020
0.0,0.020
0.0,0.020
0.0,0.020
0.0,0.020
0.0,0.020
0.0,0.020
0.0,0.020
0.0,0.020
0.0,0.020
0.0,0.020
0.0,0.020
0.0,0.020
0.0,0.020
0.0,0.020
0.0,0.020
0.0,0.020
0.0,0.020
0.0,0.020
0.0,0.020
0.0,0.020
0.0,0.020
0.0,0.020
0.1,0.020
0.1,0.020
0.1,0.020
0.0,0.020
0.0,0.020
0.0,0.020
0.0,0.020
0.0,0.020
0.0,0.020
0.0,0.020
0.0,0.020
0.1,0.020
0.0,0.020
0.0,0.020
0.0,0.020
0.0,0.020
0.1,0.020
0.1,0.020
0.1,0.020
0.1,0.020
0.1,0.020
0.1,0.020
0.1,0.020
0.1,0.020
0.0,0.020
0.0,0.020
0.0,0.020
0.0,0.020
0.0,0.020
0.0,0.020
0.0,0.020
0.0,0.020
0.0,0.020
0.0,0.020
0.0,0.020
0.0,0.020
0.0,0.020
0.0,0.020
0.0,0.020
0.0,0.020
0.0,0.020
0.0,0.020
0.0,0.020
0.0,0.020
0.0,0.020
0.0,0.020
0.0,0.020
0.0,0.020
0.0,0.020
0.0,0.020
0.0,0.020
0.0,0.020
0.0,0.020
0.0,0.020
0.0,0.020
0.0,0.020
0.0,0.020
0.0,0.020
0.0,0.020
0.0,0.020
0.0,0.020
0.0,0.020
0.0,0.020
0.0,0.020
0.0,0.020
0.0,0.020
0.0,0.020
0.0,0.020
0.0,0.020
0.0,0.020
0.0,0.020
0.0,0.020
0.0,0.020
0.0,0.020
0.0,0.020
0.0,0.020
0.0,0.020
0.0,0.020
0.0,0.020
0.0,0.020
0.0,0.020
0.0,0.020
0.0,0.020
0.0,0.020
0.0,0.020
0.0,0.020
0.0,0.020
0.0,0.020
0.0,0.020
0.0,0.020
0.0,0.020
0.0,0.020
0.0,0.020
0.0,0.020
0.0,0.020
0.0,0.020
0.0,0.020
0.0,0.020
0.0,0.020
0.0,0.020
0.0,0.020
0.0,0.020
0.0,0.020
0.0,0.020
0.0,0.020
0.0,0.020
0.0,0.020
0.0,0.020
0.0,0.020
0.0,0.020
0.0,0.020
0.0,0.020
0.0,0.020
0.0,0.020
0.0,0.020
0.0,0.020
0.0,0.020
0.0,0.020
0.0,0.020
0.0,0.020
0.0,0.020
0.0,0.020
0.0,0.020
0.0,0.020
0.0,0.020
0.0,0.020
0.0,0.020
0.0,0.020
0.0,0.020
0.0,0.020
0.0,0.020
0.0,0.020
0.0,0.020
0.0,0.020
0.0,0.020
0.0,0.020
0.0,0.020
0.0,0.020
0.0,0.020
0.0,0.020
0.0,0.020
0.0,0.020
0.0,0.020
0.0,0.020
0.0,0.020
0.0,0.020
0.0,0.020
0.0,0.020
0.0,0.020
0.0,0.020
0.0,0.020
0.0,0.020
0.0,0.020
0.0,0.020
0.0,0.020
0.0,0.020
0.0,0.020
0.0,0.020
0.0,0.020
0.0,0.020
0.0,0.020
0.0,0.020
0.0,0.020
0.0,0.020
0.0,0.020
0.0,0.020
0.0,0.020
0.0,0.020
0.0,0.020
0.0,0.020
0.0,0.020
0.1,0.020
0.1,0.020
0.1,0.020
0.1,0.020
0.1,0.020
0.1,0.020
0.1,0.020
0.1,0.020
0.1,0.020
0.0,0.020
0.0,0.020
0.0,0.020
0.0,0.020
0.0,0.020
0.0,0.020
0.0,0.020
0.0,0.020
0.0,0.020
0.0,0.020
0.0,0.020
0.0,0.020
0.0,0.020
0.0,0.020
0.0,0.020
0.0,0.020
0.0,0.020
0.0,0.020
0.0,0.020
0.0,0.020
0.0,0.020
0.0,0.020
0.0,0.020
0.0,0.020
0.0,0.020
0.0,0.020
0.0,0.020
0.0,0.020
0.0,0.020
0.0,0.020
0.0,0.020
0.0,0.020
0.0,0.020
0.0,0.020
0.0,0.020
0.0,0.020
0.0,0.015
0.0,0.015
0.0,0.015
0.0,0.015
0.0,0.015
0.0,0.015
0.0,0.015
0.0,0.015
0.0,0.015
0.0,0.015
0.0,0.015
0.0,0.015
0.0,0.015
0.0,0.015
0.0,0.015
0.0,0.015
0.0,0.015
0.0,0.015
0.0,0.015
0.0,0.015
0.0,0.015
0.0,0.015
0.0,0.015
0.0,0.015
0.0,0.015
0.0,0.015
0.0,0.015
0.0,0.015
0.0,0.015
0.0,0.015
0.0,0.015
0.0,0.015
0.0,0.015
0.0,0.015
0.0,0.015
0.0,0.015
0.0,0.015
0.0,0.015
0.0,0.015
0.0,0.015
0.0,0.015
0.0,0.015
0.0,0.015
0.0,0.015
0.0,0.015
0.0,0.015
0.0,0.015
0.0,0.015
0.0,0.015
0.0,0.015
0.0,0.015
0.0,0.015
0.0,0.015
0.0,0.015
0.0,0.015
0.0,0.015
0.0,0.015
0.0,0.015
0.0,0.015
0.0,0.015
0.0,0.015
0.0,0.015
0.0,0.015
0.0,0.015
0.0,0.015
0.0,0.015
0.0,0.015
0.0,0.015
0.0,0.015
0.0,0.015
0.0,0.015
0.0,0.015
0.0,0.015
0.0,0.015
0.0,0.015
0.0,0.015
0.0,0.015
0.0,0.015
0.0,0.015
0.0,0.015
-0.1,0.015
-0.1,0.015
-0.1,0.015
-0.1,0.015
-0.1,0.015
-0.1,0.015
-0.1,0.015
-0.1,0.015
-0.1,0.015
0.0,0.015
0.1,0.015
0.1,0.015
0.1,0.015
0.1,0.015
0.1,0.015
0.1,0.015
0.1,0.015
0.1,0.015
0.1,0.015
-0.1,0.015
-0.1,0.015
-0.1,0.015
-0.1,0.015
-0.1,0.015
-0.1,0.015
-0.1,0.015
-0.1,0.015
-0.1,0.015
-0.1,0.015
-0.1,0.015
0.0,0.015
0.0,0.015
0.1,0.015
0.1,0.015
0.1,0.015
0.1,0.015
0.1,0.015
0.1,0.015
0.1,0.015
0.0,0.015
0.0,0.015
0.0,0.015
0.0,0.015
-0.1,0.015
-0.1,0.015
-0.1,0.015
-0.1,0.015
-0.1,0.015
-0.1,0.015
-0.1,0.015
0.0,0.015
0.0,0.015
0.1,0.015
0.1,0.015
0.1,0.015
0.1,0.015
0.1,0.015
0.1,0.015
0.1,0.015
0.1,0.015
0.1,0.015
0.0,0.015
0.0,0.015
0.0,0.015
0.0,0.015
0.0,0.015
0.0,0.015
0.0,0.015
0.0,0.015
0.0,0.015
0.0,0.015
0.0,0.015
0.0,0.015
0.0,0.015
0.1,0.015
0.1,0.015
0.1,0.015
0.1,0.015
0.1,0.015
0.1,0.015
0.1,0.015
0.1,0.015
0.1,0.015
0.1,0.015
0.0,0.015
-0.1,0.015
-0.1,0.015
-0.1,0.015
-0.1,0.015
0.0,0.015
0.0,0.015
0.1,0.015
0.1,0.015
0.1,0.015
0.1,0.015
0.1,0.015
0.1,0.015
0.1,0.015
0.1,0.015
0.1,0.015
0.1,0.015
0.1,0.015
0.1,0.015
0.1,0.015
0.0,0.015
0.0,0.015
0.0,0.015
0.0,0.015
0.0,0.015
0.0,0.015
0.0,0.015
0.0,0.015
0.0,0.015
0.0,0.015
0.0,0.015
0.0,0.015
0.1,0.015
0.1,0.015
0.1,0.015
0.1,0.015
0.1,0.015
0.1,0.015
0.1,0.015
0.1,0.015
0.1,0.015
0.1,0.015
0.1,0.015
0.1,0.015
0.0,0.015
0.0,0.015
0.0,0.015
0.0,0.015
0.0,0.015
0.0,0.015
0.0,0.015
0.0,0.015
0.0,0.015
0.0,0.015
0.0,0.015
0.0,0.015
0.0,0.015
0.0,0.015
0.0,0.015
0.0,0.015
0.0,0.015
0.0,0.015
0.0,0.015
0.0,0.015
0.0,0.015
0.0,0.015
0.0,0.015
0.0,0.015
0.0,0.015
0.0,0.015
0.0,0.015
0.0,0.015
0.0,0.015
0.0,0.015
0.0,0.015
0.0,0.015
0.0,0.015
0.0,0.015
0.0,0.015
0.0,0.015
0.0,0.010
0.0,0.010
0.0,0.010
0.0,0.010
0.0,0.010
0.0,0.010
0.0,0.010
0.0,0.010
0.0,0.010
0.0,0.010
0.0,0.010
0.0,0.010
0.0,0.010
0.1,0.010
0.1,0.010
0.1,0.010
0.1,0.010
0.1,0.010
0.1,0.010
0.1,0.010
0.0,0.010
0.0,0.010
0.0,0.010
0.0,0.010
0.0,0.010
0.0,0.010
0.0,0.010
0.0,0.010
0.0,0.010
0.0,0.010
0.0,0.010
0.1,0.010
0.0,0.010
0.0,0.010
0.0,0.010
0.0,0.010
0.0,0.010
0.0,0.010
0.0,0.010
0.0,0.010
0.0,0.010
0.0,0.010
0.0,0.010
0.0,0.010
0.0,0.010
0.0,0.010
0.0,0.010
0.0,0.010
0.0,0.010
0.0,0.010
0.0,0.010
0.1,0.010
0.1,0.010
0.1,0.010
0.1,0.010
0.1,0.010
0.1,0.010
0.1,0.010
0.1,0.010
0.0,0.010
0.0,0.010
0.0,0.010
0.0,0.010
0.0,0.010
0.0,0.010
0.0,0.010
0.0,0.010
0.0,0.010
0.0,0.010
0.0,0.010
0.0,0.010
0.0,0.010
0.0,0.010
0.0,0.010
0.0,0.010
0.0,0.010
0.0,0.010
0.0,0.010
0.0,0.010
0.0,0.010
0.0,0.010
0.0,0.010
0.0,0.010
0.0,0.010
0.0,0.010
0.0,0.010
0.0,0.010
0.0,0.010
0.0,0.010
0.0,0.010
0.0,0.010
0.0,0.010
0.1,0.010
0.1,0.010
0.1,0.010
0.1,0.010
0.1,0.010
0.1,0.010
0.1,0.010
0.1,0.010
0.1,0.010
0.1,0.010
0.1,0.010
0.0,0.010
0.0,0.010
0.0,0.010
0.0,0.010
0.0,0.010
0.0,0.010
0.0,0.010
0.0,0.010
0.0,0.010
0.0,0.010
0.0,0.010
0.0,0.010
0.0,0.010
0.0,0.010
0.0,0.010
0.0,0.010
0.0,0.010
0.0,0.010
0.0,0.010
0.0,0.010
0.0,0.010
0.0,0.010
0.0,0.010
0.0,0.010
0.0,0.010
0.0,0.005
0.0,0.005
0.0,0.005
0.0,0.005
0.0,0.005
0.0,0.005
0.0,0.005
0.0,0.005
0.0,0.005
0.1,0.005
0.0,0.005
0.0,0.005
0.0,0.005
0.0,0.005
0.0,0.005
0.0,0.005
0.0,0.005
0.0,0.005
0.0,0.005
0.0,0.005
0.0,0.005
0.0,0.005
0.0,0.005
0.0,0.005
0.0,0.005
0.0,0.005
0.0,0.005
0.0,0.005
0.0,0.005
0.1,0.005
0.1,0.005
0.1,0.005
0.1,0.005
0.1,0.005
0.0,0.005
0.0,0.005
0.0,0.005
0.0,0.005
0.0,0.005
0.0,0.005
0.0,0.005
0.0,0.005
0.0,0.005
0.0,0.005
0.0,0.005
0.0,0.005
0.0,0.005
0.0,0.005
0.0,0.005
0.0,0.005
0.0,0.005
0.0,0.005
0.0,0.005
0.0,0.005
0.0,0.005
0.0,0.005
0.0,0.005
0.0,0.005
0.0,0.005
0.0,0.005
0.0,0.005
0.0,0.005
0.0,0.005
0.0,0.005
0.0,0.005
0.0,0.005
0.0,0.005
0.0,0.005
0.0,0.005
0.0,0.005
0.0,0.005
0.0,0.005
0.0,0.005
0.0,0.005
0.0,0.005
0.0,0.005
0.0,0.005
0.0,0.005
0.0,0.005
0.0,0.005
0.0,0.005
0.0,0.005
0.0,0.005
0.0,0.005
0.0,0.000
0.0,0.000
0.0,0.000
0.0,0.000
0.0,0.000
0.0,0.000
0.0,0.000
0.0,0.000
0.0,0.000
0.0,0.000
0.0,0.000
0.0,0.000
0.0,0.000
0.0,0.000
0.0,0.000
0.0,0.000
0.0,0.000
0.0,0.000
0.0,0.000
0.0,0.000
0.0,0.000
0.0,0.000
0.0,0.000
0.0,0.000
0.0,0.000
0.0,0.000
0.0,0.000
0.0,0.000
0.0,0.000
0.0,0.000
0.0,0.000
0.0,0.000
0.0,0.000
0.0,0.000
0.0,0.000
0.0,0.000
0.1,0.000
0.1,0.000
0.1,0.000
0.1,0.000
0.1,0.000
0.1,0.000
0.1,0.000
0.1,0.000
0.0,0.000
0.0,0.000
0.0,0.000
0.0,0.000
0.0,0.000
0.0,0.000
0.0,0.000
0.0,0.000
0.0,0.000
0.0,0.000
0.0,0.000
0.0,0.000
0.0,0.000
0.0,0.000
0.0,0.000
0.0,0.000
0.0,0.000
0.0,0.000
0.0,0.000
0.0,0.000
0.0,0.000
0.0,0.000
0.0,0.000
0.0,0.000
0.0,0.000
0.0,0.000
0.0,0.000
0.0,0.000
0.0,0.000
0.0,0.000
0.0,0.000
0.0,0.000
0.0,0.000
0.0,0.000
0.0,0.000
0.0,0.000
0.0,0.000
0.0,0.000
0.0,0.000
0.0,0.000
0.0,0.000
0.0,0.000
0.0,0.000
0.0,0.000
0.0,0.000
0.0,0.000
0.0,0.000
0.0,0.000
0.0,0.000
0.0,0.000
0.0,-0.005
0.0,-0.005
0.0,-0.005
0.0,-0.005
0.0,-0.005
0.0,-0.005
0.0,-0.005
0.0,-0.005
0.0,-0.005
0.0,-0.005
0.0,-0.005
0.0,-0.005
0.0,-0.005
0.0,-0.005
0.0,-0.005
0.0,-0.005
0.0,-0.005
0.0,-0.005
0.0,-0.005
0.0,-0.005
0.0,-0.005
0.0,-0.005
0.0,-0.005
0.0,-0.005
0.0,-0.005
0.0,-0.005
0.0,-0.005
0.0,-0.005
0.0,-0.005
0.0,-0.005
0.0,-0.005
0.0,-0.005
0.0,-0.005
0.0,-0.005
0.0,-0.005
0.0,-0.005
0.0,-0.005
0.0,-0.005
0.0,-0.005
0.0,-0.005
0.0,-0.005
0.0,-0.005
0.0,-0.005
0.0,-0.005
0.0,-0.005
0.0,-0.005
0.0,-0.005
0.0,-0.005
0.0,-0.005
0.0,-0.005
0.0,-0.005
0.0,-0.005
0.0,-0.005
0.0,-0.005
0.0,-0.005
0.0,-0.005
0.0,-0.005
0.0,-0.005
0.0,-0.005
0.0,-0.005
0.0,-0.005
0.0,-0.005
0.0,-0.005
0.0,-0.005
0.0,-0.005
0.0,-0.005
0.0,-0.005
0.0,-0.005
0.0,-0.005
0.0,-0.005
0.0,-0.005
0.0,-0.005
0.0,-0.005
0.0,-0.005
0.0,-0.005
0.0,-0.005
0.0,-0.005
0.1,-0.005
0.0,-0.005
0.0,-0.005
0.0,-0.005
0.0,-0.005
0.0,-0.005
0.0,-0.005
0.0,-0.005
0.0,-0.005
0.0,-0.005
0.0,-0.005
0.0,-0.005
0.0,-0.005
0.0,-0.005
0.0,-0.005
0.0,-0.005
0.0,-0.005
0.0,-0.005
0.0,-0.005
0.0,-0.005
0.0,-0.005
0.0,-0.005
0.0,-0.005
0.0,-0.005
0.0,-0.005
0.0,-0.005
0.0,-0.005
0.0,-0.005
0.0,-0.005
0.0,-0.005
0.0,-0.005
0.0,-0.005
0.0,-0.005
0.0,-0.005
0.0,-0.005
0.0,-0.005
0.0,-0.005
0.0,-0.005
0.0,-0.005
0.0,-0.005
0.0,-0.010
0.0,-0.010
0.0,-0.010
0.0,-0.010
0.0,-0.010
0.0,-0.010
0.0,-0.010
0.0,-0.010
0.1,-0.010
0.1,-0.010
0.1,-0.010
0.1,-0.010
0.1,-0.010
0.1,-0.010
0.1,-0.010
0.0,-0.010
0.0,-0.010
0.0,-0.010
0.0,-0.010
0.0,-0.010
0.0,-0.010
0.0,-0.010
0.0,-0.010
0.0,-0.010
0.0,-0.010
0.1,-0.010
0.1,-0.010
0.1,-0.010
0.1,-0.010
0.1,-0.010
0.1,-0.010
0.1,-0.010
0.1,-0.010
0.0,-0.010
0.0,-0.010
0.0,-0.010
0.0,-0.010
0.0,-0.010
0.0,-0.010
0.0,-0.010
0.0,-0.010
0.0,-0.010
0.0,-0.010
0.0,-0.010
0.0,-0.010
0.0,-0.010
0.0,-0.010
0.0,-0.010
0.0,-0.010
0.0,-0.010
0.0,-0.010
0.0,-0.010
0.0,-0.010
0.0,-0.010
-0.1,-0.010
-0.1,-0.010
-0.1,-0.010
-0.1,-0.010
-0.1,-0.010
-0.1,-0.010
-0.1,-0.010
-0.1,-0.010
0.0,-0.010
0.0,-0.010
0.0,-0.010
0.0,-0.010
0.0,-0.010
0.0,-0.010
0.0,-0.010
0.0,-0.010
0.0,-0.010
0.0,-0.010
0.0,-0.010
0.0,-0.010
0.0,-0.010
0.0,-0.010
0.0,-0.010
0.0,-0.010
0.0,-0.010
0.0,-0.010
0.0,-0.010
0.0,-0.010
0.0,-0.010
0.0,-0.010
0.0,-0.010
0.0,-0.010
0.0,-0.010
0.0,-0.010
0.0,-0.010
0.0,-0.010
0.0,-0.010
0.0,-0.010
0.0,-0.010
0.0,-0.010
0.0,-0.010
0.0,-0.010
-0.1,-0.010
0.0,-0.010
0.0,-0.010
0.0,-0.010
0.0,-0.010
0.0,-0.010
0.0,-0.010
0.0,-0.010
0.0,-0.010
0.0,-0.010
0.0,-0.010
0.0,-0.010
0.0,-0.010
0.0,-0.010
0.0,-0.010
0.0,-0.010
0.0,-0.010
0.0,-0.010
0.0,-0.010
0.0,-0.010
0.0,-0.010
0.0,-0.010
0.0,-0.010
0.0,-0.010
0.0,-0.010
0.0,-0.010
0.0,-0.010
0.0,-0.010
0.0,-0.010
0.0,-0.010
0.0,-0.010
0.1,-0.010
0.1,-0.010
0.1,-0.010
0.1,-0.010
0.1,-0.010
0.1,-0.010
0.1,-0.010
0.1,-0.010
0.1,-0.010
0.1,-0.010
0.0,-0.010
0.0,-0.010
0.0,-0.010
0.0,-0.010
0.0,-0.010
0.0,-0.010
0.0,-0.010
0.0,-0.010
0.0,-0.010
0.0,-0.010
0.0,-0.010
0.0,-0.010
0.0,-0.010
0.0,-0.010
0.0,-0.010
0.0,-0.010
0.0,-0.010
0.0,-0.010
0.0,-0.010
0.0,-0.010
0.0,-0.010
0.0,-0.010
0.0,-0.010
0.0,-0.010
0.0,-0.010
0.0,-0.010
0.0,-0.010
0.0,-0.010
0.0,-0.010
0.0,-0.010
0.0,-0.010
0.0,-0.010
0.0,-0.010
0.0,-0.010
0.0,-0.010
0.0,-0.010
0.0,-0.010
0.0,-0.010
0.0,-0.010
0.0,-0.010
0.0,-0.010
0.0,-0.010
0.0,-0.010
0.0,-0.010
0.0,-0.010
0.0,-0.010
0.0,-0.010
0.0,-0.010
0.0,-0.010
0.0,-0.010
0.0,-0.010
0.0,-0.010
0.0,-0.010
0.0,-0.010
0.0,-0.010
0.0,-0.010
0.0,-0.010
0.0,-0.010
0.0,-0.010
0.0,-0.010
0.0,-0.010
0.0,-0.010
0.0,-0.010
0.0,-0.010
0.0,-0.010
0.0,-0.010
0.0,-0.010
0.0,-0.010
0.0,-0.010
0.0,-0.010
0.0,-0.010
0.0,-0.010
0.0,-0.010
0.0,-0.010
0.0,-0.010
0.0,-0.010
0.0,-0.010
0.0,-0.010
0.0,-0.010
0.0,-0.010
0.0,-0.010
0.0,-0.010
0.0,-0.010
0.0,-0.010
0.0,-0.010
0.0,-0.010
0.0,-0.010
0.0,-0.010
0.0,-0.010
0.0,-0.010
0.0,-0.010
0.0,-0.010
0.0,-0.010
0.0,-0.010
0.0,-0.010
0.0,-0.010
0.0,-0.010
0.0,-0.010
0.0,-0.010
0.0,-0.010
0.0,-0.010
0.0,-0.010
0.0,-0.010
0.0,-0.010
0.0,-0.010
0.0,-0.010
0.0,-0.010
0.0,-0.010
0.0,-0.010
0.0,-0.010
0.0,-0.010
0.0,-0.010
0.0,-0.010
0.0,-0.010
0.0,-0.010
0.0,-0.010
0.0,-0.015
0.0,-0.015
0.0,-0.015
0.0,-0.015
0.0,-0.015
0.0,-0.015
0.0,-0.015
0.0,-0.015
0.0,-0.015
0.0,-0.015
0.0,-0.015
0.0,-0.015
0.0,-0.015
0.0,-0.015
0.0,-0.015
0.0,-0.015
0.0,-0.015
0.1,-0.015
0.1,-0.015
0.1,-0.015
0.1,-0.015
0.1,-0.015
0.1,-0.015
0.1,-0.015
0.1,-0.015
0.0,-0.015
0.0,-0.015
0.0,-0.015
0.0,-0.015
0.0,-0.015
0.0,-0.015
0.0,-0.015
0.0,-0.015
0.0,-0.015
0.0,-0.015
0.0,-0.015
0.0,-0.015
0.0,-0.015
0.0,-0.015
0.0,-0.015
0.0,-0.015
0.0,-0.015
0.0,-0.015
0.0,-0.015
0.0,-0.015
0.0,-0.015
0.0,-0.015
0.0,-0.015
0.0,-0.015
0.0,-0.015
0.0,-0.015
0.0,-0.015
0.0,-0.015
0.0,-0.015
0.0,-0.015
0.0,-0.015
0.0,-0.015
0.0,-0.015
0.0,-0.015
0.0,-0.015
0.0,-0.015
0.0,-0.015
0.0,-0.015
0.0,-0.015
0.0,-0.015
0.0,-0.015
0.0,-0.015
0.0,-0.015
0.0,-0.015
0.0,-0.015
0.0,-0.015
0.0,-0.015
0.0,-0.015
0.0,-0.015
0.0,-0.015
0.0,-0.015
0.0,-0.015
0.0,-0.015
0.0,-0.015
0.0,-0.015
0.0,-0.015
0.0,-0.015
0.0,-0.015
0.0,-0.015
0.0,-0.015
0.0,-0.015
0.0,-0.015
0.0,-0.015
0.0,-0.015
0.0,-0.015
0.0,-0.015
0.0,-0.015
0.0,-0.015
0.0,-0.015
0.0,-0.015
0.0,-0.015
0.0,-0.015
0.0,-0.015
0.0,-0.015
0.0,-0.015
0.0,-0.015
0.0,-0.015
0.0,-0.015
0.0,-0.015
0.0,-0.015
0.0,-0.015
0.0,-0.015
0.0,-0.015
0.0,-0.015
0.0,-0.015
0.0,-0.015
0.0,-0.015
0.0,-0.015
0.0,-0.015
0.0,-0.015
0.0,-0.015
0.0,-0.015
0.0,-0.015
0.0,-0.015
0.0,-0.015
0.0,-0.015
0.0,-0.015
0.0,-0.015
0.0,-0.015
0.0,-0.015
0.0,-0.015
0.0,-0.015
0.0,-0.015
0.0,-0.015
0.0,-0.015
0.0,-0.015
0.0,-0.015
0.0,-0.015
0.0,-0.015
0.0,-0.015
0.0,-0.015
0.1,-0.015
0.1,-0.015
0.1,-0.015
0.1,-0.015
0.1,-0.015
0.1,-0.015
0.0,-0.015
0.0,-0.015
0.0,-0.015
0.0,-0.015
0.0,-0.015
0.0,-0.015
0.0,-0.015
0.0,-0.015
0.0,-0.015
0.0,-0.015
0.0,-0.015
0.0,-0.015
0.0,-0.015
0.0,-0.015
0.0,-0.015
0.0,-0.015
0.0,-0.015
0.0,-0.015
0.0,-0.015
0.0,-0.015
0.0,-0.015
0.0,-0.015
0.0,-0.015
0.0,-0.015
0.0,-0.015
0.0,-0.015
0.0,-0.015
0.0,-0.015
0.0,-0.015
0.0,-0.015
0.0,-0.015
0.0,-0.015
0.0,-0.015
0.0,-0.015
0.0,-0.015
0.0,-0.015
0.0,-0.015
0.0,-0.015
0.0,-0.015
0.0,-0.015
0.0,-0.015
0.0,-0.015
0.0,-0.015
0.0,-0.015
0.0,-0.015
0.0,-0.015
0.0,-0.015
0.0,-0.015
0.0,-0.015
0.0,-0.015
0.0,-0.015
0.0,-0.015
0.0,-0.015
0.0,-0.015
0.0,-0.015
0.0,-0.015
0.0,-0.015
0.0,-0.015
0.0,-0.015
0.0,-0.015
0.0,-0.015
0.0,-0.015
0.0,-0.015
0.0,-0.015
0.0,-0.015
0.0,-0.015
0.0,-0.015
0.0,-0.015
0.0,-0.015
0.0,-0.015
0.0,-0.015
0.0,-0.015
0.0,-0.015
0.0,-0.015
0.0,-0.015
0.0,-0.015
0.0,-0.015
0.0,-0.015
0.0,-0.015
0.0,-0.015
0.0,-0.015
0.0,-0.015
0.0,-0.015
0.0,-0.015
0.0,-0.015
0.0,-0.015
0.0,-0.015
0.0,-0.015
0.0,-0.015
0.0,-0.015
0.0,-0.015
0.0,-0.015
0.0,-0.015
0.0,-0.015
0.0,-0.015
0.0,-0.015
0.0,-0.015
0.0,-0.015
0.0,-0.015
0.0,-0.015
0.0,-0.015
0.0,-0.015
0.0,-0.015
0.0,-0.015
0.0,-0.015
0.0,-0.015
0.0,-0.015
0.0,-0.015
0.0,-0.015
0.0,-0.015
0.0,-0.015
0.0,-0.015
0.0,-0.015
0.0,-0.015
0.0,-0.015
0.0,-0.015
0.0,-0.015
0.0,-0.015
0.0,-0.015
0.0,-0.015
0.0,-0.015
0.0,-0.015
0.0,-0.015
0.0,-0.015
0.0,-0.015
0.0,-0.015
0.0,-0.015
0.0,-0.015
0.0,-0.015
0.0,-0.015
0.0,-0.015
0.0,-0.015
0.0,-0.015
0.0,-0.015
0.0,-0.015
0.0,-0.015
0.0,-0.015
0.0,-0.015
0.0,-0.015
0.0,-0.015
0.0,-0.015
0.0,-0.015
0.0,-0.015
0.0,-0.015
0.0,-0.015
0.0,-0.015
0.0,-0.015
0.0,-0.015
0.0,-0.015
0.0,-0.015
0.0,-0.015
0.0,-0.015
0.0,-0.015
0.0,-0.015
0.0,-0.015
0.0,-0.015
0.0,-0.015
0.0,-0.015
0.0,-0.015
0.0,-0.015
0.0,-0.015
0.0,-0.015
0.0,-0.015
0.0,-0.015
0.0,-0.015
0.0,-0.015
0.0,-0.015
0.0,-0.015
0.0,-0.015
0.0,-0.015
0.0,-0.015
0.0,-0.015
0.0,-0.015
0.0,-0.015
0.0,-0.015
0.0,-0.015
0.0,-0.015
0.0,-0.015
0.0,-0.015
0.0,-0.015
0.0,-0.015
0.0,-0.015
0.0,-0.015
0.0,-0.015
0.0,-0.015
0.0,-0.015
0.0,-0.015
0.0,-0.015
0.0,-0.015
0.0,-0.015
0.0,-0.015
0.0,-0.015
0.0,-0.015
0.0,-0.015
0.0,-0.015
0.0,-0.015
0.0,-0.015
0.0,-0.015
0.0,-0.015
0.0,-0.015
0.0,-0.015
0.0,-0.015
0.0,-0.015
0.0,-0.015
0.0,-0.015
0.0,-0.015
0.0,-0.015
0.0,-0.015
0.0,-0.015
0.0,-0.015
0.0,-0.015
0.0,-0.015
0.0,-0.015
0.0,-0.015
-0.1,-0.015
0.0,-0.015
0.0,-0.015
0.0,-0.015
0.0,-0.015
0.0,-0.015
0.0,-0.015
0.0,-0.015
0.0,-0.015
0.0,-0.015
0.0,-0.015
0.0,-0.015
0.0,-0.015
0.0,-0.015
0.0,-0.015
0.0,-0.015
0.0,-0.015
0.0,-0.015
0.0,-0.015
0.0,-0.015
0.0,-0.015
0.0,-0.015
0.0,-0.015
0.0,-0.015
0.0,-0.015
0.0,-0.015
0.0,-0.015
0.0,-0.015
0.0,-0.015
0.0,-0.015
0.0,-0.015
0.0,-0.015
0.0,-0.015
0.0,-0.015
0.0,-0.015
0.0,-0.015
0.0,-0.015
0.0,-0.015
0.0,-0.015
0.0,-0.015
0.0,-0.015
0.0,-0.015
0.0,-0.015
0.0,-0.015
-0.1,-0.015
0.0,-0.015
0.0,-0.015
0.0,-0.015
0.0,-0.015
0.0,-0.015
0.0,-0.015
0.0,-0.015
0.0,-0.015
0.0,-0.015
0.0,-0.015
0.0,-0.015
0.0,-0.015
0.0,-0.015
0.0,-0.015
0.0,-0.015
0.0,-0.015
0.0,-0.015
0.0,-0.015
-0.1,-0.015
0.0,-0.015
0.0,-0.015
0.0,-0.015
0.0,-0.015
0.0,-0.015
0.0,-0.015
0.0,-0.015
0.0,-0.015
0.0,-0.015
0.0,-0.015
0.0,-0.015
0.0,-0.015
0.0,-0.015
0.0,-0.015
0.0,-0.015
0.0,-0.015
0.0,-0.015
0.0,-0.015
0.0,-0.015
0.0,-0.015
0.0,-0.015
0.0,-0.015
0.0,-0.015
0.0,-0.015
0.0,-0.015
0.0,-0.015
0.0,-0.015
0.0,-0.015
0.0,-0.015
0.0,-0.015
0.0,-0.015
0.0,-0.015
0.0,-0.015
0.0,-0.015
0.0,-0.015
0.0,-0.015
0.0,-0.015
0.0,-0.015
0.0,-0.015
0.0,-0.015
0.0,-0.015
0.0,-0.015
0.0,-0.015
0.0,-0.015
0.0,-0.015
0.0,-0.015
0.0,-0.015
0.0,-0.015
0.0,-0.015
0.0,-0.015
0.0,-0.015
0.0,-0.015
0.0,-0.015
0.0,-0.015
0.0,-0.015
0.0,-0.015
0.0,-0.015
0.0,-0.015
0.0,-0.015
0.0,-0.015
0.0,-0.015
0.0,-0.015
0.0,-0.015
0.0,-0.015
0.0,-0.015
0.0,-0.015
0.0,-0.015
0.0,-0.015
0.0,-0.015
0.0,-0.015
0.0,-0.015
0.0,-0.015
0.0,-0.015
0.0,-0.015
0.0,-0.015
0.0,-0.015
0.0,-0.015
0.0,-0.015
0.0,-0.015
0.0,-0.015
0.0,-0.015
0.0,-0.015
0.0,-0.015
0.0,-0.015
0.0,-0.015
0.0,-0.015
0.0,-0.015
0.0,-0.015
0.0,-0.015
0.0,-0.015
0.0,-0.015
0.0,-0.015
0.0,-0.015
0.0,-0.015
0.0,-0.015
0.0,-0.015
0.0,-0.015
0.0,-0.015
0.0,-0.015
0.0,-0.015
0.0,-0.015
0.0,-0.015
0.0,-0.015
0.0,-0.015
0.0,-0.015
0.0,-0.015
0.0,-0.015
0.0,-0.015
0.0,-0.015
0.0,-0.015
0.0,-0.015
0.0,-0.015
0.0,-0.015
0.0,-0.015
0.0,-0.015
0.0,-0.015
0.0,-0.015
0.0,-0.015
0.0,-0.015
0.0,-0.015
0.0,-0.015
-0.1,-0.015
-0.1,-0.015
-0.1,-0.015
-0.1,-0.015
-0.1,-0.015
0.0,-0.015
0.0,-0.015
0.0,-0.015
0.0,-0.015
0.0,-0.015
0.1,-0.015
0.1,-0.015
0.1,-0.015
0.1,-0.015
0.1,-0.015
0.1,-0.015
0.1,-0.015
0.1,-0.015
0.1,-0.015
0.0,-0.015
-0.1,-0.015
0.0,-0.015
0.0,-0.015
0.0,-0.015
0.0,-0.015
0.0,-0.015
0.0,-0.015
0.0,-0.015
0.0,-0.015
0.0,-0.015
0.0,-0.015
0.0,-0.015
0.0,-0.015
0.0,-0.015
0.0,-0.015
0.0,-0.015
0.0,-0.015
0.0,-0.015
0.0,-0.015
-0.1,-0.015
0.0,-0.015
0.0,-0.015
0.0,-0.015
0.0,-0.015
0.0,-0.015
0.0,-0.015
0.0,-0.015
0.0,-0.015
0.0,-0.015
0.0,-0.015
0.1,-0.015
0.1,-0.015
0.1,-0.015
0.1,-0.015
0.1,-0.015
0.1,-0.015
0.1,-0.015
0.1,-0.015
0.1,-0.015
0.1,-0.015
-0.1,-0.015
0.0,-0.015
0.0,-0.015
0.0,-0.015
0.0,-0.015
0.0,-0.015
0.0,-0.015
0.0,-0.015
0.0,-0.015
0.0,-0.015
0.1,-0.015
0.1,-0.015
0.1,-0.015
0.1,-0.015
0.1,-0.015
0.1,-0.015
0.1,-0.015
0.1,-0.015
0.0,-0.015
0.0,-0.015
0.0,-0.015
0.0,-0.015
0.0,-0.015
0.0,-0.015
0.0,-0.015
0.0,-0.015
0.0,-0.015
0.0,-0.015
0.0,-0.015
0.0,-0.015
0.0,-0.015
0.0,-0.015
0.0,-0.015
0.0,-0.015
0.0,-0.015
0.0,-0.015
0.0,-0.015
0.1,-0.015
0.1,-0.015
0.1,-0.015
0.1,-0.015
0.1,-0.015
0.1,-0.015
0.0,-0.015
0.0,-0.015
0.0,-0.015
0.0,-0.015
0.0,-0.015
0.0,-0.015
0.0,-0.015
0.0,-0.015
0.0,-0.015
0.0,-0.015
0.0,-0.015
0.0,-0.015
0.0,-0.015
0.0,-0.015
0.0,-0.015
0.0,-0.015
0.0,-0.015
-0.1,-0.015
-0.1,-0.015
-0.1,-0.015
-0.1,-0.015
-0.1,-0.015
-0.1,-0.015
-0.1,-0.015
-0.1,-0.015
-0.1,-0.015
0.0,-0.015
0.0,-0.015
0.0,-0.015
0.0,-0.015
0.0,-0.015
0.0,-0.015
0.0,-0.015
0.0,-0.015
0.1,-0.015
0.1,-0.015
0.1,-0.015
0.1,-0.015
0.1,-0.015
0.0,-0.015
0.0,-0.015
0.0,-0.015
0.0,-0.015
0.0,-0.015
0.0,-0.015
0.0,-0.015
0.0,-0.015
0.0,-0.015
0.0,-0.015
0.0,-0.015
0.0,-0.015
0.0,-0.015
0.0,-0.015
0.0,-0.015
0.0,-0.015
0.0,-0.015
0.0,-0.015
0.0,-0.015
0.0,-0.015
0.0,-0.015
0.0,-0.015
0.0,-0.015
0.0,-0.015
0.0,-0.015
0.0,-0.015
0.0,-0.015
0.0,-0.015
0.0,-0.015
0.0,-0.015
0.0,-0.015
0.0,-0.015
0.0,-0.015
0.0,-0.015
0.0,-0.015
0.0,-0.015
0.0,-0.015
0.0,-0.015
0.0,-0.015
0.0,-0.015
0.0,-0.015
0.0,-0.015
0.0,-0.015
0.0,-0.015
0.0,-0.015
0.0,-0.015
0.0,-0.015
0.0,-0.015
0.0,-0.015
0.0,-0.015
0.0,-0.015
0.0,-0.015
0.0,-0.015
0.0,-0.015
0.0,-0.015
0.0,-0.015
0.0,-0.015
0.0,-0.015
0.0,-0.015
0.0,-0.015
0.0,-0.015
0.0,-0.015
0.0,-0.015
0.0,-0.015
-0.1,-0.015
-0.1,-0.015
-0.1,-0.015
0.0,-0.015
0.0,-0.015
0.0,-0.015
0.0,-0.015
0.0,-0.015
0.0,-0.015
0.0,-0.015
0.0,-0.015
0.0,-0.015
0.0,-0.015
0.0,-0.015
0.0,-0.015
0.0,-0.015
0.0,-0.015
0.0,-0.015
0.0,-0.015
0.0,-0.015
0.0,-0.015
0.0,-0.015
0.0,-0.015
0.0,-0.015
0.0,-0.015
0.0,-0.015
0.0,-0.015
0.0,-0.015
0.0,-0.015
0.0,-0.015
0.0,-0.015
0.0,-0.015
0.0,-0.015
0.0,-0.015
0.0,-0.015
0.0,-0.015
0.0,-0.015
0.0,-0.015
0.0,-0.015
0.0,-0.015
0.0,-0.015
0.0,-0.015
0.0,-0.015
0.0,-0.015
0.0,-0.015
0.0,-0.015
0.0,-0.015
0.0,-0.015
0.0,-0.015
0.0,-0.015
0.1,-0.015
0.1,-0.015
0.1,-0.015
0.1,-0.015
0.1,-0.015
0.1,-0.015
0.1,-0.015
0.1,-0.015
0.0,-0.015
0.0,-0.015
0.0,-0.015
0.0,-0.015
0.0,-0.015
0.0,-0.015
0.0,-0.015
0.0,-0.015
0.0,-0.015
0.0,-0.015
0.0,-0.015
0.0,-0.015
0.0,-0.015
0.0,-0.015
0.0,-0.015
0.0,-0.015
0.0,-0.015
0.0,-0.015
0.0,-0.015
0.0,-0.015
0.0,-0.015
0.0,-0.015
0.0,-0.015
0.0,-0.015
0.0,-0.015
0.0,-0.015
0.0,-0.015
0.0,-0.015
0.0,-0.015
0.0,-0.015
0.0,-0.015
0.0,-0.015
0.0,-0.015
0.0,-0.015
0.0,-0.015
0.0,-0.015
0.0,-0.015
0.0,-0.015
0.0,-0.015
0.0,-0.015
0.0,-0.015
0.0,-0.015
0.0,-0.015
0.0,-0.015
0.0,-0.015
0.0,-0.015
0.0,-0.015
0.0,-0.015
0.0,-0.015
0.0,-0.015
0.0,-0.015
0.0,-0.015
0.0,-0.015
0.0,-0.015
0.0,-0.015
0.0,-0.015
0.0,-0.015
0.0,-0.015
0.0,-0.015
0.0,-0.015
0.0,-0.015
0.0,-0.015
0.0,-0.015
0.0,-0.015
0.0,-0.015
0.0,-0.015
0.0,-0.015
0.0,-0.015
0.0,-0.015
0.0,-0.015
0.0,-0.015
0.0,-0.015
0.0,-0.015
0.0,-0.015
0.0,-0.015
0.0,-0.015
0.0,-0.015
0.0,-0.015
0.0,-0.015
0.0,-0.015
0.0,-0.015
0.0,-0.015
0.0,-0.015
0.0,-0.015
0.0,-0.015
0.0,-0.015
0.0,-0.015
0.0,-0.015
0.0,-0.015
0.0,-0.015
0.0,-0.015
0.0,-0.015
0.0,-0.015
0.0,-0.015
0.0,-0.015
0.0,-0.015
0.0,-0.015
0.0,-0.015
0.0,-0.015
0.0,-0.015
0.0,-0.015
0.0,-0.015
0.0,-0.015
0.0,-0.015
0.0,-0.015
0.0,-0.015
0.0,-0.015
0.0,-0.015
0.0,-0.015
0.0,-0.015
0.0,-0.015
0.0,-0.015
0.0,-0.015
0.0,-0.015
0.0,-0.015
0.0,-0.015
0.0,-0.015
0.0,-0.015
0.0,-0.015
0.0,-0.015
0.0,-0.015
0.0,-0.015
0.0,-0.015
0.0,-0.015
0.0,-0.015
0.0,-0.015
0.0,-0.015
0.0,-0.015
0.0,-0.015
0.0,-0.015
0.0,-0.015
0.0,-0.015
0.0,-0.015
0.0,-0.015
0.0,-0.015
0.0,-0.015
0.0,-0.015
0.0,-0.015
0.0,-0.015
0.0,-0.015
0.0,-0.015
0.0,-0.015
0.0,-0.015
0.0,-0.015
0.0,-0.015
0.0,-0.015
0.0,-0.015
0.0,-0.015
0.0,-0.015
0.0,-0.015
0.0,-0.015
0.0,-0.015
0.0,-0.015
0.0,-0.015
0.0,-0.015
0.0,-0.015
0.0,-0.015
0.0,-0.015
0.0,-0.015
0.0,-0.015
0.0,-0.015
0.0,-0.015
0.0,-0.015
0.0,-0.015
0.0,-0.015
0.0,-0.015
0.0,-0.015
0.0,-0.015
0.0,-0.015
0.0,-0.015
0.0,-0.015
0.0,-0.015
0.0,-0.015
0.0,-0.015
0.0,-0.015
0.0,-0.015
0.0,-0.015
0.0,-0.015
0.0,-0.015
0.0,-0.015
0.0,-0.015
0.0,-0.015
0.0,-0.015
0.0,-0.015
0.0,-0.015
0.0,-0.015
0.0,-0.015
0.0,-0.015
0.0,-0.015
0.0,-0.015
0.0,-0.015
0.1,-0.015
0.1,-0.015
0.1,-0.015
0.1,-0.015
0.1,-0.015
0.1,-0.015
0.1,-0.015
0.1,-0.015
0.0,-0.015
0.0,-0.015
0.0,-0.015
0.0,-0.015
0.0,-0.015
0.0,-0.015
0.0,-0.015
0.0,-0.015
0.0,-0.015
0.0,-0.015
-0.1,-0.015
-0.1,-0.015
-0.2,-0.015
-0.2,-0.015
-0.2,-0.015
-0.1,-0.010
-0.1,-0.010
-0.1,-0.010
0.0,-0.010
0.1,-0.010
0.1,-0.010
0.1,-0.010
0.2,-0.010
0.2,-0.010
0.2,-0.010
0.2,-0.010
0.2,-0.010
0.0,-0.010
-0.1,-0.010
-0.1,-0.010
-0.1,-0.010
-0.2,-0.010
-0.2,-0.010
-0.2,-0.010
-0.2,-0.010
-0.2,-0.010
-0.2,-0.010
-0.1,-0.010
0.0,-0.010
0.0,-0.010
0.1,-0.010
0.1,-0.010
0.2,-0.010
0.2,-0.010
0.2,-0.010
0.2,-0.010
0.1,-0.010
0.1,-0.010
0.0,-0.010
0.0,-0.010
-0.1,-0.010
-0.2,-0.010
-0.2,-0.010
-0.2,-0.010
-0.2,-0.010
-0.2,-0.010
-0.1,-0.010
-0.1,-0.010
0.0,-0.010
0.1,-0.010
0.1,-0.010
0.2,-0.010
0.2,-0.010
0.2,-0.010
0.2,-0.010
0.2,-0.010
0.2,-0.010
0.0,-0.010
0.0,-0.010
-0.1,-0.010
-0.1,-0.010
-0.1,-0.010
-0.1,-0.010
-0.1,-0.010
-0.1,-0.010
-0.1,-0.010
0.0,-0.010
0.0,-0.010
0.1,-0.010
0.1,-0.010
0.1,-0.010
0.2,-0.010
0.2,-0.010
0.2,-0.010
0.2,-0.010
0.2,-0.010
0.1,-0.010
0.0,-0.010
0.0,-0.010
0.0,-0.010
-0.1,-0.010
-0.1,-0.010
-0.1,-0.010
-0.1,-0.010
-0.1,-0.010
-0.1,-0.010
-0.1,-0.010
-0.1,-0.010
0.0,-0.010
0.0,-0.010
0.1,-0.010
0.1,-0.010
0.1,-0.010
0.1,-0.010
0.1,-0.010
0.1,-0.010
0.1,-0.010
0.0,-0.010
0.0,-0.010
-0.1,-0.010
-0.1,-0.010
-0.1,-0.010
-0.1,-0.010
-0.1,-0.010
-0.1,-0.010
-0.1,-0.010
-0.1,-0.010
0.0,-0.010
0.0,-0.010
0.1,-0.010
0.1,-0.010
0.1,-0.010
0.1,-0.010
0.2,-0.010
0.2,-0.010
0.1,-0.010
0.1,-0.010
0.1,-0.010
0.1,-0.010
0.0,-0.010
0.0,-0.010
0.0,-0.010
0.0,-0.010
-0.1,-0.010
-0.1,-0.010
-0.1,-0.010
0.0,-0.010
0.0,-0.010
0.0,-0.010
0.0,-0.010
0.1,-0.010
0.1,-0.010
0.1,-0.010
0.1,-0.010
0.1,-0.010
0.1,-0.010
0.1,-0.010
0.1,-0.010
0.0,-0.010
0.0,-0.010
-0.1,-0.010
-0.1,-0.010
-0.1,-0.010
-0.1,-0.010
-0.1,-0.010
-0.1,-0.010
-0.1,-0.010
0.1,-0.010
0.1,-0.010
0.1,-0.010
0.1,-0.010
0.1,-0.010
0.1,-0.010
0.1,-0.010
0.1,-0.010
0.1,-0.010
0.1,-0.010
0.1,-0.010
0.1,-0.010
-0.1,-0.010
-0.1,-0.010
0.0,-0.010
0.0,-0.010
0.0,-0.010
0.0,-0.010
0.0,-0.010
0.0,-0.010
0.0,-0.010
0.1,-0.010
0.1,-0.010
0.1,-0.010
0.1,-0.010
0.1,-0.010
0.1,-0.010
0.1,-0.010
0.0,-0.010
0.0,-0.010
0.0,-0.010
-0.1,-0.010
-0.1,-0.010
-0.1,-0.010
-0.1,-0.010
-0.1,-0.010
-0.1,-0.010
0.0,-0.010
0.0,-0.010
0.0,-0.010
0.0,-0.010
0.0,-0.010
0.1,-0.010
0.0,-0.010
0.0,-0.010
0.0,-0.010
0.0,-0.010
0.0,-0.010
0.0,-0.010
0.0,-0.010
0.0,-0.010
0.0,-0.010
0.0,-0.010
0.0,-0.010
0.0,-0.010
0.0,-0.010
0.0,-0.010
0.0,-0.010
0.0,-0.010
0.0,-0.010
0.1,-0.010
0.0,-0.010
0.0,-0.010
0.0,-0.010
0.0,-0.010
0.0,-0.010
0.0,-0.010
0.0,-0.010
0.0,-0.010
-0.1,-0.010
-0.1,-0.010
-0.1,-0.010
-0.1,-0.010
-0.1,-0.010
-0.1,-0.010
-0.1,-0.010
0.0,-0.010
0.1,-0.010
0.1,-0.010
0.1,-0.010
0.1,-0.010
0.1,-0.010
0.1,-0.010
0.1,-0.010
0.1,-0.010
0.1,-0.010
0.0,-0.010
0.0,-0.010
-0.1,-0.010
-0.1,-0.010
-0.1,-0.010
-0.1,-0.010
-0.1,-0.010
-0.1,-0.010
-0.1,-0.010
0.0,-0.010
0.0,-0.010
0.0,-0.010
0.1,-0.010
0.0,-0.010
0.0,-0.010
0.0,-0.010
0.0,-0.010
0.0,-0.010
0.0,-0.010
0.0,-0.010
0.0,-0.010
0.0,-0.010
0.0,-0.010
0.0,-0.010
0.0,-0.010
0.0,-0.010
0.0,-0.010
0.0,-0.010
0.0,-0.010
0.0,-0.010
0.0,-0.010
0.0,-0.010
0.0,-0.010
0.0,-0.010
0.0,-0.010
0.0,-0.010
0.0,-0.010
0.0,-0.010
0.0,-0.010
0.0,-0.010
0.0,-0.010
0.0,-0.010
0.0,-0.010
0.0,-0.010
0.0,-0.010
0.0,-0.010
0.0,-0.010
0.0,-0.010
0.0,-0.010
0.0,-0.010
0.0,-0.010
0.0,-0.010
0.0,-0.010
0.0,-0.010
0.0,-0.010
0.0,-0.010
0.0,-0.010
0.0,-0.010
0.0,-0.010
0.0,-0.010
0.0,-0.010
0.0,-0.010
0.0,-0.010
0.0,-0.010
0.0,-0.010
0.0,-0.010
0.0,-0.010
0.0,-0.010
0.0,-0.010
0.0,-0.010
0.0,-0.010
0.0,-0.010
0.0,-0.010
0.0,-0.010
0.0,-0.010
0.0,-0.010
0.0,-0.010
0.0,-0.010
0.0,-0.010
0.0,-0.010
0.0,-0.010
0.0,-0.010
0.0,-0.010
0.0,-0.010
0.0,-0.010
0.0,-0.010
0.0,-0.010
0.0,-0.010
0.0,-0.010
0.0,-0.010
0.0,-0.010
0.0,-0.010
0.0,-0.010
0.0,-0.010
0.0,-0.010
0.0,-0.010
0.0,-0.010
0.0,-0.010
0.0,-0.010
0.0,-0.010
0.0,-0.010
0.0,-0.010
0.0,-0.010
0.0,-0.010
0.0,-0.010
0.0,-0.010
0.0,-0.010
0.0,-0.010
0.0,-0.010
0.0,-0.010
0.0,-0.010
0.0,-0.010
0.0,-0.010
0.0,-0.010
0.0,-0.010
0.0,-0.010
0.0,-0.010
0.0,-0.010
0.0,-0.010
0.0,-0.010
0.0,-0.010
0.0,-0.010
0.0,-0.010
0.0,-0.010
0.0,-0.010
0.0,-0.010
0.0,-0.010
0.0,-0.010
0.0,-0.010
0.0,-0.010
0.0,-0.010
0.0,-0.010
0.0,-0.010
0.0,-0.010
0.0,-0.010
0.0,-0.010
0.0,-0.010
0.0,-0.010
0.0,-0.010
0.0,-0.010
0.0,-0.010
0.0,-0.010
0.0,-0.010
0.0,-0.010
0.0,-0.010
0.0,-0.010
0.0,-0.010
0.0,-0.010
0.0,-0.010
0.0,-0.010
0.0,-0.010
0.0,-0.010
0.1,-0.010
0.1,-0.010
0.1,-0.010
0.1,-0.010
0.0,-0.010
0.0,-0.010
-0.1,-0.010
-0.1,-0.010
-0.1,-0.010
-0.1,-0.010
-0.1,-0.010
-0.1,-0.010
-0.1,-0.010
-0.1,-0.010
0.0,-0.010
0.0,-0.010
0.1,-0.010
0.1,-0.010
0.1,-0.010
0.1,-0.010
0.1,-0.010
0.1,-0.010
0.1,-0.010
0.0,-0.010
0.0,-0.010
0.0,-0.010
-0.1,-0.010
-0.1,-0.010
-0.1,-0.010
-0.1,-0.010
-0.1,-0.010
-0.1,-0.010
-0.1,-0.010
-0.1,-0.010
0.0,-0.010
0.0,-0.010
0.1,-0.010
0.1,-0.010
0.2,-0.010
0.1,-0.010
0.1,-0.010
0.1,-0.010
0.1,-0.010
0.0,-0.010
0.0,-0.010
0.0,-0.010
0.0,-0.010
-0.1,-0.010
-0.1,-0.010
-0.1,-0.010
-0.1,-0.010
-0.1,-0.010
-0.1,-0.010
0.0,-0.010
0.0,-0.010
0.1,-0.010
0.1,-0.010
0.1,-0.005
0.1,-0.005
0.1,-0.005
0.1,-0.005
0.1,-0.005
0.1,-0.005
0.1,-0.005
0.1,-0.005
0.0,-0.005
0.0,-0.005
-0.1,-0.005
-0.1,-0.005
-0.1,-0.005
-0.1,-0.005
-0.1,-0.005
-0.1,-0.005
-0.1,-0.005
0.0,-0.005
0.0,-0.005
0.1,-0.005
0.1,-0.005
0.1,-0.005
0.1,-0.005
0.1,-0.005
0.0,-0.005
0.0,-0.005
0.0,-0.005
0.0,-0.005
0.0,-0.005
0.0,-0.005
0.0,-0.005
0.0,-0.005
0.0,-0.005
0.0,-0.005
-0.1,-0.005
-0.1,-0.005
-0.1,-0.005
0.0,-0.005
0.0,-0.005
0.0,-0.005
0.1,-0.005
0.1,-0.005
0.1,-0.005
0.1,-0.005
0.1,-0.005
0.1,-0.005
0.1,-0.005
0.1,-0.005
0.1,-0.005
0.0,-0.005
0.0,-0.005
0.0,-0.005
0.0,-0.005
0.0,-0.005
0.0,-0.005
0.0,-0.005
0.0,-0.005
0.0,-0.005
0.0,-0.005
0.0,-0.005
0.0,-0.005
0.0,-0.005
0.0,-0.005
0.0,-0.005
0.0,-0.005
0.0,-0.005
0.0,-0.005
0.0,-0.005
0.0,-0.005
0.0,-0.005
0.0,-0.005
0.0,-0.005
0.0,-0.005
0.0,-0.005
0.0,-0.005
0.0,-0.005
0.0,-0.005
0.0,-0.005
0.0,-0.005
0.0,-0.005
0.0,-0.005
0.0,-0.005
0.0,-0.005
0.0,-0.005
0.0,-0.005
0.0,-0.005
0.0,-0.005
0.0,-0.005
0.0,-0.005
0.0,-0.005
0.0,-0.005
0.0,-0.005
0.0,-0.005
0.0,-0.005
0.0,-0.005
0.0,-0.005
0.0,-0.005
0.0,-0.005
0.0,-0.005
0.0,-0.005
0.0,-0.005
0.0,-0.005
0.0,-0.005
0.0,-0.005
0.0,-0.005
0.0,-0.005
0.0,-0.005
0.0,-0.005
0.0,-0.005
0.0,-0.005
0.0,-0.005
0.0,-0.005
0.0,-0.005
0.0,-0.005
0.0,-0.005
0.0,-0.005
0.0,-0.005
0.0,-0.005
0.0,-0.005
0.0,-0.005
0.0,-0.005
0.0,-0.005
0.0,-0.005
0.0,-0.005
0.0,-0.005
0.0,-0.005
0.0,-0.005
0.0,-0.005
0.0,-0.005
0.0,-0.005
0.0,-0.005
0.0,-0.005
0.0,-0.005
0.0,-0.005
0.0,-0.005
0.0,-0.005
0.0,-0.005
0.0,-0.005
0.0,-0.005
0.0,-0.005
0.0,-0.005
0.0,-0.005
0.0,-0.005
0.0,-0.005
0.0,-0.005
0.0,-0.005
0.0,-0.005
0.0,-0.005
0.0,-0.005
0.0,-0.005
0.0,-0.005
0.0,-0.005
0.0,-0.005
0.0,-0.005
0.0,-0.005
0.0,-0.005
0.0,-0.005
0.0,-0.005
0.0,-0.005
0.0,-0.005
0.0,-0.005
0.0,-0.005
0.0,-0.005
0.0,-0.005
0.0,-0.005
0.0,-0.005
0.0,-0.005
0.0,-0.005
0.0,-0.005
0.0,-0.005
0.0,-0.005
0.0,-0.005
0.0,-0.005
0.0,-0.005
0.0,-0.005
0.0,-0.005
0.0,-0.005
0.0,-0.005
0.0,-0.005
0.0,-0.005
0.0,-0.005
0.0,-0.005
0.0,-0.005
0.0,-0.005
0.0,-0.005
0.0,-0.005
0.0,-0.005
0.0,-0.005
0.0,-0.005
0.0,-0.005
0.0,-0.005
0.0,-0.005
0.0,-0.005
0.0,-0.005
0.0,-0.005
0.0,-0.005
0.0,-0.005
0.0,-0.005
0.0,-0.005
0.0,-0.005
0.0,-0.005
0.0,-0.005
0.0,-0.005
0.0,-0.005
0.0,-0.005
0.0,-0.005
0.0,-0.005
0.0,-0.005
0.0,-0.005
0.0,-0.005
0.0,-0.005
0.0,-0.005
0.0,-0.005
0.0,-0.005
0.0,-0.005
0.0,-0.005
0.0,-0.005
0.0,-0.005
0.0,-0.005
0.0,-0.005
0.0,-0.005
0.0,-0.005
0.0,-0.005
0.0,-0.005
0.0,-0.005
0.0,-0.005
0.0,-0.005
0.0,-0.005
0.0,-0.005
0.0,-0.005
0.0,-0.005
0.0,-0.005
0.0,-0.005
0.0,-0.005
0.0,-0.005
0.0,-0.005
0.0,-0.005
0.0,-0.005
0.0,-0.005
0.0,-0.005
0.0,-0.005
0.0,-0.005
0.0,-0.005
0.0,-0.005
0.0,-0.005
0.0,-0.005
0.0,-0.005
0.0,-0.005
0.0,-0.005
0.0,-0.005
0.0,-0.005
0.1,-0.005
0.1,-0.005
0.1,-0.005
0.1,-0.005
0.1,-0.005
0.1,-0.005
0.1,-0.005
0.0,-0.005
0.0,-0.005
0.0,-0.005
-0.1,-0.005
-0.1,-0.005
0.0,-0.005
0.0,-0.005
0.0,-0.005
0.0,-0.005
0.0,-0.005
0.0,-0.005
0.0,-0.005
0.0,-0.005
0.0,-0.005
0.0,-0.005
0.1,-0.005
0.1,-0.005
0.1,-0.005
0.1,-0.005
0.1,-0.005
0.0,-0.005
-0.1,-0.005
-0.1,-0.005
0.0,-0.005
0.0,-0.005
0.0,-0.005
0.0,-0.005
0.1,-0.005
0.1,-0.005
0.1,0.000
0.2,0.000
0.2,0.000
0.2,0.000
0.2,0.000
0.2,0.000
0.1,0.000
0.1,0.000
0.0,0.000
0.0,0.000
0.0,0.000
0.0,0.000
-0.1,0.000
-0.1,0.000
-0.1,0.000
-0.1,0.000
-0.1,0.000
-0.1,0.000
-0.1,0.000
0.0,0.000
0.0,0.000
0.0,0.000
0.0,0.000
0.0,0.000
0.0,0.000
0.0,0.000
0.0,0.000
-0.1,0.000
-0.1,0.000
-0.1,0.000
-0.1,0.000
-0.1,0.000
-0.1,0.000
0.0,0.000
0.1,0.000
0.1,0.000
0.1,0.000
0.1,0.000
0.1,0.000
0.1,0.000
0.1,0.000
0.0,0.000
0.0,0.000
-0.1,0.000
-0.1,0.000
-0.1,0.000
-0.2,0.000
-0.2,0.000
-0.2,0.000
-0.1,0.000
-0.1,0.000
0.0,0.000
0.0,0.000
0.1,0.000
0.1,0.000
0.1,0.000
0.2,0.000
0.2,0.000
0.2,0.000
0.2,0.000
0.2,0.000
0.1,0.000
0.1,0.000
0.0,0.000
0.0,0.000
-0.1,0.000
-0.1,0.000
-0.1,0.000
-0.1,0.000
-0.1,0.000
0.0,0.000
-0.1,0.000
0.1,0.000
0.1,0.000
0.1,0.000
0.2,0.000
0.2,0.000
0.3,0.000
0.3,0.000
0.3,0.000
0.3,0.000
0.3,0.000
0.1,0.000
0.1,0.000
0.0,0.000
0.0,0.000
-0.1,0.000
-0.1,0.000
-0.1,0.000
-0.1,0.000
-0.1,0.000
-0.1,0.000
-0.1,0.000
0.1,0.000
0.1,0.000
0.1,0.000
0.1,0.000
0.1,0.000
0.2,0.000
0.1,0.000
0.1,0.000
0.0,0.000
0.0,0.000
-0.1,0.000
-0.1,0.000
-0.2,0.000
-0.2,0.000
-0.2,0.000
-0.2,0.000
-0.2,0.000
-0.1,0.000
0.0,0.000
0.0,0.000
0.1,0.000
0.1,0.000
0.1,0.000
0.1,0.000
0.1,0.000
0.1,0.000
0.0,0.000
0.0,0.000
-0.1,0.000
-0.1,0.000
-0.2,0.000
-0.2,0.000
-0.2,0.000
-0.2,0.000
-0.2,0.000
-0.2,0.000
-0.2,0.000
0.0,0.000
0.0,0.000
0.1,0.000
0.1,0.000
0.1,0.000
0.1,0.000
0.1,0.000
0.1,0.000
0.1,0.000
0.0,0.000
-0.1,0.000
-0.1,0.000
-0.1,0.000
-0.1,0.000
-0.1,0.000
-0.1,0.000
-0.1,0.000
-0.1,0.000
-0.1,0.000
0.0,0.000
0.0,0.000
0.1,0.000
0.1,0.000
0.1,0.000
0.1,0.000
0.1,0.000
0.1,0.000
0.1,0.000
0.0,0.000
0.0,0.000
-0.1,0.000
-0.1,0.000
-0.1,0.000
-0.1,0.000
-0.1,0.000
-0.1,0.000
-0.1,0.000
0.0,0.000
0.0,0.000
0.1,0.000
0.1,0.000
0.1,0.000
0.1,0.000
0.1,0.000
0.1,0.000
0.1,0.000
0.0,0.000
0.0,0.000
-0.1,0.000
-0.1,0.000
-0.2,0.000
-0.2,0.000
-0.2,0.000
-0.2,0.000
-0.1,0.000
-0.1,0.000
0.0,0.000
0.1,0.000
0.1,0.000
0.1,0.000
0.2,0.000
0.2,0.000
0.2,0.000
0.2,0.000
0.2,0.000
0.1,0.000
0.0,0.000
0.0,0.000
-0.1,0.000
-0.1,0.000
-0.1,0.000
-0.2,0.000
-0.2,0.000
-0.2,0.000
-0.2,0.000
-0.2,0.000
-0.1,0.000
0.0,0.000
0.0,0.000
0.0,0.000
0.1,0.000
0.1,0.000
0.1,0.000
0.1,0.000
0.1,0.000
0.1,0.000
0.1,0.000
0.1,0.000
0.0,0.000
-0.1,0.000
-0.1,0.000
-0.1,0.000
-0.1,0.000
-0.1,0.000
-0.1,0.000
-0.1,0.000
0.0,0.000
0.1,0.000
0.1,0.000
0.2,0.000
0.2,0.000
0.2,0.000
0.2,0.000
0.2,0.000
0.2,0.000
0.1,0.000
0.0,0.000
0.0,0.000
-0.1,0.000
-0.1,0.000
-0.2,0.000
-0.2,0.000
-0.2,0.000
-0.2,0.000
-0.1,0.000
0.0,0.000
0.0,0.000
0.1,0.000
0.1,0.000
0.2,0.000
0.2,0.000
0.2,0.000
0.2,0.000
0.2,0.000
0.2,0.000
0.1,0.000
0.1,0.000
0.0,0.000
0.0,0.000
-0.1,0.000
-0.1,0.000
-0.1,0.000
-0.1,0.000
-0.1,0.000
-0.1,0.000
0.0,0.000
0.0,0.000
0.1,0.000
0.1,0.000
0.1,0.000
0.2,0.000
0.2,0.000
0.2,0.000
0.2,0.000
0.1,0.000
0.2,0.000
0.0,0.000
0.0,0.000
-0.1,0.000
-0.1,0.000
-0.1,0.000
-0.1,0.000
-0.1,0.000
-0.1,0.000
0.0,0.000
0.0,0.000
0.0,0.000
0.0,0.000
0.0,0.000
0.1,0.000
0.1,0.000
0.1,0.000
0.1,0.000
0.1,0.000
0.1,0.000
0.1,0.000
0.1,0.005
0.0,0.005
0.0,0.005
-0.1,0.005
-0.1,0.005
-0.1,0.005
-0.1,0.005
-0.1,0.005
-0.1,0.005
-0.1,0.005
-0.1,0.005
0.0,0.005
0.0,0.005
0.1,0.005
0.1,0.005
0.1,0.005
0.1,0.005
0.1,0.005
0.1,0.005
0.1,0.005
0.1,0.005
0.0,0.005
0.0,0.005
0.0,0.005
0.0,0.005
0.0,0.005
0.0,0.005
0.0,0.005
0.0,0.005
0.0,0.005
0.0,0.005
0.0,0.005
0.1,0.005
0.1,0.005
0.1,0.005
0.1,0.005
0.1,0.005
0.1,0.005
0.1,0.005
0.0,0.005
0.1,0.005
-0.1,0.005
-0.1,0.005
-0.1,0.005
-0.1,0.005
-0.1,0.005
-0.1,0.005
-0.1,0.005
0.0,0.005
-0.1,0.005
0.0,0.005
0.0,0.005
0.0,0.005
0.0,0.005
0.0,0.005
0.0,0.005
0.0,0.005
0.0,0.005
0.0,0.005
0.0,0.005
-0.1,0.005
-0.1,0.005
-0.1,0.005
-0.1,0.005
-0.1,0.005
-0.1,0.005
-0.1,0.005
-0.1,0.005
-0.1,0.005
0.0,0.005
0.0,0.005
0.0,0.005
0.0,0.005
0.0,0.005
0.0,0.005
0.0,0.005
0.0,0.005
0.0,0.005
0.0,0.005
0.0,0.005
0.0,0.005
0.0,0.005
0.0,0.005
0.0,0.005
0.0,0.005
0.0,0.005
0.0,0.005
0.0,0.005
0.0,0.005
0.1,0.005
0.1,0.005
0.2,0.005
0.2,0.005
0.2,0.005
0.2,0.005
0.1,0.005
0.1,0.005
0.0,0.005
0.0,0.005
0.0,0.005
0.0,0.005
0.0,0.005
0.0,0.005
0.0,0.005
0.0,0.005
0.0,0.005
0.0,0.005
0.0,0.005
0.0,0.005
0.1,0.005
0.1,0.005
0.1,0.005
0.1,0.005
0.1,0.005
0.1,0.005
0.1,0.005
0.0,0.005
0.0,0.005
0.0,0.005
0.0,0.005
-0.1,0.005
-0.1,0.005
-0.1,0.005
-0.1,0.005
-0.1,0.005
-0.1,0.005
-0.1,0.005
-0.1,0.005
0.0,0.005
0.0,0.005
0.0,0.005
0.0,0.005
0.0,0.005
0.0,0.005
0.0,0.005
0.0,0.005
0.0,0.005
0.0,0.005
0.0,0.005
0.0,0.005
0.0,0.005
0.0,0.005
0.0,0.005
0.0,0.005
0.0,0.005
0.0,0.005
0.0,0.005
0.0,0.005
0.0,0.005
0.0,0.005
0.0,0.005
0.0,0.005
0.0,0.005
0.0,0.005
0.0,0.005
0.0,0.005
0.0,0.005
0.0,0.005
0.0,0.005
0.0,0.005
0.0,0.005
0.0,0.005
0.0,0.005
0.0,0.005
0.0,0.005
0.0,0.005
0.0,0.005
0.0,0.005
0.0,0.005
0.0,0.005
0.0,0.005
0.0,0.005
0.0,0.005
0.0,0.005
0.0,0.005
0.0,0.005
0.0,0.005
0.0,0.005
0.0,0.005
0.0,0.005
0.0,0.005
0.0,0.005
0.0,0.005
0.0,0.005
0.0,0.005
0.0,0.005
0.0,0.005
0.0,0.005
0.0,0.005
0.0,0.005
0.0,0.005
0.0,0.005
0.0,0.005
0.0,0.005
0.0,0.005
0.0,0.005
0.0,0.005
0.0,0.005
0.0,0.005
0.0,0.005
0.0,0.005
0.0,0.005
0.0,0.005
0.0,0.005
0.0,0.005
0.0,0.005
0.0,0.005
0.0,0.005
0.0,0.005
0.1,0.005
0.1,0.005
0.1,0.005
0.1,0.005
0.1,0.005
0.1,0.005
0.1,0.005
0.1,0.005
0.1,0.005
0.1,0.005
0.0,0.005
0.0,0.005
0.0,0.005
0.0,0.005
0.0,0.005
0.0,0.005
0.0,0.005
0.0,0.005
0.0,0.005
0.0,0.005
0.0,0.005
0.0,0.005
0.1,0.005
0.1,0.005
0.1,0.005
0.1,0.005
0.1,0.005
0.1,0.005
0.0,0.005
0.0,0.005
0.0,0.005
0.0,0.005
0.0,0.005
0.0,0.005
0.0,0.005
0.0,0.005
0.1,0.005
0.1,0.005
0.1,0.005
0.1,0.005
0.1,0.005
0.1,0.005
0.1,0.005
0.1,0.005
0.1,0.005
0.1,0.005
0.1,0.005
0.0,0.005
-0.1,0.005
-0.1,0.005
-0.1,0.005
-0.1,0.005
-0.1,0.005
-0.1,0.005
-0.1,0.005
-0.1,0.005
-0.1,0.005
0.0,0.005
0.0,0.005
0.0,0.005
0.0,0.005
0.0,0.005
0.0,0.005
0.0,0.005
0.0,0.005
0.0,0.005
0.0,0.005
0.0,0.005
-0.1,0.005
-0.1,0.005
-0.1,0.005
-0.1,0.005
-0.1,0.005
-0.1,0.005
0.0,0.005
0.1,0.005
0.1,0.005
0.1,0.005
0.1,0.005
0.1,0.005
0.1,0.005
0.1,0.005
0.1,0.005
0.1,0.005
0.1,0.005
0.0,0.005
0.0,0.005
0.0,0.005
0.0,0.005
-0.1,0.005
-0.1,0.005
-0.1,0.005
-0.1,0.005
-0.1,0.005
-0.1,0.005
-0.1,0.005
-0.1,0.005
-0.1,0.005
-0.1,0.005
0.0,0.005
0.0,0.005
0.0,0.005
0.0,0.005
0.0,0.005
0.0,0.005
0.0,0.005
0.0,0.005
-0.1,0.005
0.0,0.005
0.0,0.005
0.0,0.005
0.0,0.005
-0.1,0.005
-0.1,0.005
-0.1,0.005
-0.1,0.005
0.0,0.005
0.0,0.005
0.0,0.005
0.0,0.005
0.0,0.005
0.0,0.005
0.0,0.005
0.0,0.005
0.0,0.005
0.0,0.005
0.0,0.005
0.0,0.005
0.0,0.005
0.0,0.005
0.0,0.005
0.0,0.005
0.0,0.005
0.0,0.005
0.0,0.005
0.0,0.010
0.0,0.010
0.0,0.010
0.0,0.010
0.0,0.010
0.0,0.010
0.0,0.010
0.1,0.010
0.1,0.010
0.1,0.010
0.1,0.010
0.0,0.010
0.0,0.010
0.0,0.010
0.0,0.010
0.0,0.010
0.0,0.010
0.0,0.010
0.0,0.010
0.0,0.010
0.0,0.010
0.0,0.010
0.0,0.010
0.0,0.010
0.0,0.010
0.0,0.010
0.0,0.010
0.0,0.010
0.0,0.010
0.0,0.010
0.0,0.010
-0.1,0.010
-0.1,0.010
-0.1,0.010
-0.1,0.010
-0.1,0.010
-0.1,0.010
-0.1,0.010
0.0,0.010
-0.1,0.010
0.0,0.010
0.0,0.010
0.0,0.010
0.0,0.010
0.0,0.010
0.0,0.010
0.0,0.010
0.0,0.010
0.0,0.010
0.0,0.010
0.0,0.010
0.0,0.010
0.0,0.010
0.0,0.010
0.0,0.010
0.0,0.010
0.0,0.010
0.0,0.010
0.0,0.010
0.0,0.010
0.0,0.010
0.0,0.010
0.0,0.010
0.0,0.010
0.0,0.010
0.0,0.010
0.0,0.010
0.0,0.010
0.0,0.010
0.0,0.010
0.0,0.010
0.0,0.010
0.0,0.010
0.0,0.010
0.0,0.010
0.0,0.010
0.0,0.010
0.0,0.010
0.0,0.010
0.0,0.010
0.0,0.010
0.0,0.010
0.0,0.010
0.0,0.010
0.0,0.010
0.0,0.010
0.0,0.010
0.0,0.010
0.0,0.010
0.0,0.010
0.0,0.010
0.0,0.010
-0.1,0.010
-0.1,0.010
-0.1,0.010
-0.1,0.010
-0.1,0.010
-0.1,0.010
-0.1,0.010
-0.1,0.010
0.0,0.010
-0.1,0.010
0.0,0.010
0.0,0.010
0.0,0.010
0.0,0.010
0.0,0.010
0.0,0.010
0.0,0.010
0.0,0.010
0.0,0.010
0.0,0.010
0.0,0.010
0.0,0.010
0.0,0.010
0.0,0.010
0.0,0.010
0.0,0.010
0.0,0.010
0.0,0.010
0.0,0.010
0.0,0.010
0.0,0.010
0.0,0.010
0.0,0.010
0.1,0.010
0.1,0.010
0.1,0.010
0.1,0.010
0.1,0.010
0.1,0.010
0.0,0.010
0.0,0.010
0.0,0.010
0.0,0.010
0.0,0.010
0.0,0.010
0.0,0.010
0.0,0.010
0.0,0.010
0.0,0.010
0.0,0.010
0.0,0.010
0.0,0.010
0.0,0.010
0.0,0.010
0.0,0.010
0.0,0.010
0.0,0.010
0.0,0.010
0.0,0.010
0.0,0.010
0.0,0.010
0.0,0.010
0.0,0.010
0.0,0.010
0.0,0.010
-0.1,0.010
-0.1,0.010
-0.1,0.010
-0.1,0.010
-0.1,0.010
-0.1,0.010
0.0,0.010
0.0,0.010
0.0,0.010
0.1,0.010
0.0,0.010
0.0,0.010
0.0,0.010
0.0,0.010
0.0,0.010
0.0,0.010
0.0,0.010
0.0,0.010
0.0,0.010
0.0,0.010
0.0,0.010
0.0,0.010
0.0,0.010
0.0,0.010
0.0,0.010
0.0,0.010
0.0,0.010
0.0,0.010
0.0,0.010
0.0,0.010
0.0,0.010
0.0,0.010
0.0,0.010
0.0,0.010
0.0,0.010
0.0,0.010
0.0,0.010
0.0,0.010
0.0,0.010
0.0,0.010
0.0,0.010
0.0,0.010
0.0,0.010
0.0,0.010
0.0,0.010
0.0,0.010
0.0,0.010
0.0,0.010
0.0,0.010
0.0,0.010
0.0,0.010
0.0,0.010
0.0,0.010
0.0,0.010
0.0,0.010
0.0,0.010
0.0,0.010
0.0,0.010
0.0,0.010
0.0,0.010
0.0,0.010
0.0,0.010
0.0,0.010
0.0,0.010
0.0,0.010
0.0,0.010
0.0,0.010
0.0,0.010
0.0,0.010
0.0,0.010
0.0,0.010
0.0,0.010
0.0,0.010
0.0,0.010
0.0,0.010
0.0,0.010
0.0,0.010
0.0,0.010
0.0,0.010
0.0,0.010
0.0,0.010
0.0,0.010
0.0,0.010
0.0,0.010
0.0,0.010
0.0,0.010
0.0,0.010
0.0,0.010
0.0,0.010
0.0,0.010
0.0,0.010
0.0,0.010
0.0,0.010
0.0,0.010
0.0,0.010
0.0,0.010
0.0,0.010
0.0,0.010
0.0,0.010
0.0,0.010
0.0,0.010
0.0,0.010
0.0,0.010
0.0,0.010
0.0,0.010
0.0,0.010
0.0,0.010
0.0,0.010
0.0,0.010
0.0,0.010
0.0,0.010
0.0,0.010
0.0,0.010
0.0,0.010
0.0,0.010
0.0,0.010
0.0,0.010
0.0,0.010
0.0,0.010
0.0,0.010
0.0,0.010
0.0,0.010
0.0,0.010
0.0,0.010
0.0,0.010
0.0,0.010
0.0,0.010
0.0,0.010
0.0,0.010
0.0,0.010
0.0,0.010
0.0,0.010
0.0,0.010
0.0,0.010
0.0,0.010
0.0,0.010
0.0,0.010
0.0,0.010
0.0,0.010
0.0,0.010
0.0,0.010
0.0,0.010
0.0,0.010
0.0,0.010
0.0,0.010
0.0,0.010
0.0,0.010
0.0,0.010
0.0,0.010
0.0,0.010
0.0,0.010
0.0,0.010
0.0,0.010
0.0,0.010
0.0,0.010
0.0,0.010
0.0,0.010
0.0,0.010
0.0,0.010
0.0,0.010
0.0,0.010
0.0,0.010
0.0,0.010
0.0,0.010
0.0,0.010
0.0,0.010
0.0,0.010
0.0,0.010
0.0,0.010
0.0,0.010
0.1,0.010
0.1,0.010
0.1,0.010
0.1,0.010
0.1,0.010
0.1,0.010
0.0,0.010
0.0,0.010
0.0,0.010
0.0,0.010
0.0,0.010
0.0,0.010
0.0,0.010
0.0,0.010
0.0,0.010
0.0,0.010
0.0,0.010
0.0,0.010
0.0,0.010
0.0,0.010
0.0,0.010
0.0,0.010
0.0,0.010
0.0,0.015
0.0,0.015
0.0,0.015
0.0,0.015
0.0,0.015
0.0,0.015
0.0,0.015
0.0,0.015
0.0,0.015
0.0,0.015
0.0,0.015
0.0,0.015
0.0,0.015
0.0,0.015
0.0,0.015
0.0,0.015
0.0,0.015
0.0,0.015
0.0,0.015
0.0,0.015
0.0,0.015
0.0,0.015
0.0,0.015
0.0,0.015
0.0,0.015
0.0,0.015
0.0,0.015
0.0,0.015
0.0,0.015
0.0,0.015
0.0,0.015
0.0,0.015
0.0,0.015
0.0,0.015
0.0,0.015
0.0,0.015
0.0,0.015
0.0,0.015
0.0,0.015
0.0,0.015
0.0,0.015
0.0,0.015
0.0,0.015
0.0,0.015
0.0,0.015
0.0,0.015
0.0,0.015
0.0,0.015
0.0,0.015
0.0,0.015
0.0,0.015
0.0,0.015
0.0,0.015
0.0,0.015
0.0,0.015
0.0,0.015
0.0,0.015
0.0,0.015
0.0,0.015
0.0,0.015
0.0,0.015
0.0,0.015
0.0,0.015
0.0,0.015
0.0,0.015
0.0,0.015
0.0,0.015
0.0,0.015
0.0,0.015
0.0,0.015
0.0,0.015
0.0,0.015
0.0,0.015
0.0,0.015
0.0,0.015
0.0,0.015
0.0,0.015
0.0,0.015
0.0,0.015
0.0,0.015
0.0,0.015
0.0,0.015
0.0,0.015
0.0,0.015
0.1,0.015
0.1,0.015
0.1,0.015
0.1,0.015
0.1,0.015
0.1,0.015
0.1,0.015
0.1,0.015
0.1,0.015
0.1,0.015
0.0,0.015
0.0,0.015
0.0,0.015
0.0,0.015
0.0,0.015
0.0,0.015
0.0,0.015
0.0,0.015
-0.1,0.015
-0.1,0.015
-0.1,0.015
-0.1,0.015
-0.1,0.015
0.0,0.015
0.0,0.015
0.0,0.015
0.1,0.015
0.1,0.015
0.1,0.015
0.1,0.015
0.1,0.015
0.1,0.015
0.1,0.015
0.1,0.015
0.1,0.015
0.1,0.015
0.1,0.015
0.0,0.015
-0.1,0.015
-0.1,0.015
-0.1,0.015
-0.1,0.015
-0.1,0.015
-0.1,0.015
-0.1,0.015
-0.1,0.015
-0.1,0.015
0.0,0.015
0.0,0.015
0.1,0.015
0.1,0.015
0.2,0.015
0.2,0.015
0.2,0.015
0.2,0.015
0.2,0.015
0.2,0.015
0.1,0.015
0.1,0.015
0.0,0.015
0.0,0.015
0.0,0.015
-0.1,0.015
-0.1,0.015
-0.1,0.015
-0.1,0.015
-0.1,0.015
0.0,0.015
0.0,0.015
0.1,0.015
0.2,0.015
0.2,0.015
0.3,0.015
0.3,0.015
0.3,0.015
0.2,0.015
0.2,0.015
0.1,0.015
0.1,0.015
0.0,0.015
0.0,0.015
0.0,0.015
0.0,0.015
-0.1,0.015
-0.1,0.015
-0.1,0.015
-0.1,0.015
-0.1,0.015
-0.1,0.015
-0.2,0.015
-0.1,0.015
-0.2,0.015
-0.3,0.015
-0.3,0.015
-0.3,0.015
-0.4,0.015
-0.4,0.015
-0.4,0.015
-0.4,0.015
-0.4,0.015
-0.4,0.015
-0.4,0.015
-0.3,0.015
-0.3,0.015
-0.2,0.015
-0.1,0.015
0.0,0.015
0.0,0.015
0.1,0.015
0.2,0.015
0.2,0.015
0.2,0.015
0.2,0.015
0.2,0.015
0.2,0.015
0.2,0.015
0.0,0.015
0.0,0.015
0.0,0.015
0.0,0.015
0.0,0.015
0.0,0.015
0.0,0.015
0.1,0.015
0.2,0.015
0.2,0.015
0.2,0.015
0.3,0.015
0.3,0.015
0.3,0.015
0.3,0.015
0.2,0.015
0.1,0.015
0.1,0.015
0.0,0.015
0.0,0.015
-0.1,0.015
-0.1,0.015
-0.1,0.015
-0.1,0.015
-0.1,0.015
0.0,0.015
0.0,0.015
0.1,0.015
0.2,0.015
0.2,0.015
0.3,0.015
0.3,0.015
0.3,0.015
0.3,0.015
0.3,0.015
0.2,0.015
0.2,0.015
0.1,0.015
0.0,0.015
-0.1,0.015
-0.1,0.015
-0.1,0.015
-0.2,0.015
-0.2,0.015
-0.2,0.015
-0.1,0.015
-0.1,0.015
0.0,0.015
0.0,0.015
0.1,0.015
0.1,0.015
0.1,0.015
0.1,0.015
0.0,0.015
0.0,0.015
-0.1,0.015
-0.2,0.015
-0.2,0.015
-0.3,0.015
-0.3,0.015
-0.3,0.015
-0.4,0.015
-0.4,0.015
-0.4,0.015
-0.3,0.015
-0.2,0.015
-0.1,0.015
-0.1,0.015
0.0,0.015
0.1,0.015
0.1,0.015
0.1,0.015
0.2,0.015
0.2,0.015
0.2,0.015
0.2,0.015
0.1,0.015
0.1,0.015
0.0,0.015
0.0,0.015
0.0,0.015
0.0,0.015
0.0,0.015
0.0,0.015
0.0,0.015
0.1,0.015
0.1,0.015
0.2,0.015
0.3,0.015
0.3,0.015
0.3,0.015
0.3,0.015
0.3,0.015
0.3,0.015
0.2,0.015
0.2,0.015
0.1,0.015
0.1,0.015
0.0,0.015
0.0,0.015
0.0,0.015
0.0,0.015
0.0,0.015
0.0,0.015
0.0,0.015
0.0,0.015
0.0,0.015
0.0,0.015
0.0,0.015
0.0,0.015
0.0,0.015
0.0,0.015
0.0,0.015
0.0,0.015
0.0,0.015
-0.1,0.015
-0.1,0.015
-0.1,0.015
-0.2,0.015
-0.2,0.015
-0.2,0.015
-0.2,0.015
-0.2,0.015
-0.2,0.015
-0.1,0.015
-0.1,0.015
0.0,0.015
0.0,0.015
0.0,0.015
0.1,0.015
0.1,0.015
0.1,0.015
0.1,0.015
0.1,0.015
0.1,0.020
0.1,0.020
0.1,0.020
0.1,0.020
0.1,0.020
0.1,0.020
0.1,0.020
0.1,0.020
0.1,0.020
0.1,0.020
0.1,0.020
0.1,0.020
0.1,0.020
0.1,0.020
0.1,0.020
0.1,0.020
0.1,0.020
0.1,0.020
0.1,0.020
0.1,0.020
0.1,0.020
0.1,0.020
0.1,0.020
0.1,0.020
0.0,0.020
0.0,0.020
0.0,0.020
0.0,0.020
0.0,0.020
0.0,0.020
0.0,0.020
-0.1,0.020
0.0,0.020
0.0,0.020
0.0,0.020
0.0,0.020
-0.1,0.020
-0.1,0.020
-0.1,0.020
-0.1,0.020
0.0,0.020
0.0,0.020
0.0,0.020
0.0,0.020
0.0,0.020
0.0,0.020
0.0,0.020
0.0,0.020
0.0,0.020
0.0,0.020
0.0,0.020
0.0,0.020
0.0,0.020
0.0,0.020
0.0,0.020
0.0,0.020
0.0,0.020
0.0,0.020
0.0,0.020
0.0,0.020
0.0,0.020
0.0,0.020
0.0,0.020
0.0,0.020
0.0,0.020
0.0,0.020
0.0,0.020
0.0,0.020
0.0,0.020
0.0,0.020
0.0,0.020
0.0,0.020
0.0,0.020
0.0,0.020
0.0,0.020
0.0,0.020
0.0,0.020
0.0,0.020
0.0,0.020
0.0,0.020
0.0,0.020
0.0,0.020
0.0,0.020
0.0,0.020
0.0,0.020
0.0,0.020
0.0,0.020
0.0,0.020
0.0,0.020
0.0,0.020
0.0,0.020
0.0,0.020
0.0,0.020
0.0,0.020
0.0,0.020
0.0,0.020
0.0,0.020
0.0,0.020
0.0,0.020
0.0,0.020
0.0,0.020
0.0,0.020
0.0,0.020
0.0,0.020
0.0,0.020
0.0,0.020
0.0,0.020
0.0,0.020
0.0,0.020
0.0,0.020
0.0,0.020
0.0,0.020
0.0,0.020
0.0,0.020
0.0,0.020
0.0,0.020
-0.1,0.020
-0.1,0.020
-0.1,0.020
-0.1,0.020
-0.1,0.020
0.0,0.020
0.0,0.020
0.0,0.020
0.1,0.020
0.1,0.020
0.1,0.020
0.1,0.020
0.1,0.020
0.1,0.020
0.1,0.020
0.1,0.020
0.1,0.020
0.1,0.020
0.1,0.020
0.1,0.020
0.0,0.020
0.0,0.020
0.0,0.020
0.0,0.020
0.0,0.020
0.0,0.020
0.0,0.020
0.0,0.020
0.0,0.020
0.1,0.020
0.1,0.020
0.1,0.020
0.1,0.020
0.1,0.020
0.1,0.020
0.1,0.020
0.1,0.020
0.0,0.020
0.0,0.020
0.0,0.020
0.0,0.020
0.0,0.020
0.0,0.020
0.0,0.020
0.0,0.020
0.0,0.020
0.0,0.020
0.0,0.020
0.0,0.020
0.0,0.020
0.0,0.020
0.0,0.020
0.0,0.020
0.0,0.020
0.0,0.020
-0.1,0.020
-0.1,0.020
-0.1,0.020
-0.1,0.020
-0.1,0.020
-0.1,0.020
-0.1,0.020
-0.1,0.020
-0.1,0.020
0.0,0.020
0.0,0.020
0.1,0.020
0.1,0.020
0.1,0.020
0.1,0.020
0.1,0.020
0.1,0.020
0.1,0.020
0.1,0.020
0.1,0.020
0.0,0.020
-0.1,0.020
-0.1,0.020
-0.1,0.020
-0.1,0.020
-0.1,0.020
-0.1,0.020
-0.1,0.020
-0.1,0.020
-0.1,0.020
0.0,0.020
0.0,0.020
0.1,0.020
0.1,0.020
0.1,0.020
0.1,0.020
0.1,0.020
0.1,0.020
0.1,0.020
0.0,0.020
0.0,0.020
-0.1,0.020
-0.1,0.020
-0.1,0.020
-0.1,0.020
-0.1,0.020
-0.1,0.020
-0.1,0.020
0.0,0.020
0.0,0.020
0.1,0.020
0.1,0.020
0.1,0.020
0.1,0.020
0.1,0.020
0.1,0.020
0.1,0.020
0.1,0.020
0.0,0.020
0.0,0.020
-0.1,0.020
-0.1,0.020
-0.1,0.020
-0.1,0.020
-0.1,0.020
-0.1,0.020
-0.1,0.020
-0.1,0.020
-0.1,0.020
0.0,0.020
0.0,0.020
0.0,0.020
0.1,0.020
0.1,0.020
0.1,0.020
0.1,0.020
0.1,0.020
0.1,0.020
0.1,0.020
0.0,0.020
-0.1,0.020
-0.1,0.020
-0.1,0.020
-0.1,0.020
-0.1,0.020
-0.1,0.020
-0.1,0.020
0.0,0.020
0.0,0.020
0.0,0.020
0.1,0.020
0.1,0.020
0.1,0.020
0.1,0.020
0.1,0.020
0.1,0.020
0.0,0.020
0.1,0.020
0.0,0.020
0.0,0.020
-0.1,0.020
-0.1,0.020
-0.1,0.020
-0.1,0.020
-0.1,0.020
-0.1,0.020
-0.1,0.020
-0.1,0.020
-0.1,0.020
0.0,0.020
0.0,0.020
0.0,0.020
0.0,0.020
0.1,0.020
0.1,0.020
0.1,0.020
0.1,0.020
0.1,0.020
0.1,0.020
0.1,0.020
0.0,0.020
0.0,0.020
-0.1,0.020
-0.1,0.020
-0.1,0.020
-0.1,0.020
-0.1,0.020
-0.1,0.020
-0.1,0.020
-0.1,0.020
-0.1,0.020
0.0,0.020
0.0,0.020
0.0,0.020
0.0,0.020
0.0,0.020
0.0,0.020
0.0,0.020
0.0,0.020
0.0,0.020
-0.1,0.020
-0.1,0.020
-0.1,0.020
-0.1,0.020
-0.1,0.020
-0.1,0.020
-0.1,0.020
-0.1,0.020
-0.1,0.020
-0.1,0.020
0.0,0.020
0.0,0.020
0.1,0.020
0.1,0.020
0.1,0.020
0.1,0.020
0.1,0.020
0.1,0.020
0.1,0.020
0.1,0.020
0.1,0.020
0.1,0.020
0.1,0.020
0.1,0.020
0.1,0.020
0.1,0.020
0.1,0.025
0.1,0.025
0.1,0.025
0.0,0.025
0.0,0.025
0.0,0.025
0.0,0.025
0.0,0.025
0.0,0.025
0.1,0.025
0.1,0.025
0.1,0.025
0.1,0.025
0.1,0.025
0.1,0.025
0.0,0.025
0.0,0.025
0.0,0.025
0.0,0.025
0.0,0.025
0.0,0.025
0.0,0.025
0.0,0.025
0.0,0.025
0.0,0.025
0.0,0.025
0.0,0.025
0.0,0.025
0.0,0.025
0.0,0.025
0.0,0.025
0.0,0.025
0.0,0.025
0.0,0.025
0.0,0.025
0.0,0.025
-0.1,0.025
0.0,0.025
0.0,0.025
0.0,0.025
0.0,0.025
0.0,0.025
0.0,0.025
0.0,0.025
0.0,0.025
0.0,0.025
0.0,0.025
0.0,0.025
0.0,0.025
0.0,0.025
0.0,0.025
0.0,0.025
0.0,0.025
0.0,0.025
0.0,0.025
0.0,0.025
0.0,0.025
0.0,0.025
0.0,0.025
0.0,0.025
0.0,0.025
0.0,0.025
0.0,0.025
0.0,0.025
0.0,0.025
0.1,0.025
0.1,0.025
0.1,0.025
0.1,0.025
0.1,0.025
0.1,0.025
0.1,0.025
0.1,0.025
0.1,0.025
-0.1,0.025
0.0,0.025
0.0,0.025
0.0,0.025
0.0,0.025
-0.1,0.025
-0.1,0.025
-0.1,0.025
-0.1,0.025
-0.1,0.025
-0.1,0.025
0.0,0.025
0.0,0.025
0.0,0.025
0.0,0.025
0.0,0.025
0.0,0.025
0.0,0.025
0.0,0.025
0.0,0.025
0.0,0.025
0.0,0.025
0.0,0.025
0.0,0.025
0.0,0.025
0.0,0.025
-0.1,0.025
-0.1,0.025
0.0,0.025
0.0,0.025
0.0,0.025
0.1,0.025
0.0,0.025
0.0,0.025
0.0,0.025
0.0,0.025
0.0,0.025
0.0,0.025
-0.1,0.025
-0.1,0.025
-0.1,0.025
-0.1,0.025
-0.1,0.025
-0.1,0.025
-0.1,0.025
0.0,0.025
0.0,0.025
0.1,0.025
0.1,0.025
0.1,0.025
0.1,0.025
0.1,0.025
0.1,0.025
0.1,0.025
0.1,0.025
0.1,0.025
0.0,0.025
0.0,0.025
-0.1,0.025
-0.1,0.025
-0.1,0.025
-0.1,0.025
-0.1,0.025
-0.1,0.025
-0.1,0.025
-0.1,0.025
0.0,0.025
0.0,0.025
0.0,0.025
0.0,0.025
0.0,0.025
0.0,0.025
0.0,0.025
0.0,0.025
0.0,0.025
0.0,0.025
0.0,0.025
0.0,0.025
0.0,0.025
0.0,0.025
-0.1,0.025
-0.1,0.025
-0.1,0.025
-0.1,0.025
-0.1,0.025
-0.1,0.025
0.0,0.025
0.1,0.025
0.1,0.025
0.1,0.025
0.1,0.025
0.1,0.025
0.1,0.025
0.1,0.025
0.0,0.025
0.0,0.025
0.0,0.025
0.0,0.025
0.0,0.025
0.0,0.025
0.0,0.025
0.0,0.025
0.0,0.025
0.0,0.025
0.1,0.025
0.0,0.025
0.1,0.025
0.1,0.025
0.1,0.025
0.1,0.025
0.1,0.025
0.1,0.025
0.1,0.025
0.1,0.025
0.0,0.025
0.0,0.025
0.0,0.025
-0.1,0.025
0.0,0.025
0.0,0.025
0.0,0.025
0.0,0.025
0.0,0.025
0.0,0.025
0.1,0.025
0.1,0.025
0.1,0.025
0.1,0.025
0.1,0.025
0.1,0.025
0.1,0.025
0.1,0.025
0.1,0.025
0.1,0.025
0.0,0.025
0.0,0.025
0.0,0.025
0.0,0.025
0.0,0.025
0.0,0.025
0.0,0.025
0.0,0.025
0.0,0.025
0.0,0.025
0.0,0.025
0.0,0.025
0.0,0.025
0.0,0.025
0.0,0.025
0.0,0.025
0.0,0.025
0.0,0.025
0.0,0.025
0.0,0.025
0.0,0.025
0.0,0.025
0.0,0.025
0.0,0.025
0.0,0.025
0.0,0.025
0.0,0.025
0.0,0.025
0.0,0.025
0.0,0.025
0.0,0.025
0.0,0.025
0.0,0.025
0.0,0.025
0.0,0.025
0.0,0.025
0.0,0.025
0.0,0.025
0.0,0.025
0.0,0.025
0.0,0.025
0.0,0.025
0.0,0.025
0.0,0.025
0.0,0.025
0.0,0.025
0.0,0.025
0.0,0.025
0.0,0.025
0.0,0.025
0.1,0.025
0.1,0.025
0.1,0.025
0.1,0.025
0.1,0.025
0.0,0.025
0.0,0.025
-0.1,0.025
-0.1,0.025
-0.1,0.025
-0.1,0.025
-0.1,0.025
-0.1,0.025
-0.1,0.025
-0.1,0.025
-0.1,0.025
-0.1,0.025
0.0,0.025
0.0,0.025
0.0,0.025
0.0,0.025
0.1,0.025
0.1,0.025
0.1,0.025
0.1,0.025
0.1,0.025
0.1,0.025
0.1,0.025
0.1,0.025
0.1,0.025
0.0,0.025
0.0,0.025
-0.1,0.025
-0.1,0.025
-0.1,0.025
-0.1,0.025
-0.1,0.025
-0.1,0.025
-0.1,0.025
0.0,0.025
0.0,0.025
0.1,0.025
0.1,0.025
0.1,0.025
0.1,0.025
0.1,0.025
0.1,0.025
0.1,0.025
0.1,0.025
0.1,0.025
0.1,0.025
0.1,0.025
0.0,0.025
0.0,0.025
0.0,0.025
0.0,0.025
0.0,0.025
0.0,0.025
0.0,0.025
-0.1,0.025
-0.1,0.025
0.0,0.025
0.0,0.025
0.1,0.025
0.1,0.025
0.1,0.025
0.1,0.025
0.1,0.025
0.1,0.025
0.1,0.025
0.1,0.025
0.0,0.025
0.0,0.025
-0.1,0.025
-0.1,0.025
-0.1,0.025
-0.1,0.025
-0.1,0.025
-0.1,0.025
0.0,0.025
0.1,0.025
0.1,0.025
0.1,0.025
0.1,0.025
0.1,0.025
0.1,0.025
0.1,0.025
0.1,0.030
0.1,0.030
0.1,0.030
-0.1,0.030
-0.1,0.030
0.0,0.030
0.0,0.030
0.0,0.030
0.0,0.030
0.0,0.030
0.0,0.030
0.0,0.030
0.0,0.030
0.0,0.030
0.0,0.030
0.0,0.030
0.0,0.030
0.0,0.030
0.0,0.030
0.0,0.030
0.0,0.030
0.0,0.030
0.0,0.030
0.0,0.030
0.0,0.030
-0.1,0.030
-0.1,0.030
-0.1,0.030
-0.1,0.030
-0.1,0.030
-0.1,0.030
-0.1,0.030
-0.1,0.030
-0.1,0.030
-0.1,0.030
0.0,0.030
0.0,0.030
0.0,0.030
0.0,0.030
0.0,0.030
0.0,0.030
0.0,0.030
0.0,0.030
0.0,0.030
0.0,0.030
0.0,0.030
-0.1,0.030
-0.1,0.030
-0.1,0.030
-0.1,0.030
0.0,0.030
0.0,0.030
0.0,0.030
0.0,0.030
0.0,0.030
0.0,0.030
0.0,0.030
0.0,0.030
0.0,0.030
0.0,0.030
0.0,0.030
0.0,0.030
0.0,0.030
0.0,0.030
0.0,0.030
0.0,0.030
0.0,0.030
0.0,0.030
0.0,0.030
0.0,0.030
0.0,0.030
0.0,0.030
0.0,0.030
0.0,0.030
0.0,0.030
0.0,0.030
0.0,0.030
0.0,0.030
0.0,0.030
0.0,0.030
0.0,0.030
0.0,0.030
0.0,0.030
0.0,0.030
0.0,0.030
0.0,0.030
0.0,0.030
0.0,0.030
0.0,0.030
0.0,0.030
0.0,0.030
0.0,0.030
0.0,0.030
0.0,0.030
0.0,0.030
0.0,0.030
0.0,0.030
0.0,0.030
0.0,0.030
0.0,0.030
0.0,0.030
0.0,0.030
0.0,0.030
0.0,0.030
0.0,0.030
0.0,0.030
0.0,0.030
0.0,0.030
0.0,0.030
0.0,0.030
0.0,0.030
0.0,0.030
0.0,0.030
0.0,0.030
0.0,0.030
0.0,0.030
0.0,0.030
0.0,0.030
0.0,0.030
0.0,0.030
0.0,0.030
0.0,0.030
0.0,0.030
0.0,0.030
0.0,0.030
0.0,0.030
0.0,0.030
0.0,0.030
0.0,0.030
0.0,0.030
0.0,0.030
0.0,0.030
0.0,0.030
0.0,0.030
0.0,0.030
0.0,0.030
0.0,0.030
0.0,0.030
0.0,0.030
0.0,0.030
0.0,0.030
0.0,0.030
0.0,0.030
0.0,0.030
0.0,0.030
0.0,0.030
0.0,0.030
0.0,0.030
0.0,0.030
0.0,0.030
0.0,0.030
0.0,0.030
0.0,0.030
0.0,0.030
0.0,0.030
0.0,0.030
0.0,0.030
0.0,0.030
0.0,0.030
0.0,0.030
0.0,0.030
0.0,0.030
0.0,0.030
0.1,0.030
0.1,0.030
0.1,0.030
0.1,0.030
0.1,0.030
0.1,0.030
0.0,0.030
0.0,0.030
-0.1,0.030
-0.1,0.030
-0.1,0.030
-0.1,0.030
-0.1,0.030
-0.1,0.030
-0.1,0.030
-0.1,0.030
-0.1,0.030
0.0,0.030
0.1,0.030
0.0,0.030
0.0,0.030
0.0,0.030
0.1,0.030
0.1,0.030
0.1,0.030
0.1,0.030
0.1,0.030
0.1,0.030
0.0,0.030
0.0,0.030
-0.1,0.030
-0.1,0.030
-0.1,0.030
-0.1,0.030
-0.1,0.030
0.0,0.030
0.0,0.030
0.0,0.030
0.0,0.030
0.0,0.030
0.1,0.030
0.1,0.030
0.1,0.030
0.1,0.030
0.1,0.030
0.1,0.030
0.1,0.030
0.0,0.030
-0.1,0.030
-0.1,0.030
-0.1,0.030
-0.1,0.030
-0.1,0.030
-0.1,0.030
-0.1,0.030
-0.1,0.030
-0.1,0.030
0.1,0.030
0.1,0.030
0.1,0.030
0.1,0.030
0.1,0.030
0.1,0.030
0.1,0.030
0.1,0.030
0.1,0.030
0.1,0.030
0.0,0.030
0.0,0.030
-0.1,0.030
-0.1,0.030
-0.1,0.030
-0.1,0.030
-0.1,0.030
-0.1,0.030
-0.1,0.030
0.0,0.030
-0.1,0.030
0.0,0.030
0.0,0.030
0.0,0.030
0.1,0.030
0.0,0.030
0.0,0.030
0.0,0.030
0.0,0.030
0.0,0.030
0.0,0.030
-0.1,0.030
-0.1,0.030
-0.1,0.030
-0.1,0.030
-0.1,0.030
-0.1,0.030
-0.1,0.030
-0.1,0.030
0.0,0.030
0.0,0.030
0.0,0.030
0.0,0.030
0.0,0.030
0.0,0.030
0.0,0.030
0.0,0.030
0.0,0.030
0.0,0.030
0.0,0.030
0.0,0.030
0.0,0.030
0.0,0.030
0.0,0.030
0.0,0.030
0.0,0.030
0.0,0.030
0.0,0.030
0.0,0.030
0.0,0.030
0.0,0.030
0.0,0.030
0.0,0.030
0.0,0.030
0.0,0.030
0.0,0.030
0.0,0.030
0.0,0.030
0.0,0.030
0.0,0.030
0.0,0.030
0.0,0.030
0.0,0.030
0.0,0.030
0.0,0.030
0.0,0.030
0.0,0.030
0.0,0.030
0.0,0.030
0.0,0.030
0.0,0.030
0.0,0.030
0.0,0.030
0.0,0.030
0.0,0.030
0.0,0.030
0.1,0.030
0.1,0.030
0.1,0.030
0.0,0.030
0.0,0.030
0.0,0.030
0.0,0.030
0.0,0.030
0.0,0.030
0.0,0.030
0.0,0.030
0.0,0.030
0.0,0.030
0.0,0.030
0.0,0.030
0.0,0.030
0.0,0.030
0.0,0.030
0.0,0.030
0.0,0.030
0.0,0.030
0.0,0.030
0.0,0.030
0.0,0.030
0.0,0.030
0.0,0.030
0.0,0.030
0.0,0.030
0.0,0.030
0.0,0.030
0.0,0.030
0.0,0.035
0.0,0.035
0.0,0.035
0.0,0.035
0.0,0.035
0.0,0.035
0.0,0.035
0.0,0.035
0.0,0.035
0.0,0.035
0.0,0.035
0.0,0.035
0.0,0.035
0.0,0.035
0.0,0.035
0.0,0.035
0.0,0.035
0.0,0.035
0.0,0.035
0.0,0.035
0.0,0.035
0.0,0.035
0.0,0.035
0.0,0.035
0.0,0.035
0.0,0.035
0.0,0.035
0.0,0.035
0.0,0.035
0.0,0.035
0.0,0.035
0.0,0.035
0.0,0.035
0.0,0.035
0.0,0.035
0.0,0.035
0.0,0.035
0.0,0.035
0.0,0.035
0.0,0.035
0.0,0.035
0.0,0.035
0.0,0.035
