Maximum,198.8,@,No.1089,,,,,,
Minimum,-0.3,@,No.2217,,,,,,
Average,51.48,,,,,,,,
Data Quantity,2250,,,,,,,,
Number of NG,0,,,,,,,,
No.,Force,Unit,Displacement,Unit,Judge,Position,Time,Date,
1,0.1,gf,0.000,mm,OK,--,6:19:05 PM,8/20/2026,
2,0.0,gf,0.000,mm,OK,--,6:19:05 PM,8/20/2026,
3,-0.2,gf,0.005,mm,OK,--,6:19:05 PM,8/20/2026,
4,-0.1,gf,0.005,mm,OK,--,6:19:05 PM,8/20/2026,
5,0.0,gf,0.005,mm,OK,--,6:19:05 PM,8/20/2026,
6,0.2,gf,0.010,mm,OK,--,6:19:06 PM,8/20/2026,
7,0.1,gf,0.010,mm,OK,--,6:19:06 PM,8/20/2026,
8,-0.1,gf,0.010,mm,OK,--,6:19:06 PM,8/20/2026,
9,0.0,gf,0.015,mm,OK,--,6:19:06 PM,8/20/2026,
10,0.1,gf,0.015,mm,OK,--,6:19:06 PM,8/20/2026,
11,0.1,gf,0.020,mm,OK,--,6:19:06 PM,8/20/2026,
12,-0.1,gf,0.020,mm,OK,--,6:19:06 PM,8/20/2026,
13,0.0,gf,0.025,mm,OK,--,6:19:06 PM,8/20/2026,
14,-0.1,gf,0.025,mm,OK,--,6:19:06 PM,8/20/2026,
15,0.2,gf,0.025,mm,OK,--,6:19:06 PM,8/20/2026,
16,0.2,gf,0.030,mm,OK,--,6:19:07 PM,8/20/2026,
17,0.0,gf,0.030,mm,OK,--,6:19:07 PM,8/20/2026,
18,-0.1,gf,0.030,mm,OK,--,6:19:07 PM,8/20/2026,
19,0.0,gf,0.035,mm,OK,--,6:19:07 PM,8/20/2026,
20,0.0,gf,0.035,mm,OK,--,6:19:07 PM,8/20/2026,
21,0.0,gf,0.035,mm,OK,--,6:19:07 PM,8/20/2026,
22,-0.1,gf,0.040,mm,OK,--,6:19:07 PM,8/20/2026,
23,-0.1,gf,0.040,mm,OK,--,6:19:07 PM,8/20/2026,
24,0.0,gf,0.045,mm,OK,--,6:19:07 PM,8/20/2026,
25,-0.1,gf,0.050,mm,OK,--,6:19:07 PM,8/20/2026,
26,-0.2,gf,0.050,mm,OK,--,6:19:08 PM,8/20/2026,
27,-0.1,gf,0.055,mm,OK,--,6:19:08 PM,8/20/2026,
28,-0.2,gf,0.060,mm,OK,--,6:19:08 PM,8/20/2026,
29,0.0,gf,0.060,mm,OK,--,6:19:08 PM,8/20/2026,
30,0.0,gf,0.065,mm,OK,--,6:19:08 PM,8/20/2026,
31,-0.1,gf,0.070,mm,OK,--,6:19:08 PM,8/20/2026,
32,-0.2,gf,0.075,mm,OK,--,6:19:08 PM,8/20/2026,
33,0.0,gf,0.080,mm,OK,--,6:19:08 PM,8/20/2026,
34,0.0,gf,0.085,mm,OK,--,6:19:08 PM,8/20/2026,
35,-0.2,gf,0.095,mm,OK,--,6:19:08 PM,8/20/2026,
36,-0.2,gf,0.100,mm,OK,--,6:19:09 PM,8/20/2026,
37,0.0,gf,0.105,mm,OK,--,6:19:09 PM,8/20/2026,
38,0.1,gf,0.110,mm,OK,--,6:19:09 PM,8/20/2026,
39,0.1,gf,0.110,mm,OK,--,6:19:09 PM,8/20/2026,
40,-0.1,gf,0.115,mm,OK,--,6:19:09 PM,8/20/2026,
41,0.0,gf,0.120,mm,OK,--,6:19:09 PM,8/20/2026,
42,0.0,gf,0.120,mm,OK,--,6:19:09 PM,8/20/2026,
43,0.2,gf,0.125,mm,OK,--,6:19:09 PM,8/20/2026,
44,0.0,gf,0.130,mm,OK,--,6:19:09 PM,8/20/2026,
45,3.8,gf,0.135,mm,OK,--,6:19:09 PM,8/20/2026,
46,8.0,gf,0.140,mm,OK,--,6:19:10 PM,8/20/2026,
47,11.9,gf,0.145,mm,OK,--,6:19:10 PM,8/20/2026,
48,14.6,gf,0.145,mm,OK,--,6:19:10 PM,8/20/2026,
49,16.5,gf,0.150,mm,OK,--,6:19:10 PM,8/20/2026,
50,18.0,gf,0.150,mm,OK,--,6:19:10 PM,8/20/2026,
51,19.5,gf,0.150,mm,OK,--,6:19:10 PM,8/20/2026,
52,21.1,gf,0.155,mm,OK,--,6:19:10 PM,8/20/2026,
53,22.5,gf,0.155,mm,OK,--,6:19:10 PM,8/20/2026,
54,23.8,gf,0.160,mm,OK,--,6:19:10 PM,8/20/2026,
55,24.9,gf,0.160,mm,OK,--,6:19:10 PM,8/20/2026,
56,25.8,gf,0.165,mm,OK,--,6:19:11 PM,8/20/2026,
57,26.6,gf,0.165,mm,OK,--,6:19:11 PM,8/20/2026,
58,27.5,gf,0.165,mm,OK,--,6:19:11 PM,8/20/2026,
59,27.9,gf,0.170,mm,OK,--,6:19:11 PM,8/20/2026,
60,28.5,gf,0.170,mm,OK,--,6:19:11 PM,8/20/2026,
61,29.1,gf,0.170,mm,OK,--,6:19:11 PM,8/20/2026,
62,29.6,gf,0.175,mm,OK,--,6:19:11 PM,8/20/2026,
63,29.9,gf,0.175,mm,OK,--,6:19:11 PM,8/20/2026,
64,30.1,gf,0.175,mm,OK,--,6:19:11 PM,8/20/2026,
65,30.5,gf,0.180,mm,OK,--,6:19:11 PM,8/20/2026,
66,30.9,gf,0.180,mm,OK,--,6:19:12 PM,8/20/2026,
67,31.2,gf,0.180,mm,OK,--,6:19:12 PM,8/20/2026,
68,31.6,gf,0.185,mm,OK,--,6:19:12 PM,8/20/2026,
69,31.9,gf,0.185,mm,OK,--,6:19:12 PM,8/20/2026,
70,32.3,gf,0.185,mm,OK,--,6:19:12 PM,8/20/2026,
71,32.5,gf,0.190,mm,OK,--,6:19:12 PM,8/20/2026,
72,32.6,gf,0.190,mm,OK,--,6:19:12 PM,8/20/2026,
73,32.9,gf,0.195,mm,OK,--,6:19:12 PM,8/20/2026,
74,33.2,gf,0.195,mm,OK,--,6:19:12 PM,8/20/2026,
75,33.3,gf,0.195,mm,OK,--,6:19:12 PM,8/20/2026,
76,33.7,gf,0.200,mm,OK,--,6:19:13 PM,8/20/2026,
77,34.0,gf,0.200,mm,OK,--,6:19:13 PM,8/20/2026,
78,34.4,gf,0.205,mm,OK,--,6:19:13 PM,8/20/2026,
79,34.5,gf,0.205,mm,OK,--,6:19:13 PM,8/20/2026,
80,34.6,gf,0.210,mm,OK,--,6:19:13 PM,8/20/2026,
81,34.9,gf,0.210,mm,OK,--,6:19:13 PM,8/20/2026,
82,35.1,gf,0.210,mm,OK,--,6:19:13 PM,8/20/2026,
83,35.3,gf,0.215,mm,OK,--,6:19:13 PM,8/20/2026,
84,35.5,gf,0.215,mm,OK,--,6:19:13 PM,8/20/2026,
85,35.7,gf,0.215,mm,OK,--,6:19:13 PM,8/20/2026,
86,35.9,gf,0.220,mm,OK,--,6:19:14 PM,8/20/2026,
87,35.9,gf,0.220,mm,OK,--,6:19:14 PM,8/20/2026,
88,35.9,gf,0.225,mm,OK,--,6:19:14 PM,8/20/2026,
89,36.0,gf,0.225,mm,OK,--,6:19:14 PM,8/20/2026,
90,35.7,gf,0.230,mm,OK,--,6:19:14 PM,8/20/2026,
91,35.6,gf,0.230,mm,OK,--,6:19:14 PM,8/20/2026,
92,35.5,gf,0.235,mm,OK,--,6:19:14 PM,8/20/2026,
93,35.3,gf,0.235,mm,OK,--,6:19:14 PM,8/20/2026,
94,35.3,gf,0.240,mm,OK,--,6:19:14 PM,8/20/2026,
95,35.3,gf,0.240,mm,OK,--,6:19:14 PM,8/20/2026,
96,35.2,gf,0.245,mm,OK,--,6:19:15 PM,8/20/2026,
97,35.2,gf,0.245,mm,OK,--,6:19:15 PM,8/20/2026,
98,35.2,gf,0.250,mm,OK,--,6:19:15 PM,8/20/2026,
99,35.3,gf,0.250,mm,OK,--,6:19:15 PM,8/20/2026,
100,35.3,gf,0.255,mm,OK,--,6:19:15 PM,8/20/2026,
101,35.2,gf,0.255,mm,OK,--,6:19:15 PM,8/20/2026,
102,35.0,gf,0.260,mm,OK,--,6:19:15 PM,8/20/2026,
103,35.0,gf,0.260,mm,OK,--,6:19:15 PM,8/20/2026,
104,35.1,gf,0.260,mm,OK,--,6:19:15 PM,8/20/2026,
105,35.2,gf,0.265,mm,OK,--,6:19:15 PM,8/20/2026,
106,35.2,gf,0.265,mm,OK,--,6:19:16 PM,8/20/2026,
107,35.1,gf,0.270,mm,OK,--,6:19:16 PM,8/20/2026,
108,35.1,gf,0.270,mm,OK,--,6:19:16 PM,8/20/2026,
109,35.3,gf,0.275,mm,OK,--,6:19:16 PM,8/20/2026,
110,35.3,gf,0.275,mm,OK,--,6:19:16 PM,8/20/2026,
111,35.3,gf,0.280,mm,OK,--,6:19:16 PM,8/20/2026,
112,35.2,gf,0.285,mm,OK,--,6:19:16 PM,8/20/2026,
113,35.2,gf,0.290,mm,OK,--,6:19:16 PM,8/20/2026,
114,35.2,gf,0.295,mm,OK,--,6:19:16 PM,8/20/2026,
115,35.5,gf,0.300,mm,OK,--,6:19:16 PM,8/20/2026,
116,35.4,gf,0.310,mm,OK,--,6:19:17 PM,8/20/2026,
117,35.2,gf,0.315,mm,OK,--,6:19:17 PM,8/20/2026,
118,35.0,gf,0.320,mm,OK,--,6:19:17 PM,8/20/2026,
119,35.2,gf,0.330,mm,OK,--,6:19:17 PM,8/20/2026,
120,35.3,gf,0.340,mm,OK,--,6:19:17 PM,8/20/2026,
121,35.4,gf,0.350,mm,OK,--,6:19:17 PM,8/20/2026,
122,35.2,gf,0.355,mm,OK,--,6:19:17 PM,8/20/2026,
123,35.1,gf,0.360,mm,OK,--,6:19:17 PM,8/20/2026,
124,35.3,gf,0.365,mm,OK,--,6:19:17 PM,8/20/2026,
125,35.3,gf,0.370,mm,OK,--,6:19:17 PM,8/20/2026,
126,35.2,gf,0.375,mm,OK,--,6:19:18 PM,8/20/2026,
127,35.2,gf,0.380,mm,OK,--,6:19:18 PM,8/20/2026,
128,35.2,gf,0.385,mm,OK,--,6:19:18 PM,8/20/2026,
129,35.3,gf,0.385,mm,OK,--,6:19:18 PM,8/20/2026,
130,35.3,gf,0.390,mm,OK,--,6:19:18 PM,8/20/2026,
131,35.2,gf,0.395,mm,OK,--,6:19:18 PM,8/20/2026,
132,35.1,gf,0.400,mm,OK,--,6:19:18 PM,8/20/2026,
133,35.0,gf,0.400,mm,OK,--,6:19:18 PM,8/20/2026,
134,35.0,gf,0.405,mm,OK,--,6:19:18 PM,8/20/2026,
135,35.1,gf,0.410,mm,OK,--,6:19:18 PM,8/20/2026,
136,35.1,gf,0.415,mm,OK,--,6:19:19 PM,8/20/2026,
137,35.2,gf,0.415,mm,OK,--,6:19:19 PM,8/20/2026,
138,35.2,gf,0.420,mm,OK,--,6:19:19 PM,8/20/2026,
139,35.4,gf,0.425,mm,OK,--,6:19:19 PM,8/20/2026,
140,35.7,gf,0.430,mm,OK,--,6:19:19 PM,8/20/2026,
141,35.6,gf,0.440,mm,OK,--,6:19:19 PM,8/20/2026,
142,35.3,gf,0.445,mm,OK,--,6:19:19 PM,8/20/2026,
143,35.3,gf,0.445,mm,OK,--,6:19:19 PM,8/20/2026,
144,35.3,gf,0.450,mm,OK,--,6:19:19 PM,8/20/2026,
145,35.4,gf,0.455,mm,OK,--,6:19:19 PM,8/20/2026,
146,35.5,gf,0.455,mm,OK,--,6:19:20 PM,8/20/2026,
147,35.5,gf,0.460,mm,OK,--,6:19:20 PM,8/20/2026,
148,35.7,gf,0.460,mm,OK,--,6:19:20 PM,8/20/2026,
149,35.7,gf,0.465,mm,OK,--,6:19:20 PM,8/20/2026,
150,35.7,gf,0.465,mm,OK,--,6:19:20 PM,8/20/2026,
151,35.7,gf,0.470,mm,OK,--,6:19:20 PM,8/20/2026,
152,35.4,gf,0.470,mm,OK,--,6:19:20 PM,8/20/2026,
153,35.3,gf,0.470,mm,OK,--,6:19:20 PM,8/20/2026,
154,35.3,gf,0.470,mm,OK,--,6:19:20 PM,8/20/2026,
155,35.4,gf,0.475,mm,OK,--,6:19:20 PM,8/20/2026,
156,35.5,gf,0.475,mm,OK,--,6:19:21 PM,8/20/2026,
157,35.6,gf,0.475,mm,OK,--,6:19:21 PM,8/20/2026,
158,35.5,gf,0.480,mm,OK,--,6:19:21 PM,8/20/2026,
159,35.6,gf,0.480,mm,OK,--,6:19:21 PM,8/20/2026,
160,35.6,gf,0.480,mm,OK,--,6:19:21 PM,8/20/2026,
161,35.9,gf,0.485,mm,OK,--,6:19:21 PM,8/20/2026,
162,36.0,gf,0.485,mm,OK,--,6:19:21 PM,8/20/2026,
163,36.0,gf,0.490,mm,OK,--,6:19:21 PM,8/20/2026,
164,36.3,gf,0.495,mm,OK,--,6:19:21 PM,8/20/2026,
165,36.1,gf,0.500,mm,OK,--,6:19:21 PM,8/20/2026,
166,36.0,gf,0.505,mm,OK,--,6:19:22 PM,8/20/2026,
167,35.8,gf,0.505,mm,OK,--,6:19:22 PM,8/20/2026,
168,35.9,gf,0.510,mm,OK,--,6:19:22 PM,8/20/2026,
169,36.1,gf,0.515,mm,OK,--,6:19:22 PM,8/20/2026,
170,36.1,gf,0.520,mm,OK,--,6:19:22 PM,8/20/2026,
171,35.8,gf,0.520,mm,OK,--,6:19:22 PM,8/20/2026,
172,35.9,gf,0.525,mm,OK,--,6:19:22 PM,8/20/2026,
173,35.8,gf,0.525,mm,OK,--,6:19:22 PM,8/20/2026,
174,36.0,gf,0.530,mm,OK,--,6:19:22 PM,8/20/2026,
175,36.0,gf,0.535,mm,OK,--,6:19:22 PM,8/20/2026,
176,35.9,gf,0.535,mm,OK,--,6:19:23 PM,8/20/2026,
177,35.9,gf,0.535,mm,OK,--,6:19:23 PM,8/20/2026,
178,36.1,gf,0.540,mm,OK,--,6:19:23 PM,8/20/2026,
179,36.3,gf,0.540,mm,OK,--,6:19:23 PM,8/20/2026,
180,36.2,gf,0.545,mm,OK,--,6:19:23 PM,8/20/2026,
181,36.2,gf,0.550,mm,OK,--,6:19:23 PM,8/20/2026,
182,36.3,gf,0.555,mm,OK,--,6:19:23 PM,8/20/2026,
183,36.4,gf,0.560,mm,OK,--,6:19:23 PM,8/20/2026,
184,36.3,gf,0.565,mm,OK,--,6:19:23 PM,8/20/2026,
185,36.5,gf,0.570,mm,OK,--,6:19:23 PM,8/20/2026,
186,36.3,gf,0.575,mm,OK,--,6:19:24 PM,8/20/2026,
187,36.2,gf,0.580,mm,OK,--,6:19:24 PM,8/20/2026,
188,36.2,gf,0.585,mm,OK,--,6:19:24 PM,8/20/2026,
189,36.2,gf,0.585,mm,OK,--,6:19:24 PM,8/20/2026,
190,36.1,gf,0.590,mm,OK,--,6:19:24 PM,8/20/2026,
191,36.1,gf,0.595,mm,OK,--,6:19:24 PM,8/20/2026,
192,35.9,gf,0.595,mm,OK,--,6:19:24 PM,8/20/2026,
193,36.0,gf,0.600,mm,OK,--,6:19:24 PM,8/20/2026,
194,36.1,gf,0.600,mm,OK,--,6:19:24 PM,8/20/2026,
195,36.1,gf,0.605,mm,OK,--,6:19:24 PM,8/20/2026,
196,36.1,gf,0.605,mm,OK,--,6:19:25 PM,8/20/2026,
197,36.1,gf,0.610,mm,OK,--,6:19:25 PM,8/20/2026,
198,36.2,gf,0.610,mm,OK,--,6:19:25 PM,8/20/2026,
199,36.2,gf,0.610,mm,OK,--,6:19:25 PM,8/20/2026,
200,36.3,gf,0.615,mm,OK,--,6:19:25 PM,8/20/2026,
201,36.2,gf,0.615,mm,OK,--,6:19:25 PM,8/20/2026,
202,36.2,gf,0.620,mm,OK,--,6:19:25 PM,8/20/2026,
203,36.2,gf,0.620,mm,OK,--,6:19:25 PM,8/20/2026,
204,36.2,gf,0.625,mm,OK,--,6:19:25 PM,8/20/2026,
205,36.2,gf,0.625,mm,OK,--,6:19:25 PM,8/20/2026,
206,36.2,gf,0.630,mm,OK,--,6:19:26 PM,8/20/2026,
207,36.2,gf,0.630,mm,OK,--,6:19:26 PM,8/20/2026,
208,36.2,gf,0.635,mm,OK,--,6:19:26 PM,8/20/2026,
209,36.2,gf,0.635,mm,OK,--,6:19:26 PM,8/20/2026,
210,36.2,gf,0.635,mm,OK,--,6:19:26 PM,8/20/2026,
211,36.5,gf,0.640,mm,OK,--,6:19:26 PM,8/20/2026,
212,36.6,gf,0.640,mm,OK,--,6:19:26 PM,8/20/2026,
213,36.4,gf,0.645,mm,OK,--,6:19:26 PM,8/20/2026,
214,36.4,gf,0.645,mm,OK,--,6:19:26 PM,8/20/2026,
215,36.4,gf,0.645,mm,OK,--,6:19:26 PM,8/20/2026,
216,36.5,gf,0.650,mm,OK,--,6:19:27 PM,8/20/2026,
217,36.7,gf,0.650,mm,OK,--,6:19:27 PM,8/20/2026,
218,36.8,gf,0.655,mm,OK,--,6:19:27 PM,8/20/2026,
219,36.5,gf,0.655,mm,OK,--,6:19:27 PM,8/20/2026,
220,36.6,gf,0.660,mm,OK,--,6:19:27 PM,8/20/2026,
221,36.7,gf,0.660,mm,OK,--,6:19:27 PM,8/20/2026,
222,36.5,gf,0.665,mm,OK,--,6:19:27 PM,8/20/2026,
223,36.4,gf,0.665,mm,OK,--,6:19:27 PM,8/20/2026,
224,36.5,gf,0.670,mm,OK,--,6:19:27 PM,8/20/2026,
225,36.3,gf,0.675,mm,OK,--,6:19:27 PM,8/20/2026,
226,36.3,gf,0.680,mm,OK,--,6:19:28 PM,8/20/2026,
227,36.4,gf,0.680,mm,OK,--,6:19:28 PM,8/20/2026,
228,36.7,gf,0.685,mm,OK,--,6:19:28 PM,8/20/2026,
229,37.1,gf,0.690,mm,OK,--,6:19:28 PM,8/20/2026,
230,37.0,gf,0.695,mm,OK,--,6:19:28 PM,8/20/2026,
231,37.0,gf,0.695,mm,OK,--,6:19:28 PM,8/20/2026,
232,36.9,gf,0.700,mm,OK,--,6:19:28 PM,8/20/2026,
233,36.7,gf,0.705,mm,OK,--,6:19:28 PM,8/20/2026,
234,36.6,gf,0.705,mm,OK,--,6:19:28 PM,8/20/2026,
235,36.6,gf,0.705,mm,OK,--,6:19:28 PM,8/20/2026,
236,36.5,gf,0.705,mm,OK,--,6:19:29 PM,8/20/2026,
237,36.6,gf,0.710,mm,OK,--,6:19:29 PM,8/20/2026,
238,36.8,gf,0.710,mm,OK,--,6:19:29 PM,8/20/2026,
239,36.8,gf,0.710,mm,OK,--,6:19:29 PM,8/20/2026,
240,36.7,gf,0.715,mm,OK,--,6:19:29 PM,8/20/2026,
241,36.8,gf,0.715,mm,OK,--,6:19:29 PM,8/20/2026,
242,36.8,gf,0.715,mm,OK,--,6:19:29 PM,8/20/2026,
243,36.8,gf,0.720,mm,OK,--,6:19:29 PM,8/20/2026,
244,37.0,gf,0.720,mm,OK,--,6:19:29 PM,8/20/2026,
245,36.9,gf,0.725,mm,OK,--,6:19:29 PM,8/20/2026,
246,36.8,gf,0.725,mm,OK,--,6:19:30 PM,8/20/2026,
247,36.7,gf,0.725,mm,OK,--,6:19:30 PM,8/20/2026,
248,36.8,gf,0.730,mm,OK,--,6:19:30 PM,8/20/2026,
249,37.0,gf,0.730,mm,OK,--,6:19:30 PM,8/20/2026,
250,37.1,gf,0.735,mm,OK,--,6:19:30 PM,8/20/2026,
251,37.2,gf,0.740,mm,OK,--,6:19:30 PM,8/20/2026,
252,37.1,gf,0.740,mm,OK,--,6:19:30 PM,8/20/2026,
253,37.2,gf,0.745,mm,OK,--,6:19:30 PM,8/20/2026,
254,37.2,gf,0.745,mm,OK,--,6:19:30 PM,8/20/2026,
255,37.2,gf,0.750,mm,OK,--,6:19:30 PM,8/20/2026,
256,37.1,gf,0.750,mm,OK,--,6:19:31 PM,8/20/2026,
257,37.4,gf,0.755,mm,OK,--,6:19:31 PM,8/20/2026,
258,37.5,gf,0.760,mm,OK,--,6:19:31 PM,8/20/2026,
259,37.3,gf,0.765,mm,OK,--,6:19:31 PM,8/20/2026,
260,37.4,gf,0.765,mm,OK,--,6:19:31 PM,8/20/2026,
261,37.4,gf,0.770,mm,OK,--,6:19:31 PM,8/20/2026,
262,37.0,gf,0.775,mm,OK,--,6:19:31 PM,8/20/2026,
263,37.1,gf,0.780,mm,OK,--,6:19:31 PM,8/20/2026,
264,37.2,gf,0.785,mm,OK,--,6:19:31 PM,8/20/2026,
265,37.3,gf,0.790,mm,OK,--,6:19:31 PM,8/20/2026,
266,37.5,gf,0.795,mm,OK,--,6:19:32 PM,8/20/2026,
267,37.5,gf,0.805,mm,OK,--,6:19:32 PM,8/20/2026,
268,37.5,gf,0.815,mm,OK,--,6:19:32 PM,8/20/2026,
269,37.5,gf,0.820,mm,OK,--,6:19:32 PM,8/20/2026,
270,37.5,gf,0.830,mm,OK,--,6:19:32 PM,8/20/2026,
271,37.9,gf,0.835,mm,OK,--,6:19:32 PM,8/20/2026,
272,37.9,gf,0.840,mm,OK,--,6:19:32 PM,8/20/2026,
273,37.9,gf,0.845,mm,OK,--,6:19:32 PM,8/20/2026,
274,37.8,gf,0.850,mm,OK,--,6:19:32 PM,8/20/2026,
275,37.8,gf,0.850,mm,OK,--,6:19:32 PM,8/20/2026,
276,37.9,gf,0.855,mm,OK,--,6:19:33 PM,8/20/2026,
277,37.7,gf,0.855,mm,OK,--,6:19:33 PM,8/20/2026,
278,37.7,gf,0.860,mm,OK,--,6:19:33 PM,8/20/2026,
279,37.8,gf,0.860,mm,OK,--,6:19:33 PM,8/20/2026,
280,37.9,gf,0.860,mm,OK,--,6:19:33 PM,8/20/2026,
281,38.0,gf,0.865,mm,OK,--,6:19:33 PM,8/20/2026,
282,37.9,gf,0.865,mm,OK,--,6:19:33 PM,8/20/2026,
283,37.8,gf,0.870,mm,OK,--,6:19:33 PM,8/20/2026,
284,37.7,gf,0.870,mm,OK,--,6:19:33 PM,8/20/2026,
285,37.5,gf,0.875,mm,OK,--,6:19:33 PM,8/20/2026,
286,37.5,gf,0.880,mm,OK,--,6:19:34 PM,8/20/2026,
287,37.5,gf,0.880,mm,OK,--,6:19:34 PM,8/20/2026,
288,37.6,gf,0.885,mm,OK,--,6:19:34 PM,8/20/2026,
289,37.7,gf,0.890,mm,OK,--,6:19:34 PM,8/20/2026,
290,37.6,gf,0.890,mm,OK,--,6:19:34 PM,8/20/2026,
291,37.7,gf,0.895,mm,OK,--,6:19:34 PM,8/20/2026,
292,37.8,gf,0.900,mm,OK,--,6:19:34 PM,8/20/2026,
293,37.9,gf,0.900,mm,OK,--,6:19:34 PM,8/20/2026,
294,38.0,gf,0.905,mm,OK,--,6:19:34 PM,8/20/2026,
295,38.1,gf,0.905,mm,OK,--,6:19:34 PM,8/20/2026,
296,38.1,gf,0.910,mm,OK,--,6:19:35 PM,8/20/2026,
297,38.1,gf,0.910,mm,OK,--,6:19:35 PM,8/20/2026,
298,38.2,gf,0.915,mm,OK,--,6:19:35 PM,8/20/2026,
299,38.2,gf,0.915,mm,OK,--,6:19:35 PM,8/20/2026,
300,38.0,gf,0.920,mm,OK,--,6:19:35 PM,8/20/2026,
301,38.0,gf,0.920,mm,OK,--,6:19:35 PM,8/20/2026,
302,37.9,gf,0.925,mm,OK,--,6:19:35 PM,8/20/2026,
303,37.7,gf,0.925,mm,OK,--,6:19:35 PM,8/20/2026,
304,37.8,gf,0.930,mm,OK,--,6:19:35 PM,8/20/2026,
305,37.8,gf,0.930,mm,OK,--,6:19:35 PM,8/20/2026,
306,37.7,gf,0.930,mm,OK,--,6:19:36 PM,8/20/2026,
307,37.6,gf,0.930,mm,OK,--,6:19:36 PM,8/20/2026,
308,37.5,gf,0.935,mm,OK,--,6:19:36 PM,8/20/2026,
309,37.5,gf,0.935,mm,OK,--,6:19:36 PM,8/20/2026,
310,37.7,gf,0.935,mm,OK,--,6:19:36 PM,8/20/2026,
311,37.8,gf,0.935,mm,OK,--,6:19:36 PM,8/20/2026,
312,37.8,gf,0.935,mm,OK,--,6:19:36 PM,8/20/2026,
313,37.8,gf,0.940,mm,OK,--,6:19:36 PM,8/20/2026,
314,37.7,gf,0.940,mm,OK,--,6:19:36 PM,8/20/2026,
315,37.9,gf,0.940,mm,OK,--,6:19:36 PM,8/20/2026,
316,37.9,gf,0.945,mm,OK,--,6:19:37 PM,8/20/2026,
317,38.0,gf,0.945,mm,OK,--,6:19:37 PM,8/20/2026,
318,38.0,gf,0.945,mm,OK,--,6:19:37 PM,8/20/2026,
319,38.2,gf,0.950,mm,OK,--,6:19:37 PM,8/20/2026,
320,38.1,gf,0.950,mm,OK,--,6:19:37 PM,8/20/2026,
321,37.9,gf,0.950,mm,OK,--,6:19:37 PM,8/20/2026,
322,38.2,gf,0.955,mm,OK,--,6:19:37 PM,8/20/2026,
323,38.4,gf,0.955,mm,OK,--,6:19:37 PM,8/20/2026,
324,38.0,gf,0.960,mm,OK,--,6:19:37 PM,8/20/2026,
325,38.0,gf,0.960,mm,OK,--,6:19:37 PM,8/20/2026,
326,38.2,gf,0.965,mm,OK,--,6:19:38 PM,8/20/2026,
327,38.3,gf,0.965,mm,OK,--,6:19:38 PM,8/20/2026,
328,38.3,gf,0.970,mm,OK,--,6:19:38 PM,8/20/2026,
329,38.3,gf,0.975,mm,OK,--,6:19:38 PM,8/20/2026,
330,38.3,gf,0.975,mm,OK,--,6:19:38 PM,8/20/2026,
331,38.3,gf,0.980,mm,OK,--,6:19:38 PM,8/20/2026,
332,38.2,gf,0.985,mm,OK,--,6:19:38 PM,8/20/2026,
333,38.1,gf,0.990,mm,OK,--,6:19:38 PM,8/20/2026,
334,38.1,gf,0.995,mm,OK,--,6:19:38 PM,8/20/2026,
335,38.2,gf,1.000,mm,OK,--,6:19:38 PM,8/20/2026,
336,38.3,gf,1.000,mm,OK,--,6:19:39 PM,8/20/2026,
337,38.5,gf,1.005,mm,OK,--,6:19:39 PM,8/20/2026,
338,38.5,gf,1.010,mm,OK,--,6:19:39 PM,8/20/2026,
339,38.5,gf,1.015,mm,OK,--,6:19:39 PM,8/20/2026,
340,38.5,gf,1.015,mm,OK,--,6:19:39 PM,8/20/2026,
341,38.9,gf,1.020,mm,OK,--,6:19:39 PM,8/20/2026,
342,38.7,gf,1.030,mm,OK,--,6:19:39 PM,8/20/2026,
343,38.8,gf,1.040,mm,OK,--,6:19:39 PM,8/20/2026,
344,37.7,gf,1.050,mm,OK,--,6:19:39 PM,8/20/2026,
345,38.0,gf,1.060,mm,OK,--,6:19:39 PM,8/20/2026,
346,38.3,gf,1.065,mm,OK,--,6:19:40 PM,8/20/2026,
347,38.1,gf,1.070,mm,OK,--,6:19:40 PM,8/20/2026,
348,38.4,gf,1.075,mm,OK,--,6:19:40 PM,8/20/2026,
349,38.5,gf,1.075,mm,OK,--,6:19:40 PM,8/20/2026,
350,38.8,gf,1.080,mm,OK,--,6:19:40 PM,8/20/2026,
351,38.8,gf,1.085,mm,OK,--,6:19:40 PM,8/20/2026,
352,38.7,gf,1.090,mm,OK,--,6:19:40 PM,8/20/2026,
353,38.7,gf,1.095,mm,OK,--,6:19:40 PM,8/20/2026,
354,38.9,gf,1.095,mm,OK,--,6:19:40 PM,8/20/2026,
355,38.8,gf,1.100,mm,OK,--,6:19:40 PM,8/20/2026,
356,38.7,gf,1.105,mm,OK,--,6:19:41 PM,8/20/2026,
357,38.7,gf,1.110,mm,OK,--,6:19:41 PM,8/20/2026,
358,38.9,gf,1.115,mm,OK,--,6:19:41 PM,8/20/2026,
359,39.0,gf,1.120,mm,OK,--,6:19:41 PM,8/20/2026,
360,39.1,gf,1.125,mm,OK,--,6:19:41 PM,8/20/2026,
361,39.0,gf,1.125,mm,OK,--,6:19:41 PM,8/20/2026,
362,38.9,gf,1.130,mm,OK,--,6:19:41 PM,8/20/2026,
363,38.7,gf,1.130,mm,OK,--,6:19:41 PM,8/20/2026,
364,38.6,gf,1.135,mm,OK,--,6:19:41 PM,8/20/2026,
365,38.6,gf,1.135,mm,OK,--,6:19:41 PM,8/20/2026,
366,38.8,gf,1.140,mm,OK,--,6:19:42 PM,8/20/2026,
367,38.8,gf,1.145,mm,OK,--,6:19:42 PM,8/20/2026,
368,38.8,gf,1.145,mm,OK,--,6:19:42 PM,8/20/2026,
369,38.7,gf,1.150,mm,OK,--,6:19:42 PM,8/20/2026,
370,38.7,gf,1.150,mm,OK,--,6:19:42 PM,8/20/2026,
371,38.8,gf,1.155,mm,OK,--,6:19:42 PM,8/20/2026,
372,38.9,gf,1.155,mm,OK,--,6:19:42 PM,8/20/2026,
373,39.0,gf,1.160,mm,OK,--,6:19:42 PM,8/20/2026,
374,39.3,gf,1.165,mm,OK,--,6:19:42 PM,8/20/2026,
375,39.3,gf,1.165,mm,OK,--,6:19:42 PM,8/20/2026,
376,39.5,gf,1.170,mm,OK,--,6:19:43 PM,8/20/2026,
377,39.5,gf,1.175,mm,OK,--,6:19:43 PM,8/20/2026,
378,39.5,gf,1.175,mm,OK,--,6:19:43 PM,8/20/2026,
379,39.4,gf,1.180,mm,OK,--,6:19:43 PM,8/20/2026,
380,39.3,gf,1.180,mm,OK,--,6:19:43 PM,8/20/2026,
381,39.3,gf,1.185,mm,OK,--,6:19:43 PM,8/20/2026,
382,39.1,gf,1.185,mm,OK,--,6:19:43 PM,8/20/2026,
383,38.9,gf,1.190,mm,OK,--,6:19:43 PM,8/20/2026,
384,39.0,gf,1.190,mm,OK,--,6:19:43 PM,8/20/2026,
385,39.1,gf,1.195,mm,OK,--,6:19:43 PM,8/20/2026,
386,39.1,gf,1.195,mm,OK,--,6:19:44 PM,8/20/2026,
387,39.1,gf,1.195,mm,OK,--,6:19:44 PM,8/20/2026,
388,39.1,gf,1.200,mm,OK,--,6:19:44 PM,8/20/2026,
389,39.2,gf,1.200,mm,OK,--,6:19:44 PM,8/20/2026,
390,39.3,gf,1.200,mm,OK,--,6:19:44 PM,8/20/2026,
391,39.3,gf,1.205,mm,OK,--,6:19:44 PM,8/20/2026,
392,39.3,gf,1.205,mm,OK,--,6:19:44 PM,8/20/2026,
393,39.3,gf,1.205,mm,OK,--,6:19:44 PM,8/20/2026,
394,39.3,gf,1.210,mm,OK,--,6:19:44 PM,8/20/2026,
395,39.3,gf,1.210,mm,OK,--,6:19:44 PM,8/20/2026,
396,39.2,gf,1.215,mm,OK,--,6:19:45 PM,8/20/2026,
397,39.4,gf,1.215,mm,OK,--,6:19:45 PM,8/20/2026,
398,39.2,gf,1.220,mm,OK,--,6:19:45 PM,8/20/2026,
399,39.1,gf,1.220,mm,OK,--,6:19:45 PM,8/20/2026,
400,39.1,gf,1.225,mm,OK,--,6:19:45 PM,8/20/2026,
401,39.2,gf,1.225,mm,OK,--,6:19:45 PM,8/20/2026,
402,39.4,gf,1.230,mm,OK,--,6:19:45 PM,8/20/2026,
403,39.3,gf,1.230,mm,OK,--,6:19:45 PM,8/20/2026,
404,39.3,gf,1.235,mm,OK,--,6:19:45 PM,8/20/2026,
405,39.4,gf,1.240,mm,OK,--,6:19:45 PM,8/20/2026,
406,39.4,gf,1.240,mm,OK,--,6:19:46 PM,8/20/2026,
407,39.4,gf,1.245,mm,OK,--,6:19:46 PM,8/20/2026,
408,39.4,gf,1.250,mm,OK,--,6:19:46 PM,8/20/2026,
409,39.4,gf,1.250,mm,OK,--,6:19:46 PM,8/20/2026,
410,39.3,gf,1.250,mm,OK,--,6:19:46 PM,8/20/2026,
411,39.4,gf,1.255,mm,OK,--,6:19:46 PM,8/20/2026,
412,39.6,gf,1.255,mm,OK,--,6:19:46 PM,8/20/2026,
413,39.5,gf,1.260,mm,OK,--,6:19:46 PM,8/20/2026,
414,39.6,gf,1.260,mm,OK,--,6:19:46 PM,8/20/2026,
415,39.6,gf,1.265,mm,OK,--,6:19:46 PM,8/20/2026,
416,39.6,gf,1.270,mm,OK,--,6:19:47 PM,8/20/2026,
417,39.5,gf,1.275,mm,OK,--,6:19:47 PM,8/20/2026,
418,39.6,gf,1.280,mm,OK,--,6:19:47 PM,8/20/2026,
419,39.5,gf,1.280,mm,OK,--,6:19:47 PM,8/20/2026,
420,39.5,gf,1.290,mm,OK,--,6:19:47 PM,8/20/2026,
421,39.7,gf,1.295,mm,OK,--,6:19:47 PM,8/20/2026,
422,39.4,gf,1.300,mm,OK,--,6:19:47 PM,8/20/2026,
423,39.3,gf,1.310,mm,OK,--,6:19:47 PM,8/20/2026,
424,39.5,gf,1.315,mm,OK,--,6:19:47 PM,8/20/2026,
425,39.5,gf,1.320,mm,OK,--,6:19:47 PM,8/20/2026,
426,39.6,gf,1.325,mm,OK,--,6:19:48 PM,8/20/2026,
427,39.6,gf,1.325,mm,OK,--,6:19:48 PM,8/20/2026,
428,39.7,gf,1.330,mm,OK,--,6:19:48 PM,8/20/2026,
429,39.8,gf,1.335,mm,OK,--,6:19:48 PM,8/20/2026,
430,39.8,gf,1.335,mm,OK,--,6:19:48 PM,8/20/2026,
431,39.8,gf,1.340,mm,OK,--,6:19:48 PM,8/20/2026,
432,39.8,gf,1.345,mm,OK,--,6:19:48 PM,8/20/2026,
433,39.9,gf,1.350,mm,OK,--,6:19:48 PM,8/20/2026,
434,39.9,gf,1.350,mm,OK,--,6:19:48 PM,8/20/2026,
435,39.9,gf,1.355,mm,OK,--,6:19:48 PM,8/20/2026,
436,39.8,gf,1.360,mm,OK,--,6:19:49 PM,8/20/2026,
437,39.7,gf,1.365,mm,OK,--,6:19:49 PM,8/20/2026,
438,39.6,gf,1.365,mm,OK,--,6:19:49 PM,8/20/2026,
439,39.7,gf,1.370,mm,OK,--,6:19:49 PM,8/20/2026,
440,39.9,gf,1.375,mm,OK,--,6:19:49 PM,8/20/2026,
441,39.8,gf,1.380,mm,OK,--,6:19:49 PM,8/20/2026,
442,39.7,gf,1.385,mm,OK,--,6:19:49 PM,8/20/2026,
443,39.8,gf,1.390,mm,OK,--,6:19:49 PM,8/20/2026,
444,40.4,gf,1.400,mm,OK,--,6:19:49 PM,8/20/2026,
445,40.0,gf,1.410,mm,OK,--,6:19:49 PM,8/20/2026,
446,40.0,gf,1.420,mm,OK,--,6:19:50 PM,8/20/2026,
447,40.1,gf,1.425,mm,OK,--,6:19:50 PM,8/20/2026,
448,40.3,gf,1.430,mm,OK,--,6:19:50 PM,8/20/2026,
449,40.2,gf,1.435,mm,OK,--,6:19:50 PM,8/20/2026,
450,40.2,gf,1.440,mm,OK,--,6:19:50 PM,8/20/2026,
451,40.1,gf,1.445,mm,OK,--,6:19:50 PM,8/20/2026,
452,40.3,gf,1.450,mm,OK,--,6:19:50 PM,8/20/2026,
453,40.3,gf,1.450,mm,OK,--,6:19:50 PM,8/20/2026,
454,40.2,gf,1.455,mm,OK,--,6:19:50 PM,8/20/2026,
455,40.2,gf,1.455,mm,OK,--,6:19:50 PM,8/20/2026,
456,40.2,gf,1.455,mm,OK,--,6:19:51 PM,8/20/2026,
457,40.3,gf,1.455,mm,OK,--,6:19:51 PM,8/20/2026,
458,40.4,gf,1.460,mm,OK,--,6:19:51 PM,8/20/2026,
459,40.4,gf,1.465,mm,OK,--,6:19:51 PM,8/20/2026,
460,40.4,gf,1.465,mm,OK,--,6:19:51 PM,8/20/2026,
461,40.3,gf,1.470,mm,OK,--,6:19:51 PM,8/20/2026,
462,40.3,gf,1.475,mm,OK,--,6:19:51 PM,8/20/2026,
463,40.2,gf,1.475,mm,OK,--,6:19:51 PM,8/20/2026,
464,40.3,gf,1.480,mm,OK,--,6:19:51 PM,8/20/2026,
465,40.3,gf,1.485,mm,OK,--,6:19:51 PM,8/20/2026,
466,40.4,gf,1.490,mm,OK,--,6:19:52 PM,8/20/2026,
467,40.4,gf,1.495,mm,OK,--,6:19:52 PM,8/20/2026,
468,40.7,gf,1.500,mm,OK,--,6:19:52 PM,8/20/2026,
469,40.7,gf,1.505,mm,OK,--,6:19:52 PM,8/20/2026,
470,40.6,gf,1.515,mm,OK,--,6:19:52 PM,8/20/2026,
471,40.5,gf,1.525,mm,OK,--,6:19:52 PM,8/20/2026,
472,40.6,gf,1.530,mm,OK,--,6:19:52 PM,8/20/2026,
473,40.6,gf,1.540,mm,OK,--,6:19:52 PM,8/20/2026,
474,40.7,gf,1.545,mm,OK,--,6:19:52 PM,8/20/2026,
475,40.8,gf,1.550,mm,OK,--,6:19:52 PM,8/20/2026,
476,40.8,gf,1.560,mm,OK,--,6:19:53 PM,8/20/2026,
477,40.9,gf,1.565,mm,OK,--,6:19:53 PM,8/20/2026,
478,40.9,gf,1.575,mm,OK,--,6:19:53 PM,8/20/2026,
479,40.9,gf,1.580,mm,OK,--,6:19:53 PM,8/20/2026,
480,40.9,gf,1.585,mm,OK,--,6:19:53 PM,8/20/2026,
481,40.8,gf,1.590,mm,OK,--,6:19:53 PM,8/20/2026,
482,40.9,gf,1.600,mm,OK,--,6:19:53 PM,8/20/2026,
483,41.1,gf,1.605,mm,OK,--,6:19:53 PM,8/20/2026,
484,41.1,gf,1.610,mm,OK,--,6:19:53 PM,8/20/2026,
485,41.0,gf,1.615,mm,OK,--,6:19:53 PM,8/20/2026,
486,41.1,gf,1.620,mm,OK,--,6:19:54 PM,8/20/2026,
487,41.0,gf,1.625,mm,OK,--,6:19:54 PM,8/20/2026,
488,41.0,gf,1.630,mm,OK,--,6:19:54 PM,8/20/2026,
489,41.1,gf,1.635,mm,OK,--,6:19:54 PM,8/20/2026,
490,41.1,gf,1.640,mm,OK,--,6:19:54 PM,8/20/2026,
491,41.2,gf,1.640,mm,OK,--,6:19:54 PM,8/20/2026,
492,41.2,gf,1.645,mm,OK,--,6:19:54 PM,8/20/2026,
493,41.2,gf,1.650,mm,OK,--,6:19:54 PM,8/20/2026,
494,41.1,gf,1.655,mm,OK,--,6:19:54 PM,8/20/2026,
495,41.1,gf,1.655,mm,OK,--,6:19:54 PM,8/20/2026,
496,40.9,gf,1.660,mm,OK,--,6:19:55 PM,8/20/2026,
497,40.9,gf,1.660,mm,OK,--,6:19:55 PM,8/20/2026,
498,41.0,gf,1.660,mm,OK,--,6:19:55 PM,8/20/2026,
499,41.1,gf,1.665,mm,OK,--,6:19:55 PM,8/20/2026,
500,41.0,gf,1.665,mm,OK,--,6:19:55 PM,8/20/2026,
501,41.1,gf,1.665,mm,OK,--,6:19:55 PM,8/20/2026,
502,41.0,gf,1.665,mm,OK,--,6:19:55 PM,8/20/2026,
503,41.5,gf,1.670,mm,OK,--,6:19:55 PM,8/20/2026,
504,41.3,gf,1.675,mm,OK,--,6:19:55 PM,8/20/2026,
505,41.3,gf,1.680,mm,OK,--,6:19:55 PM,8/20/2026,
506,41.4,gf,1.680,mm,OK,--,6:19:56 PM,8/20/2026,
507,41.4,gf,1.685,mm,OK,--,6:19:56 PM,8/20/2026,
508,41.5,gf,1.685,mm,OK,--,6:19:56 PM,8/20/2026,
509,41.3,gf,1.690,mm,OK,--,6:19:56 PM,8/20/2026,
510,41.5,gf,1.690,mm,OK,--,6:19:56 PM,8/20/2026,
511,41.7,gf,1.695,mm,OK,--,6:19:56 PM,8/20/2026,
512,41.6,gf,1.695,mm,OK,--,6:19:56 PM,8/20/2026,
513,41.7,gf,1.700,mm,OK,--,6:19:56 PM,8/20/2026,
514,41.7,gf,1.700,mm,OK,--,6:19:56 PM,8/20/2026,
515,41.8,gf,1.705,mm,OK,--,6:19:56 PM,8/20/2026,
516,41.8,gf,1.705,mm,OK,--,6:19:57 PM,8/20/2026,
517,41.8,gf,1.710,mm,OK,--,6:19:57 PM,8/20/2026,
518,41.8,gf,1.715,mm,OK,--,6:19:57 PM,8/20/2026,
519,41.7,gf,1.715,mm,OK,--,6:19:57 PM,8/20/2026,
520,41.8,gf,1.720,mm,OK,--,6:19:57 PM,8/20/2026,
521,41.7,gf,1.720,mm,OK,--,6:19:57 PM,8/20/2026,
522,41.7,gf,1.720,mm,OK,--,6:19:57 PM,8/20/2026,
523,41.7,gf,1.725,mm,OK,--,6:19:57 PM,8/20/2026,
524,41.6,gf,1.725,mm,OK,--,6:19:57 PM,8/20/2026,
525,41.6,gf,1.725,mm,OK,--,6:19:57 PM,8/20/2026,
526,41.6,gf,1.725,mm,OK,--,6:19:58 PM,8/20/2026,
527,41.6,gf,1.725,mm,OK,--,6:19:58 PM,8/20/2026,
528,41.9,gf,1.730,mm,OK,--,6:19:58 PM,8/20/2026,
529,41.9,gf,1.730,mm,OK,--,6:19:58 PM,8/20/2026,
530,41.8,gf,1.730,mm,OK,--,6:19:58 PM,8/20/2026,
531,41.7,gf,1.730,mm,OK,--,6:19:58 PM,8/20/2026,
532,41.8,gf,1.730,mm,OK,--,6:19:58 PM,8/20/2026,
533,42.0,gf,1.735,mm,OK,--,6:19:58 PM,8/20/2026,
534,42.1,gf,1.735,mm,OK,--,6:19:58 PM,8/20/2026,
535,42.1,gf,1.740,mm,OK,--,6:19:58 PM,8/20/2026,
536,42.0,gf,1.740,mm,OK,--,6:19:59 PM,8/20/2026,
537,42.0,gf,1.745,mm,OK,--,6:19:59 PM,8/20/2026,
538,42.0,gf,1.745,mm,OK,--,6:19:59 PM,8/20/2026,
539,42.0,gf,1.750,mm,OK,--,6:19:59 PM,8/20/2026,
540,42.1,gf,1.750,mm,OK,--,6:19:59 PM,8/20/2026,
541,42.1,gf,1.755,mm,OK,--,6:19:59 PM,8/20/2026,
542,42.1,gf,1.760,mm,OK,--,6:19:59 PM,8/20/2026,
543,42.1,gf,1.765,mm,OK,--,6:19:59 PM,8/20/2026,
544,42.2,gf,1.770,mm,OK,--,6:19:59 PM,8/20/2026,
545,42.2,gf,1.775,mm,OK,--,6:19:59 PM,8/20/2026,
546,42.2,gf,1.785,mm,OK,--,6:20:00 PM,8/20/2026,
547,42.2,gf,1.790,mm,OK,--,6:20:00 PM,8/20/2026,
548,42.3,gf,1.790,mm,OK,--,6:20:00 PM,8/20/2026,
549,42.3,gf,1.795,mm,OK,--,6:20:00 PM,8/20/2026,
550,42.4,gf,1.800,mm,OK,--,6:20:00 PM,8/20/2026,
551,42.4,gf,1.805,mm,OK,--,6:20:00 PM,8/20/2026,
552,42.4,gf,1.810,mm,OK,--,6:20:00 PM,8/20/2026,
553,42.5,gf,1.820,mm,OK,--,6:20:00 PM,8/20/2026,
554,42.5,gf,1.825,mm,OK,--,6:20:00 PM,8/20/2026,
555,42.5,gf,1.835,mm,OK,--,6:20:00 PM,8/20/2026,
556,42.5,gf,1.840,mm,OK,--,6:20:01 PM,8/20/2026,
557,42.6,gf,1.845,mm,OK,--,6:20:01 PM,8/20/2026,
558,42.6,gf,1.850,mm,OK,--,6:20:01 PM,8/20/2026,
559,42.7,gf,1.855,mm,OK,--,6:20:01 PM,8/20/2026,
560,42.8,gf,1.860,mm,OK,--,6:20:01 PM,8/20/2026,
561,42.7,gf,1.865,mm,OK,--,6:20:01 PM,8/20/2026,
562,42.8,gf,1.870,mm,OK,--,6:20:01 PM,8/20/2026,
563,42.9,gf,1.870,mm,OK,--,6:20:01 PM,8/20/2026,
564,42.9,gf,1.875,mm,OK,--,6:20:01 PM,8/20/2026,
565,43.0,gf,1.885,mm,OK,--,6:20:01 PM,8/20/2026,
566,43.0,gf,1.890,mm,OK,--,6:20:02 PM,8/20/2026,
567,43.0,gf,1.895,mm,OK,--,6:20:02 PM,8/20/2026,
568,43.1,gf,1.905,mm,OK,--,6:20:02 PM,8/20/2026,
569,43.1,gf,1.910,mm,OK,--,6:20:02 PM,8/20/2026,
570,43.1,gf,1.915,mm,OK,--,6:20:02 PM,8/20/2026,
571,43.2,gf,1.925,mm,OK,--,6:20:02 PM,8/20/2026,
572,43.2,gf,1.930,mm,OK,--,6:20:02 PM,8/20/2026,
573,43.3,gf,1.940,mm,OK,--,6:20:02 PM,8/20/2026,
574,43.5,gf,1.945,mm,OK,--,6:20:02 PM,8/20/2026,
575,43.6,gf,1.950,mm,OK,--,6:20:02 PM,8/20/2026,
576,43.6,gf,1.960,mm,OK,--,6:20:03 PM,8/20/2026,
577,43.7,gf,1.965,mm,OK,--,6:20:03 PM,8/20/2026,
578,43.7,gf,1.970,mm,OK,--,6:20:03 PM,8/20/2026,
579,43.7,gf,1.975,mm,OK,--,6:20:03 PM,8/20/2026,
580,43.8,gf,1.985,mm,OK,--,6:20:03 PM,8/20/2026,
581,43.9,gf,1.990,mm,OK,--,6:20:03 PM,8/20/2026,
582,43.9,gf,1.995,mm,OK,--,6:20:03 PM,8/20/2026,
583,43.9,gf,2.000,mm,OK,--,6:20:03 PM,8/20/2026,
584,43.9,gf,2.005,mm,OK,--,6:20:03 PM,8/20/2026,
585,43.9,gf,2.010,mm,OK,--,6:20:03 PM,8/20/2026,
586,43.9,gf,2.015,mm,OK,--,6:20:04 PM,8/20/2026,
587,43.9,gf,2.020,mm,OK,--,6:20:04 PM,8/20/2026,
588,43.9,gf,2.025,mm,OK,--,6:20:04 PM,8/20/2026,
589,44.0,gf,2.030,mm,OK,--,6:20:04 PM,8/20/2026,
590,44.0,gf,2.035,mm,OK,--,6:20:04 PM,8/20/2026,
591,43.9,gf,2.035,mm,OK,--,6:20:04 PM,8/20/2026,
592,44.0,gf,2.040,mm,OK,--,6:20:04 PM,8/20/2026,
593,44.0,gf,2.045,mm,OK,--,6:20:04 PM,8/20/2026,
594,44.0,gf,2.045,mm,OK,--,6:20:04 PM,8/20/2026,
595,44.0,gf,2.050,mm,OK,--,6:20:04 PM,8/20/2026,
596,44.0,gf,2.050,mm,OK,--,6:20:05 PM,8/20/2026,
597,44.0,gf,2.055,mm,OK,--,6:20:05 PM,8/20/2026,
598,44.0,gf,2.055,mm,OK,--,6:20:05 PM,8/20/2026,
599,44.0,gf,2.060,mm,OK,--,6:20:05 PM,8/20/2026,
600,44.1,gf,2.065,mm,OK,--,6:20:05 PM,8/20/2026,
601,44.1,gf,2.070,mm,OK,--,6:20:05 PM,8/20/2026,
602,44.1,gf,2.075,mm,OK,--,6:20:05 PM,8/20/2026,
603,44.1,gf,2.080,mm,OK,--,6:20:05 PM,8/20/2026,
604,44.2,gf,2.085,mm,OK,--,6:20:05 PM,8/20/2026,
605,44.2,gf,2.090,mm,OK,--,6:20:05 PM,8/20/2026,
606,44.2,gf,2.095,mm,OK,--,6:20:06 PM,8/20/2026,
607,44.2,gf,2.100,mm,OK,--,6:20:06 PM,8/20/2026,
608,44.3,gf,2.110,mm,OK,--,6:20:06 PM,8/20/2026,
609,44.3,gf,2.115,mm,OK,--,6:20:06 PM,8/20/2026,
610,44.3,gf,2.125,mm,OK,--,6:20:06 PM,8/20/2026,
611,44.4,gf,2.135,mm,OK,--,6:20:06 PM,8/20/2026,
612,44.4,gf,2.140,mm,OK,--,6:20:06 PM,8/20/2026,
613,44.5,gf,2.145,mm,OK,--,6:20:06 PM,8/20/2026,
614,44.5,gf,2.150,mm,OK,--,6:20:06 PM,8/20/2026,
615,44.6,gf,2.165,mm,OK,--,6:20:06 PM,8/20/2026,
616,44.6,gf,2.185,mm,OK,--,6:20:07 PM,8/20/2026,
617,44.7,gf,2.195,mm,OK,--,6:20:07 PM,8/20/2026,
618,44.7,gf,2.205,mm,OK,--,6:20:07 PM,8/20/2026,
619,44.7,gf,2.210,mm,OK,--,6:20:07 PM,8/20/2026,
620,44.8,gf,2.210,mm,OK,--,6:20:07 PM,8/20/2026,
621,44.8,gf,2.220,mm,OK,--,6:20:07 PM,8/20/2026,
622,44.8,gf,2.225,mm,OK,--,6:20:07 PM,8/20/2026,
623,44.9,gf,2.230,mm,OK,--,6:20:07 PM,8/20/2026,
624,44.8,gf,2.235,mm,OK,--,6:20:07 PM,8/20/2026,
625,44.9,gf,2.240,mm,OK,--,6:20:07 PM,8/20/2026,
626,44.9,gf,2.245,mm,OK,--,6:20:08 PM,8/20/2026,
627,44.9,gf,2.250,mm,OK,--,6:20:08 PM,8/20/2026,
628,44.9,gf,2.255,mm,OK,--,6:20:08 PM,8/20/2026,
629,45.0,gf,2.260,mm,OK,--,6:20:08 PM,8/20/2026,
630,45.0,gf,2.270,mm,OK,--,6:20:08 PM,8/20/2026,
631,44.9,gf,2.275,mm,OK,--,6:20:08 PM,8/20/2026,
632,45.0,gf,2.280,mm,OK,--,6:20:08 PM,8/20/2026,
633,45.1,gf,2.285,mm,OK,--,6:20:08 PM,8/20/2026,
634,45.1,gf,2.290,mm,OK,--,6:20:08 PM,8/20/2026,
635,45.1,gf,2.300,mm,OK,--,6:20:08 PM,8/20/2026,
636,45.1,gf,2.310,mm,OK,--,6:20:09 PM,8/20/2026,
637,45.2,gf,2.320,mm,OK,--,6:20:09 PM,8/20/2026,
638,45.3,gf,2.330,mm,OK,--,6:20:09 PM,8/20/2026,
639,45.3,gf,2.340,mm,OK,--,6:20:09 PM,8/20/2026,
640,45.4,gf,2.355,mm,OK,--,6:20:09 PM,8/20/2026,
641,45.4,gf,2.365,mm,OK,--,6:20:09 PM,8/20/2026,
642,45.4,gf,2.375,mm,OK,--,6:20:09 PM,8/20/2026,
643,45.5,gf,2.385,mm,OK,--,6:20:09 PM,8/20/2026,
644,45.6,gf,2.400,mm,OK,--,6:20:09 PM,8/20/2026,
645,45.6,gf,2.410,mm,OK,--,6:20:09 PM,8/20/2026,
646,45.7,gf,2.420,mm,OK,--,6:20:10 PM,8/20/2026,
647,45.7,gf,2.430,mm,OK,--,6:20:10 PM,8/20/2026,
648,45.8,gf,2.440,mm,OK,--,6:20:10 PM,8/20/2026,
649,45.8,gf,2.450,mm,OK,--,6:20:10 PM,8/20/2026,
650,45.8,gf,2.460,mm,OK,--,6:20:10 PM,8/20/2026,
651,45.9,gf,2.465,mm,OK,--,6:20:10 PM,8/20/2026,
652,46.0,gf,2.475,mm,OK,--,6:20:10 PM,8/20/2026,
653,46.0,gf,2.480,mm,OK,--,6:20:10 PM,8/20/2026,
654,46.0,gf,2.485,mm,OK,--,6:20:10 PM,8/20/2026,
655,45.9,gf,2.490,mm,OK,--,6:20:10 PM,8/20/2026,
656,45.9,gf,2.495,mm,OK,--,6:20:11 PM,8/20/2026,
657,46.0,gf,2.500,mm,OK,--,6:20:11 PM,8/20/2026,
658,46.0,gf,2.505,mm,OK,--,6:20:11 PM,8/20/2026,
659,46.0,gf,2.510,mm,OK,--,6:20:11 PM,8/20/2026,
660,46.1,gf,2.515,mm,OK,--,6:20:11 PM,8/20/2026,
661,46.1,gf,2.520,mm,OK,--,6:20:11 PM,8/20/2026,
662,46.1,gf,2.525,mm,OK,--,6:20:11 PM,8/20/2026,
663,46.1,gf,2.530,mm,OK,--,6:20:11 PM,8/20/2026,
664,46.1,gf,2.535,mm,OK,--,6:20:11 PM,8/20/2026,
665,46.2,gf,2.540,mm,OK,--,6:20:11 PM,8/20/2026,
666,46.1,gf,2.545,mm,OK,--,6:20:12 PM,8/20/2026,
667,46.1,gf,2.550,mm,OK,--,6:20:12 PM,8/20/2026,
668,46.1,gf,2.550,mm,OK,--,6:20:12 PM,8/20/2026,
669,46.1,gf,2.555,mm,OK,--,6:20:12 PM,8/20/2026,
670,46.1,gf,2.560,mm,OK,--,6:20:12 PM,8/20/2026,
671,46.2,gf,2.560,mm,OK,--,6:20:12 PM,8/20/2026,
672,46.2,gf,2.565,mm,OK,--,6:20:12 PM,8/20/2026,
673,46.2,gf,2.565,mm,OK,--,6:20:12 PM,8/20/2026,
674,46.2,gf,2.570,mm,OK,--,6:20:12 PM,8/20/2026,
675,46.2,gf,2.570,mm,OK,--,6:20:12 PM,8/20/2026,
676,46.2,gf,2.575,mm,OK,--,6:20:13 PM,8/20/2026,
677,46.2,gf,2.575,mm,OK,--,6:20:13 PM,8/20/2026,
678,46.2,gf,2.580,mm,OK,--,6:20:13 PM,8/20/2026,
679,46.2,gf,2.580,mm,OK,--,6:20:13 PM,8/20/2026,
680,46.2,gf,2.580,mm,OK,--,6:20:13 PM,8/20/2026,
681,46.2,gf,2.585,mm,OK,--,6:20:13 PM,8/20/2026,
682,46.2,gf,2.590,mm,OK,--,6:20:13 PM,8/20/2026,
683,46.2,gf,2.590,mm,OK,--,6:20:13 PM,8/20/2026,
684,46.3,gf,2.595,mm,OK,--,6:20:13 PM,8/20/2026,
685,46.3,gf,2.595,mm,OK,--,6:20:13 PM,8/20/2026,
686,46.3,gf,2.600,mm,OK,--,6:20:14 PM,8/20/2026,
687,46.3,gf,2.605,mm,OK,--,6:20:14 PM,8/20/2026,
688,46.4,gf,2.610,mm,OK,--,6:20:14 PM,8/20/2026,
689,46.4,gf,2.615,mm,OK,--,6:20:14 PM,8/20/2026,
690,46.3,gf,2.620,mm,OK,--,6:20:14 PM,8/20/2026,
691,46.4,gf,2.625,mm,OK,--,6:20:14 PM,8/20/2026,
692,46.4,gf,2.625,mm,OK,--,6:20:14 PM,8/20/2026,
693,46.5,gf,2.630,mm,OK,--,6:20:14 PM,8/20/2026,
694,46.5,gf,2.635,mm,OK,--,6:20:14 PM,8/20/2026,
695,46.5,gf,2.635,mm,OK,--,6:20:14 PM,8/20/2026,
696,46.5,gf,2.640,mm,OK,--,6:20:15 PM,8/20/2026,
697,46.5,gf,2.645,mm,OK,--,6:20:15 PM,8/20/2026,
698,46.5,gf,2.650,mm,OK,--,6:20:15 PM,8/20/2026,
699,46.6,gf,2.655,mm,OK,--,6:20:15 PM,8/20/2026,
700,46.6,gf,2.660,mm,OK,--,6:20:15 PM,8/20/2026,
701,46.6,gf,2.665,mm,OK,--,6:20:15 PM,8/20/2026,
702,46.6,gf,2.665,mm,OK,--,6:20:15 PM,8/20/2026,
703,46.6,gf,2.670,mm,OK,--,6:20:15 PM,8/20/2026,
704,46.6,gf,2.670,mm,OK,--,6:20:15 PM,8/20/2026,
705,46.6,gf,2.675,mm,OK,--,6:20:15 PM,8/20/2026,
706,46.6,gf,2.675,mm,OK,--,6:20:16 PM,8/20/2026,
707,46.7,gf,2.680,mm,OK,--,6:20:16 PM,8/20/2026,
708,46.7,gf,2.685,mm,OK,--,6:20:16 PM,8/20/2026,
709,46.7,gf,2.690,mm,OK,--,6:20:16 PM,8/20/2026,
710,46.7,gf,2.690,mm,OK,--,6:20:16 PM,8/20/2026,
711,46.7,gf,2.695,mm,OK,--,6:20:16 PM,8/20/2026,
712,46.7,gf,2.700,mm,OK,--,6:20:16 PM,8/20/2026,
713,46.7,gf,2.700,mm,OK,--,6:20:16 PM,8/20/2026,
714,46.8,gf,2.705,mm,OK,--,6:20:16 PM,8/20/2026,
715,46.8,gf,2.705,mm,OK,--,6:20:16 PM,8/20/2026,
716,46.7,gf,2.710,mm,OK,--,6:20:17 PM,8/20/2026,
717,46.8,gf,2.715,mm,OK,--,6:20:17 PM,8/20/2026,
718,46.8,gf,2.720,mm,OK,--,6:20:17 PM,8/20/2026,
719,46.8,gf,2.720,mm,OK,--,6:20:17 PM,8/20/2026,
720,46.8,gf,2.725,mm,OK,--,6:20:17 PM,8/20/2026,
721,46.8,gf,2.725,mm,OK,--,6:20:17 PM,8/20/2026,
722,46.8,gf,2.730,mm,OK,--,6:20:17 PM,8/20/2026,
723,46.9,gf,2.735,mm,OK,--,6:20:17 PM,8/20/2026,
724,46.9,gf,2.740,mm,OK,--,6:20:17 PM,8/20/2026,
725,46.9,gf,2.745,mm,OK,--,6:20:17 PM,8/20/2026,
726,46.9,gf,2.745,mm,OK,--,6:20:18 PM,8/20/2026,
727,46.9,gf,2.750,mm,OK,--,6:20:18 PM,8/20/2026,
728,46.9,gf,2.755,mm,OK,--,6:20:18 PM,8/20/2026,
729,46.9,gf,2.760,mm,OK,--,6:20:18 PM,8/20/2026,
730,46.9,gf,2.765,mm,OK,--,6:20:18 PM,8/20/2026,
731,46.9,gf,2.770,mm,OK,--,6:20:18 PM,8/20/2026,
732,46.9,gf,2.775,mm,OK,--,6:20:18 PM,8/20/2026,
733,47.0,gf,2.780,mm,OK,--,6:20:18 PM,8/20/2026,
734,47.0,gf,2.780,mm,OK,--,6:20:18 PM,8/20/2026,
735,47.1,gf,2.785,mm,OK,--,6:20:18 PM,8/20/2026,
736,47.0,gf,2.790,mm,OK,--,6:20:19 PM,8/20/2026,
737,47.0,gf,2.795,mm,OK,--,6:20:19 PM,8/20/2026,
738,47.0,gf,2.800,mm,OK,--,6:20:19 PM,8/20/2026,
739,47.0,gf,2.800,mm,OK,--,6:20:19 PM,8/20/2026,
740,47.0,gf,2.810,mm,OK,--,6:20:19 PM,8/20/2026,
741,47.0,gf,2.815,mm,OK,--,6:20:19 PM,8/20/2026,
742,47.0,gf,2.820,mm,OK,--,6:20:19 PM,8/20/2026,
743,47.0,gf,2.820,mm,OK,--,6:20:19 PM,8/20/2026,
744,47.0,gf,2.825,mm,OK,--,6:20:19 PM,8/20/2026,
745,47.0,gf,2.830,mm,OK,--,6:20:19 PM,8/20/2026,
746,47.0,gf,2.835,mm,OK,--,6:20:20 PM,8/20/2026,
747,47.0,gf,2.835,mm,OK,--,6:20:20 PM,8/20/2026,
748,47.0,gf,2.840,mm,OK,--,6:20:20 PM,8/20/2026,
749,47.0,gf,2.840,mm,OK,--,6:20:20 PM,8/20/2026,
750,47.1,gf,2.845,mm,OK,--,6:20:20 PM,8/20/2026,
751,47.1,gf,2.850,mm,OK,--,6:20:20 PM,8/20/2026,
752,47.1,gf,2.855,mm,OK,--,6:20:20 PM,8/20/2026,
753,47.2,gf,2.865,mm,OK,--,6:20:20 PM,8/20/2026,
754,47.2,gf,2.870,mm,OK,--,6:20:20 PM,8/20/2026,
755,47.3,gf,2.875,mm,OK,--,6:20:20 PM,8/20/2026,
756,47.3,gf,2.880,mm,OK,--,6:20:21 PM,8/20/2026,
757,47.3,gf,2.880,mm,OK,--,6:20:21 PM,8/20/2026,
758,47.3,gf,2.885,mm,OK,--,6:20:21 PM,8/20/2026,
759,47.3,gf,2.885,mm,OK,--,6:20:21 PM,8/20/2026,
760,47.4,gf,2.890,mm,OK,--,6:20:21 PM,8/20/2026,
761,47.4,gf,2.890,mm,OK,--,6:20:21 PM,8/20/2026,
762,47.4,gf,2.895,mm,OK,--,6:20:21 PM,8/20/2026,
763,47.4,gf,2.900,mm,OK,--,6:20:21 PM,8/20/2026,
764,47.4,gf,2.900,mm,OK,--,6:20:21 PM,8/20/2026,
765,47.4,gf,2.905,mm,OK,--,6:20:21 PM,8/20/2026,
766,47.4,gf,2.910,mm,OK,--,6:20:22 PM,8/20/2026,
767,47.4,gf,2.915,mm,OK,--,6:20:22 PM,8/20/2026,
768,47.5,gf,2.920,mm,OK,--,6:20:22 PM,8/20/2026,
769,47.5,gf,2.925,mm,OK,--,6:20:22 PM,8/20/2026,
770,47.6,gf,2.930,mm,OK,--,6:20:22 PM,8/20/2026,
771,47.5,gf,2.935,mm,OK,--,6:20:22 PM,8/20/2026,
772,47.6,gf,2.945,mm,OK,--,6:20:22 PM,8/20/2026,
773,47.6,gf,2.950,mm,OK,--,6:20:22 PM,8/20/2026,
774,47.7,gf,2.960,mm,OK,--,6:20:22 PM,8/20/2026,
775,47.7,gf,2.970,mm,OK,--,6:20:22 PM,8/20/2026,
776,47.7,gf,2.980,mm,OK,--,6:20:23 PM,8/20/2026,
777,47.7,gf,2.990,mm,OK,--,6:20:23 PM,8/20/2026,
778,47.7,gf,3.000,mm,OK,--,6:20:23 PM,8/20/2026,
779,47.8,gf,3.010,mm,OK,--,6:20:23 PM,8/20/2026,
780,47.8,gf,3.020,mm,OK,--,6:20:23 PM,8/20/2026,
781,47.9,gf,3.025,mm,OK,--,6:20:23 PM,8/20/2026,
782,48.0,gf,3.035,mm,OK,--,6:20:23 PM,8/20/2026,
783,48.0,gf,3.040,mm,OK,--,6:20:23 PM,8/20/2026,
784,48.0,gf,3.045,mm,OK,--,6:20:23 PM,8/20/2026,
785,48.0,gf,3.050,mm,OK,--,6:20:23 PM,8/20/2026,
786,48.0,gf,3.055,mm,OK,--,6:20:24 PM,8/20/2026,
787,48.0,gf,3.065,mm,OK,--,6:20:24 PM,8/20/2026,
788,48.0,gf,3.070,mm,OK,--,6:20:24 PM,8/20/2026,
789,48.0,gf,3.080,mm,OK,--,6:20:24 PM,8/20/2026,
790,48.1,gf,3.085,mm,OK,--,6:20:24 PM,8/20/2026,
791,48.2,gf,3.090,mm,OK,--,6:20:24 PM,8/20/2026,
792,48.1,gf,3.095,mm,OK,--,6:20:24 PM,8/20/2026,
793,48.3,gf,3.100,mm,OK,--,6:20:24 PM,8/20/2026,
794,48.3,gf,3.110,mm,OK,--,6:20:24 PM,8/20/2026,
795,48.3,gf,3.115,mm,OK,--,6:20:24 PM,8/20/2026,
796,48.3,gf,3.120,mm,OK,--,6:20:25 PM,8/20/2026,
797,48.3,gf,3.125,mm,OK,--,6:20:25 PM,8/20/2026,
798,48.3,gf,3.130,mm,OK,--,6:20:25 PM,8/20/2026,
799,48.3,gf,3.135,mm,OK,--,6:20:25 PM,8/20/2026,
800,48.3,gf,3.140,mm,OK,--,6:20:25 PM,8/20/2026,
801,48.3,gf,3.145,mm,OK,--,6:20:25 PM,8/20/2026,
802,48.3,gf,3.145,mm,OK,--,6:20:25 PM,8/20/2026,
803,48.3,gf,3.150,mm,OK,--,6:20:25 PM,8/20/2026,
804,48.3,gf,3.150,mm,OK,--,6:20:25 PM,8/20/2026,
805,48.4,gf,3.155,mm,OK,--,6:20:25 PM,8/20/2026,
806,48.4,gf,3.155,mm,OK,--,6:20:26 PM,8/20/2026,
807,48.4,gf,3.160,mm,OK,--,6:20:26 PM,8/20/2026,
808,48.4,gf,3.160,mm,OK,--,6:20:26 PM,8/20/2026,
809,48.4,gf,3.165,mm,OK,--,6:20:26 PM,8/20/2026,
810,48.4,gf,3.170,mm,OK,--,6:20:26 PM,8/20/2026,
811,48.4,gf,3.170,mm,OK,--,6:20:26 PM,8/20/2026,
812,48.5,gf,3.175,mm,OK,--,6:20:26 PM,8/20/2026,
813,48.5,gf,3.180,mm,OK,--,6:20:26 PM,8/20/2026,
814,48.4,gf,3.180,mm,OK,--,6:20:26 PM,8/20/2026,
815,48.5,gf,3.185,mm,OK,--,6:20:26 PM,8/20/2026,
816,48.5,gf,3.190,mm,OK,--,6:20:27 PM,8/20/2026,
817,48.5,gf,3.190,mm,OK,--,6:20:27 PM,8/20/2026,
818,48.5,gf,3.195,mm,OK,--,6:20:27 PM,8/20/2026,
819,48.5,gf,3.200,mm,OK,--,6:20:27 PM,8/20/2026,
820,48.5,gf,3.200,mm,OK,--,6:20:27 PM,8/20/2026,
821,48.5,gf,3.200,mm,OK,--,6:20:27 PM,8/20/2026,
822,48.5,gf,3.205,mm,OK,--,6:20:27 PM,8/20/2026,
823,48.6,gf,3.205,mm,OK,--,6:20:27 PM,8/20/2026,
824,48.6,gf,3.210,mm,OK,--,6:20:27 PM,8/20/2026,
825,48.6,gf,3.210,mm,OK,--,6:20:27 PM,8/20/2026,
826,48.6,gf,3.215,mm,OK,--,6:20:28 PM,8/20/2026,
827,48.6,gf,3.220,mm,OK,--,6:20:28 PM,8/20/2026,
828,48.6,gf,3.225,mm,OK,--,6:20:28 PM,8/20/2026,
829,48.6,gf,3.230,mm,OK,--,6:20:28 PM,8/20/2026,
830,48.6,gf,3.235,mm,OK,--,6:20:28 PM,8/20/2026,
831,48.6,gf,3.235,mm,OK,--,6:20:28 PM,8/20/2026,
832,48.6,gf,3.245,mm,OK,--,6:20:28 PM,8/20/2026,
833,48.6,gf,3.250,mm,OK,--,6:20:28 PM,8/20/2026,
834,48.7,gf,3.255,mm,OK,--,6:20:28 PM,8/20/2026,
835,48.7,gf,3.260,mm,OK,--,6:20:28 PM,8/20/2026,
836,48.8,gf,3.260,mm,OK,--,6:20:29 PM,8/20/2026,
837,48.8,gf,3.265,mm,OK,--,6:20:29 PM,8/20/2026,
838,48.8,gf,3.270,mm,OK,--,6:20:29 PM,8/20/2026,
839,48.8,gf,3.280,mm,OK,--,6:20:29 PM,8/20/2026,
840,48.8,gf,3.285,mm,OK,--,6:20:29 PM,8/20/2026,
841,48.8,gf,3.290,mm,OK,--,6:20:29 PM,8/20/2026,
842,48.8,gf,3.295,mm,OK,--,6:20:29 PM,8/20/2026,
843,48.8,gf,3.300,mm,OK,--,6:20:29 PM,8/20/2026,
844,48.8,gf,3.305,mm,OK,--,6:20:29 PM,8/20/2026,
845,48.8,gf,3.310,mm,OK,--,6:20:29 PM,8/20/2026,
846,48.9,gf,3.315,mm,OK,--,6:20:30 PM,8/20/2026,
847,48.9,gf,3.320,mm,OK,--,6:20:30 PM,8/20/2026,
848,48.9,gf,3.330,mm,OK,--,6:20:30 PM,8/20/2026,
849,49.0,gf,3.335,mm,OK,--,6:20:30 PM,8/20/2026,
850,48.9,gf,3.345,mm,OK,--,6:20:30 PM,8/20/2026,
851,49.0,gf,3.350,mm,OK,--,6:20:30 PM,8/20/2026,
852,49.0,gf,3.355,mm,OK,--,6:20:30 PM,8/20/2026,
853,49.0,gf,3.360,mm,OK,--,6:20:30 PM,8/20/2026,
854,49.1,gf,3.365,mm,OK,--,6:20:30 PM,8/20/2026,
855,49.1,gf,3.370,mm,OK,--,6:20:30 PM,8/20/2026,
856,49.1,gf,3.375,mm,OK,--,6:20:31 PM,8/20/2026,
857,49.2,gf,3.380,mm,OK,--,6:20:31 PM,8/20/2026,
858,49.2,gf,3.385,mm,OK,--,6:20:31 PM,8/20/2026,
859,49.2,gf,3.385,mm,OK,--,6:20:31 PM,8/20/2026,
860,49.2,gf,3.390,mm,OK,--,6:20:31 PM,8/20/2026,
861,49.2,gf,3.395,mm,OK,--,6:20:31 PM,8/20/2026,
862,49.2,gf,3.395,mm,OK,--,6:20:31 PM,8/20/2026,
863,49.2,gf,3.400,mm,OK,--,6:20:31 PM,8/20/2026,
864,49.2,gf,3.400,mm,OK,--,6:20:31 PM,8/20/2026,
865,49.2,gf,3.405,mm,OK,--,6:20:31 PM,8/20/2026,
866,49.2,gf,3.405,mm,OK,--,6:20:32 PM,8/20/2026,
867,49.2,gf,3.410,mm,OK,--,6:20:32 PM,8/20/2026,
868,49.2,gf,3.410,mm,OK,--,6:20:32 PM,8/20/2026,
869,49.3,gf,3.415,mm,OK,--,6:20:32 PM,8/20/2026,
870,49.3,gf,3.415,mm,OK,--,6:20:32 PM,8/20/2026,
871,49.3,gf,3.420,mm,OK,--,6:20:32 PM,8/20/2026,
872,49.3,gf,3.420,mm,OK,--,6:20:32 PM,8/20/2026,
873,49.4,gf,3.425,mm,OK,--,6:20:32 PM,8/20/2026,
874,49.4,gf,3.430,mm,OK,--,6:20:32 PM,8/20/2026,
875,49.4,gf,3.435,mm,OK,--,6:20:32 PM,8/20/2026,
876,49.4,gf,3.435,mm,OK,--,6:20:33 PM,8/20/2026,
877,49.5,gf,3.440,mm,OK,--,6:20:33 PM,8/20/2026,
878,49.5,gf,3.445,mm,OK,--,6:20:33 PM,8/20/2026,
879,49.5,gf,3.450,mm,OK,--,6:20:33 PM,8/20/2026,
880,49.5,gf,3.455,mm,OK,--,6:20:33 PM,8/20/2026,
881,49.5,gf,3.460,mm,OK,--,6:20:33 PM,8/20/2026,
882,49.5,gf,3.470,mm,OK,--,6:20:33 PM,8/20/2026,
883,49.5,gf,3.470,mm,OK,--,6:20:33 PM,8/20/2026,
884,49.6,gf,3.475,mm,OK,--,6:20:33 PM,8/20/2026,
885,49.6,gf,3.480,mm,OK,--,6:20:33 PM,8/20/2026,
886,49.8,gf,3.485,mm,OK,--,6:20:34 PM,8/20/2026,
887,49.7,gf,3.490,mm,OK,--,6:20:34 PM,8/20/2026,
888,49.7,gf,3.495,mm,OK,--,6:20:34 PM,8/20/2026,
889,49.7,gf,3.495,mm,OK,--,6:20:34 PM,8/20/2026,
890,49.8,gf,3.500,mm,OK,--,6:20:34 PM,8/20/2026,
891,49.8,gf,3.505,mm,OK,--,6:20:34 PM,8/20/2026,
892,49.9,gf,3.510,mm,OK,--,6:20:34 PM,8/20/2026,
893,49.9,gf,3.515,mm,OK,--,6:20:34 PM,8/20/2026,
894,49.9,gf,3.515,mm,OK,--,6:20:34 PM,8/20/2026,
895,49.9,gf,3.520,mm,OK,--,6:20:34 PM,8/20/2026,
896,49.9,gf,3.525,mm,OK,--,6:20:35 PM,8/20/2026,
897,50.0,gf,3.530,mm,OK,--,6:20:35 PM,8/20/2026,
898,49.9,gf,3.530,mm,OK,--,6:20:35 PM,8/20/2026,
899,49.9,gf,3.535,mm,OK,--,6:20:35 PM,8/20/2026,
900,49.8,gf,3.535,mm,OK,--,6:20:35 PM,8/20/2026,
901,49.9,gf,3.535,mm,OK,--,6:20:35 PM,8/20/2026,
902,50.0,gf,3.540,mm,OK,--,6:20:35 PM,8/20/2026,
903,49.9,gf,3.540,mm,OK,--,6:20:35 PM,8/20/2026,
904,49.9,gf,3.540,mm,OK,--,6:20:35 PM,8/20/2026,
905,49.9,gf,3.545,mm,OK,--,6:20:35 PM,8/20/2026,
906,49.9,gf,3.545,mm,OK,--,6:20:36 PM,8/20/2026,
907,50.0,gf,3.550,mm,OK,--,6:20:36 PM,8/20/2026,
908,50.0,gf,3.550,mm,OK,--,6:20:36 PM,8/20/2026,
909,50.0,gf,3.555,mm,OK,--,6:20:36 PM,8/20/2026,
910,50.0,gf,3.555,mm,OK,--,6:20:36 PM,8/20/2026,
911,50.0,gf,3.560,mm,OK,--,6:20:36 PM,8/20/2026,
912,50.0,gf,3.560,mm,OK,--,6:20:36 PM,8/20/2026,
913,50.0,gf,3.565,mm,OK,--,6:20:36 PM,8/20/2026,
914,50.0,gf,3.570,mm,OK,--,6:20:36 PM,8/20/2026,
915,50.1,gf,3.575,mm,OK,--,6:20:36 PM,8/20/2026,
916,50.2,gf,3.580,mm,OK,--,6:20:37 PM,8/20/2026,
917,50.1,gf,3.585,mm,OK,--,6:20:37 PM,8/20/2026,
918,50.2,gf,3.595,mm,OK,--,6:20:37 PM,8/20/2026,
919,50.2,gf,3.600,mm,OK,--,6:20:37 PM,8/20/2026,
920,50.2,gf,3.605,mm,OK,--,6:20:37 PM,8/20/2026,
921,50.2,gf,3.610,mm,OK,--,6:20:37 PM,8/20/2026,
922,50.3,gf,3.615,mm,OK,--,6:20:37 PM,8/20/2026,
923,50.3,gf,3.625,mm,OK,--,6:20:37 PM,8/20/2026,
924,50.4,gf,3.630,mm,OK,--,6:20:37 PM,8/20/2026,
925,50.5,gf,3.635,mm,OK,--,6:20:37 PM,8/20/2026,
926,50.5,gf,3.640,mm,OK,--,6:20:38 PM,8/20/2026,
927,50.5,gf,3.650,mm,OK,--,6:20:38 PM,8/20/2026,
928,50.5,gf,3.655,mm,OK,--,6:20:38 PM,8/20/2026,
929,50.4,gf,3.655,mm,OK,--,6:20:38 PM,8/20/2026,
930,50.5,gf,3.660,mm,OK,--,6:20:38 PM,8/20/2026,
931,50.5,gf,3.665,mm,OK,--,6:20:38 PM,8/20/2026,
932,50.5,gf,3.670,mm,OK,--,6:20:38 PM,8/20/2026,
933,50.5,gf,3.680,mm,OK,--,6:20:38 PM,8/20/2026,
934,50.6,gf,3.685,mm,OK,--,6:20:38 PM,8/20/2026,
935,50.6,gf,3.690,mm,OK,--,6:20:38 PM,8/20/2026,
936,50.5,gf,3.695,mm,OK,--,6:20:39 PM,8/20/2026,
937,50.5,gf,3.700,mm,OK,--,6:20:39 PM,8/20/2026,
938,50.5,gf,3.705,mm,OK,--,6:20:39 PM,8/20/2026,
939,50.6,gf,3.705,mm,OK,--,6:20:39 PM,8/20/2026,
940,50.6,gf,3.710,mm,OK,--,6:20:39 PM,8/20/2026,
941,50.6,gf,3.715,mm,OK,--,6:20:39 PM,8/20/2026,
942,50.6,gf,3.720,mm,OK,--,6:20:39 PM,8/20/2026,
943,50.6,gf,3.720,mm,OK,--,6:20:39 PM,8/20/2026,
944,50.6,gf,3.725,mm,OK,--,6:20:39 PM,8/20/2026,
945,50.6,gf,3.730,mm,OK,--,6:20:39 PM,8/20/2026,
946,50.6,gf,3.735,mm,OK,--,6:20:40 PM,8/20/2026,
947,50.7,gf,3.740,mm,OK,--,6:20:40 PM,8/20/2026,
948,50.7,gf,3.745,mm,OK,--,6:20:40 PM,8/20/2026,
949,50.7,gf,3.745,mm,OK,--,6:20:40 PM,8/20/2026,
950,50.8,gf,3.750,mm,OK,--,6:20:40 PM,8/20/2026,
951,50.8,gf,3.755,mm,OK,--,6:20:40 PM,8/20/2026,
952,50.7,gf,3.760,mm,OK,--,6:20:40 PM,8/20/2026,
953,50.8,gf,3.765,mm,OK,--,6:20:40 PM,8/20/2026,
954,50.8,gf,3.770,mm,OK,--,6:20:40 PM,8/20/2026,
955,50.8,gf,3.775,mm,OK,--,6:20:40 PM,8/20/2026,
956,50.8,gf,3.780,mm,OK,--,6:20:41 PM,8/20/2026,
957,50.9,gf,3.785,mm,OK,--,6:20:41 PM,8/20/2026,
958,50.9,gf,3.790,mm,OK,--,6:20:41 PM,8/20/2026,
959,50.8,gf,3.795,mm,OK,--,6:20:41 PM,8/20/2026,
960,50.8,gf,3.800,mm,OK,--,6:20:41 PM,8/20/2026,
961,50.9,gf,3.805,mm,OK,--,6:20:41 PM,8/20/2026,
962,50.9,gf,3.810,mm,OK,--,6:20:41 PM,8/20/2026,
963,50.9,gf,3.820,mm,OK,--,6:20:41 PM,8/20/2026,
964,51.0,gf,3.825,mm,OK,--,6:20:41 PM,8/20/2026,
965,51.0,gf,3.825,mm,OK,--,6:20:41 PM,8/20/2026,
966,51.1,gf,3.830,mm,OK,--,6:20:42 PM,8/20/2026,
967,51.1,gf,3.835,mm,OK,--,6:20:42 PM,8/20/2026,
968,51.1,gf,3.840,mm,OK,--,6:20:42 PM,8/20/2026,
969,51.1,gf,3.840,mm,OK,--,6:20:42 PM,8/20/2026,
970,51.2,gf,3.845,mm,OK,--,6:20:42 PM,8/20/2026,
971,51.2,gf,3.850,mm,OK,--,6:20:42 PM,8/20/2026,
972,51.1,gf,3.850,mm,OK,--,6:20:42 PM,8/20/2026,
973,51.2,gf,3.855,mm,OK,--,6:20:42 PM,8/20/2026,
974,51.2,gf,3.855,mm,OK,--,6:20:42 PM,8/20/2026,
975,51.2,gf,3.860,mm,OK,--,6:20:42 PM,8/20/2026,
976,51.2,gf,3.860,mm,OK,--,6:20:43 PM,8/20/2026,
977,51.2,gf,3.865,mm,OK,--,6:20:43 PM,8/20/2026,
978,51.2,gf,3.865,mm,OK,--,6:20:43 PM,8/20/2026,
979,51.2,gf,3.870,mm,OK,--,6:20:43 PM,8/20/2026,
980,51.2,gf,3.875,mm,OK,--,6:20:43 PM,8/20/2026,
981,51.2,gf,3.875,mm,OK,--,6:20:43 PM,8/20/2026,
982,51.2,gf,3.880,mm,OK,--,6:20:43 PM,8/20/2026,
983,51.2,gf,3.880,mm,OK,--,6:20:43 PM,8/20/2026,
984,51.2,gf,3.885,mm,OK,--,6:20:43 PM,8/20/2026,
985,51.2,gf,3.890,mm,OK,--,6:20:43 PM,8/20/2026,
986,51.2,gf,3.895,mm,OK,--,6:20:44 PM,8/20/2026,
987,51.2,gf,3.900,mm,OK,--,6:20:44 PM,8/20/2026,
988,51.2,gf,3.900,mm,OK,--,6:20:44 PM,8/20/2026,
989,51.3,gf,3.905,mm,OK,--,6:20:44 PM,8/20/2026,
990,51.4,gf,3.915,mm,OK,--,6:20:44 PM,8/20/2026,
991,51.4,gf,3.920,mm,OK,--,6:20:44 PM,8/20/2026,
992,51.9,gf,3.930,mm,OK,--,6:20:44 PM,8/20/2026,
993,52.6,gf,3.935,mm,OK,--,6:20:44 PM,8/20/2026,
994,53.5,gf,3.945,mm,OK,--,6:20:44 PM,8/20/2026,
995,54.3,gf,3.950,mm,OK,--,6:20:44 PM,8/20/2026,
996,55.0,gf,3.955,mm,OK,--,6:20:45 PM,8/20/2026,
997,55.8,gf,3.960,mm,OK,--,6:20:45 PM,8/20/2026,
998,56.6,gf,3.965,mm,OK,--,6:20:45 PM,8/20/2026,
999,57.2,gf,3.970,mm,OK,--,6:20:45 PM,8/20/2026,
1000,57.8,gf,3.975,mm,OK,--,6:20:45 PM,8/20/2026,
1001,58.2,gf,3.975,mm,OK,--,6:20:45 PM,8/20/2026,
1002,58.6,gf,3.980,mm,OK,--,6:20:45 PM,8/20/2026,
1003,59.1,gf,3.985,mm,OK,--,6:20:45 PM,8/20/2026,
1004,59.8,gf,3.990,mm,OK,--,6:20:45 PM,8/20/2026,
1005,60.6,gf,3.995,mm,OK,--,6:20:45 PM,8/20/2026,
1006,61.5,gf,4.000,mm,OK,--,6:20:46 PM,8/20/2026,
1007,62.3,gf,4.005,mm,OK,--,6:20:46 PM,8/20/2026,
1008,63.2,gf,4.015,mm,OK,--,6:20:46 PM,8/20/2026,
1009,64.0,gf,4.020,mm,OK,--,6:20:46 PM,8/20/2026,
1010,64.9,gf,4.025,mm,OK,--,6:20:46 PM,8/20/2026,
1011,65.7,gf,4.030,mm,OK,--,6:20:46 PM,8/20/2026,
1012,66.2,gf,4.035,mm,OK,--,6:20:46 PM,8/20/2026,
1013,67.0,gf,4.040,mm,OK,--,6:20:46 PM,8/20/2026,
1014,67.6,gf,4.045,mm,OK,--,6:20:46 PM,8/20/2026,
1015,68.4,gf,4.050,mm,OK,--,6:20:46 PM,8/20/2026,
1016,69.4,gf,4.055,mm,OK,--,6:20:47 PM,8/20/2026,
1017,70.6,gf,4.065,mm,OK,--,6:20:47 PM,8/20/2026,
1018,71.8,gf,4.075,mm,OK,--,6:20:47 PM,8/20/2026,
1019,72.9,gf,4.080,mm,OK,--,6:20:47 PM,8/20/2026,
1020,73.8,gf,4.085,mm,OK,--,6:20:47 PM,8/20/2026,
1021,74.7,gf,4.095,mm,OK,--,6:20:47 PM,8/20/2026,
1022,75.6,gf,4.100,mm,OK,--,6:20:47 PM,8/20/2026,
1023,76.6,gf,4.110,mm,OK,--,6:20:47 PM,8/20/2026,
1024,77.8,gf,4.120,mm,OK,--,6:20:47 PM,8/20/2026,
1025,78.7,gf,4.125,mm,OK,--,6:20:47 PM,8/20/2026,
1026,79.5,gf,4.135,mm,OK,--,6:20:48 PM,8/20/2026,
1027,80.5,gf,4.140,mm,OK,--,6:20:48 PM,8/20/2026,
1028,81.5,gf,4.150,mm,OK,--,6:20:48 PM,8/20/2026,
1029,82.6,gf,4.160,mm,OK,--,6:20:48 PM,8/20/2026,
1030,83.7,gf,4.165,mm,OK,--,6:20:48 PM,8/20/2026,
1031,84.9,gf,4.175,mm,OK,--,6:20:48 PM,8/20/2026,
1032,85.8,gf,4.185,mm,OK,--,6:20:48 PM,8/20/2026,
1033,86.5,gf,4.190,mm,OK,--,6:20:48 PM,8/20/2026,
1034,87.3,gf,4.200,mm,OK,--,6:20:48 PM,8/20/2026,
1035,87.8,gf,4.205,mm,OK,--,6:20:48 PM,8/20/2026,
1036,88.5,gf,4.210,mm,OK,--,6:20:49 PM,8/20/2026,
1037,89.3,gf,4.215,mm,OK,--,6:20:49 PM,8/20/2026,
1038,90.4,gf,4.225,mm,OK,--,6:20:49 PM,8/20/2026,
1039,91.5,gf,4.230,mm,OK,--,6:20:49 PM,8/20/2026,
1040,92.3,gf,4.240,mm,OK,--,6:20:49 PM,8/20/2026,
1041,93.1,gf,4.245,mm,OK,--,6:20:49 PM,8/20/2026,
1042,93.7,gf,4.255,mm,OK,--,6:20:49 PM,8/20/2026,
1043,94.4,gf,4.260,mm,OK,--,6:20:49 PM,8/20/2026,
1044,95.0,gf,4.265,mm,OK,--,6:20:49 PM,8/20/2026,
1045,95.5,gf,4.270,mm,OK,--,6:20:49 PM,8/20/2026,
1046,96.1,gf,4.280,mm,OK,--,6:20:50 PM,8/20/2026,
1047,97.0,gf,4.285,mm,OK,--,6:20:50 PM,8/20/2026,
1048,98.4,gf,4.295,mm,OK,--,6:20:50 PM,8/20/2026,
1049,99.8,gf,4.305,mm,OK,--,6:20:50 PM,8/20/2026,
1050,100.8,gf,4.310,mm,OK,--,6:20:50 PM,8/20/2026,
1051,101.6,gf,4.315,mm,OK,--,6:20:50 PM,8/20/2026,
1052,102.3,gf,4.320,mm,OK,--,6:20:50 PM,8/20/2026,
1053,102.9,gf,4.325,mm,OK,--,6:20:50 PM,8/20/2026,
1054,103.9,gf,4.330,mm,OK,--,6:20:50 PM,8/20/2026,
1055,105.1,gf,4.340,mm,OK,--,6:20:50 PM,8/20/2026,
1056,106.5,gf,4.345,mm,OK,--,6:20:51 PM,8/20/2026,
1057,108.7,gf,4.355,mm,OK,--,6:20:51 PM,8/20/2026,
1058,111.0,gf,4.360,mm,OK,--,6:20:51 PM,8/20/2026,
1059,113.3,gf,4.365,mm,OK,--,6:20:51 PM,8/20/2026,
1060,115.2,gf,4.370,mm,OK,--,6:20:51 PM,8/20/2026,
1061,117.0,gf,4.380,mm,OK,--,6:20:51 PM,8/20/2026,
1062,119.3,gf,4.385,mm,OK,--,6:20:51 PM,8/20/2026,
1063,121.3,gf,4.390,mm,OK,--,6:20:51 PM,8/20/2026,
1064,123.5,gf,4.395,mm,OK,--,6:20:51 PM,8/20/2026,
1065,127.0,gf,4.400,mm,OK,--,6:20:51 PM,8/20/2026,
1066,132.0,gf,4.410,mm,OK,--,6:20:52 PM,8/20/2026,
1067,136.8,gf,4.415,mm,OK,--,6:20:52 PM,8/20/2026,
1068,141.2,gf,4.425,mm,OK,--,6:20:52 PM,8/20/2026,
1069,144.5,gf,4.430,mm,OK,--,6:20:52 PM,8/20/2026,
1070,148.1,gf,4.430,mm,OK,--,6:20:52 PM,8/20/2026,
1071,151.7,gf,4.435,mm,OK,--,6:20:52 PM,8/20/2026,
1072,155.1,gf,4.440,mm,OK,--,6:20:52 PM,8/20/2026,
1073,159.0,gf,4.445,mm,OK,--,6:20:52 PM,8/20/2026,
1074,163.0,gf,4.450,mm,OK,--,6:20:52 PM,8/20/2026,
1075,166.2,gf,4.455,mm,OK,--,6:20:52 PM,8/20/2026,
1076,168.9,gf,4.455,mm,OK,--,6:20:53 PM,8/20/2026,
1077,171.6,gf,4.460,mm,OK,--,6:20:53 PM,8/20/2026,
1078,174.1,gf,4.460,mm,OK,--,6:20:53 PM,8/20/2026,
1079,176.1,gf,4.465,mm,OK,--,6:20:53 PM,8/20/2026,
1080,178.0,gf,4.465,mm,OK,--,6:20:53 PM,8/20/2026,
1081,180.1,gf,4.470,mm,OK,--,6:20:53 PM,8/20/2026,
1082,182.2,gf,4.470,mm,OK,--,6:20:53 PM,8/20/2026,
1083,184.9,gf,4.475,mm,OK,--,6:20:53 PM,8/20/2026,
1084,187.7,gf,4.475,mm,OK,--,6:20:53 PM,8/20/2026,
1085,191.0,gf,4.480,mm,OK,--,6:20:53 PM,8/20/2026,
1086,194.3,gf,4.485,mm,OK,--,6:20:54 PM,8/20/2026,
1087,197.1,gf,4.485,mm,OK,--,6:20:54 PM,8/20/2026,
1088,198.5,gf,4.490,mm,OK,--,6:20:54 PM,8/20/2026,
1089,198.8,gf,4.490,mm,OK,--,6:20:54 PM,8/20/2026,
1090,198.7,gf,4.490,mm,OK,--,6:20:54 PM,8/20/2026,
1091,198.5,gf,4.490,mm,OK,--,6:20:54 PM,8/20/2026,
1092,198.3,gf,4.490,mm,OK,--,6:20:54 PM,8/20/2026,
1093,198.3,gf,4.490,mm,OK,--,6:20:54 PM,8/20/2026,
1094,198.0,gf,4.490,mm,OK,--,6:20:54 PM,8/20/2026,
1095,198.0,gf,4.490,mm,OK,--,6:20:54 PM,8/20/2026,
1096,197.9,gf,4.490,mm,OK,--,6:20:55 PM,8/20/2026,
1097,197.9,gf,4.490,mm,OK,--,6:20:55 PM,8/20/2026,
1098,197.8,gf,4.490,mm,OK,--,6:20:55 PM,8/20/2026,
1099,197.8,gf,4.490,mm,OK,--,6:20:55 PM,8/20/2026,
1100,197.8,gf,4.490,mm,OK,--,6:20:55 PM,8/20/2026,
1101,197.7,gf,4.490,mm,OK,--,6:20:55 PM,8/20/2026,
1102,197.6,gf,4.490,mm,OK,--,6:20:55 PM,8/20/2026,
1103,197.6,gf,4.490,mm,OK,--,6:20:55 PM,8/20/2026,
1104,197.6,gf,4.490,mm,OK,--,6:20:55 PM,8/20/2026,
1105,197.5,gf,4.490,mm,OK,--,6:20:55 PM,8/20/2026,
1106,197.3,gf,4.490,mm,OK,--,6:20:56 PM,8/20/2026,
1107,197.1,gf,4.490,mm,OK,--,6:20:56 PM,8/20/2026,
1108,196.8,gf,4.490,mm,OK,--,6:20:56 PM,8/20/2026,
1109,196.6,gf,4.490,mm,OK,--,6:20:56 PM,8/20/2026,
1110,196.3,gf,4.490,mm,OK,--,6:20:56 PM,8/20/2026,
1111,196.0,gf,4.490,mm,OK,--,6:20:56 PM,8/20/2026,
1112,195.6,gf,4.490,mm,OK,--,6:20:56 PM,8/20/2026,
1113,195.2,gf,4.490,mm,OK,--,6:20:56 PM,8/20/2026,
1114,195.0,gf,4.490,mm,OK,--,6:20:56 PM,8/20/2026,
1115,194.8,gf,4.490,mm,OK,--,6:20:56 PM,8/20/2026,
1116,194.2,gf,4.485,mm,OK,--,6:20:57 PM,8/20/2026,
1117,192.9,gf,4.485,mm,OK,--,6:20:57 PM,8/20/2026,
1118,190.2,gf,4.485,mm,OK,--,6:20:57 PM,8/20/2026,
1119,187.7,gf,4.480,mm,OK,--,6:20:57 PM,8/20/2026,
1120,185.9,gf,4.480,mm,OK,--,6:20:57 PM,8/20/2026,
1121,184.6,gf,4.480,mm,OK,--,6:20:57 PM,8/20/2026,
1122,183.4,gf,4.475,mm,OK,--,6:20:57 PM,8/20/2026,
1123,182.5,gf,4.475,mm,OK,--,6:20:57 PM,8/20/2026,
1124,181.7,gf,4.475,mm,OK,--,6:20:57 PM,8/20/2026,
1125,180.9,gf,4.475,mm,OK,--,6:20:57 PM,8/20/2026,
1126,179.5,gf,4.475,mm,OK,--,6:20:58 PM,8/20/2026,
1127,177.6,gf,4.470,mm,OK,--,6:20:58 PM,8/20/2026,
1128,176.1,gf,4.470,mm,OK,--,6:20:58 PM,8/20/2026,
1129,175.1,gf,4.470,mm,OK,--,6:20:58 PM,8/20/2026,
1130,174.3,gf,4.470,mm,OK,--,6:20:58 PM,8/20/2026,
1131,173.7,gf,4.465,mm,OK,--,6:20:58 PM,8/20/2026,
1132,173.2,gf,4.465,mm,OK,--,6:20:58 PM,8/20/2026,
1133,172.9,gf,4.465,mm,OK,--,6:20:58 PM,8/20/2026,
1134,172.6,gf,4.465,mm,OK,--,6:20:58 PM,8/20/2026,
1135,172.3,gf,4.465,mm,OK,--,6:20:58 PM,8/20/2026,
1136,171.9,gf,4.465,mm,OK,--,6:20:59 PM,8/20/2026,
1137,171.8,gf,4.465,mm,OK,--,6:20:59 PM,8/20/2026,
1138,171.6,gf,4.465,mm,OK,--,6:20:59 PM,8/20/2026,
1139,171.6,gf,4.465,mm,OK,--,6:20:59 PM,8/20/2026,
1140,171.4,gf,4.465,mm,OK,--,6:20:59 PM,8/20/2026,
1141,171.3,gf,4.465,mm,OK,--,6:20:59 PM,8/20/2026,
1142,171.1,gf,4.465,mm,OK,--,6:20:59 PM,8/20/2026,
1143,170.9,gf,4.465,mm,OK,--,6:20:59 PM,8/20/2026,
1144,170.4,gf,4.465,mm,OK,--,6:20:59 PM,8/20/2026,
1145,170.1,gf,4.465,mm,OK,--,6:20:59 PM,8/20/2026,
1146,170.0,gf,4.465,mm,OK,--,6:21:00 PM,8/20/2026,
1147,169.9,gf,4.465,mm,OK,--,6:21:00 PM,8/20/2026,
1148,169.6,gf,4.465,mm,OK,--,6:21:00 PM,8/20/2026,
1149,169.2,gf,4.465,mm,OK,--,6:21:00 PM,8/20/2026,
1150,168.9,gf,4.460,mm,OK,--,6:21:00 PM,8/20/2026,
1151,168.6,gf,4.460,mm,OK,--,6:21:00 PM,8/20/2026,
1152,168.2,gf,4.460,mm,OK,--,6:21:00 PM,8/20/2026,
1153,168.0,gf,4.460,mm,OK,--,6:21:00 PM,8/20/2026,
1154,167.7,gf,4.460,mm,OK,--,6:21:00 PM,8/20/2026,
1155,167.4,gf,4.460,mm,OK,--,6:21:00 PM,8/20/2026,
1156,167.2,gf,4.460,mm,OK,--,6:21:01 PM,8/20/2026,
1157,166.9,gf,4.460,mm,OK,--,6:21:01 PM,8/20/2026,
1158,166.7,gf,4.460,mm,OK,--,6:21:01 PM,8/20/2026,
1159,166.5,gf,4.460,mm,OK,--,6:21:01 PM,8/20/2026,
1160,166.3,gf,4.460,mm,OK,--,6:21:01 PM,8/20/2026,
1161,166.0,gf,4.460,mm,OK,--,6:21:01 PM,8/20/2026,
1162,165.8,gf,4.460,mm,OK,--,6:21:01 PM,8/20/2026,
1163,165.4,gf,4.460,mm,OK,--,6:21:01 PM,8/20/2026,
1164,165.1,gf,4.460,mm,OK,--,6:21:01 PM,8/20/2026,
1165,164.6,gf,4.460,mm,OK,--,6:21:01 PM,8/20/2026,
1166,164.4,gf,4.460,mm,OK,--,6:21:02 PM,8/20/2026,
1167,164.1,gf,4.460,mm,OK,--,6:21:02 PM,8/20/2026,
1168,163.9,gf,4.460,mm,OK,--,6:21:02 PM,8/20/2026,
1169,163.6,gf,4.455,mm,OK,--,6:21:02 PM,8/20/2026,
1170,163.4,gf,4.455,mm,OK,--,6:21:02 PM,8/20/2026,
1171,163.1,gf,4.455,mm,OK,--,6:21:02 PM,8/20/2026,
1172,162.6,gf,4.455,mm,OK,--,6:21:02 PM,8/20/2026,
1173,162.4,gf,4.455,mm,OK,--,6:21:02 PM,8/20/2026,
1174,162.0,gf,4.455,mm,OK,--,6:21:02 PM,8/20/2026,
1175,161.6,gf,4.455,mm,OK,--,6:21:02 PM,8/20/2026,
1176,161.2,gf,4.455,mm,OK,--,6:21:03 PM,8/20/2026,
1177,160.9,gf,4.455,mm,OK,--,6:21:03 PM,8/20/2026,
1178,160.7,gf,4.455,mm,OK,--,6:21:03 PM,8/20/2026,
1179,160.2,gf,4.455,mm,OK,--,6:21:03 PM,8/20/2026,
1180,159.8,gf,4.455,mm,OK,--,6:21:03 PM,8/20/2026,
1181,159.3,gf,4.455,mm,OK,--,6:21:03 PM,8/20/2026,
1182,158.9,gf,4.455,mm,OK,--,6:21:03 PM,8/20/2026,
1183,158.4,gf,4.450,mm,OK,--,6:21:03 PM,8/20/2026,
1184,157.8,gf,4.450,mm,OK,--,6:21:03 PM,8/20/2026,
1185,157.3,gf,4.450,mm,OK,--,6:21:03 PM,8/20/2026,
1186,156.8,gf,4.450,mm,OK,--,6:21:04 PM,8/20/2026,
1187,156.2,gf,4.450,mm,OK,--,6:21:04 PM,8/20/2026,
1188,155.6,gf,4.450,mm,OK,--,6:21:04 PM,8/20/2026,
1189,155.0,gf,4.450,mm,OK,--,6:21:04 PM,8/20/2026,
1190,154.5,gf,4.450,mm,OK,--,6:21:04 PM,8/20/2026,
1191,153.9,gf,4.450,mm,OK,--,6:21:04 PM,8/20/2026,
1192,153.4,gf,4.445,mm,OK,--,6:21:04 PM,8/20/2026,
1193,152.6,gf,4.445,mm,OK,--,6:21:04 PM,8/20/2026,
1194,151.8,gf,4.445,mm,OK,--,6:21:04 PM,8/20/2026,
1195,151.1,gf,4.445,mm,OK,--,6:21:04 PM,8/20/2026,
1196,150.4,gf,4.445,mm,OK,--,6:21:05 PM,8/20/2026,
1197,149.7,gf,4.445,mm,OK,--,6:21:05 PM,8/20/2026,
1198,148.8,gf,4.445,mm,OK,--,6:21:05 PM,8/20/2026,
1199,147.8,gf,4.440,mm,OK,--,6:21:05 PM,8/20/2026,
1200,147.1,gf,4.440,mm,OK,--,6:21:05 PM,8/20/2026,
1201,146.3,gf,4.440,mm,OK,--,6:21:05 PM,8/20/2026,
1202,145.3,gf,4.440,mm,OK,--,6:21:05 PM,8/20/2026,
1203,144.3,gf,4.440,mm,OK,--,6:21:05 PM,8/20/2026,
1204,143.5,gf,4.435,mm,OK,--,6:21:05 PM,8/20/2026,
1205,142.7,gf,4.435,mm,OK,--,6:21:05 PM,8/20/2026,
1206,142.0,gf,4.435,mm,OK,--,6:21:06 PM,8/20/2026,
1207,141.3,gf,4.435,mm,OK,--,6:21:06 PM,8/20/2026,
1208,140.4,gf,4.435,mm,OK,--,6:21:06 PM,8/20/2026,
1209,139.8,gf,4.435,mm,OK,--,6:21:06 PM,8/20/2026,
1210,139.2,gf,4.435,mm,OK,--,6:21:06 PM,8/20/2026,
1211,138.6,gf,4.430,mm,OK,--,6:21:06 PM,8/20/2026,
1212,138.1,gf,4.430,mm,OK,--,6:21:06 PM,8/20/2026,
1213,137.6,gf,4.430,mm,OK,--,6:21:06 PM,8/20/2026,
1214,136.9,gf,4.430,mm,OK,--,6:21:06 PM,8/20/2026,
1215,136.3,gf,4.430,mm,OK,--,6:21:06 PM,8/20/2026,
1216,135.8,gf,4.430,mm,OK,--,6:21:07 PM,8/20/2026,
1217,135.3,gf,4.430,mm,OK,--,6:21:07 PM,8/20/2026,
1218,134.8,gf,4.430,mm,OK,--,6:21:07 PM,8/20/2026,
1219,134.4,gf,4.425,mm,OK,--,6:21:07 PM,8/20/2026,
1220,133.9,gf,4.425,mm,OK,--,6:21:07 PM,8/20/2026,
1221,133.5,gf,4.425,mm,OK,--,6:21:07 PM,8/20/2026,
1222,133.1,gf,4.425,mm,OK,--,6:21:07 PM,8/20/2026,
1223,132.7,gf,4.425,mm,OK,--,6:21:07 PM,8/20/2026,
1224,132.3,gf,4.425,mm,OK,--,6:21:07 PM,8/20/2026,
1225,131.8,gf,4.425,mm,OK,--,6:21:07 PM,8/20/2026,
1226,131.4,gf,4.425,mm,OK,--,6:21:08 PM,8/20/2026,
1227,130.9,gf,4.425,mm,OK,--,6:21:08 PM,8/20/2026,
1228,130.5,gf,4.425,mm,OK,--,6:21:08 PM,8/20/2026,
1229,130.0,gf,4.420,mm,OK,--,6:21:08 PM,8/20/2026,
1230,129.6,gf,4.420,mm,OK,--,6:21:08 PM,8/20/2026,
1231,129.1,gf,4.420,mm,OK,--,6:21:08 PM,8/20/2026,
1232,128.7,gf,4.420,mm,OK,--,6:21:08 PM,8/20/2026,
1233,128.3,gf,4.420,mm,OK,--,6:21:08 PM,8/20/2026,
1234,128.0,gf,4.420,mm,OK,--,6:21:08 PM,8/20/2026,
1235,127.6,gf,4.420,mm,OK,--,6:21:08 PM,8/20/2026,
1236,127.2,gf,4.420,mm,OK,--,6:21:09 PM,8/20/2026,
1237,126.7,gf,4.420,mm,OK,--,6:21:09 PM,8/20/2026,
1238,126.2,gf,4.420,mm,OK,--,6:21:09 PM,8/20/2026,
1239,125.6,gf,4.415,mm,OK,--,6:21:09 PM,8/20/2026,
1240,125.1,gf,4.415,mm,OK,--,6:21:09 PM,8/20/2026,
1241,124.7,gf,4.415,mm,OK,--,6:21:09 PM,8/20/2026,
1242,124.2,gf,4.415,mm,OK,--,6:21:09 PM,8/20/2026,
1243,123.7,gf,4.415,mm,OK,--,6:21:09 PM,8/20/2026,
1244,123.2,gf,4.415,mm,OK,--,6:21:09 PM,8/20/2026,
1245,122.5,gf,4.415,mm,OK,--,6:21:09 PM,8/20/2026,
1246,121.9,gf,4.415,mm,OK,--,6:21:10 PM,8/20/2026,
1247,121.2,gf,4.410,mm,OK,--,6:21:10 PM,8/20/2026,
1248,120.3,gf,4.410,mm,OK,--,6:21:10 PM,8/20/2026,
1249,119.3,gf,4.410,mm,OK,--,6:21:10 PM,8/20/2026,
1250,118.3,gf,4.410,mm,OK,--,6:21:10 PM,8/20/2026,
1251,117.3,gf,4.405,mm,OK,--,6:21:10 PM,8/20/2026,
1252,116.4,gf,4.405,mm,OK,--,6:21:10 PM,8/20/2026,
1253,115.6,gf,4.405,mm,OK,--,6:21:10 PM,8/20/2026,
1254,114.9,gf,4.405,mm,OK,--,6:21:10 PM,8/20/2026,
1255,114.2,gf,4.405,mm,OK,--,6:21:10 PM,8/20/2026,
1256,113.6,gf,4.400,mm,OK,--,6:21:11 PM,8/20/2026,
1257,113.0,gf,4.400,mm,OK,--,6:21:11 PM,8/20/2026,
1258,112.2,gf,4.400,mm,OK,--,6:21:11 PM,8/20/2026,
1259,111.4,gf,4.400,mm,OK,--,6:21:11 PM,8/20/2026,
1260,111.0,gf,4.400,mm,OK,--,6:21:11 PM,8/20/2026,
1261,110.5,gf,4.400,mm,OK,--,6:21:11 PM,8/20/2026,
1262,110.2,gf,4.400,mm,OK,--,6:21:11 PM,8/20/2026,
1263,110.0,gf,4.395,mm,OK,--,6:21:11 PM,8/20/2026,
1264,109.5,gf,4.395,mm,OK,--,6:21:11 PM,8/20/2026,
1265,109.2,gf,4.395,mm,OK,--,6:21:11 PM,8/20/2026,
1266,108.8,gf,4.395,mm,OK,--,6:21:12 PM,8/20/2026,
1267,108.5,gf,4.395,mm,OK,--,6:21:12 PM,8/20/2026,
1268,108.3,gf,4.395,mm,OK,--,6:21:12 PM,8/20/2026,
1269,108.1,gf,4.395,mm,OK,--,6:21:12 PM,8/20/2026,
1270,107.7,gf,4.395,mm,OK,--,6:21:12 PM,8/20/2026,
1271,107.3,gf,4.395,mm,OK,--,6:21:12 PM,8/20/2026,
1272,106.8,gf,4.395,mm,OK,--,6:21:12 PM,8/20/2026,
1273,106.3,gf,4.390,mm,OK,--,6:21:12 PM,8/20/2026,
1274,105.7,gf,4.390,mm,OK,--,6:21:12 PM,8/20/2026,
1275,105.3,gf,4.390,mm,OK,--,6:21:12 PM,8/20/2026,
1276,104.8,gf,4.390,mm,OK,--,6:21:13 PM,8/20/2026,
1277,104.5,gf,4.390,mm,OK,--,6:21:13 PM,8/20/2026,
1278,104.0,gf,4.390,mm,OK,--,6:21:13 PM,8/20/2026,
1279,103.6,gf,4.385,mm,OK,--,6:21:13 PM,8/20/2026,
1280,103.1,gf,4.385,mm,OK,--,6:21:13 PM,8/20/2026,
1281,102.5,gf,4.385,mm,OK,--,6:21:13 PM,8/20/2026,
1282,101.8,gf,4.385,mm,OK,--,6:21:13 PM,8/20/2026,
1283,101.1,gf,4.380,mm,OK,--,6:21:13 PM,8/20/2026,
1284,100.4,gf,4.380,mm,OK,--,6:21:13 PM,8/20/2026,
1285,99.7,gf,4.380,mm,OK,--,6:21:13 PM,8/20/2026,
1286,98.9,gf,4.380,mm,OK,--,6:21:14 PM,8/20/2026,
1287,98.0,gf,4.375,mm,OK,--,6:21:14 PM,8/20/2026,
1288,97.0,gf,4.375,mm,OK,--,6:21:14 PM,8/20/2026,
1289,95.9,gf,4.370,mm,OK,--,6:21:14 PM,8/20/2026,
1290,94.8,gf,4.370,mm,OK,--,6:21:14 PM,8/20/2026,
1291,93.7,gf,4.365,mm,OK,--,6:21:14 PM,8/20/2026,
1292,92.7,gf,4.360,mm,OK,--,6:21:14 PM,8/20/2026,
1293,91.5,gf,4.360,mm,OK,--,6:21:14 PM,8/20/2026,
1294,90.3,gf,4.355,mm,OK,--,6:21:14 PM,8/20/2026,
1295,89.4,gf,4.350,mm,OK,--,6:21:14 PM,8/20/2026,
1296,88.4,gf,4.345,mm,OK,--,6:21:15 PM,8/20/2026,
1297,87.6,gf,4.340,mm,OK,--,6:21:15 PM,8/20/2026,
1298,86.8,gf,4.335,mm,OK,--,6:21:15 PM,8/20/2026,
1299,86.1,gf,4.330,mm,OK,--,6:21:15 PM,8/20/2026,
1300,85.3,gf,4.325,mm,OK,--,6:21:15 PM,8/20/2026,
1301,84.3,gf,4.320,mm,OK,--,6:21:15 PM,8/20/2026,
1302,82.9,gf,4.310,mm,OK,--,6:21:15 PM,8/20/2026,
1303,81.4,gf,4.300,mm,OK,--,6:21:15 PM,8/20/2026,
1304,80.3,gf,4.290,mm,OK,--,6:21:15 PM,8/20/2026,
1305,79.2,gf,4.285,mm,OK,--,6:21:15 PM,8/20/2026,
1306,78.4,gf,4.275,mm,OK,--,6:21:16 PM,8/20/2026,
1307,77.8,gf,4.270,mm,OK,--,6:21:16 PM,8/20/2026,
1308,77.3,gf,4.265,mm,OK,--,6:21:16 PM,8/20/2026,
1309,76.8,gf,4.260,mm,OK,--,6:21:16 PM,8/20/2026,
1310,76.4,gf,4.255,mm,OK,--,6:21:16 PM,8/20/2026,
1311,76.1,gf,4.250,mm,OK,--,6:21:16 PM,8/20/2026,
1312,75.8,gf,4.250,mm,OK,--,6:21:16 PM,8/20/2026,
1313,75.5,gf,4.245,mm,OK,--,6:21:16 PM,8/20/2026,
1314,75.2,gf,4.240,mm,OK,--,6:21:16 PM,8/20/2026,
1315,74.9,gf,4.240,mm,OK,--,6:21:16 PM,8/20/2026,
1316,74.7,gf,4.235,mm,OK,--,6:21:17 PM,8/20/2026,
1317,74.3,gf,4.235,mm,OK,--,6:21:17 PM,8/20/2026,
1318,74.0,gf,4.230,mm,OK,--,6:21:17 PM,8/20/2026,
1319,73.6,gf,4.225,mm,OK,--,6:21:17 PM,8/20/2026,
1320,72.9,gf,4.220,mm,OK,--,6:21:17 PM,8/20/2026,
1321,72.3,gf,4.215,mm,OK,--,6:21:17 PM,8/20/2026,
1322,71.7,gf,4.210,mm,OK,--,6:21:17 PM,8/20/2026,
1323,71.1,gf,4.205,mm,OK,--,6:21:17 PM,8/20/2026,
1324,70.8,gf,4.200,mm,OK,--,6:21:17 PM,8/20/2026,
1325,70.5,gf,4.195,mm,OK,--,6:21:17 PM,8/20/2026,
1326,70.1,gf,4.195,mm,OK,--,6:21:18 PM,8/20/2026,
1327,69.8,gf,4.190,mm,OK,--,6:21:18 PM,8/20/2026,
1328,69.5,gf,4.185,mm,OK,--,6:21:18 PM,8/20/2026,
1329,68.9,gf,4.185,mm,OK,--,6:21:18 PM,8/20/2026,
1330,68.2,gf,4.175,mm,OK,--,6:21:18 PM,8/20/2026,
1331,67.6,gf,4.170,mm,OK,--,6:21:18 PM,8/20/2026,
1332,67.2,gf,4.165,mm,OK,--,6:21:18 PM,8/20/2026,
1333,66.8,gf,4.160,mm,OK,--,6:21:18 PM,8/20/2026,
1334,66.4,gf,4.155,mm,OK,--,6:21:18 PM,8/20/2026,
1335,65.2,gf,4.145,mm,OK,--,6:21:18 PM,8/20/2026,
1336,63.6,gf,4.130,mm,OK,--,6:21:19 PM,8/20/2026,
1337,62.7,gf,4.120,mm,OK,--,6:21:19 PM,8/20/2026,
1338,62.1,gf,4.115,mm,OK,--,6:21:19 PM,8/20/2026,
1339,61.5,gf,4.105,mm,OK,--,6:21:19 PM,8/20/2026,
1340,60.6,gf,4.095,mm,OK,--,6:21:19 PM,8/20/2026,
1341,60.0,gf,4.085,mm,OK,--,6:21:19 PM,8/20/2026,
1342,59.7,gf,4.085,mm,OK,--,6:21:19 PM,8/20/2026,
1343,59.3,gf,4.080,mm,OK,--,6:21:19 PM,8/20/2026,
1344,58.6,gf,4.070,mm,OK,--,6:21:19 PM,8/20/2026,
1345,57.8,gf,4.065,mm,OK,--,6:21:19 PM,8/20/2026,
1346,57.0,gf,4.055,mm,OK,--,6:21:20 PM,8/20/2026,
1347,56.9,gf,4.055,mm,OK,--,6:21:20 PM,8/20/2026,
1348,56.7,gf,4.050,mm,OK,--,6:21:20 PM,8/20/2026,
1349,56.3,gf,4.050,mm,OK,--,6:21:20 PM,8/20/2026,
1350,55.8,gf,4.045,mm,OK,--,6:21:20 PM,8/20/2026,
1351,55.2,gf,4.035,mm,OK,--,6:21:20 PM,8/20/2026,
1352,54.0,gf,4.025,mm,OK,--,6:21:20 PM,8/20/2026,
1353,52.8,gf,4.015,mm,OK,--,6:21:20 PM,8/20/2026,
1354,51.6,gf,4.005,mm,OK,--,6:21:20 PM,8/20/2026,
1355,50.6,gf,3.990,mm,OK,--,6:21:20 PM,8/20/2026,
1356,49.6,gf,3.985,mm,OK,--,6:21:21 PM,8/20/2026,
1357,48.9,gf,3.975,mm,OK,--,6:21:21 PM,8/20/2026,
1358,48.6,gf,3.970,mm,OK,--,6:21:21 PM,8/20/2026,
1359,48.4,gf,3.965,mm,OK,--,6:21:21 PM,8/20/2026,
1360,48.4,gf,3.960,mm,OK,--,6:21:21 PM,8/20/2026,
1361,48.4,gf,3.950,mm,OK,--,6:21:21 PM,8/20/2026,
1362,48.4,gf,3.945,mm,OK,--,6:21:21 PM,8/20/2026,
1363,48.4,gf,3.935,mm,OK,--,6:21:21 PM,8/20/2026,
1364,48.4,gf,3.930,mm,OK,--,6:21:21 PM,8/20/2026,
1365,48.4,gf,3.925,mm,OK,--,6:21:21 PM,8/20/2026,
1366,48.4,gf,3.920,mm,OK,--,6:21:22 PM,8/20/2026,
1367,48.3,gf,3.910,mm,OK,--,6:21:22 PM,8/20/2026,
1368,48.5,gf,3.900,mm,OK,--,6:21:22 PM,8/20/2026,
1369,48.4,gf,3.895,mm,OK,--,6:21:22 PM,8/20/2026,
1370,48.4,gf,3.885,mm,OK,--,6:21:22 PM,8/20/2026,
1371,48.4,gf,3.880,mm,OK,--,6:21:22 PM,8/20/2026,
1372,48.3,gf,3.870,mm,OK,--,6:21:22 PM,8/20/2026,
1373,48.3,gf,3.860,mm,OK,--,6:21:22 PM,8/20/2026,
1374,48.2,gf,3.855,mm,OK,--,6:21:22 PM,8/20/2026,
1375,48.3,gf,3.850,mm,OK,--,6:21:22 PM,8/20/2026,
1376,48.2,gf,3.845,mm,OK,--,6:21:23 PM,8/20/2026,
1377,48.2,gf,3.840,mm,OK,--,6:21:23 PM,8/20/2026,
1378,48.2,gf,3.835,mm,OK,--,6:21:23 PM,8/20/2026,
1379,48.2,gf,3.830,mm,OK,--,6:21:23 PM,8/20/2026,
1380,48.2,gf,3.825,mm,OK,--,6:21:23 PM,8/20/2026,
1381,48.3,gf,3.825,mm,OK,--,6:21:23 PM,8/20/2026,
1382,48.3,gf,3.825,mm,OK,--,6:21:23 PM,8/20/2026,
1383,48.2,gf,3.820,mm,OK,--,6:21:23 PM,8/20/2026,
1384,48.2,gf,3.815,mm,OK,--,6:21:23 PM,8/20/2026,
1385,48.2,gf,3.810,mm,OK,--,6:21:23 PM,8/20/2026,
1386,48.3,gf,3.810,mm,OK,--,6:21:24 PM,8/20/2026,
1387,48.2,gf,3.805,mm,OK,--,6:21:24 PM,8/20/2026,
1388,48.2,gf,3.805,mm,OK,--,6:21:24 PM,8/20/2026,
1389,48.3,gf,3.800,mm,OK,--,6:21:24 PM,8/20/2026,
1390,48.3,gf,3.800,mm,OK,--,6:21:24 PM,8/20/2026,
1391,48.4,gf,3.795,mm,OK,--,6:21:24 PM,8/20/2026,
1392,48.3,gf,3.795,mm,OK,--,6:21:24 PM,8/20/2026,
1393,48.3,gf,3.790,mm,OK,--,6:21:24 PM,8/20/2026,
1394,48.2,gf,3.785,mm,OK,--,6:21:24 PM,8/20/2026,
1395,48.2,gf,3.780,mm,OK,--,6:21:24 PM,8/20/2026,
1396,48.2,gf,3.775,mm,OK,--,6:21:25 PM,8/20/2026,
1397,48.2,gf,3.770,mm,OK,--,6:21:25 PM,8/20/2026,
1398,48.2,gf,3.765,mm,OK,--,6:21:25 PM,8/20/2026,
1399,48.1,gf,3.760,mm,OK,--,6:21:25 PM,8/20/2026,
1400,48.2,gf,3.750,mm,OK,--,6:21:25 PM,8/20/2026,
1401,48.1,gf,3.740,mm,OK,--,6:21:25 PM,8/20/2026,
1402,48.2,gf,3.730,mm,OK,--,6:21:25 PM,8/20/2026,
1403,48.2,gf,3.720,mm,OK,--,6:21:25 PM,8/20/2026,
1404,48.1,gf,3.705,mm,OK,--,6:21:25 PM,8/20/2026,
1405,48.1,gf,3.695,mm,OK,--,6:21:25 PM,8/20/2026,
1406,48.0,gf,3.680,mm,OK,--,6:21:26 PM,8/20/2026,
1407,48.0,gf,3.670,mm,OK,--,6:21:26 PM,8/20/2026,
1408,48.0,gf,3.660,mm,OK,--,6:21:26 PM,8/20/2026,
1409,48.0,gf,3.655,mm,OK,--,6:21:26 PM,8/20/2026,
1410,48.0,gf,3.645,mm,OK,--,6:21:26 PM,8/20/2026,
1411,48.0,gf,3.635,mm,OK,--,6:21:26 PM,8/20/2026,
1412,48.1,gf,3.625,mm,OK,--,6:21:26 PM,8/20/2026,
1413,48.0,gf,3.615,mm,OK,--,6:21:26 PM,8/20/2026,
1414,47.9,gf,3.600,mm,OK,--,6:21:26 PM,8/20/2026,
1415,47.9,gf,3.590,mm,OK,--,6:21:26 PM,8/20/2026,
1416,47.9,gf,3.580,mm,OK,--,6:21:27 PM,8/20/2026,
1417,47.8,gf,3.565,mm,OK,--,6:21:27 PM,8/20/2026,
1418,47.8,gf,3.555,mm,OK,--,6:21:27 PM,8/20/2026,
1419,47.8,gf,3.545,mm,OK,--,6:21:27 PM,8/20/2026,
1420,47.8,gf,3.540,mm,OK,--,6:21:27 PM,8/20/2026,
1421,47.8,gf,3.535,mm,OK,--,6:21:27 PM,8/20/2026,
1422,47.8,gf,3.525,mm,OK,--,6:21:27 PM,8/20/2026,
1423,47.8,gf,3.520,mm,OK,--,6:21:27 PM,8/20/2026,
1424,47.7,gf,3.510,mm,OK,--,6:21:27 PM,8/20/2026,
1425,47.7,gf,3.500,mm,OK,--,6:21:27 PM,8/20/2026,
1426,47.7,gf,3.495,mm,OK,--,6:21:28 PM,8/20/2026,
1427,47.6,gf,3.485,mm,OK,--,6:21:28 PM,8/20/2026,
1428,47.6,gf,3.480,mm,OK,--,6:21:28 PM,8/20/2026,
1429,47.5,gf,3.470,mm,OK,--,6:21:28 PM,8/20/2026,
1430,47.5,gf,3.465,mm,OK,--,6:21:28 PM,8/20/2026,
1431,47.4,gf,3.455,mm,OK,--,6:21:28 PM,8/20/2026,
1432,47.4,gf,3.445,mm,OK,--,6:21:28 PM,8/20/2026,
1433,47.4,gf,3.435,mm,OK,--,6:21:28 PM,8/20/2026,
1434,47.3,gf,3.425,mm,OK,--,6:21:28 PM,8/20/2026,
1435,47.4,gf,3.415,mm,OK,--,6:21:28 PM,8/20/2026,
1436,47.3,gf,3.410,mm,OK,--,6:21:29 PM,8/20/2026,
1437,47.3,gf,3.405,mm,OK,--,6:21:29 PM,8/20/2026,
1438,47.3,gf,3.400,mm,OK,--,6:21:29 PM,8/20/2026,
1439,47.3,gf,3.395,mm,OK,--,6:21:29 PM,8/20/2026,
1440,47.3,gf,3.390,mm,OK,--,6:21:29 PM,8/20/2026,
1441,47.3,gf,3.390,mm,OK,--,6:21:29 PM,8/20/2026,
1442,47.3,gf,3.385,mm,OK,--,6:21:29 PM,8/20/2026,
1443,47.2,gf,3.380,mm,OK,--,6:21:29 PM,8/20/2026,
1444,47.2,gf,3.380,mm,OK,--,6:21:29 PM,8/20/2026,
1445,47.2,gf,3.375,mm,OK,--,6:21:29 PM,8/20/2026,
1446,47.2,gf,3.370,mm,OK,--,6:21:30 PM,8/20/2026,
1447,47.2,gf,3.365,mm,OK,--,6:21:30 PM,8/20/2026,
1448,47.1,gf,3.365,mm,OK,--,6:21:30 PM,8/20/2026,
1449,47.1,gf,3.360,mm,OK,--,6:21:30 PM,8/20/2026,
1450,47.1,gf,3.355,mm,OK,--,6:21:30 PM,8/20/2026,
1451,47.1,gf,3.350,mm,OK,--,6:21:30 PM,8/20/2026,
1452,47.1,gf,3.340,mm,OK,--,6:21:30 PM,8/20/2026,
1453,47.1,gf,3.335,mm,OK,--,6:21:30 PM,8/20/2026,
1454,47.0,gf,3.325,mm,OK,--,6:21:30 PM,8/20/2026,
1455,47.0,gf,3.315,mm,OK,--,6:21:30 PM,8/20/2026,
1456,47.1,gf,3.310,mm,OK,--,6:21:31 PM,8/20/2026,
1457,47.2,gf,3.305,mm,OK,--,6:21:31 PM,8/20/2026,
1458,47.1,gf,3.295,mm,OK,--,6:21:31 PM,8/20/2026,
1459,47.0,gf,3.290,mm,OK,--,6:21:31 PM,8/20/2026,
1460,47.1,gf,3.285,mm,OK,--,6:21:31 PM,8/20/2026,
1461,47.1,gf,3.280,mm,OK,--,6:21:31 PM,8/20/2026,
1462,47.1,gf,3.275,mm,OK,--,6:21:31 PM,8/20/2026,
1463,47.1,gf,3.270,mm,OK,--,6:21:31 PM,8/20/2026,
1464,47.0,gf,3.270,mm,OK,--,6:21:31 PM,8/20/2026,
1465,47.0,gf,3.265,mm,OK,--,6:21:31 PM,8/20/2026,
1466,47.0,gf,3.265,mm,OK,--,6:21:32 PM,8/20/2026,
1467,47.0,gf,3.260,mm,OK,--,6:21:32 PM,8/20/2026,
1468,46.9,gf,3.260,mm,OK,--,6:21:32 PM,8/20/2026,
1469,46.9,gf,3.255,mm,OK,--,6:21:32 PM,8/20/2026,
1470,46.9,gf,3.255,mm,OK,--,6:21:32 PM,8/20/2026,
1471,46.9,gf,3.250,mm,OK,--,6:21:32 PM,8/20/2026,
1472,46.9,gf,3.250,mm,OK,--,6:21:32 PM,8/20/2026,
1473,46.8,gf,3.245,mm,OK,--,6:21:32 PM,8/20/2026,
1474,46.8,gf,3.240,mm,OK,--,6:21:32 PM,8/20/2026,
1475,46.7,gf,3.240,mm,OK,--,6:21:32 PM,8/20/2026,
1476,46.7,gf,3.235,mm,OK,--,6:21:33 PM,8/20/2026,
1477,46.7,gf,3.230,mm,OK,--,6:21:33 PM,8/20/2026,
1478,46.7,gf,3.225,mm,OK,--,6:21:33 PM,8/20/2026,
1479,46.5,gf,3.215,mm,OK,--,6:21:33 PM,8/20/2026,
1480,46.5,gf,3.200,mm,OK,--,6:21:33 PM,8/20/2026,
1481,46.4,gf,3.190,mm,OK,--,6:21:33 PM,8/20/2026,
1482,46.4,gf,3.175,mm,OK,--,6:21:33 PM,8/20/2026,
1483,46.3,gf,3.160,mm,OK,--,6:21:33 PM,8/20/2026,
1484,46.3,gf,3.155,mm,OK,--,6:21:33 PM,8/20/2026,
1485,46.1,gf,3.145,mm,OK,--,6:21:33 PM,8/20/2026,
1486,45.9,gf,3.135,mm,OK,--,6:21:34 PM,8/20/2026,
1487,45.9,gf,3.120,mm,OK,--,6:21:34 PM,8/20/2026,
1488,45.8,gf,3.110,mm,OK,--,6:21:34 PM,8/20/2026,
1489,45.7,gf,3.100,mm,OK,--,6:21:34 PM,8/20/2026,
1490,45.7,gf,3.090,mm,OK,--,6:21:34 PM,8/20/2026,
1491,45.7,gf,3.080,mm,OK,--,6:21:34 PM,8/20/2026,
1492,45.6,gf,3.075,mm,OK,--,6:21:34 PM,8/20/2026,
1493,45.6,gf,3.065,mm,OK,--,6:21:34 PM,8/20/2026,
1494,45.7,gf,3.060,mm,OK,--,6:21:34 PM,8/20/2026,
1495,45.6,gf,3.055,mm,OK,--,6:21:34 PM,8/20/2026,
1496,45.6,gf,3.050,mm,OK,--,6:21:35 PM,8/20/2026,
1497,45.6,gf,3.050,mm,OK,--,6:21:35 PM,8/20/2026,
1498,45.6,gf,3.045,mm,OK,--,6:21:35 PM,8/20/2026,
1499,45.6,gf,3.040,mm,OK,--,6:21:35 PM,8/20/2026,
1500,45.6,gf,3.040,mm,OK,--,6:21:35 PM,8/20/2026,
1501,45.6,gf,3.040,mm,OK,--,6:21:35 PM,8/20/2026,
1502,45.6,gf,3.035,mm,OK,--,6:21:35 PM,8/20/2026,
1503,45.5,gf,3.035,mm,OK,--,6:21:35 PM,8/20/2026,
1504,45.5,gf,3.030,mm,OK,--,6:21:35 PM,8/20/2026,
1505,45.5,gf,3.030,mm,OK,--,6:21:35 PM,8/20/2026,
1506,45.5,gf,3.025,mm,OK,--,6:21:36 PM,8/20/2026,
1507,45.5,gf,3.025,mm,OK,--,6:21:36 PM,8/20/2026,
1508,45.5,gf,3.025,mm,OK,--,6:21:36 PM,8/20/2026,
1509,45.5,gf,3.025,mm,OK,--,6:21:36 PM,8/20/2026,
1510,45.5,gf,3.020,mm,OK,--,6:21:36 PM,8/20/2026,
1511,45.5,gf,3.020,mm,OK,--,6:21:36 PM,8/20/2026,
1512,45.5,gf,3.015,mm,OK,--,6:21:36 PM,8/20/2026,
1513,45.5,gf,3.015,mm,OK,--,6:21:36 PM,8/20/2026,
1514,45.5,gf,3.015,mm,OK,--,6:21:36 PM,8/20/2026,
1515,45.5,gf,3.010,mm,OK,--,6:21:36 PM,8/20/2026,
1516,45.5,gf,3.010,mm,OK,--,6:21:37 PM,8/20/2026,
1517,45.5,gf,3.005,mm,OK,--,6:21:37 PM,8/20/2026,
1518,45.5,gf,3.005,mm,OK,--,6:21:37 PM,8/20/2026,
1519,45.5,gf,3.000,mm,OK,--,6:21:37 PM,8/20/2026,
1520,45.5,gf,2.995,mm,OK,--,6:21:37 PM,8/20/2026,
1521,45.5,gf,2.995,mm,OK,--,6:21:37 PM,8/20/2026,
1522,45.5,gf,2.990,mm,OK,--,6:21:37 PM,8/20/2026,
1523,45.6,gf,2.985,mm,OK,--,6:21:37 PM,8/20/2026,
1524,45.6,gf,2.985,mm,OK,--,6:21:37 PM,8/20/2026,
1525,45.6,gf,2.980,mm,OK,--,6:21:37 PM,8/20/2026,
1526,45.6,gf,2.980,mm,OK,--,6:21:38 PM,8/20/2026,
1527,45.6,gf,2.975,mm,OK,--,6:21:38 PM,8/20/2026,
1528,45.5,gf,2.975,mm,OK,--,6:21:38 PM,8/20/2026,
1529,45.5,gf,2.970,mm,OK,--,6:21:38 PM,8/20/2026,
1530,45.5,gf,2.965,mm,OK,--,6:21:38 PM,8/20/2026,
1531,45.5,gf,2.965,mm,OK,--,6:21:38 PM,8/20/2026,
1532,45.5,gf,2.960,mm,OK,--,6:21:38 PM,8/20/2026,
1533,45.5,gf,2.955,mm,OK,--,6:21:38 PM,8/20/2026,
1534,45.5,gf,2.955,mm,OK,--,6:21:38 PM,8/20/2026,
1535,45.5,gf,2.950,mm,OK,--,6:21:38 PM,8/20/2026,
1536,45.5,gf,2.945,mm,OK,--,6:21:39 PM,8/20/2026,
1537,45.5,gf,2.945,mm,OK,--,6:21:39 PM,8/20/2026,
1538,45.5,gf,2.940,mm,OK,--,6:21:39 PM,8/20/2026,
1539,45.5,gf,2.935,mm,OK,--,6:21:39 PM,8/20/2026,
1540,45.5,gf,2.930,mm,OK,--,6:21:39 PM,8/20/2026,
1541,45.5,gf,2.925,mm,OK,--,6:21:39 PM,8/20/2026,
1542,45.4,gf,2.925,mm,OK,--,6:21:39 PM,8/20/2026,
1543,45.4,gf,2.920,mm,OK,--,6:21:39 PM,8/20/2026,
1544,45.3,gf,2.915,mm,OK,--,6:21:39 PM,8/20/2026,
1545,45.3,gf,2.910,mm,OK,--,6:21:39 PM,8/20/2026,
1546,45.4,gf,2.905,mm,OK,--,6:21:40 PM,8/20/2026,
1547,45.3,gf,2.895,mm,OK,--,6:21:40 PM,8/20/2026,
1548,45.3,gf,2.890,mm,OK,--,6:21:40 PM,8/20/2026,
1549,45.3,gf,2.885,mm,OK,--,6:21:40 PM,8/20/2026,
1550,45.3,gf,2.880,mm,OK,--,6:21:40 PM,8/20/2026,
1551,45.3,gf,2.870,mm,OK,--,6:21:40 PM,8/20/2026,
1552,45.3,gf,2.865,mm,OK,--,6:21:40 PM,8/20/2026,
1553,45.3,gf,2.865,mm,OK,--,6:21:40 PM,8/20/2026,
1554,45.3,gf,2.860,mm,OK,--,6:21:40 PM,8/20/2026,
1555,45.3,gf,2.855,mm,OK,--,6:21:40 PM,8/20/2026,
1556,45.3,gf,2.855,mm,OK,--,6:21:41 PM,8/20/2026,
1557,45.3,gf,2.855,mm,OK,--,6:21:41 PM,8/20/2026,
1558,45.3,gf,2.850,mm,OK,--,6:21:41 PM,8/20/2026,
1559,45.3,gf,2.845,mm,OK,--,6:21:41 PM,8/20/2026,
1560,45.3,gf,2.845,mm,OK,--,6:21:41 PM,8/20/2026,
1561,45.3,gf,2.840,mm,OK,--,6:21:41 PM,8/20/2026,
1562,45.3,gf,2.835,mm,OK,--,6:21:41 PM,8/20/2026,
1563,45.3,gf,2.835,mm,OK,--,6:21:41 PM,8/20/2026,
1564,45.3,gf,2.830,mm,OK,--,6:21:41 PM,8/20/2026,
1565,45.3,gf,2.825,mm,OK,--,6:21:41 PM,8/20/2026,
1566,45.3,gf,2.820,mm,OK,--,6:21:42 PM,8/20/2026,
1567,45.3,gf,2.815,mm,OK,--,6:21:42 PM,8/20/2026,
1568,45.2,gf,2.815,mm,OK,--,6:21:42 PM,8/20/2026,
1569,45.2,gf,2.805,mm,OK,--,6:21:42 PM,8/20/2026,
1570,45.2,gf,2.805,mm,OK,--,6:21:42 PM,8/20/2026,
1571,45.2,gf,2.800,mm,OK,--,6:21:42 PM,8/20/2026,
1572,45.1,gf,2.795,mm,OK,--,6:21:42 PM,8/20/2026,
1573,45.1,gf,2.790,mm,OK,--,6:21:42 PM,8/20/2026,
1574,45.1,gf,2.785,mm,OK,--,6:21:42 PM,8/20/2026,
1575,45.1,gf,2.780,mm,OK,--,6:21:42 PM,8/20/2026,
1576,45.1,gf,2.775,mm,OK,--,6:21:43 PM,8/20/2026,
1577,45.1,gf,2.775,mm,OK,--,6:21:43 PM,8/20/2026,
1578,45.0,gf,2.770,mm,OK,--,6:21:43 PM,8/20/2026,
1579,45.0,gf,2.770,mm,OK,--,6:21:43 PM,8/20/2026,
1580,45.0,gf,2.765,mm,OK,--,6:21:43 PM,8/20/2026,
1581,45.0,gf,2.760,mm,OK,--,6:21:43 PM,8/20/2026,
1582,45.1,gf,2.755,mm,OK,--,6:21:43 PM,8/20/2026,
1583,45.1,gf,2.755,mm,OK,--,6:21:43 PM,8/20/2026,
1584,45.1,gf,2.750,mm,OK,--,6:21:43 PM,8/20/2026,
1585,45.1,gf,2.750,mm,OK,--,6:21:43 PM,8/20/2026,
1586,45.1,gf,2.750,mm,OK,--,6:21:44 PM,8/20/2026,
1587,45.1,gf,2.745,mm,OK,--,6:21:44 PM,8/20/2026,
1588,45.1,gf,2.740,mm,OK,--,6:21:44 PM,8/20/2026,
1589,45.1,gf,2.735,mm,OK,--,6:21:44 PM,8/20/2026,
1590,45.1,gf,2.735,mm,OK,--,6:21:44 PM,8/20/2026,
1591,45.1,gf,2.730,mm,OK,--,6:21:44 PM,8/20/2026,
1592,45.0,gf,2.725,mm,OK,--,6:21:44 PM,8/20/2026,
1593,44.9,gf,2.710,mm,OK,--,6:21:44 PM,8/20/2026,
1594,44.9,gf,2.705,mm,OK,--,6:21:44 PM,8/20/2026,
1595,44.9,gf,2.695,mm,OK,--,6:21:44 PM,8/20/2026,
1596,45.0,gf,2.690,mm,OK,--,6:21:45 PM,8/20/2026,
1597,45.0,gf,2.680,mm,OK,--,6:21:45 PM,8/20/2026,
1598,45.0,gf,2.675,mm,OK,--,6:21:45 PM,8/20/2026,
1599,45.0,gf,2.670,mm,OK,--,6:21:45 PM,8/20/2026,
1600,44.9,gf,2.670,mm,OK,--,6:21:45 PM,8/20/2026,
1601,44.9,gf,2.665,mm,OK,--,6:21:45 PM,8/20/2026,
1602,44.9,gf,2.660,mm,OK,--,6:21:45 PM,8/20/2026,
1603,44.9,gf,2.655,mm,OK,--,6:21:45 PM,8/20/2026,
1604,44.9,gf,2.655,mm,OK,--,6:21:45 PM,8/20/2026,
1605,44.8,gf,2.650,mm,OK,--,6:21:45 PM,8/20/2026,
1606,44.7,gf,2.640,mm,OK,--,6:21:46 PM,8/20/2026,
1607,44.7,gf,2.635,mm,OK,--,6:21:46 PM,8/20/2026,
1608,44.7,gf,2.625,mm,OK,--,6:21:46 PM,8/20/2026,
1609,44.7,gf,2.620,mm,OK,--,6:21:46 PM,8/20/2026,
1610,44.7,gf,2.615,mm,OK,--,6:21:46 PM,8/20/2026,
1611,44.7,gf,2.610,mm,OK,--,6:21:46 PM,8/20/2026,
1612,44.7,gf,2.605,mm,OK,--,6:21:46 PM,8/20/2026,
1613,44.6,gf,2.600,mm,OK,--,6:21:46 PM,8/20/2026,
1614,44.6,gf,2.595,mm,OK,--,6:21:46 PM,8/20/2026,
1615,44.6,gf,2.590,mm,OK,--,6:21:46 PM,8/20/2026,
1616,44.6,gf,2.585,mm,OK,--,6:21:47 PM,8/20/2026,
1617,44.6,gf,2.580,mm,OK,--,6:21:47 PM,8/20/2026,
1618,44.6,gf,2.575,mm,OK,--,6:21:47 PM,8/20/2026,
1619,44.5,gf,2.570,mm,OK,--,6:21:47 PM,8/20/2026,
1620,44.5,gf,2.565,mm,OK,--,6:21:47 PM,8/20/2026,
1621,44.5,gf,2.555,mm,OK,--,6:21:47 PM,8/20/2026,
1622,44.5,gf,2.550,mm,OK,--,6:21:47 PM,8/20/2026,
1623,44.5,gf,2.545,mm,OK,--,6:21:47 PM,8/20/2026,
1624,44.5,gf,2.540,mm,OK,--,6:21:47 PM,8/20/2026,
1625,44.4,gf,2.535,mm,OK,--,6:21:47 PM,8/20/2026,
1626,44.4,gf,2.530,mm,OK,--,6:21:48 PM,8/20/2026,
1627,44.4,gf,2.525,mm,OK,--,6:21:48 PM,8/20/2026,
1628,44.4,gf,2.520,mm,OK,--,6:21:48 PM,8/20/2026,
1629,44.4,gf,2.515,mm,OK,--,6:21:48 PM,8/20/2026,
1630,44.4,gf,2.510,mm,OK,--,6:21:48 PM,8/20/2026,
1631,44.3,gf,2.505,mm,OK,--,6:21:48 PM,8/20/2026,
1632,44.3,gf,2.500,mm,OK,--,6:21:48 PM,8/20/2026,
1633,44.3,gf,2.495,mm,OK,--,6:21:48 PM,8/20/2026,
1634,44.3,gf,2.490,mm,OK,--,6:21:48 PM,8/20/2026,
1635,44.3,gf,2.485,mm,OK,--,6:21:48 PM,8/20/2026,
1636,44.3,gf,2.480,mm,OK,--,6:21:49 PM,8/20/2026,
1637,44.3,gf,2.475,mm,OK,--,6:21:49 PM,8/20/2026,
1638,44.2,gf,2.470,mm,OK,--,6:21:49 PM,8/20/2026,
1639,44.2,gf,2.465,mm,OK,--,6:21:49 PM,8/20/2026,
1640,44.2,gf,2.460,mm,OK,--,6:21:49 PM,8/20/2026,
1641,44.2,gf,2.455,mm,OK,--,6:21:49 PM,8/20/2026,
1642,44.2,gf,2.450,mm,OK,--,6:21:49 PM,8/20/2026,
1643,44.2,gf,2.445,mm,OK,--,6:21:49 PM,8/20/2026,
1644,44.2,gf,2.440,mm,OK,--,6:21:49 PM,8/20/2026,
1645,44.2,gf,2.435,mm,OK,--,6:21:49 PM,8/20/2026,
1646,44.2,gf,2.430,mm,OK,--,6:21:50 PM,8/20/2026,
1647,44.1,gf,2.420,mm,OK,--,6:21:50 PM,8/20/2026,
1648,44.1,gf,2.415,mm,OK,--,6:21:50 PM,8/20/2026,
1649,44.1,gf,2.410,mm,OK,--,6:21:50 PM,8/20/2026,
1650,44.0,gf,2.405,mm,OK,--,6:21:50 PM,8/20/2026,
1651,44.0,gf,2.395,mm,OK,--,6:21:50 PM,8/20/2026,
1652,44.0,gf,2.390,mm,OK,--,6:21:50 PM,8/20/2026,
1653,44.0,gf,2.385,mm,OK,--,6:21:50 PM,8/20/2026,
1654,44.0,gf,2.385,mm,OK,--,6:21:50 PM,8/20/2026,
1655,44.0,gf,2.380,mm,OK,--,6:21:50 PM,8/20/2026,
1656,43.9,gf,2.375,mm,OK,--,6:21:51 PM,8/20/2026,
1657,43.9,gf,2.370,mm,OK,--,6:21:51 PM,8/20/2026,
1658,43.9,gf,2.365,mm,OK,--,6:21:51 PM,8/20/2026,
1659,43.9,gf,2.360,mm,OK,--,6:21:51 PM,8/20/2026,
1660,43.9,gf,2.355,mm,OK,--,6:21:51 PM,8/20/2026,
1661,43.9,gf,2.350,mm,OK,--,6:21:51 PM,8/20/2026,
1662,43.9,gf,2.350,mm,OK,--,6:21:51 PM,8/20/2026,
1663,43.9,gf,2.350,mm,OK,--,6:21:51 PM,8/20/2026,
1664,43.8,gf,2.345,mm,OK,--,6:21:51 PM,8/20/2026,
1665,43.8,gf,2.340,mm,OK,--,6:21:51 PM,8/20/2026,
1666,43.8,gf,2.335,mm,OK,--,6:21:52 PM,8/20/2026,
1667,43.8,gf,2.335,mm,OK,--,6:21:52 PM,8/20/2026,
1668,43.8,gf,2.330,mm,OK,--,6:21:52 PM,8/20/2026,
1669,43.7,gf,2.325,mm,OK,--,6:21:52 PM,8/20/2026,
1670,43.7,gf,2.325,mm,OK,--,6:21:52 PM,8/20/2026,
1671,43.7,gf,2.320,mm,OK,--,6:21:52 PM,8/20/2026,
1672,43.7,gf,2.315,mm,OK,--,6:21:52 PM,8/20/2026,
1673,43.7,gf,2.310,mm,OK,--,6:21:52 PM,8/20/2026,
1674,43.6,gf,2.310,mm,OK,--,6:21:52 PM,8/20/2026,
1675,43.6,gf,2.305,mm,OK,--,6:21:52 PM,8/20/2026,
1676,43.6,gf,2.300,mm,OK,--,6:21:53 PM,8/20/2026,
1677,43.6,gf,2.295,mm,OK,--,6:21:53 PM,8/20/2026,
1678,43.6,gf,2.290,mm,OK,--,6:21:53 PM,8/20/2026,
1679,43.6,gf,2.285,mm,OK,--,6:21:53 PM,8/20/2026,
1680,43.6,gf,2.285,mm,OK,--,6:21:53 PM,8/20/2026,
1681,43.6,gf,2.280,mm,OK,--,6:21:53 PM,8/20/2026,
1682,43.6,gf,2.280,mm,OK,--,6:21:53 PM,8/20/2026,
1683,43.5,gf,2.275,mm,OK,--,6:21:53 PM,8/20/2026,
1684,43.5,gf,2.270,mm,OK,--,6:21:53 PM,8/20/2026,
1685,43.5,gf,2.265,mm,OK,--,6:21:53 PM,8/20/2026,
1686,43.5,gf,2.260,mm,OK,--,6:21:54 PM,8/20/2026,
1687,43.5,gf,2.255,mm,OK,--,6:21:54 PM,8/20/2026,
1688,43.5,gf,2.250,mm,OK,--,6:21:54 PM,8/20/2026,
1689,43.5,gf,2.245,mm,OK,--,6:21:54 PM,8/20/2026,
1690,43.5,gf,2.245,mm,OK,--,6:21:54 PM,8/20/2026,
1691,43.5,gf,2.240,mm,OK,--,6:21:54 PM,8/20/2026,
1692,43.5,gf,2.240,mm,OK,--,6:21:54 PM,8/20/2026,
1693,43.5,gf,2.240,mm,OK,--,6:21:54 PM,8/20/2026,
1694,43.5,gf,2.235,mm,OK,--,6:21:54 PM,8/20/2026,
1695,43.4,gf,2.230,mm,OK,--,6:21:54 PM,8/20/2026,
1696,43.3,gf,2.210,mm,OK,--,6:21:55 PM,8/20/2026,
1697,43.3,gf,2.200,mm,OK,--,6:21:55 PM,8/20/2026,
1698,43.3,gf,2.195,mm,OK,--,6:21:55 PM,8/20/2026,
1699,43.4,gf,2.190,mm,OK,--,6:21:55 PM,8/20/2026,
1700,43.3,gf,2.190,mm,OK,--,6:21:55 PM,8/20/2026,
1701,43.3,gf,2.180,mm,OK,--,6:21:55 PM,8/20/2026,
1702,43.2,gf,2.175,mm,OK,--,6:21:55 PM,8/20/2026,
1703,43.1,gf,2.165,mm,OK,--,6:21:55 PM,8/20/2026,
1704,43.1,gf,2.160,mm,OK,--,6:21:55 PM,8/20/2026,
1705,42.9,gf,2.155,mm,OK,--,6:21:55 PM,8/20/2026,
1706,42.9,gf,2.145,mm,OK,--,6:21:56 PM,8/20/2026,
1707,42.9,gf,2.140,mm,OK,--,6:21:56 PM,8/20/2026,
1708,42.9,gf,2.135,mm,OK,--,6:21:56 PM,8/20/2026,
1709,42.9,gf,2.135,mm,OK,--,6:21:56 PM,8/20/2026,
1710,42.9,gf,2.130,mm,OK,--,6:21:56 PM,8/20/2026,
1711,42.8,gf,2.130,mm,OK,--,6:21:56 PM,8/20/2026,
1712,42.8,gf,2.125,mm,OK,--,6:21:56 PM,8/20/2026,
1713,42.8,gf,2.125,mm,OK,--,6:21:56 PM,8/20/2026,
1714,42.8,gf,2.120,mm,OK,--,6:21:56 PM,8/20/2026,
1715,42.8,gf,2.120,mm,OK,--,6:21:56 PM,8/20/2026,
1716,42.8,gf,2.115,mm,OK,--,6:21:57 PM,8/20/2026,
1717,42.8,gf,2.115,mm,OK,--,6:21:57 PM,8/20/2026,
1718,42.7,gf,2.110,mm,OK,--,6:21:57 PM,8/20/2026,
1719,42.7,gf,2.105,mm,OK,--,6:21:57 PM,8/20/2026,
1720,42.7,gf,2.105,mm,OK,--,6:21:57 PM,8/20/2026,
1721,42.7,gf,2.100,mm,OK,--,6:21:57 PM,8/20/2026,
1722,42.6,gf,2.100,mm,OK,--,6:21:57 PM,8/20/2026,
1723,42.6,gf,2.095,mm,OK,--,6:21:57 PM,8/20/2026,
1724,42.5,gf,2.090,mm,OK,--,6:21:57 PM,8/20/2026,
1725,42.5,gf,2.085,mm,OK,--,6:21:57 PM,8/20/2026,
1726,42.4,gf,2.080,mm,OK,--,6:21:58 PM,8/20/2026,
1727,42.4,gf,2.075,mm,OK,--,6:21:58 PM,8/20/2026,
1728,42.4,gf,2.065,mm,OK,--,6:21:58 PM,8/20/2026,
1729,42.3,gf,2.060,mm,OK,--,6:21:58 PM,8/20/2026,
1730,42.2,gf,2.050,mm,OK,--,6:21:58 PM,8/20/2026,
1731,42.1,gf,2.040,mm,OK,--,6:21:58 PM,8/20/2026,
1732,42.0,gf,2.035,mm,OK,--,6:21:58 PM,8/20/2026,
1733,41.9,gf,2.030,mm,OK,--,6:21:58 PM,8/20/2026,
1734,41.9,gf,2.025,mm,OK,--,6:21:58 PM,8/20/2026,
1735,41.7,gf,2.020,mm,OK,--,6:21:58 PM,8/20/2026,
1736,41.7,gf,2.015,mm,OK,--,6:21:59 PM,8/20/2026,
1737,41.5,gf,2.005,mm,OK,--,6:21:59 PM,8/20/2026,
1738,41.4,gf,2.000,mm,OK,--,6:21:59 PM,8/20/2026,
1739,41.3,gf,1.995,mm,OK,--,6:21:59 PM,8/20/2026,
1740,41.3,gf,1.990,mm,OK,--,6:21:59 PM,8/20/2026,
1741,41.2,gf,1.985,mm,OK,--,6:21:59 PM,8/20/2026,
1742,41.2,gf,1.980,mm,OK,--,6:21:59 PM,8/20/2026,
1743,41.2,gf,1.975,mm,OK,--,6:21:59 PM,8/20/2026,
1744,41.1,gf,1.970,mm,OK,--,6:21:59 PM,8/20/2026,
1745,41.1,gf,1.970,mm,OK,--,6:21:59 PM,8/20/2026,
1746,40.9,gf,1.965,mm,OK,--,6:22:00 PM,8/20/2026,
1747,40.8,gf,1.965,mm,OK,--,6:22:00 PM,8/20/2026,
1748,40.7,gf,1.960,mm,OK,--,6:22:00 PM,8/20/2026,
1749,40.7,gf,1.960,mm,OK,--,6:22:00 PM,8/20/2026,
1750,40.5,gf,1.955,mm,OK,--,6:22:00 PM,8/20/2026,
1751,40.5,gf,1.955,mm,OK,--,6:22:00 PM,8/20/2026,
1752,40.3,gf,1.950,mm,OK,--,6:22:00 PM,8/20/2026,
1753,40.2,gf,1.945,mm,OK,--,6:22:00 PM,8/20/2026,
1754,40.0,gf,1.940,mm,OK,--,6:22:00 PM,8/20/2026,
1755,39.9,gf,1.940,mm,OK,--,6:22:00 PM,8/20/2026,
1756,39.8,gf,1.935,mm,OK,--,6:22:01 PM,8/20/2026,
1757,39.7,gf,1.935,mm,OK,--,6:22:01 PM,8/20/2026,
1758,39.6,gf,1.930,mm,OK,--,6:22:01 PM,8/20/2026,
1759,39.5,gf,1.930,mm,OK,--,6:22:01 PM,8/20/2026,
1760,39.5,gf,1.925,mm,OK,--,6:22:01 PM,8/20/2026,
1761,39.5,gf,1.925,mm,OK,--,6:22:01 PM,8/20/2026,
1762,39.4,gf,1.925,mm,OK,--,6:22:01 PM,8/20/2026,
1763,39.3,gf,1.925,mm,OK,--,6:22:01 PM,8/20/2026,
1764,39.3,gf,1.920,mm,OK,--,6:22:01 PM,8/20/2026,
1765,39.3,gf,1.920,mm,OK,--,6:22:01 PM,8/20/2026,
1766,39.2,gf,1.920,mm,OK,--,6:22:02 PM,8/20/2026,
1767,39.0,gf,1.915,mm,OK,--,6:22:02 PM,8/20/2026,
1768,39.0,gf,1.910,mm,OK,--,6:22:02 PM,8/20/2026,
1769,38.8,gf,1.905,mm,OK,--,6:22:02 PM,8/20/2026,
1770,38.8,gf,1.905,mm,OK,--,6:22:02 PM,8/20/2026,
1771,38.7,gf,1.900,mm,OK,--,6:22:02 PM,8/20/2026,
1772,38.6,gf,1.900,mm,OK,--,6:22:02 PM,8/20/2026,
1773,38.5,gf,1.900,mm,OK,--,6:22:02 PM,8/20/2026,
1774,38.4,gf,1.895,mm,OK,--,6:22:02 PM,8/20/2026,
1775,38.1,gf,1.890,mm,OK,--,6:22:02 PM,8/20/2026,
1776,37.8,gf,1.885,mm,OK,--,6:22:03 PM,8/20/2026,
1777,37.5,gf,1.880,mm,OK,--,6:22:03 PM,8/20/2026,
1778,37.3,gf,1.875,mm,OK,--,6:22:03 PM,8/20/2026,
1779,37.2,gf,1.870,mm,OK,--,6:22:03 PM,8/20/2026,
1780,37.1,gf,1.870,mm,OK,--,6:22:03 PM,8/20/2026,
1781,36.9,gf,1.865,mm,OK,--,6:22:03 PM,8/20/2026,
1782,36.8,gf,1.860,mm,OK,--,6:22:03 PM,8/20/2026,
1783,36.7,gf,1.860,mm,OK,--,6:22:03 PM,8/20/2026,
1784,36.7,gf,1.855,mm,OK,--,6:22:03 PM,8/20/2026,
1785,36.5,gf,1.855,mm,OK,--,6:22:03 PM,8/20/2026,
1786,36.3,gf,1.855,mm,OK,--,6:22:04 PM,8/20/2026,
1787,36.1,gf,1.850,mm,OK,--,6:22:04 PM,8/20/2026,
1788,35.9,gf,1.845,mm,OK,--,6:22:04 PM,8/20/2026,
1789,36.0,gf,1.840,mm,OK,--,6:22:04 PM,8/20/2026,
1790,35.8,gf,1.835,mm,OK,--,6:22:04 PM,8/20/2026,
1791,35.7,gf,1.830,mm,OK,--,6:22:04 PM,8/20/2026,
1792,35.6,gf,1.830,mm,OK,--,6:22:04 PM,8/20/2026,
1793,35.4,gf,1.825,mm,OK,--,6:22:04 PM,8/20/2026,
1794,35.3,gf,1.820,mm,OK,--,6:22:04 PM,8/20/2026,
1795,35.1,gf,1.815,mm,OK,--,6:22:04 PM,8/20/2026,
1796,35.0,gf,1.815,mm,OK,--,6:22:05 PM,8/20/2026,
1797,34.8,gf,1.810,mm,OK,--,6:22:05 PM,8/20/2026,
1798,34.7,gf,1.805,mm,OK,--,6:22:05 PM,8/20/2026,
1799,34.5,gf,1.805,mm,OK,--,6:22:05 PM,8/20/2026,
1800,34.4,gf,1.800,mm,OK,--,6:22:05 PM,8/20/2026,
1801,34.3,gf,1.800,mm,OK,--,6:22:05 PM,8/20/2026,
1802,34.2,gf,1.795,mm,OK,--,6:22:05 PM,8/20/2026,
1803,34.0,gf,1.795,mm,OK,--,6:22:05 PM,8/20/2026,
1804,34.0,gf,1.790,mm,OK,--,6:22:05 PM,8/20/2026,
1805,34.0,gf,1.785,mm,OK,--,6:22:05 PM,8/20/2026,
1806,33.9,gf,1.785,mm,OK,--,6:22:06 PM,8/20/2026,
1807,33.8,gf,1.780,mm,OK,--,6:22:06 PM,8/20/2026,
1808,33.7,gf,1.780,mm,OK,--,6:22:06 PM,8/20/2026,
1809,33.8,gf,1.775,mm,OK,--,6:22:06 PM,8/20/2026,
1810,33.9,gf,1.775,mm,OK,--,6:22:06 PM,8/20/2026,
1811,33.6,gf,1.775,mm,OK,--,6:22:06 PM,8/20/2026,
1812,33.4,gf,1.770,mm,OK,--,6:22:06 PM,8/20/2026,
1813,33.4,gf,1.770,mm,OK,--,6:22:06 PM,8/20/2026,
1814,33.3,gf,1.765,mm,OK,--,6:22:06 PM,8/20/2026,
1815,32.9,gf,1.765,mm,OK,--,6:22:06 PM,8/20/2026,
1816,32.7,gf,1.760,mm,OK,--,6:22:07 PM,8/20/2026,
1817,32.6,gf,1.755,mm,OK,--,6:22:07 PM,8/20/2026,
1818,32.4,gf,1.750,mm,OK,--,6:22:07 PM,8/20/2026,
1819,32.3,gf,1.750,mm,OK,--,6:22:07 PM,8/20/2026,
1820,32.2,gf,1.745,mm,OK,--,6:22:07 PM,8/20/2026,
1821,32.3,gf,1.740,mm,OK,--,6:22:07 PM,8/20/2026,
1822,32.1,gf,1.740,mm,OK,--,6:22:07 PM,8/20/2026,
1823,31.9,gf,1.735,mm,OK,--,6:22:07 PM,8/20/2026,
1824,32.0,gf,1.730,mm,OK,--,6:22:07 PM,8/20/2026,
1825,31.9,gf,1.725,mm,OK,--,6:22:07 PM,8/20/2026,
1826,32.1,gf,1.720,mm,OK,--,6:22:08 PM,8/20/2026,
1827,32.2,gf,1.720,mm,OK,--,6:22:08 PM,8/20/2026,
1828,32.0,gf,1.720,mm,OK,--,6:22:08 PM,8/20/2026,
1829,32.0,gf,1.715,mm,OK,--,6:22:08 PM,8/20/2026,
1830,32.0,gf,1.715,mm,OK,--,6:22:08 PM,8/20/2026,
1831,31.9,gf,1.715,mm,OK,--,6:22:08 PM,8/20/2026,
1832,31.8,gf,1.710,mm,OK,--,6:22:08 PM,8/20/2026,
1833,31.6,gf,1.710,mm,OK,--,6:22:08 PM,8/20/2026,
1834,31.6,gf,1.705,mm,OK,--,6:22:08 PM,8/20/2026,
1835,31.7,gf,1.705,mm,OK,--,6:22:08 PM,8/20/2026,
1836,31.5,gf,1.700,mm,OK,--,6:22:09 PM,8/20/2026,
1837,31.4,gf,1.700,mm,OK,--,6:22:09 PM,8/20/2026,
1838,31.4,gf,1.695,mm,OK,--,6:22:09 PM,8/20/2026,
1839,31.4,gf,1.690,mm,OK,--,6:22:09 PM,8/20/2026,
1840,31.3,gf,1.690,mm,OK,--,6:22:09 PM,8/20/2026,
1841,31.2,gf,1.685,mm,OK,--,6:22:09 PM,8/20/2026,
1842,31.2,gf,1.680,mm,OK,--,6:22:09 PM,8/20/2026,
1843,31.3,gf,1.675,mm,OK,--,6:22:09 PM,8/20/2026,
1844,31.2,gf,1.665,mm,OK,--,6:22:09 PM,8/20/2026,
1845,31.4,gf,1.660,mm,OK,--,6:22:09 PM,8/20/2026,
1846,31.3,gf,1.655,mm,OK,--,6:22:10 PM,8/20/2026,
1847,31.5,gf,1.655,mm,OK,--,6:22:10 PM,8/20/2026,
1848,31.3,gf,1.650,mm,OK,--,6:22:10 PM,8/20/2026,
1849,31.1,gf,1.645,mm,OK,--,6:22:10 PM,8/20/2026,
1850,31.1,gf,1.640,mm,OK,--,6:22:10 PM,8/20/2026,
1851,31.0,gf,1.640,mm,OK,--,6:22:10 PM,8/20/2026,
1852,30.9,gf,1.635,mm,OK,--,6:22:10 PM,8/20/2026,
1853,30.8,gf,1.630,mm,OK,--,6:22:10 PM,8/20/2026,
1854,30.9,gf,1.630,mm,OK,--,6:22:10 PM,8/20/2026,
1855,30.9,gf,1.625,mm,OK,--,6:22:10 PM,8/20/2026,
1856,30.9,gf,1.625,mm,OK,--,6:22:11 PM,8/20/2026,
1857,30.5,gf,1.620,mm,OK,--,6:22:11 PM,8/20/2026,
1858,30.6,gf,1.615,mm,OK,--,6:22:11 PM,8/20/2026,
1859,30.7,gf,1.610,mm,OK,--,6:22:11 PM,8/20/2026,
1860,30.6,gf,1.605,mm,OK,--,6:22:11 PM,8/20/2026,
1861,30.6,gf,1.605,mm,OK,--,6:22:11 PM,8/20/2026,
1862,30.6,gf,1.600,mm,OK,--,6:22:11 PM,8/20/2026,
1863,30.6,gf,1.595,mm,OK,--,6:22:11 PM,8/20/2026,
1864,30.5,gf,1.595,mm,OK,--,6:22:11 PM,8/20/2026,
1865,30.4,gf,1.590,mm,OK,--,6:22:11 PM,8/20/2026,
1866,30.5,gf,1.585,mm,OK,--,6:22:12 PM,8/20/2026,
1867,30.5,gf,1.585,mm,OK,--,6:22:12 PM,8/20/2026,
1868,30.5,gf,1.580,mm,OK,--,6:22:12 PM,8/20/2026,
1869,30.5,gf,1.575,mm,OK,--,6:22:12 PM,8/20/2026,
1870,30.6,gf,1.575,mm,OK,--,6:22:12 PM,8/20/2026,
1871,30.4,gf,1.570,mm,OK,--,6:22:12 PM,8/20/2026,
1872,30.2,gf,1.565,mm,OK,--,6:22:12 PM,8/20/2026,
1873,30.2,gf,1.560,mm,OK,--,6:22:12 PM,8/20/2026,
1874,30.0,gf,1.555,mm,OK,--,6:22:12 PM,8/20/2026,
1875,29.7,gf,1.550,mm,OK,--,6:22:12 PM,8/20/2026,
1876,30.2,gf,1.540,mm,OK,--,6:22:13 PM,8/20/2026,
1877,30.2,gf,1.535,mm,OK,--,6:22:13 PM,8/20/2026,
1878,30.3,gf,1.530,mm,OK,--,6:22:13 PM,8/20/2026,
1879,30.1,gf,1.525,mm,OK,--,6:22:13 PM,8/20/2026,
1880,30.1,gf,1.525,mm,OK,--,6:22:13 PM,8/20/2026,
1881,29.9,gf,1.520,mm,OK,--,6:22:13 PM,8/20/2026,
1882,30.0,gf,1.520,mm,OK,--,6:22:13 PM,8/20/2026,
1883,30.0,gf,1.515,mm,OK,--,6:22:13 PM,8/20/2026,
1884,29.7,gf,1.510,mm,OK,--,6:22:13 PM,8/20/2026,
1885,29.8,gf,1.510,mm,OK,--,6:22:13 PM,8/20/2026,
1886,30.1,gf,1.505,mm,OK,--,6:22:14 PM,8/20/2026,
1887,30.0,gf,1.505,mm,OK,--,6:22:14 PM,8/20/2026,
1888,30.1,gf,1.500,mm,OK,--,6:22:14 PM,8/20/2026,
1889,30.1,gf,1.500,mm,OK,--,6:22:14 PM,8/20/2026,
1890,30.0,gf,1.495,mm,OK,--,6:22:14 PM,8/20/2026,
1891,30.1,gf,1.495,mm,OK,--,6:22:14 PM,8/20/2026,
1892,30.1,gf,1.495,mm,OK,--,6:22:14 PM,8/20/2026,
1893,29.7,gf,1.495,mm,OK,--,6:22:14 PM,8/20/2026,
1894,29.3,gf,1.490,mm,OK,--,6:22:14 PM,8/20/2026,
1895,29.4,gf,1.485,mm,OK,--,6:22:14 PM,8/20/2026,
1896,29.6,gf,1.480,mm,OK,--,6:22:15 PM,8/20/2026,
1897,30.0,gf,1.480,mm,OK,--,6:22:15 PM,8/20/2026,
1898,30.0,gf,1.475,mm,OK,--,6:22:15 PM,8/20/2026,
1899,29.9,gf,1.470,mm,OK,--,6:22:15 PM,8/20/2026,
1900,29.9,gf,1.470,mm,OK,--,6:22:15 PM,8/20/2026,
1901,30.1,gf,1.470,mm,OK,--,6:22:15 PM,8/20/2026,
1902,30.0,gf,1.465,mm,OK,--,6:22:15 PM,8/20/2026,
1903,29.6,gf,1.465,mm,OK,--,6:22:15 PM,8/20/2026,
1904,29.6,gf,1.460,mm,OK,--,6:22:15 PM,8/20/2026,
1905,29.7,gf,1.460,mm,OK,--,6:22:15 PM,8/20/2026,
1906,29.7,gf,1.455,mm,OK,--,6:22:16 PM,8/20/2026,
1907,29.5,gf,1.455,mm,OK,--,6:22:16 PM,8/20/2026,
1908,29.5,gf,1.455,mm,OK,--,6:22:16 PM,8/20/2026,
1909,29.3,gf,1.450,mm,OK,--,6:22:16 PM,8/20/2026,
1910,29.4,gf,1.450,mm,OK,--,6:22:16 PM,8/20/2026,
1911,29.0,gf,1.450,mm,OK,--,6:22:16 PM,8/20/2026,
1912,28.8,gf,1.445,mm,OK,--,6:22:16 PM,8/20/2026,
1913,28.9,gf,1.440,mm,OK,--,6:22:16 PM,8/20/2026,
1914,29.2,gf,1.435,mm,OK,--,6:22:16 PM,8/20/2026,
1915,29.4,gf,1.430,mm,OK,--,6:22:16 PM,8/20/2026,
1916,29.6,gf,1.430,mm,OK,--,6:22:17 PM,8/20/2026,
1917,29.6,gf,1.425,mm,OK,--,6:22:17 PM,8/20/2026,
1918,29.2,gf,1.420,mm,OK,--,6:22:17 PM,8/20/2026,
1919,29.5,gf,1.415,mm,OK,--,6:22:17 PM,8/20/2026,
1920,29.8,gf,1.410,mm,OK,--,6:22:17 PM,8/20/2026,
1921,29.6,gf,1.410,mm,OK,--,6:22:17 PM,8/20/2026,
1922,29.7,gf,1.405,mm,OK,--,6:22:17 PM,8/20/2026,
1923,29.6,gf,1.405,mm,OK,--,6:22:17 PM,8/20/2026,
1924,29.6,gf,1.400,mm,OK,--,6:22:17 PM,8/20/2026,
1925,29.4,gf,1.395,mm,OK,--,6:22:17 PM,8/20/2026,
1926,29.3,gf,1.390,mm,OK,--,6:22:18 PM,8/20/2026,
1927,29.3,gf,1.385,mm,OK,--,6:22:18 PM,8/20/2026,
1928,29.3,gf,1.385,mm,OK,--,6:22:18 PM,8/20/2026,
1929,29.5,gf,1.380,mm,OK,--,6:22:18 PM,8/20/2026,
1930,29.4,gf,1.375,mm,OK,--,6:22:18 PM,8/20/2026,
1931,29.4,gf,1.375,mm,OK,--,6:22:18 PM,8/20/2026,
1932,29.2,gf,1.370,mm,OK,--,6:22:18 PM,8/20/2026,
1933,29.0,gf,1.365,mm,OK,--,6:22:18 PM,8/20/2026,
1934,28.9,gf,1.365,mm,OK,--,6:22:18 PM,8/20/2026,
1935,28.9,gf,1.360,mm,OK,--,6:22:18 PM,8/20/2026,
1936,29.1,gf,1.360,mm,OK,--,6:22:19 PM,8/20/2026,
1937,29.3,gf,1.355,mm,OK,--,6:22:19 PM,8/20/2026,
1938,29.2,gf,1.355,mm,OK,--,6:22:19 PM,8/20/2026,
1939,28.7,gf,1.350,mm,OK,--,6:22:19 PM,8/20/2026,
1940,28.9,gf,1.350,mm,OK,--,6:22:19 PM,8/20/2026,
1941,28.6,gf,1.345,mm,OK,--,6:22:19 PM,8/20/2026,
1942,28.8,gf,1.340,mm,OK,--,6:22:19 PM,8/20/2026,
1943,29.3,gf,1.340,mm,OK,--,6:22:19 PM,8/20/2026,
1944,29.1,gf,1.335,mm,OK,--,6:22:19 PM,8/20/2026,
1945,29.2,gf,1.335,mm,OK,--,6:22:19 PM,8/20/2026,
1946,29.4,gf,1.330,mm,OK,--,6:22:20 PM,8/20/2026,
1947,29.2,gf,1.330,mm,OK,--,6:22:20 PM,8/20/2026,
1948,29.1,gf,1.325,mm,OK,--,6:22:20 PM,8/20/2026,
1949,28.7,gf,1.325,mm,OK,--,6:22:20 PM,8/20/2026,
1950,28.8,gf,1.320,mm,OK,--,6:22:20 PM,8/20/2026,
1951,28.7,gf,1.315,mm,OK,--,6:22:20 PM,8/20/2026,
1952,28.9,gf,1.310,mm,OK,--,6:22:20 PM,8/20/2026,
1953,29.0,gf,1.305,mm,OK,--,6:22:20 PM,8/20/2026,
1954,28.9,gf,1.300,mm,OK,--,6:22:20 PM,8/20/2026,
1955,29.0,gf,1.300,mm,OK,--,6:22:20 PM,8/20/2026,
1956,29.0,gf,1.295,mm,OK,--,6:22:21 PM,8/20/2026,
1957,29.1,gf,1.290,mm,OK,--,6:22:21 PM,8/20/2026,
1958,28.9,gf,1.290,mm,OK,--,6:22:21 PM,8/20/2026,
1959,29.0,gf,1.285,mm,OK,--,6:22:21 PM,8/20/2026,
1960,29.2,gf,1.285,mm,OK,--,6:22:21 PM,8/20/2026,
1961,28.9,gf,1.285,mm,OK,--,6:22:21 PM,8/20/2026,
1962,29.0,gf,1.280,mm,OK,--,6:22:21 PM,8/20/2026,
1963,29.0,gf,1.280,mm,OK,--,6:22:21 PM,8/20/2026,
1964,28.9,gf,1.280,mm,OK,--,6:22:21 PM,8/20/2026,
1965,28.9,gf,1.275,mm,OK,--,6:22:21 PM,8/20/2026,
1966,28.8,gf,1.275,mm,OK,--,6:22:22 PM,8/20/2026,
1967,28.6,gf,1.275,mm,OK,--,6:22:22 PM,8/20/2026,
1968,28.6,gf,1.270,mm,OK,--,6:22:22 PM,8/20/2026,
1969,28.7,gf,1.270,mm,OK,--,6:22:22 PM,8/20/2026,
1970,28.6,gf,1.265,mm,OK,--,6:22:22 PM,8/20/2026,
1971,28.4,gf,1.265,mm,OK,--,6:22:22 PM,8/20/2026,
1972,28.3,gf,1.260,mm,OK,--,6:22:22 PM,8/20/2026,
1973,28.1,gf,1.255,mm,OK,--,6:22:22 PM,8/20/2026,
1974,28.2,gf,1.250,mm,OK,--,6:22:22 PM,8/20/2026,
1975,28.2,gf,1.240,mm,OK,--,6:22:22 PM,8/20/2026,
1976,28.4,gf,1.235,mm,OK,--,6:22:23 PM,8/20/2026,
1977,28.5,gf,1.235,mm,OK,--,6:22:23 PM,8/20/2026,
1978,28.2,gf,1.230,mm,OK,--,6:22:23 PM,8/20/2026,
1979,28.0,gf,1.225,mm,OK,--,6:22:23 PM,8/20/2026,
1980,28.2,gf,1.220,mm,OK,--,6:22:23 PM,8/20/2026,
1981,28.2,gf,1.215,mm,OK,--,6:22:23 PM,8/20/2026,
1982,28.4,gf,1.215,mm,OK,--,6:22:23 PM,8/20/2026,
1983,28.1,gf,1.210,mm,OK,--,6:22:23 PM,8/20/2026,
1984,27.9,gf,1.205,mm,OK,--,6:22:23 PM,8/20/2026,
1985,27.6,gf,1.200,mm,OK,--,6:22:23 PM,8/20/2026,
1986,27.5,gf,1.195,mm,OK,--,6:22:24 PM,8/20/2026,
1987,27.4,gf,1.195,mm,OK,--,6:22:24 PM,8/20/2026,
1988,27.2,gf,1.185,mm,OK,--,6:22:24 PM,8/20/2026,
1989,28.0,gf,1.180,mm,OK,--,6:22:24 PM,8/20/2026,
1990,27.7,gf,1.180,mm,OK,--,6:22:24 PM,8/20/2026,
1991,27.4,gf,1.175,mm,OK,--,6:22:24 PM,8/20/2026,
1992,27.3,gf,1.170,mm,OK,--,6:22:24 PM,8/20/2026,
1993,27.6,gf,1.170,mm,OK,--,6:22:24 PM,8/20/2026,
1994,27.8,gf,1.165,mm,OK,--,6:22:24 PM,8/20/2026,
1995,27.7,gf,1.165,mm,OK,--,6:22:24 PM,8/20/2026,
1996,27.3,gf,1.165,mm,OK,--,6:22:25 PM,8/20/2026,
1997,27.7,gf,1.160,mm,OK,--,6:22:25 PM,8/20/2026,
1998,27.9,gf,1.155,mm,OK,--,6:22:25 PM,8/20/2026,
1999,27.4,gf,1.150,mm,OK,--,6:22:25 PM,8/20/2026,
2000,27.6,gf,1.140,mm,OK,--,6:22:25 PM,8/20/2026,
2001,27.9,gf,1.135,mm,OK,--,6:22:25 PM,8/20/2026,
2002,28.0,gf,1.135,mm,OK,--,6:22:25 PM,8/20/2026,
2003,27.7,gf,1.130,mm,OK,--,6:22:25 PM,8/20/2026,
2004,27.3,gf,1.125,mm,OK,--,6:22:25 PM,8/20/2026,
2005,27.2,gf,1.120,mm,OK,--,6:22:25 PM,8/20/2026,
2006,26.8,gf,1.110,mm,OK,--,6:22:26 PM,8/20/2026,
2007,27.0,gf,1.100,mm,OK,--,6:22:26 PM,8/20/2026,
2008,27.0,gf,1.090,mm,OK,--,6:22:26 PM,8/20/2026,
2009,27.2,gf,1.080,mm,OK,--,6:22:26 PM,8/20/2026,
2010,27.0,gf,1.075,mm,OK,--,6:22:26 PM,8/20/2026,
2011,27.1,gf,1.070,mm,OK,--,6:22:26 PM,8/20/2026,
2012,26.9,gf,1.065,mm,OK,--,6:22:26 PM,8/20/2026,
2013,27.2,gf,1.060,mm,OK,--,6:22:26 PM,8/20/2026,
2014,27.3,gf,1.055,mm,OK,--,6:22:26 PM,8/20/2026,
2015,26.8,gf,1.055,mm,OK,--,6:22:26 PM,8/20/2026,
2016,26.5,gf,1.045,mm,OK,--,6:22:27 PM,8/20/2026,
2017,26.8,gf,1.035,mm,OK,--,6:22:27 PM,8/20/2026,
2018,26.8,gf,1.030,mm,OK,--,6:22:27 PM,8/20/2026,
2019,27.8,gf,1.020,mm,OK,--,6:22:27 PM,8/20/2026,
2020,27.8,gf,1.020,mm,OK,--,6:22:27 PM,8/20/2026,
2021,27.4,gf,1.015,mm,OK,--,6:22:27 PM,8/20/2026,
2022,27.1,gf,1.010,mm,OK,--,6:22:27 PM,8/20/2026,
2023,27.1,gf,1.005,mm,OK,--,6:22:27 PM,8/20/2026,
2024,26.7,gf,1.000,mm,OK,--,6:22:27 PM,8/20/2026,
2025,27.1,gf,0.995,mm,OK,--,6:22:27 PM,8/20/2026,
2026,27.0,gf,0.995,mm,OK,--,6:22:28 PM,8/20/2026,
2027,26.5,gf,0.995,mm,OK,--,6:22:28 PM,8/20/2026,
2028,26.4,gf,0.990,mm,OK,--,6:22:28 PM,8/20/2026,
2029,27.0,gf,0.985,mm,OK,--,6:22:28 PM,8/20/2026,
2030,26.5,gf,0.980,mm,OK,--,6:22:28 PM,8/20/2026,
2031,26.2,gf,0.975,mm,OK,--,6:22:28 PM,8/20/2026,
2032,26.6,gf,0.975,mm,OK,--,6:22:28 PM,8/20/2026,
2033,26.3,gf,0.970,mm,OK,--,6:22:28 PM,8/20/2026,
2034,26.4,gf,0.965,mm,OK,--,6:22:28 PM,8/20/2026,
2035,26.1,gf,0.960,mm,OK,--,6:22:28 PM,8/20/2026,
2036,26.5,gf,0.950,mm,OK,--,6:22:29 PM,8/20/2026,
2037,26.6,gf,0.945,mm,OK,--,6:22:29 PM,8/20/2026,
2038,26.3,gf,0.940,mm,OK,--,6:22:29 PM,8/20/2026,
2039,26.5,gf,0.935,mm,OK,--,6:22:29 PM,8/20/2026,
2040,25.9,gf,0.930,mm,OK,--,6:22:29 PM,8/20/2026,
2041,26.1,gf,0.925,mm,OK,--,6:22:29 PM,8/20/2026,
2042,25.9,gf,0.920,mm,OK,--,6:22:29 PM,8/20/2026,
2043,26.2,gf,0.910,mm,OK,--,6:22:29 PM,8/20/2026,
2044,26.3,gf,0.905,mm,OK,--,6:22:29 PM,8/20/2026,
2045,26.5,gf,0.895,mm,OK,--,6:22:29 PM,8/20/2026,
2046,26.8,gf,0.890,mm,OK,--,6:22:30 PM,8/20/2026,
2047,26.8,gf,0.885,mm,OK,--,6:22:30 PM,8/20/2026,
2048,26.6,gf,0.880,mm,OK,--,6:22:30 PM,8/20/2026,
2049,26.5,gf,0.875,mm,OK,--,6:22:30 PM,8/20/2026,
2050,26.4,gf,0.875,mm,OK,--,6:22:30 PM,8/20/2026,
2051,26.3,gf,0.875,mm,OK,--,6:22:30 PM,8/20/2026,
2052,26.3,gf,0.870,mm,OK,--,6:22:30 PM,8/20/2026,
2053,26.2,gf,0.865,mm,OK,--,6:22:30 PM,8/20/2026,
2054,25.6,gf,0.860,mm,OK,--,6:22:30 PM,8/20/2026,
2055,26.2,gf,0.850,mm,OK,--,6:22:30 PM,8/20/2026,
2056,26.4,gf,0.840,mm,OK,--,6:22:31 PM,8/20/2026,
2057,26.5,gf,0.835,mm,OK,--,6:22:31 PM,8/20/2026,
2058,26.2,gf,0.830,mm,OK,--,6:22:31 PM,8/20/2026,
2059,26.0,gf,0.820,mm,OK,--,6:22:31 PM,8/20/2026,
2060,26.2,gf,0.815,mm,OK,--,6:22:31 PM,8/20/2026,
2061,26.1,gf,0.810,mm,OK,--,6:22:31 PM,8/20/2026,
2062,25.5,gf,0.805,mm,OK,--,6:22:31 PM,8/20/2026,
2063,25.4,gf,0.795,mm,OK,--,6:22:31 PM,8/20/2026,
2064,25.9,gf,0.790,mm,OK,--,6:22:31 PM,8/20/2026,
2065,25.5,gf,0.785,mm,OK,--,6:22:31 PM,8/20/2026,
2066,25.4,gf,0.780,mm,OK,--,6:22:32 PM,8/20/2026,
2067,25.6,gf,0.775,mm,OK,--,6:22:32 PM,8/20/2026,
2068,25.7,gf,0.775,mm,OK,--,6:22:32 PM,8/20/2026,
2069,26.0,gf,0.770,mm,OK,--,6:22:32 PM,8/20/2026,
2070,26.1,gf,0.770,mm,OK,--,6:22:32 PM,8/20/2026,
2071,26.1,gf,0.770,mm,OK,--,6:22:32 PM,8/20/2026,
2072,26.0,gf,0.770,mm,OK,--,6:22:32 PM,8/20/2026,
2073,25.8,gf,0.765,mm,OK,--,6:22:32 PM,8/20/2026,
2074,25.6,gf,0.765,mm,OK,--,6:22:32 PM,8/20/2026,
2075,24.8,gf,0.760,mm,OK,--,6:22:32 PM,8/20/2026,
2076,25.4,gf,0.755,mm,OK,--,6:22:33 PM,8/20/2026,
2077,25.8,gf,0.755,mm,OK,--,6:22:33 PM,8/20/2026,
2078,26.0,gf,0.750,mm,OK,--,6:22:33 PM,8/20/2026,
2079,25.9,gf,0.750,mm,OK,--,6:22:33 PM,8/20/2026,
2080,25.5,gf,0.745,mm,OK,--,6:22:33 PM,8/20/2026,
2081,25.6,gf,0.740,mm,OK,--,6:22:33 PM,8/20/2026,
2082,25.6,gf,0.740,mm,OK,--,6:22:33 PM,8/20/2026,
2083,25.3,gf,0.735,mm,OK,--,6:22:33 PM,8/20/2026,
2084,25.5,gf,0.730,mm,OK,--,6:22:33 PM,8/20/2026,
2085,25.4,gf,0.720,mm,OK,--,6:22:33 PM,8/20/2026,
2086,25.4,gf,0.720,mm,OK,--,6:22:34 PM,8/20/2026,
2087,25.1,gf,0.715,mm,OK,--,6:22:34 PM,8/20/2026,
2088,25.3,gf,0.710,mm,OK,--,6:22:34 PM,8/20/2026,
2089,25.5,gf,0.705,mm,OK,--,6:22:34 PM,8/20/2026,
2090,25.2,gf,0.700,mm,OK,--,6:22:34 PM,8/20/2026,
2091,25.5,gf,0.695,mm,OK,--,6:22:34 PM,8/20/2026,
2092,25.7,gf,0.690,mm,OK,--,6:22:34 PM,8/20/2026,
2093,25.6,gf,0.685,mm,OK,--,6:22:34 PM,8/20/2026,
2094,25.3,gf,0.680,mm,OK,--,6:22:34 PM,8/20/2026,
2095,25.1,gf,0.675,mm,OK,--,6:22:34 PM,8/20/2026,
2096,24.9,gf,0.665,mm,OK,--,6:22:35 PM,8/20/2026,
2097,25.2,gf,0.655,mm,OK,--,6:22:35 PM,8/20/2026,
2098,25.5,gf,0.650,mm,OK,--,6:22:35 PM,8/20/2026,
2099,25.4,gf,0.645,mm,OK,--,6:22:35 PM,8/20/2026,
2100,25.0,gf,0.635,mm,OK,--,6:22:35 PM,8/20/2026,
2101,24.9,gf,0.630,mm,OK,--,6:22:35 PM,8/20/2026,
2102,25.1,gf,0.625,mm,OK,--,6:22:35 PM,8/20/2026,
2103,25.3,gf,0.620,mm,OK,--,6:22:35 PM,8/20/2026,
2104,25.2,gf,0.615,mm,OK,--,6:22:35 PM,8/20/2026,
2105,25.0,gf,0.610,mm,OK,--,6:22:35 PM,8/20/2026,
2106,25.0,gf,0.605,mm,OK,--,6:22:36 PM,8/20/2026,
2107,24.9,gf,0.600,mm,OK,--,6:22:36 PM,8/20/2026,
2108,24.8,gf,0.595,mm,OK,--,6:22:36 PM,8/20/2026,
2109,25.1,gf,0.590,mm,OK,--,6:22:36 PM,8/20/2026,
2110,25.0,gf,0.585,mm,OK,--,6:22:36 PM,8/20/2026,
2111,25.0,gf,0.580,mm,OK,--,6:22:36 PM,8/20/2026,
2112,25.2,gf,0.580,mm,OK,--,6:22:36 PM,8/20/2026,
2113,25.2,gf,0.575,mm,OK,--,6:22:36 PM,8/20/2026,
2114,25.0,gf,0.570,mm,OK,--,6:22:36 PM,8/20/2026,
2115,24.8,gf,0.565,mm,OK,--,6:22:36 PM,8/20/2026,
2116,24.9,gf,0.560,mm,OK,--,6:22:37 PM,8/20/2026,
2117,24.8,gf,0.550,mm,OK,--,6:22:37 PM,8/20/2026,
2118,24.8,gf,0.545,mm,OK,--,6:22:37 PM,8/20/2026,
2119,24.7,gf,0.540,mm,OK,--,6:22:37 PM,8/20/2026,
2120,24.7,gf,0.535,mm,OK,--,6:22:37 PM,8/20/2026,
2121,24.5,gf,0.525,mm,OK,--,6:22:37 PM,8/20/2026,
2122,24.6,gf,0.520,mm,OK,--,6:22:37 PM,8/20/2026,
2123,24.7,gf,0.520,mm,OK,--,6:22:37 PM,8/20/2026,
2124,24.8,gf,0.515,mm,OK,--,6:22:37 PM,8/20/2026,
2125,24.3,gf,0.510,mm,OK,--,6:22:37 PM,8/20/2026,
2126,24.2,gf,0.505,mm,OK,--,6:22:38 PM,8/20/2026,
2127,24.4,gf,0.500,mm,OK,--,6:22:38 PM,8/20/2026,
2128,24.6,gf,0.495,mm,OK,--,6:22:38 PM,8/20/2026,
2129,24.6,gf,0.490,mm,OK,--,6:22:38 PM,8/20/2026,
2130,24.6,gf,0.485,mm,OK,--,6:22:38 PM,8/20/2026,
2131,24.6,gf,0.485,mm,OK,--,6:22:38 PM,8/20/2026,
2132,24.5,gf,0.480,mm,OK,--,6:22:38 PM,8/20/2026,
2133,24.4,gf,0.475,mm,OK,--,6:22:38 PM,8/20/2026,
2134,24.4,gf,0.475,mm,OK,--,6:22:38 PM,8/20/2026,
2135,24.4,gf,0.470,mm,OK,--,6:22:38 PM,8/20/2026,
2136,24.2,gf,0.465,mm,OK,--,6:22:39 PM,8/20/2026,
2137,24.2,gf,0.465,mm,OK,--,6:22:39 PM,8/20/2026,
2138,24.3,gf,0.460,mm,OK,--,6:22:39 PM,8/20/2026,
2139,24.1,gf,0.450,mm,OK,--,6:22:39 PM,8/20/2026,
2140,23.8,gf,0.445,mm,OK,--,6:22:39 PM,8/20/2026,
2141,24.1,gf,0.435,mm,OK,--,6:22:39 PM,8/20/2026,
2142,24.1,gf,0.430,mm,OK,--,6:22:39 PM,8/20/2026,
2143,24.4,gf,0.425,mm,OK,--,6:22:39 PM,8/20/2026,
2144,24.4,gf,0.420,mm,OK,--,6:22:39 PM,8/20/2026,
2145,24.4,gf,0.415,mm,OK,--,6:22:39 PM,8/20/2026,
2146,24.4,gf,0.415,mm,OK,--,6:22:40 PM,8/20/2026,
2147,24.3,gf,0.410,mm,OK,--,6:22:40 PM,8/20/2026,
2148,24.2,gf,0.405,mm,OK,--,6:22:40 PM,8/20/2026,
2149,24.0,gf,0.405,mm,OK,--,6:22:40 PM,8/20/2026,
2150,23.9,gf,0.400,mm,OK,--,6:22:40 PM,8/20/2026,
2151,23.8,gf,0.395,mm,OK,--,6:22:40 PM,8/20/2026,
2152,24.0,gf,0.390,mm,OK,--,6:22:40 PM,8/20/2026,
2153,24.1,gf,0.385,mm,OK,--,6:22:40 PM,8/20/2026,
2154,24.0,gf,0.375,mm,OK,--,6:22:40 PM,8/20/2026,
2155,24.0,gf,0.370,mm,OK,--,6:22:40 PM,8/20/2026,
2156,24.1,gf,0.365,mm,OK,--,6:22:41 PM,8/20/2026,
2157,24.2,gf,0.360,mm,OK,--,6:22:41 PM,8/20/2026,
2158,24.5,gf,0.355,mm,OK,--,6:22:41 PM,8/20/2026,
2159,24.4,gf,0.350,mm,OK,--,6:22:41 PM,8/20/2026,
2160,24.1,gf,0.350,mm,OK,--,6:22:41 PM,8/20/2026,
2161,24.0,gf,0.345,mm,OK,--,6:22:41 PM,8/20/2026,
2162,23.9,gf,0.340,mm,OK,--,6:22:41 PM,8/20/2026,
2163,23.8,gf,0.335,mm,OK,--,6:22:41 PM,8/20/2026,
2164,23.7,gf,0.325,mm,OK,--,6:22:41 PM,8/20/2026,
2165,23.8,gf,0.320,mm,OK,--,6:22:41 PM,8/20/2026,
2166,23.7,gf,0.315,mm,OK,--,6:22:42 PM,8/20/2026,
2167,23.6,gf,0.310,mm,OK,--,6:22:42 PM,8/20/2026,
2168,23.6,gf,0.305,mm,OK,--,6:22:42 PM,8/20/2026,
2169,23.7,gf,0.300,mm,OK,--,6:22:42 PM,8/20/2026,
2170,23.5,gf,0.295,mm,OK,--,6:22:42 PM,8/20/2026,
2171,23.5,gf,0.290,mm,OK,--,6:22:42 PM,8/20/2026,
2172,23.4,gf,0.285,mm,OK,--,6:22:42 PM,8/20/2026,
2173,23.4,gf,0.280,mm,OK,--,6:22:42 PM,8/20/2026,
2174,23.3,gf,0.275,mm,OK,--,6:22:42 PM,8/20/2026,
2175,23.0,gf,0.270,mm,OK,--,6:22:42 PM,8/20/2026,
2176,23.0,gf,0.265,mm,OK,--,6:22:43 PM,8/20/2026,
2177,23.2,gf,0.260,mm,OK,--,6:22:43 PM,8/20/2026,
2178,23.4,gf,0.255,mm,OK,--,6:22:43 PM,8/20/2026,
2179,23.3,gf,0.250,mm,OK,--,6:22:43 PM,8/20/2026,
2180,23.3,gf,0.250,mm,OK,--,6:22:43 PM,8/20/2026,
2181,23.2,gf,0.245,mm,OK,--,6:22:43 PM,8/20/2026,
2182,23.3,gf,0.240,mm,OK,--,6:22:43 PM,8/20/2026,
2183,23.4,gf,0.235,mm,OK,--,6:22:43 PM,8/20/2026,
2184,23.4,gf,0.235,mm,OK,--,6:22:43 PM,8/20/2026,
2185,23.5,gf,0.230,mm,OK,--,6:22:43 PM,8/20/2026,
2186,23.0,gf,0.225,mm,OK,--,6:22:44 PM,8/20/2026,
2187,23.1,gf,0.220,mm,OK,--,6:22:44 PM,8/20/2026,
2188,23.0,gf,0.215,mm,OK,--,6:22:44 PM,8/20/2026,
2189,22.7,gf,0.210,mm,OK,--,6:22:44 PM,8/20/2026,
2190,22.2,gf,0.210,mm,OK,--,6:22:44 PM,8/20/2026,
2191,21.8,gf,0.205,mm,OK,--,6:22:44 PM,8/20/2026,
2192,21.6,gf,0.205,mm,OK,--,6:22:44 PM,8/20/2026,
2193,21.3,gf,0.200,mm,OK,--,6:22:44 PM,8/20/2026,
2194,21.0,gf,0.200,mm,OK,--,6:22:44 PM,8/20/2026,
2195,20.3,gf,0.195,mm,OK,--,6:22:44 PM,8/20/2026,
2196,20.1,gf,0.195,mm,OK,--,6:22:45 PM,8/20/2026,
2197,19.7,gf,0.190,mm,OK,--,6:22:45 PM,8/20/2026,
2198,19.6,gf,0.190,mm,OK,--,6:22:45 PM,8/20/2026,
2199,19.5,gf,0.190,mm,OK,--,6:22:45 PM,8/20/2026,
2200,19.3,gf,0.185,mm,OK,--,6:22:45 PM,8/20/2026,
2201,19.1,gf,0.185,mm,OK,--,6:22:45 PM,8/20/2026,
2202,18.6,gf,0.185,mm,OK,--,6:22:45 PM,8/20/2026,
2203,18.0,gf,0.180,mm,OK,--,6:22:45 PM,8/20/2026,
2204,17.5,gf,0.180,mm,OK,--,6:22:45 PM,8/20/2026,
2205,16.9,gf,0.175,mm,OK,--,6:22:45 PM,8/20/2026,
2206,16.0,gf,0.175,mm,OK,--,6:22:46 PM,8/20/2026,
2207,13.8,gf,0.160,mm,OK,--,6:22:46 PM,8/20/2026,
2208,8.0,gf,0.150,mm,OK,--,6:22:46 PM,8/20/2026,
2209,1.8,gf,0.140,mm,OK,--,6:22:46 PM,8/20/2026,
2210,0.0,gf,0.125,mm,OK,--,6:22:46 PM,8/20/2026,
2211,0.2,gf,0.100,mm,OK,--,6:22:46 PM,8/20/2026,
2212,-0.1,gf,0.075,mm,OK,--,6:22:46 PM,8/20/2026,
2213,-0.1,gf,0.065,mm,OK,--,6:22:46 PM,8/20/2026,
2214,0.0,gf,0.045,mm,OK,--,6:22:46 PM,8/20/2026,
2215,0.1,gf,0.020,mm,OK,--,6:22:46 PM,8/20/2026,
2216,0.0,gf,-0.025,mm,OK,--,6:22:47 PM,8/20/2026,
2217,-0.3,gf,-0.065,mm,OK,--,6:22:47 PM,8/20/2026,
2218,0.1,gf,-0.090,mm,OK,--,6:22:47 PM,8/20/2026,
2219,0.1,gf,-0.095,mm,OK,--,6:22:47 PM,8/20/2026,
2220,0.0,gf,-0.095,mm,OK,--,6:22:47 PM,8/20/2026,
2221,0.1,gf,-0.120,mm,OK,--,6:22:47 PM,8/20/2026,
2222,0.1,gf,-0.145,mm,OK,--,6:22:47 PM,8/20/2026,
2223,0.1,gf,-0.150,mm,OK,--,6:22:47 PM,8/20/2026,
2224,0.0,gf,-0.150,mm,OK,--,6:22:47 PM,8/20/2026,
2225,0.0,gf,-0.150,mm,OK,--,6:22:47 PM,8/20/2026,
2226,0.1,gf,-0.150,mm,OK,--,6:22:48 PM,8/20/2026,
2227,-0.1,gf,-0.150,mm,OK,--,6:22:48 PM,8/20/2026,
2228,0.0,gf,-0.150,mm,OK,--,6:22:48 PM,8/20/2026,
2229,0.1,gf,-0.150,mm,OK,--,6:22:48 PM,8/20/2026,
2230,0.3,gf,-0.150,mm,OK,--,6:22:48 PM,8/20/2026,
2231,-0.1,gf,-0.150,mm,OK,--,6:22:48 PM,8/20/2026,
2232,-0.2,gf,-0.150,mm,OK,--,6:22:48 PM,8/20/2026,
2233,0.0,gf,-0.150,mm,OK,--,6:22:48 PM,8/20/2026,
2234,0.2,gf,-0.150,mm,OK,--,6:22:48 PM,8/20/2026,
2235,0.1,gf,-0.145,mm,OK,--,6:22:48 PM,8/20/2026,
2236,0.1,gf,-0.145,mm,OK,--,6:22:49 PM,8/20/2026,
2237,0.0,gf,-0.140,mm,OK,--,6:22:49 PM,8/20/2026,
2238,-0.2,gf,-0.140,mm,OK,--,6:22:49 PM,8/20/2026,
2239,0.2,gf,-0.140,mm,OK,--,6:22:49 PM,8/20/2026,
2240,0.0,gf,-0.135,mm,OK,--,6:22:49 PM,8/20/2026,
2241,-0.1,gf,-0.135,mm,OK,--,6:22:49 PM,8/20/2026,
2242,-0.1,gf,-0.135,mm,OK,--,6:22:49 PM,8/20/2026,
2243,0.1,gf,-0.130,mm,OK,--,6:22:49 PM,8/20/2026,
2244,0.1,gf,-0.130,mm,OK,--,6:22:49 PM,8/20/2026,
2245,0.0,gf,-0.130,mm,OK,--,6:22:49 PM,8/20/2026,
2246,-0.1,gf,-0.130,mm,OK,--,6:22:50 PM,8/20/2026,
2247,0.0,gf,-0.125,mm,OK,--,6:22:50 PM,8/20/2026,
2248,0.2,gf,-0.125,mm,OK,--,6:22:50 PM,8/20/2026,
2249,0.0,gf,-0.125,mm,OK,--,6:22:50 PM,8/20/2026,
2250,0.0,gf,-0.125,mm,OK,--,6:22:50 PM,8/20/2026,
