MAX FORCE = 192.1,3.705
MIN FORCE = -1.8,-0.075
AVERAGE FORCE = 54.29,
UNIT = gf,mm
DATA COUNT = 59439,
RECORDING RATE = 0.0005,
FILE DATE = 9/23/2026 9:01:57 PM,
COMMENT = ,
MARK POINT ON = ---,---
MARK POINT OFF = ---,---
THRESHOLD = ---,
1ST PEAK FORCE = ---,---
2ND PEAK FORCE = ---,---
0.0,0.000
0.0,0.000
0.0,0.000
0.0,0.000
0.1,0.000
0.1,0.000
0.1,0.000
0.1,0.000
0.1,0.000
0.1,0.000
0.0,0.000
0.0,0.000
-0.1,0.000
-0.1,0.000
-0.1,0.000
-0.1,0.000
-0.1,0.000
-0.1,0.000
-0.1,0.000
0.0,0.000
0.0,0.000
0.1,0.000
0.1,0.000
0.1,0.000
0.1,0.000
0.1,0.000
0.1,0.000
0.0,0.000
0.0,0.000
-0.1,0.000
-0.1,0.000
-0.1,0.000
-0.1,0.000
-0.1,0.000
-0.1,0.000
-0.1,0.000
-0.1,0.000
0.0,0.000
0.0,0.000
0.1,0.000
0.1,0.000
0.1,0.000
0.1,0.000
0.1,0.000
0.1,0.000
0.1,0.000
0.1,0.000
0.0,0.000
-0.1,0.000
-0.1,0.000
-0.1,0.000
-0.1,0.000
-0.2,0.000
-0.2,0.000
-0.2,0.000
-0.2,0.000
-0.1,0.000
0.0,0.000
0.0,0.000
0.1,0.000
0.1,0.000
0.1,0.000
0.1,0.000
0.1,0.000
0.1,0.000
0.1,0.000
0.1,0.000
0.1,0.000
0.0,0.000
0.0,0.000
-0.1,0.000
-0.1,0.000
-0.1,0.000
-0.1,0.000
-0.1,0.000
-0.1,0.000
-0.1,0.000
0.0,0.000
0.0,0.000
0.0,0.000
0.1,0.000
0.1,0.000
0.1,0.000
0.1,0.000
0.1,0.000
0.1,0.000
0.1,0.000
0.0,0.000
-0.1,0.000
-0.1,0.000
-0.1,0.000
-0.1,0.000
-0.1,0.000
-0.1,0.000
-0.1,0.000
0.0,0.000
0.0,0.000
0.0,0.000
0.1,0.000
0.1,0.000
0.1,0.000
0.1,0.000
0.1,0.000
0.1,0.000
0.1,0.000
0.0,0.000
0.0,0.000
-0.1,0.000
-0.1,0.000
-0.1,0.000
-0.1,0.000
-0.1,0.000
-0.1,0.000
-0.1,0.000
-0.1,0.000
0.0,0.000
0.0,0.000
0.0,0.000
0.1,0.000
0.1,0.000
0.1,0.000
0.1,0.000
0.1,0.000
0.1,0.000
0.1,0.000
0.0,0.000
0.0,0.000
-0.1,0.000
-0.1,0.000
-0.1,0.000
-0.1,0.000
-0.1,0.000
-0.1,0.000
-0.1,0.000
-0.1,0.000
-0.1,0.000
-0.1,0.000
0.0,0.000
0.0,0.000
0.1,0.000
0.1,0.000
0.0,0.000
0.0,0.000
0.0,0.000
0.0,0.000
0.0,0.000
0.0,0.000
0.0,0.000
0.0,0.000
-0.1,0.000
0.0,0.000
0.0,0.000
0.0,0.000
0.0,0.000
0.0,0.000
0.0,0.000
0.0,0.000
0.0,0.000
0.0,0.000
0.0,0.000
0.0,0.000
0.0,0.000
0.0,0.000
0.0,0.000
0.0,0.000
0.0,0.000
0.0,0.000
0.0,0.000
0.0,0.000
0.0,0.000
0.0,0.000
0.0,0.000
0.0,0.000
0.0,0.000
0.0,0.000
0.0,0.000
0.0,0.000
0.1,0.000
0.1,0.000
0.1,0.000
0.1,0.000
0.1,0.000
0.1,0.000
0.1,0.000
0.0,0.000
0.1,0.000
0.0,0.000
0.0,0.000
0.0,0.000
0.0,0.000
0.0,0.000
0.0,0.000
0.0,0.000
0.0,0.000
0.0,0.000
0.0,0.000
0.0,0.000
0.0,0.000
0.1,0.000
0.1,0.000
0.1,0.000
0.1,0.000
0.1,0.000
0.1,0.000
0.1,0.000
0.0,0.000
0.0,0.000
-0.1,0.000
-0.1,0.000
-0.1,0.000
-0.1,0.000
-0.1,0.000
-0.1,0.000
-0.1,0.000
0.0,0.000
0.0,0.000
0.1,0.000
0.1,0.000
0.1,0.000
0.1,0.000
0.1,0.000
0.1,0.000
0.1,0.000
0.1,0.000
0.1,0.000
0.1,0.000
0.0,0.000
0.0,0.000
0.0,0.000
0.0,0.000
0.0,0.000
-0.1,0.000
-0.1,0.000
-0.1,0.000
-0.1,0.000
-0.1,0.000
0.0,0.000
0.0,0.000
0.0,0.000
0.0,0.000
0.0,0.000
0.0,0.000
0.0,0.000
0.0,0.000
0.0,0.000
0.0,0.000
0.0,0.000
0.0,0.000
0.0,0.000
0.0,0.000
0.0,0.000
0.0,0.000
0.0,0.000
0.0,0.000
0.0,0.000
0.0,0.000
0.0,0.000
0.0,0.000
0.0,0.000
0.0,0.000
0.0,0.000
0.0,0.000
0.0,0.000
0.0,0.000
0.0,0.000
0.0,0.000
0.0,0.000
0.0,0.000
0.0,0.000
0.0,0.000
0.0,0.000
0.0,0.000
0.0,0.000
0.0,0.000
0.0,0.000
0.0,0.000
0.0,0.000
0.0,0.000
0.0,0.000
0.0,0.000
0.0,0.000
0.0,0.000
0.0,0.000
0.0,0.000
0.0,0.000
0.0,0.000
0.0,0.000
0.0,0.000
0.0,0.000
0.0,0.000
0.0,0.000
0.0,0.000
-0.1,0.000
-0.1,0.000
-0.1,0.000
-0.1,0.000
-0.1,0.000
-0.1,0.000
-0.1,0.000
0.0,0.000
0.0,0.000
0.0,0.000
0.0,0.000
0.0,0.000
0.0,0.000
0.0,0.000
0.0,0.000
0.0,0.000
0.0,0.000
0.0,0.000
0.0,0.000
0.0,0.000
0.0,0.000
0.0,0.000
0.0,0.000
0.0,0.000
0.0,0.000
0.0,0.000
0.0,0.000
0.0,0.000
0.0,0.000
0.0,0.000
0.0,0.000
0.0,0.000
0.0,0.000
0.0,0.000
0.0,0.000
0.0,0.000
0.0,0.000
0.0,0.000
0.0,0.000
0.0,0.000
0.0,0.000
0.0,0.000
0.0,0.000
0.0,0.000
0.0,0.000
0.0,0.000
0.0,0.000
0.0,0.000
0.0,0.000
0.0,0.000
0.0,0.000
0.0,0.000
0.0,0.000
0.0,0.000
0.0,0.000
0.0,0.000
0.0,0.000
0.0,0.000
0.0,0.000
0.0,0.000
0.0,0.000
0.0,0.000
0.0,0.000
0.0,0.000
0.0,0.000
0.0,0.000
0.0,0.000
0.0,0.000
0.0,0.000
0.0,0.000
0.0,0.000
0.0,0.000
0.0,0.000
0.0,0.000
0.0,0.000
0.0,0.000
0.0,0.000
0.0,0.000
0.0,0.000
0.0,0.000
0.0,0.000
0.0,0.000
0.0,0.000
0.0,0.000
0.0,0.000
0.0,0.000
0.0,0.000
0.0,0.000
0.0,0.000
0.0,0.000
0.0,0.000
0.0,0.000
0.0,0.000
0.0,0.000
0.0,0.000
0.0,0.000
0.0,0.000
0.0,0.000
0.0,0.000
0.0,0.000
0.0,0.000
0.0,0.000
0.0,0.000
0.0,0.000
0.0,0.000
0.0,0.000
0.0,0.000
0.0,0.000
0.0,0.000
0.0,0.000
0.0,0.000
0.0,0.000
0.0,0.000
0.0,0.000
0.0,0.000
0.0,0.000
0.0,0.000
0.0,0.000
0.0,0.000
0.0,0.000
0.0,0.000
0.0,0.000
0.0,0.000
0.0,0.000
0.0,0.000
0.0,0.000
0.0,0.000
0.0,0.000
0.0,0.000
0.0,0.000
0.0,0.000
0.0,0.000
0.0,0.000
0.0,0.000
0.0,0.000
0.0,0.000
0.0,0.000
0.0,0.000
0.0,0.000
0.0,0.000
0.0,0.000
0.0,0.000
0.0,0.000
0.0,0.000
0.0,0.000
0.0,0.000
0.0,0.000
0.0,0.000
0.0,0.000
0.0,0.000
0.0,0.000
0.0,0.000
0.0,0.000
0.0,0.000
0.0,0.000
0.0,0.000
0.0,0.000
0.0,0.000
0.0,0.000
0.0,0.000
0.0,0.000
0.0,0.000
0.0,0.000
0.0,0.000
0.0,0.000
0.0,0.000
0.0,0.000
0.0,0.000
0.0,0.000
0.0,0.000
0.0,0.000
0.0,0.000
0.0,0.000
0.0,0.000
0.0,0.000
0.0,0.000
0.0,0.000
0.0,0.000
0.0,0.000
0.0,0.000
0.0,0.000
0.0,0.000
0.0,0.000
-0.1,0.000
-0.1,0.000
0.0,0.000
0.0,0.000
0.0,0.000
0.0,0.000
0.0,0.000
0.0,0.000
0.0,0.000
0.0,0.000
0.1,0.000
0.1,0.000
0.1,0.000
0.1,0.000
0.1,0.000
0.1,0.000
0.1,0.000
0.1,0.000
0.1,0.000
0.1,0.000
-0.1,0.000
-0.1,0.000
-0.1,0.000
-0.1,0.000
-0.1,0.000
-0.1,0.000
-0.1,0.000
-0.1,0.000
-0.1,0.000
-0.1,0.000
-0.1,0.000
0.0,0.000
0.0,0.000
0.0,0.000
0.0,0.000
0.0,0.000
0.0,0.000
0.0,0.000
0.0,0.000
0.0,0.000
0.0,0.000
0.0,0.000
-0.1,0.000
0.0,0.000
0.0,0.000
0.0,0.000
0.0,0.000
0.0,0.000
0.0,0.000
0.0,0.000
0.0,0.000
0.0,0.000
0.0,0.000
0.0,0.000
0.0,0.000
0.0,0.000
0.0,0.000
0.0,0.000
0.0,0.000
0.0,0.000
0.0,0.000
0.0,0.000
0.0,0.000
0.0,0.000
-0.1,0.000
-0.1,0.000
-0.1,0.000
-0.1,0.000
-0.1,0.000
-0.1,0.000
0.0,0.000
0.0,0.000
0.1,0.000
0.1,0.000
0.1,0.000
0.1,0.000
0.1,0.000
0.1,0.000
0.1,0.000
0.1,0.000
0.1,0.000
0.0,0.000
0.0,0.000
0.0,0.000
0.0,0.000
0.0,0.000
0.0,0.000
0.0,0.000
0.0,0.000
0.0,0.000
0.0,0.000
0.0,0.000
0.0,0.000
0.0,0.000
0.0,0.000
0.0,0.000
0.0,0.000
0.0,0.000
0.0,0.000
0.0,0.000
0.0,0.000
0.0,0.000
0.0,0.000
0.0,0.000
0.0,0.000
0.0,0.000
0.0,0.000
0.0,0.000
0.0,0.000
0.0,0.000
0.0,0.000
0.0,0.000
0.0,0.000
0.0,0.000
0.0,0.000
0.0,0.000
0.0,0.000
0.0,0.000
0.0,0.000
0.0,0.000
0.0,0.000
0.0,0.000
0.0,0.000
0.0,0.000
0.0,0.000
0.0,0.000
0.0,0.000
0.0,0.000
0.0,0.000
0.0,0.000
0.0,0.000
0.0,0.000
0.0,0.000
0.0,0.000
0.0,0.000
0.0,0.000
0.0,0.000
0.0,0.000
0.0,0.000
0.0,0.000
0.0,0.000
0.0,0.000
0.0,0.000
0.0,0.000
0.0,0.000
0.0,0.000
0.0,0.000
0.0,0.000
0.0,0.000
0.0,0.000
0.0,0.000
0.0,0.000
0.0,0.000
0.0,0.000
0.0,0.000
0.0,0.000
0.0,0.000
0.0,0.000
0.0,0.000
0.0,0.000
0.0,0.000
0.0,0.000
0.0,0.000
0.0,0.000
0.0,0.000
0.0,0.000
0.0,0.000
0.0,0.000
0.0,0.000
0.0,0.000
0.0,0.000
0.0,0.000
0.0,0.000
0.0,0.000
0.0,0.000
0.0,0.000
0.0,0.000
0.0,0.000
0.0,0.000
0.0,0.000
0.0,0.000
0.0,0.000
0.0,0.000
0.0,0.000
0.0,0.000
0.0,0.000
0.0,0.000
0.0,0.000
0.0,0.000
0.0,0.000
0.0,0.000
0.0,0.000
0.0,0.000
0.0,0.000
0.0,0.000
0.0,0.000
0.0,0.000
0.0,0.000
0.0,0.000
0.0,0.000
0.0,0.000
0.0,0.000
0.0,0.000
0.0,0.000
0.0,0.000
0.0,0.000
0.0,0.000
0.0,0.000
0.0,0.000
0.0,0.000
0.0,0.000
0.0,0.000
0.0,0.000
0.0,0.000
0.0,0.000
0.0,0.000
0.0,0.000
0.0,0.000
0.0,0.000
0.0,0.000
0.0,0.000
0.0,0.000
0.0,0.000
0.0,0.000
0.0,0.000
0.0,0.000
0.0,0.000
0.0,0.000
0.0,0.000
0.0,0.000
0.0,0.000
0.0,0.000
0.0,0.000
0.0,0.000
0.0,0.000
0.0,0.000
0.0,0.000
0.0,0.000
0.0,0.000
0.0,0.000
0.0,0.000
0.0,0.000
0.0,0.000
0.0,0.000
0.0,0.000
0.0,0.000
0.0,0.000
0.0,0.000
0.0,0.000
0.0,0.000
0.0,0.000
0.0,0.000
0.0,0.000
0.0,0.000
0.0,0.000
0.0,0.000
0.0,0.000
0.0,0.000
0.0,0.000
0.0,0.000
0.0,0.000
0.0,0.000
0.0,0.000
0.0,0.000
0.0,0.000
0.0,0.000
0.0,0.000
0.0,0.000
0.0,0.000
0.0,0.000
0.0,0.000
0.0,0.000
0.0,0.000
0.0,0.000
0.0,0.000
0.0,0.000
0.0,0.000
0.0,0.000
0.0,0.000
0.0,0.000
0.0,0.000
0.0,0.000
0.0,0.000
0.0,0.000
0.0,0.000
0.0,0.000
0.0,0.000
0.0,0.000
0.0,0.000
0.0,0.000
0.0,0.000
0.0,0.000
0.0,0.000
0.0,0.000
0.0,0.000
0.0,0.000
0.0,0.000
0.0,0.000
0.0,0.000
0.0,0.000
0.0,0.000
-0.1,0.000
-0.1,0.000
-0.1,0.000
-0.1,0.000
0.0,0.000
0.0,0.000
0.0,0.000
0.0,0.000
0.0,0.000
0.0,0.000
0.0,0.000
0.0,0.000
0.0,0.000
0.0,0.000
0.0,0.000
0.0,0.000
0.0,0.000
0.0,0.000
0.0,0.000
0.0,0.000
0.0,0.000
0.0,0.000
0.0,0.000
0.0,0.000
0.0,0.000
0.0,0.000
0.0,0.000
0.0,0.000
0.0,0.000
0.0,0.000
0.0,0.000
0.0,0.000
0.0,0.000
0.0,0.000
0.0,0.000
0.0,0.000
0.0,0.000
0.0,0.000
0.0,0.000
0.0,0.000
0.0,0.000
0.0,0.000
0.0,0.000
0.0,0.000
0.0,0.000
0.0,0.000
0.0,0.000
0.0,0.000
0.0,0.000
0.0,0.000
0.0,0.000
0.0,0.000
0.0,0.000
0.0,0.000
0.0,0.000
0.0,0.000
0.0,0.000
0.0,0.000
0.0,0.000
0.0,0.000
0.0,0.000
0.0,0.000
0.0,0.000
0.0,0.000
0.0,0.000
0.0,0.000
0.0,0.000
0.0,0.000
0.0,0.000
0.0,0.000
0.0,0.000
0.0,0.000
0.0,0.000
0.0,0.000
0.0,0.000
0.0,0.000
0.0,0.000
0.0,0.000
0.0,0.000
0.0,0.000
0.0,0.000
0.0,0.000
0.0,0.000
0.0,0.000
0.0,0.000
0.0,0.000
0.0,0.000
0.0,0.000
0.0,0.000
0.0,0.000
0.0,0.000
0.0,0.000
0.0,0.000
0.0,0.000
0.0,0.000
0.0,0.000
0.0,0.000
0.0,0.000
0.0,0.000
0.0,0.000
0.0,0.000
0.0,0.000
0.0,0.000
0.0,0.000
0.0,0.000
0.0,0.000
0.0,0.000
0.0,0.000
0.0,0.000
0.0,0.000
0.0,0.000
0.0,0.000
0.0,0.000
0.0,0.000
0.0,0.000
0.0,0.000
0.0,0.000
0.0,0.000
0.0,0.000
0.0,0.000
0.0,0.000
0.0,0.000
0.0,0.000
0.0,0.000
0.0,0.000
0.0,0.000
0.0,0.000
0.0,0.000
0.0,0.000
0.0,0.000
0.0,0.000
0.0,0.000
0.0,0.000
0.0,0.000
0.0,0.000
0.0,0.000
0.0,0.000
0.0,0.000
0.0,0.000
0.0,0.000
0.0,0.000
0.0,0.000
0.0,0.000
0.0,0.000
0.0,0.000
0.0,0.000
0.0,0.000
0.0,0.000
0.0,0.000
0.0,0.000
0.0,0.000
0.0,0.000
0.0,0.000
0.0,0.000
0.0,0.000
0.0,0.000
0.0,0.000
0.0,0.000
0.0,0.000
0.0,0.000
0.0,0.000
0.0,0.000
0.0,0.000
0.0,0.000
0.0,0.000
0.0,0.000
0.0,0.000
0.0,0.000
0.0,0.000
0.0,0.000
0.0,0.000
0.0,0.000
0.0,0.000
0.0,0.000
0.0,0.000
0.0,0.000
0.0,0.000
0.0,0.000
0.0,0.000
0.0,0.000
0.0,0.000
0.0,0.000
0.0,0.000
0.0,0.000
0.0,0.000
0.0,0.000
0.0,0.000
0.0,0.000
0.0,0.000
0.0,0.000
0.0,0.000
0.0,0.000
0.0,0.000
0.0,0.000
0.0,0.000
0.0,0.000
0.0,0.000
0.0,0.000
0.0,0.000
0.0,0.000
0.0,0.000
0.0,0.000
0.0,0.000
0.0,0.000
0.0,0.000
0.0,0.000
0.0,0.000
0.0,0.000
0.0,0.000
0.0,0.000
0.0,0.000
0.0,0.000
0.0,0.000
0.0,0.000
0.0,0.000
0.0,0.000
0.0,0.000
0.0,0.000
0.0,0.000
0.0,0.000
0.0,0.000
0.0,0.000
0.0,0.000
0.0,0.000
0.0,0.000
0.0,0.000
0.0,0.000
0.0,0.000
0.0,0.000
0.0,0.000
0.0,0.000
0.0,0.000
0.0,0.000
0.0,0.000
0.0,0.000
0.0,0.000
0.0,0.000
0.0,0.000
0.0,0.000
0.0,0.000
0.0,0.000
0.0,0.000
0.0,0.000
0.0,0.000
0.0,0.000
0.0,0.000
0.0,0.000
0.0,0.000
0.0,0.000
0.0,0.000
0.0,0.000
0.0,0.000
0.0,0.000
0.0,0.000
0.0,0.000
0.0,0.000
0.0,0.000
0.0,0.000
0.0,0.000
0.0,0.000
0.0,0.000
0.0,0.000
0.0,0.000
0.0,0.000
0.0,0.000
0.0,0.000
0.0,0.000
0.0,0.000
0.0,0.000
0.0,0.000
0.0,0.000
0.0,0.000
0.0,0.000
0.0,0.000
0.0,0.000
0.0,0.000
0.0,0.000
0.0,0.000
0.0,0.000
0.0,0.000
0.0,0.000
0.0,0.000
0.0,0.000
0.0,0.000
0.0,0.000
0.0,0.000
0.0,0.000
0.0,0.000
0.0,0.000
0.0,0.000
0.0,0.000
0.0,0.000
0.0,0.000
0.0,0.000
0.0,0.000
0.0,0.000
0.0,0.000
0.0,0.000
0.0,0.000
0.0,0.000
0.0,0.000
0.0,0.000
0.0,0.000
0.0,0.000
0.0,0.000
0.0,0.000
0.0,0.000
0.0,0.000
0.0,0.000
0.0,0.000
0.0,0.000
0.0,0.000
0.0,0.000
0.0,0.000
0.0,0.000
0.0,0.000
0.0,0.000
0.0,0.000
0.0,0.000
0.0,0.000
0.0,0.000
0.0,0.000
0.0,0.000
0.0,0.000
0.0,0.000
0.0,0.000
0.0,0.000
0.0,0.000
0.0,0.000
0.0,0.000
0.0,0.000
0.0,0.000
0.0,0.000
0.0,0.000
0.0,0.000
0.0,0.000
0.0,0.000
0.0,0.000
0.0,0.000
0.0,0.000
0.0,0.000
0.0,0.000
0.0,0.000
0.0,0.000
0.0,0.000
0.0,0.000
0.0,0.000
0.0,0.000
0.0,0.000
0.0,0.000
0.0,0.000
0.0,0.000
0.0,0.000
0.0,0.000
0.0,0.000
0.0,0.000
0.0,0.000
0.0,0.000
0.0,0.000
0.0,0.000
0.0,0.000
0.0,0.000
0.0,0.000
0.0,0.000
0.0,0.000
0.0,0.000
0.0,0.000
0.0,0.000
0.0,0.000
0.0,0.000
0.0,0.000
0.0,0.000
0.0,0.000
0.0,0.000
0.0,0.000
0.0,0.000
0.0,0.000
0.0,0.000
0.0,0.000
0.0,0.000
0.0,0.000
0.0,0.000
0.0,0.000
0.0,0.000
0.0,0.000
-0.1,0.000
-0.1,0.000
-0.1,0.000
-0.1,0.000
-0.1,0.000
-0.1,0.000
-0.1,0.000
-0.1,0.000
0.0,0.000
0.0,0.000
0.0,0.000
0.0,0.000
0.0,0.000
0.0,0.000
0.0,0.000
0.0,0.000
0.0,0.000
0.0,0.000
0.0,0.000
0.0,0.000
0.0,0.000
0.0,0.000
0.0,0.000
0.0,0.000
0.0,0.000
0.0,0.000
0.0,0.000
0.0,0.000
0.0,0.000
0.0,0.000
0.0,0.000
0.0,0.000
0.0,0.000
0.0,0.000
0.0,0.000
0.0,0.000
0.0,0.000
0.0,0.000
0.0,0.000
0.0,0.000
0.0,0.000
0.0,0.000
0.0,0.000
0.0,0.000
0.0,0.000
0.0,0.000
0.0,0.000
0.0,0.000
0.0,0.000
0.0,0.000
0.0,0.000
0.0,0.000
0.0,0.000
0.0,0.000
0.0,0.000
0.0,0.000
0.0,0.000
0.0,0.000
0.0,0.000
0.0,0.000
0.0,0.000
0.0,0.000
0.0,0.000
0.0,0.000
0.0,0.000
0.0,0.000
0.0,0.000
0.0,0.000
0.0,0.000
0.0,0.000
0.0,0.000
0.0,0.000
0.0,0.000
0.0,0.000
0.0,0.000
0.0,0.000
0.0,0.000
0.0,0.000
0.0,0.000
0.0,0.000
0.0,0.000
0.0,0.000
0.0,0.000
0.0,0.000
0.0,0.000
0.0,0.000
0.0,0.000
0.0,0.000
0.0,0.000
0.0,0.000
0.0,0.000
0.0,0.000
0.0,0.000
0.0,0.000
0.0,0.000
0.0,0.000
0.0,0.000
0.0,0.000
0.0,0.000
0.0,0.000
0.0,0.000
0.0,0.000
0.0,0.000
0.0,0.000
0.0,0.000
0.0,0.000
0.0,0.000
0.0,0.000
0.0,0.000
0.0,0.000
0.0,0.000
0.0,0.000
0.0,0.000
0.0,0.000
0.0,0.000
0.0,0.000
0.0,0.000
0.0,0.000
0.0,0.000
0.0,0.000
0.0,0.000
0.0,0.000
0.0,0.000
0.0,0.000
0.0,0.000
0.0,0.000
0.0,0.000
0.0,0.000
0.0,0.000
0.0,0.000
0.0,0.000
0.0,0.000
0.0,0.000
0.0,0.000
0.0,0.000
0.0,0.000
0.0,0.000
0.0,0.000
0.0,0.000
0.0,0.000
0.0,0.000
0.0,0.000
0.0,0.000
0.0,0.000
0.0,0.000
0.0,0.000
0.0,0.000
0.0,0.000
0.0,0.000
0.0,0.000
0.0,0.000
0.0,0.000
0.0,0.000
0.0,0.000
0.0,0.000
0.0,0.000
0.0,0.000
0.0,0.000
0.0,0.000
0.0,0.000
0.0,0.000
0.0,0.000
0.0,0.000
0.0,0.000
0.0,0.000
0.0,0.000
0.0,0.000
0.0,0.000
0.0,0.000
0.0,0.000
0.0,0.000
0.0,0.000
0.0,0.000
0.0,0.000
0.0,0.000
0.0,0.000
0.0,0.000
0.0,0.000
0.0,0.000
0.0,0.000
0.0,0.000
0.0,0.000
0.0,0.000
0.0,0.000
0.0,0.000
0.0,0.000
0.0,0.000
0.0,0.000
0.0,0.000
0.0,0.000
0.0,0.000
0.0,0.000
0.0,0.000
0.0,0.000
0.0,0.000
0.0,0.000
0.0,0.000
0.0,0.000
0.0,0.000
0.0,0.000
0.0,0.000
0.0,0.000
0.0,0.000
0.0,0.000
0.0,0.000
0.0,0.000
0.0,0.000
0.0,0.000
0.0,0.000
0.0,0.000
0.0,0.000
0.0,0.000
0.0,0.000
0.0,0.000
0.0,0.000
0.0,0.000
0.0,0.000
0.0,0.000
0.0,0.000
0.0,0.000
0.0,0.000
0.0,0.000
0.0,0.000
0.0,0.000
0.0,0.000
0.0,0.000
0.0,0.000
0.0,0.000
0.0,0.000
0.0,0.000
0.0,0.000
0.0,0.000
0.0,0.000
0.0,0.000
0.0,0.000
0.0,0.000
0.0,0.000
0.0,0.000
0.0,0.000
0.0,0.000
0.0,0.000
0.0,0.000
0.0,0.000
0.0,0.000
0.0,0.000
0.0,0.000
0.0,0.000
0.0,0.000
0.0,0.000
0.0,0.000
0.0,0.000
0.0,0.000
0.0,0.000
0.0,0.000
0.0,0.000
0.0,0.000
0.0,0.000
0.0,0.000
0.0,0.000
0.0,0.000
0.0,0.000
0.0,0.000
0.0,0.000
0.0,0.000
0.0,0.000
0.0,0.000
0.0,0.000
0.0,0.000
0.0,0.000
0.0,0.000
0.0,0.000
0.0,0.000
0.0,0.000
0.0,0.000
0.0,0.000
0.0,0.000
0.0,0.000
0.0,0.000
0.0,0.000
0.0,0.000
0.0,0.000
0.0,0.000
0.0,0.000
0.0,0.000
0.0,0.000
0.0,0.000
0.0,0.000
0.0,0.000
0.0,0.000
0.0,0.000
0.0,0.000
0.0,0.000
0.0,0.000
0.0,0.000
0.0,0.000
0.0,0.000
0.0,0.000
0.0,0.000
0.0,0.000
0.0,0.000
0.0,0.000
0.0,0.000
0.0,0.000
0.0,0.000
0.0,0.000
0.0,0.000
0.0,0.000
0.0,0.000
0.0,0.000
0.0,0.000
0.0,0.000
0.0,0.000
0.0,0.000
0.0,0.000
0.0,0.000
0.0,0.000
0.0,0.000
0.0,0.000
0.0,0.000
0.0,0.000
0.0,0.000
0.0,0.000
0.0,0.000
0.0,0.000
0.0,0.000
0.0,0.000
0.0,0.000
0.0,0.000
0.0,0.000
0.0,0.000
0.0,0.000
0.0,0.000
0.0,0.000
0.0,0.000
0.0,0.000
0.0,0.000
0.0,0.000
0.0,0.000
0.0,0.000
0.0,0.000
0.0,0.000
0.0,0.000
0.0,0.000
0.0,0.000
0.0,0.000
0.0,0.000
0.0,0.000
0.0,0.000
0.0,0.000
0.0,0.000
0.0,0.000
0.0,0.000
0.0,0.000
0.0,0.000
0.0,0.000
0.0,0.000
0.0,0.000
0.0,0.000
0.0,0.000
0.0,0.000
0.0,0.000
0.0,0.000
0.0,0.000
0.0,0.000
0.0,0.000
0.0,0.000
0.0,0.000
0.0,0.000
0.0,0.000
0.0,0.000
0.0,0.000
0.0,0.000
0.0,0.000
0.0,0.000
0.0,0.000
0.0,0.000
0.0,0.000
0.0,0.000
0.0,0.000
0.0,0.000
0.0,0.000
0.0,0.000
0.0,0.000
0.0,0.000
0.0,0.000
0.0,0.000
0.0,0.000
0.0,0.000
0.0,0.000
0.0,0.000
0.0,0.000
0.0,0.000
0.0,0.000
0.0,0.000
0.0,0.000
0.0,0.000
0.0,0.000
0.0,0.000
0.0,0.000
0.0,0.000
0.0,0.000
0.0,0.000
0.0,0.000
0.0,0.000
0.0,0.000
0.0,0.000
0.1,0.000
0.1,0.000
0.1,0.000
0.1,0.000
0.1,0.000
0.1,0.000
0.1,0.000
0.1,0.000
0.0,0.000
0.0,0.000
0.0,0.000
0.0,0.000
0.0,0.000
0.0,0.000
0.0,0.000
0.0,0.000
0.0,0.000
0.0,0.000
0.0,0.000
0.0,0.000
0.0,0.000
0.0,0.000
0.0,0.000
0.0,0.000
0.0,0.000
0.0,0.000
0.0,0.000
0.0,0.000
0.0,0.000
0.0,0.000
0.0,0.000
0.0,0.000
0.0,0.000
0.0,0.000
0.0,0.000
0.0,0.000
0.0,0.000
0.0,0.000
0.0,0.000
0.0,0.000
0.0,0.000
0.0,0.000
0.0,0.000
0.0,0.000
0.0,0.000
0.0,0.000
0.0,0.000
0.0,0.000
0.0,0.000
0.0,0.000
0.0,0.000
0.0,0.000
0.0,0.000
0.0,0.000
0.0,0.000
0.0,0.000
0.0,0.000
0.0,0.000
0.0,0.000
0.0,0.000
0.0,0.000
0.0,0.000
0.0,0.000
0.0,0.000
0.0,0.000
0.0,0.000
0.0,0.000
0.0,0.000
0.0,0.000
0.0,0.000
0.0,0.000
0.0,0.000
0.0,0.000
0.0,0.000
0.0,0.000
0.0,0.000
0.0,0.000
0.0,0.000
0.0,0.000
0.0,0.000
0.0,0.000
0.0,0.000
0.0,0.000
0.0,0.000
0.0,0.000
0.0,0.000
0.0,0.000
0.0,0.000
0.0,0.000
0.0,0.000
0.0,0.000
0.0,0.000
0.0,0.000
0.0,0.000
0.0,0.000
0.0,0.000
0.0,0.000
0.0,0.000
0.0,0.000
0.0,0.000
0.0,0.000
0.0,0.000
0.0,0.000
0.0,0.000
0.0,0.000
0.0,0.000
0.0,0.000
0.0,0.000
0.0,0.000
0.0,0.000
0.0,0.000
0.0,0.000
0.0,0.000
-0.1,0.000
0.0,0.000
0.0,0.000
0.0,0.000
0.0,0.000
0.0,0.000
0.0,0.000
0.0,0.000
0.0,0.000
0.0,0.000
0.0,0.000
0.0,0.000
0.0,0.000
0.0,0.000
0.0,0.000
0.0,0.000
0.0,0.000
0.0,0.000
0.0,0.000
0.0,0.000
0.0,0.000
0.0,0.000
0.0,0.000
0.0,0.000
0.0,0.000
0.0,0.000
0.0,0.000
0.0,0.000
0.0,0.000
0.0,0.000
0.0,0.000
0.0,0.000
0.0,0.000
0.0,0.000
0.0,0.000
0.0,0.000
0.0,0.000
0.0,0.000
0.0,0.000
0.0,0.000
0.0,0.000
0.0,0.000
0.0,0.000
0.0,0.000
0.0,0.000
0.0,0.000
0.0,0.000
0.0,0.000
0.0,0.000
0.0,0.000
0.0,0.000
0.0,0.000
0.0,0.000
0.0,0.000
0.0,0.000
0.0,0.000
0.0,0.000
0.0,0.000
0.0,0.000
0.0,0.000
0.0,0.000
0.0,0.000
0.0,0.000
0.0,0.000
0.0,0.000
0.0,0.000
0.0,0.000
0.0,0.000
0.0,0.000
0.0,0.000
0.0,0.000
0.0,0.000
0.0,0.000
0.0,0.000
0.0,0.000
0.0,0.000
0.0,0.000
0.0,0.000
0.0,0.000
0.0,0.000
0.0,0.000
0.0,0.000
0.0,0.000
0.0,0.000
0.0,0.000
0.0,0.000
0.0,0.000
0.0,0.000
0.0,0.000
0.0,0.000
0.0,0.000
0.0,0.000
0.0,0.000
0.0,0.000
0.0,0.000
0.0,0.000
0.0,0.000
0.0,0.000
0.0,0.000
-0.1,0.000
-0.1,0.000
-0.1,0.000
-0.1,0.000
-0.1,0.000
-0.1,0.000
-0.1,0.000
-0.1,0.000
0.0,0.000
0.0,0.000
0.0,0.000
0.0,0.000
0.0,0.000
0.0,0.000
0.0,0.000
0.0,0.000
0.0,0.000
0.0,0.000
0.0,0.000
0.0,0.000
0.0,0.000
0.0,0.000
0.0,0.000
0.0,0.000
0.0,0.000
0.0,0.000
0.0,0.000
0.0,0.000
0.0,0.000
0.0,0.000
0.1,0.000
0.0,0.000
0.0,0.000
0.0,0.000
0.0,0.000
0.0,0.000
0.0,0.000
0.0,0.000
0.0,0.000
0.0,0.000
0.0,0.000
0.0,0.000
0.0,0.000
0.0,0.000
0.0,0.000
0.0,0.000
0.0,0.000
0.0,0.000
0.0,0.000
0.0,0.000
0.0,0.000
0.0,0.000
0.0,0.000
0.0,0.000
0.0,0.000
0.0,0.000
0.0,0.000
0.0,0.000
0.0,0.000
0.0,0.000
0.0,0.000
0.0,0.000
0.0,0.000
0.0,0.000
0.0,0.000
0.0,0.000
0.0,0.000
0.0,0.000
0.0,0.000
0.0,0.000
0.0,0.000
0.0,0.000
0.0,0.000
0.0,0.000
0.0,0.000
0.0,0.000
0.0,0.000
0.0,0.000
0.0,0.000
0.0,0.000
0.0,0.000
0.0,0.000
0.0,0.000
0.0,0.000
0.0,0.000
0.0,0.000
0.0,0.000
0.0,0.000
0.0,0.000
0.0,0.000
0.0,0.000
0.0,0.000
0.0,0.000
0.0,0.000
0.0,0.000
0.0,0.000
0.0,0.000
0.0,0.000
0.0,0.000
0.0,0.000
0.0,0.000
0.0,0.000
0.0,0.000
0.0,0.000
0.0,0.000
0.0,0.000
0.0,0.000
0.0,0.000
0.0,0.000
0.0,0.000
0.0,0.000
0.0,0.000
0.0,0.000
0.0,0.000
0.0,0.000
0.0,0.000
0.0,0.000
0.0,0.000
0.0,0.000
0.0,0.000
0.0,0.000
0.0,0.000
0.0,0.000
0.0,0.000
0.0,0.000
0.0,0.000
0.0,0.000
0.0,0.000
0.0,0.000
0.0,0.000
0.0,0.000
0.0,0.000
0.0,0.000
0.0,0.000
0.0,0.000
0.0,0.000
0.0,0.000
0.0,0.000
0.0,0.000
-0.1,0.000
-0.1,0.000
-0.1,0.000
-0.1,0.000
-0.1,0.000
-0.1,0.000
-0.1,0.000
-0.1,0.000
-0.1,0.000
-0.1,0.000
-0.1,0.000
-0.1,0.000
0.0,0.000
0.0,0.000
0.0,0.000
0.0,0.000
0.0,0.000
0.0,0.000
0.0,0.000
0.0,0.000
0.0,0.000
0.0,0.000
0.0,0.000
0.0,0.000
0.0,0.000
0.0,0.000
0.0,0.000
0.0,0.000
0.0,0.000
0.0,0.000
0.0,0.000
0.0,0.000
0.0,0.000
0.0,0.000
0.0,0.000
0.0,0.000
0.0,0.000
0.0,0.000
0.0,0.000
0.0,0.000
0.0,0.000
0.0,0.000
0.0,0.000
0.0,0.000
0.0,0.000
0.0,0.000
0.0,0.000
0.0,0.000
0.0,0.000
0.0,0.000
0.0,0.000
0.0,0.000
0.0,0.000
0.0,0.000
0.0,0.000
0.0,0.000
0.0,0.000
0.0,0.000
0.0,0.000
0.0,0.000
0.0,0.000
0.0,0.000
0.0,0.000
0.0,0.000
0.0,0.000
0.0,0.000
0.0,0.000
0.0,0.000
0.0,0.000
0.0,0.000
0.0,0.000
0.0,0.000
0.0,0.000
0.0,0.000
0.0,0.000
0.0,0.000
0.0,0.000
0.0,0.000
0.0,0.000
0.0,0.000
0.0,0.000
0.0,0.000
0.0,0.000
0.0,0.000
0.0,0.000
0.0,0.000
0.0,0.000
0.0,0.000
0.0,0.000
0.0,0.000
0.0,0.000
0.0,0.000
0.0,0.000
0.0,0.000
0.0,0.000
0.0,0.000
0.0,0.000
0.0,0.000
0.0,0.000
0.0,0.000
0.0,0.000
0.0,0.000
0.0,0.000
0.0,0.000
0.0,0.000
0.0,0.000
0.0,0.000
0.0,0.000
0.0,0.000
0.0,0.000
0.0,0.000
0.0,0.000
0.0,0.000
0.0,0.000
0.0,0.000
0.0,0.000
0.0,0.000
0.0,0.000
0.0,0.000
0.0,0.000
0.0,0.000
0.0,0.000
0.0,0.000
0.0,0.000
0.0,0.000
0.0,0.000
0.0,0.000
0.0,0.000
0.0,0.000
0.0,0.000
0.0,0.000
0.0,0.000
0.0,0.000
0.0,0.000
0.0,0.000
0.0,0.000
0.0,0.000
0.0,0.000
0.0,0.000
0.0,0.000
0.0,0.000
0.0,0.000
0.0,0.000
0.0,0.000
0.0,0.000
0.0,0.000
0.0,0.000
0.0,0.000
0.0,0.000
0.0,0.000
0.0,0.000
0.0,0.000
0.0,0.000
0.0,0.000
0.0,0.000
0.0,0.000
0.0,0.000
0.0,0.000
0.0,0.000
0.0,0.000
0.0,0.000
0.0,0.000
0.0,0.000
0.0,0.000
0.0,0.000
0.0,0.000
0.0,0.000
0.0,0.000
0.0,0.000
0.0,0.000
0.0,0.000
0.0,0.000
0.0,0.000
0.0,0.000
0.0,0.000
0.0,0.000
0.0,0.000
0.0,0.000
0.0,0.000
0.0,0.000
0.0,0.000
0.0,0.000
0.0,0.000
0.0,0.000
0.0,0.000
0.0,0.000
0.0,0.000
0.0,0.000
0.0,0.000
0.0,0.000
0.0,0.000
0.0,0.000
0.0,0.000
0.0,0.000
0.0,0.000
0.0,0.000
0.0,0.000
0.0,0.000
0.0,0.000
0.0,0.000
0.0,0.000
0.0,0.000
0.0,0.000
0.0,0.000
0.0,0.000
0.0,0.000
0.0,0.000
0.0,0.000
0.0,0.000
0.0,0.000
0.0,0.000
0.0,0.000
0.0,0.000
0.0,0.000
0.0,0.000
0.0,0.000
0.0,0.000
0.0,0.000
0.0,0.000
0.0,0.000
0.0,0.000
0.0,0.000
0.0,0.000
0.0,0.000
0.0,0.000
0.0,0.000
0.0,0.000
0.0,0.000
0.0,0.000
0.0,0.000
0.0,0.000
0.0,0.000
0.0,0.000
0.0,0.000
0.0,0.000
0.0,0.000
0.0,0.000
0.0,0.000
0.0,0.000
0.0,0.000
0.0,0.000
0.0,0.000
0.0,0.000
0.0,0.000
0.0,0.000
0.0,0.000
0.0,0.000
0.0,0.000
0.0,0.000
0.0,0.000
0.0,0.000
0.0,0.000
0.0,0.000
0.0,0.000
0.0,0.000
0.0,0.000
0.0,0.000
0.0,0.000
0.0,0.000
0.0,0.000
0.0,0.000
0.0,0.000
0.0,0.000
0.0,0.000
0.0,0.000
0.0,0.000
0.0,0.000
0.0,0.000
0.0,0.000
0.0,0.000
0.0,0.000
0.0,0.000
0.0,0.000
0.0,0.000
0.0,0.000
0.0,0.000
0.0,0.000
0.0,0.000
0.0,0.000
0.0,0.000
0.0,0.000
0.0,0.000
0.0,0.000
0.0,0.000
0.0,0.000
0.0,0.000
0.0,0.000
0.0,0.000
0.0,0.000
0.0,0.000
0.0,0.000
0.0,0.000
0.0,0.000
0.0,0.000
0.0,0.000
0.0,0.000
0.0,0.000
0.0,0.000
0.0,0.000
0.0,0.000
0.0,0.000
0.0,0.000
0.0,0.000
0.0,0.000
0.0,0.000
0.0,0.000
0.0,0.000
0.0,0.000
0.0,0.000
0.0,0.000
0.0,0.000
0.0,0.000
0.0,0.000
0.0,0.000
0.0,0.000
0.0,0.000
0.0,0.000
0.0,0.000
0.0,0.000
0.0,0.000
0.0,0.000
0.0,0.000
0.0,0.000
0.0,0.000
0.0,0.000
0.0,0.000
0.0,0.000
0.0,0.000
0.0,0.000
0.0,0.000
0.0,0.000
0.0,0.000
0.0,0.000
0.0,0.000
0.0,0.000
0.0,0.000
0.0,0.000
0.0,0.000
0.0,0.000
0.0,0.000
0.0,0.000
0.0,0.000
0.0,0.000
0.0,0.000
0.0,0.000
0.0,0.000
0.0,0.000
0.0,0.000
0.0,0.000
0.0,0.000
0.0,0.000
0.0,0.000
0.0,0.000
0.0,0.000
0.0,0.000
0.0,0.000
0.0,0.000
0.0,0.000
0.0,0.000
0.0,0.000
0.0,0.000
0.0,0.000
0.0,0.000
0.0,0.000
0.0,0.000
0.0,0.000
0.0,0.000
0.0,0.000
0.0,0.000
0.0,0.000
0.0,0.000
0.0,0.000
0.0,0.000
0.0,0.000
0.0,0.000
0.0,0.000
0.0,0.000
0.0,0.000
0.0,0.000
0.0,0.000
0.0,0.000
0.0,0.000
0.0,0.000
0.0,0.000
0.0,0.000
0.0,0.000
0.0,0.000
0.0,0.000
0.0,0.000
0.0,0.000
0.0,0.000
0.0,0.000
0.0,0.000
0.0,0.000
0.0,0.000
0.0,0.000
0.0,0.000
0.0,0.000
0.0,0.000
0.0,0.000
0.0,0.000
0.0,0.000
0.0,0.000
0.0,0.000
0.0,0.000
0.0,0.000
0.0,0.000
0.0,0.000
0.0,0.000
0.0,0.000
0.0,0.000
0.0,0.000
0.0,0.000
0.0,0.000
0.0,0.000
0.0,0.000
0.0,0.000
0.0,0.000
0.0,0.000
0.0,0.000
0.0,0.000
0.0,0.000
0.0,0.000
0.0,0.000
0.0,0.000
0.0,0.000
0.0,0.000
0.0,0.000
0.0,0.000
0.0,0.000
0.0,0.000
0.0,0.000
0.0,0.000
0.0,0.000
0.0,0.000
0.0,0.000
0.0,0.000
0.0,0.000
0.0,0.000
0.0,0.000
0.0,0.000
0.0,0.000
0.0,0.000
0.0,0.000
0.0,0.000
0.0,0.000
0.0,0.000
0.0,0.000
0.0,0.000
0.0,0.000
0.0,0.000
0.0,0.000
0.0,0.000
0.0,0.000
0.0,0.000
0.0,0.000
0.0,0.000
0.0,0.000
0.0,0.000
0.0,0.000
0.0,0.000
0.0,0.000
0.0,0.000
0.0,0.000
0.0,0.000
0.0,0.000
0.0,0.000
0.0,0.000
0.0,0.000
0.0,0.000
0.0,0.000
0.0,0.000
0.0,0.000
0.0,0.000
0.0,0.000
0.0,0.000
0.0,0.000
0.0,0.000
0.0,0.000
0.0,0.000
0.0,0.000
0.0,0.000
0.0,0.000
0.0,0.000
0.0,0.000
0.0,0.000
0.0,0.000
0.0,0.000
0.0,0.000
0.0,0.000
0.0,0.000
0.0,0.000
0.0,0.000
0.0,0.000
0.0,0.000
0.0,0.000
0.0,0.000
0.0,0.000
0.0,0.000
0.0,0.000
0.0,0.000
0.0,0.000
0.0,0.000
0.0,0.000
0.0,0.000
0.0,0.000
0.0,0.000
0.0,0.000
0.0,0.000
0.0,0.000
0.0,0.000
0.0,0.000
0.0,0.000
0.0,0.000
0.0,0.000
0.0,0.000
0.0,0.000
0.0,0.000
0.0,0.000
0.0,0.000
0.0,0.000
0.0,0.000
0.0,0.000
0.0,0.000
0.0,0.000
0.0,0.000
0.0,0.000
0.0,0.000
0.0,0.000
0.0,0.000
0.0,0.000
0.0,0.000
0.0,0.000
0.0,0.000
0.0,0.000
0.0,0.000
0.0,0.000
0.0,0.000
0.0,0.000
0.0,0.000
0.0,0.000
0.0,0.000
0.0,0.000
0.0,0.000
0.0,0.000
0.0,0.000
0.0,0.000
0.0,0.000
0.0,0.000
0.0,0.000
0.0,0.000
0.0,0.000
0.0,0.000
0.0,0.000
0.0,0.000
0.0,0.000
0.0,0.000
0.0,0.000
0.0,0.000
0.0,0.000
0.0,0.000
0.0,0.000
0.0,0.000
0.0,0.000
0.0,0.000
0.0,0.000
0.0,0.000
0.0,0.000
0.0,0.000
0.0,0.000
0.0,0.000
0.0,0.000
0.0,0.000
0.0,0.000
0.0,0.000
0.0,0.000
0.0,0.000
0.0,0.000
0.0,0.000
0.0,0.000
0.0,0.000
0.0,0.000
0.0,0.000
0.0,0.000
0.0,0.000
0.0,0.000
0.0,0.000
0.0,0.000
0.0,0.000
0.0,0.000
0.0,0.000
0.0,0.000
0.0,0.000
0.0,0.000
0.0,0.000
0.0,0.000
0.0,0.000
0.0,0.000
0.0,0.000
0.0,0.000
0.0,0.000
0.0,0.000
0.0,0.000
0.0,0.000
0.0,0.000
0.0,0.000
0.0,0.000
0.0,0.000
0.0,0.000
0.0,0.000
0.0,0.000
0.0,0.000
0.0,0.000
0.0,0.000
0.0,0.000
0.0,0.000
0.0,0.000
0.0,0.000
0.0,0.000
0.0,0.000
0.0,0.000
0.0,0.000
0.0,0.000
0.0,0.000
0.0,0.000
0.0,0.000
0.0,0.000
0.0,0.000
0.0,0.000
0.0,0.000
0.0,0.000
0.0,0.000
0.0,0.000
0.0,0.000
0.0,0.000
0.0,0.000
0.0,0.000
0.0,0.000
0.0,0.000
0.0,0.000
0.0,0.000
0.0,0.000
0.0,0.000
0.0,0.000
0.0,0.000
0.0,0.000
0.0,0.000
0.0,0.000
0.0,0.000
0.0,0.000
0.0,0.000
0.0,0.000
0.0,0.000
0.0,0.000
0.0,0.000
0.0,0.000
0.0,0.000
0.0,0.000
0.0,0.000
0.0,0.000
0.0,0.000
0.0,0.000
0.0,0.000
0.0,0.000
0.0,0.000
0.0,0.000
0.0,0.000
0.0,0.000
0.0,0.000
0.0,0.000
0.0,0.000
0.0,0.000
0.0,0.000
0.0,0.000
0.0,0.000
0.0,0.000
0.0,0.000
0.0,0.000
0.0,0.000
0.0,0.000
0.0,0.000
0.0,0.000
0.0,0.000
0.0,0.000
0.0,0.000
0.0,0.000
0.0,0.000
0.0,0.000
0.0,0.000
0.0,0.000
0.0,0.000
0.0,0.000
0.0,0.000
0.0,0.000
0.0,0.000
0.0,0.000
0.0,0.000
0.0,0.000
0.0,0.000
0.0,0.000
0.0,0.000
0.0,0.000
0.0,0.000
0.0,0.000
0.0,0.000
0.0,0.000
0.0,0.000
0.0,0.000
0.0,0.000
0.0,0.000
0.0,0.000
0.0,0.000
0.0,0.000
0.0,0.000
0.0,0.000
0.0,0.000
0.0,0.000
0.0,0.000
0.0,0.000
0.0,0.000
0.0,0.000
0.1,0.000
0.1,0.000
0.1,0.000
0.1,0.000
0.1,0.000
0.1,0.000
0.1,0.000
0.1,0.000
0.0,0.000
0.0,0.000
0.0,0.000
0.0,0.000
0.0,0.000
0.0,0.000
0.0,0.000
0.0,0.000
0.0,0.000
0.0,0.000
0.0,0.000
0.0,0.000
0.0,0.000
0.0,0.000
0.0,0.000
0.0,0.000
0.0,0.000
0.0,0.000
0.0,0.000
0.0,0.000
0.0,0.000
0.0,0.000
0.0,0.000
0.0,0.000
0.0,0.000
0.0,0.000
0.0,0.000
0.0,0.000
0.0,0.000
0.0,0.000
0.0,0.000
0.0,0.000
0.0,0.000
0.0,0.000
0.0,0.000
0.0,0.000
0.0,0.000
0.0,0.000
0.0,0.000
0.0,0.000
0.0,0.000
0.0,0.000
0.0,0.000
0.0,0.000
0.0,0.000
0.0,0.000
0.0,0.000
0.0,0.000
0.0,0.000
0.0,0.000
0.0,0.000
0.0,0.000
0.0,0.000
0.0,0.000
0.0,0.000
0.0,0.000
0.0,0.000
0.0,0.000
0.0,0.000
0.0,0.000
0.0,0.000
0.0,0.000
0.0,0.000
0.0,0.000
0.0,0.000
0.0,0.000
0.0,0.000
0.0,0.000
0.0,0.000
0.0,0.000
0.0,0.000
0.0,0.000
0.0,0.000
0.0,0.000
0.0,0.000
0.0,0.000
0.0,0.000
0.0,0.000
0.0,0.000
0.0,0.000
0.0,0.000
0.0,0.000
0.0,0.000
0.0,0.000
0.0,0.000
0.0,0.000
0.0,0.000
0.0,0.000
0.0,0.000
0.0,0.000
0.0,0.000
0.0,0.000
0.0,0.000
0.0,0.000
0.0,0.000
0.0,0.000
0.0,0.000
0.0,0.000
0.0,0.000
-0.1,0.000
-0.1,0.000
-0.1,0.000
-0.1,0.000
-0.1,0.000
-0.1,0.000
-0.1,0.000
0.0,0.000
0.0,0.000
0.0,0.000
0.0,0.000
0.0,0.000
0.0,0.000
0.0,0.000
0.0,0.000
0.0,0.000
0.0,0.000
0.0,0.000
0.0,0.000
0.0,0.000
0.0,0.000
0.0,0.000
0.0,0.000
0.0,0.000
0.0,0.000
0.0,0.000
0.0,0.000
0.1,0.000
0.1,0.000
0.1,0.000
0.1,0.000
0.1,0.000
0.1,0.000
0.1,0.000
0.1,0.000
0.1,0.000
0.0,0.000
0.0,0.000
0.0,0.000
0.0,0.000
0.0,0.000
0.0,0.000
0.0,0.000
0.0,0.000
0.0,0.000
0.0,0.000
0.1,0.000
0.1,0.000
0.1,0.000
0.1,0.000
0.1,0.000
0.1,0.000
0.1,0.000
0.1,0.000
0.1,0.000
0.1,0.000
0.0,0.000
0.0,0.000
-0.1,0.000
-0.1,0.000
-0.1,0.000
-0.1,0.000
-0.1,0.000
-0.1,0.000
-0.1,0.000
-0.1,0.000
-0.1,0.000
0.0,0.000
0.0,0.000
0.0,0.000
0.0,0.000
0.0,0.000
0.0,0.000
0.0,0.000
0.1,0.000
0.1,0.000
0.1,0.000
0.1,0.000
0.0,0.000
0.0,0.000
0.0,0.000
0.0,0.000
0.0,0.000
0.0,0.000
0.0,0.000
0.0,0.000
0.0,0.000
0.0,0.000
0.0,0.000
0.0,0.000
0.0,0.000
0.0,0.000
0.0,0.000
0.0,0.000
0.0,0.000
0.0,0.000
0.0,0.000
0.0,0.000
-0.1,0.000
-0.1,0.000
-0.1,0.000
-0.1,0.000
-0.1,0.000
-0.1,0.000
-0.1,0.000
-0.1,0.000
-0.1,0.000
-0.1,0.000
-0.1,0.000
-0.1,0.000
0.0,0.000
0.0,0.000
0.0,0.000
0.0,0.000
0.0,0.000
0.0,0.000
0.0,0.000
0.0,0.000
0.0,0.000
0.0,0.000
0.0,0.000
0.0,0.000
0.0,0.000
0.0,0.000
0.0,0.000
0.0,0.000
0.0,0.000
0.0,0.000
0.0,0.000
0.0,0.000
0.0,0.000
0.0,0.000
0.0,0.000
0.0,0.000
0.0,0.000
0.0,0.000
0.0,0.000
0.0,0.000
0.0,0.000
0.0,0.000
0.0,0.000
0.0,0.000
0.0,0.000
0.0,0.000
0.0,0.000
0.0,0.000
0.0,0.000
0.0,0.000
0.0,0.000
0.0,0.000
0.0,0.000
0.0,0.000
0.0,0.000
0.0,0.000
0.0,0.000
0.0,0.000
0.0,0.000
0.0,0.000
0.0,0.000
0.0,0.000
0.0,0.000
0.0,0.000
0.0,0.000
0.0,0.000
0.0,0.000
0.0,0.000
0.0,0.000
0.0,0.000
0.0,0.000
0.0,0.000
0.0,0.000
0.0,0.000
0.0,0.000
0.0,0.000
0.0,0.000
0.0,0.000
0.0,0.000
0.0,0.000
0.0,0.000
0.0,0.000
0.0,0.000
0.0,0.000
0.0,0.000
0.0,0.000
0.0,0.000
0.0,0.000
0.0,0.000
0.0,0.000
0.0,0.000
0.0,0.000
0.0,0.000
0.0,0.000
0.0,0.000
0.0,0.000
0.0,0.000
0.0,0.000
0.0,0.000
0.0,0.000
0.0,0.000
0.0,0.000
0.0,0.000
0.0,0.000
0.0,0.000
0.0,0.000
0.0,0.000
0.0,0.000
0.0,0.000
0.0,0.000
0.0,0.000
0.0,0.000
0.0,0.000
0.0,0.000
0.0,0.000
0.0,0.000
0.0,0.000
0.0,0.000
0.0,0.000
0.0,0.000
0.0,0.000
0.0,0.000
0.0,0.000
0.0,0.000
0.0,0.000
0.0,0.000
0.0,0.000
0.0,0.000
0.0,0.000
0.0,0.000
0.0,0.000
0.0,0.000
0.0,0.000
0.0,0.000
0.0,0.000
0.0,0.000
0.0,0.000
0.0,0.000
0.0,0.000
0.0,0.000
0.0,0.000
0.0,0.000
0.0,0.000
0.0,0.000
0.0,0.000
0.0,0.000
0.0,0.000
0.0,0.000
0.0,0.000
0.0,0.000
0.0,0.000
0.0,0.000
0.0,0.000
0.0,0.000
0.0,0.000
0.0,0.000
0.0,0.000
0.0,0.000
0.0,0.000
0.0,0.000
0.0,0.000
0.0,0.000
0.0,0.000
0.0,0.000
0.0,0.000
0.0,0.000
0.0,0.000
0.0,0.000
0.0,0.000
0.0,0.000
0.0,0.000
0.0,0.000
0.0,0.000
0.0,0.000
0.0,0.000
0.0,0.000
0.0,0.000
0.0,0.000
0.0,0.000
0.0,0.000
0.0,0.000
0.0,0.000
0.0,0.000
0.0,0.000
0.0,0.000
0.0,0.000
0.0,0.000
0.0,0.000
0.0,0.000
0.0,0.000
0.0,0.000
0.0,0.000
0.0,0.000
0.0,0.000
0.0,0.000
0.0,0.000
0.0,0.000
0.0,0.000
0.0,0.000
0.0,0.000
0.0,0.000
0.0,0.000
0.0,0.000
0.0,0.000
0.0,0.000
0.0,0.000
0.0,0.000
0.0,0.000
0.0,0.000
0.0,0.000
0.0,0.000
0.0,0.000
0.0,0.000
0.0,0.000
0.0,0.000
0.0,0.000
0.0,0.000
0.0,0.000
0.0,0.000
0.0,0.000
0.0,0.000
0.0,0.000
0.0,0.000
0.0,0.000
0.0,0.000
0.0,0.000
0.0,0.000
0.0,0.000
0.0,0.000
0.0,0.000
0.0,0.000
0.0,0.000
0.0,0.000
0.0,0.000
0.0,0.000
0.0,0.000
0.0,0.000
0.0,0.000
0.0,0.000
0.0,0.000
0.0,0.000
0.0,0.000
0.0,0.000
0.0,0.000
0.0,0.000
0.0,0.000
0.0,0.000
0.0,0.000
0.0,0.000
0.0,0.000
0.0,0.000
0.0,0.000
0.0,0.000
0.0,0.000
0.0,0.000
0.0,0.000
0.0,0.000
0.0,0.000
0.0,0.000
0.0,0.000
0.0,0.000
0.0,0.000
0.0,0.000
0.0,0.000
0.0,0.000
0.0,0.000
0.0,0.000
0.0,0.000
0.0,0.000
0.0,0.000
0.0,0.000
0.0,0.000
0.0,0.000
0.0,0.000
0.0,0.000
0.0,0.000
0.0,0.000
0.0,0.000
0.0,0.000
0.0,0.000
0.0,0.000
0.0,0.000
0.0,0.000
0.0,0.000
0.0,0.000
0.0,0.000
0.0,0.000
0.0,0.000
0.0,0.000
0.0,0.000
0.0,0.000
0.0,0.000
0.0,0.000
0.0,0.000
0.0,0.000
0.0,0.000
0.0,0.000
0.0,0.000
0.0,0.000
0.0,0.000
0.0,0.000
0.0,0.000
0.0,0.000
0.0,0.000
0.0,0.000
0.0,0.000
0.0,0.000
0.0,0.000
0.0,0.000
0.0,0.000
0.0,0.000
0.0,0.000
0.0,0.000
0.0,0.000
0.0,0.000
0.0,0.000
0.0,0.000
0.0,0.000
0.0,0.000
0.0,0.000
0.0,0.000
0.0,0.000
0.0,0.000
0.0,0.000
0.0,0.000
0.0,0.000
0.0,0.000
0.0,0.000
0.0,0.000
0.0,0.000
0.0,0.000
0.0,0.000
0.0,0.000
0.0,0.000
0.0,0.000
0.0,0.000
0.0,0.000
0.0,0.000
0.0,0.000
0.0,0.000
0.0,0.000
0.0,0.000
0.0,0.000
0.0,0.000
0.0,0.000
0.0,0.000
0.0,0.000
0.0,0.000
0.0,0.000
0.0,0.000
0.0,0.000
0.0,0.000
0.0,0.000
0.0,0.000
0.0,0.000
0.0,0.000
0.0,0.000
0.0,0.000
0.0,0.000
0.0,0.000
0.0,0.000
0.0,0.000
0.0,0.000
0.0,0.000
0.0,0.000
0.0,0.000
0.0,0.000
0.0,0.000
0.0,0.000
0.0,0.000
0.0,0.000
0.0,0.000
0.0,0.000
0.0,0.000
0.0,0.000
0.0,0.000
0.0,0.000
0.0,0.000
0.0,0.000
0.0,0.000
0.0,0.000
0.0,0.000
0.0,0.000
0.0,0.000
0.0,0.000
0.0,0.000
0.0,0.000
0.0,0.000
0.0,0.000
0.0,0.000
0.0,0.000
0.0,0.000
0.0,0.000
0.0,0.000
0.0,0.000
0.0,0.000
0.0,0.000
0.0,0.000
0.0,0.000
0.0,0.000
0.0,0.000
0.0,0.000
0.0,0.000
0.0,0.000
0.0,0.000
0.0,0.000
0.0,0.000
0.0,0.000
0.0,0.000
0.0,0.000
0.0,0.000
0.0,0.000
0.0,0.000
0.0,0.000
0.0,0.000
0.0,0.000
0.0,0.000
0.0,0.000
0.0,0.000
0.0,0.000
0.0,0.000
0.0,0.000
0.0,0.000
0.0,0.000
0.0,0.000
0.0,0.000
0.0,0.000
0.0,0.000
0.0,0.000
0.0,0.000
0.0,0.000
0.0,0.000
0.0,0.000
0.0,0.000
0.0,0.000
0.0,0.000
0.0,0.000
0.0,0.000
0.0,0.000
0.0,0.000
0.0,0.000
0.0,0.000
0.0,0.000
0.0,0.000
0.0,0.000
0.0,0.000
0.0,0.000
0.0,0.000
0.0,0.000
0.0,0.000
0.0,0.000
0.0,0.000
0.0,0.000
0.0,0.000
0.0,0.000
0.0,0.000
0.0,0.000
0.0,0.000
0.0,0.000
0.0,0.000
0.0,0.000
0.0,0.000
0.0,0.000
0.0,0.000
0.0,0.000
0.0,0.000
0.0,0.000
0.0,0.000
0.0,0.000
0.0,0.000
0.0,0.000
0.0,0.000
0.0,0.000
0.0,0.000
0.0,0.000
0.0,0.000
0.0,0.000
0.0,0.000
0.0,0.000
0.0,0.000
0.0,0.000
0.0,0.000
0.0,0.000
0.0,0.000
0.0,0.000
0.0,0.000
0.0,0.000
0.0,0.000
0.0,0.000
0.0,0.000
0.0,0.000
0.0,0.000
0.0,0.000
0.0,0.000
0.0,0.000
0.0,0.000
0.0,0.000
0.0,0.000
0.0,0.000
0.0,0.000
0.0,0.000
0.0,0.000
0.0,0.000
0.0,0.000
0.0,0.000
0.0,0.000
0.0,0.000
0.0,0.000
0.0,0.000
0.0,0.000
0.0,0.000
0.0,0.000
0.0,0.000
0.0,0.000
0.0,0.000
0.0,0.000
0.0,0.000
0.0,0.000
0.0,0.000
0.0,0.000
0.0,0.000
0.0,0.000
0.0,0.000
0.0,0.000
0.0,0.000
0.0,0.000
0.0,0.000
0.0,0.000
0.0,0.000
0.0,0.000
0.0,0.000
0.0,0.000
0.0,0.000
0.0,0.000
0.0,0.000
0.0,0.000
0.0,0.000
0.0,0.000
0.0,0.000
0.0,0.000
0.0,0.000
0.0,0.005
0.0,0.005
0.0,0.005
0.0,0.005
0.0,0.005
0.0,0.005
0.0,0.005
0.0,0.005
0.0,0.005
0.0,0.005
0.0,0.005
0.0,0.005
0.0,0.005
0.0,0.005
0.0,0.005
0.0,0.005
0.0,0.005
0.0,0.005
0.0,0.005
0.0,0.005
0.0,0.005
0.0,0.005
0.0,0.005
0.0,0.005
0.0,0.005
0.0,0.005
0.0,0.005
0.0,0.005
0.0,0.005
0.0,0.005
0.0,0.005
0.0,0.005
0.0,0.005
0.0,0.005
0.0,0.005
0.0,0.005
0.0,0.005
0.0,0.005
0.0,0.005
0.0,0.005
0.0,0.005
0.0,0.005
0.0,0.005
0.0,0.005
0.0,0.005
0.0,0.005
0.0,0.005
0.0,0.005
0.0,0.005
0.0,0.005
0.0,0.005
0.0,0.005
0.0,0.005
0.0,0.005
0.0,0.005
0.0,0.005
0.0,0.005
0.0,0.005
0.0,0.005
0.0,0.005
0.0,0.005
0.0,0.005
0.0,0.005
0.0,0.005
0.0,0.005
0.0,0.005
0.0,0.005
0.0,0.005
0.0,0.005
0.0,0.005
0.0,0.005
0.0,0.005
0.0,0.005
0.0,0.005
0.0,0.005
0.0,0.005
0.0,0.005
0.0,0.005
0.0,0.005
0.0,0.005
0.0,0.005
0.0,0.005
0.0,0.005
0.0,0.005
0.0,0.005
0.0,0.005
0.0,0.005
0.0,0.005
0.0,0.005
0.0,0.005
0.0,0.005
0.0,0.005
0.0,0.005
0.0,0.005
0.0,0.005
0.0,0.005
0.0,0.005
0.0,0.005
0.0,0.005
0.0,0.005
0.0,0.005
0.0,0.005
0.0,0.005
0.0,0.005
0.0,0.005
0.0,0.005
0.0,0.005
0.0,0.005
0.0,0.005
0.0,0.005
0.0,0.005
0.0,0.005
0.0,0.005
0.0,0.005
0.0,0.005
0.0,0.005
0.0,0.005
0.0,0.005
0.0,0.005
0.0,0.005
0.0,0.005
0.0,0.005
0.0,0.005
0.0,0.005
0.0,0.005
0.0,0.005
0.0,0.005
0.0,0.005
0.0,0.005
0.0,0.005
0.0,0.005
0.0,0.005
0.0,0.005
0.0,0.005
0.0,0.005
0.0,0.005
0.0,0.005
0.0,0.005
0.0,0.005
0.0,0.005
0.0,0.005
0.0,0.005
0.0,0.005
0.0,0.005
0.0,0.005
0.0,0.005
0.0,0.005
0.0,0.005
0.0,0.005
0.0,0.005
0.0,0.005
0.0,0.005
0.0,0.005
0.0,0.005
0.0,0.005
0.0,0.005
0.0,0.005
0.0,0.005
0.0,0.005
0.0,0.005
0.0,0.005
0.0,0.005
0.0,0.005
0.0,0.005
0.0,0.005
0.0,0.005
0.0,0.005
0.0,0.005
0.0,0.005
0.0,0.005
0.0,0.005
0.0,0.005
0.0,0.005
0.0,0.005
0.0,0.005
0.0,0.005
0.0,0.005
0.0,0.005
0.0,0.005
0.0,0.005
0.0,0.005
0.0,0.005
0.0,0.005
0.0,0.005
0.0,0.005
0.0,0.005
0.0,0.005
0.0,0.005
0.0,0.005
0.0,0.005
0.0,0.005
0.0,0.005
0.0,0.005
0.0,0.005
0.0,0.005
0.0,0.005
0.0,0.005
0.0,0.005
0.0,0.005
0.0,0.005
0.0,0.005
0.0,0.005
0.0,0.005
0.0,0.005
0.0,0.005
0.0,0.005
0.0,0.005
0.0,0.005
0.0,0.005
0.0,0.005
0.0,0.005
0.0,0.005
0.0,0.005
0.0,0.005
0.0,0.005
0.0,0.005
0.0,0.005
0.0,0.005
0.0,0.005
0.0,0.005
0.0,0.005
0.0,0.005
0.0,0.005
0.0,0.005
0.0,0.005
0.0,0.005
0.0,0.005
0.0,0.005
0.0,0.005
0.0,0.005
0.0,0.005
0.0,0.005
0.0,0.005
0.0,0.005
0.0,0.005
0.0,0.005
0.0,0.005
0.0,0.005
0.0,0.005
0.0,0.005
0.0,0.005
0.0,0.005
0.0,0.005
0.0,0.005
0.0,0.005
0.0,0.005
0.0,0.005
0.0,0.005
0.0,0.005
0.0,0.005
0.0,0.005
0.0,0.005
0.0,0.005
0.0,0.005
0.0,0.005
0.0,0.005
0.0,0.005
0.0,0.005
0.0,0.005
0.0,0.005
0.0,0.005
0.0,0.005
0.0,0.005
0.0,0.005
0.0,0.005
0.0,0.005
0.0,0.005
0.0,0.005
0.0,0.005
0.0,0.005
0.0,0.005
0.0,0.005
0.0,0.005
0.0,0.005
0.0,0.005
0.0,0.005
0.0,0.005
0.0,0.005
0.0,0.005
0.0,0.005
0.0,0.005
0.0,0.005
0.0,0.005
0.0,0.005
0.0,0.005
0.0,0.005
0.0,0.005
0.0,0.005
0.0,0.005
0.0,0.005
0.0,0.005
0.0,0.005
0.0,0.005
0.0,0.005
0.0,0.005
0.0,0.005
0.0,0.005
0.0,0.005
0.0,0.005
0.0,0.005
0.0,0.005
0.0,0.005
0.0,0.005
0.0,0.005
0.0,0.005
0.0,0.005
0.0,0.005
0.0,0.005
0.0,0.005
0.0,0.005
0.0,0.005
0.0,0.005
0.0,0.005
0.0,0.005
0.0,0.005
0.0,0.005
0.0,0.005
0.0,0.005
0.0,0.005
0.0,0.005
0.0,0.005
0.0,0.005
0.0,0.005
0.0,0.005
0.0,0.005
0.0,0.005
0.0,0.005
0.0,0.005
0.0,0.005
0.0,0.005
0.0,0.005
0.0,0.005
0.0,0.005
0.0,0.005
0.0,0.005
0.0,0.005
0.0,0.005
0.0,0.005
0.0,0.005
0.0,0.005
0.0,0.005
0.0,0.005
0.0,0.005
0.0,0.005
0.0,0.005
0.0,0.005
0.0,0.005
0.0,0.005
0.0,0.005
0.0,0.005
0.0,0.005
0.0,0.005
0.0,0.005
0.0,0.005
0.0,0.005
0.0,0.005
0.0,0.005
0.0,0.005
0.0,0.005
0.0,0.005
0.0,0.005
0.0,0.005
0.0,0.005
0.0,0.005
0.0,0.005
0.0,0.005
0.0,0.005
0.0,0.005
0.0,0.005
0.0,0.005
0.0,0.005
0.0,0.005
0.0,0.005
0.0,0.005
0.0,0.005
0.0,0.005
0.0,0.005
0.0,0.005
0.0,0.005
0.0,0.005
0.0,0.005
0.0,0.005
0.0,0.005
0.0,0.005
0.0,0.005
0.0,0.005
0.0,0.005
0.0,0.005
0.0,0.005
0.0,0.005
0.0,0.005
0.0,0.005
0.0,0.005
0.0,0.005
0.0,0.005
0.0,0.005
0.0,0.005
0.0,0.005
0.0,0.005
0.0,0.005
0.0,0.005
0.0,0.005
0.0,0.005
0.0,0.005
0.0,0.005
0.0,0.005
0.0,0.005
0.0,0.005
0.0,0.005
0.0,0.005
0.0,0.005
0.0,0.005
0.0,0.005
0.0,0.005
0.0,0.005
0.0,0.005
0.0,0.005
0.0,0.005
0.0,0.005
0.0,0.005
0.0,0.005
0.0,0.005
0.0,0.005
0.0,0.005
0.0,0.005
0.0,0.005
0.0,0.005
0.0,0.005
0.0,0.005
0.0,0.005
0.0,0.005
0.0,0.005
0.0,0.005
0.0,0.005
0.0,0.005
0.0,0.005
0.0,0.005
0.0,0.005
0.0,0.005
0.0,0.005
0.0,0.005
0.0,0.005
0.0,0.005
0.0,0.005
0.0,0.005
0.0,0.005
0.0,0.005
0.0,0.005
0.0,0.005
0.0,0.005
0.0,0.005
0.0,0.005
0.0,0.005
0.0,0.005
0.0,0.005
0.0,0.005
0.0,0.005
0.0,0.005
0.0,0.005
0.0,0.005
0.0,0.005
0.0,0.005
0.0,0.005
0.0,0.005
0.0,0.005
0.0,0.005
0.0,0.005
0.0,0.005
0.0,0.005
0.0,0.005
0.0,0.005
0.0,0.005
0.0,0.005
0.0,0.005
0.0,0.005
0.0,0.005
0.0,0.005
0.0,0.005
0.0,0.005
0.0,0.005
0.0,0.005
0.0,0.005
0.0,0.005
0.0,0.005
0.0,0.005
0.0,0.005
0.0,0.005
0.0,0.005
0.0,0.005
0.0,0.005
0.0,0.005
0.0,0.005
0.0,0.005
0.0,0.005
0.0,0.005
0.0,0.005
0.0,0.005
0.0,0.005
0.0,0.005
0.0,0.005
0.0,0.005
0.0,0.005
0.0,0.005
0.0,0.005
0.0,0.005
0.0,0.005
0.0,0.005
0.0,0.005
0.0,0.005
0.0,0.005
0.0,0.005
0.0,0.005
0.0,0.005
0.0,0.005
0.0,0.005
0.0,0.005
0.0,0.005
0.0,0.005
0.0,0.005
0.0,0.005
0.0,0.005
0.0,0.005
0.0,0.005
0.0,0.005
0.0,0.005
0.0,0.005
0.0,0.005
0.0,0.005
0.0,0.005
0.0,0.005
0.0,0.005
0.0,0.005
0.0,0.005
0.0,0.005
0.0,0.005
0.0,0.005
0.0,0.005
0.0,0.005
0.0,0.005
0.0,0.005
0.0,0.005
0.0,0.005
0.0,0.005
0.0,0.005
0.0,0.005
0.0,0.005
0.0,0.005
0.0,0.005
0.0,0.005
0.0,0.005
0.0,0.005
0.0,0.005
0.0,0.005
0.0,0.005
0.0,0.005
0.0,0.005
0.0,0.005
0.0,0.005
0.0,0.005
0.0,0.005
0.0,0.005
0.0,0.005
0.0,0.005
0.0,0.005
0.0,0.005
0.0,0.005
0.0,0.005
0.0,0.005
0.0,0.005
0.0,0.005
0.0,0.005
0.0,0.005
0.0,0.005
0.0,0.005
0.0,0.005
0.0,0.005
0.0,0.005
0.0,0.005
0.0,0.005
0.0,0.005
0.0,0.005
0.0,0.005
0.0,0.005
0.0,0.005
0.0,0.005
0.0,0.005
0.0,0.005
0.0,0.005
0.0,0.005
0.0,0.005
0.0,0.005
0.0,0.005
0.0,0.005
0.0,0.005
0.0,0.005
0.0,0.005
0.0,0.005
0.0,0.005
0.0,0.005
0.0,0.005
0.0,0.005
0.0,0.005
0.0,0.005
0.0,0.005
0.0,0.005
0.0,0.005
0.0,0.005
0.0,0.005
0.0,0.005
0.0,0.005
0.0,0.005
0.0,0.005
0.0,0.005
0.0,0.005
0.0,0.005
0.0,0.005
0.0,0.005
0.0,0.005
0.0,0.005
0.0,0.005
0.0,0.005
0.0,0.005
0.0,0.005
0.0,0.005
0.0,0.005
0.0,0.005
0.0,0.005
0.0,0.005
0.0,0.005
0.0,0.005
0.0,0.005
0.0,0.005
0.0,0.005
0.0,0.005
0.0,0.005
0.0,0.005
0.0,0.005
0.0,0.005
0.0,0.005
0.0,0.005
0.0,0.005
0.0,0.005
0.0,0.005
0.0,0.005
0.0,0.005
0.0,0.005
0.0,0.005
0.0,0.005
0.0,0.005
0.0,0.005
0.0,0.005
0.0,0.005
0.0,0.005
0.0,0.005
0.0,0.005
0.0,0.005
0.0,0.005
0.0,0.005
0.0,0.005
0.0,0.005
0.0,0.005
0.0,0.005
0.0,0.005
0.0,0.005
0.0,0.005
0.0,0.005
0.0,0.005
0.0,0.005
0.0,0.005
0.0,0.005
0.0,0.005
0.0,0.005
0.0,0.005
0.0,0.005
0.0,0.005
0.0,0.005
0.0,0.005
0.0,0.005
0.0,0.005
0.0,0.005
0.0,0.005
0.0,0.005
0.0,0.005
0.0,0.005
0.0,0.005
0.0,0.005
0.0,0.005
0.0,0.005
0.0,0.005
0.0,0.005
0.0,0.005
0.0,0.005
0.0,0.005
0.0,0.005
0.0,0.005
0.0,0.005
0.0,0.005
0.0,0.005
0.0,0.005
0.0,0.005
0.0,0.005
0.0,0.005
0.0,0.005
0.0,0.005
0.0,0.005
0.0,0.005
0.0,0.005
0.0,0.005
0.0,0.005
0.0,0.005
0.0,0.005
0.0,0.005
0.0,0.005
0.0,0.005
0.0,0.005
0.0,0.005
0.0,0.005
0.0,0.005
0.0,0.005
0.0,0.005
0.0,0.005
0.0,0.005
0.0,0.005
0.0,0.005
0.0,0.005
0.0,0.005
0.0,0.005
0.0,0.005
0.0,0.005
0.0,0.005
0.0,0.005
0.0,0.005
0.0,0.005
0.0,0.005
0.0,0.005
0.0,0.005
0.0,0.005
0.0,0.005
0.0,0.005
0.0,0.005
0.0,0.005
0.0,0.005
0.0,0.005
0.0,0.005
0.0,0.005
0.0,0.005
0.0,0.005
0.0,0.005
0.0,0.005
0.0,0.005
0.0,0.005
0.0,0.005
0.0,0.005
0.0,0.005
0.0,0.005
0.0,0.005
0.0,0.005
0.0,0.005
0.0,0.005
0.0,0.005
0.0,0.005
0.0,0.005
0.0,0.005
0.0,0.005
0.0,0.005
0.0,0.005
0.0,0.005
0.0,0.005
0.0,0.005
0.0,0.010
0.0,0.010
0.0,0.010
0.0,0.010
0.0,0.010
0.0,0.010
0.0,0.010
0.0,0.010
0.0,0.010
0.0,0.010
0.0,0.010
0.0,0.010
0.0,0.010
0.0,0.010
0.0,0.010
0.0,0.010
0.0,0.010
0.0,0.010
0.0,0.010
0.0,0.010
0.0,0.010
0.0,0.010
0.0,0.010
0.0,0.010
0.0,0.010
0.0,0.010
0.0,0.010
0.0,0.010
0.0,0.010
0.0,0.010
0.0,0.010
0.0,0.010
0.0,0.010
0.0,0.010
0.0,0.010
0.0,0.010
0.0,0.010
0.0,0.010
0.0,0.010
0.0,0.010
0.0,0.010
0.0,0.010
0.0,0.010
0.0,0.010
0.0,0.010
0.0,0.010
0.0,0.010
0.0,0.010
0.0,0.010
0.0,0.010
0.0,0.010
0.0,0.010
0.0,0.010
0.0,0.010
0.0,0.010
0.0,0.010
0.0,0.010
0.0,0.010
0.0,0.010
0.0,0.010
0.0,0.010
0.0,0.010
0.0,0.010
0.0,0.010
0.0,0.010
0.0,0.010
0.0,0.010
0.0,0.010
0.0,0.010
0.0,0.010
0.0,0.010
0.0,0.010
0.0,0.010
0.0,0.010
0.0,0.010
0.0,0.010
0.0,0.010
0.0,0.010
0.0,0.010
0.0,0.010
0.0,0.010
0.0,0.010
0.0,0.010
0.0,0.010
0.0,0.010
0.0,0.010
0.0,0.010
0.1,0.010
0.1,0.010
0.1,0.010
0.1,0.010
0.1,0.010
0.1,0.010
0.1,0.010
0.0,0.010
0.0,0.010
0.0,0.010
-0.1,0.010
0.0,0.010
0.0,0.010
0.0,0.010
0.0,0.010
0.0,0.010
0.0,0.010
0.1,0.010
0.1,0.010
0.1,0.010
0.1,0.010
0.1,0.010
0.1,0.010
0.1,0.010
0.1,0.010
0.1,0.010
0.1,0.010
0.1,0.010
0.0,0.010
-0.1,0.010
-0.1,0.010
-0.1,0.010
-0.1,0.010
-0.1,0.010
-0.1,0.010
-0.1,0.010
-0.1,0.010
-0.1,0.010
0.1,0.010
0.1,0.010
0.1,0.010
0.0,0.010
0.0,0.010
0.1,0.010
0.1,0.010
0.1,0.010
0.1,0.010
0.1,0.010
0.1,0.010
0.1,0.010
0.1,0.010
-0.1,0.010
-0.1,0.010
-0.1,0.010
-0.1,0.010
-0.1,0.010
-0.1,0.010
-0.1,0.010
0.0,0.010
0.0,0.010
0.1,0.010
0.1,0.010
0.1,0.010
0.1,0.010
0.1,0.010
0.1,0.010
0.0,0.010
0.0,0.010
0.0,0.010
0.0,0.010
-0.1,0.010
-0.1,0.010
-0.1,0.010
-0.1,0.010
-0.1,0.010
-0.1,0.010
-0.1,0.010
-0.1,0.010
-0.1,0.010
-0.1,0.010
-0.1,0.010
-0.1,0.010
0.0,0.010
0.0,0.010
0.0,0.010
0.0,0.010
0.0,0.010
0.0,0.010
0.0,0.010
0.0,0.010
0.0,0.010
0.0,0.010
0.0,0.010
0.0,0.010
0.0,0.010
0.0,0.010
0.0,0.010
0.0,0.010
0.0,0.010
0.1,0.010
0.0,0.010
0.0,0.010
0.0,0.010
0.0,0.010
0.0,0.010
0.0,0.010
0.0,0.010
0.0,0.010
0.0,0.010
0.0,0.010
0.0,0.010
0.0,0.010
0.0,0.010
0.0,0.010
0.0,0.010
0.0,0.010
0.0,0.010
0.0,0.010
0.0,0.010
0.0,0.010
0.0,0.010
0.0,0.010
0.0,0.010
0.0,0.010
0.0,0.010
0.0,0.010
0.0,0.010
0.0,0.010
0.0,0.010
0.0,0.010
0.0,0.010
0.0,0.010
0.0,0.010
0.0,0.010
0.0,0.010
0.0,0.010
0.0,0.010
0.0,0.010
0.0,0.010
0.0,0.010
0.0,0.010
0.0,0.010
0.0,0.010
0.0,0.010
0.0,0.010
0.0,0.010
0.0,0.010
0.0,0.010
0.0,0.010
0.0,0.010
0.0,0.010
0.0,0.010
0.0,0.010
0.0,0.010
0.0,0.010
0.0,0.010
0.0,0.010
0.0,0.010
0.0,0.010
0.0,0.010
0.0,0.010
0.0,0.010
0.0,0.010
0.0,0.010
0.0,0.010
0.0,0.010
0.0,0.010
0.0,0.010
0.0,0.010
0.0,0.010
0.0,0.010
0.0,0.010
0.0,0.010
0.0,0.010
0.0,0.010
0.0,0.010
0.0,0.010
0.0,0.010
0.0,0.010
0.0,0.010
0.0,0.010
0.0,0.010
0.0,0.010
0.0,0.010
0.0,0.010
0.0,0.010
0.0,0.010
0.0,0.010
0.0,0.010
0.0,0.010
0.0,0.010
0.0,0.010
0.0,0.010
0.0,0.010
0.0,0.010
0.0,0.010
0.0,0.010
0.0,0.010
0.0,0.010
0.0,0.010
0.0,0.010
0.0,0.010
0.0,0.010
0.0,0.010
0.0,0.010
0.0,0.010
0.0,0.010
0.0,0.010
0.0,0.010
0.0,0.010
0.0,0.010
0.0,0.010
0.0,0.010
0.0,0.010
0.0,0.010
0.0,0.010
0.0,0.010
0.0,0.010
0.0,0.010
0.0,0.010
0.0,0.010
0.0,0.010
0.0,0.010
0.0,0.010
0.0,0.010
0.0,0.010
0.0,0.010
0.0,0.010
0.0,0.010
0.0,0.010
0.0,0.010
0.0,0.010
0.0,0.010
0.0,0.010
0.0,0.010
0.0,0.010
0.0,0.010
0.0,0.010
0.0,0.010
0.0,0.010
0.0,0.010
0.0,0.010
0.0,0.010
0.0,0.010
0.0,0.010
0.0,0.010
0.0,0.010
0.0,0.010
0.0,0.010
0.0,0.010
0.0,0.010
0.0,0.010
0.0,0.010
0.0,0.010
0.0,0.015
0.0,0.015
0.0,0.015
0.0,0.015
0.0,0.015
0.0,0.015
0.0,0.015
0.0,0.015
0.0,0.015
0.0,0.015
0.0,0.015
0.0,0.015
0.0,0.015
0.0,0.015
0.0,0.015
0.0,0.015
0.0,0.015
0.0,0.015
0.0,0.015
0.0,0.015
0.0,0.015
0.0,0.015
0.0,0.015
0.0,0.015
0.0,0.015
0.0,0.015
0.0,0.015
0.0,0.015
0.0,0.015
0.0,0.015
0.0,0.015
0.0,0.015
0.0,0.015
0.0,0.015
0.0,0.015
0.0,0.015
0.0,0.015
0.0,0.015
0.0,0.015
0.0,0.015
0.0,0.015
0.0,0.015
0.0,0.015
0.0,0.015
0.0,0.015
0.0,0.015
0.0,0.015
0.0,0.015
0.0,0.015
0.0,0.015
0.0,0.015
0.0,0.015
0.0,0.015
0.0,0.015
0.0,0.015
0.0,0.015
0.0,0.015
0.0,0.015
0.0,0.015
0.0,0.015
0.0,0.015
0.0,0.015
0.0,0.015
0.0,0.015
0.0,0.015
0.0,0.015
0.0,0.015
0.0,0.015
0.0,0.015
0.0,0.015
0.0,0.015
0.0,0.015
0.0,0.015
0.0,0.015
0.0,0.015
0.0,0.015
0.0,0.015
0.0,0.015
0.0,0.015
0.0,0.015
0.0,0.015
0.0,0.015
0.0,0.015
0.0,0.015
0.0,0.015
0.0,0.015
0.0,0.015
0.0,0.015
0.0,0.015
0.0,0.015
0.0,0.015
0.0,0.015
0.0,0.015
0.0,0.015
0.0,0.015
0.0,0.015
0.0,0.015
0.0,0.015
0.0,0.015
0.0,0.015
0.0,0.015
0.0,0.015
0.0,0.015
0.0,0.015
0.0,0.015
0.0,0.015
0.0,0.015
0.0,0.015
0.0,0.015
0.0,0.015
0.0,0.015
-0.1,0.015
0.0,0.015
0.0,0.015
0.0,0.015
0.0,0.015
0.0,0.015
0.0,0.015
0.0,0.015
0.0,0.015
0.0,0.015
0.0,0.015
0.0,0.015
0.0,0.015
0.0,0.015
0.0,0.015
0.0,0.015
0.0,0.015
0.0,0.015
0.0,0.015
0.0,0.015
0.0,0.015
0.0,0.015
0.0,0.015
0.0,0.015
0.0,0.015
0.0,0.015
0.0,0.015
0.0,0.015
0.0,0.015
0.0,0.015
0.0,0.015
0.0,0.015
0.0,0.015
0.0,0.015
0.0,0.015
0.0,0.015
0.0,0.015
0.0,0.015
0.0,0.015
0.0,0.015
0.0,0.015
0.0,0.015
0.0,0.015
0.0,0.015
0.0,0.015
0.0,0.015
0.0,0.015
0.0,0.015
0.0,0.015
0.0,0.015
0.0,0.015
0.0,0.015
0.0,0.015
0.0,0.015
0.0,0.015
0.0,0.015
0.0,0.015
0.0,0.015
0.0,0.015
0.0,0.015
0.0,0.015
0.0,0.015
0.0,0.015
0.0,0.015
0.0,0.015
0.0,0.015
0.0,0.015
0.0,0.015
0.0,0.015
0.0,0.015
0.0,0.015
0.0,0.015
0.0,0.015
0.0,0.015
0.0,0.015
0.0,0.015
0.0,0.015
0.0,0.015
0.0,0.015
0.0,0.015
0.0,0.015
0.0,0.015
0.0,0.015
0.0,0.015
0.0,0.015
0.0,0.015
0.0,0.015
0.0,0.015
0.0,0.015
0.0,0.015
0.0,0.015
0.0,0.015
0.0,0.015
0.0,0.015
0.0,0.015
0.0,0.015
0.0,0.015
0.0,0.015
0.0,0.015
0.0,0.015
0.0,0.015
0.0,0.015
0.0,0.015
0.0,0.015
0.0,0.015
0.0,0.015
0.0,0.015
0.0,0.015
0.0,0.015
0.0,0.015
0.0,0.015
0.0,0.015
0.0,0.015
0.0,0.015
0.0,0.015
0.0,0.015
0.0,0.015
0.0,0.015
0.0,0.015
0.0,0.015
0.0,0.015
0.0,0.015
0.0,0.015
0.0,0.015
0.0,0.015
0.0,0.015
0.0,0.015
0.0,0.015
0.0,0.015
0.0,0.015
0.0,0.015
0.0,0.020
0.0,0.020
0.0,0.020
0.0,0.020
0.0,0.020
0.0,0.020
0.0,0.020
0.0,0.020
0.0,0.020
0.0,0.020
0.0,0.020
0.0,0.020
0.0,0.020
0.0,0.020
0.0,0.020
0.0,0.020
0.0,0.020
0.0,0.020
0.0,0.020
0.0,0.020
0.0,0.020
0.0,0.020
0.0,0.020
0.0,0.020
0.0,0.020
0.0,0.020
0.0,0.020
0.0,0.020
0.0,0.020
0.0,0.020
0.0,0.020
0.0,0.020
0.0,0.020
0.0,0.020
0.0,0.020
0.0,0.020
0.0,0.020
0.0,0.020
0.0,0.020
0.0,0.020
0.0,0.020
0.0,0.020
0.0,0.020
0.0,0.020
0.0,0.020
0.0,0.020
0.0,0.020
0.0,0.020
0.0,0.020
0.0,0.020
0.0,0.020
0.0,0.020
0.0,0.020
0.0,0.020
0.0,0.020
0.0,0.020
0.0,0.020
0.0,0.020
0.0,0.020
0.0,0.020
0.0,0.020
0.0,0.020
0.0,0.020
0.0,0.020
0.0,0.020
0.0,0.020
0.0,0.020
0.0,0.020
0.0,0.020
0.0,0.020
0.0,0.020
0.0,0.020
0.0,0.020
0.0,0.020
0.0,0.020
0.0,0.020
0.0,0.020
0.0,0.020
0.0,0.020
0.0,0.020
0.0,0.020
0.0,0.020
0.0,0.020
0.0,0.020
0.0,0.020
0.0,0.020
0.0,0.020
0.0,0.020
0.0,0.020
0.0,0.020
0.0,0.020
0.0,0.020
0.0,0.020
0.0,0.020
0.0,0.020
0.0,0.020
0.0,0.020
0.0,0.020
0.0,0.020
0.0,0.020
0.0,0.020
0.0,0.020
0.0,0.020
0.0,0.020
0.0,0.020
0.0,0.020
0.0,0.020
0.0,0.020
0.0,0.020
0.0,0.020
0.0,0.020
0.0,0.020
0.0,0.020
0.0,0.020
0.0,0.020
0.0,0.020
0.0,0.020
0.0,0.020
0.0,0.020
0.0,0.020
0.0,0.020
0.0,0.020
0.0,0.020
0.0,0.020
0.0,0.020
0.0,0.020
0.0,0.020
0.0,0.020
0.0,0.020
0.0,0.020
0.0,0.020
0.0,0.020
0.0,0.020
0.0,0.020
0.0,0.020
0.0,0.020
0.0,0.020
0.0,0.020
-0.1,0.020
-0.1,0.020
-0.1,0.020
-0.1,0.020
-0.1,0.020
-0.1,0.020
0.0,0.020
0.0,0.020
0.0,0.020
0.0,0.020
0.0,0.020
0.0,0.020
0.0,0.020
0.0,0.020
0.0,0.020
0.0,0.020
0.0,0.020
0.0,0.020
0.0,0.020
0.0,0.020
0.0,0.020
0.0,0.020
0.0,0.020
0.0,0.020
0.0,0.020
0.0,0.020
0.0,0.020
0.0,0.020
0.0,0.020
0.0,0.020
0.0,0.020
0.0,0.020
0.0,0.020
0.0,0.020
0.0,0.020
0.0,0.020
0.0,0.020
0.0,0.020
0.0,0.020
0.0,0.020
0.0,0.020
0.0,0.020
0.0,0.020
0.0,0.020
0.0,0.020
0.0,0.020
0.0,0.020
0.0,0.020
0.0,0.020
0.0,0.020
0.0,0.020
0.0,0.020
0.0,0.020
0.0,0.020
0.0,0.020
0.0,0.020
0.0,0.020
0.0,0.020
0.0,0.020
0.0,0.020
0.0,0.020
0.0,0.020
0.0,0.020
0.0,0.020
0.0,0.020
0.0,0.020
0.0,0.020
0.0,0.020
0.0,0.020
0.0,0.020
0.0,0.020
0.0,0.020
0.0,0.020
0.0,0.020
0.0,0.020
0.0,0.020
0.0,0.020
0.0,0.020
0.0,0.020
0.0,0.020
0.0,0.020
0.0,0.020
0.0,0.020
0.0,0.020
0.0,0.020
0.0,0.020
0.0,0.020
0.0,0.020
0.0,0.020
0.0,0.020
0.0,0.020
0.0,0.020
0.0,0.020
0.0,0.020
0.0,0.020
0.0,0.020
0.0,0.020
0.0,0.020
0.0,0.020
0.0,0.020
0.0,0.025
0.0,0.025
0.0,0.025
0.0,0.025
0.0,0.025
0.0,0.025
0.0,0.025
0.0,0.025
0.0,0.025
0.0,0.025
0.0,0.025
0.0,0.025
0.0,0.025
0.0,0.025
0.0,0.025
0.0,0.025
0.0,0.025
0.0,0.025
0.0,0.025
0.0,0.025
0.0,0.025
0.0,0.025
0.0,0.025
0.0,0.025
0.0,0.025
0.0,0.025
0.0,0.025
0.0,0.025
0.0,0.025
0.0,0.025
0.0,0.025
0.0,0.025
0.0,0.025
0.0,0.025
0.0,0.025
0.0,0.025
0.0,0.025
0.0,0.025
0.0,0.025
0.0,0.025
0.0,0.025
0.0,0.025
0.0,0.025
0.0,0.025
0.0,0.025
0.0,0.025
0.0,0.025
0.0,0.025
0.0,0.025
0.0,0.025
0.0,0.025
0.0,0.025
0.0,0.025
0.0,0.025
0.0,0.025
0.0,0.025
0.0,0.025
0.0,0.025
0.0,0.025
0.0,0.025
0.0,0.025
0.0,0.025
0.0,0.025
0.0,0.025
0.0,0.025
0.0,0.025
0.0,0.025
0.0,0.025
0.0,0.025
0.0,0.025
0.0,0.025
0.0,0.025
0.0,0.025
0.0,0.025
0.0,0.025
0.0,0.025
0.0,0.025
0.0,0.025
0.0,0.025
0.0,0.025
0.0,0.025
0.0,0.025
0.0,0.025
0.0,0.025
0.0,0.025
0.0,0.025
0.0,0.025
0.0,0.025
0.0,0.025
0.0,0.025
0.0,0.025
-0.1,0.025
0.0,0.025
-0.1,0.025
-0.1,0.025
-0.1,0.025
-0.1,0.025
-0.1,0.025
-0.1,0.025
-0.1,0.025
-0.1,0.025
-0.1,0.025
-0.1,0.025
-0.1,0.030
0.0,0.030
0.0,0.030
0.0,0.030
0.0,0.030
0.0,0.030
0.0,0.030
0.0,0.030
0.0,0.030
0.0,0.030
0.0,0.030
0.0,0.030
0.0,0.030
0.0,0.030
0.0,0.030
0.0,0.030
0.0,0.030
0.0,0.030
0.0,0.030
0.0,0.030
0.0,0.030
0.0,0.030
0.0,0.030
0.0,0.030
0.0,0.030
0.0,0.030
0.0,0.030
0.0,0.030
0.0,0.030
0.0,0.030
0.0,0.030
0.0,0.030
0.0,0.030
0.0,0.030
0.0,0.030
0.0,0.030
0.0,0.030
0.0,0.030
0.0,0.030
0.0,0.030
0.0,0.030
0.0,0.030
0.0,0.030
0.0,0.030
0.0,0.030
0.0,0.030
0.0,0.030
0.0,0.030
0.0,0.030
0.0,0.030
0.0,0.030
0.0,0.030
0.0,0.030
0.0,0.030
0.0,0.030
0.0,0.030
0.0,0.030
0.0,0.030
0.0,0.030
-0.1,0.030
-0.1,0.030
-0.1,0.030
0.0,0.030
0.0,0.030
0.0,0.030
0.0,0.030
0.0,0.030
0.0,0.030
0.0,0.030
0.0,0.030
0.0,0.030
0.0,0.030
0.0,0.030
0.0,0.030
0.0,0.030
0.0,0.030
0.0,0.030
0.0,0.030
0.0,0.030
0.0,0.030
0.0,0.030
0.0,0.030
0.0,0.030
0.0,0.030
0.0,0.030
0.0,0.035
0.0,0.035
0.0,0.035
0.0,0.035
0.0,0.035
0.0,0.035
0.0,0.035
0.0,0.035
0.0,0.035
0.0,0.035
0.0,0.035
0.0,0.035
0.0,0.035
0.0,0.035
0.0,0.035
0.0,0.035
0.0,0.035
0.0,0.035
0.0,0.035
0.0,0.035
0.0,0.035
0.0,0.035
0.0,0.035
0.0,0.035
0.0,0.035
0.0,0.035
0.0,0.035
0.0,0.035
0.0,0.035
0.0,0.035
0.0,0.035
0.0,0.035
0.0,0.035
0.0,0.035
0.0,0.035
0.0,0.035
0.0,0.035
0.0,0.035
0.0,0.035
0.0,0.035
0.0,0.035
0.0,0.035
0.0,0.035
0.0,0.035
0.0,0.035
0.0,0.035
0.0,0.035
0.0,0.035
0.0,0.035
0.0,0.035
0.0,0.035
0.0,0.035
0.0,0.035
0.0,0.035
0.0,0.035
0.0,0.035
0.0,0.035
0.0,0.035
0.0,0.035
0.0,0.035
0.0,0.035
0.0,0.035
0.0,0.040
0.0,0.040
0.0,0.040
0.0,0.040
0.0,0.040
0.0,0.040
0.0,0.040
0.0,0.040
0.0,0.040
0.0,0.040
0.0,0.040
0.0,0.040
0.0,0.040
0.0,0.040
0.0,0.040
0.0,0.040
0.0,0.040
0.0,0.040
0.0,0.040
0.0,0.040
0.0,0.040
0.0,0.040
0.0,0.040
0.0,0.040
0.0,0.040
0.0,0.040
0.0,0.040
0.0,0.040
0.0,0.040
0.0,0.040
0.0,0.040
0.0,0.040
0.0,0.040
0.0,0.040
0.0,0.040
0.0,0.040
0.0,0.040
0.0,0.040
0.0,0.040
0.0,0.040
0.0,0.040
0.0,0.040
0.0,0.040
0.0,0.040
0.0,0.040
0.0,0.040
0.0,0.040
0.0,0.045
0.0,0.045
0.0,0.045
0.0,0.045
0.0,0.045
0.0,0.045
0.0,0.045
0.0,0.045
0.0,0.045
0.0,0.045
0.0,0.045
0.0,0.045
0.0,0.045
0.0,0.045
0.0,0.045
0.0,0.045
0.0,0.045
0.0,0.045
0.0,0.045
0.0,0.045
0.0,0.045
0.0,0.045
0.0,0.045
0.0,0.045
0.0,0.045
0.0,0.045
0.0,0.045
0.0,0.045
0.0,0.045
0.0,0.045
0.0,0.045
0.0,0.045
0.0,0.045
0.0,0.045
0.0,0.045
0.0,0.045
0.0,0.045
0.0,0.045
0.0,0.045
0.0,0.045
0.0,0.045
0.0,0.045
0.0,0.045
0.0,0.045
0.0,0.045
0.0,0.045
0.0,0.045
0.0,0.045
0.0,0.050
0.0,0.050
0.0,0.050
0.0,0.050
0.0,0.050
0.0,0.050
0.0,0.050
0.0,0.050
0.0,0.050
0.0,0.050
0.0,0.050
0.0,0.050
0.0,0.050
0.0,0.050
0.0,0.050
0.0,0.050
0.0,0.050
0.0,0.050
0.0,0.050
-0.1,0.050
-0.1,0.050
-0.1,0.050
-0.1,0.050
-0.1,0.050
-0.1,0.050
-0.1,0.050
-0.1,0.050
-0.1,0.050
-0.1,0.050
0.0,0.050
0.0,0.050
0.0,0.050
0.0,0.050
0.0,0.050
0.0,0.050
0.0,0.050
0.0,0.050
0.0,0.050
0.0,0.050
0.0,0.050
0.0,0.050
0.0,0.050
0.0,0.050
0.0,0.050
-0.1,0.050
-0.1,0.050
-0.1,0.050
-0.1,0.050
-0.1,0.050
-0.1,0.050
0.0,0.050
0.1,0.050
0.0,0.055
0.0,0.055
0.0,0.055
0.0,0.055
0.0,0.055
0.0,0.055
0.0,0.055
0.0,0.055
0.0,0.055
0.0,0.055
0.0,0.055
0.0,0.055
0.0,0.055
0.0,0.055
0.0,0.055
0.0,0.055
0.0,0.055
0.0,0.055
0.1,0.055
0.1,0.055
0.1,0.055
0.1,0.055
0.1,0.055
0.1,0.055
0.1,0.055
0.1,0.055
0.1,0.055
0.1,0.055
0.1,0.055
-0.1,0.055
0.0,0.055
0.0,0.055
0.0,0.055
0.0,0.055
0.0,0.055
0.0,0.055
0.1,0.055
0.0,0.055
0.0,0.055
0.0,0.055
0.0,0.055
0.0,0.055
0.0,0.055
0.0,0.055
0.0,0.055
0.0,0.055
0.0,0.055
0.0,0.055
0.0,0.055
0.0,0.055
0.0,0.055
0.0,0.055
0.0,0.055
0.0,0.055
0.0,0.055
0.0,0.055
0.0,0.055
0.0,0.055
0.0,0.055
0.0,0.055
0.0,0.055
0.0,0.055
0.0,0.060
0.0,0.060
0.0,0.060
0.0,0.060
0.0,0.060
0.0,0.060
0.0,0.060
0.0,0.060
0.0,0.060
0.0,0.060
-0.1,0.060
-0.1,0.060
-0.1,0.060
-0.1,0.060
-0.1,0.060
-0.1,0.060
-0.1,0.060
-0.1,0.060
-0.1,0.060
0.0,0.060
0.0,0.060
0.0,0.060
0.0,0.060
0.0,0.060
0.0,0.060
0.0,0.060
0.0,0.060
0.0,0.060
0.0,0.060
0.0,0.060
0.0,0.060
0.0,0.060
0.0,0.060
0.0,0.060
0.0,0.060
0.0,0.060
0.0,0.060
0.0,0.060
0.0,0.060
0.0,0.060
0.0,0.060
0.0,0.060
0.0,0.060
0.0,0.060
0.0,0.060
0.0,0.060
0.0,0.060
0.0,0.060
0.0,0.060
0.0,0.060
0.0,0.060
0.0,0.060
0.0,0.060
0.0,0.060
0.0,0.060
0.0,0.060
0.0,0.060
0.0,0.060
0.0,0.060
0.0,0.060
0.0,0.060
0.0,0.060
0.0,0.060
0.0,0.060
0.0,0.060
0.0,0.060
0.0,0.065
0.0,0.065
0.0,0.065
0.0,0.065
0.0,0.065
0.0,0.065
0.0,0.065
0.0,0.065
0.0,0.065
0.0,0.065
0.0,0.065
0.0,0.065
0.0,0.065
0.0,0.065
0.0,0.065
0.0,0.065
0.0,0.065
0.0,0.065
0.0,0.065
0.0,0.065
0.0,0.065
0.0,0.065
0.0,0.065
0.0,0.065
0.0,0.065
0.0,0.065
0.0,0.065
0.0,0.065
0.0,0.065
0.0,0.065
0.0,0.065
0.0,0.065
0.0,0.065
0.0,0.065
0.0,0.065
0.0,0.065
0.0,0.065
0.0,0.065
0.0,0.065
0.0,0.065
0.0,0.065
0.0,0.065
0.0,0.065
0.0,0.065
0.0,0.065
0.0,0.065
0.0,0.065
0.0,0.065
0.0,0.065
0.0,0.065
0.0,0.065
0.1,0.065
0.1,0.065
0.1,0.065
0.1,0.065
0.0,0.065
0.0,0.065
0.0,0.065
0.0,0.065
0.0,0.065
0.0,0.065
0.0,0.065
0.0,0.065
0.0,0.065
0.0,0.065
0.0,0.065
0.0,0.065
0.0,0.065
0.0,0.065
0.0,0.065
0.0,0.065
0.0,0.065
0.0,0.070
0.0,0.070
0.0,0.070
0.0,0.070
0.0,0.070
0.0,0.070
0.0,0.070
0.0,0.070
0.0,0.070
0.0,0.070
0.0,0.070
0.0,0.070
0.0,0.070
0.0,0.070
0.0,0.070
0.0,0.070
0.0,0.070
0.0,0.070
0.0,0.070
0.0,0.070
0.0,0.070
0.0,0.070
0.0,0.070
0.0,0.070
0.0,0.070
0.0,0.070
0.0,0.070
0.0,0.070
0.0,0.070
0.0,0.070
0.0,0.070
0.0,0.070
0.0,0.070
0.0,0.070
0.0,0.070
0.0,0.070
0.0,0.070
0.0,0.070
0.0,0.070
0.0,0.070
0.0,0.070
0.0,0.070
0.0,0.070
0.0,0.070
0.0,0.070
0.0,0.070
0.0,0.070
0.0,0.070
0.0,0.070
0.0,0.070
0.0,0.070
0.0,0.070
0.0,0.070
0.0,0.070
0.0,0.070
0.0,0.070
0.0,0.070
0.0,0.070
0.0,0.070
0.0,0.070
0.0,0.070
0.0,0.070
0.0,0.070
0.0,0.070
0.0,0.070
0.0,0.070
0.0,0.070
0.0,0.070
0.0,0.070
0.0,0.070
0.1,0.075
0.1,0.075
0.1,0.075
0.1,0.075
0.1,0.075
0.1,0.075
0.0,0.075
0.0,0.075
0.0,0.075
0.0,0.075
0.0,0.075
0.0,0.075
0.0,0.075
0.0,0.075
0.0,0.075
0.0,0.075
0.0,0.075
0.0,0.075
0.0,0.075
0.0,0.075
0.0,0.075
0.0,0.075
0.0,0.075
0.0,0.075
0.0,0.075
0.0,0.075
0.0,0.075
0.0,0.075
0.0,0.075
0.0,0.075
-0.1,0.075
-0.1,0.075
-0.1,0.075
-0.1,0.075
-0.1,0.075
-0.1,0.075
-0.1,0.075
0.0,0.075
0.0,0.075
0.0,0.075
0.0,0.075
0.0,0.075
0.0,0.075
0.0,0.075
0.0,0.075
0.0,0.075
0.0,0.075
0.0,0.075
0.0,0.075
0.0,0.075
0.0,0.075
0.0,0.075
0.0,0.075
0.0,0.075
0.0,0.075
0.0,0.075
0.0,0.075
0.0,0.075
0.0,0.075
0.0,0.075
0.0,0.075
0.0,0.075
0.0,0.075
0.0,0.075
0.0,0.075
0.0,0.075
0.0,0.075
0.0,0.075
0.0,0.075
0.0,0.075
0.0,0.080
0.0,0.080
0.0,0.080
0.0,0.080
0.0,0.080
0.0,0.080
0.0,0.080
0.0,0.080
0.0,0.080
0.0,0.080
0.0,0.080
0.0,0.080
0.0,0.080
0.0,0.080
0.0,0.080
0.0,0.080
0.0,0.080
0.0,0.080
0.0,0.080
0.0,0.080
0.0,0.080
0.0,0.080
0.0,0.080
0.0,0.080
0.0,0.080
0.0,0.080
0.0,0.080
0.0,0.080
0.0,0.080
0.0,0.080
0.0,0.080
0.0,0.080
0.0,0.080
0.0,0.080
0.0,0.080
0.0,0.080
0.0,0.080
0.0,0.080
0.0,0.080
0.0,0.080
0.0,0.080
0.0,0.080
0.0,0.080
0.0,0.080
0.0,0.080
0.0,0.080
0.0,0.080
0.0,0.080
0.0,0.080
0.0,0.080
0.0,0.080
0.0,0.080
0.0,0.080
0.0,0.080
0.0,0.080
0.0,0.080
0.0,0.080
0.0,0.080
0.0,0.080
0.0,0.080
0.0,0.080
0.0,0.080
0.0,0.080
0.0,0.085
0.0,0.085
0.0,0.085
0.0,0.085
0.0,0.085
0.0,0.085
0.0,0.085
0.0,0.085
0.0,0.085
0.0,0.085
0.0,0.085
0.0,0.085
0.0,0.085
0.0,0.085
0.0,0.085
0.0,0.085
0.0,0.085
0.0,0.085
0.0,0.085
0.0,0.085
0.0,0.085
0.0,0.085
0.0,0.085
0.0,0.085
0.0,0.085
0.0,0.085
0.0,0.085
0.0,0.085
0.0,0.085
0.0,0.085
0.0,0.085
0.0,0.085
0.0,0.085
0.0,0.085
0.0,0.085
0.0,0.085
0.0,0.085
0.0,0.085
0.0,0.085
0.0,0.085
0.0,0.085
0.0,0.085
0.0,0.085
0.0,0.085
0.0,0.085
0.0,0.085
0.0,0.085
0.0,0.085
0.0,0.085
0.0,0.085
0.0,0.085
0.0,0.085
0.0,0.085
0.0,0.085
0.0,0.085
0.0,0.085
0.0,0.085
0.0,0.085
0.0,0.090
0.0,0.090
0.0,0.090
0.0,0.090
0.0,0.090
0.0,0.090
0.0,0.090
0.0,0.090
0.0,0.090
0.0,0.090
0.0,0.090
0.0,0.090
0.0,0.090
0.0,0.090
0.0,0.090
0.0,0.090
0.0,0.090
0.0,0.090
0.0,0.090
0.0,0.090
0.0,0.090
0.0,0.090
0.0,0.090
0.0,0.090
0.0,0.090
0.0,0.090
0.0,0.090
0.0,0.090
0.0,0.090
0.0,0.090
0.0,0.090
0.0,0.090
0.0,0.090
0.0,0.090
0.0,0.090
0.0,0.090
0.0,0.090
0.0,0.090
0.0,0.090
0.0,0.090
0.0,0.090
0.0,0.090
0.0,0.090
0.0,0.090
0.0,0.090
0.0,0.090
0.0,0.090
0.0,0.090
0.0,0.090
0.0,0.090
0.0,0.090
0.0,0.090
0.0,0.090
0.0,0.090
0.0,0.090
0.0,0.090
0.0,0.090
0.0,0.090
0.0,0.090
0.0,0.090
0.0,0.090
0.0,0.090
0.0,0.090
0.0,0.095
0.0,0.095
0.0,0.095
0.0,0.095
0.0,0.095
0.0,0.095
0.0,0.095
0.0,0.095
0.0,0.095
0.0,0.095
0.0,0.095
0.0,0.095
0.0,0.095
0.0,0.095
0.0,0.095
0.0,0.095
0.0,0.095
0.0,0.095
0.0,0.095
0.0,0.095
0.0,0.095
0.0,0.095
0.0,0.095
0.0,0.095
0.0,0.095
0.0,0.095
0.0,0.095
0.0,0.095
0.0,0.095
0.0,0.095
0.0,0.095
0.0,0.095
0.0,0.095
0.0,0.095
0.0,0.095
0.0,0.095
0.0,0.095
0.0,0.095
0.0,0.095
0.0,0.095
0.0,0.095
0.0,0.095
0.0,0.095
0.0,0.095
0.0,0.095
0.0,0.095
0.0,0.095
0.0,0.095
0.0,0.095
0.0,0.095
0.0,0.095
0.0,0.095
0.0,0.095
0.0,0.095
0.0,0.095
0.0,0.095
0.0,0.095
0.0,0.095
0.0,0.100
0.0,0.100
0.0,0.100
0.0,0.100
0.0,0.100
0.0,0.100
0.0,0.100
0.0,0.100
0.0,0.100
0.0,0.100
0.0,0.100
0.0,0.100
0.0,0.100
0.0,0.100
0.0,0.100
0.0,0.100
0.0,0.100
0.0,0.100
0.0,0.100
0.0,0.100
0.0,0.100
0.0,0.100
0.0,0.100
0.0,0.100
0.0,0.100
0.0,0.100
0.0,0.100
0.0,0.100
0.0,0.100
0.0,0.100
0.0,0.100
0.0,0.100
0.0,0.100
0.0,0.100
0.0,0.100
0.0,0.100
0.0,0.100
0.0,0.100
0.0,0.100
0.0,0.100
0.0,0.100
0.0,0.100
0.0,0.100
0.0,0.100
0.0,0.100
0.0,0.100
0.0,0.100
0.0,0.100
0.0,0.100
0.0,0.100
0.0,0.100
0.0,0.100
0.0,0.100
0.0,0.100
0.0,0.100
0.0,0.100
0.0,0.100
0.0,0.100
0.0,0.100
0.0,0.105
0.0,0.105
0.0,0.105
0.0,0.105
0.1,0.105
0.1,0.105
0.1,0.105
0.1,0.105
0.1,0.105
0.1,0.105
0.0,0.105
0.0,0.105
0.0,0.105
0.0,0.105
0.0,0.105
0.0,0.105
0.0,0.105
0.0,0.105
0.0,0.105
0.0,0.105
0.0,0.105
0.0,0.105
0.0,0.105
0.0,0.105
0.0,0.105
0.0,0.105
0.0,0.105
0.0,0.105
0.0,0.105
0.0,0.105
0.0,0.105
0.0,0.105
0.0,0.105
0.0,0.105
0.0,0.105
0.0,0.105
0.0,0.105
0.0,0.105
0.0,0.105
0.0,0.105
0.0,0.105
0.0,0.105
0.0,0.105
0.0,0.105
0.0,0.105
0.0,0.105
0.0,0.105
0.0,0.105
0.0,0.105
0.0,0.105
0.0,0.105
0.0,0.105
0.0,0.105
0.0,0.105
0.0,0.105
0.0,0.105
0.0,0.105
0.0,0.105
0.0,0.105
0.0,0.105
0.0,0.105
0.0,0.105
0.0,0.105
0.0,0.105
0.0,0.105
0.0,0.105
0.0,0.105
0.0,0.110
0.0,0.110
0.0,0.110
0.0,0.110
0.0,0.110
0.0,0.110
0.0,0.110
0.0,0.110
0.0,0.110
0.0,0.110
0.0,0.110
0.0,0.110
0.0,0.110
0.0,0.110
0.0,0.110
0.0,0.110
0.0,0.110
0.0,0.110
0.0,0.110
0.0,0.110
0.0,0.110
0.0,0.110
0.0,0.110
0.0,0.110
0.0,0.110
0.0,0.110
0.0,0.110
0.0,0.110
0.0,0.110
0.0,0.110
0.0,0.110
0.0,0.110
0.0,0.110
0.0,0.110
0.0,0.110
0.0,0.110
0.0,0.110
0.0,0.110
0.0,0.110
0.0,0.110
0.0,0.110
0.0,0.110
0.0,0.110
0.0,0.110
0.0,0.110
0.0,0.110
0.0,0.110
0.0,0.110
0.0,0.110
0.0,0.110
0.0,0.110
0.0,0.110
0.0,0.110
0.0,0.110
0.0,0.110
0.0,0.110
0.0,0.110
0.0,0.110
0.0,0.110
0.0,0.110
0.0,0.110
0.0,0.110
0.0,0.110
0.0,0.110
0.0,0.110
0.0,0.110
0.0,0.110
0.0,0.110
0.0,0.110
0.0,0.110
0.0,0.110
0.0,0.110
0.0,0.110
0.0,0.110
0.0,0.110
0.0,0.110
0.0,0.110
0.0,0.115
0.0,0.115
0.0,0.115
0.0,0.115
0.0,0.115
0.0,0.115
0.0,0.115
0.0,0.115
0.0,0.115
0.0,0.115
0.0,0.115
0.0,0.115
0.0,0.115
0.0,0.115
0.0,0.115
0.0,0.115
0.0,0.115
0.0,0.115
0.0,0.115
0.0,0.115
0.0,0.115
0.0,0.115
0.0,0.115
0.0,0.115
0.0,0.115
0.0,0.115
0.0,0.115
0.0,0.115
0.0,0.115
0.0,0.115
0.0,0.115
0.0,0.115
0.0,0.115
0.0,0.115
0.0,0.115
0.0,0.115
0.0,0.115
0.0,0.115
0.0,0.115
0.0,0.115
0.0,0.115
0.0,0.115
0.0,0.115
0.0,0.115
0.0,0.115
0.0,0.115
0.0,0.115
0.0,0.115
0.0,0.115
0.0,0.115
0.0,0.115
0.0,0.115
0.0,0.115
0.0,0.115
0.0,0.115
0.0,0.115
0.0,0.115
0.0,0.115
0.0,0.115
0.0,0.115
0.0,0.115
0.0,0.115
0.0,0.115
0.0,0.115
0.0,0.115
0.0,0.115
0.0,0.115
0.0,0.115
0.0,0.115
0.0,0.115
0.0,0.115
0.0,0.115
0.0,0.115
0.0,0.115
0.0,0.115
0.0,0.115
0.0,0.115
0.0,0.115
0.0,0.115
0.0,0.115
0.0,0.115
0.0,0.115
0.0,0.120
0.0,0.120
0.0,0.120
0.0,0.120
0.0,0.120
0.0,0.120
0.0,0.120
0.0,0.120
0.0,0.120
0.0,0.120
0.0,0.120
0.0,0.120
0.0,0.120
0.0,0.120
0.0,0.120
0.0,0.120
0.0,0.120
0.0,0.120
0.0,0.120
0.0,0.120
0.0,0.120
0.0,0.120
0.0,0.120
0.0,0.120
0.0,0.120
0.0,0.120
0.0,0.120
0.0,0.120
0.0,0.120
0.0,0.120
0.0,0.120
0.0,0.120
0.0,0.120
0.0,0.120
0.0,0.120
0.0,0.120
0.0,0.120
0.0,0.120
0.0,0.120
0.0,0.120
0.0,0.120
0.0,0.120
0.0,0.120
0.0,0.120
0.0,0.120
0.0,0.120
0.0,0.120
0.0,0.120
0.0,0.120
0.0,0.120
0.0,0.120
0.0,0.120
0.0,0.120
0.0,0.120
0.0,0.120
0.0,0.120
0.0,0.120
0.0,0.120
0.0,0.120
0.0,0.120
0.0,0.120
0.0,0.120
0.0,0.120
0.0,0.120
0.0,0.120
0.0,0.120
0.0,0.120
0.0,0.120
0.0,0.120
0.0,0.120
0.0,0.120
0.0,0.120
0.0,0.120
0.0,0.120
0.0,0.120
0.0,0.120
0.0,0.120
0.0,0.120
0.0,0.120
0.0,0.120
0.0,0.120
0.0,0.120
0.0,0.120
0.0,0.120
0.0,0.120
0.0,0.125
0.0,0.125
0.0,0.125
0.0,0.125
0.0,0.125
0.0,0.125
0.0,0.125
0.0,0.125
0.0,0.125
0.0,0.125
0.0,0.125
0.0,0.125
0.0,0.125
0.0,0.125
0.0,0.125
0.0,0.125
0.0,0.125
0.0,0.125
0.0,0.125
0.0,0.125
0.0,0.125
0.0,0.125
0.0,0.125
0.0,0.125
0.0,0.125
0.0,0.125
0.0,0.125
0.0,0.125
0.0,0.125
0.0,0.125
0.0,0.125
0.0,0.125
0.0,0.125
0.0,0.125
0.0,0.125
0.0,0.125
0.0,0.125
0.0,0.125
0.0,0.125
0.0,0.125
0.0,0.125
0.0,0.125
0.0,0.125
0.0,0.125
0.0,0.125
0.0,0.125
0.0,0.125
0.0,0.125
0.0,0.125
0.0,0.125
0.0,0.125
0.0,0.125
0.0,0.125
0.0,0.125
0.0,0.125
0.0,0.125
0.0,0.125
0.0,0.125
0.0,0.125
0.0,0.125
0.0,0.125
0.0,0.125
0.0,0.125
0.0,0.125
0.0,0.125
0.0,0.125
0.0,0.125
0.0,0.125
0.0,0.125
0.0,0.125
0.0,0.125
0.0,0.125
0.0,0.125
0.0,0.125
0.0,0.125
0.0,0.125
0.0,0.125
0.0,0.125
0.0,0.125
0.0,0.125
0.0,0.125
0.0,0.125
0.0,0.125
0.0,0.125
0.0,0.125
0.0,0.125
0.0,0.125
0.0,0.125
0.0,0.125
0.0,0.125
0.0,0.130
0.0,0.130
0.0,0.130
0.0,0.130
0.0,0.130
0.0,0.130
0.0,0.130
0.0,0.130
0.0,0.130
0.0,0.130
0.0,0.130
0.0,0.130
0.0,0.130
0.0,0.130
0.0,0.130
0.0,0.130
0.0,0.130
0.0,0.130
0.0,0.130
0.0,0.130
0.0,0.130
0.0,0.130
0.0,0.130
0.0,0.130
0.0,0.130
0.0,0.130
0.0,0.130
0.0,0.130
0.0,0.130
0.0,0.130
0.0,0.130
0.0,0.130
0.0,0.130
0.0,0.130
0.0,0.130
0.0,0.130
0.0,0.130
0.0,0.130
0.0,0.130
0.0,0.130
0.0,0.130
0.0,0.130
0.0,0.130
0.0,0.130
0.0,0.130
0.0,0.130
0.0,0.130
0.0,0.130
0.0,0.130
0.0,0.130
0.0,0.130
0.0,0.130
0.0,0.130
0.0,0.130
0.0,0.130
0.0,0.130
0.0,0.130
0.0,0.130
0.0,0.130
0.0,0.130
0.0,0.130
0.0,0.130
0.0,0.130
0.0,0.130
0.0,0.130
0.0,0.130
0.0,0.130
0.0,0.130
0.0,0.130
0.0,0.130
0.0,0.130
0.0,0.130
0.0,0.130
0.0,0.130
0.0,0.130
0.0,0.130
0.0,0.130
0.0,0.130
0.0,0.130
0.0,0.130
0.0,0.130
0.0,0.130
0.0,0.130
0.0,0.130
0.0,0.130
0.0,0.130
0.0,0.130
0.0,0.130
0.0,0.130
0.0,0.130
0.0,0.130
0.0,0.130
0.0,0.130
0.0,0.135
0.0,0.135
0.0,0.135
0.0,0.135
0.0,0.135
0.0,0.135
0.0,0.135
0.0,0.135
0.0,0.135
0.0,0.135
0.0,0.135
0.0,0.135
0.0,0.135
0.0,0.135
0.0,0.135
0.0,0.135
0.0,0.135
0.0,0.135
0.0,0.135
0.0,0.135
0.0,0.135
0.0,0.135
0.0,0.135
0.0,0.135
0.0,0.135
0.0,0.135
0.0,0.135
0.0,0.135
0.0,0.135
0.0,0.135
0.0,0.135
0.0,0.135
0.0,0.135
0.0,0.135
0.0,0.135
0.0,0.135
0.0,0.135
0.0,0.135
0.0,0.135
0.0,0.135
0.0,0.135
0.0,0.135
0.0,0.135
0.0,0.135
0.0,0.135
0.0,0.135
0.0,0.135
0.0,0.135
0.0,0.135
0.0,0.135
0.0,0.135
0.0,0.135
0.0,0.135
0.0,0.135
0.0,0.135
0.0,0.135
0.0,0.135
0.0,0.135
0.0,0.135
0.0,0.135
0.0,0.135
0.0,0.135
0.0,0.135
0.0,0.135
0.0,0.135
0.0,0.135
0.0,0.135
0.0,0.135
0.0,0.135
0.0,0.135
0.0,0.135
0.0,0.135
0.0,0.135
0.0,0.135
0.0,0.135
0.0,0.135
0.0,0.135
0.0,0.135
0.0,0.135
0.0,0.135
0.0,0.135
0.0,0.135
0.0,0.135
0.0,0.135
0.0,0.135
0.0,0.135
0.0,0.135
0.0,0.135
0.0,0.135
0.0,0.140
0.0,0.140
0.0,0.140
0.0,0.140
0.0,0.140
0.0,0.140
0.0,0.140
0.0,0.140
0.0,0.140
0.0,0.140
0.0,0.140
0.0,0.140
0.0,0.140
0.1,0.140
0.1,0.140
0.1,0.140
0.1,0.140
0.0,0.140
0.0,0.140
0.0,0.140
0.0,0.140
0.0,0.140
0.0,0.140
0.0,0.140
0.0,0.140
0.0,0.140
0.0,0.140
0.0,0.140
0.0,0.140
0.0,0.140
0.0,0.140
0.0,0.140
0.0,0.140
0.0,0.140
0.0,0.140
0.0,0.140
0.0,0.140
0.0,0.140
0.0,0.140
0.0,0.140
-0.1,0.140
-0.1,0.140
0.0,0.140
0.0,0.140
0.0,0.140
0.0,0.140
0.0,0.140
0.0,0.140
0.0,0.140
0.0,0.140
0.0,0.140
0.0,0.140
0.0,0.140
0.0,0.140
0.0,0.140
0.0,0.140
0.0,0.140
0.0,0.140
0.0,0.140
0.0,0.140
0.0,0.140
0.0,0.140
0.0,0.140
0.0,0.140
0.0,0.140
0.0,0.140
0.0,0.140
0.0,0.140
0.0,0.140
0.0,0.140
0.0,0.140
0.0,0.140
0.0,0.140
0.0,0.140
0.0,0.140
0.0,0.145
0.0,0.145
0.0,0.145
0.0,0.145
0.0,0.145
0.0,0.145
0.0,0.145
0.0,0.145
0.0,0.145
0.0,0.145
0.0,0.145
0.0,0.145
0.0,0.145
0.0,0.145
0.0,0.145
0.0,0.145
0.0,0.145
0.0,0.145
0.0,0.145
0.0,0.145
0.0,0.145
0.0,0.145
0.0,0.145
0.0,0.145
0.0,0.145
0.0,0.145
0.0,0.145
0.0,0.145
0.0,0.145
0.0,0.145
0.0,0.145
0.0,0.145
0.0,0.145
0.0,0.145
0.0,0.145
0.0,0.145
0.0,0.145
0.0,0.145
0.0,0.145
0.0,0.145
0.0,0.145
0.0,0.145
0.0,0.145
0.0,0.145
0.0,0.145
0.0,0.145
0.0,0.145
0.0,0.145
0.0,0.145
0.0,0.145
0.0,0.145
0.0,0.145
0.0,0.145
0.0,0.145
0.0,0.145
0.0,0.145
0.0,0.145
0.0,0.145
0.0,0.145
0.0,0.145
0.0,0.145
0.0,0.145
0.0,0.145
0.0,0.145
0.0,0.145
0.0,0.145
0.0,0.145
0.0,0.145
0.0,0.145
0.0,0.145
0.0,0.145
0.0,0.145
0.0,0.145
0.0,0.145
0.0,0.145
0.0,0.145
0.0,0.145
0.0,0.145
0.0,0.145
0.0,0.145
0.0,0.150
0.0,0.150
0.0,0.150
0.0,0.150
0.0,0.150
0.0,0.150
0.0,0.150
0.0,0.150
0.0,0.150
0.0,0.150
0.0,0.150
0.0,0.150
0.0,0.150
0.0,0.150
0.0,0.150
0.0,0.150
0.0,0.150
0.0,0.150
0.0,0.150
0.0,0.150
0.0,0.150
0.0,0.150
0.0,0.150
0.0,0.150
0.0,0.150
0.0,0.150
0.0,0.150
0.0,0.150
0.0,0.150
0.0,0.150
0.0,0.150
0.0,0.150
0.0,0.150
0.0,0.150
0.0,0.150
0.0,0.150
0.0,0.150
0.0,0.150
0.0,0.150
0.0,0.150
0.0,0.150
0.0,0.150
0.0,0.150
0.0,0.150
0.0,0.150
0.0,0.150
0.0,0.150
0.0,0.150
0.0,0.150
0.0,0.150
0.0,0.150
0.0,0.150
0.0,0.150
0.0,0.150
0.0,0.150
0.0,0.150
0.0,0.150
0.0,0.150
0.0,0.150
0.0,0.150
0.0,0.150
0.0,0.150
0.0,0.150
0.0,0.150
0.0,0.150
0.0,0.150
0.0,0.150
0.0,0.150
0.0,0.150
0.0,0.150
0.0,0.150
0.0,0.150
0.0,0.150
0.0,0.150
0.0,0.150
0.0,0.150
0.0,0.150
0.0,0.150
0.0,0.150
0.0,0.150
0.0,0.155
0.0,0.155
0.0,0.155
0.0,0.155
0.0,0.155
0.0,0.155
0.0,0.155
0.0,0.155
0.0,0.155
0.0,0.155
0.0,0.155
0.0,0.155
0.0,0.155
0.0,0.155
0.0,0.155
0.0,0.155
0.0,0.155
0.0,0.155
0.0,0.155
0.0,0.155
0.0,0.155
0.0,0.155
0.0,0.155
0.0,0.155
0.0,0.155
0.0,0.155
0.0,0.155
0.0,0.155
0.0,0.155
0.0,0.155
0.0,0.155
0.0,0.155
0.0,0.155
0.0,0.155
0.0,0.155
0.0,0.155
0.0,0.155
0.0,0.155
0.0,0.155
0.0,0.155
0.0,0.155
0.0,0.155
0.0,0.155
0.0,0.155
0.0,0.155
0.0,0.155
0.0,0.155
0.0,0.155
0.0,0.155
0.0,0.155
0.0,0.155
0.0,0.155
0.0,0.155
0.0,0.155
0.0,0.155
0.0,0.155
0.0,0.155
0.0,0.155
0.0,0.155
0.0,0.155
0.0,0.155
0.0,0.155
0.0,0.155
0.0,0.155
0.0,0.155
0.0,0.155
0.0,0.155
0.0,0.155
0.0,0.155
0.0,0.155
0.0,0.155
0.0,0.155
0.0,0.155
0.0,0.155
0.0,0.155
0.0,0.155
0.0,0.155
0.0,0.155
0.0,0.155
0.0,0.155
0.0,0.155
0.0,0.155
0.0,0.155
0.0,0.155
0.0,0.155
0.0,0.155
0.0,0.155
0.0,0.155
0.0,0.155
0.0,0.155
0.0,0.160
0.0,0.160
0.0,0.160
0.0,0.160
0.0,0.160
0.0,0.160
0.0,0.160
0.0,0.160
0.0,0.160
0.0,0.160
0.0,0.160
0.0,0.160
0.0,0.160
0.0,0.160
0.0,0.160
0.0,0.160
0.0,0.160
0.0,0.160
0.0,0.160
0.0,0.160
0.0,0.160
0.0,0.160
0.0,0.160
0.0,0.160
0.0,0.160
0.0,0.160
0.0,0.160
0.0,0.160
0.0,0.160
0.0,0.160
0.0,0.160
0.0,0.160
0.0,0.160
0.0,0.160
0.0,0.160
0.0,0.160
0.0,0.160
0.0,0.160
0.0,0.160
0.0,0.160
0.0,0.160
0.0,0.160
0.0,0.160
0.0,0.160
0.0,0.160
0.0,0.160
0.0,0.160
0.0,0.160
0.0,0.160
0.0,0.160
0.0,0.160
0.0,0.160
0.0,0.160
0.0,0.160
0.0,0.160
0.0,0.160
0.0,0.160
0.0,0.160
0.0,0.160
0.0,0.160
0.0,0.160
0.0,0.160
0.0,0.160
0.0,0.160
0.0,0.160
0.0,0.160
0.0,0.160
0.0,0.160
0.0,0.160
0.0,0.160
0.0,0.160
0.0,0.160
0.0,0.160
0.0,0.160
0.0,0.160
0.1,0.160
0.1,0.160
0.1,0.160
0.1,0.160
0.1,0.160
0.0,0.160
0.0,0.160
0.0,0.160
0.0,0.160
0.0,0.160
0.0,0.160
0.0,0.160
0.0,0.160
0.0,0.160
0.0,0.160
0.0,0.160
0.0,0.160
0.0,0.160
0.0,0.160
0.0,0.165
0.0,0.165
0.0,0.165
0.0,0.165
0.0,0.165
0.0,0.165
0.0,0.165
0.0,0.165
0.0,0.165
0.0,0.165
0.0,0.165
0.0,0.165
0.0,0.165
0.0,0.165
0.0,0.165
0.0,0.165
0.0,0.165
0.0,0.165
0.0,0.165
0.0,0.165
0.0,0.165
0.0,0.165
0.0,0.165
0.0,0.165
0.0,0.165
0.0,0.165
0.0,0.165
0.0,0.165
0.0,0.165
0.0,0.165
0.1,0.165
0.2,0.165
0.3,0.165
0.3,0.165
0.4,0.165
0.5,0.165
0.5,0.165
0.5,0.165
0.6,0.165
0.7,0.165
0.7,0.165
0.8,0.165
0.8,0.165
0.9,0.165
1.0,0.165
1.0,0.165
1.0,0.165
1.1,0.165
1.2,0.165
1.2,0.165
1.3,0.165
1.4,0.165
1.4,0.165
1.5,0.165
1.6,0.165
1.7,0.165
1.7,0.165
1.8,0.165
1.9,0.165
1.9,0.165
2.0,0.165
2.1,0.165
2.1,0.165
2.2,0.165
2.3,0.165
2.3,0.165
2.4,0.165
2.5,0.165
2.5,0.165
2.6,0.165
2.7,0.165
2.7,0.165
2.8,0.165
2.8,0.165
2.9,0.165
3.0,0.170
3.1,0.170
3.2,0.170
3.3,0.170
3.3,0.170
3.4,0.170
3.5,0.170
3.5,0.170
3.6,0.170
3.6,0.170
3.7,0.170
3.8,0.170
3.8,0.170
3.9,0.170
4.0,0.170
4.1,0.170
4.2,0.170
4.2,0.170
4.3,0.170
4.4,0.170
4.5,0.170
4.5,0.170
4.6,0.170
4.7,0.170
4.7,0.170
4.8,0.170
4.9,0.170
5.0,0.170
5.0,0.170
5.1,0.170
5.2,0.170
5.3,0.170
5.4,0.170
5.4,0.170
5.5,0.170
5.6,0.170
5.7,0.170
5.7,0.170
5.8,0.170
5.9,0.170
6.0,0.170
6.0,0.170
6.1,0.170
6.2,0.170
6.3,0.170
6.3,0.170
6.4,0.170
6.5,0.170
6.5,0.170
6.6,0.170
6.7,0.170
6.8,0.170
6.9,0.170
7.0,0.170
7.1,0.170
7.1,0.170
7.2,0.170
7.3,0.170
7.4,0.170
7.5,0.170
7.5,0.170
7.6,0.170
7.7,0.170
7.8,0.170
7.9,0.175
8.0,0.175
8.1,0.175
8.1,0.175
8.2,0.175
8.3,0.175
8.4,0.175
8.4,0.175
8.5,0.175
8.6,0.175
8.7,0.175
8.8,0.175
8.9,0.175
8.9,0.175
9.0,0.175
9.1,0.175
9.2,0.175
9.3,0.175
9.4,0.175
9.5,0.175
9.6,0.175
9.7,0.175
9.7,0.175
9.8,0.175
9.9,0.175
10.0,0.175
10.1,0.175
10.2,0.175
10.3,0.175
10.4,0.175
10.4,0.175
10.5,0.175
10.6,0.175
10.7,0.175
10.8,0.175
10.8,0.175
10.9,0.175
11.0,0.175
11.0,0.175
11.2,0.175
11.2,0.175
11.3,0.175
11.4,0.175
11.5,0.175
11.6,0.175
11.7,0.175
11.8,0.175
11.8,0.175
11.9,0.175
12.0,0.175
12.1,0.175
12.1,0.180
12.2,0.180
12.3,0.180
12.4,0.180
12.5,0.180
12.6,0.180
12.7,0.180
12.7,0.180
12.8,0.180
12.9,0.180
12.9,0.180
13.0,0.180
13.1,0.180
13.2,0.180
13.2,0.180
13.3,0.180
13.4,0.180
13.4,0.180
13.4,0.180
13.5,0.180
13.5,0.180
13.6,0.180
13.7,0.180
13.7,0.180
13.7,0.180
13.8,0.180
13.8,0.180
13.8,0.180
13.9,0.180
13.9,0.180
13.9,0.180
14.0,0.180
14.0,0.180
14.0,0.180
14.0,0.180
14.1,0.180
14.1,0.180
14.1,0.180
14.1,0.180
14.1,0.180
14.1,0.180
14.1,0.180
14.1,0.180
14.1,0.180
14.1,0.180
14.2,0.180
14.3,0.180
14.3,0.180
14.3,0.180
14.3,0.180
14.3,0.180
14.4,0.180
14.4,0.180
14.4,0.185
14.5,0.185
14.5,0.185
14.5,0.185
14.6,0.185
14.6,0.185
14.7,0.185
14.7,0.185
14.8,0.185
14.8,0.185
14.9,0.185
15.0,0.185
15.1,0.185
15.2,0.185
15.3,0.185
15.4,0.185
15.5,0.185
15.5,0.185
15.7,0.185
15.7,0.185
15.9,0.185
15.9,0.185
16.0,0.185
16.2,0.185
16.2,0.185
16.3,0.185
16.4,0.185
16.5,0.185
16.6,0.185
16.7,0.185
16.7,0.185
16.8,0.185
16.9,0.185
17.0,0.185
17.1,0.185
17.2,0.185
17.3,0.185
17.4,0.185
17.5,0.185
17.5,0.185
17.6,0.185
17.7,0.185
17.8,0.185
17.9,0.185
18.0,0.185
18.1,0.185
18.2,0.185
18.3,0.185
18.4,0.185
18.5,0.185
18.5,0.185
18.6,0.185
18.7,0.190
18.8,0.190
18.9,0.190
18.9,0.190
19.0,0.190
19.2,0.190
19.2,0.190
19.3,0.190
19.4,0.190
19.5,0.190
19.6,0.190
19.7,0.190
19.7,0.190
19.8,0.190
19.9,0.190
20.0,0.190
20.1,0.190
20.2,0.190
20.3,0.190
20.4,0.190
20.5,0.190
20.6,0.190
20.7,0.190
20.8,0.190
20.9,0.190
21.0,0.190
21.1,0.190
21.2,0.190
21.3,0.190
21.3,0.190
21.4,0.190
21.5,0.190
21.6,0.190
21.7,0.190
21.8,0.190
21.9,0.190
22.0,0.190
22.0,0.190
22.1,0.190
22.2,0.190
22.3,0.190
22.4,0.190
22.5,0.190
22.6,0.190
22.7,0.190
22.8,0.190
22.9,0.190
22.9,0.190
23.0,0.190
23.1,0.190
23.2,0.195
23.3,0.195
23.4,0.195
23.5,0.195
23.6,0.195
23.6,0.195
23.7,0.195
23.8,0.195
23.9,0.195
23.9,0.195
24.0,0.195
24.1,0.195
24.2,0.195
24.3,0.195
24.4,0.195
24.5,0.195
24.6,0.195
24.7,0.195
24.8,0.195
24.8,0.195
24.9,0.195
25.0,0.195
25.1,0.195
25.2,0.195
25.2,0.195
25.3,0.195
25.4,0.195
25.5,0.195
25.6,0.195
25.7,0.195
25.8,0.195
25.8,0.195
25.9,0.195
26.0,0.195
26.1,0.195
26.1,0.195
26.2,0.195
26.3,0.195
26.4,0.195
26.5,0.195
26.6,0.195
26.7,0.195
26.8,0.195
26.9,0.195
26.9,0.195
27.0,0.195
27.1,0.195
27.2,0.195
27.3,0.195
27.4,0.195
27.5,0.200
27.6,0.200
27.6,0.200
27.7,0.200
27.8,0.200
27.9,0.200
28.0,0.200
28.1,0.200
28.2,0.200
28.2,0.200
28.3,0.200
28.4,0.200
28.5,0.200
28.6,0.200
28.7,0.200
28.8,0.200
28.9,0.200
29.0,0.200
29.1,0.200
29.2,0.200
29.3,0.200
29.4,0.200
29.5,0.200
29.6,0.200
29.7,0.200
29.7,0.200
29.8,0.200
29.9,0.200
30.0,0.200
30.1,0.200
30.1,0.200
30.2,0.200
30.3,0.200
30.4,0.200
30.5,0.200
30.6,0.200
30.6,0.200
30.7,0.200
30.8,0.200
30.9,0.200
31.0,0.200
31.0,0.200
31.1,0.200
31.2,0.200
31.3,0.200
31.3,0.200
31.4,0.200
31.5,0.200
31.6,0.205
31.6,0.205
31.7,0.205
31.7,0.205
31.8,0.205
31.9,0.205
31.9,0.205
32.0,0.205
32.1,0.205
32.1,0.205
32.2,0.205
32.3,0.205
32.4,0.205
32.4,0.205
32.5,0.205
32.6,0.205
32.7,0.205
32.7,0.205
32.8,0.205
32.9,0.205
33.0,0.205
33.0,0.205
33.1,0.205
33.2,0.205
33.2,0.205
33.3,0.205
33.4,0.205
33.5,0.205
33.6,0.205
33.7,0.205
33.8,0.205
33.8,0.205
33.9,0.205
33.9,0.205
34.0,0.205
34.1,0.205
34.1,0.205
34.2,0.205
34.3,0.205
34.4,0.205
34.4,0.205
34.5,0.205
34.6,0.205
34.7,0.205
34.7,0.205
34.8,0.205
34.9,0.205
35.0,0.205
35.0,0.205
35.1,0.205
35.2,0.205
35.3,0.205
35.3,0.210
35.4,0.210
35.5,0.210
35.5,0.210
35.6,0.210
35.7,0.210
35.8,0.210
35.8,0.210
35.9,0.210
36.0,0.210
36.0,0.210
36.1,0.210
36.2,0.210
36.3,0.210
36.4,0.210
36.5,0.210
36.5,0.210
36.6,0.210
36.7,0.210
36.7,0.210
36.8,0.210
36.9,0.210
37.0,0.210
37.0,0.210
37.1,0.210
37.2,0.210
37.3,0.210
37.3,0.210
37.4,0.210
37.5,0.210
37.5,0.210
37.6,0.210
37.7,0.210
37.8,0.210
37.8,0.210
37.9,0.210
38.0,0.210
38.0,0.210
38.1,0.210
38.2,0.210
38.2,0.210
38.3,0.210
38.3,0.210
38.4,0.210
38.5,0.210
38.6,0.210
38.6,0.210
38.7,0.210
38.8,0.210
38.8,0.210
38.9,0.210
38.9,0.215
39.0,0.215
39.0,0.215
39.0,0.215
39.1,0.215
39.2,0.215
39.2,0.215
39.3,0.215
39.3,0.215
39.3,0.215
39.4,0.215
39.4,0.215
39.5,0.215
39.5,0.215
39.5,0.215
39.5,0.215
39.6,0.215
39.6,0.215
39.6,0.215
39.6,0.215
39.6,0.215
39.7,0.215
39.7,0.215
39.7,0.215
39.8,0.215
39.8,0.215
39.8,0.215
39.8,0.215
39.9,0.215
39.9,0.215
39.9,0.215
40.0,0.215
40.0,0.215
40.0,0.215
40.0,0.215
40.0,0.215
40.0,0.215
40.0,0.215
40.0,0.215
40.0,0.215
40.1,0.215
40.1,0.215
40.2,0.215
40.2,0.215
40.2,0.215
40.2,0.215
40.2,0.215
40.2,0.215
40.2,0.215
40.2,0.215
40.3,0.215
40.3,0.220
40.4,0.220
40.4,0.220
40.4,0.220
40.4,0.220
40.4,0.220
40.4,0.220
40.4,0.220
40.5,0.220
40.5,0.220
40.6,0.220
40.6,0.220
40.6,0.220
40.6,0.220
40.6,0.220
40.6,0.220
40.6,0.220
40.6,0.220
40.6,0.220
40.7,0.220
40.7,0.220
40.8,0.220
40.8,0.220
40.8,0.220
40.8,0.220
40.8,0.220
40.8,0.220
40.9,0.220
40.9,0.220
41.0,0.220
41.0,0.220
41.0,0.220
41.1,0.220
41.1,0.220
41.1,0.220
41.1,0.220
41.1,0.220
41.1,0.220
41.1,0.220
41.1,0.220
41.3,0.220
41.3,0.220
41.3,0.220
41.4,0.220
41.4,0.220
41.4,0.220
41.4,0.225
41.5,0.225
41.5,0.225
41.5,0.225
41.5,0.225
41.5,0.225
41.5,0.225
41.5,0.225
41.5,0.225
41.6,0.225
41.6,0.225
41.6,0.225
41.7,0.225
41.7,0.225
41.8,0.225
41.8,0.225
41.8,0.225
41.8,0.225
41.8,0.225
41.8,0.225
41.9,0.225
41.9,0.225
42.0,0.225
42.0,0.225
42.0,0.225
42.0,0.225
42.1,0.225
42.1,0.225
42.1,0.225
42.1,0.225
42.2,0.225
42.2,0.225
42.2,0.225
42.2,0.225
42.2,0.225
42.3,0.225
42.3,0.225
42.3,0.225
42.3,0.225
42.3,0.225
42.3,0.225
42.3,0.225
42.4,0.225
42.4,0.225
42.4,0.225
42.4,0.225
42.4,0.225
42.5,0.225
42.5,0.225
42.5,0.225
42.6,0.225
42.6,0.225
42.6,0.230
42.6,0.230
42.6,0.230
42.6,0.230
42.6,0.230
42.6,0.230
42.6,0.230
42.6,0.230
42.7,0.230
42.7,0.230
42.7,0.230
42.7,0.230
42.7,0.230
42.7,0.230
42.7,0.230
42.8,0.230
42.8,0.230
42.8,0.230
42.8,0.230
42.8,0.230
42.8,0.230
42.9,0.230
42.9,0.230
42.9,0.230
42.9,0.230
42.9,0.230
42.9,0.230
42.9,0.230
42.9,0.230
42.9,0.230
42.9,0.230
42.9,0.230
42.9,0.230
42.9,0.230
42.9,0.230
42.9,0.230
42.9,0.230
42.9,0.230
42.9,0.230
42.9,0.230
42.9,0.230
42.9,0.230
42.9,0.230
42.9,0.230
42.9,0.230
42.9,0.230
42.9,0.230
42.9,0.230
42.9,0.230
42.9,0.230
42.9,0.230
42.9,0.235
42.9,0.235
42.9,0.235
42.8,0.235
42.8,0.235
42.8,0.235
42.8,0.235
42.8,0.235
42.7,0.235
42.7,0.235
42.7,0.235
42.7,0.235
42.7,0.235
42.7,0.235
42.7,0.235
42.7,0.235
42.7,0.235
42.6,0.235
42.6,0.235
42.6,0.235
42.6,0.235
42.6,0.235
42.5,0.235
42.5,0.235
42.5,0.235
42.5,0.235
42.5,0.235
42.5,0.235
42.5,0.235
42.5,0.235
42.5,0.235
42.5,0.235
42.4,0.235
42.4,0.235
42.4,0.235
42.4,0.235
42.4,0.235
42.4,0.235
42.4,0.235
42.4,0.235
42.4,0.235
42.4,0.235
42.4,0.235
42.4,0.235
42.4,0.235
42.4,0.235
42.4,0.240
42.4,0.240
42.4,0.240
42.4,0.240
42.4,0.240
42.3,0.240
42.3,0.240
42.3,0.240
42.3,0.240
42.3,0.240
42.3,0.240
42.3,0.240
42.3,0.240
42.3,0.240
42.3,0.240
42.3,0.240
42.3,0.240
42.3,0.240
42.3,0.240
42.3,0.240
42.2,0.240
42.2,0.240
42.2,0.240
42.2,0.240
42.2,0.240
42.2,0.240
42.2,0.240
42.2,0.240
42.2,0.240
42.2,0.240
42.2,0.240
42.2,0.240
42.2,0.240
42.2,0.240
42.2,0.240
42.2,0.240
42.2,0.240
42.2,0.240
42.2,0.240
42.2,0.240
42.2,0.240
42.2,0.240
42.2,0.240
42.2,0.245
42.2,0.245
42.2,0.245
42.2,0.245
42.2,0.245
42.1,0.245
42.1,0.245
42.1,0.245
42.1,0.245
42.1,0.245
42.1,0.245
42.1,0.245
42.1,0.245
42.1,0.245
42.1,0.245
42.1,0.245
42.1,0.245
42.1,0.245
42.1,0.245
42.1,0.245
42.1,0.245
42.1,0.245
42.1,0.245
42.1,0.245
42.1,0.245
42.1,0.245
42.1,0.245
42.1,0.245
42.1,0.245
42.1,0.245
42.1,0.245
42.1,0.245
42.1,0.245
42.1,0.245
42.1,0.245
42.1,0.245
42.1,0.245
42.1,0.245
42.1,0.245
42.1,0.245
42.1,0.245
42.1,0.245
42.1,0.245
42.1,0.250
42.0,0.250
42.0,0.250
42.0,0.250
42.0,0.250
42.0,0.250
42.0,0.250
42.0,0.250
42.0,0.250
42.0,0.250
42.0,0.250
42.0,0.250
42.0,0.250
42.0,0.250
42.0,0.250
42.0,0.250
42.0,0.250
41.9,0.250
41.9,0.250
41.9,0.250
41.9,0.250
41.9,0.250
41.9,0.250
41.9,0.250
41.9,0.250
41.9,0.250
41.9,0.250
41.9,0.250
41.9,0.250
41.9,0.250
41.9,0.250
41.9,0.250
41.9,0.250
41.9,0.250
41.9,0.250
41.9,0.250
41.9,0.250
41.9,0.250
41.9,0.250
41.9,0.250
41.9,0.250
41.9,0.250
41.9,0.250
41.9,0.255
41.9,0.255
41.9,0.255
41.9,0.255
41.9,0.255
41.8,0.255
41.8,0.255
41.8,0.255
41.8,0.255
41.8,0.255
41.8,0.255
41.8,0.255
41.8,0.255
41.8,0.255
41.8,0.255
41.8,0.255
41.8,0.255
41.8,0.255
41.8,0.255
41.8,0.255
41.7,0.255
41.7,0.255
41.7,0.255
41.7,0.255
41.7,0.255
41.7,0.255
41.7,0.255
41.6,0.255
41.6,0.255
41.6,0.255
41.6,0.255
41.6,0.255
41.6,0.255
41.6,0.255
41.6,0.255
41.6,0.255
41.6,0.255
41.6,0.255
41.6,0.255
41.6,0.255
41.6,0.255
41.6,0.255
41.6,0.260
41.6,0.260
41.6,0.260
41.6,0.260
41.6,0.260
41.6,0.260
41.6,0.260
41.6,0.260
41.6,0.260
41.6,0.260
41.6,0.260
41.6,0.260
41.6,0.260
41.6,0.260
41.6,0.260
41.6,0.260
41.6,0.260
41.6,0.260
41.6,0.260
41.6,0.260
41.6,0.260
41.6,0.260
41.6,0.260
41.6,0.260
41.6,0.260
41.6,0.260
41.6,0.260
41.6,0.260
41.6,0.260
41.6,0.260
41.6,0.260
41.6,0.260
41.6,0.260
41.6,0.260
41.6,0.260
41.6,0.260
41.6,0.260
41.6,0.260
41.6,0.260
41.6,0.260
41.6,0.260
41.6,0.260
41.6,0.260
41.6,0.260
41.6,0.260
41.6,0.260
41.6,0.260
41.6,0.265
41.6,0.265
41.6,0.265
41.6,0.265
41.6,0.265
41.6,0.265
41.6,0.265
41.6,0.265
41.6,0.265
41.6,0.265
41.6,0.265
41.6,0.265
41.6,0.265
41.6,0.265
41.5,0.265
41.5,0.265
41.5,0.265
41.5,0.265
41.5,0.265
41.5,0.265
41.5,0.265
41.5,0.265
41.5,0.265
41.5,0.265
41.5,0.265
41.5,0.265
41.5,0.265
41.5,0.265
41.5,0.265
41.5,0.265
41.5,0.265
41.5,0.265
41.5,0.265
41.5,0.265
41.5,0.265
41.5,0.265
41.5,0.265
41.5,0.265
41.5,0.265
41.5,0.265
41.5,0.265
41.5,0.265
41.5,0.265
41.5,0.270
41.5,0.270
41.5,0.270
41.5,0.270
41.5,0.270
41.5,0.270
41.5,0.270
41.5,0.270
41.5,0.270
41.5,0.270
41.5,0.270
41.5,0.270
41.5,0.270
41.5,0.270
41.5,0.270
41.5,0.270
41.4,0.270
41.4,0.270
41.4,0.270
41.4,0.270
41.4,0.270
41.4,0.270
41.4,0.270
41.4,0.270
41.4,0.270
41.4,0.270
41.4,0.270
41.4,0.270
41.4,0.270
41.4,0.270
41.4,0.270
41.4,0.270
41.4,0.270
41.4,0.270
41.4,0.270
41.4,0.270
41.4,0.270
41.4,0.270
41.4,0.270
41.4,0.270
41.4,0.270
41.4,0.270
41.4,0.275
41.4,0.275
41.4,0.275
41.4,0.275
41.4,0.275
41.4,0.275
41.4,0.275
41.4,0.275
41.4,0.275
41.4,0.275
41.3,0.275
41.3,0.275
41.3,0.275
41.3,0.275
41.3,0.275
41.3,0.275
41.3,0.275
41.3,0.275
41.3,0.275
41.3,0.275
41.3,0.275
41.3,0.275
41.3,0.275
41.3,0.275
41.3,0.275
41.3,0.275
41.3,0.275
41.3,0.275
41.3,0.275
41.3,0.275
41.3,0.275
41.3,0.275
41.3,0.275
41.3,0.275
41.3,0.275
41.3,0.275
41.3,0.275
41.3,0.275
41.3,0.275
41.3,0.275
41.3,0.275
41.3,0.280
41.3,0.280
41.3,0.280
41.3,0.280
41.3,0.280
41.3,0.280
41.3,0.280
41.3,0.280
41.3,0.280
41.3,0.280
41.3,0.280
41.3,0.280
41.3,0.280
41.3,0.280
41.3,0.280
41.3,0.280
41.3,0.280
41.3,0.280
41.3,0.280
41.3,0.280
41.3,0.280
41.3,0.280
41.3,0.280
41.3,0.280
41.3,0.280
41.3,0.280
41.3,0.280
41.3,0.280
41.3,0.280
41.3,0.280
41.3,0.280
41.3,0.280
41.3,0.280
41.3,0.280
41.3,0.280
41.3,0.280
41.3,0.280
41.3,0.280
41.3,0.280
41.3,0.280
41.3,0.280
41.3,0.285
41.3,0.285
41.3,0.285
41.3,0.285
41.3,0.285
41.3,0.285
41.3,0.285
41.3,0.285
41.3,0.285
41.3,0.285
41.3,0.285
41.3,0.285
41.3,0.285
41.3,0.285
41.3,0.285
41.3,0.285
41.3,0.285
41.3,0.285
41.3,0.285
41.3,0.285
41.3,0.285
41.3,0.285
41.3,0.285
41.3,0.285
41.3,0.285
41.3,0.285
41.3,0.285
41.3,0.285
41.3,0.285
41.3,0.285
41.3,0.285
41.3,0.285
41.3,0.285
41.3,0.285
41.3,0.285
41.3,0.285
41.3,0.285
41.3,0.285
41.3,0.285
41.3,0.290
41.3,0.290
41.3,0.290
41.3,0.290
41.3,0.290
41.3,0.290
41.3,0.290
41.3,0.290
41.3,0.290
41.3,0.290
41.3,0.290
41.3,0.290
41.4,0.290
41.4,0.290
41.4,0.290
41.4,0.290
41.4,0.290
41.4,0.290
41.4,0.290
41.4,0.290
41.4,0.290
41.4,0.290
41.4,0.290
41.4,0.290
41.4,0.290
41.4,0.290
41.4,0.290
41.4,0.290
41.4,0.290
41.4,0.290
41.4,0.290
41.4,0.290
41.4,0.290
41.4,0.290
41.4,0.290
41.4,0.290
41.4,0.295
41.4,0.295
41.4,0.295
41.4,0.295
41.4,0.295
41.4,0.295
41.4,0.295
41.4,0.295
41.4,0.295
41.4,0.295
41.4,0.295
41.4,0.295
41.4,0.295
41.4,0.295
41.4,0.295
41.4,0.295
41.4,0.295
41.4,0.295
41.4,0.295
41.4,0.295
41.4,0.295
41.4,0.295
41.4,0.295
41.4,0.295
41.4,0.295
41.4,0.295
41.4,0.295
41.4,0.295
41.4,0.295
41.4,0.295
41.4,0.295
41.4,0.295
41.4,0.295
41.4,0.295
41.4,0.295
41.4,0.295
41.4,0.300
41.4,0.300
41.4,0.300
41.4,0.300
41.4,0.300
41.4,0.300
41.4,0.300
41.4,0.300
41.4,0.300
41.4,0.300
41.4,0.300
41.4,0.300
41.4,0.300
41.4,0.300
41.4,0.300
41.4,0.300
41.4,0.300
41.4,0.300
41.4,0.300
41.4,0.300
41.4,0.300
41.4,0.300
41.4,0.300
41.4,0.300
41.4,0.300
41.4,0.300
41.4,0.300
41.4,0.300
41.4,0.300
41.4,0.300
41.4,0.305
41.4,0.305
41.4,0.305
41.4,0.305
41.4,0.305
41.4,0.305
41.4,0.305
41.4,0.305
41.5,0.305
41.5,0.305
41.5,0.305
41.5,0.305
41.5,0.305
41.5,0.305
41.5,0.305
41.5,0.305
41.5,0.305
41.5,0.305
41.5,0.305
41.5,0.305
41.5,0.305
41.5,0.305
41.5,0.305
41.5,0.305
41.5,0.305
41.5,0.305
41.5,0.305
41.5,0.305
41.5,0.305
41.5,0.305
41.5,0.305
41.5,0.305
41.5,0.305
41.5,0.310
41.5,0.310
41.5,0.310
41.5,0.310
41.5,0.310
41.5,0.310
41.5,0.310
41.5,0.310
41.5,0.310
41.5,0.310
41.5,0.310
41.5,0.310
41.5,0.310
41.5,0.310
41.5,0.310
41.5,0.310
41.5,0.310
41.5,0.310
41.5,0.310
41.5,0.310
41.5,0.310
41.5,0.310
41.5,0.310
41.5,0.310
41.5,0.310
41.5,0.310
41.5,0.310
41.5,0.310
41.5,0.310
41.5,0.310
41.5,0.310
41.5,0.310
41.5,0.315
41.5,0.315
41.5,0.315
41.5,0.315
41.5,0.315
41.5,0.315
41.5,0.315
41.5,0.315
41.5,0.315
41.5,0.315
41.5,0.315
41.5,0.315
41.5,0.315
41.5,0.315
41.4,0.315
41.4,0.315
41.4,0.315
41.4,0.315
41.4,0.315
41.4,0.315
41.4,0.315
41.4,0.315
41.4,0.315
41.4,0.315
41.4,0.315
41.4,0.315
41.4,0.315
41.4,0.315
41.4,0.315
41.4,0.315
41.4,0.320
41.4,0.320
41.4,0.320
41.4,0.320
41.4,0.320
41.4,0.320
41.4,0.320
41.4,0.320
41.4,0.320
41.4,0.320
41.4,0.320
41.4,0.320
41.4,0.320
41.4,0.320
41.4,0.320
41.4,0.320
41.4,0.320
41.4,0.320
41.4,0.320
41.4,0.320
41.4,0.320
41.4,0.320
41.4,0.320
41.4,0.320
41.4,0.320
41.4,0.320
41.4,0.320
41.4,0.320
41.4,0.320
41.4,0.320
41.4,0.320
41.4,0.325
41.4,0.325
41.4,0.325
41.4,0.325
41.4,0.325
41.4,0.325
41.4,0.325
41.4,0.325
41.4,0.325
41.4,0.325
41.4,0.325
41.4,0.325
41.4,0.325
41.4,0.325
41.4,0.325
41.4,0.325
41.4,0.325
41.4,0.325
41.4,0.325
41.4,0.325
41.4,0.325
41.4,0.325
41.4,0.325
41.4,0.325
41.4,0.325
41.4,0.325
41.4,0.325
41.4,0.325
41.4,0.325
41.4,0.325
41.3,0.325
41.3,0.330
41.3,0.330
41.3,0.330
41.3,0.330
41.3,0.330
41.3,0.330
41.3,0.330
41.3,0.330
41.3,0.330
41.3,0.330
41.3,0.330
41.3,0.330
41.3,0.330
41.3,0.330
41.3,0.330
41.3,0.330
41.3,0.330
41.3,0.330
41.3,0.330
41.2,0.330
41.2,0.330
41.2,0.330
41.2,0.330
41.2,0.330
41.2,0.330
41.2,0.330
41.2,0.330
41.2,0.330
41.2,0.330
41.2,0.330
41.2,0.330
41.2,0.330
41.2,0.335
41.2,0.335
41.2,0.335
41.2,0.335
41.2,0.335
41.2,0.335
41.2,0.335
41.2,0.335
41.2,0.335
41.2,0.335
41.2,0.335
41.2,0.335
41.2,0.335
41.2,0.335
41.2,0.335
41.2,0.335
41.2,0.335
41.2,0.335
41.2,0.335
41.2,0.335
41.3,0.335
41.3,0.335
41.3,0.335
41.3,0.335
41.3,0.335
41.3,0.335
41.3,0.335
41.3,0.335
41.3,0.335
41.3,0.335
41.3,0.340
41.3,0.340
41.3,0.340
41.3,0.340
41.3,0.340
41.3,0.340
41.3,0.340
41.3,0.340
41.3,0.340
41.3,0.340
41.3,0.340
41.3,0.340
41.3,0.340
41.3,0.340
41.3,0.340
41.3,0.340
41.3,0.340
41.3,0.340
41.2,0.340
41.2,0.340
41.2,0.340
41.2,0.340
41.2,0.340
41.2,0.340
41.2,0.340
41.2,0.340
41.2,0.340
41.2,0.340
41.2,0.340
41.2,0.340
41.2,0.340
41.2,0.340
41.2,0.345
41.2,0.345
41.2,0.345
41.3,0.345
41.3,0.345
41.3,0.345
41.3,0.345
41.3,0.345
41.3,0.345
41.3,0.345
41.3,0.345
41.3,0.345
41.2,0.345
41.2,0.345
41.2,0.345
41.2,0.345
41.2,0.345
41.2,0.345
41.2,0.345
41.2,0.345
41.2,0.345
41.2,0.345
41.2,0.345
41.2,0.345
41.2,0.345
41.2,0.345
41.2,0.345
41.2,0.345
41.2,0.345
41.2,0.345
41.2,0.345
41.2,0.350
41.2,0.350
41.3,0.350
41.3,0.350
41.3,0.350
41.3,0.350
41.3,0.350
41.3,0.350
41.3,0.350
41.3,0.350
41.3,0.350
41.3,0.350
41.2,0.350
41.2,0.350
41.2,0.350
41.2,0.350
41.2,0.350
41.2,0.350
41.2,0.350
41.2,0.350
41.2,0.350
41.2,0.350
41.2,0.350
41.2,0.350
41.2,0.350
41.2,0.350
41.2,0.350
41.2,0.350
41.2,0.350
41.2,0.350
41.2,0.350
41.2,0.355
41.2,0.355
41.2,0.355
41.2,0.355
41.2,0.355
41.2,0.355
41.2,0.355
41.2,0.355
41.2,0.355
41.2,0.355
41.3,0.355
41.3,0.355
41.3,0.355
41.3,0.355
41.3,0.355
41.3,0.355
41.3,0.355
41.3,0.355
41.3,0.355
41.3,0.355
41.3,0.355
41.3,0.355
41.3,0.355
41.3,0.355
41.3,0.355
41.3,0.355
41.3,0.355
41.3,0.355
41.3,0.355
41.3,0.355
41.3,0.360
41.3,0.360
41.3,0.360
41.3,0.360
41.3,0.360
41.3,0.360
41.3,0.360
41.3,0.360
41.3,0.360
41.3,0.360
41.3,0.360
41.3,0.360
41.3,0.360
41.3,0.360
41.3,0.360
41.3,0.360
41.3,0.360
41.3,0.360
41.3,0.360
41.3,0.360
41.3,0.360
41.3,0.360
41.3,0.360
41.3,0.360
41.3,0.360
41.3,0.360
41.3,0.360
41.3,0.360
41.3,0.360
41.3,0.360
41.3,0.365
41.3,0.365
41.3,0.365
41.3,0.365
41.3,0.365
41.3,0.365
41.3,0.365
41.3,0.365
41.3,0.365
41.3,0.365
41.3,0.365
41.3,0.365
41.3,0.365
41.3,0.365
41.3,0.365
41.3,0.365
41.3,0.365
41.3,0.365
41.3,0.365
41.3,0.365
41.3,0.365
41.3,0.365
41.3,0.365
41.3,0.365
41.3,0.365
41.3,0.365
41.3,0.365
41.4,0.365
41.4,0.365
41.4,0.365
41.4,0.365
41.4,0.365
41.4,0.370
41.4,0.370
41.4,0.370
41.4,0.370
41.4,0.370
41.4,0.370
41.4,0.370
41.4,0.370
41.4,0.370
41.4,0.370
41.4,0.370
41.4,0.370
41.4,0.370
41.4,0.370
41.4,0.370
41.4,0.370
41.4,0.370
41.4,0.370
41.4,0.370
41.4,0.370
41.4,0.370
41.4,0.370
41.4,0.370
41.4,0.370
41.4,0.370
41.4,0.370
41.5,0.370
41.5,0.370
41.5,0.370
41.5,0.370
41.5,0.370
41.5,0.370
41.5,0.375
41.5,0.375
41.5,0.375
41.5,0.375
41.5,0.375
41.5,0.375
41.5,0.375
41.5,0.375
41.5,0.375
41.5,0.375
41.5,0.375
41.5,0.375
41.5,0.375
41.5,0.375
41.5,0.375
41.5,0.375
41.5,0.375
41.5,0.375
41.5,0.375
41.5,0.375
41.5,0.375
41.5,0.375
41.5,0.375
41.5,0.375
41.5,0.375
41.5,0.375
41.5,0.375
41.5,0.375
41.5,0.375
41.5,0.375
41.5,0.375
41.5,0.380
41.5,0.380
41.5,0.380
41.5,0.380
41.6,0.380
41.6,0.380
41.6,0.380
41.6,0.380
41.6,0.380
41.6,0.380
41.6,0.380
41.6,0.380
41.6,0.380
41.6,0.380
41.6,0.380
41.6,0.380
41.6,0.380
41.6,0.380
41.6,0.380
41.6,0.380
41.6,0.380
41.6,0.380
41.6,0.380
41.6,0.380
41.6,0.380
41.6,0.380
41.6,0.380
41.6,0.380
41.6,0.385
41.6,0.385
41.7,0.385
41.7,0.385
41.7,0.385
41.7,0.385
41.7,0.385
41.7,0.385
41.7,0.385
41.7,0.385
41.7,0.385
41.7,0.385
41.7,0.385
41.7,0.385
41.7,0.385
41.7,0.385
41.7,0.385
41.7,0.385
41.7,0.385
41.7,0.385
41.7,0.385
41.7,0.385
41.7,0.385
41.7,0.385
41.7,0.385
41.7,0.385
41.7,0.385
41.7,0.385
41.7,0.385
41.7,0.390
41.7,0.390
41.7,0.390
41.7,0.390
41.7,0.390
41.7,0.390
41.7,0.390
41.7,0.390
41.7,0.390
41.7,0.390
41.7,0.390
41.7,0.390
41.7,0.390
41.7,0.390
41.7,0.390
41.7,0.390
41.7,0.390
41.7,0.390
41.7,0.390
41.7,0.390
41.7,0.390
41.6,0.390
41.6,0.390
41.6,0.390
41.6,0.390
41.6,0.390
41.6,0.390
41.6,0.390
41.6,0.395
41.6,0.395
41.6,0.395
41.6,0.395
41.6,0.395
41.6,0.395
41.6,0.395
41.7,0.395
41.7,0.395
41.7,0.395
41.7,0.395
41.7,0.395
41.7,0.395
41.7,0.395
41.7,0.395
41.7,0.395
41.7,0.395
41.7,0.395
41.7,0.395
41.7,0.395
41.7,0.395
41.7,0.395
41.7,0.395
41.7,0.395
41.7,0.395
41.7,0.395
41.7,0.395
41.7,0.395
41.7,0.400
41.7,0.400
41.7,0.400
41.7,0.400
41.7,0.400
41.7,0.400
41.7,0.400
41.7,0.400
41.7,0.400
41.7,0.400
41.7,0.400
41.7,0.400
41.7,0.400
41.7,0.400
41.7,0.400
41.7,0.400
41.7,0.400
41.7,0.400
41.7,0.400
41.7,0.400
41.7,0.400
41.8,0.400
41.8,0.400
41.8,0.400
41.8,0.400
41.8,0.400
41.8,0.400
41.8,0.405
41.8,0.405
41.8,0.405
41.8,0.405
41.8,0.405
41.8,0.405
41.8,0.405
41.8,0.405
41.8,0.405
41.8,0.405
41.8,0.405
41.8,0.405
41.8,0.405
41.8,0.405
41.8,0.405
41.8,0.405
41.8,0.405
41.8,0.405
41.8,0.405
41.8,0.405
41.8,0.405
41.8,0.405
41.8,0.405
41.9,0.405
41.9,0.405
41.9,0.405
41.9,0.405
41.9,0.405
41.9,0.405
41.9,0.410
41.9,0.410
41.9,0.410
41.9,0.410
41.9,0.410
41.9,0.410
41.9,0.410
41.9,0.410
41.9,0.410
41.9,0.410
41.9,0.410
41.9,0.410
41.9,0.410
41.9,0.410
41.9,0.410
41.8,0.410
41.8,0.410
41.8,0.410
41.8,0.410
41.8,0.410
41.8,0.410
41.8,0.410
41.8,0.410
41.8,0.410
41.8,0.410
41.8,0.410
41.8,0.410
41.8,0.410
41.8,0.415
41.8,0.415
41.8,0.415
41.8,0.415
41.8,0.415
41.8,0.415
41.8,0.415
41.8,0.415
41.8,0.415
41.8,0.415
41.8,0.415
41.8,0.415
41.8,0.415
41.8,0.415
41.8,0.415
41.8,0.415
41.8,0.415
41.8,0.415
41.8,0.415
41.8,0.415
41.8,0.415
41.8,0.415
41.8,0.415
41.8,0.415
41.8,0.415
41.8,0.420
41.8,0.420
41.8,0.420
41.8,0.420
41.8,0.420
41.8,0.420
41.8,0.420
41.8,0.420
41.8,0.420
41.8,0.420
41.8,0.420
41.8,0.420
41.8,0.420
41.8,0.420
41.8,0.420
41.8,0.420
41.8,0.420
41.8,0.420
41.8,0.420
41.8,0.420
41.8,0.420
41.8,0.420
41.8,0.420
41.8,0.420
41.8,0.420
41.8,0.420
41.8,0.420
41.8,0.420
41.8,0.425
41.8,0.425
41.8,0.425
41.8,0.425
41.8,0.425
41.8,0.425
41.8,0.425
41.8,0.425
41.8,0.425
41.8,0.425
41.8,0.425
41.8,0.425
41.8,0.425
41.8,0.425
41.8,0.425
41.8,0.425
41.8,0.425
41.8,0.425
41.8,0.425
41.8,0.425
41.8,0.425
41.8,0.425
41.8,0.425
41.8,0.425
41.8,0.425
41.9,0.425
41.9,0.425
41.9,0.425
41.9,0.430
41.9,0.430
41.9,0.430
41.9,0.430
41.8,0.430
41.8,0.430
41.8,0.430
41.8,0.430
41.8,0.430
41.8,0.430
41.8,0.430
41.8,0.430
41.8,0.430
41.8,0.430
41.8,0.430
41.8,0.430
41.8,0.430
41.8,0.430
41.8,0.430
41.8,0.430
41.8,0.430
41.8,0.430
41.8,0.430
41.8,0.430
41.8,0.430
41.8,0.430
41.8,0.430
41.8,0.430
41.8,0.430
41.8,0.430
41.8,0.435
41.8,0.435
41.8,0.435
41.8,0.435
41.8,0.435
41.8,0.435
41.8,0.435
41.8,0.435
41.8,0.435
41.8,0.435
41.8,0.435
41.8,0.435
41.8,0.435
41.8,0.435
41.8,0.435
41.8,0.435
41.8,0.435
41.8,0.435
41.8,0.435
41.8,0.435
41.8,0.435
41.8,0.435
41.8,0.435
41.8,0.435
41.8,0.435
41.8,0.435
41.8,0.435
41.8,0.435
41.8,0.435
41.8,0.440
41.8,0.440
41.9,0.440
41.9,0.440
41.9,0.440
41.9,0.440
41.9,0.440
41.9,0.440
41.9,0.440
41.9,0.440
41.9,0.440
41.9,0.440
41.9,0.440
41.9,0.440
41.9,0.440
41.9,0.440
41.9,0.440
41.9,0.440
41.9,0.440
41.9,0.440
41.9,0.440
41.9,0.440
41.9,0.440
41.9,0.440
41.9,0.440
41.9,0.440
41.9,0.445
41.9,0.445
41.9,0.445
41.9,0.445
41.9,0.445
41.9,0.445
41.9,0.445
41.9,0.445
41.9,0.445
41.9,0.445
41.9,0.445
41.9,0.445
41.9,0.445
41.9,0.445
41.9,0.445
41.9,0.445
41.9,0.445
41.9,0.445
41.9,0.445
41.9,0.445
41.9,0.445
41.9,0.445
41.9,0.445
41.9,0.445
41.9,0.445
41.9,0.445
41.9,0.445
41.9,0.450
41.9,0.450
41.9,0.450
41.9,0.450
41.9,0.450
41.9,0.450
41.9,0.450
41.9,0.450
41.9,0.450
41.9,0.450
41.9,0.450
41.9,0.450
41.9,0.450
41.9,0.450
41.9,0.450
41.9,0.450
41.9,0.450
41.9,0.450
41.9,0.450
41.9,0.450
41.9,0.450
41.9,0.450
41.9,0.450
41.9,0.450
41.9,0.450
41.9,0.450
41.9,0.450
41.9,0.455
41.9,0.455
41.9,0.455
41.9,0.455
41.9,0.455
41.9,0.455
41.9,0.455
41.9,0.455
41.9,0.455
41.9,0.455
41.9,0.455
41.9,0.455
41.9,0.455
41.9,0.455
41.9,0.455
41.9,0.455
41.9,0.455
41.8,0.455
41.8,0.455
41.8,0.455
41.8,0.455
41.8,0.455
41.8,0.455
41.8,0.455
41.8,0.455
41.8,0.455
41.8,0.460
41.8,0.460
41.8,0.460
41.8,0.460
41.8,0.460
41.8,0.460
41.8,0.460
41.8,0.460
41.8,0.460
41.8,0.460
41.8,0.460
41.8,0.460
41.8,0.460
41.8,0.460
41.8,0.460
41.8,0.460
41.8,0.460
41.8,0.460
41.9,0.460
41.9,0.460
41.9,0.460
41.9,0.460
41.9,0.460
41.9,0.460
41.9,0.460
41.9,0.460
41.9,0.465
41.9,0.465
41.9,0.465
41.9,0.465
41.9,0.465
41.9,0.465
41.9,0.465
41.9,0.465
41.9,0.465
41.9,0.465
41.9,0.465
41.9,0.465
41.9,0.465
41.9,0.465
41.9,0.465
41.9,0.465
41.9,0.465
41.9,0.465
41.9,0.465
41.9,0.465
41.9,0.465
41.9,0.465
41.9,0.465
41.9,0.465
41.9,0.465
41.9,0.465
41.9,0.465
41.9,0.465
41.9,0.465
41.9,0.470
41.9,0.470
41.9,0.470
41.9,0.470
41.9,0.470
41.9,0.470
41.9,0.470
41.9,0.470
41.9,0.470
41.9,0.470
41.9,0.470
41.9,0.470
41.9,0.470
41.9,0.470
41.9,0.470
41.9,0.470
41.9,0.470
41.9,0.470
41.9,0.470
42.0,0.470
42.0,0.470
42.0,0.470
42.0,0.470
42.0,0.470
42.0,0.470
42.0,0.470
42.0,0.470
42.0,0.470
42.0,0.475
42.0,0.475
42.0,0.475
42.0,0.475
42.0,0.475
42.0,0.475
42.0,0.475
42.0,0.475
42.0,0.475
42.0,0.475
42.0,0.475
42.0,0.475
42.0,0.475
42.0,0.475
42.0,0.475
42.0,0.475
42.0,0.475
42.0,0.475
42.0,0.475
42.0,0.475
42.0,0.475
42.0,0.475
42.0,0.475
42.1,0.475
42.1,0.475
42.1,0.480
42.1,0.480
42.1,0.480
42.1,0.480
42.1,0.480
42.1,0.480
42.1,0.480
42.1,0.480
42.1,0.480
42.1,0.480
42.1,0.480
42.1,0.480
42.1,0.480
42.1,0.480
42.1,0.480
42.1,0.480
42.1,0.480
42.1,0.480
42.1,0.480
42.1,0.480
42.1,0.480
42.1,0.480
42.1,0.480
42.1,0.480
42.1,0.480
42.1,0.485
42.1,0.485
42.1,0.485
42.1,0.485
42.1,0.485
42.1,0.485
42.1,0.485
42.1,0.485
42.1,0.485
42.1,0.485
42.1,0.485
42.2,0.485
42.2,0.485
42.2,0.485
42.2,0.485
42.2,0.485
42.2,0.485
42.2,0.485
42.2,0.485
42.2,0.485
42.2,0.485
42.2,0.485
42.2,0.485
42.2,0.485
42.2,0.490
42.2,0.490
42.2,0.490
42.2,0.490
42.2,0.490
42.2,0.490
42.2,0.490
42.2,0.490
42.2,0.490
42.2,0.490
42.2,0.490
42.2,0.490
42.2,0.490
42.2,0.490
42.2,0.490
42.2,0.490
42.2,0.490
42.2,0.490
42.2,0.490
42.2,0.490
42.2,0.490
42.2,0.490
42.2,0.490
42.2,0.490
42.3,0.490
42.3,0.495
42.3,0.495
42.3,0.495
42.3,0.495
42.3,0.495
42.3,0.495
42.3,0.495
42.3,0.495
42.3,0.495
42.3,0.495
42.3,0.495
42.3,0.495
42.3,0.495
42.3,0.495
42.3,0.495
42.3,0.495
42.3,0.495
42.3,0.495
42.3,0.495
42.3,0.495
42.3,0.495
42.3,0.495
42.2,0.495
42.2,0.500
42.2,0.500
42.2,0.500
42.2,0.500
42.2,0.500
42.2,0.500
42.2,0.500
42.2,0.500
42.2,0.500
42.2,0.500
42.2,0.500
42.2,0.500
42.2,0.500
42.2,0.500
42.2,0.500
42.2,0.500
42.2,0.500
42.2,0.500
42.2,0.500
42.2,0.500
42.2,0.500
42.2,0.500
42.2,0.500
42.2,0.500
42.2,0.500
42.2,0.500
42.2,0.505
42.2,0.505
42.2,0.505
42.2,0.505
42.2,0.505
42.2,0.505
42.2,0.505
42.2,0.505
42.2,0.505
42.2,0.505
42.2,0.505
42.2,0.505
42.3,0.505
42.3,0.505
42.3,0.505
42.3,0.505
42.3,0.505
42.3,0.505
42.3,0.505
42.3,0.505
42.3,0.505
42.3,0.505
42.3,0.505
42.2,0.505
42.2,0.505
42.2,0.505
42.2,0.510
42.2,0.510
42.2,0.510
42.2,0.510
42.2,0.510
42.2,0.510
42.2,0.510
42.2,0.510
42.2,0.510
42.2,0.510
42.2,0.510
42.2,0.510
42.2,0.510
42.2,0.510
42.2,0.510
42.2,0.510
42.2,0.510
42.2,0.510
42.2,0.510
42.2,0.510
42.2,0.510
42.2,0.510
42.2,0.510
42.2,0.510
42.2,0.510
42.2,0.510
42.2,0.515
42.2,0.515
42.2,0.515
42.2,0.515
42.2,0.515
42.2,0.515
42.2,0.515
42.2,0.515
42.2,0.515
42.2,0.515
42.2,0.515
42.2,0.515
42.2,0.515
42.2,0.515
42.2,0.515
42.2,0.515
42.2,0.515
42.2,0.515
42.2,0.515
42.2,0.515
42.2,0.515
42.2,0.515
42.2,0.515
42.2,0.515
42.2,0.515
42.2,0.520
42.2,0.520
42.2,0.520
42.2,0.520
42.2,0.520
42.2,0.520
42.1,0.520
42.1,0.520
42.1,0.520
42.1,0.520
42.1,0.520
42.1,0.520
42.1,0.520
42.1,0.520
42.1,0.520
42.1,0.520
42.1,0.520
42.1,0.520
42.1,0.520
42.1,0.520
42.1,0.520
42.1,0.520
42.1,0.520
42.1,0.520
42.1,0.525
42.1,0.525
42.1,0.525
42.1,0.525
42.1,0.525
42.1,0.525
42.1,0.525
42.1,0.525
42.1,0.525
42.0,0.525
42.0,0.525
42.0,0.525
42.0,0.525
42.0,0.525
42.0,0.525
42.0,0.525
42.0,0.525
42.0,0.525
42.0,0.525
42.0,0.525
42.0,0.525
42.0,0.525
42.0,0.525
42.0,0.525
42.1,0.525
42.1,0.525
42.1,0.530
42.1,0.530
42.1,0.530
42.1,0.530
42.1,0.530
42.1,0.530
42.1,0.530
42.1,0.530
42.1,0.530
42.1,0.530
42.1,0.530
42.1,0.530
42.1,0.530
42.1,0.530
42.1,0.530
42.1,0.530
42.1,0.530
42.1,0.530
42.1,0.530
42.1,0.530
42.1,0.530
42.1,0.530
42.0,0.530
42.0,0.530
42.0,0.530
42.0,0.530
42.0,0.535
42.0,0.535
42.0,0.535
42.0,0.535
42.0,0.535
42.0,0.535
42.0,0.535
42.0,0.535
42.0,0.535
42.0,0.535
42.0,0.535
42.0,0.535
42.0,0.535
42.0,0.535
42.0,0.535
42.0,0.535
42.0,0.535
42.0,0.535
42.0,0.535
42.0,0.535
42.0,0.535
42.0,0.535
42.0,0.535
42.0,0.535
42.0,0.540
42.0,0.540
42.0,0.540
42.0,0.540
42.0,0.540
42.0,0.540
42.0,0.540
42.0,0.540
42.0,0.540
42.0,0.540
42.0,0.540
42.0,0.540
42.0,0.540
42.0,0.540
42.0,0.540
42.0,0.540
42.0,0.540
42.0,0.540
42.0,0.540
41.9,0.540
41.9,0.540
41.9,0.540
41.9,0.545
41.9,0.545
41.9,0.545
41.9,0.545
41.9,0.545
41.9,0.545
41.9,0.545
41.9,0.545
41.9,0.545
41.9,0.545
41.9,0.545
41.9,0.545
41.9,0.545
41.9,0.545
41.9,0.545
41.9,0.545
41.9,0.545
41.9,0.545
41.9,0.545
41.9,0.545
41.9,0.545
42.0,0.545
42.0,0.545
42.0,0.545
42.0,0.545
42.0,0.550
42.0,0.550
42.0,0.550
42.0,0.550
42.0,0.550
42.0,0.550
42.0,0.550
42.0,0.550
42.0,0.550
42.0,0.550
42.0,0.550
42.0,0.550
42.0,0.550
42.0,0.550
42.0,0.550
42.0,0.550
42.0,0.550
42.0,0.550
42.0,0.550
42.0,0.550
42.0,0.550
42.0,0.550
42.0,0.550
42.0,0.555
42.0,0.555
42.0,0.555
42.0,0.555
42.0,0.555
42.0,0.555
42.0,0.555
42.0,0.555
42.0,0.555
42.0,0.555
42.0,0.555
42.0,0.555
42.0,0.555
42.0,0.555
42.0,0.555
42.0,0.555
42.0,0.555
42.0,0.555
42.0,0.555
42.0,0.555
42.0,0.555
42.0,0.555
42.0,0.560
42.0,0.560
42.0,0.560
42.0,0.560
42.0,0.560
42.0,0.560
42.0,0.560
42.0,0.560
42.0,0.560
42.0,0.560
42.0,0.560
42.0,0.560
42.0,0.560
42.0,0.560
42.0,0.560
42.0,0.560
42.0,0.560
42.0,0.560
42.0,0.560
42.0,0.560
42.0,0.560
41.9,0.560
41.9,0.565
41.9,0.565
41.9,0.565
41.9,0.565
41.9,0.565
41.9,0.565
42.0,0.565
42.0,0.565
42.0,0.565
42.0,0.565
42.0,0.565
42.0,0.565
42.0,0.565
42.0,0.565
42.0,0.565
42.0,0.565
42.0,0.565
42.0,0.565
42.0,0.565
42.0,0.565
42.0,0.565
42.0,0.565
42.0,0.565
42.0,0.570
42.0,0.570
42.0,0.570
42.0,0.570
42.0,0.570
42.0,0.570
42.0,0.570
42.0,0.570
42.0,0.570
42.0,0.570
42.0,0.570
42.0,0.570
42.0,0.570
42.0,0.570
42.0,0.570
42.0,0.570
42.0,0.570
42.0,0.570
42.0,0.570
42.0,0.570
42.0,0.570
42.1,0.570
42.1,0.570
42.1,0.575
42.1,0.575
42.1,0.575
42.1,0.575
42.1,0.575
42.1,0.575
42.1,0.575
42.1,0.575
42.1,0.575
42.1,0.575
42.1,0.575
42.1,0.575
42.1,0.575
42.1,0.575
42.1,0.575
42.1,0.575
42.1,0.575
42.1,0.575
42.1,0.575
42.1,0.575
42.1,0.575
42.1,0.580
42.1,0.580
42.1,0.580
42.1,0.580
42.1,0.580
42.1,0.580
42.1,0.580
42.1,0.580
42.2,0.580
42.2,0.580
42.2,0.580
42.2,0.580
42.2,0.580
42.2,0.580
42.2,0.580
42.2,0.580
42.2,0.580
42.2,0.580
42.2,0.580
42.2,0.580
42.2,0.580
42.2,0.580
42.2,0.580
42.2,0.585
42.2,0.585
42.2,0.585
42.2,0.585
42.2,0.585
42.2,0.585
42.2,0.585
42.2,0.585
42.2,0.585
42.2,0.585
42.2,0.585
42.2,0.585
42.2,0.585
42.2,0.585
42.2,0.585
42.2,0.585
42.2,0.585
42.2,0.585
42.2,0.585
42.2,0.585
42.2,0.585
42.2,0.585
42.2,0.590
42.2,0.590
42.2,0.590
42.2,0.590
42.2,0.590
42.2,0.590
42.2,0.590
42.2,0.590
42.2,0.590
42.2,0.590
42.2,0.590
42.2,0.590
42.2,0.590
42.2,0.590
42.2,0.590
42.2,0.590
42.2,0.590
42.2,0.590
42.2,0.590
42.2,0.590
42.2,0.590
42.2,0.590
42.2,0.595
42.2,0.595
42.2,0.595
42.2,0.595
42.2,0.595
42.2,0.595
42.2,0.595
42.2,0.595
42.2,0.595
42.2,0.595
42.2,0.595
42.2,0.595
42.2,0.595
42.2,0.595
42.2,0.595
42.2,0.595
42.2,0.595
42.2,0.595
42.2,0.595
42.2,0.595
42.2,0.595
42.2,0.600
42.2,0.600
42.2,0.600
42.2,0.600
42.2,0.600
42.2,0.600
42.2,0.600
42.2,0.600
42.2,0.600
42.2,0.600
42.2,0.600
42.2,0.600
42.2,0.600
42.2,0.600
42.2,0.600
42.2,0.600
42.2,0.600
42.2,0.600
42.2,0.600
42.2,0.600
42.2,0.605
42.2,0.605
42.2,0.605
42.2,0.605
42.2,0.605
42.2,0.605
42.2,0.605
42.2,0.605
42.2,0.605
42.2,0.605
42.2,0.605
42.2,0.605
42.2,0.605
42.2,0.605
42.2,0.605
42.2,0.605
42.2,0.605
42.2,0.605
42.2,0.605
42.2,0.605
42.2,0.605
42.2,0.605
42.2,0.610
42.2,0.610
42.2,0.610
42.2,0.610
42.2,0.610
42.2,0.610
42.1,0.610
42.1,0.610
42.1,0.610
42.1,0.610
42.1,0.610
42.1,0.610
42.1,0.610
42.1,0.610
42.1,0.610
42.1,0.610
42.1,0.610
42.1,0.610
42.1,0.610
42.1,0.610
42.1,0.610
42.1,0.615
42.1,0.615
42.1,0.615
42.1,0.615
42.1,0.615
42.1,0.615
42.1,0.615
42.1,0.615
42.1,0.615
42.1,0.615
42.1,0.615
42.1,0.615
42.1,0.615
42.1,0.615
42.1,0.615
42.1,0.615
42.1,0.615
42.1,0.615
42.1,0.615
42.1,0.615
42.1,0.615
42.1,0.620
42.1,0.620
42.1,0.620
42.1,0.620
42.1,0.620
42.1,0.620
42.1,0.620
42.1,0.620
42.1,0.620
42.1,0.620
42.1,0.620
42.1,0.620
42.1,0.620
42.1,0.620
42.1,0.620
42.1,0.620
42.1,0.620
42.1,0.620
42.1,0.620
42.1,0.625
42.1,0.625
42.1,0.625
42.1,0.625
42.1,0.625
42.1,0.625
42.1,0.625
42.1,0.625
42.1,0.625
42.2,0.625
42.2,0.625
42.2,0.625
42.2,0.625
42.2,0.625
42.2,0.625
42.2,0.625
42.2,0.625
42.2,0.625
42.2,0.625
42.2,0.625
42.2,0.625
42.2,0.625
42.2,0.630
42.2,0.630
42.2,0.630
42.2,0.630
42.2,0.630
42.2,0.630
42.2,0.630
42.2,0.630
42.2,0.630
42.2,0.630
42.2,0.630
42.2,0.630
42.2,0.630
42.2,0.630
42.2,0.630
42.2,0.630
42.2,0.630
42.2,0.630
42.2,0.630
42.2,0.630
42.2,0.635
42.2,0.635
42.2,0.635
42.2,0.635
42.2,0.635
42.2,0.635
42.2,0.635
42.2,0.635
42.2,0.635
42.2,0.635
42.2,0.635
42.2,0.635
42.2,0.635
42.2,0.635
42.2,0.635
42.2,0.635
42.2,0.635
42.2,0.635
42.2,0.635
42.2,0.635
42.2,0.640
42.2,0.640
42.2,0.640
42.2,0.640
42.2,0.640
42.2,0.640
42.2,0.640
42.2,0.640
42.2,0.640
42.2,0.640
42.2,0.640
42.2,0.640
42.2,0.640
42.2,0.640
42.2,0.640
42.2,0.640
42.2,0.640
42.2,0.640
42.2,0.640
42.2,0.640
42.2,0.640
42.2,0.640
42.2,0.645
42.2,0.645
42.2,0.645
42.2,0.645
42.2,0.645
42.2,0.645
42.2,0.645
42.2,0.645
42.2,0.645
42.2,0.645
42.2,0.645
42.2,0.645
42.2,0.645
42.2,0.645
42.2,0.645
42.2,0.645
42.2,0.645
42.2,0.645
42.2,0.645
42.2,0.645
42.2,0.645
42.2,0.645
42.2,0.650
42.2,0.650
42.2,0.650
42.2,0.650
42.2,0.650
42.2,0.650
42.2,0.650
42.2,0.650
42.2,0.650
42.2,0.650
42.2,0.650
42.2,0.650
42.2,0.650
42.2,0.650
42.3,0.650
42.3,0.650
42.3,0.650
42.3,0.650
42.3,0.650
42.3,0.650
42.3,0.650
42.3,0.650
42.3,0.650
42.3,0.655
42.3,0.655
42.3,0.655
42.3,0.655
42.3,0.655
42.3,0.655
42.3,0.655
42.3,0.655
42.3,0.655
42.3,0.655
42.3,0.655
42.3,0.655
42.3,0.655
42.3,0.655
42.3,0.655
42.3,0.655
42.4,0.655
42.4,0.655
42.4,0.655
42.4,0.655
42.4,0.655
42.4,0.660
42.4,0.660
42.4,0.660
42.4,0.660
42.4,0.660
42.3,0.660
42.3,0.660
42.3,0.660
42.3,0.660
42.3,0.660
42.3,0.660
42.3,0.660
42.3,0.660
42.3,0.660
42.3,0.660
42.3,0.660
42.3,0.660
42.3,0.660
42.3,0.660
42.3,0.660
42.3,0.660
42.3,0.660
42.3,0.665
42.3,0.665
42.3,0.665
42.3,0.665
42.3,0.665
42.3,0.665
42.3,0.665
42.3,0.665
42.3,0.665
42.3,0.665
42.3,0.665
42.3,0.665
42.3,0.665
42.3,0.665
42.3,0.665
42.3,0.665
42.3,0.665
42.3,0.665
42.3,0.665
42.3,0.665
42.3,0.670
42.3,0.670
42.3,0.670
42.3,0.670
42.3,0.670
42.3,0.670
42.3,0.670
42.3,0.670
42.3,0.670
42.3,0.670
42.3,0.670
42.3,0.670
42.3,0.670
42.3,0.670
42.4,0.670
42.4,0.670
42.4,0.670
42.4,0.670
42.4,0.670
42.4,0.670
42.4,0.670
42.4,0.675
42.4,0.675
42.4,0.675
42.3,0.675
42.3,0.675
42.3,0.675
42.3,0.675
42.3,0.675
42.3,0.675
42.3,0.675
42.3,0.675
42.3,0.675
42.3,0.675
42.3,0.675
42.3,0.675
42.3,0.675
42.3,0.675
42.3,0.675
42.3,0.675
42.3,0.675
42.3,0.680
42.3,0.680
42.3,0.680
42.3,0.680
42.3,0.680
42.3,0.680
42.3,0.680
42.3,0.680
42.3,0.680
42.3,0.680
42.3,0.680
42.3,0.680
42.3,0.680
42.3,0.680
42.3,0.680
42.3,0.680
42.3,0.680
42.3,0.680
42.3,0.680
42.3,0.680
42.3,0.685
42.3,0.685
42.3,0.685
42.3,0.685
42.3,0.685
42.3,0.685
42.3,0.685
42.3,0.685
42.3,0.685
42.3,0.685
42.3,0.685
42.3,0.685
42.3,0.685
42.3,0.685
42.3,0.685
42.3,0.685
42.4,0.685
42.4,0.685
42.4,0.685
42.4,0.685
42.4,0.685
42.4,0.690
42.4,0.690
42.4,0.690
42.4,0.690
42.4,0.690
42.4,0.690
42.4,0.690
42.4,0.690
42.4,0.690
42.4,0.690
42.4,0.690
42.4,0.690
42.4,0.690
42.4,0.690
42.5,0.690
42.5,0.690
42.5,0.690
42.5,0.690
42.5,0.690
42.5,0.690
42.5,0.690
42.5,0.690
42.5,0.695
42.5,0.695
42.5,0.695
42.5,0.695
42.5,0.695
42.4,0.695
42.4,0.695
42.4,0.695
42.4,0.695
42.4,0.695
42.4,0.695
42.4,0.695
42.4,0.695
42.4,0.695
42.4,0.695
42.4,0.695
42.4,0.695
42.4,0.695
42.4,0.695
42.4,0.695
42.4,0.695
42.4,0.700
42.4,0.700
42.4,0.700
42.4,0.700
42.4,0.700
42.4,0.700
42.4,0.700
42.4,0.700
42.4,0.700
42.4,0.700
42.4,0.700
42.4,0.700
42.4,0.700
42.4,0.700
42.4,0.700
42.4,0.700
42.4,0.700
42.4,0.700
42.4,0.700
42.4,0.700
42.4,0.705
42.5,0.705
42.5,0.705
42.5,0.705
42.5,0.705
42.5,0.705
42.5,0.705
42.5,0.705
42.5,0.705
42.5,0.705
42.5,0.705
42.5,0.705
42.5,0.705
42.5,0.705
42.5,0.705
42.5,0.705
42.5,0.705
42.5,0.705
42.5,0.705
42.5,0.705
42.5,0.705
42.5,0.705
42.5,0.710
42.5,0.710
42.5,0.710
42.5,0.710
42.5,0.710
42.5,0.710
42.5,0.710
42.5,0.710
42.5,0.710
42.5,0.710
42.5,0.710
42.5,0.710
42.5,0.710
42.5,0.710
42.5,0.710
42.5,0.710
42.5,0.710
42.5,0.710
42.5,0.710
42.5,0.710
42.5,0.710
42.5,0.710
42.5,0.715
42.5,0.715
42.5,0.715
42.5,0.715
42.5,0.715
42.5,0.715
42.5,0.715
42.5,0.715
42.5,0.715
42.5,0.715
42.5,0.715
42.5,0.715
42.5,0.715
42.5,0.715
42.5,0.715
42.5,0.715
42.5,0.715
42.5,0.715
42.5,0.715
42.5,0.715
42.5,0.715
42.5,0.720
42.6,0.720
42.6,0.720
42.6,0.720
42.6,0.720
42.6,0.720
42.6,0.720
42.6,0.720
42.6,0.720
42.6,0.720
42.6,0.720
42.6,0.720
42.6,0.720
42.6,0.720
42.6,0.720
42.6,0.720
42.6,0.720
42.6,0.720
42.6,0.720
42.6,0.720
42.6,0.720
42.6,0.720
42.6,0.725
42.6,0.725
42.6,0.725
42.6,0.725
42.6,0.725
42.6,0.725
42.6,0.725
42.6,0.725
42.6,0.725
42.6,0.725
42.6,0.725
42.6,0.725
42.6,0.725
42.6,0.725
42.6,0.725
42.6,0.725
42.6,0.725
42.6,0.725
42.6,0.725
42.6,0.725
42.6,0.725
42.6,0.725
42.6,0.725
42.6,0.730
42.6,0.730
42.6,0.730
42.6,0.730
42.6,0.730
42.6,0.730
42.6,0.730
42.6,0.730
42.6,0.730
42.6,0.730
42.6,0.730
42.6,0.730
42.6,0.730
42.6,0.730
42.6,0.730
42.6,0.730
42.6,0.730
42.6,0.730
42.6,0.730
42.6,0.730
42.6,0.730
42.6,0.730
42.6,0.735
42.6,0.735
42.6,0.735
42.6,0.735
42.6,0.735
42.6,0.735
42.6,0.735
42.6,0.735
42.6,0.735
42.6,0.735
42.6,0.735
42.6,0.735
42.6,0.735
42.6,0.735
42.6,0.735
42.6,0.735
42.6,0.735
42.6,0.735
42.6,0.735
42.6,0.735
42.6,0.735
42.6,0.740
42.6,0.740
42.6,0.740
42.6,0.740
42.6,0.740
42.6,0.740
42.6,0.740
42.6,0.740
42.6,0.740
42.6,0.740
42.6,0.740
42.6,0.740
42.6,0.740
42.6,0.740
42.6,0.740
42.6,0.740
42.6,0.740
42.6,0.740
42.6,0.740
42.6,0.740
42.6,0.740
42.6,0.740
42.6,0.745
42.6,0.745
42.6,0.745
42.6,0.745
42.6,0.745
42.6,0.745
42.6,0.745
42.6,0.745
42.6,0.745
42.6,0.745
42.6,0.745
42.6,0.745
42.6,0.745
42.6,0.745
42.6,0.745
42.7,0.745
42.7,0.745
42.7,0.745
42.7,0.745
42.7,0.745
42.7,0.745
42.7,0.750
42.7,0.750
42.7,0.750
42.7,0.750
42.7,0.750
42.7,0.750
42.7,0.750
42.7,0.750
42.7,0.750
42.7,0.750
42.7,0.750
42.7,0.750
42.7,0.750
42.7,0.750
42.7,0.750
42.7,0.750
42.7,0.750
42.7,0.750
42.7,0.750
42.7,0.750
42.7,0.750
42.7,0.750
42.7,0.755
42.7,0.755
42.7,0.755
42.7,0.755
42.7,0.755
42.7,0.755
42.7,0.755
42.7,0.755
42.7,0.755
42.7,0.755
42.7,0.755
42.7,0.755
42.7,0.755
42.7,0.755
42.7,0.755
42.7,0.755
42.7,0.755
42.7,0.755
42.7,0.755
42.7,0.755
42.7,0.760
42.7,0.760
42.7,0.760
42.8,0.760
42.8,0.760
42.8,0.760
42.8,0.760
42.8,0.760
42.8,0.760
42.8,0.760
42.8,0.760
42.8,0.760
42.8,0.760
42.8,0.760
42.8,0.760
42.8,0.760
42.8,0.760
42.8,0.760
42.8,0.760
42.8,0.765
42.8,0.765
42.8,0.765
42.8,0.765
42.8,0.765
42.8,0.765
42.8,0.765
42.8,0.765
42.8,0.765
42.8,0.765
42.8,0.765
42.8,0.765
42.8,0.765
42.8,0.765
42.8,0.765
42.8,0.765
42.8,0.765
42.8,0.765
42.8,0.765
42.8,0.765
42.8,0.765
42.8,0.770
42.8,0.770
42.8,0.770
42.8,0.770
42.8,0.770
42.8,0.770
42.8,0.770
42.8,0.770
42.8,0.770
42.8,0.770
42.8,0.770
42.8,0.770
42.8,0.770
42.8,0.770
42.8,0.770
42.8,0.770
42.8,0.770
42.8,0.770
42.9,0.770
42.9,0.770
42.9,0.770
42.9,0.775
42.9,0.775
42.9,0.775
42.9,0.775
42.9,0.775
42.9,0.775
42.9,0.775
42.9,0.775
42.9,0.775
42.9,0.775
42.9,0.775
42.9,0.775
42.9,0.775
42.9,0.775
42.9,0.775
42.9,0.775
42.9,0.775
42.9,0.775
42.9,0.775
42.9,0.775
42.9,0.775
42.9,0.780
42.9,0.780
42.9,0.780
42.9,0.780
42.9,0.780
42.9,0.780
42.9,0.780
42.9,0.780
42.9,0.780
42.9,0.780
42.9,0.780
42.9,0.780
42.9,0.780
42.9,0.780
42.9,0.780
42.9,0.780
42.9,0.780
42.9,0.780
42.9,0.780
42.9,0.785
42.9,0.785
42.9,0.785
42.9,0.785
42.9,0.785
42.9,0.785
42.9,0.785
42.9,0.785
42.9,0.785
42.9,0.785
42.9,0.785
42.9,0.785
42.9,0.785
42.9,0.785
42.9,0.785
42.9,0.785
42.9,0.785
42.9,0.785
42.9,0.785
42.9,0.785
42.9,0.785
42.9,0.785
42.9,0.785
42.9,0.790
42.9,0.790
42.9,0.790
42.9,0.790
42.9,0.790
42.9,0.790
42.9,0.790
42.9,0.790
42.9,0.790
42.9,0.790
42.9,0.790
42.9,0.790
42.9,0.790
42.9,0.790
42.9,0.790
42.9,0.790
42.9,0.790
42.9,0.790
42.9,0.790
42.9,0.790
42.9,0.790
42.9,0.790
42.9,0.790
42.9,0.795
42.9,0.795
42.9,0.795
42.9,0.795
42.9,0.795
42.9,0.795
42.9,0.795
42.9,0.795
42.9,0.795
42.9,0.795
42.9,0.795
42.9,0.795
42.9,0.795
42.9,0.795
42.9,0.795
42.9,0.795
42.9,0.795
42.9,0.795
42.9,0.795
42.9,0.795
42.9,0.795
42.9,0.795
42.9,0.795
42.9,0.800
42.9,0.800
42.9,0.800
42.9,0.800
42.9,0.800
42.9,0.800
42.9,0.800
42.9,0.800
42.9,0.800
42.9,0.800
42.9,0.800
42.9,0.800
42.9,0.800
42.9,0.800
42.9,0.800
42.9,0.800
42.9,0.800
42.9,0.800
42.9,0.800
42.9,0.800
42.9,0.800
42.9,0.800
42.9,0.800
42.9,0.800
42.9,0.805
42.9,0.805
42.9,0.805
42.9,0.805
42.9,0.805
42.9,0.805
42.9,0.805
42.9,0.805
42.9,0.805
42.9,0.805
42.9,0.805
42.9,0.805
42.9,0.805
42.9,0.805
42.9,0.805
42.9,0.805
42.9,0.805
42.9,0.805
42.9,0.805
42.9,0.805
42.9,0.805
42.9,0.805
42.9,0.805
42.9,0.805
42.8,0.805
42.8,0.810
42.8,0.810
42.8,0.810
42.8,0.810
42.8,0.810
42.8,0.810
42.8,0.810
42.8,0.810
42.8,0.810
42.8,0.810
42.8,0.810
42.9,0.810
42.8,0.810
42.8,0.810
42.8,0.810
42.8,0.810
42.8,0.810
42.8,0.810
42.8,0.810
42.8,0.810
42.8,0.810
42.8,0.810
42.8,0.810
42.8,0.810
42.8,0.810
42.8,0.815
42.8,0.815
42.9,0.815
42.9,0.815
42.9,0.815
42.9,0.815
42.9,0.815
42.9,0.815
42.9,0.815
42.9,0.815
42.9,0.815
42.9,0.815
42.9,0.815
42.9,0.815
42.9,0.815
42.9,0.815
42.9,0.815
42.9,0.815
42.9,0.815
42.9,0.815
42.9,0.815
42.9,0.815
42.9,0.815
42.9,0.815
42.9,0.820
43.0,0.820
43.0,0.820
43.0,0.820
43.0,0.820
43.0,0.820
43.0,0.820
43.0,0.820
43.0,0.820
43.0,0.820
43.0,0.820
43.0,0.820
43.0,0.820
43.0,0.820
43.0,0.820
43.0,0.820
43.0,0.820
43.0,0.820
43.0,0.820
43.0,0.820
43.0,0.820
43.0,0.820
43.0,0.820
43.0,0.820
43.0,0.820
43.0,0.825
43.0,0.825
43.0,0.825
43.0,0.825
43.0,0.825
43.0,0.825
43.0,0.825
43.0,0.825
43.0,0.825
43.0,0.825
43.0,0.825
43.0,0.825
43.0,0.825
43.0,0.825
43.0,0.825
43.0,0.825
43.0,0.825
43.0,0.825
43.0,0.825
43.0,0.825
43.0,0.825
43.0,0.825
43.0,0.825
43.0,0.825
43.0,0.830
43.0,0.830
43.0,0.830
43.0,0.830
43.0,0.830
43.0,0.830
43.0,0.830
43.0,0.830
43.0,0.830
43.0,0.830
43.0,0.830
43.0,0.830
43.0,0.830
43.0,0.830
43.0,0.830
43.0,0.830
43.0,0.830
43.0,0.830
43.1,0.830
43.1,0.830
43.1,0.830
43.1,0.830
43.1,0.830
43.1,0.830
43.1,0.835
43.1,0.835
43.1,0.835
43.1,0.835
43.1,0.835
43.1,0.835
43.1,0.835
43.1,0.835
43.1,0.835
43.1,0.835
43.1,0.835
43.1,0.835
43.1,0.835
43.1,0.835
43.1,0.835
43.1,0.835
43.1,0.835
43.1,0.835
43.1,0.835
43.1,0.835
43.1,0.835
43.1,0.835
43.1,0.835
43.1,0.840
43.1,0.840
43.1,0.840
43.1,0.840
43.1,0.840
43.1,0.840
43.1,0.840
43.1,0.840
43.1,0.840
43.1,0.840
43.1,0.840
43.1,0.840
43.1,0.840
43.1,0.840
43.1,0.840
43.1,0.840
43.1,0.840
43.1,0.840
43.1,0.840
43.1,0.840
43.1,0.840
43.1,0.840
43.2,0.845
43.2,0.845
43.2,0.845
43.2,0.845
43.2,0.845
43.2,0.845
43.2,0.845
43.2,0.845
43.2,0.845
43.2,0.845
43.2,0.845
43.2,0.845
43.2,0.845
43.2,0.845
43.2,0.845
43.2,0.845
43.2,0.845
43.2,0.845
43.2,0.845
43.2,0.845
43.2,0.845
43.2,0.845
43.2,0.845
43.2,0.845
43.2,0.845
43.2,0.850
43.2,0.850
43.2,0.850
43.2,0.850
43.2,0.850
43.2,0.850
43.2,0.850
43.2,0.850
43.2,0.850
43.2,0.850
43.2,0.850
43.2,0.850
43.2,0.850
43.2,0.850
43.2,0.850
43.2,0.850
43.2,0.850
43.2,0.850
43.2,0.850
43.2,0.850
43.2,0.850
43.2,0.850
43.2,0.850
43.2,0.850
43.2,0.850
43.2,0.855
43.2,0.855
43.2,0.855
43.2,0.855
43.2,0.855
43.2,0.855
43.2,0.855
43.2,0.855
43.2,0.855
43.2,0.855
43.2,0.855
43.2,0.855
43.2,0.855
43.2,0.855
43.2,0.855
43.2,0.855
43.2,0.855
43.2,0.855
43.2,0.855
43.2,0.855
43.2,0.855
43.2,0.855
43.2,0.855
43.2,0.855
43.2,0.855
43.2,0.855
43.2,0.860
43.2,0.860
43.2,0.860
43.2,0.860
43.2,0.860
43.2,0.860
43.2,0.860
43.2,0.860
43.2,0.860
43.2,0.860
43.2,0.860
43.2,0.860
43.2,0.860
43.2,0.860
43.2,0.860
43.2,0.860
43.2,0.860
43.2,0.860
43.2,0.860
43.2,0.860
43.2,0.860
43.2,0.860
43.2,0.860
43.2,0.865
43.2,0.865
43.2,0.865
43.2,0.865
43.2,0.865
43.2,0.865
43.2,0.865
43.2,0.865
43.2,0.865
43.2,0.865
43.2,0.865
43.2,0.865
43.2,0.865
43.2,0.865
43.2,0.865
43.2,0.865
43.2,0.865
43.2,0.865
43.2,0.865
43.2,0.865
43.2,0.865
43.2,0.865
43.2,0.865
43.2,0.865
43.2,0.865
43.2,0.865
43.2,0.870
43.2,0.870
43.2,0.870
43.2,0.870
43.2,0.870
43.2,0.870
43.2,0.870
43.2,0.870
43.2,0.870
43.2,0.870
43.2,0.870
43.2,0.870
43.2,0.870
43.2,0.870
43.2,0.870
43.2,0.870
43.2,0.870
43.2,0.870
43.2,0.870
43.2,0.870
43.2,0.870
43.2,0.870
43.2,0.870
43.2,0.875
43.2,0.875
43.2,0.875
43.2,0.875
43.2,0.875
43.2,0.875
43.2,0.875
43.2,0.875
43.2,0.875
43.2,0.875
43.2,0.875
43.2,0.875
43.2,0.875
43.2,0.875
43.2,0.875
43.2,0.875
43.2,0.875
43.2,0.875
43.2,0.875
43.2,0.875
43.2,0.875
43.2,0.875
43.2,0.875
43.2,0.880
43.2,0.880
43.2,0.880
43.2,0.880
43.2,0.880
43.2,0.880
43.2,0.880
43.2,0.880
43.2,0.880
43.2,0.880
43.2,0.880
43.2,0.880
43.2,0.880
43.2,0.880
43.2,0.880
43.2,0.880
43.2,0.880
43.2,0.880
43.2,0.880
43.2,0.880
43.2,0.880
43.2,0.880
43.2,0.880
43.2,0.885
43.2,0.885
43.2,0.885
43.2,0.885
43.2,0.885
43.2,0.885
43.2,0.885
43.2,0.885
43.2,0.885
43.2,0.885
43.2,0.885
43.2,0.885
43.2,0.885
43.2,0.885
43.2,0.885
43.2,0.885
43.2,0.885
43.2,0.885
43.2,0.885
43.2,0.885
43.2,0.885
43.2,0.885
43.2,0.885
43.2,0.885
43.2,0.890
43.2,0.890
43.2,0.890
43.2,0.890
43.2,0.890
43.2,0.890
43.2,0.890
43.2,0.890
43.2,0.890
43.2,0.890
43.3,0.890
43.3,0.890
43.3,0.890
43.3,0.890
43.3,0.890
43.3,0.890
43.3,0.890
43.3,0.890
43.3,0.890
43.3,0.890
43.3,0.890
43.3,0.890
43.3,0.890
43.3,0.890
43.3,0.890
43.3,0.895
43.3,0.895
43.3,0.895
43.3,0.895
43.3,0.895
43.3,0.895
43.3,0.895
43.3,0.895
43.3,0.895
43.3,0.895
43.3,0.895
43.3,0.895
43.3,0.895
43.3,0.895
43.3,0.895
43.3,0.895
43.3,0.895
43.3,0.895
43.3,0.895
43.3,0.895
43.3,0.895
43.3,0.895
43.3,0.895
43.3,0.895
43.3,0.900
43.3,0.900
43.3,0.900
43.3,0.900
43.3,0.900
43.3,0.900
43.3,0.900
43.3,0.900
43.3,0.900
43.3,0.900
43.3,0.900
43.3,0.900
43.3,0.900
43.3,0.900
43.3,0.900
43.3,0.900
43.3,0.900
43.3,0.900
43.3,0.900
43.3,0.900
43.3,0.900
43.3,0.900
43.3,0.900
43.3,0.900
43.3,0.900
43.3,0.900
43.3,0.900
43.3,0.905
43.3,0.905
43.3,0.905
43.3,0.905
43.3,0.905
43.3,0.905
43.3,0.905
43.3,0.905
43.3,0.905
43.3,0.905
43.3,0.905
43.3,0.905
43.3,0.905
43.3,0.905
43.3,0.905
43.3,0.905
43.3,0.905
43.3,0.905
43.3,0.905
43.3,0.905
43.3,0.905
43.3,0.905
43.3,0.905
43.3,0.905
43.3,0.905
43.3,0.905
43.3,0.905
43.3,0.905
43.3,0.910
43.3,0.910
43.3,0.910
43.3,0.910
43.3,0.910
43.3,0.910
43.3,0.910
43.3,0.910
43.3,0.910
43.3,0.910
43.3,0.910
43.3,0.910
43.3,0.910
43.3,0.910
43.3,0.910
43.3,0.910
43.3,0.910
43.3,0.910
43.3,0.910
43.3,0.910
43.3,0.910
43.3,0.910
43.3,0.910
43.3,0.910
43.3,0.910
43.3,0.910
43.3,0.910
43.3,0.910
43.3,0.915
43.3,0.915
43.3,0.915
43.3,0.915
43.3,0.915
43.3,0.915
43.3,0.915
43.3,0.915
43.3,0.915
43.3,0.915
43.3,0.915
43.3,0.915
43.3,0.915
43.3,0.915
43.3,0.915
43.3,0.915
43.3,0.915
43.3,0.915
43.3,0.915
43.3,0.915
43.3,0.915
43.3,0.915
43.3,0.915
43.3,0.915
43.3,0.915
43.3,0.915
43.3,0.920
43.3,0.920
43.3,0.920
43.3,0.920
43.3,0.920
43.3,0.920
43.3,0.920
43.3,0.920
43.3,0.920
43.3,0.920
43.3,0.920
43.3,0.920
43.3,0.920
43.3,0.920
43.3,0.920
43.3,0.920
43.3,0.920
43.3,0.920
43.3,0.920
43.3,0.920
43.3,0.920
43.3,0.920
43.3,0.920
43.3,0.920
43.3,0.920
43.3,0.925
43.3,0.925
43.3,0.925
43.3,0.925
43.3,0.925
43.3,0.925
43.3,0.925
43.3,0.925
43.3,0.925
43.3,0.925
43.3,0.925
43.3,0.925
43.3,0.925
43.3,0.925
43.3,0.925
43.3,0.925
43.3,0.925
43.3,0.925
43.3,0.925
43.3,0.925
43.3,0.925
43.3,0.925
43.3,0.925
43.3,0.925
43.3,0.925
43.3,0.930
43.3,0.930
43.3,0.930
43.3,0.930
43.3,0.930
43.3,0.930
43.3,0.930
43.3,0.930
43.3,0.930
43.3,0.930
43.3,0.930
43.3,0.930
43.3,0.930
43.3,0.930
43.3,0.930
43.3,0.930
43.3,0.930
43.3,0.930
43.3,0.930
43.3,0.930
43.3,0.930
43.3,0.930
43.3,0.930
43.3,0.930
43.3,0.930
43.3,0.935
43.3,0.935
43.3,0.935
43.3,0.935
43.3,0.935
43.3,0.935
43.3,0.935
43.3,0.935
43.3,0.935
43.3,0.935
43.3,0.935
43.3,0.935
43.3,0.935
43.3,0.935
43.3,0.935
43.3,0.935
43.3,0.935
43.3,0.935
43.3,0.935
43.3,0.935
43.3,0.935
43.3,0.935
43.3,0.935
43.3,0.935
43.3,0.940
43.3,0.940
43.3,0.940
43.3,0.940
43.3,0.940
43.3,0.940
43.3,0.940
43.3,0.940
43.3,0.940
43.3,0.940
43.3,0.940
43.3,0.940
43.3,0.940
43.3,0.940
43.3,0.940
43.3,0.940
43.3,0.940
43.3,0.940
43.3,0.940
43.3,0.940
43.3,0.940
43.3,0.945
43.3,0.945
43.3,0.945
43.3,0.945
43.3,0.945
43.3,0.945
43.3,0.945
43.3,0.945
43.3,0.945
43.3,0.945
43.3,0.945
43.3,0.945
43.3,0.945
43.3,0.945
43.3,0.945
43.3,0.945
43.3,0.945
43.3,0.945
43.3,0.945
43.3,0.945
43.3,0.945
43.3,0.945
43.3,0.945
43.3,0.945
43.3,0.950
43.3,0.950
43.3,0.950
43.3,0.950
43.4,0.950
43.3,0.950
43.3,0.950
43.3,0.950
43.3,0.950
43.3,0.950
43.3,0.950
43.3,0.950
43.3,0.950
43.3,0.950
43.3,0.950
43.3,0.950
43.3,0.950
43.3,0.950
43.3,0.950
43.3,0.950
43.3,0.950
43.3,0.950
43.3,0.950
43.3,0.950
43.3,0.950
43.3,0.955
43.4,0.955
43.3,0.955
43.3,0.955
43.3,0.955
43.3,0.955
43.3,0.955
43.3,0.955
43.3,0.955
43.3,0.955
43.3,0.955
43.3,0.955
43.3,0.955
43.3,0.955
43.3,0.955
43.3,0.955
43.3,0.955
43.3,0.955
43.3,0.955
43.3,0.955
43.3,0.955
43.3,0.955
43.4,0.955
43.4,0.955
43.4,0.955
43.4,0.960
43.4,0.960
43.4,0.960
43.4,0.960
43.4,0.960
43.4,0.960
43.4,0.960
43.4,0.960
43.4,0.960
43.4,0.960
43.4,0.960
43.4,0.960
43.4,0.960
43.4,0.960
43.4,0.960
43.4,0.960
43.4,0.960
43.4,0.960
43.4,0.960
43.4,0.960
43.4,0.960
43.4,0.960
43.4,0.960
43.4,0.960
43.4,0.960
43.4,0.960
43.4,0.960
43.4,0.965
43.4,0.965
43.4,0.965
43.4,0.965
43.4,0.965
43.5,0.965
43.5,0.965
43.5,0.965
43.5,0.965
43.5,0.965
43.5,0.965
43.5,0.965
43.5,0.965
43.5,0.965
43.5,0.965
43.5,0.965
43.5,0.965
43.5,0.965
43.5,0.965
43.5,0.965
43.5,0.965
43.5,0.965
43.5,0.965
43.5,0.965
43.5,0.965
43.5,0.965
43.5,0.965
43.5,0.965
43.5,0.970
43.5,0.970
43.5,0.970
43.5,0.970
43.5,0.970
43.5,0.970
43.5,0.970
43.4,0.970
43.4,0.970
43.4,0.970
43.4,0.970
43.4,0.970
43.4,0.970
43.4,0.970
43.4,0.970
43.4,0.970
43.4,0.970
43.4,0.970
43.5,0.970
43.5,0.970
43.5,0.970
43.5,0.970
43.5,0.970
43.5,0.970
43.5,0.970
43.5,0.970
43.5,0.970
43.5,0.970
43.5,0.970
43.5,0.975
43.5,0.975
43.5,0.975
43.5,0.975
43.5,0.975
43.5,0.975
43.5,0.975
43.5,0.975
43.5,0.975
43.5,0.975
43.5,0.975
43.5,0.975
43.5,0.975
43.5,0.975
43.5,0.975
43.5,0.975
43.5,0.975
43.5,0.975
43.5,0.975
43.5,0.975
43.5,0.975
43.5,0.975
43.5,0.975
43.5,0.975
43.5,0.975
43.5,0.975
43.5,0.975
43.5,0.980
43.5,0.980
43.5,0.980
43.5,0.980
43.5,0.980
43.5,0.980
43.5,0.980
43.5,0.980
43.5,0.980
43.5,0.980
43.5,0.980
43.5,0.980
43.5,0.980
43.5,0.980
43.5,0.980
43.5,0.980
43.5,0.980
43.5,0.980
43.5,0.980
43.6,0.980
43.6,0.980
43.6,0.980
43.6,0.980
43.6,0.980
43.6,0.980
43.6,0.980
43.6,0.980
43.6,0.980
43.6,0.985
43.6,0.985
43.6,0.985
43.6,0.985
43.6,0.985
43.6,0.985
43.5,0.985
43.5,0.985
43.5,0.985
43.5,0.985
43.5,0.985
43.5,0.985
43.5,0.985
43.5,0.985
43.5,0.985
43.5,0.985
43.5,0.985
43.5,0.985
43.5,0.985
43.5,0.985
43.5,0.985
43.5,0.985
43.5,0.985
43.5,0.985
43.5,0.985
43.5,0.990
43.5,0.990
43.5,0.990
43.5,0.990
43.5,0.990
43.5,0.990
43.6,0.990
43.6,0.990
43.6,0.990
43.6,0.990
43.6,0.990
43.6,0.990
43.6,0.990
43.6,0.990
43.6,0.990
43.6,0.990
43.6,0.990
43.6,0.990
43.6,0.990
43.6,0.990
43.6,0.990
43.6,0.990
43.6,0.990
43.6,0.990
43.6,0.990
43.6,0.990
43.6,0.995
43.6,0.995
43.6,0.995
43.6,0.995
43.6,0.995
43.6,0.995
43.6,0.995
43.6,0.995
43.6,0.995
43.6,0.995
43.6,0.995
43.7,0.995
43.7,0.995
43.7,0.995
43.7,0.995
43.7,0.995
43.7,0.995
43.7,0.995
43.7,0.995
43.7,0.995
43.7,0.995
43.7,0.995
43.7,0.995
43.7,0.995
43.7,1.000
43.7,1.000
43.7,1.000
43.7,1.000
43.7,1.000
43.7,1.000
43.7,1.000
43.7,1.000
43.7,1.000
43.7,1.000
43.7,1.000
43.7,1.000
43.7,1.000
43.7,1.000
43.7,1.000
43.7,1.000
43.7,1.000
43.7,1.000
43.7,1.000
43.7,1.000
43.7,1.000
43.7,1.000
43.7,1.005
43.7,1.005
43.7,1.005
43.7,1.005
43.7,1.005
43.7,1.005
43.7,1.005
43.7,1.005
43.7,1.005
43.7,1.005
43.7,1.005
43.7,1.005
43.7,1.005
43.7,1.005
43.7,1.005
43.7,1.005
43.7,1.005
43.7,1.005
43.6,1.005
43.6,1.005
43.6,1.005
43.6,1.005
43.6,1.005
43.6,1.005
43.6,1.010
43.6,1.010
43.6,1.010
43.6,1.010
43.6,1.010
43.6,1.010
43.6,1.010
43.6,1.010
43.6,1.010
43.6,1.010
43.6,1.010
43.6,1.010
43.6,1.010
43.6,1.010
43.6,1.010
43.6,1.010
43.6,1.010
43.6,1.010
43.6,1.010
43.6,1.010
43.6,1.010
43.6,1.010
43.6,1.010
43.6,1.015
43.6,1.015
43.6,1.015
43.6,1.015
43.6,1.015
43.6,1.015
43.7,1.015
43.7,1.015
43.7,1.015
43.7,1.015
43.7,1.015
43.7,1.015
43.7,1.015
43.7,1.015
43.7,1.015
43.7,1.015
43.7,1.015
43.7,1.015
43.7,1.015
43.7,1.015
43.7,1.015
43.7,1.015
43.7,1.020
43.7,1.020
43.7,1.020
43.7,1.020
43.7,1.020
43.7,1.020
43.7,1.020
43.7,1.020
43.7,1.020
43.7,1.020
43.7,1.020
43.7,1.020
43.7,1.020
43.7,1.020
43.7,1.020
43.7,1.020
43.7,1.020
43.7,1.020
43.7,1.020
43.7,1.020
43.7,1.025
43.7,1.025
43.7,1.025
43.7,1.025
43.7,1.025
43.7,1.025
43.7,1.025
43.7,1.025
43.7,1.025
43.7,1.025
43.7,1.025
43.7,1.025
43.7,1.025
43.7,1.025
43.7,1.025
43.7,1.025
43.7,1.025
43.7,1.025
43.7,1.025
43.7,1.025
43.7,1.025
43.7,1.030
43.7,1.030
43.7,1.030
43.7,1.030
43.7,1.030
43.7,1.030
43.7,1.030
43.7,1.030
43.7,1.030
43.7,1.030
43.7,1.030
43.7,1.030
43.7,1.030
43.7,1.030
43.7,1.030
43.7,1.030
43.7,1.030
43.7,1.030
43.7,1.030
43.7,1.030
43.7,1.030
43.7,1.030
43.7,1.035
43.7,1.035
43.7,1.035
43.7,1.035
43.7,1.035
43.6,1.035
43.6,1.035
43.6,1.035
43.6,1.035
43.6,1.035
43.6,1.035
43.5,1.035
43.5,1.035
43.5,1.035
43.5,1.035
43.5,1.035
43.5,1.035
43.5,1.035
43.5,1.035
43.5,1.035
43.5,1.040
43.5,1.040
43.5,1.040
43.5,1.040
43.5,1.040
43.5,1.040
43.5,1.040
43.5,1.040
43.5,1.040
43.5,1.040
43.5,1.040
43.5,1.040
43.5,1.040
43.5,1.040
43.5,1.040
43.5,1.040
43.5,1.040
43.5,1.040
43.5,1.040
43.5,1.040
43.5,1.040
43.5,1.040
43.5,1.045
43.5,1.045
43.5,1.045
43.5,1.045
43.5,1.045
43.5,1.045
43.5,1.045
43.6,1.045
43.6,1.045
43.6,1.045
43.6,1.045
43.6,1.045
43.6,1.045
43.6,1.045
43.5,1.045
43.5,1.045
43.5,1.045
43.5,1.045
43.5,1.045
43.5,1.045
43.5,1.045
43.5,1.045
43.5,1.045
43.5,1.050
43.5,1.050
43.5,1.050
43.5,1.050
43.5,1.050
43.5,1.050
43.5,1.050
43.5,1.050
43.5,1.050
43.5,1.050
43.5,1.050
43.5,1.050
43.5,1.050
43.5,1.050
43.5,1.050
43.5,1.050
43.5,1.050
43.5,1.050
43.5,1.050
43.5,1.050
43.5,1.050
43.5,1.050
43.5,1.050
43.5,1.055
43.5,1.055
43.5,1.055
43.5,1.055
43.5,1.055
43.5,1.055
43.6,1.055
43.6,1.055
43.5,1.055
43.5,1.055
43.5,1.055
43.5,1.055
43.5,1.055
43.5,1.055
43.5,1.055
43.5,1.055
43.5,1.055
43.5,1.055
43.5,1.055
43.5,1.055
43.5,1.055
43.5,1.055
43.5,1.060
43.5,1.060
43.6,1.060
43.6,1.060
43.6,1.060
43.6,1.060
43.6,1.060
43.6,1.060
43.6,1.060
43.6,1.060
43.6,1.060
43.6,1.060
43.6,1.060
43.6,1.060
43.6,1.060
43.6,1.060
43.6,1.060
43.6,1.060
43.6,1.060
43.6,1.060
43.6,1.060
43.6,1.060
43.6,1.060
43.6,1.060
43.6,1.065
43.6,1.065
43.6,1.065
43.6,1.065
43.6,1.065
43.6,1.065
43.6,1.065
43.7,1.065
43.7,1.065
43.7,1.065
43.7,1.065
43.7,1.065
43.7,1.065
43.7,1.065
43.7,1.065
43.7,1.065
43.7,1.065
43.7,1.065
43.7,1.065
43.7,1.065
43.7,1.065
43.7,1.065
43.7,1.065
43.6,1.065
43.6,1.065
43.6,1.070
43.6,1.070
43.6,1.070
43.6,1.070
43.6,1.070
43.6,1.070
43.6,1.070
43.6,1.070
43.6,1.070
43.6,1.070
43.6,1.070
43.6,1.070
43.6,1.070
43.6,1.070
43.6,1.070
43.6,1.070
43.6,1.070
43.6,1.070
43.6,1.070
43.6,1.070
43.6,1.070
43.6,1.070
43.6,1.070
43.6,1.070
43.6,1.070
43.6,1.075
43.6,1.075
43.6,1.075
43.6,1.075
43.6,1.075
43.6,1.075
43.6,1.075
43.6,1.075
43.6,1.075
43.6,1.075
43.6,1.075
43.6,1.075
43.6,1.075
43.6,1.075
43.6,1.075
43.6,1.075
43.6,1.075
43.6,1.075
43.6,1.075
43.6,1.075
43.6,1.075
43.6,1.075
43.6,1.075
43.6,1.075
43.6,1.075
43.6,1.080
43.6,1.080
43.6,1.080
43.6,1.080
43.6,1.080
43.6,1.080
43.6,1.080
43.6,1.080
43.6,1.080
43.6,1.080
43.6,1.080
43.6,1.080
43.6,1.080
43.7,1.080
43.7,1.080
43.7,1.080
43.7,1.080
43.7,1.080
43.7,1.080
43.7,1.080
43.7,1.080
43.7,1.080
43.7,1.080
43.7,1.085
43.7,1.085
43.7,1.085
43.7,1.085
43.7,1.085
43.7,1.085
43.7,1.085
43.7,1.085
43.7,1.085
43.7,1.085
43.7,1.085
43.7,1.085
43.7,1.085
43.7,1.085
43.7,1.085
43.7,1.085
43.7,1.085
43.7,1.085
43.7,1.085
43.7,1.085
43.7,1.085
43.7,1.085
43.7,1.085
43.7,1.085
43.7,1.085
43.7,1.085
43.7,1.090
43.7,1.090
43.7,1.090
43.7,1.090
43.7,1.090
43.7,1.090
43.7,1.090
43.7,1.090
43.7,1.090
43.7,1.090
43.7,1.090
43.7,1.090
43.7,1.090
43.7,1.090
43.7,1.090
43.7,1.090
43.7,1.090
43.7,1.090
43.7,1.090
43.7,1.090
43.7,1.090
43.7,1.090
43.7,1.090
43.7,1.090
43.7,1.090
43.7,1.095
43.7,1.095
43.7,1.095
43.7,1.095
43.7,1.095
43.7,1.095
43.7,1.095
43.7,1.095
43.7,1.095
43.7,1.095
43.7,1.095
43.7,1.095
43.7,1.095
43.7,1.095
43.7,1.095
43.7,1.095
43.7,1.095
43.7,1.095
43.7,1.095
43.8,1.095
43.8,1.095
43.7,1.095
43.7,1.095
43.8,1.095
43.8,1.095
43.8,1.095
43.7,1.100
43.7,1.100
43.7,1.100
43.7,1.100
43.8,1.100
43.8,1.100
43.8,1.100
43.8,1.100
43.8,1.100
43.8,1.100
43.8,1.100
43.7,1.100
43.7,1.100
43.7,1.100
43.7,1.100
43.7,1.100
43.7,1.100
43.7,1.100
43.7,1.100
43.7,1.100
43.7,1.100
43.7,1.100
43.7,1.100
43.7,1.100
43.7,1.105
43.7,1.105
43.7,1.105
43.7,1.105
43.7,1.105
43.7,1.105
43.7,1.105
43.7,1.105
43.7,1.105
43.7,1.105
43.7,1.105
43.7,1.105
43.7,1.105
43.7,1.105
43.7,1.105
43.7,1.105
43.7,1.105
43.7,1.105
43.7,1.105
43.7,1.105
43.7,1.105
43.7,1.105
43.7,1.105
43.7,1.105
43.7,1.105
43.7,1.105
43.7,1.105
43.7,1.110
43.7,1.110
43.7,1.110
43.7,1.110
43.7,1.110
43.7,1.110
43.7,1.110
43.7,1.110
43.7,1.110
43.7,1.110
43.7,1.110
43.7,1.110
43.7,1.110
43.7,1.110
43.7,1.110
43.7,1.110
43.7,1.110
43.7,1.110
43.8,1.110
43.8,1.110
43.8,1.110
43.8,1.110
43.8,1.110
43.8,1.110
43.8,1.110
43.8,1.110
43.8,1.110
43.8,1.110
43.8,1.115
43.8,1.115
43.8,1.115
43.8,1.115
43.8,1.115
43.8,1.115
43.8,1.115
43.8,1.115
43.8,1.115
43.8,1.115
43.8,1.115
43.8,1.115
43.8,1.115
43.8,1.115
43.8,1.115
43.8,1.115
43.8,1.115
43.8,1.115
43.8,1.115
43.8,1.115
43.8,1.115
43.8,1.115
43.8,1.115
43.8,1.115
43.8,1.115
43.8,1.120
43.7,1.120
43.7,1.120
43.7,1.120
43.7,1.120
43.7,1.120
43.7,1.120
43.7,1.120
43.7,1.120
43.7,1.120
43.7,1.120
43.7,1.120
43.7,1.120
43.7,1.120
43.7,1.120
43.7,1.120
43.7,1.120
43.7,1.120
43.8,1.120
43.8,1.120
43.8,1.120
43.8,1.120
43.8,1.120
43.8,1.120
43.8,1.120
43.8,1.120
43.8,1.120
43.8,1.125
43.8,1.125
43.8,1.125
43.8,1.125
43.8,1.125
43.8,1.125
43.8,1.125
43.8,1.125
43.8,1.125
43.8,1.125
43.8,1.125
43.8,1.125
43.8,1.125
43.8,1.125
43.8,1.125
43.8,1.125
43.8,1.125
43.8,1.125
43.8,1.125
43.8,1.125
43.8,1.125
43.8,1.125
43.8,1.125
43.8,1.125
43.8,1.125
43.8,1.125
43.8,1.125
43.8,1.125
43.8,1.130
43.8,1.130
43.8,1.130
43.8,1.130
43.8,1.130
43.8,1.130
43.8,1.130
43.8,1.130
43.8,1.130
43.8,1.130
43.8,1.130
43.8,1.130
43.8,1.130
43.8,1.130
43.8,1.130
43.8,1.130
43.8,1.130
43.8,1.130
43.8,1.130
43.8,1.130
43.8,1.130
43.8,1.130
43.8,1.130
43.8,1.130
43.8,1.130
43.8,1.130
43.8,1.130
43.8,1.130
43.8,1.130
43.8,1.130
43.8,1.135
43.8,1.135
43.8,1.135
43.8,1.135
43.8,1.135
43.8,1.135
43.8,1.135
43.8,1.135
43.8,1.135
43.8,1.135
43.8,1.135
43.8,1.135
43.8,1.135
43.8,1.135
43.8,1.135
43.8,1.135
43.8,1.135
43.9,1.135
43.9,1.135
43.9,1.135
43.9,1.135
43.9,1.135
43.9,1.135
43.9,1.135
43.9,1.135
43.9,1.135
43.9,1.135
43.9,1.135
43.9,1.140
43.9,1.140
43.9,1.140
43.9,1.140
43.9,1.140
43.9,1.140
43.9,1.140
43.9,1.140
43.9,1.140
43.9,1.140
43.9,1.140
43.9,1.140
43.9,1.140
43.9,1.140
43.9,1.140
43.9,1.140
43.9,1.140
43.9,1.140
43.9,1.140
43.9,1.140
43.9,1.140
43.9,1.140
43.9,1.140
43.9,1.140
43.9,1.140
43.9,1.140
43.9,1.140
43.9,1.140
43.9,1.140
43.9,1.140
43.9,1.140
43.9,1.145
43.9,1.145
44.0,1.145
44.0,1.145
44.0,1.145
44.0,1.145
44.0,1.145
44.0,1.145
44.0,1.145
44.0,1.145
44.0,1.145
44.0,1.145
44.0,1.145
44.0,1.145
44.0,1.145
44.0,1.145
44.0,1.145
44.0,1.145
44.0,1.145
44.0,1.145
44.0,1.145
44.0,1.145
44.0,1.145
44.0,1.145
44.0,1.145
44.0,1.145
44.0,1.145
44.0,1.145
44.0,1.145
43.9,1.145
43.9,1.145
43.9,1.150
43.9,1.150
43.9,1.150
43.9,1.150
43.9,1.150
43.9,1.150
43.9,1.150
44.0,1.150
44.0,1.150
44.0,1.150
44.0,1.150
44.0,1.150
44.0,1.150
44.0,1.150
44.0,1.150
44.0,1.150
44.0,1.150
44.0,1.150
44.0,1.150
44.0,1.150
44.0,1.150
44.0,1.150
44.0,1.150
44.0,1.150
44.0,1.150
44.0,1.150
44.0,1.150
44.0,1.150
44.0,1.150
44.0,1.150
44.0,1.150
44.0,1.150
44.0,1.155
44.0,1.155
44.0,1.155
44.0,1.155
44.0,1.155
44.0,1.155
44.0,1.155
44.0,1.155
44.0,1.155
44.0,1.155
44.0,1.155
44.0,1.155
44.0,1.155
44.0,1.155
44.0,1.155
44.0,1.155
44.0,1.155
44.0,1.155
44.0,1.155
44.0,1.155
44.0,1.155
44.0,1.155
44.0,1.155
44.0,1.155
43.9,1.155
43.9,1.155
43.9,1.155
43.9,1.155
43.9,1.155
43.9,1.155
43.9,1.155
43.9,1.160
43.9,1.160
43.9,1.160
43.9,1.160
43.9,1.160
44.0,1.160
44.0,1.160
44.0,1.160
44.0,1.160
44.0,1.160
44.0,1.160
44.0,1.160
44.0,1.160
44.0,1.160
44.0,1.160
44.0,1.160
44.0,1.160
44.0,1.160
44.0,1.160
43.9,1.160
43.9,1.160
43.9,1.160
43.9,1.160
43.9,1.160
43.9,1.160
43.9,1.160
43.9,1.160
43.9,1.160
43.9,1.160
43.9,1.160
43.9,1.160
43.9,1.165
43.9,1.165
43.9,1.165
43.9,1.165
43.9,1.165
43.9,1.165
43.9,1.165
43.9,1.165
43.9,1.165
43.9,1.165
43.9,1.165
44.0,1.165
44.0,1.165
44.0,1.165
44.0,1.165
44.0,1.165
44.0,1.165
44.0,1.165
44.0,1.165
44.0,1.165
44.0,1.165
44.0,1.165
44.0,1.165
44.0,1.165
44.0,1.165
44.0,1.165
44.0,1.165
44.0,1.165
44.0,1.165
44.0,1.165
44.0,1.165
44.0,1.165
44.0,1.165
44.0,1.165
44.0,1.165
44.0,1.170
44.0,1.170
44.0,1.170
44.0,1.170
44.0,1.170
44.0,1.170
44.0,1.170
44.0,1.170
44.0,1.170
44.0,1.170
44.0,1.170
44.0,1.170
44.0,1.170
44.0,1.170
44.0,1.170
44.0,1.170
44.0,1.170
44.0,1.170
44.0,1.170
44.0,1.170
44.0,1.170
44.0,1.170
44.0,1.170
44.0,1.170
44.0,1.170
44.0,1.170
44.0,1.170
44.0,1.170
44.0,1.170
44.0,1.170
44.0,1.170
44.0,1.170
44.0,1.170
44.0,1.170
44.0,1.170
44.0,1.170
44.0,1.175
44.0,1.175
44.0,1.175
44.0,1.175
44.0,1.175
44.0,1.175
44.0,1.175
44.0,1.175
44.0,1.175
44.0,1.175
44.0,1.175
44.0,1.175
44.0,1.175
44.0,1.175
44.0,1.175
44.0,1.175
44.0,1.175
44.0,1.175
44.0,1.175
44.0,1.175
44.0,1.175
44.0,1.175
44.0,1.175
44.0,1.175
44.0,1.175
44.0,1.175
44.0,1.175
44.0,1.175
44.0,1.175
44.0,1.175
44.0,1.175
44.0,1.175
44.0,1.175
44.0,1.175
44.0,1.175
44.0,1.175
44.0,1.175
44.0,1.180
44.0,1.180
44.0,1.180
44.0,1.180
44.0,1.180
44.0,1.180
44.0,1.180
44.0,1.180
44.0,1.180
44.1,1.180
44.1,1.180
44.1,1.180
44.1,1.180
44.1,1.180
44.1,1.180
44.1,1.180
44.1,1.180
44.1,1.180
44.1,1.180
44.1,1.180
44.1,1.180
44.1,1.180
44.1,1.180
44.1,1.180
44.1,1.180
44.1,1.180
44.1,1.180
44.1,1.180
44.1,1.180
44.1,1.180
44.1,1.180
44.1,1.180
44.1,1.185
44.1,1.185
44.1,1.185
44.1,1.185
44.1,1.185
44.1,1.185
44.1,1.185
44.1,1.185
44.1,1.185
44.1,1.185
44.1,1.185
44.1,1.185
44.1,1.185
44.1,1.185
44.1,1.185
44.1,1.185
44.1,1.185
44.1,1.185
44.1,1.185
44.1,1.185
44.1,1.185
44.1,1.185
44.1,1.185
44.1,1.185
44.1,1.185
44.1,1.185
44.1,1.185
44.1,1.185
44.1,1.185
44.1,1.185
44.1,1.185
44.1,1.185
44.1,1.185
44.1,1.185
44.1,1.190
44.1,1.190
44.1,1.190
44.1,1.190
44.1,1.190
44.1,1.190
44.2,1.190
44.2,1.190
44.2,1.190
44.2,1.190
44.2,1.190
44.2,1.190
44.2,1.190
44.2,1.190
44.2,1.190
44.2,1.190
44.2,1.190
44.2,1.190
44.2,1.190
44.2,1.190
44.2,1.190
44.2,1.190
44.2,1.190
44.2,1.190
44.2,1.190
44.2,1.190
44.2,1.190
44.2,1.190
44.2,1.190
44.2,1.190
44.2,1.190
44.2,1.195
44.2,1.195
44.2,1.195
44.2,1.195
44.2,1.195
44.2,1.195
44.2,1.195
44.2,1.195
44.2,1.195
44.2,1.195
44.2,1.195
44.2,1.195
44.2,1.195
44.2,1.195
44.2,1.195
44.2,1.195
44.2,1.195
44.2,1.195
44.2,1.195
44.2,1.195
44.2,1.195
44.2,1.195
44.2,1.195
44.2,1.195
44.2,1.195
44.2,1.195
44.2,1.195
44.2,1.195
44.2,1.195
44.2,1.200
44.2,1.200
44.2,1.200
44.2,1.200
44.2,1.200
44.2,1.200
44.2,1.200
44.2,1.200
44.2,1.200
44.2,1.200
44.2,1.200
44.2,1.200
44.2,1.200
44.2,1.200
44.2,1.200
44.2,1.200
44.2,1.200
44.2,1.200
44.2,1.200
44.2,1.200
44.2,1.200
44.2,1.200
44.2,1.200
44.2,1.200
44.2,1.200
44.2,1.200
44.2,1.200
44.2,1.200
44.2,1.205
44.2,1.205
44.2,1.205
44.2,1.205
44.2,1.205
44.2,1.205
44.2,1.205
44.2,1.205
44.2,1.205
44.2,1.205
44.2,1.205
44.2,1.205
44.2,1.205
44.2,1.205
44.2,1.205
44.2,1.205
44.2,1.205
44.2,1.205
44.2,1.205
44.2,1.205
44.2,1.205
44.2,1.205
44.2,1.205
44.2,1.205
44.2,1.205
44.2,1.205
44.2,1.205
44.2,1.205
44.2,1.205
44.2,1.205
44.2,1.205
44.2,1.210
44.2,1.210
44.2,1.210
44.2,1.210
44.2,1.210
44.2,1.210
44.2,1.210
44.2,1.210
44.2,1.210
44.2,1.210
44.2,1.210
44.2,1.210
44.2,1.210
44.2,1.210
44.2,1.210
44.1,1.210
44.1,1.210
44.1,1.210
44.1,1.210
44.1,1.210
44.1,1.210
44.1,1.210
44.1,1.210
44.1,1.210
44.1,1.210
44.1,1.210
44.1,1.210
44.1,1.210
44.1,1.210
44.1,1.210
44.1,1.210
44.1,1.210
44.1,1.215
44.1,1.215
44.1,1.215
44.1,1.215
44.1,1.215
44.1,1.215
44.1,1.215
44.1,1.215
44.1,1.215
44.1,1.215
44.1,1.215
44.1,1.215
44.1,1.215
44.1,1.215
44.1,1.215
44.1,1.215
44.1,1.215
44.1,1.215
44.1,1.215
44.1,1.215
44.1,1.215
44.1,1.215
44.1,1.215
44.1,1.215
44.1,1.215
44.1,1.215
44.1,1.215
44.1,1.215
44.0,1.215
44.0,1.215
44.0,1.215
44.0,1.220
44.0,1.220
44.0,1.220
44.0,1.220
44.0,1.220
44.0,1.220
44.0,1.220
44.0,1.220
44.0,1.220
44.0,1.220
44.0,1.220
44.0,1.220
44.0,1.220
44.0,1.220
44.0,1.220
44.0,1.220
44.0,1.220
44.0,1.220
44.0,1.220
44.0,1.220
44.0,1.220
44.0,1.220
44.0,1.220
44.0,1.220
44.0,1.220
44.0,1.220
44.0,1.220
44.0,1.220
44.0,1.220
44.0,1.220
44.1,1.220
44.1,1.220
44.1,1.220
44.1,1.220
44.1,1.225
44.1,1.225
44.1,1.225
44.1,1.225
44.1,1.225
44.1,1.225
44.1,1.225
44.1,1.225
44.1,1.225
44.1,1.225
44.1,1.225
44.1,1.225
44.1,1.225
44.1,1.225
44.1,1.225
44.1,1.225
44.1,1.225
44.1,1.225
44.1,1.225
44.1,1.225
44.1,1.225
44.1,1.225
44.1,1.225
44.1,1.225
44.1,1.225
44.1,1.225
44.1,1.225
44.1,1.225
44.1,1.225
44.1,1.225
44.1,1.225
44.1,1.225
44.1,1.225
44.1,1.230
44.1,1.230
44.1,1.230
44.1,1.230
44.1,1.230
44.1,1.230
44.1,1.230
44.1,1.230
44.1,1.230
44.1,1.230
44.1,1.230
44.1,1.230
44.1,1.230
44.1,1.230
44.2,1.230
44.2,1.230
44.2,1.230
44.2,1.230
44.2,1.230
44.2,1.230
44.2,1.230
44.2,1.230
44.2,1.230
44.2,1.230
44.2,1.230
44.2,1.230
44.2,1.230
44.2,1.230
44.2,1.230
44.2,1.230
44.2,1.230
44.2,1.230
44.2,1.230
44.2,1.235
44.2,1.235
44.2,1.235
44.2,1.235
44.2,1.235
44.2,1.235
44.2,1.235
44.2,1.235
44.2,1.235
44.2,1.235
44.2,1.235
44.2,1.235
44.2,1.235
44.2,1.235
44.2,1.235
44.2,1.235
44.2,1.235
44.2,1.235
44.2,1.235
44.2,1.235
44.2,1.235
44.2,1.235
44.2,1.235
44.2,1.235
44.2,1.235
44.2,1.235
44.2,1.235
44.2,1.240
44.2,1.240
44.2,1.240
44.2,1.240
44.2,1.240
44.2,1.240
44.2,1.240
44.2,1.240
44.2,1.240
44.2,1.240
44.2,1.240
44.2,1.240
44.2,1.240
44.2,1.240
44.2,1.240
44.2,1.240
44.2,1.240
44.2,1.240
44.2,1.240
44.2,1.240
44.2,1.240
44.2,1.240
44.2,1.240
44.2,1.240
44.2,1.240
44.2,1.240
44.2,1.240
44.2,1.245
44.2,1.245
44.2,1.245
44.2,1.245
44.2,1.245
44.2,1.245
44.2,1.245
44.2,1.245
44.2,1.245
44.2,1.245
44.2,1.245
44.2,1.245
44.2,1.245
44.2,1.245
44.2,1.245
44.2,1.245
44.2,1.245
44.2,1.245
44.2,1.245
44.2,1.245
44.2,1.245
44.2,1.245
44.2,1.245
44.2,1.245
44.2,1.245
44.2,1.245
44.2,1.245
44.2,1.250
44.2,1.250
44.2,1.250
44.2,1.250
44.2,1.250
44.2,1.250
44.2,1.250
44.2,1.250
44.2,1.250
44.2,1.250
44.2,1.250
44.1,1.250
44.1,1.250
44.1,1.250
44.1,1.250
44.1,1.250
44.1,1.250
44.1,1.250
44.1,1.250
44.1,1.250
44.1,1.250
44.1,1.250
44.1,1.250
44.1,1.250
44.1,1.250
44.1,1.250
44.1,1.250
44.1,1.255
44.1,1.255
44.1,1.255
44.1,1.255
44.1,1.255
44.1,1.255
44.1,1.255
44.1,1.255
44.1,1.255
44.2,1.255
44.2,1.255
44.2,1.255
44.2,1.255
44.2,1.255
44.2,1.255
44.2,1.255
44.2,1.255
44.2,1.255
44.2,1.255
44.2,1.255
44.2,1.255
44.2,1.255
44.2,1.255
44.2,1.255
44.2,1.255
44.2,1.255
44.2,1.255
44.2,1.260
44.2,1.260
44.2,1.260
44.2,1.260
44.2,1.260
44.2,1.260
44.2,1.260
44.2,1.260
44.2,1.260
44.2,1.260
44.2,1.260
44.2,1.260
44.1,1.260
44.1,1.260
44.1,1.260
44.1,1.260
44.1,1.260
44.1,1.260
44.1,1.260
44.1,1.260
44.1,1.260
44.1,1.260
44.1,1.260
44.1,1.260
44.1,1.260
44.1,1.265
44.1,1.265
44.1,1.265
44.1,1.265
44.1,1.265
44.1,1.265
44.1,1.265
44.1,1.265
44.1,1.265
44.1,1.265
44.1,1.265
44.1,1.265
44.1,1.265
44.1,1.265
44.1,1.265
44.1,1.265
44.1,1.265
44.1,1.265
44.1,1.265
44.1,1.265
44.1,1.265
44.1,1.265
44.1,1.265
44.1,1.265
44.1,1.265
44.1,1.265
44.1,1.265
44.1,1.270
44.1,1.270
44.1,1.270
44.1,1.270
44.1,1.270
44.1,1.270
44.1,1.270
44.1,1.270
44.1,1.270
44.1,1.270
44.1,1.270
44.1,1.270
44.1,1.270
44.1,1.270
44.1,1.270
44.1,1.270
44.1,1.270
44.1,1.270
44.1,1.270
44.1,1.270
44.1,1.270
44.1,1.270
44.1,1.270
44.1,1.270
44.1,1.270
44.1,1.270
44.1,1.270
44.1,1.270
44.2,1.275
44.2,1.275
44.2,1.275
44.2,1.275
44.2,1.275
44.2,1.275
44.2,1.275
44.2,1.275
44.2,1.275
44.2,1.275
44.2,1.275
44.2,1.275
44.2,1.275
44.2,1.275
44.2,1.275
44.2,1.275
44.2,1.275
44.2,1.275
44.2,1.275
44.2,1.275
44.2,1.275
44.2,1.275
44.2,1.275
44.2,1.275
44.2,1.275
44.2,1.275
44.2,1.280
44.2,1.280
44.2,1.280
44.2,1.280
44.2,1.280
44.2,1.280
44.2,1.280
44.2,1.280
44.2,1.280
44.2,1.280
44.2,1.280
44.2,1.280
44.2,1.280
44.2,1.280
44.2,1.280
44.2,1.280
44.2,1.280
44.2,1.280
44.2,1.280
44.2,1.280
44.2,1.280
44.2,1.280
44.2,1.280
44.2,1.280
44.2,1.280
44.2,1.280
44.2,1.280
44.2,1.285
44.2,1.285
44.2,1.285
44.2,1.285
44.2,1.285
44.2,1.285
44.2,1.285
44.2,1.285
44.2,1.285
44.2,1.285
44.2,1.285
44.2,1.285
44.2,1.285
44.3,1.285
44.3,1.285
44.3,1.285
44.3,1.285
44.3,1.285
44.3,1.285
44.3,1.285
44.3,1.285
44.3,1.285
44.3,1.285
44.3,1.285
44.3,1.285
44.3,1.285
44.3,1.285
44.3,1.285
44.3,1.290
44.3,1.290
44.3,1.290
44.3,1.290
44.3,1.290
44.3,1.290
44.3,1.290
44.3,1.290
44.3,1.290
44.3,1.290
44.3,1.290
44.3,1.290
44.3,1.290
44.3,1.290
44.3,1.290
44.3,1.290
44.3,1.290
44.3,1.290
44.3,1.290
44.3,1.290
44.3,1.290
44.3,1.290
44.3,1.290
44.3,1.290
44.3,1.290
44.3,1.290
44.3,1.290
44.3,1.290
44.3,1.290
44.3,1.290
44.3,1.295
44.3,1.295
44.4,1.295
44.4,1.295
44.4,1.295
44.4,1.295
44.4,1.295
44.4,1.295
44.4,1.295
44.4,1.295
44.4,1.295
44.4,1.295
44.4,1.295
44.4,1.295
44.4,1.295
44.4,1.295
44.4,1.295
44.4,1.295
44.4,1.295
44.4,1.295
44.4,1.295
44.4,1.295
44.4,1.295
44.4,1.295
44.4,1.295
44.4,1.295
44.4,1.295
44.4,1.295
44.4,1.300
44.4,1.300
44.4,1.300
44.4,1.300
44.4,1.300
44.4,1.300
44.4,1.300
44.4,1.300
44.4,1.300
44.4,1.300
44.4,1.300
44.5,1.300
44.5,1.300
44.5,1.300
44.5,1.300
44.5,1.300
44.5,1.300
44.5,1.300
44.5,1.300
44.5,1.300
44.5,1.300
44.5,1.300
44.5,1.300
44.5,1.300
44.5,1.300
44.5,1.300
44.5,1.300
44.5,1.300
44.5,1.300
44.5,1.300
44.5,1.300
44.5,1.305
44.5,1.305
44.5,1.305
44.5,1.305
44.5,1.305
44.5,1.305
44.5,1.305
44.5,1.305
44.5,1.305
44.5,1.305
44.5,1.305
44.5,1.305
44.5,1.305
44.5,1.305
44.5,1.305
44.5,1.305
44.5,1.305
44.5,1.305
44.5,1.305
44.5,1.305
44.5,1.305
44.5,1.305
44.5,1.305
44.5,1.305
44.5,1.305
44.5,1.305
44.5,1.305
44.5,1.305
44.5,1.305
44.5,1.305
44.5,1.305
44.5,1.305
44.5,1.310
44.5,1.310
44.5,1.310
44.5,1.310
44.5,1.310
44.5,1.310
44.5,1.310
44.5,1.310
44.5,1.310
44.4,1.310
44.4,1.310
44.4,1.310
44.4,1.310
44.4,1.310
44.4,1.310
44.4,1.310
44.4,1.310
44.4,1.310
44.4,1.310
44.4,1.310
44.4,1.310
44.4,1.310
44.4,1.310
44.4,1.310
44.4,1.310
44.4,1.310
44.4,1.310
44.4,1.310
44.4,1.310
44.4,1.310
44.4,1.310
44.4,1.310
44.4,1.310
44.4,1.315
44.4,1.315
44.5,1.315
44.5,1.315
44.5,1.315
44.5,1.315
44.5,1.315
44.5,1.315
44.5,1.315
44.5,1.315
44.5,1.315
44.5,1.315
44.5,1.315
44.5,1.315
44.5,1.315
44.5,1.315
44.5,1.315
44.5,1.315
44.5,1.315
44.5,1.315
44.5,1.315
44.5,1.315
44.5,1.315
44.5,1.315
44.5,1.315
44.5,1.315
44.5,1.315
44.5,1.315
44.5,1.315
44.5,1.315
44.5,1.315
44.5,1.315
44.5,1.315
44.4,1.320
44.4,1.320
44.4,1.320
44.4,1.320
44.4,1.320
44.4,1.320
44.4,1.320
44.4,1.320
44.4,1.320
44.4,1.320
44.4,1.320
44.4,1.320
44.4,1.320
44.4,1.320
44.4,1.320
44.4,1.320
44.4,1.320
44.4,1.320
44.4,1.320
44.4,1.320
44.4,1.320
44.4,1.320
44.4,1.320
44.4,1.320
44.4,1.320
44.4,1.320
44.4,1.320
44.4,1.320
44.4,1.320
44.4,1.320
44.4,1.320
44.4,1.320
44.4,1.320
44.4,1.325
44.4,1.325
44.4,1.325
44.4,1.325
44.4,1.325
44.4,1.325
44.4,1.325
44.4,1.325
44.4,1.325
44.4,1.325
44.4,1.325
44.4,1.325
44.4,1.325
44.4,1.325
44.4,1.325
44.4,1.325
44.4,1.325
44.4,1.325
44.4,1.325
44.4,1.325
44.4,1.325
44.4,1.325
44.4,1.325
44.4,1.325
44.4,1.325
44.4,1.325
44.4,1.325
44.4,1.325
44.4,1.325
44.4,1.325
44.4,1.325
44.4,1.325
44.4,1.325
44.4,1.325
44.4,1.325
44.4,1.325
44.4,1.325
44.4,1.330
44.4,1.330
44.4,1.330
44.4,1.330
44.4,1.330
44.4,1.330
44.4,1.330
44.4,1.330
44.4,1.330
44.4,1.330
44.4,1.330
44.4,1.330
44.4,1.330
44.4,1.330
44.4,1.330
44.4,1.330
44.4,1.330
44.4,1.330
44.4,1.330
44.4,1.330
44.4,1.330
44.4,1.330
44.4,1.330
44.4,1.330
44.4,1.330
44.4,1.330
44.4,1.330
44.4,1.330
44.4,1.330
44.4,1.330
44.4,1.330
44.4,1.330
44.4,1.330
44.4,1.330
44.4,1.330
44.4,1.330
44.4,1.330
44.4,1.330
44.4,1.330
44.4,1.330
44.4,1.335
44.4,1.335
44.4,1.335
44.4,1.335
44.4,1.335
44.4,1.335
44.4,1.335
44.4,1.335
44.4,1.335
44.4,1.335
44.4,1.335
44.4,1.335
44.4,1.335
44.4,1.335
44.4,1.335
44.4,1.335
44.4,1.335
44.4,1.335
44.4,1.335
44.4,1.335
44.4,1.335
44.4,1.335
44.4,1.335
44.4,1.335
44.4,1.335
44.4,1.335
44.4,1.335
44.4,1.335
44.4,1.335
44.4,1.335
44.4,1.335
44.4,1.335
44.4,1.335
44.4,1.335
44.4,1.335
44.4,1.335
44.4,1.335
44.4,1.335
44.4,1.335
44.4,1.335
44.4,1.335
44.4,1.335
44.4,1.340
44.4,1.340
44.4,1.340
44.4,1.340
44.4,1.340
44.4,1.340
44.4,1.340
44.4,1.340
44.4,1.340
44.4,1.340
44.4,1.340
44.4,1.340
44.4,1.340
44.4,1.340
44.4,1.340
44.4,1.340
44.4,1.340
44.4,1.340
44.4,1.340
44.4,1.340
44.4,1.340
44.4,1.340
44.4,1.340
44.4,1.340
44.4,1.340
44.5,1.340
44.5,1.340
44.5,1.340
44.5,1.340
44.5,1.340
44.5,1.340
44.5,1.340
44.5,1.340
44.5,1.340
44.5,1.340
44.5,1.340
44.5,1.340
44.5,1.340
44.5,1.340
44.5,1.340
44.5,1.345
44.5,1.345
44.5,1.345
44.5,1.345
44.5,1.345
44.5,1.345
44.5,1.345
44.5,1.345
44.5,1.345
44.5,1.345
44.5,1.345
44.5,1.345
44.5,1.345
44.5,1.345
44.5,1.345
44.5,1.345
44.5,1.345
44.5,1.345
44.5,1.345
44.5,1.345
44.5,1.345
44.5,1.345
44.5,1.345
44.5,1.345
44.5,1.345
44.5,1.345
44.5,1.345
44.5,1.345
44.5,1.345
44.5,1.345
44.5,1.345
44.5,1.345
44.5,1.345
44.5,1.345
44.5,1.345
44.5,1.345
44.5,1.345
44.5,1.345
44.5,1.345
44.5,1.345
44.5,1.345
44.5,1.345
44.5,1.345
44.5,1.350
44.5,1.350
44.5,1.350
44.5,1.350
44.5,1.350
44.5,1.350
44.5,1.350
44.5,1.350
44.5,1.350
44.5,1.350
44.5,1.350
44.5,1.350
44.5,1.350
44.5,1.350
44.5,1.350
44.5,1.350
44.5,1.350
44.5,1.350
44.6,1.350
44.6,1.350
44.6,1.350
44.6,1.350
44.6,1.350
44.5,1.350
44.5,1.350
44.5,1.350
44.5,1.350
44.5,1.350
44.5,1.350
44.5,1.350
44.5,1.350
44.5,1.350
44.5,1.350
44.5,1.350
44.5,1.350
44.5,1.350
44.5,1.350
44.5,1.350
44.5,1.350
44.5,1.350
44.5,1.350
44.5,1.350
44.5,1.350
44.5,1.355
44.5,1.355
44.5,1.355
44.5,1.355
44.5,1.355
44.5,1.355
44.5,1.355
44.5,1.355
44.5,1.355
44.5,1.355
44.5,1.355
44.5,1.355
44.5,1.355
44.5,1.355
44.5,1.355
44.5,1.355
44.5,1.355
44.5,1.355
44.5,1.355
44.5,1.355
44.5,1.355
44.5,1.355
44.5,1.355
44.5,1.355
44.5,1.355
44.5,1.355
44.5,1.355
44.5,1.355
44.5,1.355
44.5,1.355
44.5,1.355
44.5,1.355
44.5,1.355
44.5,1.355
44.5,1.355
44.5,1.355
44.5,1.355
44.5,1.355
44.5,1.355
44.5,1.355
44.5,1.360
44.5,1.360
44.5,1.360
44.5,1.360
44.5,1.360
44.5,1.360
44.5,1.360
44.5,1.360
44.5,1.360
44.5,1.360
44.5,1.360
44.5,1.360
44.5,1.360
44.5,1.360
44.5,1.360
44.5,1.360
44.5,1.360
44.5,1.360
44.6,1.360
44.6,1.360
44.6,1.360
44.6,1.360
44.6,1.360
44.6,1.360
44.6,1.360
44.6,1.360
44.6,1.360
44.5,1.360
44.5,1.360
44.5,1.360
44.5,1.360
44.5,1.360
44.5,1.360
44.5,1.360
44.5,1.360
44.5,1.360
44.5,1.360
44.5,1.360
44.5,1.360
44.5,1.360
44.5,1.365
44.5,1.365
44.5,1.365
44.5,1.365
44.5,1.365
44.5,1.365
44.5,1.365
44.5,1.365
44.5,1.365
44.5,1.365
44.5,1.365
44.5,1.365
44.5,1.365
44.5,1.365
44.5,1.365
44.5,1.365
44.5,1.365
44.5,1.365
44.5,1.365
44.5,1.365
44.5,1.365
44.5,1.365
44.5,1.365
44.5,1.365
44.5,1.365
44.5,1.365
44.5,1.365
44.5,1.365
44.5,1.365
44.5,1.365
44.5,1.365
44.5,1.365
44.5,1.365
44.5,1.365
44.5,1.365
44.5,1.365
44.5,1.365
44.5,1.365
44.5,1.365
44.5,1.370
44.5,1.370
44.5,1.370
44.5,1.370
44.5,1.370
44.5,1.370
44.5,1.370
44.5,1.370
44.5,1.370
44.5,1.370
44.5,1.370
44.5,1.370
44.5,1.370
44.5,1.370
44.5,1.370
44.5,1.370
44.5,1.370
44.5,1.370
44.5,1.370
44.5,1.370
44.5,1.370
44.5,1.370
44.5,1.370
44.5,1.370
44.5,1.370
44.5,1.370
44.5,1.370
44.5,1.370
44.5,1.370
44.5,1.370
44.5,1.370
44.5,1.370
44.5,1.370
44.5,1.370
44.5,1.370
44.5,1.370
44.5,1.370
44.5,1.370
44.5,1.375
44.5,1.375
44.5,1.375
44.5,1.375
44.5,1.375
44.5,1.375
44.5,1.375
44.5,1.375
44.5,1.375
44.5,1.375
44.5,1.375
44.5,1.375
44.5,1.375
44.5,1.375
44.5,1.375
44.5,1.375
44.5,1.375
44.5,1.375
44.5,1.375
44.5,1.375
44.5,1.375
44.5,1.375
44.5,1.375
44.5,1.375
44.5,1.375
44.5,1.375
44.5,1.375
44.5,1.375
44.5,1.375
44.5,1.375
44.5,1.375
44.5,1.375
44.5,1.375
44.5,1.375
44.5,1.375
44.5,1.375
44.5,1.380
44.5,1.380
44.5,1.380
44.5,1.380
44.5,1.380
44.5,1.380
44.5,1.380
44.5,1.380
44.5,1.380
44.5,1.380
44.5,1.380
44.5,1.380
44.5,1.380
44.6,1.380
44.6,1.380
44.6,1.380
44.6,1.380
44.6,1.380
44.6,1.380
44.6,1.380
44.6,1.380
44.6,1.380
44.6,1.380
44.6,1.380
44.6,1.380
44.6,1.380
44.6,1.380
44.6,1.380
44.6,1.380
44.6,1.380
44.6,1.380
44.6,1.380
44.6,1.380
44.6,1.380
44.6,1.380
44.6,1.380
44.6,1.380
44.6,1.380
44.6,1.380
44.6,1.380
44.6,1.380
44.6,1.385
44.6,1.385
44.6,1.385
44.6,1.385
44.6,1.385
44.6,1.385
44.6,1.385
44.6,1.385
44.6,1.385
44.6,1.385
44.6,1.385
44.6,1.385
44.6,1.385
44.6,1.385
44.6,1.385
44.6,1.385
44.6,1.385
44.7,1.385
44.7,1.385
44.7,1.385
44.7,1.385
44.7,1.385
44.7,1.385
44.7,1.385
44.7,1.385
44.7,1.385
44.7,1.385
44.7,1.385
44.7,1.385
44.7,1.385
44.7,1.385
44.7,1.385
44.7,1.385
44.7,1.385
44.7,1.385
44.7,1.385
44.7,1.385
44.7,1.385
44.7,1.385
44.7,1.390
44.7,1.390
44.7,1.390
44.7,1.390
44.7,1.390
44.7,1.390
44.7,1.390
44.7,1.390
44.7,1.390
44.7,1.390
44.7,1.390
44.7,1.390
44.7,1.390
44.7,1.390
44.7,1.390
44.7,1.390
44.7,1.390
44.7,1.390
44.7,1.390
44.7,1.390
44.7,1.390
44.7,1.390
44.7,1.390
44.7,1.390
44.7,1.390
44.7,1.390
44.7,1.390
44.7,1.390
44.7,1.390
44.7,1.390
44.7,1.390
44.7,1.390
44.7,1.390
44.7,1.390
44.7,1.390
44.7,1.390
44.7,1.390
44.7,1.390
44.7,1.395
44.7,1.395
44.7,1.395
44.7,1.395
44.7,1.395
44.7,1.395
44.7,1.395
44.7,1.395
44.7,1.395
44.7,1.395
44.7,1.395
44.7,1.395
44.7,1.395
44.7,1.395
44.8,1.395
44.8,1.395
44.8,1.395
44.8,1.395
44.8,1.395
44.8,1.395
44.8,1.395
44.8,1.395
44.7,1.395
44.7,1.395
44.7,1.395
44.7,1.395
44.7,1.395
44.7,1.395
44.7,1.395
44.7,1.395
44.7,1.395
44.7,1.395
44.7,1.395
44.7,1.395
44.7,1.395
44.7,1.400
44.7,1.400
44.7,1.400
44.8,1.400
44.8,1.400
44.8,1.400
44.8,1.400
44.8,1.400
44.8,1.400
44.8,1.400
44.8,1.400
44.8,1.400
44.8,1.400
44.8,1.400
44.8,1.400
44.8,1.400
44.8,1.400
44.8,1.400
44.8,1.400
44.8,1.400
44.8,1.400
44.8,1.400
44.8,1.400
44.8,1.400
44.8,1.400
44.8,1.400
44.8,1.400
44.8,1.400
44.8,1.400
44.8,1.400
44.8,1.400
44.8,1.400
44.8,1.400
44.8,1.400
44.8,1.405
44.8,1.405
44.8,1.405
44.8,1.405
44.8,1.405
44.8,1.405
44.8,1.405
44.8,1.405
44.8,1.405
44.8,1.405
44.8,1.405
44.8,1.405
44.8,1.405
44.8,1.405
44.8,1.405
44.8,1.405
44.8,1.405
44.8,1.405
44.8,1.405
44.8,1.405
44.7,1.405
44.7,1.405
44.7,1.405
44.7,1.405
44.7,1.405
44.7,1.405
44.7,1.405
44.7,1.405
44.7,1.405
44.7,1.405
44.7,1.405
44.7,1.405
44.7,1.405
44.7,1.405
44.7,1.405
44.7,1.405
44.7,1.405
44.7,1.410
44.7,1.410
44.7,1.410
44.7,1.410
44.7,1.410
44.7,1.410
44.7,1.410
44.7,1.410
44.7,1.410
44.7,1.410
44.7,1.410
44.7,1.410
44.7,1.410
44.7,1.410
44.7,1.410
44.7,1.410
44.7,1.410
44.7,1.410
44.7,1.410
44.7,1.410
44.7,1.410
44.7,1.410
44.7,1.410
44.7,1.410
44.7,1.410
44.7,1.410
44.7,1.410
44.7,1.410
44.7,1.410
44.7,1.410
44.7,1.410
44.7,1.410
44.7,1.410
44.7,1.410
44.7,1.410
44.7,1.410
44.7,1.410
44.7,1.415
44.7,1.415
44.7,1.415
44.7,1.415
44.7,1.415
44.7,1.415
44.7,1.415
44.7,1.415
44.7,1.415
44.7,1.415
44.7,1.415
44.7,1.415
44.7,1.415
44.7,1.415
44.7,1.415
44.7,1.415
44.7,1.415
44.7,1.415
44.7,1.415
44.7,1.415
44.7,1.415
44.7,1.415
44.7,1.415
44.7,1.415
44.7,1.415
44.7,1.415
44.7,1.415
44.7,1.415
44.7,1.415
44.7,1.415
44.7,1.415
44.7,1.415
44.7,1.415
44.7,1.415
44.8,1.415
44.8,1.420
44.8,1.420
44.8,1.420
44.8,1.420
44.8,1.420
44.8,1.420
44.8,1.420
44.8,1.420
44.8,1.420
44.8,1.420
44.8,1.420
44.8,1.420
44.8,1.420
44.8,1.420
44.7,1.420
44.7,1.420
44.7,1.420
44.7,1.420
44.7,1.420
44.7,1.420
44.8,1.420
44.8,1.420
44.8,1.420
44.8,1.420
44.8,1.420
44.8,1.420
44.8,1.420
44.8,1.420
44.8,1.420
44.8,1.420
44.8,1.420
44.8,1.425
44.8,1.425
44.8,1.425
44.8,1.425
44.8,1.425
44.8,1.425
44.8,1.425
44.8,1.425
44.8,1.425
44.8,1.425
44.8,1.425
44.8,1.425
44.8,1.425
44.8,1.425
44.8,1.425
44.8,1.425
44.8,1.425
44.8,1.425
44.8,1.425
44.8,1.425
44.8,1.425
44.8,1.425
44.8,1.425
44.8,1.425
44.8,1.425
44.8,1.425
44.8,1.425
44.8,1.425
44.8,1.425
44.8,1.425
44.8,1.425
44.8,1.425
44.8,1.425
44.8,1.430
44.8,1.430
44.8,1.430
44.8,1.430
44.8,1.430
44.9,1.430
44.9,1.430
44.9,1.430
44.9,1.430
44.9,1.430
44.9,1.430
44.9,1.430
44.9,1.430
44.9,1.430
44.9,1.430
44.9,1.430
44.9,1.430
44.9,1.430
44.9,1.430
44.9,1.430
44.9,1.430
44.9,1.430
44.9,1.430
44.9,1.430
44.9,1.430
44.9,1.430
44.9,1.430
44.9,1.430
44.9,1.430
44.9,1.430
44.9,1.430
44.9,1.435
44.9,1.435
44.9,1.435
44.9,1.435
44.9,1.435
44.9,1.435
44.9,1.435
44.9,1.435
44.9,1.435
44.9,1.435
44.9,1.435
44.9,1.435
44.9,1.435
44.9,1.435
44.9,1.435
44.9,1.435
44.9,1.435
44.9,1.435
44.9,1.435
44.9,1.435
44.9,1.435
44.9,1.435
44.9,1.435
44.9,1.435
44.9,1.435
44.9,1.435
44.9,1.435
44.9,1.435
44.9,1.435
44.9,1.440
44.9,1.440
44.9,1.440
44.9,1.440
44.9,1.440
44.9,1.440
44.9,1.440
44.9,1.440
44.9,1.440
44.9,1.440
44.9,1.440
44.9,1.440
45.0,1.440
45.0,1.440
45.0,1.440
45.0,1.440
45.0,1.440
45.0,1.440
45.0,1.440
45.0,1.440
45.0,1.440
45.0,1.440
45.0,1.440
45.0,1.440
45.0,1.440
45.0,1.440
45.0,1.440
45.0,1.440
45.0,1.445
45.0,1.445
45.0,1.445
45.0,1.445
45.0,1.445
45.0,1.445
45.0,1.445
45.0,1.445
45.0,1.445
45.0,1.445
45.0,1.445
45.0,1.445
45.0,1.445
45.0,1.445
45.0,1.445
45.0,1.445
45.0,1.445
45.0,1.445
45.0,1.445
45.0,1.445
45.0,1.445
45.0,1.445
45.0,1.445
45.0,1.445
45.0,1.445
45.0,1.445
45.0,1.445
45.0,1.450
45.0,1.450
45.0,1.450
45.0,1.450
45.0,1.450
45.0,1.450
45.0,1.450
45.0,1.450
45.0,1.450
45.0,1.450
45.0,1.450
45.0,1.450
45.0,1.450
45.0,1.450
45.0,1.450
45.0,1.450
45.0,1.450
45.0,1.450
45.0,1.450
45.0,1.450
45.0,1.450
45.0,1.450
45.0,1.450
45.0,1.450
45.0,1.450
45.0,1.450
45.0,1.450
45.0,1.455
45.0,1.455
45.0,1.455
45.0,1.455
45.0,1.455
45.0,1.455
45.0,1.455
45.0,1.455
45.0,1.455
45.0,1.455
45.0,1.455
45.0,1.455
45.0,1.455
45.0,1.455
45.0,1.455
45.0,1.455
45.0,1.455
45.0,1.455
45.0,1.455
45.0,1.455
45.0,1.455
45.0,1.455
45.0,1.455
45.0,1.455
45.0,1.455
45.0,1.455
45.0,1.460
45.0,1.460
45.0,1.460
45.0,1.460
45.0,1.460
45.0,1.460
45.0,1.460
45.0,1.460
45.0,1.460
45.0,1.460
45.0,1.460
45.0,1.460
45.0,1.460
45.0,1.460
45.0,1.460
45.0,1.460
45.0,1.460
45.0,1.460
45.0,1.460
45.0,1.460
45.0,1.460
45.0,1.460
45.0,1.460
44.9,1.460
44.9,1.460
44.9,1.460
44.9,1.460
44.9,1.460
44.9,1.465
44.9,1.465
44.9,1.465
44.9,1.465
44.9,1.465
44.9,1.465
44.9,1.465
44.9,1.465
44.9,1.465
44.9,1.465
45.0,1.465
45.0,1.465
45.0,1.465
45.0,1.465
45.0,1.465
44.9,1.465
44.9,1.465
44.9,1.465
44.9,1.465
44.9,1.465
44.9,1.465
44.9,1.465
44.9,1.465
44.9,1.465
44.9,1.465
44.9,1.465
44.9,1.465
44.9,1.465
44.9,1.465
44.9,1.470
44.9,1.470
44.9,1.470
44.9,1.470
44.9,1.470
44.9,1.470
44.9,1.470
44.9,1.470
44.9,1.470
44.9,1.470
44.9,1.470
44.9,1.470
44.9,1.470
44.9,1.470
44.9,1.470
44.9,1.470
44.9,1.470
44.9,1.470
44.9,1.470
44.9,1.470
44.9,1.470
44.9,1.470
44.9,1.470
44.9,1.470
44.9,1.470
44.9,1.470
44.9,1.470
44.9,1.470
44.9,1.470
44.9,1.475
44.9,1.475
44.9,1.475
44.9,1.475
44.9,1.475
44.9,1.475
44.9,1.475
44.9,1.475
44.9,1.475
44.9,1.475
44.9,1.475
44.9,1.475
44.9,1.475
44.9,1.475
44.9,1.475
44.9,1.475
44.9,1.475
44.9,1.475
45.0,1.475
45.0,1.475
45.0,1.475
45.0,1.475
45.0,1.475
45.0,1.475
44.9,1.475
44.9,1.475
44.9,1.475
44.9,1.475
44.9,1.480
44.9,1.480
44.9,1.480
44.9,1.480
44.9,1.480
44.9,1.480
44.9,1.480
44.9,1.480
44.9,1.480
44.9,1.480
45.0,1.480
45.0,1.480
45.0,1.480
45.0,1.480
45.0,1.480
45.0,1.480
45.0,1.480
45.0,1.480
45.0,1.480
45.0,1.480
45.0,1.480
45.0,1.480
45.0,1.480
45.0,1.480
45.0,1.480
45.0,1.480
45.0,1.480
45.0,1.480
45.0,1.485
45.0,1.485
45.0,1.485
45.0,1.485
45.0,1.485
45.0,1.485
45.0,1.485
45.0,1.485
45.0,1.485
45.0,1.485
45.0,1.485
45.0,1.485
45.0,1.485
45.0,1.485
45.0,1.485
45.0,1.485
45.0,1.485
45.0,1.485
45.0,1.485
45.0,1.485
45.0,1.485
45.0,1.485
45.0,1.485
45.0,1.485
45.0,1.485
45.0,1.485
45.0,1.485
45.0,1.485
45.0,1.490
45.0,1.490
45.0,1.490
45.0,1.490
45.0,1.490
45.0,1.490
45.0,1.490
45.0,1.490
45.0,1.490
45.0,1.490
45.0,1.490
45.0,1.490
45.0,1.490
45.0,1.490
45.0,1.490
45.0,1.490
45.0,1.490
45.0,1.490
45.0,1.490
45.0,1.490
45.0,1.490
45.0,1.490
45.0,1.490
45.0,1.490
45.0,1.490
45.0,1.490
45.0,1.490
45.0,1.490
45.0,1.495
45.0,1.495
45.0,1.495
45.0,1.495
45.0,1.495
45.0,1.495
45.0,1.495
45.0,1.495
45.0,1.495
45.0,1.495
45.0,1.495
45.0,1.495
45.0,1.495
45.0,1.495
45.0,1.495
45.0,1.495
45.0,1.495
45.0,1.495
45.0,1.495
45.0,1.495
45.0,1.495
45.0,1.495
45.0,1.495
45.0,1.495
45.0,1.495
45.0,1.495
45.0,1.495
45.0,1.495
45.0,1.495
45.0,1.500
45.0,1.500
45.0,1.500
45.0,1.500
45.0,1.500
45.0,1.500
45.0,1.500
45.0,1.500
45.0,1.500
45.0,1.500
45.0,1.500
45.0,1.500
45.0,1.500
45.0,1.500
45.0,1.500
45.0,1.500
45.0,1.500
45.0,1.500
45.0,1.500
45.0,1.500
45.0,1.500
45.0,1.500
45.0,1.500
45.0,1.500
45.0,1.500
45.0,1.500
45.0,1.500
45.0,1.505
45.0,1.505
45.0,1.505
45.0,1.505
45.0,1.505
45.0,1.505
45.0,1.505
45.0,1.505
45.0,1.505
45.0,1.505
45.0,1.505
45.0,1.505
45.0,1.505
45.0,1.505
45.0,1.505
45.0,1.505
45.0,1.505
45.0,1.505
45.0,1.505
45.0,1.505
45.0,1.505
45.0,1.505
45.0,1.505
45.0,1.505
45.0,1.505
45.0,1.505
45.0,1.505
45.0,1.505
45.0,1.505
45.0,1.505
45.0,1.510
45.0,1.510
45.0,1.510
45.0,1.510
45.0,1.510
45.0,1.510
45.0,1.510
45.0,1.510
45.0,1.510
45.0,1.510
45.0,1.510
45.0,1.510
45.0,1.510
45.0,1.510
45.0,1.510
45.0,1.510
45.0,1.510
45.0,1.510
45.0,1.510
45.0,1.510
45.0,1.510
45.0,1.510
45.0,1.510
45.0,1.510
45.0,1.510
45.0,1.510
45.0,1.510
45.0,1.510
45.0,1.510
45.0,1.510
45.0,1.510
45.0,1.515
45.0,1.515
45.0,1.515
45.0,1.515
45.0,1.515
45.0,1.515
45.0,1.515
45.0,1.515
45.0,1.515
45.0,1.515
45.0,1.515
45.0,1.515
45.0,1.515
45.0,1.515
45.0,1.515
45.0,1.515
45.0,1.515
45.0,1.515
45.0,1.515
45.0,1.515
45.0,1.515
45.0,1.515
45.0,1.515
45.0,1.515
45.0,1.515
45.0,1.515
45.0,1.515
45.0,1.515
45.0,1.515
45.0,1.515
45.0,1.520
45.0,1.520
45.0,1.520
45.0,1.520
45.0,1.520
45.0,1.520
45.0,1.520
45.0,1.520
45.0,1.520
45.0,1.520
45.0,1.520
45.0,1.520
45.0,1.520
45.0,1.520
45.0,1.520
45.1,1.520
45.1,1.520
45.1,1.520
45.1,1.520
45.1,1.520
45.1,1.520
45.1,1.520
45.1,1.520
45.1,1.520
45.1,1.520
45.1,1.520
45.1,1.520
45.1,1.520
45.1,1.520
45.1,1.520
45.1,1.520
45.1,1.520
45.1,1.520
45.0,1.520
45.0,1.525
45.0,1.525
45.0,1.525
45.0,1.525
45.0,1.525
45.0,1.525
45.0,1.525
45.0,1.525
45.0,1.525
45.0,1.525
45.0,1.525
45.0,1.525
45.0,1.525
45.0,1.525
45.0,1.525
45.0,1.525
45.0,1.525
45.0,1.525
45.0,1.525
45.0,1.525
45.0,1.525
45.0,1.525
45.0,1.525
45.1,1.525
45.1,1.525
45.1,1.525
45.1,1.525
45.1,1.525
45.1,1.525
45.1,1.525
45.1,1.525
45.1,1.525
45.1,1.525
45.1,1.525
45.1,1.525
45.1,1.525
45.1,1.530
45.1,1.530
45.1,1.530
45.1,1.530
45.1,1.530
45.1,1.530
45.1,1.530
45.1,1.530
45.1,1.530
45.1,1.530
45.1,1.530
45.1,1.530
45.1,1.530
45.1,1.530
45.1,1.530
45.1,1.530
45.1,1.530
45.1,1.530
45.1,1.530
45.1,1.530
45.1,1.530
45.1,1.530
45.1,1.530
45.1,1.530
45.1,1.530
45.1,1.530
45.1,1.530
45.1,1.530
45.1,1.530
45.1,1.530
45.1,1.530
45.1,1.530
45.1,1.530
45.1,1.530
45.1,1.535
45.1,1.535
45.1,1.535
45.1,1.535
45.1,1.535
45.1,1.535
45.1,1.535
45.1,1.535
45.1,1.535
45.1,1.535
45.1,1.535
45.1,1.535
45.1,1.535
45.1,1.535
45.1,1.535
45.1,1.535
45.1,1.535
45.1,1.535
45.1,1.535
45.1,1.535
45.1,1.535
45.1,1.535
45.1,1.535
45.1,1.535
45.1,1.535
45.1,1.535
45.1,1.535
45.1,1.535
45.1,1.535
45.1,1.535
45.1,1.535
45.1,1.535
45.2,1.540
45.2,1.540
45.2,1.540
45.2,1.540
45.2,1.540
45.2,1.540
45.2,1.540
45.2,1.540
45.2,1.540
45.2,1.540
45.2,1.540
45.2,1.540
45.2,1.540
45.2,1.540
45.2,1.540
45.2,1.540
45.2,1.540
45.2,1.540
45.2,1.540
45.2,1.540
45.2,1.540
45.2,1.540
45.2,1.540
45.2,1.540
45.2,1.540
45.2,1.540
45.2,1.540
45.2,1.540
45.2,1.540
45.2,1.540
45.2,1.540
45.2,1.540
45.2,1.540
45.2,1.545
45.2,1.545
45.2,1.545
45.2,1.545
45.2,1.545
45.2,1.545
45.2,1.545
45.2,1.545
45.2,1.545
45.2,1.545
45.2,1.545
45.2,1.545
45.2,1.545
45.2,1.545
45.2,1.545
45.2,1.545
45.2,1.545
45.2,1.545
45.2,1.545
45.2,1.545
45.2,1.545
45.2,1.545
45.2,1.545
45.2,1.545
45.2,1.545
45.2,1.545
45.2,1.545
45.2,1.545
45.2,1.545
45.2,1.545
45.2,1.545
45.2,1.545
45.2,1.545
45.2,1.545
45.2,1.550
45.2,1.550
45.2,1.550
45.2,1.550
45.2,1.550
45.2,1.550
45.2,1.550
45.2,1.550
45.2,1.550
45.2,1.550
45.2,1.550
45.2,1.550
45.2,1.550
45.2,1.550
45.2,1.550
45.2,1.550
45.2,1.550
45.2,1.550
45.2,1.550
45.2,1.550
45.2,1.550
45.2,1.550
45.2,1.550
45.2,1.550
45.2,1.550
45.2,1.550
45.2,1.550
45.2,1.550
45.2,1.550
45.2,1.550
45.2,1.550
45.2,1.550
45.2,1.550
45.2,1.550
45.2,1.555
45.2,1.555
45.2,1.555
45.2,1.555
45.2,1.555
45.2,1.555
45.2,1.555
45.2,1.555
45.2,1.555
45.2,1.555
45.2,1.555
45.2,1.555
45.2,1.555
45.2,1.555
45.2,1.555
45.2,1.555
45.2,1.555
45.2,1.555
45.2,1.555
45.2,1.555
45.2,1.555
45.2,1.555
45.2,1.555
45.2,1.555
45.2,1.555
45.2,1.555
45.2,1.555
45.2,1.555
45.2,1.555
45.2,1.555
45.2,1.555
45.2,1.555
45.2,1.560
45.2,1.560
45.2,1.560
45.2,1.560
45.2,1.560
45.2,1.560
45.2,1.560
45.2,1.560
45.2,1.560
45.2,1.560
45.2,1.560
45.2,1.560
45.2,1.560
45.2,1.560
45.2,1.560
45.2,1.560
45.2,1.560
45.2,1.560
45.2,1.560
45.2,1.560
45.2,1.560
45.2,1.560
45.2,1.560
45.2,1.560
45.2,1.560
45.2,1.560
45.2,1.560
45.2,1.560
45.2,1.560
45.2,1.560
45.2,1.560
45.2,1.565
45.2,1.565
45.2,1.565
45.2,1.565
45.2,1.565
45.2,1.565
45.2,1.565
45.2,1.565
45.3,1.565
45.3,1.565
45.3,1.565
45.3,1.565
45.3,1.565
45.3,1.565
45.3,1.565
45.3,1.565
45.3,1.565
45.3,1.565
45.3,1.565
45.3,1.565
45.3,1.565
45.3,1.565
45.3,1.565
45.3,1.565
45.3,1.565
45.3,1.565
45.3,1.565
45.3,1.565
45.3,1.565
45.3,1.565
45.3,1.565
45.3,1.565
45.3,1.565
45.3,1.570
45.3,1.570
45.3,1.570
45.3,1.570
45.3,1.570
45.3,1.570
45.3,1.570
45.3,1.570
45.3,1.570
45.3,1.570
45.3,1.570
45.3,1.570
45.3,1.570
45.3,1.570
45.3,1.570
45.3,1.570
45.3,1.570
45.3,1.570
45.3,1.570
45.3,1.570
45.3,1.570
45.3,1.570
45.3,1.570
45.3,1.570
45.3,1.570
45.3,1.570
45.3,1.570
45.3,1.570
45.3,1.570
45.3,1.570
45.3,1.570
45.3,1.570
45.3,1.570
45.3,1.575
45.3,1.575
45.3,1.575
45.3,1.575
45.3,1.575
45.3,1.575
45.3,1.575
45.3,1.575
45.3,1.575
45.3,1.575
45.3,1.575
45.3,1.575
45.3,1.575
45.3,1.575
45.3,1.575
45.3,1.575
45.3,1.575
45.3,1.575
45.3,1.575
45.3,1.575
45.3,1.575
45.3,1.575
45.3,1.575
45.3,1.575
45.3,1.575
45.3,1.575
45.3,1.575
45.3,1.575
45.3,1.575
45.3,1.575
45.3,1.575
45.3,1.575
45.3,1.580
45.3,1.580
45.3,1.580
45.3,1.580
45.3,1.580
45.3,1.580
45.3,1.580
45.3,1.580
45.3,1.580
45.3,1.580
45.3,1.580
45.3,1.580
45.3,1.580
45.3,1.580
45.3,1.580
45.3,1.580
45.3,1.580
45.3,1.580
45.3,1.580
45.3,1.580
45.3,1.580
45.3,1.580
45.3,1.580
45.4,1.580
45.4,1.580
45.4,1.580
45.4,1.580
45.4,1.580
45.4,1.585
45.4,1.585
45.4,1.585
45.4,1.585
45.4,1.585
45.4,1.585
45.4,1.585
45.4,1.585
45.4,1.585
45.4,1.585
45.4,1.585
45.4,1.585
45.4,1.585
45.4,1.585
45.4,1.585
45.4,1.585
45.4,1.585
45.4,1.585
45.4,1.585
45.4,1.585
45.4,1.585
45.4,1.585
45.4,1.585
45.4,1.585
45.4,1.585
45.4,1.585
45.4,1.585
45.4,1.585
45.4,1.585
45.4,1.585
45.4,1.585
45.4,1.585
45.4,1.590
45.4,1.590
45.4,1.590
45.4,1.590
45.4,1.590
45.4,1.590
45.4,1.590
45.4,1.590
45.4,1.590
45.4,1.590
45.4,1.590
45.4,1.590
45.4,1.590
45.3,1.590
45.3,1.590
45.3,1.590
45.3,1.590
45.3,1.590
45.3,1.590
45.3,1.590
45.3,1.590
45.3,1.590
45.3,1.590
45.3,1.590
45.3,1.590
45.3,1.590
45.3,1.590
45.3,1.590
45.3,1.590
45.3,1.590
45.3,1.590
45.3,1.590
45.3,1.590
45.3,1.595
45.3,1.595
45.3,1.595
45.3,1.595
45.3,1.595
45.3,1.595
45.3,1.595
45.3,1.595
45.3,1.595
45.3,1.595
45.3,1.595
45.3,1.595
45.3,1.595
45.3,1.595
45.3,1.595
45.3,1.595
45.3,1.595
45.3,1.595
45.3,1.595
45.3,1.595
45.3,1.595
45.3,1.595
45.3,1.595
45.3,1.595
45.3,1.595
45.3,1.595
45.3,1.595
45.3,1.595
45.3,1.595
45.3,1.595
45.3,1.595
45.3,1.595
45.3,1.595
45.3,1.600
45.3,1.600
45.3,1.600
45.3,1.600
45.3,1.600
45.3,1.600
45.3,1.600
45.3,1.600
45.3,1.600
45.3,1.600
45.3,1.600
45.3,1.600
45.3,1.600
45.3,1.600
45.3,1.600
45.3,1.600
45.3,1.600
45.3,1.600
45.3,1.600
45.3,1.600
45.3,1.600
45.3,1.600
45.3,1.600
45.3,1.600
45.2,1.600
45.3,1.600
45.3,1.600
45.3,1.600
45.3,1.600
45.3,1.600
45.3,1.600
45.3,1.600
45.3,1.600
45.3,1.600
45.3,1.605
45.3,1.605
45.3,1.605
45.3,1.605
45.3,1.605
45.3,1.605
45.3,1.605
45.3,1.605
45.3,1.605
45.3,1.605
45.3,1.605
45.3,1.605
45.3,1.605
45.3,1.605
45.3,1.605
45.3,1.605
45.3,1.605
45.3,1.605
45.3,1.605
45.3,1.605
45.3,1.605
45.3,1.605
45.3,1.605
45.3,1.605
45.3,1.605
45.3,1.605
45.3,1.605
45.4,1.605
45.4,1.605
45.4,1.605
45.4,1.605
45.4,1.605
45.4,1.605
45.4,1.610
45.4,1.610
45.4,1.610
45.4,1.610
45.4,1.610
45.4,1.610
45.4,1.610
45.4,1.610
45.4,1.610
45.4,1.610
45.4,1.610
45.4,1.610
45.4,1.610
45.4,1.610
45.4,1.610
45.4,1.610
45.4,1.610
45.4,1.610
45.4,1.610
45.4,1.610
45.4,1.610
45.4,1.610
45.4,1.610
45.4,1.610
45.4,1.610
45.4,1.610
45.4,1.610
45.4,1.610
45.4,1.610
45.4,1.610
45.4,1.610
45.4,1.610
45.4,1.615
45.4,1.615
45.4,1.615
45.4,1.615
45.4,1.615
45.4,1.615
45.4,1.615
45.4,1.615
45.4,1.615
45.4,1.615
45.4,1.615
45.4,1.615
45.5,1.615
45.5,1.615
45.5,1.615
45.4,1.615
45.4,1.615
45.4,1.615
45.4,1.615
45.4,1.615
45.4,1.615
45.4,1.615
45.4,1.615
45.4,1.615
45.4,1.615
45.4,1.615
45.4,1.615
45.4,1.615
45.4,1.615
45.4,1.615
45.4,1.620
45.4,1.620
45.4,1.620
45.4,1.620
45.4,1.620
45.4,1.620
45.4,1.620
45.4,1.620
45.4,1.620
45.4,1.620
45.4,1.620
45.4,1.620
45.4,1.620
45.4,1.620
45.4,1.620
45.4,1.620
45.4,1.620
45.4,1.620
45.4,1.620
45.4,1.620
45.4,1.620
45.4,1.620
45.4,1.620
45.4,1.620
45.4,1.620
45.4,1.620
45.4,1.620
45.4,1.620
45.4,1.620
45.4,1.620
45.4,1.620
45.4,1.620
45.4,1.620
45.4,1.625
45.4,1.625
45.4,1.625
45.4,1.625
45.4,1.625
45.4,1.625
45.4,1.625
45.4,1.625
45.4,1.625
45.4,1.625
45.4,1.625
45.4,1.625
45.5,1.625
45.5,1.625
45.5,1.625
45.5,1.625
45.5,1.625
45.5,1.625
45.5,1.625
45.5,1.625
45.5,1.625
45.5,1.625
45.5,1.625
45.5,1.625
45.5,1.625
45.5,1.625
45.5,1.625
45.5,1.625
45.5,1.625
45.5,1.625
45.5,1.625
45.5,1.625
45.5,1.625
45.5,1.625
45.5,1.625
45.5,1.625
45.5,1.625
45.5,1.630
45.5,1.630
45.5,1.630
45.5,1.630
45.5,1.630
45.5,1.630
45.5,1.630
45.5,1.630
45.5,1.630
45.5,1.630
45.5,1.630
45.5,1.630
45.5,1.630
45.5,1.630
45.5,1.630
45.5,1.630
45.5,1.630
45.5,1.630
45.5,1.630
45.5,1.630
45.5,1.630
45.5,1.630
45.5,1.630
45.5,1.630
45.5,1.630
45.5,1.630
45.5,1.630
45.5,1.630
45.5,1.630
45.5,1.630
45.5,1.630
45.6,1.630
45.6,1.630
45.6,1.630
45.6,1.630
45.6,1.630
45.6,1.630
45.6,1.630
45.6,1.635
45.6,1.635
45.6,1.635
45.6,1.635
45.6,1.635
45.6,1.635
45.6,1.635
45.6,1.635
45.6,1.635
45.6,1.635
45.6,1.635
45.6,1.635
45.6,1.635
45.6,1.635
45.6,1.635
45.6,1.635
45.6,1.635
45.6,1.635
45.6,1.635
45.6,1.635
45.6,1.635
45.6,1.635
45.6,1.635
45.6,1.635
45.6,1.635
45.6,1.635
45.6,1.635
45.6,1.635
45.6,1.635
45.6,1.635
45.6,1.635
45.6,1.635
45.6,1.635
45.6,1.635
45.6,1.635
45.6,1.635
45.6,1.635
45.6,1.640
45.6,1.640
45.6,1.640
45.6,1.640
45.6,1.640
45.6,1.640
45.6,1.640
45.6,1.640
45.6,1.640
45.6,1.640
45.6,1.640
45.6,1.640
45.6,1.640
45.6,1.640
45.6,1.640
45.6,1.640
45.6,1.640
45.6,1.640
45.6,1.640
45.6,1.640
45.6,1.640
45.6,1.640
45.6,1.640
45.6,1.640
45.6,1.640
45.6,1.640
45.6,1.640
45.6,1.640
45.6,1.640
45.6,1.640
45.6,1.640
45.6,1.640
45.6,1.640
45.6,1.640
45.6,1.640
45.6,1.640
45.6,1.645
45.6,1.645
45.7,1.645
45.7,1.645
45.7,1.645
45.7,1.645
45.7,1.645
45.7,1.645
45.7,1.645
45.7,1.645
45.7,1.645
45.7,1.645
45.7,1.645
45.7,1.645
45.7,1.645
45.7,1.645
45.7,1.645
45.7,1.645
45.7,1.645
45.7,1.645
45.7,1.645
45.7,1.645
45.7,1.645
45.7,1.645
45.7,1.645
45.7,1.645
45.7,1.645
45.7,1.645
45.7,1.645
45.7,1.645
45.7,1.645
45.7,1.645
45.7,1.645
45.7,1.645
45.7,1.645
45.7,1.645
45.7,1.645
45.7,1.645
45.7,1.650
45.7,1.650
45.7,1.650
45.7,1.650
45.7,1.650
45.7,1.650
45.7,1.650
45.7,1.650
45.7,1.650
45.6,1.650
45.6,1.650
45.6,1.650
45.6,1.650
45.6,1.650
45.6,1.650
45.6,1.650
45.6,1.650
45.6,1.650
45.6,1.650
45.6,1.650
45.6,1.650
45.6,1.650
45.6,1.650
45.6,1.650
45.6,1.650
45.6,1.650
45.6,1.650
45.6,1.650
45.6,1.650
45.6,1.650
45.6,1.650
45.6,1.650
45.6,1.650
45.6,1.650
45.6,1.650
45.6,1.650
45.6,1.650
45.6,1.655
45.6,1.655
45.6,1.655
45.6,1.655
45.6,1.655
45.6,1.655
45.6,1.655
45.6,1.655
45.7,1.655
45.7,1.655
45.7,1.655
45.7,1.655
45.7,1.655
45.7,1.655
45.7,1.655
45.7,1.655
45.7,1.655
45.7,1.655
45.7,1.655
45.7,1.655
45.7,1.655
45.7,1.655
45.7,1.655
45.7,1.655
45.7,1.655
45.7,1.655
45.7,1.655
45.7,1.655
45.6,1.655
45.6,1.655
45.6,1.655
45.6,1.655
45.6,1.655
45.6,1.655
45.6,1.655
45.6,1.655
45.6,1.660
45.6,1.660
45.6,1.660
45.6,1.660
45.6,1.660
45.6,1.660
45.6,1.660
45.6,1.660
45.6,1.660
45.6,1.660
45.6,1.660
45.6,1.660
45.6,1.660
45.6,1.660
45.6,1.660
45.6,1.660
45.6,1.660
45.6,1.660
45.6,1.660
45.6,1.660
45.6,1.660
45.6,1.660
45.6,1.660
45.6,1.660
45.6,1.660
45.6,1.660
45.6,1.660
45.6,1.660
45.6,1.660
45.6,1.660
45.6,1.660
45.6,1.660
45.6,1.660
45.6,1.665
45.6,1.665
45.6,1.665
45.6,1.665
45.6,1.665
45.6,1.665
45.6,1.665
45.6,1.665
45.6,1.665
45.6,1.665
45.6,1.665
45.6,1.665
45.6,1.665
45.6,1.665
45.6,1.665
45.6,1.665
45.6,1.665
45.6,1.665
45.6,1.665
45.6,1.665
45.6,1.665
45.6,1.665
45.6,1.665
45.6,1.665
45.6,1.665
45.6,1.665
45.6,1.665
45.6,1.665
45.6,1.665
45.7,1.665
45.7,1.665
45.7,1.665
45.7,1.665
45.7,1.665
45.7,1.665
45.7,1.665
45.7,1.665
45.7,1.665
45.7,1.670
45.7,1.670
45.7,1.670
45.7,1.670
45.7,1.670
45.7,1.670
45.7,1.670
45.7,1.670
45.7,1.670
45.7,1.670
45.7,1.670
45.7,1.670
45.7,1.670
45.7,1.670
45.7,1.670
45.7,1.670
45.7,1.670
45.7,1.670
45.7,1.670
45.7,1.670
45.7,1.670
45.7,1.670
45.7,1.670
45.7,1.670
45.7,1.670
45.7,1.670
45.7,1.670
45.7,1.670
45.7,1.670
45.7,1.670
45.7,1.670
45.7,1.670
45.7,1.670
45.7,1.670
45.7,1.670
45.7,1.670
45.7,1.670
45.7,1.670
45.7,1.675
45.7,1.675
45.7,1.675
45.7,1.675
45.7,1.675
45.7,1.675
45.7,1.675
45.7,1.675
45.7,1.675
45.7,1.675
45.7,1.675
45.7,1.675
45.7,1.675
45.7,1.675
45.7,1.675
45.7,1.675
45.7,1.675
45.7,1.675
45.7,1.675
45.7,1.675
45.7,1.675
45.7,1.675
45.7,1.675
45.7,1.675
45.7,1.675
45.7,1.675
45.7,1.675
45.7,1.675
45.7,1.675
45.7,1.675
45.7,1.675
45.7,1.675
45.7,1.675
45.7,1.675
45.7,1.675
45.7,1.675
45.7,1.680
45.7,1.680
45.7,1.680
45.7,1.680
45.7,1.680
45.7,1.680
45.7,1.680
45.7,1.680
45.7,1.680
45.7,1.680
45.7,1.680
45.7,1.680
45.7,1.680
45.7,1.680
45.7,1.680
45.7,1.680
45.7,1.680
45.7,1.680
45.7,1.680
45.7,1.680
45.7,1.680
45.7,1.680
45.7,1.680
45.7,1.680
45.7,1.680
45.7,1.680
45.7,1.680
45.7,1.680
45.7,1.680
45.7,1.680
45.7,1.680
45.7,1.680
45.7,1.680
45.7,1.680
45.8,1.680
45.8,1.680
45.8,1.680
45.8,1.680
45.8,1.685
45.8,1.685
45.8,1.685
45.8,1.685
45.8,1.685
45.8,1.685
45.8,1.685
45.8,1.685
45.8,1.685
45.8,1.685
45.8,1.685
45.8,1.685
45.8,1.685
45.8,1.685
45.8,1.685
45.8,1.685
45.8,1.685
45.8,1.685
45.8,1.685
45.8,1.685
45.8,1.685
45.8,1.685
45.8,1.685
45.8,1.685
45.8,1.685
45.8,1.685
45.9,1.685
45.9,1.685
45.9,1.685
45.9,1.685
45.9,1.685
45.9,1.685
45.9,1.685
45.8,1.685
45.8,1.685
45.8,1.685
45.8,1.685
45.8,1.690
45.8,1.690
45.8,1.690
45.8,1.690
45.8,1.690
45.8,1.690
45.8,1.690
45.8,1.690
45.8,1.690
45.8,1.690
45.8,1.690
45.8,1.690
45.8,1.690
45.8,1.690
45.8,1.690
45.8,1.690
45.8,1.690
45.8,1.690
45.8,1.690
45.8,1.690
45.8,1.690
45.8,1.690
45.8,1.690
45.8,1.690
45.8,1.690
45.8,1.690
45.8,1.690
45.8,1.690
45.8,1.690
45.8,1.690
45.8,1.690
45.8,1.690
45.9,1.690
45.9,1.690
45.9,1.690
45.9,1.690
45.9,1.695
45.9,1.695
45.9,1.695
45.9,1.695
45.9,1.695
45.9,1.695
45.9,1.695
45.9,1.695
45.8,1.695
45.8,1.695
45.8,1.695
45.8,1.695
45.8,1.695
45.8,1.695
45.8,1.695
45.8,1.695
45.8,1.695
45.8,1.695
45.8,1.695
45.8,1.695
45.8,1.695
45.8,1.695
45.8,1.695
45.8,1.695
45.9,1.695
45.9,1.695
45.9,1.695
45.9,1.695
45.9,1.695
45.9,1.695
45.9,1.695
45.9,1.695
45.9,1.695
45.9,1.700
45.9,1.700
45.9,1.700
45.9,1.700
45.9,1.700
45.9,1.700
45.9,1.700
45.9,1.700
45.9,1.700
45.9,1.700
45.9,1.700
45.9,1.700
45.9,1.700
45.9,1.700
45.9,1.700
45.9,1.700
45.9,1.700
45.9,1.700
45.9,1.700
45.9,1.700
45.9,1.700
46.0,1.700
46.0,1.700
46.0,1.700
46.0,1.700
46.0,1.700
46.0,1.700
46.0,1.700
46.0,1.700
46.0,1.700
46.0,1.700
46.0,1.700
46.0,1.700
46.0,1.700
46.0,1.705
46.0,1.705
46.0,1.705
46.0,1.705
46.0,1.705
46.0,1.705
46.0,1.705
46.0,1.705
46.0,1.705
46.0,1.705
46.0,1.705
46.0,1.705
46.0,1.705
46.0,1.705
46.0,1.705
46.0,1.705
46.0,1.705
46.0,1.705
46.0,1.705
46.0,1.705
46.0,1.705
46.0,1.705
46.0,1.705
46.0,1.705
46.0,1.705
46.0,1.705
46.0,1.705
46.0,1.705
46.0,1.705
46.0,1.705
46.0,1.705
46.0,1.705
46.1,1.710
46.1,1.710
46.1,1.710
46.1,1.710
46.1,1.710
46.1,1.710
46.1,1.710
46.1,1.710
46.1,1.710
46.1,1.710
46.1,1.710
46.1,1.710
46.1,1.710
46.1,1.710
46.1,1.710
46.1,1.710
46.1,1.710
46.1,1.710
46.1,1.710
46.1,1.710
46.1,1.710
46.1,1.710
46.0,1.710
46.0,1.710
46.0,1.710
46.0,1.710
46.0,1.710
46.0,1.710
46.1,1.710
46.1,1.710
46.1,1.710
46.1,1.710
46.1,1.710
46.1,1.715
46.1,1.715
46.1,1.715
46.1,1.715
46.1,1.715
46.1,1.715
46.1,1.715
46.1,1.715
46.1,1.715
46.1,1.715
46.1,1.715
46.1,1.715
46.1,1.715
46.1,1.715
46.1,1.715
46.1,1.715
46.1,1.715
46.1,1.715
46.1,1.715
46.1,1.715
46.1,1.715
46.1,1.715
46.1,1.715
46.1,1.715
46.1,1.715
46.1,1.715
46.1,1.715
46.2,1.715
46.2,1.715
46.2,1.715
46.2,1.715
46.2,1.715
46.2,1.720
46.2,1.720
46.2,1.720
46.2,1.720
46.2,1.720
46.2,1.720
46.2,1.720
46.2,1.720
46.2,1.720
46.2,1.720
46.2,1.720
46.2,1.720
46.2,1.720
46.2,1.720
46.2,1.720
46.2,1.720
46.2,1.720
46.2,1.720
46.2,1.720
46.2,1.720
46.2,1.720
46.2,1.720
46.2,1.720
46.2,1.720
46.2,1.720
46.2,1.720
46.2,1.720
46.2,1.720
46.2,1.720
46.2,1.720
46.2,1.720
46.2,1.720
46.2,1.725
46.2,1.725
46.2,1.725
46.2,1.725
46.2,1.725
46.2,1.725
46.2,1.725
46.2,1.725
46.2,1.725
46.2,1.725
46.2,1.725
46.2,1.725
46.2,1.725
46.2,1.725
46.2,1.725
46.2,1.725
46.2,1.725
46.2,1.725
46.2,1.725
46.2,1.725
46.2,1.725
46.2,1.725
46.2,1.725
46.2,1.725
46.2,1.725
46.2,1.725
46.2,1.725
46.2,1.725
46.2,1.725
46.2,1.725
46.2,1.725
46.2,1.725
46.2,1.725
46.2,1.725
46.2,1.730
46.2,1.730
46.2,1.730
46.2,1.730
46.2,1.730
46.2,1.730
46.1,1.730
46.1,1.730
46.1,1.730
46.1,1.730
46.2,1.730
46.2,1.730
46.2,1.730
46.2,1.730
46.2,1.730
46.2,1.730
46.2,1.730
46.2,1.730
46.2,1.730
46.2,1.730
46.2,1.730
46.2,1.730
46.2,1.730
46.2,1.730
46.2,1.730
46.2,1.730
46.2,1.730
46.2,1.730
46.2,1.730
46.2,1.730
46.2,1.730
46.2,1.730
46.2,1.735
46.2,1.735
46.2,1.735
46.2,1.735
46.2,1.735
46.2,1.735
46.2,1.735
46.2,1.735
46.2,1.735
46.2,1.735
46.2,1.735
46.2,1.735
46.2,1.735
46.2,1.735
46.2,1.735
46.2,1.735
46.2,1.735
46.2,1.735
46.2,1.735
46.2,1.735
46.1,1.735
46.1,1.735
46.1,1.735
46.1,1.735
46.1,1.735
46.1,1.735
46.1,1.735
46.1,1.735
46.1,1.735
46.1,1.735
46.1,1.740
46.1,1.740
46.2,1.740
46.2,1.740
46.2,1.740
46.2,1.740
46.2,1.740
46.2,1.740
46.2,1.740
46.2,1.740
46.2,1.740
46.2,1.740
46.2,1.740
46.2,1.740
46.2,1.740
46.2,1.740
46.2,1.740
46.2,1.740
46.2,1.740
46.3,1.740
46.3,1.740
46.3,1.740
46.3,1.740
46.3,1.740
46.3,1.740
46.3,1.745
46.3,1.745
46.3,1.745
46.3,1.745
46.3,1.745
46.3,1.745
46.3,1.745
46.3,1.745
46.3,1.745
46.3,1.745
46.3,1.745
46.3,1.745
46.3,1.745
46.3,1.745
46.3,1.745
46.4,1.745
46.4,1.745
46.4,1.745
46.4,1.745
46.4,1.745
46.4,1.745
46.4,1.745
46.4,1.745
46.4,1.745
46.4,1.745
46.4,1.745
46.4,1.745
46.4,1.750
46.4,1.750
46.4,1.750
46.4,1.750
46.4,1.750
46.4,1.750
46.4,1.750
46.4,1.750
46.4,1.750
46.4,1.750
46.4,1.750
46.4,1.750
46.4,1.750
46.4,1.750
46.4,1.750
46.4,1.750
46.4,1.750
46.4,1.750
46.4,1.750
46.4,1.750
46.4,1.750
46.4,1.750
46.4,1.750
46.4,1.750
46.4,1.750
46.4,1.755
46.4,1.755
46.3,1.755
46.3,1.755
46.3,1.755
46.3,1.755
46.3,1.755
46.3,1.755
46.3,1.755
46.3,1.755
46.3,1.755
46.3,1.755
46.3,1.755
46.3,1.755
46.3,1.755
46.3,1.755
46.3,1.755
46.3,1.755
46.3,1.755
46.3,1.755
46.3,1.755
46.3,1.755
46.3,1.755
46.3,1.755
46.3,1.760
46.3,1.760
46.3,1.760
46.3,1.760
46.3,1.760
46.3,1.760
46.3,1.760
46.3,1.760
46.3,1.760
46.3,1.760
46.3,1.760
46.3,1.760
46.3,1.760
46.3,1.760
46.3,1.760
46.3,1.760
46.3,1.760
46.3,1.760
46.3,1.760
46.3,1.760
46.3,1.760
46.3,1.760
46.3,1.760
46.3,1.760
46.3,1.765
46.3,1.765
46.3,1.765
46.3,1.765
46.3,1.765
46.3,1.765
46.3,1.765
46.3,1.765
46.3,1.765
46.3,1.765
46.3,1.765
46.3,1.765
46.3,1.765
46.3,1.765
46.3,1.765
46.3,1.765
46.3,1.765
46.3,1.765
46.3,1.765
46.4,1.765
46.4,1.765
46.4,1.765
46.4,1.765
46.4,1.765
46.4,1.770
46.4,1.770
46.4,1.770
46.4,1.770
46.4,1.770
46.4,1.770
46.4,1.770
46.4,1.770
46.4,1.770
46.4,1.770
46.4,1.770
46.4,1.770
46.4,1.770
46.4,1.770
46.4,1.770
46.4,1.770
46.4,1.770
46.4,1.770
46.4,1.770
46.4,1.770
46.3,1.770
46.3,1.770
46.3,1.770
46.3,1.770
46.3,1.770
46.3,1.775
46.3,1.775
46.3,1.775
46.3,1.775
46.3,1.775
46.3,1.775
46.3,1.775
46.3,1.775
46.3,1.775
46.3,1.775
46.3,1.775
46.3,1.775
46.3,1.775
46.3,1.775
46.3,1.775
46.3,1.775
46.3,1.775
46.3,1.775
46.3,1.775
46.3,1.775
46.3,1.775
46.3,1.775
46.3,1.775
46.3,1.780
46.3,1.780
46.3,1.780
46.4,1.780
46.4,1.780
46.4,1.780
46.4,1.780
46.4,1.780
46.4,1.780
46.4,1.780
46.4,1.780
46.4,1.780
46.4,1.780
46.4,1.780
46.4,1.780
46.3,1.780
46.3,1.780
46.3,1.780
46.3,1.780
46.3,1.780
46.3,1.780
46.3,1.780
46.3,1.780
46.3,1.780
46.3,1.780
46.3,1.780
46.3,1.785
46.3,1.785
46.3,1.785
46.3,1.785
46.3,1.785
46.3,1.785
46.3,1.785
46.3,1.785
46.3,1.785
46.3,1.785
46.3,1.785
46.3,1.785
46.3,1.785
46.3,1.785
46.3,1.785
46.3,1.785
46.3,1.785
46.3,1.785
46.3,1.785
46.3,1.785
46.4,1.785
46.4,1.785
46.4,1.785
46.4,1.785
46.4,1.785
46.4,1.785
46.4,1.785
46.4,1.790
46.4,1.790
46.4,1.790
46.4,1.790
46.4,1.790
46.4,1.790
46.4,1.790
46.4,1.790
46.4,1.790
46.4,1.790
46.4,1.790
46.4,1.790
46.4,1.790
46.4,1.790
46.4,1.790
46.4,1.790
46.4,1.790
46.4,1.790
46.4,1.790
46.4,1.790
46.4,1.790
46.4,1.790
46.4,1.790
46.4,1.790
46.4,1.790
46.4,1.790
46.4,1.790
46.4,1.795
46.4,1.795
46.4,1.795
46.4,1.795
46.4,1.795
46.4,1.795
46.4,1.795
46.4,1.795
46.5,1.795
46.5,1.795
46.5,1.795
46.5,1.795
46.5,1.795
46.5,1.795
46.5,1.795
46.5,1.795
46.5,1.795
46.5,1.795
46.5,1.795
46.5,1.795
46.5,1.795
46.5,1.795
46.5,1.795
46.5,1.795
46.5,1.795
46.5,1.795
46.5,1.795
46.5,1.800
46.5,1.800
46.5,1.800
46.5,1.800
46.5,1.800
46.5,1.800
46.5,1.800
46.5,1.800
46.5,1.800
46.5,1.800
46.5,1.800
46.5,1.800
46.5,1.800
46.5,1.800
46.5,1.800
46.5,1.800
46.5,1.800
46.6,1.800
46.6,1.800
46.6,1.800
46.6,1.800
46.6,1.800
46.6,1.800
46.6,1.800
46.6,1.800
46.6,1.800
46.6,1.805
46.6,1.805
46.6,1.805
46.6,1.805
46.6,1.805
46.6,1.805
46.6,1.805
46.6,1.805
46.6,1.805
46.6,1.805
46.6,1.805
46.6,1.805
46.6,1.805
46.6,1.805
46.6,1.805
46.6,1.805
46.6,1.805
46.6,1.805
46.6,1.805
46.6,1.805
46.6,1.805
46.6,1.805
46.6,1.805
46.6,1.805
46.6,1.805
46.6,1.805
46.6,1.805
46.6,1.805
46.6,1.810
46.6,1.810
46.6,1.810
46.6,1.810
46.6,1.810
46.6,1.810
46.6,1.810
46.6,1.810
46.6,1.810
46.6,1.810
46.6,1.810
46.6,1.810
46.6,1.810
46.6,1.810
46.6,1.810
46.6,1.810
46.6,1.810
46.6,1.810
46.6,1.810
46.6,1.810
46.6,1.810
46.6,1.810
46.6,1.810
46.6,1.810
46.6,1.810
46.6,1.810
46.6,1.810
46.6,1.810
46.6,1.810
46.6,1.815
46.6,1.815
46.6,1.815
46.6,1.815
46.6,1.815
46.6,1.815
46.6,1.815
46.6,1.815
46.6,1.815
46.6,1.815
46.6,1.815
46.6,1.815
46.6,1.815
46.6,1.815
46.6,1.815
46.6,1.815
46.6,1.815
46.6,1.815
46.6,1.815
46.6,1.815
46.6,1.815
46.6,1.815
46.6,1.815
46.6,1.815
46.6,1.815
46.6,1.815
46.6,1.815
46.6,1.815
46.7,1.820
46.7,1.820
46.7,1.820
46.6,1.820
46.6,1.820
46.6,1.820
46.6,1.820
46.6,1.820
46.6,1.820
46.6,1.820
46.6,1.820
46.6,1.820
46.6,1.820
46.6,1.820
46.6,1.820
46.6,1.820
46.6,1.820
46.6,1.820
46.6,1.820
46.6,1.820
46.6,1.820
46.6,1.820
46.6,1.820
46.6,1.820
46.6,1.820
46.6,1.820
46.6,1.820
46.6,1.825
46.6,1.825
46.6,1.825
46.6,1.825
46.6,1.825
46.6,1.825
46.6,1.825
46.6,1.825
46.6,1.825
46.6,1.825
46.6,1.825
46.6,1.825
46.6,1.825
46.7,1.825
46.7,1.825
46.7,1.825
46.7,1.825
46.7,1.825
46.7,1.825
46.7,1.825
46.7,1.825
46.7,1.825
46.7,1.825
46.7,1.825
46.7,1.825
46.7,1.825
46.7,1.825
46.7,1.825
46.7,1.825
46.7,1.830
46.7,1.830
46.7,1.830
46.7,1.830
46.7,1.830
46.7,1.830
46.7,1.830
46.7,1.830
46.7,1.830
46.7,1.830
46.7,1.830
46.7,1.830
46.7,1.830
46.7,1.830
46.7,1.830
46.7,1.830
46.7,1.830
46.7,1.830
46.7,1.830
46.7,1.830
46.7,1.830
46.7,1.830
46.7,1.830
46.7,1.830
46.7,1.830
46.7,1.830
46.7,1.830
46.7,1.830
46.7,1.835
46.7,1.835
46.7,1.835
46.7,1.835
46.7,1.835
46.7,1.835
46.7,1.835
46.7,1.835
46.7,1.835
46.7,1.835
46.7,1.835
46.7,1.835
46.7,1.835
46.7,1.835
46.7,1.835
46.7,1.835
46.7,1.835
46.7,1.835
46.7,1.835
46.7,1.835
46.7,1.835
46.7,1.835
46.7,1.835
46.8,1.835
46.8,1.835
46.8,1.835
46.8,1.835
46.8,1.840
46.8,1.840
46.8,1.840
46.8,1.840
46.8,1.840
46.8,1.840
46.8,1.840
46.8,1.840
46.8,1.840
46.8,1.840
46.8,1.840
46.8,1.840
46.8,1.840
46.8,1.840
46.8,1.840
46.8,1.840
46.8,1.840
46.8,1.840
46.8,1.840
46.8,1.840
46.8,1.840
46.8,1.840
46.8,1.840
46.8,1.840
46.8,1.840
46.8,1.840
46.8,1.845
46.8,1.845
46.8,1.845
46.8,1.845
46.8,1.845
46.8,1.845
46.8,1.845
46.8,1.845
46.8,1.845
46.8,1.845
46.8,1.845
46.8,1.845
46.8,1.845
46.8,1.845
46.8,1.845
46.8,1.845
46.8,1.845
46.8,1.845
46.8,1.845
46.8,1.845
46.8,1.845
46.8,1.845
46.8,1.845
46.8,1.845
46.8,1.845
46.8,1.845
46.9,1.845
46.9,1.845
46.9,1.845
46.9,1.850
46.9,1.850
46.9,1.850
46.9,1.850
46.9,1.850
46.9,1.850
46.9,1.850
46.9,1.850
46.9,1.850
46.9,1.850
46.9,1.850
46.9,1.850
46.9,1.850
46.9,1.850
46.9,1.850
46.9,1.850
46.9,1.850
46.9,1.850
46.9,1.850
46.9,1.850
46.9,1.850
46.9,1.850
46.9,1.850
46.9,1.850
46.9,1.850
46.9,1.850
46.9,1.850
46.9,1.850
46.9,1.850
46.9,1.855
46.9,1.855
46.9,1.855
46.9,1.855
46.9,1.855
46.9,1.855
46.9,1.855
46.9,1.855
46.9,1.855
46.9,1.855
46.9,1.855
46.9,1.855
46.9,1.855
46.9,1.855
46.9,1.855
46.9,1.855
46.9,1.855
46.9,1.855
46.9,1.855
46.9,1.855
46.9,1.855
46.9,1.855
46.9,1.855
46.9,1.855
46.9,1.855
46.9,1.855
46.9,1.855
46.9,1.855
46.9,1.855
46.9,1.860
46.9,1.860
46.9,1.860
46.9,1.860
46.9,1.860
46.9,1.860
46.9,1.860
46.9,1.860
46.9,1.860
46.9,1.860
46.9,1.860
46.9,1.860
46.9,1.860
46.9,1.860
46.9,1.860
46.9,1.860
46.9,1.860
46.9,1.860
46.9,1.860
46.9,1.860
46.9,1.860
46.9,1.860
46.9,1.860
46.9,1.860
46.9,1.860
46.9,1.860
46.9,1.860
46.9,1.860
46.9,1.860
46.9,1.860
46.9,1.860
47.0,1.860
47.0,1.865
47.0,1.865
47.0,1.865
47.0,1.865
47.0,1.865
47.0,1.865
47.0,1.865
47.0,1.865
47.0,1.865
47.0,1.865
47.0,1.865
47.0,1.865
47.0,1.865
47.0,1.865
47.0,1.865
47.0,1.865
47.0,1.865
47.0,1.865
47.0,1.865
47.0,1.865
47.0,1.865
47.0,1.865
47.0,1.865
47.0,1.865
47.0,1.865
47.0,1.865
47.0,1.865
47.0,1.865
47.0,1.865
47.0,1.865
47.0,1.865
47.0,1.865
47.0,1.865
47.0,1.865
47.0,1.865
47.0,1.870
47.0,1.870
47.0,1.870
47.0,1.870
47.0,1.870
47.0,1.870
47.0,1.870
47.0,1.870
47.0,1.870
47.0,1.870
47.0,1.870
47.0,1.870
47.0,1.870
47.0,1.870
47.0,1.870
47.0,1.870
47.0,1.870
47.0,1.870
47.0,1.870
47.0,1.870
47.0,1.870
47.0,1.870
47.0,1.870
47.0,1.870
47.0,1.870
47.0,1.870
47.0,1.870
47.0,1.870
47.0,1.870
47.0,1.870
47.0,1.870
47.0,1.870
47.0,1.870
47.0,1.870
47.0,1.870
47.0,1.870
47.0,1.870
47.0,1.875
47.0,1.875
47.0,1.875
47.0,1.875
47.0,1.875
47.0,1.875
47.0,1.875
47.0,1.875
47.0,1.875
47.0,1.875
47.0,1.875
47.0,1.875
47.0,1.875
47.1,1.875
47.1,1.875
47.1,1.875
47.1,1.875
47.1,1.875
47.0,1.875
47.0,1.875
47.0,1.875
47.0,1.875
47.0,1.875
47.0,1.875
47.0,1.875
47.0,1.875
47.0,1.875
47.0,1.875
47.0,1.875
47.0,1.875
47.0,1.875
47.0,1.875
47.0,1.875
47.0,1.875
47.0,1.875
47.0,1.875
47.0,1.880
47.0,1.880
47.0,1.880
47.0,1.880
47.0,1.880
47.0,1.880
47.0,1.880
47.0,1.880
47.0,1.880
47.0,1.880
47.0,1.880
47.0,1.880
47.0,1.880
47.0,1.880
47.0,1.880
47.0,1.880
47.0,1.880
47.0,1.880
47.0,1.880
47.0,1.880
47.0,1.880
47.0,1.880
47.0,1.880
47.0,1.880
47.0,1.880
47.0,1.880
47.0,1.880
46.9,1.880
46.9,1.880
46.9,1.880
46.9,1.880
46.9,1.880
46.9,1.880
46.9,1.880
46.9,1.880
46.9,1.885
46.9,1.885
46.9,1.885
46.9,1.885
46.9,1.885
46.9,1.885
46.9,1.885
46.9,1.885
46.9,1.885
46.9,1.885
47.0,1.885
47.0,1.885
47.0,1.885
47.0,1.885
47.0,1.885
47.0,1.885
47.0,1.885
47.0,1.885
47.0,1.885
47.0,1.885
47.0,1.885
47.0,1.885
47.0,1.885
47.0,1.885
47.0,1.885
47.0,1.885
47.0,1.885
47.0,1.885
47.0,1.885
47.0,1.885
47.0,1.885
47.0,1.885
47.0,1.885
47.0,1.885
47.0,1.885
47.0,1.885
47.0,1.885
47.0,1.885
47.0,1.885
47.0,1.885
47.0,1.890
47.0,1.890
47.0,1.890
47.0,1.890
47.0,1.890
47.0,1.890
47.0,1.890
47.0,1.890
47.0,1.890
47.0,1.890
47.0,1.890
47.0,1.890
47.0,1.890
47.0,1.890
47.0,1.890
47.0,1.890
47.0,1.890
47.0,1.890
47.0,1.890
47.0,1.890
47.0,1.890
47.0,1.890
47.0,1.890
47.0,1.890
47.0,1.890
47.0,1.890
47.0,1.890
47.0,1.890
47.0,1.890
47.0,1.890
47.0,1.890
47.0,1.890
47.0,1.890
47.0,1.890
47.0,1.890
47.0,1.890
47.0,1.890
47.0,1.890
47.0,1.890
47.0,1.890
47.0,1.890
47.0,1.890
47.0,1.895
47.0,1.895
47.0,1.895
47.0,1.895
47.0,1.895
47.0,1.895
47.0,1.895
47.0,1.895
47.0,1.895
47.0,1.895
47.0,1.895
47.0,1.895
47.0,1.895
47.0,1.895
47.0,1.895
47.0,1.895
47.0,1.895
47.0,1.895
47.0,1.895
47.0,1.895
47.0,1.895
47.0,1.895
47.0,1.895
47.0,1.895
47.0,1.895
47.0,1.895
47.0,1.895
47.0,1.895
47.0,1.895
47.0,1.895
47.0,1.895
47.0,1.895
47.0,1.895
47.0,1.895
47.0,1.895
47.0,1.895
47.0,1.895
47.0,1.895
47.0,1.900
47.0,1.900
47.0,1.900
47.0,1.900
47.0,1.900
47.0,1.900
47.0,1.900
47.0,1.900
47.0,1.900
47.0,1.900
47.0,1.900
47.0,1.900
47.0,1.900
47.0,1.900
47.0,1.900
47.0,1.900
47.0,1.900
47.0,1.900
47.0,1.900
47.0,1.900
47.0,1.900
47.0,1.900
47.0,1.900
47.0,1.900
47.0,1.900
47.0,1.900
47.0,1.900
47.0,1.900
47.0,1.900
47.0,1.900
47.0,1.900
47.1,1.900
47.1,1.900
47.1,1.905
47.1,1.905
47.1,1.905
47.1,1.905
47.1,1.905
47.1,1.905
47.1,1.905
47.1,1.905
47.1,1.905
47.1,1.905
47.1,1.905
47.1,1.905
47.1,1.905
47.1,1.905
47.1,1.905
47.1,1.905
47.1,1.905
47.1,1.905
47.1,1.905
47.1,1.905
47.1,1.905
47.1,1.905
47.1,1.905
47.1,1.905
47.1,1.905
47.1,1.905
47.1,1.905
47.1,1.905
47.1,1.905
47.1,1.905
47.1,1.905
47.1,1.905
47.1,1.905
47.2,1.905
47.2,1.910
47.2,1.910
47.2,1.910
47.2,1.910
47.2,1.910
47.2,1.910
47.2,1.910
47.2,1.910
47.2,1.910
47.2,1.910
47.2,1.910
47.2,1.910
47.2,1.910
47.2,1.910
47.2,1.910
47.2,1.910
47.2,1.910
47.2,1.910
47.2,1.910
47.2,1.910
47.2,1.910
47.2,1.910
47.2,1.910
47.2,1.910
47.2,1.910
47.2,1.910
47.2,1.910
47.2,1.910
47.2,1.910
47.2,1.910
47.2,1.910
47.2,1.910
47.2,1.915
47.2,1.915
47.2,1.915
47.2,1.915
47.2,1.915
47.2,1.915
47.2,1.915
47.2,1.915
47.2,1.915
47.2,1.915
47.2,1.915
47.2,1.915
47.3,1.915
47.3,1.915
47.3,1.915
47.3,1.915
47.3,1.915
47.3,1.915
47.3,1.915
47.3,1.915
47.3,1.915
47.3,1.915
47.3,1.915
47.3,1.915
47.3,1.915
47.2,1.915
47.2,1.915
47.2,1.915
47.2,1.920
47.2,1.920
47.2,1.920
47.2,1.920
47.2,1.920
47.2,1.920
47.2,1.920
47.2,1.920
47.2,1.920
47.2,1.920
47.2,1.920
47.2,1.920
47.2,1.920
47.2,1.920
47.2,1.920
47.2,1.920
47.2,1.920
47.2,1.920
47.2,1.920
47.2,1.920
47.2,1.920
47.2,1.920
47.2,1.920
47.2,1.920
47.2,1.920
47.2,1.920
47.2,1.920
47.2,1.925
47.3,1.925
47.3,1.925
47.3,1.925
47.3,1.925
47.3,1.925
47.3,1.925
47.3,1.925
47.3,1.925
47.3,1.925
47.3,1.925
47.3,1.925
47.3,1.925
47.3,1.925
47.3,1.925
47.3,1.925
47.3,1.925
47.3,1.925
47.3,1.925
47.3,1.925
47.3,1.925
47.3,1.925
47.3,1.925
47.3,1.925
47.3,1.925
47.3,1.925
47.3,1.925
47.3,1.925
47.3,1.930
47.3,1.930
47.3,1.930
47.3,1.930
47.3,1.930
47.3,1.930
47.3,1.930
47.3,1.930
47.3,1.930
47.2,1.930
47.2,1.930
47.2,1.930
47.2,1.930
47.2,1.930
47.2,1.930
47.2,1.930
47.2,1.930
47.2,1.930
47.2,1.930
47.2,1.930
47.2,1.930
47.2,1.930
47.2,1.930
47.2,1.930
47.2,1.930
47.2,1.930
47.2,1.930
47.3,1.930
47.3,1.935
47.3,1.935
47.3,1.935
47.3,1.935
47.3,1.935
47.3,1.935
47.3,1.935
47.3,1.935
47.3,1.935
47.3,1.935
47.3,1.935
47.3,1.935
47.3,1.935
47.3,1.935
47.3,1.935
47.3,1.935
47.3,1.935
47.3,1.935
47.3,1.935
47.3,1.935
47.3,1.935
47.3,1.935
47.3,1.935
47.3,1.935
47.3,1.935
47.3,1.935
47.3,1.935
47.3,1.935
47.3,1.940
47.3,1.940
47.3,1.940
47.3,1.940
47.3,1.940
47.3,1.940
47.3,1.940
47.3,1.940
47.3,1.940
47.3,1.940
47.3,1.940
47.3,1.940
47.3,1.940
47.3,1.940
47.3,1.940
47.3,1.940
47.3,1.940
47.3,1.940
47.3,1.940
47.3,1.940
47.3,1.940
47.3,1.940
47.3,1.940
47.3,1.940
47.3,1.940
47.3,1.940
47.3,1.940
47.3,1.940
47.3,1.940
47.3,1.940
47.3,1.940
47.4,1.940
47.4,1.945
47.4,1.945
47.4,1.945
47.4,1.945
47.4,1.945
47.4,1.945
47.4,1.945
47.4,1.945
47.4,1.945
47.4,1.945
47.4,1.945
47.4,1.945
47.4,1.945
47.4,1.945
47.4,1.945
47.4,1.945
47.4,1.945
47.4,1.945
47.4,1.945
47.4,1.945
47.4,1.945
47.4,1.945
47.4,1.945
47.4,1.945
47.4,1.945
47.4,1.945
47.4,1.945
47.4,1.945
47.4,1.945
47.4,1.945
47.4,1.945
47.4,1.945
47.4,1.945
47.4,1.950
47.4,1.950
47.4,1.950
47.4,1.950
47.4,1.950
47.4,1.950
47.4,1.950
47.4,1.950
47.4,1.950
47.4,1.950
47.4,1.950
47.4,1.950
47.4,1.950
47.4,1.950
47.4,1.950
47.4,1.950
47.4,1.950
47.4,1.950
47.4,1.950
47.4,1.950
47.4,1.950
47.5,1.950
47.5,1.950
47.5,1.950
47.5,1.950
47.5,1.950
47.5,1.950
47.5,1.950
47.5,1.950
47.5,1.950
47.5,1.950
47.5,1.950
47.5,1.950
47.5,1.950
47.5,1.950
47.5,1.955
47.5,1.955
47.5,1.955
47.5,1.955
47.5,1.955
47.5,1.955
47.5,1.955
47.5,1.955
47.5,1.955
47.5,1.955
47.5,1.955
47.5,1.955
47.5,1.955
47.5,1.955
47.5,1.955
47.5,1.955
47.5,1.955
47.5,1.955
47.5,1.955
47.6,1.955
47.6,1.955
47.6,1.955
47.6,1.955
47.6,1.955
47.6,1.955
47.6,1.955
47.6,1.955
47.6,1.955
47.6,1.955
47.6,1.955
47.6,1.955
47.6,1.955
47.6,1.955
47.6,1.960
47.6,1.960
47.6,1.960
47.6,1.960
47.6,1.960
47.6,1.960
47.6,1.960
47.6,1.960
47.6,1.960
47.6,1.960
47.6,1.960
47.6,1.960
47.6,1.960
47.6,1.960
47.6,1.960
47.6,1.960
47.6,1.960
47.6,1.960
47.6,1.960
47.6,1.960
47.6,1.960
47.6,1.960
47.6,1.960
47.6,1.960
47.6,1.960
47.6,1.960
47.6,1.960
47.6,1.960
47.6,1.960
47.6,1.960
47.6,1.960
47.6,1.960
47.6,1.965
47.6,1.965
47.6,1.965
47.6,1.965
47.6,1.965
47.6,1.965
47.6,1.965
47.6,1.965
47.6,1.965
47.6,1.965
47.6,1.965
47.6,1.965
47.6,1.965
47.6,1.965
47.6,1.965
47.6,1.965
47.6,1.965
47.6,1.965
47.6,1.965
47.6,1.965
47.6,1.965
47.6,1.965
47.6,1.965
47.6,1.965
47.6,1.965
47.6,1.965
47.6,1.965
47.6,1.965
47.6,1.965
47.6,1.965
47.6,1.965
47.6,1.965
47.6,1.965
47.6,1.965
47.6,1.965
47.6,1.970
47.6,1.970
47.6,1.970
47.6,1.970
47.6,1.970
47.6,1.970
47.6,1.970
47.6,1.970
47.6,1.970
47.7,1.970
47.7,1.970
47.7,1.970
47.7,1.970
47.7,1.970
47.7,1.970
47.7,1.970
47.7,1.970
47.7,1.970
47.7,1.970
47.7,1.970
47.7,1.970
47.7,1.970
47.7,1.970
47.7,1.970
47.7,1.970
47.7,1.970
47.7,1.970
47.7,1.970
47.7,1.970
47.7,1.970
47.7,1.970
47.7,1.970
47.7,1.970
47.7,1.970
47.7,1.970
47.7,1.970
47.7,1.970
47.7,1.975
47.7,1.975
47.7,1.975
47.7,1.975
47.7,1.975
47.7,1.975
47.7,1.975
47.7,1.975
47.7,1.975
47.7,1.975
47.7,1.975
47.7,1.975
47.7,1.975
47.7,1.975
47.7,1.975
47.7,1.975
47.7,1.975
47.7,1.975
47.7,1.975
47.7,1.975
47.7,1.975
47.7,1.975
47.7,1.975
47.7,1.975
47.7,1.975
47.7,1.975
47.7,1.975
47.7,1.975
47.7,1.975
47.7,1.975
47.7,1.975
47.7,1.975
47.7,1.975
47.7,1.975
47.7,1.975
47.7,1.975
47.7,1.975
47.7,1.980
47.7,1.980
47.7,1.980
47.7,1.980
47.7,1.980
47.7,1.980
47.7,1.980
47.7,1.980
47.7,1.980
47.7,1.980
47.7,1.980
47.7,1.980
47.7,1.980
47.7,1.980
47.7,1.980
47.7,1.980
47.7,1.980
47.7,1.980
47.7,1.980
47.7,1.980
47.7,1.980
47.8,1.980
47.8,1.980
47.8,1.980
47.8,1.980
47.8,1.980
47.8,1.980
47.8,1.980
47.8,1.980
47.7,1.980
47.7,1.980
47.7,1.980
47.7,1.980
47.7,1.985
47.7,1.985
47.7,1.985
47.7,1.985
47.7,1.985
47.7,1.985
47.7,1.985
47.7,1.985
47.7,1.985
47.7,1.985
47.7,1.985
47.7,1.985
47.7,1.985
47.7,1.985
47.7,1.985
47.7,1.985
47.7,1.985
47.7,1.985
47.7,1.985
47.7,1.985
47.7,1.985
47.7,1.985
47.7,1.985
47.7,1.985
47.7,1.985
47.7,1.985
47.7,1.985
47.7,1.985
47.7,1.985
47.7,1.985
47.7,1.985
47.7,1.985
47.7,1.985
47.7,1.985
47.7,1.985
47.7,1.985
47.7,1.990
47.7,1.990
47.7,1.990
47.7,1.990
47.7,1.990
47.7,1.990
47.7,1.990
47.7,1.990
47.7,1.990
47.7,1.990
47.7,1.990
47.7,1.990
47.7,1.990
47.7,1.990
47.7,1.990
47.7,1.990
47.7,1.990
47.7,1.990
47.7,1.990
47.7,1.990
47.7,1.990
47.7,1.990
47.7,1.990
47.7,1.990
47.7,1.990
47.7,1.990
47.7,1.990
47.7,1.990
47.7,1.990
47.7,1.990
47.7,1.990
47.7,1.990
47.7,1.990
47.7,1.990
47.7,1.990
47.7,1.990
47.7,1.990
47.7,1.995
47.7,1.995
47.7,1.995
47.7,1.995
47.7,1.995
47.7,1.995
47.7,1.995
47.7,1.995
47.7,1.995
47.7,1.995
47.7,1.995
47.7,1.995
47.7,1.995
47.7,1.995
47.7,1.995
47.7,1.995
47.7,1.995
47.7,1.995
47.7,1.995
47.7,1.995
47.7,1.995
47.7,1.995
47.7,1.995
47.7,1.995
47.7,1.995
47.7,1.995
47.7,1.995
47.7,1.995
47.7,1.995
47.7,1.995
47.7,1.995
47.7,1.995
47.7,1.995
47.7,1.995
47.7,1.995
47.7,1.995
47.7,1.995
47.7,2.000
47.7,2.000
47.7,2.000
47.7,2.000
47.7,2.000
47.7,2.000
47.7,2.000
47.7,2.000
47.7,2.000
47.7,2.000
47.7,2.000
47.7,2.000
47.7,2.000
47.7,2.000
47.7,2.000
47.7,2.000
47.7,2.000
47.7,2.000
47.7,2.000
47.7,2.000
47.7,2.000
47.7,2.000
47.7,2.000
47.7,2.000
47.7,2.000
47.7,2.000
47.7,2.000
47.7,2.000
47.7,2.000
47.7,2.000
47.7,2.000
47.7,2.000
47.7,2.000
47.7,2.000
47.7,2.000
47.7,2.000
47.7,2.000
47.7,2.000
47.7,2.000
47.7,2.005
47.7,2.005
47.7,2.005
47.7,2.005
47.7,2.005
47.7,2.005
47.7,2.005
47.7,2.005
47.8,2.005
47.8,2.005
47.8,2.005
47.8,2.005
47.8,2.005
47.8,2.005
47.8,2.005
47.8,2.005
47.8,2.005
47.8,2.005
47.8,2.005
47.8,2.005
47.8,2.005
47.8,2.005
47.8,2.005
47.8,2.005
47.8,2.005
47.8,2.005
47.8,2.005
47.8,2.005
47.8,2.005
47.8,2.005
47.8,2.005
47.8,2.005
47.8,2.005
47.8,2.005
47.8,2.005
47.8,2.005
47.8,2.005
47.8,2.005
47.8,2.005
47.8,2.005
47.8,2.005
47.8,2.010
47.8,2.010
47.8,2.010
47.8,2.010
47.8,2.010
47.8,2.010
47.8,2.010
47.8,2.010
47.8,2.010
47.8,2.010
47.8,2.010
47.8,2.010
47.8,2.010
47.8,2.010
47.8,2.010
47.8,2.010
47.8,2.010
47.8,2.010
47.8,2.010
47.8,2.010
47.8,2.010
47.8,2.010
47.8,2.010
47.8,2.010
47.8,2.010
47.8,2.010
47.8,2.010
47.8,2.010
47.8,2.010
47.8,2.010
47.8,2.010
47.8,2.010
47.8,2.010
47.8,2.010
47.8,2.010
47.7,2.010
47.7,2.010
47.7,2.010
47.7,2.010
47.7,2.015
47.7,2.015
47.7,2.015
47.7,2.015
47.7,2.015
47.7,2.015
47.7,2.015
47.7,2.015
47.7,2.015
47.7,2.015
47.7,2.015
47.7,2.015
47.7,2.015
47.7,2.015
47.7,2.015
47.7,2.015
47.7,2.015
47.7,2.015
47.7,2.015
47.7,2.015
47.7,2.015
47.7,2.015
47.7,2.015
47.7,2.015
47.7,2.015
47.8,2.015
47.8,2.015
47.8,2.015
47.8,2.015
47.8,2.015
47.8,2.015
47.8,2.015
47.8,2.015
47.8,2.015
47.8,2.015
47.8,2.015
47.8,2.020
47.8,2.020
47.8,2.020
47.8,2.020
47.8,2.020
47.8,2.020
47.8,2.020
47.8,2.020
47.8,2.020
47.8,2.020
47.8,2.020
47.8,2.020
47.8,2.020
47.8,2.020
47.8,2.020
47.8,2.020
47.8,2.020
47.8,2.020
47.8,2.020
47.8,2.020
47.8,2.020
47.8,2.020
47.8,2.020
47.8,2.020
47.8,2.020
47.8,2.020
47.8,2.020
47.8,2.020
47.8,2.020
47.8,2.020
47.8,2.020
47.8,2.020
47.8,2.020
47.8,2.020
47.8,2.020
47.8,2.020
47.8,2.020
47.8,2.020
47.8,2.025
47.8,2.025
47.8,2.025
47.8,2.025
47.8,2.025
47.8,2.025
47.8,2.025
47.8,2.025
47.8,2.025
47.8,2.025
47.8,2.025
47.8,2.025
47.8,2.025
47.8,2.025
47.8,2.025
47.8,2.025
47.8,2.025
47.8,2.025
47.8,2.025
47.8,2.025
47.8,2.025
47.8,2.025
47.8,2.025
47.8,2.025
47.8,2.025
47.8,2.025
47.8,2.025
47.8,2.025
47.8,2.025
47.8,2.025
47.8,2.025
47.8,2.025
47.8,2.025
47.8,2.025
47.8,2.025
47.8,2.030
47.8,2.030
47.8,2.030
47.8,2.030
47.8,2.030
47.8,2.030
47.8,2.030
47.8,2.030
47.8,2.030
47.8,2.030
47.8,2.030
47.8,2.030
47.8,2.030
47.8,2.030
47.8,2.030
47.8,2.030
47.8,2.030
47.8,2.030
47.8,2.030
47.8,2.030
47.8,2.030
47.8,2.030
47.8,2.030
47.8,2.030
47.8,2.030
47.8,2.030
47.8,2.030
47.8,2.030
47.8,2.030
47.8,2.030
47.8,2.030
47.8,2.030
47.7,2.030
47.7,2.030
47.7,2.030
47.7,2.030
47.7,2.035
47.7,2.035
47.7,2.035
47.7,2.035
47.7,2.035
47.7,2.035
47.7,2.035
47.7,2.035
47.7,2.035
47.7,2.035
47.7,2.035
47.7,2.035
47.7,2.035
47.8,2.035
47.8,2.035
47.8,2.035
47.8,2.035
47.8,2.035
47.8,2.035
47.8,2.035
47.8,2.035
47.8,2.035
47.8,2.035
47.8,2.035
47.8,2.035
47.8,2.035
47.8,2.035
47.8,2.035
47.8,2.035
47.8,2.035
47.8,2.035
47.8,2.035
47.8,2.035
47.8,2.040
47.8,2.040
47.8,2.040
47.8,2.040
47.8,2.040
47.8,2.040
47.8,2.040
47.8,2.040
47.8,2.040
47.8,2.040
47.8,2.040
47.8,2.040
47.8,2.040
47.8,2.040
47.8,2.040
47.8,2.040
47.8,2.040
47.8,2.040
47.8,2.040
47.8,2.040
47.8,2.040
47.8,2.040
47.8,2.040
47.8,2.040
47.8,2.040
47.8,2.040
47.8,2.040
47.8,2.040
47.8,2.040
47.8,2.040
47.8,2.040
47.8,2.045
47.8,2.045
47.8,2.045
47.8,2.045
47.8,2.045
47.8,2.045
47.8,2.045
47.8,2.045
47.8,2.045
47.8,2.045
47.8,2.045
47.8,2.045
47.8,2.045
47.8,2.045
47.8,2.045
47.8,2.045
47.8,2.045
47.8,2.045
47.8,2.045
47.8,2.045
47.8,2.045
47.8,2.045
47.8,2.045
47.8,2.045
47.8,2.045
47.8,2.045
47.8,2.045
47.8,2.045
47.8,2.045
47.8,2.045
47.8,2.045
47.8,2.045
47.8,2.045
47.8,2.050
47.8,2.050
47.8,2.050
47.8,2.050
47.8,2.050
47.8,2.050
47.8,2.050
47.8,2.050
47.8,2.050
47.8,2.050
47.8,2.050
47.8,2.050
47.8,2.050
47.8,2.050
47.8,2.050
47.8,2.050
47.8,2.050
47.8,2.050
47.8,2.050
47.8,2.050
47.8,2.050
47.8,2.050
47.8,2.050
47.8,2.050
47.8,2.050
47.8,2.050
47.8,2.050
47.8,2.050
47.8,2.050
47.8,2.050
47.8,2.050
47.8,2.055
47.8,2.055
47.8,2.055
47.8,2.055
47.8,2.055
47.8,2.055
47.8,2.055
47.8,2.055
47.8,2.055
47.8,2.055
47.8,2.055
47.8,2.055
47.8,2.055
47.8,2.055
47.8,2.055
47.8,2.055
47.8,2.055
47.8,2.055
47.8,2.055
47.8,2.055
47.8,2.055
47.8,2.055
47.8,2.055
47.8,2.055
47.8,2.055
47.8,2.055
47.8,2.055
47.8,2.055
47.8,2.060
47.8,2.060
47.8,2.060
47.8,2.060
47.8,2.060
47.8,2.060
47.8,2.060
47.8,2.060
47.8,2.060
47.8,2.060
47.8,2.060
47.8,2.060
47.8,2.060
47.8,2.060
47.8,2.060
47.8,2.060
47.8,2.060
47.8,2.060
47.8,2.060
47.8,2.060
47.8,2.060
47.9,2.060
47.9,2.060
47.9,2.060
47.9,2.060
47.9,2.060
47.9,2.065
47.9,2.065
47.9,2.065
47.9,2.065
47.9,2.065
47.9,2.065
47.9,2.065
47.9,2.065
47.9,2.065
47.9,2.065
47.9,2.065
47.9,2.065
47.9,2.065
47.9,2.065
47.9,2.065
47.9,2.065
47.9,2.065
47.9,2.065
47.9,2.065
47.9,2.065
47.9,2.065
47.9,2.065
47.9,2.065
47.9,2.065
47.9,2.065
47.9,2.065
47.9,2.065
47.9,2.065
47.9,2.070
47.9,2.070
47.9,2.070
47.9,2.070
47.9,2.070
47.9,2.070
47.9,2.070
47.9,2.070
47.9,2.070
47.9,2.070
47.9,2.070
47.9,2.070
47.9,2.070
47.9,2.070
47.9,2.070
47.9,2.070
47.9,2.070
47.9,2.070
47.9,2.070
47.9,2.070
47.9,2.070
47.9,2.070
47.9,2.070
47.9,2.070
47.9,2.070
47.9,2.070
47.9,2.070
47.9,2.070
47.9,2.070
47.9,2.075
47.9,2.075
47.9,2.075
47.9,2.075
47.9,2.075
47.9,2.075
47.9,2.075
47.9,2.075
47.9,2.075
47.9,2.075
47.9,2.075
47.9,2.075
47.9,2.075
47.9,2.075
47.9,2.075
47.9,2.075
47.9,2.075
47.9,2.075
47.9,2.075
47.9,2.075
48.0,2.075
48.0,2.075
48.0,2.075
48.0,2.075
48.0,2.075
48.0,2.075
48.0,2.075
48.0,2.075
48.0,2.075
48.0,2.080
48.0,2.080
48.0,2.080
48.0,2.080
48.0,2.080
48.0,2.080
48.0,2.080
48.0,2.080
48.0,2.080
48.0,2.080
48.0,2.080
48.0,2.080
48.0,2.080
48.0,2.080
48.0,2.080
48.0,2.080
48.0,2.080
48.0,2.080
48.0,2.080
48.0,2.080
48.0,2.080
48.0,2.080
48.0,2.080
48.0,2.080
48.0,2.080
48.0,2.080
48.0,2.080
48.0,2.080
48.0,2.080
48.0,2.080
48.0,2.085
48.0,2.085
48.0,2.085
48.0,2.085
48.0,2.085
48.0,2.085
48.0,2.085
48.0,2.085
48.0,2.085
48.0,2.085
48.0,2.085
48.0,2.085
48.0,2.085
48.0,2.085
48.0,2.085
48.0,2.085
48.0,2.085
48.0,2.085
48.0,2.085
48.0,2.085
48.0,2.085
48.0,2.085
48.0,2.085
48.0,2.085
48.0,2.085
48.0,2.085
48.0,2.085
48.0,2.085
48.0,2.085
48.0,2.085
48.0,2.090
48.0,2.090
48.0,2.090
48.0,2.090
48.0,2.090
48.0,2.090
48.0,2.090
48.0,2.090
48.0,2.090
48.0,2.090
48.0,2.090
48.0,2.090
48.0,2.090
48.0,2.090
48.0,2.090
48.0,2.090
48.0,2.090
48.1,2.090
48.1,2.090
48.1,2.090
48.1,2.090
48.1,2.090
48.1,2.090
48.1,2.090
48.1,2.090
48.1,2.090
48.1,2.090
48.1,2.090
48.1,2.090
48.1,2.090
48.1,2.095
48.1,2.095
48.1,2.095
48.1,2.095
48.1,2.095
48.1,2.095
48.1,2.095
48.1,2.095
48.1,2.095
48.1,2.095
48.1,2.095
48.1,2.095
48.1,2.095
48.1,2.095
48.1,2.095
48.1,2.095
48.1,2.095
48.1,2.095
48.1,2.095
48.1,2.095
48.1,2.095
48.1,2.095
48.1,2.095
48.1,2.095
48.0,2.095
48.1,2.095
48.1,2.095
48.1,2.095
48.1,2.095
48.1,2.100
48.1,2.100
48.1,2.100
48.1,2.100
48.1,2.100
48.1,2.100
48.1,2.100
48.1,2.100
48.1,2.100
48.1,2.100
48.1,2.100
48.1,2.100
48.1,2.100
48.1,2.100
48.1,2.100
48.1,2.100
48.1,2.100
48.1,2.100
48.1,2.100
48.1,2.100
48.1,2.100
48.1,2.100
48.1,2.100
48.1,2.100
48.1,2.100
48.1,2.100
48.1,2.100
48.1,2.100
48.1,2.100
48.1,2.100
48.1,2.100
48.1,2.105
48.1,2.105
48.1,2.105
48.1,2.105
48.1,2.105
48.1,2.105
48.1,2.105
48.1,2.105
48.1,2.105
48.1,2.105
48.1,2.105
48.1,2.105
48.1,2.105
48.1,2.105
48.1,2.105
48.1,2.105
48.1,2.105
48.1,2.105
48.1,2.105
48.1,2.105
48.1,2.105
48.1,2.105
48.1,2.105
48.1,2.105
48.1,2.105
48.1,2.105
48.1,2.105
48.1,2.105
48.1,2.105
48.1,2.105
48.1,2.105
48.1,2.110
48.1,2.110
48.1,2.110
48.1,2.110
48.1,2.110
48.1,2.110
48.1,2.110
48.1,2.110
48.1,2.110
48.1,2.110
48.1,2.110
48.1,2.110
48.1,2.110
48.1,2.110
48.1,2.110
48.1,2.110
48.1,2.110
48.1,2.110
48.1,2.110
48.1,2.110
48.1,2.110
48.1,2.110
48.1,2.110
48.1,2.110
48.1,2.110
48.1,2.110
48.1,2.110
48.1,2.110
48.1,2.110
48.1,2.110
48.1,2.110
48.1,2.115
48.1,2.115
48.1,2.115
48.1,2.115
48.1,2.115
48.1,2.115
48.1,2.115
48.1,2.115
48.1,2.115
48.1,2.115
48.1,2.115
48.1,2.115
48.1,2.115
48.1,2.115
48.1,2.115
48.1,2.115
48.1,2.115
48.1,2.115
48.1,2.115
48.1,2.115
48.1,2.115
48.1,2.115
48.1,2.115
48.1,2.115
48.1,2.115
48.1,2.115
48.1,2.115
48.1,2.115
48.1,2.115
48.1,2.120
48.1,2.120
48.1,2.120
48.1,2.120
48.1,2.120
48.1,2.120
48.1,2.120
48.1,2.120
48.1,2.120
48.1,2.120
48.1,2.120
48.1,2.120
48.1,2.120
48.1,2.120
48.1,2.120
48.1,2.120
48.1,2.120
48.1,2.120
48.1,2.120
48.1,2.120
48.1,2.120
48.1,2.120
48.1,2.120
48.1,2.120
48.1,2.120
48.1,2.120
48.1,2.120
48.1,2.120
48.1,2.120
48.1,2.125
48.1,2.125
48.1,2.125
48.1,2.125
48.1,2.125
48.1,2.125
48.1,2.125
48.1,2.125
48.1,2.125
48.1,2.125
48.1,2.125
48.1,2.125
48.1,2.125
48.1,2.125
48.1,2.125
48.1,2.125
48.1,2.125
48.1,2.125
48.1,2.125
48.1,2.125
48.1,2.125
48.1,2.125
48.1,2.125
48.1,2.125
48.1,2.125
48.1,2.125
48.1,2.125
48.1,2.125
48.1,2.125
48.1,2.125
48.1,2.125
48.1,2.125
48.1,2.130
48.2,2.130
48.2,2.130
48.2,2.130
48.2,2.130
48.2,2.130
48.2,2.130
48.2,2.130
48.2,2.130
48.2,2.130
48.2,2.130
48.2,2.130
48.2,2.130
48.2,2.130
48.2,2.130
48.2,2.130
48.2,2.130
48.1,2.130
48.1,2.130
48.1,2.130
48.1,2.130
48.1,2.130
48.1,2.130
48.1,2.130
48.1,2.130
48.1,2.130
48.1,2.130
48.1,2.130
48.1,2.130
48.1,2.130
48.1,2.130
48.1,2.130
48.1,2.135
48.1,2.135
48.1,2.135
48.1,2.135
48.1,2.135
48.1,2.135
48.1,2.135
48.1,2.135
48.1,2.135
48.1,2.135
48.1,2.135
48.1,2.135
48.1,2.135
48.1,2.135
48.1,2.135
48.1,2.135
48.1,2.135
48.1,2.135
48.1,2.135
48.1,2.135
48.1,2.135
48.1,2.135
48.1,2.135
48.1,2.135
48.1,2.135
48.1,2.135
48.1,2.135
48.1,2.135
48.1,2.135
48.1,2.135
48.1,2.140
48.1,2.140
48.1,2.140
48.1,2.140
48.1,2.140
48.1,2.140
48.1,2.140
48.1,2.140
48.1,2.140
48.1,2.140
48.1,2.140
48.1,2.140
48.1,2.140
48.1,2.140
48.1,2.140
48.1,2.140
48.1,2.140
48.1,2.140
48.1,2.140
48.1,2.140
48.1,2.140
48.1,2.140
48.1,2.140
48.1,2.140
48.1,2.140
48.1,2.145
48.1,2.145
48.1,2.145
48.1,2.145
48.1,2.145
48.1,2.145
48.1,2.145
48.1,2.145
48.1,2.145
48.1,2.145
48.1,2.145
48.1,2.145
48.1,2.145
48.1,2.145
48.1,2.145
48.1,2.145
48.1,2.145
48.1,2.145
48.1,2.145
48.1,2.145
48.1,2.145
48.1,2.145
48.1,2.145
48.1,2.145
48.1,2.145
48.1,2.145
48.1,2.145
48.1,2.145
48.1,2.150
48.1,2.150
48.1,2.150
48.1,2.150
48.1,2.150
48.1,2.150
48.1,2.150
48.1,2.150
48.1,2.150
48.1,2.150
48.1,2.150
48.1,2.150
48.1,2.150
48.1,2.150
48.1,2.150
48.1,2.150
48.1,2.150
48.1,2.150
48.1,2.150
48.1,2.150
48.1,2.150
48.1,2.150
48.1,2.150
48.1,2.150
48.1,2.150
48.1,2.150
48.1,2.150
48.1,2.155
48.1,2.155
48.0,2.155
48.0,2.155
48.0,2.155
48.0,2.155
48.0,2.155
48.0,2.155
48.0,2.155
48.1,2.155
48.1,2.155
48.1,2.155
48.1,2.155
48.1,2.155
48.1,2.155
48.1,2.155
48.1,2.155
48.1,2.155
48.1,2.155
48.1,2.155
48.1,2.155
48.1,2.155
48.1,2.155
48.1,2.155
48.1,2.155
48.1,2.160
48.1,2.160
48.1,2.160
48.1,2.160
48.1,2.160
48.1,2.160
48.1,2.160
48.1,2.160
48.1,2.160
48.1,2.160
48.1,2.160
48.1,2.160
48.2,2.160
48.2,2.160
48.2,2.160
48.2,2.160
48.2,2.160
48.2,2.160
48.2,2.160
48.2,2.160
48.2,2.160
48.2,2.160
48.2,2.160
48.2,2.160
48.2,2.160
48.2,2.160
48.2,2.165
48.2,2.165
48.2,2.165
48.2,2.165
48.2,2.165
48.2,2.165
48.2,2.165
48.2,2.165
48.2,2.165
48.2,2.165
48.2,2.165
48.2,2.165
48.2,2.165
48.2,2.165
48.2,2.165
48.2,2.165
48.2,2.165
48.2,2.165
48.2,2.165
48.2,2.165
48.2,2.165
48.2,2.165
48.2,2.165
48.2,2.165
48.2,2.165
48.2,2.165
48.2,2.165
48.2,2.170
48.2,2.170
48.2,2.170
48.2,2.170
48.2,2.170
48.2,2.170
48.2,2.170
48.2,2.170
48.2,2.170
48.2,2.170
48.2,2.170
48.2,2.170
48.2,2.170
48.2,2.170
48.2,2.170
48.2,2.170
48.2,2.170
48.2,2.170
48.2,2.170
48.2,2.170
48.2,2.170
48.2,2.170
48.2,2.170
48.2,2.170
48.2,2.170
48.3,2.170
48.3,2.175
48.3,2.175
48.3,2.175
48.3,2.175
48.3,2.175
48.3,2.175
48.3,2.175
48.3,2.175
48.3,2.175
48.3,2.175
48.3,2.175
48.3,2.175
48.3,2.175
48.3,2.175
48.3,2.175
48.3,2.175
48.3,2.175
48.3,2.175
48.3,2.175
48.3,2.175
48.3,2.175
48.3,2.175
48.3,2.175
48.3,2.175
48.3,2.175
48.3,2.180
48.3,2.180
48.3,2.180
48.3,2.180
48.3,2.180
48.3,2.180
48.3,2.180
48.3,2.180
48.3,2.180
48.3,2.180
48.3,2.180
48.3,2.180
48.3,2.180
48.3,2.180
48.4,2.180
48.4,2.180
48.4,2.180
48.4,2.180
48.4,2.180
48.4,2.180
48.4,2.180
48.4,2.180
48.4,2.180
48.4,2.180
48.4,2.180
48.4,2.180
48.4,2.185
48.4,2.185
48.4,2.185
48.4,2.185
48.4,2.185
48.4,2.185
48.4,2.185
48.4,2.185
48.4,2.185
48.4,2.185
48.3,2.185
48.3,2.185
48.3,2.185
48.3,2.185
48.3,2.185
48.3,2.185
48.3,2.185
48.3,2.185
48.3,2.185
48.3,2.185
48.3,2.185
48.3,2.185
48.3,2.185
48.3,2.185
48.3,2.185
48.3,2.185
48.3,2.185
48.3,2.190
48.3,2.190
48.3,2.190
48.4,2.190
48.4,2.190
48.4,2.190
48.4,2.190
48.4,2.190
48.4,2.190
48.4,2.190
48.4,2.190
48.4,2.190
48.4,2.190
48.4,2.190
48.4,2.190
48.4,2.190
48.4,2.190
48.4,2.190
48.4,2.190
48.4,2.190
48.4,2.190
48.4,2.190
48.4,2.190
48.4,2.190
48.4,2.190
48.4,2.195
48.4,2.195
48.4,2.195
48.4,2.195
48.4,2.195
48.4,2.195
48.4,2.195
48.4,2.195
48.4,2.195
48.4,2.195
48.4,2.195
48.4,2.195
48.4,2.195
48.4,2.195
48.4,2.195
48.4,2.195
48.4,2.195
48.4,2.195
48.4,2.195
48.4,2.195
48.4,2.195
48.4,2.195
48.4,2.195
48.4,2.195
48.4,2.200
48.4,2.200
48.4,2.200
48.4,2.200
48.4,2.200
48.4,2.200
48.4,2.200
48.4,2.200
48.4,2.200
48.4,2.200
48.4,2.200
48.4,2.200
48.4,2.200
48.4,2.200
48.4,2.200
48.4,2.200
48.4,2.200
48.4,2.200
48.4,2.200
48.4,2.200
48.4,2.200
48.4,2.200
48.4,2.200
48.4,2.205
48.4,2.205
48.4,2.205
48.4,2.205
48.4,2.205
48.4,2.205
48.4,2.205
48.4,2.205
48.4,2.205
48.4,2.205
48.4,2.205
48.4,2.205
48.4,2.205
48.4,2.205
48.4,2.205
48.5,2.205
48.5,2.205
48.5,2.205
48.5,2.205
48.5,2.205
48.5,2.205
48.5,2.205
48.5,2.205
48.5,2.205
48.5,2.210
48.5,2.210
48.5,2.210
48.5,2.210
48.5,2.210
48.5,2.210
48.5,2.210
48.5,2.210
48.5,2.210
48.5,2.210
48.5,2.210
48.5,2.210
48.5,2.210
48.5,2.210
48.5,2.210
48.5,2.210
48.5,2.210
48.5,2.210
48.5,2.210
48.5,2.210
48.5,2.210
48.5,2.210
48.5,2.210
48.5,2.210
48.5,2.215
48.5,2.215
48.5,2.215
48.5,2.215
48.5,2.215
48.5,2.215
48.5,2.215
48.5,2.215
48.5,2.215
48.5,2.215
48.5,2.215
48.5,2.215
48.5,2.215
48.5,2.215
48.5,2.215
48.5,2.215
48.5,2.215
48.5,2.215
48.5,2.215
48.5,2.215
48.5,2.215
48.5,2.215
48.5,2.215
48.5,2.220
48.5,2.220
48.5,2.220
48.5,2.220
48.5,2.220
48.5,2.220
48.5,2.220
48.5,2.220
48.5,2.220
48.5,2.220
48.5,2.220
48.5,2.220
48.5,2.220
48.5,2.220
48.5,2.220
48.5,2.220
48.5,2.220
48.5,2.220
48.5,2.220
48.5,2.220
48.5,2.220
48.5,2.225
48.5,2.225
48.5,2.225
48.5,2.225
48.5,2.225
48.5,2.225
48.5,2.225
48.5,2.225
48.5,2.225
48.5,2.225
48.5,2.225
48.5,2.225
48.5,2.225
48.5,2.225
48.5,2.225
48.5,2.225
48.5,2.225
48.5,2.225
48.5,2.225
48.5,2.225
48.5,2.225
48.5,2.225
48.5,2.225
48.5,2.225
48.5,2.230
48.5,2.230
48.5,2.230
48.5,2.230
48.5,2.230
48.5,2.230
48.5,2.230
48.5,2.230
48.5,2.230
48.5,2.230
48.5,2.230
48.5,2.230
48.5,2.230
48.5,2.230
48.5,2.230
48.5,2.230
48.5,2.230
48.5,2.230
48.5,2.230
48.5,2.230
48.5,2.230
48.5,2.230
48.5,2.230
48.5,2.235
48.5,2.235
48.5,2.235
48.5,2.235
48.5,2.235
48.5,2.235
48.5,2.235
48.5,2.235
48.5,2.235
48.5,2.235
48.5,2.235
48.5,2.235
48.5,2.235
48.5,2.235
48.5,2.235
48.5,2.235
48.5,2.235
48.5,2.235
48.6,2.235
48.6,2.235
48.6,2.235
48.6,2.235
48.6,2.240
48.6,2.240
48.6,2.240
48.6,2.240
48.6,2.240
48.6,2.240
48.6,2.240
48.6,2.240
48.6,2.240
48.6,2.240
48.6,2.240
48.6,2.240
48.6,2.240
48.6,2.240
48.6,2.240
48.6,2.240
48.6,2.240
48.6,2.240
48.6,2.240
48.6,2.240
48.6,2.240
48.6,2.240
48.6,2.245
48.6,2.245
48.6,2.245
48.6,2.245
48.6,2.245
48.6,2.245
48.6,2.245
48.6,2.245
48.6,2.245
48.6,2.245
48.6,2.245
48.6,2.245
48.6,2.245
48.7,2.245
48.7,2.245
48.7,2.245
48.7,2.245
48.7,2.245
48.7,2.245
48.7,2.245
48.7,2.245
48.7,2.245
48.7,2.245
48.7,2.250
48.7,2.250
48.7,2.250
48.7,2.250
48.7,2.250
48.7,2.250
48.7,2.250
48.7,2.250
48.7,2.250
48.7,2.250
48.7,2.250
48.7,2.250
48.7,2.250
48.7,2.250
48.7,2.250
48.7,2.250
48.7,2.250
48.7,2.250
48.7,2.250
48.7,2.250
48.7,2.250
48.7,2.250
48.7,2.250
48.7,2.255
48.7,2.255
48.7,2.255
48.7,2.255
48.7,2.255
48.7,2.255
48.7,2.255
48.7,2.255
48.7,2.255
48.7,2.255
48.7,2.255
48.8,2.255
48.8,2.255
48.8,2.255
48.8,2.255
48.8,2.255
48.8,2.255
48.8,2.255
48.8,2.255
48.8,2.255
48.8,2.255
48.8,2.255
48.8,2.260
48.8,2.260
48.8,2.260
48.8,2.260
48.8,2.260
48.8,2.260
48.8,2.260
48.8,2.260
48.8,2.260
48.8,2.260
48.8,2.260
48.8,2.260
48.8,2.260
48.8,2.260
48.8,2.260
48.8,2.260
48.8,2.260
48.8,2.260
48.8,2.260
48.8,2.260
48.8,2.260
48.8,2.260
48.8,2.260
48.8,2.265
48.8,2.265
48.8,2.265
48.8,2.265
48.8,2.265
48.8,2.265
48.8,2.265
48.8,2.265
48.8,2.265
48.8,2.265
48.8,2.265
48.8,2.265
48.8,2.265
48.8,2.265
48.8,2.265
48.8,2.265
48.8,2.265
48.8,2.265
48.8,2.265
48.8,2.265
48.8,2.265
48.8,2.265
48.8,2.265
48.8,2.265
48.8,2.270
48.8,2.270
48.8,2.270
48.8,2.270
48.8,2.270
48.8,2.270
48.8,2.270
48.8,2.270
48.8,2.270
48.8,2.270
48.8,2.270
48.8,2.270
48.8,2.270
48.8,2.270
48.8,2.270
48.8,2.270
48.8,2.270
48.8,2.270
48.8,2.270
48.8,2.270
48.8,2.270
48.8,2.270
48.8,2.270
48.8,2.270
48.8,2.275
48.8,2.275
48.8,2.275
48.8,2.275
48.9,2.275
48.9,2.275
48.9,2.275
48.8,2.275
48.8,2.275
48.8,2.275
48.8,2.275
48.8,2.275
48.8,2.275
48.8,2.275
48.8,2.275
48.8,2.275
48.8,2.275
48.8,2.275
48.8,2.275
48.8,2.275
48.8,2.275
48.8,2.275
48.8,2.275
48.8,2.275
48.8,2.280
48.8,2.280
48.8,2.280
48.8,2.280
48.8,2.280
48.8,2.280
48.8,2.280
48.8,2.280
48.8,2.280
48.8,2.280
48.8,2.280
48.8,2.280
48.8,2.280
48.8,2.280
48.8,2.280
48.8,2.280
48.8,2.280
48.8,2.280
48.8,2.280
48.8,2.280
48.8,2.280
48.8,2.280
48.8,2.280
48.8,2.285
48.8,2.285
48.8,2.285
48.8,2.285
48.8,2.285
48.8,2.285
48.8,2.285
48.8,2.285
48.8,2.285
48.8,2.285
48.8,2.285
48.8,2.285
48.8,2.285
48.8,2.285
48.8,2.285
48.8,2.285
48.8,2.285
48.8,2.285
48.8,2.285
48.8,2.285
48.8,2.285
48.8,2.285
48.8,2.285
48.8,2.285
48.8,2.290
48.8,2.290
48.8,2.290
48.8,2.290
48.8,2.290
48.8,2.290
48.8,2.290
48.8,2.290
48.8,2.290
48.8,2.290
48.8,2.290
48.8,2.290
48.8,2.290
48.8,2.290
48.8,2.290
48.8,2.290
48.8,2.290
48.8,2.290
48.8,2.290
48.8,2.290
48.8,2.290
48.8,2.290
48.8,2.290
48.8,2.290
48.8,2.290
48.8,2.295
48.8,2.295
48.8,2.295
48.9,2.295
48.9,2.295
48.9,2.295
48.9,2.295
48.9,2.295
48.9,2.295
48.9,2.295
48.9,2.295
48.9,2.295
48.9,2.295
48.9,2.295
48.9,2.295
48.9,2.295
48.9,2.295
48.9,2.295
48.9,2.295
48.9,2.295
48.9,2.295
48.9,2.295
48.9,2.295
48.9,2.300
48.9,2.300
48.9,2.300
48.9,2.300
48.9,2.300
48.9,2.300
48.9,2.300
48.9,2.300
48.9,2.300
48.9,2.300
48.9,2.300
48.9,2.300
48.9,2.300
48.9,2.300
48.9,2.300
48.9,2.300
48.9,2.300
48.9,2.300
48.9,2.300
48.9,2.300
48.9,2.300
48.9,2.300
48.9,2.300
48.9,2.305
48.9,2.305
48.9,2.305
48.9,2.305
48.9,2.305
48.9,2.305
48.9,2.305
48.9,2.305
48.9,2.305
48.9,2.305
48.9,2.305
48.9,2.305
48.9,2.305
48.9,2.305
48.9,2.305
48.9,2.305
48.9,2.305
48.9,2.305
48.9,2.305
48.9,2.305
48.9,2.305
48.9,2.305
48.9,2.305
48.9,2.305
48.9,2.310
48.9,2.310
48.9,2.310
48.9,2.310
48.9,2.310
48.9,2.310
48.9,2.310
48.9,2.310
48.9,2.310
48.9,2.310
48.9,2.310
48.9,2.310
48.9,2.310
48.9,2.310
48.9,2.310
48.9,2.310
48.9,2.310
48.9,2.310
48.9,2.310
48.9,2.310
48.9,2.310
48.9,2.310
48.9,2.310
48.9,2.310
48.9,2.315
48.9,2.315
48.9,2.315
48.9,2.315
48.9,2.315
48.9,2.315
48.9,2.315
48.9,2.315
48.9,2.315
48.9,2.315
48.9,2.315
48.9,2.315
48.9,2.315
48.9,2.315
48.9,2.315
48.9,2.315
48.9,2.315
48.9,2.315
48.9,2.315
48.9,2.315
48.9,2.315
49.0,2.315
49.0,2.315
49.0,2.320
49.0,2.320
49.0,2.320
49.0,2.320
49.0,2.320
49.0,2.320
49.0,2.320
49.0,2.320
49.0,2.320
49.0,2.320
49.0,2.320
49.0,2.320
49.0,2.320
49.0,2.320
49.0,2.320
49.0,2.320
49.0,2.320
49.0,2.320
49.0,2.320
49.0,2.320
49.0,2.320
49.0,2.320
49.0,2.320
49.0,2.320
49.0,2.325
49.0,2.325
49.0,2.325
49.0,2.325
49.0,2.325
49.0,2.325
49.0,2.325
49.0,2.325
49.0,2.325
49.0,2.325
49.0,2.325
49.0,2.325
49.0,2.325
49.0,2.325
49.0,2.325
49.0,2.325
49.0,2.325
49.0,2.325
49.0,2.325
49.0,2.325
49.0,2.325
49.0,2.325
49.0,2.325
49.0,2.325
49.0,2.325
49.0,2.325
49.0,2.325
49.0,2.330
49.0,2.330
49.0,2.330
49.0,2.330
49.0,2.330
49.0,2.330
49.0,2.330
49.0,2.330
49.0,2.330
49.0,2.330
49.0,2.330
49.0,2.330
49.0,2.330
49.0,2.330
49.0,2.330
49.0,2.330
49.0,2.330
49.0,2.330
49.0,2.330
49.0,2.330
49.0,2.330
49.0,2.330
49.0,2.330
49.0,2.330
49.0,2.330
49.0,2.330
49.0,2.330
49.0,2.335
49.0,2.335
49.0,2.335
49.0,2.335
49.0,2.335
49.0,2.335
49.0,2.335
49.0,2.335
49.0,2.335
49.0,2.335
49.0,2.335
49.0,2.335
49.0,2.335
49.0,2.335
49.0,2.335
49.0,2.335
49.0,2.335
49.0,2.335
49.0,2.335
49.0,2.335
49.0,2.335
49.0,2.335
49.0,2.335
49.0,2.335
49.0,2.335
49.0,2.335
49.0,2.340
49.0,2.340
49.0,2.340
49.0,2.340
49.0,2.340
49.0,2.340
49.0,2.340
49.0,2.340
49.0,2.340
49.0,2.340
49.0,2.340
49.0,2.340
49.0,2.340
49.0,2.340
49.0,2.340
49.0,2.340
49.1,2.340
49.1,2.340
49.1,2.340
49.1,2.340
49.1,2.340
49.1,2.340
49.1,2.340
49.1,2.340
49.1,2.340
49.1,2.340
49.1,2.340
49.1,2.340
49.1,2.340
49.1,2.345
49.1,2.345
49.1,2.345
49.1,2.345
49.1,2.345
49.1,2.345
49.1,2.345
49.1,2.345
49.1,2.345
49.1,2.345
49.1,2.345
49.1,2.345
49.1,2.345
49.1,2.345
49.0,2.345
49.0,2.345
49.0,2.345
49.0,2.345
49.0,2.345
49.0,2.345
49.0,2.345
49.0,2.345
49.0,2.345
49.0,2.345
49.0,2.345
49.0,2.345
49.0,2.345
49.0,2.345
49.0,2.350
49.0,2.350
49.0,2.350
49.0,2.350
49.0,2.350
49.0,2.350
49.0,2.350
49.0,2.350
49.0,2.350
49.0,2.350
49.0,2.350
49.0,2.350
49.0,2.350
49.0,2.350
49.0,2.350
49.0,2.350
49.0,2.350
49.0,2.350
49.0,2.350
49.0,2.350
49.0,2.350
49.0,2.350
49.0,2.350
49.0,2.350
49.0,2.350
49.0,2.350
49.0,2.350
49.0,2.350
49.0,2.350
49.0,2.355
49.0,2.355
49.0,2.355
49.0,2.355
49.1,2.355
49.1,2.355
49.1,2.355
49.1,2.355
49.1,2.355
49.1,2.355
49.1,2.355
49.1,2.355
49.1,2.355
49.1,2.355
49.1,2.355
49.1,2.355
49.1,2.355
49.1,2.355
49.1,2.355
49.1,2.355
49.1,2.355
49.1,2.355
49.1,2.355
49.1,2.355
49.1,2.355
49.1,2.355
49.1,2.360
49.1,2.360
49.1,2.360
49.1,2.360
49.1,2.360
49.1,2.360
49.1,2.360
49.1,2.360
49.1,2.360
49.1,2.360
49.1,2.360
49.1,2.360
49.1,2.360
49.1,2.360
49.1,2.360
49.1,2.360
49.1,2.360
49.1,2.360
49.1,2.360
49.1,2.360
49.1,2.360
49.1,2.360
49.1,2.360
49.1,2.360
49.1,2.360
49.1,2.360
49.1,2.365
49.1,2.365
49.1,2.365
49.1,2.365
49.1,2.365
49.1,2.365
49.1,2.365
49.1,2.365
49.1,2.365
49.1,2.365
49.1,2.365
49.1,2.365
49.1,2.365
49.1,2.365
49.1,2.365
49.1,2.365
49.1,2.365
49.1,2.365
49.1,2.365
49.1,2.365
49.1,2.365
49.1,2.365
49.1,2.365
49.1,2.365
49.1,2.365
49.1,2.365
49.1,2.370
49.1,2.370
49.1,2.370
49.1,2.370
49.1,2.370
49.1,2.370
49.1,2.370
49.1,2.370
49.1,2.370
49.1,2.370
49.1,2.370
49.1,2.370
49.1,2.370
49.1,2.370
49.1,2.370
49.1,2.370
49.1,2.370
49.1,2.370
49.1,2.370
49.1,2.370
49.1,2.370
49.1,2.370
49.1,2.370
49.1,2.370
49.1,2.370
49.1,2.370
49.1,2.375
49.1,2.375
49.1,2.375
49.1,2.375
49.1,2.375
49.1,2.375
49.1,2.375
49.1,2.375
49.1,2.375
49.1,2.375
49.1,2.375
49.1,2.375
49.1,2.375
49.1,2.375
49.1,2.375
49.1,2.375
49.1,2.375
49.1,2.375
49.1,2.375
49.1,2.375
49.1,2.375
49.1,2.375
49.1,2.375
49.1,2.375
49.1,2.375
49.1,2.375
49.1,2.380
49.1,2.380
49.1,2.380
49.1,2.380
49.1,2.380
49.1,2.380
49.1,2.380
49.1,2.380
49.1,2.380
49.1,2.380
49.1,2.380
49.1,2.380
49.1,2.380
49.1,2.380
49.1,2.380
49.1,2.380
49.1,2.380
49.1,2.380
49.1,2.380
49.1,2.380
49.1,2.380
49.1,2.380
49.1,2.380
49.1,2.380
49.1,2.380
49.1,2.385
49.1,2.385
49.1,2.385
49.1,2.385
49.1,2.385
49.1,2.385
49.1,2.385
49.1,2.385
49.1,2.385
49.1,2.385
49.1,2.385
49.1,2.385
49.1,2.385
49.1,2.385
49.1,2.385
49.1,2.385
49.1,2.385
49.1,2.385
49.1,2.385
49.1,2.385
49.1,2.385
49.1,2.385
49.1,2.385
49.1,2.385
49.1,2.385
49.1,2.385
49.1,2.385
49.1,2.390
49.1,2.390
49.1,2.390
49.1,2.390
49.1,2.390
49.1,2.390
49.1,2.390
49.1,2.390
49.1,2.390
49.1,2.390
49.1,2.390
49.1,2.390
49.1,2.390
49.1,2.390
49.1,2.390
49.1,2.390
49.1,2.390
49.1,2.390
49.1,2.390
49.1,2.390
49.1,2.390
49.1,2.390
49.1,2.390
49.1,2.390
49.1,2.390
49.1,2.390
49.1,2.390
49.1,2.390
49.1,2.395
49.1,2.395
49.1,2.395
49.1,2.395
49.1,2.395
49.1,2.395
49.1,2.395
49.1,2.395
49.1,2.395
49.1,2.395
49.1,2.395
49.1,2.395
49.1,2.395
49.1,2.395
49.1,2.395
49.1,2.395
49.1,2.395
49.1,2.395
49.1,2.395
49.1,2.395
49.1,2.395
49.1,2.395
49.1,2.395
49.1,2.395
49.1,2.395
49.1,2.395
49.1,2.400
49.1,2.400
49.1,2.400
49.1,2.400
49.1,2.400
49.1,2.400
49.1,2.400
49.1,2.400
49.1,2.400
49.1,2.400
49.1,2.400
49.1,2.400
49.1,2.400
49.1,2.400
49.1,2.400
49.1,2.400
49.1,2.400
49.1,2.400
49.1,2.400
49.1,2.400
49.1,2.400
49.1,2.400
49.1,2.400
49.1,2.400
49.1,2.400
49.1,2.400
49.1,2.400
49.1,2.405
49.1,2.405
49.1,2.405
49.1,2.405
49.1,2.405
49.1,2.405
49.1,2.405
49.1,2.405
49.1,2.405
49.1,2.405
49.1,2.405
49.1,2.405
49.1,2.405
49.1,2.405
49.1,2.405
49.1,2.405
49.1,2.405
49.1,2.405
49.1,2.405
49.1,2.405
49.1,2.405
49.1,2.405
49.1,2.405
49.1,2.405
49.1,2.405
49.1,2.405
49.1,2.405
49.1,2.405
49.1,2.410
49.1,2.410
49.1,2.410
49.2,2.410
49.2,2.410
49.2,2.410
49.2,2.410
49.2,2.410
49.2,2.410
49.2,2.410
49.2,2.410
49.2,2.410
49.2,2.410
49.2,2.410
49.2,2.410
49.2,2.410
49.2,2.410
49.2,2.410
49.2,2.410
49.2,2.410
49.2,2.410
49.2,2.410
49.2,2.410
49.2,2.410
49.2,2.410
49.2,2.410
49.2,2.415
49.2,2.415
49.2,2.415
49.2,2.415
49.2,2.415
49.2,2.415
49.2,2.415
49.2,2.415
49.2,2.415
49.2,2.415
49.2,2.415
49.2,2.415
49.2,2.415
49.2,2.415
49.2,2.415
49.2,2.415
49.2,2.415
49.2,2.415
49.2,2.415
49.2,2.415
49.2,2.415
49.2,2.415
49.2,2.415
49.2,2.415
49.2,2.420
49.2,2.420
49.2,2.420
49.2,2.420
49.2,2.420
49.2,2.420
49.2,2.420
49.2,2.420
49.2,2.420
49.2,2.420
49.2,2.420
49.2,2.420
49.2,2.420
49.2,2.420
49.2,2.420
49.2,2.420
49.2,2.420
49.2,2.420
49.2,2.420
49.2,2.420
49.2,2.420
49.2,2.420
49.2,2.420
49.2,2.420
49.2,2.420
49.2,2.425
49.2,2.425
49.2,2.425
49.2,2.425
49.2,2.425
49.2,2.425
49.2,2.425
49.2,2.425
49.2,2.425
49.2,2.425
49.2,2.425
49.2,2.425
49.2,2.425
49.2,2.425
49.2,2.425
49.2,2.425
49.2,2.425
49.2,2.425
49.2,2.425
49.2,2.425
49.2,2.425
49.2,2.425
49.2,2.425
49.2,2.425
49.2,2.430
49.2,2.430
49.2,2.430
49.2,2.430
49.2,2.430
49.2,2.430
49.2,2.430
49.2,2.430
49.2,2.430
49.2,2.430
49.2,2.430
49.2,2.430
49.2,2.430
49.2,2.430
49.2,2.430
49.2,2.430
49.2,2.430
49.2,2.430
49.2,2.430
49.2,2.430
49.2,2.430
49.2,2.430
49.2,2.430
49.2,2.435
49.2,2.435
49.2,2.435
49.2,2.435
49.2,2.435
49.3,2.435
49.3,2.435
49.3,2.435
49.3,2.435
49.3,2.435
49.3,2.435
49.3,2.435
49.3,2.435
49.3,2.435
49.3,2.435
49.3,2.435
49.3,2.435
49.3,2.435
49.3,2.435
49.3,2.435
49.3,2.435
49.3,2.435
49.3,2.440
49.3,2.440
49.3,2.440
49.3,2.440
49.3,2.440
49.3,2.440
49.3,2.440
49.3,2.440
49.3,2.440
49.3,2.440
49.3,2.440
49.3,2.440
49.3,2.440
49.3,2.440
49.3,2.440
49.3,2.440
49.3,2.440
49.3,2.440
49.3,2.440
49.3,2.440
49.3,2.445
49.3,2.445
49.3,2.445
49.3,2.445
49.3,2.445
49.3,2.445
49.3,2.445
49.3,2.445
49.3,2.445
49.3,2.445
49.3,2.445
49.3,2.445
49.3,2.445
49.3,2.445
49.3,2.445
49.3,2.445
49.3,2.445
49.3,2.445
49.3,2.445
49.3,2.445
49.3,2.445
49.3,2.445
49.3,2.450
49.3,2.450
49.3,2.450
49.3,2.450
49.3,2.450
49.3,2.450
49.3,2.450
49.3,2.450
49.3,2.450
49.3,2.450
49.3,2.450
49.3,2.450
49.4,2.450
49.4,2.450
49.4,2.450
49.4,2.450
49.4,2.450
49.4,2.450
49.4,2.450
49.4,2.450
49.4,2.450
49.4,2.450
49.4,2.455
49.4,2.455
49.4,2.455
49.4,2.455
49.4,2.455
49.4,2.455
49.4,2.455
49.4,2.455
49.4,2.455
49.4,2.455
49.4,2.455
49.4,2.455
49.4,2.455
49.4,2.455
49.4,2.455
49.4,2.455
49.4,2.455
49.4,2.455
49.4,2.455
49.4,2.455
49.4,2.455
49.4,2.455
49.4,2.460
49.4,2.460
49.4,2.460
49.4,2.460
49.4,2.460
49.4,2.460
49.4,2.460
49.4,2.460
49.4,2.460
49.4,2.460
49.4,2.460
49.4,2.460
49.4,2.460
49.4,2.460
49.4,2.460
49.4,2.460
49.4,2.460
49.4,2.460
49.4,2.460
49.4,2.460
49.4,2.460
49.4,2.460
49.4,2.465
49.4,2.465
49.4,2.465
49.4,2.465
49.4,2.465
49.4,2.465
49.4,2.465
49.4,2.465
49.4,2.465
49.4,2.465
49.4,2.465
49.4,2.465
49.4,2.465
49.4,2.465
49.4,2.465
49.4,2.465
49.4,2.465
49.4,2.465
49.4,2.465
49.4,2.465
49.4,2.465
49.4,2.465
49.4,2.465
49.4,2.465
49.4,2.465
49.4,2.470
49.4,2.470
49.4,2.470
49.4,2.470
49.4,2.470
49.4,2.470
49.4,2.470
49.4,2.470
49.4,2.470
49.4,2.470
49.4,2.470
49.4,2.470
49.4,2.470
49.4,2.470
49.4,2.470
49.4,2.470
49.4,2.470
49.4,2.470
49.4,2.470
49.4,2.470
49.4,2.470
49.4,2.470
49.4,2.470
49.4,2.470
49.4,2.470
49.4,2.475
49.4,2.475
49.4,2.475
49.4,2.475
49.4,2.475
49.4,2.475
49.4,2.475
49.4,2.475
49.4,2.475
49.4,2.475
49.4,2.475
49.4,2.475
49.4,2.475
49.4,2.475
49.4,2.475
49.4,2.475
49.4,2.475
49.4,2.475
49.4,2.475
49.4,2.475
49.4,2.475
49.4,2.475
49.4,2.475
49.4,2.475
49.4,2.475
49.4,2.480
49.4,2.480
49.4,2.480
49.4,2.480
49.4,2.480
49.4,2.480
49.4,2.480
49.4,2.480
49.4,2.480
49.4,2.480
49.5,2.480
49.5,2.480
49.5,2.480
49.5,2.480
49.5,2.480
49.5,2.480
49.5,2.480
49.5,2.480
49.5,2.480
49.5,2.480
49.5,2.480
49.5,2.480
49.5,2.480
49.5,2.480
49.5,2.480
49.5,2.485
49.5,2.485
49.5,2.485
49.5,2.485
49.5,2.485
49.5,2.485
49.5,2.485
49.5,2.485
49.5,2.485
49.5,2.485
49.5,2.485
49.5,2.485
49.5,2.485
49.5,2.485
49.5,2.485
49.5,2.485
49.5,2.485
49.5,2.485
49.5,2.485
49.5,2.485
49.5,2.485
49.5,2.485
49.5,2.485
49.5,2.485
49.5,2.485
49.5,2.485
49.5,2.485
49.5,2.485
49.5,2.490
49.5,2.490
49.5,2.490
49.5,2.490
49.5,2.490
49.5,2.490
49.5,2.490
49.5,2.490
49.5,2.490
49.5,2.490
49.5,2.490
49.5,2.490
49.5,2.490
49.5,2.490
49.5,2.490
49.5,2.490
49.5,2.490
49.5,2.490
49.5,2.490
49.5,2.490
49.5,2.490
49.5,2.490
49.5,2.490
49.5,2.490
49.5,2.490
49.5,2.490
49.5,2.490
49.5,2.490
49.5,2.495
49.5,2.495
49.5,2.495
49.4,2.495
49.4,2.495
49.4,2.495
49.4,2.495
49.4,2.495
49.4,2.495
49.4,2.495
49.4,2.495
49.4,2.495
49.4,2.495
49.5,2.495
49.5,2.495
49.5,2.495
49.5,2.495
49.5,2.495
49.5,2.495
49.5,2.495
49.5,2.495
49.5,2.495
49.5,2.495
49.5,2.495
49.5,2.495
49.5,2.495
49.5,2.495
49.5,2.500
49.5,2.500
49.5,2.500
49.5,2.500
49.5,2.500
49.5,2.500
49.5,2.500
49.5,2.500
49.5,2.500
49.5,2.500
49.5,2.500
49.5,2.500
49.5,2.500
49.5,2.500
49.5,2.500
49.5,2.500
49.5,2.500
49.5,2.500
49.5,2.500
49.5,2.500
49.5,2.500
49.5,2.500
49.5,2.500
49.5,2.500
49.5,2.500
49.5,2.500
49.5,2.500
49.5,2.500
49.5,2.500
49.5,2.500
49.5,2.500
49.5,2.505
49.5,2.505
49.5,2.505
49.5,2.505
49.5,2.505
49.5,2.505
49.5,2.505
49.5,2.505
49.6,2.505
49.6,2.505
49.6,2.505
49.6,2.505
49.6,2.505
49.6,2.505
49.6,2.505
49.5,2.505
49.5,2.505
49.5,2.505
49.5,2.505
49.5,2.505
49.5,2.505
49.5,2.505
49.5,2.505
49.5,2.505
49.5,2.505
49.5,2.505
49.5,2.505
49.5,2.505
49.5,2.505
49.5,2.505
49.5,2.505
49.5,2.510
49.5,2.510
49.5,2.510
49.5,2.510
49.5,2.510
49.5,2.510
49.5,2.510
49.5,2.510
49.5,2.510
49.5,2.510
49.5,2.510
49.5,2.510
49.5,2.510
49.5,2.510
49.5,2.510
49.5,2.510
49.5,2.510
49.5,2.510
49.5,2.510
49.5,2.510
49.5,2.510
49.5,2.510
49.5,2.510
49.5,2.510
49.5,2.510
49.5,2.510
49.5,2.510
49.5,2.510
49.5,2.510
49.5,2.510
49.5,2.515
49.5,2.515
49.5,2.515
49.5,2.515
49.5,2.515
49.5,2.515
49.5,2.515
49.5,2.515
49.5,2.515
49.5,2.515
49.5,2.515
49.5,2.515
49.6,2.515
49.6,2.515
49.6,2.515
49.6,2.515
49.6,2.515
49.6,2.515
49.6,2.515
49.6,2.515
49.6,2.515
49.6,2.515
49.6,2.515
49.6,2.515
49.6,2.515
49.6,2.515
49.6,2.515
49.6,2.515
49.6,2.515
49.6,2.520
49.6,2.520
49.6,2.520
49.6,2.520
49.6,2.520
49.6,2.520
49.6,2.520
49.5,2.520
49.5,2.520
49.5,2.520
49.5,2.520
49.5,2.520
49.5,2.520
49.5,2.520
49.5,2.520
49.5,2.520
49.5,2.520
49.5,2.520
49.5,2.520
49.5,2.520
49.5,2.520
49.5,2.520
49.5,2.520
49.5,2.520
49.5,2.520
49.5,2.520
49.5,2.520
49.5,2.520
49.5,2.525
49.5,2.525
49.5,2.525
49.5,2.525
49.5,2.525
49.5,2.525
49.5,2.525
49.5,2.525
49.5,2.525
49.5,2.525
49.5,2.525
49.5,2.525
49.5,2.525
49.5,2.525
49.5,2.525
49.5,2.525
49.5,2.525
49.5,2.525
49.5,2.525
49.5,2.525
49.5,2.525
49.5,2.525
49.5,2.525
49.5,2.525
49.5,2.525
49.5,2.525
49.5,2.525
49.5,2.525
49.5,2.525
49.5,2.530
49.5,2.530
49.5,2.530
49.5,2.530
49.5,2.530
49.5,2.530
49.5,2.530
49.5,2.530
49.5,2.530
49.5,2.530
49.5,2.530
49.5,2.530
49.5,2.530
49.5,2.530
49.5,2.530
49.5,2.530
49.5,2.530
49.5,2.530
49.5,2.530
49.5,2.530
49.5,2.530
49.5,2.530
49.5,2.530
49.5,2.530
49.5,2.530
49.5,2.530
49.5,2.530
49.5,2.530
49.5,2.530
49.5,2.530
49.5,2.535
49.5,2.535
49.5,2.535
49.5,2.535
49.5,2.535
49.5,2.535
49.5,2.535
49.5,2.535
49.5,2.535
49.5,2.535
49.5,2.535
49.5,2.535
49.5,2.535
49.5,2.535
49.5,2.535
49.5,2.535
49.5,2.535
49.5,2.535
49.5,2.535
49.5,2.535
49.5,2.535
49.5,2.535
49.5,2.535
49.5,2.535
49.5,2.535
49.5,2.535
49.5,2.535
49.5,2.535
49.5,2.535
49.5,2.540
49.5,2.540
49.5,2.540
49.5,2.540
49.5,2.540
49.5,2.540
49.5,2.540
49.5,2.540
49.5,2.540
49.5,2.540
49.5,2.540
49.5,2.540
49.5,2.540
49.5,2.540
49.5,2.540
49.5,2.540
49.5,2.540
49.5,2.540
49.5,2.540
49.5,2.540
49.5,2.540
49.5,2.540
49.5,2.540
49.5,2.540
49.5,2.540
49.5,2.540
49.5,2.540
49.5,2.545
49.5,2.545
49.5,2.545
49.5,2.545
49.5,2.545
49.5,2.545
49.5,2.545
49.5,2.545
49.5,2.545
49.5,2.545
49.5,2.545
49.5,2.545
49.5,2.545
49.5,2.545
49.5,2.545
49.5,2.545
49.5,2.545
49.5,2.545
49.5,2.545
49.5,2.545
49.5,2.545
49.5,2.545
49.6,2.545
49.6,2.545
49.6,2.545
49.6,2.545
49.6,2.545
49.6,2.545
49.6,2.545
49.6,2.545
49.6,2.550
49.6,2.550
49.6,2.550
49.6,2.550
49.6,2.550
49.6,2.550
49.6,2.550
49.6,2.550
49.6,2.550
49.6,2.550
49.6,2.550
49.6,2.550
49.6,2.550
49.6,2.550
49.6,2.550
49.6,2.550
49.6,2.550
49.6,2.550
49.6,2.550
49.6,2.550
49.6,2.550
49.6,2.550
49.6,2.550
49.6,2.550
49.6,2.550
49.6,2.550
49.6,2.550
49.6,2.550
49.6,2.550
49.6,2.550
49.6,2.555
49.6,2.555
49.6,2.555
49.6,2.555
49.6,2.555
49.6,2.555
49.6,2.555
49.6,2.555
49.6,2.555
49.6,2.555
49.6,2.555
49.6,2.555
49.6,2.555
49.6,2.555
49.6,2.555
49.6,2.555
49.6,2.555
49.6,2.555
49.6,2.555
49.6,2.555
49.6,2.555
49.6,2.555
49.7,2.555
49.7,2.555
49.7,2.555
49.7,2.555
49.7,2.555
49.7,2.555
49.7,2.555
49.7,2.560
49.7,2.560
49.7,2.560
49.7,2.560
49.7,2.560
49.7,2.560
49.7,2.560
49.7,2.560
49.7,2.560
49.7,2.560
49.7,2.560
49.7,2.560
49.7,2.560
49.7,2.560
49.7,2.560
49.7,2.560
49.7,2.560
49.7,2.560
49.7,2.560
49.7,2.560
49.7,2.560
49.7,2.560
49.7,2.560
49.7,2.560
49.7,2.560
49.7,2.560
49.7,2.560
49.7,2.560
49.7,2.560
49.7,2.565
49.7,2.565
49.7,2.565
49.7,2.565
49.7,2.565
49.7,2.565
49.7,2.565
49.7,2.565
49.7,2.565
49.7,2.565
49.7,2.565
49.7,2.565
49.7,2.565
49.7,2.565
49.7,2.565
49.7,2.565
49.7,2.565
49.7,2.565
49.7,2.565
49.7,2.565
49.7,2.565
49.7,2.565
49.7,2.565
49.7,2.565
49.7,2.565
49.7,2.565
49.7,2.565
49.7,2.565
49.7,2.565
49.7,2.565
49.7,2.565
49.7,2.570
49.7,2.570
49.7,2.570
49.7,2.570
49.7,2.570
49.7,2.570
49.7,2.570
49.7,2.570
49.7,2.570
49.7,2.570
49.7,2.570
49.7,2.570
49.7,2.570
49.7,2.570
49.7,2.570
49.7,2.570
49.7,2.570
49.7,2.570
49.7,2.570
49.7,2.570
49.7,2.570
49.7,2.570
49.7,2.570
49.7,2.570
49.7,2.570
49.7,2.570
49.7,2.570
49.7,2.570
49.7,2.570
49.7,2.570
49.7,2.570
49.7,2.575
49.7,2.575
49.7,2.575
49.7,2.575
49.7,2.575
49.7,2.575
49.7,2.575
49.7,2.575
49.7,2.575
49.7,2.575
49.7,2.575
49.7,2.575
49.7,2.575
49.7,2.575
49.7,2.575
49.7,2.575
49.7,2.575
49.7,2.575
49.7,2.575
49.7,2.575
49.7,2.575
49.7,2.575
49.7,2.575
49.7,2.575
49.7,2.575
49.7,2.575
49.7,2.575
49.7,2.575
49.7,2.575
49.7,2.575
49.7,2.580
49.8,2.580
49.8,2.580
49.8,2.580
49.8,2.580
49.8,2.580
49.8,2.580
49.8,2.580
49.8,2.580
49.8,2.580
49.8,2.580
49.8,2.580
49.8,2.580
49.8,2.580
49.8,2.580
49.8,2.580
49.8,2.580
49.8,2.580
49.8,2.580
49.8,2.580
49.8,2.580
49.8,2.580
49.8,2.580
49.8,2.580
49.8,2.580
49.8,2.580
49.8,2.580
49.8,2.580
49.8,2.580
49.8,2.580
49.8,2.580
49.8,2.580
49.8,2.580
49.8,2.580
49.8,2.585
49.8,2.585
49.8,2.585
49.8,2.585
49.8,2.585
49.8,2.585
49.8,2.585
49.8,2.585
49.8,2.585
49.8,2.585
49.8,2.585
49.8,2.585
49.8,2.585
49.8,2.585
49.8,2.585
49.8,2.585
49.8,2.585
49.8,2.585
49.8,2.585
49.8,2.585
49.8,2.585
49.8,2.585
49.8,2.585
49.8,2.585
49.8,2.585
49.8,2.585
49.8,2.585
49.8,2.585
49.8,2.585
49.8,2.585
49.8,2.585
49.8,2.585
49.8,2.585
49.8,2.585
49.8,2.590
49.8,2.590
49.8,2.590
49.8,2.590
49.8,2.590
49.8,2.590
49.8,2.590
49.8,2.590
49.8,2.590
49.8,2.590
49.8,2.590
49.8,2.590
49.8,2.590
49.8,2.590
49.8,2.590
49.8,2.590
49.8,2.590
49.8,2.590
49.8,2.590
49.8,2.590
49.8,2.590
49.8,2.590
49.8,2.590
49.8,2.590
49.8,2.590
49.8,2.590
49.8,2.590
49.8,2.590
49.8,2.590
49.8,2.590
49.8,2.590
49.8,2.590
49.8,2.590
49.8,2.590
49.8,2.590
49.8,2.590
49.8,2.595
49.8,2.595
49.8,2.595
49.8,2.595
49.8,2.595
49.8,2.595
49.8,2.595
49.8,2.595
49.8,2.595
49.8,2.595
49.8,2.595
49.8,2.595
49.8,2.595
49.8,2.595
49.9,2.595
49.9,2.595
49.9,2.595
49.9,2.595
49.9,2.595
49.9,2.595
49.9,2.595
49.9,2.595
49.9,2.595
49.9,2.595
49.9,2.595
49.9,2.595
49.9,2.595
49.9,2.595
49.9,2.595
49.9,2.595
49.9,2.595
49.9,2.595
49.9,2.595
49.9,2.595
49.9,2.595
49.9,2.600
49.9,2.600
49.9,2.600
49.9,2.600
49.9,2.600
49.9,2.600
49.9,2.600
49.9,2.600
49.9,2.600
49.9,2.600
49.9,2.600
49.9,2.600
49.9,2.600
49.9,2.600
49.9,2.600
49.9,2.600
49.9,2.600
49.9,2.600
49.9,2.600
49.9,2.600
49.9,2.600
49.9,2.600
49.9,2.600
49.9,2.600
49.9,2.600
49.9,2.600
49.9,2.600
49.9,2.600
49.9,2.600
49.9,2.600
49.9,2.600
49.9,2.600
49.9,2.600
49.9,2.605
49.9,2.605
49.9,2.605
49.9,2.605
49.9,2.605
49.9,2.605
49.9,2.605
49.9,2.605
49.9,2.605
49.9,2.605
49.9,2.605
49.9,2.605
49.9,2.605
49.9,2.605
49.9,2.605
49.9,2.605
49.9,2.605
49.9,2.605
49.9,2.605
50.0,2.605
50.0,2.605
50.0,2.605
50.0,2.605
50.0,2.605
50.0,2.605
50.0,2.605
50.0,2.605
50.0,2.605
50.0,2.605
50.0,2.605
50.0,2.605
50.0,2.605
50.0,2.605
50.0,2.605
50.0,2.610
50.0,2.610
50.0,2.610
50.0,2.610
50.0,2.610
50.0,2.610
50.0,2.610
50.0,2.610
50.0,2.610
50.0,2.610
50.0,2.610
50.0,2.610
50.0,2.610
50.0,2.610
50.0,2.610
50.0,2.610
50.0,2.610
50.0,2.610
50.0,2.610
50.0,2.610
50.0,2.610
50.0,2.610
50.0,2.610
50.0,2.610
50.0,2.610
50.0,2.610
50.0,2.610
50.0,2.610
50.0,2.610
50.0,2.610
50.0,2.610
50.0,2.610
50.0,2.615
50.0,2.615
50.0,2.615
50.0,2.615
50.0,2.615
50.0,2.615
50.0,2.615
50.0,2.615
50.0,2.615
50.0,2.615
50.0,2.615
50.0,2.615
50.0,2.615
50.0,2.615
50.0,2.615
50.0,2.615
50.0,2.615
50.0,2.615
50.0,2.615
50.1,2.615
50.1,2.615
50.0,2.615
50.0,2.615
50.0,2.615
50.0,2.615
50.0,2.615
50.0,2.615
50.0,2.615
50.0,2.615
50.0,2.615
50.0,2.620
50.0,2.620
50.0,2.620
50.0,2.620
50.0,2.620
50.0,2.620
50.0,2.620
50.0,2.620
50.0,2.620
50.0,2.620
50.0,2.620
50.0,2.620
50.0,2.620
50.0,2.620
50.0,2.620
50.0,2.620
50.0,2.620
50.0,2.620
50.0,2.620
50.0,2.620
50.0,2.620
50.0,2.620
50.0,2.620
50.0,2.620
50.0,2.620
50.0,2.620
50.0,2.620
50.0,2.625
50.0,2.625
50.0,2.625
50.0,2.625
50.0,2.625
50.1,2.625
50.1,2.625
50.1,2.625
50.1,2.625
50.1,2.625
50.1,2.625
50.1,2.625
50.1,2.625
50.1,2.625
50.1,2.625
50.1,2.625
50.1,2.625
50.1,2.625
50.1,2.625
50.1,2.625
50.1,2.625
50.1,2.625
50.1,2.625
50.1,2.625
50.1,2.625
50.1,2.625
50.1,2.625
50.1,2.625
50.1,2.625
50.1,2.630
50.1,2.630
50.1,2.630
50.1,2.630
50.1,2.630
50.1,2.630
50.1,2.630
50.1,2.630
50.1,2.630
50.1,2.630
50.1,2.630
50.1,2.630
50.1,2.630
50.1,2.630
50.1,2.630
50.1,2.630
50.1,2.630
50.1,2.630
50.1,2.630
50.1,2.630
50.1,2.630
50.1,2.630
50.1,2.630
50.1,2.630
50.1,2.630
50.1,2.630
50.1,2.630
50.1,2.630
50.1,2.630
50.1,2.635
50.1,2.635
50.1,2.635
50.1,2.635
50.1,2.635
50.1,2.635
50.1,2.635
50.1,2.635
50.1,2.635
50.1,2.635
50.1,2.635
50.1,2.635
50.1,2.635
50.1,2.635
50.1,2.635
50.1,2.635
50.1,2.635
50.1,2.635
50.1,2.635
50.1,2.635
50.1,2.635
50.1,2.635
50.1,2.635
50.1,2.635
50.1,2.635
50.1,2.635
50.1,2.635
50.1,2.635
50.1,2.640
50.1,2.640
50.1,2.640
50.1,2.640
50.1,2.640
50.1,2.640
50.1,2.640
50.1,2.640
50.1,2.640
50.1,2.640
50.1,2.640
50.1,2.640
50.1,2.640
50.2,2.640
50.2,2.640
50.2,2.640
50.2,2.640
50.2,2.640
50.2,2.640
50.2,2.640
50.2,2.640
50.2,2.640
50.1,2.640
50.1,2.640
50.1,2.640
50.1,2.640
50.1,2.640
50.1,2.640
50.1,2.640
50.1,2.640
50.1,2.645
50.2,2.645
50.2,2.645
50.2,2.645
50.2,2.645
50.2,2.645
50.2,2.645
50.2,2.645
50.2,2.645
50.2,2.645
50.2,2.645
50.2,2.645
50.2,2.645
50.2,2.645
50.2,2.645
50.2,2.645
50.2,2.645
50.2,2.645
50.2,2.645
50.2,2.645
50.2,2.645
50.2,2.645
50.2,2.645
50.2,2.645
50.2,2.645
50.2,2.645
50.2,2.645
50.2,2.645
50.2,2.645
50.2,2.645
50.2,2.645
50.2,2.645
50.2,2.645
50.2,2.645
50.2,2.645
50.2,2.650
50.2,2.650
50.2,2.650
50.2,2.650
50.2,2.650
50.2,2.650
50.2,2.650
50.2,2.650
50.2,2.650
50.2,2.650
50.2,2.650
50.2,2.650
50.2,2.650
50.2,2.650
50.2,2.650
50.2,2.650
50.2,2.650
50.2,2.650
50.2,2.650
50.2,2.650
50.2,2.650
50.2,2.650
50.2,2.650
50.2,2.650
50.2,2.650
50.2,2.650
50.2,2.650
50.2,2.650
50.2,2.650
50.2,2.650
50.2,2.650
50.2,2.650
50.2,2.650
50.2,2.650
50.2,2.650
50.2,2.650
50.2,2.650
50.2,2.650
50.2,2.650
50.2,2.655
50.2,2.655
50.2,2.655
50.2,2.655
50.2,2.655
50.2,2.655
50.2,2.655
50.2,2.655
50.2,2.655
50.2,2.655
50.2,2.655
50.2,2.655
50.2,2.655
50.2,2.655
50.2,2.655
50.2,2.655
50.2,2.655
50.2,2.655
50.2,2.655
50.2,2.655
50.2,2.655
50.2,2.655
50.2,2.655
50.2,2.655
50.2,2.655
50.2,2.655
50.2,2.655
50.2,2.655
50.2,2.655
50.2,2.655
50.2,2.655
50.3,2.655
50.3,2.655
50.3,2.655
50.3,2.655
50.3,2.655
50.3,2.655
50.3,2.655
50.3,2.655
50.3,2.655
50.3,2.655
50.3,2.660
50.3,2.660
50.3,2.660
50.3,2.660
50.3,2.660
50.3,2.660
50.2,2.660
50.2,2.660
50.2,2.660
50.2,2.660
50.2,2.660
50.2,2.660
50.2,2.660
50.2,2.660
50.2,2.660
50.2,2.660
50.2,2.660
50.2,2.660
50.2,2.660
50.2,2.660
50.2,2.660
50.2,2.660
50.2,2.660
50.2,2.660
50.2,2.660
50.2,2.660
50.2,2.660
50.2,2.660
50.2,2.660
50.2,2.660
50.2,2.660
50.2,2.660
50.2,2.660
50.2,2.660
50.2,2.660
50.2,2.660
50.2,2.660
50.2,2.660
50.2,2.660
50.2,2.660
50.2,2.660
50.2,2.660
50.2,2.660
50.2,2.660
50.2,2.660
50.2,2.660
50.2,2.660
50.2,2.660
50.2,2.660
50.2,2.660
50.2,2.660
50.2,2.660
50.2,2.660
50.2,2.660
50.2,2.660
50.2,2.665
50.2,2.665
50.3,2.665
50.3,2.665
50.3,2.665
50.3,2.665
50.3,2.665
50.3,2.665
50.3,2.665
50.3,2.665
50.3,2.665
50.3,2.665
50.3,2.665
50.3,2.665
50.3,2.665
50.3,2.665
50.3,2.665
50.3,2.665
50.3,2.665
50.3,2.665
50.3,2.665
50.3,2.665
50.3,2.665
50.3,2.665
50.3,2.665
50.3,2.665
50.3,2.665
50.3,2.665
50.3,2.665
50.3,2.665
50.3,2.665
50.3,2.665
50.3,2.665
50.3,2.665
50.3,2.665
50.3,2.665
50.3,2.665
50.3,2.665
50.3,2.665
50.3,2.665
50.3,2.665
50.3,2.665
50.3,2.665
50.3,2.665
50.3,2.665
50.3,2.665
50.3,2.665
50.3,2.670
50.3,2.670
50.3,2.670
50.3,2.670
50.3,2.670
50.3,2.670
50.3,2.670
50.3,2.670
50.3,2.670
50.3,2.670
50.3,2.670
50.3,2.670
50.3,2.670
50.3,2.670
50.3,2.670
50.3,2.670
50.3,2.670
50.3,2.670
50.3,2.670
50.3,2.670
50.3,2.670
50.3,2.670
50.3,2.670
50.3,2.670
50.3,2.670
50.3,2.670
50.3,2.670
50.3,2.670
50.3,2.670
50.3,2.670
50.3,2.670
50.3,2.670
50.3,2.670
50.3,2.670
50.3,2.670
50.3,2.670
50.3,2.670
50.3,2.670
50.3,2.670
50.3,2.670
50.3,2.670
50.3,2.670
50.3,2.670
50.3,2.675
50.3,2.675
50.3,2.675
50.3,2.675
50.3,2.675
50.3,2.675
50.3,2.675
50.3,2.675
50.3,2.675
50.3,2.675
50.3,2.675
50.3,2.675
50.3,2.675
50.3,2.675
50.3,2.675
50.3,2.675
50.3,2.675
50.3,2.675
50.3,2.675
50.3,2.675
50.3,2.675
50.3,2.675
50.3,2.675
50.3,2.675
50.3,2.675
50.3,2.675
50.3,2.675
50.3,2.675
50.4,2.675
50.4,2.675
50.4,2.675
50.4,2.675
50.4,2.675
50.4,2.675
50.4,2.675
50.4,2.675
50.4,2.675
50.4,2.675
50.4,2.680
50.4,2.680
50.4,2.680
50.4,2.680
50.4,2.680
50.4,2.680
50.4,2.680
50.4,2.680
50.4,2.680
50.4,2.680
50.4,2.680
50.4,2.680
50.4,2.680
50.4,2.680
50.4,2.680
50.4,2.680
50.4,2.680
50.4,2.680
50.4,2.680
50.4,2.680
50.4,2.680
50.4,2.680
50.4,2.680
50.4,2.680
50.4,2.680
50.4,2.680
50.4,2.680
50.4,2.680
50.4,2.680
50.4,2.680
50.4,2.680
50.4,2.680
50.4,2.680
50.4,2.680
50.4,2.680
50.4,2.680
50.4,2.680
50.4,2.685
50.4,2.685
50.4,2.685
50.4,2.685
50.4,2.685
50.4,2.685
50.4,2.685
50.4,2.685
50.4,2.685
50.4,2.685
50.4,2.685
50.4,2.685
50.4,2.685
50.4,2.685
50.4,2.685
50.4,2.685
50.4,2.685
50.4,2.685
50.4,2.685
50.4,2.685
50.4,2.685
50.4,2.685
50.4,2.685
50.4,2.685
50.4,2.685
50.4,2.685
50.4,2.685
50.4,2.685
50.4,2.685
50.4,2.685
50.4,2.685
50.4,2.685
50.4,2.685
50.4,2.685
50.4,2.685
50.4,2.685
50.4,2.685
50.4,2.685
50.4,2.685
50.4,2.685
50.4,2.690
50.4,2.690
50.4,2.690
50.4,2.690
50.4,2.690
50.4,2.690
50.4,2.690
50.4,2.690
50.4,2.690
50.4,2.690
50.4,2.690
50.4,2.690
50.4,2.690
50.4,2.690
50.4,2.690
50.4,2.690
50.4,2.690
50.4,2.690
50.4,2.690
50.4,2.690
50.4,2.690
50.4,2.690
50.4,2.690
50.4,2.690
50.4,2.690
50.4,2.690
50.5,2.690
50.5,2.690
50.5,2.690
50.5,2.690
50.5,2.690
50.5,2.690
50.5,2.690
50.5,2.690
50.5,2.690
50.5,2.690
50.5,2.690
50.5,2.690
50.5,2.690
50.4,2.690
50.4,2.690
50.4,2.695
50.4,2.695
50.4,2.695
50.4,2.695
50.4,2.695
50.5,2.695
50.5,2.695
50.5,2.695
50.5,2.695
50.5,2.695
50.5,2.695
50.5,2.695
50.5,2.695
50.5,2.695
50.5,2.695
50.5,2.695
50.5,2.695
50.5,2.695
50.5,2.695
50.5,2.695
50.5,2.695
50.5,2.695
50.5,2.695
50.5,2.695
50.5,2.695
50.5,2.695
50.5,2.695
50.5,2.695
50.5,2.695
50.5,2.695
50.5,2.695
50.5,2.695
50.5,2.695
50.5,2.695
50.5,2.695
50.5,2.695
50.5,2.695
50.5,2.695
50.5,2.695
50.5,2.695
50.5,2.700
50.5,2.700
50.5,2.700
50.5,2.700
50.5,2.700
50.5,2.700
50.5,2.700
50.5,2.700
50.5,2.700
50.5,2.700
50.5,2.700
50.5,2.700
50.5,2.700
50.5,2.700
50.5,2.700
50.5,2.700
50.5,2.700
50.5,2.700
50.5,2.700
50.5,2.700
50.5,2.700
50.5,2.700
50.5,2.700
50.5,2.700
50.5,2.700
50.5,2.700
50.5,2.700
50.5,2.700
50.5,2.700
50.5,2.700
50.5,2.700
50.5,2.700
50.5,2.700
50.5,2.700
50.5,2.700
50.5,2.700
50.5,2.700
50.5,2.700
50.5,2.700
50.5,2.700
50.5,2.705
50.5,2.705
50.5,2.705
50.5,2.705
50.5,2.705
50.5,2.705
50.5,2.705
50.5,2.705
50.5,2.705
50.5,2.705
50.5,2.705
50.5,2.705
50.5,2.705
50.5,2.705
50.5,2.705
50.5,2.705
50.5,2.705
50.5,2.705
50.5,2.705
50.5,2.705
50.5,2.705
50.5,2.705
50.5,2.705
50.5,2.705
50.5,2.705
50.5,2.705
50.5,2.705
50.5,2.705
50.5,2.705
50.5,2.705
50.5,2.705
50.5,2.705
50.5,2.705
50.5,2.705
50.5,2.705
50.5,2.705
50.5,2.705
50.5,2.705
50.5,2.705
50.5,2.705
50.5,2.705
50.5,2.705
50.5,2.705
50.5,2.705
50.5,2.710
50.5,2.710
50.5,2.710
50.5,2.710
50.5,2.710
50.5,2.710
50.5,2.710
50.5,2.710
50.5,2.710
50.5,2.710
50.5,2.710
50.5,2.710
50.5,2.710
50.5,2.710
50.5,2.710
50.5,2.710
50.5,2.710
50.4,2.710
50.4,2.710
50.4,2.710
50.4,2.710
50.4,2.710
50.4,2.710
50.4,2.710
50.4,2.710
50.4,2.710
50.4,2.710
50.4,2.710
50.4,2.710
50.4,2.710
50.5,2.710
50.5,2.710
50.5,2.710
50.5,2.710
50.5,2.710
50.5,2.710
50.5,2.710
50.5,2.710
50.5,2.710
50.5,2.710
50.5,2.710
50.5,2.710
50.5,2.710
50.5,2.710
50.5,2.710
50.5,2.710
50.5,2.710
50.5,2.710
50.5,2.715
50.5,2.715
50.5,2.715
50.5,2.715
50.5,2.715
50.5,2.715
50.5,2.715
50.5,2.715
50.5,2.715
50.5,2.715
50.5,2.715
50.5,2.715
50.5,2.715
50.5,2.715
50.5,2.715
50.5,2.715
50.5,2.715
50.5,2.715
50.5,2.715
50.5,2.715
50.5,2.715
50.5,2.715
50.5,2.715
50.5,2.715
50.5,2.715
50.5,2.715
50.5,2.715
50.5,2.715
50.5,2.715
50.5,2.715
50.5,2.715
50.5,2.715
50.5,2.715
50.5,2.715
50.5,2.715
50.5,2.715
50.5,2.715
50.4,2.715
50.4,2.715
50.4,2.715
50.4,2.715
50.4,2.715
50.4,2.715
50.4,2.715
50.4,2.715
50.4,2.715
50.4,2.715
50.4,2.715
50.4,2.715
50.4,2.720
50.4,2.720
50.4,2.720
50.4,2.720
50.4,2.720
50.5,2.720
50.5,2.720
50.5,2.720
50.5,2.720
50.5,2.720
50.5,2.720
50.5,2.720
50.5,2.720
50.5,2.720
50.5,2.720
50.5,2.720
50.5,2.720
50.5,2.720
50.5,2.720
50.5,2.720
50.5,2.720
50.5,2.720
50.5,2.720
50.5,2.720
50.5,2.720
50.5,2.720
50.5,2.720
50.5,2.720
50.5,2.720
50.5,2.720
50.5,2.720
50.5,2.720
50.5,2.720
50.5,2.720
50.5,2.720
50.5,2.720
50.5,2.720
50.4,2.720
50.4,2.720
50.4,2.720
50.5,2.720
50.5,2.720
50.5,2.720
50.5,2.720
50.5,2.720
50.5,2.720
50.5,2.720
50.5,2.720
50.5,2.725
50.5,2.725
50.5,2.725
50.5,2.725
50.5,2.725
50.5,2.725
50.5,2.725
50.5,2.725
50.5,2.725
50.5,2.725
50.5,2.725
50.5,2.725
50.5,2.725
50.5,2.725
50.5,2.725
50.5,2.725
50.5,2.725
50.5,2.725
50.5,2.725
50.5,2.725
50.5,2.725
50.5,2.725
50.5,2.725
50.5,2.725
50.5,2.725
50.5,2.725
50.5,2.725
50.5,2.725
50.5,2.725
50.5,2.725
50.5,2.725
50.5,2.725
50.5,2.725
50.5,2.725
50.5,2.725
50.5,2.725
50.5,2.725
50.5,2.725
50.5,2.725
50.5,2.725
50.5,2.725
50.5,2.725
50.5,2.725
50.5,2.725
50.5,2.725
50.5,2.725
50.5,2.725
50.5,2.725
50.5,2.730
50.5,2.730
50.5,2.730
50.5,2.730
50.5,2.730
50.5,2.730
50.5,2.730
50.5,2.730
50.5,2.730
50.5,2.730
50.5,2.730
50.5,2.730
50.5,2.730
50.5,2.730
50.5,2.730
50.5,2.730
50.5,2.730
50.5,2.730
50.5,2.730
50.5,2.730
50.5,2.730
50.5,2.730
50.5,2.730
50.5,2.730
50.5,2.730
50.5,2.730
50.5,2.730
50.5,2.730
50.5,2.730
50.5,2.730
50.5,2.730
50.5,2.730
50.5,2.730
50.5,2.730
50.5,2.730
50.5,2.730
50.5,2.730
50.5,2.730
50.5,2.730
50.5,2.730
50.5,2.730
50.5,2.730
50.5,2.730
50.5,2.730
50.5,2.730
50.5,2.730
50.5,2.730
50.5,2.730
50.5,2.735
50.5,2.735
50.5,2.735
50.5,2.735
50.5,2.735
50.5,2.735
50.5,2.735
50.5,2.735
50.5,2.735
50.5,2.735
50.5,2.735
50.5,2.735
50.5,2.735
50.5,2.735
50.5,2.735
50.5,2.735
50.6,2.735
50.6,2.735
50.6,2.735
50.6,2.735
50.6,2.735
50.6,2.735
50.6,2.735
50.6,2.735
50.6,2.735
50.6,2.735
50.6,2.735
50.6,2.735
50.6,2.735
50.6,2.735
50.6,2.735
50.6,2.735
50.6,2.735
50.6,2.735
50.6,2.735
50.6,2.735
50.6,2.735
50.6,2.735
50.6,2.735
50.6,2.735
50.6,2.735
50.6,2.735
50.6,2.735
50.6,2.740
50.6,2.740
50.6,2.740
50.6,2.740
50.6,2.740
50.6,2.740
50.6,2.740
50.6,2.740
50.6,2.740
50.6,2.740
50.6,2.740
50.6,2.740
50.6,2.740
50.5,2.740
50.5,2.740
50.5,2.740
50.5,2.740
50.5,2.740
50.5,2.740
50.5,2.740
50.5,2.740
50.6,2.740
50.6,2.740
50.6,2.740
50.6,2.740
50.6,2.740
50.6,2.740
50.6,2.740
50.6,2.740
50.6,2.740
50.6,2.740
50.6,2.740
50.6,2.740
50.6,2.740
50.6,2.740
50.6,2.740
50.6,2.740
50.6,2.740
50.6,2.740
50.6,2.740
50.6,2.740
50.6,2.740
50.6,2.740
50.6,2.745
50.6,2.745
50.6,2.745
50.6,2.745
50.6,2.745
50.6,2.745
50.6,2.745
50.6,2.745
50.6,2.745
50.6,2.745
50.6,2.745
50.6,2.745
50.6,2.745
50.6,2.745
50.6,2.745
50.6,2.745
50.6,2.745
50.6,2.745
50.6,2.745
50.6,2.745
50.6,2.745
50.6,2.745
50.6,2.745
50.6,2.745
50.6,2.745
50.6,2.745
50.6,2.745
50.6,2.745
50.6,2.745
50.6,2.745
50.6,2.745
50.6,2.745
50.6,2.745
50.6,2.745
50.6,2.745
50.6,2.745
50.6,2.745
50.6,2.745
50.6,2.750
50.6,2.750
50.6,2.750
50.6,2.750
50.6,2.750
50.6,2.750
50.6,2.750
50.6,2.750
50.6,2.750
50.6,2.750
50.6,2.750
50.6,2.750
50.6,2.750
50.6,2.750
50.6,2.750
50.6,2.750
50.6,2.750
50.6,2.750
50.7,2.750
50.7,2.750
50.7,2.750
50.7,2.750
50.7,2.750
50.7,2.750
50.7,2.750
50.7,2.750
50.7,2.750
50.7,2.750
50.7,2.750
50.7,2.750
50.7,2.750
50.7,2.750
50.7,2.750
50.7,2.750
50.7,2.750
50.7,2.750
50.7,2.750
50.7,2.755
50.7,2.755
50.7,2.755
50.7,2.755
50.7,2.755
50.7,2.755
50.6,2.755
50.6,2.755
50.6,2.755
50.6,2.755
50.6,2.755
50.6,2.755
50.6,2.755
50.6,2.755
50.6,2.755
50.6,2.755
50.6,2.755
50.6,2.755
50.6,2.755
50.6,2.755
50.6,2.755
50.6,2.755
50.6,2.755
50.6,2.755
50.6,2.755
50.6,2.755
50.6,2.755
50.6,2.755
50.6,2.755
50.6,2.755
50.6,2.755
50.6,2.755
50.6,2.755
50.7,2.755
50.7,2.755
50.7,2.755
50.7,2.760
50.7,2.760
50.7,2.760
50.7,2.760
50.7,2.760
50.7,2.760
50.7,2.760
50.7,2.760
50.7,2.760
50.7,2.760
50.7,2.760
50.7,2.760
50.7,2.760
50.7,2.760
50.7,2.760
50.7,2.760
50.7,2.760
50.7,2.760
50.7,2.760
50.7,2.760
50.7,2.760
50.7,2.760
50.7,2.760
50.7,2.760
50.7,2.760
50.7,2.760
50.7,2.760
50.7,2.760
50.7,2.760
50.7,2.760
50.7,2.760
50.7,2.760
50.7,2.765
50.7,2.765
50.7,2.765
50.7,2.765
50.7,2.765
50.7,2.765
50.7,2.765
50.7,2.765
50.7,2.765
50.7,2.765
50.7,2.765
50.7,2.765
50.7,2.765
50.7,2.765
50.7,2.765
50.7,2.765
50.7,2.765
50.7,2.765
50.7,2.765
50.7,2.765
50.7,2.765
50.7,2.765
50.7,2.765
50.7,2.765
50.7,2.765
50.7,2.765
50.7,2.765
50.7,2.765
50.7,2.765
50.7,2.765
50.7,2.765
50.7,2.765
50.8,2.765
50.7,2.770
50.7,2.770
50.7,2.770
50.7,2.770
50.7,2.770
50.7,2.770
50.7,2.770
50.7,2.770
50.7,2.770
50.7,2.770
50.7,2.770
50.7,2.770
50.7,2.770
50.7,2.770
50.7,2.770
50.7,2.770
50.7,2.770
50.7,2.770
50.7,2.770
50.7,2.770
50.7,2.770
50.7,2.770
50.7,2.770
50.7,2.770
50.7,2.770
50.7,2.770
50.7,2.770
50.7,2.770
50.7,2.770
50.7,2.770
50.7,2.775
50.7,2.775
50.7,2.775
50.7,2.775
50.7,2.775
50.7,2.775
50.7,2.775
50.7,2.775
50.7,2.775
50.7,2.775
50.7,2.775
50.7,2.775
50.7,2.775
50.7,2.775
50.7,2.775
50.7,2.775
50.7,2.775
50.7,2.775
50.7,2.775
50.7,2.775
50.7,2.775
50.7,2.775
50.7,2.775
50.7,2.775
50.7,2.775
50.7,2.775
50.7,2.775
50.7,2.775
50.7,2.780
50.7,2.780
50.7,2.780
50.7,2.780
50.7,2.780
50.7,2.780
50.7,2.780
50.7,2.780
50.7,2.780
50.7,2.780
50.7,2.780
50.7,2.780
50.7,2.780
50.7,2.780
50.7,2.780
50.7,2.780
50.7,2.780
50.7,2.780
50.7,2.780
50.7,2.780
50.7,2.780
50.7,2.780
50.7,2.780
50.7,2.780
50.7,2.780
50.7,2.780
50.7,2.785
50.7,2.785
50.7,2.785
50.7,2.785
50.7,2.785
50.7,2.785
50.7,2.785
50.7,2.785
50.7,2.785
50.7,2.785
50.7,2.785
50.7,2.785
50.7,2.785
50.7,2.785
50.7,2.785
50.7,2.785
50.7,2.785
50.7,2.785
50.7,2.785
50.7,2.785
50.7,2.785
50.7,2.785
50.7,2.785
50.7,2.785
50.7,2.785
50.7,2.785
50.7,2.785
50.7,2.785
50.7,2.785
50.7,2.790
50.7,2.790
50.8,2.790
50.8,2.790
50.8,2.790
50.8,2.790
50.8,2.790
50.8,2.790
50.8,2.790
50.8,2.790
50.8,2.790
50.8,2.790
50.8,2.790
50.8,2.790
50.8,2.790
50.8,2.790
50.8,2.790
50.8,2.790
50.8,2.790
50.8,2.790
50.8,2.790
50.8,2.790
50.8,2.790
50.8,2.790
50.8,2.790
50.8,2.790
50.8,2.790
50.8,2.790
50.8,2.790
50.8,2.790
50.8,2.795
50.8,2.795
50.8,2.795
50.8,2.795
50.8,2.795
50.8,2.795
50.8,2.795
50.8,2.795
50.8,2.795
50.8,2.795
50.8,2.795
50.8,2.795
50.8,2.795
50.8,2.795
50.8,2.795
50.8,2.795
50.8,2.795
50.8,2.795
50.8,2.795
50.8,2.795
50.8,2.795
50.8,2.795
50.8,2.795
50.8,2.795
50.8,2.795
50.8,2.795
50.8,2.795
50.8,2.800
50.8,2.800
50.8,2.800
50.8,2.800
50.8,2.800
50.8,2.800
50.8,2.800
50.8,2.800
50.8,2.800
50.8,2.800
50.8,2.800
50.8,2.800
50.8,2.800
50.8,2.800
50.8,2.800
50.8,2.800
50.8,2.800
50.8,2.800
50.8,2.800
50.8,2.800
50.8,2.800
50.8,2.800
50.8,2.800
50.8,2.800
50.8,2.800
50.8,2.800
50.8,2.800
50.8,2.800
50.8,2.805
50.8,2.805
50.8,2.805
50.8,2.805
50.8,2.805
50.8,2.805
50.8,2.805
50.8,2.805
50.8,2.805
50.8,2.805
50.8,2.805
50.8,2.805
50.8,2.805
50.8,2.805
50.8,2.805
50.8,2.805
50.8,2.805
50.8,2.805
50.8,2.805
50.8,2.805
50.8,2.805
50.8,2.805
50.8,2.805
50.8,2.805
50.8,2.805
50.8,2.805
50.8,2.805
50.8,2.805
50.8,2.805
50.8,2.805
50.8,2.810
50.8,2.810
50.8,2.810
50.8,2.810
50.8,2.810
50.8,2.810
50.8,2.810
50.8,2.810
50.8,2.810
50.8,2.810
50.8,2.810
50.8,2.810
50.8,2.810
50.8,2.810
50.8,2.810
50.8,2.810
50.8,2.810
50.8,2.810
50.8,2.810
50.8,2.810
50.8,2.810
50.8,2.810
50.8,2.810
50.8,2.810
50.8,2.810
50.8,2.810
50.8,2.810
50.8,2.810
50.8,2.810
50.8,2.810
50.8,2.810
50.8,2.815
50.8,2.815
50.8,2.815
50.8,2.815
50.9,2.815
50.9,2.815
50.9,2.815
50.9,2.815
50.9,2.815
50.9,2.815
50.9,2.815
50.9,2.815
50.9,2.815
50.9,2.815
50.9,2.815
50.9,2.815
50.9,2.815
50.9,2.815
50.9,2.815
50.9,2.815
50.9,2.815
50.9,2.815
50.9,2.815
50.9,2.815
50.9,2.815
50.9,2.815
50.9,2.815
50.9,2.815
50.9,2.815
50.9,2.820
50.9,2.820
50.9,2.820
50.9,2.820
50.9,2.820
50.9,2.820
50.9,2.820
50.9,2.820
50.9,2.820
50.9,2.820
50.9,2.820
50.9,2.820
50.9,2.820
50.9,2.820
50.9,2.820
50.9,2.820
50.9,2.820
50.9,2.820
50.9,2.820
50.9,2.820
50.9,2.820
50.9,2.820
50.9,2.820
50.9,2.820
50.9,2.820
50.9,2.820
50.9,2.820
50.9,2.820
50.9,2.820
50.9,2.820
50.9,2.825
50.9,2.825
50.9,2.825
50.9,2.825
50.9,2.825
50.9,2.825
50.9,2.825
50.9,2.825
50.9,2.825
50.9,2.825
50.9,2.825
50.9,2.825
50.9,2.825
50.9,2.825
50.9,2.825
50.9,2.825
50.9,2.825
50.9,2.825
50.9,2.825
50.9,2.825
50.9,2.825
50.9,2.825
50.9,2.825
50.9,2.825
50.9,2.825
50.9,2.825
50.9,2.825
50.9,2.825
50.9,2.825
50.9,2.825
50.9,2.830
50.9,2.830
50.9,2.830
50.9,2.830
50.9,2.830
50.9,2.830
50.9,2.830
50.9,2.830
50.9,2.830
50.9,2.830
50.9,2.830
50.9,2.830
50.9,2.830
50.9,2.830
50.9,2.830
50.9,2.830
50.9,2.830
50.9,2.830
50.9,2.830
50.9,2.830
50.9,2.830
50.9,2.830
50.9,2.830
50.9,2.830
50.9,2.830
50.9,2.830
50.9,2.830
50.9,2.830
50.9,2.830
50.9,2.830
50.9,2.835
50.9,2.835
50.9,2.835
50.9,2.835
50.9,2.835
50.9,2.835
50.9,2.835
50.9,2.835
50.9,2.835
50.9,2.835
50.9,2.835
50.9,2.835
50.9,2.835
50.9,2.835
50.9,2.835
50.9,2.835
50.9,2.835
50.9,2.835
50.9,2.835
50.9,2.835
50.9,2.835
50.9,2.835
50.9,2.835
50.9,2.835
50.9,2.835
50.9,2.835
50.9,2.835
50.9,2.835
50.9,2.835
50.9,2.840
50.9,2.840
50.9,2.840
50.9,2.840
50.9,2.840
50.9,2.840
50.9,2.840
50.9,2.840
50.9,2.840
50.9,2.840
50.9,2.840
50.9,2.840
50.9,2.840
50.9,2.840
50.9,2.840
50.9,2.840
50.9,2.840
50.9,2.840
50.9,2.840
50.9,2.840
50.9,2.840
50.9,2.840
50.9,2.840
50.9,2.840
50.9,2.840
50.9,2.840
51.0,2.840
51.0,2.840
51.0,2.840
51.0,2.845
51.0,2.845
51.0,2.845
51.0,2.845
51.0,2.845
51.0,2.845
51.0,2.845
51.0,2.845
51.0,2.845
51.0,2.845
51.0,2.845
51.0,2.845
51.0,2.845
51.0,2.845
51.0,2.845
51.0,2.845
51.0,2.845
51.0,2.845
51.0,2.845
51.0,2.845
51.0,2.845
51.0,2.845
51.0,2.845
51.0,2.845
51.0,2.845
51.0,2.845
51.0,2.845
51.0,2.845
51.0,2.845
51.0,2.845
51.0,2.850
51.0,2.850
51.0,2.850
51.0,2.850
51.0,2.850
51.0,2.850
51.0,2.850
51.0,2.850
51.0,2.850
51.0,2.850
50.9,2.850
50.9,2.850
50.9,2.850
50.9,2.850
50.9,2.850
50.9,2.850
50.9,2.850
50.9,2.850
50.9,2.850
51.0,2.850
51.0,2.850
51.0,2.850
51.0,2.850
51.0,2.850
51.0,2.850
51.0,2.850
51.0,2.850
51.0,2.850
51.0,2.850
51.0,2.850
51.0,2.850
51.0,2.855
51.0,2.855
51.0,2.855
51.0,2.855
51.0,2.855
51.0,2.855
51.0,2.855
51.0,2.855
51.0,2.855
51.0,2.855
51.0,2.855
51.0,2.855
51.0,2.855
51.0,2.855
51.0,2.855
51.0,2.855
51.0,2.855
51.0,2.855
51.0,2.855
51.0,2.855
51.0,2.855
51.0,2.855
51.0,2.855
51.0,2.855
51.0,2.855
51.0,2.855
51.0,2.855
51.0,2.855
51.0,2.855
51.0,2.860
51.0,2.860
51.0,2.860
51.0,2.860
51.0,2.860
51.0,2.860
51.0,2.860
51.0,2.860
51.0,2.860
51.0,2.860
51.0,2.860
51.0,2.860
51.0,2.860
51.0,2.860
51.0,2.860
51.0,2.860
51.0,2.860
51.0,2.860
51.0,2.860
51.0,2.860
51.0,2.860
51.0,2.860
51.0,2.860
51.0,2.860
51.0,2.860
51.0,2.860
51.0,2.860
51.0,2.865
51.0,2.865
51.0,2.865
51.0,2.865
51.0,2.865
51.0,2.865
51.0,2.865
51.0,2.865
51.0,2.865
51.0,2.865
51.0,2.865
51.0,2.865
51.0,2.865
51.0,2.865
51.0,2.865
51.0,2.865
51.0,2.865
51.0,2.865
51.0,2.865
51.0,2.865
51.0,2.865
51.0,2.865
51.0,2.865
51.0,2.865
51.0,2.865
51.0,2.865
51.0,2.865
51.0,2.865
51.0,2.865
51.0,2.865
51.0,2.865
51.0,2.870
51.0,2.870
51.0,2.870
51.0,2.870
51.0,2.870
51.0,2.870
51.0,2.870
51.0,2.870
51.0,2.870
51.0,2.870
51.0,2.870
51.0,2.870
51.0,2.870
51.0,2.870
51.0,2.870
51.0,2.870
51.0,2.870
51.0,2.870
51.0,2.870
51.0,2.870
51.0,2.870
51.0,2.870
51.0,2.870
51.0,2.870
51.0,2.870
51.0,2.870
51.0,2.870
51.0,2.870
51.0,2.870
51.0,2.870
51.0,2.875
51.0,2.875
51.0,2.875
51.0,2.875
51.0,2.875
51.0,2.875
51.0,2.875
51.0,2.875
51.0,2.875
51.0,2.875
51.0,2.875
51.0,2.875
51.0,2.875
51.0,2.875
51.0,2.875
51.0,2.875
51.0,2.875
51.0,2.875
51.0,2.875
51.0,2.875
51.0,2.875
51.0,2.875
51.0,2.875
51.0,2.875
51.0,2.875
51.0,2.875
51.0,2.875
51.0,2.875
51.0,2.875
51.0,2.880
51.0,2.880
51.0,2.880
51.0,2.880
51.0,2.880
51.0,2.880
51.0,2.880
51.0,2.880
51.0,2.880
51.0,2.880
51.0,2.880
51.0,2.880
51.0,2.880
51.0,2.880
51.0,2.880
51.0,2.880
51.0,2.880
51.0,2.880
51.0,2.880
51.0,2.880
51.0,2.880
51.0,2.880
51.0,2.880
51.0,2.880
51.0,2.880
51.0,2.880
51.0,2.880
51.0,2.880
51.0,2.880
51.0,2.880
51.0,2.885
51.0,2.885
51.0,2.885
51.0,2.885
51.0,2.885
51.0,2.885
51.0,2.885
51.0,2.885
51.0,2.885
51.0,2.885
51.0,2.885
51.0,2.885
51.0,2.885
51.0,2.885
51.0,2.885
51.0,2.885
51.0,2.885
51.0,2.885
51.0,2.885
51.0,2.885
51.0,2.885
51.0,2.885
51.0,2.885
51.0,2.885
51.0,2.885
51.0,2.885
51.0,2.885
51.0,2.885
51.0,2.885
51.0,2.885
51.0,2.885
51.0,2.885
51.0,2.885
51.0,2.885
51.0,2.890
51.0,2.890
51.0,2.890
51.0,2.890
51.0,2.890
51.0,2.890
51.0,2.890
51.0,2.890
51.0,2.890
51.0,2.890
51.0,2.890
51.0,2.890
51.0,2.890
51.0,2.890
51.0,2.890
51.0,2.890
51.0,2.890
51.0,2.890
51.0,2.890
51.0,2.890
51.0,2.890
51.0,2.890
51.0,2.890
51.0,2.890
51.0,2.890
51.0,2.890
51.0,2.890
51.0,2.890
51.0,2.890
51.0,2.890
51.0,2.890
51.0,2.890
51.0,2.890
51.0,2.895
51.0,2.895
51.0,2.895
51.0,2.895
51.0,2.895
51.0,2.895
51.0,2.895
51.0,2.895
51.0,2.895
51.0,2.895
51.0,2.895
51.0,2.895
51.0,2.895
51.0,2.895
51.0,2.895
51.0,2.895
51.0,2.895
51.0,2.895
51.0,2.895
51.0,2.895
51.0,2.895
51.0,2.895
51.0,2.895
51.0,2.895
51.0,2.895
51.0,2.895
51.0,2.895
51.0,2.895
51.0,2.895
51.0,2.895
51.0,2.895
51.0,2.900
51.0,2.900
51.0,2.900
51.0,2.900
51.0,2.900
51.0,2.900
51.0,2.900
51.0,2.900
51.0,2.900
51.0,2.900
51.0,2.900
51.0,2.900
51.0,2.900
51.0,2.900
51.0,2.900
51.0,2.900
51.0,2.900
51.0,2.900
51.0,2.900
51.0,2.900
51.0,2.900
51.0,2.900
51.0,2.900
51.0,2.900
51.0,2.900
51.0,2.900
51.0,2.900
51.0,2.900
51.0,2.900
51.0,2.900
51.0,2.900
51.0,2.900
51.0,2.900
51.0,2.900
51.0,2.905
51.0,2.905
51.0,2.905
51.0,2.905
51.0,2.905
51.0,2.905
51.1,2.905
51.1,2.905
51.1,2.905
51.1,2.905
51.1,2.905
51.1,2.905
51.1,2.905
51.1,2.905
51.1,2.905
51.1,2.905
51.1,2.905
51.1,2.905
51.1,2.905
51.1,2.905
51.1,2.905
51.1,2.905
51.1,2.905
51.1,2.905
51.1,2.905
51.1,2.905
51.1,2.905
51.1,2.905
51.1,2.905
51.1,2.905
51.1,2.905
51.1,2.905
51.1,2.905
51.1,2.910
51.1,2.910
51.1,2.910
51.1,2.910
51.1,2.910
51.1,2.910
51.1,2.910
51.1,2.910
51.1,2.910
51.1,2.910
51.1,2.910
51.1,2.910
51.1,2.910
51.1,2.910
51.1,2.910
51.1,2.910
51.1,2.910
51.1,2.910
51.1,2.910
51.1,2.910
51.1,2.910
51.1,2.910
51.1,2.910
51.1,2.910
51.1,2.910
51.1,2.910
51.1,2.910
51.1,2.910
51.1,2.910
51.1,2.910
51.1,2.910
51.1,2.910
51.1,2.910
51.1,2.910
51.1,2.910
51.1,2.910
51.1,2.915
51.1,2.915
51.1,2.915
51.1,2.915
51.1,2.915
51.1,2.915
51.1,2.915
51.1,2.915
51.1,2.915
51.1,2.915
51.1,2.915
51.1,2.915
51.1,2.915
51.1,2.915
51.1,2.915
51.1,2.915
51.1,2.915
51.1,2.915
51.1,2.915
51.1,2.915
51.1,2.915
51.1,2.915
51.1,2.915
51.1,2.915
51.1,2.915
51.1,2.915
51.1,2.915
51.1,2.915
51.1,2.915
51.1,2.915
51.1,2.915
51.1,2.915
51.1,2.915
51.1,2.915
51.1,2.920
51.1,2.920
51.1,2.920
51.1,2.920
51.1,2.920
51.1,2.920
51.1,2.920
51.1,2.920
51.1,2.920
51.1,2.920
51.1,2.920
51.1,2.920
51.1,2.920
51.1,2.920
51.1,2.920
51.1,2.920
51.1,2.920
51.1,2.920
51.1,2.920
51.1,2.920
51.1,2.920
51.1,2.920
51.1,2.920
51.1,2.920
51.1,2.920
51.1,2.920
51.2,2.920
51.2,2.920
51.2,2.920
51.2,2.920
51.2,2.920
51.2,2.925
51.2,2.925
51.2,2.925
51.2,2.925
51.2,2.925
51.2,2.925
51.2,2.925
51.2,2.925
51.2,2.925
51.2,2.925
51.2,2.925
51.2,2.925
51.2,2.925
51.2,2.925
51.2,2.925
51.2,2.925
51.2,2.925
51.2,2.925
51.2,2.925
51.2,2.925
51.2,2.925
51.2,2.925
51.2,2.925
51.2,2.925
51.2,2.925
51.2,2.925
51.2,2.925
51.2,2.925
51.2,2.925
51.2,2.925
51.2,2.925
51.2,2.930
51.2,2.930
51.2,2.930
51.2,2.930
51.2,2.930
51.2,2.930
51.2,2.930
51.2,2.930
51.2,2.930
51.2,2.930
51.2,2.930
51.2,2.930
51.2,2.930
51.2,2.930
51.2,2.930
51.2,2.930
51.2,2.930
51.2,2.930
51.2,2.930
51.2,2.930
51.2,2.930
51.2,2.930
51.2,2.930
51.2,2.930
51.2,2.930
51.2,2.930
51.2,2.930
51.2,2.930
51.2,2.930
51.2,2.935
51.2,2.935
51.2,2.935
51.2,2.935
51.2,2.935
51.2,2.935
51.2,2.935
51.2,2.935
51.2,2.935
51.2,2.935
51.3,2.935
51.3,2.935
51.3,2.935
51.3,2.935
51.3,2.935
51.3,2.935
51.3,2.935
51.3,2.935
51.3,2.935
51.3,2.935
51.3,2.935
51.3,2.935
51.3,2.935
51.3,2.935
51.3,2.935
51.3,2.935
51.3,2.935
51.3,2.935
51.3,2.940
51.3,2.940
51.3,2.940
51.3,2.940
51.3,2.940
51.3,2.940
51.3,2.940
51.3,2.940
51.3,2.940
51.3,2.940
51.3,2.940
51.3,2.940
51.3,2.940
51.3,2.940
51.3,2.940
51.3,2.940
51.3,2.940
51.3,2.940
51.3,2.940
51.3,2.940
51.3,2.940
51.3,2.940
51.3,2.940
51.3,2.940
51.3,2.940
51.3,2.940
51.3,2.945
51.3,2.945
51.3,2.945
51.3,2.945
51.3,2.945
51.3,2.945
51.3,2.945
51.3,2.945
51.3,2.945
51.3,2.945
51.3,2.945
51.3,2.945
51.3,2.945
51.3,2.945
51.3,2.945
51.3,2.945
51.3,2.945
51.3,2.945
51.3,2.945
51.3,2.945
51.3,2.945
51.3,2.945
51.3,2.945
51.3,2.945
51.3,2.945
51.3,2.945
51.3,2.945
51.3,2.945
51.3,2.945
51.3,2.950
51.3,2.950
51.3,2.950
51.4,2.950
51.4,2.950
51.4,2.950
51.4,2.950
51.4,2.950
51.4,2.950
51.4,2.950
51.4,2.950
51.4,2.950
51.4,2.950
51.4,2.950
51.4,2.950
51.4,2.950
51.4,2.950
51.4,2.950
51.4,2.950
51.4,2.950
51.4,2.950
51.4,2.950
51.4,2.950
51.4,2.950
51.4,2.950
51.4,2.950
51.4,2.950
51.4,2.950
51.4,2.950
51.4,2.955
51.4,2.955
51.4,2.955
51.4,2.955
51.4,2.955
51.4,2.955
51.4,2.955
51.4,2.955
51.4,2.955
51.4,2.955
51.4,2.955
51.4,2.955
51.4,2.955
51.4,2.955
51.4,2.955
51.4,2.955
51.4,2.955
51.4,2.955
51.4,2.955
51.4,2.955
51.4,2.955
51.4,2.955
51.4,2.955
51.4,2.955
51.4,2.955
51.4,2.955
51.4,2.960
51.4,2.960
51.4,2.960
51.4,2.960
51.4,2.960
51.4,2.960
51.4,2.960
51.4,2.960
51.4,2.960
51.4,2.960
51.4,2.960
51.4,2.960
51.4,2.960
51.5,2.960
51.5,2.960
51.5,2.960
51.5,2.960
51.5,2.960
51.5,2.960
51.5,2.960
51.5,2.960
51.4,2.960
51.4,2.960
51.4,2.960
51.4,2.960
51.4,2.960
51.4,2.960
51.4,2.960
51.4,2.965
51.4,2.965
51.4,2.965
51.4,2.965
51.4,2.965
51.4,2.965
51.4,2.965
51.4,2.965
51.4,2.965
51.4,2.965
51.4,2.965
51.4,2.965
51.4,2.965
51.4,2.965
51.4,2.965
51.4,2.965
51.4,2.965
51.4,2.965
51.4,2.965
51.4,2.965
51.4,2.965
51.4,2.965
51.4,2.965
51.4,2.965
51.4,2.965
51.4,2.965
51.4,2.965
51.4,2.965
51.4,2.965
51.5,2.970
51.5,2.970
51.5,2.970
51.5,2.970
51.5,2.970
51.5,2.970
51.5,2.970
51.5,2.970
51.5,2.970
51.5,2.970
51.5,2.970
51.5,2.970
51.5,2.970
51.5,2.970
51.5,2.970
51.5,2.970
51.5,2.970
51.5,2.970
51.5,2.970
51.5,2.970
51.5,2.970
51.5,2.970
51.5,2.970
51.5,2.970
51.5,2.970
51.5,2.970
51.5,2.970
51.5,2.970
51.5,2.970
51.5,2.975
51.5,2.975
51.5,2.975
51.5,2.975
51.5,2.975
51.5,2.975
51.5,2.975
51.5,2.975
51.5,2.975
51.5,2.975
51.5,2.975
51.5,2.975
51.5,2.975
51.5,2.975
51.5,2.975
51.5,2.975
51.5,2.975
51.5,2.975
51.5,2.975
51.5,2.975
51.5,2.975
51.5,2.975
51.5,2.975
51.5,2.975
51.5,2.975
51.5,2.975
51.5,2.975
51.5,2.975
51.5,2.980
51.5,2.980
51.5,2.980
51.5,2.980
51.5,2.980
51.5,2.980
51.5,2.980
51.5,2.980
51.5,2.980
51.5,2.980
51.5,2.980
51.5,2.980
51.5,2.980
51.5,2.980
51.5,2.980
51.5,2.980
51.6,2.980
51.6,2.980
51.6,2.980
51.6,2.980
51.6,2.980
51.6,2.980
51.5,2.980
51.5,2.980
51.5,2.980
51.5,2.980
51.5,2.980
51.5,2.980
51.5,2.980
51.5,2.980
51.5,2.985
51.5,2.985
51.5,2.985
51.5,2.985
51.5,2.985
51.5,2.985
51.5,2.985
51.6,2.985
51.6,2.985
51.6,2.985
51.6,2.985
51.6,2.985
51.6,2.985
51.6,2.985
51.6,2.985
51.6,2.985
51.6,2.985
51.6,2.985
51.6,2.985
51.6,2.985
51.6,2.985
51.6,2.985
51.6,2.985
51.5,2.985
51.5,2.985
51.5,2.985
51.5,2.985
51.5,2.985
51.5,2.985
51.5,2.985
51.5,2.985
51.5,2.985
51.5,2.990
51.5,2.990
51.5,2.990
51.5,2.990
51.5,2.990
51.5,2.990
51.5,2.990
51.5,2.990
51.5,2.990
51.5,2.990
51.5,2.990
51.5,2.990
51.6,2.990
51.6,2.990
51.6,2.990
51.6,2.990
51.6,2.990
51.6,2.990
51.6,2.990
51.6,2.990
51.6,2.990
51.6,2.990
51.6,2.990
51.6,2.990
51.6,2.990
51.6,2.990
51.6,2.990
51.6,2.990
51.6,2.990
51.6,2.990
51.6,2.990
51.6,2.990
51.6,2.990
51.6,2.990
51.6,2.990
51.6,2.995
51.6,2.995
51.6,2.995
51.6,2.995
51.6,2.995
51.6,2.995
51.6,2.995
51.6,2.995
51.6,2.995
51.6,2.995
51.6,2.995
51.6,2.995
51.6,2.995
51.6,2.995
51.6,2.995
51.6,2.995
51.6,2.995
51.6,2.995
51.6,2.995
51.6,2.995
51.6,2.995
51.6,2.995
51.6,2.995
51.6,2.995
51.6,2.995
51.6,2.995
51.6,2.995
51.6,2.995
51.6,2.995
51.6,2.995
51.6,2.995
51.6,2.995
51.6,2.995
51.6,2.995
51.6,2.995
51.6,2.995
51.6,3.000
51.6,3.000
51.6,3.000
51.6,3.000
51.6,3.000
51.6,3.000
51.6,3.000
51.6,3.000
51.6,3.000
51.6,3.000
51.6,3.000
51.6,3.000
51.6,3.000
51.6,3.000
51.6,3.000
51.6,3.000
51.6,3.000
51.6,3.000
51.6,3.000
51.6,3.000
51.6,3.000
51.6,3.000
51.6,3.000
51.6,3.000
51.6,3.000
51.6,3.000
51.6,3.000
51.6,3.000
51.6,3.000
51.6,3.000
51.6,3.000
51.6,3.000
51.6,3.000
51.6,3.000
51.6,3.000
51.6,3.000
51.6,3.000
51.6,3.000
51.6,3.005
51.7,3.005
51.7,3.005
51.7,3.005
51.7,3.005
51.7,3.005
51.7,3.005
51.7,3.005
51.7,3.005
51.7,3.005
51.7,3.005
51.7,3.005
51.7,3.005
51.7,3.005
51.7,3.005
51.7,3.005
51.7,3.005
51.7,3.005
51.7,3.005
51.7,3.005
51.7,3.005
51.7,3.005
51.7,3.005
51.7,3.005
51.7,3.005
51.7,3.005
51.7,3.005
51.7,3.005
51.7,3.005
51.7,3.005
51.7,3.005
51.7,3.005
51.7,3.005
51.7,3.005
51.7,3.005
51.7,3.005
51.7,3.005
51.7,3.005
51.7,3.005
51.7,3.005
51.7,3.005
51.7,3.010
51.7,3.010
51.7,3.010
51.7,3.010
51.7,3.010
51.7,3.010
51.7,3.010
51.7,3.010
51.7,3.010
51.7,3.010
51.7,3.010
51.7,3.010
51.7,3.010
51.7,3.010
51.8,3.010
51.8,3.010
51.8,3.010
51.8,3.010
51.8,3.010
51.8,3.010
51.8,3.010
51.8,3.010
51.8,3.010
51.8,3.010
51.8,3.010
51.8,3.010
51.8,3.010
51.8,3.010
51.8,3.010
51.8,3.010
51.8,3.010
51.8,3.010
51.8,3.010
51.8,3.010
51.8,3.010
51.8,3.010
51.8,3.010
51.8,3.010
51.8,3.010
51.8,3.015
51.8,3.015
51.8,3.015
51.8,3.015
51.8,3.015
51.8,3.015
51.8,3.015
51.8,3.015
51.8,3.015
51.8,3.015
51.8,3.015
51.8,3.015
51.8,3.015
51.8,3.015
51.8,3.015
51.8,3.015
51.8,3.015
51.8,3.015
51.8,3.015
51.8,3.015
51.7,3.015
51.7,3.015
51.7,3.015
51.7,3.015
51.7,3.015
51.7,3.015
51.7,3.015
51.7,3.015
51.7,3.015
51.8,3.015
51.8,3.015
51.8,3.015
51.8,3.015
51.8,3.015
51.8,3.015
51.8,3.015
51.8,3.015
51.8,3.015
51.8,3.020
51.8,3.020
51.8,3.020
51.8,3.020
51.8,3.020
51.8,3.020
51.8,3.020
51.8,3.020
51.8,3.020
51.8,3.020
51.8,3.020
51.8,3.020
51.8,3.020
51.8,3.020
51.8,3.020
51.8,3.020
51.8,3.020
51.8,3.020
51.8,3.020
51.8,3.020
51.8,3.020
51.8,3.020
51.8,3.020
51.8,3.020
51.8,3.020
51.8,3.020
51.8,3.020
51.8,3.020
51.8,3.020
51.8,3.020
51.8,3.020
51.8,3.020
51.8,3.020
51.8,3.020
51.8,3.020
51.8,3.025
51.8,3.025
51.8,3.025
51.8,3.025
51.9,3.025
51.9,3.025
51.9,3.025
51.9,3.025
51.9,3.025
51.9,3.025
51.9,3.025
51.9,3.025
51.9,3.025
51.9,3.025
51.9,3.025
51.9,3.025
51.9,3.025
51.9,3.025
51.9,3.025
51.9,3.025
51.9,3.025
51.9,3.025
51.9,3.025
51.9,3.025
51.9,3.025
51.9,3.025
51.9,3.025
51.9,3.025
51.9,3.025
51.9,3.025
51.9,3.025
51.9,3.025
51.9,3.025
51.9,3.025
51.9,3.025
51.9,3.025
51.9,3.025
51.9,3.030
51.9,3.030
51.9,3.030
51.9,3.030
51.9,3.030
51.9,3.030
51.9,3.030
51.9,3.030
51.9,3.030
51.9,3.030
51.9,3.030
51.9,3.030
51.9,3.030
51.9,3.030
51.9,3.030
51.9,3.030
51.9,3.030
51.9,3.030
51.9,3.030
51.9,3.030
51.9,3.030
51.9,3.030
51.9,3.030
51.9,3.030
51.9,3.030
51.9,3.030
51.9,3.030
51.9,3.030
51.9,3.030
51.9,3.030
51.9,3.030
51.9,3.030
51.9,3.030
51.9,3.030
51.9,3.030
51.9,3.035
51.9,3.035
52.0,3.035
52.0,3.035
52.0,3.035
52.0,3.035
52.0,3.035
52.0,3.035
52.0,3.035
52.0,3.035
52.0,3.035
52.0,3.035
52.0,3.035
52.0,3.035
52.0,3.035
52.0,3.035
52.0,3.035
52.0,3.035
52.0,3.035
52.0,3.035
52.0,3.035
52.0,3.035
52.0,3.035
52.0,3.035
52.0,3.035
52.0,3.035
52.0,3.035
52.0,3.035
52.0,3.035
52.0,3.035
52.0,3.035
52.0,3.035
52.0,3.040
52.0,3.040
52.0,3.040
52.0,3.040
52.0,3.040
52.0,3.040
52.0,3.040
52.0,3.040
52.0,3.040
52.0,3.040
52.0,3.040
52.0,3.040
52.0,3.040
52.0,3.040
52.0,3.040
52.0,3.040
52.0,3.040
52.0,3.040
52.0,3.040
52.0,3.040
52.0,3.040
52.0,3.040
52.0,3.040
52.0,3.040
52.0,3.040
52.0,3.040
52.0,3.040
52.0,3.040
52.0,3.040
52.0,3.040
52.0,3.040
52.0,3.040
52.0,3.040
52.0,3.045
52.0,3.045
52.0,3.045
52.0,3.045
52.0,3.045
52.0,3.045
52.0,3.045
52.0,3.045
52.0,3.045
52.0,3.045
52.0,3.045
52.0,3.045
52.0,3.045
52.0,3.045
52.0,3.045
52.0,3.045
52.0,3.045
52.0,3.045
52.0,3.045
52.0,3.045
52.0,3.045
52.0,3.045
52.0,3.045
52.0,3.045
52.0,3.045
52.0,3.045
52.0,3.045
51.9,3.045
51.9,3.045
51.9,3.045
51.9,3.045
51.9,3.045
51.9,3.045
51.9,3.045
51.9,3.050
51.9,3.050
51.9,3.050
51.9,3.050
51.9,3.050
51.9,3.050
51.9,3.050
51.9,3.050
51.9,3.050
51.9,3.050
51.9,3.050
51.9,3.050
51.9,3.050
51.9,3.050
51.9,3.050
51.9,3.050
51.9,3.050
51.9,3.050
51.9,3.050
51.9,3.050
51.9,3.050
51.9,3.050
51.9,3.050
51.9,3.050
51.9,3.050
51.9,3.050
51.9,3.050
51.9,3.050
51.9,3.050
51.9,3.050
51.9,3.050
52.0,3.050
52.0,3.050
52.0,3.050
52.0,3.055
52.0,3.055
52.0,3.055
52.0,3.055
52.0,3.055
52.0,3.055
52.0,3.055
52.0,3.055
52.0,3.055
52.0,3.055
52.0,3.055
52.0,3.055
52.0,3.055
52.0,3.055
52.0,3.055
52.0,3.055
52.0,3.055
52.0,3.055
52.0,3.055
52.0,3.055
52.0,3.055
52.0,3.055
52.0,3.055
52.0,3.055
52.0,3.055
52.0,3.055
52.0,3.055
52.0,3.055
52.0,3.055
52.0,3.055
52.0,3.055
52.0,3.055
52.0,3.060
52.0,3.060
52.0,3.060
52.0,3.060
52.0,3.060
52.0,3.060
52.0,3.060
52.0,3.060
52.0,3.060
52.0,3.060
52.0,3.060
52.0,3.060
52.0,3.060
52.0,3.060
52.0,3.060
52.0,3.060
52.0,3.060
52.0,3.060
52.0,3.060
52.0,3.060
52.0,3.060
52.0,3.060
52.0,3.060
52.0,3.060
52.0,3.060
52.0,3.060
52.0,3.060
52.0,3.060
52.0,3.060
52.0,3.060
52.0,3.060
52.0,3.060
52.0,3.060
52.0,3.060
52.0,3.065
52.0,3.065
52.0,3.065
52.0,3.065
52.0,3.065
52.0,3.065
52.0,3.065
52.0,3.065
52.0,3.065
52.0,3.065
52.0,3.065
52.0,3.065
52.0,3.065
52.0,3.065
52.0,3.065
52.0,3.065
52.0,3.065
52.0,3.065
52.0,3.065
52.0,3.065
52.0,3.065
52.0,3.065
52.0,3.065
52.0,3.065
52.0,3.065
52.0,3.065
52.0,3.065
52.0,3.065
52.0,3.065
52.0,3.065
52.0,3.065
52.0,3.065
52.0,3.065
52.0,3.070
52.0,3.070
52.0,3.070
52.0,3.070
52.0,3.070
52.0,3.070
52.0,3.070
52.0,3.070
52.0,3.070
52.0,3.070
52.0,3.070
52.0,3.070
52.0,3.070
52.0,3.070
52.0,3.070
52.0,3.070
52.0,3.070
51.9,3.070
51.9,3.070
51.9,3.070
51.9,3.070
51.9,3.070
51.9,3.070
51.9,3.070
51.9,3.070
51.9,3.070
52.0,3.070
52.0,3.070
52.0,3.070
52.0,3.070
52.0,3.070
52.0,3.070
52.0,3.075
52.0,3.075
52.0,3.075
52.0,3.075
52.0,3.075
52.0,3.075
52.0,3.075
52.0,3.075
52.0,3.075
52.0,3.075
52.0,3.075
51.9,3.075
51.9,3.075
51.9,3.075
51.9,3.075
51.9,3.075
51.9,3.075
51.9,3.075
51.9,3.075
52.0,3.075
52.0,3.075
52.0,3.075
52.0,3.075
52.0,3.075
52.0,3.075
52.0,3.075
52.0,3.075
52.0,3.075
52.0,3.075
52.0,3.075
52.0,3.080
52.0,3.080
52.0,3.080
52.0,3.080
52.0,3.080
52.0,3.080
52.0,3.080
52.0,3.080
52.0,3.080
52.0,3.080
52.0,3.080
52.0,3.080
52.0,3.080
52.0,3.080
52.0,3.080
52.1,3.080
52.1,3.080
52.1,3.080
52.1,3.080
52.1,3.080
52.1,3.080
52.1,3.080
52.1,3.080
52.1,3.080
52.1,3.080
52.1,3.080
52.1,3.080
52.1,3.080
52.1,3.080
52.1,3.085
52.1,3.085
52.1,3.085
52.1,3.085
52.1,3.085
52.1,3.085
52.1,3.085
52.1,3.085
52.1,3.085
52.1,3.085
52.1,3.085
52.1,3.085
52.1,3.085
52.0,3.085
52.0,3.085
52.0,3.085
52.0,3.085
52.0,3.085
52.0,3.085
52.0,3.085
52.0,3.085
52.0,3.085
52.0,3.085
52.0,3.085
52.0,3.085
52.0,3.085
52.0,3.085
52.0,3.085
52.0,3.085
52.0,3.085
52.0,3.090
52.0,3.090
52.0,3.090
52.0,3.090
52.0,3.090
52.0,3.090
52.0,3.090
52.0,3.090
52.0,3.090
52.0,3.090
52.0,3.090
52.1,3.090
52.1,3.090
52.1,3.090
52.1,3.090
52.1,3.090
52.1,3.090
52.1,3.090
52.1,3.090
52.1,3.090
52.1,3.090
52.1,3.090
52.1,3.090
52.1,3.090
52.1,3.090
52.1,3.090
52.1,3.090
52.1,3.090
52.1,3.090
52.1,3.090
52.1,3.095
52.1,3.095
52.1,3.095
52.1,3.095
52.1,3.095
52.1,3.095
52.1,3.095
52.1,3.095
52.1,3.095
52.1,3.095
52.1,3.095
52.1,3.095
52.1,3.095
52.1,3.095
52.1,3.095
52.1,3.095
52.1,3.095
52.1,3.095
52.1,3.095
52.1,3.095
52.1,3.095
52.1,3.095
52.1,3.095
52.1,3.095
52.1,3.095
52.1,3.095
52.1,3.095
52.1,3.095
52.1,3.095
52.1,3.095
52.1,3.100
52.1,3.100
52.1,3.100
52.1,3.100
52.1,3.100
52.1,3.100
52.1,3.100
52.1,3.100
52.1,3.100
52.1,3.100
52.1,3.100
52.1,3.100
52.1,3.100
52.1,3.100
52.1,3.100
52.1,3.100
52.1,3.100
52.1,3.100
52.1,3.100
52.1,3.100
52.1,3.100
52.0,3.100
52.0,3.100
52.1,3.100
52.0,3.100
52.0,3.100
52.1,3.100
52.1,3.105
52.1,3.105
52.1,3.105
52.1,3.105
52.1,3.105
52.1,3.105
52.1,3.105
52.1,3.105
52.1,3.105
52.1,3.105
52.1,3.105
52.1,3.105
52.1,3.105
52.1,3.105
52.1,3.105
52.1,3.105
52.1,3.105
52.1,3.105
52.1,3.105
52.1,3.105
52.1,3.105
52.1,3.105
52.1,3.105
52.1,3.105
52.1,3.105
52.1,3.105
52.1,3.105
52.1,3.105
52.1,3.105
52.1,3.105
52.1,3.105
52.1,3.105
52.1,3.110
52.1,3.110
52.1,3.110
52.1,3.110
52.1,3.110
52.1,3.110
52.1,3.110
52.1,3.110
52.1,3.110
52.1,3.110
52.1,3.110
52.1,3.110
52.1,3.110
52.1,3.110
52.1,3.110
52.1,3.110
52.1,3.110
52.1,3.110
52.1,3.110
52.1,3.110
52.1,3.110
52.1,3.110
52.1,3.110
52.1,3.110
52.1,3.110
52.1,3.110
52.1,3.110
52.1,3.110
52.1,3.110
52.1,3.110
52.1,3.110
52.1,3.115
52.1,3.115
52.1,3.115
52.1,3.115
52.1,3.115
52.1,3.115
52.1,3.115
52.1,3.115
52.1,3.115
52.1,3.115
52.1,3.115
52.1,3.115
52.1,3.115
52.1,3.115
52.1,3.115
52.1,3.115
52.0,3.115
52.0,3.115
52.0,3.115
52.0,3.115
52.0,3.115
52.0,3.115
52.0,3.115
52.0,3.115
52.0,3.115
52.0,3.115
52.0,3.115
52.1,3.115
52.1,3.115
52.1,3.120
52.1,3.120
52.1,3.120
52.1,3.120
52.1,3.120
52.0,3.120
52.0,3.120
52.0,3.120
52.0,3.120
52.0,3.120
52.0,3.120
52.0,3.120
52.0,3.120
52.0,3.120
52.1,3.120
52.1,3.120
52.1,3.120
52.1,3.120
52.1,3.120
52.1,3.120
52.1,3.120
52.1,3.120
52.1,3.120
52.1,3.120
52.1,3.120
52.1,3.120
52.1,3.120
52.1,3.120
52.1,3.120
52.1,3.120
52.1,3.120
52.1,3.125
52.1,3.125
52.1,3.125
52.1,3.125
52.1,3.125
52.1,3.125
52.1,3.125
52.1,3.125
52.1,3.125
52.1,3.125
52.1,3.125
52.1,3.125
52.1,3.125
52.1,3.125
52.1,3.125
52.1,3.125
52.1,3.125
52.1,3.125
52.1,3.125
52.1,3.125
52.1,3.125
52.1,3.125
52.1,3.125
52.1,3.125
52.1,3.125
52.1,3.125
52.1,3.125
52.1,3.125
52.1,3.125
52.1,3.125
52.1,3.125
52.1,3.125
52.1,3.130
52.1,3.130
52.1,3.130
52.1,3.130
52.1,3.130
52.1,3.130
52.1,3.130
52.1,3.130
52.1,3.130
52.1,3.130
52.1,3.130
52.1,3.130
52.1,3.130
52.1,3.130
52.1,3.130
52.1,3.130
52.1,3.130
52.1,3.130
52.1,3.130
52.1,3.130
52.1,3.130
52.1,3.130
52.1,3.130
52.1,3.130
52.1,3.130
52.1,3.130
52.1,3.130
52.1,3.130
52.1,3.130
52.1,3.130
52.1,3.130
52.1,3.130
52.1,3.130
52.1,3.130
52.1,3.135
52.1,3.135
52.1,3.135
52.1,3.135
52.1,3.135
52.1,3.135
52.1,3.135
52.1,3.135
52.1,3.135
52.1,3.135
52.1,3.135
52.1,3.135
52.2,3.135
52.2,3.135
52.2,3.135
52.2,3.135
52.2,3.135
52.2,3.135
52.2,3.135
52.2,3.135
52.2,3.135
52.2,3.135
52.2,3.135
52.2,3.135
52.2,3.135
52.2,3.135
52.2,3.135
52.2,3.135
52.2,3.135
52.2,3.135
52.2,3.135
52.2,3.140
52.2,3.140
52.1,3.140
52.1,3.140
52.1,3.140
52.1,3.140
52.1,3.140
52.1,3.140
52.1,3.140
52.1,3.140
52.1,3.140
52.1,3.140
52.1,3.140
52.1,3.140
52.1,3.140
52.1,3.140
52.1,3.140
52.1,3.140
52.1,3.140
52.1,3.140
52.1,3.140
52.1,3.140
52.1,3.140
52.1,3.140
52.1,3.140
52.1,3.140
52.1,3.140
52.1,3.140
52.1,3.140
52.1,3.140
52.1,3.140
52.1,3.140
52.1,3.140
52.1,3.140
52.1,3.145
52.1,3.145
52.1,3.145
52.1,3.145
52.1,3.145
52.1,3.145
52.1,3.145
52.1,3.145
52.1,3.145
52.1,3.145
52.1,3.145
52.1,3.145
52.1,3.145
52.1,3.145
52.1,3.145
52.1,3.145
52.1,3.145
52.1,3.145
52.1,3.145
52.1,3.145
52.1,3.145
52.1,3.145
52.1,3.145
52.1,3.145
52.1,3.145
52.1,3.145
52.1,3.145
52.1,3.145
52.1,3.145
52.1,3.145
52.1,3.145
52.1,3.145
52.1,3.145
52.1,3.145
52.1,3.145
52.1,3.150
52.1,3.150
52.1,3.150
52.1,3.150
52.1,3.150
52.1,3.150
52.1,3.150
52.1,3.150
52.1,3.150
52.1,3.150
52.1,3.150
52.1,3.150
52.1,3.150
52.1,3.150
52.1,3.150
52.1,3.150
52.1,3.150
52.1,3.150
52.1,3.150
52.1,3.150
52.1,3.150
52.1,3.150
52.1,3.150
52.1,3.150
52.1,3.150
52.1,3.150
52.1,3.150
52.1,3.150
52.1,3.150
52.1,3.150
52.1,3.150
52.1,3.150
52.1,3.150
52.1,3.150
52.1,3.150
52.1,3.150
52.1,3.155
52.1,3.155
52.1,3.155
52.1,3.155
52.1,3.155
52.1,3.155
52.1,3.155
52.1,3.155
52.1,3.155
52.1,3.155
52.1,3.155
52.1,3.155
52.1,3.155
52.1,3.155
52.1,3.155
52.1,3.155
52.1,3.155
52.1,3.155
52.1,3.155
52.1,3.155
52.1,3.155
52.1,3.155
52.1,3.155
52.1,3.155
52.1,3.155
52.1,3.155
52.1,3.155
52.1,3.155
52.1,3.155
52.1,3.155
52.1,3.155
52.1,3.155
52.1,3.155
52.1,3.155
52.1,3.155
52.1,3.160
52.1,3.160
52.1,3.160
52.1,3.160
52.1,3.160
52.1,3.160
52.2,3.160
52.2,3.160
52.2,3.160
52.2,3.160
52.2,3.160
52.2,3.160
52.2,3.160
52.2,3.160
52.2,3.160
52.2,3.160
52.2,3.160
52.2,3.160
52.2,3.160
52.2,3.160
52.2,3.160
52.2,3.160
52.2,3.160
52.2,3.160
52.2,3.160
52.2,3.160
52.2,3.160
52.2,3.160
52.2,3.160
52.2,3.160
52.2,3.160
52.2,3.160
52.2,3.160
52.2,3.160
52.2,3.160
52.2,3.165
52.2,3.165
52.2,3.165
52.2,3.165
52.2,3.165
52.2,3.165
52.2,3.165
52.2,3.165
52.2,3.165
52.2,3.165
52.2,3.165
52.2,3.165
52.2,3.165
52.2,3.165
52.2,3.165
52.2,3.165
52.2,3.165
52.2,3.165
52.2,3.165
52.2,3.165
52.2,3.165
52.2,3.165
52.2,3.165
52.2,3.165
52.2,3.165
52.2,3.165
52.2,3.165
52.2,3.165
52.2,3.165
52.2,3.165
52.2,3.165
52.2,3.165
52.2,3.165
52.2,3.165
52.2,3.165
52.2,3.165
52.2,3.165
52.2,3.170
52.2,3.170
52.2,3.170
52.2,3.170
52.2,3.170
52.2,3.170
52.2,3.170
52.2,3.170
52.2,3.170
52.2,3.170
52.2,3.170
52.2,3.170
52.2,3.170
52.2,3.170
52.2,3.170
52.2,3.170
52.2,3.170
52.2,3.170
52.2,3.170
52.2,3.170
52.2,3.170
52.2,3.170
52.2,3.170
52.2,3.170
52.2,3.170
52.2,3.170
52.2,3.170
52.2,3.170
52.2,3.170
52.2,3.170
52.2,3.170
52.2,3.170
52.2,3.170
52.2,3.170
52.2,3.170
52.2,3.170
52.2,3.170
52.2,3.170
52.2,3.170
52.2,3.175
52.2,3.175
52.2,3.175
52.2,3.175
52.2,3.175
52.2,3.175
52.2,3.175
52.2,3.175
52.2,3.175
52.2,3.175
52.2,3.175
52.2,3.175
52.2,3.175
52.2,3.175
52.2,3.175
52.2,3.175
52.2,3.175
52.2,3.175
52.2,3.175
52.2,3.175
52.2,3.175
52.2,3.175
52.2,3.175
52.2,3.175
52.2,3.175
52.2,3.175
52.2,3.175
52.2,3.175
52.2,3.175
52.2,3.175
52.2,3.175
52.2,3.175
52.2,3.175
52.2,3.175
52.2,3.175
52.2,3.175
52.2,3.175
52.2,3.180
52.2,3.180
52.2,3.180
52.3,3.180
52.3,3.180
52.3,3.180
52.3,3.180
52.3,3.180
52.3,3.180
52.3,3.180
52.3,3.180
52.3,3.180
52.3,3.180
52.3,3.180
52.3,3.180
52.3,3.180
52.2,3.180
52.2,3.180
52.2,3.180
52.2,3.180
52.2,3.180
52.2,3.180
52.2,3.180
52.2,3.180
52.2,3.180
52.2,3.180
52.2,3.180
52.2,3.180
52.3,3.180
52.3,3.180
52.3,3.180
52.3,3.180
52.3,3.180
52.3,3.185
52.3,3.185
52.3,3.185
52.3,3.185
52.3,3.185
52.3,3.185
52.3,3.185
52.3,3.185
52.3,3.185
52.3,3.185
52.3,3.185
52.3,3.185
52.3,3.185
52.3,3.185
52.3,3.185
52.3,3.185
52.3,3.185
52.3,3.185
52.3,3.185
52.3,3.185
52.3,3.185
52.3,3.185
52.3,3.185
52.3,3.185
52.3,3.185
52.3,3.185
52.3,3.185
52.3,3.185
52.3,3.185
52.3,3.185
52.3,3.185
52.3,3.185
52.3,3.185
52.3,3.185
52.3,3.185
52.3,3.185
52.3,3.185
52.3,3.185
52.3,3.190
52.3,3.190
52.3,3.190
52.3,3.190
52.3,3.190
52.3,3.190
52.3,3.190
52.3,3.190
52.3,3.190
52.3,3.190
52.3,3.190
52.3,3.190
52.3,3.190
52.3,3.190
52.3,3.190
52.3,3.190
52.3,3.190
52.3,3.190
52.3,3.190
52.3,3.190
52.3,3.190
52.3,3.190
52.3,3.190
52.3,3.190
52.3,3.190
52.3,3.190
52.3,3.190
52.3,3.190
52.3,3.190
52.3,3.190
52.3,3.190
52.3,3.190
52.3,3.190
52.3,3.190
52.3,3.190
52.3,3.190
52.3,3.195
52.3,3.195
52.3,3.195
52.3,3.195
52.3,3.195
52.3,3.195
52.3,3.195
52.3,3.195
52.3,3.195
52.3,3.195
52.3,3.195
52.3,3.195
52.3,3.195
52.3,3.195
52.3,3.195
52.3,3.195
52.3,3.195
52.3,3.195
52.3,3.195
52.3,3.195
52.3,3.195
52.3,3.195
52.3,3.195
52.3,3.195
52.3,3.195
52.3,3.195
52.3,3.195
52.3,3.195
52.3,3.195
52.3,3.195
52.3,3.195
52.3,3.195
52.3,3.195
52.3,3.195
52.3,3.195
52.3,3.200
52.3,3.200
52.3,3.200
52.3,3.200
52.3,3.200
52.3,3.200
52.3,3.200
52.3,3.200
52.3,3.200
52.3,3.200
52.3,3.200
52.3,3.200
52.3,3.200
52.3,3.200
52.3,3.200
52.3,3.200
52.3,3.200
52.3,3.200
52.3,3.200
52.3,3.200
52.3,3.200
52.3,3.200
52.3,3.200
52.3,3.200
52.3,3.200
52.3,3.200
52.3,3.200
52.3,3.200
52.3,3.200
52.3,3.200
52.3,3.200
52.3,3.200
52.3,3.200
52.3,3.200
52.3,3.200
52.3,3.200
52.3,3.200
52.3,3.205
52.3,3.205
52.3,3.205
52.3,3.205
52.3,3.205
52.3,3.205
52.3,3.205
52.3,3.205
52.3,3.205
52.3,3.205
52.3,3.205
52.3,3.205
52.3,3.205
52.3,3.205
52.3,3.205
52.3,3.205
52.3,3.205
52.3,3.205
52.3,3.205
52.3,3.205
52.3,3.205
52.3,3.205
52.3,3.205
52.3,3.205
52.3,3.205
52.3,3.205
52.3,3.205
52.3,3.205
52.3,3.205
52.3,3.205
52.3,3.205
52.3,3.205
52.3,3.205
52.3,3.205
52.3,3.205
52.3,3.205
52.3,3.205
52.3,3.205
52.3,3.205
52.3,3.205
52.3,3.205
52.3,3.210
52.3,3.210
52.3,3.210
52.4,3.210
52.4,3.210
52.4,3.210
52.4,3.210
52.4,3.210
52.4,3.210
52.4,3.210
52.4,3.210
52.4,3.210
52.4,3.210
52.4,3.210
52.4,3.210
52.4,3.210
52.4,3.210
52.4,3.210
52.4,3.210
52.4,3.210
52.4,3.210
52.4,3.210
52.4,3.210
52.4,3.210
52.4,3.210
52.4,3.210
52.4,3.210
52.4,3.210
52.4,3.210
52.4,3.210
52.4,3.210
52.4,3.210
52.4,3.210
52.4,3.210
52.4,3.210
52.4,3.210
52.4,3.210
52.4,3.210
52.4,3.210
52.4,3.210
52.4,3.210
52.4,3.215
52.4,3.215
52.4,3.215
52.4,3.215
52.4,3.215
52.4,3.215
52.4,3.215
52.4,3.215
52.4,3.215
52.4,3.215
52.4,3.215
52.4,3.215
52.4,3.215
52.4,3.215
52.4,3.215
52.4,3.215
52.4,3.215
52.4,3.215
52.4,3.215
52.4,3.215
52.4,3.215
52.4,3.215
52.4,3.215
52.4,3.215
52.4,3.215
52.4,3.215
52.4,3.215
52.4,3.215
52.4,3.215
52.4,3.215
52.4,3.215
52.4,3.215
52.4,3.215
52.4,3.215
52.4,3.215
52.4,3.215
52.4,3.215
52.4,3.215
52.4,3.220
52.4,3.220
52.4,3.220
52.4,3.220
52.4,3.220
52.4,3.220
52.4,3.220
52.4,3.220
52.4,3.220
52.4,3.220
52.4,3.220
52.4,3.220
52.4,3.220
52.4,3.220
52.4,3.220
52.4,3.220
52.4,3.220
52.4,3.220
52.4,3.220
52.4,3.220
52.4,3.220
52.4,3.220
52.4,3.220
52.4,3.220
52.4,3.220
52.4,3.220
52.4,3.220
52.4,3.220
52.4,3.220
52.5,3.220
52.5,3.220
52.5,3.220
52.5,3.220
52.5,3.220
52.5,3.220
52.5,3.220
52.5,3.220
52.5,3.220
52.5,3.220
52.5,3.225
52.5,3.225
52.5,3.225
52.5,3.225
52.5,3.225
52.5,3.225
52.5,3.225
52.5,3.225
52.5,3.225
52.5,3.225
52.5,3.225
52.5,3.225
52.5,3.225
52.5,3.225
52.5,3.225
52.5,3.225
52.5,3.225
52.5,3.225
52.5,3.225
52.5,3.225
52.5,3.225
52.5,3.225
52.5,3.225
52.5,3.225
52.5,3.225
52.5,3.225
52.5,3.225
52.5,3.225
52.5,3.225
52.5,3.225
52.5,3.225
52.5,3.225
52.5,3.225
52.5,3.225
52.5,3.225
52.5,3.225
52.5,3.225
52.5,3.225
52.5,3.230
52.5,3.230
52.5,3.230
52.5,3.230
52.5,3.230
52.5,3.230
52.5,3.230
52.5,3.230
52.5,3.230
52.5,3.230
52.5,3.230
52.5,3.230
52.5,3.230
52.5,3.230
52.5,3.230
52.5,3.230
52.5,3.230
52.5,3.230
52.5,3.230
52.5,3.230
52.5,3.230
52.5,3.230
52.5,3.230
52.5,3.230
52.5,3.230
52.5,3.230
52.5,3.230
52.5,3.230
52.5,3.230
52.5,3.230
52.5,3.230
52.5,3.230
52.5,3.230
52.5,3.230
52.5,3.230
52.5,3.230
52.5,3.230
52.5,3.230
52.5,3.230
52.5,3.235
52.5,3.235
52.5,3.235
52.5,3.235
52.5,3.235
52.5,3.235
52.5,3.235
52.5,3.235
52.5,3.235
52.5,3.235
52.5,3.235
52.5,3.235
52.5,3.235
52.5,3.235
52.5,3.235
52.5,3.235
52.5,3.235
52.5,3.235
52.5,3.235
52.5,3.235
52.5,3.235
52.5,3.235
52.5,3.235
52.5,3.235
52.5,3.235
52.5,3.235
52.5,3.235
52.5,3.235
52.5,3.235
52.5,3.235
52.5,3.235
52.5,3.235
52.5,3.235
52.5,3.235
52.5,3.235
52.5,3.235
52.5,3.235
52.5,3.235
52.5,3.235
52.5,3.235
52.5,3.240
52.5,3.240
52.5,3.240
52.5,3.240
52.5,3.240
52.5,3.240
52.5,3.240
52.5,3.240
52.5,3.240
52.5,3.240
52.5,3.240
52.5,3.240
52.5,3.240
52.5,3.240
52.5,3.240
52.5,3.240
52.5,3.240
52.5,3.240
52.5,3.240
52.5,3.240
52.5,3.240
52.5,3.240
52.5,3.240
52.5,3.240
52.5,3.240
52.5,3.240
52.5,3.240
52.5,3.240
52.5,3.240
52.5,3.240
52.5,3.240
52.5,3.240
52.5,3.240
52.5,3.240
52.5,3.240
52.5,3.240
52.5,3.240
52.5,3.240
52.5,3.245
52.6,3.245
52.6,3.245
52.6,3.245
52.6,3.245
52.6,3.245
52.6,3.245
52.6,3.245
52.6,3.245
52.6,3.245
52.5,3.245
52.5,3.245
52.5,3.245
52.5,3.245
52.5,3.245
52.5,3.245
52.5,3.245
52.5,3.245
52.5,3.245
52.5,3.245
52.5,3.245
52.5,3.245
52.5,3.245
52.5,3.245
52.5,3.245
52.5,3.245
52.5,3.245
52.5,3.245
52.5,3.245
52.5,3.245
52.5,3.245
52.5,3.245
52.5,3.245
52.5,3.245
52.5,3.245
52.5,3.245
52.5,3.245
52.5,3.245
52.5,3.245
52.5,3.245
52.5,3.245
52.5,3.245
52.5,3.250
52.5,3.250
52.5,3.250
52.5,3.250
52.5,3.250
52.5,3.250
52.5,3.250
52.5,3.250
52.5,3.250
52.5,3.250
52.5,3.250
52.5,3.250
52.5,3.250
52.5,3.250
52.5,3.250
52.5,3.250
52.5,3.250
52.5,3.250
52.5,3.250
52.5,3.250
52.5,3.250
52.5,3.250
52.5,3.250
52.5,3.250
52.5,3.250
52.5,3.250
52.5,3.250
52.5,3.250
52.5,3.250
52.5,3.250
52.5,3.250
52.5,3.250
52.5,3.250
52.5,3.250
52.5,3.250
52.5,3.250
52.5,3.250
52.6,3.250
52.6,3.250
52.6,3.250
52.6,3.250
52.6,3.250
52.6,3.250
52.6,3.255
52.6,3.255
52.6,3.255
52.6,3.255
52.6,3.255
52.6,3.255
52.6,3.255
52.5,3.255
52.5,3.255
52.5,3.255
52.5,3.255
52.5,3.255
52.5,3.255
52.5,3.255
52.5,3.255
52.5,3.255
52.5,3.255
52.5,3.255
52.5,3.255
52.5,3.255
52.5,3.255
52.5,3.255
52.5,3.255
52.5,3.255
52.5,3.255
52.5,3.255
52.5,3.255
52.5,3.255
52.5,3.255
52.5,3.255
52.5,3.255
52.5,3.255
52.5,3.255
52.5,3.255
52.5,3.255
52.5,3.255
52.5,3.255
52.5,3.255
52.5,3.255
52.5,3.255
52.5,3.255
52.5,3.255
52.5,3.255
52.5,3.260
52.5,3.260
52.6,3.260
52.6,3.260
52.6,3.260
52.6,3.260
52.6,3.260
52.6,3.260
52.6,3.260
52.6,3.260
52.6,3.260
52.6,3.260
52.6,3.260
52.6,3.260
52.6,3.260
52.6,3.260
52.6,3.260
52.6,3.260
52.6,3.260
52.6,3.260
52.6,3.260
52.6,3.260
52.6,3.260
52.6,3.260
52.6,3.260
52.6,3.260
52.6,3.260
52.6,3.260
52.6,3.260
52.6,3.260
52.6,3.260
52.6,3.260
52.6,3.260
52.6,3.260
52.6,3.260
52.6,3.260
52.6,3.260
52.6,3.260
52.6,3.260
52.6,3.260
52.6,3.260
52.6,3.260
52.6,3.265
52.6,3.265
52.6,3.265
52.6,3.265
52.6,3.265
52.6,3.265
52.6,3.265
52.6,3.265
52.6,3.265
52.6,3.265
52.6,3.265
52.6,3.265
52.6,3.265
52.6,3.265
52.6,3.265
52.6,3.265
52.6,3.265
52.6,3.265
52.6,3.265
52.6,3.265
52.6,3.265
52.6,3.265
52.6,3.265
52.6,3.265
52.6,3.265
52.6,3.265
52.6,3.265
52.6,3.265
52.6,3.265
52.6,3.265
52.6,3.265
52.6,3.265
52.6,3.265
52.6,3.265
52.6,3.265
52.6,3.265
52.6,3.265
52.6,3.265
52.6,3.265
52.6,3.265
52.6,3.265
52.6,3.265
52.6,3.265
52.6,3.265
52.6,3.265
52.6,3.265
52.6,3.265
52.6,3.270
52.6,3.270
52.6,3.270
52.6,3.270
52.6,3.270
52.6,3.270
52.6,3.270
52.6,3.270
52.6,3.270
52.6,3.270
52.6,3.270
52.6,3.270
52.6,3.270
52.6,3.270
52.6,3.270
52.6,3.270
52.6,3.270
52.6,3.270
52.6,3.270
52.6,3.270
52.6,3.270
52.6,3.270
52.6,3.270
52.6,3.270
52.6,3.270
52.6,3.270
52.6,3.270
52.7,3.270
52.7,3.270
52.7,3.270
52.7,3.270
52.7,3.270
52.7,3.270
52.7,3.270
52.7,3.270
52.7,3.270
52.7,3.270
52.7,3.270
52.6,3.270
52.6,3.270
52.6,3.270
52.6,3.270
52.6,3.270
52.6,3.270
52.6,3.270
52.6,3.270
52.6,3.270
52.6,3.275
52.6,3.275
52.6,3.275
52.6,3.275
52.6,3.275
52.6,3.275
52.6,3.275
52.6,3.275
52.6,3.275
52.6,3.275
52.6,3.275
52.6,3.275
52.6,3.275
52.6,3.275
52.6,3.275
52.6,3.275
52.6,3.275
52.6,3.275
52.6,3.275
52.6,3.275
52.6,3.275
52.6,3.275
52.6,3.275
52.6,3.275
52.6,3.275
52.6,3.275
52.6,3.275
52.6,3.275
52.6,3.275
52.6,3.275
52.6,3.275
52.6,3.275
52.6,3.275
52.6,3.275
52.6,3.275
52.6,3.275
52.6,3.275
52.6,3.275
52.6,3.275
52.6,3.275
52.6,3.275
52.6,3.275
52.6,3.275
52.6,3.280
52.6,3.280
52.6,3.280
52.6,3.280
52.6,3.280
52.6,3.280
52.6,3.280
52.6,3.280
52.6,3.280
52.7,3.280
52.7,3.280
52.7,3.280
52.7,3.280
52.7,3.280
52.7,3.280
52.7,3.280
52.6,3.280
52.6,3.280
52.6,3.280
52.6,3.280
52.6,3.280
52.6,3.280
52.6,3.280
52.6,3.280
52.6,3.280
52.6,3.280
52.6,3.280
52.6,3.280
52.6,3.280
52.6,3.280
52.6,3.280
52.6,3.280
52.6,3.280
52.6,3.280
52.6,3.280
52.6,3.280
52.6,3.280
52.6,3.280
52.6,3.280
52.6,3.280
52.6,3.280
52.6,3.280
52.6,3.280
52.6,3.280
52.6,3.285
52.6,3.285
52.6,3.285
52.6,3.285
52.6,3.285
52.6,3.285
52.6,3.285
52.6,3.285
52.6,3.285
52.6,3.285
52.6,3.285
52.6,3.285
52.6,3.285
52.6,3.285
52.6,3.285
52.6,3.285
52.6,3.285
52.6,3.285
52.6,3.285
52.6,3.285
52.6,3.285
52.6,3.285
52.6,3.285
52.6,3.285
52.6,3.285
52.6,3.285
52.6,3.285
52.6,3.285
52.6,3.285
52.6,3.285
52.6,3.285
52.6,3.285
52.6,3.285
52.6,3.285
52.6,3.285
52.6,3.285
52.6,3.285
52.6,3.285
52.6,3.285
52.6,3.285
52.6,3.285
52.6,3.285
52.6,3.285
52.6,3.285
52.6,3.285
52.6,3.285
52.6,3.285
52.6,3.290
52.6,3.290
52.6,3.290
52.6,3.290
52.6,3.290
52.6,3.290
52.6,3.290
52.6,3.290
52.6,3.290
52.6,3.290
52.6,3.290
52.6,3.290
52.6,3.290
52.6,3.290
52.6,3.290
52.6,3.290
52.6,3.290
52.6,3.290
52.6,3.290
52.6,3.290
52.6,3.290
52.6,3.290
52.6,3.290
52.6,3.290
52.6,3.290
52.6,3.290
52.6,3.290
52.6,3.290
52.6,3.290
52.6,3.290
52.6,3.290
52.6,3.290
52.6,3.290
52.6,3.290
52.6,3.290
52.6,3.290
52.6,3.290
52.6,3.290
52.6,3.290
52.6,3.290
52.6,3.290
52.6,3.290
52.6,3.290
52.6,3.290
52.6,3.290
52.6,3.290
52.6,3.290
52.6,3.295
52.6,3.295
52.6,3.295
52.6,3.295
52.6,3.295
52.6,3.295
52.6,3.295
52.6,3.295
52.6,3.295
52.6,3.295
52.6,3.295
52.6,3.295
52.6,3.295
52.6,3.295
52.6,3.295
52.6,3.295
52.6,3.295
52.6,3.295
52.6,3.295
52.6,3.295
52.6,3.295
52.6,3.295
52.6,3.295
52.6,3.295
52.6,3.295
52.6,3.295
52.6,3.295
52.6,3.295
52.6,3.295
52.6,3.295
52.6,3.295
52.6,3.295
52.6,3.295
52.6,3.295
52.6,3.295
52.6,3.295
52.6,3.295
52.6,3.295
52.6,3.295
52.6,3.295
52.6,3.295
52.6,3.295
52.6,3.295
52.6,3.295
52.6,3.295
52.6,3.300
52.6,3.300
52.6,3.300
52.6,3.300
52.6,3.300
52.6,3.300
52.6,3.300
52.6,3.300
52.6,3.300
52.6,3.300
52.6,3.300
52.6,3.300
52.6,3.300
52.6,3.300
52.6,3.300
52.6,3.300
52.6,3.300
52.6,3.300
52.6,3.300
52.6,3.300
52.6,3.300
52.6,3.300
52.6,3.300
52.6,3.300
52.6,3.300
52.6,3.300
52.6,3.300
52.6,3.300
52.6,3.300
52.6,3.300
52.6,3.300
52.6,3.300
52.6,3.300
52.6,3.300
52.6,3.300
52.6,3.300
52.6,3.300
52.6,3.300
52.6,3.300
52.6,3.300
52.6,3.300
52.6,3.300
52.6,3.300
52.6,3.300
52.6,3.300
52.6,3.300
52.6,3.300
52.6,3.305
52.6,3.305
52.6,3.305
52.6,3.305
52.6,3.305
52.6,3.305
52.6,3.305
52.6,3.305
52.6,3.305
52.6,3.305
52.6,3.305
52.6,3.305
52.6,3.305
52.6,3.305
52.6,3.305
52.6,3.305
52.6,3.305
52.6,3.305
52.6,3.305
52.6,3.305
52.6,3.305
52.6,3.305
52.6,3.305
52.6,3.305
52.6,3.305
52.6,3.305
52.6,3.305
52.6,3.305
52.6,3.305
52.6,3.305
52.6,3.305
52.6,3.305
52.6,3.305
52.6,3.305
52.6,3.305
52.6,3.305
52.6,3.305
52.6,3.305
52.6,3.305
52.6,3.305
52.6,3.305
52.6,3.305
52.6,3.305
52.6,3.305
52.6,3.305
52.6,3.310
52.6,3.310
52.6,3.310
52.6,3.310
52.6,3.310
52.6,3.310
52.6,3.310
52.6,3.310
52.6,3.310
52.6,3.310
52.6,3.310
52.6,3.310
52.6,3.310
52.6,3.310
52.6,3.310
52.6,3.310
52.6,3.310
52.7,3.310
52.7,3.310
52.7,3.310
52.7,3.310
52.7,3.310
52.7,3.310
52.7,3.310
52.7,3.310
52.7,3.310
52.6,3.310
52.6,3.310
52.6,3.310
52.6,3.310
52.6,3.310
52.6,3.310
52.6,3.310
52.7,3.310
52.7,3.310
52.7,3.310
52.7,3.310
52.7,3.310
52.7,3.310
52.7,3.310
52.7,3.310
52.7,3.310
52.7,3.310
52.7,3.315
52.7,3.315
52.7,3.315
52.7,3.315
52.7,3.315
52.7,3.315
52.7,3.315
52.6,3.315
52.6,3.315
52.6,3.315
52.7,3.315
52.7,3.315
52.7,3.315
52.7,3.315
52.7,3.315
52.7,3.315
52.7,3.315
52.7,3.315
52.7,3.315
52.7,3.315
52.7,3.315
52.7,3.315
52.7,3.315
52.7,3.315
52.7,3.315
52.7,3.315
52.7,3.315
52.7,3.315
52.7,3.315
52.7,3.315
52.7,3.315
52.7,3.315
52.7,3.315
52.7,3.315
52.7,3.315
52.7,3.315
52.7,3.315
52.7,3.315
52.7,3.315
52.7,3.315
52.7,3.315
52.7,3.315
52.7,3.315
52.7,3.320
52.7,3.320
52.7,3.320
52.7,3.320
52.7,3.320
52.7,3.320
52.7,3.320
52.7,3.320
52.7,3.320
52.7,3.320
52.7,3.320
52.7,3.320
52.7,3.320
52.7,3.320
52.7,3.320
52.7,3.320
52.7,3.320
52.7,3.320
52.7,3.320
52.7,3.320
52.7,3.320
52.7,3.320
52.7,3.320
52.7,3.320
52.7,3.320
52.7,3.320
52.7,3.320
52.7,3.320
52.7,3.320
52.7,3.320
52.7,3.320
52.7,3.320
52.7,3.320
52.7,3.320
52.7,3.320
52.7,3.320
52.7,3.320
52.7,3.320
52.7,3.320
52.7,3.320
52.7,3.320
52.7,3.320
52.7,3.325
52.7,3.325
52.7,3.325
52.7,3.325
52.7,3.325
52.7,3.325
52.7,3.325
52.7,3.325
52.7,3.325
52.7,3.325
52.7,3.325
52.7,3.325
52.7,3.325
52.7,3.325
52.7,3.325
52.7,3.325
52.7,3.325
52.7,3.325
52.6,3.325
52.6,3.325
52.6,3.325
52.6,3.325
52.6,3.325
52.6,3.325
52.6,3.325
52.6,3.325
52.6,3.325
52.6,3.325
52.6,3.325
52.6,3.325
52.6,3.325
52.6,3.325
52.6,3.325
52.6,3.325
52.6,3.325
52.6,3.325
52.6,3.325
52.6,3.325
52.6,3.325
52.6,3.325
52.6,3.325
52.6,3.325
52.6,3.325
52.6,3.325
52.6,3.325
52.6,3.325
52.6,3.325
52.6,3.330
52.7,3.330
52.7,3.330
52.7,3.330
52.7,3.330
52.7,3.330
52.7,3.330
52.7,3.330
52.7,3.330
52.7,3.330
52.7,3.330
52.7,3.330
52.7,3.330
52.7,3.330
52.7,3.330
52.7,3.330
52.7,3.330
52.7,3.330
52.7,3.330
52.7,3.330
52.7,3.330
52.7,3.330
52.7,3.330
52.7,3.330
52.7,3.330
52.7,3.330
52.7,3.330
52.7,3.330
52.7,3.330
52.7,3.330
52.7,3.330
52.7,3.330
52.7,3.330
52.7,3.330
52.7,3.330
52.7,3.330
52.7,3.330
52.7,3.330
52.7,3.330
52.7,3.330
52.7,3.330
52.7,3.330
52.7,3.330
52.7,3.330
52.7,3.330
52.7,3.330
52.7,3.330
52.7,3.335
52.7,3.335
52.7,3.335
52.7,3.335
52.7,3.335
52.7,3.335
52.7,3.335
52.7,3.335
52.7,3.335
52.7,3.335
52.7,3.335
52.7,3.335
52.7,3.335
52.7,3.335
52.7,3.335
52.7,3.335
52.7,3.335
52.7,3.335
52.7,3.335
52.7,3.335
52.7,3.335
52.7,3.335
52.7,3.335
52.7,3.335
52.7,3.335
52.7,3.335
52.7,3.335
52.7,3.335
52.7,3.335
52.7,3.335
52.7,3.335
52.7,3.335
52.7,3.335
52.7,3.335
52.7,3.335
52.7,3.335
52.7,3.335
52.7,3.335
52.7,3.335
52.7,3.335
52.7,3.335
52.7,3.335
52.7,3.335
52.7,3.335
52.7,3.335
52.7,3.335
52.7,3.340
52.7,3.340
52.7,3.340
52.7,3.340
52.7,3.340
52.7,3.340
52.7,3.340
52.7,3.340
52.7,3.340
52.7,3.340
52.7,3.340
52.7,3.340
52.7,3.340
52.7,3.340
52.7,3.340
52.7,3.340
52.7,3.340
52.7,3.340
52.7,3.340
52.7,3.340
52.7,3.340
52.7,3.340
52.7,3.340
52.7,3.340
52.7,3.340
52.7,3.340
52.7,3.340
52.7,3.340
52.7,3.340
52.7,3.340
52.7,3.340
52.7,3.340
52.7,3.340
52.7,3.340
52.7,3.340
52.7,3.340
52.7,3.340
52.7,3.340
52.7,3.340
52.7,3.340
52.7,3.340
52.7,3.345
52.7,3.345
52.7,3.345
52.7,3.345
52.7,3.345
52.7,3.345
52.7,3.345
52.7,3.345
52.7,3.345
52.7,3.345
52.7,3.345
52.7,3.345
52.7,3.345
52.7,3.345
52.7,3.345
52.7,3.345
52.7,3.345
52.7,3.345
52.7,3.345
52.7,3.345
52.7,3.345
52.7,3.345
52.7,3.345
52.7,3.345
52.7,3.345
52.7,3.345
52.7,3.345
52.7,3.345
52.7,3.345
52.7,3.345
52.7,3.345
52.7,3.345
52.7,3.345
52.7,3.345
52.7,3.345
52.7,3.345
52.7,3.345
52.7,3.345
52.7,3.345
52.7,3.345
52.7,3.345
52.7,3.345
52.7,3.345
52.7,3.345
52.7,3.345
52.7,3.345
52.7,3.345
52.7,3.350
52.7,3.350
52.7,3.350
52.7,3.350
52.7,3.350
52.7,3.350
52.7,3.350
52.7,3.350
52.7,3.350
52.7,3.350
52.7,3.350
52.7,3.350
52.7,3.350
52.7,3.350
52.7,3.350
52.7,3.350
52.7,3.350
52.8,3.350
52.8,3.350
52.8,3.350
52.8,3.350
52.8,3.350
52.8,3.350
52.8,3.350
52.8,3.350
52.8,3.350
52.8,3.350
52.8,3.350
52.8,3.350
52.8,3.350
52.8,3.350
52.8,3.350
52.8,3.350
52.8,3.350
52.8,3.350
52.8,3.350
52.8,3.350
52.8,3.350
52.8,3.350
52.8,3.350
52.8,3.350
52.8,3.350
52.8,3.350
52.8,3.350
52.8,3.350
52.8,3.350
52.8,3.350
52.8,3.350
52.8,3.350
52.8,3.350
52.8,3.355
52.8,3.355
52.8,3.355
52.8,3.355
52.8,3.355
52.8,3.355
52.8,3.355
52.8,3.355
52.8,3.355
52.8,3.355
52.8,3.355
52.8,3.355
52.8,3.355
52.8,3.355
52.8,3.355
52.8,3.355
52.8,3.355
52.8,3.355
52.8,3.355
52.8,3.355
52.8,3.355
52.8,3.355
52.8,3.355
52.8,3.355
52.8,3.355
52.8,3.355
52.8,3.355
52.8,3.355
52.8,3.355
52.8,3.355
52.8,3.355
52.8,3.355
52.8,3.355
52.8,3.355
52.8,3.355
52.8,3.355
52.8,3.355
52.8,3.355
52.8,3.355
52.8,3.355
52.8,3.355
52.8,3.355
52.8,3.355
52.8,3.355
52.8,3.355
52.8,3.355
52.8,3.355
52.8,3.360
52.8,3.360
52.8,3.360
52.8,3.360
52.8,3.360
52.8,3.360
52.8,3.360
52.8,3.360
52.8,3.360
52.8,3.360
52.8,3.360
52.8,3.360
52.8,3.360
52.8,3.360
52.8,3.360
52.8,3.360
52.8,3.360
52.8,3.360
52.8,3.360
52.8,3.360
52.8,3.360
52.8,3.360
52.8,3.360
52.8,3.360
52.8,3.360
52.8,3.360
52.8,3.360
52.8,3.360
52.8,3.360
52.8,3.360
52.8,3.360
52.8,3.360
52.8,3.360
52.8,3.360
52.8,3.360
52.8,3.360
52.8,3.360
52.9,3.360
52.9,3.360
52.8,3.360
52.8,3.360
52.8,3.360
52.8,3.360
52.8,3.360
52.8,3.360
52.8,3.360
52.8,3.360
52.8,3.360
52.8,3.360
52.8,3.365
52.8,3.365
52.8,3.365
52.8,3.365
52.8,3.365
52.8,3.365
52.8,3.365
52.8,3.365
52.8,3.365
52.8,3.365
52.8,3.365
52.8,3.365
52.8,3.365
52.8,3.365
52.8,3.365
52.8,3.365
52.8,3.365
52.8,3.365
52.8,3.365
52.8,3.365
52.8,3.365
52.8,3.365
52.8,3.365
52.8,3.365
52.8,3.365
52.8,3.365
52.8,3.365
52.8,3.365
52.8,3.365
52.8,3.365
52.8,3.365
52.8,3.365
52.8,3.365
52.8,3.365
52.8,3.365
52.8,3.365
52.8,3.365
52.8,3.365
52.8,3.365
52.8,3.365
52.8,3.365
52.8,3.365
52.8,3.365
52.8,3.365
52.8,3.365
52.8,3.365
52.8,3.365
52.8,3.365
52.8,3.365
52.8,3.365
52.8,3.365
52.8,3.365
52.8,3.365
52.8,3.365
52.8,3.365
52.8,3.370
52.8,3.370
52.8,3.370
52.8,3.370
52.8,3.370
52.8,3.370
52.8,3.370
52.8,3.370
52.8,3.370
52.8,3.370
52.8,3.370
52.8,3.370
52.8,3.370
52.8,3.370
52.8,3.370
52.8,3.370
52.8,3.370
52.8,3.370
52.8,3.370
52.8,3.370
52.8,3.370
52.8,3.370
52.8,3.370
52.8,3.370
52.8,3.370
52.8,3.370
52.8,3.370
52.8,3.370
52.8,3.370
52.8,3.370
52.8,3.370
52.8,3.370
52.8,3.370
52.8,3.370
52.8,3.370
52.8,3.370
52.8,3.370
52.8,3.370
52.8,3.370
52.9,3.370
52.9,3.370
52.9,3.370
52.9,3.370
52.9,3.370
52.9,3.370
52.9,3.370
52.9,3.370
52.9,3.370
52.9,3.370
52.9,3.370
52.9,3.370
52.9,3.370
52.9,3.370
52.9,3.370
52.9,3.370
52.9,3.370
52.9,3.370
52.9,3.370
52.9,3.370
52.9,3.370
52.9,3.370
52.9,3.370
52.9,3.375
52.9,3.375
52.9,3.375
52.9,3.375
52.9,3.375
52.9,3.375
52.9,3.375
52.9,3.375
52.9,3.375
52.9,3.375
52.9,3.375
52.9,3.375
52.9,3.375
52.9,3.375
52.9,3.375
52.9,3.375
52.9,3.375
52.9,3.375
52.9,3.375
52.9,3.375
52.9,3.375
52.9,3.375
52.9,3.375
52.9,3.375
52.9,3.375
52.9,3.375
52.9,3.375
52.8,3.375
52.8,3.375
52.8,3.375
52.8,3.375
52.8,3.375
52.8,3.375
52.8,3.375
52.8,3.375
52.8,3.375
52.8,3.375
52.8,3.375
52.8,3.375
52.8,3.375
52.8,3.375
52.8,3.375
52.8,3.375
52.8,3.375
52.8,3.375
52.8,3.375
52.8,3.375
52.8,3.375
52.8,3.375
52.8,3.375
52.8,3.375
52.8,3.375
52.8,3.375
52.8,3.375
52.8,3.375
52.8,3.375
52.8,3.375
52.8,3.375
52.8,3.375
52.8,3.375
52.8,3.380
52.8,3.380
52.9,3.380
52.9,3.380
52.9,3.380
52.9,3.380
52.9,3.380
52.9,3.380
52.9,3.380
52.9,3.380
52.9,3.380
52.9,3.380
52.9,3.380
52.9,3.380
52.9,3.380
52.9,3.380
52.9,3.380
52.9,3.380
52.9,3.380
52.9,3.380
52.9,3.380
52.9,3.380
52.9,3.380
52.9,3.380
52.9,3.380
52.9,3.380
52.9,3.380
52.9,3.380
52.9,3.380
52.9,3.380
52.9,3.380
52.9,3.380
52.9,3.380
52.9,3.380
52.9,3.380
52.9,3.380
52.9,3.380
52.9,3.380
52.9,3.380
52.9,3.380
52.9,3.380
52.9,3.380
52.9,3.380
52.9,3.380
52.9,3.380
52.9,3.380
52.9,3.380
52.9,3.380
52.9,3.380
52.9,3.380
52.9,3.380
52.9,3.380
52.9,3.380
52.9,3.380
52.9,3.380
52.9,3.380
52.9,3.380
52.9,3.380
52.9,3.380
52.9,3.380
52.9,3.380
52.9,3.380
52.9,3.380
52.9,3.380
52.9,3.385
52.9,3.385
52.9,3.385
52.9,3.385
52.9,3.385
52.9,3.385
52.9,3.385
52.9,3.385
52.9,3.385
52.9,3.385
52.9,3.385
52.9,3.385
52.9,3.385
52.9,3.385
52.9,3.385
52.9,3.385
52.9,3.385
52.9,3.385
52.9,3.385
52.9,3.385
52.9,3.385
52.9,3.385
52.9,3.385
52.9,3.385
52.9,3.385
52.9,3.385
52.9,3.385
52.9,3.385
52.9,3.385
52.9,3.385
52.9,3.385
52.9,3.385
52.9,3.385
52.9,3.385
52.9,3.385
52.9,3.385
52.9,3.385
52.9,3.385
52.9,3.385
52.9,3.385
52.9,3.385
52.9,3.385
52.9,3.385
52.9,3.385
52.9,3.385
52.9,3.385
52.9,3.385
52.9,3.385
52.9,3.385
52.9,3.385
52.9,3.385
52.9,3.385
52.9,3.385
52.9,3.385
52.9,3.385
52.9,3.385
52.9,3.385
52.9,3.385
52.9,3.385
52.9,3.385
52.9,3.385
52.9,3.385
52.9,3.385
52.9,3.385
52.9,3.385
52.9,3.385
52.9,3.385
52.9,3.385
52.9,3.385
52.9,3.385
52.9,3.385
52.9,3.385
52.9,3.385
52.9,3.385
52.9,3.390
52.9,3.390
52.9,3.390
52.9,3.390
52.9,3.390
52.9,3.390
52.9,3.390
52.9,3.390
52.9,3.390
52.9,3.390
52.9,3.390
52.9,3.390
52.9,3.390
52.9,3.390
52.9,3.390
52.9,3.390
52.9,3.390
52.9,3.390
52.9,3.390
52.9,3.390
52.9,3.390
52.9,3.390
52.9,3.390
52.9,3.390
52.9,3.390
52.9,3.390
52.9,3.390
52.9,3.390
52.9,3.390
52.9,3.390
52.9,3.390
52.9,3.390
52.9,3.390
52.9,3.390
52.9,3.390
52.9,3.390
52.9,3.390
52.9,3.390
52.9,3.390
52.9,3.390
52.9,3.390
52.9,3.390
52.9,3.390
52.9,3.390
52.9,3.390
52.9,3.390
52.9,3.390
52.9,3.390
52.9,3.390
52.9,3.390
52.9,3.390
52.9,3.390
52.9,3.390
52.9,3.390
52.9,3.390
52.9,3.390
52.9,3.390
52.9,3.390
52.9,3.390
52.9,3.390
52.9,3.390
52.9,3.390
52.9,3.390
52.9,3.390
52.9,3.390
52.9,3.390
52.9,3.390
52.9,3.390
52.9,3.390
52.9,3.390
52.9,3.390
52.9,3.390
52.9,3.390
52.9,3.390
52.9,3.390
52.9,3.390
52.9,3.390
52.9,3.390
52.9,3.390
52.9,3.390
52.9,3.395
52.9,3.395
52.9,3.395
52.9,3.395
52.9,3.395
52.9,3.395
52.9,3.395
52.9,3.395
52.9,3.395
52.9,3.395
52.9,3.395
52.9,3.395
52.9,3.395
52.9,3.395
52.9,3.395
52.9,3.395
52.9,3.395
52.9,3.395
52.9,3.395
52.9,3.395
52.9,3.395
52.9,3.395
52.9,3.395
52.9,3.395
52.9,3.395
52.9,3.395
52.9,3.395
52.9,3.395
52.9,3.395
52.9,3.395
52.9,3.395
52.9,3.395
52.9,3.395
52.9,3.395
52.9,3.395
52.9,3.395
52.9,3.395
52.9,3.395
52.9,3.395
52.9,3.395
52.9,3.395
52.9,3.395
52.9,3.395
52.9,3.395
52.9,3.395
52.9,3.395
52.9,3.395
52.9,3.395
52.9,3.395
52.9,3.395
52.9,3.395
52.9,3.395
52.9,3.395
52.9,3.395
52.9,3.395
52.9,3.395
52.9,3.395
52.9,3.395
52.9,3.395
52.9,3.395
52.9,3.395
52.9,3.395
52.9,3.395
52.9,3.395
52.9,3.395
52.9,3.395
52.9,3.395
52.9,3.395
52.9,3.395
52.9,3.395
52.9,3.395
52.9,3.395
52.9,3.395
52.9,3.395
52.9,3.395
52.9,3.395
52.9,3.395
52.9,3.395
52.9,3.395
52.9,3.395
52.9,3.395
52.9,3.400
52.9,3.400
52.9,3.400
52.9,3.400
52.9,3.400
52.9,3.400
52.9,3.400
52.9,3.400
52.9,3.400
52.9,3.400
52.9,3.400
52.9,3.400
52.9,3.400
52.9,3.400
52.9,3.400
52.9,3.400
52.9,3.400
52.9,3.400
52.9,3.400
52.9,3.400
52.9,3.400
52.9,3.400
52.9,3.400
52.9,3.400
52.9,3.400
52.9,3.400
52.9,3.400
52.9,3.400
52.9,3.400
52.9,3.400
52.9,3.400
52.9,3.400
52.9,3.400
52.9,3.400
52.9,3.400
52.9,3.400
52.9,3.400
52.9,3.400
52.9,3.400
52.9,3.400
52.9,3.400
52.9,3.400
52.9,3.400
52.9,3.400
52.9,3.400
52.9,3.400
52.9,3.400
52.9,3.400
52.9,3.400
52.9,3.400
52.9,3.400
52.9,3.400
52.9,3.400
52.9,3.400
52.9,3.400
52.9,3.400
52.9,3.400
52.9,3.400
52.9,3.400
52.9,3.400
52.9,3.400
52.9,3.400
52.9,3.400
52.9,3.400
52.9,3.400
52.9,3.400
52.9,3.400
52.9,3.400
52.9,3.400
52.9,3.400
52.9,3.400
52.9,3.400
52.9,3.400
52.9,3.400
52.9,3.400
52.9,3.400
52.9,3.400
52.9,3.400
52.9,3.400
52.9,3.400
52.9,3.400
52.9,3.400
52.9,3.400
52.9,3.400
52.9,3.405
52.9,3.405
52.9,3.405
52.9,3.405
52.9,3.405
52.9,3.405
52.9,3.405
52.9,3.405
52.9,3.405
52.9,3.405
52.9,3.405
52.9,3.405
52.9,3.405
52.9,3.405
52.9,3.405
52.9,3.405
52.9,3.405
52.9,3.405
52.9,3.405
52.9,3.405
52.9,3.405
52.9,3.405
52.9,3.405
52.9,3.405
52.9,3.405
52.9,3.405
52.9,3.405
52.9,3.405
52.9,3.405
52.9,3.405
52.9,3.405
52.9,3.405
52.9,3.405
52.9,3.405
52.9,3.405
52.9,3.405
52.9,3.405
52.9,3.405
52.9,3.405
52.9,3.405
52.9,3.405
52.9,3.405
52.9,3.405
52.9,3.405
52.9,3.405
52.9,3.405
52.9,3.405
52.9,3.405
52.9,3.405
52.9,3.405
52.9,3.405
52.9,3.405
52.9,3.405
52.9,3.405
52.9,3.405
52.9,3.405
52.9,3.405
52.9,3.405
52.9,3.405
52.9,3.405
52.9,3.405
52.9,3.405
52.9,3.405
52.9,3.405
52.9,3.405
52.9,3.405
52.9,3.405
52.9,3.405
52.9,3.405
52.9,3.405
52.9,3.405
52.9,3.405
52.9,3.405
52.9,3.405
52.9,3.405
52.9,3.405
52.9,3.405
52.9,3.405
52.9,3.405
52.9,3.405
52.9,3.405
52.9,3.405
52.9,3.405
52.9,3.405
52.9,3.405
52.9,3.405
52.9,3.405
52.9,3.405
52.9,3.405
52.9,3.405
52.9,3.405
52.9,3.405
52.9,3.405
52.9,3.405
52.9,3.405
52.9,3.405
52.9,3.405
52.9,3.405
52.9,3.405
52.9,3.405
52.9,3.405
52.9,3.405
52.9,3.405
52.9,3.410
52.9,3.410
52.9,3.410
52.9,3.410
52.9,3.410
52.9,3.410
52.9,3.410
52.9,3.410
52.9,3.410
52.9,3.410
52.9,3.410
52.9,3.410
52.9,3.410
52.9,3.410
52.9,3.410
52.9,3.410
52.9,3.410
52.9,3.410
52.9,3.410
52.9,3.410
52.9,3.410
52.9,3.410
52.9,3.410
52.9,3.410
52.9,3.410
52.9,3.410
52.9,3.410
52.9,3.410
52.9,3.410
52.9,3.410
52.9,3.410
52.9,3.410
52.9,3.410
52.9,3.410
52.9,3.410
52.9,3.410
52.9,3.410
52.9,3.410
52.9,3.410
52.9,3.410
52.9,3.410
52.9,3.410
52.9,3.410
52.9,3.410
52.9,3.410
52.9,3.410
52.9,3.410
52.9,3.410
52.9,3.410
52.9,3.410
52.9,3.410
52.9,3.410
52.9,3.410
52.9,3.410
52.9,3.410
52.9,3.410
52.9,3.410
52.9,3.410
52.9,3.410
52.9,3.410
52.9,3.410
52.9,3.410
52.9,3.410
52.9,3.410
52.9,3.410
52.9,3.410
52.9,3.410
52.9,3.410
52.9,3.410
52.9,3.410
52.9,3.410
52.9,3.410
52.9,3.410
52.9,3.410
52.9,3.410
52.9,3.410
52.9,3.410
52.9,3.410
52.9,3.410
52.9,3.410
52.9,3.410
52.9,3.410
52.9,3.410
52.9,3.410
52.9,3.410
52.9,3.410
52.9,3.410
52.9,3.410
52.9,3.410
52.9,3.410
52.9,3.410
52.9,3.410
52.9,3.410
52.9,3.410
52.9,3.410
52.9,3.410
52.9,3.410
52.9,3.410
52.9,3.410
52.9,3.410
52.9,3.410
52.9,3.410
52.9,3.410
52.9,3.415
52.9,3.415
52.9,3.415
52.9,3.415
52.9,3.415
52.9,3.415
52.9,3.415
52.9,3.415
52.9,3.415
52.9,3.415
52.9,3.415
52.9,3.415
52.9,3.415
52.9,3.415
52.9,3.415
52.9,3.415
52.9,3.415
52.9,3.415
52.9,3.415
52.9,3.415
52.9,3.415
52.9,3.415
52.9,3.415
52.9,3.415
52.9,3.415
52.9,3.415
52.9,3.415
52.9,3.415
52.9,3.415
52.9,3.415
52.9,3.415
52.9,3.415
52.9,3.415
52.9,3.415
52.9,3.415
52.9,3.415
52.9,3.415
52.9,3.415
52.9,3.415
52.9,3.415
52.9,3.415
52.9,3.415
52.9,3.415
52.9,3.415
52.9,3.415
52.9,3.415
52.9,3.415
52.9,3.415
52.9,3.415
52.9,3.415
52.9,3.415
52.9,3.415
52.9,3.415
52.9,3.415
52.9,3.415
52.9,3.415
52.9,3.415
52.9,3.415
52.9,3.415
52.9,3.415
52.9,3.415
52.9,3.415
52.9,3.415
52.9,3.415
52.9,3.415
52.9,3.415
52.9,3.415
52.9,3.415
52.9,3.415
52.9,3.415
52.9,3.415
52.9,3.415
52.9,3.415
52.9,3.415
52.9,3.415
52.9,3.415
52.9,3.415
52.9,3.415
52.9,3.415
52.9,3.415
52.9,3.415
52.9,3.415
52.9,3.415
52.9,3.415
52.9,3.415
52.9,3.415
52.9,3.415
52.9,3.415
52.9,3.415
52.9,3.415
52.9,3.415
52.9,3.415
52.9,3.415
52.9,3.415
52.9,3.415
52.9,3.415
52.9,3.415
52.9,3.415
52.9,3.415
52.9,3.415
52.9,3.415
52.9,3.415
52.9,3.415
52.9,3.415
52.9,3.415
52.9,3.415
52.9,3.415
52.9,3.415
52.9,3.415
52.9,3.415
52.9,3.415
52.9,3.415
52.9,3.415
52.9,3.415
52.9,3.415
52.9,3.415
52.9,3.420
52.9,3.420
52.9,3.420
52.9,3.420
52.9,3.420
52.9,3.420
52.9,3.420
52.9,3.420
52.9,3.420
52.9,3.420
52.9,3.420
52.9,3.420
52.9,3.420
52.9,3.420
52.9,3.420
52.9,3.420
52.9,3.420
52.9,3.420
52.9,3.420
52.9,3.420
52.9,3.420
52.9,3.420
52.9,3.420
52.9,3.420
52.9,3.420
52.9,3.420
52.9,3.420
52.9,3.420
52.9,3.420
52.9,3.420
52.9,3.420
52.9,3.420
52.9,3.420
52.9,3.420
52.9,3.420
52.9,3.420
52.9,3.420
52.9,3.420
52.9,3.420
52.9,3.420
52.9,3.420
52.9,3.420
52.9,3.420
52.9,3.420
52.9,3.420
52.9,3.420
52.9,3.420
52.9,3.420
52.9,3.420
52.9,3.420
52.9,3.420
52.9,3.420
52.9,3.420
52.9,3.420
52.9,3.420
52.9,3.420
52.9,3.420
52.9,3.420
52.9,3.420
52.9,3.420
52.9,3.420
52.9,3.420
52.9,3.420
52.9,3.420
52.9,3.420
52.9,3.420
52.9,3.420
52.9,3.420
52.9,3.420
52.9,3.420
52.9,3.420
52.9,3.420
52.9,3.420
52.9,3.420
52.9,3.420
52.9,3.420
52.9,3.420
52.9,3.420
52.9,3.420
52.9,3.420
52.9,3.420
52.9,3.420
52.9,3.420
52.9,3.420
52.9,3.420
52.9,3.420
52.9,3.420
52.9,3.420
52.9,3.420
52.9,3.420
52.9,3.420
52.9,3.420
52.9,3.420
52.9,3.420
52.9,3.420
52.9,3.420
52.9,3.420
52.9,3.420
52.9,3.420
52.9,3.420
52.9,3.420
52.9,3.420
52.9,3.420
52.9,3.420
52.9,3.420
52.9,3.420
52.9,3.420
52.9,3.420
52.9,3.420
52.9,3.425
52.9,3.425
52.9,3.425
52.9,3.425
52.9,3.425
52.9,3.425
52.9,3.425
52.9,3.425
52.9,3.425
52.9,3.425
52.9,3.425
52.9,3.425
52.9,3.425
52.9,3.425
52.9,3.425
52.9,3.425
52.9,3.425
52.9,3.425
52.9,3.425
52.9,3.425
52.9,3.425
52.9,3.425
52.9,3.425
52.9,3.425
52.9,3.425
52.9,3.425
52.9,3.425
52.9,3.425
52.9,3.425
52.9,3.425
52.9,3.425
52.9,3.425
52.9,3.425
52.9,3.425
52.9,3.425
52.9,3.425
52.9,3.425
52.9,3.425
52.9,3.425
52.9,3.425
52.9,3.425
52.9,3.425
52.9,3.425
52.9,3.425
52.9,3.425
52.9,3.425
52.9,3.425
52.9,3.425
52.9,3.425
52.9,3.425
52.9,3.425
52.9,3.425
52.9,3.425
52.9,3.425
52.9,3.425
52.9,3.425
52.9,3.425
52.9,3.425
52.9,3.425
52.9,3.425
52.9,3.425
52.9,3.425
52.9,3.425
52.9,3.425
52.9,3.425
52.9,3.425
52.9,3.425
52.9,3.425
52.9,3.425
52.9,3.425
52.9,3.425
52.9,3.425
52.9,3.425
52.9,3.425
52.9,3.425
53.0,3.425
52.9,3.425
52.9,3.425
52.9,3.425
52.9,3.425
52.9,3.425
52.9,3.425
52.9,3.425
52.9,3.425
52.9,3.425
52.9,3.425
52.9,3.425
52.9,3.425
52.9,3.425
52.9,3.425
52.9,3.425
52.9,3.425
52.9,3.425
52.9,3.425
52.9,3.425
52.9,3.425
52.9,3.425
52.9,3.425
52.9,3.425
52.9,3.425
52.9,3.425
52.9,3.425
52.9,3.425
52.9,3.425
52.9,3.425
52.9,3.425
52.9,3.425
52.9,3.425
52.9,3.430
52.9,3.430
52.9,3.430
52.9,3.430
52.9,3.430
52.9,3.430
52.9,3.430
52.9,3.430
52.9,3.430
52.9,3.430
52.9,3.430
52.9,3.430
52.9,3.430
52.9,3.430
52.9,3.430
52.9,3.430
52.9,3.430
52.9,3.430
52.9,3.430
52.9,3.430
52.9,3.430
52.9,3.430
52.9,3.430
52.9,3.430
52.9,3.430
52.9,3.430
52.9,3.430
52.9,3.430
52.9,3.430
52.9,3.430
52.9,3.430
52.9,3.430
52.9,3.430
52.9,3.430
52.9,3.430
52.9,3.430
52.9,3.430
52.9,3.430
52.9,3.430
52.9,3.430
52.9,3.430
52.9,3.430
52.9,3.430
52.9,3.430
52.9,3.430
52.9,3.430
52.9,3.430
52.9,3.430
52.9,3.430
52.9,3.430
52.9,3.430
52.9,3.430
52.9,3.430
52.9,3.430
52.9,3.430
52.9,3.430
52.9,3.430
52.9,3.430
52.9,3.430
52.9,3.430
52.9,3.430
52.9,3.430
52.9,3.430
52.9,3.430
52.9,3.430
52.9,3.430
52.9,3.430
52.9,3.430
52.9,3.430
52.9,3.430
52.9,3.430
52.9,3.430
52.9,3.430
52.9,3.430
52.9,3.430
52.9,3.430
52.9,3.430
52.9,3.430
52.9,3.430
52.9,3.430
52.9,3.430
52.9,3.430
52.9,3.430
52.9,3.430
52.9,3.430
52.9,3.430
52.9,3.430
52.9,3.430
52.9,3.430
52.9,3.430
53.0,3.430
52.9,3.430
52.9,3.430
52.9,3.430
52.9,3.430
52.9,3.430
52.9,3.430
52.9,3.430
52.9,3.430
52.9,3.430
52.9,3.430
52.9,3.430
52.9,3.430
52.9,3.430
52.9,3.430
52.9,3.430
52.9,3.430
52.9,3.430
52.9,3.430
52.9,3.430
52.9,3.430
52.9,3.430
52.9,3.430
52.9,3.430
52.9,3.430
52.9,3.430
52.9,3.430
52.9,3.435
52.9,3.435
52.9,3.435
52.9,3.435
52.9,3.435
52.9,3.435
52.9,3.435
52.9,3.435
52.9,3.435
52.9,3.435
52.9,3.435
52.9,3.435
52.9,3.435
52.9,3.435
52.9,3.435
52.9,3.435
52.9,3.435
52.9,3.435
52.9,3.435
52.9,3.435
52.9,3.435
52.9,3.435
52.9,3.435
52.9,3.435
52.9,3.435
52.9,3.435
52.9,3.435
52.9,3.435
52.9,3.435
52.9,3.435
52.9,3.435
52.9,3.435
52.9,3.435
52.9,3.435
52.9,3.435
52.9,3.435
52.9,3.435
52.9,3.435
52.9,3.435
52.9,3.435
52.9,3.435
52.9,3.435
52.9,3.435
52.9,3.435
52.9,3.435
52.9,3.435
52.9,3.435
52.9,3.435
52.9,3.435
52.9,3.435
52.9,3.435
52.9,3.435
52.9,3.435
52.9,3.435
52.9,3.435
52.9,3.435
52.9,3.435
52.9,3.435
52.9,3.435
52.9,3.435
52.9,3.435
52.9,3.435
52.9,3.435
52.9,3.435
52.9,3.435
52.9,3.435
52.9,3.435
52.9,3.435
52.9,3.435
52.9,3.435
52.9,3.435
52.9,3.435
52.9,3.435
52.9,3.435
52.9,3.435
52.9,3.435
52.9,3.435
52.9,3.435
52.9,3.435
52.9,3.435
52.9,3.435
52.9,3.435
52.9,3.435
52.9,3.435
52.9,3.435
52.9,3.435
52.9,3.435
52.9,3.435
52.9,3.435
52.9,3.435
52.9,3.435
52.9,3.435
52.9,3.435
52.9,3.435
52.9,3.435
52.9,3.435
52.9,3.435
52.9,3.435
52.9,3.435
52.9,3.435
53.0,3.435
53.0,3.435
53.0,3.435
53.0,3.435
53.0,3.435
53.0,3.435
53.0,3.435
53.0,3.435
53.0,3.435
53.0,3.435
53.0,3.435
53.0,3.435
53.0,3.435
53.0,3.435
53.0,3.435
53.0,3.435
53.0,3.435
52.9,3.435
52.9,3.435
52.9,3.435
52.9,3.435
52.9,3.435
52.9,3.435
52.9,3.435
52.9,3.435
52.9,3.435
52.9,3.435
52.9,3.435
52.9,3.435
52.9,3.435
52.9,3.440
52.9,3.440
52.9,3.440
52.9,3.440
52.9,3.440
52.9,3.440
52.9,3.440
52.9,3.440
52.9,3.440
52.9,3.440
52.9,3.440
52.9,3.440
52.9,3.440
52.9,3.440
52.9,3.440
52.9,3.440
52.9,3.440
52.9,3.440
52.9,3.440
52.9,3.440
52.9,3.440
52.9,3.440
52.9,3.440
52.9,3.440
52.9,3.440
52.9,3.440
52.9,3.440
52.9,3.440
52.9,3.440
52.9,3.440
52.9,3.440
52.9,3.440
52.9,3.440
52.9,3.440
52.9,3.440
52.9,3.440
52.9,3.440
52.9,3.440
52.9,3.440
52.9,3.440
52.9,3.440
52.9,3.440
52.9,3.440
52.9,3.440
52.9,3.440
52.9,3.440
52.9,3.440
52.9,3.440
52.9,3.440
52.9,3.440
52.9,3.440
52.9,3.440
52.9,3.440
52.9,3.440
52.9,3.440
52.9,3.440
52.9,3.440
52.9,3.440
52.9,3.440
52.9,3.440
52.9,3.440
52.9,3.440
52.9,3.440
52.9,3.440
52.9,3.440
53.0,3.440
53.0,3.440
53.0,3.440
53.0,3.440
53.0,3.440
53.0,3.440
53.0,3.440
53.0,3.440
53.0,3.440
53.0,3.440
53.0,3.440
53.0,3.440
53.0,3.440
53.0,3.440
53.0,3.440
53.0,3.440
53.0,3.440
53.0,3.440
53.0,3.440
53.0,3.440
53.0,3.440
53.0,3.440
53.0,3.440
53.0,3.440
53.0,3.440
53.0,3.440
53.0,3.440
53.0,3.440
53.0,3.440
53.0,3.440
53.0,3.440
53.0,3.440
53.0,3.440
53.0,3.440
53.0,3.440
53.0,3.440
53.0,3.440
53.0,3.440
53.0,3.440
53.0,3.440
53.0,3.440
53.0,3.440
53.0,3.440
53.0,3.440
53.0,3.440
53.0,3.440
52.9,3.440
52.9,3.440
52.9,3.440
52.9,3.440
52.9,3.440
52.9,3.440
52.9,3.440
52.9,3.440
52.9,3.440
52.9,3.440
52.9,3.440
52.9,3.440
52.9,3.440
52.9,3.440
52.9,3.440
52.9,3.440
53.0,3.440
53.0,3.440
53.0,3.440
53.0,3.440
53.0,3.440
53.0,3.440
53.0,3.440
53.0,3.440
53.0,3.440
53.0,3.440
53.0,3.440
53.0,3.440
53.0,3.440
53.0,3.440
53.0,3.440
53.0,3.440
53.0,3.440
53.0,3.440
53.0,3.440
53.0,3.440
53.0,3.440
53.0,3.440
53.0,3.440
53.0,3.440
53.0,3.440
53.0,3.440
53.0,3.440
53.0,3.440
53.0,3.440
53.0,3.440
53.0,3.440
53.0,3.440
53.0,3.445
53.0,3.445
53.0,3.445
53.0,3.445
53.0,3.445
53.0,3.445
53.0,3.445
53.0,3.445
53.0,3.445
53.0,3.445
53.0,3.445
53.0,3.445
53.0,3.445
52.9,3.445
52.9,3.445
52.9,3.445
52.9,3.445
52.9,3.445
52.9,3.445
52.9,3.445
52.9,3.445
52.9,3.445
52.9,3.445
52.9,3.445
52.9,3.445
52.9,3.445
52.9,3.445
52.9,3.445
52.9,3.445
52.9,3.445
52.9,3.445
52.9,3.445
52.9,3.445
52.9,3.445
52.9,3.445
52.9,3.445
52.9,3.445
52.9,3.445
52.9,3.445
52.9,3.445
52.9,3.445
52.9,3.445
52.9,3.445
52.9,3.445
52.9,3.445
52.9,3.445
53.0,3.445
53.0,3.445
53.0,3.445
53.0,3.445
53.0,3.445
53.0,3.445
53.0,3.445
53.0,3.445
53.0,3.445
53.0,3.445
53.0,3.445
53.0,3.445
53.0,3.445
53.0,3.445
53.0,3.445
53.0,3.445
53.0,3.445
53.0,3.445
53.0,3.445
53.0,3.445
53.0,3.445
53.0,3.445
52.9,3.445
52.9,3.445
52.9,3.445
52.9,3.445
52.9,3.445
52.9,3.445
52.9,3.445
52.9,3.445
52.9,3.445
52.9,3.445
52.9,3.445
52.9,3.445
52.9,3.445
52.9,3.445
52.9,3.445
52.9,3.445
52.9,3.445
52.9,3.445
52.9,3.445
52.9,3.445
52.9,3.445
52.9,3.445
52.9,3.445
52.9,3.445
52.9,3.445
52.9,3.445
52.9,3.445
52.9,3.445
52.9,3.445
52.9,3.445
52.9,3.445
52.9,3.445
52.9,3.445
52.9,3.445
52.9,3.445
52.9,3.445
52.9,3.445
52.9,3.445
52.9,3.445
52.9,3.445
52.9,3.445
52.9,3.445
52.9,3.445
52.9,3.445
52.9,3.445
52.9,3.445
52.9,3.445
52.9,3.445
52.9,3.445
52.9,3.445
52.9,3.445
52.9,3.445
52.9,3.445
52.9,3.445
52.9,3.445
52.9,3.445
52.9,3.445
52.9,3.445
52.9,3.445
52.9,3.445
52.9,3.445
52.9,3.445
52.9,3.445
52.9,3.445
52.9,3.445
52.9,3.445
52.9,3.445
52.9,3.445
52.9,3.445
52.9,3.445
52.9,3.445
52.9,3.445
52.9,3.445
52.9,3.445
52.9,3.445
52.9,3.445
52.9,3.445
52.9,3.445
52.9,3.445
52.9,3.445
52.9,3.445
52.9,3.445
52.9,3.445
52.9,3.445
52.9,3.445
52.9,3.445
52.9,3.445
52.9,3.445
52.9,3.445
52.9,3.445
52.9,3.445
52.9,3.445
52.9,3.445
52.9,3.445
52.9,3.445
52.9,3.445
52.9,3.445
52.9,3.445
52.9,3.445
52.9,3.445
52.9,3.445
52.9,3.445
52.9,3.445
52.9,3.445
52.9,3.445
52.9,3.445
52.9,3.445
52.9,3.445
52.9,3.445
52.9,3.445
52.9,3.445
52.9,3.445
52.9,3.445
52.9,3.445
52.9,3.450
52.9,3.450
52.9,3.450
52.9,3.450
52.9,3.450
52.9,3.450
52.9,3.450
52.9,3.450
52.9,3.450
52.9,3.450
52.9,3.450
52.9,3.450
52.9,3.450
52.9,3.450
52.9,3.450
52.9,3.450
52.9,3.450
52.9,3.450
52.9,3.450
52.9,3.450
52.9,3.450
52.9,3.450
52.9,3.450
52.9,3.450
52.9,3.450
52.9,3.450
52.9,3.450
52.9,3.450
52.9,3.450
52.9,3.450
52.9,3.450
52.9,3.450
52.9,3.450
52.9,3.450
52.9,3.450
52.9,3.450
52.9,3.450
52.9,3.450
52.9,3.450
52.9,3.450
52.9,3.450
52.9,3.450
52.9,3.450
52.9,3.450
52.9,3.450
52.9,3.450
52.9,3.450
52.9,3.450
52.9,3.450
52.9,3.450
52.9,3.450
52.9,3.450
52.9,3.450
52.9,3.450
52.9,3.450
52.9,3.450
52.9,3.450
52.9,3.450
52.9,3.450
52.9,3.450
52.9,3.450
52.9,3.450
52.9,3.450
52.9,3.450
52.9,3.450
52.9,3.450
52.9,3.450
52.9,3.450
52.9,3.450
52.9,3.450
52.9,3.450
52.9,3.450
52.9,3.450
52.9,3.450
52.9,3.450
52.9,3.450
52.9,3.450
52.9,3.450
52.9,3.450
52.9,3.450
52.9,3.450
52.9,3.450
52.9,3.450
52.9,3.450
52.9,3.450
52.9,3.450
52.9,3.450
52.9,3.450
52.9,3.450
52.9,3.450
52.9,3.450
52.9,3.450
52.9,3.450
52.9,3.450
52.9,3.450
52.9,3.450
52.9,3.450
52.9,3.450
52.9,3.450
52.9,3.450
52.9,3.450
52.9,3.450
52.9,3.450
52.9,3.450
52.9,3.450
52.9,3.450
52.9,3.450
52.9,3.450
52.9,3.450
52.9,3.450
52.9,3.450
52.9,3.450
52.9,3.450
52.9,3.450
52.9,3.450
52.9,3.450
52.9,3.450
52.9,3.450
52.9,3.450
52.9,3.450
52.9,3.450
52.9,3.450
52.9,3.450
52.9,3.450
52.9,3.450
52.9,3.450
52.9,3.450
52.9,3.450
52.9,3.450
52.9,3.450
52.9,3.450
52.9,3.450
52.9,3.450
52.9,3.450
52.9,3.450
52.9,3.450
52.9,3.450
52.9,3.450
52.9,3.450
52.9,3.450
52.9,3.450
52.9,3.450
52.9,3.450
52.9,3.450
52.9,3.450
52.9,3.450
52.9,3.450
52.9,3.450
52.9,3.450
52.9,3.450
52.9,3.450
52.9,3.450
52.9,3.450
52.9,3.450
52.9,3.450
52.9,3.450
52.9,3.450
52.9,3.450
52.9,3.450
52.9,3.450
52.9,3.450
52.9,3.450
52.9,3.450
52.9,3.450
52.9,3.450
52.9,3.455
52.9,3.455
52.9,3.455
52.9,3.455
52.9,3.455
52.9,3.455
52.9,3.455
52.9,3.455
52.9,3.455
52.9,3.455
52.9,3.455
52.9,3.455
52.9,3.455
52.9,3.455
52.9,3.455
52.9,3.455
52.9,3.455
52.9,3.455
52.9,3.455
52.9,3.455
52.9,3.455
52.9,3.455
52.9,3.455
52.9,3.455
52.9,3.455
52.9,3.455
52.9,3.455
52.9,3.455
52.9,3.455
52.9,3.455
52.9,3.455
52.9,3.455
52.9,3.455
52.9,3.455
52.9,3.455
52.9,3.455
52.9,3.455
52.9,3.455
52.9,3.455
52.9,3.455
52.9,3.455
52.9,3.455
52.9,3.455
52.9,3.455
52.9,3.455
52.9,3.455
52.9,3.455
52.9,3.455
52.9,3.455
52.9,3.455
52.9,3.455
52.9,3.455
52.9,3.455
52.9,3.455
52.9,3.455
52.9,3.455
52.9,3.455
52.9,3.455
52.9,3.455
52.9,3.455
52.9,3.455
52.9,3.455
52.9,3.455
52.9,3.455
52.9,3.455
52.9,3.455
52.9,3.455
52.9,3.455
52.9,3.455
52.9,3.455
52.9,3.455
52.9,3.455
52.9,3.455
52.9,3.455
52.9,3.455
52.9,3.455
52.9,3.455
52.9,3.455
52.9,3.455
52.9,3.455
52.9,3.455
52.9,3.455
52.9,3.455
52.9,3.455
52.9,3.455
52.9,3.455
52.9,3.455
52.9,3.455
52.9,3.455
52.9,3.455
52.9,3.455
52.9,3.455
52.9,3.455
52.9,3.455
52.9,3.455
52.9,3.455
52.9,3.455
52.9,3.455
52.9,3.455
52.9,3.455
52.9,3.455
52.9,3.455
52.9,3.455
52.9,3.455
52.9,3.455
52.9,3.455
52.9,3.455
52.9,3.455
52.9,3.455
52.9,3.455
52.9,3.455
52.9,3.455
52.9,3.455
52.9,3.455
52.9,3.455
52.9,3.455
52.9,3.455
52.9,3.455
52.9,3.455
52.9,3.455
52.9,3.455
52.9,3.455
52.9,3.455
52.9,3.455
52.9,3.455
52.9,3.455
52.9,3.455
52.9,3.455
52.9,3.455
52.9,3.455
52.9,3.455
52.9,3.455
52.9,3.455
52.9,3.455
52.9,3.455
52.9,3.455
52.9,3.455
52.9,3.455
52.9,3.455
52.9,3.455
52.9,3.455
52.9,3.455
52.9,3.455
52.9,3.455
52.9,3.455
52.9,3.455
52.9,3.455
52.9,3.455
52.9,3.455
52.9,3.455
52.9,3.455
52.9,3.455
52.9,3.455
52.9,3.455
52.9,3.455
52.9,3.455
52.9,3.455
52.9,3.455
52.9,3.455
52.9,3.455
52.9,3.455
52.9,3.460
52.9,3.460
52.9,3.460
52.9,3.460
52.9,3.460
52.9,3.460
52.9,3.460
52.9,3.460
52.9,3.460
52.9,3.460
52.9,3.460
52.9,3.460
52.9,3.460
52.9,3.460
52.9,3.460
52.9,3.460
52.9,3.460
52.9,3.460
52.9,3.460
52.9,3.460
52.9,3.460
52.9,3.460
52.9,3.460
52.9,3.460
52.9,3.460
52.9,3.460
52.9,3.460
52.9,3.460
52.9,3.460
52.9,3.460
52.9,3.460
52.9,3.460
52.9,3.460
52.9,3.460
52.9,3.460
52.9,3.460
52.9,3.460
52.9,3.460
52.9,3.460
52.9,3.460
52.9,3.460
52.9,3.460
52.9,3.460
52.9,3.460
52.9,3.460
52.9,3.460
52.9,3.460
52.9,3.460
52.9,3.460
52.9,3.460
52.9,3.460
52.9,3.460
52.9,3.460
52.9,3.460
52.9,3.460
52.9,3.460
52.9,3.460
52.9,3.460
52.9,3.460
52.9,3.460
52.9,3.460
52.9,3.460
52.9,3.460
52.9,3.460
52.9,3.460
52.9,3.460
52.9,3.460
52.9,3.460
52.9,3.460
52.9,3.460
52.9,3.460
52.9,3.460
52.9,3.460
52.9,3.460
52.9,3.460
52.9,3.460
52.9,3.460
52.9,3.460
52.9,3.460
52.9,3.460
52.9,3.460
52.9,3.460
52.9,3.460
52.9,3.460
52.9,3.460
52.9,3.460
52.9,3.460
52.9,3.460
52.9,3.460
52.9,3.460
52.9,3.460
52.9,3.460
52.9,3.460
52.9,3.460
52.9,3.460
52.9,3.460
52.9,3.460
52.9,3.460
52.9,3.460
52.9,3.460
52.9,3.460
52.9,3.460
52.9,3.460
52.9,3.460
52.9,3.460
52.9,3.460
52.9,3.460
52.9,3.460
52.9,3.460
52.9,3.460
52.9,3.460
52.9,3.460
52.9,3.460
52.9,3.460
52.9,3.460
52.9,3.460
52.9,3.460
52.9,3.460
52.9,3.460
52.9,3.460
52.9,3.460
52.9,3.460
52.9,3.460
52.9,3.460
52.9,3.460
52.9,3.460
52.9,3.460
52.9,3.460
52.9,3.460
52.9,3.460
52.9,3.460
52.9,3.460
52.9,3.460
52.9,3.460
52.9,3.460
52.9,3.460
52.9,3.460
52.9,3.460
52.9,3.460
52.9,3.460
52.9,3.460
52.9,3.460
52.9,3.460
52.9,3.460
52.9,3.460
52.9,3.460
52.9,3.460
52.9,3.460
52.9,3.460
52.9,3.460
52.9,3.460
52.9,3.460
52.9,3.460
52.9,3.460
52.9,3.460
52.9,3.460
52.9,3.460
52.9,3.460
52.9,3.460
52.9,3.460
52.9,3.460
52.9,3.460
52.9,3.460
52.9,3.460
52.9,3.460
52.9,3.460
52.9,3.460
52.9,3.460
52.9,3.460
52.9,3.460
52.9,3.460
52.9,3.460
52.9,3.460
52.9,3.460
52.9,3.460
52.9,3.460
52.9,3.460
52.9,3.460
52.9,3.460
52.9,3.460
52.9,3.460
52.9,3.460
52.9,3.460
52.9,3.460
52.9,3.460
52.9,3.460
52.9,3.460
52.9,3.460
52.9,3.460
52.9,3.460
52.9,3.460
52.9,3.460
52.9,3.460
52.9,3.460
52.9,3.460
52.9,3.460
52.9,3.460
52.9,3.460
52.9,3.460
52.9,3.460
52.9,3.460
52.9,3.465
52.9,3.465
52.9,3.465
52.9,3.465
52.9,3.465
52.9,3.465
52.9,3.465
52.9,3.465
52.9,3.465
52.9,3.465
52.9,3.465
52.9,3.465
52.9,3.465
52.9,3.465
52.9,3.465
52.9,3.465
52.9,3.465
52.9,3.465
52.9,3.465
52.9,3.465
52.9,3.465
52.9,3.465
52.9,3.465
52.9,3.465
52.9,3.465
52.9,3.465
52.9,3.465
52.9,3.465
52.9,3.465
52.9,3.465
52.9,3.465
52.9,3.465
52.9,3.465
52.9,3.465
52.9,3.465
52.9,3.465
52.9,3.465
52.9,3.465
52.9,3.465
52.9,3.465
52.9,3.465
52.9,3.465
52.9,3.465
52.9,3.465
52.9,3.465
52.9,3.465
52.9,3.465
52.9,3.465
52.9,3.465
52.9,3.465
52.9,3.465
52.9,3.465
52.9,3.465
52.9,3.465
52.9,3.465
52.9,3.465
52.9,3.465
52.9,3.465
52.9,3.465
52.9,3.465
52.9,3.465
52.9,3.465
52.9,3.465
52.9,3.465
52.9,3.465
52.9,3.465
52.9,3.465
52.9,3.465
52.9,3.465
52.9,3.465
52.9,3.465
52.9,3.465
52.9,3.465
52.9,3.465
52.9,3.465
52.9,3.465
52.9,3.465
52.9,3.465
52.9,3.465
52.9,3.465
52.9,3.465
52.9,3.465
52.9,3.465
52.9,3.465
52.9,3.465
53.0,3.465
53.0,3.465
53.0,3.465
53.0,3.465
53.0,3.465
53.0,3.465
53.0,3.465
53.0,3.465
53.0,3.465
53.0,3.465
53.0,3.465
53.0,3.465
53.0,3.465
53.0,3.465
53.0,3.465
53.0,3.465
53.0,3.465
53.0,3.465
53.0,3.465
53.0,3.465
53.0,3.465
53.0,3.465
53.0,3.465
53.0,3.465
53.0,3.465
53.0,3.465
53.0,3.465
53.0,3.465
53.0,3.465
53.0,3.465
53.0,3.465
53.0,3.465
53.0,3.465
53.0,3.465
53.0,3.465
53.0,3.465
53.0,3.465
53.0,3.465
53.0,3.465
53.0,3.465
53.0,3.465
53.0,3.465
53.0,3.465
53.0,3.465
53.0,3.465
53.0,3.465
53.0,3.465
53.0,3.465
53.0,3.465
53.0,3.465
53.0,3.465
53.0,3.465
53.0,3.465
53.0,3.465
53.0,3.465
53.0,3.465
53.0,3.465
53.0,3.465
53.0,3.465
53.0,3.465
53.0,3.465
53.0,3.465
53.0,3.465
53.0,3.465
53.0,3.465
53.0,3.465
53.0,3.465
53.0,3.465
53.0,3.465
53.0,3.465
53.0,3.465
53.0,3.465
53.0,3.465
53.0,3.465
53.0,3.465
53.1,3.465
53.1,3.465
53.1,3.465
53.1,3.465
53.1,3.465
53.1,3.465
53.1,3.465
53.1,3.465
53.1,3.465
53.1,3.465
53.1,3.465
53.1,3.465
53.1,3.465
53.1,3.465
53.1,3.465
53.1,3.465
53.1,3.465
53.1,3.465
53.1,3.465
53.1,3.465
53.1,3.465
53.1,3.465
53.1,3.465
53.1,3.465
53.0,3.465
53.0,3.465
53.0,3.465
53.0,3.465
53.0,3.465
53.0,3.465
53.0,3.465
53.0,3.465
53.0,3.465
53.0,3.465
53.0,3.465
53.0,3.465
53.0,3.465
53.0,3.470
53.0,3.470
53.0,3.470
53.0,3.470
53.0,3.470
53.0,3.470
53.0,3.470
53.0,3.470
53.0,3.470
53.0,3.470
53.0,3.470
53.0,3.470
53.0,3.470
53.0,3.470
53.0,3.470
53.0,3.470
53.0,3.470
53.0,3.470
53.0,3.470
53.0,3.470
53.0,3.470
53.0,3.470
53.0,3.470
53.0,3.470
53.0,3.470
53.0,3.470
53.0,3.470
53.0,3.470
53.0,3.470
53.0,3.470
53.0,3.470
53.0,3.470
53.0,3.470
53.0,3.470
53.0,3.470
53.0,3.470
53.0,3.470
53.0,3.470
53.0,3.470
53.0,3.470
53.0,3.470
53.0,3.470
53.0,3.470
53.1,3.470
53.1,3.470
53.1,3.470
53.1,3.470
53.1,3.470
53.1,3.470
53.1,3.470
53.1,3.470
53.1,3.470
53.1,3.470
53.1,3.470
53.1,3.470
53.1,3.470
53.1,3.470
53.1,3.470
53.1,3.470
53.1,3.470
53.1,3.470
53.1,3.470
53.1,3.470
53.1,3.470
53.1,3.470
53.1,3.470
53.1,3.470
53.1,3.470
53.1,3.470
53.1,3.470
53.1,3.470
53.1,3.470
53.1,3.470
53.1,3.470
53.1,3.470
53.1,3.470
53.1,3.470
53.1,3.470
53.1,3.470
53.1,3.470
53.1,3.470
53.1,3.470
53.1,3.470
53.1,3.470
53.1,3.470
53.1,3.470
53.1,3.470
53.1,3.470
53.1,3.470
53.1,3.470
53.1,3.470
53.1,3.470
53.1,3.470
53.1,3.470
53.1,3.470
53.1,3.470
53.1,3.470
53.1,3.470
53.1,3.470
53.1,3.470
53.1,3.470
53.1,3.470
53.1,3.470
53.1,3.470
53.1,3.470
53.1,3.470
53.1,3.470
53.1,3.470
53.1,3.470
53.1,3.470
53.1,3.470
53.1,3.470
53.1,3.470
53.1,3.470
53.1,3.470
53.1,3.470
53.1,3.470
53.1,3.470
53.1,3.470
53.1,3.470
53.1,3.470
53.1,3.470
53.1,3.470
53.1,3.470
53.1,3.470
53.1,3.470
53.1,3.470
53.1,3.470
53.1,3.470
53.1,3.475
53.1,3.475
53.1,3.475
53.1,3.475
53.1,3.475
53.1,3.475
53.1,3.475
53.1,3.475
53.1,3.475
53.1,3.475
53.1,3.475
53.1,3.475
53.1,3.475
53.1,3.475
53.1,3.475
53.1,3.475
53.1,3.475
53.1,3.475
53.1,3.475
53.1,3.475
53.1,3.475
53.1,3.475
53.1,3.475
53.1,3.475
53.1,3.475
53.1,3.475
53.1,3.475
53.1,3.475
53.1,3.475
53.1,3.475
53.1,3.475
53.1,3.475
53.1,3.475
53.1,3.475
53.1,3.475
53.1,3.475
53.1,3.475
53.1,3.475
53.1,3.475
53.1,3.475
53.1,3.475
53.1,3.475
53.1,3.475
53.1,3.475
53.1,3.475
53.1,3.475
53.1,3.475
53.1,3.475
53.1,3.475
53.1,3.475
53.1,3.475
53.1,3.475
53.1,3.475
53.1,3.475
53.1,3.475
53.1,3.475
53.1,3.475
53.1,3.475
53.1,3.475
53.1,3.475
53.1,3.475
53.1,3.475
53.1,3.475
53.1,3.475
53.1,3.475
53.1,3.475
53.1,3.475
53.1,3.475
53.1,3.475
53.1,3.475
53.1,3.475
53.1,3.475
53.1,3.475
53.1,3.475
53.1,3.475
53.1,3.475
53.1,3.475
53.1,3.475
53.1,3.475
53.1,3.475
53.1,3.475
53.1,3.475
53.1,3.475
53.1,3.475
53.1,3.475
53.1,3.475
53.1,3.475
53.1,3.475
53.1,3.475
53.1,3.475
53.1,3.475
53.1,3.475
53.1,3.475
53.1,3.475
53.1,3.475
53.1,3.475
53.1,3.475
53.1,3.480
53.1,3.480
53.1,3.480
53.1,3.480
53.1,3.480
53.1,3.480
53.1,3.480
53.1,3.480
53.1,3.480
53.1,3.480
53.1,3.480
53.1,3.480
53.1,3.480
53.1,3.480
53.1,3.480
53.1,3.480
53.1,3.480
53.1,3.480
53.1,3.480
53.1,3.480
53.1,3.480
53.1,3.480
53.1,3.480
53.1,3.480
53.1,3.480
53.1,3.480
53.1,3.480
53.1,3.480
53.1,3.480
53.1,3.480
53.2,3.480
53.2,3.480
53.2,3.480
53.2,3.480
53.2,3.480
53.2,3.480
53.2,3.480
53.1,3.480
53.1,3.480
53.1,3.480
53.1,3.480
53.1,3.480
53.1,3.480
53.1,3.480
53.1,3.480
53.1,3.480
53.1,3.480
53.1,3.480
53.1,3.480
53.1,3.480
53.1,3.480
53.1,3.480
53.1,3.480
53.1,3.480
53.1,3.480
53.1,3.480
53.1,3.480
53.1,3.480
53.1,3.480
53.1,3.480
53.1,3.480
53.1,3.480
53.1,3.480
53.1,3.480
53.1,3.480
53.1,3.480
53.1,3.480
53.1,3.480
53.1,3.480
53.1,3.480
53.1,3.480
53.1,3.480
53.1,3.480
53.1,3.480
53.1,3.480
53.1,3.480
53.1,3.480
53.1,3.480
53.1,3.480
53.1,3.480
53.1,3.480
53.1,3.480
53.1,3.480
53.1,3.480
53.1,3.485
53.1,3.485
53.1,3.485
53.1,3.485
53.1,3.485
53.1,3.485
53.1,3.485
53.1,3.485
53.1,3.485
53.1,3.485
53.1,3.485
53.1,3.485
53.1,3.485
53.1,3.485
53.1,3.485
53.1,3.485
53.1,3.485
53.1,3.485
53.1,3.485
53.1,3.485
53.1,3.485
53.1,3.485
53.1,3.485
53.1,3.485
53.1,3.485
53.1,3.485
53.1,3.485
53.1,3.485
53.1,3.485
53.1,3.485
53.1,3.485
53.1,3.485
53.1,3.485
53.1,3.485
53.1,3.485
53.1,3.485
53.1,3.485
53.1,3.485
53.1,3.485
53.1,3.485
53.1,3.485
53.1,3.485
53.1,3.485
53.2,3.485
53.2,3.485
53.2,3.485
53.2,3.485
53.2,3.485
53.2,3.485
53.2,3.485
53.2,3.485
53.2,3.485
53.2,3.485
53.2,3.485
53.2,3.485
53.2,3.485
53.2,3.485
53.2,3.485
53.2,3.485
53.2,3.485
53.2,3.485
53.2,3.485
53.2,3.485
53.2,3.485
53.2,3.485
53.2,3.485
53.2,3.485
53.2,3.485
53.2,3.485
53.2,3.485
53.2,3.485
53.2,3.485
53.2,3.485
53.2,3.485
53.2,3.485
53.2,3.485
53.2,3.485
53.2,3.485
53.2,3.490
53.2,3.490
53.2,3.490
53.2,3.490
53.2,3.490
53.2,3.490
53.2,3.490
53.2,3.490
53.2,3.490
53.2,3.490
53.2,3.490
53.2,3.490
53.2,3.490
53.2,3.490
53.2,3.490
53.2,3.490
53.2,3.490
53.2,3.490
53.2,3.490
53.2,3.490
53.2,3.490
53.2,3.490
53.2,3.490
53.2,3.490
53.2,3.490
53.2,3.490
53.2,3.490
53.2,3.490
53.2,3.490
53.2,3.490
53.2,3.490
53.2,3.490
53.2,3.490
53.2,3.490
53.2,3.490
53.2,3.490
53.2,3.490
53.2,3.490
53.2,3.490
53.2,3.490
53.2,3.490
53.2,3.490
53.2,3.490
53.2,3.490
53.2,3.490
53.2,3.490
53.2,3.490
53.2,3.490
53.2,3.490
53.2,3.490
53.2,3.490
53.2,3.490
53.2,3.490
53.2,3.490
53.2,3.490
53.2,3.490
53.2,3.490
53.2,3.490
53.2,3.490
53.2,3.490
53.2,3.490
53.2,3.490
53.2,3.490
53.2,3.490
53.2,3.490
53.2,3.490
53.2,3.490
53.2,3.490
53.2,3.490
53.2,3.490
53.2,3.490
53.2,3.490
53.2,3.490
53.2,3.495
53.2,3.495
53.2,3.495
53.2,3.495
53.2,3.495
53.2,3.495
53.2,3.495
53.2,3.495
53.2,3.495
53.2,3.495
53.2,3.495
53.2,3.495
53.2,3.495
53.2,3.495
53.2,3.495
53.2,3.495
53.2,3.495
53.2,3.495
53.2,3.495
53.2,3.495
53.2,3.495
53.2,3.495
53.2,3.495
53.2,3.495
53.2,3.495
53.2,3.495
53.2,3.495
53.2,3.495
53.2,3.495
53.2,3.495
53.2,3.495
53.2,3.495
53.2,3.495
53.2,3.495
53.2,3.495
53.2,3.495
53.2,3.495
53.2,3.495
53.2,3.495
53.2,3.495
53.2,3.495
53.2,3.495
53.2,3.495
53.2,3.495
53.2,3.495
53.2,3.495
53.2,3.495
53.2,3.495
53.2,3.495
53.2,3.495
53.2,3.495
53.2,3.495
53.2,3.495
53.2,3.495
53.2,3.495
53.2,3.495
53.2,3.495
53.2,3.495
53.2,3.495
53.2,3.495
53.2,3.495
53.2,3.495
53.2,3.495
53.2,3.495
53.2,3.495
53.2,3.495
53.2,3.495
53.2,3.495
53.2,3.495
53.2,3.495
53.2,3.495
53.2,3.495
53.2,3.495
53.2,3.500
53.2,3.500
53.2,3.500
53.2,3.500
53.2,3.500
53.2,3.500
53.2,3.500
53.2,3.500
53.2,3.500
53.2,3.500
53.2,3.500
53.2,3.500
53.2,3.500
53.2,3.500
53.2,3.500
53.2,3.500
53.2,3.500
53.2,3.500
53.2,3.500
53.2,3.500
53.2,3.500
53.2,3.500
53.2,3.500
53.2,3.500
53.2,3.500
53.2,3.500
53.2,3.500
53.2,3.500
53.2,3.500
53.2,3.500
53.2,3.500
53.2,3.500
53.2,3.500
53.2,3.500
53.2,3.500
53.2,3.500
53.2,3.500
53.2,3.500
53.2,3.500
53.2,3.500
53.2,3.500
53.2,3.500
53.2,3.500
53.2,3.500
53.2,3.500
53.2,3.500
53.2,3.500
53.2,3.500
53.2,3.500
53.2,3.500
53.2,3.500
53.2,3.500
53.2,3.500
53.2,3.500
53.2,3.500
53.3,3.500
53.3,3.500
53.3,3.500
53.3,3.500
53.3,3.500
53.3,3.500
53.3,3.500
53.3,3.500
53.3,3.500
53.3,3.500
53.3,3.500
53.3,3.500
53.3,3.500
53.3,3.500
53.3,3.500
53.3,3.505
53.3,3.505
53.3,3.505
53.3,3.505
53.3,3.505
53.3,3.505
53.3,3.505
53.3,3.505
53.3,3.505
53.3,3.505
53.3,3.505
53.3,3.505
53.3,3.505
53.3,3.505
53.3,3.505
53.3,3.505
53.3,3.505
53.3,3.505
53.3,3.505
53.3,3.505
53.3,3.505
53.3,3.505
53.3,3.505
53.3,3.505
53.3,3.505
53.3,3.505
53.3,3.505
53.3,3.505
53.3,3.505
53.3,3.505
53.3,3.505
53.3,3.505
53.3,3.505
53.3,3.505
53.3,3.505
53.3,3.505
53.3,3.505
53.3,3.505
53.3,3.505
53.3,3.505
53.3,3.505
53.3,3.505
53.3,3.505
53.3,3.505
53.3,3.505
53.3,3.505
53.3,3.505
53.3,3.505
53.3,3.505
53.3,3.505
53.3,3.505
53.3,3.505
53.3,3.505
53.3,3.505
53.3,3.505
53.3,3.505
53.3,3.505
53.3,3.505
53.3,3.505
53.3,3.505
53.3,3.505
53.3,3.505
53.3,3.505
53.3,3.505
53.3,3.505
53.3,3.505
53.3,3.505
53.3,3.505
53.3,3.505
53.3,3.505
53.3,3.505
53.3,3.505
53.3,3.505
53.3,3.510
53.3,3.510
53.3,3.510
53.3,3.510
53.3,3.510
53.3,3.510
53.3,3.510
53.3,3.510
53.3,3.510
53.3,3.510
53.3,3.510
53.3,3.510
53.3,3.510
53.3,3.510
53.3,3.510
53.3,3.510
53.3,3.510
53.3,3.510
53.3,3.510
53.3,3.510
53.3,3.510
53.3,3.510
53.3,3.510
53.3,3.510
53.3,3.510
53.3,3.510
53.3,3.510
53.3,3.510
53.3,3.510
53.3,3.510
53.3,3.510
53.3,3.510
53.3,3.510
53.3,3.510
53.3,3.510
53.3,3.510
53.3,3.510
53.3,3.510
53.3,3.510
53.3,3.510
53.3,3.510
53.3,3.510
53.3,3.510
53.3,3.510
53.3,3.510
53.3,3.510
53.3,3.510
53.3,3.510
53.3,3.510
53.3,3.510
53.3,3.510
53.3,3.510
53.3,3.510
53.3,3.510
53.3,3.510
53.3,3.510
53.3,3.510
53.3,3.510
53.3,3.510
53.3,3.510
53.3,3.510
53.3,3.510
53.3,3.515
53.3,3.515
53.3,3.515
53.3,3.515
53.3,3.515
53.3,3.515
53.3,3.515
53.3,3.515
53.3,3.515
53.3,3.515
53.3,3.515
53.3,3.515
53.3,3.515
53.3,3.515
53.3,3.515
53.3,3.515
53.3,3.515
53.4,3.515
53.4,3.515
53.4,3.515
53.4,3.515
53.3,3.515
53.3,3.515
53.3,3.515
53.3,3.515
53.3,3.515
53.3,3.515
53.3,3.515
53.3,3.515
53.3,3.515
53.3,3.515
53.3,3.515
53.3,3.515
53.3,3.515
53.3,3.515
53.3,3.515
53.3,3.515
53.3,3.515
53.3,3.515
53.3,3.515
53.3,3.515
53.3,3.515
53.3,3.515
53.3,3.515
53.3,3.515
53.3,3.515
53.3,3.515
53.3,3.515
53.3,3.515
53.3,3.515
53.3,3.515
53.3,3.515
53.3,3.515
53.3,3.515
53.3,3.515
53.3,3.515
53.3,3.515
53.3,3.520
53.3,3.520
53.3,3.520
53.3,3.520
53.3,3.520
53.3,3.520
53.3,3.520
53.3,3.520
53.3,3.520
53.3,3.520
53.3,3.520
53.3,3.520
53.3,3.520
53.3,3.520
53.3,3.520
53.3,3.520
53.3,3.520
53.3,3.520
53.3,3.520
53.3,3.520
53.3,3.520
53.3,3.520
53.3,3.520
53.3,3.520
53.3,3.520
53.3,3.520
53.3,3.520
53.3,3.520
53.3,3.520
53.3,3.520
53.3,3.520
53.3,3.520
53.3,3.520
53.3,3.520
53.3,3.520
53.3,3.520
53.3,3.520
53.4,3.520
53.4,3.520
53.4,3.520
53.4,3.520
53.4,3.520
53.4,3.520
53.4,3.520
53.4,3.520
53.4,3.520
53.4,3.520
53.4,3.520
53.4,3.520
53.4,3.520
53.4,3.520
53.4,3.520
53.4,3.520
53.4,3.520
53.4,3.520
53.4,3.520
53.4,3.520
53.4,3.520
53.4,3.520
53.4,3.520
53.4,3.520
53.4,3.520
53.4,3.525
53.4,3.525
53.4,3.525
53.4,3.525
53.4,3.525
53.4,3.525
53.4,3.525
53.4,3.525
53.4,3.525
53.4,3.525
53.4,3.525
53.4,3.525
53.4,3.525
53.4,3.525
53.4,3.525
53.4,3.525
53.4,3.525
53.4,3.525
53.4,3.525
53.4,3.525
53.4,3.525
53.4,3.525
53.4,3.525
53.4,3.525
53.4,3.525
53.4,3.525
53.4,3.525
53.4,3.525
53.4,3.525
53.4,3.525
53.4,3.525
53.4,3.525
53.4,3.525
53.4,3.525
53.4,3.525
53.4,3.525
53.4,3.525
53.4,3.525
53.4,3.525
53.4,3.525
53.4,3.525
53.4,3.525
53.4,3.525
53.4,3.525
53.4,3.525
53.4,3.525
53.4,3.525
53.4,3.525
53.4,3.525
53.4,3.525
53.4,3.525
53.4,3.525
53.4,3.525
53.4,3.525
53.4,3.525
53.4,3.525
53.4,3.525
53.4,3.525
53.4,3.525
53.4,3.525
53.4,3.525
53.4,3.525
53.4,3.525
53.4,3.525
53.4,3.525
53.4,3.525
53.4,3.525
53.4,3.530
53.4,3.530
53.4,3.530
53.4,3.530
53.4,3.530
53.4,3.530
53.4,3.530
53.4,3.530
53.4,3.530
53.4,3.530
53.4,3.530
53.4,3.530
53.4,3.530
53.4,3.530
53.4,3.530
53.4,3.530
53.4,3.530
53.4,3.530
53.4,3.530
53.4,3.530
53.4,3.530
53.4,3.530
53.4,3.530
53.4,3.530
53.4,3.530
53.4,3.530
53.4,3.530
53.4,3.530
53.4,3.530
53.4,3.530
53.4,3.530
53.4,3.530
53.4,3.530
53.4,3.530
53.4,3.530
53.4,3.530
53.4,3.530
53.4,3.530
53.4,3.530
53.4,3.530
53.4,3.530
53.4,3.530
53.4,3.530
53.4,3.530
53.4,3.530
53.4,3.530
53.4,3.530
53.4,3.530
53.4,3.530
53.4,3.530
53.4,3.530
53.4,3.530
53.4,3.530
53.4,3.530
53.4,3.530
53.4,3.530
53.4,3.530
53.4,3.530
53.4,3.530
53.4,3.530
53.4,3.530
53.4,3.530
53.4,3.530
53.4,3.530
53.4,3.530
53.4,3.530
53.4,3.530
53.4,3.530
53.4,3.530
53.4,3.530
53.4,3.530
53.4,3.535
53.4,3.535
53.4,3.535
53.4,3.535
53.4,3.535
53.4,3.535
53.4,3.535
53.4,3.535
53.4,3.535
53.4,3.535
53.4,3.535
53.4,3.535
53.4,3.535
53.4,3.535
53.4,3.535
53.4,3.535
53.4,3.535
53.4,3.535
53.4,3.535
53.4,3.535
53.4,3.535
53.4,3.535
53.4,3.535
53.4,3.535
53.4,3.535
53.4,3.535
53.4,3.535
53.4,3.535
53.4,3.535
53.4,3.535
53.4,3.535
53.4,3.535
53.4,3.535
53.4,3.535
53.4,3.535
53.4,3.535
53.4,3.535
53.4,3.535
53.4,3.535
53.4,3.535
53.4,3.535
53.4,3.535
53.4,3.535
53.4,3.535
53.4,3.535
53.4,3.535
53.4,3.535
53.4,3.535
53.4,3.535
53.4,3.535
53.4,3.535
53.4,3.535
53.4,3.535
53.4,3.535
53.4,3.535
53.4,3.535
53.4,3.535
53.4,3.535
53.4,3.535
53.4,3.535
53.4,3.535
53.4,3.535
53.4,3.535
53.4,3.535
53.4,3.535
53.4,3.535
53.4,3.535
53.4,3.535
53.4,3.535
53.4,3.535
53.4,3.535
53.4,3.535
53.4,3.535
53.4,3.535
53.4,3.535
53.4,3.535
53.4,3.540
53.4,3.540
53.4,3.540
53.4,3.540
53.4,3.540
53.4,3.540
53.4,3.540
53.4,3.540
53.4,3.540
53.4,3.540
53.4,3.540
53.4,3.540
53.4,3.540
53.4,3.540
53.4,3.540
53.4,3.540
53.4,3.540
53.5,3.540
53.5,3.540
53.5,3.540
53.5,3.540
53.5,3.540
53.5,3.540
53.5,3.540
53.5,3.540
53.5,3.540
53.5,3.540
53.5,3.540
53.5,3.540
53.5,3.540
53.5,3.540
53.5,3.540
53.5,3.540
53.5,3.540
53.5,3.540
53.5,3.540
53.5,3.540
53.5,3.540
53.5,3.540
53.5,3.540
53.5,3.540
53.5,3.540
53.5,3.540
53.5,3.540
53.5,3.540
53.5,3.540
53.5,3.540
53.5,3.540
53.5,3.540
53.5,3.540
53.5,3.540
53.5,3.540
53.5,3.540
53.5,3.540
53.5,3.540
53.5,3.540
53.5,3.540
53.5,3.540
53.5,3.540
53.5,3.540
53.5,3.540
53.5,3.540
53.5,3.540
53.5,3.540
53.5,3.540
53.5,3.540
53.5,3.540
53.5,3.540
53.5,3.540
53.5,3.540
53.5,3.540
53.5,3.540
53.5,3.540
53.5,3.540
53.5,3.540
53.5,3.540
53.5,3.540
53.5,3.540
53.5,3.540
53.5,3.540
53.5,3.540
53.5,3.540
53.5,3.540
53.5,3.540
53.5,3.540
53.5,3.540
53.5,3.540
53.5,3.540
53.5,3.540
53.5,3.540
53.5,3.540
53.5,3.545
53.5,3.545
53.5,3.545
53.5,3.545
53.5,3.545
53.5,3.545
53.5,3.545
53.5,3.545
53.5,3.545
53.5,3.545
53.5,3.545
53.5,3.545
53.5,3.545
53.5,3.545
53.5,3.545
53.5,3.545
53.5,3.545
53.5,3.545
53.5,3.545
53.5,3.545
53.5,3.545
53.5,3.545
53.5,3.545
53.5,3.545
53.5,3.545
53.5,3.545
53.5,3.545
53.5,3.545
53.5,3.545
53.5,3.545
53.5,3.545
53.5,3.545
53.5,3.545
53.5,3.545
53.5,3.545
53.5,3.545
53.5,3.545
53.5,3.545
53.5,3.545
53.5,3.545
53.5,3.545
53.5,3.545
53.5,3.545
53.5,3.545
53.5,3.545
53.5,3.545
53.5,3.545
53.5,3.545
53.5,3.545
53.5,3.545
53.5,3.545
53.5,3.545
53.5,3.545
53.5,3.545
53.5,3.545
53.5,3.545
53.5,3.545
53.5,3.545
53.5,3.545
53.5,3.545
53.5,3.545
53.5,3.545
53.5,3.545
53.5,3.545
53.5,3.545
53.5,3.545
53.5,3.545
53.5,3.545
53.5,3.545
53.5,3.545
53.5,3.545
53.5,3.545
53.5,3.545
53.5,3.545
53.5,3.545
53.5,3.545
53.5,3.545
53.5,3.545
53.5,3.545
53.5,3.545
53.5,3.545
53.5,3.545
53.5,3.545
53.5,3.545
53.5,3.545
53.5,3.545
53.5,3.545
53.5,3.545
53.5,3.545
53.5,3.545
53.5,3.550
53.5,3.550
53.5,3.550
53.5,3.550
53.5,3.550
53.5,3.550
53.5,3.550
53.5,3.550
53.5,3.550
53.5,3.550
53.5,3.550
53.5,3.550
53.5,3.550
53.5,3.550
53.5,3.550
53.5,3.550
53.5,3.550
53.5,3.550
53.5,3.550
53.5,3.550
53.5,3.550
53.5,3.550
53.5,3.550
53.5,3.550
53.5,3.550
53.5,3.550
53.6,3.550
53.6,3.550
53.6,3.550
53.6,3.550
53.6,3.550
53.6,3.550
53.6,3.550
53.6,3.550
53.6,3.550
53.6,3.550
53.6,3.550
53.6,3.550
53.6,3.550
53.6,3.550
53.6,3.550
53.6,3.550
53.6,3.550
53.6,3.550
53.6,3.550
53.6,3.550
53.6,3.550
53.6,3.550
53.6,3.550
53.6,3.550
53.6,3.550
53.6,3.550
53.6,3.550
53.6,3.550
53.6,3.550
53.6,3.550
53.6,3.550
53.6,3.550
53.6,3.550
53.6,3.550
53.6,3.550
53.6,3.550
53.6,3.550
53.6,3.550
53.6,3.550
53.6,3.550
53.6,3.550
53.6,3.550
53.6,3.550
53.5,3.550
53.5,3.550
53.5,3.550
53.5,3.550
53.5,3.550
53.5,3.550
53.5,3.550
53.5,3.550
53.5,3.550
53.5,3.550
53.5,3.550
53.5,3.550
53.5,3.550
53.5,3.550
53.5,3.555
53.5,3.555
53.5,3.555
53.5,3.555
53.5,3.555
53.5,3.555
53.5,3.555
53.5,3.555
53.5,3.555
53.6,3.555
53.6,3.555
53.6,3.555
53.6,3.555
53.6,3.555
53.6,3.555
53.6,3.555
53.6,3.555
53.6,3.555
53.6,3.555
53.6,3.555
53.6,3.555
53.6,3.555
53.6,3.555
53.6,3.555
53.6,3.555
53.6,3.555
53.6,3.555
53.6,3.555
53.6,3.555
53.6,3.555
53.6,3.555
53.6,3.555
53.6,3.555
53.6,3.555
53.6,3.555
53.6,3.555
53.6,3.555
53.6,3.555
53.6,3.555
53.6,3.555
53.6,3.555
53.6,3.555
53.6,3.555
53.6,3.555
53.6,3.555
53.6,3.555
53.6,3.555
53.6,3.555
53.6,3.555
53.6,3.555
53.6,3.555
53.6,3.555
53.6,3.555
53.6,3.555
53.6,3.555
53.6,3.555
53.6,3.555
53.6,3.555
53.6,3.555
53.6,3.555
53.6,3.555
53.6,3.555
53.6,3.555
53.6,3.555
53.6,3.555
53.6,3.555
53.6,3.555
53.6,3.555
53.6,3.555
53.6,3.555
53.6,3.555
53.6,3.555
53.6,3.555
53.6,3.560
53.6,3.560
53.6,3.560
53.6,3.560
53.6,3.560
53.6,3.560
53.6,3.560
53.6,3.560
53.6,3.560
53.6,3.560
53.6,3.560
53.6,3.560
53.6,3.560
53.6,3.560
53.6,3.560
53.6,3.560
53.6,3.560
53.6,3.560
53.6,3.560
53.6,3.560
53.6,3.560
53.6,3.560
53.6,3.560
53.6,3.560
53.6,3.560
53.6,3.560
53.6,3.560
53.6,3.560
53.6,3.560
53.6,3.560
53.6,3.560
53.6,3.560
53.6,3.560
53.6,3.560
53.6,3.560
53.6,3.560
53.6,3.560
53.6,3.560
53.6,3.560
53.6,3.560
53.6,3.560
53.6,3.560
53.6,3.560
53.6,3.560
53.6,3.560
53.6,3.560
53.6,3.560
53.6,3.560
53.6,3.560
53.6,3.560
53.6,3.560
53.6,3.560
53.6,3.560
53.6,3.560
53.6,3.560
53.6,3.560
53.6,3.560
53.6,3.560
53.6,3.560
53.6,3.560
53.6,3.560
53.6,3.560
53.6,3.560
53.6,3.560
53.6,3.560
53.6,3.560
53.6,3.560
53.6,3.565
53.6,3.565
53.6,3.565
53.6,3.565
53.6,3.565
53.6,3.565
53.6,3.565
53.6,3.565
53.6,3.565
53.6,3.565
53.6,3.565
53.6,3.565
53.6,3.565
53.6,3.565
53.6,3.565
53.6,3.565
53.6,3.565
53.6,3.565
53.6,3.565
53.6,3.565
53.6,3.565
53.6,3.565
53.6,3.565
53.6,3.565
53.6,3.565
53.6,3.565
53.6,3.565
53.6,3.565
53.6,3.565
53.6,3.565
53.7,3.565
53.7,3.565
53.7,3.565
53.7,3.565
53.7,3.565
53.7,3.565
53.6,3.565
53.6,3.565
53.6,3.565
53.6,3.565
53.6,3.565
53.6,3.565
53.6,3.565
53.6,3.565
53.6,3.565
53.6,3.565
53.6,3.565
53.6,3.565
53.6,3.565
53.6,3.565
53.6,3.565
53.6,3.565
53.6,3.565
53.6,3.565
53.6,3.565
53.6,3.565
53.6,3.565
53.6,3.565
53.6,3.565
53.6,3.565
53.6,3.565
53.6,3.565
53.6,3.565
53.6,3.565
53.6,3.565
53.6,3.565
53.6,3.565
53.6,3.565
53.6,3.565
53.6,3.565
53.6,3.565
53.6,3.565
53.6,3.570
53.6,3.570
53.6,3.570
53.6,3.570
53.6,3.570
53.6,3.570
53.6,3.570
53.6,3.570
53.6,3.570
53.6,3.570
53.6,3.570
53.6,3.570
53.6,3.570
53.6,3.570
53.6,3.570
53.6,3.570
53.6,3.570
53.6,3.570
53.6,3.570
53.6,3.570
53.6,3.570
53.6,3.570
53.6,3.570
53.6,3.570
53.6,3.570
53.6,3.570
53.6,3.570
53.6,3.570
53.6,3.570
53.6,3.570
53.6,3.570
53.6,3.570
53.6,3.570
53.6,3.570
53.6,3.570
53.6,3.570
53.6,3.570
53.6,3.570
53.6,3.570
53.6,3.570
53.6,3.570
53.6,3.570
53.6,3.570
53.6,3.570
53.6,3.570
53.6,3.570
53.6,3.570
53.6,3.570
53.6,3.570
53.6,3.570
53.6,3.570
53.6,3.570
53.7,3.570
53.8,3.570
53.9,3.570
53.9,3.570
54.0,3.570
54.0,3.570
54.1,3.570
54.2,3.570
54.2,3.570
54.3,3.570
54.4,3.570
54.4,3.570
54.5,3.570
54.5,3.570
54.6,3.570
54.6,3.570
54.7,3.570
54.8,3.570
54.9,3.570
54.9,3.570
55.0,3.575
55.0,3.575
55.1,3.575
55.2,3.575
55.2,3.575
55.3,3.575
55.3,3.575
55.4,3.575
55.4,3.575
55.5,3.575
55.6,3.575
55.6,3.575
55.7,3.575
55.8,3.575
55.9,3.575
55.9,3.575
56.0,3.575
56.1,3.575
56.2,3.575
56.2,3.575
56.3,3.575
56.4,3.575
56.4,3.575
56.5,3.575
56.6,3.575
56.7,3.575
56.7,3.575
56.8,3.575
56.8,3.575
56.9,3.575
56.9,3.575
57.0,3.575
57.1,3.575
57.1,3.575
57.2,3.575
57.2,3.575
57.3,3.575
57.4,3.575
57.4,3.575
57.5,3.575
57.6,3.575
57.6,3.575
57.7,3.575
57.8,3.575
57.9,3.575
57.9,3.575
58.0,3.575
58.1,3.575
58.1,3.575
58.2,3.575
58.3,3.575
58.3,3.575
58.4,3.575
58.5,3.575
58.5,3.575
58.6,3.575
58.6,3.575
58.7,3.575
58.7,3.575
58.8,3.575
58.8,3.575
58.9,3.575
59.0,3.575
59.0,3.575
59.1,3.575
59.2,3.575
59.2,3.575
59.3,3.575
59.4,3.575
59.4,3.575
59.5,3.575
59.6,3.575
59.6,3.575
59.7,3.575
59.7,3.575
59.8,3.580
59.8,3.580
59.9,3.580
60.0,3.580
60.0,3.580
60.1,3.580
60.2,3.580
60.3,3.580
60.3,3.580
60.4,3.580
60.4,3.580
60.5,3.580
60.5,3.580
60.6,3.580
60.7,3.580
60.7,3.580
60.8,3.580
60.9,3.580
60.9,3.580
61.0,3.580
61.0,3.580
61.1,3.580
61.2,3.580
61.2,3.580
61.3,3.580
61.3,3.580
61.4,3.580
61.5,3.580
61.5,3.580
61.6,3.580
61.7,3.580
61.8,3.580
61.8,3.580
61.9,3.580
62.0,3.580
62.0,3.580
62.1,3.580
62.1,3.580
62.2,3.580
62.3,3.580
62.3,3.580
62.4,3.580
62.5,3.580
62.5,3.580
62.6,3.580
62.6,3.580
62.7,3.580
62.8,3.580
62.8,3.580
62.9,3.580
63.0,3.580
63.0,3.580
63.1,3.580
63.2,3.580
63.2,3.580
63.3,3.580
63.4,3.580
63.4,3.580
63.5,3.580
63.5,3.580
63.6,3.580
63.7,3.580
63.7,3.580
63.8,3.580
63.8,3.580
63.9,3.580
64.0,3.580
64.0,3.580
64.1,3.580
64.1,3.580
64.2,3.580
64.3,3.580
64.3,3.585
64.4,3.585
64.4,3.585
64.5,3.585
64.6,3.585
64.6,3.585
64.7,3.585
64.7,3.585
64.8,3.585
64.9,3.585
64.9,3.585
65.0,3.585
65.1,3.585
65.1,3.585
65.2,3.585
65.3,3.585
65.3,3.585
65.4,3.585
65.5,3.585
65.6,3.585
65.6,3.585
65.7,3.585
65.7,3.585
65.8,3.585
65.8,3.585
65.9,3.585
66.0,3.585
66.0,3.585
66.1,3.585
66.2,3.585
66.2,3.585
66.3,3.585
66.3,3.585
66.4,3.585
66.4,3.585
66.5,3.585
66.6,3.585
66.6,3.585
66.7,3.585
66.7,3.585
66.8,3.585
66.9,3.585
66.9,3.585
67.0,3.585
67.1,3.585
67.2,3.585
67.2,3.585
67.2,3.585
67.3,3.585
67.4,3.585
67.5,3.585
67.6,3.585
67.6,3.585
67.7,3.585
67.7,3.585
67.8,3.585
67.8,3.585
67.9,3.585
68.0,3.585
68.1,3.585
68.1,3.585
68.2,3.585
68.3,3.585
68.3,3.585
68.4,3.585
68.4,3.585
68.5,3.585
68.5,3.585
68.6,3.585
68.7,3.585
68.7,3.585
68.8,3.585
68.8,3.585
68.9,3.585
68.9,3.585
69.0,3.585
69.1,3.585
69.2,3.585
69.2,3.585
69.3,3.585
69.3,3.585
69.4,3.585
69.5,3.585
69.5,3.590
69.6,3.590
69.6,3.590
69.7,3.590
69.8,3.590
69.8,3.590
69.9,3.590
69.9,3.590
70.0,3.590
70.0,3.590
70.1,3.590
70.1,3.590
70.2,3.590
70.2,3.590
70.3,3.590
70.4,3.590
70.4,3.590
70.5,3.590
70.6,3.590
70.6,3.590
70.7,3.590
70.8,3.590
70.8,3.590
70.9,3.590
70.9,3.590
70.9,3.590
71.0,3.590
71.1,3.590
71.1,3.590
71.2,3.590
71.2,3.590
71.3,3.590
71.3,3.590
71.4,3.590
71.4,3.590
71.5,3.590
71.5,3.590
71.6,3.590
71.6,3.590
71.7,3.590
71.8,3.590
71.8,3.590
71.9,3.590
71.9,3.590
72.0,3.590
72.0,3.590
72.1,3.590
72.1,3.590
72.2,3.590
72.2,3.590
72.3,3.590
72.4,3.590
72.4,3.590
72.4,3.590
72.5,3.590
72.6,3.590
72.6,3.590
72.7,3.590
72.7,3.590
72.8,3.590
72.8,3.590
72.9,3.590
72.9,3.590
73.0,3.590
73.0,3.590
73.1,3.590
73.1,3.590
73.2,3.590
73.3,3.590
73.3,3.590
73.4,3.590
73.4,3.590
73.5,3.590
73.5,3.590
73.5,3.590
73.6,3.590
73.7,3.590
73.7,3.590
73.8,3.590
73.8,3.590
73.8,3.590
73.9,3.590
74.0,3.590
74.0,3.590
74.0,3.590
74.1,3.590
74.1,3.590
74.2,3.590
74.2,3.590
74.2,3.590
74.3,3.590
74.4,3.590
74.4,3.590
74.4,3.590
74.5,3.590
74.5,3.590
74.6,3.590
74.6,3.590
74.7,3.595
74.7,3.595
74.8,3.595
74.9,3.595
74.9,3.595
74.9,3.595
75.0,3.595
75.0,3.595
75.1,3.595
75.1,3.595
75.1,3.595
75.2,3.595
75.2,3.595
75.3,3.595
75.3,3.595
75.4,3.595
75.4,3.595
75.5,3.595
75.5,3.595
75.5,3.595
75.6,3.595
75.6,3.595
75.7,3.595
75.7,3.595
75.8,3.595
75.8,3.595
75.9,3.595
75.9,3.595
75.9,3.595
76.0,3.595
76.0,3.595
76.0,3.595
76.1,3.595
76.1,3.595
76.2,3.595
76.3,3.595
76.3,3.595
76.4,3.595
76.4,3.595
76.5,3.595
76.5,3.595
76.6,3.595
76.6,3.595
76.6,3.595
76.7,3.595
76.7,3.595
76.8,3.595
76.8,3.595
76.8,3.595
76.9,3.595
76.9,3.595
76.9,3.595
77.0,3.595
77.0,3.595
77.1,3.595
77.2,3.595
77.2,3.595
77.2,3.595
77.3,3.595
77.3,3.595
77.3,3.595
77.3,3.595
77.4,3.595
77.5,3.595
77.5,3.595
77.5,3.595
77.6,3.595
77.6,3.595
77.7,3.595
77.7,3.595
77.7,3.595
77.8,3.595
77.8,3.595
77.9,3.595
77.9,3.595
77.9,3.595
78.0,3.595
78.0,3.595
78.1,3.595
78.1,3.595
78.1,3.595
78.2,3.595
78.2,3.595
78.3,3.595
78.3,3.595
78.4,3.595
78.4,3.595
78.4,3.595
78.4,3.595
78.5,3.595
78.5,3.595
78.5,3.595
78.6,3.595
78.6,3.595
78.7,3.595
78.7,3.595
78.7,3.595
78.7,3.595
78.8,3.595
78.8,3.595
78.8,3.595
78.9,3.595
78.9,3.595
78.9,3.595
79.0,3.595
79.0,3.595
79.1,3.595
79.1,3.595
79.1,3.595
79.2,3.595
79.2,3.595
79.2,3.595
79.3,3.595
79.4,3.595
79.4,3.595
79.4,3.595
79.4,3.595
79.5,3.595
79.5,3.595
79.6,3.600
79.6,3.600
79.6,3.600
79.6,3.600
79.7,3.600
79.7,3.600
79.8,3.600
79.8,3.600
79.9,3.600
79.9,3.600
80.0,3.600
80.0,3.600
80.1,3.600
80.1,3.600
80.1,3.600
80.1,3.600
80.2,3.600
80.2,3.600
80.3,3.600
80.3,3.600
80.3,3.600
80.3,3.600
80.4,3.600
80.4,3.600
80.5,3.600
80.5,3.600
80.5,3.600
80.6,3.600
80.6,3.600
80.7,3.600
80.7,3.600
80.7,3.600
80.7,3.600
80.8,3.600
80.8,3.600
80.9,3.600
80.9,3.600
81.0,3.600
81.0,3.600
81.0,3.600
81.1,3.600
81.2,3.600
81.2,3.600
81.2,3.600
81.3,3.600
81.3,3.600
81.3,3.600
81.3,3.600
81.3,3.600
81.3,3.600
81.4,3.600
81.4,3.600
81.5,3.600
81.5,3.600
81.5,3.600
81.6,3.600
81.7,3.600
81.7,3.600
81.7,3.600
81.7,3.600
81.7,3.600
81.8,3.600
81.8,3.600
81.8,3.600
81.9,3.600
81.9,3.600
82.0,3.600
82.0,3.600
82.0,3.600
82.1,3.600
82.1,3.600
82.2,3.600
82.2,3.600
82.2,3.600
82.3,3.600
82.3,3.600
82.4,3.600
82.4,3.600
82.4,3.600
82.5,3.600
82.5,3.600
82.5,3.600
82.6,3.600
82.6,3.600
82.6,3.600
82.7,3.600
82.7,3.600
82.8,3.600
82.8,3.600
82.9,3.600
82.9,3.600
83.0,3.600
83.0,3.600
83.1,3.600
83.1,3.600
83.2,3.600
83.2,3.600
83.2,3.600
83.3,3.600
83.3,3.600
83.4,3.600
83.4,3.600
83.4,3.600
83.4,3.600
83.4,3.600
83.5,3.600
83.5,3.600
83.5,3.600
83.6,3.600
83.6,3.600
83.7,3.600
83.7,3.600
83.8,3.600
83.8,3.600
83.8,3.600
83.8,3.600
83.9,3.600
83.9,3.600
84.0,3.600
84.0,3.600
84.0,3.600
84.1,3.600
84.2,3.600
84.2,3.600
84.2,3.600
84.3,3.600
84.3,3.600
84.4,3.600
84.4,3.600
84.4,3.600
84.4,3.600
84.4,3.600
84.4,3.600
84.5,3.600
84.6,3.605
84.6,3.605
84.7,3.605
84.7,3.605
84.7,3.605
84.8,3.605
84.8,3.605
84.9,3.605
84.9,3.605
85.0,3.605
85.0,3.605
85.0,3.605
85.1,3.605
85.1,3.605
85.2,3.605
85.2,3.605
85.2,3.605
85.3,3.605
85.3,3.605
85.4,3.605
85.4,3.605
85.4,3.605
85.4,3.605
85.5,3.605
85.5,3.605
85.6,3.605
85.6,3.605
85.6,3.605
85.6,3.605
85.7,3.605
85.8,3.605
85.8,3.605
85.8,3.605
85.9,3.605
85.9,3.605
86.0,3.605
86.0,3.605
86.0,3.605
86.1,3.605
86.1,3.605
86.2,3.605
86.2,3.605
86.2,3.605
86.3,3.605
86.3,3.605
86.3,3.605
86.4,3.605
86.5,3.605
86.5,3.605
86.5,3.605
86.6,3.605
86.6,3.605
86.6,3.605
86.7,3.605
86.7,3.605
86.8,3.605
86.8,3.605
86.8,3.605
86.9,3.605
86.9,3.605
87.0,3.605
87.0,3.605
87.0,3.605
87.0,3.605
87.1,3.605
87.2,3.605
87.2,3.605
87.2,3.605
87.2,3.605
87.3,3.605
87.3,3.605
87.4,3.605
87.4,3.605
87.4,3.605
87.5,3.605
87.5,3.605
87.5,3.605
87.5,3.605
87.6,3.605
87.6,3.605
87.7,3.605
87.7,3.605
87.8,3.605
87.8,3.605
87.9,3.605
87.9,3.605
87.9,3.605
87.9,3.605
88.0,3.605
88.0,3.605
88.1,3.605
88.1,3.605
88.2,3.605
88.2,3.605
88.2,3.605
88.3,3.605
88.3,3.605
88.4,3.605
88.4,3.605
88.4,3.605
88.5,3.605
88.5,3.605
88.5,3.605
88.6,3.605
88.6,3.605
88.6,3.605
88.7,3.605
88.7,3.605
88.8,3.605
88.8,3.605
88.8,3.605
88.8,3.605
88.9,3.605
89.0,3.605
89.0,3.605
89.0,3.605
89.0,3.605
89.1,3.605
89.2,3.605
89.2,3.605
89.2,3.605
89.3,3.605
89.3,3.605
89.3,3.605
89.3,3.605
89.4,3.605
89.4,3.605
89.4,3.605
89.5,3.605
89.5,3.605
89.6,3.605
89.6,3.605
89.6,3.605
89.6,3.605
89.7,3.605
89.7,3.605
89.8,3.605
89.8,3.605
89.8,3.605
89.8,3.605
89.9,3.610
89.9,3.610
89.9,3.610
89.9,3.610
90.0,3.610
90.0,3.610
90.0,3.610
90.1,3.610
90.1,3.610
90.1,3.610
90.2,3.610
90.2,3.610
90.2,3.610
90.3,3.610
90.3,3.610
90.4,3.610
90.4,3.610
90.5,3.610
90.5,3.610
90.5,3.610
90.6,3.610
90.6,3.610
90.6,3.610
90.6,3.610
90.7,3.610
90.7,3.610
90.8,3.610
90.8,3.610
90.8,3.610
90.9,3.610
90.9,3.610
90.9,3.610
90.9,3.610
90.9,3.610
91.0,3.610
91.0,3.610
91.1,3.610
91.1,3.610
91.1,3.610
91.1,3.610
91.2,3.610
91.2,3.610
91.2,3.610
91.2,3.610
91.3,3.610
91.3,3.610
91.3,3.610
91.4,3.610
91.4,3.610
91.4,3.610
91.5,3.610
91.5,3.610
91.5,3.610
91.6,3.610
91.6,3.610
91.6,3.610
91.6,3.610
91.7,3.610
91.7,3.610
91.8,3.610
91.8,3.610
91.8,3.610
91.8,3.610
91.9,3.610
91.9,3.610
92.0,3.610
92.0,3.610
92.0,3.610
92.0,3.610
92.0,3.610
92.1,3.610
92.1,3.610
92.1,3.610
92.1,3.610
92.2,3.610
92.3,3.610
92.3,3.610
92.3,3.610
92.3,3.610
92.4,3.610
92.4,3.610
92.4,3.610
92.4,3.610
92.4,3.610
92.5,3.610
92.5,3.610
92.5,3.610
92.6,3.610
92.6,3.610
92.7,3.610
92.7,3.610
92.7,3.610
92.7,3.610
92.8,3.610
92.8,3.610
92.8,3.610
92.8,3.610
92.8,3.610
92.9,3.610
92.9,3.610
93.0,3.610
93.0,3.610
93.0,3.610
93.1,3.610
93.1,3.610
93.1,3.610
93.2,3.610
93.2,3.610
93.2,3.610
93.2,3.610
93.3,3.610
93.3,3.610
93.3,3.610
93.3,3.610
93.4,3.610
93.4,3.610
93.4,3.610
93.4,3.610
93.5,3.610
93.5,3.610
93.6,3.610
93.6,3.610
93.6,3.610
93.6,3.610
93.7,3.610
93.7,3.610
93.7,3.610
93.7,3.610
93.8,3.610
93.8,3.610
93.9,3.610
93.9,3.610
93.9,3.610
93.9,3.610
94.0,3.610
94.0,3.610
94.1,3.610
94.1,3.610
94.1,3.610
94.2,3.610
94.2,3.610
94.2,3.610
94.2,3.610
94.3,3.610
94.3,3.610
94.4,3.610
94.4,3.610
94.4,3.610
94.5,3.610
94.5,3.610
94.5,3.610
94.6,3.610
94.6,3.610
94.6,3.610
94.6,3.610
94.7,3.610
94.7,3.610
94.8,3.610
94.8,3.610
94.8,3.610
94.9,3.610
94.9,3.610
94.9,3.610
95.0,3.610
95.0,3.610
95.0,3.610
95.1,3.610
95.1,3.610
95.1,3.610
95.1,3.610
95.2,3.610
95.2,3.615
95.2,3.615
95.3,3.615
95.3,3.615
95.4,3.615
95.4,3.615
95.4,3.615
95.5,3.615
95.5,3.615
95.5,3.615
95.5,3.615
95.5,3.615
95.6,3.615
95.6,3.615
95.6,3.615
95.7,3.615
95.7,3.615
95.8,3.615
95.8,3.615
95.8,3.615
95.9,3.615
95.9,3.615
96.0,3.615
96.0,3.615
96.0,3.615
96.0,3.615
96.1,3.615
96.2,3.615
96.2,3.615
96.2,3.615
96.2,3.615
96.3,3.615
96.3,3.615
96.3,3.615
96.4,3.615
96.4,3.615
96.4,3.615
96.5,3.615
96.5,3.615
96.6,3.615
96.6,3.615
96.6,3.615
96.6,3.615
96.7,3.615
96.7,3.615
96.8,3.615
96.8,3.615
96.8,3.615
96.8,3.615
96.9,3.615
96.9,3.615
97.0,3.615
97.0,3.615
97.0,3.615
97.1,3.615
97.1,3.615
97.1,3.615
97.2,3.615
97.2,3.615
97.2,3.615
97.2,3.615
97.3,3.615
97.3,3.615
97.3,3.615
97.3,3.615
97.4,3.615
97.5,3.615
97.5,3.615
97.5,3.615
97.6,3.615
97.6,3.615
97.7,3.615
97.7,3.615
97.7,3.615
97.8,3.615
97.8,3.615
97.8,3.615
97.9,3.615
97.9,3.615
98.0,3.615
98.0,3.615
98.0,3.615
98.1,3.615
98.1,3.615
98.1,3.615
98.1,3.615
98.2,3.615
98.2,3.615
98.3,3.615
98.3,3.615
98.4,3.615
98.4,3.615
98.5,3.615
98.5,3.615
98.6,3.615
98.6,3.615
98.6,3.615
98.7,3.615
98.7,3.615
98.8,3.615
98.8,3.615
98.8,3.615
98.9,3.615
98.9,3.615
99.0,3.615
99.0,3.615
99.0,3.615
99.0,3.615
99.1,3.615
99.1,3.615
99.2,3.615
99.2,3.615
99.3,3.615
99.3,3.615
99.4,3.615
99.4,3.615
99.4,3.615
99.5,3.615
99.5,3.615
99.6,3.615
99.6,3.615
99.6,3.615
99.7,3.615
99.7,3.615
99.8,3.615
99.8,3.615
99.9,3.615
99.9,3.615
100.0,3.615
100.0,3.615
100.1,3.615
100.1,3.615
100.2,3.615
100.2,3.615
100.3,3.620
100.3,3.620
100.3,3.620
100.4,3.620
100.5,3.620
100.5,3.620
100.5,3.620
100.5,3.620
100.6,3.620
100.7,3.620
100.7,3.620
100.7,3.620
100.8,3.620
100.9,3.620
100.9,3.620
100.9,3.620
101.0,3.620
101.0,3.620
101.1,3.620
101.1,3.620
101.2,3.620
101.2,3.620
101.3,3.620
101.3,3.620
101.4,3.620
101.4,3.620
101.4,3.620
101.5,3.620
101.6,3.620
101.6,3.620
101.6,3.620
101.7,3.620
101.7,3.620
101.8,3.620
101.9,3.620
101.9,3.620
102.0,3.620
102.0,3.620
102.1,3.620
102.1,3.620
102.2,3.620
102.2,3.620
102.3,3.620
102.3,3.620
102.4,3.620
102.4,3.620
102.4,3.620
102.5,3.620
102.6,3.620
102.6,3.620
102.6,3.620
102.7,3.620
102.8,3.620
102.8,3.620
102.9,3.620
102.9,3.620
103.0,3.620
103.1,3.620
103.1,3.620
103.2,3.620
103.2,3.620
103.2,3.620
103.3,3.620
103.4,3.620
103.4,3.620
103.4,3.620
103.5,3.620
103.5,3.620
103.6,3.620
103.6,3.620
103.7,3.620
103.8,3.620
103.8,3.620
103.8,3.620
103.9,3.620
104.0,3.620
104.1,3.620
104.1,3.620
104.2,3.620
104.2,3.620
104.3,3.620
104.3,3.620
104.4,3.620
104.4,3.620
104.4,3.620
104.5,3.620
104.6,3.620
104.6,3.620
104.7,3.620
104.8,3.620
104.8,3.620
104.9,3.620
104.9,3.620
105.0,3.620
105.1,3.620
105.1,3.620
105.1,3.620
105.2,3.620
105.3,3.620
105.3,3.620
105.4,3.620
105.5,3.620
105.5,3.620
105.6,3.625
105.6,3.625
105.7,3.625
105.7,3.625
105.8,3.625
105.9,3.625
105.9,3.625
106.0,3.625
106.0,3.625
106.1,3.625
106.2,3.625
106.2,3.625
106.3,3.625
106.4,3.625
106.4,3.625
106.5,3.625
106.5,3.625
106.6,3.625
106.7,3.625
106.7,3.625
106.8,3.625
106.9,3.625
106.9,3.625
107.0,3.625
107.1,3.625
107.1,3.625
107.1,3.625
107.2,3.625
107.3,3.625
107.3,3.625
107.4,3.625
107.4,3.625
107.5,3.625
107.6,3.625
107.7,3.625
107.7,3.625
107.8,3.625
107.8,3.625
107.9,3.625
108.0,3.625
108.0,3.625
108.1,3.625
108.2,3.625
108.3,3.625
108.3,3.625
108.4,3.625
108.5,3.625
108.5,3.625
108.6,3.625
108.6,3.625
108.7,3.625
108.8,3.625
108.8,3.625
108.9,3.625
109.0,3.625
109.1,3.625
109.1,3.625
109.2,3.625
109.2,3.625
109.3,3.625
109.4,3.625
109.4,3.625
109.5,3.625
109.6,3.625
109.6,3.625
109.7,3.625
109.8,3.625
109.9,3.625
110.0,3.625
110.0,3.625
110.1,3.625
110.2,3.625
110.2,3.625
110.3,3.625
110.4,3.625
110.4,3.625
110.5,3.625
110.6,3.625
110.6,3.625
110.7,3.625
110.8,3.625
110.9,3.625
111.0,3.630
111.1,3.630
111.2,3.630
111.2,3.630
111.3,3.630
111.4,3.630
111.4,3.630
111.5,3.630
111.6,3.630
111.7,3.630
111.8,3.630
111.8,3.630
111.9,3.630
112.0,3.630
112.0,3.630
112.1,3.630
112.2,3.630
112.3,3.630
112.3,3.630
112.4,3.630
112.5,3.630
112.6,3.630
112.6,3.630
112.7,3.630
112.8,3.630
112.9,3.630
112.9,3.630
113.0,3.630
113.1,3.630
113.2,3.630
113.2,3.630
113.3,3.630
113.4,3.630
113.5,3.630
113.6,3.630
113.6,3.630
113.7,3.630
113.8,3.630
113.9,3.630
113.9,3.630
114.0,3.630
114.1,3.630
114.2,3.630
114.2,3.630
114.3,3.630
114.4,3.630
114.5,3.630
114.6,3.630
114.6,3.630
114.7,3.630
114.8,3.630
114.9,3.630
115.0,3.630
115.0,3.630
115.1,3.630
115.2,3.630
115.3,3.630
115.4,3.630
115.5,3.630
115.5,3.630
115.6,3.630
115.7,3.630
115.8,3.630
115.8,3.630
115.9,3.630
116.0,3.630
116.1,3.630
116.2,3.630
116.3,3.630
116.4,3.630
116.4,3.630
116.5,3.635
116.6,3.635
116.7,3.635
116.8,3.635
116.8,3.635
116.9,3.635
117.0,3.635
117.1,3.635
117.2,3.635
117.2,3.635
117.3,3.635
117.4,3.635
117.5,3.635
117.5,3.635
117.6,3.635
117.7,3.635
117.8,3.635
117.9,3.635
118.0,3.635
118.1,3.635
118.1,3.635
118.2,3.635
118.3,3.635
118.4,3.635
118.5,3.635
118.5,3.635
118.6,3.635
118.7,3.635
118.8,3.635
118.8,3.635
118.9,3.635
119.0,3.635
119.1,3.635
119.2,3.635
119.3,3.635
119.3,3.635
119.4,3.635
119.5,3.635
119.5,3.635
119.6,3.635
119.7,3.635
119.8,3.635
119.9,3.635
119.9,3.635
120.0,3.635
120.1,3.635
120.2,3.635
120.3,3.635
120.3,3.635
120.4,3.635
120.5,3.635
120.5,3.635
120.6,3.635
120.7,3.635
120.8,3.635
120.9,3.635
121.0,3.635
121.1,3.635
121.2,3.635
121.2,3.635
121.3,3.635
121.4,3.635
121.5,3.635
121.5,3.635
121.6,3.635
121.7,3.640
121.8,3.640
121.9,3.640
121.9,3.640
122.0,3.640
122.1,3.640
122.2,3.640
122.3,3.640
122.4,3.640
122.5,3.640
122.5,3.640
122.6,3.640
122.7,3.640
122.8,3.640
122.9,3.640
122.9,3.640
123.0,3.640
123.1,3.640
123.1,3.640
123.2,3.640
123.3,3.640
123.4,3.640
123.5,3.640
123.6,3.640
123.7,3.640
123.7,3.640
123.8,3.640
123.9,3.640
124.0,3.640
124.1,3.640
124.2,3.640
124.3,3.640
124.4,3.640
124.4,3.640
124.5,3.640
124.6,3.640
124.7,3.640
124.7,3.640
124.8,3.640
124.9,3.640
125.0,3.640
125.1,3.640
125.2,3.640
125.2,3.640
125.3,3.640
125.4,3.640
125.5,3.640
125.6,3.640
125.6,3.640
125.7,3.640
125.8,3.640
125.9,3.640
126.0,3.640
126.1,3.640
126.2,3.640
126.3,3.640
126.4,3.640
126.4,3.640
126.5,3.640
126.6,3.640
126.7,3.640
126.7,3.645
126.8,3.645
126.9,3.645
127.0,3.645
127.1,3.645
127.2,3.645
127.3,3.645
127.4,3.645
127.5,3.645
127.6,3.645
127.6,3.645
127.7,3.645
127.8,3.645
127.9,3.645
128.0,3.645
128.1,3.645
128.2,3.645
128.2,3.645
128.3,3.645
128.4,3.645
128.5,3.645
128.6,3.645
128.6,3.645
128.7,3.645
128.8,3.645
128.9,3.645
129.0,3.645
129.1,3.645
129.1,3.645
129.2,3.645
129.3,3.645
129.4,3.645
129.5,3.645
129.5,3.645
129.6,3.645
129.7,3.645
129.8,3.645
129.9,3.645
129.9,3.645
130.0,3.645
130.1,3.645
130.2,3.645
130.2,3.645
130.3,3.645
130.4,3.645
130.5,3.645
130.6,3.645
130.6,3.645
130.7,3.645
130.8,3.645
130.8,3.645
130.9,3.645
131.0,3.645
131.0,3.645
131.1,3.645
131.2,3.645
131.3,3.645
131.4,3.645
131.5,3.645
131.6,3.645
131.6,3.645
131.7,3.645
131.8,3.645
131.8,3.645
131.9,3.645
132.0,3.645
132.1,3.645
132.1,3.650
132.2,3.650
132.3,3.650
132.3,3.650
132.4,3.650
132.5,3.650
132.5,3.650
132.6,3.650
132.7,3.650
132.8,3.650
132.9,3.650
132.9,3.650
133.0,3.650
133.1,3.650
133.1,3.650
133.2,3.650
133.3,3.650
133.3,3.650
133.4,3.650
133.5,3.650
133.5,3.650
133.6,3.650
133.7,3.650
133.7,3.650
133.8,3.650
133.9,3.650
133.9,3.650
134.0,3.650
134.1,3.650
134.1,3.650
134.2,3.650
134.3,3.650
134.3,3.650
134.4,3.650
134.5,3.650
134.5,3.650
134.6,3.650
134.6,3.650
134.7,3.650
134.8,3.650
134.8,3.650
134.9,3.650
135.0,3.650
135.0,3.650
135.1,3.650
135.2,3.650
135.3,3.650
135.3,3.650
135.4,3.650
135.4,3.650
135.5,3.650
135.6,3.650
135.6,3.650
135.7,3.650
135.7,3.650
135.8,3.650
135.8,3.650
135.9,3.650
136.0,3.650
136.0,3.650
136.1,3.650
136.2,3.650
136.2,3.650
136.3,3.650
136.4,3.650
136.4,3.650
136.5,3.650
136.5,3.650
136.6,3.650
136.6,3.650
136.7,3.650
136.7,3.650
136.8,3.650
136.9,3.650
136.9,3.650
137.0,3.650
137.1,3.650
137.1,3.650
137.2,3.650
137.2,3.650
137.3,3.650
137.3,3.650
137.4,3.650
137.5,3.650
137.6,3.655
137.6,3.655
137.6,3.655
137.7,3.655
137.7,3.655
137.8,3.655
137.9,3.655
137.9,3.655
137.9,3.655
138.0,3.655
138.1,3.655
138.1,3.655
138.2,3.655
138.2,3.655
138.3,3.655
138.3,3.655
138.4,3.655
138.4,3.655
138.5,3.655
138.5,3.655
138.6,3.655
138.6,3.655
138.7,3.655
138.8,3.655
138.8,3.655
138.9,3.655
138.9,3.655
139.0,3.655
139.1,3.655
139.1,3.655
139.2,3.655
139.2,3.655
139.3,3.655
139.3,3.655
139.4,3.655
139.4,3.655
139.5,3.655
139.5,3.655
139.6,3.655
139.6,3.655
139.7,3.655
139.7,3.655
139.8,3.655
139.8,3.655
139.9,3.655
139.9,3.655
140.0,3.655
140.1,3.655
140.1,3.655
140.2,3.655
140.2,3.655
140.3,3.655
140.3,3.655
140.3,3.655
140.4,3.655
140.4,3.655
140.5,3.655
140.5,3.655
140.5,3.655
140.6,3.655
140.6,3.655
140.7,3.655
140.7,3.655
140.8,3.655
140.8,3.655
140.9,3.655
140.9,3.655
140.9,3.655
141.0,3.655
141.0,3.655
141.1,3.655
141.1,3.655
141.2,3.655
141.2,3.655
141.3,3.655
141.4,3.655
141.4,3.655
141.5,3.655
141.5,3.655
141.6,3.655
141.6,3.655
141.6,3.655
141.7,3.655
141.8,3.655
141.8,3.655
141.8,3.655
141.8,3.655
141.9,3.655
141.9,3.655
142.0,3.655
142.0,3.655
142.1,3.655
142.2,3.655
142.2,3.655
142.2,3.655
142.3,3.655
142.3,3.655
142.4,3.655
142.4,3.655
142.4,3.655
142.5,3.655
142.5,3.655
142.5,3.655
142.6,3.660
142.7,3.660
142.7,3.660
142.7,3.660
142.8,3.660
142.8,3.660
142.9,3.660
142.9,3.660
142.9,3.660
143.0,3.660
143.1,3.660
143.1,3.660
143.2,3.660
143.2,3.660
143.3,3.660
143.3,3.660
143.3,3.660
143.4,3.660
143.5,3.660
143.5,3.660
143.5,3.660
143.6,3.660
143.6,3.660
143.6,3.660
143.7,3.660
143.7,3.660
143.7,3.660
143.8,3.660
143.8,3.660
143.8,3.660
143.9,3.660
143.9,3.660
144.0,3.660
144.0,3.660
144.1,3.660
144.1,3.660
144.2,3.660
144.2,3.660
144.2,3.660
144.3,3.660
144.3,3.660
144.4,3.660
144.4,3.660
144.4,3.660
144.5,3.660
144.5,3.660
144.5,3.660
144.6,3.660
144.7,3.660
144.7,3.660
144.8,3.660
144.8,3.660
144.8,3.660
144.9,3.660
144.9,3.660
145.0,3.660
145.0,3.660
145.0,3.660
145.0,3.660
145.1,3.660
145.1,3.660
145.2,3.660
145.2,3.660
145.2,3.660
145.3,3.660
145.4,3.660
145.4,3.660
145.5,3.660
145.5,3.660
145.5,3.660
145.6,3.660
145.6,3.660
145.6,3.660
145.7,3.660
145.8,3.660
145.8,3.660
145.8,3.660
145.8,3.660
145.9,3.660
146.0,3.660
146.0,3.660
146.1,3.660
146.1,3.660
146.1,3.660
146.2,3.660
146.2,3.660
146.2,3.660
146.2,3.660
146.2,3.660
146.3,3.660
146.3,3.660
146.4,3.660
146.4,3.660
146.4,3.660
146.5,3.660
146.6,3.660
146.6,3.660
146.6,3.660
146.7,3.660
146.7,3.660
146.7,3.660
146.7,3.660
146.8,3.660
146.8,3.660
146.9,3.660
146.9,3.660
146.9,3.660
147.0,3.660
147.0,3.660
147.0,3.660
147.1,3.660
147.1,3.660
147.2,3.660
147.2,3.660
147.2,3.660
147.2,3.660
147.3,3.660
147.4,3.665
147.4,3.665
147.4,3.665
147.5,3.665
147.5,3.665
147.5,3.665
147.5,3.665
147.5,3.665
147.6,3.665
147.6,3.665
147.7,3.665
147.7,3.665
147.8,3.665
147.8,3.665
147.9,3.665
147.9,3.665
148.0,3.665
148.0,3.665
148.1,3.665
148.1,3.665
148.1,3.665
148.1,3.665
148.2,3.665
148.3,3.665
148.3,3.665
148.3,3.665
148.4,3.665
148.4,3.665
148.4,3.665
148.4,3.665
148.5,3.665
148.5,3.665
148.5,3.665
148.5,3.665
148.6,3.665
148.6,3.665
148.6,3.665
148.6,3.665
148.6,3.665
148.7,3.665
148.7,3.665
148.8,3.665
148.8,3.665
148.8,3.665
148.8,3.665
148.9,3.665
149.0,3.665
149.0,3.665
149.0,3.665
149.0,3.665
149.0,3.665
149.1,3.665
149.1,3.665
149.2,3.665
149.2,3.665
149.3,3.665
149.3,3.665
149.4,3.665
149.4,3.665
149.4,3.665
149.5,3.665
149.5,3.665
149.5,3.665
149.5,3.665
149.6,3.665
149.6,3.665
149.6,3.665
149.6,3.665
149.7,3.665
149.8,3.665
149.8,3.665
149.8,3.665
149.8,3.665
149.8,3.665
149.9,3.665
149.9,3.665
150.0,3.665
150.0,3.665
150.0,3.665
150.1,3.665
150.1,3.665
150.1,3.665
150.1,3.665
150.2,3.665
150.2,3.665
150.3,3.665
150.3,3.665
150.4,3.665
150.4,3.665
150.4,3.665
150.5,3.665
150.5,3.665
150.5,3.665
150.5,3.665
150.6,3.665
150.6,3.665
150.6,3.665
150.6,3.665
150.7,3.665
150.7,3.665
150.7,3.665
150.7,3.665
150.7,3.665
150.8,3.665
150.8,3.665
150.9,3.665
150.9,3.665
150.9,3.665
151.0,3.665
151.0,3.665
151.0,3.665
151.1,3.665
151.1,3.665
151.1,3.665
151.2,3.665
151.2,3.665
151.2,3.665
151.2,3.665
151.3,3.665
151.3,3.665
151.4,3.665
151.4,3.665
151.4,3.665
151.4,3.665
151.5,3.665
151.5,3.665
151.5,3.665
151.5,3.665
151.6,3.665
151.6,3.665
151.7,3.665
151.7,3.665
151.8,3.665
151.8,3.665
151.8,3.665
151.9,3.665
152.0,3.665
152.0,3.665
152.0,3.665
152.0,3.665
152.0,3.665
152.0,3.665
152.0,3.665
152.0,3.665
152.1,3.665
152.1,3.665
152.2,3.665
152.2,3.665
152.2,3.665
152.2,3.665
152.2,3.665
152.2,3.665
152.3,3.665
152.3,3.665
152.4,3.665
152.4,3.665
152.4,3.665
152.5,3.665
152.5,3.665
152.5,3.665
152.6,3.670
152.6,3.670
152.6,3.670
152.7,3.670
152.7,3.670
152.7,3.670
152.7,3.670
152.7,3.670
152.8,3.670
152.8,3.670
152.9,3.670
152.9,3.670
152.9,3.670
152.9,3.670
153.0,3.670
153.0,3.670
153.1,3.670
153.1,3.670
153.1,3.670
153.2,3.670
153.2,3.670
153.2,3.670
153.3,3.670
153.3,3.670
153.3,3.670
153.3,3.670
153.4,3.670
153.4,3.670
153.4,3.670
153.5,3.670
153.5,3.670
153.5,3.670
153.6,3.670
153.6,3.670
153.6,3.670
153.7,3.670
153.7,3.670
153.7,3.670
153.7,3.670
153.7,3.670
153.7,3.670
153.8,3.670
153.7,3.670
153.7,3.670
153.7,3.670
153.9,3.670
153.9,3.670
153.9,3.670
154.0,3.670
154.0,3.670
154.0,3.670
154.1,3.670
154.1,3.670
154.1,3.670
154.2,3.670
154.2,3.670
154.2,3.670
154.3,3.670
154.3,3.670
154.3,3.670
154.3,3.670
154.3,3.670
154.3,3.670
154.4,3.670
154.4,3.670
154.5,3.670
154.5,3.670
154.5,3.670
154.5,3.670
154.6,3.670
154.6,3.670
154.6,3.670
154.7,3.670
154.7,3.670
154.7,3.670
154.7,3.670
154.8,3.670
154.8,3.670
154.8,3.670
154.8,3.670
154.9,3.670
154.9,3.670
155.0,3.670
155.0,3.670
155.0,3.670
155.0,3.670
155.1,3.670
155.1,3.670
155.1,3.670
155.2,3.670
155.2,3.670
155.2,3.670
155.2,3.670
155.3,3.670
155.3,3.670
155.3,3.670
155.3,3.670
155.3,3.670
155.4,3.670
155.4,3.670
155.4,3.670
155.5,3.670
155.5,3.670
155.5,3.670
155.5,3.670
155.6,3.670
155.6,3.670
155.6,3.670
155.7,3.670
155.7,3.670
155.7,3.670
155.7,3.670
155.8,3.670
155.8,3.670
155.8,3.670
155.8,3.670
155.8,3.670
155.9,3.670
155.9,3.670
156.0,3.670
156.0,3.670
156.0,3.670
156.1,3.670
156.1,3.670
156.1,3.670
156.1,3.670
156.1,3.670
156.2,3.670
156.2,3.670
156.2,3.670
156.2,3.670
156.3,3.670
156.3,3.670
156.3,3.670
156.3,3.670
156.4,3.670
156.4,3.670
156.4,3.670
156.4,3.670
156.5,3.670
156.5,3.670
156.5,3.670
156.6,3.670
156.6,3.670
156.6,3.670
156.7,3.670
156.7,3.670
156.7,3.670
156.8,3.670
156.8,3.670
156.8,3.670
156.8,3.670
156.8,3.670
156.8,3.670
156.8,3.670
156.8,3.670
156.9,3.670
156.9,3.670
157.0,3.670
157.0,3.670
157.0,3.670
157.1,3.670
157.1,3.670
157.1,3.670
157.2,3.670
157.2,3.670
157.2,3.670
157.2,3.670
157.3,3.670
157.3,3.670
157.3,3.670
157.3,3.670
157.4,3.670
157.4,3.670
157.4,3.670
157.4,3.670
157.4,3.670
157.5,3.670
157.5,3.670
157.6,3.670
157.6,3.670
157.6,3.670
157.7,3.670
157.7,3.670
157.7,3.670
157.7,3.670
157.8,3.670
157.8,3.670
157.8,3.670
157.9,3.675
157.9,3.675
157.9,3.675
157.9,3.675
157.9,3.675
157.9,3.675
157.9,3.675
158.0,3.675
158.1,3.675
158.1,3.675
158.1,3.675
158.1,3.675
158.2,3.675
158.2,3.675
158.2,3.675
158.2,3.675
158.2,3.675
158.2,3.675
158.2,3.675
158.3,3.675
158.3,3.675
158.3,3.675
158.4,3.675
158.4,3.675
158.4,3.675
158.4,3.675
158.5,3.675
158.5,3.675
158.6,3.675
158.6,3.675
158.6,3.675
158.6,3.675
158.6,3.675
158.7,3.675
158.7,3.675
158.8,3.675
158.8,3.675
158.8,3.675
158.8,3.675
158.8,3.675
158.9,3.675
158.9,3.675
159.0,3.675
159.0,3.675
159.0,3.675
159.0,3.675
159.1,3.675
159.1,3.675
159.1,3.675
159.1,3.675
159.1,3.675
159.1,3.675
159.2,3.675
159.2,3.675
159.3,3.675
159.3,3.675
159.3,3.675
159.3,3.675
159.4,3.675
159.4,3.675
159.4,3.675
159.5,3.675
159.5,3.675
159.5,3.675
159.5,3.675
159.6,3.675
159.6,3.675
159.6,3.675
159.6,3.675
159.7,3.675
159.7,3.675
159.7,3.675
159.7,3.675
159.7,3.675
159.7,3.675
159.8,3.675
159.8,3.675
159.8,3.675
159.9,3.675
159.9,3.675
159.9,3.675
160.0,3.675
160.0,3.675
160.1,3.675
160.1,3.675
160.1,3.675
160.1,3.675
160.2,3.675
160.2,3.675
160.2,3.675
160.2,3.675
160.2,3.675
160.3,3.675
160.3,3.675
160.3,3.675
160.4,3.675
160.4,3.675
160.4,3.675
160.4,3.675
160.4,3.675
160.4,3.675
160.5,3.675
160.5,3.675
160.5,3.675
160.6,3.675
160.6,3.675
160.6,3.675
160.7,3.675
160.7,3.675
160.7,3.675
160.7,3.675
160.7,3.675
160.7,3.675
160.7,3.675
160.8,3.675
160.9,3.675
160.9,3.675
160.9,3.675
161.0,3.675
161.0,3.675
161.0,3.675
161.1,3.675
161.1,3.675
161.1,3.675
161.1,3.675
161.1,3.675
161.2,3.675
161.1,3.675
161.1,3.675
161.1,3.675
161.2,3.675
161.3,3.675
161.3,3.675
161.3,3.675
161.4,3.675
161.4,3.675
161.4,3.675
161.5,3.675
161.5,3.675
161.5,3.675
161.5,3.675
161.5,3.675
161.5,3.675
161.5,3.675
161.5,3.675
161.6,3.675
161.6,3.675
161.7,3.675
161.7,3.675
161.7,3.675
161.7,3.675
161.7,3.675
161.8,3.675
161.8,3.675
161.9,3.675
161.9,3.675
161.9,3.675
161.9,3.675
162.0,3.675
162.0,3.675
162.0,3.675
162.0,3.675
162.0,3.675
162.1,3.675
162.1,3.675
162.1,3.675
162.1,3.675
162.2,3.675
162.2,3.675
162.2,3.675
162.2,3.675
162.2,3.675
162.3,3.675
162.2,3.675
162.2,3.675
162.2,3.675
162.4,3.675
162.4,3.675
162.4,3.675
162.4,3.675
162.5,3.675
162.5,3.675
162.6,3.675
162.6,3.675
162.6,3.675
162.6,3.675
162.6,3.675
162.6,3.675
162.6,3.675
162.6,3.675
162.6,3.675
162.7,3.675
162.7,3.680
162.7,3.680
162.8,3.680
162.8,3.680
162.8,3.680
162.8,3.680
162.9,3.680
162.9,3.680
163.0,3.680
163.0,3.680
163.0,3.680
163.0,3.680
163.0,3.680
163.0,3.680
163.0,3.680
163.0,3.680
163.0,3.680
163.1,3.680
163.1,3.680
163.2,3.680
163.3,3.680
163.3,3.680
163.3,3.680
163.3,3.680
163.3,3.680
163.4,3.680
163.3,3.680
163.3,3.680
163.3,3.680
163.4,3.680
163.4,3.680
163.4,3.680
163.5,3.680
163.5,3.680
163.5,3.680
163.6,3.680
163.6,3.680
163.6,3.680
163.6,3.680
163.7,3.680
163.7,3.680
163.7,3.680
163.7,3.680
163.7,3.680
163.7,3.680
163.7,3.680
163.7,3.680
163.7,3.680
163.7,3.680
163.9,3.680
163.9,3.680
163.9,3.680
163.9,3.680
164.0,3.680
164.1,3.680
164.1,3.680
164.1,3.680
164.1,3.680
164.1,3.680
164.1,3.680
164.2,3.680
164.1,3.680
164.2,3.680
164.3,3.680
164.3,3.680
164.3,3.680
164.3,3.680
164.4,3.680
164.4,3.680
164.4,3.680
164.4,3.680
164.4,3.680
164.4,3.680
164.4,3.680
164.4,3.680
164.4,3.680
164.6,3.680
164.6,3.680
164.6,3.680
164.6,3.680
164.6,3.680
164.6,3.680
164.7,3.680
164.7,3.680
164.8,3.680
164.8,3.680
164.8,3.680
164.8,3.680
164.8,3.680
164.8,3.680
164.9,3.680
164.9,3.680
164.9,3.680
165.0,3.680
165.0,3.680
165.0,3.680
165.0,3.680
165.0,3.680
165.0,3.680
165.1,3.680
165.1,3.680
165.1,3.680
165.1,3.680
165.2,3.680
165.2,3.680
165.2,3.680
165.2,3.680
165.3,3.680
165.3,3.680
165.3,3.680
165.3,3.680
165.4,3.680
165.4,3.680
165.4,3.680
165.5,3.680
165.5,3.680
165.5,3.680
165.5,3.680
165.5,3.680
165.5,3.680
165.5,3.680
165.6,3.680
165.6,3.680
165.7,3.680
165.7,3.680
165.7,3.680
165.7,3.680
165.8,3.680
165.8,3.680
165.9,3.680
165.9,3.680
165.9,3.680
165.9,3.680
165.9,3.680
165.9,3.680
165.9,3.680
165.9,3.680
165.9,3.680
165.9,3.680
166.0,3.680
166.0,3.680
166.0,3.680
166.1,3.680
166.0,3.680
166.1,3.680
166.1,3.680
166.1,3.680
166.1,3.680
166.1,3.680
166.1,3.680
166.2,3.680
166.2,3.680
166.2,3.680
166.3,3.680
166.3,3.680
166.3,3.680
166.3,3.680
166.3,3.680
166.4,3.680
166.4,3.680
166.4,3.680
166.4,3.680
166.4,3.680
166.4,3.680
166.5,3.680
166.5,3.680
166.5,3.680
166.5,3.680
166.5,3.680
166.5,3.680
166.5,3.680
166.6,3.680
166.6,3.680
166.6,3.680
166.6,3.680
166.6,3.680
166.7,3.680
166.7,3.680
166.7,3.680
166.8,3.680
166.8,3.680
166.8,3.680
166.8,3.680
166.8,3.680
166.8,3.680
166.8,3.680
166.8,3.680
166.9,3.680
166.9,3.680
166.9,3.680
166.9,3.680
166.9,3.680
167.0,3.680
167.0,3.680
167.0,3.680
167.1,3.680
167.1,3.680
167.1,3.680
167.1,3.680
167.1,3.680
167.1,3.680
167.1,3.680
167.1,3.680
167.1,3.680
167.3,3.680
167.3,3.680
167.3,3.680
167.2,3.680
167.3,3.680
167.3,3.680
167.3,3.680
167.4,3.680
167.4,3.680
167.4,3.680
167.5,3.680
167.5,3.680
167.5,3.680
167.5,3.680
167.5,3.680
167.5,3.680
167.5,3.680
167.5,3.680
167.5,3.680
167.6,3.680
167.7,3.680
167.7,3.680
167.7,3.680
167.8,3.680
167.8,3.680
167.8,3.680
167.8,3.680
167.8,3.685
167.8,3.685
167.8,3.685
167.8,3.685
167.8,3.685
167.9,3.685
167.9,3.685
167.9,3.685
168.0,3.685
167.9,3.685
167.9,3.685
167.9,3.685
167.9,3.685
168.0,3.685
168.0,3.685
168.0,3.685
168.1,3.685
168.1,3.685
168.2,3.685
168.2,3.685
168.2,3.685
168.2,3.685
168.3,3.685
168.3,3.685
168.3,3.685
168.3,3.685
168.4,3.685
168.4,3.685
168.4,3.685
168.4,3.685
168.4,3.685
168.4,3.685
168.4,3.685
168.4,3.685
168.4,3.685
168.4,3.685
168.5,3.685
168.5,3.685
168.6,3.685
168.6,3.685
168.6,3.685
168.6,3.685
168.7,3.685
168.7,3.685
168.7,3.685
168.7,3.685
168.7,3.685
168.7,3.685
168.7,3.685
168.8,3.685
168.8,3.685
168.8,3.685
168.8,3.685
168.8,3.685
168.8,3.685
168.9,3.685
168.9,3.685
168.9,3.685
169.0,3.685
169.0,3.685
169.0,3.685
169.0,3.685
169.1,3.685
169.1,3.685
169.1,3.685
169.1,3.685
169.2,3.685
169.2,3.685
169.2,3.685
169.2,3.685
169.2,3.685
169.2,3.685
169.2,3.685
169.2,3.685
169.2,3.685
169.3,3.685
169.4,3.685
169.4,3.685
169.4,3.685
169.4,3.685
169.4,3.685
169.4,3.685
169.4,3.685
169.4,3.685
169.4,3.685
169.5,3.685
169.5,3.685
169.5,3.685
169.5,3.685
169.5,3.685
169.6,3.685
169.6,3.685
169.6,3.685
169.6,3.685
169.6,3.685
169.6,3.685
169.6,3.685
169.6,3.685
169.7,3.685
169.7,3.685
169.8,3.685
169.8,3.685
169.8,3.685
169.8,3.685
169.8,3.685
169.8,3.685
169.8,3.685
169.8,3.685
169.8,3.685
169.8,3.685
169.8,3.685
170.0,3.685
170.0,3.685
170.0,3.685
170.1,3.685
170.1,3.685
170.1,3.685
170.1,3.685
170.1,3.685
170.1,3.685
170.1,3.685
170.1,3.685
170.1,3.685
170.1,3.685
170.1,3.685
170.2,3.685
170.2,3.685
170.3,3.685
170.3,3.685
170.3,3.685
170.3,3.685
170.3,3.685
170.3,3.685
170.3,3.685
170.3,3.685
170.3,3.685
170.3,3.685
170.4,3.685
170.4,3.685
170.4,3.685
170.5,3.685
170.4,3.685
170.4,3.685
170.4,3.685
170.5,3.685
170.5,3.685
170.5,3.685
170.5,3.685
170.5,3.685
170.5,3.685
170.5,3.685
170.5,3.685
170.6,3.685
170.6,3.685
170.6,3.685
170.7,3.685
170.7,3.685
170.8,3.685
170.8,3.685
170.8,3.685
170.8,3.685
170.8,3.685
170.8,3.685
170.8,3.685
170.8,3.685
170.8,3.685
170.9,3.685
170.9,3.685
170.9,3.685
170.9,3.685
170.9,3.685
170.9,3.685
170.9,3.685
170.9,3.685
170.9,3.685
170.9,3.685
170.9,3.685
171.0,3.685
171.0,3.685
171.0,3.685
171.1,3.685
171.0,3.685
171.0,3.685
171.0,3.685
171.0,3.685
171.0,3.685
171.0,3.685
171.0,3.685
171.1,3.685
171.1,3.685
171.1,3.685
171.1,3.685
171.2,3.685
171.2,3.685
171.2,3.685
171.2,3.685
171.2,3.685
171.2,3.685
171.2,3.685
171.3,3.685
171.3,3.685
171.3,3.685
171.3,3.685
171.3,3.685
171.3,3.685
171.3,3.685
171.3,3.685
171.3,3.685
171.4,3.685
171.4,3.685
171.4,3.685
171.4,3.685
171.4,3.685
171.4,3.685
171.5,3.685
171.5,3.685
171.5,3.685
171.6,3.685
171.6,3.685
171.6,3.685
171.6,3.685
171.6,3.685
171.6,3.685
171.6,3.685
171.6,3.685
171.6,3.685
171.6,3.685
171.6,3.685
171.7,3.685
171.7,3.685
171.7,3.685
171.7,3.685
171.7,3.685
171.7,3.685
171.7,3.685
171.8,3.685
171.8,3.685
171.8,3.685
171.8,3.685
171.9,3.685
171.9,3.685
172.0,3.685
172.0,3.685
172.0,3.685
172.0,3.685
172.0,3.685
172.0,3.685
172.0,3.685
172.0,3.685
172.0,3.685
172.1,3.685
172.0,3.685
172.0,3.685
172.0,3.685
172.1,3.685
172.1,3.685
172.1,3.685
172.1,3.685
172.1,3.685
172.1,3.685
172.1,3.685
172.2,3.685
172.2,3.685
172.2,3.685
172.3,3.685
172.3,3.685
172.3,3.685
172.3,3.685
172.3,3.685
172.3,3.685
172.3,3.685
172.3,3.685
172.4,3.685
172.4,3.685
172.4,3.685
172.4,3.685
172.4,3.685
172.4,3.685
172.4,3.685
172.4,3.685
172.4,3.685
172.5,3.685
172.5,3.685
172.5,3.685
172.5,3.685
172.5,3.685
172.5,3.685
172.5,3.685
172.5,3.685
172.6,3.685
172.6,3.685
172.6,3.685
172.6,3.685
172.6,3.685
172.6,3.685
172.7,3.685
172.7,3.685
172.7,3.685
172.7,3.685
172.7,3.685
172.7,3.685
172.7,3.685
172.7,3.685
172.8,3.685
172.8,3.685
172.8,3.685
172.8,3.685
172.8,3.685
172.8,3.685
172.8,3.685
172.8,3.685
172.9,3.685
172.9,3.685
172.9,3.685
172.9,3.685
172.9,3.685
172.9,3.685
173.0,3.685
173.0,3.685
173.0,3.685
173.0,3.685
173.0,3.685
173.0,3.685
173.0,3.685
173.0,3.690
173.0,3.690
173.0,3.690
173.1,3.690
173.1,3.690
173.1,3.690
173.1,3.690
173.2,3.690
173.2,3.690
173.2,3.690
173.2,3.690
173.2,3.690
173.2,3.690
173.2,3.690
173.2,3.690
173.2,3.690
173.3,3.690
173.3,3.690
173.3,3.690
173.3,3.690
173.3,3.690
173.3,3.690
173.3,3.690
173.3,3.690
173.3,3.690
173.3,3.690
173.4,3.690
173.4,3.690
173.4,3.690
173.4,3.690
173.4,3.690
173.4,3.690
173.4,3.690
173.4,3.690
173.5,3.690
173.6,3.690
173.6,3.690
173.6,3.690
173.6,3.690
173.6,3.690
173.6,3.690
173.6,3.690
173.6,3.690
173.6,3.690
173.6,3.690
173.6,3.690
173.6,3.690
173.6,3.690
173.6,3.690
173.7,3.690
173.8,3.690
173.8,3.690
173.8,3.690
173.8,3.690
173.8,3.690
173.8,3.690
173.8,3.690
173.8,3.690
173.8,3.690
173.8,3.690
173.9,3.690
173.9,3.690
173.9,3.690
173.9,3.690
173.9,3.690
173.9,3.690
173.9,3.690
174.0,3.690
174.0,3.690
174.0,3.690
174.1,3.690
174.1,3.690
174.1,3.690
174.2,3.690
174.2,3.690
174.2,3.690
174.2,3.690
174.2,3.690
174.2,3.690
174.2,3.690
174.2,3.690
174.2,3.690
174.2,3.690
174.2,3.690
174.3,3.690
174.4,3.690
174.4,3.690
174.4,3.690
174.4,3.690
174.4,3.690
174.4,3.690
174.4,3.690
174.5,3.690
174.5,3.690
174.5,3.690
174.6,3.690
174.6,3.690
174.6,3.690
174.6,3.690
174.6,3.690
174.6,3.690
174.6,3.690
174.6,3.690
174.6,3.690
174.6,3.690
174.7,3.690
174.7,3.690
174.7,3.690
174.8,3.690
174.8,3.690
174.8,3.690
174.8,3.690
174.8,3.690
174.8,3.690
174.8,3.690
174.8,3.690
174.8,3.690
174.8,3.690
175.0,3.690
175.0,3.690
175.0,3.690
175.0,3.690
175.0,3.690
175.1,3.690
175.1,3.690
175.1,3.690
175.1,3.690
175.1,3.690
175.1,3.690
175.2,3.690
175.1,3.690
175.2,3.690
175.2,3.690
175.2,3.690
175.2,3.690
175.2,3.690
175.2,3.690
175.3,3.690
175.3,3.690
175.4,3.690
175.4,3.690
175.4,3.690
175.4,3.690
175.4,3.690
175.4,3.690
175.4,3.690
175.4,3.690
175.4,3.690
175.4,3.690
175.5,3.690
175.5,3.690
175.5,3.690
175.5,3.690
175.5,3.690
175.5,3.690
175.5,3.690
175.5,3.690
175.6,3.690
175.6,3.690
175.7,3.690
175.7,3.690
175.7,3.690
175.8,3.690
175.8,3.690
175.8,3.690
175.8,3.690
175.8,3.690
175.8,3.690
175.9,3.690
175.8,3.690
175.8,3.690
175.8,3.690
175.8,3.690
175.9,3.690
175.9,3.690
175.9,3.690
175.9,3.690
176.0,3.690
176.0,3.690
176.0,3.690
176.1,3.690
176.1,3.690
176.1,3.690
176.1,3.690
176.1,3.690
176.1,3.690
176.1,3.690
176.1,3.690
176.1,3.690
176.1,3.690
176.1,3.690
176.2,3.690
176.2,3.690
176.2,3.690
176.3,3.690
176.3,3.690
176.3,3.690
176.3,3.690
176.4,3.690
176.4,3.690
176.4,3.690
176.4,3.690
176.4,3.690
176.4,3.690
176.4,3.690
176.4,3.690
176.4,3.690
176.4,3.690
176.4,3.690
176.4,3.690
176.4,3.690
176.5,3.690
176.5,3.690
176.5,3.690
176.5,3.690
176.5,3.690
176.5,3.690
176.7,3.690
176.6,3.690
176.6,3.690
176.6,3.690
176.7,3.690
176.7,3.690
176.7,3.690
176.7,3.690
176.7,3.690
176.7,3.690
176.7,3.690
176.7,3.690
176.8,3.690
176.8,3.690
176.8,3.690
176.8,3.690
176.8,3.690
176.8,3.690
176.9,3.690
176.9,3.690
176.9,3.690
176.9,3.690
176.9,3.690
176.9,3.690
176.9,3.690
176.9,3.690
177.0,3.690
177.0,3.690
177.0,3.690
177.0,3.690
177.0,3.690
177.0,3.690
177.0,3.690
177.0,3.690
177.1,3.690
177.1,3.690
177.1,3.690
177.1,3.690
177.1,3.690
177.1,3.690
177.2,3.690
177.2,3.690
177.2,3.690
177.3,3.690
177.3,3.690
177.3,3.690
177.3,3.690
177.3,3.690
177.3,3.690
177.3,3.690
177.3,3.690
177.3,3.690
177.3,3.690
177.3,3.690
177.3,3.690
177.4,3.690
177.4,3.690
177.4,3.690
177.4,3.690
177.4,3.690
177.4,3.690
177.4,3.690
177.5,3.690
177.5,3.690
177.5,3.690
177.5,3.690
177.5,3.690
177.5,3.690
177.6,3.690
177.7,3.690
177.6,3.690
177.6,3.690
177.6,3.690
177.7,3.690
177.7,3.690
177.7,3.690
177.7,3.690
177.7,3.690
177.7,3.690
177.8,3.690
177.8,3.690
177.8,3.690
177.8,3.690
177.8,3.690
177.8,3.690
177.8,3.690
177.8,3.690
177.8,3.690
177.8,3.690
177.8,3.690
177.9,3.690
177.9,3.690
177.9,3.690
177.9,3.690
177.9,3.690
177.9,3.690
177.9,3.690
177.9,3.690
177.9,3.690
178.0,3.690
178.0,3.690
178.0,3.690
178.0,3.690
178.0,3.690
178.0,3.690
178.0,3.690
178.0,3.690
178.1,3.690
178.1,3.690
178.1,3.690
178.1,3.690
178.1,3.690
178.1,3.690
178.1,3.690
178.1,3.690
178.1,3.690
178.1,3.690
178.1,3.690
178.1,3.690
178.2,3.690
178.2,3.690
178.2,3.690
178.2,3.690
178.2,3.690
178.2,3.690
178.3,3.690
178.3,3.690
178.3,3.690
178.3,3.690
178.3,3.690
178.3,3.690
178.3,3.690
178.3,3.690
178.4,3.690
178.4,3.695
178.4,3.695
178.4,3.695
178.4,3.695
178.4,3.695
178.4,3.695
178.4,3.695
178.4,3.695
178.4,3.695
178.5,3.695
178.5,3.695
178.5,3.695
178.5,3.695
178.5,3.695
178.5,3.695
178.5,3.695
178.5,3.695
178.5,3.695
178.5,3.695
178.6,3.695
178.6,3.695
178.6,3.695
178.6,3.695
178.6,3.695
178.6,3.695
178.6,3.695
178.6,3.695
178.6,3.695
178.6,3.695
178.7,3.695
178.7,3.695
178.7,3.695
178.7,3.695
178.7,3.695
178.7,3.695
178.7,3.695
178.7,3.695
178.7,3.695
178.7,3.695
178.7,3.695
178.8,3.695
178.8,3.695
178.8,3.695
178.8,3.695
178.8,3.695
178.8,3.695
178.8,3.695
178.8,3.695
178.8,3.695
178.8,3.695
178.9,3.695
178.9,3.695
179.0,3.695
179.0,3.695
179.0,3.695
179.0,3.695
179.0,3.695
179.0,3.695
179.0,3.695
179.0,3.695
179.0,3.695
179.0,3.695
179.0,3.695
179.0,3.695
179.1,3.695
179.1,3.695
179.1,3.695
179.1,3.695
179.1,3.695
179.1,3.695
179.1,3.695
179.1,3.695
179.1,3.695
179.1,3.695
179.1,3.695
179.1,3.695
179.2,3.695
179.2,3.695
179.2,3.695
179.2,3.695
179.2,3.695
179.2,3.695
179.2,3.695
179.2,3.695
179.2,3.695
179.2,3.695
179.2,3.695
179.3,3.695
179.4,3.695
179.4,3.695
179.4,3.695
179.4,3.695
179.4,3.695
179.4,3.695
179.4,3.695
179.4,3.695
179.4,3.695
179.5,3.695
179.5,3.695
179.5,3.695
179.5,3.695
179.5,3.695
179.5,3.695
179.5,3.695
179.5,3.695
179.5,3.695
179.5,3.695
179.5,3.695
179.5,3.695
179.5,3.695
179.5,3.695
179.5,3.695
179.6,3.695
179.6,3.695
179.6,3.695
179.7,3.695
179.7,3.695
179.7,3.695
179.7,3.695
179.7,3.695
179.7,3.695
179.7,3.695
179.7,3.695
179.7,3.695
179.7,3.695
179.7,3.695
179.7,3.695
179.7,3.695
179.8,3.695
179.8,3.695
179.8,3.695
179.8,3.695
179.8,3.695
179.8,3.695
179.8,3.695
179.9,3.695
179.9,3.695
179.9,3.695
179.9,3.695
179.9,3.695
179.9,3.695
179.9,3.695
179.9,3.695
179.9,3.695
179.9,3.695
179.9,3.695
179.9,3.695
180.0,3.695
180.0,3.695
180.0,3.695
180.0,3.695
180.0,3.695
180.0,3.695
180.0,3.695
180.0,3.695
180.1,3.695
180.1,3.695
180.1,3.695
180.1,3.695
180.1,3.695
180.1,3.695
180.1,3.695
180.1,3.695
180.1,3.695
180.1,3.695
180.1,3.695
180.1,3.695
180.1,3.695
180.1,3.695
180.1,3.695
180.1,3.695
180.2,3.695
180.2,3.695
180.2,3.695
180.2,3.695
180.2,3.695
180.2,3.695
180.2,3.695
180.2,3.695
180.2,3.695
180.2,3.695
180.2,3.695
180.2,3.695
180.2,3.695
180.3,3.695
180.3,3.695
180.4,3.695
180.3,3.695
180.3,3.695
180.3,3.695
180.3,3.695
180.3,3.695
180.4,3.695
180.4,3.695
180.4,3.695
180.4,3.695
180.4,3.695
180.4,3.695
180.4,3.695
180.4,3.695
180.4,3.695
180.4,3.695
180.4,3.695
180.5,3.695
180.5,3.695
180.5,3.695
180.5,3.695
180.5,3.695
180.5,3.695
180.5,3.695
180.5,3.695
180.5,3.695
180.5,3.695
180.5,3.695
180.6,3.695
180.6,3.695
180.6,3.695
180.6,3.695
180.6,3.695
180.6,3.695
180.6,3.695
180.6,3.695
180.6,3.695
180.6,3.695
180.6,3.695
180.6,3.695
180.6,3.695
180.6,3.695
180.7,3.695
180.7,3.695
180.7,3.695
180.7,3.695
180.7,3.695
180.7,3.695
180.7,3.695
180.7,3.695
180.7,3.695
180.8,3.695
180.8,3.695
180.8,3.695
180.8,3.695
180.8,3.695
180.8,3.695
180.8,3.695
180.8,3.695
180.8,3.695
180.8,3.695
180.8,3.695
180.8,3.695
180.8,3.695
180.9,3.695
180.9,3.695
180.9,3.695
180.9,3.695
180.9,3.695
180.9,3.695
180.9,3.695
180.9,3.695
180.9,3.695
180.9,3.695
180.9,3.695
180.9,3.695
180.9,3.695
180.9,3.695
180.9,3.695
180.9,3.695
180.9,3.695
181.0,3.695
181.0,3.695
181.0,3.695
181.0,3.695
181.0,3.695
181.0,3.695
181.0,3.695
181.0,3.695
181.1,3.695
181.1,3.695
181.1,3.695
181.1,3.695
181.1,3.695
181.1,3.695
181.1,3.695
181.1,3.695
181.1,3.695
181.1,3.695
181.1,3.695
181.1,3.695
181.1,3.695
181.1,3.695
181.2,3.695
181.2,3.695
181.2,3.695
181.2,3.695
181.2,3.695
181.2,3.695
181.2,3.695
181.2,3.695
181.3,3.695
181.3,3.695
181.3,3.695
181.3,3.695
181.3,3.695
181.3,3.695
181.3,3.695
181.3,3.695
181.3,3.695
181.4,3.695
181.4,3.695
181.4,3.695
181.4,3.695
181.4,3.695
181.4,3.695
181.4,3.695
181.4,3.695
181.4,3.695
181.4,3.695
181.4,3.695
181.4,3.695
181.4,3.695
181.5,3.695
181.5,3.695
181.5,3.695
181.5,3.695
181.5,3.695
181.5,3.695
181.5,3.695
181.5,3.695
181.5,3.695
181.5,3.695
181.6,3.695
181.6,3.695
181.6,3.695
181.6,3.695
181.6,3.695
181.6,3.695
181.6,3.695
181.6,3.695
181.6,3.695
181.7,3.695
181.7,3.695
181.7,3.695
181.7,3.695
181.7,3.695
181.7,3.695
181.7,3.695
181.8,3.695
181.8,3.695
181.8,3.695
181.8,3.695
181.8,3.695
181.8,3.695
181.8,3.695
181.8,3.695
181.8,3.695
181.8,3.695
181.8,3.695
181.8,3.695
181.8,3.695
181.8,3.695
181.9,3.695
181.9,3.695
182.0,3.695
181.9,3.695
181.9,3.695
181.9,3.695
181.9,3.695
182.0,3.695
182.0,3.695
182.0,3.695
182.0,3.695
182.0,3.695
182.0,3.695
182.0,3.695
182.0,3.695
182.0,3.695
182.0,3.695
182.0,3.695
182.1,3.695
182.1,3.695
182.1,3.695
182.1,3.695
182.1,3.695
182.1,3.695
182.1,3.695
182.1,3.695
182.1,3.695
182.1,3.695
182.1,3.695
182.1,3.695
182.1,3.695
182.2,3.695
182.2,3.695
182.2,3.695
182.2,3.695
182.2,3.695
182.2,3.695
182.2,3.695
182.2,3.695
182.2,3.695
182.2,3.695
182.3,3.695
182.3,3.695
182.3,3.695
182.3,3.695
182.3,3.695
182.3,3.695
182.3,3.695
182.4,3.695
182.4,3.695
182.4,3.695
182.4,3.695
182.4,3.695
182.4,3.695
182.4,3.695
182.4,3.695
182.4,3.695
182.4,3.695
182.5,3.695
182.5,3.695
182.5,3.695
182.5,3.695
182.5,3.695
182.5,3.695
182.5,3.695
182.6,3.695
182.6,3.695
182.6,3.695
182.6,3.695
182.6,3.695
182.6,3.695
182.6,3.695
182.6,3.695
182.6,3.695
182.6,3.695
182.6,3.695
182.7,3.695
182.7,3.695
182.7,3.695
182.7,3.695
182.7,3.695
182.7,3.695
182.7,3.695
182.7,3.695
182.7,3.695
182.7,3.695
182.7,3.695
182.7,3.695
182.8,3.695
182.8,3.695
182.9,3.695
182.9,3.695
182.9,3.695
182.9,3.695
182.9,3.695
182.9,3.695
182.9,3.695
182.9,3.695
182.9,3.695
182.9,3.695
182.9,3.695
182.9,3.695
182.9,3.695
182.9,3.695
183.0,3.695
183.0,3.695
183.0,3.695
183.0,3.695
183.0,3.695
183.0,3.695
183.0,3.695
183.0,3.695
183.0,3.695
183.0,3.695
183.0,3.695
183.1,3.695
183.1,3.695
183.1,3.695
183.1,3.695
183.1,3.695
183.1,3.695
183.1,3.695
183.1,3.695
183.2,3.695
183.2,3.695
183.2,3.695
183.2,3.695
183.2,3.695
183.2,3.695
183.2,3.695
183.2,3.695
183.3,3.695
183.3,3.695
183.3,3.695
183.3,3.695
183.3,3.695
183.3,3.695
183.3,3.695
183.3,3.695
183.3,3.695
183.3,3.700
183.3,3.700
183.3,3.700
183.4,3.700
183.4,3.700
183.5,3.700
183.5,3.700
183.5,3.700
183.5,3.700
183.5,3.700
183.5,3.700
183.5,3.700
183.5,3.700
183.5,3.700
183.5,3.700
183.5,3.700
183.5,3.700
183.5,3.700
183.5,3.700
183.5,3.700
183.5,3.700
183.5,3.700
183.6,3.700
183.6,3.700
183.6,3.700
183.6,3.700
183.7,3.700
183.7,3.700
183.7,3.700
183.7,3.700
183.7,3.700
183.7,3.700
183.7,3.700
183.7,3.700
183.8,3.700
183.8,3.700
183.8,3.700
183.8,3.700
183.8,3.700
183.8,3.700
183.8,3.700
183.8,3.700
183.8,3.700
183.8,3.700
183.8,3.700
183.9,3.700
183.9,3.700
183.9,3.700
183.9,3.700
183.9,3.700
183.9,3.700
183.9,3.700
183.9,3.700
183.9,3.700
183.9,3.700
183.9,3.700
184.0,3.700
184.0,3.700
184.0,3.700
184.0,3.700
184.0,3.700
184.0,3.700
184.0,3.700
184.0,3.700
184.0,3.700
184.0,3.700
184.0,3.700
184.0,3.700
184.0,3.700
184.0,3.700
184.0,3.700
184.0,3.700
184.0,3.700
184.1,3.700
184.1,3.700
184.1,3.700
184.1,3.700
184.1,3.700
184.1,3.700
184.1,3.700
184.2,3.700
184.2,3.700
184.2,3.700
184.2,3.700
184.2,3.700
184.2,3.700
184.2,3.700
184.2,3.700
184.3,3.700
184.3,3.700
184.3,3.700
184.3,3.700
184.3,3.700
184.3,3.700
184.3,3.700
184.3,3.700
184.3,3.700
184.3,3.700
184.3,3.700
184.4,3.700
184.4,3.700
184.4,3.700
184.4,3.700
184.4,3.700
184.4,3.700
184.4,3.700
184.4,3.700
184.4,3.700
184.4,3.700
184.4,3.700
184.5,3.700
184.5,3.700
184.5,3.700
184.5,3.700
184.5,3.700
184.5,3.700
184.5,3.700
184.6,3.700
184.6,3.700
184.6,3.700
184.6,3.700
184.6,3.700
184.6,3.700
184.6,3.700
184.6,3.700
184.6,3.700
184.6,3.700
184.6,3.700
184.6,3.700
184.6,3.700
184.6,3.700
184.6,3.700
184.6,3.700
184.6,3.700
184.6,3.700
184.7,3.700
184.7,3.700
184.7,3.700
184.8,3.700
184.8,3.700
184.8,3.700
184.8,3.700
184.8,3.700
184.8,3.700
184.8,3.700
184.8,3.700
184.8,3.700
184.8,3.700
184.8,3.700
184.8,3.700
184.8,3.700
184.8,3.700
184.8,3.700
184.8,3.700
185.0,3.700
184.9,3.700
184.9,3.700
184.9,3.700
184.9,3.700
184.9,3.700
184.9,3.700
184.9,3.700
184.9,3.700
184.9,3.700
184.9,3.700
184.9,3.700
184.9,3.700
184.9,3.700
185.0,3.700
185.0,3.700
185.0,3.700
185.0,3.700
185.0,3.700
185.0,3.700
185.0,3.700
185.0,3.700
185.0,3.700
185.0,3.700
185.0,3.700
185.0,3.700
185.0,3.700
185.0,3.700
185.1,3.700
185.1,3.700
185.1,3.700
185.1,3.700
185.1,3.700
185.1,3.700
185.1,3.700
185.1,3.700
185.1,3.700
185.1,3.700
185.1,3.700
185.1,3.700
185.1,3.700
185.1,3.700
185.1,3.700
185.2,3.700
185.2,3.700
185.2,3.700
185.2,3.700
185.2,3.700
185.2,3.700
185.2,3.700
185.2,3.700
185.2,3.700
185.2,3.700
185.2,3.700
185.2,3.700
185.3,3.700
185.4,3.700
185.4,3.700
185.4,3.700
185.4,3.700
185.4,3.700
185.4,3.700
185.4,3.700
185.4,3.700
185.4,3.700
185.4,3.700
185.4,3.700
185.4,3.700
185.4,3.700
185.4,3.700
185.4,3.700
185.4,3.700
185.4,3.700
185.4,3.700
185.4,3.700
185.4,3.700
185.4,3.700
185.4,3.700
185.4,3.700
185.4,3.700
185.4,3.700
185.4,3.700
185.4,3.700
185.5,3.700
185.5,3.700
185.5,3.700
185.5,3.700
185.5,3.700
185.5,3.700
185.5,3.700
185.5,3.700
185.5,3.700
185.5,3.700
185.5,3.700
185.6,3.700
185.6,3.700
185.6,3.700
185.6,3.700
185.6,3.700
185.6,3.700
185.6,3.700
185.6,3.700
185.6,3.700
185.6,3.700
185.6,3.700
185.6,3.700
185.6,3.700
185.6,3.700
185.6,3.700
185.7,3.700
185.7,3.700
185.7,3.700
185.7,3.700
185.7,3.700
185.7,3.700
185.7,3.700
185.7,3.700
185.7,3.700
185.7,3.700
185.7,3.700
185.8,3.700
185.8,3.700
185.8,3.700
185.8,3.700
185.8,3.700
185.8,3.700
185.8,3.700
185.8,3.700
185.8,3.700
185.8,3.700
185.8,3.700
185.8,3.700
185.9,3.700
185.9,3.700
185.9,3.700
185.9,3.700
185.9,3.700
185.9,3.700
185.9,3.700
185.9,3.700
185.9,3.700
185.9,3.700
185.9,3.700
185.9,3.700
185.9,3.700
185.9,3.700
185.9,3.700
185.9,3.700
185.9,3.700
185.9,3.700
185.9,3.700
185.9,3.700
185.9,3.700
185.9,3.700
185.9,3.700
185.9,3.700
186.0,3.700
186.0,3.700
186.0,3.700
186.0,3.700
186.1,3.700
186.0,3.700
186.0,3.700
186.0,3.700
186.0,3.700
186.1,3.700
186.1,3.700
186.1,3.700
186.1,3.700
186.1,3.700
186.1,3.700
186.1,3.700
186.1,3.700
186.1,3.700
186.1,3.700
186.1,3.700
186.1,3.700
186.1,3.700
186.1,3.700
186.1,3.700
186.1,3.700
186.1,3.700
186.1,3.700
186.1,3.700
186.1,3.700
186.1,3.700
186.1,3.700
186.1,3.700
186.1,3.700
186.1,3.700
186.1,3.700
186.2,3.700
186.2,3.700
186.2,3.700
186.2,3.700
186.2,3.700
186.2,3.700
186.2,3.700
186.2,3.700
186.2,3.700
186.2,3.700
186.2,3.700
186.2,3.700
186.2,3.700
186.2,3.700
186.2,3.700
186.2,3.700
186.2,3.700
186.2,3.700
186.2,3.700
186.2,3.700
186.2,3.700
186.2,3.700
186.2,3.700
186.2,3.700
186.2,3.700
186.2,3.700
186.2,3.700
186.2,3.700
186.2,3.700
186.2,3.700
186.2,3.700
186.2,3.700
186.2,3.700
186.2,3.700
186.3,3.700
186.3,3.700
186.3,3.700
186.3,3.700
186.3,3.700
186.3,3.700
186.3,3.700
186.3,3.700
186.3,3.700
186.3,3.700
186.3,3.700
186.3,3.700
186.3,3.700
186.3,3.700
186.3,3.700
186.3,3.700
186.3,3.700
186.3,3.700
186.3,3.700
186.3,3.700
186.3,3.700
186.3,3.700
186.3,3.700
186.3,3.700
186.3,3.700
186.3,3.700
186.3,3.700
186.4,3.700
186.4,3.700
186.4,3.700
186.4,3.700
186.4,3.700
186.4,3.700
186.4,3.700
186.4,3.700
186.4,3.700
186.4,3.700
186.4,3.700
186.4,3.700
186.4,3.700
186.4,3.700
186.4,3.700
186.4,3.700
186.4,3.700
186.4,3.700
186.4,3.700
186.4,3.700
186.4,3.700
186.4,3.700
186.4,3.700
186.4,3.700
186.5,3.700
186.5,3.700
186.5,3.700
186.5,3.700
186.5,3.700
186.5,3.700
186.5,3.700
186.5,3.700
186.5,3.700
186.5,3.700
186.5,3.700
186.5,3.700
186.5,3.700
186.5,3.700
186.5,3.700
186.5,3.700
186.6,3.700
186.6,3.700
186.6,3.700
186.6,3.700
186.6,3.700
186.6,3.700
186.6,3.700
186.6,3.700
186.6,3.700
186.6,3.700
186.6,3.700
186.6,3.700
186.6,3.700
186.6,3.700
186.6,3.700
186.6,3.700
186.6,3.700
186.6,3.700
186.6,3.700
186.6,3.700
186.7,3.700
186.7,3.700
186.7,3.700
186.7,3.700
186.7,3.700
186.7,3.700
186.7,3.700
186.7,3.700
186.7,3.700
186.7,3.700
186.7,3.700
186.7,3.700
186.7,3.700
186.7,3.700
186.7,3.700
186.7,3.700
186.7,3.700
186.7,3.700
186.7,3.700
186.7,3.700
186.7,3.700
186.7,3.700
186.8,3.700
186.8,3.700
186.8,3.700
186.8,3.700
186.8,3.700
186.8,3.700
186.8,3.700
186.8,3.700
186.8,3.700
186.8,3.700
186.8,3.700
186.8,3.700
186.8,3.700
186.8,3.700
186.8,3.700
186.8,3.700
186.8,3.700
186.8,3.700
186.8,3.700
186.8,3.700
186.8,3.700
186.8,3.700
186.8,3.700
186.9,3.700
186.9,3.700
186.9,3.700
186.9,3.700
186.9,3.700
186.9,3.700
186.9,3.700
186.9,3.700
186.9,3.700
186.9,3.700
186.9,3.700
186.9,3.700
186.9,3.700
187.0,3.700
187.0,3.700
187.0,3.700
187.0,3.700
187.0,3.700
187.0,3.700
187.0,3.700
187.0,3.700
187.0,3.700
187.0,3.700
187.0,3.700
187.0,3.700
187.0,3.700
187.1,3.700
187.1,3.700
187.1,3.700
187.1,3.700
187.1,3.700
187.1,3.700
187.1,3.700
187.1,3.700
187.1,3.700
187.1,3.700
187.1,3.700
187.1,3.700
187.1,3.700
187.1,3.700
187.1,3.700
187.1,3.700
187.1,3.700
187.1,3.700
187.1,3.700
187.1,3.700
187.1,3.700
187.1,3.700
187.1,3.700
187.1,3.700
187.1,3.700
187.1,3.700
187.1,3.700
187.1,3.700
187.1,3.700
187.1,3.700
187.1,3.700
187.1,3.700
187.1,3.700
187.1,3.700
187.1,3.700
187.2,3.700
187.2,3.700
187.2,3.700
187.2,3.700
187.2,3.700
187.2,3.700
187.2,3.700
187.2,3.700
187.2,3.700
187.2,3.700
187.2,3.700
187.2,3.700
187.2,3.700
187.2,3.700
187.2,3.700
187.2,3.700
187.2,3.700
187.2,3.700
187.2,3.700
187.2,3.700
187.2,3.700
187.2,3.700
187.2,3.700
187.2,3.700
187.3,3.700
187.3,3.700
187.3,3.700
187.3,3.700
187.3,3.700
187.3,3.700
187.3,3.700
187.3,3.700
187.3,3.700
187.3,3.700
187.3,3.700
187.3,3.700
187.3,3.700
187.3,3.700
187.3,3.700
187.3,3.700
187.3,3.700
187.3,3.700
187.3,3.700
187.3,3.700
187.3,3.700
187.3,3.700
187.3,3.700
187.3,3.700
187.4,3.700
187.4,3.700
187.4,3.700
187.4,3.700
187.4,3.700
187.4,3.700
187.4,3.700
187.4,3.700
187.4,3.700
187.4,3.700
187.4,3.700
187.4,3.700
187.4,3.700
187.4,3.700
187.4,3.700
187.4,3.700
187.4,3.700
187.4,3.700
187.4,3.700
187.4,3.700
187.4,3.700
187.5,3.700
187.5,3.700
187.5,3.700
187.5,3.700
187.5,3.700
187.5,3.700
187.5,3.700
187.5,3.700
187.5,3.700
187.5,3.700
187.5,3.700
187.5,3.700
187.5,3.700
187.5,3.700
187.5,3.700
187.5,3.700
187.5,3.700
187.5,3.700
187.5,3.700
187.5,3.700
187.5,3.700
187.5,3.700
187.5,3.700
187.5,3.700
187.5,3.700
187.5,3.700
187.5,3.700
187.5,3.700
187.5,3.700
187.5,3.700
187.5,3.700
187.5,3.700
187.6,3.700
187.6,3.700
187.6,3.700
187.6,3.700
187.6,3.700
187.6,3.700
187.6,3.700
187.6,3.700
187.6,3.700
187.6,3.700
187.6,3.700
187.6,3.700
187.6,3.700
187.6,3.700
187.6,3.700
187.6,3.700
187.6,3.700
187.6,3.700
187.6,3.700
187.6,3.700
187.6,3.700
187.6,3.700
187.6,3.700
187.6,3.700
187.6,3.700
187.6,3.700
187.6,3.700
187.6,3.700
187.6,3.700
187.6,3.700
187.6,3.700
187.6,3.700
187.6,3.700
187.6,3.700
187.6,3.700
187.6,3.700
187.6,3.700
187.6,3.700
187.6,3.700
187.6,3.700
187.6,3.700
187.6,3.700
187.6,3.700
187.6,3.700
187.6,3.700
187.6,3.700
187.6,3.700
187.6,3.700
187.6,3.700
187.6,3.700
187.6,3.700
187.6,3.700
187.6,3.700
187.6,3.700
187.6,3.700
187.6,3.700
187.6,3.700
187.6,3.700
187.6,3.700
187.7,3.700
187.7,3.700
187.7,3.700
187.7,3.700
187.7,3.700
187.7,3.700
187.7,3.700
187.7,3.700
187.7,3.700
187.7,3.700
187.7,3.700
187.7,3.700
187.7,3.700
187.7,3.700
187.7,3.700
187.7,3.700
187.7,3.700
187.7,3.700
187.7,3.700
187.7,3.700
187.7,3.700
187.7,3.700
187.7,3.700
187.7,3.700
187.7,3.700
187.7,3.700
187.7,3.700
187.7,3.700
187.7,3.700
187.7,3.700
187.7,3.700
187.7,3.700
187.7,3.700
187.7,3.700
187.7,3.700
187.7,3.700
187.7,3.700
187.7,3.700
187.7,3.700
187.7,3.700
187.7,3.700
187.7,3.700
187.7,3.700
187.7,3.700
187.7,3.700
187.7,3.700
187.7,3.700
187.7,3.700
187.7,3.700
187.7,3.700
187.7,3.700
187.7,3.700
187.7,3.700
187.7,3.700
187.7,3.700
187.7,3.700
187.7,3.700
187.7,3.700
187.7,3.700
187.7,3.700
187.7,3.700
187.7,3.700
187.7,3.700
187.7,3.700
187.8,3.700
187.8,3.700
187.8,3.700
187.8,3.700
187.8,3.700
187.8,3.700
187.8,3.700
187.8,3.700
187.8,3.700
187.8,3.700
187.8,3.700
187.8,3.700
187.8,3.700
187.8,3.700
187.8,3.700
187.8,3.700
187.8,3.700
187.9,3.700
187.9,3.700
187.9,3.700
187.9,3.700
187.9,3.700
187.9,3.700
187.9,3.700
187.9,3.700
187.9,3.700
187.9,3.700
187.9,3.700
187.9,3.700
187.9,3.700
187.9,3.700
187.9,3.700
187.9,3.700
187.9,3.700
187.9,3.700
187.9,3.700
187.9,3.700
187.9,3.700
187.9,3.700
187.9,3.700
187.9,3.700
187.9,3.700
187.9,3.700
187.9,3.700
187.9,3.700
187.9,3.700
187.9,3.700
188.0,3.700
188.0,3.700
188.0,3.700
188.0,3.700
188.0,3.700
188.0,3.700
188.0,3.700
188.0,3.700
188.0,3.700
188.0,3.700
188.0,3.700
188.0,3.700
188.0,3.700
188.0,3.700
188.0,3.700
188.0,3.700
188.0,3.700
188.0,3.700
188.0,3.700
188.0,3.700
188.0,3.700
188.0,3.700
188.0,3.700
188.0,3.700
188.0,3.700
188.0,3.700
188.0,3.700
188.0,3.700
188.0,3.700
188.0,3.700
188.0,3.700
188.0,3.700
188.0,3.700
188.0,3.700
188.0,3.700
188.1,3.700
188.1,3.700
188.1,3.700
188.1,3.700
188.1,3.700
188.1,3.700
188.1,3.700
188.1,3.700
188.1,3.700
188.1,3.700
188.1,3.700
188.1,3.700
188.1,3.700
188.1,3.700
188.1,3.700
188.1,3.700
188.1,3.700
188.1,3.700
188.1,3.700
188.2,3.700
188.2,3.700
188.2,3.700
188.2,3.700
188.2,3.700
188.2,3.700
188.2,3.700
188.2,3.700
188.2,3.700
188.2,3.700
188.2,3.700
188.2,3.700
188.2,3.700
188.2,3.700
188.2,3.700
188.2,3.700
188.2,3.700
188.2,3.700
188.2,3.700
188.2,3.700
188.2,3.700
188.2,3.700
188.2,3.700
188.2,3.700
188.2,3.700
188.2,3.700
188.2,3.700
188.2,3.700
188.3,3.700
188.3,3.700
188.3,3.700
188.3,3.700
188.3,3.700
188.3,3.700
188.3,3.700
188.3,3.700
188.3,3.700
188.3,3.700
188.3,3.700
188.3,3.700
188.3,3.700
188.3,3.700
188.3,3.700
188.4,3.700
188.4,3.700
188.4,3.700
188.4,3.700
188.4,3.700
188.4,3.700
188.4,3.700
188.4,3.700
188.4,3.700
188.4,3.700
188.4,3.700
188.4,3.700
188.4,3.700
188.4,3.700
188.4,3.700
188.4,3.700
188.4,3.700
188.4,3.700
188.4,3.700
188.4,3.700
188.4,3.700
188.4,3.700
188.4,3.700
188.4,3.700
188.4,3.700
188.4,3.700
188.4,3.700
188.4,3.700
188.4,3.700
188.4,3.700
188.4,3.700
188.5,3.700
188.5,3.700
188.5,3.700
188.5,3.700
188.5,3.700
188.5,3.700
188.5,3.700
188.5,3.700
188.5,3.700
188.5,3.700
188.5,3.700
188.5,3.700
188.5,3.700
188.5,3.700
188.5,3.700
188.6,3.700
188.6,3.700
188.6,3.700
188.6,3.700
188.6,3.700
188.6,3.700
188.6,3.700
188.6,3.700
188.6,3.700
188.6,3.700
188.6,3.700
188.6,3.700
188.6,3.700
188.6,3.700
188.6,3.700
188.6,3.700
188.6,3.700
188.6,3.700
188.6,3.700
188.6,3.700
188.6,3.700
188.6,3.700
188.7,3.700
188.7,3.700
188.7,3.700
188.7,3.700
188.7,3.700
188.7,3.700
188.7,3.700
188.7,3.700
188.7,3.700
188.7,3.700
188.7,3.700
188.7,3.700
188.7,3.705
188.7,3.705
188.7,3.705
188.7,3.705
188.7,3.705
188.7,3.705
188.7,3.705
188.7,3.705
188.7,3.705
188.8,3.705
188.8,3.705
188.8,3.705
188.8,3.705
188.8,3.705
188.8,3.705
188.8,3.705
188.8,3.705
188.8,3.705
188.8,3.705
188.8,3.705
188.8,3.705
188.8,3.705
188.8,3.705
188.8,3.705
188.8,3.705
188.8,3.705
188.8,3.705
188.8,3.705
188.8,3.705
188.8,3.705
188.9,3.705
188.9,3.705
188.9,3.705
188.9,3.705
188.9,3.705
188.9,3.705
188.9,3.705
188.9,3.705
188.9,3.705
188.9,3.705
188.9,3.705
188.9,3.705
188.9,3.705
188.9,3.705
188.9,3.705
188.9,3.705
188.9,3.705
188.9,3.705
188.9,3.705
188.9,3.705
189.0,3.705
189.0,3.705
189.0,3.705
189.0,3.705
189.0,3.705
189.0,3.705
189.0,3.705
189.0,3.705
189.1,3.705
189.1,3.705
189.1,3.705
189.1,3.705
189.1,3.705
189.1,3.705
189.1,3.705
189.1,3.705
189.1,3.705
189.1,3.705
189.1,3.705
189.1,3.705
189.1,3.705
189.1,3.705
189.1,3.705
189.1,3.705
189.1,3.705
189.1,3.705
189.2,3.705
189.2,3.705
189.2,3.705
189.2,3.705
189.2,3.705
189.2,3.705
189.2,3.705
189.2,3.705
189.2,3.705
189.2,3.705
189.2,3.705
189.2,3.705
189.3,3.705
189.3,3.705
189.3,3.705
189.3,3.705
189.3,3.705
189.3,3.705
189.3,3.705
189.3,3.705
189.3,3.705
189.3,3.705
189.3,3.705
189.3,3.705
189.3,3.705
189.3,3.705
189.3,3.705
189.3,3.705
189.3,3.705
189.3,3.705
189.3,3.705
189.3,3.705
189.3,3.705
189.3,3.705
189.3,3.705
189.3,3.705
189.3,3.705
189.4,3.705
189.4,3.705
189.4,3.705
189.4,3.705
189.4,3.705
189.4,3.705
189.4,3.705
189.4,3.705
189.4,3.705
189.4,3.705
189.4,3.705
189.4,3.705
189.4,3.705
189.4,3.705
189.4,3.705
189.4,3.705
189.4,3.705
189.4,3.705
189.4,3.705
189.4,3.705
189.4,3.705
189.4,3.705
189.4,3.705
189.4,3.705
189.4,3.705
189.5,3.705
189.5,3.705
189.5,3.705
189.5,3.705
189.5,3.705
189.5,3.705
189.5,3.705
189.5,3.705
189.5,3.705
189.5,3.705
189.5,3.705
189.5,3.705
189.5,3.705
189.5,3.705
189.5,3.705
189.5,3.705
189.5,3.705
189.5,3.705
189.5,3.705
189.5,3.705
189.5,3.705
189.5,3.705
189.5,3.705
189.5,3.705
189.5,3.705
189.5,3.705
189.5,3.705
189.6,3.705
189.6,3.705
189.6,3.705
189.6,3.705
189.6,3.705
189.6,3.705
189.6,3.705
189.6,3.705
189.6,3.705
189.6,3.705
189.6,3.705
189.6,3.705
189.6,3.705
189.6,3.705
189.6,3.705
189.6,3.705
189.6,3.705
189.6,3.705
189.6,3.705
189.6,3.705
189.6,3.705
189.7,3.705
189.7,3.705
189.7,3.705
189.7,3.705
189.7,3.705
189.7,3.705
189.7,3.705
189.7,3.705
189.7,3.705
189.7,3.705
189.7,3.705
189.7,3.705
189.7,3.705
189.7,3.705
189.7,3.705
189.7,3.705
189.7,3.705
189.7,3.705
189.7,3.705
189.7,3.705
189.7,3.705
189.7,3.705
189.7,3.705
189.7,3.705
189.7,3.705
189.7,3.705
189.7,3.705
189.7,3.705
189.7,3.705
189.8,3.705
189.8,3.705
189.8,3.705
189.8,3.705
189.8,3.705
189.8,3.705
189.8,3.705
189.8,3.705
189.8,3.705
189.8,3.705
189.8,3.705
189.8,3.705
189.8,3.705
189.8,3.705
189.8,3.705
189.8,3.705
189.8,3.705
189.8,3.705
189.8,3.705
189.8,3.705
189.8,3.705
189.8,3.705
189.8,3.705
189.8,3.705
189.8,3.705
189.8,3.705
189.8,3.705
189.8,3.705
189.8,3.705
189.8,3.705
189.8,3.705
189.9,3.705
189.9,3.705
189.9,3.705
189.9,3.705
189.9,3.705
189.9,3.705
189.9,3.705
189.9,3.705
189.9,3.705
189.9,3.705
189.9,3.705
189.9,3.705
189.9,3.705
189.9,3.705
189.9,3.705
189.9,3.705
189.9,3.705
189.9,3.705
189.9,3.705
189.9,3.705
189.9,3.705
189.9,3.705
189.9,3.705
189.9,3.705
189.9,3.705
189.9,3.705
189.9,3.705
189.9,3.705
189.9,3.705
189.9,3.705
189.9,3.705
189.9,3.705
189.9,3.705
189.9,3.705
189.9,3.705
189.9,3.705
189.9,3.705
189.9,3.705
189.9,3.705
190.0,3.705
190.0,3.705
190.0,3.705
190.0,3.705
190.0,3.705
190.0,3.705
190.0,3.705
190.0,3.705
190.0,3.705
190.0,3.705
190.0,3.705
190.0,3.705
190.0,3.705
190.0,3.705
190.0,3.705
190.0,3.705
190.0,3.705
190.0,3.705
190.0,3.705
190.0,3.705
190.0,3.705
190.0,3.705
190.0,3.705
190.0,3.705
190.0,3.705
190.1,3.705
190.1,3.705
190.1,3.705
190.1,3.705
190.1,3.705
190.1,3.705
190.1,3.705
190.1,3.705
190.1,3.705
190.1,3.705
190.1,3.705
190.1,3.705
190.1,3.705
190.1,3.705
190.1,3.705
190.1,3.705
190.1,3.705
190.1,3.705
190.1,3.705
190.1,3.705
190.1,3.705
190.1,3.705
190.1,3.705
190.1,3.705
190.1,3.705
190.1,3.705
190.1,3.705
190.2,3.705
190.2,3.705
190.2,3.705
190.2,3.705
190.2,3.705
190.2,3.705
190.2,3.705
190.2,3.705
190.2,3.705
190.2,3.705
190.2,3.705
190.2,3.705
190.2,3.705
190.2,3.705
190.2,3.705
190.3,3.705
190.3,3.705
190.3,3.705
190.3,3.705
190.3,3.705
190.3,3.705
190.3,3.705
190.3,3.705
190.3,3.705
190.3,3.705
190.3,3.705
190.3,3.705
190.3,3.705
190.3,3.705
190.3,3.705
190.3,3.705
190.3,3.705
190.3,3.705
190.3,3.705
190.3,3.705
190.3,3.705
190.3,3.705
190.3,3.705
190.3,3.705
190.3,3.705
190.3,3.705
190.3,3.705
190.3,3.705
190.3,3.705
190.3,3.705
190.3,3.705
190.4,3.705
190.4,3.705
190.4,3.705
190.4,3.705
190.4,3.705
190.4,3.705
190.4,3.705
190.4,3.705
190.4,3.705
190.4,3.705
190.4,3.705
190.4,3.705
190.4,3.705
190.4,3.705
190.4,3.705
190.5,3.705
190.5,3.705
190.5,3.705
190.5,3.705
190.5,3.705
190.5,3.705
190.5,3.705
190.5,3.705
190.5,3.705
190.5,3.705
190.5,3.705
190.5,3.705
190.5,3.705
190.5,3.705
190.5,3.705
190.5,3.705
190.5,3.705
190.5,3.705
190.5,3.705
190.5,3.705
190.5,3.705
190.5,3.705
190.5,3.705
190.5,3.705
190.5,3.705
190.5,3.705
190.5,3.705
190.5,3.705
190.6,3.705
190.6,3.705
190.6,3.705
190.6,3.705
190.6,3.705
190.6,3.705
190.6,3.705
190.6,3.705
190.6,3.705
190.6,3.705
190.6,3.705
190.6,3.705
190.6,3.705
190.6,3.705
190.6,3.705
190.6,3.705
190.6,3.705
190.6,3.705
190.6,3.705
190.6,3.705
190.6,3.705
190.7,3.705
190.7,3.705
190.7,3.705
190.8,3.705
190.7,3.705
190.7,3.705
190.7,3.705
190.7,3.705
190.7,3.705
190.7,3.705
190.7,3.705
190.7,3.705
190.7,3.705
190.7,3.705
190.7,3.705
190.7,3.705
190.7,3.705
190.7,3.705
190.7,3.705
190.7,3.705
190.7,3.705
190.7,3.705
190.7,3.705
190.7,3.705
190.7,3.705
190.7,3.705
190.7,3.705
190.7,3.705
190.8,3.705
190.8,3.705
190.8,3.705
190.8,3.705
190.8,3.705
190.8,3.705
190.8,3.705
190.8,3.705
190.8,3.705
190.8,3.705
190.8,3.705
190.8,3.705
190.8,3.705
190.8,3.705
190.8,3.705
190.8,3.705
190.8,3.705
190.8,3.705
190.8,3.705
190.8,3.705
190.8,3.705
190.9,3.705
190.9,3.705
190.9,3.705
190.9,3.705
191.0,3.705
190.9,3.705
190.9,3.705
190.9,3.705
190.9,3.705
190.9,3.705
190.9,3.705
190.9,3.705
190.9,3.705
190.9,3.705
190.9,3.705
191.0,3.705
191.0,3.705
191.0,3.705
191.0,3.705
191.0,3.705
191.0,3.705
191.0,3.705
191.0,3.705
191.0,3.705
191.0,3.705
191.0,3.705
191.0,3.705
191.0,3.705
191.0,3.705
191.0,3.705
191.1,3.705
191.1,3.705
191.1,3.705
191.1,3.705
191.1,3.705
191.1,3.705
191.1,3.705
191.1,3.705
191.1,3.705
191.1,3.705
191.1,3.705
191.1,3.705
191.1,3.705
191.1,3.705
191.1,3.705
191.1,3.705
191.1,3.705
191.1,3.705
191.1,3.705
191.1,3.705
191.1,3.705
191.1,3.705
191.2,3.705
191.2,3.705
191.2,3.705
191.2,3.705
191.2,3.705
191.2,3.705
191.2,3.705
191.2,3.705
191.2,3.705
191.2,3.705
191.2,3.705
191.2,3.705
191.2,3.705
191.2,3.705
191.2,3.705
191.2,3.705
191.2,3.705
191.2,3.705
191.2,3.705
191.3,3.705
191.3,3.705
191.3,3.705
191.3,3.705
191.3,3.705
191.3,3.705
191.3,3.705
191.3,3.705
191.3,3.705
191.3,3.705
191.3,3.705
191.3,3.705
191.3,3.705
191.3,3.705
191.3,3.705
191.3,3.705
191.3,3.705
191.3,3.705
191.3,3.705
191.3,3.705
191.3,3.705
191.3,3.705
191.3,3.705
191.4,3.705
191.4,3.705
191.4,3.705
191.4,3.705
191.4,3.705
191.4,3.705
191.4,3.705
191.4,3.705
191.4,3.705
191.4,3.705
191.4,3.705
191.4,3.705
191.4,3.705
191.4,3.705
191.4,3.705
191.4,3.705
191.4,3.705
191.4,3.705
191.4,3.705
191.4,3.705
191.4,3.705
191.4,3.705
191.4,3.705
191.4,3.705
191.4,3.705
191.4,3.705
191.4,3.705
191.4,3.705
191.4,3.705
191.5,3.705
191.5,3.705
191.5,3.705
191.5,3.705
191.5,3.705
191.5,3.705
191.5,3.705
191.5,3.705
191.5,3.705
191.5,3.705
191.5,3.705
191.5,3.705
191.6,3.705
191.6,3.705
191.6,3.705
191.6,3.705
191.6,3.705
191.6,3.705
191.6,3.705
191.6,3.705
191.6,3.705
191.6,3.705
191.6,3.705
191.6,3.705
191.6,3.705
191.6,3.705
191.6,3.705
191.6,3.705
191.6,3.705
191.6,3.705
191.6,3.705
191.6,3.705
191.6,3.705
191.6,3.705
191.6,3.705
191.6,3.705
191.6,3.705
191.6,3.705
191.6,3.705
191.6,3.705
191.6,3.705
191.6,3.705
191.6,3.705
191.6,3.705
191.6,3.705
191.6,3.705
191.6,3.705
191.6,3.705
191.6,3.705
191.6,3.705
191.6,3.705
191.6,3.705
191.7,3.705
191.7,3.705
191.7,3.705
191.7,3.705
191.7,3.705
191.7,3.705
191.7,3.705
191.7,3.705
191.7,3.705
191.7,3.705
191.7,3.705
191.7,3.705
191.7,3.705
191.7,3.705
191.7,3.705
191.7,3.705
191.7,3.705
191.7,3.705
191.8,3.705
191.8,3.705
191.8,3.705
191.8,3.705
191.8,3.705
191.8,3.705
191.8,3.705
191.8,3.705
191.8,3.705
191.8,3.705
191.8,3.705
191.8,3.705
191.8,3.705
191.8,3.705
191.8,3.705
191.8,3.705
191.8,3.705
191.8,3.705
191.8,3.705
191.8,3.705
191.8,3.705
191.8,3.705
191.8,3.705
191.8,3.705
191.9,3.705
191.9,3.705
191.9,3.705
191.9,3.705
191.9,3.705
191.9,3.705
191.9,3.705
191.9,3.705
191.9,3.705
191.9,3.705
191.9,3.705
191.9,3.705
191.9,3.705
191.9,3.705
191.9,3.705
191.9,3.705
191.9,3.705
191.9,3.705
191.9,3.705
191.9,3.705
191.9,3.705
191.9,3.705
192.0,3.705
192.0,3.705
192.0,3.705
192.0,3.705
192.0,3.705
192.0,3.705
192.0,3.705
192.0,3.705
192.0,3.705
192.0,3.705
192.0,3.705
192.0,3.705
192.0,3.705
192.0,3.705
192.0,3.705
192.0,3.705
192.0,3.705
192.0,3.705
192.0,3.705
192.0,3.705
192.0,3.705
192.0,3.705
192.0,3.705
192.0,3.705
192.0,3.705
192.0,3.705
192.0,3.705
192.0,3.705
192.0,3.705
192.0,3.705
192.0,3.705
192.0,3.705
192.0,3.705
192.0,3.705
192.0,3.705
192.0,3.705
192.0,3.705
192.0,3.705
192.0,3.705
192.0,3.705
192.0,3.705
192.0,3.705
192.0,3.705
192.0,3.705
192.0,3.705
192.0,3.705
192.0,3.705
192.0,3.705
192.0,3.705
192.0,3.705
192.0,3.705
192.1,3.705
192.1,3.705
192.1,3.705
192.1,3.705
192.1,3.705
192.1,3.705
192.1,3.705
192.1,3.705
192.1,3.705
192.1,3.705
192.1,3.705
192.1,3.705
192.1,3.705
192.1,3.705
192.1,3.705
192.1,3.705
192.1,3.705
192.1,3.705
192.1,3.705
192.1,3.705
192.1,3.705
192.1,3.705
192.1,3.705
192.1,3.705
192.1,3.705
192.1,3.705
192.1,3.705
192.1,3.705
192.1,3.705
192.1,3.705
192.1,3.705
192.1,3.705
192.1,3.705
192.1,3.705
192.1,3.705
192.1,3.705
192.1,3.705
192.1,3.705
192.1,3.705
192.1,3.705
192.1,3.705
192.1,3.705
192.1,3.705
192.1,3.705
192.1,3.705
192.1,3.705
192.1,3.705
192.1,3.705
192.1,3.705
192.1,3.705
192.1,3.705
192.1,3.705
192.1,3.705
192.1,3.705
192.1,3.705
192.1,3.705
192.1,3.705
192.1,3.705
192.1,3.705
192.1,3.705
192.1,3.705
192.1,3.705
192.1,3.705
192.1,3.705
192.1,3.705
192.1,3.705
192.1,3.705
192.1,3.705
192.1,3.705
192.1,3.705
192.1,3.705
192.1,3.705
192.1,3.705
192.1,3.705
192.1,3.705
192.0,3.705
192.0,3.705
192.0,3.705
192.0,3.705
192.0,3.705
192.0,3.705
192.0,3.705
192.0,3.705
192.0,3.705
192.0,3.705
192.0,3.705
192.0,3.705
192.0,3.705
192.0,3.705
192.0,3.705
192.0,3.705
192.0,3.705
192.0,3.705
192.0,3.705
192.0,3.705
192.0,3.705
192.0,3.705
192.0,3.705
192.0,3.705
192.0,3.705
192.0,3.705
192.0,3.705
192.0,3.705
192.0,3.705
192.0,3.705
192.0,3.705
192.0,3.705
192.0,3.705
192.0,3.705
192.0,3.705
192.0,3.705
192.0,3.705
192.0,3.705
192.0,3.705
192.0,3.705
192.0,3.705
192.0,3.705
192.0,3.705
192.0,3.705
192.0,3.705
192.0,3.705
192.0,3.705
192.0,3.705
192.0,3.705
192.0,3.705
192.0,3.705
192.0,3.705
192.0,3.705
192.0,3.705
192.0,3.705
192.0,3.705
192.0,3.705
192.0,3.705
192.0,3.705
192.0,3.705
192.0,3.705
192.0,3.705
192.0,3.705
192.0,3.705
192.0,3.705
192.0,3.705
192.0,3.705
192.0,3.705
192.0,3.705
192.0,3.705
192.0,3.705
192.0,3.705
192.0,3.705
192.0,3.705
192.0,3.705
192.0,3.705
192.0,3.705
192.0,3.705
192.0,3.705
192.0,3.705
192.0,3.705
192.0,3.705
192.0,3.705
192.0,3.705
192.0,3.705
192.0,3.705
192.0,3.705
192.0,3.705
192.0,3.705
192.0,3.705
192.0,3.705
192.0,3.705
192.0,3.705
192.0,3.705
192.0,3.705
192.0,3.705
192.0,3.705
192.0,3.705
192.0,3.705
192.0,3.705
192.0,3.705
192.0,3.705
192.0,3.705
192.0,3.705
192.0,3.705
192.0,3.705
192.0,3.705
192.0,3.705
192.0,3.705
192.0,3.705
192.0,3.705
192.0,3.705
192.0,3.705
192.0,3.705
192.0,3.705
192.0,3.705
192.0,3.705
192.0,3.705
192.0,3.705
192.0,3.705
192.0,3.705
192.0,3.705
192.0,3.705
192.0,3.705
192.0,3.705
192.0,3.705
192.0,3.705
192.0,3.705
192.0,3.705
192.0,3.705
192.0,3.705
192.0,3.705
192.0,3.705
192.0,3.705
192.0,3.705
192.0,3.705
192.0,3.705
192.0,3.705
192.0,3.705
192.0,3.705
192.0,3.705
192.0,3.705
192.0,3.705
192.0,3.705
192.0,3.705
192.0,3.705
192.0,3.705
192.0,3.705
192.0,3.705
192.0,3.705
191.9,3.705
191.9,3.705
191.9,3.705
191.9,3.705
191.9,3.705
191.9,3.705
191.9,3.705
191.9,3.705
191.9,3.705
191.9,3.705
191.9,3.705
191.9,3.705
191.9,3.705
191.9,3.705
191.9,3.705
191.9,3.705
191.9,3.705
191.9,3.705
191.9,3.705
191.9,3.705
191.9,3.705
191.9,3.705
191.9,3.705
191.9,3.705
191.9,3.705
191.9,3.705
191.9,3.705
191.9,3.705
191.9,3.705
191.9,3.705
191.9,3.705
191.9,3.705
191.9,3.705
191.9,3.705
191.9,3.705
191.9,3.705
191.9,3.705
191.9,3.705
191.9,3.705
191.9,3.705
191.9,3.705
191.9,3.705
191.9,3.705
191.9,3.705
191.9,3.705
191.9,3.705
191.9,3.705
191.9,3.705
191.9,3.705
191.9,3.705
191.9,3.705
191.9,3.705
191.9,3.705
191.9,3.705
191.9,3.705
191.9,3.705
191.9,3.705
191.9,3.705
191.9,3.705
191.9,3.705
191.9,3.705
191.9,3.705
191.9,3.705
191.9,3.705
191.9,3.705
191.9,3.705
191.9,3.705
191.9,3.705
191.9,3.705
191.9,3.705
191.9,3.705
191.9,3.705
191.9,3.705
191.9,3.705
191.9,3.705
191.9,3.705
191.9,3.705
191.9,3.705
191.9,3.705
191.9,3.705
191.9,3.705
191.9,3.705
191.9,3.705
191.9,3.705
191.9,3.705
191.9,3.705
191.9,3.705
191.9,3.705
191.9,3.705
191.9,3.705
191.9,3.705
191.9,3.705
191.9,3.705
191.9,3.705
191.9,3.705
191.9,3.705
191.9,3.705
191.9,3.705
191.9,3.705
191.9,3.705
191.9,3.705
191.9,3.705
191.9,3.705
191.9,3.705
191.9,3.705
191.9,3.705
191.9,3.705
191.9,3.705
191.9,3.705
191.9,3.705
191.9,3.705
191.9,3.705
191.9,3.705
191.9,3.705
191.9,3.705
191.9,3.705
191.9,3.705
191.9,3.705
191.9,3.705
191.9,3.705
191.9,3.705
191.9,3.705
191.9,3.705
191.9,3.705
191.9,3.705
191.9,3.705
191.9,3.705
191.9,3.705
191.9,3.705
191.9,3.705
191.9,3.705
191.9,3.705
191.9,3.705
191.9,3.705
191.9,3.705
191.9,3.705
191.9,3.705
191.9,3.705
191.9,3.705
191.9,3.705
191.9,3.705
191.9,3.705
191.9,3.705
191.9,3.705
191.9,3.705
191.9,3.705
191.9,3.705
191.9,3.705
191.9,3.705
191.9,3.705
191.9,3.705
191.9,3.705
191.9,3.705
191.9,3.705
191.9,3.705
191.9,3.705
191.9,3.705
191.9,3.705
191.9,3.705
191.9,3.705
191.9,3.705
191.9,3.705
191.9,3.705
191.9,3.705
191.9,3.705
191.9,3.705
191.9,3.705
191.9,3.705
191.9,3.705
191.9,3.705
191.9,3.705
191.9,3.705
191.9,3.705
191.9,3.705
191.9,3.705
191.9,3.705
191.9,3.705
191.9,3.705
191.9,3.705
191.9,3.705
191.9,3.705
191.9,3.705
191.9,3.705
191.9,3.705
191.9,3.705
191.9,3.705
191.9,3.705
191.9,3.705
191.9,3.705
191.9,3.705
191.9,3.705
191.9,3.705
191.9,3.705
191.9,3.705
191.9,3.705
191.9,3.705
191.9,3.705
191.9,3.705
191.9,3.705
191.9,3.705
191.9,3.705
191.9,3.705
191.9,3.705
191.9,3.705
191.9,3.705
191.9,3.705
191.9,3.705
191.9,3.705
191.9,3.705
191.9,3.705
191.9,3.705
191.9,3.705
191.9,3.705
191.9,3.705
191.9,3.705
191.9,3.705
191.9,3.705
191.8,3.705
191.8,3.705
191.8,3.705
191.8,3.705
191.8,3.705
191.8,3.705
191.8,3.705
191.8,3.705
191.8,3.705
191.8,3.705
191.8,3.705
191.8,3.705
191.8,3.705
191.8,3.705
191.8,3.705
191.8,3.705
191.8,3.705
191.8,3.705
191.8,3.705
191.8,3.705
191.8,3.705
191.8,3.705
191.8,3.705
191.8,3.705
191.8,3.705
191.8,3.705
191.8,3.705
191.8,3.705
191.8,3.705
191.8,3.705
191.8,3.705
191.8,3.705
191.8,3.705
191.8,3.705
191.8,3.705
191.8,3.705
191.8,3.705
191.8,3.705
191.8,3.705
191.8,3.705
191.8,3.705
191.8,3.705
191.8,3.705
191.8,3.705
191.8,3.705
191.8,3.705
191.8,3.705
191.8,3.705
191.8,3.705
191.8,3.705
191.8,3.705
191.8,3.705
191.8,3.705
191.8,3.705
191.8,3.705
191.8,3.705
191.8,3.705
191.8,3.705
191.8,3.705
191.8,3.705
191.8,3.705
191.8,3.705
191.8,3.705
191.8,3.705
191.8,3.705
191.8,3.705
191.8,3.705
191.8,3.705
191.8,3.705
191.8,3.705
191.8,3.705
191.8,3.705
191.8,3.705
191.8,3.705
191.8,3.705
191.8,3.705
191.8,3.705
191.8,3.705
191.8,3.705
191.8,3.705
191.8,3.705
191.8,3.705
191.8,3.705
191.8,3.705
191.8,3.705
191.8,3.705
191.8,3.705
191.8,3.705
191.8,3.705
191.8,3.705
191.8,3.705
191.8,3.705
191.8,3.705
191.8,3.705
191.8,3.705
191.8,3.705
191.8,3.705
191.9,3.705
191.9,3.705
191.9,3.705
191.9,3.705
191.9,3.705
191.9,3.705
191.9,3.705
191.8,3.705
191.8,3.705
191.8,3.705
191.8,3.705
191.8,3.705
191.8,3.705
191.8,3.705
191.8,3.705
191.8,3.705
191.8,3.705
191.8,3.705
191.8,3.705
191.8,3.705
191.8,3.705
191.8,3.705
191.8,3.705
191.8,3.705
191.8,3.705
191.8,3.705
191.8,3.705
191.8,3.705
191.8,3.705
191.8,3.705
191.8,3.705
191.8,3.705
191.8,3.705
191.8,3.705
191.8,3.705
191.8,3.705
191.8,3.705
191.8,3.705
191.8,3.705
191.8,3.705
191.8,3.705
191.8,3.705
191.8,3.705
191.8,3.705
191.8,3.705
191.8,3.705
191.8,3.705
191.8,3.705
191.8,3.705
191.8,3.705
191.8,3.705
191.8,3.705
191.8,3.705
191.8,3.705
191.8,3.705
191.8,3.705
191.8,3.705
191.8,3.705
191.8,3.705
191.8,3.705
191.8,3.705
191.8,3.705
191.8,3.705
191.8,3.705
191.8,3.705
191.8,3.705
191.8,3.705
191.8,3.705
191.8,3.705
191.8,3.705
191.8,3.705
191.8,3.705
191.8,3.705
191.8,3.705
191.8,3.705
191.8,3.705
191.8,3.705
191.8,3.705
191.8,3.705
191.8,3.705
191.8,3.705
191.8,3.705
191.8,3.705
191.8,3.705
191.7,3.705
191.7,3.705
191.7,3.705
191.7,3.705
191.7,3.705
191.7,3.705
191.7,3.705
191.7,3.705
191.7,3.705
191.7,3.705
191.7,3.705
191.7,3.705
191.7,3.705
191.7,3.705
191.7,3.705
191.7,3.705
191.7,3.705
191.7,3.705
191.7,3.705
191.7,3.705
191.7,3.705
191.7,3.705
191.7,3.705
191.7,3.705
191.7,3.705
191.7,3.705
191.7,3.705
191.7,3.705
191.7,3.705
191.7,3.705
191.7,3.705
191.7,3.705
191.7,3.705
191.7,3.705
191.7,3.705
191.7,3.705
191.7,3.705
191.6,3.705
191.6,3.705
191.6,3.705
191.6,3.705
191.6,3.705
191.6,3.705
191.6,3.705
191.6,3.705
191.6,3.705
191.6,3.705
191.6,3.705
191.6,3.705
191.6,3.705
191.6,3.705
191.6,3.705
191.6,3.705
191.6,3.705
191.6,3.705
191.6,3.705
191.6,3.705
191.6,3.705
191.6,3.705
191.6,3.705
191.6,3.705
191.6,3.705
191.6,3.705
191.6,3.705
191.6,3.705
191.6,3.705
191.6,3.705
191.6,3.705
191.6,3.705
191.6,3.705
191.6,3.705
191.6,3.705
191.6,3.705
191.6,3.705
191.6,3.705
191.6,3.705
191.5,3.705
191.5,3.705
191.5,3.705
191.5,3.705
191.5,3.705
191.5,3.705
191.5,3.705
191.5,3.705
191.5,3.705
191.5,3.705
191.5,3.705
191.4,3.705
191.4,3.705
191.4,3.705
191.4,3.705
191.4,3.705
191.4,3.705
191.4,3.705
191.4,3.705
191.4,3.705
191.4,3.705
191.4,3.705
191.4,3.705
191.4,3.705
191.4,3.705
191.4,3.705
191.4,3.705
191.4,3.705
191.4,3.705
191.4,3.705
191.4,3.705
191.4,3.705
191.4,3.705
191.4,3.705
191.4,3.705
191.4,3.705
191.4,3.705
191.4,3.705
191.4,3.705
191.4,3.705
191.4,3.705
191.4,3.705
191.4,3.705
191.4,3.705
191.4,3.705
191.4,3.705
191.4,3.705
191.4,3.705
191.4,3.705
191.4,3.705
191.4,3.705
191.4,3.705
191.4,3.705
191.4,3.705
191.4,3.705
191.4,3.705
191.4,3.705
191.4,3.705
191.4,3.705
191.4,3.705
191.4,3.705
191.4,3.705
191.4,3.705
191.4,3.705
191.4,3.705
191.3,3.705
191.3,3.705
191.3,3.705
191.3,3.705
191.3,3.705
191.3,3.705
191.3,3.705
191.3,3.705
191.3,3.705
191.3,3.705
191.3,3.705
191.3,3.705
191.3,3.705
191.3,3.705
191.3,3.705
191.3,3.705
191.3,3.705
191.3,3.705
191.3,3.705
191.3,3.705
191.3,3.705
191.3,3.705
191.3,3.705
191.3,3.705
191.3,3.705
191.3,3.705
191.3,3.705
191.3,3.705
191.3,3.705
191.3,3.705
191.3,3.705
191.3,3.705
191.3,3.705
191.3,3.705
191.3,3.705
191.3,3.705
191.3,3.705
191.3,3.705
191.3,3.705
191.3,3.705
191.3,3.705
191.3,3.705
191.3,3.705
191.3,3.705
191.3,3.705
191.3,3.705
191.3,3.705
191.3,3.705
191.3,3.705
191.3,3.705
191.3,3.705
191.3,3.705
191.3,3.705
191.3,3.705
191.3,3.705
191.3,3.705
191.3,3.705
191.3,3.705
191.3,3.705
191.3,3.705
191.3,3.705
191.3,3.705
191.3,3.705
191.3,3.705
191.3,3.705
191.3,3.705
191.3,3.705
191.3,3.705
191.3,3.705
191.3,3.705
191.3,3.705
191.3,3.705
191.3,3.705
191.3,3.705
191.3,3.705
191.3,3.705
191.3,3.705
191.3,3.705
191.3,3.705
191.3,3.705
191.3,3.705
191.3,3.705
191.2,3.705
191.2,3.705
191.2,3.705
191.2,3.705
191.2,3.705
191.2,3.705
191.2,3.705
191.2,3.705
191.2,3.705
191.2,3.705
191.2,3.705
191.2,3.705
191.2,3.705
191.2,3.705
191.2,3.705
191.2,3.705
191.2,3.705
191.2,3.705
191.2,3.705
191.2,3.705
191.2,3.705
191.2,3.705
191.2,3.705
191.2,3.705
191.2,3.705
191.2,3.705
191.2,3.705
191.2,3.705
191.2,3.705
191.2,3.705
191.2,3.705
191.2,3.705
191.2,3.705
191.2,3.705
191.2,3.705
191.2,3.705
191.2,3.705
191.2,3.705
191.2,3.705
191.2,3.705
191.2,3.705
191.2,3.705
191.2,3.705
191.2,3.705
191.2,3.705
191.2,3.705
191.2,3.705
191.2,3.705
191.2,3.705
191.2,3.705
191.2,3.705
191.2,3.705
191.2,3.705
191.2,3.705
191.2,3.705
191.2,3.705
191.2,3.705
191.2,3.705
191.2,3.705
191.2,3.705
191.2,3.705
191.2,3.705
191.2,3.705
191.2,3.705
191.2,3.705
191.2,3.705
191.2,3.705
191.2,3.705
191.2,3.705
191.2,3.705
191.2,3.705
191.2,3.705
191.2,3.705
191.2,3.705
191.2,3.705
191.2,3.705
191.2,3.705
191.2,3.705
191.2,3.705
191.2,3.705
191.2,3.705
191.2,3.705
191.2,3.705
191.2,3.705
191.2,3.705
191.2,3.705
191.2,3.705
191.2,3.705
191.2,3.705
191.2,3.705
191.2,3.705
191.2,3.705
191.2,3.705
191.2,3.705
191.2,3.705
191.2,3.705
191.2,3.705
191.2,3.705
191.2,3.705
191.2,3.705
191.2,3.705
191.2,3.705
191.2,3.705
191.2,3.705
191.2,3.705
191.2,3.705
191.2,3.705
191.2,3.705
191.2,3.705
191.2,3.705
191.2,3.705
191.2,3.705
191.2,3.705
191.2,3.705
191.2,3.705
191.2,3.705
191.2,3.705
191.2,3.705
191.2,3.705
191.2,3.705
191.2,3.705
191.2,3.705
191.2,3.705
191.2,3.705
191.2,3.705
191.2,3.705
191.2,3.705
191.2,3.705
191.2,3.705
191.2,3.705
191.2,3.705
191.2,3.705
191.2,3.705
191.2,3.705
191.1,3.705
191.1,3.705
191.1,3.705
191.1,3.705
191.1,3.705
191.1,3.705
191.1,3.705
191.1,3.705
191.1,3.705
191.1,3.705
191.1,3.705
191.1,3.705
191.1,3.705
191.1,3.705
191.1,3.705
191.1,3.705
191.1,3.705
191.0,3.705
191.0,3.705
191.0,3.705
191.0,3.705
191.0,3.705
191.0,3.705
191.0,3.705
191.0,3.705
191.0,3.705
191.0,3.705
191.0,3.705
191.0,3.705
191.0,3.705
191.0,3.705
191.0,3.705
191.0,3.705
191.0,3.705
191.0,3.705
191.0,3.705
191.0,3.705
191.0,3.705
191.0,3.705
191.0,3.705
191.0,3.705
191.0,3.705
191.0,3.705
191.0,3.705
191.0,3.705
191.0,3.705
191.0,3.705
191.0,3.705
191.0,3.705
191.0,3.705
191.0,3.705
191.0,3.705
191.0,3.705
191.0,3.705
191.0,3.705
191.0,3.705
190.9,3.705
190.9,3.705
190.9,3.705
190.9,3.705
190.9,3.705
190.9,3.705
190.9,3.705
190.9,3.705
190.9,3.705
190.9,3.705
190.9,3.705
190.9,3.705
190.9,3.705
190.9,3.705
190.9,3.705
190.9,3.705
190.9,3.705
190.8,3.705
190.8,3.705
190.8,3.705
190.8,3.705
190.8,3.705
190.8,3.705
190.8,3.705
190.8,3.705
190.8,3.705
190.8,3.705
190.8,3.705
190.8,3.705
190.8,3.705
190.8,3.705
190.8,3.705
190.8,3.705
190.8,3.705
190.8,3.705
190.8,3.705
190.8,3.705
190.8,3.705
190.8,3.705
190.8,3.705
190.8,3.705
190.7,3.705
190.7,3.705
190.7,3.705
190.7,3.705
190.7,3.705
190.7,3.705
190.7,3.705
190.7,3.705
190.7,3.705
190.7,3.705
190.7,3.705
190.7,3.705
190.7,3.705
190.7,3.705
190.7,3.705
190.7,3.705
190.7,3.705
190.7,3.705
190.7,3.705
190.7,3.705
190.7,3.705
190.7,3.705
190.7,3.705
190.7,3.705
190.7,3.705
190.7,3.705
190.7,3.705
190.7,3.705
190.7,3.705
190.7,3.705
190.7,3.705
190.7,3.705
190.7,3.705
190.7,3.705
190.7,3.705
190.7,3.705
190.7,3.705
190.7,3.705
190.7,3.705
190.7,3.705
190.7,3.705
190.7,3.705
190.7,3.705
190.7,3.705
190.7,3.705
190.7,3.705
190.6,3.705
190.6,3.705
190.6,3.705
190.6,3.705
190.6,3.705
190.6,3.705
190.6,3.705
190.6,3.705
190.6,3.705
190.6,3.705
190.6,3.705
190.6,3.705
190.6,3.705
190.6,3.705
190.6,3.705
190.6,3.705
190.6,3.705
190.6,3.705
190.6,3.705
190.6,3.705
190.6,3.705
190.5,3.705
190.5,3.705
190.5,3.705
190.5,3.705
190.5,3.705
190.5,3.705
190.5,3.705
190.5,3.705
190.5,3.705
190.5,3.705
190.5,3.705
190.5,3.705
190.5,3.705
190.5,3.705
190.5,3.705
190.5,3.705
190.5,3.705
190.5,3.705
190.5,3.705
190.5,3.705
190.4,3.705
190.4,3.705
190.4,3.705
190.4,3.705
190.4,3.705
190.4,3.705
190.4,3.705
190.4,3.705
190.4,3.705
190.4,3.705
190.4,3.705
190.4,3.705
190.4,3.705
190.4,3.705
190.4,3.705
190.3,3.705
190.3,3.705
190.3,3.705
190.3,3.705
190.3,3.705
190.3,3.705
190.3,3.705
190.3,3.705
190.3,3.705
190.3,3.705
190.3,3.705
190.2,3.705
190.2,3.705
190.2,3.705
190.2,3.705
190.2,3.705
190.2,3.705
190.2,3.705
190.2,3.705
190.2,3.705
190.2,3.705
190.2,3.705
190.1,3.705
190.1,3.705
190.1,3.705
190.1,3.705
190.1,3.705
190.1,3.705
190.1,3.705
190.1,3.705
190.1,3.705
190.1,3.705
190.1,3.705
190.1,3.705
190.1,3.705
190.0,3.705
190.0,3.705
190.0,3.705
190.0,3.705
190.0,3.705
189.9,3.705
189.9,3.705
189.9,3.705
189.9,3.705
189.9,3.705
189.9,3.705
189.9,3.705
189.9,3.705
189.8,3.705
189.8,3.705
189.8,3.705
189.8,3.705
189.8,3.705
189.8,3.705
189.8,3.705
189.8,3.705
189.8,3.705
189.8,3.705
189.8,3.705
189.8,3.705
189.8,3.705
189.8,3.705
189.7,3.705
189.7,3.705
189.7,3.705
189.7,3.705
189.7,3.705
189.7,3.705
189.6,3.705
189.6,3.705
189.6,3.705
189.6,3.705
189.6,3.705
189.6,3.705
189.6,3.705
189.6,3.705
189.6,3.705
189.5,3.705
189.5,3.705
189.5,3.705
189.5,3.705
189.5,3.705
189.4,3.705
189.4,3.705
189.4,3.705
189.3,3.705
189.3,3.705
189.3,3.705
189.3,3.705
189.3,3.705
189.3,3.705
189.3,3.705
189.3,3.705
189.3,3.705
189.3,3.705
189.2,3.705
189.2,3.705
189.2,3.705
189.2,3.705
189.2,3.705
189.2,3.705
189.2,3.705
189.2,3.705
189.2,3.705
189.2,3.705
189.1,3.705
189.1,3.705
189.1,3.705
189.1,3.705
189.1,3.705
189.1,3.705
189.1,3.705
189.0,3.705
188.9,3.705
188.9,3.705
188.9,3.705
188.9,3.705
188.9,3.705
188.8,3.705
188.9,3.705
188.9,3.705
188.9,3.705
188.8,3.705
188.8,3.705
188.8,3.705
188.8,3.705
188.8,3.705
188.8,3.705
188.8,3.705
188.7,3.705
188.7,3.705
188.7,3.705
188.7,3.705
188.7,3.705
188.7,3.705
188.7,3.705
188.6,3.705
188.6,3.705
188.6,3.705
188.6,3.705
188.6,3.705
188.6,3.705
188.6,3.705
188.6,3.705
188.6,3.705
188.6,3.705
188.5,3.705
188.5,3.705
188.5,3.705
188.5,3.705
188.5,3.705
188.4,3.705
188.4,3.705
188.3,3.705
188.3,3.705
188.3,3.705
188.3,3.705
188.3,3.705
188.3,3.705
188.3,3.705
188.3,3.705
188.2,3.705
188.2,3.705
188.2,3.705
188.1,3.705
188.1,3.705
188.2,3.705
188.2,3.705
188.1,3.705
188.1,3.705
188.1,3.705
188.1,3.705
188.1,3.705
188.1,3.705
188.1,3.705
188.1,3.705
188.0,3.705
188.0,3.705
187.9,3.705
187.9,3.705
187.9,3.705
187.8,3.705
187.8,3.705
187.8,3.705
187.8,3.705
187.8,3.705
187.8,3.705
187.8,3.705
187.8,3.705
187.8,3.705
187.8,3.705
187.7,3.705
187.7,3.705
187.7,3.705
187.7,3.705
187.6,3.705
187.6,3.705
187.6,3.705
187.6,3.705
187.6,3.705
187.5,3.705
187.5,3.705
187.4,3.705
187.4,3.705
187.4,3.705
187.4,3.705
187.4,3.705
187.3,3.705
187.3,3.705
187.3,3.700
187.3,3.700
187.3,3.700
187.3,3.700
187.2,3.700
187.2,3.700
187.1,3.700
187.1,3.700
187.1,3.700
187.1,3.700
187.1,3.700
187.1,3.700
187.0,3.700
187.0,3.700
187.0,3.700
187.0,3.700
187.0,3.700
186.9,3.700
186.9,3.700
186.8,3.700
186.8,3.700
186.8,3.700
186.8,3.700
186.7,3.700
186.7,3.700
186.7,3.700
186.7,3.700
186.7,3.700
186.7,3.700
186.7,3.700
186.6,3.700
186.5,3.700
186.5,3.700
186.5,3.700
186.4,3.700
186.4,3.700
186.4,3.700
186.4,3.700
186.4,3.700
186.4,3.700
186.4,3.700
186.3,3.700
186.2,3.700
186.2,3.700
186.1,3.700
186.1,3.700
186.1,3.700
186.1,3.700
186.0,3.700
186.0,3.700
186.0,3.700
185.9,3.700
185.9,3.700
185.9,3.700
185.9,3.700
185.8,3.700
185.8,3.700
185.8,3.700
185.7,3.700
185.7,3.700
185.7,3.700
185.7,3.700
185.6,3.700
185.6,3.700
185.5,3.700
185.5,3.700
185.5,3.700
185.5,3.700
185.4,3.700
185.4,3.700
185.4,3.700
185.4,3.700
185.3,3.700
185.3,3.700
185.2,3.700
185.2,3.700
185.1,3.700
185.1,3.700
185.1,3.700
185.0,3.700
185.0,3.700
185.0,3.700
185.0,3.700
184.9,3.700
184.9,3.700
184.9,3.700
184.9,3.700
184.8,3.700
184.8,3.700
184.7,3.700
184.7,3.700
184.7,3.700
184.6,3.700
184.6,3.700
184.6,3.700
184.6,3.700
184.5,3.700
184.5,3.700
184.5,3.700
184.4,3.700
184.4,3.700
184.3,3.700
184.3,3.700
184.3,3.700
184.3,3.700
184.2,3.700
184.2,3.700
184.1,3.700
184.1,3.700
184.1,3.700
184.0,3.700
183.9,3.700
183.9,3.700
183.9,3.700
183.9,3.700
183.9,3.700
183.8,3.700
183.8,3.700
183.8,3.700
183.8,3.700
183.8,3.700
183.7,3.700
183.7,3.700
183.6,3.700
183.6,3.700
183.5,3.700
183.5,3.700
183.5,3.700
183.4,3.700
183.4,3.700
183.4,3.700
183.3,3.700
183.3,3.700
183.3,3.700
183.2,3.700
183.2,3.700
183.2,3.700
183.1,3.700
183.1,3.700
183.1,3.700
183.1,3.700
183.0,3.700
183.0,3.700
183.0,3.700
182.9,3.700
182.9,3.700
182.9,3.700
182.8,3.700
182.8,3.700
182.7,3.700
182.7,3.700
182.7,3.700
182.6,3.700
182.6,3.700
182.5,3.700
182.5,3.700
182.5,3.700
182.4,3.700
182.4,3.700
182.4,3.700
182.4,3.700
182.3,3.700
182.2,3.700
182.2,3.700
182.2,3.700
182.2,3.700
182.1,3.700
182.1,3.700
182.1,3.700
182.1,3.700
182.0,3.700
182.0,3.700
182.0,3.700
181.9,3.700
181.9,3.700
181.8,3.700
181.8,3.700
181.8,3.700
181.7,3.700
181.7,3.700
181.6,3.700
181.6,3.700
181.5,3.695
181.5,3.695
181.4,3.695
181.4,3.695
181.4,3.695
181.3,3.695
181.3,3.695
181.3,3.695
181.2,3.695
181.2,3.695
181.1,3.695
181.1,3.695
181.1,3.695
181.0,3.695
181.0,3.695
181.0,3.695
181.0,3.695
180.9,3.695
180.9,3.695
180.8,3.695
180.8,3.695
180.7,3.695
180.7,3.695
180.7,3.695
180.6,3.695
180.6,3.695
180.6,3.695
180.5,3.695
180.5,3.695
180.5,3.695
180.4,3.695
180.4,3.695
180.3,3.695
180.3,3.695
180.3,3.695
180.2,3.695
180.2,3.695
180.2,3.695
180.2,3.695
180.1,3.695
180.0,3.695
180.0,3.695
180.0,3.695
179.9,3.695
179.9,3.695
179.9,3.695
179.8,3.695
179.8,3.695
179.7,3.695
179.7,3.695
179.7,3.695
179.7,3.695
179.6,3.695
179.6,3.695
179.5,3.695
179.5,3.695
179.4,3.695
179.4,3.695
179.3,3.695
179.3,3.695
179.3,3.695
179.2,3.695
179.2,3.695
179.2,3.695
179.1,3.695
179.1,3.695
179.1,3.695
179.0,3.695
179.0,3.695
178.9,3.695
178.9,3.695
178.9,3.695
178.8,3.695
178.8,3.695
178.8,3.695
178.7,3.695
178.7,3.695
178.6,3.695
178.6,3.695
178.6,3.695
178.5,3.695
178.5,3.695
178.4,3.695
178.4,3.695
178.3,3.695
178.3,3.695
178.3,3.695
178.2,3.695
178.2,3.695
178.1,3.695
178.1,3.695
178.0,3.695
178.0,3.695
178.0,3.695
177.9,3.695
177.9,3.695
177.8,3.695
177.8,3.695
177.8,3.695
177.7,3.695
177.7,3.695
177.6,3.695
177.6,3.695
177.5,3.695
177.5,3.695
177.5,3.695
177.4,3.695
177.4,3.695
177.3,3.695
177.3,3.695
177.2,3.695
177.2,3.695
177.1,3.695
177.1,3.695
177.1,3.695
177.0,3.695
177.0,3.695
176.9,3.695
176.9,3.695
176.8,3.695
176.8,3.695
176.7,3.695
176.7,3.695
176.6,3.695
176.5,3.695
176.5,3.695
176.4,3.695
176.4,3.695
176.3,3.695
176.3,3.690
176.3,3.690
176.2,3.690
176.2,3.690
176.1,3.690
176.0,3.690
176.0,3.690
175.9,3.690
175.9,3.690
175.8,3.690
175.7,3.690
175.7,3.690
175.6,3.690
175.6,3.690
175.6,3.690
175.5,3.690
175.5,3.690
175.4,3.690
175.4,3.690
175.3,3.690
175.3,3.690
175.2,3.690
175.2,3.690
175.1,3.690
175.0,3.690
175.0,3.690
174.9,3.690
174.8,3.690
174.8,3.690
174.7,3.690
174.7,3.690
174.6,3.690
174.6,3.690
174.5,3.690
174.5,3.690
174.4,3.690
174.3,3.690
174.3,3.690
174.2,3.690
174.2,3.690
174.1,3.690
174.0,3.690
174.0,3.690
173.9,3.690
173.9,3.690
173.8,3.690
173.8,3.690
173.7,3.690
173.6,3.690
173.6,3.690
173.5,3.690
173.5,3.690
173.4,3.690
173.3,3.690
173.3,3.690
173.2,3.690
173.1,3.690
173.1,3.690
173.0,3.690
173.0,3.690
173.0,3.690
172.9,3.690
172.9,3.690
172.8,3.690
172.7,3.690
172.7,3.690
172.6,3.690
172.6,3.690
172.5,3.690
172.5,3.690
172.4,3.690
172.4,3.690
172.3,3.690
172.3,3.690
172.2,3.690
172.2,3.690
172.1,3.690
172.0,3.690
171.9,3.690
171.9,3.690
171.8,3.690
171.8,3.690
171.7,3.690
171.6,3.690
171.6,3.690
171.5,3.690
171.5,3.690
171.4,3.690
171.4,3.690
171.3,3.690
171.3,3.690
171.2,3.690
171.2,3.690
171.1,3.690
171.1,3.690
171.0,3.690
171.0,3.690
170.9,3.690
170.9,3.690
170.9,3.690
170.8,3.690
170.7,3.685
170.7,3.685
170.7,3.685
170.6,3.685
170.6,3.685
170.5,3.685
170.5,3.685
170.4,3.685
170.3,3.685
170.3,3.685
170.2,3.685
170.2,3.685
170.1,3.685
170.1,3.685
170.1,3.685
170.0,3.685
169.9,3.685
169.9,3.685
169.8,3.685
169.8,3.685
169.7,3.685
169.7,3.685
169.7,3.685
169.7,3.685
169.6,3.685
169.6,3.685
169.5,3.685
169.5,3.685
169.4,3.685
169.4,3.685
169.3,3.685
169.3,3.685
169.3,3.685
169.2,3.685
169.2,3.685
169.1,3.685
169.0,3.685
169.0,3.685
169.0,3.685
168.9,3.685
168.9,3.685
168.9,3.685
168.8,3.685
168.8,3.685
168.7,3.685
168.7,3.685
168.6,3.685
168.5,3.685
168.5,3.685
168.5,3.685
168.4,3.685
168.4,3.685
168.4,3.685
168.3,3.685
168.3,3.685
168.3,3.685
168.2,3.685
168.2,3.685
168.1,3.685
168.1,3.685
168.0,3.685
168.0,3.685
167.9,3.685
167.9,3.685
167.9,3.685
167.8,3.685
167.8,3.685
167.8,3.685
167.7,3.685
167.7,3.685
167.6,3.685
167.6,3.685
167.6,3.685
167.6,3.685
167.5,3.685
167.5,3.685
167.4,3.685
167.4,3.685
167.4,3.685
167.3,3.685
167.2,3.685
167.2,3.685
167.2,3.685
167.2,3.685
167.2,3.685
167.1,3.685
167.1,3.685
167.0,3.685
167.0,3.685
167.0,3.685
166.9,3.685
166.9,3.685
166.8,3.685
166.8,3.685
166.7,3.685
166.7,3.685
166.7,3.685
166.6,3.685
166.6,3.685
166.6,3.685
166.6,3.685
166.5,3.685
166.5,3.685
166.5,3.685
166.4,3.685
166.4,3.685
166.4,3.685
166.3,3.685
166.3,3.685
166.3,3.685
166.2,3.685
166.2,3.685
166.1,3.685
166.1,3.685
166.1,3.685
166.0,3.685
166.0,3.685
166.0,3.685
166.0,3.685
166.0,3.685
165.9,3.685
165.9,3.685
165.9,3.685
165.8,3.685
165.8,3.685
165.8,3.685
165.7,3.685
165.7,3.685
165.7,3.685
165.6,3.685
165.6,3.685
165.5,3.685
165.5,3.685
165.5,3.685
165.4,3.685
165.4,3.685
165.4,3.680
165.3,3.680
165.3,3.680
165.3,3.680
165.3,3.680
165.2,3.680
165.2,3.680
165.2,3.680
165.1,3.680
165.1,3.680
165.1,3.680
165.0,3.680
165.0,3.680
165.0,3.680
164.9,3.680
164.9,3.680
164.9,3.680
164.9,3.680
164.9,3.680
164.9,3.680
164.9,3.680
164.8,3.680
164.7,3.680
164.7,3.680
164.6,3.680
164.6,3.680
164.6,3.680
164.5,3.680
164.5,3.680
164.5,3.680
164.5,3.680
164.5,3.680
164.4,3.680
164.4,3.680
164.3,3.680
164.3,3.680
164.3,3.680
164.3,3.680
164.2,3.680
164.2,3.680
164.2,3.680
164.2,3.680
164.1,3.680
164.1,3.680
164.1,3.680
164.0,3.680
164.0,3.680
164.0,3.680
164.0,3.680
164.0,3.680
164.0,3.680
164.0,3.680
164.0,3.680
163.9,3.680
163.8,3.680
163.8,3.680
163.8,3.680
163.8,3.680
163.7,3.680
163.7,3.680
163.7,3.680
163.6,3.680
163.6,3.680
163.6,3.680
163.6,3.680
163.5,3.680
163.5,3.680
163.5,3.680
163.5,3.680
163.4,3.680
163.4,3.680
163.4,3.680
163.4,3.680
163.4,3.680
163.4,3.680
163.4,3.680
163.4,3.680
163.4,3.680
163.2,3.680
163.2,3.680
163.2,3.680
163.2,3.680
163.1,3.680
163.1,3.680
163.1,3.680
163.1,3.680
163.1,3.680
163.0,3.680
163.0,3.680
163.0,3.680
163.0,3.680
162.9,3.680
162.9,3.680
162.9,3.680
162.9,3.680
162.8,3.680
162.8,3.680
162.8,3.680
162.8,3.680
162.8,3.680
162.8,3.680
162.8,3.680
162.8,3.680
162.7,3.680
162.7,3.680
162.7,3.680
162.6,3.680
162.6,3.680
162.6,3.680
162.5,3.680
162.5,3.680
162.5,3.680
162.5,3.680
162.4,3.680
162.4,3.680
162.4,3.680
162.4,3.680
162.4,3.680
162.4,3.680
162.4,3.680
162.4,3.680
162.4,3.680
162.4,3.680
162.4,3.680
162.3,3.680
162.3,3.680
162.3,3.680
162.3,3.680
162.3,3.680
162.3,3.680
162.1,3.680
162.1,3.680
162.1,3.680
162.1,3.680
162.1,3.680
162.0,3.680
162.0,3.680
162.0,3.680
162.0,3.680
162.0,3.680
161.9,3.680
162.0,3.680
162.0,3.680
161.9,3.680
161.9,3.680
161.9,3.680
161.9,3.680
161.9,3.680
161.9,3.680
161.9,3.680
161.9,3.680
161.9,3.680
161.8,3.680
161.8,3.680
161.8,3.680
161.8,3.680
161.7,3.680
161.8,3.680
161.7,3.680
161.7,3.680
161.7,3.680
161.7,3.680
161.7,3.680
161.7,3.680
161.7,3.680
161.7,3.680
161.6,3.680
161.6,3.680
161.6,3.680
161.6,3.680
161.6,3.680
161.6,3.680
161.5,3.680
161.5,3.680
161.5,3.680
161.5,3.680
161.5,3.680
161.5,3.680
161.5,3.680
161.5,3.680
161.5,3.680
161.5,3.680
161.4,3.680
161.3,3.680
161.3,3.680
161.3,3.680
161.3,3.680
161.3,3.680
161.3,3.680
161.3,3.680
161.3,3.680
161.3,3.680
161.3,3.680
161.3,3.680
161.3,3.680
161.2,3.680
161.2,3.680
161.2,3.680
161.2,3.680
161.2,3.680
161.2,3.680
161.2,3.680
161.2,3.680
161.1,3.680
161.1,3.680
161.1,3.680
161.1,3.680
161.1,3.680
161.1,3.680
161.1,3.680
161.1,3.680
161.1,3.680
161.1,3.680
161.0,3.680
161.0,3.680
161.0,3.680
161.0,3.680
161.0,3.680
161.0,3.680
161.0,3.680
161.0,3.680
161.0,3.680
161.0,3.680
160.9,3.680
160.9,3.680
160.9,3.680
160.9,3.680
160.9,3.680
160.9,3.680
160.9,3.680
160.9,3.680
160.9,3.680
160.9,3.680
160.9,3.680
160.9,3.680
160.8,3.680
160.8,3.680
160.8,3.680
160.8,3.680
160.7,3.680
160.7,3.680
160.7,3.680
160.7,3.680
160.7,3.680
160.7,3.680
160.7,3.680
160.7,3.680
160.7,3.680
160.7,3.680
160.7,3.680
160.6,3.680
160.6,3.680
160.6,3.680
160.6,3.680
160.6,3.680
160.6,3.680
160.6,3.680
160.6,3.680
160.6,3.680
160.6,3.680
160.6,3.680
160.6,3.680
160.5,3.680
160.5,3.680
160.5,3.680
160.5,3.680
160.5,3.680
160.5,3.680
160.5,3.680
160.5,3.680
160.5,3.680
160.4,3.680
160.4,3.680
160.4,3.680
160.4,3.680
160.4,3.680
160.4,3.680
160.4,3.680
160.4,3.680
160.4,3.680
160.4,3.680
160.4,3.680
160.4,3.680
160.4,3.680
160.3,3.680
160.3,3.680
160.3,3.680
160.3,3.680
160.3,3.680
160.3,3.680
160.3,3.680
160.3,3.680
160.3,3.680
160.3,3.680
160.3,3.680
160.3,3.680
160.3,3.680
160.3,3.680
160.3,3.680
160.3,3.680
160.3,3.680
160.2,3.680
160.2,3.680
160.2,3.680
160.2,3.680
160.2,3.680
160.2,3.680
160.2,3.680
160.2,3.680
160.2,3.680
160.2,3.680
160.2,3.680
160.2,3.680
160.2,3.675
160.1,3.675
160.1,3.675
160.1,3.675
160.1,3.675
160.1,3.675
160.1,3.675
160.1,3.675
160.1,3.675
160.1,3.675
160.1,3.675
160.0,3.675
160.0,3.675
160.0,3.675
160.0,3.675
160.0,3.675
160.0,3.675
160.0,3.675
160.0,3.675
159.9,3.675
159.9,3.675
159.9,3.675
159.9,3.675
159.9,3.675
159.9,3.675
159.9,3.675
159.9,3.675
159.9,3.675
159.9,3.675
159.9,3.675
159.9,3.675
159.9,3.675
159.9,3.675
159.9,3.675
159.9,3.675
159.9,3.675
159.9,3.675
159.9,3.675
159.9,3.675
159.9,3.675
159.9,3.675
159.9,3.675
159.9,3.675
159.8,3.675
159.8,3.675
159.8,3.675
159.8,3.675
159.8,3.675
159.8,3.675
159.8,3.675
159.8,3.675
159.8,3.675
159.8,3.675
159.8,3.675
159.8,3.675
159.8,3.675
159.8,3.675
159.8,3.675
159.8,3.675
159.8,3.675
159.8,3.675
159.8,3.675
159.8,3.675
159.8,3.675
159.7,3.675
159.7,3.675
159.7,3.675
159.7,3.675
159.7,3.675
159.7,3.675
159.7,3.675
159.7,3.675
159.7,3.675
159.7,3.675
159.6,3.675
159.6,3.675
159.6,3.675
159.6,3.675
159.6,3.675
159.6,3.675
159.6,3.675
159.6,3.675
159.6,3.675
159.6,3.675
159.6,3.675
159.6,3.675
159.6,3.675
159.6,3.675
159.6,3.675
159.6,3.675
159.6,3.675
159.6,3.675
159.6,3.675
159.5,3.675
159.5,3.675
159.5,3.675
159.5,3.675
159.5,3.675
159.5,3.675
159.5,3.675
159.5,3.675
159.5,3.675
159.5,3.675
159.5,3.675
159.5,3.675
159.5,3.675
159.5,3.675
159.5,3.675
159.5,3.675
159.5,3.675
159.5,3.675
159.5,3.675
159.4,3.675
159.4,3.675
159.4,3.675
159.4,3.675
159.4,3.675
159.4,3.675
159.4,3.675
159.4,3.675
159.4,3.675
159.4,3.675
159.4,3.675
159.4,3.675
159.4,3.675
159.4,3.675
159.4,3.675
159.3,3.675
159.3,3.675
159.3,3.675
159.3,3.675
159.3,3.675
159.3,3.675
159.3,3.675
159.3,3.675
159.3,3.675
159.3,3.675
159.3,3.675
159.3,3.675
159.3,3.675
159.2,3.675
159.2,3.675
159.2,3.675
159.2,3.675
159.2,3.675
159.2,3.675
159.2,3.675
159.2,3.675
159.2,3.675
159.2,3.675
159.2,3.675
159.2,3.675
159.2,3.675
159.2,3.675
159.2,3.675
159.2,3.675
159.2,3.675
159.2,3.675
159.1,3.675
159.1,3.675
159.1,3.675
159.1,3.675
159.1,3.675
159.1,3.675
159.1,3.675
159.1,3.675
159.1,3.675
159.1,3.675
159.1,3.675
159.1,3.675
159.1,3.675
159.1,3.675
159.1,3.675
159.1,3.675
159.1,3.675
159.1,3.675
159.1,3.675
159.1,3.675
159.1,3.675
159.1,3.675
159.1,3.675
159.0,3.675
159.0,3.675
159.0,3.675
159.0,3.675
159.0,3.675
158.9,3.675
158.9,3.675
158.9,3.675
158.9,3.675
158.9,3.675
158.9,3.675
158.9,3.675
158.9,3.675
158.9,3.675
158.9,3.675
158.9,3.675
158.9,3.675
158.9,3.675
158.9,3.675
158.9,3.675
158.9,3.675
158.8,3.675
158.8,3.675
158.8,3.675
158.8,3.675
158.8,3.675
158.8,3.675
158.8,3.675
158.8,3.675
158.8,3.675
158.8,3.675
158.8,3.675
158.8,3.675
158.8,3.675
158.8,3.675
158.8,3.675
158.8,3.675
158.8,3.675
158.8,3.675
158.8,3.675
158.7,3.675
158.7,3.675
158.7,3.675
158.7,3.675
158.7,3.675
158.7,3.675
158.7,3.675
158.7,3.675
158.7,3.675
158.7,3.675
158.7,3.675
158.7,3.675
158.7,3.675
158.7,3.675
158.7,3.675
158.7,3.675
158.6,3.675
158.6,3.675
158.6,3.675
158.6,3.675
158.6,3.675
158.6,3.675
158.6,3.675
158.6,3.675
158.6,3.675
158.6,3.675
158.5,3.675
158.5,3.675
158.5,3.675
158.5,3.675
158.5,3.675
158.5,3.675
158.5,3.675
158.5,3.675
158.5,3.675
158.5,3.675
158.5,3.675
158.5,3.675
158.5,3.675
158.5,3.675
158.5,3.675
158.5,3.675
158.5,3.675
158.5,3.675
158.5,3.675
158.4,3.675
158.4,3.675
158.4,3.675
158.4,3.675
158.4,3.675
158.4,3.675
158.4,3.675
158.4,3.675
158.4,3.675
158.4,3.675
158.4,3.675
158.4,3.675
158.4,3.675
158.4,3.675
158.4,3.675
158.4,3.675
158.3,3.675
158.3,3.675
158.3,3.675
158.3,3.675
158.3,3.675
158.3,3.675
158.3,3.675
158.3,3.675
158.3,3.675
158.3,3.675
158.3,3.675
158.3,3.675
158.3,3.675
158.3,3.675
158.3,3.675
158.3,3.675
158.3,3.675
158.3,3.675
158.3,3.675
158.3,3.675
158.3,3.675
158.2,3.675
158.2,3.675
158.2,3.675
158.2,3.675
158.2,3.675
158.2,3.675
158.2,3.675
158.2,3.675
158.2,3.675
158.2,3.675
158.2,3.675
158.2,3.675
158.2,3.675
158.2,3.675
158.2,3.675
158.2,3.675
158.1,3.675
158.1,3.675
158.1,3.675
158.1,3.675
158.1,3.675
158.1,3.675
158.1,3.675
158.1,3.675
158.1,3.675
158.1,3.675
158.1,3.675
158.1,3.675
158.1,3.675
158.1,3.675
158.1,3.675
158.0,3.675
158.0,3.675
158.0,3.675
158.0,3.675
158.0,3.675
158.0,3.675
158.0,3.675
158.0,3.675
158.0,3.675
158.0,3.675
158.0,3.675
158.0,3.675
158.0,3.675
158.0,3.675
158.0,3.675
158.0,3.675
158.0,3.675
158.0,3.675
158.0,3.675
158.0,3.675
158.0,3.675
158.0,3.675
157.9,3.675
157.9,3.675
157.9,3.675
157.9,3.675
157.9,3.675
157.9,3.675
157.9,3.675
157.8,3.675
157.8,3.675
157.8,3.675
157.8,3.675
157.8,3.675
157.8,3.675
157.8,3.675
157.8,3.675
157.8,3.675
157.8,3.675
157.8,3.675
157.8,3.675
157.8,3.675
157.8,3.675
157.8,3.675
157.8,3.675
157.8,3.675
157.8,3.675
157.8,3.675
157.8,3.675
157.8,3.675
157.8,3.675
157.8,3.675
157.8,3.675
157.8,3.675
157.8,3.675
157.8,3.675
157.8,3.675
157.8,3.675
157.7,3.675
157.7,3.675
157.7,3.675
157.7,3.675
157.7,3.675
157.7,3.675
157.7,3.675
157.7,3.675
157.7,3.675
157.7,3.675
157.7,3.675
157.7,3.675
157.7,3.675
157.6,3.675
157.6,3.675
157.6,3.675
157.6,3.675
157.6,3.675
157.6,3.675
157.6,3.675
157.6,3.675
157.6,3.675
157.6,3.675
157.6,3.675
157.6,3.675
157.6,3.675
157.6,3.675
157.6,3.675
157.6,3.675
157.6,3.675
157.6,3.675
157.6,3.675
157.6,3.675
157.5,3.675
157.5,3.675
157.5,3.675
157.5,3.675
157.5,3.675
157.5,3.675
157.5,3.675
157.5,3.675
157.5,3.675
157.5,3.675
157.5,3.675
157.5,3.675
157.5,3.675
157.5,3.675
157.5,3.675
157.4,3.675
157.4,3.675
157.4,3.675
157.4,3.675
157.4,3.675
157.4,3.675
157.4,3.675
157.4,3.675
157.4,3.675
157.4,3.675
157.4,3.675
157.4,3.675
157.4,3.675
157.4,3.675
157.3,3.675
157.3,3.675
157.3,3.675
157.3,3.675
157.3,3.675
157.3,3.675
157.3,3.675
157.3,3.675
157.3,3.675
157.3,3.675
157.3,3.675
157.3,3.675
157.3,3.675
157.3,3.675
157.3,3.675
157.3,3.675
157.3,3.675
157.3,3.675
157.3,3.675
157.3,3.675
157.3,3.675
157.3,3.675
157.3,3.675
157.3,3.675
157.3,3.675
157.3,3.675
157.3,3.675
157.3,3.675
157.3,3.675
157.3,3.675
157.2,3.675
157.2,3.675
157.2,3.675
157.2,3.675
157.2,3.675
157.2,3.675
157.2,3.675
157.2,3.675
157.1,3.675
157.1,3.675
157.1,3.675
157.1,3.675
157.1,3.675
157.1,3.675
157.1,3.675
157.1,3.675
157.1,3.675
157.1,3.675
157.1,3.675
157.1,3.675
157.1,3.675
157.1,3.675
157.1,3.675
157.1,3.675
157.1,3.675
157.1,3.675
157.1,3.675
157.1,3.675
157.1,3.675
157.1,3.675
157.1,3.675
157.0,3.675
157.0,3.675
157.0,3.675
157.0,3.675
157.0,3.675
157.0,3.675
157.0,3.675
157.0,3.675
157.0,3.675
157.0,3.675
157.0,3.675
157.0,3.675
157.0,3.675
157.0,3.675
157.0,3.675
157.0,3.675
157.0,3.675
157.0,3.675
156.9,3.675
156.9,3.675
156.9,3.675
156.9,3.675
156.9,3.675
156.9,3.675
156.9,3.675
156.9,3.675
156.9,3.675
156.9,3.675
156.9,3.675
156.9,3.675
156.9,3.675
156.9,3.675
156.8,3.675
156.8,3.675
156.8,3.675
156.8,3.675
156.8,3.675
156.8,3.675
156.8,3.675
156.8,3.675
156.8,3.675
156.8,3.675
156.8,3.675
156.8,3.675
156.8,3.675
156.8,3.675
156.8,3.675
156.8,3.675
156.8,3.675
156.8,3.675
156.8,3.675
156.8,3.675
156.8,3.675
156.8,3.675
156.8,3.675
156.7,3.675
156.7,3.675
156.7,3.675
156.7,3.675
156.7,3.675
156.7,3.675
156.7,3.675
156.7,3.675
156.7,3.675
156.7,3.675
156.7,3.675
156.7,3.675
156.6,3.675
156.6,3.675
156.6,3.675
156.6,3.675
156.6,3.675
156.6,3.675
156.6,3.675
156.6,3.675
156.6,3.675
156.6,3.675
156.6,3.675
156.6,3.675
156.6,3.675
156.6,3.675
156.6,3.675
156.6,3.675
156.6,3.675
156.6,3.675
156.6,3.675
156.6,3.675
156.6,3.675
156.5,3.675
156.5,3.675
156.5,3.675
156.5,3.675
156.5,3.675
156.5,3.675
156.5,3.675
156.5,3.675
156.5,3.675
156.5,3.675
156.5,3.675
156.5,3.675
156.5,3.675
156.5,3.675
156.5,3.675
156.4,3.675
156.4,3.675
156.4,3.675
156.4,3.675
156.4,3.675
156.4,3.675
156.4,3.675
156.4,3.675
156.4,3.675
156.4,3.675
156.4,3.675
156.4,3.675
156.4,3.675
156.4,3.675
156.4,3.675
156.4,3.675
156.4,3.675
156.4,3.675
156.4,3.675
156.4,3.675
156.3,3.675
156.3,3.675
156.3,3.675
156.3,3.675
156.3,3.675
156.3,3.675
156.3,3.675
156.3,3.675
156.3,3.675
156.3,3.675
156.3,3.675
156.3,3.675
156.3,3.675
156.3,3.675
156.3,3.675
156.3,3.675
156.3,3.675
156.3,3.675
156.3,3.675
156.3,3.675
156.3,3.675
156.2,3.675
156.2,3.675
156.2,3.675
156.2,3.675
156.2,3.675
156.2,3.675
156.2,3.675
156.2,3.675
156.2,3.675
156.2,3.675
156.2,3.675
156.2,3.675
156.2,3.675
156.2,3.675
156.2,3.675
156.2,3.675
156.2,3.675
156.2,3.675
156.2,3.675
156.1,3.675
156.1,3.675
156.1,3.675
156.1,3.675
156.1,3.675
156.1,3.675
156.1,3.675
156.1,3.675
156.1,3.675
156.1,3.675
156.0,3.675
156.0,3.675
156.0,3.675
156.0,3.675
156.0,3.675
156.0,3.675
156.0,3.675
156.0,3.675
156.0,3.675
156.0,3.675
156.0,3.675
156.0,3.675
156.0,3.675
156.0,3.675
156.0,3.675
156.0,3.675
156.0,3.675
156.0,3.675
155.9,3.675
155.9,3.675
155.9,3.675
155.9,3.675
155.9,3.675
155.9,3.675
155.9,3.675
155.9,3.675
155.9,3.675
155.9,3.675
155.9,3.675
155.9,3.675
155.9,3.675
155.9,3.675
155.9,3.675
155.9,3.675
155.9,3.675
155.8,3.675
155.8,3.675
155.8,3.675
155.8,3.675
155.8,3.675
155.8,3.675
155.8,3.675
155.8,3.675
155.8,3.675
155.8,3.675
155.7,3.675
155.7,3.675
155.7,3.675
155.7,3.675
155.7,3.675
155.7,3.675
155.7,3.675
155.7,3.675
155.7,3.675
155.7,3.675
155.7,3.675
155.7,3.675
155.7,3.675
155.7,3.675
155.7,3.675
155.7,3.675
155.7,3.675
155.6,3.675
155.6,3.675
155.6,3.675
155.6,3.675
155.6,3.675
155.6,3.675
155.6,3.675
155.6,3.675
155.6,3.675
155.6,3.675
155.6,3.675
155.6,3.675
155.6,3.675
155.6,3.675
155.5,3.675
155.5,3.675
155.5,3.675
155.5,3.675
155.5,3.675
155.5,3.675
155.5,3.675
155.5,3.675
155.5,3.675
155.5,3.675
155.5,3.675
155.5,3.675
155.5,3.675
155.5,3.675
155.5,3.675
155.5,3.675
155.5,3.675
155.5,3.675
155.5,3.675
155.5,3.675
155.5,3.675
155.5,3.675
155.5,3.675
155.4,3.675
155.4,3.675
155.4,3.675
155.4,3.675
155.4,3.675
155.4,3.675
155.4,3.675
155.4,3.675
155.4,3.675
155.4,3.675
155.4,3.675
155.4,3.675
155.4,3.675
155.4,3.675
155.4,3.675
155.4,3.675
155.4,3.675
155.4,3.675
155.4,3.675
155.4,3.675
155.4,3.675
155.4,3.675
155.3,3.675
155.3,3.675
155.3,3.675
155.3,3.675
155.3,3.675
155.3,3.675
155.3,3.675
155.3,3.675
155.3,3.675
155.3,3.675
155.3,3.675
155.3,3.675
155.2,3.675
155.2,3.675
155.2,3.675
155.2,3.675
155.2,3.675
155.2,3.675
155.2,3.675
155.2,3.675
155.2,3.675
155.2,3.675
155.2,3.675
155.2,3.675
155.2,3.675
155.2,3.675
155.2,3.675
155.2,3.675
155.1,3.675
155.1,3.675
155.1,3.670
155.1,3.670
155.1,3.670
155.1,3.670
155.1,3.670
155.1,3.670
155.1,3.670
155.1,3.670
155.1,3.670
155.1,3.670
155.1,3.670
155.1,3.670
155.1,3.670
155.0,3.670
155.0,3.670
155.0,3.670
155.0,3.670
155.0,3.670
155.0,3.670
155.0,3.670
155.0,3.670
155.0,3.670
155.0,3.670
155.0,3.670
155.0,3.670
155.0,3.670
155.0,3.670
155.0,3.670
155.0,3.670
155.0,3.670
155.0,3.670
154.9,3.670
154.9,3.670
154.9,3.670
154.9,3.670
154.9,3.670
154.9,3.670
154.9,3.670
154.8,3.670
154.8,3.670
154.8,3.670
154.8,3.670
154.8,3.670
154.8,3.670
154.8,3.670
154.8,3.670
154.8,3.670
154.7,3.670
154.7,3.670
154.7,3.670
154.7,3.670
154.7,3.670
154.7,3.670
154.7,3.670
154.7,3.670
154.7,3.670
154.7,3.670
154.7,3.670
154.7,3.670
154.7,3.670
154.7,3.670
154.6,3.670
154.6,3.670
154.6,3.670
154.6,3.670
154.6,3.670
154.6,3.670
154.6,3.670
154.6,3.670
154.6,3.670
154.6,3.670
154.6,3.670
154.6,3.670
154.6,3.670
154.6,3.670
154.6,3.670
154.6,3.670
154.5,3.670
154.5,3.670
154.5,3.670
154.5,3.670
154.5,3.670
154.5,3.670
154.5,3.670
154.5,3.670
154.5,3.670
154.5,3.670
154.5,3.670
154.5,3.670
154.5,3.670
154.4,3.670
154.4,3.670
154.4,3.670
154.4,3.670
154.4,3.670
154.4,3.670
154.4,3.670
154.4,3.670
154.4,3.670
154.3,3.670
154.3,3.670
154.3,3.670
154.3,3.670
154.3,3.670
154.3,3.670
154.3,3.670
154.3,3.670
154.3,3.670
154.3,3.670
154.3,3.670
154.3,3.670
154.3,3.670
154.3,3.670
154.3,3.670
154.3,3.670
154.3,3.670
154.3,3.670
154.2,3.670
154.2,3.670
154.2,3.670
154.2,3.670
154.2,3.670
154.1,3.670
154.1,3.670
154.1,3.670
154.1,3.670
154.1,3.670
154.1,3.670
154.1,3.670
154.1,3.670
154.1,3.670
154.0,3.670
154.0,3.670
154.0,3.670
154.0,3.670
154.0,3.670
154.0,3.670
154.0,3.670
154.0,3.670
154.0,3.670
154.0,3.670
154.0,3.670
154.0,3.670
154.0,3.670
153.9,3.670
153.9,3.670
153.9,3.670
153.9,3.670
153.9,3.670
153.9,3.670
153.9,3.670
153.9,3.670
153.8,3.670
153.8,3.670
153.8,3.670
153.8,3.670
153.8,3.670
153.8,3.670
153.8,3.670
153.8,3.670
153.8,3.670
153.8,3.670
153.8,3.670
153.8,3.670
153.8,3.670
153.8,3.670
153.8,3.670
153.8,3.670
153.8,3.670
153.7,3.670
153.7,3.670
153.7,3.670
153.7,3.670
153.7,3.670
153.7,3.670
153.7,3.670
153.7,3.670
153.7,3.670
153.6,3.670
153.6,3.670
153.6,3.670
153.6,3.670
153.6,3.670
153.6,3.670
153.6,3.670
153.6,3.670
153.6,3.670
153.6,3.670
153.5,3.670
153.5,3.670
153.5,3.670
153.5,3.670
153.5,3.670
153.5,3.670
153.5,3.670
153.5,3.670
153.5,3.670
153.5,3.670
153.5,3.670
153.5,3.670
153.5,3.670
153.4,3.670
153.4,3.670
153.4,3.670
153.4,3.670
153.4,3.670
153.4,3.670
153.4,3.670
153.3,3.670
153.3,3.670
153.3,3.670
153.3,3.670
153.3,3.670
153.3,3.670
153.3,3.670
153.3,3.670
153.3,3.670
153.3,3.670
153.2,3.670
153.2,3.670
153.2,3.670
153.2,3.670
153.1,3.670
153.1,3.670
153.1,3.670
153.1,3.670
153.1,3.670
153.1,3.670
153.1,3.670
153.1,3.670
153.1,3.670
153.1,3.670
153.1,3.670
153.1,3.670
153.1,3.670
153.0,3.670
153.0,3.670
153.0,3.670
153.0,3.670
153.0,3.670
153.0,3.670
153.0,3.670
153.0,3.670
153.0,3.670
153.0,3.670
152.9,3.670
152.9,3.670
152.9,3.670
152.9,3.670
152.9,3.670
152.9,3.670
152.8,3.670
152.8,3.670
152.8,3.670
152.8,3.670
152.8,3.670
152.8,3.670
152.8,3.670
152.7,3.670
152.7,3.670
152.7,3.670
152.7,3.670
152.7,3.670
152.7,3.670
152.7,3.670
152.7,3.670
152.7,3.670
152.7,3.670
152.7,3.670
152.7,3.670
152.7,3.670
152.7,3.670
152.7,3.670
152.6,3.670
152.6,3.670
152.6,3.670
152.6,3.670
152.6,3.670
152.5,3.670
152.5,3.670
152.5,3.670
152.5,3.670
152.5,3.670
152.5,3.670
152.5,3.670
152.5,3.670
152.5,3.670
152.5,3.670
152.5,3.670
152.4,3.670
152.4,3.670
152.4,3.670
152.4,3.670
152.4,3.670
152.4,3.670
152.3,3.670
152.3,3.670
152.3,3.670
152.3,3.670
152.3,3.670
152.3,3.670
152.3,3.670
152.3,3.670
152.3,3.670
152.3,3.670
152.3,3.670
152.3,3.670
152.3,3.670
152.3,3.670
152.3,3.670
152.2,3.670
152.2,3.670
152.2,3.670
152.2,3.670
152.2,3.670
152.2,3.670
152.2,3.670
152.2,3.670
152.2,3.670
152.2,3.670
152.1,3.670
152.0,3.670
152.0,3.670
152.0,3.670
152.0,3.670
152.0,3.670
152.0,3.670
152.0,3.670
152.0,3.670
152.0,3.670
152.0,3.670
152.0,3.670
152.0,3.670
152.0,3.670
152.0,3.670
152.0,3.670
152.0,3.670
152.0,3.670
152.0,3.670
152.0,3.670
152.0,3.670
152.0,3.670
151.9,3.670
151.9,3.670
151.9,3.670
151.9,3.670
151.9,3.670
151.8,3.670
151.8,3.670
151.8,3.670
151.8,3.670
151.8,3.670
151.8,3.670
151.8,3.670
151.8,3.670
151.8,3.670
151.8,3.670
151.8,3.670
151.8,3.670
151.8,3.670
151.8,3.670
151.8,3.670
151.8,3.670
151.8,3.670
151.8,3.670
151.8,3.670
151.8,3.670
151.8,3.670
151.8,3.670
151.7,3.670
151.7,3.670
151.7,3.670
151.6,3.670
151.6,3.670
151.6,3.670
151.6,3.670
151.6,3.670
151.6,3.670
151.6,3.670
151.6,3.670
151.6,3.670
151.6,3.670
151.6,3.670
151.6,3.670
151.6,3.670
151.6,3.670
151.6,3.670
151.5,3.670
151.5,3.670
151.5,3.670
151.5,3.670
151.5,3.670
151.5,3.670
151.5,3.670
151.5,3.670
151.5,3.670
151.5,3.670
151.5,3.670
151.5,3.670
151.5,3.670
151.5,3.670
151.5,3.670
151.4,3.670
151.4,3.670
151.4,3.670
151.4,3.670
151.4,3.670
151.3,3.670
151.3,3.670
151.3,3.670
151.3,3.670
151.3,3.670
151.3,3.670
151.3,3.670
151.3,3.670
151.3,3.670
151.3,3.670
151.2,3.670
151.2,3.670
151.2,3.670
151.2,3.670
151.2,3.670
151.2,3.670
151.2,3.670
151.2,3.670
151.2,3.670
151.2,3.670
151.2,3.670
151.2,3.670
151.1,3.670
151.1,3.670
151.1,3.670
151.1,3.670
151.1,3.670
151.1,3.670
151.1,3.670
151.1,3.670
151.1,3.670
151.1,3.670
151.0,3.670
151.0,3.670
151.0,3.670
151.0,3.670
151.0,3.670
151.0,3.670
150.9,3.670
150.9,3.670
150.9,3.670
150.9,3.670
150.9,3.670
150.9,3.670
150.9,3.670
150.9,3.670
150.9,3.670
150.9,3.670
150.9,3.670
150.9,3.670
150.8,3.670
150.8,3.670
150.8,3.670
150.8,3.670
150.8,3.670
150.8,3.670
150.8,3.670
150.8,3.670
150.7,3.670
150.7,3.670
150.6,3.670
150.6,3.670
150.6,3.670
150.6,3.670
150.5,3.670
150.6,3.670
150.6,3.670
150.6,3.670
150.6,3.670
150.6,3.670
150.6,3.670
150.6,3.670
150.6,3.670
150.6,3.670
150.6,3.670
150.6,3.670
150.5,3.670
150.5,3.670
150.5,3.670
150.5,3.670
150.5,3.670
150.5,3.670
150.4,3.670
150.4,3.670
150.4,3.670
150.4,3.670
150.4,3.670
150.4,3.670
150.4,3.670
150.4,3.670
150.4,3.670
150.4,3.670
150.3,3.670
150.3,3.670
150.3,3.670
150.3,3.670
150.3,3.670
150.2,3.670
150.2,3.670
150.2,3.670
150.1,3.670
150.1,3.670
150.1,3.670
150.1,3.670
150.1,3.670
150.1,3.670
150.1,3.670
150.1,3.670
150.1,3.670
150.1,3.670
150.1,3.670
150.1,3.670
150.1,3.670
150.1,3.670
150.1,3.670
150.1,3.670
150.1,3.670
150.0,3.670
150.0,3.670
150.0,3.670
150.0,3.670
150.0,3.670
150.0,3.670
150.0,3.670
150.0,3.670
150.0,3.670
149.9,3.670
149.9,3.670
149.9,3.670
149.9,3.670
149.9,3.670
149.9,3.670
149.8,3.670
149.8,3.670
149.8,3.670
149.8,3.670
149.8,3.670
149.8,3.670
149.8,3.665
149.8,3.665
149.7,3.665
149.7,3.665
149.7,3.665
149.7,3.665
149.7,3.665
149.7,3.665
149.7,3.665
149.7,3.665
149.6,3.665
149.6,3.665
149.6,3.665
149.6,3.665
149.6,3.665
149.6,3.665
149.5,3.665
149.5,3.665
149.5,3.665
149.5,3.665
149.5,3.665
149.5,3.665
149.5,3.665
149.5,3.665
149.5,3.665
149.4,3.665
149.4,3.665
149.4,3.665
149.4,3.665
149.4,3.665
149.4,3.665
149.4,3.665
149.4,3.665
149.4,3.665
149.4,3.665
149.3,3.665
149.3,3.665
149.2,3.665
149.3,3.665
149.3,3.665
149.2,3.665
149.2,3.665
149.2,3.665
149.2,3.665
149.2,3.665
149.2,3.665
149.2,3.665
149.2,3.665
149.2,3.665
149.2,3.665
149.1,3.665
149.1,3.665
149.1,3.665
149.1,3.665
149.1,3.665
149.1,3.665
149.0,3.665
149.0,3.665
149.0,3.665
149.0,3.665
149.0,3.665
149.0,3.665
149.0,3.665
149.0,3.665
148.9,3.665
148.9,3.665
148.9,3.665
148.9,3.665
148.9,3.665
148.9,3.665
148.9,3.665
148.9,3.665
148.8,3.665
148.8,3.665
148.7,3.665
148.7,3.665
148.8,3.665
148.8,3.665
148.7,3.665
148.7,3.665
148.7,3.665
148.7,3.665
148.7,3.665
148.7,3.665
148.7,3.665
148.7,3.665
148.6,3.665
148.6,3.665
148.6,3.665
148.6,3.665
148.6,3.665
148.6,3.665
148.6,3.665
148.5,3.665
148.5,3.665
148.5,3.665
148.5,3.665
148.5,3.665
148.5,3.665
148.5,3.665
148.5,3.665
148.4,3.665
148.4,3.665
148.4,3.665
148.4,3.665
148.4,3.665
148.4,3.665
148.3,3.665
148.3,3.665
148.3,3.665
148.3,3.665
148.3,3.665
148.3,3.665
148.3,3.665
148.2,3.665
148.2,3.665
148.1,3.665
148.1,3.665
148.1,3.665
148.0,3.665
148.0,3.665
148.0,3.665
148.0,3.665
148.0,3.665
148.0,3.665
148.0,3.665
148.0,3.665
148.0,3.665
148.0,3.665
148.0,3.665
148.0,3.665
148.0,3.665
147.9,3.665
147.9,3.665
147.9,3.665
147.9,3.665
147.8,3.665
147.8,3.665
147.7,3.665
147.7,3.665
147.7,3.665
147.7,3.665
147.6,3.665
147.6,3.665
147.6,3.665
147.6,3.665
147.5,3.665
147.5,3.665
147.5,3.665
147.5,3.665
147.5,3.665
147.4,3.665
147.4,3.665
147.4,3.665
147.3,3.665
147.3,3.665
147.3,3.665
147.3,3.665
147.3,3.665
147.2,3.665
147.2,3.665
147.2,3.665
147.1,3.665
147.1,3.665
147.1,3.665
147.1,3.665
147.1,3.665
147.0,3.665
147.0,3.665
147.0,3.665
146.9,3.665
146.9,3.665
146.9,3.665
146.9,3.665
146.9,3.665
146.8,3.665
146.9,3.665
146.9,3.665
146.9,3.665
146.9,3.665
146.8,3.665
146.8,3.665
146.8,3.665
146.7,3.665
146.7,3.665
146.6,3.665
146.6,3.665
146.5,3.665
146.5,3.665
146.5,3.665
146.5,3.665
146.4,3.665
146.4,3.665
146.4,3.665
146.4,3.665
146.4,3.665
146.4,3.665
146.3,3.665
146.3,3.665
146.2,3.665
146.2,3.665
146.2,3.665
146.1,3.665
146.1,3.665
146.1,3.665
146.0,3.665
146.0,3.665
146.0,3.665
146.0,3.665
146.0,3.665
146.0,3.665
146.0,3.665
145.9,3.665
145.8,3.665
145.8,3.665
145.7,3.665
145.7,3.665
145.7,3.665
145.7,3.665
145.6,3.665
145.6,3.665
145.6,3.665
145.6,3.665
145.5,3.665
145.5,3.665
145.5,3.665
145.5,3.665
145.4,3.665
145.4,3.665
145.4,3.665
145.4,3.665
145.3,3.665
145.3,3.665
145.3,3.665
145.2,3.665
145.2,3.665
145.2,3.665
145.1,3.665
145.1,3.665
145.0,3.665
145.0,3.665
145.0,3.665
145.0,3.665
144.9,3.665
144.9,3.665
144.8,3.665
144.8,3.665
144.8,3.665
144.8,3.665
144.8,3.665
144.7,3.665
144.6,3.665
144.6,3.665
144.6,3.665
144.5,3.665
144.5,3.660
144.4,3.660
144.4,3.660
144.3,3.660
144.3,3.660
144.3,3.660
144.3,3.660
144.2,3.660
144.2,3.660
144.2,3.660
144.2,3.660
144.1,3.660
144.1,3.660
144.0,3.660
144.0,3.660
144.0,3.660
143.9,3.660
143.9,3.660
143.8,3.660
143.8,3.660
143.8,3.660
143.8,3.660
143.8,3.660
143.7,3.660
143.7,3.660
143.7,3.660
143.6,3.660
143.6,3.660
143.6,3.660
143.5,3.660
143.5,3.660
143.5,3.660
143.4,3.660
143.4,3.660
143.4,3.660
143.3,3.660
143.3,3.660
143.3,3.660
143.2,3.660
143.2,3.660
143.1,3.660
143.1,3.660
143.1,3.660
143.0,3.660
142.9,3.660
142.9,3.660
142.9,3.660
142.9,3.660
142.8,3.660
142.8,3.660
142.8,3.660
142.8,3.660
142.7,3.660
142.7,3.660
142.6,3.660
142.6,3.660
142.5,3.660
142.5,3.660
142.5,3.660
142.5,3.660
142.4,3.660
142.4,3.660
142.4,3.660
142.3,3.660
142.3,3.660
142.2,3.660
142.2,3.660
142.2,3.660
142.1,3.660
142.1,3.660
142.1,3.660
142.1,3.660
142.0,3.660
142.0,3.660
141.9,3.660
141.9,3.660
141.8,3.660
141.8,3.660
141.7,3.660
141.7,3.660
141.6,3.660
141.6,3.660
141.6,3.660
141.6,3.660
141.5,3.660
141.5,3.660
141.5,3.660
141.5,3.660
141.4,3.660
141.4,3.660
141.3,3.660
141.3,3.660
141.3,3.660
141.3,3.660
141.2,3.660
141.2,3.660
141.1,3.660
141.1,3.660
141.1,3.660
141.0,3.660
141.0,3.660
141.0,3.660
140.9,3.660
140.9,3.660
140.9,3.660
140.8,3.660
140.7,3.660
140.7,3.660
140.6,3.660
140.6,3.660
140.5,3.660
140.5,3.660
140.5,3.660
140.4,3.660
140.4,3.660
140.3,3.660
140.3,3.660
140.3,3.660
140.3,3.660
140.2,3.660
140.2,3.660
140.1,3.660
140.1,3.660
140.0,3.660
139.9,3.660
139.9,3.660
139.9,3.660
139.8,3.660
139.8,3.660
139.8,3.660
139.7,3.655
139.7,3.655
139.6,3.655
139.6,3.655
139.6,3.655
139.5,3.655
139.4,3.655
139.4,3.655
139.4,3.655
139.3,3.655
139.3,3.655
139.2,3.655
139.2,3.655
139.1,3.655
139.1,3.655
139.0,3.655
139.0,3.655
138.9,3.655
138.9,3.655
138.8,3.655
138.8,3.655
138.8,3.655
138.7,3.655
138.6,3.655
138.6,3.655
138.6,3.655
138.6,3.655
138.5,3.655
138.5,3.655
138.4,3.655
138.4,3.655
138.3,3.655
138.2,3.655
138.2,3.655
138.1,3.655
138.1,3.655
138.0,3.655
138.0,3.655
138.0,3.655
137.9,3.655
137.9,3.655
137.8,3.655
137.8,3.655
137.8,3.655
137.7,3.655
137.7,3.655
137.6,3.655
137.6,3.655
137.5,3.655
137.5,3.655
137.4,3.655
137.4,3.655
137.3,3.655
137.2,3.655
137.2,3.655
137.1,3.655
137.1,3.655
137.0,3.655
137.0,3.655
137.0,3.655
136.9,3.655
136.9,3.655
136.8,3.655
136.7,3.655
136.7,3.655
136.7,3.655
136.6,3.655
136.6,3.655
136.5,3.655
136.5,3.655
136.4,3.655
136.4,3.655
136.3,3.655
136.3,3.655
136.2,3.655
136.2,3.655
136.1,3.655
136.1,3.655
136.0,3.655
136.0,3.655
135.9,3.655
135.9,3.655
135.8,3.655
135.7,3.655
135.7,3.655
135.6,3.655
135.6,3.655
135.6,3.655
135.5,3.655
135.4,3.655
135.4,3.655
135.3,3.655
135.3,3.655
135.2,3.655
135.2,3.655
135.1,3.655
135.1,3.655
135.1,3.655
135.0,3.655
134.9,3.655
134.9,3.655
134.8,3.655
134.8,3.655
134.7,3.655
134.7,3.655
134.6,3.655
134.6,3.655
134.5,3.650
134.5,3.650
134.4,3.650
134.4,3.650
134.3,3.650
134.3,3.650
134.2,3.650
134.2,3.650
134.1,3.650
134.1,3.650
134.0,3.650
133.9,3.650
133.9,3.650
133.9,3.650
133.8,3.650
133.8,3.650
133.7,3.650
133.6,3.650
133.6,3.650
133.5,3.650
133.4,3.650
133.4,3.650
133.3,3.650
133.3,3.650
133.2,3.650
133.2,3.650
133.1,3.650
133.1,3.650
133.0,3.650
132.9,3.650
132.9,3.650
132.8,3.650
132.8,3.650
132.7,3.650
132.6,3.650
132.6,3.650
132.5,3.650
132.4,3.650
132.4,3.650
132.3,3.650
132.3,3.650
132.2,3.650
132.1,3.650
132.0,3.650
132.0,3.650
131.9,3.650
131.9,3.650
131.8,3.650
131.8,3.650
131.7,3.650
131.7,3.650
131.6,3.650
131.6,3.650
131.5,3.650
131.4,3.650
131.4,3.650
131.3,3.650
131.2,3.650
131.2,3.650
131.1,3.650
131.0,3.650
131.0,3.650
130.9,3.650
130.8,3.650
130.8,3.650
130.7,3.650
130.6,3.650
130.6,3.650
130.5,3.650
130.5,3.650
130.4,3.650
130.3,3.650
130.3,3.650
130.2,3.650
130.1,3.650
130.1,3.650
130.0,3.650
129.9,3.650
129.8,3.650
129.8,3.650
129.7,3.650
129.6,3.650
129.6,3.650
129.5,3.650
129.4,3.650
129.4,3.650
129.3,3.650
129.3,3.650
129.2,3.645
129.1,3.645
129.1,3.645
129.0,3.645
128.9,3.645
128.9,3.645
128.8,3.645
128.7,3.645
128.7,3.645
128.6,3.645
128.5,3.645
128.5,3.645
128.4,3.645
128.3,3.645
128.2,3.645
128.2,3.645
128.1,3.645
128.0,3.645
128.0,3.645
127.9,3.645
127.8,3.645
127.8,3.645
127.7,3.645
127.6,3.645
127.6,3.645
127.5,3.645
127.4,3.645
127.3,3.645
127.3,3.645
127.2,3.645
127.2,3.645
127.1,3.645
127.0,3.645
126.9,3.645
126.9,3.645
126.8,3.645
126.7,3.645
126.6,3.645
126.5,3.645
126.5,3.645
126.4,3.645
126.3,3.645
126.3,3.645
126.2,3.645
126.1,3.645
126.1,3.645
126.0,3.645
125.9,3.645
125.8,3.645
125.8,3.645
125.7,3.645
125.6,3.645
125.5,3.645
125.5,3.645
125.4,3.645
125.3,3.645
125.3,3.645
125.2,3.645
125.1,3.645
125.0,3.645
125.0,3.645
124.9,3.645
124.8,3.645
124.7,3.645
124.6,3.645
124.6,3.645
124.5,3.645
124.4,3.645
124.4,3.645
124.3,3.645
124.2,3.645
124.2,3.645
124.1,3.645
124.0,3.640
123.9,3.640
123.9,3.640
123.8,3.640
123.7,3.640
123.6,3.640
123.5,3.640
123.4,3.640
123.4,3.640
123.3,3.640
123.2,3.640
123.2,3.640
123.1,3.640
123.0,3.640
122.9,3.640
122.9,3.640
122.8,3.640
122.7,3.640
122.6,3.640
122.6,3.640
122.5,3.640
122.4,3.640
122.3,3.640
122.3,3.640
122.2,3.640
122.1,3.640
122.0,3.640
122.0,3.640
121.9,3.640
121.8,3.640
121.8,3.640
121.7,3.640
121.6,3.640
121.6,3.640
121.5,3.640
121.4,3.640
121.3,3.640
121.2,3.640
121.2,3.640
121.1,3.640
121.0,3.640
120.9,3.640
120.9,3.640
120.8,3.640
120.7,3.640
120.6,3.640
120.6,3.640
120.5,3.640
120.4,3.640
120.3,3.640
120.3,3.640
120.2,3.640
120.1,3.640
120.0,3.640
120.0,3.640
119.9,3.640
119.8,3.640
119.8,3.640
119.7,3.640
119.6,3.640
119.5,3.640
119.4,3.640
119.3,3.640
119.2,3.640
119.2,3.640
119.1,3.640
119.0,3.640
119.0,3.640
118.9,3.640
118.8,3.635
118.7,3.635
118.7,3.635
118.6,3.635
118.5,3.635
118.4,3.635
118.3,3.635
118.2,3.635
118.2,3.635
118.1,3.635
118.0,3.635
118.0,3.635
117.9,3.635
117.8,3.635
117.8,3.635
117.7,3.635
117.6,3.635
117.6,3.635
117.5,3.635
117.4,3.635
117.3,3.635
117.2,3.635
117.2,3.635
117.1,3.635
117.0,3.635
116.9,3.635
116.8,3.635
116.8,3.635
116.7,3.635
116.6,3.635
116.5,3.635
116.4,3.635
116.3,3.635
116.2,3.635
116.2,3.635
116.1,3.635
116.0,3.635
115.9,3.635
115.8,3.635
115.8,3.635
115.7,3.635
115.6,3.635
115.5,3.635
115.4,3.635
115.4,3.635
115.3,3.635
115.2,3.635
115.1,3.635
115.0,3.635
115.0,3.635
114.9,3.635
114.8,3.635
114.7,3.635
114.6,3.635
114.5,3.635
114.4,3.635
114.3,3.635
114.3,3.635
114.2,3.635
114.1,3.635
114.0,3.635
113.9,3.635
113.9,3.635
113.8,3.635
113.7,3.635
113.6,3.635
113.6,3.630
113.5,3.630
113.4,3.630
113.3,3.630
113.2,3.630
113.1,3.630
113.0,3.630
112.9,3.630
112.8,3.630
112.8,3.630
112.7,3.630
112.6,3.630
112.5,3.630
112.4,3.630
112.3,3.630
112.2,3.630
112.2,3.630
112.1,3.630
112.0,3.630
111.9,3.630
111.8,3.630
111.7,3.630
111.6,3.630
111.5,3.630
111.4,3.630
111.4,3.630
111.3,3.630
111.2,3.630
111.1,3.630
111.0,3.630
110.9,3.630
110.8,3.630
110.7,3.630
110.6,3.630
110.5,3.630
110.4,3.630
110.4,3.630
110.3,3.630
110.2,3.630
110.1,3.630
110.0,3.630
109.9,3.630
109.8,3.630
109.7,3.630
109.6,3.630
109.5,3.630
109.4,3.630
109.4,3.630
109.2,3.630
109.1,3.630
109.1,3.630
108.9,3.630
108.8,3.630
108.8,3.630
108.7,3.630
108.6,3.630
108.5,3.630
108.4,3.630
108.3,3.630
108.2,3.625
108.1,3.625
108.0,3.625
107.9,3.625
107.8,3.625
107.7,3.625
107.6,3.625
107.5,3.625
107.4,3.625
107.3,3.625
107.2,3.625
107.1,3.625
107.0,3.625
106.9,3.625
106.7,3.625
106.6,3.625
106.5,3.625
106.4,3.625
106.3,3.625
106.2,3.625
106.2,3.625
106.1,3.625
106.0,3.625
105.9,3.625
105.8,3.625
105.7,3.625
105.6,3.625
105.5,3.625
105.4,3.625
105.3,3.625
105.2,3.625
105.1,3.625
104.9,3.625
104.8,3.625
104.7,3.625
104.6,3.625
104.5,3.625
104.4,3.625
104.3,3.625
104.2,3.625
104.1,3.625
104.0,3.625
103.9,3.625
103.8,3.625
103.7,3.625
103.6,3.625
103.5,3.625
103.4,3.625
103.3,3.625
103.2,3.625
103.1,3.625
103.0,3.625
102.9,3.625
102.8,3.620
102.7,3.620
102.6,3.620
102.5,3.620
102.4,3.620
102.3,3.620
102.2,3.620
102.1,3.620
102.0,3.620
101.9,3.620
101.8,3.620
101.6,3.620
101.5,3.620
101.4,3.620
101.3,3.620
101.2,3.620
101.1,3.620
101.0,3.620
100.9,3.620
100.8,3.620
100.7,3.620
100.6,3.620
100.5,3.620
100.4,3.620
100.3,3.620
100.2,3.620
100.1,3.620
99.9,3.620
99.8,3.620
99.7,3.620
99.6,3.620
99.5,3.620
99.4,3.620
99.3,3.620
99.2,3.620
99.1,3.620
99.0,3.620
98.9,3.620
98.8,3.620
98.7,3.620
98.5,3.620
98.4,3.620
98.3,3.620
98.2,3.620
98.1,3.620
98.0,3.620
97.9,3.620
97.8,3.620
97.7,3.620
97.6,3.620
97.5,3.620
97.4,3.620
97.3,3.615
97.2,3.615
97.0,3.615
96.9,3.615
96.8,3.615
96.7,3.615
96.6,3.615
96.5,3.615
96.4,3.615
96.3,3.615
96.2,3.615
96.1,3.615
96.0,3.615
95.9,3.615
95.8,3.615
95.7,3.615
95.6,3.615
95.5,3.615
95.4,3.615
95.3,3.615
95.2,3.615
95.0,3.615
94.9,3.615
94.8,3.615
94.7,3.615
94.6,3.615
94.5,3.615
94.3,3.615
94.3,3.615
94.2,3.615
94.0,3.615
93.9,3.615
93.8,3.615
93.7,3.615
93.6,3.615
93.5,3.615
93.4,3.615
93.3,3.615
93.2,3.615
93.1,3.615
93.0,3.615
92.9,3.615
92.8,3.615
92.6,3.615
92.5,3.615
92.4,3.615
92.3,3.615
92.2,3.610
92.1,3.610
92.0,3.610
91.9,3.610
91.8,3.610
91.7,3.610
91.6,3.610
91.4,3.610
91.3,3.610
91.2,3.610
91.1,3.610
91.0,3.610
90.9,3.610
90.8,3.610
90.7,3.610
90.6,3.610
90.4,3.610
90.3,3.610
90.2,3.610
90.1,3.610
89.9,3.610
89.8,3.610
89.7,3.610
89.6,3.610
89.5,3.610
89.4,3.610
89.2,3.610
89.2,3.610
89.0,3.610
88.9,3.610
88.8,3.610
88.7,3.610
88.6,3.610
88.4,3.610
88.3,3.610
88.2,3.610
88.1,3.610
87.9,3.610
87.8,3.610
87.7,3.610
87.6,3.610
87.5,3.610
87.3,3.610
87.2,3.610
87.1,3.610
87.0,3.605
86.8,3.605
86.7,3.605
86.6,3.605
86.5,3.605
86.4,3.605
86.2,3.605
86.1,3.605
86.0,3.605
85.9,3.605
85.7,3.605
85.6,3.605
85.5,3.605
85.3,3.605
85.2,3.605
85.1,3.605
84.9,3.605
84.8,3.605
84.7,3.605
84.6,3.605
84.4,3.605
84.3,3.605
84.2,3.605
84.0,3.605
83.9,3.605
83.8,3.605
83.7,3.605
83.5,3.605
83.4,3.605
83.3,3.605
83.1,3.605
83.0,3.605
82.9,3.605
82.7,3.605
82.6,3.605
82.5,3.605
82.4,3.605
82.2,3.605
82.1,3.605
82.0,3.605
81.8,3.605
81.7,3.600
81.6,3.600
81.4,3.600
81.3,3.600
81.1,3.600
81.0,3.600
80.9,3.600
80.8,3.600
80.6,3.600
80.5,3.600
80.4,3.600
80.2,3.600
80.1,3.600
79.9,3.600
79.8,3.600
79.7,3.600
79.5,3.600
79.4,3.600
79.3,3.600
79.2,3.600
79.0,3.600
78.9,3.600
78.8,3.600
78.7,3.600
78.5,3.600
78.4,3.600
78.2,3.600
78.1,3.600
77.9,3.600
77.8,3.600
77.7,3.600
77.5,3.600
77.4,3.600
77.3,3.600
77.2,3.600
77.0,3.600
76.9,3.600
76.8,3.595
76.6,3.595
76.5,3.595
76.4,3.595
76.2,3.595
76.1,3.595
75.9,3.595
75.8,3.595
75.6,3.595
75.5,3.595
75.4,3.595
75.2,3.595
75.1,3.595
75.0,3.595
74.9,3.595
74.7,3.595
74.6,3.595
74.5,3.595
74.4,3.595
74.2,3.595
74.1,3.595
73.9,3.595
73.8,3.595
73.6,3.595
73.5,3.595
73.4,3.595
73.3,3.595
73.1,3.595
73.0,3.595
72.9,3.595
72.8,3.595
72.6,3.595
72.5,3.595
72.4,3.595
72.2,3.595
72.1,3.595
72.0,3.595
71.8,3.595
71.7,3.590
71.6,3.590
71.5,3.590
71.3,3.590
71.2,3.590
71.1,3.590
70.9,3.590
70.8,3.590
70.6,3.590
70.5,3.590
70.4,3.590
70.3,3.590
70.2,3.590
70.0,3.590
69.9,3.590
69.8,3.590
69.7,3.590
69.6,3.590
69.5,3.590
69.3,3.590
69.2,3.590
69.1,3.590
69.0,3.590
68.8,3.590
68.7,3.590
68.6,3.590
68.4,3.590
68.3,3.590
68.2,3.590
68.1,3.590
68.0,3.590
67.8,3.590
67.7,3.590
67.6,3.590
67.5,3.590
67.3,3.590
67.2,3.590
67.1,3.590
67.0,3.590
66.9,3.590
66.8,3.590
66.6,3.585
66.5,3.585
66.4,3.585
66.3,3.585
66.2,3.585
66.1,3.585
65.9,3.585
65.8,3.585
65.7,3.585
65.6,3.585
65.5,3.585
65.4,3.585
65.2,3.585
65.1,3.585
65.0,3.585
64.9,3.585
64.8,3.585
64.6,3.585
64.5,3.585
64.4,3.585
64.3,3.585
64.2,3.585
64.1,3.585
64.0,3.585
63.9,3.585
63.7,3.585
63.6,3.585
63.5,3.585
63.4,3.585
63.3,3.585
63.2,3.585
63.0,3.585
63.0,3.585
62.9,3.585
62.7,3.585
62.7,3.585
62.6,3.585
62.5,3.585
62.3,3.585
62.2,3.585
62.1,3.585
62.0,3.585
61.9,3.585
61.8,3.585
61.7,3.585
61.6,3.585
61.5,3.580
61.4,3.580
61.3,3.580
61.2,3.580
61.1,3.580
61.0,3.580
60.9,3.580
60.8,3.580
60.7,3.580
60.6,3.580
60.5,3.580
60.4,3.580
60.3,3.580
60.2,3.580
60.1,3.580
60.0,3.580
59.9,3.580
59.8,3.580
59.7,3.580
59.6,3.580
59.5,3.580
59.4,3.580
59.3,3.580
59.2,3.580
59.1,3.580
59.0,3.580
58.9,3.580
58.8,3.580
58.7,3.580
58.6,3.580
58.5,3.580
58.4,3.580
58.3,3.580
58.2,3.580
58.1,3.580
58.1,3.580
58.0,3.580
57.9,3.580
57.8,3.580
57.7,3.580
57.7,3.580
57.6,3.580
57.5,3.580
57.4,3.580
57.3,3.580
57.2,3.580
57.1,3.580
57.0,3.580
56.9,3.575
56.9,3.575
56.8,3.575
56.7,3.575
56.6,3.575
56.5,3.575
56.4,3.575
56.4,3.575
56.3,3.575
56.2,3.575
56.1,3.575
56.0,3.575
55.9,3.575
55.8,3.575
55.7,3.575
55.6,3.575
55.5,3.575
55.5,3.575
55.4,3.575
55.3,3.575
55.3,3.575
55.2,3.575
55.1,3.575
55.0,3.575
55.0,3.575
54.9,3.575
54.8,3.575
54.7,3.575
54.6,3.575
54.5,3.575
54.4,3.575
54.3,3.575
54.3,3.575
54.2,3.575
54.1,3.575
54.1,3.575
54.0,3.575
53.9,3.575
53.8,3.575
53.7,3.575
53.7,3.575
53.6,3.575
53.5,3.575
53.5,3.575
53.4,3.575
53.3,3.575
53.3,3.575
53.2,3.575
53.1,3.575
53.0,3.575
52.9,3.575
52.9,3.575
52.8,3.575
52.7,3.575
52.6,3.575
52.6,3.575
52.5,3.575
52.4,3.575
52.4,3.575
52.3,3.575
52.3,3.575
52.2,3.570
52.1,3.570
52.1,3.570
52.0,3.570
51.9,3.570
51.9,3.570
51.8,3.570
51.8,3.570
51.8,3.570
51.8,3.570
51.7,3.570
51.7,3.570
51.7,3.570
51.7,3.570
51.7,3.570
51.7,3.570
51.9,3.570
51.9,3.570
52.0,3.570
52.0,3.570
52.1,3.570
52.1,3.570
52.1,3.570
52.1,3.570
52.1,3.570
52.1,3.570
52.1,3.570
52.1,3.570
52.1,3.570
52.1,3.570
52.1,3.570
52.1,3.570
52.1,3.570
52.1,3.570
52.1,3.570
52.1,3.570
52.1,3.570
52.1,3.570
52.1,3.570
52.1,3.570
52.1,3.570
52.1,3.570
52.1,3.570
52.1,3.570
52.1,3.570
52.1,3.570
52.1,3.570
52.1,3.570
52.1,3.570
52.1,3.570
52.1,3.570
52.1,3.570
52.1,3.570
52.1,3.570
52.1,3.570
52.1,3.570
52.1,3.570
52.1,3.570
52.1,3.570
52.1,3.570
52.1,3.570
52.1,3.570
52.1,3.570
52.1,3.570
52.1,3.570
52.1,3.570
52.1,3.570
52.1,3.570
52.1,3.570
52.1,3.570
52.1,3.570
52.1,3.570
52.1,3.570
52.1,3.570
52.1,3.570
52.1,3.570
52.1,3.570
52.1,3.570
52.1,3.570
52.1,3.570
52.1,3.570
52.1,3.570
52.1,3.570
52.1,3.565
52.1,3.565
52.1,3.565
52.1,3.565
52.1,3.565
52.1,3.565
52.1,3.565
52.1,3.565
52.1,3.565
52.1,3.565
52.2,3.565
52.2,3.565
52.2,3.565
52.2,3.565
52.2,3.565
52.2,3.565
52.2,3.565
52.2,3.565
52.2,3.565
52.2,3.565
52.2,3.565
52.2,3.565
52.2,3.565
52.2,3.565
52.2,3.565
52.2,3.565
52.2,3.565
52.2,3.565
52.2,3.565
52.2,3.565
52.2,3.565
52.2,3.565
52.2,3.565
52.2,3.565
52.2,3.565
52.2,3.565
52.2,3.565
52.2,3.565
52.2,3.565
52.2,3.565
52.2,3.565
52.2,3.565
52.2,3.565
52.2,3.565
52.2,3.565
52.2,3.565
52.2,3.565
52.2,3.565
52.2,3.565
52.2,3.565
52.2,3.565
52.1,3.565
52.1,3.565
52.1,3.565
52.1,3.565
52.2,3.565
52.2,3.565
52.2,3.565
52.1,3.565
52.1,3.565
52.1,3.565
52.1,3.565
52.1,3.565
52.1,3.565
52.1,3.565
52.1,3.565
52.1,3.565
52.1,3.565
52.1,3.565
52.1,3.565
52.1,3.565
52.1,3.565
52.1,3.565
52.1,3.565
52.1,3.565
52.1,3.565
52.1,3.565
52.1,3.565
52.1,3.565
52.1,3.565
52.1,3.565
52.1,3.565
52.2,3.565
52.2,3.565
52.2,3.565
52.2,3.565
52.2,3.565
52.2,3.565
52.2,3.565
52.2,3.565
52.2,3.565
52.2,3.565
52.2,3.565
52.2,3.565
52.2,3.565
52.2,3.565
52.2,3.565
52.2,3.565
52.2,3.565
52.2,3.565
52.2,3.565
52.1,3.565
52.1,3.565
52.1,3.565
52.1,3.565
52.1,3.565
52.1,3.565
52.1,3.565
52.1,3.565
52.1,3.565
52.1,3.565
52.1,3.565
52.1,3.565
52.1,3.565
52.1,3.565
52.1,3.565
52.1,3.565
52.1,3.565
52.1,3.565
52.1,3.565
52.1,3.565
52.1,3.565
52.1,3.565
52.1,3.565
52.1,3.565
52.1,3.565
52.1,3.565
52.1,3.565
52.1,3.565
52.1,3.565
52.1,3.565
52.1,3.565
52.1,3.565
52.1,3.565
52.1,3.565
52.1,3.565
52.1,3.565
52.1,3.565
52.1,3.565
52.1,3.565
52.1,3.565
52.1,3.565
52.1,3.565
52.1,3.560
52.1,3.560
52.1,3.560
52.1,3.560
52.1,3.560
52.1,3.560
52.1,3.560
52.1,3.560
52.1,3.560
52.1,3.560
52.1,3.560
52.1,3.560
52.1,3.560
52.1,3.560
52.1,3.560
52.1,3.560
52.1,3.560
52.1,3.560
52.1,3.560
52.1,3.560
52.1,3.560
52.1,3.560
52.1,3.560
52.1,3.560
52.1,3.560
52.1,3.560
52.1,3.560
52.1,3.560
52.1,3.560
52.1,3.560
52.1,3.560
52.1,3.560
52.1,3.560
52.1,3.560
52.1,3.560
52.1,3.560
52.1,3.560
52.1,3.560
52.1,3.560
52.1,3.560
52.1,3.560
52.1,3.560
52.1,3.560
52.1,3.560
52.1,3.560
52.1,3.560
52.1,3.560
52.1,3.560
52.1,3.560
52.1,3.560
52.1,3.560
52.1,3.560
52.1,3.560
52.1,3.560
52.1,3.560
52.1,3.560
52.1,3.560
52.1,3.560
52.1,3.560
52.1,3.560
52.1,3.560
52.1,3.560
52.1,3.560
52.1,3.560
52.1,3.560
52.1,3.560
52.1,3.560
52.1,3.560
52.1,3.560
52.1,3.560
52.1,3.560
52.1,3.560
52.1,3.560
52.1,3.560
52.1,3.560
52.1,3.560
52.1,3.560
52.1,3.560
52.1,3.560
52.1,3.560
52.1,3.560
52.1,3.560
52.1,3.560
52.1,3.560
52.1,3.560
52.1,3.560
52.1,3.560
52.1,3.560
52.1,3.560
52.1,3.560
52.1,3.560
52.1,3.560
52.1,3.560
52.1,3.560
52.1,3.560
52.1,3.560
52.1,3.560
52.1,3.560
52.1,3.560
52.1,3.560
52.1,3.560
52.1,3.560
52.1,3.560
52.1,3.560
52.1,3.560
52.1,3.560
52.1,3.560
52.1,3.560
52.1,3.560
52.1,3.560
52.1,3.560
52.1,3.560
52.1,3.560
52.1,3.560
52.1,3.560
52.1,3.560
52.1,3.560
52.1,3.560
52.1,3.560
52.1,3.560
52.1,3.560
52.1,3.560
52.1,3.560
52.1,3.560
52.1,3.560
52.1,3.560
52.1,3.560
52.1,3.560
52.1,3.560
52.1,3.560
52.1,3.560
52.1,3.560
52.1,3.560
52.1,3.560
52.1,3.560
52.1,3.560
52.1,3.560
52.1,3.560
52.1,3.560
52.1,3.560
52.1,3.560
52.1,3.560
52.1,3.560
52.1,3.560
52.1,3.560
52.1,3.560
52.1,3.560
52.1,3.560
52.1,3.560
52.1,3.560
52.1,3.560
52.1,3.560
52.1,3.560
52.1,3.560
52.1,3.560
52.1,3.560
52.1,3.560
52.1,3.560
52.1,3.560
52.1,3.560
52.1,3.560
52.1,3.560
52.1,3.560
52.1,3.560
52.1,3.555
52.1,3.555
52.1,3.555
52.1,3.555
52.1,3.555
52.1,3.555
52.1,3.555
52.1,3.555
52.1,3.555
52.1,3.555
52.1,3.555
52.1,3.555
52.1,3.555
52.1,3.555
52.1,3.555
52.1,3.555
52.1,3.555
52.1,3.555
52.1,3.555
52.1,3.555
52.1,3.555
52.1,3.555
52.1,3.555
52.1,3.555
52.1,3.555
52.1,3.555
52.1,3.555
52.1,3.555
52.1,3.555
52.1,3.555
52.1,3.555
52.1,3.555
52.1,3.555
52.1,3.555
52.1,3.555
52.1,3.555
52.1,3.555
52.1,3.555
52.1,3.555
52.1,3.555
52.1,3.555
52.1,3.555
52.1,3.555
52.1,3.555
52.1,3.555
52.1,3.555
52.1,3.555
52.1,3.555
52.1,3.555
52.1,3.555
52.1,3.555
52.1,3.555
52.1,3.555
52.1,3.555
52.1,3.555
52.1,3.555
52.1,3.555
52.1,3.555
52.1,3.555
52.1,3.555
52.1,3.555
52.1,3.555
52.1,3.555
52.1,3.555
52.1,3.555
52.1,3.555
52.1,3.555
52.1,3.555
52.1,3.555
52.1,3.555
52.1,3.555
52.1,3.555
52.1,3.555
52.1,3.555
52.1,3.555
52.1,3.555
52.0,3.555
52.0,3.555
52.0,3.555
52.0,3.555
52.0,3.555
52.0,3.555
52.0,3.555
52.0,3.555
52.0,3.555
52.1,3.555
52.1,3.555
52.1,3.555
52.1,3.555
52.1,3.555
52.1,3.555
52.1,3.555
52.1,3.555
52.1,3.555
52.1,3.555
52.1,3.555
52.1,3.555
52.1,3.555
52.1,3.555
52.1,3.555
52.1,3.555
52.1,3.555
52.1,3.555
52.1,3.555
52.1,3.555
52.1,3.555
52.1,3.555
52.1,3.555
52.1,3.555
52.1,3.555
52.1,3.555
52.1,3.555
52.1,3.555
52.1,3.555
52.1,3.555
52.1,3.555
52.1,3.555
52.1,3.555
52.1,3.555
52.1,3.555
52.1,3.555
52.1,3.555
52.1,3.555
52.1,3.555
52.1,3.555
52.1,3.555
52.1,3.555
52.1,3.555
52.1,3.555
52.1,3.555
52.1,3.555
52.1,3.555
52.1,3.555
52.1,3.555
52.1,3.555
52.1,3.550
52.1,3.550
52.1,3.550
52.1,3.550
52.1,3.550
52.1,3.550
52.1,3.550
52.1,3.550
52.1,3.550
52.1,3.550
52.1,3.550
52.1,3.550
52.1,3.550
52.1,3.550
52.1,3.550
52.1,3.550
52.1,3.550
52.1,3.550
52.1,3.550
52.1,3.550
52.1,3.550
52.1,3.550
52.1,3.550
52.1,3.550
52.1,3.550
52.1,3.550
52.1,3.550
52.1,3.550
52.1,3.550
52.1,3.550
52.1,3.550
52.1,3.550
52.1,3.550
52.1,3.550
52.1,3.550
52.1,3.550
52.1,3.550
52.1,3.550
52.1,3.550
52.1,3.550
52.1,3.550
52.1,3.550
52.1,3.550
52.1,3.550
52.1,3.550
52.1,3.550
52.1,3.550
52.1,3.550
52.1,3.550
52.1,3.550
52.1,3.550
52.1,3.550
52.1,3.550
52.1,3.550
52.1,3.550
52.1,3.550
52.1,3.550
52.1,3.550
52.1,3.550
52.1,3.550
52.1,3.550
52.1,3.550
52.1,3.550
52.1,3.550
52.1,3.550
52.1,3.550
52.1,3.550
52.1,3.550
52.1,3.550
52.1,3.550
52.1,3.550
52.1,3.550
52.1,3.550
52.1,3.550
52.1,3.550
52.1,3.550
52.1,3.550
52.1,3.550
52.1,3.550
52.1,3.550
52.1,3.550
52.1,3.550
52.1,3.550
52.1,3.550
52.1,3.550
52.1,3.550
52.1,3.550
52.1,3.550
52.1,3.550
52.1,3.550
52.1,3.550
52.1,3.550
52.1,3.550
52.1,3.550
52.1,3.550
52.1,3.550
52.1,3.550
52.1,3.550
52.1,3.550
52.1,3.550
52.1,3.550
52.1,3.550
52.1,3.550
52.1,3.550
52.1,3.545
52.1,3.545
52.1,3.545
52.1,3.545
52.1,3.545
52.1,3.545
52.1,3.545
52.1,3.545
52.1,3.545
52.1,3.545
52.1,3.545
52.1,3.545
52.1,3.545
52.1,3.545
52.1,3.545
52.1,3.545
52.1,3.545
52.1,3.545
52.1,3.545
52.1,3.545
52.1,3.545
52.1,3.545
52.1,3.545
52.1,3.545
52.1,3.545
52.1,3.545
52.1,3.545
52.1,3.545
52.1,3.545
52.1,3.545
52.1,3.545
52.1,3.545
52.1,3.545
52.1,3.545
52.1,3.545
52.1,3.545
52.1,3.545
52.1,3.545
52.1,3.545
52.1,3.545
52.1,3.545
52.1,3.545
52.1,3.545
52.1,3.545
52.1,3.545
52.1,3.545
52.1,3.545
52.1,3.545
52.1,3.545
52.1,3.545
52.1,3.545
52.1,3.545
52.1,3.545
52.1,3.545
52.1,3.545
52.1,3.545
52.1,3.545
52.1,3.545
52.1,3.545
52.1,3.545
52.1,3.545
52.1,3.545
52.1,3.545
52.1,3.545
52.1,3.545
52.1,3.545
52.1,3.545
52.1,3.545
52.1,3.545
52.1,3.545
52.1,3.545
52.1,3.545
52.1,3.545
52.1,3.545
52.1,3.545
52.1,3.545
52.1,3.545
52.1,3.545
52.1,3.545
52.1,3.545
52.1,3.545
52.1,3.545
52.1,3.545
52.1,3.545
52.1,3.545
52.1,3.545
52.1,3.545
52.1,3.545
52.1,3.545
52.1,3.545
52.1,3.545
52.1,3.545
52.1,3.545
52.1,3.545
52.1,3.545
52.1,3.545
52.1,3.545
52.1,3.545
52.1,3.545
52.1,3.545
52.1,3.545
52.1,3.545
52.1,3.540
52.1,3.540
52.1,3.540
52.1,3.540
52.1,3.540
52.1,3.540
52.1,3.540
52.1,3.540
52.1,3.540
52.1,3.540
52.1,3.540
52.1,3.540
52.1,3.540
52.1,3.540
52.1,3.540
52.1,3.540
52.1,3.540
52.1,3.540
52.1,3.540
52.1,3.540
52.1,3.540
52.1,3.540
52.1,3.540
52.1,3.540
52.1,3.540
52.1,3.540
52.1,3.540
52.1,3.540
52.1,3.540
52.1,3.540
52.1,3.540
52.1,3.540
52.1,3.540
52.1,3.540
52.1,3.540
52.1,3.540
52.1,3.540
52.1,3.540
52.1,3.540
52.1,3.540
52.1,3.540
52.1,3.540
52.1,3.540
52.1,3.540
52.1,3.540
52.0,3.540
52.0,3.540
52.0,3.540
52.0,3.540
52.0,3.540
52.0,3.540
52.0,3.540
52.0,3.540
52.0,3.540
52.0,3.540
52.0,3.540
52.0,3.540
52.1,3.540
52.1,3.540
52.1,3.540
52.1,3.540
52.1,3.540
52.1,3.540
52.1,3.540
52.1,3.540
52.0,3.540
52.0,3.540
52.0,3.540
52.0,3.540
52.0,3.540
52.0,3.540
52.0,3.540
52.0,3.540
52.0,3.540
52.0,3.540
52.0,3.540
52.0,3.540
52.0,3.540
52.0,3.540
52.0,3.540
52.0,3.540
52.0,3.540
52.0,3.540
52.0,3.540
52.0,3.540
52.0,3.540
52.0,3.540
52.0,3.540
52.0,3.540
52.0,3.540
52.0,3.540
52.0,3.535
52.0,3.535
52.0,3.535
52.0,3.535
52.0,3.535
52.0,3.535
52.0,3.535
52.0,3.535
52.0,3.535
52.0,3.535
52.0,3.535
52.0,3.535
52.0,3.535
52.0,3.535
52.0,3.535
52.0,3.535
52.0,3.535
52.0,3.535
52.0,3.535
52.0,3.535
52.0,3.535
52.0,3.535
52.0,3.535
52.0,3.535
52.0,3.535
52.0,3.535
52.0,3.535
52.0,3.535
52.0,3.535
52.0,3.535
52.0,3.535
52.0,3.535
52.0,3.535
52.0,3.535
52.0,3.535
52.0,3.535
52.0,3.535
52.0,3.535
52.0,3.535
52.0,3.535
52.0,3.535
52.0,3.535
52.0,3.535
52.0,3.535
52.0,3.535
52.0,3.535
52.0,3.535
52.0,3.535
52.0,3.535
52.0,3.535
52.0,3.535
52.0,3.535
52.0,3.535
52.0,3.535
52.0,3.535
52.0,3.535
52.0,3.535
52.0,3.535
52.0,3.535
52.0,3.535
52.0,3.530
52.0,3.530
52.0,3.530
52.0,3.530
52.0,3.530
52.0,3.530
52.0,3.530
52.0,3.530
52.0,3.530
52.0,3.530
52.0,3.530
52.0,3.530
52.0,3.530
52.0,3.530
52.0,3.530
52.0,3.530
52.0,3.530
52.0,3.530
52.0,3.530
52.0,3.530
52.0,3.530
52.0,3.530
52.0,3.530
52.0,3.530
52.0,3.530
52.0,3.530
52.0,3.530
52.0,3.530
52.0,3.530
52.0,3.530
52.0,3.530
52.0,3.530
52.0,3.530
52.0,3.530
52.0,3.530
52.0,3.530
52.0,3.530
52.0,3.530
52.0,3.530
52.0,3.530
52.0,3.530
52.0,3.530
52.0,3.530
52.0,3.530
52.0,3.530
52.0,3.530
52.0,3.530
52.0,3.530
52.0,3.530
52.0,3.530
52.0,3.530
52.0,3.530
52.0,3.530
52.0,3.525
52.0,3.525
52.0,3.525
52.0,3.525
52.0,3.525
52.0,3.525
52.0,3.525
52.0,3.525
52.0,3.525
52.0,3.525
52.0,3.525
52.0,3.525
51.9,3.525
51.9,3.525
51.9,3.525
51.9,3.525
51.9,3.525
51.9,3.525
51.9,3.525
51.9,3.525
51.9,3.525
51.9,3.525
51.9,3.525
51.9,3.525
51.9,3.525
51.9,3.525
51.9,3.525
51.9,3.525
51.9,3.525
51.9,3.525
51.9,3.525
51.9,3.525
51.9,3.525
51.9,3.525
51.9,3.525
51.9,3.525
51.9,3.525
51.9,3.525
51.9,3.525
51.9,3.525
51.9,3.525
51.9,3.525
51.9,3.525
51.9,3.525
51.9,3.525
51.9,3.525
51.9,3.525
51.9,3.525
51.9,3.525
51.9,3.525
51.9,3.525
51.9,3.520
52.0,3.520
52.0,3.520
52.0,3.520
52.0,3.520
52.0,3.520
52.0,3.520
52.0,3.520
52.0,3.520
52.0,3.520
52.0,3.520
52.0,3.520
52.0,3.520
52.0,3.520
52.0,3.520
52.0,3.520
52.0,3.520
52.0,3.520
52.0,3.520
52.0,3.520
52.0,3.520
52.0,3.520
52.0,3.520
52.0,3.520
52.0,3.520
52.0,3.520
52.0,3.520
52.0,3.520
52.0,3.520
52.0,3.520
52.0,3.520
52.0,3.520
52.0,3.520
52.0,3.520
52.0,3.520
51.9,3.520
51.9,3.520
51.9,3.520
51.9,3.520
51.9,3.520
51.9,3.520
51.9,3.520
51.9,3.520
52.0,3.520
52.0,3.520
52.0,3.520
52.0,3.520
52.0,3.520
52.0,3.520
52.0,3.515
52.0,3.515
52.0,3.515
52.0,3.515
52.0,3.515
52.0,3.515
51.9,3.515
51.9,3.515
51.9,3.515
51.9,3.515
51.9,3.515
51.9,3.515
51.9,3.515
51.9,3.515
51.9,3.515
51.9,3.515
51.9,3.515
51.9,3.515
51.9,3.515
51.9,3.515
51.9,3.515
51.9,3.515
51.9,3.515
51.9,3.515
51.9,3.515
51.9,3.515
51.9,3.515
51.9,3.515
51.9,3.515
51.9,3.515
51.9,3.515
51.9,3.515
51.9,3.515
51.9,3.515
51.9,3.515
51.9,3.515
51.9,3.515
51.9,3.515
51.9,3.515
51.9,3.515
51.9,3.515
51.9,3.515
51.9,3.510
51.9,3.510
51.9,3.510
51.9,3.510
51.9,3.510
51.9,3.510
51.9,3.510
51.9,3.510
51.9,3.510
51.9,3.510
51.9,3.510
51.9,3.510
51.9,3.510
51.9,3.510
51.9,3.510
51.9,3.510
51.9,3.510
51.9,3.510
51.9,3.510
52.0,3.510
52.0,3.510
52.0,3.510
52.0,3.510
52.0,3.510
52.0,3.510
52.0,3.510
51.9,3.510
51.9,3.510
51.9,3.510
51.9,3.510
51.9,3.510
51.9,3.510
51.9,3.510
51.9,3.510
51.9,3.510
51.9,3.510
51.9,3.510
51.9,3.510
51.9,3.510
51.9,3.505
51.9,3.505
51.9,3.505
51.9,3.505
51.9,3.505
51.9,3.505
51.9,3.505
51.9,3.505
51.9,3.505
51.9,3.505
51.9,3.505
51.9,3.505
51.9,3.505
51.9,3.505
51.9,3.505
51.9,3.505
51.9,3.505
51.9,3.505
51.9,3.505
51.9,3.505
52.0,3.505
51.9,3.505
51.9,3.505
51.9,3.505
51.9,3.505
51.9,3.505
51.9,3.505
51.9,3.505
51.9,3.505
51.9,3.505
51.9,3.505
51.9,3.505
51.9,3.505
51.9,3.505
51.9,3.505
51.9,3.505
51.9,3.500
51.9,3.500
51.9,3.500
51.9,3.500
51.9,3.500
51.9,3.500
51.9,3.500
51.9,3.500
51.9,3.500
51.9,3.500
51.9,3.500
51.9,3.500
51.9,3.500
51.9,3.500
51.9,3.500
51.9,3.500
51.8,3.500
51.8,3.500
51.8,3.500
51.8,3.500
51.8,3.500
51.8,3.500
51.8,3.500
51.8,3.500
51.8,3.500
51.8,3.500
51.8,3.500
51.8,3.500
51.8,3.500
51.8,3.500
51.8,3.495
51.8,3.495
51.8,3.495
51.8,3.495
51.9,3.495
51.9,3.495
51.9,3.495
51.9,3.495
51.9,3.495
51.9,3.495
51.9,3.495
51.9,3.495
51.9,3.495
51.9,3.495
51.9,3.495
51.9,3.495
51.9,3.495
51.9,3.495
51.9,3.495
51.9,3.495
51.9,3.495
51.9,3.495
51.9,3.495
51.9,3.495
51.9,3.495
51.9,3.495
51.9,3.495
51.9,3.495
51.9,3.495
51.9,3.495
51.9,3.490
51.9,3.490
51.9,3.490
51.9,3.490
51.9,3.490
51.9,3.490
51.9,3.490
51.9,3.490
51.9,3.490
51.9,3.490
51.9,3.490
51.9,3.490
51.9,3.490
51.9,3.490
51.9,3.490
51.9,3.490
51.8,3.490
51.8,3.490
51.8,3.490
51.8,3.490
51.8,3.490
51.8,3.490
51.8,3.490
51.8,3.490
51.8,3.490
51.8,3.490
51.8,3.490
51.8,3.490
51.8,3.485
51.8,3.485
51.8,3.485
51.8,3.485
51.8,3.485
51.8,3.485
51.8,3.485
51.8,3.485
51.8,3.485
51.8,3.485
51.8,3.485
51.8,3.485
51.8,3.485
51.8,3.485
51.8,3.485
51.8,3.485
51.8,3.485
51.8,3.485
51.8,3.485
51.8,3.485
51.8,3.485
51.8,3.485
51.8,3.485
51.8,3.485
51.8,3.485
51.8,3.485
51.8,3.480
51.8,3.480
51.8,3.480
51.8,3.480
51.8,3.480
51.8,3.480
51.8,3.480
51.8,3.480
51.8,3.480
51.8,3.480
51.8,3.480
51.8,3.480
51.8,3.480
51.8,3.480
51.8,3.480
51.8,3.480
51.8,3.480
51.8,3.480
51.8,3.480
51.8,3.480
51.8,3.480
51.8,3.480
51.7,3.480
51.7,3.475
51.7,3.475
51.7,3.475
51.7,3.475
51.7,3.475
51.7,3.475
51.7,3.475
51.8,3.475
51.8,3.475
51.8,3.475
51.8,3.475
51.8,3.475
51.8,3.475
51.8,3.475
51.8,3.475
51.8,3.475
51.8,3.475
51.8,3.475
51.8,3.475
51.8,3.475
51.8,3.475
51.8,3.475
51.8,3.475
51.8,3.470
51.8,3.470
51.8,3.470
51.8,3.470
51.8,3.470
51.8,3.470
51.8,3.470
51.8,3.470
51.8,3.470
51.8,3.470
51.8,3.470
51.8,3.470
51.8,3.470
51.8,3.470
51.8,3.470
51.8,3.470
51.8,3.470
51.8,3.470
51.8,3.470
51.7,3.470
51.7,3.470
51.7,3.470
51.7,3.470
51.7,3.465
51.7,3.465
51.7,3.465
51.7,3.465
51.7,3.465
51.7,3.465
51.7,3.465
51.7,3.465
51.8,3.465
51.8,3.465
51.8,3.465
51.8,3.465
51.8,3.465
51.8,3.465
51.8,3.465
51.8,3.465
51.7,3.465
51.7,3.465
51.7,3.465
51.7,3.465
51.7,3.465
51.7,3.460
51.7,3.460
51.7,3.460
51.7,3.460
51.7,3.460
51.7,3.460
51.7,3.460
51.7,3.460
51.7,3.460
51.7,3.460
51.7,3.460
51.7,3.460
51.7,3.460
51.7,3.460
51.7,3.460
51.7,3.460
51.7,3.460
51.7,3.460
51.7,3.460
51.7,3.460
51.7,3.460
51.7,3.455
51.7,3.455
51.7,3.455
51.7,3.455
51.7,3.455
51.7,3.455
51.7,3.455
51.7,3.455
51.7,3.455
51.7,3.455
51.7,3.455
51.7,3.455
51.7,3.455
51.7,3.455
51.7,3.455
51.7,3.455
51.7,3.455
51.7,3.455
51.7,3.455
51.7,3.450
51.7,3.450
51.7,3.450
51.7,3.450
51.7,3.450
51.7,3.450
51.7,3.450
51.7,3.450
51.7,3.450
51.7,3.450
51.7,3.450
51.7,3.450
51.7,3.450
51.7,3.450
51.7,3.450
51.7,3.450
51.7,3.450
51.7,3.450
51.7,3.450
51.7,3.450
51.7,3.445
51.7,3.445
51.7,3.445
51.7,3.445
51.7,3.445
51.7,3.445
51.7,3.445
51.7,3.445
51.7,3.445
51.7,3.445
51.7,3.445
51.7,3.445
51.7,3.445
51.7,3.445
51.7,3.445
51.7,3.445
51.7,3.445
51.7,3.445
51.7,3.445
51.7,3.440
51.7,3.440
51.7,3.440
51.7,3.440
51.7,3.440
51.7,3.440
51.7,3.440
51.7,3.440
51.7,3.440
51.7,3.440
51.7,3.440
51.7,3.440
51.7,3.440
51.7,3.440
51.7,3.440
51.7,3.440
51.7,3.440
51.7,3.440
51.7,3.435
51.7,3.435
51.7,3.435
51.7,3.435
51.7,3.435
51.7,3.435
51.7,3.435
51.7,3.435
51.7,3.435
51.7,3.435
51.7,3.435
51.7,3.435
51.7,3.435
51.7,3.435
51.7,3.435
51.7,3.435
51.7,3.435
51.7,3.435
51.7,3.430
51.7,3.430
51.7,3.430
51.7,3.430
51.7,3.430
51.7,3.430
51.7,3.430
51.7,3.430
51.7,3.430
51.7,3.430
51.7,3.430
51.7,3.430
51.7,3.430
51.7,3.430
51.7,3.430
51.7,3.430
51.6,3.430
51.6,3.430
51.6,3.430
51.6,3.425
51.6,3.425
51.6,3.425
51.6,3.425
51.6,3.425
51.6,3.425
51.6,3.425
51.6,3.425
51.6,3.425
51.6,3.425
51.6,3.425
51.6,3.425
51.6,3.425
51.6,3.425
51.6,3.425
51.6,3.425
51.6,3.425
51.6,3.425
51.6,3.420
51.6,3.420
51.6,3.420
51.6,3.420
51.6,3.420
51.6,3.420
51.6,3.420
51.6,3.420
51.6,3.420
51.6,3.420
51.6,3.420
51.6,3.420
51.6,3.420
51.6,3.420
51.6,3.420
51.6,3.420
51.6,3.415
51.6,3.415
51.6,3.415
51.6,3.415
51.6,3.415
51.6,3.415
51.6,3.415
51.6,3.415
51.6,3.415
51.6,3.415
51.6,3.415
51.6,3.415
51.6,3.415
51.6,3.415
51.6,3.415
51.6,3.415
51.6,3.415
51.6,3.415
51.6,3.410
51.6,3.410
51.6,3.410
51.6,3.410
51.6,3.410
51.6,3.410
51.6,3.410
51.6,3.410
51.6,3.410
51.6,3.410
51.6,3.410
51.6,3.410
51.6,3.410
51.6,3.410
51.6,3.410
51.5,3.410
51.5,3.410
51.5,3.405
51.5,3.405
51.5,3.405
51.5,3.405
51.5,3.405
51.5,3.405
51.5,3.405
51.5,3.405
51.5,3.405
51.5,3.405
51.5,3.405
51.5,3.405
51.5,3.405
51.5,3.405
51.5,3.405
51.5,3.405
51.4,3.400
51.4,3.400
51.4,3.400
51.4,3.400
51.4,3.400
51.4,3.400
51.4,3.400
51.4,3.400
51.4,3.400
51.5,3.400
51.5,3.400
51.5,3.400
51.5,3.400
51.5,3.400
51.5,3.400
51.5,3.395
51.5,3.395
51.5,3.395
51.5,3.395
51.5,3.395
51.5,3.395
51.5,3.395
51.5,3.395
51.5,3.395
51.5,3.395
51.5,3.395
51.5,3.395
51.5,3.395
51.5,3.395
51.5,3.395
51.5,3.390
51.5,3.390
51.5,3.390
51.5,3.390
51.5,3.390
51.5,3.390
51.5,3.390
51.5,3.390
51.5,3.390
51.5,3.390
51.5,3.390
51.5,3.390
51.5,3.390
51.5,3.390
51.5,3.390
51.5,3.385
51.5,3.385
51.5,3.385
51.5,3.385
51.5,3.385
51.5,3.385
51.5,3.385
51.5,3.385
51.5,3.385
51.5,3.385
51.5,3.385
51.5,3.385
51.5,3.385
51.5,3.385
51.4,3.380
51.4,3.380
51.4,3.380
51.4,3.380
51.4,3.380
51.4,3.380
51.4,3.380
51.4,3.380
51.4,3.380
51.4,3.380
51.4,3.380
51.4,3.380
51.4,3.380
51.4,3.380
51.4,3.375
51.4,3.375
51.4,3.375
51.4,3.375
51.4,3.375
51.4,3.375
51.4,3.375
51.4,3.375
51.4,3.375
51.4,3.375
51.4,3.375
51.4,3.375
51.4,3.370
51.4,3.370
51.4,3.370
51.4,3.370
51.4,3.370
51.4,3.370
51.4,3.370
51.4,3.370
51.4,3.370
51.4,3.370
51.4,3.370
51.4,3.370
51.4,3.370
51.4,3.370
51.4,3.365
51.4,3.365
51.4,3.365
51.4,3.365
51.4,3.365
51.4,3.365
51.4,3.365
51.4,3.365
51.4,3.365
51.4,3.365
51.4,3.365
51.4,3.365
51.4,3.365
51.4,3.360
51.4,3.360
51.4,3.360
51.4,3.360
51.4,3.360
51.4,3.360
51.4,3.360
51.4,3.360
51.4,3.360
51.4,3.360
51.3,3.360
51.3,3.360
51.3,3.355
51.3,3.355
51.3,3.355
51.3,3.355
51.3,3.355
51.3,3.355
51.3,3.355
51.3,3.355
51.3,3.355
51.3,3.355
51.3,3.355
51.3,3.350
51.3,3.350
51.3,3.350
51.3,3.350
51.3,3.350
51.3,3.350
51.3,3.350
51.3,3.350
51.3,3.350
51.3,3.350
51.3,3.350
51.3,3.350
51.3,3.345
51.3,3.345
51.3,3.345
51.3,3.345
51.3,3.345
51.3,3.345
51.3,3.345
51.3,3.345
51.3,3.345
51.3,3.345
51.3,3.345
51.3,3.345
51.3,3.340
51.3,3.340
51.3,3.340
51.3,3.340
51.3,3.340
51.3,3.340
51.3,3.340
51.3,3.340
51.3,3.340
51.3,3.340
51.3,3.340
51.3,3.335
51.3,3.335
51.3,3.335
51.3,3.335
51.2,3.335
51.2,3.335
51.2,3.335
51.2,3.335
51.2,3.335
51.2,3.335
51.2,3.335
51.2,3.335
51.2,3.330
51.2,3.330
51.2,3.330
51.2,3.330
51.2,3.330
51.2,3.330
51.2,3.330
51.2,3.330
51.2,3.330
51.2,3.330
51.2,3.330
51.2,3.330
51.2,3.325
51.2,3.325
51.2,3.325
51.2,3.325
51.2,3.325
51.2,3.325
51.2,3.325
51.2,3.325
51.2,3.325
51.2,3.325
51.2,3.325
51.2,3.320
51.2,3.320
51.2,3.320
51.2,3.320
51.2,3.320
51.2,3.320
51.2,3.320
51.2,3.320
51.2,3.320
51.2,3.320
51.2,3.320
51.2,3.320
51.2,3.315
51.2,3.315
51.2,3.315
51.1,3.315
51.1,3.315
51.1,3.315
51.1,3.315
51.1,3.315
51.1,3.315
51.1,3.315
51.1,3.315
51.1,3.310
51.1,3.310
51.1,3.310
51.1,3.310
51.1,3.310
51.1,3.310
51.1,3.310
51.1,3.310
51.0,3.310
51.0,3.310
51.0,3.310
51.0,3.310
51.0,3.305
51.0,3.305
51.0,3.305
51.0,3.305
51.0,3.305
51.1,3.305
51.1,3.305
51.0,3.305
51.0,3.305
51.0,3.305
51.0,3.305
51.0,3.305
51.0,3.300
51.0,3.300
51.0,3.300
51.0,3.300
51.0,3.300
51.0,3.300
51.0,3.300
51.0,3.300
51.0,3.300
51.0,3.300
51.0,3.300
51.0,3.295
51.0,3.295
51.0,3.295
51.0,3.295
51.0,3.295
51.0,3.295
51.0,3.295
51.0,3.295
51.0,3.295
51.0,3.295
51.0,3.295
51.0,3.290
51.0,3.290
51.0,3.290
51.0,3.290
51.0,3.290
51.0,3.290
51.0,3.290
51.0,3.290
51.0,3.290
51.0,3.290
51.0,3.290
51.0,3.290
51.0,3.285
51.0,3.285
51.0,3.285
51.0,3.285
51.0,3.285
51.0,3.285
51.0,3.285
51.0,3.285
51.0,3.285
51.0,3.285
50.9,3.285
50.9,3.280
50.9,3.280
50.9,3.280
51.0,3.280
51.0,3.280
50.9,3.280
50.9,3.280
50.9,3.280
50.9,3.280
50.9,3.280
50.9,3.275
50.9,3.275
50.9,3.275
50.9,3.275
50.9,3.275
50.9,3.275
50.9,3.275
50.9,3.275
50.9,3.275
50.9,3.275
50.9,3.275
50.9,3.270
50.9,3.270
50.9,3.270
50.9,3.270
50.9,3.270
50.9,3.270
50.9,3.270
50.9,3.270
50.9,3.270
50.9,3.270
50.9,3.270
50.9,3.265
50.9,3.265
50.9,3.265
50.9,3.265
50.9,3.265
50.9,3.265
50.9,3.265
50.9,3.265
50.9,3.265
50.9,3.265
50.9,3.265
50.9,3.260
50.9,3.260
50.9,3.260
50.9,3.260
50.9,3.260
50.9,3.260
50.9,3.260
50.9,3.260
50.9,3.260
50.9,3.260
50.9,3.255
50.9,3.255
50.9,3.255
50.9,3.255
50.9,3.255
50.9,3.255
50.9,3.255
50.9,3.255
50.9,3.255
50.9,3.255
50.9,3.255
50.9,3.250
50.9,3.250
50.9,3.250
50.9,3.250
50.9,3.250
50.9,3.250
50.9,3.250
50.9,3.250
50.9,3.250
50.9,3.250
50.9,3.250
50.9,3.245
50.9,3.245
50.9,3.245
50.8,3.245
50.8,3.245
50.8,3.245
50.8,3.245
50.8,3.245
50.8,3.245
50.8,3.245
50.8,3.245
50.8,3.240
50.8,3.240
50.8,3.240
50.8,3.240
50.8,3.240
50.8,3.240
50.8,3.240
50.8,3.240
50.8,3.240
50.8,3.240
50.8,3.235
50.8,3.235
50.8,3.235
50.8,3.235
50.8,3.235
50.8,3.235
50.8,3.235
50.8,3.235
50.8,3.235
50.8,3.235
50.8,3.235
50.8,3.230
50.8,3.230
50.8,3.230
50.8,3.230
50.8,3.230
50.8,3.230
50.8,3.230
50.8,3.230
50.8,3.230
50.8,3.230
50.7,3.230
50.7,3.225
50.7,3.225
50.7,3.225
50.7,3.225
50.7,3.225
50.7,3.225
50.7,3.225
50.7,3.225
50.7,3.225
50.8,3.225
50.8,3.225
50.8,3.220
50.8,3.220
50.8,3.220
50.8,3.220
50.8,3.220
50.8,3.220
50.8,3.220
50.7,3.220
50.7,3.220
50.7,3.220
50.7,3.220
50.7,3.215
50.7,3.215
50.7,3.215
50.7,3.215
50.7,3.215
50.7,3.215
50.7,3.215
50.7,3.215
50.7,3.215
50.7,3.215
50.7,3.215
50.7,3.210
50.7,3.210
50.7,3.210
50.7,3.210
50.7,3.210
50.7,3.210
50.7,3.210
50.7,3.210
50.7,3.210
50.7,3.210
50.7,3.210
50.7,3.205
50.7,3.205
50.7,3.205
50.7,3.205
50.7,3.205
50.7,3.205
50.7,3.205
50.7,3.205
50.7,3.205
50.7,3.205
50.7,3.200
50.7,3.200
50.7,3.200
50.7,3.200
50.7,3.200
50.7,3.200
50.7,3.200
50.7,3.200
50.7,3.200
50.7,3.200
50.7,3.195
50.7,3.195
50.7,3.195
50.7,3.195
50.7,3.195
50.7,3.195
50.7,3.195
50.7,3.195
50.7,3.195
50.7,3.195
50.7,3.190
50.7,3.190
50.7,3.190
50.7,3.190
50.7,3.190
50.7,3.190
50.6,3.190
50.6,3.190
50.6,3.190
50.6,3.190
50.6,3.190
50.6,3.185
50.6,3.185
50.6,3.185
50.6,3.185
50.6,3.185
50.6,3.185
50.6,3.185
50.6,3.185
50.6,3.185
50.6,3.185
50.6,3.180
50.6,3.180
50.6,3.180
50.6,3.180
50.6,3.180
50.6,3.180
50.6,3.180
50.6,3.180
50.6,3.180
50.6,3.175
50.6,3.175
50.6,3.175
50.6,3.175
50.6,3.175
50.6,3.175
50.6,3.175
50.6,3.175
50.6,3.175
50.6,3.175
50.6,3.170
50.6,3.170
50.6,3.170
50.5,3.170
50.5,3.170
50.5,3.170
50.5,3.170
50.5,3.170
50.5,3.170
50.5,3.170
50.5,3.170
50.5,3.165
50.5,3.165
50.5,3.165
50.5,3.165
50.5,3.165
50.5,3.165
50.5,3.165
50.5,3.165
50.5,3.165
50.5,3.165
50.5,3.160
50.5,3.160
50.5,3.160
50.5,3.160
50.5,3.160
50.5,3.160
50.4,3.160
50.4,3.160
50.4,3.160
50.4,3.160
50.4,3.155
50.4,3.155
50.4,3.155
50.4,3.155
50.4,3.155
50.4,3.155
50.4,3.155
50.4,3.155
50.4,3.155
50.4,3.155
50.4,3.150
50.4,3.150
50.4,3.150
50.4,3.150
50.4,3.150
50.4,3.150
50.4,3.150
50.4,3.150
50.4,3.150
50.4,3.150
50.4,3.150
50.4,3.145
50.4,3.145
50.4,3.145
50.4,3.145
50.4,3.145
50.4,3.145
50.4,3.145
50.4,3.145
50.4,3.145
50.4,3.145
50.4,3.140
50.4,3.140
50.4,3.140
50.4,3.140
50.4,3.140
50.4,3.140
50.4,3.140
50.4,3.140
50.4,3.140
50.4,3.140
50.4,3.135
50.4,3.135
50.4,3.135
50.4,3.135
50.4,3.135
50.4,3.135
50.4,3.135
50.4,3.135
50.4,3.135
50.4,3.135
50.4,3.130
50.4,3.130
50.4,3.130
50.4,3.130
50.4,3.130
50.4,3.130
50.4,3.130
50.4,3.130
50.4,3.130
50.3,3.130
50.3,3.125
50.3,3.125
50.3,3.125
50.3,3.125
50.3,3.125
50.3,3.125
50.3,3.125
50.3,3.125
50.3,3.125
50.3,3.125
50.3,3.120
50.3,3.120
50.3,3.120
50.3,3.120
50.3,3.120
50.3,3.120
50.3,3.120
50.3,3.120
50.3,3.120
50.3,3.120
50.3,3.115
50.3,3.115
50.3,3.115
50.3,3.115
50.3,3.115
50.3,3.115
50.3,3.115
50.3,3.115
50.3,3.115
50.3,3.115
50.3,3.110
50.3,3.110
50.3,3.110
50.3,3.110
50.3,3.110
50.3,3.110
50.3,3.110
50.3,3.110
50.2,3.110
50.2,3.110
50.2,3.105
50.2,3.105
50.2,3.105
50.2,3.105
50.2,3.105
50.2,3.105
50.2,3.105
50.2,3.105
50.2,3.105
50.2,3.105
50.2,3.100
50.2,3.100
50.2,3.100
50.2,3.100
50.2,3.100
50.2,3.100
50.2,3.100
50.2,3.100
50.2,3.100
50.2,3.095
50.2,3.095
50.2,3.095
50.2,3.095
50.2,3.095
50.2,3.095
50.2,3.095
50.2,3.095
50.2,3.095
50.2,3.095
50.2,3.095
50.2,3.090
50.2,3.090
50.2,3.090
50.2,3.090
50.2,3.090
50.2,3.090
50.2,3.090
50.2,3.090
50.2,3.090
50.2,3.090
50.2,3.085
50.2,3.085
50.2,3.085
50.2,3.085
50.2,3.085
50.2,3.085
50.2,3.085
50.2,3.085
50.2,3.085
50.2,3.085
50.2,3.085
50.2,3.080
50.2,3.080
50.2,3.080
50.1,3.080
50.1,3.080
50.1,3.080
50.1,3.080
50.1,3.080
50.1,3.080
50.1,3.080
50.1,3.075
50.1,3.075
50.1,3.075
50.1,3.075
50.1,3.075
50.1,3.075
50.1,3.075
50.1,3.075
50.1,3.075
50.1,3.075
50.1,3.070
50.1,3.070
50.1,3.070
50.1,3.070
50.1,3.070
50.1,3.070
50.1,3.070
50.1,3.070
50.1,3.070
50.1,3.070
50.1,3.070
50.1,3.065
50.1,3.065
50.1,3.065
50.1,3.065
50.1,3.065
50.1,3.065
50.1,3.065
50.1,3.065
50.1,3.065
50.1,3.065
50.1,3.065
50.1,3.060
50.1,3.060
50.1,3.060
50.1,3.060
50.1,3.060
50.1,3.060
50.1,3.060
50.1,3.060
50.1,3.060
50.1,3.060
50.0,3.060
50.0,3.055
50.0,3.055
50.0,3.055
50.0,3.055
50.0,3.055
50.0,3.055
50.0,3.055
50.0,3.055
50.0,3.055
50.0,3.055
50.0,3.050
50.0,3.050
50.0,3.050
50.0,3.050
50.0,3.050
50.0,3.050
50.0,3.050
50.0,3.050
50.0,3.050
50.0,3.050
50.0,3.050
50.0,3.045
49.9,3.045
49.9,3.045
49.9,3.045
49.9,3.045
49.9,3.045
49.9,3.045
49.9,3.045
49.9,3.045
49.9,3.045
49.9,3.040
49.9,3.040
49.9,3.040
49.9,3.040
49.9,3.040
49.9,3.040
49.9,3.040
49.9,3.040
49.9,3.040
49.9,3.040
49.9,3.035
49.9,3.035
49.9,3.035
49.9,3.035
49.9,3.035
49.9,3.035
49.9,3.035
49.9,3.035
49.9,3.035
49.9,3.035
49.9,3.030
49.9,3.030
49.9,3.030
49.9,3.030
49.9,3.030
49.9,3.030
49.8,3.030
49.8,3.030
49.8,3.030
49.8,3.030
49.8,3.030
49.8,3.025
49.8,3.025
49.8,3.025
49.8,3.025
49.8,3.025
49.9,3.025
49.9,3.025
49.9,3.025
49.9,3.025
49.9,3.025
49.9,3.020
49.9,3.020
49.9,3.020
49.9,3.020
49.9,3.020
49.9,3.020
49.9,3.020
49.9,3.020
49.8,3.020
49.8,3.020
49.8,3.015
49.8,3.015
49.8,3.015
49.8,3.015
49.8,3.015
49.8,3.015
49.8,3.015
49.8,3.015
49.8,3.015
49.8,3.015
49.8,3.010
49.8,3.010
49.8,3.010
49.8,3.010
49.8,3.010
49.8,3.010
49.8,3.010
49.8,3.010
49.8,3.010
49.8,3.010
49.7,3.010
49.7,3.005
49.7,3.005
49.7,3.005
49.7,3.005
49.7,3.005
49.7,3.005
49.7,3.005
49.7,3.005
49.7,3.005
49.7,3.005
49.7,3.005
49.7,3.000
49.7,3.000
49.7,3.000
49.7,3.000
49.7,3.000
49.7,3.000
49.7,3.000
49.7,3.000
49.7,3.000
49.7,3.000
49.7,2.995
49.7,2.995
49.7,2.995
49.7,2.995
49.7,2.995
49.7,2.995
49.7,2.995
49.7,2.995
49.7,2.995
49.7,2.995
49.7,2.995
49.7,2.990
49.7,2.990
49.7,2.990
49.7,2.990
49.7,2.990
49.7,2.990
49.7,2.990
49.7,2.990
49.7,2.990
49.7,2.990
49.7,2.990
49.7,2.985
49.7,2.985
49.7,2.985
49.7,2.985
49.7,2.985
49.7,2.985
49.7,2.985
49.7,2.985
49.7,2.985
49.7,2.985
49.7,2.985
49.7,2.980
49.7,2.980
49.7,2.980
49.7,2.980
49.7,2.980
49.7,2.980
49.7,2.980
49.7,2.980
49.7,2.980
49.7,2.980
49.7,2.980
49.7,2.975
49.7,2.975
49.7,2.975
49.7,2.975
49.7,2.975
49.7,2.975
49.7,2.975
49.7,2.975
49.7,2.975
49.7,2.975
49.7,2.975
49.7,2.970
49.7,2.970
49.7,2.970
49.7,2.970
49.7,2.970
49.7,2.970
49.7,2.970
49.7,2.970
49.7,2.970
49.6,2.970
49.6,2.970
49.6,2.965
49.6,2.965
49.6,2.965
49.6,2.965
49.6,2.965
49.6,2.965
49.6,2.965
49.6,2.965
49.6,2.965
49.6,2.965
49.6,2.965
49.6,2.960
49.6,2.960
49.6,2.960
49.6,2.960
49.6,2.960
49.6,2.960
49.6,2.960
49.6,2.960
49.6,2.960
49.6,2.960
49.6,2.955
49.6,2.955
49.6,2.955
49.6,2.955
49.6,2.955
49.6,2.955
49.6,2.955
49.6,2.955
49.6,2.955
49.6,2.955
49.6,2.950
49.6,2.950
49.6,2.950
49.6,2.950
49.6,2.950
49.6,2.950
49.6,2.950
49.6,2.950
49.6,2.950
49.6,2.950
49.6,2.945
49.6,2.945
49.5,2.945
49.5,2.945
49.5,2.945
49.5,2.945
49.5,2.945
49.5,2.945
49.5,2.945
49.5,2.945
49.5,2.945
49.5,2.940
49.5,2.940
49.5,2.940
49.5,2.940
49.5,2.940
49.5,2.940
49.5,2.940
49.5,2.940
49.5,2.940
49.5,2.935
49.5,2.935
49.5,2.935
49.5,2.935
49.5,2.935
49.5,2.935
49.4,2.935
49.4,2.935
49.4,2.935
49.4,2.935
49.4,2.930
49.4,2.930
49.4,2.930
49.4,2.930
49.4,2.930
49.4,2.930
49.4,2.930
49.4,2.930
49.4,2.930
49.4,2.930
49.4,2.925
49.4,2.925
49.4,2.925
49.4,2.925
49.4,2.925
49.4,2.925
49.4,2.925
49.4,2.925
49.4,2.925
49.4,2.925
49.4,2.925
49.4,2.920
49.4,2.920
49.4,2.920
49.4,2.920
49.4,2.920
49.4,2.920
49.4,2.920
49.4,2.920
49.4,2.920
49.4,2.915
49.3,2.915
49.3,2.915
49.3,2.915
49.3,2.915
49.3,2.915
49.3,2.915
49.3,2.915
49.3,2.915
49.3,2.915
49.3,2.910
49.3,2.910
49.3,2.910
49.3,2.910
49.3,2.910
49.3,2.910
49.3,2.910
49.3,2.910
49.3,2.910
49.3,2.910
49.3,2.905
49.3,2.905
49.3,2.905
49.3,2.905
49.3,2.905
49.3,2.905
49.3,2.905
49.3,2.905
49.3,2.905
49.3,2.905
49.3,2.900
49.3,2.900
49.3,2.900
49.3,2.900
49.3,2.900
49.3,2.900
49.3,2.900
49.3,2.900
49.3,2.900
49.3,2.900
49.3,2.895
49.3,2.895
49.3,2.895
49.3,2.895
49.3,2.895
49.3,2.895
49.3,2.895
49.3,2.895
49.3,2.895
49.3,2.890
49.3,2.890
49.3,2.890
49.2,2.890
49.2,2.890
49.2,2.890
49.2,2.890
49.2,2.890
49.2,2.890
49.2,2.890
49.2,2.885
49.2,2.885
49.2,2.885
49.2,2.885
49.2,2.885
49.2,2.885
49.2,2.885
49.2,2.885
49.2,2.885
49.2,2.880
49.2,2.880
49.2,2.880
49.2,2.880
49.2,2.880
49.2,2.880
49.2,2.880
49.1,2.880
49.1,2.880
49.1,2.880
49.1,2.875
49.1,2.875
49.1,2.875
49.1,2.875
49.1,2.875
49.1,2.875
49.1,2.875
49.1,2.875
49.1,2.875
49.1,2.870
49.1,2.870
49.1,2.870
49.1,2.870
49.1,2.870
49.1,2.870
49.1,2.870
49.1,2.870
49.1,2.870
49.1,2.865
49.1,2.865
49.1,2.865
49.1,2.865
49.1,2.865
49.1,2.865
49.1,2.865
49.1,2.865
49.1,2.865
49.1,2.860
49.1,2.860
49.1,2.860
49.1,2.860
49.1,2.860
49.1,2.860
49.1,2.860
49.1,2.860
49.1,2.860
49.1,2.855
49.1,2.855
49.1,2.855
49.1,2.855
49.1,2.855
49.1,2.855
49.1,2.855
49.1,2.855
49.1,2.855
49.0,2.850
49.0,2.850
49.0,2.850
49.0,2.850
49.0,2.850
49.0,2.850
49.0,2.850
49.0,2.850
49.0,2.850
49.0,2.845
49.0,2.845
49.0,2.845
49.0,2.845
49.0,2.845
49.0,2.845
49.0,2.845
49.0,2.845
49.0,2.845
49.0,2.845
49.0,2.840
49.0,2.840
49.0,2.840
49.0,2.840
49.0,2.840
49.0,2.840
49.0,2.840
49.0,2.840
49.0,2.840
49.0,2.835
49.0,2.835
49.0,2.835
49.0,2.835
49.0,2.835
49.0,2.835
49.0,2.835
49.0,2.835
49.0,2.835
49.0,2.830
49.0,2.830
49.0,2.830
49.0,2.830
49.0,2.830
49.0,2.830
48.9,2.830
48.9,2.830
48.9,2.830
48.9,2.825
48.9,2.825
48.9,2.825
48.9,2.825
48.9,2.825
48.9,2.825
48.9,2.825
48.9,2.825
48.9,2.825
48.9,2.820
48.9,2.820
48.9,2.820
48.8,2.820
48.8,2.820
48.8,2.820
48.8,2.820
48.8,2.820
48.8,2.820
48.8,2.815
48.8,2.815
48.8,2.815
48.8,2.815
48.8,2.815
48.8,2.815
48.8,2.815
48.8,2.815
48.8,2.810
48.8,2.810
48.8,2.810
48.8,2.810
48.8,2.810
48.8,2.810
48.8,2.810
48.8,2.810
48.8,2.810
48.8,2.805
48.8,2.805
48.8,2.805
48.8,2.805
48.8,2.805
48.8,2.805
48.8,2.805
48.8,2.805
48.7,2.800
48.7,2.800
48.7,2.800
48.7,2.800
48.7,2.800
48.7,2.800
48.7,2.800
48.7,2.800
48.7,2.795
48.7,2.795
48.7,2.795
48.7,2.795
48.7,2.795
48.7,2.795
48.7,2.795
48.7,2.795
48.7,2.790
48.7,2.790
48.7,2.790
48.7,2.790
48.7,2.790
48.7,2.790
48.7,2.790
48.7,2.790
48.7,2.785
48.7,2.785
48.6,2.785
48.6,2.785
48.6,2.785
48.6,2.785
48.6,2.785
48.6,2.785
48.6,2.780
48.6,2.780
48.6,2.780
48.6,2.780
48.6,2.780
48.6,2.780
48.6,2.780
48.6,2.780
48.6,2.775
48.6,2.775
48.6,2.775
48.6,2.775
48.6,2.775
48.6,2.775
48.6,2.775
48.6,2.775
48.6,2.770
48.6,2.770
48.6,2.770
48.6,2.770
48.6,2.770
48.5,2.770
48.5,2.770
48.5,2.770
48.5,2.765
48.5,2.765
48.5,2.765
48.5,2.765
48.5,2.765
48.5,2.765
48.5,2.765
48.5,2.765
48.5,2.760
48.5,2.760
48.5,2.760
48.5,2.760
48.5,2.760
48.5,2.760
48.5,2.760
48.5,2.760
48.5,2.755
48.5,2.755
48.5,2.755
48.5,2.755
48.5,2.755
48.5,2.755
48.5,2.755
48.5,2.755
48.5,2.750
48.5,2.750
48.5,2.750
48.5,2.750
48.5,2.750
48.5,2.750
48.5,2.750
48.5,2.750
48.5,2.745
48.5,2.745
48.5,2.745
48.5,2.745
48.5,2.745
48.5,2.745
48.5,2.745
48.5,2.745
48.5,2.740
48.5,2.740
48.5,2.740
48.5,2.740
48.5,2.740
48.4,2.740
48.4,2.740
48.4,2.740
48.4,2.735
48.4,2.735
48.4,2.735
48.4,2.735
48.4,2.735
48.4,2.735
48.4,2.735
48.4,2.735
48.4,2.730
48.4,2.730
48.4,2.730
48.4,2.730
48.4,2.730
48.4,2.730
48.4,2.730
48.4,2.730
48.4,2.725
48.4,2.725
48.4,2.725
48.4,2.725
48.4,2.725
48.4,2.725
48.4,2.725
48.4,2.725
48.3,2.720
48.3,2.720
48.3,2.720
48.3,2.720
48.3,2.720
48.3,2.720
48.3,2.720
48.3,2.715
48.3,2.715
48.3,2.715
48.3,2.715
48.3,2.715
48.3,2.715
48.3,2.715
48.3,2.715
48.3,2.710
48.3,2.710
48.3,2.710
48.3,2.710
48.3,2.710
48.3,2.710
48.3,2.710
48.2,2.705
48.2,2.705
48.2,2.705
48.2,2.705
48.2,2.705
48.2,2.705
48.2,2.705
48.2,2.705
48.2,2.700
48.2,2.700
48.2,2.700
48.2,2.700
48.3,2.700
48.3,2.700
48.3,2.695
48.3,2.695
48.3,2.695
48.3,2.695
48.3,2.695
48.3,2.695
48.3,2.695
48.3,2.695
48.3,2.690
48.3,2.690
48.2,2.690
48.2,2.690
48.2,2.690
48.2,2.690
48.2,2.690
48.2,2.685
48.2,2.685
48.2,2.685
48.2,2.685
48.2,2.685
48.2,2.685
48.3,2.685
48.3,2.685
48.3,2.680
48.3,2.680
48.3,2.680
48.3,2.680
48.3,2.680
48.3,2.680
48.3,2.680
48.3,2.680
48.3,2.675
48.3,2.675
48.3,2.675
48.3,2.675
48.3,2.675
48.3,2.675
48.3,2.675
48.3,2.675
48.3,2.670
48.3,2.670
48.3,2.670
48.3,2.670
48.3,2.670
48.3,2.670
48.3,2.670
48.3,2.670
48.3,2.665
48.3,2.665
48.3,2.665
48.3,2.665
48.3,2.665
48.3,2.665
48.3,2.665
48.3,2.665
48.3,2.665
48.3,2.660
48.2,2.660
48.2,2.660
48.2,2.660
48.2,2.660
48.2,2.660
48.2,2.660
48.2,2.660
48.2,2.660
48.2,2.655
48.2,2.655
48.2,2.655
48.2,2.655
48.2,2.655
48.2,2.655
48.2,2.655
48.2,2.655
48.2,2.655
48.2,2.650
48.2,2.650
48.2,2.650
48.2,2.650
48.2,2.650
48.2,2.650
48.2,2.650
48.2,2.650
48.2,2.650
48.2,2.645
48.2,2.645
48.2,2.645
48.2,2.645
48.2,2.645
48.2,2.645
48.2,2.645
48.2,2.645
48.2,2.645
48.2,2.645
48.2,2.640
48.2,2.640
48.2,2.640
48.2,2.640
48.2,2.640
48.2,2.640
48.2,2.640
48.2,2.640
48.2,2.640
48.2,2.640
48.2,2.635
48.2,2.635
48.2,2.635
48.2,2.635
48.2,2.635
48.2,2.635
48.2,2.635
48.2,2.635
48.2,2.635
48.2,2.630
48.2,2.630
48.2,2.630
48.2,2.630
48.2,2.630
48.2,2.630
48.2,2.630
48.2,2.630
48.2,2.630
48.2,2.630
48.2,2.625
48.2,2.625
48.2,2.625
48.2,2.625
48.2,2.625
48.2,2.625
48.2,2.625
48.2,2.625
48.2,2.625
48.2,2.625
48.2,2.625
48.2,2.620
48.2,2.620
48.2,2.620
48.2,2.620
48.2,2.620
48.2,2.620
48.2,2.620
48.2,2.620
48.2,2.620
48.2,2.620
48.2,2.615
48.2,2.615
48.2,2.615
48.2,2.615
48.2,2.615
48.2,2.615
48.2,2.615
48.2,2.615
48.2,2.615
48.2,2.615
48.2,2.610
48.2,2.610
48.2,2.610
48.2,2.610
48.2,2.610
48.2,2.610
48.2,2.610
48.2,2.610
48.2,2.610
48.2,2.610
48.2,2.610
48.2,2.610
48.2,2.605
48.2,2.605
48.2,2.605
48.2,2.605
48.2,2.605
48.2,2.605
48.2,2.605
48.2,2.605
48.2,2.605
48.1,2.605
48.1,2.605
48.1,2.605
48.1,2.600
48.1,2.600
48.1,2.600
48.1,2.600
48.1,2.600
48.1,2.600
48.1,2.600
48.1,2.600
48.1,2.600
48.1,2.600
48.1,2.600
48.1,2.595
48.1,2.595
48.1,2.595
48.1,2.595
48.1,2.595
48.1,2.595
48.1,2.595
48.1,2.595
48.1,2.595
48.0,2.595
48.0,2.595
48.0,2.595
48.0,2.590
48.0,2.590
48.1,2.590
48.1,2.590
48.1,2.590
48.1,2.590
48.1,2.590
48.1,2.590
48.1,2.590
48.1,2.590
48.1,2.590
48.1,2.590
48.1,2.590
48.1,2.585
48.1,2.585
48.1,2.585
48.1,2.585
48.1,2.585
48.1,2.585
48.1,2.585
48.1,2.585
48.1,2.585
48.1,2.585
48.1,2.585
48.1,2.585
48.1,2.580
48.1,2.580
48.1,2.580
48.1,2.580
48.1,2.580
48.1,2.580
48.0,2.580
48.0,2.580
48.0,2.580
48.0,2.580
48.0,2.580
48.0,2.580
48.0,2.580
48.0,2.575
48.0,2.575
48.0,2.575
48.0,2.575
48.0,2.575
48.0,2.575
48.0,2.575
48.0,2.575
48.0,2.575
48.0,2.575
48.0,2.575
48.0,2.575
48.0,2.570
48.0,2.570
48.0,2.570
48.0,2.570
48.0,2.570
48.0,2.570
48.0,2.570
47.9,2.570
47.9,2.570
47.9,2.570
47.9,2.570
47.9,2.570
47.9,2.570
47.9,2.565
47.9,2.565
47.9,2.565
47.9,2.565
47.9,2.565
47.9,2.565
47.9,2.565
47.9,2.565
47.9,2.565
47.9,2.565
47.9,2.565
47.9,2.565
47.9,2.565
47.9,2.560
47.9,2.560
47.9,2.560
47.9,2.560
47.9,2.560
47.9,2.560
47.9,2.560
47.9,2.560
47.9,2.560
47.9,2.560
47.9,2.560
47.9,2.560
47.9,2.560
47.9,2.555
47.9,2.555
47.9,2.555
47.9,2.555
47.9,2.555
47.9,2.555
47.9,2.555
47.9,2.555
47.9,2.555
47.9,2.555
47.9,2.555
47.9,2.555
47.9,2.550
47.9,2.550
47.9,2.550
47.9,2.550
47.9,2.550
47.9,2.550
47.9,2.550
47.9,2.550
47.9,2.550
47.9,2.550
47.9,2.550
47.9,2.550
47.9,2.550
47.9,2.545
47.9,2.545
47.9,2.545
47.9,2.545
47.9,2.545
47.9,2.545
47.9,2.545
47.8,2.545
47.8,2.545
47.8,2.545
47.8,2.545
47.8,2.545
47.8,2.545
47.8,2.540
47.8,2.540
47.8,2.540
47.8,2.540
47.8,2.540
47.8,2.540
47.8,2.540
47.8,2.540
47.8,2.540
47.8,2.540
47.8,2.540
47.8,2.535
47.8,2.535
47.8,2.535
47.8,2.535
47.7,2.535
47.8,2.535
47.8,2.535
47.7,2.535
47.7,2.535
47.7,2.535
47.7,2.535
47.7,2.535
47.7,2.530
47.7,2.530
47.7,2.530
47.7,2.530
47.7,2.530
47.7,2.530
47.7,2.530
47.7,2.530
47.7,2.530
47.7,2.530
47.7,2.530
47.7,2.530
47.7,2.530
47.7,2.525
47.7,2.525
47.7,2.525
47.7,2.525
47.7,2.525
47.7,2.525
47.7,2.525
47.7,2.525
47.7,2.525
47.7,2.525
47.7,2.525
47.7,2.525
47.7,2.520
47.7,2.520
47.7,2.520
47.7,2.520
47.7,2.520
47.7,2.520
47.7,2.520
47.7,2.520
47.7,2.520
47.7,2.520
47.7,2.520
47.7,2.515
47.7,2.515
47.7,2.515
47.7,2.515
47.7,2.515
47.6,2.515
47.6,2.515
47.6,2.515
47.6,2.515
47.6,2.515
47.6,2.515
47.6,2.515
47.6,2.510
47.6,2.510
47.6,2.510
47.6,2.510
47.6,2.510
47.6,2.510
47.6,2.510
47.6,2.510
47.6,2.510
47.6,2.510
47.6,2.510
47.6,2.510
47.6,2.505
47.6,2.505
47.6,2.505
47.6,2.505
47.6,2.505
47.6,2.505
47.6,2.505
47.6,2.505
47.6,2.505
47.5,2.505
47.5,2.505
47.5,2.505
47.5,2.500
47.5,2.500
47.5,2.500
47.5,2.500
47.5,2.500
47.5,2.500
47.5,2.500
47.5,2.500
47.5,2.500
47.5,2.500
47.5,2.500
47.5,2.495
47.5,2.495
47.5,2.495
47.5,2.495
47.5,2.495
47.5,2.495
47.5,2.495
47.5,2.495
47.5,2.495
47.5,2.495
47.5,2.495
47.5,2.490
47.5,2.490
47.5,2.490
47.5,2.490
47.5,2.490
47.5,2.490
47.5,2.490
47.5,2.490
47.5,2.490
47.5,2.490
47.5,2.490
47.5,2.485
47.5,2.485
47.5,2.485
47.5,2.485
47.5,2.485
47.5,2.485
47.4,2.485
47.4,2.485
47.4,2.485
47.4,2.485
47.4,2.485
47.4,2.480
47.4,2.480
47.4,2.480
47.5,2.480
47.5,2.480
47.5,2.480
47.5,2.480
47.5,2.480
47.5,2.480
47.5,2.480
47.5,2.480
47.5,2.475
47.5,2.475
47.5,2.475
47.5,2.475
47.5,2.475
47.5,2.475
47.5,2.475
47.5,2.475
47.5,2.475
47.5,2.475
47.5,2.470
47.5,2.470
47.5,2.470
47.5,2.470
47.5,2.470
47.5,2.470
47.5,2.470
47.5,2.470
47.4,2.470
47.4,2.470
47.4,2.465
47.4,2.465
47.4,2.465
47.4,2.465
47.4,2.465
47.4,2.465
47.4,2.465
47.4,2.465
47.4,2.465
47.4,2.465
47.4,2.465
47.4,2.460
47.4,2.460
47.4,2.460
47.4,2.460
47.4,2.460
47.4,2.460
47.4,2.460
47.4,2.460
47.4,2.460
47.4,2.455
47.4,2.455
47.4,2.455
47.4,2.455
47.4,2.455
47.4,2.455
47.4,2.455
47.3,2.455
47.3,2.455
47.3,2.455
47.3,2.450
47.3,2.450
47.3,2.450
47.3,2.450
47.3,2.450
47.3,2.450
47.3,2.450
47.4,2.450
47.4,2.450
47.4,2.450
47.4,2.450
47.4,2.445
47.4,2.445
47.4,2.445
47.4,2.445
47.3,2.445
47.3,2.445
47.3,2.445
47.3,2.445
47.3,2.445
47.3,2.445
47.3,2.440
47.3,2.440
47.3,2.440
47.3,2.440
47.3,2.440
47.3,2.440
47.3,2.440
47.3,2.440
47.3,2.440
47.3,2.435
47.3,2.435
47.3,2.435
47.3,2.435
47.3,2.435
47.3,2.435
47.3,2.435
47.3,2.435
47.3,2.435
47.3,2.435
47.3,2.435
47.3,2.430
47.3,2.430
47.3,2.430
47.3,2.430
47.3,2.430
47.3,2.430
47.3,2.430
47.3,2.430
47.3,2.430
47.3,2.430
47.3,2.425
47.3,2.425
47.3,2.425
47.3,2.425
47.3,2.425
47.3,2.425
47.3,2.425
47.3,2.425
47.3,2.425
47.3,2.425
47.3,2.420
47.2,2.420
47.2,2.420
47.2,2.420
47.2,2.420
47.2,2.420
47.2,2.420
47.2,2.420
47.3,2.420
47.3,2.420
47.3,2.415
47.3,2.415
47.3,2.415
47.3,2.415
47.3,2.415
47.3,2.415
47.3,2.415
47.3,2.415
47.2,2.415
47.2,2.415
47.2,2.410
47.2,2.410
47.2,2.410
47.2,2.410
47.2,2.410
47.2,2.410
47.2,2.410
47.2,2.410
47.2,2.410
47.2,2.410
47.2,2.405
47.2,2.405
47.2,2.405
47.2,2.405
47.2,2.405
47.2,2.405
47.2,2.405
47.2,2.405
47.2,2.405
47.2,2.405
47.2,2.400
47.2,2.400
47.2,2.400
47.2,2.400
47.2,2.400
47.2,2.400
47.2,2.400
47.2,2.400
47.2,2.400
47.2,2.395
47.2,2.395
47.2,2.395
47.2,2.395
47.2,2.395
47.2,2.395
47.2,2.395
47.2,2.395
47.2,2.395
47.2,2.395
47.1,2.390
47.1,2.390
47.1,2.390
47.1,2.390
47.1,2.390
47.1,2.390
47.1,2.390
47.1,2.390
47.1,2.390
47.1,2.385
47.1,2.385
47.1,2.385
47.1,2.385
47.1,2.385
47.1,2.385
47.1,2.385
47.1,2.385
47.2,2.385
47.2,2.385
47.2,2.380
47.2,2.380
47.2,2.380
47.2,2.380
47.2,2.380
47.2,2.380
47.2,2.380
47.2,2.380
47.2,2.380
47.2,2.375
47.2,2.375
47.2,2.375
47.2,2.375
47.1,2.375
47.1,2.375
47.1,2.375
47.1,2.375
47.1,2.375
47.1,2.370
47.1,2.370
47.1,2.370
47.1,2.370
47.1,2.370
47.1,2.370
47.1,2.370
47.1,2.370
47.1,2.370
47.1,2.370
47.1,2.365
47.1,2.365
47.1,2.365
47.1,2.365
47.1,2.365
47.1,2.365
47.1,2.365
47.1,2.365
47.1,2.365
47.1,2.365
47.1,2.360
47.1,2.360
47.1,2.360
47.1,2.360
47.1,2.360
47.1,2.360
47.1,2.360
47.1,2.360
47.1,2.360
47.1,2.360
47.1,2.355
47.1,2.355
47.1,2.355
47.1,2.355
47.1,2.355
47.1,2.355
47.1,2.355
47.1,2.355
47.1,2.355
47.2,2.355
47.2,2.350
47.2,2.350
47.2,2.350
47.2,2.350
47.2,2.350
47.2,2.350
47.2,2.350
47.2,2.350
47.2,2.350
47.2,2.350
47.2,2.350
47.2,2.345
47.2,2.345
47.2,2.345
47.2,2.345
47.2,2.345
47.2,2.345
47.2,2.345
47.2,2.345
47.2,2.345
47.1,2.345
47.1,2.340
47.1,2.340
47.1,2.340
47.1,2.340
47.1,2.340
47.1,2.340
47.1,2.340
47.1,2.340
47.1,2.340
47.1,2.340
47.1,2.340
47.1,2.335
47.1,2.335
47.1,2.335
47.1,2.335
47.1,2.335
47.1,2.335
47.1,2.335
47.1,2.335
47.1,2.335
47.1,2.330
47.1,2.330
47.1,2.330
47.1,2.330
47.1,2.330
47.1,2.330
47.1,2.330
47.1,2.330
47.1,2.330
47.1,2.330
47.1,2.330
47.1,2.325
47.1,2.325
47.1,2.325
47.1,2.325
47.1,2.325
47.1,2.325
47.1,2.325
47.1,2.325
47.1,2.325
47.1,2.325
47.1,2.320
47.1,2.320
47.1,2.320
47.1,2.320
47.1,2.320
47.1,2.320
47.1,2.320
47.1,2.320
47.1,2.320
47.1,2.320
47.1,2.315
47.1,2.315
47.1,2.315
47.1,2.315
47.1,2.315
47.1,2.315
47.1,2.315
47.1,2.315
47.1,2.315
47.1,2.310
47.1,2.310
47.1,2.310
47.1,2.310
47.1,2.310
47.1,2.310
47.1,2.310
47.1,2.310
47.1,2.310
47.1,2.310
47.0,2.305
47.0,2.305
47.0,2.305
47.0,2.305
47.0,2.305
47.0,2.305
47.0,2.305
47.0,2.305
47.0,2.305
47.0,2.305
47.0,2.300
47.0,2.300
47.0,2.300
47.0,2.300
47.0,2.300
47.0,2.300
47.0,2.300
47.0,2.300
47.0,2.300
47.0,2.295
47.0,2.295
47.0,2.295
47.0,2.295
47.0,2.295
47.0,2.295
47.0,2.295
47.0,2.295
47.0,2.295
47.0,2.295
47.0,2.290
47.0,2.290
47.0,2.290
47.0,2.290
47.0,2.290
47.0,2.290
47.0,2.290
47.0,2.290
47.0,2.290
47.0,2.290
47.0,2.285
47.0,2.285
47.0,2.285
47.0,2.285
47.0,2.285
47.0,2.285
47.0,2.285
47.0,2.285
47.0,2.285
47.0,2.285
47.0,2.280
47.0,2.280
47.0,2.280
47.0,2.280
47.0,2.280
47.0,2.280
47.0,2.280
47.0,2.280
47.0,2.280
47.0,2.275
47.0,2.275
47.0,2.275
47.0,2.275
47.0,2.275
47.0,2.275
47.0,2.275
47.0,2.275
46.9,2.275
46.9,2.275
46.9,2.270
46.9,2.270
46.9,2.270
46.9,2.270
46.9,2.270
46.9,2.270
46.9,2.270
46.9,2.270
46.9,2.270
46.9,2.270
46.9,2.270
46.9,2.265
46.9,2.265
46.9,2.265
46.9,2.265
46.9,2.265
46.9,2.265
46.9,2.265
46.9,2.265
46.9,2.265
46.9,2.265
46.9,2.265
46.9,2.260
46.9,2.260
46.9,2.260
46.9,2.260
46.9,2.260
46.9,2.260
46.9,2.260
46.9,2.260
46.9,2.260
46.9,2.260
46.9,2.260
46.9,2.255
46.9,2.255
46.9,2.255
46.9,2.255
46.9,2.255
46.9,2.255
46.9,2.255
46.9,2.255
46.9,2.255
46.9,2.255
46.9,2.250
46.9,2.250
46.9,2.250
46.9,2.250
46.9,2.250
46.9,2.250
46.9,2.250
46.9,2.250
46.9,2.250
46.9,2.250
46.9,2.250
46.9,2.250
46.9,2.245
46.9,2.245
46.9,2.245
46.9,2.245
46.9,2.245
46.9,2.245
46.9,2.245
46.9,2.245
46.9,2.245
46.9,2.245
46.9,2.245
46.9,2.245
46.9,2.240
46.9,2.240
46.9,2.240
46.9,2.240
46.9,2.240
46.9,2.240
46.9,2.240
46.9,2.240
46.9,2.240
46.9,2.240
46.9,2.240
46.9,2.235
46.9,2.235
46.9,2.235
46.9,2.235
46.9,2.235
46.9,2.235
46.9,2.235
46.9,2.235
46.9,2.235
46.9,2.235
46.9,2.235
46.8,2.235
46.8,2.230
46.8,2.230
46.8,2.230
46.8,2.230
46.8,2.230
46.8,2.230
46.8,2.230
46.8,2.230
46.8,2.230
46.8,2.230
46.8,2.230
46.8,2.230
46.8,2.225
46.8,2.225
46.8,2.225
46.8,2.225
46.8,2.225
46.8,2.225
46.8,2.225
46.8,2.225
46.8,2.225
46.8,2.225
46.8,2.225
46.8,2.225
46.8,2.220
46.8,2.220
46.8,2.220
46.8,2.220
46.8,2.220
46.8,2.220
46.8,2.220
46.8,2.220
46.8,2.220
46.8,2.220
46.8,2.220
46.8,2.220
46.8,2.215
46.8,2.215
46.8,2.215
46.8,2.215
46.8,2.215
46.8,2.215
46.8,2.215
46.8,2.215
46.8,2.215
46.8,2.215
46.8,2.215
46.8,2.215
46.8,2.210
46.8,2.210
46.8,2.210
46.8,2.210
46.8,2.210
46.8,2.210
46.8,2.210
46.8,2.210
46.8,2.210
46.8,2.210
46.8,2.210
46.8,2.210
46.8,2.210
46.8,2.205
46.8,2.205
46.8,2.205
46.8,2.205
46.8,2.205
46.8,2.205
46.8,2.205
46.8,2.205
46.8,2.205
46.8,2.205
46.8,2.205
46.8,2.205
46.8,2.205
46.8,2.200
46.8,2.200
46.8,2.200
46.8,2.200
46.8,2.200
46.8,2.200
46.8,2.200
46.8,2.200
46.8,2.200
46.8,2.200
46.8,2.200
46.8,2.200
46.8,2.195
46.8,2.195
46.7,2.195
46.7,2.195
46.7,2.195
46.7,2.195
46.7,2.195
46.7,2.195
46.7,2.195
46.7,2.195
46.7,2.195
46.7,2.195
46.7,2.195
46.7,2.190
46.7,2.190
46.7,2.190
46.7,2.190
46.7,2.190
46.7,2.190
46.7,2.190
46.7,2.190
46.7,2.190
46.7,2.190
46.7,2.190
46.7,2.190
46.7,2.190
46.7,2.190
46.7,2.185
46.7,2.185
46.7,2.185
46.7,2.185
46.7,2.185
46.7,2.185
46.7,2.185
46.7,2.185
46.7,2.185
46.7,2.185
46.7,2.185
46.7,2.185
46.7,2.185
46.7,2.180
46.7,2.180
46.7,2.180
46.7,2.180
46.7,2.180
46.7,2.180
46.7,2.180
46.7,2.180
46.7,2.180
46.7,2.180
46.7,2.180
46.7,2.180
46.7,2.180
46.7,2.175
46.7,2.175
46.7,2.175
46.7,2.175
46.7,2.175
46.7,2.175
46.7,2.175
46.7,2.175
46.7,2.175
46.7,2.175
46.7,2.175
46.7,2.175
46.7,2.170
46.6,2.170
46.6,2.170
46.6,2.170
46.6,2.170
46.6,2.170
46.6,2.170
46.6,2.170
46.6,2.170
46.6,2.170
46.6,2.170
46.6,2.170
46.6,2.170
46.6,2.165
46.6,2.165
46.6,2.165
46.6,2.165
46.6,2.165
46.6,2.165
46.6,2.165
46.6,2.165
46.6,2.165
46.6,2.165
46.6,2.165
46.6,2.165
46.6,2.165
46.6,2.160
46.6,2.160
46.6,2.160
46.6,2.160
46.6,2.160
46.6,2.160
46.6,2.160
46.6,2.160
46.6,2.160
46.6,2.160
46.6,2.160
46.6,2.160
46.6,2.155
46.6,2.155
46.6,2.155
46.6,2.155
46.6,2.155
46.6,2.155
46.6,2.155
46.6,2.155
46.6,2.155
46.6,2.155
46.6,2.155
46.6,2.155
46.6,2.150
46.6,2.150
46.6,2.150
46.6,2.150
46.6,2.150
46.6,2.150
46.6,2.150
46.6,2.150
46.6,2.150
46.6,2.150
46.6,2.150
46.6,2.150
46.6,2.145
46.6,2.145
46.6,2.145
46.6,2.145
46.5,2.145
46.5,2.145
46.5,2.145
46.5,2.145
46.5,2.145
46.5,2.145
46.5,2.145
46.5,2.145
46.5,2.140
46.5,2.140
46.5,2.140
46.5,2.140
46.5,2.140
46.5,2.140
46.5,2.140
46.5,2.140
46.5,2.140
46.5,2.140
46.5,2.140
46.5,2.135
46.5,2.135
46.5,2.135
46.5,2.135
46.5,2.135
46.5,2.135
46.4,2.135
46.4,2.135
46.4,2.135
46.4,2.135
46.5,2.135
46.5,2.135
46.5,2.130
46.5,2.130
46.5,2.130
46.5,2.130
46.5,2.130
46.5,2.130
46.4,2.130
46.4,2.130
46.4,2.130
46.4,2.130
46.4,2.130
46.4,2.130
46.4,2.130
46.4,2.125
46.4,2.125
46.4,2.125
46.4,2.125
46.4,2.125
46.4,2.125
46.4,2.125
46.4,2.125
46.4,2.125
46.4,2.125
46.4,2.125
46.4,2.125
46.4,2.120
46.4,2.120
46.4,2.120
46.4,2.120
46.4,2.120
46.4,2.120
46.4,2.120
46.4,2.120
46.4,2.120
46.3,2.120
46.3,2.120
46.3,2.120
46.3,2.115
46.3,2.115
46.3,2.115
46.3,2.115
46.3,2.115
46.3,2.115
46.3,2.115
46.3,2.115
46.3,2.115
46.3,2.115
46.3,2.115
46.3,2.110
46.3,2.110
46.3,2.110
46.3,2.110
46.3,2.110
46.3,2.110
46.3,2.110
46.3,2.110
46.3,2.110
46.3,2.110
46.3,2.110
46.3,2.110
46.3,2.105
46.3,2.105
46.3,2.105
46.3,2.105
46.3,2.105
46.3,2.105
46.3,2.105
46.3,2.105
46.3,2.105
46.3,2.105
46.3,2.105
46.3,2.105
46.3,2.100
46.3,2.100
46.3,2.100
46.3,2.100
46.2,2.100
46.2,2.100
46.2,2.100
46.2,2.100
46.2,2.100
46.2,2.100
46.2,2.100
46.2,2.095
46.2,2.095
46.2,2.095
46.2,2.095
46.2,2.095
46.2,2.095
46.2,2.095
46.2,2.095
46.2,2.095
46.2,2.095
46.2,2.095
46.2,2.090
46.2,2.090
46.2,2.090
46.2,2.090
46.2,2.090
46.2,2.090
46.2,2.090
46.2,2.090
46.2,2.090
46.2,2.090
46.2,2.090
46.2,2.085
46.2,2.085
46.2,2.085
46.2,2.085
46.2,2.085
46.2,2.085
46.2,2.085
46.2,2.085
46.2,2.085
46.2,2.085
46.2,2.085
46.2,2.080
46.2,2.080
46.2,2.080
46.2,2.080
46.2,2.080
46.2,2.080
46.2,2.080
46.2,2.080
46.2,2.080
46.2,2.080
46.2,2.075
46.2,2.075
46.1,2.075
46.1,2.075
46.1,2.075
46.1,2.075
46.1,2.075
46.1,2.075
46.1,2.075
46.1,2.075
46.1,2.070
46.1,2.070
46.1,2.070
46.1,2.070
46.1,2.070
46.1,2.070
46.1,2.070
46.1,2.070
46.1,2.070
46.1,2.070
46.1,2.065
46.1,2.065
46.1,2.065
46.0,2.065
46.0,2.065
46.0,2.065
46.0,2.065
46.0,2.065
46.0,2.065
46.0,2.065
46.0,2.060
46.0,2.060
46.0,2.060
46.0,2.060
46.0,2.060
46.0,2.060
46.0,2.060
46.0,2.060
46.0,2.060
46.0,2.055
45.9,2.055
45.9,2.055
45.9,2.055
45.9,2.055
45.9,2.055
45.9,2.055
45.9,2.055
45.9,2.055
45.9,2.055
45.9,2.050
45.9,2.050
45.9,2.050
45.9,2.050
45.9,2.050
45.9,2.050
45.9,2.050
45.9,2.050
45.9,2.050
45.9,2.050
45.9,2.050
45.9,2.045
45.9,2.045
45.9,2.045
45.9,2.045
45.9,2.045
45.9,2.045
45.9,2.045
45.9,2.045
45.9,2.045
45.9,2.045
45.9,2.040
45.9,2.040
45.9,2.040
45.9,2.040
45.9,2.040
45.9,2.040
45.9,2.040
45.9,2.040
45.9,2.040
45.9,2.040
45.9,2.035
45.9,2.035
45.9,2.035
45.9,2.035
45.9,2.035
45.9,2.035
45.9,2.035
45.9,2.035
45.9,2.035
45.9,2.035
45.9,2.035
45.9,2.030
45.9,2.030
45.9,2.030
45.9,2.030
45.9,2.030
45.9,2.030
45.9,2.030
45.9,2.030
45.9,2.030
45.9,2.030
45.9,2.030
45.9,2.025
45.9,2.025
45.9,2.025
45.9,2.025
45.9,2.025
45.8,2.025
45.8,2.025
45.8,2.025
45.8,2.025
45.8,2.025
45.8,2.020
45.8,2.020
45.8,2.020
45.8,2.020
45.8,2.020
45.8,2.020
45.8,2.020
45.8,2.020
45.8,2.020
45.8,2.020
45.8,2.020
45.8,2.015
45.8,2.015
45.8,2.015
45.8,2.015
45.8,2.015
45.8,2.015
45.8,2.015
45.8,2.015
45.8,2.015
45.8,2.015
45.8,2.010
45.8,2.010
45.8,2.010
45.8,2.010
45.8,2.010
45.8,2.010
45.8,2.010
45.8,2.010
45.8,2.010
45.7,2.010
45.7,2.010
45.7,2.005
45.7,2.005
45.7,2.005
45.7,2.005
45.7,2.005
45.7,2.005
45.7,2.005
45.7,2.005
45.7,2.005
45.7,2.005
45.7,2.005
45.7,2.000
45.7,2.000
45.7,2.000
45.7,2.000
45.7,2.000
45.7,2.000
45.7,2.000
45.7,2.000
45.6,2.000
45.6,2.000
45.6,1.995
45.6,1.995
45.6,1.995
45.6,1.995
45.6,1.995
45.6,1.995
45.6,1.995
45.6,1.995
45.6,1.995
45.6,1.995
45.5,1.990
45.5,1.990
45.5,1.990
45.5,1.990
45.5,1.990
45.5,1.990
45.5,1.990
45.5,1.990
45.5,1.990
45.5,1.990
45.5,1.985
45.5,1.985
45.5,1.985
45.5,1.985
45.5,1.985
45.5,1.985
45.5,1.985
45.5,1.985
45.4,1.985
45.4,1.985
45.4,1.985
45.4,1.980
45.4,1.980
45.4,1.980
45.4,1.980
45.3,1.980
45.3,1.980
45.3,1.980
45.3,1.980
45.3,1.980
45.3,1.975
45.3,1.975
45.3,1.975
45.3,1.975
45.3,1.975
45.3,1.975
45.3,1.975
45.3,1.975
45.3,1.975
45.3,1.975
45.3,1.975
45.3,1.970
45.3,1.970
45.3,1.970
45.3,1.970
45.3,1.970
45.3,1.970
45.3,1.970
45.2,1.970
45.2,1.970
45.2,1.970
45.2,1.970
45.2,1.965
45.2,1.965
45.2,1.965
45.2,1.965
45.2,1.965
45.2,1.965
45.2,1.965
45.2,1.965
45.2,1.965
45.2,1.965
45.1,1.960
45.1,1.960
45.1,1.960
45.1,1.960
45.1,1.960
45.1,1.960
45.1,1.960
45.1,1.960
45.1,1.960
45.1,1.960
45.1,1.955
45.1,1.955
45.1,1.955
45.1,1.955
45.1,1.955
45.1,1.955
45.1,1.955
45.1,1.955
45.1,1.955
45.1,1.955
45.1,1.955
45.1,1.950
45.1,1.950
45.0,1.950
44.9,1.950
44.9,1.950
45.0,1.950
45.0,1.950
45.0,1.950
44.9,1.950
44.9,1.950
44.9,1.950
44.9,1.945
45.0,1.945
45.0,1.945
45.0,1.945
45.0,1.945
45.0,1.945
45.0,1.945
45.0,1.945
45.0,1.945
45.0,1.945
45.0,1.940
45.0,1.940
45.0,1.940
45.0,1.940
44.8,1.940
44.8,1.940
44.8,1.940
44.8,1.940
44.8,1.940
44.8,1.940
44.8,1.940
44.8,1.935
44.8,1.935
44.8,1.935
44.8,1.935
44.8,1.935
44.8,1.935
44.8,1.935
44.8,1.935
44.8,1.935
44.8,1.930
44.8,1.930
44.8,1.930
44.8,1.930
44.8,1.930
44.8,1.930
44.8,1.930
44.8,1.930
44.8,1.930
44.8,1.930
44.8,1.925
44.8,1.925
44.8,1.925
44.8,1.925
44.7,1.925
44.7,1.925
44.7,1.925
44.7,1.925
44.7,1.925
44.7,1.925
44.7,1.920
44.7,1.920
44.7,1.920
44.7,1.920
44.7,1.920
44.7,1.920
44.7,1.920
44.6,1.920
44.6,1.920
44.6,1.915
44.6,1.915
44.6,1.915
44.6,1.915
44.6,1.915
44.6,1.915
44.6,1.915
44.6,1.915
44.6,1.915
44.6,1.910
44.6,1.910
44.5,1.910
44.5,1.910
44.5,1.910
44.5,1.910
44.5,1.910
44.4,1.910
44.4,1.910
44.4,1.905
44.4,1.905
44.4,1.905
44.4,1.905
44.4,1.905
44.4,1.905
44.4,1.905
44.4,1.905
44.4,1.905
44.4,1.900
44.4,1.900
44.4,1.900
44.3,1.900
44.3,1.900
44.3,1.900
44.3,1.900
44.3,1.900
44.3,1.895
44.3,1.895
44.3,1.895
44.3,1.895
44.3,1.895
44.3,1.895
44.3,1.895
44.3,1.895
44.2,1.895
44.2,1.890
44.2,1.890
44.2,1.890
44.2,1.890
44.2,1.890
44.2,1.890
44.2,1.890
44.2,1.890
44.2,1.885
44.2,1.885
44.2,1.885
44.2,1.885
44.2,1.885
44.2,1.885
44.2,1.885
44.2,1.885
44.2,1.885
44.2,1.880
44.2,1.880
44.2,1.880
44.2,1.880
44.2,1.880
44.1,1.880
44.1,1.880
44.1,1.880
44.1,1.880
44.1,1.875
44.0,1.875
44.0,1.875
44.0,1.875
44.0,1.875
44.0,1.875
44.0,1.875
44.0,1.875
44.0,1.875
44.0,1.870
44.0,1.870
44.0,1.870
44.0,1.870
44.0,1.870
44.0,1.870
44.0,1.870
43.9,1.870
43.9,1.870
43.9,1.865
43.9,1.865
43.9,1.865
43.9,1.865
43.9,1.865
43.9,1.865
43.9,1.865
43.9,1.865
43.9,1.865
43.9,1.865
43.9,1.860
43.9,1.860
43.9,1.860
43.9,1.860
43.9,1.860
43.9,1.860
43.9,1.860
43.9,1.860
43.9,1.860
43.8,1.855
43.7,1.855
43.7,1.855
43.7,1.855
43.6,1.855
43.6,1.855
43.6,1.855
43.6,1.855
43.6,1.855
43.6,1.850
43.6,1.850
43.6,1.850
43.6,1.850
43.7,1.850
43.7,1.850
43.7,1.850
43.7,1.850
43.7,1.850
43.7,1.845
43.7,1.845
43.7,1.845
43.7,1.845
43.7,1.845
43.6,1.845
43.6,1.845
43.6,1.845
43.6,1.845
43.6,1.845
43.6,1.840
43.6,1.840
43.6,1.840
43.6,1.840
43.6,1.840
43.6,1.840
43.6,1.840
43.6,1.840
43.6,1.840
43.6,1.835
43.6,1.835
43.6,1.835
43.5,1.835
43.5,1.835
43.5,1.835
43.5,1.835
43.5,1.835
43.5,1.830
43.5,1.830
43.5,1.830
43.5,1.830
43.4,1.830
43.4,1.830
43.4,1.830
43.4,1.830
43.4,1.830
43.4,1.830
43.4,1.825
43.4,1.825
43.4,1.825
43.4,1.825
43.4,1.825
43.4,1.825
43.3,1.825
43.3,1.825
43.3,1.825
43.3,1.820
43.3,1.820
43.3,1.820
43.3,1.820
43.3,1.820
43.3,1.820
43.3,1.820
43.3,1.820
43.3,1.820
43.3,1.815
43.3,1.815
43.3,1.815
43.3,1.815
43.3,1.815
43.2,1.815
43.2,1.815
43.2,1.815
43.2,1.815
43.2,1.810
43.2,1.810
43.1,1.810
43.1,1.810
43.1,1.810
43.1,1.810
43.1,1.810
43.1,1.810
43.1,1.810
43.1,1.810
43.1,1.805
43.1,1.805
43.1,1.805
43.1,1.805
43.1,1.805
43.1,1.805
43.1,1.805
43.1,1.805
43.0,1.805
43.0,1.805
43.0,1.800
43.0,1.800
43.0,1.800
43.0,1.800
43.0,1.800
43.0,1.800
43.0,1.800
43.0,1.800
43.0,1.800
43.0,1.795
43.0,1.795
43.0,1.795
43.0,1.795
43.0,1.795
43.0,1.795
42.9,1.795
42.9,1.795
42.9,1.795
42.9,1.795
42.9,1.790
42.9,1.790
42.9,1.790
42.9,1.790
42.9,1.790
42.9,1.790
42.9,1.790
42.9,1.790
42.9,1.790
42.9,1.785
42.9,1.785
42.9,1.785
42.9,1.785
42.8,1.785
42.8,1.785
42.8,1.785
42.8,1.785
42.8,1.785
42.7,1.780
42.7,1.780
42.7,1.780
42.7,1.780
42.7,1.780
42.7,1.780
42.7,1.780
42.7,1.780
42.7,1.780
42.7,1.775
42.7,1.775
42.7,1.775
42.7,1.775
42.7,1.775
42.7,1.775
42.7,1.775
42.7,1.775
42.7,1.770
42.7,1.770
42.6,1.770
42.6,1.770
42.6,1.770
42.6,1.770
42.6,1.770
42.6,1.770
42.6,1.765
42.6,1.765
42.5,1.765
42.5,1.765
42.5,1.765
42.5,1.765
42.5,1.765
42.5,1.765
42.5,1.760
42.5,1.760
42.5,1.760
42.5,1.760
42.5,1.760
42.5,1.760
42.4,1.760
42.4,1.755
42.4,1.755
42.4,1.755
42.4,1.755
42.4,1.755
42.4,1.755
42.4,1.755
42.3,1.750
42.3,1.750
42.3,1.750
42.2,1.750
42.2,1.750
42.2,1.750
42.2,1.750
42.2,1.745
42.2,1.745
42.2,1.745
42.2,1.745
42.2,1.745
42.2,1.745
42.2,1.745
42.2,1.740
42.2,1.740
42.2,1.740
42.2,1.740
42.2,1.740
42.2,1.740
42.2,1.735
42.2,1.735
42.2,1.735
42.2,1.735
42.2,1.735
42.2,1.735
42.2,1.735
42.2,1.730
42.2,1.730
42.2,1.730
42.2,1.730
42.2,1.730
42.2,1.730
42.2,1.730
42.2,1.725
42.1,1.725
42.1,1.725
42.1,1.725
42.1,1.725
42.0,1.725
42.0,1.725
42.0,1.720
42.0,1.720
41.9,1.720
41.9,1.720
41.9,1.720
41.9,1.720
41.9,1.720
41.9,1.715
41.9,1.715
41.9,1.715
41.9,1.715
41.9,1.715
41.8,1.715
41.8,1.715
41.8,1.715
41.8,1.710
41.8,1.710
41.8,1.710
41.8,1.710
41.8,1.710
41.7,1.710
41.7,1.710
41.7,1.710
41.7,1.705
41.7,1.705
41.7,1.705
41.7,1.705
41.7,1.705
41.7,1.705
41.7,1.705
41.7,1.700
41.7,1.700
41.7,1.700
41.7,1.700
41.7,1.700
41.7,1.700
41.7,1.700
41.7,1.700
41.7,1.695
41.7,1.695
41.7,1.695
41.6,1.695
41.6,1.695
41.6,1.695
41.5,1.695
41.5,1.695
41.5,1.690
41.5,1.690
41.5,1.690
41.4,1.690
41.4,1.690
41.5,1.690
41.5,1.690
41.4,1.690
41.4,1.685
41.4,1.685
41.4,1.685
41.4,1.685
41.4,1.685
41.3,1.685
41.3,1.685
41.3,1.685
41.3,1.680
41.3,1.680
41.3,1.680
41.3,1.680
41.3,1.680
41.3,1.680
41.3,1.680
41.3,1.675
41.3,1.675
41.3,1.675
41.2,1.675
41.2,1.675
41.2,1.675
41.2,1.675
41.2,1.675
41.2,1.670
41.2,1.670
41.2,1.670
41.2,1.670
41.2,1.670
41.2,1.670
41.2,1.670
41.1,1.670
41.1,1.665
41.1,1.665
41.1,1.665
41.1,1.665
41.1,1.665
41.0,1.665
41.0,1.665
41.0,1.665
41.0,1.660
40.9,1.660
40.9,1.660
40.9,1.660
40.9,1.660
40.9,1.660
40.9,1.660
40.9,1.655
40.9,1.655
40.9,1.655
40.9,1.655
40.8,1.655
40.8,1.655
40.8,1.655
40.8,1.655
40.8,1.650
40.8,1.650
40.8,1.650
40.8,1.650
40.7,1.650
40.7,1.650
40.7,1.650
40.7,1.650
40.7,1.645
40.7,1.645
40.7,1.645
40.7,1.645
40.7,1.645
40.7,1.645
40.7,1.645
40.7,1.645
40.7,1.640
40.7,1.640
40.7,1.640
40.7,1.640
40.7,1.640
40.6,1.640
40.6,1.640
40.6,1.635
40.6,1.635
40.5,1.635
40.5,1.635
40.5,1.635
40.5,1.635
40.5,1.635
40.5,1.635
40.5,1.630
40.5,1.630
40.5,1.630
40.5,1.630
40.5,1.630
40.5,1.630
40.5,1.630
40.5,1.630
40.5,1.625
40.4,1.625
40.4,1.625
40.4,1.625
40.4,1.625
40.4,1.625
40.4,1.625
40.4,1.625
40.4,1.620
40.4,1.620
40.3,1.620
40.3,1.620
40.3,1.620
40.3,1.620
40.3,1.620
40.3,1.620
40.3,1.615
40.3,1.615
40.3,1.615
40.3,1.615
40.3,1.615
40.3,1.615
40.3,1.615
40.2,1.615
40.2,1.610
40.2,1.610
40.2,1.610
40.2,1.610
40.2,1.610
40.2,1.610
40.2,1.610
40.2,1.610
40.2,1.605
40.2,1.605
40.2,1.605
40.2,1.605
40.2,1.605
40.1,1.605
40.1,1.605
40.1,1.600
40.1,1.600
40.1,1.600
40.1,1.600
40.1,1.600
40.1,1.600
40.1,1.600
40.1,1.600
40.1,1.595
40.1,1.595
40.0,1.595
39.9,1.595
39.9,1.595
39.9,1.595
39.8,1.595
39.8,1.590
39.8,1.590
39.8,1.590
39.8,1.590
39.8,1.590
39.8,1.590
39.8,1.590
39.8,1.590
39.8,1.585
39.8,1.585
39.8,1.585
39.8,1.585
39.8,1.585
39.8,1.585
39.8,1.585
39.8,1.580
39.8,1.580
39.8,1.580
39.7,1.580
39.7,1.580
39.7,1.580
39.7,1.580
39.7,1.575
39.6,1.575
39.6,1.575
39.6,1.575
39.6,1.575
39.6,1.575
39.6,1.575
39.6,1.575
39.5,1.570
39.5,1.570
39.5,1.570
39.5,1.570
39.5,1.570
39.5,1.570
39.5,1.570
39.4,1.570
39.4,1.565
39.4,1.565
39.4,1.565
39.4,1.565
39.4,1.565
39.4,1.565
39.4,1.565
39.4,1.565
39.4,1.560
39.4,1.560
39.4,1.560
39.4,1.560
39.4,1.560
39.4,1.560
39.4,1.560
39.4,1.560
39.4,1.555
39.4,1.555
39.4,1.555
39.4,1.555
39.4,1.555
39.4,1.555
39.4,1.555
39.4,1.555
39.4,1.550
39.4,1.550
39.4,1.550
39.4,1.550
39.4,1.550
39.4,1.550
39.4,1.550
39.4,1.550
39.3,1.545
39.3,1.545
39.3,1.545
39.3,1.545
39.3,1.545
39.3,1.545
39.3,1.545
39.2,1.545
39.2,1.540
39.2,1.540
39.2,1.540
39.2,1.540
39.2,1.540
39.2,1.540
39.2,1.540
39.2,1.540
39.2,1.535
39.2,1.535
39.2,1.535
39.2,1.535
39.2,1.535
39.1,1.535
39.1,1.535
39.1,1.535
39.1,1.530
39.1,1.530
39.1,1.530
39.1,1.530
39.0,1.530
39.0,1.530
39.0,1.530
39.0,1.530
39.0,1.525
39.0,1.525
39.0,1.525
39.0,1.525
39.0,1.525
39.0,1.525
38.9,1.525
38.9,1.525
38.8,1.520
38.8,1.520
38.8,1.520
38.8,1.520
38.8,1.520
38.8,1.520
38.8,1.520
38.8,1.520
38.8,1.515
38.8,1.515
38.8,1.515
38.8,1.515
38.8,1.515
38.8,1.515
38.8,1.515
38.8,1.515
38.8,1.510
38.8,1.510
38.8,1.510
38.8,1.510
38.8,1.510
38.8,1.510
38.8,1.510
38.8,1.510
38.8,1.505
38.8,1.505
38.7,1.505
38.7,1.505
38.7,1.505
38.7,1.505
38.7,1.505
38.7,1.505
38.6,1.500
38.6,1.500
38.6,1.500
38.6,1.500
38.6,1.500
38.6,1.500
38.6,1.500
38.6,1.500
38.5,1.495
38.5,1.495
38.5,1.495
38.5,1.495
38.5,1.495
38.5,1.495
38.5,1.495
38.5,1.495
38.5,1.495
38.5,1.490
38.5,1.490
38.4,1.490
38.4,1.490
38.4,1.490
38.4,1.490
38.4,1.490
38.4,1.490
38.4,1.485
38.4,1.485
38.4,1.485
38.4,1.485
38.4,1.485
38.4,1.485
38.4,1.485
38.4,1.485
38.4,1.485
38.4,1.480
38.4,1.480
38.4,1.480
38.3,1.480
38.3,1.480
38.3,1.480
38.3,1.480
38.3,1.480
38.3,1.480
38.3,1.475
38.3,1.475
38.3,1.475
38.3,1.475
38.3,1.475
38.3,1.475
38.3,1.475
38.3,1.475
38.3,1.475
38.3,1.470
38.3,1.470
38.3,1.470
38.3,1.470
38.3,1.470
38.3,1.470
38.3,1.470
38.3,1.470
38.3,1.470
38.2,1.470
38.2,1.465
38.2,1.465
38.2,1.465
38.2,1.465
38.2,1.465
38.2,1.465
38.2,1.465
38.2,1.465
38.2,1.465
38.2,1.460
38.2,1.460
38.2,1.460
38.2,1.460
38.2,1.460
38.2,1.460
38.2,1.460
38.1,1.460
38.1,1.460
38.1,1.460
38.1,1.455
38.1,1.455
38.1,1.455
38.1,1.455
38.0,1.455
38.0,1.455
38.0,1.455
38.0,1.455
38.0,1.455
38.0,1.455
38.0,1.450
38.0,1.450
38.0,1.450
38.0,1.450
38.0,1.450
38.0,1.450
38.0,1.450
38.0,1.450
38.0,1.450
38.0,1.450
38.0,1.445
38.0,1.445
38.1,1.445
38.1,1.445
38.1,1.445
38.1,1.445
38.1,1.445
38.1,1.445
38.1,1.445
38.1,1.445
38.1,1.440
38.1,1.440
38.1,1.440
38.1,1.440
38.1,1.440
38.1,1.440
38.1,1.440
38.1,1.440
38.1,1.440
38.1,1.440
38.1,1.435
38.1,1.435
38.1,1.435
38.1,1.435
38.1,1.435
38.1,1.435
38.1,1.435
38.1,1.435
38.1,1.435
38.1,1.435
38.1,1.430
38.1,1.430
38.1,1.430
38.1,1.430
38.1,1.430
38.1,1.430
38.1,1.430
38.1,1.430
38.1,1.430
38.0,1.430
38.0,1.425
38.0,1.425
38.0,1.425
38.0,1.425
38.0,1.425
38.0,1.425
38.0,1.425
38.0,1.425
38.0,1.425
38.0,1.425
38.0,1.420
37.9,1.420
37.9,1.420
37.9,1.420
37.9,1.420
37.9,1.420
37.9,1.420
37.9,1.420
37.9,1.420
37.9,1.420
37.9,1.415
37.9,1.415
37.9,1.415
37.9,1.415
37.9,1.415
37.9,1.415
38.0,1.415
38.0,1.415
38.0,1.415
38.0,1.415
38.0,1.415
38.0,1.410
38.0,1.410
38.0,1.410
38.0,1.410
38.0,1.410
38.0,1.410
38.0,1.410
38.0,1.410
38.0,1.410
38.0,1.410
38.0,1.410
38.0,1.405
38.0,1.405
38.0,1.405
38.0,1.405
38.0,1.405
38.0,1.405
38.0,1.405
38.0,1.405
37.9,1.405
37.8,1.405
37.8,1.405
37.8,1.400
37.8,1.400
37.8,1.400
37.8,1.400
37.8,1.400
37.8,1.400
37.8,1.400
37.8,1.400
37.8,1.400
37.8,1.400
37.8,1.400
37.8,1.400
37.8,1.395
37.8,1.395
37.8,1.395
37.8,1.395
37.8,1.395
37.8,1.395
37.8,1.395
37.8,1.395
37.8,1.395
37.8,1.395
37.8,1.395
37.8,1.395
37.8,1.390
37.8,1.390
37.8,1.390
37.8,1.390
37.8,1.390
37.8,1.390
37.8,1.390
37.8,1.390
37.8,1.390
37.8,1.390
37.8,1.390
37.8,1.390
37.8,1.390
37.8,1.385
37.8,1.385
37.8,1.385
37.8,1.385
37.8,1.385
37.8,1.385
37.8,1.385
37.8,1.385
37.8,1.385
37.8,1.385
37.8,1.385
37.8,1.385
37.8,1.385
37.8,1.380
37.8,1.380
37.8,1.380
37.8,1.380
37.8,1.380
37.8,1.380
37.8,1.380
37.8,1.380
37.8,1.380
37.8,1.380
37.8,1.380
37.8,1.380
37.8,1.380
37.8,1.380
37.8,1.375
37.8,1.375
37.8,1.375
37.8,1.375
37.8,1.375
37.8,1.375
37.8,1.375
37.8,1.375
37.8,1.375
37.8,1.375
37.8,1.375
37.8,1.375
37.8,1.375
37.8,1.375
37.8,1.370
37.8,1.370
37.8,1.370
37.8,1.370
37.8,1.370
37.8,1.370
37.8,1.370
37.8,1.370
37.8,1.370
37.8,1.370
37.8,1.370
37.7,1.370
37.7,1.370
37.7,1.370
37.7,1.365
37.7,1.365
37.7,1.365
37.7,1.365
37.7,1.365
37.7,1.365
37.7,1.365
37.7,1.365
37.7,1.365
37.7,1.365
37.7,1.365
37.7,1.365
37.7,1.365
37.7,1.360
37.7,1.360
37.7,1.360
37.7,1.360
37.7,1.360
37.7,1.360
37.7,1.360
37.6,1.360
37.6,1.360
37.6,1.360
37.6,1.360
37.6,1.360
37.6,1.360
37.6,1.360
37.6,1.355
37.6,1.355
37.6,1.355
37.6,1.355
37.6,1.355
37.6,1.355
37.6,1.355
37.6,1.355
37.6,1.355
37.6,1.355
37.6,1.355
37.6,1.355
37.6,1.355
37.6,1.350
37.6,1.350
37.6,1.350
37.6,1.350
37.6,1.350
37.6,1.350
37.6,1.350
37.6,1.350
37.6,1.350
37.6,1.350
37.6,1.350
37.6,1.350
37.6,1.350
37.6,1.345
37.6,1.345
37.6,1.345
37.6,1.345
37.6,1.345
37.5,1.345
37.5,1.345
37.5,1.345
37.5,1.345
37.5,1.345
37.5,1.345
37.5,1.345
37.5,1.345
37.5,1.345
37.5,1.340
37.5,1.340
37.5,1.340
37.6,1.340
37.6,1.340
37.6,1.340
37.6,1.340
37.6,1.340
37.6,1.340
37.6,1.340
37.6,1.340
37.6,1.340
37.6,1.335
37.6,1.335
37.6,1.335
37.6,1.335
37.6,1.335
37.6,1.335
37.5,1.335
37.5,1.335
37.5,1.335
37.5,1.335
37.5,1.335
37.5,1.335
37.5,1.335
37.5,1.335
37.5,1.330
37.4,1.330
37.4,1.330
37.4,1.330
37.4,1.330
37.4,1.330
37.4,1.330
37.5,1.330
37.5,1.330
37.5,1.330
37.5,1.330
37.5,1.330
37.5,1.330
37.5,1.330
37.5,1.325
37.5,1.325
37.5,1.325
37.5,1.325
37.4,1.325
37.4,1.325
37.4,1.325
37.4,1.325
37.4,1.325
37.4,1.325
37.4,1.325
37.4,1.325
37.4,1.325
37.4,1.325
37.4,1.320
37.4,1.320
37.4,1.320
37.4,1.320
37.4,1.320
37.4,1.320
37.3,1.320
37.3,1.320
37.3,1.320
37.3,1.320
37.3,1.320
37.3,1.320
37.3,1.320
37.3,1.320
37.3,1.315
37.3,1.315
37.3,1.315
37.3,1.315
37.3,1.315
37.3,1.315
37.3,1.315
37.3,1.315
37.3,1.315
37.3,1.315
37.3,1.315
37.3,1.315
37.3,1.315
37.3,1.315
37.3,1.315
37.3,1.310
37.3,1.310
37.3,1.310
37.3,1.310
37.3,1.310
37.3,1.310
37.3,1.310
37.3,1.310
37.2,1.310
37.2,1.310
37.2,1.310
37.2,1.310
37.2,1.310
37.2,1.310
37.2,1.305
37.2,1.305
37.2,1.305
37.2,1.305
37.2,1.305
37.1,1.305
37.1,1.305
37.1,1.305
37.1,1.305
37.1,1.305
37.1,1.305
37.1,1.305
37.1,1.305
37.1,1.305
37.1,1.300
37.1,1.300
37.1,1.300
37.1,1.300
37.1,1.300
37.1,1.300
37.1,1.300
37.1,1.300
37.1,1.300
37.1,1.300
37.1,1.300
37.1,1.300
37.1,1.300
37.1,1.300
37.1,1.295
37.1,1.295
37.1,1.295
37.1,1.295
37.1,1.295
37.1,1.295
37.1,1.295
37.1,1.295
37.1,1.295
37.1,1.295
37.1,1.295
37.1,1.295
37.1,1.295
37.1,1.290
37.1,1.290
37.2,1.290
37.2,1.290
37.2,1.290
37.2,1.290
37.2,1.290
37.2,1.290
37.2,1.290
37.2,1.290
37.2,1.290
37.2,1.290
37.2,1.290
37.2,1.285
37.2,1.285
37.2,1.285
37.2,1.285
37.2,1.285
37.2,1.285
37.2,1.285
37.2,1.285
37.2,1.285
37.2,1.285
37.2,1.285
37.2,1.285
37.2,1.285
37.2,1.285
37.2,1.280
37.2,1.280
37.2,1.280
37.1,1.280
37.1,1.280
37.1,1.280
37.1,1.280
37.1,1.280
37.1,1.280
37.1,1.280
37.1,1.280
37.1,1.280
37.1,1.280
37.1,1.275
37.1,1.275
37.1,1.275
37.1,1.275
37.1,1.275
37.1,1.275
37.1,1.275
37.1,1.275
37.1,1.275
37.1,1.275
37.1,1.275
37.1,1.275
37.1,1.270
37.1,1.270
37.1,1.270
37.1,1.270
37.1,1.270
37.1,1.270
37.1,1.270
37.0,1.270
37.0,1.270
37.0,1.270
37.0,1.270
37.0,1.270
37.0,1.270
37.0,1.265
37.0,1.265
37.0,1.265
37.0,1.265
37.0,1.265
37.0,1.265
37.0,1.265
37.0,1.265
37.0,1.265
36.9,1.265
36.9,1.265
36.9,1.265
36.9,1.265
36.9,1.260
36.9,1.260
36.9,1.260
36.9,1.260
36.9,1.260
36.9,1.260
36.8,1.260
36.8,1.260
36.8,1.260
36.8,1.260
36.8,1.260
36.8,1.255
36.8,1.255
36.8,1.255
36.8,1.255
36.8,1.255
36.7,1.255
36.7,1.255
36.7,1.255
36.7,1.255
36.7,1.255
36.7,1.255
36.7,1.255
36.7,1.250
36.7,1.250
36.6,1.250
36.6,1.250
36.6,1.250
36.6,1.250
36.6,1.250
36.6,1.250
36.6,1.250
36.6,1.250
36.6,1.250
36.6,1.250
36.6,1.250
36.6,1.245
36.6,1.245
36.6,1.245
36.6,1.245
36.6,1.245
36.6,1.245
36.6,1.245
36.6,1.245
36.6,1.245
36.6,1.245
36.6,1.245
36.6,1.245
36.6,1.240
36.6,1.240
36.6,1.240
36.6,1.240
36.6,1.240
36.6,1.240
36.6,1.240
36.6,1.240
36.6,1.240
36.6,1.240
36.6,1.240
36.6,1.235
36.6,1.235
36.6,1.235
36.6,1.235
36.6,1.235
36.6,1.235
36.6,1.235
36.6,1.235
36.6,1.235
36.6,1.235
36.6,1.235
36.5,1.235
36.5,1.230
36.5,1.230
36.5,1.230
36.5,1.230
36.5,1.230
36.5,1.230
36.5,1.230
36.5,1.230
36.5,1.230
36.5,1.230
36.5,1.230
36.5,1.230
36.5,1.225
36.5,1.225
36.5,1.225
36.5,1.225
36.5,1.225
36.6,1.225
36.6,1.225
36.6,1.225
36.6,1.225
36.6,1.225
36.6,1.225
36.6,1.220
36.6,1.220
36.6,1.220
36.6,1.220
36.6,1.220
36.6,1.220
36.6,1.220
36.6,1.220
36.6,1.220
36.6,1.220
36.6,1.220
36.6,1.220
36.5,1.215
36.5,1.215
36.5,1.215
36.5,1.215
36.5,1.215
36.5,1.215
36.5,1.215
36.5,1.215
36.5,1.215
36.5,1.215
36.5,1.215
36.5,1.215
36.5,1.210
36.5,1.210
36.5,1.210
36.5,1.210
36.5,1.210
36.5,1.210
36.5,1.210
36.5,1.210
36.5,1.210
36.5,1.210
36.5,1.210
36.5,1.210
36.5,1.210
36.4,1.205
36.4,1.205
36.4,1.205
36.4,1.205
36.4,1.205
36.4,1.205
36.4,1.205
36.4,1.205
36.4,1.205
36.4,1.205
36.4,1.205
36.4,1.205
36.4,1.200
36.4,1.200
36.4,1.200
36.4,1.200
36.4,1.200
36.4,1.200
36.4,1.200
36.4,1.200
36.4,1.200
36.4,1.200
36.4,1.200
36.4,1.200
36.4,1.200
36.4,1.195
36.4,1.195
36.4,1.195
36.4,1.195
36.4,1.195
36.4,1.195
36.4,1.195
36.4,1.195
36.4,1.195
36.4,1.195
36.4,1.195
36.4,1.195
36.4,1.190
36.4,1.190
36.5,1.190
36.5,1.190
36.5,1.190
36.5,1.190
36.5,1.190
36.5,1.190
36.5,1.190
36.5,1.190
36.5,1.190
36.5,1.190
36.5,1.190
36.5,1.190
36.5,1.185
36.5,1.185
36.5,1.185
36.5,1.185
36.4,1.185
36.4,1.185
36.4,1.185
36.4,1.185
36.4,1.185
36.4,1.185
36.4,1.185
36.4,1.185
36.4,1.185
36.4,1.180
36.4,1.180
36.4,1.180
36.4,1.180
36.4,1.180
36.4,1.180
36.3,1.180
36.3,1.180
36.3,1.180
36.3,1.180
36.3,1.180
36.3,1.175
36.3,1.175
36.3,1.175
36.3,1.175
36.3,1.175
36.3,1.175
36.3,1.175
36.3,1.175
36.3,1.175
36.3,1.175
36.3,1.175
36.3,1.175
36.3,1.175
36.2,1.170
36.2,1.170
36.2,1.170
36.2,1.170
36.2,1.170
36.2,1.170
36.2,1.170
36.1,1.170
36.1,1.170
36.1,1.170
36.1,1.170
36.1,1.170
36.1,1.170
36.1,1.165
36.1,1.165
36.1,1.165
36.1,1.165
36.1,1.165
36.1,1.165
36.1,1.165
36.1,1.165
36.1,1.165
36.1,1.165
36.1,1.165
36.1,1.165
36.1,1.165
36.1,1.160
36.1,1.160
36.1,1.160
36.1,1.160
36.1,1.160
36.1,1.160
36.1,1.160
36.1,1.160
36.1,1.160
36.1,1.160
36.1,1.160
36.1,1.160
36.1,1.155
36.1,1.155
36.1,1.155
36.0,1.155
36.0,1.155
36.0,1.155
36.0,1.155
36.0,1.155
36.0,1.155
36.0,1.155
36.1,1.155
36.1,1.155
36.1,1.150
36.1,1.150
36.1,1.150
36.1,1.150
36.1,1.150
36.1,1.150
36.1,1.150
36.1,1.150
36.1,1.150
36.1,1.150
36.1,1.150
36.1,1.150
36.1,1.150
36.1,1.145
36.1,1.145
36.1,1.145
36.1,1.145
36.1,1.145
36.1,1.145
36.1,1.145
36.1,1.145
36.1,1.145
36.1,1.145
36.1,1.145
36.1,1.145
36.1,1.145
36.1,1.140
36.1,1.140
36.1,1.140
36.1,1.140
36.1,1.140
36.0,1.140
36.0,1.140
36.0,1.140
36.0,1.140
36.0,1.140
36.0,1.140
36.0,1.140
36.0,1.140
36.0,1.135
36.0,1.135
36.0,1.135
36.0,1.135
36.0,1.135
36.0,1.135
35.9,1.135
35.9,1.135
35.9,1.135
35.9,1.135
35.9,1.135
35.9,1.135
35.9,1.130
35.9,1.130
35.9,1.130
35.9,1.130
36.0,1.130
36.0,1.130
36.0,1.130
36.0,1.130
36.0,1.130
36.0,1.130
36.0,1.130
36.0,1.130
36.0,1.130
36.0,1.125
36.0,1.125
36.1,1.125
36.1,1.125
36.1,1.125
36.1,1.125
36.1,1.125
36.1,1.125
36.1,1.125
36.1,1.125
36.1,1.125
36.1,1.125
36.1,1.125
36.1,1.120
36.1,1.120
36.1,1.120
36.1,1.120
36.1,1.120
36.1,1.120
36.1,1.120
36.1,1.120
36.1,1.120
36.1,1.120
36.1,1.120
36.1,1.120
36.1,1.120
36.1,1.115
36.1,1.115
36.1,1.115
36.1,1.115
36.1,1.115
36.1,1.115
36.1,1.115
36.1,1.115
36.1,1.115
36.1,1.115
36.1,1.115
36.1,1.115
36.1,1.115
36.1,1.110
36.1,1.110
36.1,1.110
36.1,1.110
36.1,1.110
36.1,1.110
36.1,1.110
36.1,1.110
36.1,1.110
36.1,1.110
36.1,1.110
36.1,1.110
36.1,1.110
36.1,1.105
36.1,1.105
36.1,1.105
36.1,1.105
36.1,1.105
36.1,1.105
36.1,1.105
36.1,1.105
36.1,1.105
36.1,1.105
36.1,1.105
36.1,1.105
36.1,1.105
36.1,1.100
36.1,1.100
36.1,1.100
36.1,1.100
36.1,1.100
36.1,1.100
36.1,1.100
36.1,1.100
36.1,1.100
36.1,1.100
36.1,1.100
36.1,1.100
36.0,1.100
36.1,1.095
36.1,1.095
36.1,1.095
36.1,1.095
36.0,1.095
36.0,1.095
36.0,1.095
36.0,1.095
36.0,1.095
36.0,1.095
36.0,1.095
36.0,1.095
36.0,1.095
36.0,1.090
36.0,1.090
36.0,1.090
36.0,1.090
36.0,1.090
36.0,1.090
36.0,1.090
36.0,1.090
36.0,1.090
36.0,1.090
36.0,1.090
36.0,1.090
36.0,1.090
36.0,1.090
36.0,1.090
36.0,1.085
36.0,1.085
35.9,1.085
35.9,1.085
35.9,1.085
35.9,1.085
35.9,1.085
35.9,1.085
35.9,1.085
35.9,1.085
35.9,1.085
35.9,1.085
35.9,1.085
35.9,1.085
35.9,1.080
35.9,1.080
35.9,1.080
35.9,1.080
35.9,1.080
35.9,1.080
35.9,1.080
35.9,1.080
35.9,1.080
35.9,1.080
35.9,1.080
35.9,1.080
35.9,1.080
35.9,1.075
35.9,1.075
35.9,1.075
35.9,1.075
35.9,1.075
35.9,1.075
35.9,1.075
35.9,1.075
35.9,1.075
35.9,1.075
35.9,1.075
35.9,1.075
35.9,1.075
35.9,1.075
35.9,1.075
35.9,1.070
35.9,1.070
35.9,1.070
35.9,1.070
35.9,1.070
35.9,1.070
35.9,1.070
35.9,1.070
35.9,1.070
35.9,1.070
35.9,1.070
35.9,1.070
35.9,1.070
35.9,1.070
35.8,1.070
35.8,1.065
35.8,1.065
35.8,1.065
35.8,1.065
35.8,1.065
35.8,1.065
35.8,1.065
35.8,1.065
35.8,1.065
35.8,1.065
35.8,1.065
35.8,1.065
35.8,1.065
35.8,1.065
35.8,1.065
35.8,1.060
35.8,1.060
35.8,1.060
35.8,1.060
35.8,1.060
35.8,1.060
35.8,1.060
35.8,1.060
35.8,1.060
35.8,1.060
35.8,1.060
35.8,1.060
35.8,1.060
35.7,1.060
35.7,1.060
35.7,1.060
35.7,1.060
35.7,1.055
35.7,1.055
35.7,1.055
35.7,1.055
35.7,1.055
35.7,1.055
35.7,1.055
35.7,1.055
35.7,1.055
35.7,1.055
35.7,1.055
35.7,1.055
35.7,1.055
35.7,1.055
35.7,1.055
35.7,1.055
35.7,1.050
35.7,1.050
35.7,1.050
35.7,1.050
35.7,1.050
35.7,1.050
35.7,1.050
35.7,1.050
35.7,1.050
35.7,1.050
35.7,1.050
35.7,1.050
35.7,1.050
35.7,1.050
35.8,1.050
35.8,1.050
35.8,1.050
35.8,1.050
35.8,1.045
35.8,1.045
35.8,1.045
35.8,1.045
35.8,1.045
35.8,1.045
35.8,1.045
35.8,1.045
35.8,1.045
35.8,1.045
35.8,1.045
35.8,1.045
35.8,1.045
35.8,1.045
35.8,1.045
35.8,1.045
35.8,1.045
35.8,1.045
35.8,1.040
35.8,1.040
35.8,1.040
35.8,1.040
35.8,1.040
35.8,1.040
35.8,1.040
35.8,1.040
35.8,1.040
35.8,1.040
35.8,1.040
35.8,1.040
35.8,1.040
35.8,1.040
35.8,1.040
35.8,1.040
35.8,1.040
35.8,1.040
35.8,1.040
35.8,1.035
35.8,1.035
35.8,1.035
35.8,1.035
35.8,1.035
35.8,1.035
35.8,1.035
35.8,1.035
35.8,1.035
35.8,1.035
35.8,1.035
35.8,1.035
35.8,1.035
35.8,1.035
35.8,1.035
35.8,1.035
35.8,1.035
35.8,1.035
35.8,1.035
35.8,1.030
35.8,1.030
35.8,1.030
35.8,1.030
35.8,1.030
35.8,1.030
35.8,1.030
35.8,1.030
35.8,1.030
35.8,1.030
35.8,1.030
35.8,1.030
35.8,1.030
35.8,1.030
35.8,1.030
35.8,1.030
35.8,1.030
35.8,1.030
35.8,1.030
35.8,1.030
35.8,1.030
35.8,1.025
35.8,1.025
35.8,1.025
35.8,1.025
35.8,1.025
35.8,1.025
35.8,1.025
35.8,1.025
35.8,1.025
35.8,1.025
35.8,1.025
35.8,1.025
35.8,1.025
35.8,1.025
35.8,1.025
35.8,1.025
35.8,1.025
35.8,1.025
35.8,1.025
35.8,1.025
35.8,1.025
35.8,1.025
35.8,1.025
35.8,1.020
35.8,1.020
35.8,1.020
35.8,1.020
35.8,1.020
35.8,1.020
35.8,1.020
35.8,1.020
35.8,1.020
35.8,1.020
35.8,1.020
35.8,1.020
35.8,1.020
35.8,1.020
35.8,1.020
35.8,1.020
35.8,1.020
35.8,1.020
35.8,1.020
35.8,1.020
35.8,1.020
35.8,1.020
35.9,1.015
35.9,1.015
35.9,1.015
35.9,1.015
35.9,1.015
35.9,1.015
35.9,1.015
35.9,1.015
35.9,1.015
35.9,1.015
35.9,1.015
35.9,1.015
35.9,1.015
35.9,1.015
35.9,1.015
35.9,1.015
35.9,1.015
35.9,1.015
35.9,1.015
35.9,1.015
35.9,1.015
35.9,1.015
35.9,1.015
35.9,1.015
35.9,1.015
35.9,1.015
35.9,1.010
35.9,1.010
35.9,1.010
35.9,1.010
35.9,1.010
35.9,1.010
35.9,1.010
35.9,1.010
35.9,1.010
35.9,1.010
35.9,1.010
35.9,1.010
35.9,1.010
35.9,1.010
35.9,1.010
35.9,1.010
35.9,1.010
35.9,1.010
35.9,1.010
35.9,1.010
35.9,1.010
35.9,1.010
35.9,1.010
35.9,1.010
35.9,1.010
35.9,1.010
35.9,1.010
35.9,1.010
35.9,1.005
35.9,1.005
35.9,1.005
35.9,1.005
35.9,1.005
35.9,1.005
35.9,1.005
35.9,1.005
35.9,1.005
35.9,1.005
35.9,1.005
35.9,1.005
35.9,1.005
35.9,1.005
35.9,1.005
35.9,1.005
35.9,1.005
35.9,1.005
35.9,1.005
35.9,1.005
35.9,1.005
35.9,1.005
35.9,1.005
35.9,1.005
35.9,1.005
35.9,1.005
35.9,1.005
35.9,1.005
35.9,1.005
35.9,1.005
35.9,1.000
35.9,1.000
35.9,1.000
35.9,1.000
35.8,1.000
35.8,1.000
35.8,1.000
35.8,1.000
35.8,1.000
35.8,1.000
35.8,1.000
35.8,1.000
35.8,1.000
35.8,1.000
35.8,1.000
35.8,1.000
35.8,1.000
35.8,1.000
35.8,1.000
35.8,1.000
35.8,1.000
35.8,1.000
35.8,1.000
35.8,1.000
35.8,1.000
35.8,1.000
35.8,1.000
35.8,1.000
35.8,1.000
35.8,1.000
35.8,1.000
35.8,0.995
35.7,0.995
35.7,0.995
35.7,0.995
35.7,0.995
35.7,0.995
35.7,0.995
35.7,0.995
35.7,0.995
35.7,0.995
35.7,0.995
35.7,0.995
35.7,0.995
35.7,0.995
35.7,0.995
35.7,0.995
35.7,0.995
35.7,0.995
35.7,0.995
35.7,0.995
35.7,0.995
35.7,0.995
35.7,0.995
35.7,0.995
35.7,0.995
35.7,0.995
35.7,0.995
35.7,0.995
35.7,0.995
35.7,0.995
35.7,0.990
35.7,0.990
35.7,0.990
35.7,0.990
35.7,0.990
35.7,0.990
35.7,0.990
35.7,0.990
35.7,0.990
35.7,0.990
35.7,0.990
35.7,0.990
35.7,0.990
35.7,0.990
35.7,0.990
35.7,0.990
35.7,0.990
35.7,0.990
35.7,0.990
35.7,0.990
35.7,0.990
35.7,0.990
35.7,0.990
35.7,0.990
35.7,0.990
35.7,0.990
35.7,0.990
35.7,0.990
35.7,0.990
35.7,0.990
35.7,0.990
35.7,0.990
35.7,0.990
35.7,0.985
35.7,0.985
35.7,0.985
35.7,0.985
35.7,0.985
35.7,0.985
35.7,0.985
35.7,0.985
35.7,0.985
35.7,0.985
35.7,0.985
35.7,0.985
35.7,0.985
35.7,0.985
35.7,0.985
35.7,0.985
35.7,0.985
35.7,0.985
35.7,0.985
35.7,0.985
35.7,0.985
35.7,0.985
35.7,0.985
35.7,0.985
35.7,0.985
35.7,0.985
35.7,0.985
35.7,0.985
35.7,0.985
35.7,0.985
35.7,0.985
35.7,0.985
35.7,0.985
35.7,0.985
35.7,0.985
35.7,0.980
35.7,0.980
35.7,0.980
35.7,0.980
35.7,0.980
35.7,0.980
35.7,0.980
35.7,0.980
35.7,0.980
35.7,0.980
35.7,0.980
35.7,0.980
35.7,0.980
35.7,0.980
35.7,0.980
35.7,0.980
35.7,0.980
35.7,0.980
35.7,0.980
35.7,0.980
35.7,0.980
35.7,0.980
35.7,0.980
35.7,0.980
35.7,0.980
35.7,0.980
35.7,0.980
35.7,0.980
35.7,0.980
35.7,0.980
35.7,0.980
35.7,0.980
35.7,0.980
35.7,0.980
35.7,0.980
35.7,0.980
35.7,0.980
35.7,0.975
35.7,0.975
35.7,0.975
35.7,0.975
35.7,0.975
35.7,0.975
35.7,0.975
35.7,0.975
35.7,0.975
35.7,0.975
35.7,0.975
35.7,0.975
35.7,0.975
35.7,0.975
35.7,0.975
35.7,0.975
35.7,0.975
35.7,0.975
35.7,0.975
35.7,0.975
35.7,0.975
35.7,0.975
35.7,0.975
35.7,0.975
35.7,0.975
35.7,0.975
35.7,0.975
35.7,0.975
35.7,0.975
35.7,0.975
35.7,0.975
35.7,0.975
35.7,0.975
35.7,0.975
35.7,0.975
35.7,0.975
35.7,0.970
35.7,0.970
35.7,0.970
35.7,0.970
35.7,0.970
35.7,0.970
35.7,0.970
35.7,0.970
35.7,0.970
35.7,0.970
35.7,0.970
35.6,0.970
35.6,0.970
35.6,0.970
35.6,0.970
35.6,0.970
35.6,0.970
35.6,0.970
35.6,0.970
35.6,0.970
35.6,0.970
35.6,0.970
35.6,0.970
35.6,0.970
35.6,0.970
35.6,0.970
35.6,0.970
35.6,0.970
35.6,0.970
35.6,0.970
35.6,0.970
35.6,0.970
35.6,0.970
35.6,0.970
35.6,0.970
35.6,0.970
35.6,0.970
35.6,0.970
35.6,0.965
35.6,0.965
35.6,0.965
35.6,0.965
35.6,0.965
35.6,0.965
35.6,0.965
35.6,0.965
35.6,0.965
35.6,0.965
35.6,0.965
35.6,0.965
35.6,0.965
35.6,0.965
35.6,0.965
35.6,0.965
35.6,0.965
35.6,0.965
35.6,0.965
35.6,0.965
35.6,0.965
35.6,0.965
35.6,0.965
35.6,0.965
35.6,0.965
35.6,0.965
35.6,0.965
35.6,0.965
35.6,0.965
35.6,0.965
35.6,0.965
35.6,0.965
35.6,0.965
35.6,0.965
35.6,0.965
35.6,0.965
35.6,0.965
35.6,0.960
35.6,0.960
35.6,0.960
35.6,0.960
35.6,0.960
35.6,0.960
35.6,0.960
35.6,0.960
35.6,0.960
35.6,0.960
35.6,0.960
35.6,0.960
35.6,0.960
35.6,0.960
35.6,0.960
35.6,0.960
35.6,0.960
35.6,0.960
35.6,0.960
35.6,0.960
35.6,0.960
35.6,0.960
35.6,0.960
35.6,0.960
35.6,0.960
35.6,0.960
35.6,0.960
35.6,0.960
35.6,0.960
35.6,0.960
35.6,0.960
35.6,0.960
35.6,0.960
35.6,0.960
35.6,0.960
35.6,0.955
35.5,0.955
35.5,0.955
35.5,0.955
35.5,0.955
35.5,0.955
35.5,0.955
35.5,0.955
35.5,0.955
35.5,0.955
35.5,0.955
35.5,0.955
35.5,0.955
35.5,0.955
35.5,0.955
35.5,0.955
35.5,0.955
35.5,0.955
35.5,0.955
35.5,0.955
35.5,0.955
35.5,0.955
35.5,0.955
35.5,0.955
35.5,0.955
35.5,0.955
35.5,0.955
35.5,0.955
35.5,0.955
35.5,0.955
35.5,0.955
35.5,0.955
35.5,0.950
35.5,0.950
35.5,0.950
35.5,0.950
35.5,0.950
35.5,0.950
35.5,0.950
35.5,0.950
35.5,0.950
35.5,0.950
35.5,0.950
35.5,0.950
35.5,0.950
35.5,0.950
35.5,0.950
35.5,0.950
35.5,0.950
35.4,0.950
35.4,0.950
35.4,0.950
35.4,0.950
35.4,0.950
35.4,0.950
35.4,0.950
35.4,0.950
35.4,0.950
35.4,0.950
35.4,0.950
35.4,0.950
35.4,0.950
35.4,0.950
35.4,0.950
35.4,0.945
35.4,0.945
35.4,0.945
35.4,0.945
35.4,0.945
35.4,0.945
35.4,0.945
35.4,0.945
35.4,0.945
35.4,0.945
35.4,0.945
35.4,0.945
35.4,0.945
35.4,0.945
35.4,0.945
35.4,0.945
35.4,0.945
35.4,0.945
35.4,0.945
35.4,0.945
35.4,0.945
35.4,0.945
35.4,0.945
35.4,0.945
35.4,0.945
35.4,0.945
35.4,0.945
35.4,0.945
35.4,0.945
35.4,0.945
35.4,0.945
35.4,0.945
35.4,0.940
35.4,0.940
35.4,0.940
35.4,0.940
35.4,0.940
35.4,0.940
35.3,0.940
35.3,0.940
35.3,0.940
35.3,0.940
35.3,0.940
35.3,0.940
35.3,0.940
35.3,0.940
35.3,0.940
35.3,0.940
35.3,0.940
35.3,0.940
35.3,0.940
35.3,0.940
35.3,0.940
35.3,0.940
35.3,0.940
35.3,0.940
35.3,0.940
35.3,0.940
35.3,0.940
35.3,0.940
35.3,0.935
35.3,0.935
35.3,0.935
35.3,0.935
35.3,0.935
35.3,0.935
35.3,0.935
35.3,0.935
35.3,0.935
35.3,0.935
35.3,0.935
35.3,0.935
35.3,0.935
35.3,0.935
35.3,0.935
35.3,0.935
35.3,0.935
35.3,0.935
35.3,0.935
35.3,0.935
35.3,0.935
35.3,0.935
35.3,0.935
35.3,0.935
35.3,0.935
35.2,0.935
35.2,0.935
35.2,0.935
35.2,0.935
35.2,0.935
35.2,0.930
35.2,0.930
35.2,0.930
35.2,0.930
35.2,0.930
35.2,0.930
35.2,0.930
35.2,0.930
35.2,0.930
35.2,0.930
35.2,0.930
35.2,0.930
35.2,0.930
35.2,0.930
35.2,0.930
35.2,0.930
35.2,0.930
35.2,0.930
35.2,0.930
35.2,0.930
35.2,0.930
35.2,0.930
35.2,0.930
35.2,0.930
35.2,0.930
35.2,0.930
35.2,0.930
35.2,0.930
35.2,0.930
35.2,0.925
35.2,0.925
35.2,0.925
35.2,0.925
35.2,0.925
35.2,0.925
35.2,0.925
35.2,0.925
35.1,0.925
35.1,0.925
35.1,0.925
35.1,0.925
35.1,0.925
35.1,0.925
35.1,0.925
35.1,0.925
35.1,0.925
35.1,0.925
35.1,0.925
35.1,0.925
35.1,0.925
35.1,0.925
35.1,0.925
35.1,0.925
35.1,0.925
35.1,0.925
35.1,0.925
35.1,0.925
35.1,0.925
35.1,0.920
35.1,0.920
35.2,0.920
35.2,0.920
35.2,0.920
35.2,0.920
35.2,0.920
35.2,0.920
35.2,0.920
35.2,0.920
35.1,0.920
35.1,0.920
35.1,0.920
35.1,0.920
35.2,0.920
35.2,0.920
35.2,0.920
35.2,0.920
35.2,0.920
35.2,0.920
35.2,0.920
35.2,0.920
35.2,0.920
35.2,0.920
35.2,0.920
35.2,0.920
35.2,0.920
35.2,0.920
35.2,0.915
35.2,0.915
35.2,0.915
35.2,0.915
35.2,0.915
35.2,0.915
35.2,0.915
35.2,0.915
35.2,0.915
35.2,0.915
35.2,0.915
35.2,0.915
35.2,0.915
35.2,0.915
35.2,0.915
35.2,0.915
35.2,0.915
35.2,0.915
35.2,0.915
35.2,0.915
35.2,0.915
35.2,0.915
35.2,0.915
35.2,0.915
35.2,0.915
35.2,0.915
35.2,0.915
35.2,0.915
35.2,0.915
35.2,0.910
35.2,0.910
35.2,0.910
35.2,0.910
35.2,0.910
35.2,0.910
35.2,0.910
35.2,0.910
35.2,0.910
35.2,0.910
35.2,0.910
35.2,0.910
35.2,0.910
35.2,0.910
35.2,0.910
35.2,0.910
35.2,0.910
35.2,0.910
35.2,0.910
35.2,0.910
35.2,0.910
35.2,0.910
35.2,0.910
35.2,0.910
35.2,0.910
35.2,0.910
35.2,0.910
35.2,0.910
35.2,0.910
35.2,0.910
35.2,0.910
35.2,0.905
35.2,0.905
35.2,0.905
35.2,0.905
35.2,0.905
35.2,0.905
35.2,0.905
35.2,0.905
35.2,0.905
35.2,0.905
35.2,0.905
35.1,0.905
35.1,0.905
35.1,0.905
35.1,0.905
35.1,0.905
35.1,0.905
35.1,0.905
35.1,0.905
35.1,0.905
35.1,0.905
35.1,0.905
35.1,0.905
35.1,0.905
35.1,0.905
35.1,0.905
35.1,0.905
35.1,0.905
35.1,0.905
35.1,0.900
35.1,0.900
35.1,0.900
35.1,0.900
35.1,0.900
35.1,0.900
35.1,0.900
35.1,0.900
35.1,0.900
35.1,0.900
35.1,0.900
35.1,0.900
35.1,0.900
35.1,0.900
35.1,0.900
35.1,0.900
35.1,0.900
35.1,0.900
35.1,0.900
35.1,0.900
35.1,0.900
35.1,0.900
35.1,0.900
35.1,0.900
35.1,0.900
35.1,0.900
35.1,0.900
35.1,0.895
35.1,0.895
35.1,0.895
35.1,0.895
35.1,0.895
35.1,0.895
35.1,0.895
35.1,0.895
35.1,0.895
35.1,0.895
35.1,0.895
35.1,0.895
35.1,0.895
35.1,0.895
35.1,0.895
35.1,0.895
35.1,0.895
35.1,0.895
35.1,0.895
35.1,0.895
35.1,0.895
35.1,0.895
35.1,0.895
35.1,0.895
35.1,0.895
35.1,0.890
35.1,0.890
35.1,0.890
35.1,0.890
35.1,0.890
35.1,0.890
35.1,0.890
35.1,0.890
35.1,0.890
35.1,0.890
35.1,0.890
35.1,0.890
35.1,0.890
35.1,0.890
35.1,0.890
35.1,0.890
35.1,0.890
35.1,0.890
35.1,0.890
35.1,0.890
35.1,0.890
35.1,0.890
35.1,0.890
35.1,0.890
35.1,0.890
35.1,0.885
35.1,0.885
35.2,0.885
35.2,0.885
35.2,0.885
35.2,0.885
35.2,0.885
35.2,0.885
35.2,0.885
35.2,0.885
35.2,0.885
35.2,0.885
35.2,0.885
35.1,0.885
35.1,0.885
35.1,0.885
35.1,0.885
35.1,0.885
35.1,0.885
35.1,0.885
35.1,0.885
35.1,0.885
35.1,0.885
35.1,0.885
35.1,0.885
35.1,0.885
35.1,0.885
35.1,0.880
35.1,0.880
35.1,0.880
35.1,0.880
35.1,0.880
35.1,0.880
35.1,0.880
35.1,0.880
35.1,0.880
35.1,0.880
35.1,0.880
35.1,0.880
35.1,0.880
35.1,0.880
35.1,0.880
35.1,0.880
35.1,0.880
35.1,0.880
35.1,0.880
35.1,0.880
35.1,0.880
35.1,0.880
35.1,0.880
35.0,0.880
35.0,0.880
35.0,0.880
35.0,0.880
35.0,0.875
35.0,0.875
35.0,0.875
35.0,0.875
35.0,0.875
35.0,0.875
35.0,0.875
35.0,0.875
35.0,0.875
35.0,0.875
35.0,0.875
35.0,0.875
35.0,0.875
35.0,0.875
35.0,0.875
35.0,0.875
35.0,0.875
35.0,0.875
35.0,0.875
35.0,0.875
35.0,0.875
35.0,0.875
35.0,0.875
35.0,0.875
35.0,0.875
35.0,0.875
35.0,0.875
35.0,0.870
35.0,0.870
35.0,0.870
35.0,0.870
35.0,0.870
35.0,0.870
35.0,0.870
35.0,0.870
35.0,0.870
35.0,0.870
35.0,0.870
35.0,0.870
35.0,0.870
35.0,0.870
35.0,0.870
35.0,0.870
35.0,0.870
35.0,0.870
35.0,0.870
35.0,0.870
35.0,0.870
35.0,0.870
35.0,0.870
35.0,0.870
35.0,0.870
35.0,0.870
35.0,0.870
35.0,0.870
35.0,0.865
35.0,0.865
35.0,0.865
35.0,0.865
35.0,0.865
35.0,0.865
35.0,0.865
35.0,0.865
35.0,0.865
35.0,0.865
35.0,0.865
35.0,0.865
35.0,0.865
35.0,0.865
35.0,0.865
35.0,0.865
35.0,0.865
35.0,0.865
35.0,0.865
35.0,0.865
35.0,0.865
35.0,0.865
35.0,0.865
35.0,0.865
34.9,0.865
34.9,0.860
34.9,0.860
34.9,0.860
34.9,0.860
34.9,0.860
34.9,0.860
34.9,0.860
34.9,0.860
34.9,0.860
34.9,0.860
34.9,0.860
34.9,0.860
34.9,0.860
34.9,0.860
34.9,0.860
34.9,0.860
34.9,0.860
34.9,0.860
34.9,0.860
34.9,0.860
34.9,0.855
34.9,0.855
34.9,0.855
34.9,0.855
34.9,0.855
34.9,0.855
34.9,0.855
34.9,0.855
34.9,0.855
34.9,0.855
34.9,0.855
34.9,0.855
34.9,0.855
34.9,0.855
34.9,0.855
34.9,0.855
34.8,0.855
34.8,0.855
34.8,0.855
34.8,0.855
34.8,0.850
34.8,0.850
34.8,0.850
34.8,0.850
34.8,0.850
34.8,0.850
34.8,0.850
34.8,0.850
34.8,0.850
34.8,0.850
34.8,0.850
34.8,0.850
34.8,0.850
34.8,0.850
34.8,0.850
34.8,0.850
34.8,0.850
34.8,0.850
34.8,0.850
34.8,0.850
34.8,0.845
34.8,0.845
34.8,0.845
34.8,0.845
34.8,0.845
34.8,0.845
34.8,0.845
34.8,0.845
34.8,0.845
34.8,0.845
34.8,0.845
34.8,0.845
34.8,0.845
34.8,0.845
34.8,0.845
34.8,0.845
34.8,0.845
34.7,0.845
34.7,0.845
34.7,0.845
34.7,0.845
34.7,0.840
34.7,0.840
34.7,0.840
34.7,0.840
34.7,0.840
34.7,0.840
34.7,0.840
34.7,0.840
34.7,0.840
34.7,0.840
34.7,0.840
34.7,0.840
34.7,0.840
34.7,0.840
34.7,0.840
34.7,0.840
34.7,0.840
34.7,0.840
34.7,0.840
34.7,0.840
34.7,0.840
34.7,0.840
34.7,0.835
34.7,0.835
34.8,0.835
34.8,0.835
34.8,0.835
34.8,0.835
34.8,0.835
34.8,0.835
34.8,0.835
34.8,0.835
34.8,0.835
34.8,0.835
34.8,0.835
34.8,0.835
34.8,0.835
34.8,0.835
34.8,0.835
34.8,0.835
34.8,0.835
34.8,0.835
34.8,0.835
34.7,0.835
34.7,0.835
34.7,0.830
34.7,0.830
34.7,0.830
34.7,0.830
34.7,0.830
34.7,0.830
34.7,0.830
34.7,0.830
34.7,0.830
34.7,0.830
34.7,0.830
34.7,0.830
34.8,0.830
34.8,0.830
34.8,0.830
34.8,0.830
34.8,0.830
34.8,0.830
34.7,0.830
34.7,0.830
34.7,0.830
34.7,0.830
34.7,0.830
34.7,0.830
34.7,0.830
34.7,0.825
34.7,0.825
34.7,0.825
34.7,0.825
34.7,0.825
34.7,0.825
34.7,0.825
34.7,0.825
34.7,0.825
34.7,0.825
34.7,0.825
34.7,0.825
34.7,0.825
34.7,0.825
34.7,0.825
34.7,0.825
34.7,0.825
34.7,0.825
34.7,0.825
34.7,0.825
34.7,0.825
34.7,0.825
34.7,0.825
34.7,0.825
34.7,0.825
34.7,0.825
34.7,0.820
34.7,0.820
34.7,0.820
34.7,0.820
34.7,0.820
34.7,0.820
34.7,0.820
34.7,0.820
34.7,0.820
34.7,0.820
34.7,0.820
34.7,0.820
34.7,0.820
34.7,0.820
34.7,0.820
34.7,0.820
34.7,0.820
34.7,0.820
34.7,0.820
34.7,0.820
34.7,0.820
34.7,0.820
34.7,0.820
34.7,0.820
34.7,0.820
34.7,0.820
34.7,0.820
34.7,0.820
34.7,0.815
34.7,0.815
34.7,0.815
34.7,0.815
34.7,0.815
34.7,0.815
34.7,0.815
34.7,0.815
34.7,0.815
34.7,0.815
34.7,0.815
34.7,0.815
34.7,0.815
34.7,0.815
34.7,0.815
34.7,0.815
34.7,0.815
34.7,0.815
34.7,0.815
34.7,0.815
34.7,0.815
34.7,0.815
34.7,0.815
34.7,0.815
34.7,0.815
34.7,0.815
34.7,0.815
34.7,0.810
34.7,0.810
34.7,0.810
34.7,0.810
34.7,0.810
34.7,0.810
34.7,0.810
34.7,0.810
34.7,0.810
34.7,0.810
34.7,0.810
34.7,0.810
34.7,0.810
34.7,0.810
34.7,0.810
34.7,0.810
34.7,0.810
34.7,0.810
34.7,0.810
34.7,0.810
34.7,0.810
34.7,0.810
34.7,0.810
34.7,0.810
34.7,0.810
34.7,0.810
34.7,0.810
34.7,0.810
34.7,0.810
34.7,0.805
34.7,0.805
34.7,0.805
34.7,0.805
34.7,0.805
34.7,0.805
34.7,0.805
34.7,0.805
34.7,0.805
34.7,0.805
34.7,0.805
34.7,0.805
34.7,0.805
34.7,0.805
34.7,0.805
34.7,0.805
34.7,0.805
34.7,0.805
34.7,0.805
34.7,0.805
34.7,0.805
34.7,0.805
34.7,0.805
34.7,0.805
34.7,0.805
34.7,0.805
34.7,0.805
34.7,0.805
34.6,0.805
34.6,0.800
34.6,0.800
34.6,0.800
34.6,0.800
34.6,0.800
34.6,0.800
34.6,0.800
34.6,0.800
34.6,0.800
34.6,0.800
34.6,0.800
34.6,0.800
34.6,0.800
34.6,0.800
34.6,0.800
34.6,0.800
34.6,0.800
34.6,0.800
34.6,0.800
34.6,0.800
34.6,0.800
34.6,0.800
34.6,0.800
34.6,0.800
34.6,0.800
34.6,0.800
34.6,0.800
34.6,0.800
34.6,0.795
34.6,0.795
34.6,0.795
34.6,0.795
34.6,0.795
34.6,0.795
34.6,0.795
34.6,0.795
34.6,0.795
34.6,0.795
34.6,0.795
34.6,0.795
34.6,0.795
34.6,0.795
34.6,0.795
34.6,0.795
34.6,0.795
34.6,0.795
34.6,0.795
34.6,0.795
34.6,0.795
34.6,0.795
34.6,0.795
34.6,0.795
34.6,0.795
34.6,0.795
34.6,0.795
34.6,0.795
34.6,0.795
34.6,0.790
34.6,0.790
34.6,0.790
34.6,0.790
34.6,0.790
34.6,0.790
34.6,0.790
34.6,0.790
34.6,0.790
34.6,0.790
34.6,0.790
34.6,0.790
34.6,0.790
34.6,0.790
34.6,0.790
34.6,0.790
34.6,0.790
34.6,0.790
34.6,0.790
34.6,0.790
34.6,0.790
34.6,0.790
34.6,0.790
34.6,0.790
34.6,0.790
34.6,0.790
34.6,0.790
34.6,0.790
34.6,0.790
34.6,0.790
34.6,0.790
34.6,0.790
34.6,0.790
34.6,0.785
34.6,0.785
34.6,0.785
34.6,0.785
34.6,0.785
34.6,0.785
34.6,0.785
34.6,0.785
34.6,0.785
34.6,0.785
34.6,0.785
34.6,0.785
34.7,0.785
34.7,0.785
34.7,0.785
34.7,0.785
34.7,0.785
34.7,0.785
34.7,0.785
34.7,0.785
34.7,0.785
34.7,0.785
34.7,0.785
34.7,0.785
34.7,0.785
34.7,0.785
34.7,0.785
34.7,0.785
34.7,0.785
34.7,0.785
34.7,0.785
34.7,0.785
34.7,0.785
34.7,0.785
34.7,0.780
34.7,0.780
34.7,0.780
34.7,0.780
34.7,0.780
34.7,0.780
34.7,0.780
34.7,0.780
34.7,0.780
34.7,0.780
34.7,0.780
34.7,0.780
34.7,0.780
34.7,0.780
34.7,0.780
34.7,0.780
34.7,0.780
34.7,0.780
34.7,0.780
34.7,0.780
34.7,0.780
34.7,0.780
34.7,0.780
34.7,0.780
34.7,0.780
34.7,0.780
34.7,0.780
34.7,0.780
34.7,0.780
34.7,0.780
34.7,0.775
34.7,0.775
34.7,0.775
34.7,0.775
34.7,0.775
34.7,0.775
34.7,0.775
34.7,0.775
34.7,0.775
34.7,0.775
34.7,0.775
34.7,0.775
34.7,0.775
34.7,0.775
34.6,0.775
34.6,0.775
34.6,0.775
34.6,0.775
34.6,0.775
34.6,0.775
34.6,0.775
34.6,0.775
34.6,0.775
34.6,0.775
34.6,0.775
34.6,0.775
34.6,0.775
34.6,0.775
34.6,0.775
34.6,0.775
34.6,0.775
34.6,0.775
34.6,0.770
34.7,0.770
34.7,0.770
34.7,0.770
34.7,0.770
34.7,0.770
34.7,0.770
34.7,0.770
34.7,0.770
34.7,0.770
34.7,0.770
34.7,0.770
34.7,0.770
34.7,0.770
34.7,0.770
34.7,0.770
34.7,0.770
34.7,0.770
34.7,0.770
34.7,0.770
34.7,0.770
34.7,0.770
34.7,0.770
34.7,0.770
34.7,0.770
34.7,0.770
34.7,0.770
34.7,0.770
34.7,0.770
34.7,0.770
34.7,0.770
34.7,0.770
34.7,0.770
34.7,0.765
34.7,0.765
34.7,0.765
34.7,0.765
34.7,0.765
34.7,0.765
34.7,0.765
34.7,0.765
34.7,0.765
34.7,0.765
34.7,0.765
34.7,0.765
34.7,0.765
34.7,0.765
34.7,0.765
34.7,0.765
34.7,0.765
34.7,0.765
34.7,0.765
34.7,0.765
34.7,0.765
34.7,0.765
34.7,0.765
34.7,0.765
34.8,0.765
34.8,0.765
34.8,0.765
34.8,0.765
34.8,0.765
34.8,0.765
34.8,0.765
34.8,0.760
34.8,0.760
34.8,0.760
34.8,0.760
34.8,0.760
34.8,0.760
34.8,0.760
34.8,0.760
34.8,0.760
34.8,0.760
34.8,0.760
34.8,0.760
34.8,0.760
34.8,0.760
34.8,0.760
34.8,0.760
34.8,0.760
34.8,0.760
34.8,0.760
34.8,0.760
34.8,0.760
34.8,0.760
34.8,0.760
34.8,0.760
34.8,0.760
34.8,0.760
34.8,0.760
34.8,0.760
34.8,0.760
34.8,0.760
34.8,0.760
34.8,0.755
34.7,0.755
34.7,0.755
34.7,0.755
34.7,0.755
34.7,0.755
34.7,0.755
34.7,0.755
34.7,0.755
34.7,0.755
34.7,0.755
34.7,0.755
34.7,0.755
34.7,0.755
34.7,0.755
34.7,0.755
34.7,0.755
34.7,0.755
34.7,0.755
34.7,0.755
34.6,0.755
34.6,0.755
34.6,0.755
34.6,0.755
34.6,0.755
34.6,0.755
34.6,0.755
34.6,0.755
34.6,0.755
34.6,0.755
34.6,0.755
34.6,0.755
34.6,0.750
34.6,0.750
34.6,0.750
34.6,0.750
34.6,0.750
34.6,0.750
34.6,0.750
34.6,0.750
34.6,0.750
34.5,0.750
34.5,0.750
34.5,0.750
34.5,0.750
34.5,0.750
34.5,0.750
34.5,0.750
34.5,0.750
34.5,0.750
34.5,0.750
34.5,0.750
34.5,0.750
34.5,0.750
34.5,0.750
34.5,0.750
34.5,0.750
34.5,0.750
34.5,0.750
34.5,0.750
34.5,0.750
34.5,0.750
34.5,0.750
34.5,0.750
34.5,0.745
34.5,0.745
34.5,0.745
34.5,0.745
34.5,0.745
34.5,0.745
34.5,0.745
34.5,0.745
34.5,0.745
34.5,0.745
34.5,0.745
34.4,0.745
34.4,0.745
34.4,0.745
34.4,0.745
34.4,0.745
34.4,0.745
34.4,0.745
34.4,0.745
34.4,0.745
34.4,0.745
34.4,0.745
34.4,0.745
34.4,0.745
34.4,0.745
34.4,0.745
34.4,0.745
34.4,0.745
34.4,0.745
34.4,0.745
34.4,0.740
34.4,0.740
34.4,0.740
34.4,0.740
34.4,0.740
34.4,0.740
34.4,0.740
34.4,0.740
34.4,0.740
34.4,0.740
34.4,0.740
34.4,0.740
34.4,0.740
34.4,0.740
34.4,0.740
34.4,0.740
34.4,0.740
34.4,0.740
34.4,0.740
34.4,0.740
34.4,0.740
34.4,0.740
34.4,0.740
34.4,0.740
34.4,0.740
34.4,0.740
34.4,0.740
34.4,0.740
34.4,0.740
34.4,0.740
34.4,0.740
34.4,0.735
34.4,0.735
34.4,0.735
34.4,0.735
34.4,0.735
34.4,0.735
34.4,0.735
34.4,0.735
34.4,0.735
34.4,0.735
34.4,0.735
34.4,0.735
34.4,0.735
34.4,0.735
34.4,0.735
34.4,0.735
34.4,0.735
34.4,0.735
34.4,0.735
34.4,0.735
34.4,0.735
34.4,0.735
34.5,0.735
34.5,0.735
34.5,0.735
34.5,0.735
34.5,0.735
34.5,0.735
34.5,0.735
34.5,0.735
34.5,0.735
34.5,0.735
34.5,0.735
34.5,0.730
34.5,0.730
34.5,0.730
34.5,0.730
34.5,0.730
34.5,0.730
34.5,0.730
34.5,0.730
34.5,0.730
34.5,0.730
34.5,0.730
34.5,0.730
34.5,0.730
34.5,0.730
34.5,0.730
34.5,0.730
34.5,0.730
34.5,0.730
34.5,0.730
34.5,0.730
34.5,0.730
34.5,0.730
34.5,0.730
34.5,0.730
34.5,0.730
34.5,0.730
34.5,0.730
34.5,0.730
34.5,0.730
34.5,0.730
34.5,0.730
34.5,0.730
34.5,0.730
34.5,0.730
34.5,0.730
34.5,0.730
34.5,0.730
34.5,0.730
34.5,0.730
34.5,0.730
34.5,0.730
34.5,0.725
34.5,0.725
34.5,0.725
34.5,0.725
34.5,0.725
34.5,0.725
34.5,0.725
34.5,0.725
34.5,0.725
34.5,0.725
34.5,0.725
34.5,0.725
34.5,0.725
34.5,0.725
34.5,0.725
34.5,0.725
34.5,0.725
34.5,0.725
34.5,0.725
34.5,0.725
34.5,0.725
34.5,0.725
34.5,0.725
34.5,0.725
34.5,0.725
34.5,0.725
34.5,0.725
34.5,0.725
34.5,0.725
34.5,0.725
34.5,0.725
34.5,0.725
34.5,0.725
34.5,0.725
34.5,0.725
34.5,0.725
34.5,0.725
34.5,0.725
34.5,0.725
34.5,0.725
34.5,0.725
34.5,0.725
34.5,0.725
34.5,0.725
34.5,0.725
34.5,0.725
34.5,0.725
34.5,0.725
34.5,0.725
34.5,0.725
34.5,0.725
34.5,0.725
34.5,0.725
34.5,0.720
34.5,0.720
34.5,0.720
34.5,0.720
34.5,0.720
34.5,0.720
34.5,0.720
34.5,0.720
34.5,0.720
34.5,0.720
34.5,0.720
34.5,0.720
34.5,0.720
34.5,0.720
34.5,0.720
34.5,0.720
34.5,0.720
34.5,0.720
34.5,0.720
34.5,0.720
34.5,0.720
34.5,0.720
34.5,0.720
34.5,0.720
34.5,0.720
34.5,0.720
34.5,0.720
34.5,0.720
34.5,0.720
34.5,0.720
34.5,0.720
34.5,0.720
34.5,0.720
34.5,0.720
34.5,0.720
34.5,0.720
34.5,0.720
34.5,0.720
34.5,0.720
34.5,0.720
34.5,0.720
34.5,0.720
34.5,0.720
34.5,0.720
34.5,0.720
34.5,0.720
34.5,0.720
34.5,0.720
34.5,0.720
34.5,0.720
34.5,0.720
34.5,0.720
34.5,0.720
34.5,0.720
34.5,0.720
34.5,0.715
34.5,0.715
34.5,0.715
34.5,0.715
34.5,0.715
34.4,0.715
34.4,0.715
34.4,0.715
34.4,0.715
34.4,0.715
34.4,0.715
34.4,0.715
34.4,0.715
34.4,0.715
34.4,0.715
34.4,0.715
34.4,0.715
34.4,0.715
34.4,0.715
34.4,0.715
34.4,0.715
34.4,0.715
34.4,0.715
34.4,0.715
34.4,0.715
34.4,0.715
34.4,0.715
34.4,0.715
34.4,0.715
34.4,0.715
34.4,0.715
34.4,0.715
34.4,0.715
34.4,0.715
34.4,0.715
34.4,0.715
34.4,0.715
34.4,0.715
34.4,0.715
34.4,0.715
34.4,0.715
34.4,0.715
34.4,0.715
34.4,0.715
34.4,0.715
34.4,0.715
34.4,0.715
34.4,0.715
34.4,0.715
34.4,0.715
34.4,0.715
34.4,0.710
34.4,0.710
34.4,0.710
34.4,0.710
34.4,0.710
34.4,0.710
34.4,0.710
34.4,0.710
34.4,0.710
34.4,0.710
34.4,0.710
34.4,0.710
34.4,0.710
34.4,0.710
34.4,0.710
34.4,0.710
34.4,0.710
34.4,0.710
34.4,0.710
34.4,0.710
34.4,0.710
34.4,0.710
34.4,0.710
34.4,0.710
34.4,0.710
34.4,0.710
34.4,0.710
34.4,0.710
34.4,0.710
34.4,0.710
34.4,0.710
34.4,0.710
34.4,0.710
34.4,0.710
34.4,0.710
34.4,0.710
34.4,0.710
34.4,0.710
34.4,0.710
34.4,0.710
34.4,0.710
34.4,0.710
34.4,0.710
34.4,0.710
34.4,0.710
34.4,0.710
34.4,0.710
34.4,0.710
34.4,0.710
34.4,0.710
34.4,0.710
34.4,0.710
34.4,0.710
34.4,0.705
34.4,0.705
34.4,0.705
34.4,0.705
34.4,0.705
34.4,0.705
34.4,0.705
34.4,0.705
34.4,0.705
34.4,0.705
34.4,0.705
34.4,0.705
34.4,0.705
34.4,0.705
34.4,0.705
34.4,0.705
34.4,0.705
34.4,0.705
34.4,0.705
34.4,0.705
34.4,0.705
34.4,0.705
34.4,0.705
34.4,0.705
34.4,0.705
34.4,0.705
34.4,0.705
34.4,0.705
34.4,0.705
34.4,0.705
34.4,0.705
34.4,0.705
34.4,0.705
34.4,0.705
34.4,0.705
34.4,0.705
34.4,0.705
34.4,0.705
34.4,0.705
34.4,0.705
34.4,0.705
34.4,0.705
34.4,0.705
34.4,0.705
34.4,0.705
34.4,0.705
34.4,0.705
34.4,0.705
34.4,0.705
34.4,0.705
34.4,0.705
34.4,0.705
34.4,0.705
34.4,0.705
34.4,0.705
34.4,0.700
34.4,0.700
34.4,0.700
34.4,0.700
34.4,0.700
34.4,0.700
34.4,0.700
34.4,0.700
34.4,0.700
34.4,0.700
34.4,0.700
34.4,0.700
34.4,0.700
34.4,0.700
34.4,0.700
34.4,0.700
34.4,0.700
34.4,0.700
34.4,0.700
34.4,0.700
34.4,0.700
34.4,0.700
34.4,0.700
34.4,0.700
34.4,0.700
34.4,0.700
34.4,0.700
34.4,0.700
34.4,0.700
34.4,0.700
34.4,0.700
34.4,0.700
34.4,0.700
34.4,0.700
34.4,0.700
34.4,0.700
34.4,0.700
34.4,0.700
34.4,0.700
34.4,0.700
34.4,0.700
34.4,0.700
34.4,0.700
34.4,0.700
34.4,0.700
34.4,0.700
34.4,0.695
34.4,0.695
34.4,0.695
34.4,0.695
34.3,0.695
34.3,0.695
34.3,0.695
34.3,0.695
34.3,0.695
34.3,0.695
34.3,0.695
34.3,0.695
34.3,0.695
34.3,0.695
34.3,0.695
34.3,0.695
34.3,0.695
34.3,0.695
34.3,0.695
34.3,0.695
34.3,0.695
34.3,0.695
34.3,0.695
34.3,0.695
34.3,0.695
34.3,0.695
34.3,0.695
34.3,0.695
34.3,0.695
34.3,0.695
34.3,0.695
34.3,0.695
34.3,0.695
34.3,0.695
34.2,0.695
34.2,0.695
34.2,0.695
34.2,0.695
34.2,0.695
34.2,0.695
34.2,0.690
34.2,0.690
34.2,0.690
34.2,0.690
34.2,0.690
34.2,0.690
34.2,0.690
34.2,0.690
34.2,0.690
34.2,0.690
34.2,0.690
34.2,0.690
34.2,0.690
34.2,0.690
34.2,0.690
34.3,0.690
34.3,0.690
34.3,0.690
34.3,0.690
34.3,0.690
34.3,0.690
34.3,0.690
34.3,0.690
34.3,0.690
34.3,0.690
34.3,0.690
34.2,0.690
34.2,0.690
34.2,0.690
34.2,0.690
34.2,0.690
34.2,0.690
34.2,0.690
34.2,0.690
34.2,0.690
34.2,0.690
34.2,0.685
34.2,0.685
34.2,0.685
34.2,0.685
34.2,0.685
34.2,0.685
34.2,0.685
34.2,0.685
34.2,0.685
34.2,0.685
34.2,0.685
34.2,0.685
34.2,0.685
34.2,0.685
34.2,0.685
34.2,0.685
34.2,0.685
34.2,0.685
34.1,0.685
34.1,0.685
34.1,0.685
34.1,0.685
34.1,0.685
34.1,0.685
34.1,0.685
34.1,0.685
34.1,0.685
34.2,0.685
34.2,0.685
34.2,0.685
34.2,0.685
34.2,0.685
34.2,0.685
34.2,0.685
34.2,0.685
34.2,0.680
34.2,0.680
34.2,0.680
34.2,0.680
34.2,0.680
34.2,0.680
34.2,0.680
34.2,0.680
34.2,0.680
34.2,0.680
34.2,0.680
34.2,0.680
34.2,0.680
34.2,0.680
34.2,0.680
34.2,0.680
34.2,0.680
34.2,0.680
34.2,0.680
34.2,0.680
34.2,0.680
34.2,0.680
34.2,0.680
34.2,0.680
34.2,0.680
34.2,0.680
34.2,0.680
34.2,0.680
34.2,0.680
34.2,0.680
34.2,0.680
34.2,0.680
34.2,0.680
34.2,0.680
34.2,0.680
34.2,0.680
34.2,0.675
34.2,0.675
34.2,0.675
34.2,0.675
34.2,0.675
34.2,0.675
34.2,0.675
34.2,0.675
34.2,0.675
34.2,0.675
34.2,0.675
34.2,0.675
34.2,0.675
34.2,0.675
34.2,0.675
34.2,0.675
34.2,0.675
34.2,0.675
34.2,0.675
34.2,0.675
34.2,0.675
34.2,0.675
34.2,0.675
34.2,0.675
34.2,0.675
34.2,0.675
34.2,0.675
34.2,0.675
34.2,0.675
34.2,0.675
34.2,0.675
34.2,0.675
34.2,0.675
34.2,0.675
34.2,0.675
34.2,0.675
34.2,0.675
34.2,0.670
34.2,0.670
34.2,0.670
34.2,0.670
34.2,0.670
34.2,0.670
34.2,0.670
34.2,0.670
34.2,0.670
34.2,0.670
34.2,0.670
34.3,0.670
34.3,0.670
34.3,0.670
34.3,0.670
34.3,0.670
34.3,0.670
34.3,0.670
34.3,0.670
34.3,0.670
34.3,0.670
34.3,0.670
34.3,0.670
34.3,0.670
34.3,0.670
34.3,0.670
34.3,0.670
34.3,0.670
34.3,0.670
34.3,0.670
34.3,0.670
34.3,0.670
34.3,0.670
34.3,0.670
34.3,0.670
34.3,0.670
34.3,0.670
34.3,0.665
34.3,0.665
34.3,0.665
34.3,0.665
34.3,0.665
34.3,0.665
34.3,0.665
34.3,0.665
34.3,0.665
34.3,0.665
34.3,0.665
34.3,0.665
34.3,0.665
34.3,0.665
34.3,0.665
34.3,0.665
34.3,0.665
34.3,0.665
34.3,0.665
34.3,0.665
34.3,0.665
34.3,0.665
34.3,0.665
34.3,0.665
34.3,0.665
34.3,0.665
34.3,0.665
34.3,0.665
34.3,0.665
34.3,0.665
34.3,0.665
34.3,0.665
34.3,0.660
34.3,0.660
34.3,0.660
34.3,0.660
34.3,0.660
34.3,0.660
34.3,0.660
34.3,0.660
34.3,0.660
34.3,0.660
34.3,0.660
34.3,0.660
34.3,0.660
34.3,0.660
34.3,0.660
34.2,0.660
34.2,0.660
34.2,0.660
34.2,0.660
34.2,0.660
34.2,0.660
34.2,0.660
34.2,0.660
34.2,0.660
34.2,0.660
34.2,0.660
34.2,0.660
34.2,0.660
34.2,0.660
34.2,0.660
34.2,0.655
34.2,0.655
34.3,0.655
34.3,0.655
34.3,0.655
34.3,0.655
34.3,0.655
34.3,0.655
34.3,0.655
34.3,0.655
34.3,0.655
34.3,0.655
34.3,0.655
34.3,0.655
34.3,0.655
34.3,0.655
34.3,0.655
34.3,0.655
34.3,0.655
34.3,0.655
34.3,0.655
34.3,0.655
34.3,0.655
34.3,0.655
34.3,0.655
34.3,0.655
34.3,0.650
34.3,0.650
34.3,0.650
34.3,0.650
34.3,0.650
34.3,0.650
34.3,0.650
34.3,0.650
34.3,0.650
34.4,0.650
34.4,0.650
34.4,0.650
34.3,0.650
34.3,0.650
34.3,0.650
34.3,0.650
34.3,0.650
34.3,0.650
34.3,0.650
34.3,0.650
34.3,0.650
34.3,0.650
34.3,0.650
34.3,0.650
34.3,0.650
34.3,0.650
34.3,0.645
34.3,0.645
34.3,0.645
34.3,0.645
34.3,0.645
34.3,0.645
34.3,0.645
34.3,0.645
34.3,0.645
34.3,0.645
34.3,0.645
34.2,0.645
34.2,0.645
34.2,0.645
34.2,0.645
34.2,0.645
34.2,0.645
34.2,0.645
34.2,0.645
34.2,0.645
34.2,0.645
34.2,0.645
34.2,0.645
34.2,0.645
34.1,0.645
34.1,0.640
34.1,0.640
34.1,0.640
34.1,0.640
34.1,0.640
34.1,0.640
34.1,0.640
34.1,0.640
34.1,0.640
34.1,0.640
34.1,0.640
34.1,0.640
34.1,0.640
34.1,0.640
34.1,0.640
34.1,0.640
34.1,0.640
34.0,0.640
34.0,0.640
34.0,0.640
34.0,0.640
34.0,0.640
34.0,0.640
34.0,0.640
34.0,0.640
34.0,0.635
34.0,0.635
34.0,0.635
34.0,0.635
34.0,0.635
34.0,0.635
34.0,0.635
34.0,0.635
34.0,0.635
34.0,0.635
34.0,0.635
34.0,0.635
34.0,0.635
34.0,0.635
34.0,0.635
34.0,0.635
34.0,0.635
34.0,0.635
34.0,0.635
34.0,0.635
34.0,0.635
34.0,0.635
34.0,0.635
34.0,0.630
34.0,0.630
34.0,0.630
34.1,0.630
34.1,0.630
34.1,0.630
34.1,0.630
34.1,0.630
34.1,0.630
34.1,0.630
34.1,0.630
34.1,0.630
34.1,0.630
34.1,0.630
34.1,0.630
34.1,0.630
34.1,0.630
34.1,0.630
34.1,0.630
34.1,0.630
34.1,0.630
34.1,0.630
34.1,0.630
34.1,0.630
34.1,0.625
34.1,0.625
34.1,0.625
34.1,0.625
34.1,0.625
34.1,0.625
34.1,0.625
34.1,0.625
34.1,0.625
34.1,0.625
34.1,0.625
34.1,0.625
34.1,0.625
34.1,0.625
34.1,0.625
34.1,0.625
34.0,0.625
34.0,0.625
34.0,0.625
34.0,0.625
34.0,0.625
34.0,0.625
34.0,0.620
34.0,0.620
34.0,0.620
34.0,0.620
34.0,0.620
34.0,0.620
34.0,0.620
34.0,0.620
34.0,0.620
33.9,0.620
33.9,0.620
33.9,0.620
33.9,0.620
33.9,0.620
33.9,0.620
33.9,0.620
33.9,0.620
33.9,0.620
33.9,0.615
33.9,0.615
33.9,0.615
33.9,0.615
33.9,0.615
33.9,0.615
33.9,0.615
33.9,0.615
33.9,0.615
33.9,0.615
33.9,0.615
33.9,0.615
33.9,0.615
33.9,0.615
33.9,0.615
33.9,0.615
33.9,0.615
33.9,0.610
33.9,0.610
33.9,0.610
33.9,0.610
33.9,0.610
33.9,0.610
33.9,0.610
33.9,0.610
33.9,0.610
33.9,0.610
33.9,0.610
33.9,0.610
33.9,0.610
33.9,0.610
33.9,0.610
33.9,0.610
33.9,0.610
33.9,0.605
33.9,0.605
33.9,0.605
33.9,0.605
33.9,0.605
33.9,0.605
33.9,0.605
33.9,0.605
33.9,0.605
33.9,0.605
33.9,0.605
33.9,0.605
33.9,0.605
33.9,0.605
33.9,0.605
33.9,0.605
33.9,0.600
33.9,0.600
33.8,0.600
33.8,0.600
33.8,0.600
33.8,0.600
33.8,0.600
33.8,0.600
33.8,0.600
33.8,0.600
33.8,0.600
33.8,0.600
33.8,0.600
33.8,0.600
33.8,0.595
33.8,0.595
33.8,0.595
33.8,0.595
33.8,0.595
33.8,0.595
33.8,0.595
33.8,0.595
33.8,0.595
33.8,0.595
33.8,0.595
33.8,0.595
33.8,0.595
33.8,0.590
33.8,0.590
33.8,0.590
33.7,0.590
33.8,0.590
33.8,0.590
33.7,0.590
33.7,0.590
33.7,0.590
33.7,0.590
33.7,0.590
33.7,0.590
33.7,0.590
33.7,0.590
33.7,0.585
33.7,0.585
33.7,0.585
33.7,0.585
33.6,0.585
33.6,0.585
33.6,0.585
33.6,0.585
33.6,0.585
33.6,0.585
33.6,0.585
33.6,0.585
33.6,0.580
33.6,0.580
33.6,0.580
33.6,0.580
33.6,0.580
33.6,0.580
33.6,0.580
33.6,0.580
33.6,0.580
33.6,0.580
33.6,0.580
33.6,0.580
33.6,0.575
33.6,0.575
33.6,0.575
33.6,0.575
33.6,0.575
33.6,0.575
33.6,0.575
33.6,0.575
33.6,0.575
33.6,0.575
33.6,0.575
33.6,0.570
33.6,0.570
33.6,0.570
33.6,0.570
33.6,0.570
33.6,0.570
33.6,0.570
33.6,0.570
33.6,0.570
33.6,0.570
33.6,0.570
33.6,0.565
33.6,0.565
33.6,0.565
33.6,0.565
33.6,0.565
33.6,0.565
33.6,0.565
33.6,0.565
33.6,0.565
33.6,0.565
33.6,0.565
33.6,0.560
33.6,0.560
33.6,0.560
33.6,0.560
33.6,0.560
33.6,0.560
33.6,0.560
33.6,0.560
33.6,0.560
33.6,0.560
33.6,0.560
33.6,0.555
33.7,0.555
33.7,0.555
33.7,0.555
33.7,0.555
33.7,0.555
33.7,0.555
33.7,0.555
33.7,0.555
33.7,0.555
33.7,0.555
33.7,0.550
33.7,0.550
33.7,0.550
33.7,0.550
33.7,0.550
33.7,0.550
33.7,0.550
33.7,0.550
33.7,0.550
33.7,0.550
33.7,0.550
33.7,0.545
33.7,0.545
33.7,0.545
33.7,0.545
33.7,0.545
33.7,0.545
33.7,0.545
33.7,0.545
33.7,0.545
33.7,0.545
33.7,0.545
33.7,0.545
33.7,0.540
33.7,0.540
33.7,0.540
33.7,0.540
33.7,0.540
33.7,0.540
33.7,0.540
33.7,0.540
33.7,0.540
33.7,0.540
33.7,0.535
33.7,0.535
33.7,0.535
33.7,0.535
33.7,0.535
33.6,0.535
33.6,0.535
33.6,0.535
33.6,0.535
33.6,0.535
33.6,0.535
33.6,0.535
33.6,0.530
33.6,0.530
33.6,0.530
33.6,0.530
33.6,0.530
33.6,0.530
33.6,0.530
33.6,0.530
33.6,0.530
33.6,0.530
33.6,0.530
33.6,0.530
33.6,0.525
33.6,0.525
33.6,0.525
33.6,0.525
33.6,0.525
33.6,0.525
33.6,0.525
33.6,0.525
33.6,0.525
33.6,0.525
33.6,0.525
33.6,0.525
33.6,0.525
33.6,0.520
33.6,0.520
33.6,0.520
33.6,0.520
33.6,0.520
33.6,0.520
33.6,0.520
33.6,0.520
33.6,0.520
33.6,0.520
33.6,0.520
33.6,0.520
33.6,0.515
33.6,0.515
33.6,0.515
33.6,0.515
33.6,0.515
33.6,0.515
33.6,0.515
33.6,0.515
33.6,0.515
33.6,0.515
33.6,0.515
33.6,0.515
33.6,0.510
33.6,0.510
33.7,0.510
33.7,0.510
33.7,0.510
33.7,0.510
33.7,0.510
33.7,0.510
33.7,0.510
33.7,0.510
33.7,0.510
33.7,0.510
33.7,0.510
33.7,0.510
33.7,0.505
33.7,0.505
33.7,0.505
33.7,0.505
33.7,0.505
33.7,0.505
33.7,0.505
33.7,0.505
33.7,0.505
33.7,0.505
33.7,0.505
33.7,0.505
33.7,0.505
33.7,0.500
33.7,0.500
33.7,0.500
33.7,0.500
33.7,0.500
33.7,0.500
33.6,0.500
33.6,0.500
33.6,0.500
33.6,0.500
33.6,0.500
33.6,0.500
33.7,0.500
33.7,0.500
33.7,0.495
33.7,0.495
33.7,0.495
33.7,0.495
33.7,0.495
33.7,0.495
33.7,0.495
33.7,0.495
33.7,0.495
33.7,0.495
33.7,0.495
33.7,0.495
33.7,0.490
33.7,0.490
33.7,0.490
33.7,0.490
33.7,0.490
33.7,0.490
33.7,0.490
33.7,0.490
33.7,0.490
33.7,0.490
33.7,0.490
33.7,0.490
33.7,0.490
33.7,0.490
33.7,0.485
33.7,0.485
33.7,0.485
33.7,0.485
33.7,0.485
33.7,0.485
33.7,0.485
33.7,0.485
33.7,0.485
33.7,0.485
33.7,0.485
33.7,0.485
33.7,0.485
33.7,0.485
33.7,0.480
33.7,0.480
33.7,0.480
33.7,0.480
33.7,0.480
33.7,0.480
33.7,0.480
33.7,0.480
33.7,0.480
33.7,0.480
33.7,0.480
33.7,0.480
33.7,0.480
33.7,0.480
33.6,0.480
33.6,0.475
33.6,0.475
33.6,0.475
33.6,0.475
33.6,0.475
33.6,0.475
33.6,0.475
33.6,0.475
33.6,0.475
33.6,0.475
33.6,0.475
33.6,0.475
33.6,0.475
33.6,0.475
33.6,0.470
33.6,0.470
33.6,0.470
33.6,0.470
33.7,0.470
33.7,0.470
33.7,0.470
33.7,0.470
33.7,0.470
33.7,0.470
33.7,0.470
33.7,0.470
33.7,0.470
33.7,0.470
33.7,0.470
33.7,0.470
33.7,0.465
33.7,0.465
33.7,0.465
33.7,0.465
33.7,0.465
33.7,0.465
33.7,0.465
33.7,0.465
33.7,0.465
33.7,0.465
33.7,0.465
33.7,0.465
33.7,0.465
33.7,0.465
33.7,0.465
33.7,0.465
33.6,0.465
33.6,0.460
33.6,0.460
33.6,0.460
33.6,0.460
33.6,0.460
33.6,0.460
33.6,0.460
33.6,0.460
33.6,0.460
33.6,0.460
33.6,0.460
33.6,0.460
33.6,0.460
33.6,0.460
33.6,0.460
33.6,0.455
33.6,0.455
33.6,0.455
33.6,0.455
33.6,0.455
33.6,0.455
33.6,0.455
33.6,0.455
33.6,0.455
33.6,0.455
33.5,0.455
33.5,0.455
33.5,0.455
33.5,0.455
33.5,0.455
33.5,0.455
33.5,0.450
33.5,0.450
33.5,0.450
33.5,0.450
33.5,0.450
33.5,0.450
33.5,0.450
33.5,0.450
33.4,0.450
33.4,0.450
33.5,0.450
33.5,0.450
33.5,0.450
33.5,0.450
33.5,0.450
33.5,0.445
33.5,0.445
33.5,0.445
33.5,0.445
33.5,0.445
33.5,0.445
33.5,0.445
33.5,0.445
33.5,0.445
33.5,0.445
33.5,0.445
33.5,0.445
33.5,0.445
33.5,0.445
33.5,0.445
33.5,0.445
33.5,0.440
33.5,0.440
33.5,0.440
33.5,0.440
33.5,0.440
33.5,0.440
33.5,0.440
33.5,0.440
33.5,0.440
33.5,0.440
33.5,0.440
33.5,0.440
33.5,0.440
33.5,0.440
33.5,0.440
33.5,0.435
33.5,0.435
33.4,0.435
33.4,0.435
33.4,0.435
33.4,0.435
33.4,0.435
33.4,0.435
33.4,0.435
33.4,0.435
33.4,0.435
33.4,0.435
33.4,0.435
33.4,0.435
33.4,0.435
33.4,0.430
33.4,0.430
33.4,0.430
33.4,0.430
33.4,0.430
33.4,0.430
33.4,0.430
33.4,0.430
33.4,0.430
33.4,0.430
33.4,0.430
33.4,0.430
33.4,0.430
33.4,0.430
33.4,0.430
33.4,0.425
33.4,0.425
33.4,0.425
33.4,0.425
33.4,0.425
33.4,0.425
33.3,0.425
33.3,0.425
33.3,0.425
33.3,0.425
33.3,0.425
33.3,0.425
33.3,0.425
33.3,0.425
33.3,0.425
33.3,0.420
33.3,0.420
33.3,0.420
33.3,0.420
33.3,0.420
33.3,0.420
33.3,0.420
33.3,0.420
33.3,0.420
33.3,0.420
33.3,0.420
33.3,0.420
33.3,0.420
33.3,0.420
33.3,0.420
33.3,0.420
33.3,0.415
33.3,0.415
33.3,0.415
33.3,0.415
33.3,0.415
33.3,0.415
33.3,0.415
33.3,0.415
33.3,0.415
33.3,0.415
33.3,0.415
33.2,0.415
33.2,0.415
33.2,0.415
33.2,0.415
33.2,0.410
33.2,0.410
33.2,0.410
33.2,0.410
33.2,0.410
33.2,0.410
33.2,0.410
33.2,0.410
33.2,0.410
33.2,0.410
33.2,0.410
33.2,0.410
33.2,0.410
33.2,0.410
33.2,0.410
33.2,0.410
33.2,0.410
33.2,0.405
33.2,0.405
33.2,0.405
33.2,0.405
33.2,0.405
33.2,0.405
33.2,0.405
33.2,0.405
33.2,0.405
33.2,0.405
33.2,0.405
33.3,0.405
33.3,0.405
33.3,0.405
33.3,0.405
33.3,0.405
33.3,0.405
33.3,0.400
33.3,0.400
33.3,0.400
33.3,0.400
33.3,0.400
33.3,0.400
33.3,0.400
33.3,0.400
33.3,0.400
33.3,0.400
33.3,0.400
33.3,0.400
33.3,0.400
33.4,0.400
33.4,0.400
33.4,0.400
33.4,0.400
33.4,0.400
33.4,0.395
33.4,0.395
33.4,0.395
33.4,0.395
33.4,0.395
33.4,0.395
33.4,0.395
33.4,0.395
33.4,0.395
33.4,0.395
33.4,0.395
33.4,0.395
33.4,0.395
33.5,0.395
33.5,0.395
33.5,0.395
33.5,0.395
33.5,0.395
33.5,0.395
33.5,0.395
33.5,0.390
33.5,0.390
33.5,0.390
33.5,0.390
33.5,0.390
33.5,0.390
33.5,0.390
33.5,0.390
33.5,0.390
33.5,0.390
33.5,0.390
33.5,0.390
33.5,0.390
33.5,0.390
33.5,0.390
33.5,0.390
33.5,0.390
33.5,0.390
33.5,0.390
33.5,0.390
33.5,0.390
33.5,0.385
33.5,0.385
33.5,0.385
33.5,0.385
33.5,0.385
33.5,0.385
33.5,0.385
33.5,0.385
33.5,0.385
33.6,0.385
33.6,0.385
33.6,0.385
33.5,0.385
33.5,0.385
33.5,0.385
33.5,0.385
33.5,0.385
33.5,0.385
33.5,0.385
33.5,0.385
33.5,0.385
33.5,0.385
33.5,0.380
33.5,0.380
33.5,0.380
33.5,0.380
33.5,0.380
33.5,0.380
33.5,0.380
33.5,0.380
33.5,0.380
33.5,0.380
33.5,0.380
33.5,0.380
33.5,0.380
33.5,0.380
33.5,0.380
33.5,0.380
33.5,0.380
33.5,0.380
33.5,0.380
33.5,0.380
33.5,0.380
33.5,0.375
33.5,0.375
33.5,0.375
33.5,0.375
33.5,0.375
33.5,0.375
33.5,0.375
33.5,0.375
33.5,0.375
33.5,0.375
33.5,0.375
33.5,0.375
33.5,0.375
33.5,0.375
33.5,0.375
33.5,0.375
33.5,0.375
33.5,0.375
33.5,0.375
33.5,0.375
33.5,0.375
33.5,0.375
33.5,0.375
33.5,0.370
33.4,0.370
33.4,0.370
33.4,0.370
33.4,0.370
33.4,0.370
33.4,0.370
33.4,0.370
33.4,0.370
33.4,0.370
33.4,0.370
33.4,0.370
33.4,0.370
33.4,0.370
33.4,0.370
33.4,0.370
33.4,0.370
33.4,0.370
33.4,0.370
33.4,0.370
33.4,0.370
33.4,0.370
33.4,0.370
33.4,0.370
33.4,0.370
33.4,0.370
33.4,0.365
33.4,0.365
33.4,0.365
33.4,0.365
33.4,0.365
33.4,0.365
33.4,0.365
33.4,0.365
33.4,0.365
33.4,0.365
33.3,0.365
33.3,0.365
33.3,0.365
33.3,0.365
33.3,0.365
33.3,0.365
33.3,0.365
33.3,0.365
33.3,0.365
33.3,0.365
33.3,0.365
33.3,0.365
33.3,0.365
33.3,0.365
33.3,0.365
33.3,0.365
33.3,0.365
33.3,0.360
33.3,0.360
33.3,0.360
33.3,0.360
33.3,0.360
33.3,0.360
33.3,0.360
33.3,0.360
33.3,0.360
33.3,0.360
33.3,0.360
33.3,0.360
33.3,0.360
33.3,0.360
33.3,0.360
33.3,0.360
33.3,0.360
33.3,0.360
33.3,0.360
33.3,0.360
33.3,0.360
33.3,0.360
33.3,0.360
33.3,0.360
33.3,0.360
33.3,0.360
33.3,0.360
33.3,0.360
33.2,0.355
33.2,0.355
33.2,0.355
33.2,0.355
33.2,0.355
33.2,0.355
33.2,0.355
33.2,0.355
33.2,0.355
33.2,0.355
33.2,0.355
33.2,0.355
33.2,0.355
33.2,0.355
33.2,0.355
33.2,0.355
33.2,0.355
33.1,0.355
33.1,0.355
33.1,0.355
33.1,0.355
33.1,0.355
33.1,0.355
33.1,0.355
33.1,0.355
33.1,0.355
33.1,0.355
33.1,0.355
33.1,0.355
33.1,0.355
33.1,0.355
33.1,0.355
33.1,0.350
33.1,0.350
33.1,0.350
33.0,0.350
33.0,0.350
33.0,0.350
33.0,0.350
33.0,0.350
33.0,0.350
33.0,0.350
33.0,0.350
33.0,0.350
33.0,0.350
33.0,0.350
33.0,0.350
33.0,0.350
33.0,0.350
33.0,0.350
33.0,0.350
33.0,0.350
33.0,0.350
33.0,0.350
33.0,0.350
33.0,0.350
33.0,0.350
33.0,0.350
33.0,0.350
33.0,0.350
33.0,0.350
33.0,0.350
33.0,0.350
33.0,0.350
33.0,0.350
33.0,0.350
33.0,0.350
33.0,0.350
33.0,0.345
33.0,0.345
33.0,0.345
33.0,0.345
32.9,0.345
32.9,0.345
32.9,0.345
32.9,0.345
32.9,0.345
32.9,0.345
32.9,0.345
32.9,0.345
32.9,0.345
32.9,0.345
32.9,0.345
33.0,0.345
33.0,0.345
33.0,0.345
33.0,0.345
33.0,0.345
33.0,0.345
33.0,0.345
33.0,0.345
32.9,0.345
32.9,0.345
32.9,0.345
32.9,0.345
32.9,0.345
32.9,0.345
32.9,0.345
32.9,0.345
32.9,0.345
32.9,0.345
32.9,0.345
32.9,0.340
32.9,0.340
32.9,0.340
32.9,0.340
32.9,0.340
32.9,0.340
32.9,0.340
32.9,0.340
32.9,0.340
32.9,0.340
32.9,0.340
32.9,0.340
32.9,0.340
32.9,0.340
32.9,0.340
32.9,0.340
32.9,0.340
32.9,0.340
32.9,0.340
32.9,0.340
32.9,0.340
32.9,0.340
32.9,0.340
32.9,0.340
32.9,0.340
32.9,0.340
32.8,0.340
32.8,0.340
32.8,0.340
32.8,0.340
32.8,0.340
32.8,0.335
32.8,0.335
32.8,0.335
32.8,0.335
32.8,0.335
32.8,0.335
32.8,0.335
32.8,0.335
32.8,0.335
32.8,0.335
32.8,0.335
32.8,0.335
32.8,0.335
32.8,0.335
32.8,0.335
32.8,0.335
32.8,0.335
32.8,0.335
32.8,0.335
32.8,0.335
32.8,0.335
32.8,0.335
32.8,0.335
32.8,0.335
32.8,0.335
32.8,0.335
32.8,0.335
32.8,0.335
32.8,0.335
32.8,0.335
32.9,0.335
32.9,0.330
32.9,0.330
32.9,0.330
32.9,0.330
32.9,0.330
32.9,0.330
32.9,0.330
32.9,0.330
32.9,0.330
32.9,0.330
32.9,0.330
32.9,0.330
32.9,0.330
32.9,0.330
32.9,0.330
32.9,0.330
32.9,0.330
32.9,0.330
32.9,0.330
32.9,0.330
32.9,0.330
32.9,0.330
32.9,0.330
32.9,0.330
32.9,0.330
32.9,0.330
32.9,0.330
32.9,0.330
32.9,0.330
32.9,0.330
32.9,0.330
32.9,0.330
32.9,0.330
32.9,0.330
32.9,0.330
32.9,0.330
32.9,0.325
32.9,0.325
32.9,0.325
32.9,0.325
32.9,0.325
32.9,0.325
32.9,0.325
32.9,0.325
32.9,0.325
32.9,0.325
32.9,0.325
32.9,0.325
32.9,0.325
32.9,0.325
32.9,0.325
32.9,0.325
32.9,0.325
32.9,0.325
32.9,0.325
32.9,0.325
32.9,0.325
32.9,0.325
32.9,0.325
32.9,0.325
32.9,0.325
32.9,0.325
32.9,0.325
32.9,0.325
32.9,0.325
32.9,0.325
32.9,0.325
32.9,0.325
32.9,0.325
32.9,0.325
32.9,0.325
32.9,0.325
32.9,0.325
32.9,0.325
32.9,0.325
32.9,0.325
32.9,0.320
32.9,0.320
32.9,0.320
32.9,0.320
32.9,0.320
32.9,0.320
32.9,0.320
32.9,0.320
32.9,0.320
32.9,0.320
32.9,0.320
32.9,0.320
32.9,0.320
32.9,0.320
32.9,0.320
32.9,0.320
32.9,0.320
32.9,0.320
32.9,0.320
32.9,0.320
32.9,0.320
32.9,0.320
32.9,0.320
32.9,0.320
32.9,0.320
32.9,0.320
32.9,0.320
32.9,0.320
32.9,0.320
32.9,0.320
32.9,0.320
32.9,0.320
32.9,0.320
32.9,0.320
32.9,0.320
32.9,0.320
32.9,0.320
32.9,0.320
32.9,0.320
32.9,0.320
32.9,0.320
32.9,0.320
32.9,0.320
32.9,0.320
32.9,0.320
32.9,0.320
32.9,0.320
32.9,0.320
32.9,0.315
32.9,0.315
32.9,0.315
32.9,0.315
32.9,0.315
32.9,0.315
32.9,0.315
32.9,0.315
32.9,0.315
32.9,0.315
32.9,0.315
32.9,0.315
32.9,0.315
32.9,0.315
32.9,0.315
32.9,0.315
32.9,0.315
32.9,0.315
32.9,0.315
32.9,0.315
32.9,0.315
32.9,0.315
32.9,0.315
32.9,0.315
32.9,0.315
32.9,0.315
32.9,0.315
32.9,0.315
32.9,0.315
32.9,0.315
32.9,0.315
32.9,0.315
32.9,0.315
32.9,0.315
32.9,0.315
32.9,0.315
32.9,0.315
32.9,0.315
32.9,0.315
32.9,0.315
32.9,0.315
32.9,0.315
32.9,0.315
32.9,0.315
32.9,0.315
32.9,0.315
32.9,0.315
32.9,0.315
32.9,0.315
32.9,0.315
32.9,0.315
32.9,0.315
32.9,0.315
32.9,0.315
32.9,0.315
32.9,0.315
32.9,0.315
32.9,0.315
32.9,0.315
32.9,0.315
32.9,0.315
32.9,0.315
32.9,0.315
32.9,0.315
32.9,0.315
32.9,0.315
32.9,0.310
32.9,0.310
32.9,0.310
32.9,0.310
32.9,0.310
32.9,0.310
32.9,0.310
32.9,0.310
32.9,0.310
32.9,0.310
32.9,0.310
32.9,0.310
32.9,0.310
32.9,0.310
32.9,0.310
32.9,0.310
32.9,0.310
32.9,0.310
32.9,0.310
32.9,0.310
32.9,0.310
32.9,0.310
32.9,0.310
32.9,0.310
32.9,0.310
32.9,0.310
32.9,0.310
32.9,0.310
32.9,0.310
32.9,0.310
32.9,0.310
32.9,0.310
32.9,0.310
32.9,0.310
32.9,0.310
32.9,0.310
32.9,0.310
32.9,0.310
32.9,0.310
32.9,0.310
32.9,0.310
32.9,0.310
32.9,0.310
32.9,0.310
32.9,0.310
32.9,0.310
32.9,0.310
32.9,0.310
32.9,0.310
32.9,0.310
32.9,0.310
32.9,0.310
32.9,0.310
32.9,0.310
32.9,0.310
32.9,0.310
32.9,0.310
32.9,0.310
32.9,0.310
32.9,0.310
32.9,0.310
32.9,0.310
32.9,0.310
32.9,0.310
32.9,0.310
32.9,0.310
32.9,0.310
32.9,0.310
32.9,0.310
32.9,0.310
32.9,0.310
32.9,0.310
32.9,0.310
32.9,0.310
32.9,0.310
32.9,0.310
32.9,0.310
32.9,0.310
32.9,0.310
32.9,0.310
32.9,0.310
32.9,0.310
32.9,0.310
32.9,0.310
32.9,0.310
32.9,0.310
32.9,0.310
32.9,0.310
32.9,0.310
32.9,0.310
32.9,0.310
32.9,0.310
32.9,0.310
33.0,0.310
33.0,0.310
33.0,0.310
33.0,0.310
33.0,0.310
33.0,0.310
33.0,0.310
33.0,0.310
33.0,0.310
33.0,0.310
33.0,0.310
33.0,0.310
33.0,0.305
33.0,0.305
33.0,0.305
33.0,0.305
33.0,0.305
33.0,0.305
33.0,0.305
33.0,0.305
33.0,0.305
33.0,0.305
33.0,0.305
33.0,0.305
33.0,0.305
33.0,0.305
33.0,0.305
33.0,0.305
33.0,0.305
33.0,0.305
33.0,0.305
33.0,0.305
33.0,0.305
33.0,0.305
33.0,0.305
33.0,0.305
33.0,0.305
33.0,0.305
33.0,0.305
33.0,0.305
33.0,0.305
33.0,0.305
33.0,0.305
33.0,0.305
33.0,0.305
33.0,0.305
33.0,0.305
33.0,0.305
33.0,0.305
33.0,0.305
33.0,0.305
33.0,0.305
33.0,0.305
33.0,0.305
33.1,0.305
33.1,0.305
33.1,0.305
33.1,0.305
33.1,0.305
33.1,0.305
33.1,0.305
33.1,0.305
33.1,0.305
33.1,0.305
33.1,0.305
33.1,0.305
33.1,0.305
33.1,0.305
33.1,0.305
33.1,0.305
33.1,0.305
33.1,0.305
33.1,0.305
33.1,0.305
33.1,0.305
33.1,0.305
33.1,0.305
33.1,0.305
33.1,0.305
33.1,0.305
33.1,0.305
33.1,0.305
33.1,0.305
33.1,0.305
33.1,0.305
33.1,0.305
33.1,0.305
33.1,0.305
33.1,0.305
33.1,0.305
33.1,0.305
33.1,0.305
33.1,0.305
33.1,0.305
33.1,0.305
33.1,0.305
33.1,0.305
33.1,0.305
33.1,0.305
33.0,0.305
33.0,0.305
33.0,0.305
33.0,0.305
33.0,0.305
33.0,0.305
33.0,0.305
33.0,0.305
33.0,0.305
33.0,0.305
33.0,0.305
33.0,0.305
33.0,0.305
33.0,0.305
33.0,0.305
33.0,0.305
33.0,0.305
33.0,0.305
33.0,0.305
33.0,0.305
33.0,0.305
33.0,0.305
33.0,0.305
33.0,0.305
32.9,0.305
32.9,0.305
32.9,0.305
32.9,0.305
32.9,0.305
32.9,0.305
32.9,0.305
32.9,0.305
32.9,0.305
32.9,0.305
32.9,0.305
32.9,0.305
32.9,0.305
32.9,0.305
32.9,0.305
32.9,0.305
32.9,0.305
32.9,0.305
32.9,0.305
32.9,0.305
32.9,0.305
32.9,0.305
32.9,0.305
32.9,0.305
32.9,0.305
32.9,0.305
32.9,0.305
32.9,0.305
32.9,0.305
32.9,0.305
32.9,0.305
32.8,0.300
32.8,0.300
32.8,0.300
32.8,0.300
32.8,0.300
32.8,0.300
32.8,0.300
32.8,0.300
32.8,0.300
32.8,0.300
32.8,0.300
32.8,0.300
32.8,0.300
32.8,0.300
32.8,0.300
32.8,0.300
32.8,0.300
32.8,0.300
32.8,0.300
32.8,0.300
32.8,0.300
32.8,0.300
32.8,0.300
32.8,0.300
32.8,0.300
32.8,0.300
32.8,0.300
32.8,0.300
32.8,0.300
32.8,0.300
32.8,0.300
32.8,0.300
32.8,0.300
32.8,0.300
32.8,0.300
32.8,0.300
32.8,0.300
32.8,0.300
32.8,0.300
32.8,0.300
32.8,0.300
32.8,0.300
32.8,0.300
32.8,0.300
32.8,0.300
32.7,0.300
32.7,0.300
32.7,0.300
32.7,0.300
32.7,0.300
32.7,0.300
32.7,0.300
32.7,0.300
32.7,0.300
32.7,0.300
32.7,0.300
32.7,0.300
32.7,0.300
32.7,0.300
32.7,0.300
32.7,0.300
32.7,0.300
32.7,0.300
32.7,0.300
32.7,0.300
32.7,0.300
32.7,0.300
32.7,0.300
32.7,0.300
32.7,0.300
32.7,0.300
32.7,0.300
32.7,0.300
32.7,0.300
32.7,0.300
32.7,0.300
32.7,0.300
32.7,0.300
32.7,0.300
32.7,0.300
32.7,0.300
32.7,0.300
32.7,0.300
32.7,0.300
32.7,0.300
32.7,0.300
32.7,0.300
32.7,0.300
32.7,0.300
32.7,0.300
32.7,0.300
32.7,0.300
32.7,0.300
32.7,0.300
32.6,0.295
32.6,0.295
32.6,0.295
32.6,0.295
32.6,0.295
32.6,0.295
32.6,0.295
32.6,0.295
32.6,0.295
32.6,0.295
32.6,0.295
32.6,0.295
32.6,0.295
32.6,0.295
32.6,0.295
32.6,0.295
32.6,0.295
32.6,0.295
32.6,0.295
32.6,0.295
32.6,0.295
32.6,0.295
32.6,0.295
32.6,0.295
32.6,0.295
32.6,0.295
32.6,0.295
32.6,0.295
32.6,0.295
32.6,0.295
32.6,0.295
32.6,0.295
32.6,0.295
32.6,0.295
32.6,0.295
32.6,0.295
32.6,0.295
32.6,0.295
32.6,0.295
32.6,0.295
32.6,0.295
32.6,0.295
32.6,0.295
32.6,0.295
32.6,0.295
32.6,0.295
32.6,0.295
32.6,0.295
32.6,0.295
32.6,0.295
32.6,0.295
32.6,0.295
32.6,0.295
32.6,0.295
32.6,0.295
32.6,0.295
32.6,0.295
32.6,0.295
32.6,0.295
32.6,0.295
32.6,0.295
32.6,0.295
32.6,0.295
32.6,0.295
32.6,0.295
32.6,0.295
32.6,0.295
32.6,0.295
32.6,0.295
32.6,0.295
32.6,0.295
32.6,0.295
32.6,0.295
32.6,0.295
32.6,0.295
32.6,0.295
32.6,0.295
32.6,0.295
32.6,0.295
32.6,0.295
32.6,0.295
32.6,0.295
32.6,0.290
32.6,0.290
32.6,0.290
32.6,0.290
32.6,0.290
32.6,0.290
32.6,0.290
32.6,0.290
32.6,0.290
32.6,0.290
32.6,0.290
32.6,0.290
32.6,0.290
32.6,0.290
32.6,0.290
32.6,0.290
32.6,0.290
32.6,0.290
32.6,0.290
32.6,0.290
32.6,0.290
32.6,0.290
32.6,0.290
32.6,0.290
32.6,0.290
32.6,0.290
32.6,0.290
32.6,0.290
32.6,0.290
32.6,0.290
32.6,0.290
32.6,0.290
32.6,0.290
32.6,0.290
32.6,0.290
32.6,0.290
32.6,0.290
32.6,0.290
32.6,0.290
32.6,0.290
32.6,0.290
32.6,0.290
32.6,0.290
32.6,0.290
32.6,0.290
32.6,0.290
32.6,0.290
32.6,0.290
32.6,0.290
32.6,0.290
32.6,0.290
32.6,0.290
32.6,0.290
32.6,0.290
32.7,0.290
32.7,0.290
32.7,0.290
32.7,0.290
32.7,0.290
32.7,0.290
32.7,0.290
32.7,0.290
32.7,0.290
32.7,0.290
32.7,0.290
32.7,0.290
32.7,0.290
32.7,0.290
32.7,0.290
32.7,0.290
32.7,0.290
32.7,0.290
32.7,0.290
32.7,0.290
32.7,0.290
32.7,0.290
32.7,0.290
32.7,0.290
32.7,0.290
32.7,0.290
32.7,0.290
32.7,0.290
32.7,0.290
32.7,0.290
32.7,0.290
32.7,0.290
32.7,0.290
32.7,0.290
32.7,0.290
32.7,0.285
32.7,0.285
32.7,0.285
32.7,0.285
32.7,0.285
32.7,0.285
32.7,0.285
32.7,0.285
32.6,0.285
32.6,0.285
32.6,0.285
32.6,0.285
32.6,0.285
32.6,0.285
32.6,0.285
32.6,0.285
32.6,0.285
32.6,0.285
32.6,0.285
32.6,0.285
32.6,0.285
32.6,0.285
32.6,0.285
32.6,0.285
32.6,0.285
32.6,0.285
32.6,0.285
32.6,0.285
32.6,0.285
32.6,0.285
32.6,0.285
32.6,0.285
32.6,0.285
32.6,0.285
32.6,0.285
32.6,0.285
32.6,0.285
32.6,0.285
32.6,0.285
32.6,0.285
32.6,0.285
32.6,0.285
32.6,0.285
32.6,0.285
32.6,0.285
32.6,0.285
32.6,0.285
32.6,0.285
32.6,0.285
32.6,0.285
32.6,0.285
32.6,0.285
32.6,0.285
32.6,0.285
32.6,0.285
32.6,0.285
32.6,0.285
32.6,0.285
32.6,0.285
32.6,0.285
32.6,0.285
32.6,0.285
32.6,0.285
32.6,0.285
32.6,0.285
32.6,0.285
32.6,0.285
32.6,0.285
32.6,0.285
32.6,0.285
32.6,0.285
32.6,0.285
32.6,0.285
32.6,0.285
32.6,0.285
32.6,0.285
32.5,0.285
32.5,0.285
32.5,0.285
32.5,0.285
32.5,0.285
32.5,0.285
32.5,0.285
32.5,0.285
32.5,0.285
32.5,0.285
32.5,0.285
32.5,0.285
32.5,0.280
32.5,0.280
32.5,0.280
32.5,0.280
32.5,0.280
32.5,0.280
32.5,0.280
32.5,0.280
32.5,0.280
32.5,0.280
32.5,0.280
32.5,0.280
32.5,0.280
32.5,0.280
32.5,0.280
32.5,0.280
32.5,0.280
32.5,0.280
32.5,0.280
32.5,0.280
32.5,0.280
32.5,0.280
32.5,0.280
32.5,0.280
32.5,0.280
32.5,0.280
32.5,0.280
32.5,0.280
32.5,0.280
32.5,0.280
32.5,0.280
32.5,0.280
32.5,0.280
32.5,0.280
32.5,0.280
32.5,0.280
32.5,0.280
32.5,0.280
32.5,0.280
32.5,0.280
32.5,0.280
32.5,0.280
32.5,0.280
32.5,0.280
32.5,0.280
32.5,0.280
32.5,0.280
32.5,0.280
32.5,0.280
32.5,0.280
32.5,0.280
32.5,0.280
32.5,0.280
32.5,0.280
32.5,0.280
32.5,0.280
32.5,0.280
32.5,0.280
32.5,0.280
32.5,0.280
32.5,0.280
32.5,0.280
32.5,0.280
32.5,0.280
32.5,0.280
32.5,0.280
32.5,0.280
32.5,0.280
32.5,0.280
32.5,0.280
32.5,0.280
32.5,0.280
32.5,0.280
32.5,0.280
32.5,0.280
32.5,0.275
32.5,0.275
32.5,0.275
32.5,0.275
32.5,0.275
32.5,0.275
32.5,0.275
32.5,0.275
32.5,0.275
32.5,0.275
32.5,0.275
32.5,0.275
32.5,0.275
32.5,0.275
32.5,0.275
32.5,0.275
32.5,0.275
32.5,0.275
32.5,0.275
32.5,0.275
32.5,0.275
32.5,0.275
32.5,0.275
32.5,0.275
32.5,0.275
32.5,0.275
32.5,0.275
32.5,0.275
32.5,0.275
32.5,0.275
32.5,0.275
32.5,0.275
32.5,0.275
32.5,0.275
32.5,0.275
32.5,0.275
32.5,0.275
32.5,0.275
32.5,0.275
32.5,0.275
32.5,0.275
32.5,0.275
32.5,0.275
32.5,0.275
32.5,0.275
32.5,0.275
32.5,0.275
32.4,0.275
32.4,0.275
32.4,0.275
32.4,0.275
32.4,0.275
32.4,0.275
32.4,0.275
32.4,0.275
32.4,0.275
32.4,0.275
32.4,0.275
32.4,0.275
32.4,0.275
32.4,0.275
32.4,0.275
32.4,0.275
32.4,0.275
32.4,0.275
32.4,0.275
32.4,0.275
32.4,0.275
32.4,0.270
32.4,0.270
32.4,0.270
32.4,0.270
32.4,0.270
32.4,0.270
32.4,0.270
32.4,0.270
32.4,0.270
32.4,0.270
32.4,0.270
32.4,0.270
32.4,0.270
32.4,0.270
32.4,0.270
32.3,0.270
32.3,0.270
32.3,0.270
32.3,0.270
32.3,0.270
32.3,0.270
32.3,0.270
32.3,0.270
32.3,0.270
32.3,0.270
32.3,0.270
32.3,0.270
32.3,0.270
32.3,0.270
32.3,0.270
32.3,0.270
32.3,0.270
32.3,0.270
32.3,0.270
32.3,0.270
32.3,0.270
32.3,0.270
32.3,0.270
32.3,0.270
32.3,0.270
32.2,0.270
32.2,0.270
32.2,0.270
32.2,0.270
32.2,0.270
32.2,0.270
32.2,0.270
32.2,0.270
32.2,0.270
32.2,0.270
32.2,0.270
32.2,0.270
32.2,0.270
32.2,0.270
32.2,0.265
32.2,0.265
32.2,0.265
32.2,0.265
32.2,0.265
32.2,0.265
32.1,0.265
32.1,0.265
32.1,0.265
32.1,0.265
32.1,0.265
32.1,0.265
32.1,0.265
32.1,0.265
32.1,0.265
32.2,0.265
32.2,0.265
32.2,0.265
32.2,0.265
32.2,0.265
32.2,0.265
32.2,0.265
32.2,0.265
32.2,0.265
32.2,0.265
32.2,0.265
32.2,0.265
32.2,0.265
32.2,0.265
32.2,0.265
32.2,0.265
32.2,0.265
32.2,0.265
32.2,0.265
32.2,0.265
32.2,0.265
32.2,0.265
32.2,0.265
32.2,0.265
32.2,0.265
32.2,0.265
32.2,0.265
32.2,0.260
32.2,0.260
32.2,0.260
32.2,0.260
32.2,0.260
32.2,0.260
32.2,0.260
32.2,0.260
32.2,0.260
32.2,0.260
32.2,0.260
32.2,0.260
32.2,0.260
32.2,0.260
32.2,0.260
32.2,0.260
32.2,0.260
32.2,0.260
32.2,0.260
32.3,0.260
32.3,0.260
32.3,0.260
32.3,0.260
32.3,0.260
32.3,0.260
32.3,0.260
32.3,0.260
32.3,0.260
32.3,0.260
32.3,0.260
32.3,0.260
32.3,0.260
32.3,0.260
32.3,0.260
32.3,0.260
32.3,0.260
32.3,0.260
32.3,0.260
32.3,0.260
32.3,0.260
32.3,0.255
32.3,0.255
32.3,0.255
32.3,0.255
32.3,0.255
32.3,0.255
32.3,0.255
32.3,0.255
32.3,0.255
32.3,0.255
32.4,0.255
32.4,0.255
32.4,0.255
32.4,0.255
32.4,0.255
32.4,0.255
32.4,0.255
32.4,0.255
32.4,0.255
32.4,0.255
32.4,0.255
32.4,0.255
32.4,0.255
32.4,0.255
32.4,0.255
32.4,0.255
32.4,0.255
32.4,0.255
32.4,0.255
32.4,0.255
32.4,0.255
32.4,0.255
32.4,0.255
32.4,0.255
32.4,0.255
32.4,0.255
32.4,0.255
32.4,0.250
32.4,0.250
32.4,0.250
32.4,0.250
32.4,0.250
32.4,0.250
32.4,0.250
32.4,0.250
32.4,0.250
32.4,0.250
32.4,0.250
32.4,0.250
32.4,0.250
32.4,0.250
32.4,0.250
32.4,0.250
32.4,0.250
32.4,0.250
32.4,0.250
32.4,0.250
32.4,0.250
32.4,0.250
32.4,0.250
32.4,0.250
32.4,0.250
32.4,0.250
32.4,0.250
32.4,0.250
32.4,0.250
32.4,0.250
32.4,0.250
32.4,0.250
32.4,0.250
32.4,0.250
32.4,0.250
32.4,0.250
32.4,0.250
32.4,0.250
32.4,0.245
32.4,0.245
32.4,0.245
32.4,0.245
32.4,0.245
32.4,0.245
32.4,0.245
32.4,0.245
32.4,0.245
32.4,0.245
32.4,0.245
32.4,0.245
32.4,0.245
32.4,0.245
32.4,0.245
32.4,0.245
32.4,0.245
32.4,0.245
32.4,0.245
32.4,0.245
32.4,0.245
32.4,0.245
32.3,0.245
32.3,0.245
32.3,0.245
32.3,0.245
32.3,0.245
32.3,0.245
32.3,0.245
32.3,0.245
32.3,0.245
32.3,0.245
32.3,0.245
32.3,0.245
32.3,0.245
32.3,0.240
32.3,0.240
32.3,0.240
32.3,0.240
32.3,0.240
32.3,0.240
32.3,0.240
32.3,0.240
32.3,0.240
32.3,0.240
32.3,0.240
32.3,0.240
32.3,0.240
32.3,0.240
32.3,0.240
32.3,0.240
32.3,0.240
32.3,0.240
32.3,0.240
32.2,0.240
32.2,0.240
32.2,0.240
32.2,0.240
32.2,0.240
32.2,0.240
32.2,0.240
32.2,0.240
32.3,0.240
32.3,0.235
32.3,0.235
32.3,0.235
32.3,0.235
32.3,0.235
32.3,0.235
32.3,0.235
32.3,0.235
32.3,0.235
32.3,0.235
32.3,0.235
32.3,0.235
32.3,0.235
32.3,0.235
32.3,0.235
32.3,0.235
32.3,0.235
32.3,0.235
32.3,0.235
32.3,0.235
32.3,0.235
32.3,0.235
32.3,0.235
32.3,0.235
32.3,0.235
32.3,0.230
32.3,0.230
32.3,0.230
32.3,0.230
32.3,0.230
32.3,0.230
32.3,0.230
32.3,0.230
32.3,0.230
32.3,0.230
32.3,0.230
32.3,0.230
32.3,0.230
32.3,0.230
32.3,0.230
32.3,0.230
32.3,0.230
32.3,0.230
32.3,0.230
32.3,0.230
32.3,0.230
32.3,0.230
32.2,0.230
32.2,0.225
32.2,0.225
32.2,0.225
32.2,0.225
32.2,0.225
32.2,0.225
32.2,0.225
32.2,0.225
32.2,0.225
32.2,0.225
32.2,0.225
32.2,0.225
32.2,0.225
32.2,0.225
32.2,0.225
32.2,0.225
32.2,0.225
32.2,0.225
32.2,0.225
32.2,0.225
32.2,0.225
32.2,0.220
32.2,0.220
32.2,0.220
32.2,0.220
32.2,0.220
32.2,0.220
32.2,0.220
32.2,0.220
32.2,0.220
32.2,0.220
32.2,0.220
32.2,0.220
32.2,0.220
32.2,0.220
32.2,0.220
32.2,0.220
32.2,0.220
32.2,0.220
32.1,0.215
32.1,0.215
32.1,0.215
32.1,0.215
32.1,0.215
32.1,0.215
32.1,0.215
32.0,0.215
32.0,0.215
31.9,0.215
31.8,0.215
31.8,0.215
31.8,0.215
31.7,0.215
31.7,0.215
31.6,0.215
31.6,0.215
31.6,0.215
31.5,0.210
31.5,0.210
31.5,0.210
31.4,0.210
31.3,0.210
31.3,0.210
31.2,0.210
31.2,0.210
31.0,0.210
30.9,0.210
30.7,0.210
30.5,0.210
30.3,0.210
30.0,0.210
29.8,0.210
29.5,0.210
29.3,0.210
29.1,0.205
28.8,0.205
28.6,0.205
28.4,0.205
28.1,0.205
27.9,0.205
27.7,0.205
27.4,0.205
27.2,0.205
27.0,0.205
26.8,0.205
26.5,0.205
26.3,0.205
26.1,0.205
25.8,0.205
25.6,0.205
25.3,0.205
25.1,0.200
24.9,0.200
24.6,0.200
24.4,0.200
24.2,0.200
23.9,0.200
23.7,0.200
23.5,0.200
23.3,0.200
23.1,0.200
22.8,0.200
22.6,0.200
22.4,0.200
22.1,0.200
21.9,0.200
21.7,0.200
21.5,0.200
21.3,0.195
21.1,0.195
20.9,0.195
20.7,0.195
20.4,0.195
20.2,0.195
20.0,0.195
19.8,0.195
19.6,0.195
19.4,0.195
19.3,0.195
19.2,0.195
19.1,0.195
18.9,0.195
18.8,0.195
18.7,0.195
18.5,0.190
18.4,0.190
18.3,0.190
18.2,0.190
18.1,0.190
18.1,0.190
18.0,0.190
17.9,0.190
17.9,0.190
17.8,0.190
17.7,0.190
17.6,0.190
17.5,0.190
17.4,0.190
17.3,0.190
17.2,0.190
17.0,0.190
16.8,0.190
16.6,0.185
16.4,0.185
16.1,0.185
15.9,0.185
15.6,0.185
15.3,0.185
15.0,0.185
14.8,0.185
14.5,0.185
14.3,0.185
14.0,0.185
13.8,0.185
13.5,0.185
13.2,0.185
13.0,0.185
12.7,0.185
12.5,0.180
12.2,0.180
11.9,0.180
11.7,0.180
11.4,0.180
11.2,0.180
10.9,0.180
10.6,0.180
10.3,0.180
10.1,0.180
9.8,0.180
9.6,0.180
9.3,0.180
9.0,0.180
8.8,0.180
8.5,0.180
8.3,0.180
8.1,0.180
7.8,0.175
7.6,0.175
7.4,0.175
7.1,0.175
6.9,0.175
6.7,0.175
6.5,0.175
6.3,0.175
6.1,0.175
6.0,0.175
5.8,0.175
5.7,0.175
5.6,0.175
5.5,0.175
5.4,0.175
5.3,0.175
5.2,0.170
5.1,0.170
5.1,0.170
5.0,0.170
4.9,0.170
4.8,0.170
4.8,0.170
4.7,0.170
4.6,0.170
4.4,0.170
4.3,0.170
4.1,0.170
3.9,0.170
3.7,0.170
3.4,0.170
3.1,0.170
2.9,0.170
2.6,0.170
2.4,0.165
2.1,0.165
1.8,0.165
1.6,0.165
1.3,0.165
1.1,0.165
0.9,0.165
0.6,0.165
0.4,0.165
0.2,0.165
0.0,0.165
-0.2,0.165
-0.4,0.165
-0.5,0.165
-0.5,0.165
-0.5,0.165
-0.5,0.165
-0.4,0.165
-0.3,0.160
-0.1,0.160
0.0,0.160
0.2,0.160
0.4,0.160
0.5,0.160
0.6,0.160
0.6,0.160
0.6,0.160
0.5,0.160
0.4,0.160
0.2,0.160
0.0,0.160
-0.1,0.160
-0.3,0.160
-0.4,0.160
-0.5,0.160
-0.5,0.155
-0.5,0.155
-0.3,0.155
-0.2,0.155
-0.1,0.155
0.1,0.155
0.3,0.155
0.4,0.155
0.5,0.155
0.6,0.155
0.6,0.155
0.5,0.155
0.4,0.155
0.3,0.155
0.2,0.155
0.0,0.155
-0.1,0.150
-0.2,0.150
-0.3,0.150
-0.4,0.150
-0.4,0.150
-0.4,0.150
-0.3,0.150
-0.1,0.150
0.0,0.150
0.2,0.150
0.3,0.150
0.4,0.150
0.5,0.150
0.5,0.150
0.5,0.150
0.4,0.150
0.3,0.150
0.2,0.150
0.1,0.145
-0.1,0.145
-0.2,0.145
-0.3,0.145
-0.3,0.145
-0.4,0.145
-0.3,0.145
-0.2,0.145
-0.1,0.145
0.0,0.145
0.1,0.145
0.2,0.145
0.4,0.145
0.4,0.145
0.4,0.145
0.5,0.145
0.4,0.145
0.3,0.145
0.2,0.140
0.1,0.140
0.0,0.140
-0.1,0.140
-0.2,0.140
-0.3,0.140
-0.3,0.140
-0.3,0.140
-0.2,0.140
-0.2,0.140
-0.1,0.140
0.1,0.140
0.2,0.140
0.3,0.140
0.4,0.140
0.5,0.140
0.5,0.140
0.5,0.135
0.4,0.135
0.3,0.135
0.2,0.135
0.1,0.135
-0.1,0.135
-0.2,0.135
-0.2,0.135
-0.2,0.135
-0.2,0.135
-0.2,0.135
-0.2,0.135
-0.1,0.135
0.0,0.135
0.2,0.135
0.3,0.135
0.3,0.135
0.4,0.135
0.4,0.135
0.4,0.130
0.4,0.130
0.3,0.130
0.2,0.130
0.1,0.130
0.0,0.130
-0.1,0.130
-0.2,0.130
-0.2,0.130
-0.2,0.130
-0.2,0.130
-0.2,0.130
-0.1,0.130
0.0,0.130
0.1,0.130
0.2,0.130
0.2,0.130
0.3,0.130
0.4,0.130
0.4,0.130
0.4,0.130
0.3,0.125
0.3,0.125
0.2,0.125
0.1,0.125
0.0,0.125
-0.1,0.125
-0.2,0.125
-0.2,0.125
-0.2,0.125
-0.2,0.125
-0.1,0.125
0.0,0.125
0.1,0.125
0.2,0.125
0.3,0.125
0.3,0.125
0.4,0.125
0.4,0.125
0.4,0.125
0.4,0.125
0.3,0.125
0.2,0.125
0.1,0.125
0.0,0.125
-0.1,0.120
-0.1,0.120
-0.2,0.120
-0.2,0.120
-0.2,0.120
-0.2,0.120
-0.1,0.120
0.0,0.120
0.1,0.120
0.2,0.120
0.2,0.120
0.3,0.120
0.3,0.120
0.3,0.120
0.3,0.120
0.3,0.120
0.2,0.120
0.2,0.120
0.1,0.120
0.0,0.120
-0.1,0.120
-0.2,0.120
-0.2,0.120
-0.2,0.120
-0.2,0.120
-0.2,0.115
-0.1,0.115
0.0,0.115
0.0,0.115
0.1,0.115
0.2,0.115
0.3,0.115
0.3,0.115
0.3,0.115
0.3,0.115
0.3,0.115
0.2,0.115
0.1,0.115
0.1,0.115
0.0,0.115
-0.1,0.115
-0.2,0.115
-0.2,0.115
-0.2,0.115
-0.2,0.115
-0.1,0.115
0.0,0.115
0.1,0.115
0.1,0.115
0.2,0.115
0.2,0.115
0.3,0.110
0.3,0.110
0.3,0.110
0.3,0.110
0.2,0.110
0.2,0.110
0.1,0.110
0.0,0.110
-0.1,0.110
-0.1,0.110
-0.1,0.110
-0.2,0.110
-0.2,0.110
-0.1,0.110
-0.1,0.110
0.0,0.110
0.1,0.110
0.2,0.110
0.3,0.110
0.3,0.110
0.3,0.110
0.3,0.110
0.3,0.110
0.3,0.110
0.2,0.110
0.1,0.110
0.0,0.105
0.0,0.105
-0.1,0.105
-0.1,0.105
-0.1,0.105
-0.1,0.105
-0.1,0.105
-0.1,0.105
0.0,0.105
0.0,0.105
0.1,0.105
0.2,0.105
0.3,0.105
0.3,0.105
0.3,0.105
0.3,0.105
0.3,0.105
0.2,0.105
0.1,0.105
0.1,0.105
0.0,0.105
0.0,0.105
-0.1,0.105
-0.1,0.105
-0.1,0.105
-0.1,0.105
-0.1,0.100
0.0,0.100
0.0,0.100
0.1,0.100
0.2,0.100
0.2,0.100
0.3,0.100
0.3,0.100
0.3,0.100
0.3,0.100
0.3,0.100
0.2,0.100
0.1,0.100
0.0,0.100
0.0,0.100
-0.1,0.100
-0.1,0.100
-0.1,0.100
-0.1,0.100
-0.1,0.100
-0.1,0.100
0.0,0.100
0.0,0.100
0.1,0.100
0.2,0.100
0.2,0.100
0.3,0.095
0.3,0.095
0.3,0.095
0.3,0.095
0.2,0.095
0.2,0.095
0.1,0.095
0.0,0.095
-0.1,0.095
-0.1,0.095
-0.1,0.095
-0.1,0.095
-0.1,0.095
-0.1,0.095
-0.1,0.095
-0.1,0.095
0.0,0.095
0.1,0.095
0.1,0.095
0.2,0.095
0.2,0.095
0.2,0.095
0.2,0.095
0.2,0.090
0.2,0.090
0.1,0.090
0.1,0.090
0.0,0.090
-0.1,0.090
-0.1,0.090
-0.1,0.090
-0.1,0.090
-0.1,0.090
-0.1,0.090
-0.1,0.090
0.0,0.090
0.0,0.090
0.0,0.090
0.1,0.090
0.1,0.090
0.2,0.090
0.2,0.090
0.2,0.090
0.2,0.090
0.2,0.090
0.2,0.090
0.2,0.090
0.1,0.085
0.1,0.085
0.0,0.085
0.0,0.085
0.0,0.085
0.0,0.085
0.0,0.085
0.0,0.085
0.0,0.085
0.1,0.085
0.1,0.085
0.1,0.085
0.2,0.085
0.2,0.085
0.2,0.085
0.2,0.085
0.2,0.085
0.2,0.085
0.2,0.085
0.1,0.085
0.1,0.085
0.1,0.085
0.0,0.080
0.0,0.080
0.0,0.080
0.0,0.080
0.0,0.080
0.0,0.080
0.0,0.080
0.1,0.080
0.1,0.080
0.1,0.080
0.2,0.080
0.2,0.080
0.2,0.080
0.2,0.080
0.2,0.080
0.2,0.080
0.0,0.080
0.0,0.080
0.0,0.080
0.0,0.080
0.0,0.080
0.0,0.080
0.0,0.075
0.0,0.075
0.0,0.075
0.0,0.075
0.0,0.075
0.0,0.075
0.0,0.075
0.1,0.075
0.1,0.075
0.1,0.075
0.1,0.075
0.1,0.075
0.1,0.075
0.1,0.075
0.1,0.075
0.0,0.075
0.0,0.075
0.0,0.075
0.0,0.075
0.0,0.075
0.0,0.070
0.0,0.070
0.0,0.070
0.0,0.070
0.0,0.070
0.1,0.070
0.1,0.070
0.1,0.070
0.2,0.070
0.2,0.070
0.2,0.070
0.2,0.070
0.2,0.070
0.2,0.070
0.0,0.070
0.0,0.070
0.0,0.070
0.0,0.070
0.0,0.070
0.0,0.070
0.0,0.070
0.0,0.070
0.0,0.070
0.1,0.065
0.1,0.065
0.1,0.065
0.1,0.065
0.1,0.065
0.1,0.065
0.1,0.065
0.1,0.065
0.1,0.065
0.1,0.065
0.0,0.065
0.0,0.065
0.0,0.065
0.0,0.065
0.0,0.065
0.0,0.065
0.0,0.065
0.0,0.065
0.0,0.065
0.0,0.065
0.1,0.065
0.1,0.065
0.1,0.060
0.1,0.060
0.1,0.060
0.1,0.060
0.1,0.060
0.1,0.060
0.1,0.060
0.1,0.060
0.1,0.060
0.1,0.060
0.1,0.060
0.1,0.060
0.1,0.060
0.1,0.060
0.0,0.060
0.0,0.060
0.0,0.060
0.0,0.060
0.0,0.060
0.0,0.055
0.0,0.055
0.0,0.055
0.1,0.055
0.1,0.055
0.1,0.055
0.1,0.055
0.1,0.055
0.1,0.055
0.1,0.055
0.1,0.055
0.0,0.055
0.0,0.055
0.0,0.055
0.0,0.055
0.0,0.055
0.0,0.055
0.0,0.055
0.0,0.055
0.0,0.055
0.1,0.050
0.1,0.050
0.1,0.050
0.1,0.050
0.1,0.050
0.1,0.050
0.1,0.050
0.1,0.050
0.0,0.050
0.0,0.050
0.0,0.050
0.0,0.050
0.0,0.050
0.0,0.050
0.0,0.050
0.0,0.050
0.0,0.050
0.0,0.050
0.0,0.045
0.0,0.045
0.0,0.045
0.0,0.045
0.1,0.045
0.1,0.045
0.1,0.045
0.1,0.045
0.1,0.045
0.1,0.045
0.1,0.045
0.1,0.045
0.1,0.045
0.1,0.045
0.1,0.045
0.1,0.045
0.1,0.045
0.0,0.045
0.0,0.040
0.0,0.040
0.0,0.040
0.0,0.040
0.0,0.040
0.0,0.040
0.1,0.040
0.1,0.040
0.1,0.040
0.1,0.040
0.1,0.040
0.1,0.040
0.1,0.040
0.1,0.040
0.1,0.040
0.1,0.040
0.0,0.035
0.0,0.035
0.0,0.035
0.0,0.035
0.0,0.035
0.0,0.035
0.0,0.035
0.1,0.035
0.1,0.035
0.1,0.035
0.1,0.035
0.1,0.035
0.1,0.035
0.1,0.035
0.0,0.035
0.0,0.035
0.0,0.030
0.0,0.030
0.0,0.030
0.0,0.030
0.0,0.030
0.0,0.030
0.0,0.030
0.0,0.030
0.0,0.030
0.1,0.030
0.1,0.030
0.2,0.030
0.2,0.030
0.2,0.030
0.1,0.030
0.1,0.030
0.1,0.030
0.0,0.025
0.0,0.025
0.0,0.025
0.0,0.025
0.0,0.025
0.0,0.025
0.0,0.025
0.0,0.025
0.0,0.025
0.0,0.025
0.0,0.025
0.0,0.025
0.0,0.025
0.0,0.025
0.0,0.025
0.0,0.025
0.1,0.020
0.1,0.020
0.1,0.020
0.1,0.020
0.1,0.020
0.0,0.020
0.0,0.020
0.0,0.020
0.0,0.020
0.0,0.020
0.0,0.020
0.0,0.020
0.0,0.020
0.0,0.020
0.0,0.020
0.0,0.020
0.1,0.015
0.1,0.015
0.1,0.015
0.1,0.015
0.1,0.015
0.1,0.015
0.1,0.015
0.1,0.015
0.1,0.015
0.0,0.015
0.0,0.015
0.0,0.015
0.0,0.015
0.0,0.015
0.0,0.010
0.0,0.010
0.0,0.010
0.0,0.010
0.1,0.010
0.1,0.010
0.1,0.010
0.1,0.010
0.1,0.010
0.1,0.010
0.1,0.010
0.1,0.010
0.1,0.010
0.1,0.010
0.0,0.010
0.0,0.010
0.0,0.005
0.0,0.005
0.0,0.005
0.0,0.005
0.0,0.005
0.0,0.005
0.0,0.005
0.0,0.005
0.0,0.005
0.1,0.005
0.1,0.005
0.1,0.005
0.1,0.005
0.1,0.005
0.1,0.005
0.1,0.000
0.1,0.000
0.1,0.000
0.0,0.000
0.0,0.000
0.0,0.000
0.0,0.000
0.0,0.000
0.0,0.000
0.0,0.000
0.0,0.000
0.0,0.000
0.0,0.000
0.0,0.000
0.0,0.000
0.0,0.000
0.0,-0.005
0.1,-0.005
0.1,-0.005
0.1,-0.005
0.1,-0.005
0.1,-0.005
0.1,-0.005
0.1,-0.005
0.1,-0.005
0.0,-0.005
0.0,-0.005
0.0,-0.005
0.0,-0.005
0.0,-0.005
0.0,-0.005
0.0,-0.005
0.1,-0.005
0.0,-0.010
0.0,-0.010
0.0,-0.010
0.2,-0.010
0.2,-0.010
0.1,-0.010
0.1,-0.010
0.1,-0.010
0.1,-0.010
0.1,-0.010
0.1,-0.010
0.1,-0.010
0.1,-0.010
0.1,-0.010
0.1,-0.010
0.1,-0.010
0.1,-0.010
0.1,-0.010
0.1,-0.015
0.1,-0.015
0.1,-0.015
0.1,-0.015
0.1,-0.015
0.1,-0.015
0.1,-0.015
0.1,-0.015
0.1,-0.015
0.1,-0.015
0.1,-0.015
0.1,-0.015
0.1,-0.015
0.1,-0.015
0.1,-0.015
0.1,-0.015
0.1,-0.015
0.1,-0.015
0.1,-0.015
0.1,-0.020
0.0,-0.020
0.0,-0.020
0.0,-0.020
0.0,-0.020
0.0,-0.020
0.0,-0.020
0.0,-0.020
0.0,-0.020
0.1,-0.020
0.1,-0.020
0.1,-0.020
0.1,-0.020
0.1,-0.020
0.1,-0.020
0.1,-0.020
0.1,-0.020
0.1,-0.025
0.1,-0.025
0.1,-0.025
0.1,-0.025
0.1,-0.025
0.1,-0.025
0.1,-0.025
0.1,-0.025
0.1,-0.025
0.1,-0.025
0.1,-0.025
0.1,-0.025
0.1,-0.025
0.1,-0.025
0.1,-0.025
0.1,-0.025
0.1,-0.025
0.1,-0.025
0.1,-0.025
0.1,-0.025
0.1,-0.025
0.1,-0.030
0.1,-0.030
0.1,-0.030
0.1,-0.030
0.1,-0.030
0.1,-0.030
0.1,-0.030
0.1,-0.030
0.1,-0.030
0.1,-0.030
0.1,-0.030
0.1,-0.030
0.1,-0.030
0.1,-0.030
0.1,-0.030
0.1,-0.030
0.1,-0.030
0.1,-0.030
0.1,-0.030
0.1,-0.030
0.1,-0.030
0.1,-0.030
0.1,-0.035
0.1,-0.035
0.1,-0.035
0.1,-0.035
0.1,-0.035
0.1,-0.035
0.1,-0.035
0.1,-0.035
0.1,-0.035
0.1,-0.035
0.1,-0.035
0.1,-0.035
0.1,-0.035
0.1,-0.035
0.1,-0.035
0.1,-0.035
0.1,-0.035
0.1,-0.035
0.1,-0.035
0.1,-0.035
0.1,-0.035
0.1,-0.035
0.1,-0.035
0.1,-0.035
0.1,-0.035
0.1,-0.040
0.1,-0.040
0.1,-0.040
0.1,-0.040
0.1,-0.040
0.1,-0.040
0.1,-0.040
0.1,-0.040
0.1,-0.040
0.1,-0.040
0.1,-0.040
0.1,-0.040
0.1,-0.040
0.0,-0.040
0.0,-0.040
0.0,-0.040
0.0,-0.040
0.0,-0.040
0.0,-0.040
0.0,-0.040
0.1,-0.040
0.1,-0.040
0.1,-0.040
0.1,-0.040
0.1,-0.040
0.1,-0.040
0.1,-0.040
0.1,-0.040
0.1,-0.040
0.1,-0.040
0.1,-0.040
0.1,-0.045
0.1,-0.045
0.1,-0.045
0.1,-0.045
0.1,-0.045
0.1,-0.045
0.1,-0.045
0.0,-0.045
0.0,-0.045
0.0,-0.045
0.0,-0.045
0.0,-0.045
0.0,-0.045
0.0,-0.045
0.0,-0.045
0.1,-0.045
0.1,-0.045
0.1,-0.045
0.1,-0.045
0.1,-0.045
0.1,-0.045
0.1,-0.045
0.1,-0.045
0.1,-0.045
0.1,-0.045
0.0,-0.045
0.0,-0.045
0.0,-0.045
0.0,-0.045
0.0,-0.045
0.0,-0.045
0.0,-0.045
0.0,-0.045
0.0,-0.045
0.0,-0.045
0.0,-0.045
0.0,-0.045
0.1,-0.045
0.1,-0.045
0.1,-0.045
0.1,-0.045
0.1,-0.045
0.1,-0.045
0.1,-0.045
0.1,-0.045
0.1,-0.045
0.1,-0.050
0.1,-0.050
0.1,-0.050
0.1,-0.050
0.1,-0.050
0.1,-0.050
0.1,-0.050
0.1,-0.050
0.1,-0.050
0.1,-0.050
0.1,-0.050
0.1,-0.050
0.0,-0.050
0.0,-0.050
0.0,-0.050
0.0,-0.050
0.0,-0.050
0.0,-0.050
0.0,-0.050
0.0,-0.050
0.0,-0.050
0.0,-0.050
0.0,-0.050
0.0,-0.050
0.0,-0.050
0.0,-0.050
0.0,-0.050
0.0,-0.050
0.0,-0.050
0.0,-0.050
0.0,-0.050
0.1,-0.050
0.1,-0.050
0.1,-0.050
0.1,-0.050
0.1,-0.050
0.1,-0.050
0.1,-0.050
0.1,-0.050
0.1,-0.050
0.1,-0.050
0.1,-0.050
0.0,-0.050
0.0,-0.050
0.0,-0.050
0.0,-0.050
0.0,-0.050
0.0,-0.050
0.0,-0.050
0.0,-0.050
0.0,-0.050
0.0,-0.050
0.0,-0.050
0.0,-0.050
0.0,-0.050
0.0,-0.050
0.0,-0.050
0.0,-0.050
0.0,-0.050
0.0,-0.050
0.0,-0.050
0.0,-0.050
0.0,-0.050
0.0,-0.050
0.0,-0.050
0.0,-0.050
0.0,-0.050
0.0,-0.050
0.0,-0.050
0.0,-0.050
0.0,-0.050
0.0,-0.050
0.0,-0.050
0.1,-0.050
0.1,-0.050
0.1,-0.050
0.1,-0.050
0.1,-0.050
0.1,-0.050
0.1,-0.050
0.1,-0.050
0.0,-0.050
0.0,-0.050
0.0,-0.050
0.0,-0.055
0.0,-0.055
0.0,-0.055
0.0,-0.055
0.0,-0.055
0.0,-0.055
0.0,-0.055
0.0,-0.055
0.0,-0.055
0.0,-0.055
0.0,-0.055
0.0,-0.055
0.0,-0.055
0.0,-0.055
0.0,-0.055
0.0,-0.055
0.0,-0.055
0.0,-0.055
0.0,-0.055
0.0,-0.055
0.0,-0.055
0.0,-0.055
0.0,-0.055
0.0,-0.055
0.0,-0.055
0.0,-0.055
0.0,-0.055
0.0,-0.055
0.1,-0.055
0.1,-0.055
0.1,-0.055
0.1,-0.055
0.1,-0.055
0.1,-0.055
0.1,-0.055
0.1,-0.055
0.1,-0.055
0.1,-0.055
0.1,-0.055
0.1,-0.055
0.1,-0.055
0.1,-0.055
0.1,-0.055
0.1,-0.055
0.1,-0.055
0.1,-0.055
0.1,-0.055
0.1,-0.055
0.1,-0.055
0.1,-0.055
0.1,-0.055
0.1,-0.055
0.1,-0.055
0.0,-0.055
0.0,-0.055
0.0,-0.055
0.0,-0.055
0.0,-0.055
0.0,-0.055
0.0,-0.055
0.0,-0.055
0.0,-0.055
0.0,-0.055
0.0,-0.055
0.1,-0.055
0.1,-0.055
0.1,-0.055
0.1,-0.055
0.1,-0.055
0.1,-0.055
0.1,-0.055
0.1,-0.055
0.1,-0.055
0.1,-0.055
0.0,-0.055
0.0,-0.055
0.0,-0.055
0.0,-0.055
0.0,-0.055
0.0,-0.055
0.0,-0.055
0.0,-0.055
0.0,-0.055
0.1,-0.055
0.1,-0.055
0.1,-0.055
0.1,-0.055
0.1,-0.055
0.1,-0.055
0.1,-0.055
0.1,-0.055
0.1,-0.055
0.1,-0.055
0.1,-0.055
0.1,-0.055
0.1,-0.055
0.0,-0.055
0.0,-0.055
0.0,-0.055
0.0,-0.055
0.0,-0.055
0.0,-0.055
0.0,-0.055
0.0,-0.055
0.0,-0.055
0.0,-0.060
0.1,-0.060
0.1,-0.060
0.1,-0.060
0.1,-0.060
0.1,-0.060
0.1,-0.060
0.1,-0.060
0.1,-0.060
0.1,-0.060
0.0,-0.060
0.0,-0.060
0.0,-0.060
0.0,-0.060
0.0,-0.060
0.0,-0.060
0.0,-0.060
0.0,-0.060
0.0,-0.060
0.0,-0.060
0.0,-0.060
0.0,-0.060
0.0,-0.060
0.0,-0.060
0.0,-0.060
0.0,-0.060
0.0,-0.060
0.0,-0.060
0.0,-0.060
0.0,-0.060
0.0,-0.060
0.0,-0.060
0.0,-0.060
0.0,-0.060
0.0,-0.060
0.0,-0.060
0.0,-0.060
0.0,-0.060
0.0,-0.060
0.0,-0.060
0.0,-0.060
0.0,-0.060
0.0,-0.060
0.1,-0.060
0.1,-0.060
0.1,-0.060
0.1,-0.060
0.1,-0.060
0.1,-0.060
0.1,-0.060
0.1,-0.060
0.1,-0.060
0.1,-0.060
0.0,-0.060
0.0,-0.060
0.0,-0.060
0.0,-0.060
0.0,-0.060
0.0,-0.060
0.0,-0.060
0.0,-0.060
0.0,-0.060
0.0,-0.060
0.0,-0.060
0.0,-0.060
0.0,-0.060
0.0,-0.060
0.0,-0.060
0.0,-0.060
0.0,-0.060
0.0,-0.060
0.0,-0.060
0.0,-0.060
0.0,-0.060
0.0,-0.065
0.0,-0.065
0.0,-0.065
0.0,-0.065
0.0,-0.065
0.0,-0.065
0.0,-0.065
0.0,-0.065
0.0,-0.065
0.0,-0.065
0.0,-0.065
0.1,-0.065
0.1,-0.065
0.1,-0.065
0.1,-0.065
0.1,-0.065
0.1,-0.065
0.1,-0.065
0.1,-0.065
0.1,-0.065
0.1,-0.065
0.1,-0.065
0.0,-0.065
0.0,-0.065
0.0,-0.065
0.0,-0.065
0.0,-0.065
0.0,-0.065
0.0,-0.065
0.0,-0.065
0.0,-0.065
0.0,-0.065
0.0,-0.065
0.0,-0.065
0.0,-0.065
0.0,-0.065
0.0,-0.065
0.0,-0.065
0.0,-0.065
0.0,-0.065
0.1,-0.065
0.1,-0.065
0.1,-0.065
0.1,-0.065
0.1,-0.065
0.1,-0.065
0.1,-0.065
0.1,-0.065
0.1,-0.065
0.1,-0.065
0.1,-0.065
0.1,-0.065
0.1,-0.065
0.1,-0.065
0.1,-0.065
0.1,-0.065
0.1,-0.065
0.1,-0.065
0.1,-0.065
0.1,-0.065
0.1,-0.065
0.1,-0.065
0.1,-0.065
0.1,-0.065
0.1,-0.065
0.1,-0.065
0.1,-0.065
0.1,-0.065
0.1,-0.065
0.1,-0.065
0.1,-0.065
0.1,-0.065
0.1,-0.065
0.1,-0.065
0.1,-0.065
0.1,-0.070
0.1,-0.070
0.1,-0.070
0.1,-0.070
0.1,-0.070
0.1,-0.070
0.1,-0.070
0.1,-0.070
0.1,-0.070
0.1,-0.070
0.1,-0.070
0.0,-0.070
0.0,-0.070
0.0,-0.070
0.0,-0.070
0.0,-0.070
0.1,-0.070
0.1,-0.070
0.1,-0.070
0.1,-0.070
0.1,-0.070
0.1,-0.070
0.1,-0.070
0.1,-0.070
0.1,-0.070
0.1,-0.070
0.1,-0.070
0.1,-0.070
0.1,-0.070
0.0,-0.070
0.0,-0.070
0.0,-0.070
0.0,-0.070
0.0,-0.070
0.0,-0.070
0.0,-0.070
0.0,-0.070
0.0,-0.070
0.0,-0.070
0.0,-0.070
0.0,-0.070
0.0,-0.070
0.0,-0.070
0.0,-0.070
0.0,-0.070
0.0,-0.070
0.0,-0.070
0.0,-0.070
0.0,-0.070
0.0,-0.070
0.0,-0.070
0.0,-0.070
0.0,-0.070
0.0,-0.070
0.0,-0.070
0.0,-0.070
0.0,-0.070
0.0,-0.070
0.0,-0.070
0.0,-0.070
0.0,-0.070
0.0,-0.070
0.0,-0.070
0.0,-0.070
0.0,-0.070
0.0,-0.070
0.0,-0.070
0.0,-0.070
0.0,-0.070
0.0,-0.070
0.0,-0.070
0.0,-0.070
0.0,-0.075
0.0,-0.075
0.0,-0.075
0.0,-0.075
0.0,-0.075
0.0,-0.075
0.0,-0.075
0.0,-0.075
0.0,-0.075
0.0,-0.075
0.0,-0.075
0.0,-0.075
0.0,-0.075
0.0,-0.075
0.0,-0.075
0.0,-0.075
0.0,-0.075
0.0,-0.075
0.0,-0.075
0.0,-0.075
0.0,-0.075
0.0,-0.075
0.0,-0.075
0.0,-0.075
0.0,-0.075
0.0,-0.075
0.0,-0.075
0.0,-0.075
0.0,-0.075
0.0,-0.075
0.0,-0.075
0.0,-0.075
0.0,-0.075
0.0,-0.075
0.0,-0.075
0.0,-0.075
0.0,-0.075
0.0,-0.075
0.0,-0.075
0.0,-0.075
0.0,-0.075
0.0,-0.075
0.0,-0.075
0.0,-0.075
0.0,-0.075
0.0,-0.075
0.0,-0.075
0.0,-0.075
0.1,-0.075
0.1,-0.075
0.1,-0.075
0.1,-0.075
0.1,-0.075
0.1,-0.075
0.1,-0.075
0.1,-0.075
0.1,-0.075
0.1,-0.075
0.0,-0.075
0.0,-0.075
0.0,-0.075
0.0,-0.075
0.0,-0.075
0.0,-0.075
0.0,-0.075
0.0,-0.075
0.0,-0.075
0.0,-0.075
0.0,-0.075
0.0,-0.075
0.0,-0.075
0.0,-0.075
0.0,-0.075
0.0,-0.075
0.0,-0.075
0.0,-0.075
0.0,-0.075
0.0,-0.075
0.0,-0.075
0.0,-0.075
0.0,-0.075
0.0,-0.075
0.0,-0.075
0.0,-0.075
0.0,-0.075
0.0,-0.080
0.0,-0.080
0.0,-0.080
0.0,-0.080
0.0,-0.080
0.1,-0.080
0.1,-0.080
0.1,-0.080
0.1,-0.080
0.1,-0.080
0.1,-0.080
0.1,-0.080
0.1,-0.080
0.1,-0.080
0.1,-0.080
0.1,-0.080
0.1,-0.080
0.1,-0.080
0.1,-0.080
0.1,-0.080
0.1,-0.080
0.1,-0.080
0.1,-0.080
0.1,-0.080
0.1,-0.080
0.1,-0.080
0.1,-0.080
0.1,-0.080
0.1,-0.080
0.1,-0.080
0.1,-0.080
0.1,-0.080
0.1,-0.080
0.1,-0.080
0.1,-0.080
0.0,-0.080
0.0,-0.080
0.0,-0.080
0.0,-0.080
0.0,-0.080
0.0,-0.080
0.0,-0.080
0.0,-0.080
0.0,-0.080
0.1,-0.080
0.1,-0.080
0.1,-0.080
0.1,-0.080
0.1,-0.080
0.1,-0.080
0.1,-0.080
0.1,-0.080
0.1,-0.080
0.1,-0.080
0.1,-0.080
0.1,-0.080
0.1,-0.080
0.1,-0.080
0.0,-0.080
0.0,-0.080
0.0,-0.080
0.0,-0.080
0.0,-0.080
0.0,-0.080
0.0,-0.080
0.0,-0.080
0.0,-0.080
0.0,-0.080
0.0,-0.080
0.0,-0.080
0.0,-0.080
0.0,-0.080
0.0,-0.080
0.0,-0.080
0.0,-0.080
0.0,-0.080
0.0,-0.080
0.0,-0.080
0.0,-0.080
0.0,-0.080
0.0,-0.080
0.0,-0.080
0.0,-0.080
0.0,-0.080
0.0,-0.080
0.0,-0.080
0.0,-0.080
0.0,-0.080
0.0,-0.080
0.0,-0.080
0.0,-0.080
0.1,-0.080
0.1,-0.080
0.1,-0.080
0.1,-0.080
0.1,-0.080
0.1,-0.080
0.1,-0.080
0.1,-0.080
0.1,-0.080
0.1,-0.080
0.1,-0.080
0.1,-0.080
0.1,-0.080
0.1,-0.080
0.1,-0.080
0.1,-0.080
0.1,-0.080
0.1,-0.080
0.0,-0.080
0.0,-0.080
0.0,-0.080
0.0,-0.080
0.0,-0.080
0.0,-0.080
0.0,-0.080
0.1,-0.080
0.1,-0.085
0.1,-0.085
0.1,-0.085
0.1,-0.085
0.1,-0.085
0.1,-0.085
0.1,-0.085
0.1,-0.085
0.1,-0.085
0.0,-0.085
0.0,-0.085
0.0,-0.085
0.0,-0.085
0.0,-0.085
0.0,-0.085
0.0,-0.085
0.0,-0.085
0.1,-0.085
0.1,-0.085
0.1,-0.085
0.1,-0.085
0.1,-0.085
0.1,-0.085
0.1,-0.085
0.1,-0.085
0.1,-0.085
0.1,-0.085
0.1,-0.085
0.1,-0.085
0.0,-0.085
0.0,-0.085
0.0,-0.085
0.0,-0.085
0.0,-0.085
0.0,-0.085
0.0,-0.085
0.0,-0.085
0.0,-0.085
0.0,-0.085
0.0,-0.085
0.0,-0.085
0.0,-0.085
0.0,-0.085
0.0,-0.085
0.0,-0.085
0.0,-0.085
0.0,-0.085
0.0,-0.085
0.0,-0.085
0.0,-0.085
0.0,-0.085
0.0,-0.085
0.0,-0.085
0.0,-0.085
0.0,-0.085
0.0,-0.085
0.0,-0.085
0.1,-0.085
0.1,-0.085
0.1,-0.085
0.1,-0.085
0.1,-0.085
0.1,-0.085
0.1,-0.085
0.1,-0.085
0.1,-0.085
0.1,-0.085
0.1,-0.085
0.1,-0.085
0.1,-0.085
0.1,-0.085
0.1,-0.085
0.1,-0.085
0.1,-0.085
0.1,-0.085
0.1,-0.085
0.1,-0.085
0.1,-0.085
0.1,-0.085
0.1,-0.085
0.1,-0.085
0.1,-0.085
0.1,-0.085
0.1,-0.085
0.1,-0.085
0.1,-0.085
0.1,-0.085
0.1,-0.085
0.1,-0.085
0.1,-0.085
0.1,-0.085
0.1,-0.085
0.1,-0.085
0.1,-0.085
0.1,-0.085
0.1,-0.085
0.1,-0.085
0.1,-0.085
0.1,-0.085
0.1,-0.085
0.1,-0.085
0.1,-0.085
0.1,-0.085
0.1,-0.085
0.1,-0.085
0.1,-0.085
0.1,-0.085
0.0,-0.085
0.0,-0.085
0.0,-0.085
0.0,-0.085
0.0,-0.085
0.0,-0.085
0.0,-0.085
0.0,-0.085
0.0,-0.085
0.0,-0.085
0.1,-0.085
0.1,-0.085
0.1,-0.085
0.1,-0.085
0.1,-0.085
0.1,-0.085
0.1,-0.085
0.1,-0.085
0.1,-0.085
0.1,-0.085
0.1,-0.085
0.1,-0.085
0.1,-0.085
0.0,-0.085
0.0,-0.085
0.0,-0.085
0.0,-0.085
0.0,-0.085
0.0,-0.085
0.0,-0.085
0.0,-0.085
0.0,-0.085
0.1,-0.085
0.1,-0.085
0.1,-0.085
0.1,-0.085
0.1,-0.085
0.1,-0.085
0.1,-0.085
0.1,-0.085
0.0,-0.085
0.0,-0.085
0.0,-0.085
0.0,-0.085
0.0,-0.085
0.0,-0.085
0.0,-0.085
0.0,-0.085
0.0,-0.085
0.0,-0.085
0.0,-0.085
0.0,-0.085
0.1,-0.085
0.1,-0.085
0.1,-0.085
0.1,-0.085
0.1,-0.085
0.1,-0.085
0.1,-0.085
0.1,-0.085
0.1,-0.085
0.1,-0.085
0.1,-0.085
0.1,-0.085
0.1,-0.085
0.1,-0.085
0.1,-0.085
0.1,-0.085
0.1,-0.085
0.1,-0.085
0.1,-0.085
0.1,-0.085
0.1,-0.085
0.1,-0.085
0.1,-0.085
0.1,-0.085
0.1,-0.085
0.1,-0.085
0.1,-0.085
0.1,-0.085
0.1,-0.085
0.1,-0.085
0.0,-0.085
0.0,-0.085
0.0,-0.085
0.0,-0.085
0.0,-0.085
0.0,-0.085
0.0,-0.085
0.0,-0.085
0.0,-0.085
0.0,-0.085
0.1,-0.085
0.1,-0.085
0.1,-0.085
0.1,-0.085
0.1,-0.085
0.1,-0.085
0.1,-0.085
0.0,-0.085
0.0,-0.085
0.0,-0.085
0.0,-0.085
0.0,-0.085
0.0,-0.085
0.0,-0.085
0.0,-0.085
0.0,-0.085
0.0,-0.085
0.0,-0.085
0.1,-0.085
0.1,-0.085
0.1,-0.085
0.1,-0.085
0.1,-0.085
0.1,-0.085
0.1,-0.085
0.1,-0.085
0.1,-0.085
0.1,-0.085
0.1,-0.085
0.1,-0.085
0.1,-0.085
0.0,-0.085
0.0,-0.085
0.0,-0.085
0.0,-0.085
0.0,-0.085
0.0,-0.085
0.0,-0.085
0.0,-0.085
0.0,-0.085
0.0,-0.085
0.0,-0.085
0.0,-0.085
0.1,-0.085
0.1,-0.085
0.1,-0.085
0.1,-0.085
0.1,-0.085
0.1,-0.085
0.1,-0.085
0.1,-0.085
0.1,-0.085
0.0,-0.085
0.0,-0.085
0.0,-0.085
0.0,-0.085
0.0,-0.085
0.0,-0.085
0.0,-0.085
0.0,-0.085
0.0,-0.085
0.0,-0.085
0.0,-0.085
0.1,-0.085
0.1,-0.085
0.1,-0.085
0.1,-0.085
0.1,-0.085
0.1,-0.085
0.0,-0.085
0.0,-0.085
0.0,-0.085
0.0,-0.085
0.0,-0.085
0.0,-0.085
0.0,-0.085
0.0,-0.085
0.0,-0.085
0.0,-0.085
0.1,-0.085
0.1,-0.085
0.1,-0.085
0.1,-0.085
0.1,-0.085
0.1,-0.085
0.1,-0.085
0.1,-0.085
0.1,-0.085
0.1,-0.085
0.1,-0.085
0.1,-0.085
0.0,-0.085
0.0,-0.085
0.0,-0.085
0.0,-0.085
0.0,-0.085
0.0,-0.085
0.0,-0.085
0.0,-0.085
0.0,-0.085
0.0,-0.085
0.0,-0.085
0.1,-0.085
0.1,-0.085
0.1,-0.085
0.1,-0.085
0.1,-0.085
0.1,-0.085
0.1,-0.085
0.1,-0.085
0.1,-0.085
0.1,-0.085
0.1,-0.085
0.0,-0.085
0.0,-0.085
0.0,-0.085
0.0,-0.085
0.0,-0.085
0.0,-0.085
0.0,-0.085
0.1,-0.085
0.1,-0.085
0.1,-0.085
0.1,-0.085
0.1,-0.085
0.1,-0.085
0.1,-0.085
0.1,-0.085
0.1,-0.085
0.1,-0.085
0.1,-0.085
0.0,-0.085
0.0,-0.085
0.0,-0.085
0.0,-0.085
0.0,-0.085
0.0,-0.085
0.0,-0.085
0.0,-0.085
0.1,-0.085
0.1,-0.085
0.1,-0.085
0.1,-0.085
0.1,-0.085
0.1,-0.085
0.1,-0.085
0.0,-0.085
0.0,-0.085
0.0,-0.085
-0.1,-0.085
0.0,-0.085
0.0,-0.085
0.0,-0.085
0.0,-0.085
0.0,-0.085
0.0,-0.085
0.0,-0.085
0.0,-0.085
0.0,-0.085
0.0,-0.085
0.0,-0.085
0.0,-0.085
0.1,-0.085
0.1,-0.085
0.1,-0.085
0.1,-0.085
0.1,-0.085
0.1,-0.085
0.0,-0.085
0.0,-0.085
0.0,-0.085
0.0,-0.085
0.0,-0.085
0.0,-0.085
0.0,-0.085
0.0,-0.085
0.0,-0.085
0.0,-0.085
0.1,-0.085
0.1,-0.085
0.1,-0.085
0.1,-0.085
0.1,-0.085
0.1,-0.085
0.1,-0.085
0.1,-0.085
0.1,-0.085
0.1,-0.085
0.0,-0.085
0.0,-0.085
0.0,-0.085
0.0,-0.085
0.0,-0.085
0.0,-0.085
0.0,-0.085
0.0,-0.085
0.0,-0.085
0.0,-0.085
0.0,-0.085
0.0,-0.085
0.1,-0.085
0.1,-0.085
0.1,-0.085
0.1,-0.085
0.1,-0.085
0.1,-0.085
0.1,-0.085
0.1,-0.085
0.1,-0.085
0.0,-0.085
0.0,-0.085
0.0,-0.085
0.0,-0.085
0.0,-0.085
0.0,-0.085
0.0,-0.085
0.0,-0.085
0.0,-0.085
0.0,-0.085
0.0,-0.085
0.1,-0.085
0.1,-0.085
0.1,-0.085
0.1,-0.085
0.1,-0.085
0.1,-0.085
0.1,-0.085
0.1,-0.085
0.0,-0.085
0.0,-0.085
0.0,-0.085
0.0,-0.085
0.0,-0.085
0.0,-0.085
0.0,-0.085
0.0,-0.085
0.0,-0.085
0.0,-0.085
0.0,-0.085
0.0,-0.085
0.0,-0.085
0.0,-0.085
0.0,-0.085
0.0,-0.085
0.0,-0.085
0.0,-0.085
0.0,-0.085
0.0,-0.085
0.0,-0.085
0.0,-0.085
0.0,-0.085
0.0,-0.085
0.0,-0.085
0.0,-0.085
0.0,-0.085
0.0,-0.085
0.0,-0.085
0.0,-0.085
0.0,-0.085
0.0,-0.085
0.0,-0.085
0.0,-0.085
0.0,-0.085
0.0,-0.085
0.0,-0.085
0.0,-0.085
0.0,-0.085
0.0,-0.085
0.0,-0.085
0.0,-0.085
0.0,-0.085
0.0,-0.085
0.0,-0.085
0.0,-0.085
0.0,-0.085
0.0,-0.085
0.0,-0.085
0.1,-0.085
0.1,-0.085
0.1,-0.085
0.1,-0.085
0.1,-0.085
0.1,-0.085
0.1,-0.085
0.1,-0.085
0.1,-0.085
0.1,-0.085
0.1,-0.085
0.1,-0.085
0.1,-0.085
0.1,-0.085
0.0,-0.085
0.0,-0.085
0.0,-0.085
0.0,-0.085
0.0,-0.085
0.0,-0.085
0.0,-0.085
0.0,-0.085
0.0,-0.085
0.0,-0.085
0.0,-0.085
0.0,-0.085
0.0,-0.085
0.0,-0.085
0.0,-0.085
0.0,-0.085
0.0,-0.085
0.0,-0.085
0.0,-0.085
0.0,-0.085
0.0,-0.085
0.0,-0.085
0.0,-0.085
0.0,-0.085
0.0,-0.085
0.0,-0.085
0.0,-0.085
0.1,-0.085
0.1,-0.085
0.1,-0.085
0.1,-0.085
0.1,-0.085
0.1,-0.085
0.1,-0.085
0.1,-0.085
0.1,-0.085
0.1,-0.085
0.1,-0.085
0.1,-0.085
0.1,-0.085
0.1,-0.085
0.1,-0.085
0.0,-0.085
0.0,-0.085
0.0,-0.085
0.0,-0.085
0.0,-0.085
0.0,-0.085
0.0,-0.085
0.0,-0.085
0.0,-0.085
0.0,-0.085
0.0,-0.085
0.0,-0.085
0.0,-0.085
0.1,-0.085
0.1,-0.085
0.1,-0.085
0.1,-0.085
0.1,-0.085
0.1,-0.085
0.1,-0.085
0.1,-0.085
0.1,-0.085
0.1,-0.085
0.1,-0.085
0.1,-0.085
0.1,-0.085
0.1,-0.085
0.1,-0.085
0.1,-0.085
0.1,-0.085
0.1,-0.085
0.1,-0.085
0.1,-0.085
0.1,-0.085
0.1,-0.085
0.1,-0.085
0.1,-0.085
0.1,-0.085
0.1,-0.085
0.1,-0.085
0.1,-0.085
0.0,-0.085
0.0,-0.085
0.0,-0.085
0.0,-0.085
0.0,-0.085
0.0,-0.085
0.0,-0.085
0.0,-0.085
0.0,-0.085
0.0,-0.085
0.1,-0.085
0.1,-0.085
0.1,-0.085
0.1,-0.085
0.1,-0.085
0.1,-0.085
0.1,-0.085
0.1,-0.085
0.1,-0.085
0.1,-0.085
0.1,-0.085
0.1,-0.085
0.1,-0.085
0.1,-0.085
0.1,-0.085
0.0,-0.085
0.0,-0.085
0.0,-0.085
0.1,-0.085
0.1,-0.085
0.1,-0.085
0.1,-0.085
0.1,-0.085
0.1,-0.085
0.1,-0.085
0.0,-0.085
0.0,-0.085
0.0,-0.085
0.0,-0.085
0.0,-0.085
0.0,-0.085
0.0,-0.085
0.0,-0.085
0.0,-0.085
0.0,-0.085
0.1,-0.085
0.1,-0.085
0.1,-0.085
0.1,-0.085
0.1,-0.085
0.1,-0.085
0.1,-0.085
0.1,-0.085
0.1,-0.085
0.0,-0.085
0.0,-0.085
0.0,-0.085
0.0,-0.085
-0.1,-0.085
-0.1,-0.085
-0.1,-0.085
-0.1,-0.085
-0.1,-0.085
-0.1,-0.085
-0.1,-0.085
0.1,-0.085
0.1,-0.085
0.1,-0.085
0.1,-0.085
0.2,-0.085
0.2,-0.085
0.2,-0.085
0.1,-0.085
0.0,-0.085
0.0,-0.085
0.0,-0.085
-0.1,-0.085
-0.1,-0.085
-0.1,-0.085
-0.1,-0.085
-0.1,-0.085
-0.1,-0.085
0.0,-0.085
0.1,-0.085
0.1,-0.085
0.1,-0.085
0.1,-0.085
0.1,-0.085
0.1,-0.085
0.1,-0.085
0.1,-0.085
0.1,-0.085
0.1,-0.085
0.1,-0.085
0.0,-0.085
0.0,-0.085
-0.1,-0.085
-0.1,-0.085
-0.1,-0.085
0.0,-0.085
0.0,-0.085
0.0,-0.085
0.0,-0.085
0.1,-0.085
0.1,-0.085
0.1,-0.085
0.2,-0.085
0.2,-0.085
0.2,-0.085
0.2,-0.085
0.2,-0.085
0.0,-0.085
0.0,-0.085
0.0,-0.085
-0.1,-0.085
-0.1,-0.085
-0.1,-0.085
-0.1,-0.085
-0.1,-0.085
-0.1,-0.085
0.0,-0.085
0.0,-0.085
0.1,-0.085
0.1,-0.085
0.2,-0.085
0.2,-0.085
0.2,-0.085
0.2,-0.085
0.2,-0.085
0.1,-0.085
0.1,-0.085
0.0,-0.085
0.0,-0.085
-0.1,-0.085
-0.1,-0.085
-0.1,-0.085
-0.1,-0.085
-0.1,-0.085
-0.1,-0.085
0.0,-0.085
0.1,-0.085
0.1,-0.085
0.2,-0.085
0.2,-0.085
0.2,-0.085
0.2,-0.085
0.2,-0.085
0.2,-0.085
0.2,-0.085
0.1,-0.085
0.1,-0.085
0.0,-0.085
-0.1,-0.085
-0.1,-0.085
-0.1,-0.085
-0.1,-0.085
-0.1,-0.085
-0.1,-0.085
0.0,-0.085
0.0,-0.085
0.1,-0.085
0.1,-0.085
0.2,-0.085
0.2,-0.085
0.2,-0.085
0.2,-0.085
0.2,-0.085
0.2,-0.085
0.1,-0.085
0.0,-0.085
0.0,-0.085
-0.1,-0.085
-0.1,-0.085
-0.1,-0.085
-0.1,-0.085
-0.1,-0.085
-0.1,-0.085
-0.1,-0.085
-0.1,-0.085
0.0,-0.085
0.1,-0.085
0.1,-0.085
0.1,-0.085
0.2,-0.085
0.2,-0.085
0.2,-0.085
0.2,-0.085
0.2,-0.085
0.1,-0.085
0.0,-0.085
0.0,-0.085
-0.1,-0.085
-0.1,-0.085
-0.1,-0.085
-0.1,-0.085
-0.1,-0.085
-0.1,-0.085
-0.1,-0.085
0.0,-0.085
0.0,-0.085
0.1,-0.085
0.1,-0.085
0.1,-0.085
0.2,-0.085
0.2,-0.085
0.2,-0.085
0.2,-0.085
0.2,-0.085
0.1,-0.085
0.1,-0.085
0.0,-0.085
0.0,-0.085
0.0,-0.085
-0.1,-0.085
-0.1,-0.085
-0.1,-0.085
-0.1,-0.085
-0.1,-0.085
-0.1,-0.085
-0.1,-0.085
0.0,-0.085
0.0,-0.085
0.1,-0.085
0.1,-0.085
0.1,-0.085
0.1,-0.085
0.1,-0.085
0.1,-0.085
0.1,-0.085
0.1,-0.085
0.0,-0.085
0.1,-0.085
0.0,-0.085
-0.1,-0.085
-0.1,-0.085
-0.1,-0.085
-0.2,-0.085
-0.1,-0.085
-0.1,-0.085
-0.1,-0.085
0.0,-0.085
0.0,-0.085
0.1,-0.085
0.1,-0.085
0.1,-0.085
0.2,-0.085
0.2,-0.085
0.2,-0.085
0.2,-0.085
0.2,-0.085
0.1,-0.085
0.1,-0.085
0.0,-0.085
0.0,-0.085
-0.1,-0.085
-0.1,-0.085
-0.1,-0.085
-0.1,-0.085
-0.1,-0.085
-0.1,-0.085
0.0,-0.085
0.0,-0.085
0.1,-0.085
0.1,-0.085
0.1,-0.085
0.1,-0.085
0.1,-0.085
0.1,-0.085
0.1,-0.085
0.1,-0.085
0.1,-0.085
0.0,-0.085
0.0,-0.085
0.0,-0.085
0.0,-0.085
-0.1,-0.085
-0.1,-0.085
-0.1,-0.085
-0.1,-0.085
-0.1,-0.085
-0.1,-0.085
-0.1,-0.085
0.1,-0.085
0.1,-0.085
0.1,-0.085
0.1,-0.085
0.1,-0.085
0.1,-0.085
0.1,-0.085
0.1,-0.085
0.0,-0.085
0.0,-0.085
0.0,-0.085
0.0,-0.085
-0.1,-0.085
-0.1,-0.085
-0.1,-0.085
-0.1,-0.085
-0.1,-0.085
-0.1,-0.085
0.0,-0.085
0.1,-0.085
0.1,-0.085
0.1,-0.085
0.1,-0.085
0.2,-0.085
0.2,-0.085
0.2,-0.085
0.2,-0.085
0.2,-0.085
0.1,-0.085
0.0,-0.085
0.0,-0.085
0.0,-0.085
0.0,-0.085
-0.1,-0.085
-0.1,-0.085
-0.1,-0.085
-0.1,-0.085
0.0,-0.085
0.0,-0.085
0.1,-0.085
0.1,-0.085
0.1,-0.085
0.2,-0.085
0.2,-0.085
0.2,-0.085
0.2,-0.085
0.2,-0.085
0.1,-0.085
0.0,-0.085
-0.1,-0.085
-0.1,-0.085
-0.1,-0.085
-0.1,-0.085
-0.1,-0.085
-0.1,-0.085
-0.1,-0.085
-0.1,-0.085
0.1,-0.085
0.1,-0.085
0.1,-0.085
0.1,-0.085
0.2,-0.085
0.2,-0.085
0.2,-0.085
0.2,-0.085
0.2,-0.085
0.2,-0.085
0.2,-0.085
0.0,-0.085
-0.1,-0.085
-0.1,-0.085
-0.1,-0.085
-0.1,-0.085
-0.1,-0.085
-0.1,-0.085
0.0,-0.085
0.0,-0.085
0.1,-0.085
0.1,-0.085
0.2,-0.085
0.2,-0.085
0.2,-0.085
0.2,-0.085
0.2,-0.085
0.1,-0.085
0.1,-0.085
0.0,-0.085
0.0,-0.085
-0.1,-0.085
-0.1,-0.085
-0.1,-0.085
-0.1,-0.085
-0.1,-0.085
-0.1,-0.085
-0.1,-0.085
0.0,-0.085
0.0,-0.085
0.0,-0.085
0.1,-0.085
0.2,-0.085
0.2,-0.085
0.2,-0.085
0.2,-0.085
0.2,-0.085
0.2,-0.085
0.1,-0.085
0.0,-0.085
0.0,-0.085
-0.1,-0.085
-0.1,-0.085
-0.2,-0.085
-0.1,-0.085
-0.1,-0.085
-0.1,-0.085
0.0,-0.085
0.0,-0.085
0.0,-0.085
0.1,-0.085
0.1,-0.085
0.2,-0.085
0.2,-0.085
0.2,-0.085
0.2,-0.085
0.2,-0.085
0.1,-0.085
0.0,-0.085
0.0,-0.085
-0.1,-0.085
-0.1,-0.085
-0.1,-0.085
-0.1,-0.085
-0.1,-0.085
-0.1,-0.085
-0.1,-0.085
-0.1,-0.085
0.0,-0.085
0.0,-0.085
0.1,-0.085
0.1,-0.085
0.1,-0.085
0.1,-0.085
0.1,-0.085
0.1,-0.085
0.1,-0.085
0.1,-0.085
0.1,-0.085
0.1,-0.085
0.1,-0.085
0.0,-0.085
0.0,-0.085
0.0,-0.085
0.0,-0.085
0.0,-0.085
0.0,-0.085
0.0,-0.085
0.0,-0.085
0.0,-0.085
0.1,-0.085
0.0,-0.085
0.1,-0.085
0.1,-0.085
0.1,-0.085
0.1,-0.085
0.1,-0.085
0.0,-0.085
0.1,-0.085
0.1,-0.085
0.1,-0.085
0.0,-0.085
0.0,-0.085
0.0,-0.085
0.0,-0.085
0.0,-0.085
0.0,-0.085
0.0,-0.085
0.0,-0.085
0.0,-0.085
0.1,-0.085
0.1,-0.085
0.1,-0.085
0.1,-0.085
0.1,-0.085
0.1,-0.085
0.1,-0.085
0.1,-0.085
0.1,-0.085
0.0,-0.085
0.1,-0.085
0.0,-0.085
0.0,-0.085
0.0,-0.085
0.0,-0.085
0.0,-0.085
0.0,-0.085
0.0,-0.085
0.0,-0.085
0.0,-0.085
0.0,-0.085
0.0,-0.085
0.1,-0.085
0.1,-0.085
0.1,-0.085
0.1,-0.085
0.1,-0.085
0.1,-0.085
0.1,-0.085
0.1,-0.085
0.1,-0.085
0.1,-0.085
0.1,-0.085
0.1,-0.085
0.1,-0.085
0.1,-0.085
0.1,-0.085
0.1,-0.085
0.1,-0.085
0.1,-0.085
0.1,-0.085
0.1,-0.085
0.1,-0.085
0.1,-0.085
0.1,-0.085
0.1,-0.085
0.1,-0.085
0.1,-0.085
0.1,-0.085
0.1,-0.085
0.1,-0.085
0.1,-0.085
0.1,-0.085
0.1,-0.085
0.1,-0.085
0.1,-0.085
0.1,-0.085
0.1,-0.085
0.1,-0.085
0.1,-0.085
0.1,-0.085
0.1,-0.085
0.1,-0.085
0.1,-0.085
0.1,-0.085
0.1,-0.085
0.0,-0.085
0.0,-0.085
0.0,-0.085
0.0,-0.085
0.0,-0.085
0.0,-0.085
0.0,-0.085
0.0,-0.085
0.0,-0.085
0.0,-0.085
0.0,-0.085
0.0,-0.085
0.0,-0.085
0.0,-0.085
0.0,-0.085
0.0,-0.085
0.0,-0.085
0.0,-0.085
0.0,-0.085
0.0,-0.085
0.0,-0.085
0.0,-0.085
0.0,-0.085
0.0,-0.085
0.0,-0.085
0.0,-0.085
0.0,-0.085
0.0,-0.085
0.0,-0.085
0.0,-0.085
0.0,-0.085
0.0,-0.085
0.0,-0.085
0.0,-0.085
0.0,-0.085
0.0,-0.085
0.0,-0.085
0.0,-0.085
0.0,-0.085
0.0,-0.085
0.0,-0.085
0.0,-0.085
0.0,-0.085
0.0,-0.085
0.0,-0.085
0.0,-0.085
0.0,-0.085
0.0,-0.085
0.0,-0.085
0.0,-0.085
0.0,-0.085
0.0,-0.085
0.0,-0.085
0.0,-0.085
0.0,-0.085
0.0,-0.085
0.0,-0.085
0.0,-0.085
0.0,-0.085
0.0,-0.085
0.0,-0.085
0.0,-0.085
0.0,-0.085
0.0,-0.085
0.0,-0.085
0.0,-0.085
0.0,-0.085
0.0,-0.085
0.0,-0.085
0.0,-0.085
0.0,-0.085
0.0,-0.085
0.0,-0.085
0.0,-0.085
0.0,-0.085
0.0,-0.085
0.0,-0.085
0.0,-0.085
0.0,-0.085
0.0,-0.085
0.0,-0.085
0.1,-0.085
0.1,-0.085
0.1,-0.085
0.1,-0.085
0.1,-0.085
0.1,-0.085
0.1,-0.085
0.1,-0.085
0.1,-0.085
0.1,-0.085
0.1,-0.085
0.0,-0.085
0.0,-0.085
0.0,-0.085
0.0,-0.085
0.0,-0.085
0.0,-0.085
0.0,-0.085
0.0,-0.085
0.0,-0.085
0.0,-0.085
0.0,-0.085
0.0,-0.085
0.1,-0.085
0.1,-0.085
0.1,-0.085
0.1,-0.085
0.1,-0.085
0.1,-0.085
0.0,-0.085
0.1,-0.085
0.0,-0.085
0.0,-0.085
0.0,-0.085
0.0,-0.085
0.0,-0.085
0.0,-0.085
0.0,-0.085
0.0,-0.085
0.0,-0.085
0.0,-0.085
0.1,-0.085
0.1,-0.085
0.1,-0.085
0.1,-0.085
0.1,-0.085
0.1,-0.085
0.1,-0.085
0.1,-0.085
0.1,-0.085
0.0,-0.085
0.0,-0.085
0.0,-0.085
0.0,-0.085
0.0,-0.085
0.0,-0.085
0.0,-0.085
0.0,-0.085
0.0,-0.085
0.0,-0.085
0.0,-0.085
0.0,-0.085
0.0,-0.085
0.0,-0.085
0.0,-0.085
0.0,-0.085
0.0,-0.085
0.0,-0.085
0.0,-0.085
0.0,-0.085
0.0,-0.085
0.0,-0.085
0.0,-0.085
0.0,-0.085
0.0,-0.085
0.0,-0.085
0.0,-0.085
0.0,-0.085
0.0,-0.085
0.0,-0.085
0.1,-0.085
0.1,-0.085
0.1,-0.085
0.1,-0.085
0.1,-0.085
0.1,-0.085
0.1,-0.085
0.1,-0.085
0.1,-0.085
0.1,-0.085
0.1,-0.085
0.1,-0.085
0.1,-0.085
0.1,-0.085
0.0,-0.085
0.0,-0.085
0.0,-0.085
0.0,-0.085
0.0,-0.085
0.0,-0.085
0.0,-0.085
0.0,-0.085
0.0,-0.085
0.0,-0.085
0.0,-0.085
0.0,-0.085
0.0,-0.085
0.0,-0.085
0.0,-0.085
0.0,-0.085
0.1,-0.085
0.1,-0.085
0.1,-0.085
0.1,-0.085
0.1,-0.085
0.1,-0.085
0.1,-0.085
0.1,-0.085
0.1,-0.085
0.1,-0.085
0.1,-0.085
0.1,-0.085
0.1,-0.085
0.1,-0.085
0.1,-0.085
0.1,-0.085
0.1,-0.085
0.0,-0.085
0.0,-0.085
-0.1,-0.085
-0.1,-0.085
-0.1,-0.085
-0.1,-0.085
-0.1,-0.085
-0.1,-0.085
-0.1,-0.085
0.1,-0.085
0.1,-0.085
0.1,-0.085
0.2,-0.085
0.2,-0.085
0.2,-0.085
0.2,-0.085
0.2,-0.085
0.1,-0.085
0.1,-0.085
0.0,-0.085
-0.1,-0.085
-0.1,-0.085
-0.1,-0.085
-0.2,-0.085
-0.2,-0.085
-0.2,-0.085
-0.1,-0.085
0.0,-0.085
0.0,-0.085
0.1,-0.085
0.2,-0.085
0.2,-0.085
0.2,-0.085
0.3,-0.085
0.2,-0.085
0.2,-0.085
0.2,-0.085
0.1,-0.085
0.0,-0.085
-0.1,-0.085
-0.2,-0.085
-0.2,-0.085
-0.2,-0.085
-0.2,-0.085
-0.2,-0.085
-0.1,-0.085
-0.1,-0.085
0.0,-0.085
0.1,-0.085
0.2,-0.085
0.3,-0.085
0.3,-0.085
0.3,-0.085
0.3,-0.085
0.3,-0.085
0.3,-0.085
0.2,-0.085
0.1,-0.085
0.0,-0.085
-0.1,-0.085
-0.2,-0.085
-0.3,-0.085
-0.3,-0.085
-0.3,-0.085
-0.3,-0.085
-0.2,-0.085
0.0,-0.085
0.0,-0.085
0.1,-0.085
0.2,-0.085
0.3,-0.085
0.3,-0.085
0.3,-0.085
0.3,-0.085
0.3,-0.085
0.2,-0.085
0.1,-0.085
0.1,-0.085
0.0,-0.085
-0.1,-0.085
-0.2,-0.085
-0.3,-0.085
-0.3,-0.085
-0.3,-0.085
-0.2,-0.085
-0.1,-0.085
-0.1,-0.085
0.0,-0.085
0.1,-0.085
0.2,-0.085
0.3,-0.085
0.3,-0.085
0.3,-0.085
0.3,-0.085
0.2,-0.085
0.2,-0.085
0.1,-0.085
0.0,-0.085
-0.1,-0.085
-0.2,-0.085
-0.2,-0.085
-0.2,-0.085
-0.2,-0.085
-0.2,-0.085
-0.2,-0.085
-0.1,-0.085
0.0,-0.085
0.0,-0.085
0.1,-0.085
0.2,-0.085
0.3,-0.085
0.3,-0.085
0.3,-0.085
0.3,-0.085
0.3,-0.085
0.2,-0.085
0.1,-0.085
0.0,-0.085
-0.1,-0.085
-0.1,-0.085
-0.2,-0.085
-0.2,-0.085
-0.2,-0.085
-0.2,-0.085
-0.1,-0.085
0.0,-0.085
0.1,-0.085
0.2,-0.085
0.2,-0.085
0.3,-0.085
0.3,-0.085
0.3,-0.085
0.3,-0.085
0.2,-0.085
0.2,-0.085
0.1,-0.085
0.0,-0.085
0.0,-0.085
-0.1,-0.085
-0.2,-0.085
-0.2,-0.085
-0.2,-0.085
-0.2,-0.085
-0.1,-0.085
-0.1,-0.085
0.0,-0.085
0.1,-0.085
0.1,-0.085
0.2,-0.085
0.2,-0.085
0.3,-0.085
0.3,-0.085
0.3,-0.085
0.2,-0.085
0.1,-0.085
0.1,-0.085
0.0,-0.085
-0.1,-0.085
-0.1,-0.085
-0.1,-0.085
-0.2,-0.085
-0.2,-0.085
-0.1,-0.085
-0.1,-0.085
0.0,-0.085
0.0,-0.085
0.1,-0.085
0.2,-0.085
0.2,-0.085
0.2,-0.085
0.2,-0.085
0.2,-0.085
0.2,-0.085
0.2,-0.085
0.1,-0.085
0.0,-0.085
0.0,-0.085
-0.1,-0.085
-0.1,-0.085
-0.1,-0.085
-0.1,-0.085
-0.1,-0.085
-0.1,-0.085
-0.1,-0.085
0.0,-0.085
0.0,-0.085
0.1,-0.085
0.1,-0.085
0.2,-0.085
0.2,-0.085
0.2,-0.085
0.2,-0.085
0.2,-0.085
0.2,-0.085
0.1,-0.085
0.1,-0.085
0.0,-0.085
0.0,-0.085
0.0,-0.085
-0.1,-0.085
-0.1,-0.085
-0.1,-0.085
-0.1,-0.085
0.0,-0.085
0.0,-0.085
0.1,-0.085
0.1,-0.085
0.2,-0.085
0.2,-0.085
0.2,-0.085
0.2,-0.085
0.2,-0.085
0.2,-0.085
0.1,-0.085
0.0,-0.085
0.0,-0.085
-0.1,-0.085
-0.1,-0.085
-0.1,-0.085
-0.1,-0.085
-0.1,-0.085
-0.1,-0.085
-0.1,-0.085
-0.1,-0.085
0.0,-0.085
0.1,-0.085
0.1,-0.085
0.1,-0.085
0.2,-0.085
0.2,-0.085
0.2,-0.085
0.2,-0.085
0.1,-0.085
0.1,-0.085
0.0,-0.085
0.0,-0.085
-0.1,-0.085
-0.1,-0.085
-0.1,-0.085
-0.1,-0.085
-0.1,-0.085
-0.1,-0.085
-0.1,-0.085
-0.1,-0.085
0.0,-0.085
0.1,-0.085
0.1,-0.085
0.2,-0.085
0.2,-0.085
0.2,-0.085
0.2,-0.085
0.2,-0.085
0.2,-0.085
0.2,-0.085
0.1,-0.085
0.0,-0.085
-0.1,-0.085
-0.1,-0.085
-0.1,-0.085
-0.1,-0.085
-0.1,-0.085
-0.1,-0.085
0.0,-0.085
0.0,-0.085
0.1,-0.085
0.1,-0.085
0.1,-0.085
0.2,-0.085
0.2,-0.085
0.2,-0.085
0.2,-0.085
0.2,-0.085
0.2,-0.085
0.1,-0.085
0.1,-0.085
0.0,-0.085
-0.1,-0.085
-0.1,-0.085
-0.1,-0.085
-0.1,-0.085
-0.1,-0.085
-0.1,-0.085
-0.1,-0.085
0.0,-0.085
0.1,-0.085
0.1,-0.085
0.1,-0.085
0.2,-0.085
0.2,-0.085
0.2,-0.085
0.2,-0.085
0.2,-0.085
0.2,-0.085
0.1,-0.085
0.1,-0.085
0.0,-0.085
0.0,-0.085
-0.1,-0.085
-0.1,-0.085
-0.1,-0.085
-0.1,-0.085
-0.1,-0.085
-0.1,-0.085
0.0,-0.085
0.0,-0.085
0.1,-0.085
0.1,-0.085
0.1,-0.085
0.2,-0.085
0.2,-0.085
0.2,-0.085
0.2,-0.085
0.1,-0.085
0.0,-0.085
0.0,-0.085
0.0,-0.085
0.0,-0.085
-0.1,-0.085
-0.1,-0.085
-0.1,-0.085
-0.1,-0.085
-0.1,-0.085
-0.1,-0.085
0.0,-0.085
0.0,-0.085
0.1,-0.085
0.1,-0.085
0.1,-0.085
0.2,-0.085
0.2,-0.085
0.2,-0.085
0.2,-0.085
0.2,-0.085
0.1,-0.085
0.1,-0.085
0.0,-0.085
0.0,-0.085
0.0,-0.085
0.0,-0.085
0.0,-0.085
0.0,-0.085
0.0,-0.085
0.0,-0.085
0.0,-0.085
0.1,-0.085
0.1,-0.085
0.1,-0.085
0.1,-0.085
0.1,-0.085
0.1,-0.085
0.1,-0.085
0.1,-0.085
0.0,-0.085
0.0,-0.085
-0.1,-0.085
-0.1,-0.085
-0.1,-0.085
-0.1,-0.085
-0.1,-0.085
-0.1,-0.085
-0.1,-0.085
-0.1,-0.085
-0.1,-0.085
0.1,-0.085
0.1,-0.085
0.1,-0.085
0.1,-0.085
0.1,-0.085
0.1,-0.085
0.1,-0.085
0.0,-0.085
0.0,-0.085
0.0,-0.085
-0.1,-0.085
-0.1,-0.085
0.0,-0.085
0.0,-0.085
0.0,-0.085
0.0,-0.085
0.0,-0.085
0.1,-0.085
0.1,-0.085
0.1,-0.085
0.1,-0.085
0.1,-0.085
0.1,-0.085
0.1,-0.085
0.1,-0.085
0.0,-0.085
0.0,-0.085
0.0,-0.085
0.0,-0.085
0.0,-0.085
0.0,-0.085
0.0,-0.085
0.0,-0.085
0.0,-0.085
0.0,-0.085
0.1,-0.085
0.1,-0.085
0.1,-0.085
0.1,-0.085
0.1,-0.085
0.1,-0.085
0.1,-0.085
0.1,-0.085
0.1,-0.085
0.1,-0.085
0.0,-0.085
0.0,-0.085
-0.1,-0.085
-0.1,-0.085
-0.1,-0.085
-0.1,-0.085
-0.1,-0.085
-0.1,-0.085
-0.1,-0.085
-0.1,-0.085
0.0,-0.085
0.0,-0.085
0.0,-0.085
0.1,-0.085
0.1,-0.085
0.1,-0.085
0.1,-0.085
0.1,-0.085
0.1,-0.085
0.1,-0.085
0.1,-0.085
0.1,-0.085
0.0,-0.085
-0.1,-0.085
-0.1,-0.085
-0.1,-0.085
-0.1,-0.085
-0.1,-0.085
-0.1,-0.085
-0.1,-0.085
0.0,-0.085
0.1,-0.085
0.1,-0.085
0.1,-0.085
0.1,-0.085
0.2,-0.085
0.2,-0.085
0.2,-0.085
0.1,-0.085
0.1,-0.085
0.0,-0.085
0.0,-0.085
0.0,-0.085
-0.1,-0.085
-0.1,-0.085
-0.1,-0.085
-0.1,-0.085
-0.1,-0.085
-0.1,-0.085
-0.1,-0.085
0.1,-0.085
0.1,-0.085
0.1,-0.085
0.1,-0.085
0.1,-0.085
0.1,-0.085
0.1,-0.085
0.1,-0.085
0.1,-0.085
0.0,-0.085
0.0,-0.085
0.0,-0.085
0.0,-0.085
0.0,-0.085
0.0,-0.085
0.0,-0.085
0.0,-0.085
0.0,-0.085
0.0,-0.085
0.0,-0.085
0.1,-0.085
0.1,-0.085
0.1,-0.085
0.1,-0.085
0.1,-0.085
0.1,-0.085
0.1,-0.085
0.1,-0.085
0.1,-0.085
0.1,-0.085
0.1,-0.085
0.1,-0.085
0.1,-0.085
0.0,-0.085
0.0,-0.085
0.0,-0.085
0.0,-0.085
0.0,-0.085
0.0,-0.085
0.0,-0.085
0.0,-0.085
0.0,-0.085
0.0,-0.085
0.0,-0.085
0.0,-0.085
0.0,-0.085
0.0,-0.085
-0.1,-0.085
-0.1,-0.085
-0.1,-0.085
-0.1,-0.085
-0.1,-0.085
-0.1,-0.085
-0.1,-0.085
-0.1,-0.085
0.0,-0.085
0.0,-0.085
0.1,-0.085
0.1,-0.085
0.1,-0.085
0.2,-0.085
0.2,-0.085
0.2,-0.085
0.2,-0.085
0.2,-0.085
0.2,-0.085
0.2,-0.085
0.0,-0.085
0.0,-0.085
0.0,-0.085
-0.1,-0.085
-0.1,-0.085
-0.1,-0.085
-0.1,-0.085
-0.1,-0.085
-0.1,-0.085
-0.1,-0.085
0.0,-0.085
0.1,-0.085
0.1,-0.085
0.1,-0.085
0.2,-0.085
0.2,-0.085
0.2,-0.085
0.2,-0.085
0.1,-0.085
0.1,-0.085
0.0,-0.085
0.0,-0.085
-0.1,-0.085
-0.1,-0.085
-0.1,-0.085
-0.1,-0.085
-0.2,-0.085
-0.2,-0.085
-0.1,-0.085
-0.1,-0.085
0.0,-0.085
0.0,-0.085
0.1,-0.085
0.2,-0.085
0.2,-0.085
0.3,-0.085
0.3,-0.085
0.2,-0.085
0.2,-0.085
0.2,-0.085
0.1,-0.085
0.0,-0.085
-0.1,-0.085
-0.1,-0.085
-0.1,-0.085
-0.2,-0.085
-0.2,-0.085
-0.1,-0.085
-0.1,-0.085
0.0,-0.085
0.1,-0.085
0.2,-0.085
0.3,-0.085
0.3,-0.085
0.3,-0.085
0.3,-0.085
0.2,-0.085
0.2,-0.085
0.1,-0.085
0.0,-0.085
0.0,-0.085
-0.1,-0.085
-0.1,-0.085
-0.1,-0.085
-0.1,-0.085
-0.1,-0.085
-0.1,-0.085
-0.1,-0.085
0.0,-0.085
0.0,-0.085
0.1,-0.085
0.1,-0.085
0.1,-0.085
0.1,-0.085
0.1,-0.085
0.1,-0.085
0.1,-0.085
0.1,-0.085
0.1,-0.085
0.1,-0.085
0.1,-0.085
0.0,-0.085
0.0,-0.085
0.0,-0.085
0.0,-0.085
0.0,-0.085
0.0,-0.085
0.0,-0.085
0.1,-0.085
0.1,-0.085
0.1,-0.085
0.1,-0.085
0.2,-0.085
0.2,-0.085
0.2,-0.085
0.1,-0.085
0.1,-0.085
0.1,-0.085
0.0,-0.085
0.0,-0.085
-0.1,-0.085
-0.1,-0.085
-0.1,-0.085
-0.1,-0.085
-0.1,-0.085
-0.1,-0.085
-0.1,-0.085
0.0,-0.085
0.1,-0.085
0.1,-0.085
0.1,-0.085
0.1,-0.085
0.1,-0.085
0.1,-0.085
0.1,-0.085
0.1,-0.085
0.1,-0.085
0.0,-0.085
0.0,-0.085
-0.1,-0.085
-0.1,-0.085
-0.1,-0.085
-0.1,-0.085
-0.1,-0.085
-0.1,-0.085
0.0,-0.085
0.0,-0.085
0.0,-0.085
0.1,-0.085
0.1,-0.085
0.1,-0.085
0.1,-0.085
0.1,-0.085
0.1,-0.085
0.1,-0.085
0.1,-0.085
0.1,-0.085
0.0,-0.085
0.0,-0.085
0.0,-0.085
0.0,-0.085
0.0,-0.085
0.0,-0.085
0.0,-0.085
0.0,-0.085
0.0,-0.085
0.0,-0.085
0.0,-0.085
0.1,-0.085
0.1,-0.085
0.1,-0.085
0.1,-0.085
0.1,-0.085
0.1,-0.085
0.1,-0.085
0.1,-0.085
0.1,-0.085
0.1,-0.085
0.1,-0.085
0.1,-0.085
0.0,-0.085
0.0,-0.085
0.0,-0.085
0.0,-0.085
0.0,-0.085
0.0,-0.085
0.0,-0.085
0.0,-0.085
0.1,-0.085
0.1,-0.085
0.1,-0.085
0.1,-0.085
0.1,-0.085
0.1,-0.085
0.1,-0.085
0.1,-0.085
0.1,-0.085
0.1,-0.085
0.1,-0.085
0.1,-0.085
0.1,-0.085
0.0,-0.085
0.0,-0.085
0.0,-0.085
0.0,-0.085
0.0,-0.085
0.0,-0.085
0.0,-0.085
0.0,-0.085
0.1,-0.085
0.1,-0.085
0.1,-0.085
0.1,-0.085
0.1,-0.085
0.1,-0.085
0.1,-0.085
0.1,-0.085
0.1,-0.085
0.1,-0.085
0.1,-0.085
0.1,-0.085
0.0,-0.085
0.0,-0.085
0.0,-0.085
0.0,-0.085
0.0,-0.085
0.0,-0.085
0.0,-0.085
0.0,-0.085
0.0,-0.085
0.1,-0.085
0.1,-0.085
0.1,-0.085
0.1,-0.085
0.1,-0.085
0.1,-0.085
0.1,-0.085
0.1,-0.085
0.1,-0.085
0.1,-0.085
0.1,-0.085
0.0,-0.085
0.0,-0.085
0.0,-0.085
0.0,-0.085
0.0,-0.085
0.0,-0.085
0.0,-0.085
0.0,-0.085
0.0,-0.085
0.1,-0.085
0.0,-0.085
0.1,-0.085
0.1,-0.085
0.1,-0.085
0.1,-0.085
0.1,-0.085
0.1,-0.085
0.1,-0.085
0.1,-0.085
0.1,-0.085
0.0,-0.085
0.0,-0.085
0.0,-0.085
0.0,-0.085
0.0,-0.085
0.0,-0.085
0.0,-0.085
0.0,-0.085
0.0,-0.085
0.0,-0.085
0.0,-0.085
0.0,-0.085
0.0,-0.085
0.0,-0.085
0.0,-0.085
0.0,-0.085
0.0,-0.085
0.0,-0.085
0.0,-0.085
0.1,-0.085
0.1,-0.085
0.1,-0.085
0.1,-0.085
0.1,-0.085
0.1,-0.085
0.1,-0.085
0.1,-0.085
0.1,-0.085
0.1,-0.085
0.1,-0.085
0.1,-0.085
0.1,-0.085
0.1,-0.085
0.0,-0.085
0.0,-0.085
0.0,-0.085
0.0,-0.085
0.1,-0.085
0.1,-0.085
0.1,-0.085
0.1,-0.085
0.1,-0.085
0.1,-0.085
0.0,-0.085
0.0,-0.085
0.0,-0.085
0.0,-0.085
0.0,-0.085
0.0,-0.085
0.0,-0.085
0.0,-0.085
0.0,-0.085
0.0,-0.085
0.0,-0.085
0.0,-0.085
0.0,-0.085
0.0,-0.085
0.0,-0.085
0.0,-0.085
0.0,-0.085
0.0,-0.085
0.0,-0.085
0.0,-0.085
0.0,-0.085
0.0,-0.085
0.0,-0.085
0.0,-0.085
0.0,-0.085
0.0,-0.085
0.0,-0.085
0.0,-0.085
0.0,-0.085
0.0,-0.085
0.0,-0.085
0.0,-0.085
0.1,-0.085
0.1,-0.085
0.1,-0.085
0.1,-0.085
0.1,-0.085
0.1,-0.085
0.1,-0.085
0.1,-0.085
0.1,-0.085
0.0,-0.085
0.0,-0.085
0.0,-0.085
0.0,-0.085
0.0,-0.085
0.0,-0.085
0.0,-0.085
0.0,-0.085
0.0,-0.085
0.0,-0.085
0.0,-0.085
0.0,-0.085
0.0,-0.085
0.0,-0.085
0.0,-0.085
0.1,-0.085
0.1,-0.085
0.1,-0.085
0.0,-0.085
0.0,-0.085
0.0,-0.085
0.0,-0.085
0.0,-0.085
0.0,-0.085
0.0,-0.085
0.0,-0.085
0.0,-0.085
0.0,-0.085
0.0,-0.085
0.0,-0.085
0.0,-0.085
0.0,-0.085
0.0,-0.085
0.0,-0.085
0.0,-0.085
0.0,-0.085
0.0,-0.085
0.0,-0.085
0.0,-0.085
0.0,-0.085
0.0,-0.085
0.0,-0.085
0.0,-0.085
0.0,-0.085
0.0,-0.085
0.0,-0.085
0.0,-0.085
0.1,-0.085
0.1,-0.085
0.1,-0.085
0.1,-0.085
0.1,-0.085
0.1,-0.085
0.1,-0.085
0.1,-0.085
0.1,-0.085
0.1,-0.085
0.1,-0.085
0.0,-0.085
0.0,-0.085
0.0,-0.085
0.0,-0.085
0.0,-0.085
0.0,-0.085
0.0,-0.085
0.0,-0.085
0.0,-0.085
0.0,-0.085
0.1,-0.085
0.1,-0.085
0.1,-0.085
0.0,-0.085
0.0,-0.085
0.0,-0.085
0.0,-0.085
0.0,-0.085
0.0,-0.085
0.0,-0.085
0.0,-0.085
0.0,-0.085
0.0,-0.085
0.0,-0.085
0.0,-0.085
0.0,-0.085
0.0,-0.085
0.0,-0.085
0.1,-0.085
0.1,-0.085
0.1,-0.085
0.1,-0.085
0.1,-0.085
0.1,-0.085
0.0,-0.085
0.0,-0.085
0.0,-0.085
0.0,-0.085
0.0,-0.085
0.0,-0.085
0.0,-0.085
0.0,-0.085
0.0,-0.085
0.0,-0.085
0.0,-0.085
0.0,-0.085
0.0,-0.085
0.1,-0.085
0.1,-0.085
0.1,-0.085
0.1,-0.085
0.1,-0.085
0.1,-0.085
0.1,-0.085
0.1,-0.085
0.1,-0.085
0.1,-0.085
0.1,-0.085
0.1,-0.085
0.1,-0.085
0.1,-0.085
0.1,-0.085
0.0,-0.085
0.0,-0.085
0.0,-0.085
0.0,-0.085
0.0,-0.085
0.0,-0.085
0.1,-0.085
0.1,-0.085
0.1,-0.085
0.0,-0.085
0.0,-0.085
0.0,-0.085
0.0,-0.085
0.0,-0.085
0.0,-0.085
0.0,-0.085
0.0,-0.085
0.0,-0.085
0.0,-0.085
0.0,-0.085
0.0,-0.085
0.0,-0.085
0.1,-0.085
0.1,-0.085
0.1,-0.085
0.1,-0.085
0.1,-0.085
0.1,-0.085
0.1,-0.085
0.1,-0.085
0.0,-0.085
0.0,-0.085
0.0,-0.085
0.0,-0.085
0.0,-0.085
0.0,-0.085
0.0,-0.085
0.0,-0.085
0.0,-0.085
0.0,-0.085
0.0,-0.085
0.1,-0.085
0.1,-0.085
0.1,-0.085
0.1,-0.085
0.1,-0.085
0.1,-0.085
0.1,-0.085
0.1,-0.085
0.1,-0.085
0.1,-0.085
0.0,-0.085
0.0,-0.085
0.0,-0.085
0.0,-0.085
0.0,-0.085
0.0,-0.085
0.1,-0.085
0.1,-0.085
0.1,-0.085
0.1,-0.085
0.1,-0.085
0.1,-0.085
0.1,-0.085
0.1,-0.085
0.1,-0.085
0.1,-0.085
0.1,-0.085
0.0,-0.085
0.0,-0.085
0.0,-0.080
0.0,-0.080
0.0,-0.080
0.0,-0.080
0.0,-0.080
0.0,-0.080
0.0,-0.080
0.0,-0.080
0.1,-0.080
0.1,-0.080
0.1,-0.080
0.1,-0.080
0.1,-0.080
0.1,-0.080
0.1,-0.080
0.1,-0.080
0.1,-0.080
0.0,-0.080
0.0,-0.080
0.0,-0.080
0.0,-0.080
0.0,-0.080
0.0,-0.080
0.0,-0.080
0.0,-0.080
0.0,-0.080
0.0,-0.080
0.0,-0.080
0.1,-0.080
0.1,-0.080
0.1,-0.080
0.1,-0.080
0.1,-0.080
0.1,-0.080
0.1,-0.080
0.1,-0.080
0.1,-0.080
0.0,-0.080
0.0,-0.080
0.0,-0.080
0.0,-0.080
0.0,-0.080
0.0,-0.080
0.0,-0.080
0.0,-0.080
0.0,-0.080
0.0,-0.080
0.0,-0.080
0.1,-0.080
0.1,-0.080
0.1,-0.080
0.1,-0.080
0.1,-0.080
0.1,-0.080
0.1,-0.080
0.1,-0.080
0.1,-0.080
0.1,-0.080
0.0,-0.080
0.0,-0.080
0.0,-0.080
0.0,-0.080
0.0,-0.080
0.0,-0.080
0.0,-0.080
0.0,-0.080
0.0,-0.080
0.1,-0.080
0.0,-0.080
0.0,-0.080
0.0,-0.080
0.0,-0.080
0.1,-0.080
0.1,-0.080
0.1,-0.080
0.1,-0.080
0.1,-0.080
0.1,-0.080
0.1,-0.080
0.1,-0.080
0.1,-0.080
0.1,-0.080
0.1,-0.080
0.0,-0.080
0.0,-0.080
0.0,-0.080
0.0,-0.080
0.0,-0.080
0.0,-0.080
0.0,-0.080
0.0,-0.080
0.0,-0.080
0.0,-0.080
0.0,-0.080
0.0,-0.080
0.0,-0.080
0.1,-0.080
0.1,-0.080
0.1,-0.080
0.1,-0.080
0.1,-0.080
0.1,-0.080
0.1,-0.080
0.1,-0.080
0.1,-0.080
0.1,-0.080
0.1,-0.080
0.1,-0.080
0.0,-0.080
0.0,-0.080
0.0,-0.080
0.0,-0.080
0.0,-0.080
0.1,-0.080
0.1,-0.080
0.1,-0.080
0.1,-0.080
0.0,-0.080
0.0,-0.080
0.0,-0.080
0.0,-0.080
0.0,-0.080
0.0,-0.080
0.0,-0.080
0.0,-0.080
0.0,-0.080
0.0,-0.080
0.0,-0.080
0.0,-0.080
0.0,-0.080
0.0,-0.080
0.0,-0.080
0.0,-0.080
0.0,-0.080
0.0,-0.080
0.0,-0.080
0.0,-0.080
0.0,-0.080
0.0,-0.080
0.0,-0.080
0.0,-0.080
0.0,-0.080
0.0,-0.080
0.0,-0.080
0.0,-0.080
0.0,-0.080
0.1,-0.080
0.1,-0.080
0.1,-0.080
0.1,-0.080
0.1,-0.080
0.1,-0.080
0.1,-0.080
0.1,-0.080
0.1,-0.080
0.1,-0.080
0.0,-0.080
0.0,-0.080
0.0,-0.080
0.0,-0.080
0.0,-0.080
0.0,-0.080
0.0,-0.080
0.0,-0.080
0.0,-0.080
0.0,-0.080
0.0,-0.080
0.0,-0.080
0.0,-0.080
0.0,-0.080
0.0,-0.080
0.1,-0.080
0.1,-0.080
0.1,-0.080
0.1,-0.080
0.1,-0.080
0.1,-0.080
0.1,-0.080
0.1,-0.080
0.1,-0.080
0.1,-0.080
0.1,-0.080
0.0,-0.080
0.0,-0.080
0.0,-0.080
0.0,-0.080
-0.1,-0.080
0.0,-0.080
0.0,-0.080
0.0,-0.080
0.0,-0.080
0.0,-0.080
0.0,-0.080
0.0,-0.080
0.0,-0.080
0.0,-0.080
0.0,-0.080
0.1,-0.080
0.0,-0.080
0.1,-0.080
0.1,-0.080
0.2,-0.080
0.2,-0.080
0.3,-0.080
0.3,-0.080
0.2,-0.080
0.2,-0.080
0.1,-0.080
0.0,-0.080
-0.1,-0.080
-0.1,-0.080
-0.2,-0.080
-0.2,-0.080
-0.2,-0.080
-0.2,-0.080
-0.2,-0.080
-0.1,-0.080
0.0,-0.080
0.1,-0.080
0.2,-0.080
0.3,-0.080
0.4,-0.080
0.5,-0.080
0.5,-0.080
0.5,-0.080
0.4,-0.080
0.3,-0.080
0.1,-0.080
-0.1,-0.080
-0.3,-0.080
-0.4,-0.080
-0.6,-0.080
-0.6,-0.080
-0.7,-0.080
-0.7,-0.080
-0.6,-0.080
-0.4,-0.080
-0.1,-0.080
0.1,-0.080
0.4,-0.080
0.7,-0.080
0.9,-0.080
1.0,-0.080
1.0,-0.080
1.0,-0.080
0.8,-0.080
0.5,-0.080
0.2,-0.080
-0.1,-0.080
-0.5,-0.080
-0.8,-0.080
-1.0,-0.080
-1.1,-0.080
-1.1,-0.080
-0.9,-0.080
-0.7,-0.080
-0.4,-0.080
-0.1,-0.080
0.3,-0.080
0.6,-0.080
0.9,-0.080
1.1,-0.080
1.2,-0.080
1.2,-0.080
1.0,-0.080
0.8,-0.080
0.5,-0.080
0.2,-0.080
-0.2,-0.080
-0.5,-0.080
-0.8,-0.080
-1.0,-0.080
-1.1,-0.080
-1.1,-0.080
-1.0,-0.080
-0.8,-0.080
-0.5,-0.080
-0.2,-0.080
0.2,-0.080
0.6,-0.080
0.9,-0.080
1.1,-0.080
1.3,-0.080
1.3,-0.080
1.2,-0.080
1.0,-0.080
0.7,-0.080
0.4,-0.080
0.0,-0.080
-0.5,-0.080
-0.9,-0.080
-1.2,-0.080
-1.3,-0.080
-1.4,-0.080
-1.3,-0.080
-1.1,-0.080
-0.8,-0.080
-0.3,-0.080
0.1,-0.080
0.6,-0.080
1.0,-0.080
1.3,-0.080
1.5,-0.080
1.5,-0.075
1.4,-0.075
1.2,-0.075
0.8,-0.075
0.4,-0.075
-0.1,-0.075
-0.6,-0.075
-1.0,-0.075
-1.4,-0.075
-1.6,-0.075
-1.6,-0.075
-1.4,-0.075
-1.1,-0.075
-0.7,-0.075
-0.2,-0.075
0.4,-0.075
0.9,-0.075
1.3,-0.075
1.6,-0.075
1.7,-0.075
1.7,-0.075
1.5,-0.075
1.2,-0.075
0.7,-0.075
0.1,-0.075
-0.4,-0.075
-0.9,-0.075
-1.4,-0.075
-1.6,-0.075
-1.7,-0.075
-1.6,-0.075
-1.4,-0.075
-1.0,-0.075
-0.4,-0.075
0.1,-0.075
0.6,-0.075
1.1,-0.075
1.5,-0.075
1.7,-0.075
1.7,-0.075
1.6,-0.075
1.3,-0.075
0.9,-0.075
0.4,-0.075
-0.2,-0.075
-0.7,-0.075
-1.2,-0.075
-1.6,-0.075
-1.7,-0.075
-1.7,-0.075
-1.5,-0.075
-1.2,-0.075
-0.7,-0.075
-0.2,-0.075
0.4,-0.075
0.9,-0.075
1.4,-0.075
1.7,-0.075
1.8,-0.075
1.8,-0.075
1.6,-0.075
1.2,-0.075
0.7,-0.075
0.1,-0.075
-0.4,-0.075
-1.0,-0.075
-1.4,-0.075
-1.7,-0.075
-1.8,-0.075
-1.7,-0.075
-1.5,-0.075
-1.1,-0.075
-0.6,-0.075
0.0,-0.075
0.6,-0.075
1.1,-0.075
1.5,-0.075
1.8,-0.075
1.9,-0.075
1.8,-0.075
1.5,-0.075
1.1,-0.075
0.6,-0.075
-0.1,-0.075
-0.6,-0.075
-1.2,-0.075
-1.5,-0.075
-1.8,-0.075
-1.8,-0.075
-1.7,-0.075
-1.3,-0.075
-0.9,-0.075
-0.3,-0.075
0.2,-0.075
0.8,-0.075
1.3,-0.075
1.6,-0.075
1.8,-0.075
1.7,-0.075
1.5,-0.075
1.2,-0.075
0.7,-0.075
0.2,-0.075
-0.4,-0.075
-0.9,-0.075
-1.3,-0.075
-1.6,-0.075
-1.7,-0.075
-1.6,-0.075
-1.4,-0.075
-1.0,-0.075
-0.5,-0.075
0.0,-0.075
0.5,-0.075
1.0,-0.075
1.3,-0.075
1.5,-0.075
1.6,-0.075
1.5,-0.075
1.2,-0.075
0.8,-0.075
0.3,-0.075
-0.2,-0.075
-0.6,-0.075
-1.0,-0.075
-1.3,-0.075
-1.5,-0.075
-1.5,-0.075
-1.3,-0.075
-1.0,-0.075
-0.6,-0.075
-0.1,-0.075
0.3,-0.075
0.8,-0.075
1.1,-0.075
1.4,-0.075
1.5,-0.075
1.4,-0.075
1.2,-0.075
0.9,-0.075
0.5,-0.075
0.1,-0.075
-0.3,-0.075
-0.7,-0.075
-1.0,-0.075
-1.1,-0.075
-1.2,-0.075
-1.1,-0.075
-0.9,-0.075
-0.6,-0.075
-0.2,-0.075
0.2,-0.075
0.6,-0.075
0.9,-0.075
1.1,-0.075
1.2,-0.075
1.2,-0.075
1.1,-0.075
0.8,-0.075
0.5,-0.075
0.1,-0.075
-0.2,-0.075
-0.6,-0.075
-0.8,-0.075
-1.0,-0.075
-1.0,-0.075
-1.0,-0.075
-0.8,-0.075
-0.5,-0.075
-0.2,-0.075
0.1,-0.075
0.4,-0.075
0.7,-0.075
0.9,-0.075
0.9,-0.075
0.9,-0.075
0.8,-0.075
0.6,-0.075
0.4,-0.075
0.1,-0.075
-0.2,-0.075
-0.4,-0.075
-0.6,-0.075
-0.8,-0.075
-0.8,-0.075
-0.8,-0.075
-0.7,-0.075
-0.5,-0.075
-0.3,-0.075
0.0,-0.075
0.2,-0.075
0.5,-0.075
0.6,-0.075
0.7,-0.075
0.7,-0.075
0.7,-0.075
0.6,-0.075
0.4,-0.075
0.2,-0.075
-0.1,-0.075
-0.3,-0.075
-0.4,-0.075
-0.6,-0.075
-0.6,-0.075
-0.6,-0.075
-0.5,-0.075
-0.4,-0.075
-0.3,-0.075
-0.1,-0.075
0.1,-0.075
0.3,-0.075
0.4,-0.075
0.5,-0.075
0.6,-0.075
0.6,-0.075
0.5,-0.075
0.4,-0.075
0.3,-0.075
0.1,-0.075
-0.1,-0.075
-0.2,-0.075
-0.3,-0.075
-0.4,-0.075
-0.4,-0.075
-0.4,-0.075
-0.3,-0.075
-0.2,-0.075
-0.1,-0.075
0.0,-0.075
0.2,-0.075
0.2,-0.075
0.3,-0.075
0.3,-0.075
0.4,-0.075
0.4,-0.075
0.3,-0.075
0.2,-0.075
0.1,-0.075
0.0,-0.075
-0.1,-0.075
-0.2,-0.075
-0.2,-0.075
-0.2,-0.075
-0.2,-0.075
-0.2,-0.075
-0.2,-0.075
-0.1,-0.075
0.0,-0.075
0.0,-0.075
0.1,-0.075
0.1,-0.075
0.2,-0.075
0.2,-0.075
0.2,-0.075
0.2,-0.075
0.1,-0.075
0.1,-0.075
0.0,-0.075
0.0,-0.075
0.0,-0.075
-0.1,-0.075
-0.1,-0.075
-0.1,-0.075
-0.1,-0.075
-0.1,-0.075
-0.1,-0.075
-0.1,-0.075
-0.1,-0.075
0.0,-0.075
0.0,-0.075
0.0,-0.075
0.1,-0.075
0.1,-0.075
0.1,-0.075
0.1,-0.075
0.1,-0.075
0.1,-0.075
0.1,-0.075
0.1,-0.075
0.1,-0.075
0.0,-0.075
0.0,-0.075
0.0,-0.075
0.0,-0.075
0.0,-0.075
0.0,-0.075
0.0,-0.075
0.0,-0.075
0.0,-0.075
0.0,-0.075
0.0,-0.075
0.0,-0.075
0.0,-0.075
0.0,-0.075
0.0,-0.075
0.0,-0.075
0.0,-0.075
0.0,-0.075
0.0,-0.075
0.1,-0.075
0.1,-0.075
0.1,-0.075
0.1,-0.075
0.1,-0.075
0.1,-0.075
0.1,-0.075
0.0,-0.075
0.0,-0.075
0.0,-0.075
0.0,-0.075
0.0,-0.075
0.0,-0.075
0.0,-0.075
0.0,-0.075
0.0,-0.075
0.0,-0.075
0.1,-0.075
0.1,-0.075
0.1,-0.075
0.1,-0.075
0.1,-0.075
0.1,-0.075
0.1,-0.075
0.1,-0.075
0.0,-0.075
0.0,-0.075
0.0,-0.075
0.0,-0.075
0.0,-0.075
0.0,-0.075
0.0,-0.075
0.0,-0.075
0.0,-0.075
0.0,-0.075
0.0,-0.075
0.0,-0.075
0.0,-0.075
0.1,-0.075
0.1,-0.075
0.1,-0.075
0.1,-0.075
0.1,-0.075
0.0,-0.075
0.0,-0.075
0.0,-0.075
-0.1,-0.075
-0.1,-0.075
-0.1,-0.075
-0.1,-0.075
-0.1,-0.075
-0.1,-0.075
-0.1,-0.075
-0.1,-0.075
-0.1,-0.075
0.0,-0.075
0.0,-0.075
0.1,-0.075
0.1,-0.075
0.1,-0.075
0.1,-0.075
0.1,-0.075
0.1,-0.075
0.1,-0.075
0.0,-0.075
-0.1,-0.075
-0.1,-0.075
-0.1,-0.075
-0.1,-0.075
0.0,-0.075
0.1,-0.075
0.1,-0.075
0.2,-0.075
0.2,-0.075
0.3,-0.075
0.3,-0.075
0.3,-0.075
0.3,-0.075
0.2,-0.075
0.2,-0.075
0.1,-0.075
0.0,-0.075
-0.1,-0.070
-0.1,-0.070
-0.2,-0.070
-0.2,-0.070
-0.2,-0.070
-0.2,-0.070
-0.2,-0.070
-0.2,-0.070
-0.1,-0.070
0.0,-0.070
0.0,-0.070
0.1,-0.070
0.2,-0.070
0.2,-0.070
0.3,-0.070
0.3,-0.070
0.3,-0.070
0.3,-0.070
0.2,-0.070
0.1,-0.070
0.0,-0.070
-0.1,-0.070
-0.2,-0.070
-0.2,-0.070
-0.3,-0.070
-0.3,-0.070
-0.3,-0.070
-0.2,-0.070
-0.1,-0.070
0.0,-0.070
0.1,-0.070
0.2,-0.070
0.3,-0.070
0.3,-0.070
0.3,-0.070
0.3,-0.070
0.3,-0.070
0.2,-0.070
0.1,-0.070
0.0,-0.070
0.0,-0.070
-0.1,-0.070
-0.2,-0.070
-0.3,-0.070
-0.3,-0.070
-0.3,-0.070
-0.2,-0.070
-0.2,-0.070
0.0,-0.070
0.1,-0.070
0.2,-0.070
0.3,-0.070
0.4,-0.070
0.4,-0.070
0.4,-0.070
0.4,-0.070
0.3,-0.070
0.2,-0.070
0.1,-0.070
0.0,-0.070
-0.1,-0.070
-0.2,-0.070
-0.3,-0.070
-0.3,-0.070
-0.3,-0.070
-0.3,-0.070
-0.3,-0.070
-0.2,-0.070
0.0,-0.070
0.1,-0.070
0.2,-0.070
0.3,-0.070
0.4,-0.070
0.5,-0.070
0.5,-0.070
0.4,-0.070
0.4,-0.070
0.3,-0.070
0.1,-0.070
0.0,-0.070
-0.1,-0.070
-0.2,-0.070
-0.2,-0.070
-0.2,-0.070
-0.2,-0.070
-0.2,-0.070
-0.1,-0.070
0.0,-0.070
0.1,-0.070
0.2,-0.070
0.3,-0.070
0.4,-0.070
0.4,-0.070
0.4,-0.070
0.4,-0.070
0.3,-0.070
0.2,-0.070
0.1,-0.070
-0.1,-0.070
-0.2,-0.070
-0.3,-0.070
-0.4,-0.070
-0.4,-0.070
-0.4,-0.070
-0.4,-0.070
-0.3,-0.070
-0.2,-0.070
-0.1,-0.070
0.1,-0.070
0.3,-0.070
0.4,-0.070
0.5,-0.070
0.6,-0.070
0.6,-0.070
0.5,-0.070
0.4,-0.070
0.2,-0.070
0.0,-0.070
-0.1,-0.070
-0.3,-0.070
-0.5,-0.070
-0.6,-0.070
-0.7,-0.070
-0.7,-0.070
-0.6,-0.070
-0.5,-0.070
-0.3,-0.070
-0.1,-0.070
0.2,-0.070
0.4,-0.070
0.6,-0.070
0.7,-0.070
0.8,-0.070
0.8,-0.070
0.7,-0.070
0.5,-0.070
0.3,-0.070
0.0,-0.070
-0.3,-0.070
-0.5,-0.070
-0.7,-0.070
-0.8,-0.070
-0.8,-0.070
-0.8,-0.070
-0.7,-0.070
-0.5,-0.070
-0.2,-0.070
0.1,-0.070
0.4,-0.070
0.6,-0.070
0.7,-0.070
0.9,-0.070
0.9,-0.070
0.8,-0.070
0.6,-0.070
0.4,-0.070
0.2,-0.070
-0.1,-0.070
-0.3,-0.070
-0.6,-0.070
-0.7,-0.070
-0.8,-0.070
-0.8,-0.070
-0.7,-0.070
-0.6,-0.070
-0.4,-0.070
-0.1,-0.070
0.1,-0.070
0.4,-0.070
0.7,-0.070
0.8,-0.070
0.9,-0.070
0.9,-0.070
0.8,-0.070
0.6,-0.070
0.4,-0.070
0.1,-0.070
-0.2,-0.070
-0.4,-0.070
-0.6,-0.070
-0.7,-0.070
-0.8,-0.070
-0.7,-0.070
-0.6,-0.070
-0.4,-0.070
-0.2,-0.070
0.1,-0.070
0.3,-0.070
0.6,-0.070
0.7,-0.070
0.8,-0.070
0.8,-0.070
0.8,-0.070
0.6,-0.070
0.4,-0.070
0.2,-0.070
-0.1,-0.070
-0.3,-0.070
-0.5,-0.070
-0.7,-0.070
-0.7,-0.070
-0.7,-0.070
-0.7,-0.070
-0.5,-0.070
-0.3,-0.070
-0.1,-0.070
0.1,-0.070
0.3,-0.070
0.5,-0.070
0.7,-0.070
0.7,-0.070
0.7,-0.070
0.7,-0.070
0.5,-0.070
0.3,-0.070
0.1,-0.070
-0.1,-0.070
-0.3,-0.070
-0.4,-0.070
-0.5,-0.070
-0.5,-0.070
-0.5,-0.070
-0.4,-0.070
-0.3,-0.070
-0.1,-0.070
0.1,-0.070
0.3,-0.070
0.4,-0.070
0.5,-0.070
0.6,-0.070
0.6,-0.070
0.6,-0.070
0.5,-0.070
0.4,-0.070
0.2,-0.070
0.0,-0.070
-0.2,-0.070
-0.3,-0.070
-0.5,-0.070
-0.5,-0.070
-0.5,-0.070
-0.5,-0.070
-0.4,-0.070
-0.2,-0.070
-0.1,-0.070
0.2,-0.070
0.3,-0.070
0.5,-0.070
0.6,-0.070
0.6,-0.070
0.6,-0.070
0.5,-0.070
0.4,-0.070
0.2,-0.070
0.0,-0.070
-0.2,-0.070
-0.3,-0.070
-0.4,-0.070
-0.5,-0.070
-0.5,-0.070
-0.5,-0.070
-0.4,-0.070
-0.3,-0.070
-0.1,-0.070
0.0,-0.070
0.2,-0.070
0.4,-0.070
0.5,-0.070
0.6,-0.070
0.6,-0.070
0.6,-0.070
0.5,-0.070
0.4,-0.070
0.2,-0.070
0.0,-0.070
-0.2,-0.070
-0.4,-0.070
-0.5,-0.070
-0.6,-0.070
-0.6,-0.070
-0.6,-0.070
-0.5,-0.070
-0.3,-0.070
-0.2,-0.070
0.1,-0.070
0.3,-0.070
0.4,-0.070
0.5,-0.070
0.6,-0.070
0.6,-0.070
0.6,-0.070
0.5,-0.070
0.3,-0.070
0.1,-0.070
-0.1,-0.070
-0.2,-0.070
-0.3,-0.070
-0.4,-0.070
-0.5,-0.070
-0.5,-0.070
-0.4,-0.070
-0.3,-0.070
-0.2,-0.070
0.0,-0.070
0.1,-0.070
0.3,-0.070
0.4,-0.070
0.4,-0.070
0.5,-0.070
0.4,-0.070
0.4,-0.070
0.2,-0.070
0.1,-0.070
0.0,-0.070
-0.1,-0.070
-0.3,-0.070
-0.3,-0.070
-0.3,-0.070
-0.3,-0.070
-0.3,-0.070
-0.2,-0.070
-0.1,-0.070
0.0,-0.070
0.1,-0.070
0.2,-0.070
0.3,-0.070
0.3,-0.070
0.4,-0.070
0.4,-0.070
0.3,-0.070
0.2,-0.070
0.1,-0.070
0.0,-0.070
-0.1,-0.070
-0.2,-0.070
-0.2,-0.070
-0.2,-0.070
-0.3,-0.070
-0.3,-0.070
-0.2,-0.070
-0.1,-0.070
0.0,-0.070
0.1,-0.070
0.2,-0.070
0.3,-0.070
0.3,-0.070
0.3,-0.070
0.3,-0.070
0.2,-0.070
0.2,-0.070
0.1,-0.070
0.0,-0.070
-0.1,-0.070
-0.2,-0.070
-0.2,-0.070
-0.3,-0.070
-0.3,-0.070
-0.3,-0.070
-0.2,-0.070
-0.1,-0.070
0.0,-0.070
0.1,-0.070
0.1,-0.070
0.2,-0.070
0.3,-0.070
0.3,-0.070
0.3,-0.070
0.3,-0.070
0.2,-0.070
0.1,-0.070
0.0,-0.070
0.0,-0.070
-0.1,-0.070
-0.2,-0.070
-0.2,-0.070
-0.2,-0.070
-0.2,-0.070
-0.2,-0.070
-0.1,-0.070
0.0,-0.070
0.0,-0.070
0.1,-0.070
0.2,-0.070
0.2,-0.070
0.3,-0.070
0.3,-0.070
0.3,-0.070
0.2,-0.070
0.2,-0.070
0.1,-0.070
0.1,-0.070
0.0,-0.070
-0.1,-0.070
-0.1,-0.070
-0.1,-0.070
-0.1,-0.070
-0.1,-0.070
-0.1,-0.070
-0.1,-0.070
0.0,-0.070
0.0,-0.070
0.1,-0.070
0.1,-0.070
0.1,-0.070
0.1,-0.070
0.1,-0.070
0.1,-0.070
0.1,-0.070
0.1,-0.070
0.1,-0.070
0.0,-0.070
0.0,-0.070
0.0,-0.070
-0.1,-0.070
-0.1,-0.070
-0.1,-0.070
-0.1,-0.070
-0.1,-0.070
0.0,-0.070
0.0,-0.070
0.1,-0.070
0.1,-0.070
0.2,-0.070
0.2,-0.070
0.2,-0.070
0.2,-0.070
0.2,-0.070
0.1,-0.070
0.1,-0.070
0.0,-0.070
0.0,-0.070
-0.1,-0.070
-0.1,-0.070
-0.1,-0.070
-0.1,-0.070
-0.1,-0.070
-0.1,-0.070
-0.1,-0.070
-0.1,-0.070
0.0,-0.070
0.0,-0.065
0.1,-0.065
0.1,-0.065
0.1,-0.065
0.1,-0.065
0.1,-0.065
0.1,-0.065
0.0,-0.065
0.1,-0.065
0.0,-0.065
0.0,-0.065
-0.1,-0.065
-0.1,-0.065
-0.1,-0.065
-0.1,-0.065
-0.1,-0.065
0.0,-0.065
0.0,-0.065
0.0,-0.065
0.1,-0.065
0.2,-0.065
0.2,-0.065
0.2,-0.065
0.2,-0.065
0.2,-0.065
0.2,-0.065
0.2,-0.065
0.1,-0.065
0.1,-0.065
0.0,-0.065
0.0,-0.065
-0.1,-0.065
-0.1,-0.065
-0.1,-0.065
-0.1,-0.065
-0.1,-0.065
-0.1,-0.065
-0.1,-0.065
0.0,-0.065
0.1,-0.065
0.1,-0.065
0.1,-0.065
0.2,-0.065
0.2,-0.065
0.2,-0.065
0.2,-0.065
0.2,-0.065
0.2,-0.065
0.1,-0.065
0.0,-0.065
0.0,-0.065
-0.1,-0.065
-0.1,-0.065
-0.2,-0.065
-0.2,-0.065
-0.2,-0.065
-0.2,-0.065
-0.2,-0.065
-0.2,-0.065
-0.1,-0.065
0.0,-0.065
0.1,-0.065
0.1,-0.065
0.1,-0.065
0.1,-0.065
0.1,-0.065
0.1,-0.065
0.1,-0.065
0.1,-0.065
0.1,-0.065
0.1,-0.065
0.0,-0.065
0.0,-0.065
0.0,-0.065
0.0,-0.065
0.0,-0.065
0.0,-0.065
0.0,-0.065
0.0,-0.065
0.0,-0.065
0.0,-0.065
0.0,-0.065
0.0,-0.065
0.1,-0.065
0.1,-0.065
0.2,-0.065
0.2,-0.065
0.2,-0.065
0.2,-0.065
0.1,-0.065
0.0,-0.065
0.0,-0.065
0.0,-0.065
0.0,-0.065
-0.1,-0.065
-0.1,-0.065
-0.1,-0.065
-0.1,-0.065
-0.1,-0.065
0.0,-0.065
0.0,-0.065
0.1,-0.065
0.2,-0.065
0.2,-0.065
0.2,-0.065
0.2,-0.065
0.2,-0.065
0.2,-0.065
0.1,-0.065
0.1,-0.065
0.0,-0.065
0.0,-0.065
-0.1,-0.065
-0.1,-0.065
-0.1,-0.065
-0.1,-0.065
-0.1,-0.065
-0.1,-0.065
-0.1,-0.065
-0.1,-0.065
-0.1,-0.065
-0.1,-0.065
0.0,-0.065
0.0,-0.065
0.0,-0.065
0.0,-0.065
0.0,-0.065
0.0,-0.065
0.0,-0.065
0.0,-0.065
0.0,-0.065
0.0,-0.065
0.0,-0.065
0.0,-0.065
0.0,-0.065
0.0,-0.065
0.0,-0.065
0.0,-0.065
0.0,-0.065
0.0,-0.065
0.0,-0.065
0.0,-0.065
0.0,-0.065
0.1,-0.065
0.0,-0.065
0.0,-0.065
0.0,-0.065
0.0,-0.065
0.0,-0.065
0.0,-0.065
0.0,-0.065
0.0,-0.065
-0.1,-0.065
-0.1,-0.065
-0.1,-0.065
-0.1,-0.065
-0.1,-0.065
-0.1,-0.065
-0.1,-0.065
-0.1,-0.065
0.1,-0.065
0.1,-0.065
0.1,-0.065
0.1,-0.065
0.1,-0.065
0.1,-0.065
0.1,-0.065
0.1,-0.065
0.1,-0.065
0.1,-0.065
0.0,-0.065
0.0,-0.065
0.0,-0.065
0.0,-0.065
0.0,-0.065
0.0,-0.065
0.0,-0.065
0.0,-0.065
0.0,-0.065
0.0,-0.065
0.0,-0.065
0.0,-0.065
0.0,-0.065
0.0,-0.065
0.0,-0.065
0.0,-0.065
0.0,-0.065
0.0,-0.065
0.0,-0.065
0.0,-0.065
0.0,-0.065
0.0,-0.065
0.0,-0.065
0.0,-0.065
0.0,-0.065
0.0,-0.065
0.0,-0.065
0.0,-0.065
0.0,-0.065
0.0,-0.065
0.0,-0.065
0.0,-0.065
0.0,-0.065
0.0,-0.065
0.0,-0.065
0.0,-0.065
0.0,-0.065
0.1,-0.065
0.1,-0.065
0.1,-0.065
0.1,-0.065
0.1,-0.065
0.1,-0.065
0.1,-0.065
0.1,-0.065
0.1,-0.065
0.1,-0.065
0.1,-0.065
0.1,-0.065
0.1,-0.065
0.0,-0.065
0.0,-0.065
0.0,-0.065
0.0,-0.065
0.0,-0.065
0.0,-0.065
0.0,-0.065
0.1,-0.065
0.1,-0.065
0.1,-0.065
0.1,-0.065
0.1,-0.065
0.1,-0.065
0.1,-0.065
0.0,-0.065
0.0,-0.065
0.0,-0.065
-0.1,-0.065
-0.1,-0.065
-0.1,-0.065
-0.1,-0.065
-0.1,-0.065
-0.1,-0.065
-0.1,-0.065
0.0,-0.065
0.1,-0.065
0.1,-0.065
0.1,-0.065
0.1,-0.065
0.1,-0.065
0.1,-0.065
0.1,-0.065
0.1,-0.065
0.1,-0.065
0.1,-0.065
0.1,-0.065
0.1,-0.065
0.1,-0.065
0.0,-0.065
0.0,-0.065
0.0,-0.065
0.0,-0.065
0.0,-0.065
0.0,-0.065
0.0,-0.065
0.0,-0.065
0.0,-0.065
0.1,-0.065
0.1,-0.065
0.1,-0.065
0.1,-0.065
0.1,-0.065
0.1,-0.065
0.1,-0.065
0.0,-0.065
0.0,-0.065
0.0,-0.065
-0.1,-0.065
-0.1,-0.065
-0.1,-0.065
-0.1,-0.065
-0.1,-0.065
-0.1,-0.065
-0.1,-0.065
0.0,-0.065
0.0,-0.065
0.1,-0.065
0.1,-0.065
0.1,-0.065
0.1,-0.065
0.2,-0.065
0.2,-0.065
0.2,-0.065
0.2,-0.065
0.2,-0.065
0.1,-0.065
0.0,-0.065
0.0,-0.065
0.0,-0.065
-0.1,-0.065
-0.1,-0.065
-0.1,-0.065
-0.1,-0.065
-0.1,-0.065
0.0,-0.065
0.0,-0.065
0.1,-0.065
0.0,-0.065
0.0,-0.065
0.0,-0.065
0.0,-0.065
0.0,-0.065
0.0,-0.065
0.0,-0.065
0.0,-0.065
0.0,-0.065
0.0,-0.065
0.0,-0.065
0.0,-0.065
0.0,-0.065
0.0,-0.065
0.0,-0.065
0.0,-0.065
0.0,-0.065
0.0,-0.065
0.0,-0.065
0.0,-0.065
0.0,-0.065
0.0,-0.065
0.0,-0.065
0.0,-0.065
0.0,-0.065
0.0,-0.065
0.0,-0.065
0.0,-0.065
0.0,-0.065
0.0,-0.065
0.0,-0.065
0.0,-0.065
0.0,-0.065
0.0,-0.065
0.0,-0.065
0.0,-0.065
0.0,-0.065
0.0,-0.065
0.0,-0.065
0.0,-0.065
0.0,-0.065
0.0,-0.065
0.0,-0.065
0.0,-0.065
0.0,-0.065
0.0,-0.065
0.0,-0.065
0.0,-0.065
0.0,-0.065
0.0,-0.065
0.0,-0.065
0.0,-0.065
0.0,-0.065
0.0,-0.065
0.0,-0.065
0.0,-0.065
0.0,-0.065
0.0,-0.065
0.0,-0.065
0.0,-0.065
0.0,-0.065
0.0,-0.065
0.0,-0.065
0.0,-0.065
0.0,-0.065
0.0,-0.065
0.0,-0.065
0.0,-0.065
0.0,-0.065
0.0,-0.065
0.0,-0.065
0.1,-0.065
0.1,-0.065
0.1,-0.065
0.1,-0.065
0.1,-0.065
0.1,-0.065
0.0,-0.065
0.0,-0.065
0.0,-0.065
0.0,-0.065
0.0,-0.065
0.0,-0.065
0.0,-0.065
0.0,-0.065
0.0,-0.065
0.0,-0.065
0.1,-0.065
0.1,-0.065
0.1,-0.065
0.1,-0.065
0.1,-0.065
0.1,-0.065
0.1,-0.065
0.1,-0.065
0.1,-0.065
0.1,-0.065
0.1,-0.065
0.0,-0.065
0.0,-0.065
0.0,-0.065
0.0,-0.065
0.0,-0.065
0.0,-0.065
0.0,-0.065
0.0,-0.065
0.0,-0.065
0.0,-0.065
0.0,-0.065
0.0,-0.065
0.0,-0.065
0.0,-0.065
0.0,-0.065
0.0,-0.065
0.0,-0.065
0.0,-0.065
0.0,-0.065
0.0,-0.065
0.0,-0.065
-0.1,-0.065
-0.1,-0.065
-0.1,-0.065
-0.1,-0.065
-0.1,-0.065
0.0,-0.065
0.0,-0.065
0.0,-0.065
0.1,-0.065
0.1,-0.065
0.2,-0.065
0.2,-0.065
0.2,-0.065
0.1,-0.065
0.1,-0.065
0.1,-0.065
0.0,-0.065
0.0,-0.065
-0.1,-0.065
-0.1,-0.065
-0.1,-0.065
-0.1,-0.065
-0.1,-0.065
-0.1,-0.065
-0.1,-0.060
-0.1,-0.060
-0.1,-0.060
-0.1,-0.060
0.0,-0.060
0.1,-0.060
0.1,-0.060
0.1,-0.060
0.1,-0.060
0.1,-0.060
0.1,-0.060
0.1,-0.060
0.1,-0.060
0.0,-0.060
0.0,-0.060
0.0,-0.060
0.0,-0.060
0.0,-0.060
0.0,-0.060
0.0,-0.060
0.0,-0.060
0.0,-0.060
0.1,-0.060
0.1,-0.060
0.0,-0.060
0.0,-0.060
0.0,-0.060
0.0,-0.060
0.0,-0.060
0.0,-0.060
0.0,-0.060
0.0,-0.060
0.0,-0.060
0.0,-0.060
0.0,-0.060
0.1,-0.060
0.1,-0.060
0.1,-0.060
0.1,-0.060
0.1,-0.060
0.1,-0.060
0.1,-0.060
0.0,-0.060
0.0,-0.060
0.0,-0.060
0.0,-0.060
0.0,-0.060
0.0,-0.060
0.0,-0.060
0.0,-0.060
0.0,-0.060
0.0,-0.060
0.0,-0.060
0.0,-0.060
0.0,-0.060
0.0,-0.060
0.0,-0.060
0.0,-0.060
0.0,-0.060
0.0,-0.060
0.0,-0.060
0.0,-0.060
0.0,-0.060
0.1,-0.060
0.1,-0.060
0.1,-0.060
0.2,-0.060
0.1,-0.060
0.1,-0.060
0.1,-0.060
0.1,-0.060
0.1,-0.060
0.0,-0.060
0.0,-0.060
0.0,-0.060
-0.1,-0.060
-0.1,-0.060
-0.1,-0.060
-0.1,-0.060
-0.1,-0.060
-0.1,-0.060
-0.1,-0.060
0.0,-0.060
-0.1,-0.060
0.0,-0.060
0.0,-0.060
0.1,-0.060
0.1,-0.060
0.1,-0.060
0.1,-0.060
0.1,-0.060
0.1,-0.060
0.1,-0.060
0.1,-0.060
0.1,-0.060
0.0,-0.060
0.0,-0.060
-0.1,-0.060
0.0,-0.060
0.0,-0.060
0.0,-0.060
0.0,-0.060
0.0,-0.060
0.0,-0.060
0.0,-0.060
0.0,-0.060
0.1,-0.060
0.1,-0.060
0.2,-0.060
0.2,-0.060
0.2,-0.060
0.1,-0.060
0.1,-0.060
0.0,-0.060
0.0,-0.060
-0.1,-0.060
-0.2,-0.060
-0.2,-0.060
-0.2,-0.060
-0.2,-0.060
-0.2,-0.060
-0.1,-0.060
-0.1,-0.060
0.0,-0.060
0.0,-0.060
0.1,-0.060
0.1,-0.060
0.1,-0.060
0.1,-0.060
0.1,-0.060
0.0,-0.060
0.0,-0.060
0.0,-0.060
0.0,-0.060
-0.1,-0.060
-0.1,-0.060
0.0,-0.060
0.0,-0.060
0.0,-0.060
0.1,-0.060
0.1,-0.060
0.1,-0.060
0.1,-0.060
0.2,-0.060
0.2,-0.060
0.1,-0.060
0.1,-0.060
0.1,-0.060
0.1,-0.060
0.1,-0.060
0.1,-0.060
0.1,-0.060
0.0,-0.060
0.0,-0.060
0.0,-0.060
0.0,-0.060
0.0,-0.060
0.0,-0.060
0.0,-0.060
0.0,-0.060
0.0,-0.060
0.0,-0.060
0.0,-0.060
0.0,-0.060
0.0,-0.060
0.0,-0.060
0.0,-0.060
0.0,-0.060
0.0,-0.060
0.0,-0.060
0.0,-0.060
0.0,-0.060
0.0,-0.060
0.1,-0.060
0.1,-0.060
0.1,-0.060
0.2,-0.060
0.2,-0.060
0.2,-0.060
0.2,-0.060
0.2,-0.060
0.2,-0.060
0.1,-0.060
0.0,-0.060
0.0,-0.060
-0.1,-0.060
-0.1,-0.060
-0.1,-0.060
-0.2,-0.060
-0.2,-0.060
-0.2,-0.060
-0.2,-0.060
-0.2,-0.060
0.0,-0.060
0.0,-0.060
0.0,-0.060
0.0,-0.060
0.0,-0.060
0.0,-0.060
0.0,-0.060
0.0,-0.060
0.0,-0.060
0.0,-0.060
0.0,-0.060
0.0,-0.060
0.0,-0.060
0.0,-0.060
0.1,-0.060
0.1,-0.060
0.2,-0.060
0.2,-0.060
0.2,-0.060
0.3,-0.060
0.3,-0.060
0.2,-0.060
0.2,-0.060
0.1,-0.060
0.0,-0.060
-0.1,-0.060
-0.2,-0.060
-0.3,-0.060
-0.3,-0.060
-0.3,-0.060
-0.2,-0.060
-0.1,-0.060
0.0,-0.060
0.1,-0.060
0.2,-0.060
0.3,-0.060
0.4,-0.060
0.4,-0.060
0.4,-0.060
0.4,-0.060
0.3,-0.060
0.2,-0.060
0.1,-0.060
-0.1,-0.060
-0.2,-0.060
-0.4,-0.060
-0.5,-0.060
-0.5,-0.060
-0.5,-0.060
-0.5,-0.060
-0.4,-0.060
-0.2,-0.060
0.0,-0.060
0.2,-0.060
0.4,-0.060
0.5,-0.060
0.7,-0.060
0.7,-0.060
0.7,-0.060
0.7,-0.060
0.6,-0.060
0.4,-0.060
0.2,-0.060
0.0,-0.060
-0.2,-0.060
-0.4,-0.060
-0.5,-0.060
-0.7,-0.060
-0.7,-0.060
-0.7,-0.060
-0.7,-0.060
-0.5,-0.060
-0.4,-0.060
-0.2,-0.060
0.0,-0.060
0.1,-0.060
0.3,-0.060
0.4,-0.060
0.5,-0.060
0.5,-0.060
0.5,-0.060
0.5,-0.060
0.4,-0.060
0.3,-0.060
0.2,-0.060
0.1,-0.060
0.0,-0.060
-0.1,-0.060
-0.1,-0.060
-0.2,-0.060
-0.2,-0.060
-0.2,-0.060
-0.2,-0.060
-0.2,-0.060
-0.2,-0.060
-0.2,-0.060
-0.1,-0.060
-0.1,-0.060
-0.1,-0.060
-0.1,-0.060
-0.1,-0.060
0.0,-0.060
0.0,-0.060
0.1,-0.060
0.1,-0.060
0.2,-0.060
0.2,-0.060
0.2,-0.060
0.3,-0.060
0.3,-0.060
0.3,-0.060
0.3,-0.060
0.3,-0.060
0.2,-0.060
0.2,-0.060
0.1,-0.060
0.0,-0.060
0.0,-0.060
-0.1,-0.060
-0.2,-0.060
-0.3,-0.060
-0.4,-0.060
-0.4,-0.060
-0.4,-0.060
-0.4,-0.060
-0.4,-0.060
-0.3,-0.060
-0.2,-0.060
-0.1,-0.060
0.0,-0.060
0.1,-0.060
0.3,-0.060
0.4,-0.060
0.5,-0.060
0.6,-0.060
0.6,-0.060
0.6,-0.060
0.6,-0.060
0.5,-0.060
0.4,-0.060
0.3,-0.060
0.2,-0.060
0.0,-0.060
-0.1,-0.060
-0.2,-0.060
-0.3,-0.060
-0.4,-0.060
-0.5,-0.060
-0.5,-0.060
-0.5,-0.060
-0.4,-0.060
-0.3,-0.060
-0.2,-0.060
-0.1,-0.060
0.0,-0.060
0.1,-0.060
0.1,-0.060
0.2,-0.060
0.2,-0.060
0.3,-0.060
0.2,-0.060
0.2,-0.060
0.2,-0.060
0.1,-0.060
0.1,-0.060
0.0,-0.060
0.0,-0.060
0.0,-0.060
0.0,-0.060
0.0,-0.060
0.0,-0.060
0.0,-0.060
0.1,-0.060
0.1,-0.060
0.2,-0.060
0.2,-0.060
0.2,-0.060
0.2,-0.060
0.2,-0.060
0.1,-0.060
0.1,-0.060
0.0,-0.060
-0.1,-0.060
-0.2,-0.060
-0.3,-0.060
-0.3,-0.060
-0.4,-0.060
-0.4,-0.060
-0.4,-0.060
-0.3,-0.060
-0.2,-0.060
-0.1,-0.060
0.0,-0.060
0.1,-0.060
0.2,-0.060
0.4,-0.060
0.5,-0.060
0.5,-0.060
0.5,-0.060
0.5,-0.060
0.5,-0.060
0.4,-0.060
0.3,-0.060
0.2,-0.060
0.0,-0.060
-0.1,-0.060
-0.2,-0.060
-0.3,-0.060
-0.3,-0.060
-0.3,-0.060
-0.3,-0.060
-0.3,-0.060
-0.2,-0.060
-0.1,-0.060
0.0,-0.060
0.1,-0.060
0.2,-0.060
0.3,-0.060
0.3,-0.060
0.3,-0.060
0.3,-0.060
0.3,-0.060
0.2,-0.060
0.1,-0.060
0.1,-0.060
0.0,-0.060
-0.1,-0.060
-0.1,-0.060
-0.1,-0.060
-0.1,-0.060
-0.1,-0.060
-0.1,-0.060
-0.1,-0.060
0.0,-0.060
0.0,-0.060
0.0,-0.060
0.1,-0.060
0.1,-0.060
0.1,-0.060
0.1,-0.060
0.1,-0.060
0.1,-0.060
0.0,-0.060
0.0,-0.060
-0.1,-0.060
-0.1,-0.060
-0.1,-0.060
-0.1,-0.060
-0.1,-0.060
-0.1,-0.060
0.1,-0.060
0.2,-0.060
0.2,-0.060
0.2,-0.060
0.2,-0.060
0.2,-0.060
0.2,-0.060
0.1,-0.060
0.0,-0.060
0.0,-0.060
-0.1,-0.060
-0.2,-0.060
-0.2,-0.060
-0.2,-0.060
-0.2,-0.060
-0.2,-0.060
-0.1,-0.060
-0.1,-0.060
0.0,-0.060
0.1,-0.060
0.2,-0.060
0.3,-0.060
0.3,-0.060
0.3,-0.060
0.3,-0.060
0.3,-0.060
0.2,-0.060
0.2,-0.060
0.0,-0.060
-0.1,-0.060
-0.1,-0.060
-0.2,-0.060
-0.2,-0.060
-0.2,-0.060
-0.2,-0.060
-0.1,-0.060
-0.1,-0.060
0.0,-0.060
0.1,-0.060
0.1,-0.060
0.2,-0.060
0.2,-0.060
0.2,-0.060
0.2,-0.060
0.2,-0.060
0.2,-0.060
0.1,-0.060
0.0,-0.060
-0.1,-0.060
-0.1,-0.060
-0.2,-0.060
-0.2,-0.060
-0.3,-0.060
-0.3,-0.060
-0.2,-0.060
-0.1,-0.060
-0.1,-0.060
0.0,-0.060
0.1,-0.060
0.1,-0.060
0.2,-0.060
0.2,-0.060
0.1,-0.060
0.1,-0.060
0.0,-0.060
0.0,-0.060
-0.1,-0.060
-0.1,-0.060
-0.1,-0.060
-0.1,-0.060
-0.1,-0.060
-0.1,-0.060
-0.1,-0.060
0.0,-0.060
0.0,-0.060
0.1,-0.060
0.1,-0.060
0.2,-0.060
0.2,-0.060
0.2,-0.060
0.2,-0.060
0.2,-0.060
0.1,-0.060
0.0,-0.060
-0.1,-0.060
-0.1,-0.060
-0.2,-0.060
-0.3,-0.060
-0.3,-0.060
-0.3,-0.060
-0.3,-0.060
-0.2,-0.060
-0.1,-0.060
0.0,-0.060
0.1,-0.055
0.2,-0.055
0.3,-0.055
0.3,-0.055
0.4,-0.055
0.3,-0.055
0.3,-0.055
0.2,-0.055
0.1,-0.055
0.0,-0.055
-0.1,-0.055
-0.2,-0.055
-0.2,-0.055
-0.2,-0.055
-0.2,-0.055
-0.2,-0.055
-0.1,-0.055
0.0,-0.055
0.1,-0.055
0.2,-0.055
0.3,-0.055
0.4,-0.055
0.4,-0.055
0.4,-0.055
0.3,-0.055
0.2,-0.055
0.2,-0.055
0.0,-0.055
-0.1,-0.055
-0.1,-0.055
-0.2,-0.055
-0.2,-0.055
-0.2,-0.055
-0.2,-0.055
-0.2,-0.055
-0.1,-0.055
0.0,-0.055
0.1,-0.055
0.2,-0.055
0.3,-0.055
0.3,-0.055
0.3,-0.055
0.3,-0.055
0.3,-0.055
0.2,-0.055
0.1,-0.055
0.0,-0.055
-0.1,-0.055
-0.2,-0.055
-0.3,-0.055
-0.4,-0.055
-0.3,-0.055
-0.3,-0.055
-0.2,-0.055
-0.1,-0.055
0.1,-0.055
0.1,-0.055
0.3,-0.055
0.3,-0.055
0.4,-0.055
0.4,-0.055
0.4,-0.055
0.3,-0.055
0.3,-0.055
0.2,-0.055
0.1,-0.055
-0.1,-0.055
-0.2,-0.055
-0.3,-0.055
-0.3,-0.055
-0.4,-0.055
-0.3,-0.055
-0.3,-0.055
-0.1,-0.055
0.0,-0.055
0.1,-0.055
0.3,-0.055
0.4,-0.055
0.5,-0.055
0.5,-0.055
0.5,-0.055
0.4,-0.055
0.3,-0.055
0.1,-0.055
0.0,-0.055
-0.2,-0.055
-0.3,-0.055
-0.4,-0.055
-0.4,-0.055
-0.4,-0.055
-0.3,-0.055
-0.2,-0.055
-0.1,-0.055
0.0,-0.055
0.1,-0.055
0.3,-0.055
0.4,-0.055
0.5,-0.055
0.6,-0.055
0.6,-0.055
0.5,-0.055
0.4,-0.055
0.3,-0.055
0.1,-0.055
-0.1,-0.055
-0.2,-0.055
-0.3,-0.055
-0.4,-0.055
-0.4,-0.055
-0.4,-0.055
-0.4,-0.055
-0.3,-0.055
-0.2,-0.055
0.0,-0.055
0.1,-0.055
0.2,-0.055
0.3,-0.055
0.4,-0.055
0.4,-0.055
0.4,-0.055
0.4,-0.055
0.3,-0.055
0.2,-0.055
0.0,-0.055
-0.1,-0.055
-0.3,-0.055
-0.3,-0.055
-0.4,-0.055
-0.4,-0.055
-0.4,-0.055
-0.3,-0.055
-0.1,-0.055
0.0,-0.055
0.1,-0.055
0.2,-0.055
0.3,-0.055
0.4,-0.055
0.4,-0.055
0.4,-0.055
0.3,-0.055
0.2,-0.055
0.1,-0.055
0.0,-0.055
-0.1,-0.055
-0.2,-0.055
-0.2,-0.055
-0.2,-0.055
-0.2,-0.055
-0.2,-0.055
-0.2,-0.055
-0.1,-0.055
0.0,-0.055
0.1,-0.055
0.2,-0.055
0.3,-0.055
0.4,-0.055
0.4,-0.055
0.4,-0.055
0.3,-0.055
0.2,-0.055
0.1,-0.055
-0.1,-0.055
-0.2,-0.055
-0.3,-0.055
-0.4,-0.055
-0.5,-0.055
-0.5,-0.055
-0.5,-0.055
-0.4,-0.055
-0.3,-0.055
-0.2,-0.055
0.0,-0.055
0.1,-0.055
0.2,-0.055
0.4,-0.055
0.5,-0.055
0.5,-0.055
0.5,-0.055
0.5,-0.055
0.5,-0.055
0.4,-0.055
0.3,-0.055
0.2,-0.055
0.1,-0.055
0.0,-0.055
-0.1,-0.055
-0.2,-0.055
-0.2,-0.055
-0.2,-0.055
-0.2,-0.055
-0.2,-0.055
-0.1,-0.055
-0.1,-0.055
-0.1,-0.055
0.0,-0.055
0.0,-0.055
0.0,-0.055
0.1,-0.055
0.1,-0.055
0.1,-0.055
0.1,-0.055
0.1,-0.055
0.1,-0.055
0.1,-0.055
0.1,-0.055
0.0,-0.055
0.0,-0.055
0.0,-0.055
0.0,-0.055
0.0,-0.055
0.1,-0.055
0.1,-0.055
0.2,-0.055
0.2,-0.055
0.2,-0.055
0.2,-0.055
0.1,-0.055
0.0,-0.055
0.0,-0.055
-0.1,-0.055
-0.2,-0.055
-0.2,-0.055
-0.2,-0.055
-0.2,-0.055
-0.2,-0.055
-0.2,-0.055
-0.1,-0.055
0.0,-0.055
0.1,-0.055
0.1,-0.055
0.2,-0.055
0.3,-0.055
0.4,-0.055
0.4,-0.055
0.4,-0.055
0.4,-0.055
0.3,-0.055
0.2,-0.055
0.1,-0.055
0.0,-0.055
-0.1,-0.055
-0.2,-0.055
-0.3,-0.055
-0.3,-0.055
-0.3,-0.055
-0.3,-0.055
-0.3,-0.055
-0.2,-0.055
-0.1,-0.055
0.0,-0.055
0.1,-0.055
0.2,-0.055
0.2,-0.055
0.3,-0.055
0.3,-0.055
0.3,-0.055
0.3,-0.055
0.3,-0.055
0.2,-0.055
0.1,-0.055
0.0,-0.055
-0.1,-0.055
-0.1,-0.055
-0.1,-0.055
-0.2,-0.055
-0.2,-0.055
-0.2,-0.055
-0.1,-0.055
-0.1,-0.055
0.0,-0.055
0.1,-0.055
0.1,-0.055
0.2,-0.055
0.2,-0.055
0.2,-0.055
0.2,-0.055
0.2,-0.055
0.2,-0.055
0.1,-0.055
0.1,-0.055
0.0,-0.055
-0.1,-0.055
-0.1,-0.055
-0.1,-0.055
-0.2,-0.055
-0.2,-0.055
-0.1,-0.055
-0.1,-0.055
0.0,-0.055
0.1,-0.055
0.1,-0.055
0.1,-0.055
0.1,-0.055
0.2,-0.055
0.2,-0.055
0.1,-0.055
0.1,-0.055
0.1,-0.055
0.1,-0.055
0.0,-0.055
0.0,-0.055
0.0,-0.055
0.0,-0.055
0.0,-0.055
0.0,-0.055
0.0,-0.055
0.0,-0.055
0.0,-0.055
0.0,-0.055
0.0,-0.055
0.0,-0.055
0.0,-0.055
0.0,-0.055
0.0,-0.055
0.0,-0.055
0.0,-0.055
0.0,-0.055
0.0,-0.055
0.0,-0.055
0.0,-0.055
0.0,-0.055
0.0,-0.055
0.0,-0.055
0.0,-0.055
0.0,-0.055
0.0,-0.055
0.0,-0.055
0.0,-0.055
0.0,-0.055
0.1,-0.055
0.1,-0.055
0.1,-0.055
0.1,-0.055
0.1,-0.055
0.1,-0.055
0.0,-0.055
0.0,-0.055
-0.1,-0.055
-0.1,-0.055
-0.1,-0.055
-0.1,-0.055
-0.1,-0.055
-0.1,-0.055
-0.1,-0.055
-0.1,-0.055
-0.1,-0.055
-0.1,-0.055
0.0,-0.055
0.0,-0.055
0.1,-0.055
0.1,-0.055
0.1,-0.055
0.1,-0.055
0.1,-0.055
0.1,-0.055
0.1,-0.055
0.1,-0.055
0.0,-0.055
0.0,-0.055
-0.1,-0.055
-0.1,-0.055
-0.1,-0.055
-0.1,-0.055
-0.1,-0.055
-0.1,-0.055
-0.1,-0.055
-0.1,-0.055
-0.1,-0.055
0.0,-0.055
0.0,-0.055
0.0,-0.055
0.1,-0.055
0.1,-0.055
0.1,-0.055
0.1,-0.055
0.1,-0.055
0.1,-0.055
0.1,-0.055
0.1,-0.055
0.1,-0.055
0.1,-0.055
0.0,-0.055
0.0,-0.055
0.0,-0.055
0.0,-0.055
0.0,-0.055
0.0,-0.055
0.0,-0.055
0.0,-0.055
0.0,-0.055
0.0,-0.055
0.0,-0.055
0.0,-0.055
0.1,-0.055
0.1,-0.055
0.1,-0.055
0.1,-0.055
0.0,-0.055
0.1,-0.055
0.0,-0.055
-0.1,-0.055
-0.1,-0.055
-0.1,-0.055
-0.1,-0.055
-0.1,-0.055
-0.1,-0.055
0.0,-0.055
-0.1,-0.055
0.0,-0.055
0.1,-0.055
0.1,-0.055
0.2,-0.055
0.2,-0.055
0.2,-0.055
0.2,-0.055
0.2,-0.055
0.2,-0.055
0.2,-0.055
0.0,-0.055
0.0,-0.055
0.0,-0.055
0.0,-0.055
-0.1,-0.055
-0.1,-0.055
-0.1,-0.055
-0.1,-0.055
-0.1,-0.055
-0.1,-0.055
0.0,-0.055
0.0,-0.055
0.1,-0.055
0.1,-0.055
0.1,-0.055
0.1,-0.055
0.2,-0.055
0.2,-0.055
0.2,-0.055
0.2,-0.055
0.2,-0.055
0.1,-0.055
0.0,-0.055
0.0,-0.055
0.0,-0.055
-0.1,-0.055
-0.1,-0.055
-0.1,-0.055
-0.1,-0.055
-0.1,-0.055
0.0,-0.055
0.1,-0.055
0.1,-0.055
0.1,-0.055
0.1,-0.055
0.1,-0.055
0.1,-0.055
0.1,-0.055
0.1,-0.055
0.0,-0.055
0.0,-0.055
-0.1,-0.055
-0.1,-0.055
-0.2,-0.055
-0.2,-0.055
-0.2,-0.055
-0.2,-0.055
-0.2,-0.055
-0.2,-0.055
-0.1,-0.055
0.0,-0.055
0.0,-0.055
0.1,-0.055
0.1,-0.055
0.1,-0.055
0.1,-0.055
0.1,-0.055
0.1,-0.055
0.1,-0.055
0.1,-0.055
0.1,-0.055
0.1,-0.055
0.0,-0.055
0.0,-0.055
0.0,-0.055
0.0,-0.055
0.0,-0.055
0.0,-0.055
0.0,-0.055
0.0,-0.055
0.0,-0.055
0.0,-0.055
0.0,-0.055
0.0,-0.055
0.0,-0.055
0.0,-0.055
0.0,-0.055
0.0,-0.055
0.1,-0.055
0.1,-0.055
0.1,-0.055
0.1,-0.055
0.1,-0.055
0.1,-0.055
0.1,-0.055
0.1,-0.055
0.1,-0.055
0.0,-0.055
0.0,-0.055
0.0,-0.055
0.0,-0.055
0.0,-0.055
0.0,-0.055
0.0,-0.055
0.0,-0.055
0.0,-0.055
0.0,-0.055
0.0,-0.055
0.0,-0.055
0.0,-0.055
0.0,-0.055
0.0,-0.055
0.0,-0.055
0.0,-0.055
0.0,-0.055
0.0,-0.055
0.0,-0.055
0.0,-0.055
0.0,-0.055
0.0,-0.055
0.0,-0.055
0.0,-0.055
0.0,-0.055
0.0,-0.055
0.0,-0.055
0.0,-0.055
0.0,-0.055
0.0,-0.055
0.0,-0.055
0.0,-0.055
0.0,-0.055
0.0,-0.055
0.0,-0.055
0.1,-0.055
0.1,-0.055
0.1,-0.055
0.1,-0.055
0.1,-0.055
0.0,-0.055
0.0,-0.055
0.0,-0.055
0.0,-0.055
0.0,-0.055
0.0,-0.055
0.0,-0.055
0.0,-0.055
0.0,-0.055
0.0,-0.055
0.0,-0.055
0.0,-0.055
0.1,-0.055
0.1,-0.055
0.1,-0.055
0.1,-0.055
0.1,-0.055
0.1,-0.055
0.1,-0.055
0.0,-0.055
0.0,-0.055
0.0,-0.055
0.0,-0.055
0.0,-0.055
0.0,-0.055
0.0,-0.055
0.0,-0.055
0.0,-0.055
0.1,-0.055
0.1,-0.055
0.1,-0.055
0.1,-0.055
0.1,-0.055
0.1,-0.055
0.1,-0.055
0.0,-0.055
0.0,-0.055
-0.1,-0.055
-0.1,-0.055
-0.1,-0.055
-0.1,-0.055
-0.1,-0.055
-0.1,-0.055
-0.1,-0.055
0.0,-0.055
0.0,-0.055
0.1,-0.055
0.1,-0.055
0.1,-0.055
0.1,-0.055
0.1,-0.055
0.1,-0.055
0.1,-0.055
0.1,-0.055
0.1,-0.055
0.1,-0.055
0.1,-0.055
0.1,-0.055
0.1,-0.050
0.1,-0.050
0.1,-0.050
0.0,-0.050
0.0,-0.050
0.0,-0.050
0.0,-0.050
0.0,-0.050
0.0,-0.050
0.0,-0.050
0.1,-0.050
0.1,-0.050
0.1,-0.050
0.1,-0.050
0.1,-0.050
0.1,-0.050
0.1,-0.050
0.1,-0.050
0.1,-0.050
0.1,-0.050
0.1,-0.050
0.1,-0.050
0.1,-0.050
0.1,-0.050
0.1,-0.050
0.1,-0.050
0.1,-0.050
0.0,-0.050
0.0,-0.050
0.0,-0.050
0.0,-0.050
0.0,-0.050
0.0,-0.050
0.0,-0.050
0.0,-0.050
0.0,-0.050
0.0,-0.050
0.0,-0.050
0.0,-0.050
0.0,-0.050
0.0,-0.050
0.0,-0.050
0.0,-0.050
0.0,-0.050
0.0,-0.050
0.0,-0.050
